time,household_type,generation_kwh,load_kwh,self_consumed_kwh,grid_import,grid_export,net_load_kwh,season,strategy
0.0,apartment,0.0,3.6399999999999997,3.6399999999999997,0.0,0.0,3.6399999999999997,Summer,CHARGE_PRIORITY
0.0,family_house,0.0,10.08,10.08,0.0,0.0,10.08,Summer,CHARGE_PRIORITY
0.0,luxury_house,0.0,18.0,18.0,0.0,0.0,18.0,Summer,CHARGE_PRIORITY
0.0,small_family,0.0,6.5,6.5,0.0,0.0,6.5,Summer,CHARGE_PRIORITY
1.0,apartment,3.5533644294698163,3.6399999999999997,3.6399999999999997,0.0,0.0,0.0866355705301832,Summer,CHARGE_PRIORITY
1.0,family_house,5.71036895135236,10.08,10.08,0.0,0.0,4.369631048647639,Summer,CHARGE_PRIORITY
1.0,luxury_house,6.359995301003258,18.0,18.0,0.0,0.0,11.64000469899674,Summer,CHARGE_PRIORITY
1.0,small_family,4.071606870328068,6.5,6.5,0.0,0.0,2.4283931296719317,Summer,CHARGE_PRIORITY
2.0,apartment,6.864572945283632,3.6399999999999997,3.6399999999999997,0.0,0.0,-3.224572945283632,Summer,CHARGE_PRIORITY
2.0,family_house,11.031585695500937,10.08,10.08,0.0,0.0,-0.9515856955009387,Summer,CHARGE_PRIORITY
2.0,luxury_house,12.286567432632328,18.0,18.0,0.0,0.0,5.713432567367672,Summer,CHARGE_PRIORITY
2.0,small_family,7.8657404610917725,6.5,6.5,0.0,0.0,-1.3657404610917725,Summer,CHARGE_PRIORITY
3.0,apartment,9.707972159119537,3.6399999999999997,3.6399999999999997,0.0,0.0,-6.067972159119537,Summer,CHARGE_PRIORITY
3.0,family_house,15.601018105058463,10.08,10.08,0.0,0.0,-5.521018105058463,Summer,CHARGE_PRIORITY
3.0,luxury_house,16.494572966707324,18.0,18.0,0.0,0.0,1.505427033292675,Summer,CHARGE_PRIORITY
3.0,small_family,11.12383683818279,6.5,6.5,0.0,0.0,-4.623836838182791,Summer,CHARGE_PRIORITY
4.0,apartment,11.889789113493983,3.6399999999999997,3.6399999999999997,0.0,1.2507790209156349,-8.249789113493984,Summer,CHARGE_PRIORITY
4.0,family_house,19.107266912657675,10.08,10.08,0.0,0.0,-9.027266912657677,Summer,CHARGE_PRIORITY
4.0,luxury_house,19.302664161202788,18.0,18.0,0.0,0.0,-1.3026641612027872,Summer,CHARGE_PRIORITY
4.0,small_family,13.623862117761199,6.5,6.5,0.0,0.0,-7.123862117761199,Summer,CHARGE_PRIORITY
5.0,apartment,13.261336588589351,3.6399999999999997,3.6399999999999997,0.0,3.2622461571743955,-9.621336588589351,Summer,CHARGE_PRIORITY
5.0,family_house,20.69863184454131,10.08,10.08,0.0,3.549447637803897,-10.618631844541309,Summer,CHARGE_PRIORITY
5.0,luxury_house,20.992399740067167,18.0,18.0,0.0,0.0,-2.9923997400671682,Summer,CHARGE_PRIORITY
5.0,small_family,15.195443708510854,6.5,6.5,0.0,0.0,-8.695443708510856,Summer,CHARGE_PRIORITY
6.0,apartment,13.729145890567267,3.6399999999999997,3.6399999999999997,0.0,5.447411998910246,-10.089145890567266,Summer,CHARGE_PRIORITY
6.0,family_house,21.146591072450576,10.08,10.08,0.0,6.32,-11.066591072450574,Summer,CHARGE_PRIORITY
6.0,luxury_house,21.450721977257693,18.0,18.0,0.0,0.25140136508840394,-3.450721977257694,Summer,CHARGE_PRIORITY
6.0,small_family,15.731480922183549,6.5,6.5,0.0,2.1001564384980513,-9.231480922183549,Summer,CHARGE_PRIORITY
7.0,apartment,13.261336588589351,3.6399999999999997,3.6399999999999997,0.0,5.84153183803815,-9.621336588589353,Summer,CHARGE_PRIORITY
7.0,family_house,20.69863184454131,10.08,10.08,0.0,6.32,-10.618631844541309,Summer,CHARGE_PRIORITY
7.0,luxury_house,20.992399740067167,18.0,17.86941115135122,0.13058884864878162,2.5,-2.9923997400671682,Summer,CHARGE_PRIORITY
7.0,small_family,15.195443708510858,6.5,6.5,0.0,3.5634679674398915,-8.695443708510858,Summer,CHARGE_PRIORITY
8.0,apartment,11.889789113493983,3.6399999999999997,3.6399999999999997,0.0,5.841350220519625,-8.249789113493984,Summer,CHARGE_PRIORITY
8.0,family_house,19.10726691265768,10.08,10.08,0.0,6.041985070749774,-9.02726691265768,Summer,CHARGE_PRIORITY
8.0,luxury_house,19.30266416120279,18.0,16.626256222569697,1.373743777430301,3.749150794697664,-1.3026641612027898,Summer,CHARGE_PRIORITY
8.0,small_family,13.6238621177612,6.5,6.5,0.0,4.599407059278943,-7.123862117761201,Summer,CHARGE_PRIORITY
9.0,apartment,9.707972159119537,3.6399999999999997,3.6399999999999997,0.0,4.5639186536947465,-6.067972159119537,Summer,CHARGE_PRIORITY
9.0,family_house,15.601018105058463,10.08,10.08,0.0,4.624974408242135,-5.521018105058463,Summer,CHARGE_PRIORITY
9.0,luxury_house,16.494572966707324,18.0,15.199902169107371,2.8000978308926276,3.983476244733483,1.505427033292675,Summer,CHARGE_PRIORITY
9.0,small_family,11.12383683818279,6.5,6.5,0.0,3.8652382609491767,-4.623836838182791,Summer,CHARGE_PRIORITY
10.0,apartment,6.864572945283637,3.6399999999999997,3.6399999999999997,0.0,2.8991374237402687,-3.2245729452836374,Summer,CHARGE_PRIORITY
10.0,family_house,11.031585695500947,10.08,10.08,0.0,2.9693520615421662,-0.9515856955009474,Summer,CHARGE_PRIORITY
10.0,luxury_house,12.286567432632337,18.0,12.973916174377049,5.026083825622951,2.5612064440034863,5.713432567367663,Summer,CHARGE_PRIORITY
10.0,small_family,7.865740461091779,6.5,6.5,0.0,2.1473497475919583,-1.3657404610917787,Summer,CHARGE_PRIORITY
11.0,apartment,3.553364429469821,3.6399999999999997,3.6399999999999997,0.0,0.9604586202965245,0.08663557053017906,Summer,CHARGE_PRIORITY
11.0,family_house,5.7103689513523666,10.08,10.08,0.0,0.6277808036273815,4.369631048647633,Summer,CHARGE_PRIORITY
11.0,luxury_house,6.3599953010032655,18.0,10.861932623713935,7.138067376286065,0.2866641857500811,11.640004698996734,Summer,CHARGE_PRIORITY
11.0,small_family,4.071606870328073,6.5,6.5,0.0,0.222777556560817,2.428393129671927,Summer,CHARGE_PRIORITY
12.0,apartment,1.6813354569910238e-15,3.6399999999999997,3.6399999999999997,0.0,0.0,3.639999999999998,Summer,CHARGE_PRIORITY
12.0,family_house,2.701959222302991e-15,10.08,9.417714672337468,0.6622853276625327,0.0,10.079999999999997,Summer,CHARGE_PRIORITY
12.0,luxury_house,3.009341095776259e-15,18.0,7.560121053299555,10.439878946700444,0.0,17.999999999999996,Summer,CHARGE_PRIORITY
12.0,small_family,1.9265507757199736e-15,6.5,6.5,0.0,0.0,6.499999999999998,Summer,CHARGE_PRIORITY
13.0,apartment,0.0,3.6399999999999997,3.6399999999999997,0.0,0.0,3.6399999999999997,Summer,CHARGE_PRIORITY
13.0,family_house,0.0,10.08,8.75124479644531,1.3287552035546901,0.0,10.08,Summer,CHARGE_PRIORITY
13.0,luxury_house,0.0,18.0,6.403830557028922,11.596169442971078,0.0,18.0,Summer,CHARGE_PRIORITY
13.0,small_family,0.0,6.5,6.5,0.0,0.0,6.5,Summer,CHARGE_PRIORITY
14.0,apartment,0.0,3.6399999999999997,3.6399999999999997,0.0,0.0,3.6399999999999997,Summer,CHARGE_PRIORITY
14.0,family_house,0.0,10.08,8.132198864349363,1.9478011356506375,0.0,10.08,Summer,CHARGE_PRIORITY
14.0,luxury_house,0.0,18.0,6.0,12.0,0.0,18.0,Summer,CHARGE_PRIORITY
14.0,small_family,0.0,6.5,6.5,0.0,0.0,6.5,Summer,CHARGE_PRIORITY
15.0,apartment,0.0,3.6399999999999997,3.6399999999999997,0.0,0.0,3.6399999999999997,Summer,CHARGE_PRIORITY
15.0,family_house,0.0,10.08,7.222096353179573,2.857903646820427,0.0,10.08,Summer,CHARGE_PRIORITY
15.0,luxury_house,0.0,18.0,4.612038377713162,13.387961622286838,0.0,18.0,Summer,CHARGE_PRIORITY
15.0,small_family,0.0,6.5,6.5,0.0,0.0,6.5,Summer,CHARGE_PRIORITY
16.0,apartment,0.0,3.6399999999999997,3.6399999999999997,0.0,0.0,3.6399999999999997,Summer,CHARGE_PRIORITY
16.0,family_house,0.0,10.08,6.302380653096696,3.7776193469033035,0.0,10.08,Summer,CHARGE_PRIORITY
16.0,luxury_house,0.0,18.0,4.225627595475237,13.774372404524762,0.0,18.0,Summer,CHARGE_PRIORITY
16.0,small_family,0.0,6.5,6.313454065028859,0.18654593497114158,0.0,6.5,Summer,CHARGE_PRIORITY
17.0,apartment,0.0,3.6399999999999997,3.6399999999999997,0.0,0.0,3.6399999999999997,Summer,CHARGE_PRIORITY
17.0,family_house,0.0,10.08,5.035808815318172,5.044191184681828,0.0,10.08,Summer,CHARGE_PRIORITY
17.0,luxury_house,0.0,18.0,3.0,15.0,0.0,18.0,Summer,CHARGE_PRIORITY
17.0,small_family,0.0,6.5,5.6514271711396376,0.8485728288603627,0.0,6.5,Summer,CHARGE_PRIORITY
18.0,apartment,0.0,21.821002331123168,20.728612915025103,1.0923894160980627,0.0,21.821002331123168,Summer,CHARGE_PRIORITY
18.0,family_house,0.0,29.4011309213606,11.027154611182297,18.373976310178303,0.0,29.4011309213606,Summer,CHARGE_PRIORITY
18.0,luxury_house,0.0,38.06373118139496,3.4487345240951135,34.61499665729984,0.0,38.06373118139496,Summer,CHARGE_PRIORITY
18.0,small_family,0.0,25.42876481520954,16.389136673044376,9.039628142165164,0.0,25.42876481520954,Summer,CHARGE_PRIORITY
19.0,apartment,0.0,22.236078367646087,15.114748116667128,7.12133025097896,0.0,22.236078367646087,Summer,CHARGE_PRIORITY
19.0,family_house,0.0,30.361044546131165,13.277391005425232,17.083653540705935,0.0,30.361044546131165,Summer,CHARGE_PRIORITY
19.0,luxury_house,0.0,39.480941919085986,6.478220170429654,33.002721748656334,0.0,39.480941919085986,Summer,CHARGE_PRIORITY
19.0,small_family,0.0,27.473019873717448,12.495722495955196,14.977297377762252,0.0,27.473019873717448,Summer,CHARGE_PRIORITY
20.0,apartment,0.0,25.80241570236463,11.880103754924143,13.922311947440488,0.0,25.80241570236463,Summer,CHARGE_PRIORITY
20.0,family_house,0.0,29.14656464355703,7.098987715122832,22.0475769284342,0.0,29.14656464355703,Summer,CHARGE_PRIORITY
20.0,luxury_house,0.0,40.22121297059912,5.817672132453591,34.40354083814553,0.0,40.22121297059912,Summer,CHARGE_PRIORITY
20.0,small_family,0.0,19.52497709423962,5.434316828868138,14.090660265371483,0.0,19.52497709423962,Summer,CHARGE_PRIORITY
21.0,apartment,0.0,26.103399080297514,2.5049924361437146,23.5984066441538,0.0,26.103399080297514,Summer,CHARGE_PRIORITY
21.0,family_house,0.0,30.65971886067955,2.4145246446702475,28.245194216009303,0.0,30.65971886067955,Summer,CHARGE_PRIORITY
21.0,luxury_house,0.0,33.641331199680465,0.0,33.641331199680465,0.0,33.641331199680465,Summer,CHARGE_PRIORITY
21.0,small_family,0.0,25.868578191060575,3.028290583602408,22.84028760745817,0.0,25.868578191060575,Summer,CHARGE_PRIORITY
22.0,apartment,0.0,3.6399999999999997,0.2799999999999999,3.36,0.0,3.6399999999999997,Summer,CHARGE_PRIORITY
22.0,family_house,0.0,10.08,0.08701117040498163,9.992988829595017,0.0,10.08,Summer,CHARGE_PRIORITY
22.0,luxury_house,0.0,18.0,0.0,18.0,0.0,18.0,Summer,CHARGE_PRIORITY
22.0,small_family,0.0,6.5,0.5507235902149805,5.9492764097850195,0.0,6.5,Summer,CHARGE_PRIORITY
23.0,apartment,0.0,3.6399999999999997,0.27999999999999997,3.3599999999999994,0.0,3.6399999999999997,Summer,CHARGE_PRIORITY
23.0,family_house,0.0,10.08,0.0,10.08,0.0,10.08,Summer,CHARGE_PRIORITY
23.0,luxury_house,0.0,18.0,0.0,18.0,0.0,18.0,Summer,CHARGE_PRIORITY
23.0,small_family,0.0,6.5,0.5,6.0,0.0,6.5,Summer,CHARGE_PRIORITY
24.0,apartment,0.0,3.6399999999999997,0.27999999999999997,3.3599999999999994,0.0,3.6399999999999997,Summer,CHARGE_PRIORITY
24.0,family_house,0.0,10.08,0.0,10.08,0.0,10.08,Summer,CHARGE_PRIORITY
24.0,luxury_house,0.0,18.0,0.0,18.0,0.0,18.0,Summer,CHARGE_PRIORITY
24.0,small_family,0.0,6.5,0.5,6.0,0.0,6.5,Summer,CHARGE_PRIORITY
25.0,apartment,3.5501817215256692,3.6399999999999997,2.479282035793891,1.160717964206109,0.0,0.08981827847433027,Summer,CHARGE_PRIORITY
25.0,family_house,5.843539962012157,10.08,5.258954943193825,4.821045056806175,0.0,4.236460037987842,Summer,CHARGE_PRIORITY
25.0,luxury_house,6.2523437571774005,18.0,5.624296865975565,12.375703134024436,0.0,11.747656242822599,Summer,CHARGE_PRIORITY
25.0,small_family,4.667774483838976,6.5,4.136843425660586,2.3631565743394143,0.0,1.8322255161610248,Summer,CHARGE_PRIORITY
26.0,apartment,6.858424425682058,3.6399999999999997,3.182337253713121,0.4576627462868784,0.0,-3.218424425682058,Summer,CHARGE_PRIORITY
26.0,family_house,11.288852332519566,10.08,7.582194755749454,2.497805244250546,0.0,-1.2088523325195661,Summer,CHARGE_PRIORITY
26.0,luxury_house,12.078600619789757,18.0,9.436214134019481,8.563785865980519,0.0,5.921399380210243,Summer,CHARGE_PRIORITY
26.0,small_family,9.017447850466382,6.5,5.556662982468932,0.9433370175310674,0.0,-2.517447850466382,Summer,CHARGE_PRIORITY
27.0,apartment,9.699276839310475,3.6399999999999997,3.503144697359359,0.13685530264064058,0.0,-6.059276839310474,Summer,CHARGE_PRIORITY
27.0,family_house,15.964848072276322,10.08,8.751260261463754,1.3287397385362452,0.0,-5.8848480722763234,Summer,CHARGE_PRIORITY
27.0,luxury_house,16.519765092602594,18.0,11.765964555024599,6.234035444975401,0.0,1.4802349073974068,Summer,CHARGE_PRIORITY
27.0,small_family,12.752597048121675,6.5,6.093923270563349,0.40607672943665135,0.0,-6.252597048121674,Summer,CHARGE_PRIORITY
28.0,apartment,11.879139565152723,3.6399999999999997,3.626694666330439,0.013305333669560881,0.0,-8.239139565152724,Summer,CHARGE_PRIORITY
28.0,family_house,19.55286579906632,10.08,9.508257373725412,0.5717426262745879,0.0,-9.472865799066321,Summer,CHARGE_PRIORITY
28.0,luxury_house,19.33351808819247,18.0,13.061835517392064,4.938164482607937,0.0,-1.3335180881924682,Summer,CHARGE_PRIORITY
28.0,small_family,15.618677831610535,6.5,6.278096469664304,0.22190353033569615,0.0,-9.118677831610535,Summer,CHARGE_PRIORITY
29.0,apartment,13.24945856083614,3.6399999999999997,3.6399999999999997,0.0,0.0,-9.609458560836142,Summer,CHARGE_PRIORITY
29.0,family_house,21.808388034288477,10.08,9.751329565389044,0.32867043461095546,0.0,-11.728388034288479,Summer,CHARGE_PRIORITY
29.0,luxury_house,21.102317165908776,18.0,13.786615302959513,4.213384697040487,0.0,-3.102317165908776,Summer,CHARGE_PRIORITY
29.0,small_family,17.420371531960647,6.5,6.367853843673361,0.13214615632663895,0.0,-10.920371531960647,Summer,CHARGE_PRIORITY
30.0,apartment,13.716848851364118,3.6399999999999997,3.6399999999999997,0.0,1.4459616948712675,-10.076848851364119,Summer,CHARGE_PRIORITY
30.0,family_house,22.577704665039136,10.08,9.828631302475657,0.2513686975243429,0.0,-12.497704665039137,Summer,CHARGE_PRIORITY
30.0,luxury_house,21.705621591683837,18.0,14.008383078555502,3.9916169214444976,0.0,-3.705621591683835,Summer,CHARGE_PRIORITY
30.0,small_family,18.03489570093277,6.5,6.398468412432367,0.10153158756763331,0.0,-11.534895700932768,Summer,CHARGE_PRIORITY
31.0,apartment,13.249458560836143,3.6399999999999997,3.6399999999999997,0.0,5.633266812922665,-9.609458560836144,Summer,CHARGE_PRIORITY
31.0,family_house,21.808388034288477,10.08,9.751329565389044,0.32867043461095546,0.0,-11.728388034288479,Summer,CHARGE_PRIORITY
31.0,luxury_house,21.102317165908776,18.0,13.786615302959513,4.213384697040487,0.0,-3.102317165908776,Summer,CHARGE_PRIORITY
31.0,small_family,17.42037153196065,6.5,6.367853843673362,0.1321461563266388,2.034382145831036,-10.920371531960651,Summer,CHARGE_PRIORITY
32.0,apartment,11.879139565152723,3.6399999999999997,3.6399999999999997,0.0,5.536190816912056,-8.239139565152724,Summer,CHARGE_PRIORITY
32.0,family_house,19.552865799066325,10.08,9.524692339764497,0.5553076602355015,0.9823481858210217,-9.472865799066327,Summer,CHARGE_PRIORITY
32.0,luxury_house,19.33351808819247,18.0,13.136425083589836,4.863574916410163,0.0,-1.33351808819247,Summer,CHARGE_PRIORITY
32.0,small_family,15.618677831610537,6.5,6.278096469664304,0.22190353033569604,4.064546278194225,-9.118677831610537,Summer,CHARGE_PRIORITY
33.0,apartment,9.699276839310475,3.6399999999999997,3.6273209216830744,0.012679078316925219,4.366138001351458,-6.059276839310474,Summer,CHARGE_PRIORITY
33.0,family_house,15.964848072276322,10.08,9.164164577992606,0.915835422007393,3.4173502960375806,-5.8848480722763234,Summer,CHARGE_PRIORITY
33.0,luxury_house,16.519765092602594,18.0,12.016974697199112,5.983025302800888,0.0,1.4802349073974068,Summer,CHARGE_PRIORITY
33.0,small_family,12.752597048121675,6.5,6.135313107112839,0.3646868928871618,3.1351847200958245,-6.252597048121674,Summer,CHARGE_PRIORITY
34.0,apartment,6.858424425682062,3.6399999999999997,3.513976237397316,0.12602376260268344,2.841295484548597,-3.2184244256820627,Summer,CHARGE_PRIORITY
34.0,family_house,11.288852332519575,10.08,8.413910076681445,1.6660899233185558,1.9243709604114305,-1.2088523325195752,Summer,CHARGE_PRIORITY
34.0,luxury_house,12.078600619789766,18.0,10.077152636939172,7.922847363060829,0.7131033944761205,5.921399380210235,Summer,CHARGE_PRIORITY
34.0,small_family,9.01744785046639,6.5,5.949234206216183,0.5507657937838164,1.9240171570387545,-2.5174478504663895,Summer,CHARGE_PRIORITY
35.0,apartment,3.5501817215256732,3.6399999999999997,3.1674896068254164,0.4725103931745832,1.0655787641021797,0.08981827847432616,Summer,CHARGE_PRIORITY
35.0,family_house,5.843539962012163,10.08,6.550178426369621,3.5298215736303784,0.18575970033788491,4.236460037987836,Summer,CHARGE_PRIORITY
35.0,luxury_house,6.252343757177408,18.0,8.110489504459641,9.889510495540357,0.169791683871219,11.747656242822591,Summer,CHARGE_PRIORITY
35.0,small_family,4.667774483838981,6.5,5.708180098480838,0.7918199015191616,0.5135826568963165,1.8322255161610193,Summer,CHARGE_PRIORITY
36.0,apartment,1.6798295040211114e-15,3.6399999999999997,2.8,0.8399999999999997,0.0,3.639999999999998,Summer,CHARGE_PRIORITY
36.0,family_house,2.7649713750134443e-15,10.08,5.04,5.039999999999999,0.0,10.079999999999997,Summer,CHARGE_PRIORITY
36.0,luxury_house,2.9584039174409524e-15,18.0,6.000000000000001,11.999999999999998,0.0,17.999999999999996,Summer,CHARGE_PRIORITY
36.0,small_family,2.2086377293103675e-15,6.5,5.0,1.4999999999999998,0.0,6.499999999999998,Summer,CHARGE_PRIORITY
37.0,apartment,0.0,3.6399999999999997,2.7866556206183843,0.8533443793816151,0.0,3.6399999999999997,Summer,CHARGE_PRIORITY
37.0,family_house,0.0,10.08,5.04,5.04,0.0,10.08,Summer,CHARGE_PRIORITY
37.0,luxury_house,0.0,18.0,5.018428746261404,12.981571253738597,0.0,18.0,Summer,CHARGE_PRIORITY
37.0,small_family,0.0,6.5,4.686386017282915,1.8136139827170847,0.0,6.5,Summer,CHARGE_PRIORITY
38.0,apartment,0.0,3.6399999999999997,2.3633258887762794,1.2766741112237203,0.0,3.6399999999999997,Summer,CHARGE_PRIORITY
38.0,family_house,0.0,10.08,5.04,5.04,0.0,10.08,Summer,CHARGE_PRIORITY
38.0,luxury_house,0.0,18.0,3.2390718058720767,14.760928194127924,0.0,18.0,Summer,CHARGE_PRIORITY
38.0,small_family,0.0,6.5,3.5,3.0,0.0,6.5,Summer,CHARGE_PRIORITY
39.0,apartment,0.0,3.6399999999999997,1.8582779493612032,1.7817220506387965,0.0,3.6399999999999997,Summer,CHARGE_PRIORITY
39.0,family_house,0.0,10.08,4.483938372974521,5.596061627025478,0.0,10.08,Summer,CHARGE_PRIORITY
39.0,luxury_house,0.0,18.0,3.0,15.0,0.0,18.0,Summer,CHARGE_PRIORITY
39.0,small_family,0.0,6.5,3.5,3.0,0.0,6.5,Summer,CHARGE_PRIORITY
40.0,apartment,0.0,3.6399999999999997,1.6799999999999997,1.9599999999999997,0.0,3.6399999999999997,Summer,CHARGE_PRIORITY
40.0,family_house,0.0,10.08,4.2,5.88,0.0,10.08,Summer,CHARGE_PRIORITY
40.0,luxury_house,0.0,18.0,2.970325989841461,15.029674010158539,0.0,18.0,Summer,CHARGE_PRIORITY
40.0,small_family,0.0,6.5,3.5,3.0,0.0,6.5,Summer,CHARGE_PRIORITY
41.0,apartment,0.0,3.6399999999999997,1.6799999999999997,1.9599999999999997,0.0,3.6399999999999997,Summer,CHARGE_PRIORITY
41.0,family_house,0.0,10.08,4.2,5.88,0.0,10.08,Summer,CHARGE_PRIORITY
41.0,luxury_house,0.0,18.0,1.5,16.5,0.0,18.0,Summer,CHARGE_PRIORITY
41.0,small_family,0.0,6.5,3.5,3.0,0.0,6.5,Summer,CHARGE_PRIORITY
42.0,apartment,0.0,18.38797134720262,5.326988163140811,13.060983184061808,0.0,18.38797134720262,Summer,CHARGE_PRIORITY
42.0,family_house,0.0,22.90439488846721,9.7159223498224,13.18847253864481,0.0,22.90439488846721,Summer,CHARGE_PRIORITY
42.0,luxury_house,0.0,35.1904413421255,3.4205091811115538,31.769932161013948,0.0,35.1904413421255,Summer,CHARGE_PRIORITY
42.0,small_family,0.0,26.415560065973413,11.798671647892537,14.616888418080876,0.0,26.415560065973413,Summer,CHARGE_PRIORITY
43.0,apartment,0.0,20.819480626854308,9.101797479534902,11.717683147319404,0.0,20.819480626854308,Summer,CHARGE_PRIORITY
43.0,family_house,0.0,28.926479437958985,4.646819953000545,24.27965948495844,0.0,28.926479437958985,Summer,CHARGE_PRIORITY
43.0,luxury_house,0.0,35.480106526850655,4.327333959836757,31.1527725670139,0.0,35.480106526850655,Summer,CHARGE_PRIORITY
43.0,small_family,0.0,30.61822829877701,7.274710828908893,23.343517469868118,0.0,30.61822829877701,Summer,CHARGE_PRIORITY
44.0,apartment,0.0,22.777756654473023,3.250361728711958,19.527394925761065,0.0,22.777756654473023,Summer,CHARGE_PRIORITY
44.0,family_house,0.0,24.674261477254248,6.698343332223237,17.97591814503101,0.0,24.674261477254248,Summer,CHARGE_PRIORITY
44.0,luxury_house,0.0,41.49710652283508,0.3284562239609404,41.16865029887414,0.0,41.49710652283508,Summer,CHARGE_PRIORITY
44.0,small_family,0.0,26.639443365524745,4.131583039563815,22.50786032596093,0.0,26.639443365524745,Summer,CHARGE_PRIORITY
45.0,apartment,0.0,29.640058899554194,5.118241210029263,24.52181768952493,0.0,29.640058899554194,Summer,CHARGE_PRIORITY
45.0,family_house,0.0,35.04797209273844,6.129843585384059,28.918128507354382,0.0,35.04797209273844,Summer,CHARGE_PRIORITY
45.0,luxury_house,0.0,38.60509983381257,0.0,38.60509983381257,0.0,38.60509983381257,Summer,CHARGE_PRIORITY
45.0,small_family,0.0,28.295530394057444,1.6749825601291173,26.620547833928327,0.0,28.295530394057444,Summer,CHARGE_PRIORITY
46.0,apartment,0.0,3.6399999999999997,0.5599999999999999,3.0799999999999996,0.0,3.6399999999999997,Summer,CHARGE_PRIORITY
46.0,family_house,0.0,10.08,0.0,10.08,0.0,10.08,Summer,CHARGE_PRIORITY
46.0,luxury_house,0.0,18.0,0.0,18.0,0.0,18.0,Summer,CHARGE_PRIORITY
46.0,small_family,0.0,6.5,0.0,6.5,0.0,6.5,Summer,CHARGE_PRIORITY
47.0,apartment,0.0,3.6399999999999997,0.5502528738093836,3.089747126190616,0.0,3.6399999999999997,Summer,CHARGE_PRIORITY
47.0,family_house,0.0,10.08,0.0,10.08,0.0,10.08,Summer,CHARGE_PRIORITY
47.0,luxury_house,0.0,18.0,0.0,18.0,0.0,18.0,Summer,CHARGE_PRIORITY
47.0,small_family,0.0,6.5,0.0,6.5,0.0,6.5,Summer,CHARGE_PRIORITY
48.0,apartment,0.0,3.6399999999999997,0.27999999999999997,3.3599999999999994,0.0,3.6399999999999997,Summer,CHARGE_PRIORITY
48.0,family_house,0.0,10.08,0.0,10.08,0.0,10.08,Summer,CHARGE_PRIORITY
48.0,luxury_house,0.0,18.0,0.0,18.0,0.0,18.0,Summer,CHARGE_PRIORITY
48.0,small_family,0.0,6.5,0.0,6.5,0.0,6.5,Summer,CHARGE_PRIORITY
49.0,apartment,2.2820812500428227,3.6399999999999997,2.255227989366842,1.3847720106331578,0.0,1.3579187499571772,Summer,CHARGE_PRIORITY
49.0,family_house,3.3125162065339127,10.08,2.9812645858805213,7.098735414119479,0.0,6.767483793466087,Summer,CHARGE_PRIORITY
49.0,luxury_house,5.634570786444728,18.0,5.071113707800255,12.928886292199746,0.0,12.365429213555272,Summer,CHARGE_PRIORITY
49.0,small_family,5.961339469737541,6.5,4.211531909578647,2.2884680904213535,0.0,0.538660530262459,Summer,CHARGE_PRIORITY
50.0,apartment,4.408642434212806,3.6399999999999997,3.382158207239149,0.2578417927608506,0.0,-0.7686424342128064,Summer,CHARGE_PRIORITY
50.0,family_house,6.399289907784398,10.08,5.759360917005958,4.320639082994042,0.0,3.680710092215601,Summer,CHARGE_PRIORITY
50.0,luxury_house,10.885154885361738,18.0,8.595309778314729,9.404690221685271,0.0,7.114845114638262,Summer,CHARGE_PRIORITY
50.0,small_family,11.516423506191739,6.5,5.419253086483727,1.0807469135162724,0.0,-5.01642350619174,Summer,CHARGE_PRIORITY
51.0,apartment,6.234761922117287,3.6399999999999997,3.6399999999999997,0.0,0.0,-2.5947619221172875,Summer,CHARGE_PRIORITY
51.0,family_house,9.04996257714597,10.08,7.33636443238588,2.7436355676141195,0.0,1.0300374228540283,Summer,CHARGE_PRIORITY
51.0,luxury_house,15.149203686367922,18.0,11.534283317731129,6.465716682268871,0.0,2.850796313632078,Summer,CHARGE_PRIORITY
51.0,small_family,16.286682312488676,6.5,6.008925753352831,0.49107424664716864,0.0,-9.786682312488676,Summer,CHARGE_PRIORITY
52.0,apartment,7.635992688460713,3.6399999999999997,3.6399999999999997,0.0,0.0,-3.9959926884607135,Summer,CHARGE_PRIORITY
52.0,family_house,11.083895252645334,10.08,8.267840752871102,1.8121592471288972,0.0,-1.0038952526453353,Summer,CHARGE_PRIORITY
52.0,luxury_house,17.65493003497931,18.0,13.319981791374895,4.680018208625104,0.0,0.34506996502068965,Summer,CHARGE_PRIORITY
52.0,small_family,19.947030634204605,6.5,6.2722980066004554,0.227701993399545,0.0,-13.447030634204605,Summer,CHARGE_PRIORITY
53.0,apartment,8.516843172160108,3.6399999999999997,3.6399999999999997,0.0,0.0,-4.876843172160109,Summer,CHARGE_PRIORITY
53.0,family_house,12.362478783679883,10.08,8.828839272390939,1.2511607276090606,0.0,-2.282478783679883,Summer,CHARGE_PRIORITY
53.0,luxury_house,19.23009546754569,18.0,14.124230183547644,3.8757698164523573,0.0,-1.2300954675456914,Summer,CHARGE_PRIORITY
53.0,small_family,22.13187586798827,6.5,6.401939042117853,0.0980609578821467,0.6741075347430172,-15.63187586798827,Summer,CHARGE_PRIORITY
54.0,apartment,8.817284868425613,3.6399999999999997,3.6399999999999997,0.0,0.0,-5.177284868425613,Summer,CHARGE_PRIORITY
54.0,family_house,12.798579815568798,10.08,8.99212704165308,1.0878729583469207,0.0,-2.7185798155687992,Summer,CHARGE_PRIORITY
54.0,luxury_house,19.76735506292162,18.0,14.357907722580387,3.6420922774196125,0.0,-1.767355062921622,Summer,CHARGE_PRIORITY
54.0,small_family,22.77149919228066,6.5,6.4337560064865,0.06624399351349974,5.424087521294473,-16.27149919228066,Summer,CHARGE_PRIORITY
55.0,apartment,8.51684317216011,3.6399999999999997,3.6399999999999997,0.0,0.0,-4.87684317216011,Summer,CHARGE_PRIORITY
55.0,family_house,12.362478783679883,10.08,8.828839272390939,1.2511607276090608,0.0,-2.282478783679883,Summer,CHARGE_PRIORITY
55.0,luxury_house,19.23009546754569,18.0,14.124230183547644,3.8757698164523573,0.0,-1.2300954675456914,Summer,CHARGE_PRIORITY
55.0,small_family,22.131875867988274,6.5,6.401939042117854,0.09806095788214647,6.538111501099822,-15.631875867988276,Summer,CHARGE_PRIORITY
56.0,apartment,7.635992688460713,3.6399999999999997,3.6399999999999997,0.0,0.0,-3.9959926884607135,Summer,CHARGE_PRIORITY
56.0,family_house,11.083895252645338,10.08,8.313091675190746,1.7669083248092534,0.0,-1.0038952526453375,Summer,CHARGE_PRIORITY
56.0,luxury_house,17.654930034979312,18.0,13.439122304564101,4.560877695435899,0.0,0.3450699650206873,Summer,CHARGE_PRIORITY
56.0,small_family,19.94703063420461,6.5,6.308656422553616,0.19134357744638364,8.675878383241585,-13.447030634204609,Summer,CHARGE_PRIORITY
57.0,apartment,6.234761922117287,3.6399999999999997,3.6399999999999997,0.0,0.0,-2.5947619221172875,Summer,CHARGE_PRIORITY
57.0,family_house,9.04996257714597,10.08,7.367235194457012,2.7127648055429874,0.0,1.0300374228540283,Summer,CHARGE_PRIORITY
57.0,luxury_house,15.149203686367922,18.0,12.135017402167174,5.864982597832826,0.0,2.850796313632078,Summer,CHARGE_PRIORITY
57.0,small_family,16.286682312488676,6.5,6.072085727460508,0.42791427253949144,8.591135494995068,-9.786682312488676,Summer,CHARGE_PRIORITY
58.0,apartment,4.408642434212809,3.6399999999999997,3.6399999999999997,0.0,0.0,-0.7686424342128096,Summer,CHARGE_PRIORITY
58.0,family_house,6.399289907784404,10.08,6.193543179809948,3.8864568201900513,0.0,3.680710092215596,Summer,CHARGE_PRIORITY
58.0,luxury_house,10.885154885361747,18.0,9.792438401712563,8.207561598287437,0.2360826052609153,7.114845114638253,Summer,CHARGE_PRIORITY
58.0,small_family,11.51642350619175,6.5,5.734561596600198,0.7654384033998025,5.342617119569833,-5.016423506191749,Summer,CHARGE_PRIORITY
59.0,apartment,2.282081250042825,3.6399999999999997,3.5649706957866334,0.07502930421336615,0.0,1.3579187499571745,Summer,CHARGE_PRIORITY
59.0,family_house,3.312516206533916,10.08,4.826749880110342,5.253250119889657,0.0,6.767483793466083,Summer,CHARGE_PRIORITY
59.0,luxury_house,5.634570786444734,18.0,7.1359264463718635,10.864073553628137,0.05367900526695957,12.365429213555267,Summer,CHARGE_PRIORITY
59.0,small_family,5.961339469737548,6.5,5.3802370620020925,1.1197629379979075,1.559637347983494,0.5386605302624521,Summer,CHARGE_PRIORITY
60.0,apartment,1.0798059691287818e-15,3.6399999999999997,3.36,0.2799999999999999,0.0,3.639999999999999,Summer,CHARGE_PRIORITY
60.0,family_house,1.5673739804768251e-15,10.08,2.8142493637468786,7.265750636253121,0.0,10.079999999999998,Summer,CHARGE_PRIORITY
60.0,luxury_house,2.6660940177162855e-15,18.0,2.057206724414051,15.942793275585949,0.0,17.999999999999996,Summer,CHARGE_PRIORITY
60.0,small_family,2.8207102368966113e-15,6.5,4.575232881542103,1.9247671184578972,0.0,6.499999999999997,Summer,CHARGE_PRIORITY
61.0,apartment,0.0,3.6399999999999997,2.65099837782701,0.9890016221729896,0.0,3.6399999999999997,Summer,CHARGE_PRIORITY
61.0,family_house,0.0,10.08,2.52,7.56,0.0,10.08,Summer,CHARGE_PRIORITY
61.0,luxury_house,0.0,18.0,1.5,16.5,0.0,18.0,Summer,CHARGE_PRIORITY
61.0,small_family,0.0,6.5,4.405073459124571,2.094926540875429,0.0,6.5,Summer,CHARGE_PRIORITY
62.0,apartment,0.0,3.6399999999999997,2.5199999999999996,1.1199999999999999,0.0,3.6399999999999997,Summer,CHARGE_PRIORITY
62.0,family_house,0.0,10.08,2.52,7.56,0.0,10.08,Summer,CHARGE_PRIORITY
62.0,luxury_house,0.0,18.0,1.5,16.5,0.0,18.0,Summer,CHARGE_PRIORITY
62.0,small_family,0.0,6.5,4.0,2.5,0.0,6.5,Summer,CHARGE_PRIORITY
63.0,apartment,0.0,3.6399999999999997,2.5059551499722805,1.1340448500277192,0.0,3.6399999999999997,Summer,CHARGE_PRIORITY
63.0,family_house,0.0,10.08,1.8163883563103644,8.263611643689636,0.0,10.08,Summer,CHARGE_PRIORITY
63.0,luxury_house,0.0,18.0,1.5,16.5,0.0,18.0,Summer,CHARGE_PRIORITY
63.0,small_family,0.0,6.5,3.7489124612885543,2.7510875387114457,0.0,6.5,Summer,CHARGE_PRIORITY
64.0,apartment,0.0,3.6399999999999997,1.6894531097620553,1.9505468902379444,0.0,3.6399999999999997,Summer,CHARGE_PRIORITY
64.0,family_house,0.0,10.08,0.1274848198293133,9.952515180170685,0.0,10.08,Summer,CHARGE_PRIORITY
64.0,luxury_house,0.0,18.0,1.5,16.5,0.0,18.0,Summer,CHARGE_PRIORITY
64.0,small_family,0.0,6.5,3.5,3.0,0.0,6.5,Summer,CHARGE_PRIORITY
65.0,apartment,0.0,3.6399999999999997,1.6799999999999997,1.9599999999999997,0.0,3.6399999999999997,Summer,CHARGE_PRIORITY
65.0,family_house,0.0,10.08,0.0,10.08,0.0,10.08,Summer,CHARGE_PRIORITY
65.0,luxury_house,0.0,18.0,1.5,16.5,0.0,18.0,Summer,CHARGE_PRIORITY
65.0,small_family,0.0,6.5,3.5,3.0,0.0,6.5,Summer,CHARGE_PRIORITY
66.0,apartment,0.0,17.33328219160345,3.7033006854636805,13.629981506139766,0.0,17.33328219160345,Summer,CHARGE_PRIORITY
66.0,family_house,0.0,33.88375764914174,0.0,33.88375764914174,0.0,33.88375764914174,Summer,CHARGE_PRIORITY
66.0,luxury_house,0.0,35.24416547174854,2.7017058625674935,32.542459609181044,0.0,35.24416547174854,Summer,CHARGE_PRIORITY
66.0,small_family,0.0,25.2162158852436,11.489828883231098,13.726387002012501,0.0,25.2162158852436,Summer,CHARGE_PRIORITY
67.0,apartment,0.0,21.00612352599333,1.9754677189783807,19.03065580701495,0.0,21.00612352599333,Summer,CHARGE_PRIORITY
67.0,family_house,0.0,29.958766264324566,0.0,29.958766264324566,0.0,29.958766264324566,Summer,CHARGE_PRIORITY
67.0,luxury_house,0.0,30.372581552648402,4.165134673501985,26.207446879146417,0.0,30.372581552648402,Summer,CHARGE_PRIORITY
67.0,small_family,0.0,21.512200194504082,10.028451282397722,11.483748912106359,0.0,21.512200194504082,Summer,CHARGE_PRIORITY
68.0,apartment,0.0,20.552995043878308,1.9123862069186672,18.640608836959643,0.0,20.552995043878308,Summer,CHARGE_PRIORITY
68.0,family_house,0.0,27.46787822030191,0.0,27.46787822030191,0.0,27.46787822030191,Summer,CHARGE_PRIORITY
68.0,luxury_house,0.0,38.39503536843365,1.2094588288397727,37.18557653959388,0.0,38.39503536843365,Summer,CHARGE_PRIORITY
68.0,small_family,0.0,28.0711810809264,9.153328803026788,18.91785227789961,0.0,28.0711810809264,Summer,CHARGE_PRIORITY
69.0,apartment,0.0,21.631497167818303,0.6535305614132314,20.977966606405072,0.0,21.631497167818303,Summer,CHARGE_PRIORITY
69.0,family_house,0.0,22.984432438646504,0.0,22.984432438646504,0.0,22.984432438646504,Summer,CHARGE_PRIORITY
69.0,luxury_house,0.0,33.42917447330568,0.0,33.42917447330568,0.0,33.42917447330568,Summer,CHARGE_PRIORITY
69.0,small_family,0.0,27.45851235485414,4.6940495669046465,22.764462787949494,0.0,27.45851235485414,Summer,CHARGE_PRIORITY
70.0,apartment,0.0,3.6399999999999997,0.0,3.6399999999999997,0.0,3.6399999999999997,Summer,CHARGE_PRIORITY
70.0,family_house,0.0,10.08,0.0,10.08,0.0,10.08,Summer,CHARGE_PRIORITY
70.0,luxury_house,0.0,18.0,0.0,18.0,0.0,18.0,Summer,CHARGE_PRIORITY
70.0,small_family,0.0,6.5,0.5360301659915203,5.96396983400848,0.0,6.5,Summer,CHARGE_PRIORITY
71.0,apartment,0.0,3.6399999999999997,0.0,3.6399999999999997,0.0,3.6399999999999997,Summer,CHARGE_PRIORITY
71.0,family_house,0.0,10.08,0.0,10.08,0.0,10.08,Summer,CHARGE_PRIORITY
71.0,luxury_house,0.0,18.0,0.0,18.0,0.0,18.0,Summer,CHARGE_PRIORITY
71.0,small_family,0.0,6.5,0.5,6.0,0.0,6.5,Summer,CHARGE_PRIORITY
72.0,apartment,0.0,3.6399999999999997,0.0,3.6399999999999997,0.0,3.6399999999999997,Summer,CHARGE_PRIORITY
72.0,family_house,0.0,10.08,0.0,10.08,0.0,10.08,Summer,CHARGE_PRIORITY
72.0,luxury_house,0.0,18.0,0.0,18.0,0.0,18.0,Summer,CHARGE_PRIORITY
72.0,small_family,0.0,6.5,0.38766769063520423,6.112332309364795,0.0,6.5,Summer,CHARGE_PRIORITY
73.0,apartment,3.445185785637885,3.6399999999999997,2.4505570508278662,1.1894429491721334,0.0,0.19481421436211466,Summer,CHARGE_PRIORITY
73.0,family_house,5.975073688603795,10.08,4.909840981258014,5.170159018741985,0.0,4.104926311396204,Summer,CHARGE_PRIORITY
73.0,luxury_house,7.107159034666332,18.0,6.391219365315416,11.608780634684585,0.0,10.892840965333669,Summer,CHARGE_PRIORITY
73.0,small_family,5.146230084063659,6.5,3.816812071730536,2.683187928269464,0.0,1.353769915936341,Summer,CHARGE_PRIORITY
74.0,apartment,6.6555878534232535,3.6399999999999997,3.14429707586013,0.49570292413986966,0.0,-3.015587853423254,Summer,CHARGE_PRIORITY
74.0,family_house,11.542955979605384,10.08,7.120430521476229,2.9595694785237705,0.0,-1.4629559796053846,Summer,CHARGE_PRIORITY
74.0,luxury_house,13.729976926255787,18.0,9.613596709570135,8.386403290429865,0.0,4.270023073744213,Summer,CHARGE_PRIORITY
74.0,small_family,9.941753092445701,6.5,5.203810299165277,1.2961897008347227,0.0,-3.441753092445701,Summer,CHARGE_PRIORITY
75.0,apartment,9.412422607876803,3.6399999999999997,3.402889391631261,0.23711060836873865,0.0,-5.772422607876803,Summer,CHARGE_PRIORITY
75.0,family_house,16.324204896233553,10.08,8.054348577375334,2.025651422624666,0.0,-6.244204896233554,Summer,CHARGE_PRIORITY
75.0,luxury_house,18.847844241118352,18.0,11.394471495018331,6.605528504981669,0.0,-0.8478442411183508,Summer,CHARGE_PRIORITY
75.0,small_family,14.059762057101374,6.5,5.975032258566177,0.5249677414338234,0.0,-7.5597620571013735,Summer,CHARGE_PRIORITY
76.0,apartment,11.527816316367359,3.6399999999999997,3.5905148792787913,0.049485120721208475,0.0,-7.887816316367359,Summer,CHARGE_PRIORITY
76.0,family_house,19.656939330080537,10.08,8.543022268758037,1.5369777312419621,0.0,-9.576939330080537,Summer,CHARGE_PRIORITY
76.0,luxury_house,21.736535091468127,18.0,12.41820446918648,5.581795530813522,0.0,-3.7365350914681255,Summer,CHARGE_PRIORITY
76.0,small_family,17.21962147242096,6.5,6.251787178406731,0.24821282159326835,0.0,-10.719621472420961,Summer,CHARGE_PRIORITY
77.0,apartment,12.857608393514685,3.6399999999999997,3.6399999999999997,0.0,0.0,-9.217608393514686,Summer,CHARGE_PRIORITY
77.0,family_house,21.463046688328106,10.08,8.85021539337726,1.2297846066227398,0.0,-11.383046688328106,Summer,CHARGE_PRIORITY
77.0,luxury_house,22.97634472666799,18.0,12.985544298120853,5.014455701879146,0.0,-4.976344726667987,Summer,CHARGE_PRIORITY
77.0,small_family,19.16368004791382,6.5,6.394481799620644,0.10551820037935561,0.495856922755018,-12.663680047913822,Summer,CHARGE_PRIORITY
78.0,apartment,13.311175706846509,3.6399999999999997,3.6399999999999997,0.0,0.0,-9.67117570684651,Summer,CHARGE_PRIORITY
78.0,family_house,22.07907627381527,10.08,8.954993247450842,1.1250067525491578,0.0,-11.999076273815273,Summer,CHARGE_PRIORITY
78.0,luxury_house,22.441662337895405,18.0,12.34935603339446,5.650643966605539,0.0,-4.441662337895405,Summer,CHARGE_PRIORITY
78.0,small_family,19.69859676096481,6.5,6.426035700957598,0.07396429904240193,3.8037260130048107,-13.19859676096481,Summer,CHARGE_PRIORITY
79.0,apartment,12.857608393514688,3.6399999999999997,3.6399999999999997,0.0,1.980440105018083,-9.217608393514688,Summer,CHARGE_PRIORITY
79.0,family_house,21.463046688328106,10.08,8.85021539337726,1.2297846066227398,2.7331276173335404,-11.383046688328106,Summer,CHARGE_PRIORITY
79.0,luxury_house,22.085871321563065,18.0,12.184118233526423,5.815881766473577,0.0,-4.085871321563064,Summer,CHARGE_PRIORITY
79.0,small_family,19.163680047913825,6.5,6.394481799620644,0.1055182003793555,6.173943562311381,-12.663680047913825,Summer,CHARGE_PRIORITY
80.0,apartment,11.527816316367359,3.6399999999999997,3.6399999999999997,0.0,3.8466275780570527,-7.887816316367359,Summer,CHARGE_PRIORITY
80.0,family_house,19.656939330080537,10.08,8.543022268758039,1.5369777312419617,8.035389094359275,-9.576939330080538,Summer,CHARGE_PRIORITY
80.0,luxury_house,20.93815847783309,18.0,11.699665516914942,6.300334483085058,0.0,-2.938158477833087,Summer,CHARGE_PRIORITY
80.0,small_family,17.219621472420965,6.5,6.274601563176153,0.22539843682384658,5.659973775587961,-10.719621472420965,Summer,CHARGE_PRIORITY
81.0,apartment,9.412422607876803,3.6399999999999997,3.5387661201955485,0.10123387980445134,3.592651365455349,-5.772422607876803,Summer,CHARGE_PRIORITY
81.0,family_house,16.324204896233553,10.08,8.054348577375334,2.025651422624666,6.54957491533671,-6.244204896233554,Summer,CHARGE_PRIORITY
81.0,luxury_house,18.195972465792686,18.0,10.929012535601121,7.070987464398879,0.0,-0.19597246579268368,Summer,CHARGE_PRIORITY
81.0,small_family,14.059762057101374,6.5,6.022079951218262,0.477920048781738,5.526819510927223,-7.5597620571013735,Summer,CHARGE_PRIORITY
82.0,apartment,6.655587853423259,3.6399999999999997,3.2698229498743383,0.37017705012566127,2.294357839149288,-3.0155878534232587,Summer,CHARGE_PRIORITY
82.0,family_house,11.542955979605393,10.08,7.417496623725422,2.662503376274578,3.893157925113999,-1.462955979605394,Summer,CHARGE_PRIORITY
82.0,luxury_house,13.269033973458903,18.0,9.924678016697232,8.075321983302768,0.7270068373574956,4.730966026541096,Summer,CHARGE_PRIORITY
82.0,small_family,9.941753092445708,6.5,5.722719664421249,0.7772803355787509,3.468711726350581,-3.4417530924457087,Summer,CHARGE_PRIORITY
83.0,apartment,3.445185785637889,3.6399999999999997,2.854563800144841,0.7854361998551587,0.782463005876439,0.1948142143621107,Summer,CHARGE_PRIORITY
83.0,family_house,5.9750736886038025,10.08,6.6758668160019266,3.4041331839980726,0.7996948205393385,4.104926311396198,Summer,CHARGE_PRIORITY
83.0,luxury_house,6.868557404887084,18.0,8.707543869023283,9.292456130976717,0.17247085098253856,11.131442595112915,Summer,CHARGE_PRIORITY
83.0,small_family,5.146230084063665,6.5,5.300699277522829,1.1993007224771703,1.0719944488075108,1.3537699159363352,Summer,CHARGE_PRIORITY
84.0,apartment,1.6301488722277583e-15,3.6399999999999997,2.52,1.1199999999999997,0.0,3.639999999999998,Summer,CHARGE_PRIORITY
84.0,family_house,2.8272088186245077e-15,10.08,5.88,4.199999999999999,0.0,10.079999999999997,Summer,CHARGE_PRIORITY
84.0,luxury_house,3.2499759966747844e-15,18.0,6.000000000000001,12.0,0.0,17.999999999999996,Summer,CHARGE_PRIORITY
84.0,small_family,2.4350272205153863e-15,6.5,4.387592991055797,2.1124070089442033,0.0,6.499999999999997,Summer,CHARGE_PRIORITY
85.0,apartment,0.0,3.6399999999999997,2.5199999999999996,1.1199999999999999,0.0,3.6399999999999997,Summer,CHARGE_PRIORITY
85.0,family_house,0.0,10.08,5.396952381698541,4.683047618301458,0.0,10.08,Summer,CHARGE_PRIORITY
85.0,luxury_house,0.0,18.0,6.0,12.0,0.0,18.0,Summer,CHARGE_PRIORITY
85.0,small_family,0.0,6.5,3.896895231818255,2.603104768181745,0.0,6.5,Summer,CHARGE_PRIORITY
86.0,apartment,0.0,3.6399999999999997,2.5199999999999996,1.1199999999999999,0.0,3.6399999999999997,Summer,CHARGE_PRIORITY
86.0,family_house,0.0,10.08,5.04,5.04,0.0,10.08,Summer,CHARGE_PRIORITY
86.0,luxury_house,0.0,18.0,5.764125809184373,12.235874190815627,0.0,18.0,Summer,CHARGE_PRIORITY
86.0,small_family,0.0,6.5,3.0882084171176722,3.4117915828823278,0.0,6.5,Summer,CHARGE_PRIORITY
87.0,apartment,0.0,3.6399999999999997,2.5199999999999996,1.1199999999999999,0.0,3.6399999999999997,Summer,CHARGE_PRIORITY
87.0,family_house,0.0,10.08,4.401180412236523,5.678819587763476,0.0,10.08,Summer,CHARGE_PRIORITY
87.0,luxury_house,0.0,18.0,4.5,13.5,0.0,18.0,Summer,CHARGE_PRIORITY
87.0,small_family,0.0,6.5,3.0,3.5,0.0,6.5,Summer,CHARGE_PRIORITY
88.0,apartment,0.0,3.6399999999999997,2.5199999999999996,1.1199999999999999,0.0,3.6399999999999997,Summer,CHARGE_PRIORITY
88.0,family_house,0.0,10.08,3.7644989428656688,6.315501057134331,0.0,10.08,Summer,CHARGE_PRIORITY
88.0,luxury_house,0.0,18.0,4.5,13.5,0.0,18.0,Summer,CHARGE_PRIORITY
88.0,small_family,0.0,6.5,3.0,3.5,0.0,6.5,Summer,CHARGE_PRIORITY
89.0,apartment,0.0,3.6399999999999997,2.5199999999999996,1.1199999999999999,0.0,3.6399999999999997,Summer,CHARGE_PRIORITY
89.0,family_house,0.0,10.08,2.52,7.56,0.0,10.08,Summer,CHARGE_PRIORITY
89.0,luxury_house,0.0,18.0,4.5,13.5,0.0,18.0,Summer,CHARGE_PRIORITY
89.0,small_family,0.0,6.5,3.0,3.5,0.0,6.5,Summer,CHARGE_PRIORITY
90.0,apartment,0.0,21.294055100740017,9.045757965481458,12.24829713525856,0.0,21.294055100740017,Summer,CHARGE_PRIORITY
90.0,family_house,0.0,32.762074386813026,8.455219006417773,24.30685538039525,0.0,32.762074386813026,Summer,CHARGE_PRIORITY
90.0,luxury_house,0.0,37.02557260117422,9.859564463795476,27.166008137378746,0.0,37.02557260117422,Summer,CHARGE_PRIORITY
90.0,small_family,0.0,22.811181636586234,11.072486488203218,11.738695148383016,0.0,22.811181636586234,Summer,CHARGE_PRIORITY
91.0,apartment,0.0,26.806798369826765,9.392958885428776,17.41383948439799,0.0,26.806798369826765,Summer,CHARGE_PRIORITY
91.0,family_house,0.0,28.418136288242188,7.804112186963449,20.614024101278737,0.0,28.418136288242188,Summer,CHARGE_PRIORITY
91.0,luxury_house,0.0,33.10037749607401,6.632651467396616,26.467726028677394,0.0,33.10037749607401,Summer,CHARGE_PRIORITY
91.0,small_family,0.0,31.63018994593152,10.800729154542116,20.829460791389405,0.0,31.63018994593152,Summer,CHARGE_PRIORITY
92.0,apartment,0.0,23.965213573751054,6.530821205668251,17.434392368082804,0.0,23.965213573751054,Summer,CHARGE_PRIORITY
92.0,family_house,0.0,22.457924782573855,4.866400227831766,17.591524554742087,0.0,22.457924782573855,Summer,CHARGE_PRIORITY
92.0,luxury_house,0.0,38.10629079999244,2.583111867409521,35.52317893258292,0.0,38.10629079999244,Summer,CHARGE_PRIORITY
92.0,small_family,0.0,17.287370825724164,2.4328451670641096,14.854525658660053,0.0,17.287370825724164,Summer,CHARGE_PRIORITY
93.0,apartment,0.0,19.686767716080904,1.905266096219082,17.78150161986182,0.0,19.686767716080904,Summer,CHARGE_PRIORITY
93.0,family_house,0.0,26.87095609058891,2.175942149832835,24.695013940756073,0.0,26.87095609058891,Summer,CHARGE_PRIORITY
93.0,luxury_house,0.0,33.35601780317969,0.0,33.35601780317969,0.0,33.35601780317969,Summer,CHARGE_PRIORITY
93.0,small_family,0.0,24.631249400712893,2.5563096233352383,22.074939777377654,0.0,24.631249400712893,Summer,CHARGE_PRIORITY
94.0,apartment,0.0,3.6399999999999997,0.5599999999999999,3.0799999999999996,0.0,3.6399999999999997,Summer,CHARGE_PRIORITY
94.0,family_house,0.0,10.08,2.1065000811460205e-16,10.08,0.0,10.08,Summer,CHARGE_PRIORITY
94.0,luxury_house,0.0,18.0,0.0,18.0,0.0,18.0,Summer,CHARGE_PRIORITY
94.0,small_family,0.0,6.5,0.759280930519812,5.740719069480188,0.0,6.5,Summer,CHARGE_PRIORITY
95.0,apartment,0.0,3.6399999999999997,0.2995178453994275,3.340482154600572,0.0,3.6399999999999997,Summer,CHARGE_PRIORITY
95.0,family_house,0.0,10.08,0.0,10.08,0.0,10.08,Summer,CHARGE_PRIORITY
95.0,luxury_house,0.0,18.0,0.0,18.0,0.0,18.0,Summer,CHARGE_PRIORITY
95.0,small_family,0.0,6.5,0.5,6.0,0.0,6.5,Summer,CHARGE_PRIORITY
96.0,apartment,0.0,3.6399999999999997,0.27999999999999997,3.3599999999999994,0.0,3.6399999999999997,Summer,CHARGE_PRIORITY
96.0,family_house,0.0,10.08,0.0,10.08,0.0,10.08,Summer,CHARGE_PRIORITY
96.0,luxury_house,0.0,18.0,0.0,18.0,0.0,18.0,Summer,CHARGE_PRIORITY
96.0,small_family,0.0,6.5,0.5,6.0,0.0,6.5,Summer,CHARGE_PRIORITY
97.0,apartment,3.1937720210895697,3.6399999999999997,2.1931019501157603,1.4468980498842392,0.0,0.44622797891043,Summer,CHARGE_PRIORITY
97.0,family_house,5.006016989122051,10.08,4.263429614112069,5.81657038588793,0.0,5.073983010877949,Summer,CHARGE_PRIORITY
97.0,luxury_house,6.788336992992061,18.0,6.109503293692854,11.890496706307145,0.0,11.211663007007939,Summer,CHARGE_PRIORITY
97.0,small_family,4.807216977854553,6.5,3.6630235939750917,2.8369764060249083,0.0,1.692783022145447,Summer,CHARGE_PRIORITY
98.0,apartment,6.1698937568997,3.6399999999999997,3.1386011638247577,0.501398836175242,0.0,-2.5298937568997006,Summer,CHARGE_PRIORITY
98.0,family_house,9.67088219326966,10.08,6.973459679306768,3.1065403206932314,0.0,0.40911780673033926,Summer,CHARGE_PRIORITY
98.0,luxury_house,13.11406003816901,18.0,9.564054405761535,8.435945594238465,0.0,4.88593996183099,Summer,CHARGE_PRIORITY
98.0,small_family,9.286830062969992,6.5,5.112293329142794,1.3877066708572057,0.0,-2.786830062969993,Summer,CHARGE_PRIORITY
99.0,apartment,8.725547429408646,3.6399999999999997,3.5869709526473503,0.05302904735264907,0.0,-5.0855474294086465,Summer,CHARGE_PRIORITY
99.0,family_house,13.67669275783442,10.08,7.814891995738398,2.265108004261602,0.0,-3.596692757834421,Summer,CHARGE_PRIORITY
99.0,luxury_house,18.546081563753646,18.0,11.661654421223188,6.338345578776812,0.0,-0.5460815637536443,Summer,CHARGE_PRIORITY
99.0,small_family,13.133561026506351,6.5,5.908449240946605,0.5915507590533953,0.0,-6.633561026506352,Summer,CHARGE_PRIORITY
100.0,apartment,10.686569464252301,3.6399999999999997,3.6399999999999997,0.0,0.0,-7.046569464252301,Summer,CHARGE_PRIORITY
100.0,family_house,16.72779860846035,10.08,8.438534740446174,1.6414652595538262,0.0,-6.647798608460352,Summer,CHARGE_PRIORITY
100.0,luxury_house,21.344969578249888,18.0,12.855938541128836,5.144061458871163,0.0,-3.3449695782498874,Summer,CHARGE_PRIORITY
100.0,small_family,16.085261510322105,6.5,6.284045635846386,0.21595436415361424,0.0,-9.585261510322105,Summer,CHARGE_PRIORITY
101.0,apartment,11.919319450498215,3.6399999999999997,3.6399999999999997,0.0,0.0,-8.279319450498214,Summer,CHARGE_PRIORITY
101.0,family_house,18.19601472889129,10.08,8.83057295893675,1.2494270410632486,0.0,-8.11601472889129,Summer,CHARGE_PRIORITY
101.0,luxury_house,22.870002080573354,18.0,13.47377321529595,4.5262267847040505,0.0,-4.870002080573353,Summer,CHARGE_PRIORITY
101.0,small_family,17.9407780043609,6.5,6.39357192739134,0.10642807260866,0.0,-11.4407780043609,Summer,CHARGE_PRIORITY
102.0,apartment,12.339787513799402,3.6399999999999997,3.6399999999999997,0.0,0.0,-8.699787513799402,Summer,CHARGE_PRIORITY
102.0,family_house,18.696795905571857,10.08,8.964289894493787,1.115710105506213,0.0,-8.616795905571855,Summer,CHARGE_PRIORITY
102.0,luxury_house,23.253454235025636,18.0,13.684505116967651,4.315494883032349,0.0,-5.253454235025636,Summer,CHARGE_PRIORITY
102.0,small_family,18.573660125939988,6.5,6.4217651553109185,0.07823484468908154,3.275864997153341,-12.07366012593999,Summer,CHARGE_PRIORITY
103.0,apartment,11.919319450498216,3.6399999999999997,3.6399999999999997,0.0,1.6037163121399591,-8.279319450498216,Summer,CHARGE_PRIORITY
103.0,family_house,18.19601472889129,10.08,8.83057295893675,1.2494270410632484,2.1389297877912083,-8.11601472889129,Summer,CHARGE_PRIORITY
103.0,luxury_house,22.870002080573354,18.0,13.47377321529595,4.5262267847040505,0.0,-4.870002080573353,Summer,CHARGE_PRIORITY
103.0,small_family,17.940778004360904,6.5,6.396900503991804,0.10309949600819568,6.59312732694517,-11.440778004360904,Summer,CHARGE_PRIORITY
104.0,apartment,10.686569464252301,3.6399999999999997,3.6399999999999997,0.0,3.7941607981198815,-7.046569464252301,Summer,CHARGE_PRIORITY
104.0,family_house,16.727798608460354,10.08,8.438534740446174,1.6414652595538255,3.16,-6.647798608460354,Summer,CHARGE_PRIORITY
104.0,luxury_house,21.344969578249888,18.0,12.855938541128838,5.144061458871162,0.0,-3.3449695782498896,Summer,CHARGE_PRIORITY
104.0,small_family,16.085261510322105,6.5,6.301154672717009,0.1988453272829916,7.200810542930958,-9.585261510322107,Summer,CHARGE_PRIORITY
105.0,apartment,8.725547429408646,3.6399999999999997,3.6399999999999997,0.0,3.520061424185632,-5.0855474294086465,Summer,CHARGE_PRIORITY
105.0,family_house,13.67669275783442,10.08,7.814891995738398,2.265108004261602,2.444488711289874,-3.596692757834421,Summer,CHARGE_PRIORITY
105.0,luxury_house,18.546081563753646,18.0,11.873105506490727,6.126894493509272,0.0,-0.5460815637536443,Summer,CHARGE_PRIORITY
105.0,small_family,13.133561026506351,6.5,6.154140051067709,0.34585994893229116,5.60418205960304,-6.633561026506352,Summer,CHARGE_PRIORITY
106.0,apartment,6.169893756899705,3.6399999999999997,3.6399999999999997,0.0,2.243028999431538,-2.529893756899705,Summer,CHARGE_PRIORITY
106.0,family_house,9.670882193269668,10.08,7.002144947246895,3.077855052753105,1.482484240483736,0.40911780673033094,Summer,CHARGE_PRIORITY
106.0,luxury_house,13.62673302806937,18.0,11.053658249394143,6.946341750605857,0.0,4.3732669719306285,Summer,CHARGE_PRIORITY
106.0,small_family,9.286830062970001,6.5,5.753298101658059,0.746701898341941,3.523415309129126,-2.78683006297,Summer,CHARGE_PRIORITY
107.0,apartment,3.1937720210895733,3.6399999999999997,3.626619685378936,0.013380314621063538,0.8630977166341793,0.4462279789104263,Summer,CHARGE_PRIORITY
107.0,family_house,5.006016989122056,10.08,6.055680963198355,4.024319036801645,0.36220630677530774,5.073983010877943,Summer,CHARGE_PRIORITY
107.0,luxury_house,7.0537160603837945,18.0,9.076070787038098,8.923929212961902,0.0,10.946283939616205,Summer,CHARGE_PRIORITY
107.0,small_family,4.807216977854559,6.5,5.127762335971949,1.3722376640280511,1.1003111069243698,1.6927830221454414,Summer,CHARGE_PRIORITY
108.0,apartment,1.5111881280932912e-15,3.6399999999999997,2.9091661524085186,0.7308338475914812,0.0,3.6399999999999983,Summer,CHARGE_PRIORITY
108.0,family_house,2.3686829845837654e-15,10.08,5.04,5.039999999999999,0.0,10.079999999999997,Summer,CHARGE_PRIORITY
108.0,luxury_house,3.337586997132133e-15,18.0,4.9370515597993405,13.06294844020066,0.0,17.999999999999996,Summer,CHARGE_PRIORITY
108.0,small_family,2.2746173421683234e-15,6.5,3.5459342395835085,2.9540657604164915,0.0,6.499999999999998,Summer,CHARGE_PRIORITY
109.0,apartment,0.0,3.6399999999999997,2.352891446562631,1.2871085534373685,0.0,3.6399999999999997,Summer,CHARGE_PRIORITY
109.0,family_house,0.0,10.08,5.04,5.04,0.0,10.08,Summer,CHARGE_PRIORITY
109.0,luxury_house,0.0,18.0,4.5,13.5,0.0,18.0,Summer,CHARGE_PRIORITY
109.0,small_family,0.0,6.5,3.5,3.0,0.0,6.5,Summer,CHARGE_PRIORITY
110.0,apartment,0.0,3.6399999999999997,2.183192753994764,1.4568072460052355,0.0,3.6399999999999997,Summer,CHARGE_PRIORITY
110.0,family_house,0.0,10.08,5.04,5.04,0.0,10.08,Summer,CHARGE_PRIORITY
110.0,luxury_house,0.0,18.0,4.5,13.5,0.0,18.0,Summer,CHARGE_PRIORITY
110.0,small_family,0.0,6.5,3.5,3.0,0.0,6.5,Summer,CHARGE_PRIORITY
111.0,apartment,0.0,3.6399999999999997,1.7865797193909039,1.8534202806090956,0.0,3.6399999999999997,Summer,CHARGE_PRIORITY
111.0,family_house,0.0,10.08,5.04,5.04,0.0,10.08,Summer,CHARGE_PRIORITY
111.0,luxury_house,0.0,18.0,4.5,13.5,0.0,18.0,Summer,CHARGE_PRIORITY
111.0,small_family,0.0,6.5,2.9331378733807942,3.5668621266192058,0.0,6.5,Summer,CHARGE_PRIORITY
112.0,apartment,0.0,3.6399999999999997,1.4479858207429084,2.1920141792570913,0.0,3.6399999999999997,Summer,CHARGE_PRIORITY
112.0,family_house,0.0,10.08,4.0998631986040595,5.98013680139594,0.0,10.08,Summer,CHARGE_PRIORITY
112.0,luxury_house,0.0,18.0,4.5,13.5,0.0,18.0,Summer,CHARGE_PRIORITY
112.0,small_family,0.0,6.5,2.5,4.0,0.0,6.5,Summer,CHARGE_PRIORITY
113.0,apartment,0.0,3.6399999999999997,1.4,2.2399999999999998,0.0,3.6399999999999997,Summer,CHARGE_PRIORITY
113.0,family_house,0.0,10.08,2.6623003281692377,7.417699671830762,0.0,10.08,Summer,CHARGE_PRIORITY
113.0,luxury_house,0.0,18.0,4.5,13.5,0.0,18.0,Summer,CHARGE_PRIORITY
113.0,small_family,0.0,6.5,2.5,4.0,0.0,6.5,Summer,CHARGE_PRIORITY
114.0,apartment,0.0,23.710936371859027,5.381433473213745,18.329502898645284,0.0,23.710936371859027,Summer,CHARGE_PRIORITY
114.0,family_house,0.0,26.376482984507764,4.214772689216765,22.161710295290998,0.0,26.376482984507764,Summer,CHARGE_PRIORITY
114.0,luxury_house,0.0,37.82830196602949,6.675623344081752,31.152678621947743,0.0,37.82830196602949,Summer,CHARGE_PRIORITY
114.0,small_family,0.0,25.94161999181774,8.831316551320826,17.110303440496914,0.0,25.94161999181774,Summer,CHARGE_PRIORITY
115.0,apartment,0.0,27.318687617441356,7.793775772961217,19.524911844480137,0.0,27.318687617441356,Summer,CHARGE_PRIORITY
115.0,family_house,0.0,24.819443400794484,4.686023750035148,20.133419650759333,0.0,24.819443400794484,Summer,CHARGE_PRIORITY
115.0,luxury_house,0.0,34.53261783260915,8.981952177970925,25.550665654638223,0.0,34.53261783260915,Summer,CHARGE_PRIORITY
115.0,small_family,0.0,26.508601967067055,7.226730171803148,19.281871795263907,0.0,26.508601967067055,Summer,CHARGE_PRIORITY
116.0,apartment,0.0,26.041166987367657,5.962529685665287,20.078637301702372,0.0,26.041166987367657,Summer,CHARGE_PRIORITY
116.0,family_house,0.0,29.129073013342204,2.2924861155918346,26.83658689775037,0.0,29.129073013342204,Summer,CHARGE_PRIORITY
116.0,luxury_house,0.0,37.772612466419105,1.9333479916517249,35.839264474767376,0.0,37.772612466419105,Summer,CHARGE_PRIORITY
116.0,small_family,0.0,20.61537925789085,3.98516551052449,16.630213747366362,0.0,20.61537925789085,Summer,CHARGE_PRIORITY
117.0,apartment,0.0,23.428442707026004,4.126692532006342,19.301750175019663,0.0,23.428442707026004,Summer,CHARGE_PRIORITY
117.0,family_house,0.0,31.009238232937538,0.9746971027309974,30.03454113020654,0.0,31.009238232937538,Summer,CHARGE_PRIORITY
117.0,luxury_house,0.0,36.86833087172387,0.0,36.86833087172387,0.0,36.86833087172387,Summer,CHARGE_PRIORITY
117.0,small_family,0.0,26.59918144493328,1.389548628352713,25.209632816580566,0.0,26.59918144493328,Summer,CHARGE_PRIORITY
118.0,apartment,0.0,3.6399999999999997,0.27999999999999997,3.3599999999999994,0.0,3.6399999999999997,Summer,CHARGE_PRIORITY
118.0,family_house,0.0,10.08,0.0,10.08,0.0,10.08,Summer,CHARGE_PRIORITY
118.0,luxury_house,0.0,18.0,0.0,18.0,0.0,18.0,Summer,CHARGE_PRIORITY
118.0,small_family,0.0,6.5,0.0,6.5,0.0,6.5,Summer,CHARGE_PRIORITY
119.0,apartment,0.0,3.6399999999999997,0.27999999999999997,3.3599999999999994,0.0,3.6399999999999997,Summer,CHARGE_PRIORITY
119.0,family_house,0.0,10.08,0.0,10.08,0.0,10.08,Summer,CHARGE_PRIORITY
119.0,luxury_house,0.0,18.0,0.0,18.0,0.0,18.0,Summer,CHARGE_PRIORITY
119.0,small_family,0.0,6.5,0.0,6.5,0.0,6.5,Summer,CHARGE_PRIORITY
120.0,apartment,0.0,3.6399999999999997,0.24144174445753827,3.3985582555424614,0.0,3.6399999999999997,Summer,CHARGE_PRIORITY
120.0,family_house,0.0,10.08,0.0,10.08,0.0,10.08,Summer,CHARGE_PRIORITY
120.0,luxury_house,0.0,18.0,0.0,18.0,0.0,18.0,Summer,CHARGE_PRIORITY
120.0,small_family,0.0,6.5,0.0,6.5,0.0,6.5,Summer,CHARGE_PRIORITY
121.0,apartment,4.208353084446173,3.6399999999999997,2.442133055515819,1.1978669444841803,0.0,-0.5683530844461735,Summer,CHARGE_PRIORITY
121.0,family_house,3.615339418538441,10.08,3.253805476684597,6.826194523315403,0.0,6.464660581461558,Summer,CHARGE_PRIORITY
121.0,luxury_house,6.269833851913056,18.0,5.64285046672175,12.35714953327825,0.0,11.730166148086944,Summer,CHARGE_PRIORITY
121.0,small_family,3.9870941974695793,6.5,3.2092162389317638,3.2907837610682362,0.0,2.5129058025304207,Summer,CHARGE_PRIORITY
122.0,apartment,8.129913860819638,3.6399999999999997,3.3052325139102177,0.334767486089782,0.0,-4.489913860819637,Summer,CHARGE_PRIORITY
122.0,family_house,6.984299430334366,10.08,5.9734847508253965,4.1065152491746035,0.0,3.0957005696656332,Summer,CHARGE_PRIORITY
122.0,luxury_house,12.11238888820858,18.0,9.6153541496537,8.3846458503463,0.0,5.88761111179142,Summer,CHARGE_PRIORITY
122.0,small_family,7.702474514366305,6.5,4.652510992600521,1.8474890073994787,0.0,-1.2024745143663043,Summer,CHARGE_PRIORITY
123.0,apartment,11.497434442896145,3.6399999999999997,3.5457138972631252,0.09428610273687457,0.0,-7.857434442896146,Summer,CHARGE_PRIORITY
123.0,family_house,9.877290978053544,10.08,7.484837577146326,2.595162422853673,0.0,0.20270902194645485,Summer,CHARGE_PRIORITY
123.0,luxury_house,17.12950463844175,18.0,11.734203214781754,6.265796785218245,0.0,0.8704953615582494,Summer,CHARGE_PRIORITY
123.0,small_family,10.89294392204995,6.5,5.500749695274625,0.9992503047253745,0.0,-4.39294392204995,Summer,CHARGE_PRIORITY
124.0,apartment,14.081423868098065,3.6399999999999997,3.597456114893814,0.042543885106186036,0.0,-10.441423868098065,Summer,CHARGE_PRIORITY
124.0,family_house,12.09716146861349,10.08,8.383832423131466,1.6961675768685345,0.0,-2.0171614686134904,Summer,CHARGE_PRIORITY
124.0,luxury_house,20.979272955409968,18.0,13.3600532859085,4.6399467140915,0.0,-2.979272955409969,Summer,CHARGE_PRIORITY
124.0,small_family,13.341077202886854,6.5,5.95856392591166,0.5414360740883399,0.0,-6.841077202886855,Summer,CHARGE_PRIORITY
125.0,apartment,15.705787527342316,3.6399999999999997,3.6248478820412178,0.015152117958782074,0.0,-12.065787527342318,Summer,CHARGE_PRIORITY
125.0,family_house,13.492630396591984,10.08,8.866458712075106,1.213541287924893,0.0,-3.412630396591985,Summer,CHARGE_PRIORITY
125.0,luxury_house,22.980117075034368,18.0,14.315669246259267,3.684330753740733,0.0,-4.980117075034368,Summer,CHARGE_PRIORITY
125.0,small_family,14.880038119519526,6.5,6.184494207917109,0.31550579208289115,0.0,-8.380038119519526,Summer,CHARGE_PRIORITY
126.0,apartment,16.259827721639276,3.6399999999999997,3.634190703709332,0.005809296290667676,4.635379407699204,-12.619827721639277,Summer,CHARGE_PRIORITY
126.0,family_house,13.968598860668735,10.08,9.031073551478471,1.048926448521528,0.0,-3.8885988606687354,Summer,CHARGE_PRIORITY
126.0,luxury_house,23.367453665897113,18.0,14.609014294820888,3.3909857051791117,0.0,-5.367453665897114,Summer,CHARGE_PRIORITY
126.0,small_family,15.404949028732613,6.5,6.2615548197003745,0.23844518029962536,0.5405688389716299,-8.904949028732613,Summer,CHARGE_PRIORITY
127.0,apartment,15.70578752734232,3.6399999999999997,3.6248478820412178,0.015152117958782074,8.858558885360802,-12.06578752734232,Summer,CHARGE_PRIORITY
127.0,family_house,13.492630396591984,10.08,8.866458712075106,1.2135412879248932,0.0,-3.412630396591985,Summer,CHARGE_PRIORITY
127.0,luxury_house,22.980117075034368,18.0,14.315669246259267,3.684330753740733,0.0,-4.980117075034368,Summer,CHARGE_PRIORITY
127.0,small_family,14.88003811951953,6.5,6.184494207917109,0.3155057920828907,2.7271727727733137,-8.38003811951953,Summer,CHARGE_PRIORITY
128.0,apartment,14.081423868098065,3.6399999999999997,3.597456114893814,0.042543885106186036,8.04593117187732,-10.441423868098065,Summer,CHARGE_PRIORITY
128.0,family_house,12.097161468613493,10.08,8.383832423131466,1.6961675768685334,0.0,-2.017161468613493,Summer,CHARGE_PRIORITY
128.0,luxury_house,20.97927295540997,18.0,13.455625080858265,4.544374919141735,0.0,-2.9792729554099724,Summer,CHARGE_PRIORITY
128.0,small_family,13.341077202886858,6.5,5.95856392591166,0.5414360740883396,2.565446546435999,-6.841077202886857,Summer,CHARGE_PRIORITY
129.0,apartment,11.497434442896145,3.6399999999999997,3.55388210593118,0.08611789406881962,6.363951462856698,-7.857434442896146,Summer,CHARGE_PRIORITY
129.0,family_house,9.877290978053544,10.08,7.616084868661405,2.4639151313385947,0.0,0.20270902194645485,Summer,CHARGE_PRIORITY
129.0,luxury_house,17.12950463844175,18.0,11.89319766686183,6.10680233313817,0.0,0.8704953615582494,Summer,CHARGE_PRIORITY
129.0,small_family,10.89294392204995,6.5,5.599160749035255,0.9008392509647452,3.104530232688955,-4.39294392204995,Summer,CHARGE_PRIORITY
130.0,apartment,8.129913860819643,3.6399999999999997,3.4970953518546657,0.14290464814533374,4.171952829456956,-4.489913860819644,Summer,CHARGE_PRIORITY
130.0,family_house,6.984299430334372,10.08,6.615536775739238,3.4644632242607623,0.0,3.095700569665628,Summer,CHARGE_PRIORITY
130.0,luxury_house,12.112388888208589,18.0,9.615354149653704,8.384645850346296,0.0,5.887611111791411,Summer,CHARGE_PRIORITY
130.0,small_family,7.702474514366311,6.5,5.130777409850188,1.369222590149812,2.515689733467286,-1.2024745143663105,Summer,CHARGE_PRIORITY
131.0,apartment,4.208353084446178,3.6399999999999997,3.430965776110037,0.2090342238899623,1.619316356095266,-0.5683530844461785,Summer,CHARGE_PRIORITY
131.0,family_house,3.615339418538445,10.08,4.874470486453661,5.205529513546338,0.0,6.464660581461555,Summer,CHARGE_PRIORITY
131.0,luxury_house,6.269833851913063,18.0,7.147902152749179,10.852097847250821,0.0,11.730166148086937,Summer,CHARGE_PRIORITY
131.0,small_family,3.9870941974695837,6.5,4.297424760420023,2.2025752395799767,0.587965043100955,2.5129058025304163,Summer,CHARGE_PRIORITY
132.0,apartment,1.991254597399294e-15,3.6399999999999997,3.1964788911556936,0.443521108844306,0.0,3.639999999999998,Summer,CHARGE_PRIORITY
132.0,family_house,1.7106599883291331e-15,10.08,3.3600000000000008,6.719999999999999,0.0,10.079999999999998,Summer,CHARGE_PRIORITY
132.0,luxury_house,2.9666796563945215e-15,18.0,4.500000000000002,13.499999999999998,0.0,17.999999999999996,Summer,CHARGE_PRIORITY
132.0,small_family,1.8865621519065522e-15,6.5,3.1036807606706125,3.3963192393293875,0.0,6.499999999999998,Summer,CHARGE_PRIORITY
133.0,apartment,0.0,3.6399999999999997,2.9513936016637476,0.6886063983362521,0.0,3.6399999999999997,Summer,CHARGE_PRIORITY
133.0,family_house,0.0,10.08,2.958902377929272,7.121097622070727,0.0,10.08,Summer,CHARGE_PRIORITY
133.0,luxury_house,0.0,18.0,4.5,13.5,0.0,18.0,Summer,CHARGE_PRIORITY
133.0,small_family,0.0,6.5,2.753691314898791,3.746308685101209,0.0,6.5,Summer,CHARGE_PRIORITY
134.0,apartment,0.0,3.6399999999999997,2.8,0.8399999999999999,0.0,3.6399999999999997,Summer,CHARGE_PRIORITY
134.0,family_house,0.0,10.08,2.4270650026208216,7.652934997379178,0.0,10.08,Summer,CHARGE_PRIORITY
134.0,luxury_house,0.0,18.0,4.5,13.5,0.0,18.0,Summer,CHARGE_PRIORITY
134.0,small_family,0.0,6.5,2.5,4.0,0.0,6.5,Summer,CHARGE_PRIORITY
135.0,apartment,0.0,3.6399999999999997,2.6315227374913164,1.008477262508683,0.0,3.6399999999999997,Summer,CHARGE_PRIORITY
135.0,family_house,0.0,10.08,1.68,8.4,0.0,10.08,Summer,CHARGE_PRIORITY
135.0,luxury_house,0.0,18.0,4.5,13.5,0.0,18.0,Summer,CHARGE_PRIORITY
135.0,small_family,0.0,6.5,2.5,4.0,0.0,6.5,Summer,CHARGE_PRIORITY
136.0,apartment,0.0,3.6399999999999997,2.222466341191339,1.4175336588086607,0.0,3.6399999999999997,Summer,CHARGE_PRIORITY
136.0,family_house,0.0,10.08,1.68,8.4,0.0,10.08,Summer,CHARGE_PRIORITY
136.0,luxury_house,0.0,18.0,4.5,13.5,0.0,18.0,Summer,CHARGE_PRIORITY
136.0,small_family,0.0,6.5,2.5,4.0,0.0,6.5,Summer,CHARGE_PRIORITY
137.0,apartment,0.0,3.6399999999999997,1.9599999999999997,1.6799999999999997,0.0,3.6399999999999997,Summer,CHARGE_PRIORITY
137.0,family_house,0.0,10.08,1.68,8.4,0.0,10.08,Summer,CHARGE_PRIORITY
137.0,luxury_house,0.0,18.0,4.5,13.5,0.0,18.0,Summer,CHARGE_PRIORITY
137.0,small_family,0.0,6.5,2.2030193892620433,4.296980610737957,0.0,6.5,Summer,CHARGE_PRIORITY
138.0,apartment,0.0,25.52363409909373,12.137618631777041,13.38601546731669,0.0,25.52363409909373,Summer,CHARGE_PRIORITY
138.0,family_house,0.0,28.639561863063737,2.3559948824868213,26.283566980576914,0.0,28.639561863063737,Summer,CHARGE_PRIORITY
138.0,luxury_house,0.0,39.50346116037779,9.30783690237555,30.19562425800224,0.0,39.50346116037779,Summer,CHARGE_PRIORITY
138.0,small_family,0.0,23.037646250594392,5.539560883234701,17.49808536735969,0.0,23.037646250594392,Summer,CHARGE_PRIORITY
139.0,apartment,0.0,23.007333874052563,7.23949863647963,15.767835237572932,0.0,23.007333874052563,Summer,CHARGE_PRIORITY
139.0,family_house,0.0,30.39129294815391,0.0,30.39129294815391,0.0,30.39129294815391,Summer,CHARGE_PRIORITY
139.0,luxury_house,0.0,30.990610251492946,2.065989778617664,28.92462047287528,0.0,30.990610251492946,Summer,CHARGE_PRIORITY
139.0,small_family,0.0,25.648787254546274,6.0642394492100795,19.584547805336193,0.0,25.648787254546274,Summer,CHARGE_PRIORITY
140.0,apartment,0.0,26.014250376290676,7.829333387052617,18.18491698923806,0.0,26.014250376290676,Summer,CHARGE_PRIORITY
140.0,family_house,0.0,28.58013542483718,0.0,28.58013542483718,0.0,28.58013542483718,Summer,CHARGE_PRIORITY
140.0,luxury_house,0.0,34.265450185133744,0.0,34.265450185133744,0.0,34.265450185133744,Summer,CHARGE_PRIORITY
140.0,small_family,0.0,26.8073316177445,5.928579001674768,20.878752616069733,0.0,26.8073316177445,Summer,CHARGE_PRIORITY
141.0,apartment,0.0,27.65617265655335,0.6573494289489109,26.99882322760444,0.0,27.65617265655335,Summer,CHARGE_PRIORITY
141.0,family_house,0.0,25.94037257844466,0.0,25.94037257844466,0.0,25.94037257844466,Summer,CHARGE_PRIORITY
141.0,luxury_house,0.0,35.04274260693509,0.0,35.04274260693509,0.0,35.04274260693509,Summer,CHARGE_PRIORITY
141.0,small_family,0.0,28.501897230644417,1.1593874149039936,27.342509815740424,0.0,28.501897230644417,Summer,CHARGE_PRIORITY
142.0,apartment,0.0,3.6399999999999997,0.0,3.6399999999999997,0.0,3.6399999999999997,Summer,CHARGE_PRIORITY
142.0,family_house,0.0,10.08,0.0,10.08,0.0,10.08,Summer,CHARGE_PRIORITY
142.0,luxury_house,0.0,18.0,0.0,18.0,0.0,18.0,Summer,CHARGE_PRIORITY
142.0,small_family,0.0,6.5,0.5,6.0,0.0,6.5,Summer,CHARGE_PRIORITY
143.0,apartment,0.0,3.6399999999999997,0.0,3.6399999999999997,0.0,3.6399999999999997,Summer,CHARGE_PRIORITY
143.0,family_house,0.0,10.08,0.0,10.08,0.0,10.08,Summer,CHARGE_PRIORITY
143.0,luxury_house,0.0,18.0,0.0,18.0,0.0,18.0,Summer,CHARGE_PRIORITY
143.0,small_family,0.0,6.5,0.5,6.0,0.0,6.5,Summer,CHARGE_PRIORITY
144.0,apartment,0.0,3.6399999999999997,0.0,3.6399999999999997,0.0,3.6399999999999997,Summer,CHARGE_PRIORITY
144.0,family_house,0.0,10.08,0.0,10.08,0.0,10.08,Summer,CHARGE_PRIORITY
144.0,luxury_house,0.0,18.0,0.0,18.0,0.0,18.0,Summer,CHARGE_PRIORITY
144.0,small_family,0.0,6.5,0.5,6.0,0.0,6.5,Summer,CHARGE_PRIORITY
145.0,apartment,3.569688235238751,3.6399999999999997,2.4434012435575743,1.1965987564424254,0.0,0.0703117647612489,Summer,CHARGE_PRIORITY
145.0,family_house,7.624892678474482,10.08,6.107115666279545,3.972884333720455,0.0,2.4551073215255177,Summer,CHARGE_PRIORITY
145.0,luxury_house,6.529078368612269,18.0,5.876170531751042,12.123829468248958,0.0,11.47092163138773,Summer,CHARGE_PRIORITY
145.0,small_family,4.90802460614952,6.5,4.074683547823774,2.425316452176226,0.0,1.5919753938504806,Summer,CHARGE_PRIORITY
146.0,apartment,6.896108116434712,3.6399999999999997,2.963329130137477,0.6766708698625223,0.0,-3.2561081164347128,Summer,CHARGE_PRIORITY
146.0,family_house,14.730161521641861,10.08,7.965202055823086,2.114797944176913,0.0,-4.650161521641862,Summer,CHARGE_PRIORITY
146.0,luxury_house,12.613210836215776,18.0,9.683518947456506,8.316481052543494,0.0,5.386789163784224,Summer,CHARGE_PRIORITY
146.0,small_family,9.481575446284106,6.5,5.561230701586484,0.9387692984135154,0.0,-2.981575446284107,Summer,CHARGE_PRIORITY
147.0,apartment,9.752569625853152,3.6399999999999997,3.282782701990225,0.35721729800977453,0.0,-6.112569625853152,Summer,CHARGE_PRIORITY
147.0,family_house,20.831594199852233,10.08,8.82892102763327,1.2510789723667304,0.0,-10.751594199852232,Summer,CHARGE_PRIORITY
147.0,luxury_house,17.837773829647638,18.0,12.269125295940881,5.730874704059119,0.0,0.16222617035236042,Summer,CHARGE_PRIORITY
147.0,small_family,13.408972588798719,6.5,6.272910019242333,0.22708998075766745,0.0,-6.908972588798719,Summer,CHARGE_PRIORITY
148.0,apartment,11.944409632153034,3.6399999999999997,3.349902806668167,0.29009719333183276,0.0,-8.304409632153035,Summer,CHARGE_PRIORITY
148.0,family_house,24.671102031189097,10.08,9.472111069522631,0.6078889304773689,0.0,-14.591102031189099,Summer,CHARGE_PRIORITY
148.0,luxury_house,20.86243821149326,18.0,13.571343172276121,4.428656827723879,0.0,-2.8624382114932603,Summer,CHARGE_PRIORITY
148.0,small_family,16.422570408761626,6.5,6.463200357219833,0.03679964278016706,0.0,-9.922570408761626,Summer,CHARGE_PRIORITY
149.0,apartment,13.3222578610919,3.6399999999999997,3.3599999999999994,0.27999999999999997,0.0,-9.682257861091902,Summer,CHARGE_PRIORITY
149.0,family_house,26.59419820048822,10.08,9.73876270371932,0.3412372962806789,0.0,-16.51419820048822,Summer,CHARGE_PRIORITY
149.0,luxury_house,22.346185692979045,18.0,14.271703398928263,3.7282966010717358,0.0,-4.346185692979044,Summer,CHARGE_PRIORITY
149.0,small_family,18.31608589622078,6.5,6.5,0.0,0.39590656312275607,-11.81608589622078,Summer,CHARGE_PRIORITY
150.0,apartment,13.792216232869427,3.6399999999999997,3.3599999999999994,0.27999999999999997,0.7862265173079845,-10.152216232869428,Summer,CHARGE_PRIORITY
150.0,family_house,27.250130490789484,10.08,9.756357146837544,0.3236428531624552,0.13102078013766405,-17.170130490789486,Summer,CHARGE_PRIORITY
150.0,luxury_house,22.852264327681127,18.0,14.491866431514987,3.508133568485012,0.0,-4.852264327681126,Summer,CHARGE_PRIORITY
150.0,small_family,18.82110272506211,6.5,6.5,0.0,3.5,-12.321102725062111,Summer,CHARGE_PRIORITY
151.0,apartment,13.322257861091902,3.6399999999999997,3.3599999999999994,0.27999999999999997,4.095160207974374,-9.682257861091903,Summer,CHARGE_PRIORITY
151.0,family_house,26.59419820048822,10.08,9.73876270371932,0.3412372962806789,5.6117021101102225,-16.51419820048822,Summer,CHARGE_PRIORITY
151.0,luxury_house,22.346185692979045,18.0,14.290420197125707,3.709579802874293,0.0,-4.346185692979044,Summer,CHARGE_PRIORITY
151.0,small_family,18.316085896220784,6.5,6.5,0.0,4.930849825749895,-11.816085896220784,Summer,CHARGE_PRIORITY
152.0,apartment,11.944409632153034,3.6399999999999997,3.3599999999999994,0.27999999999999997,4.415259156262855,-8.304409632153035,Summer,CHARGE_PRIORITY
152.0,family_house,24.6711020311891,10.08,9.654857983294795,0.4251420167052046,8.368861607065249,-14.5911020311891,Summer,CHARGE_PRIORITY
152.0,luxury_house,20.862438211493263,18.0,13.571343172276123,4.428656827723877,0.0,-2.8624382114932625,Summer,CHARGE_PRIORITY
152.0,small_family,16.42257040876163,6.5,6.5,0.0,5.18744914342477,-9.922570408761628,Summer,CHARGE_PRIORITY
153.0,apartment,9.752569625853152,3.6399999999999997,3.3599999999999994,0.27999999999999997,3.9882042860545264,-6.112569625853152,Summer,CHARGE_PRIORITY
153.0,family_house,20.831594199852233,10.08,9.02748602248211,1.0525139775178902,7.422502807738894,-10.751594199852232,Summer,CHARGE_PRIORITY
153.0,luxury_house,17.837773829647638,18.0,12.457230941802347,5.542769058197653,0.0,0.16222617035236042,Summer,CHARGE_PRIORITY
153.0,small_family,13.408972588798719,6.5,6.409525302264376,0.0904746977356245,4.0520310702705125,-6.908972588798719,Summer,CHARGE_PRIORITY
154.0,apartment,6.896108116434718,3.6399999999999997,3.239837828290269,0.4001621717097307,2.5740559916231103,-3.2561081164347176,Summer,CHARGE_PRIORITY
154.0,family_house,14.730161521641872,10.08,8.256143449994449,1.823856550005551,4.9949986456477715,-4.6501615216418735,Summer,CHARGE_PRIORITY
154.0,luxury_house,12.613210836215785,18.0,11.005291614856217,6.994708385143783,0.0,5.386789163784214,Summer,CHARGE_PRIORITY
154.0,small_family,9.481575446284113,6.5,6.267428850929601,0.2325711490703985,2.5723254285534125,-2.9815754462841135,Summer,CHARGE_PRIORITY
155.0,apartment,3.569688235238755,3.6399999999999997,3.160662745442665,0.47933725455733495,0.9272454233568671,0.07031176476124462,Summer,CHARGE_PRIORITY
155.0,family_house,7.62489267847449,10.08,6.95938000986789,3.1206199901321097,1.119208604830547,2.4551073215255093,Summer,CHARGE_PRIORITY
155.0,luxury_house,6.529078368612277,18.0,8.687135447742381,9.312864552257619,0.0,11.470921631387723,Summer,CHARGE_PRIORITY
155.0,small_family,4.908024606149525,6.5,6.131144319490259,0.3688556805097411,0.8491717124272957,1.5919753938504748,Summer,CHARGE_PRIORITY
156.0,apartment,1.6890593462731708e-15,3.6399999999999997,2.7865818993517473,0.8534181006482524,0.0,3.639999999999998,Summer,CHARGE_PRIORITY
156.0,family_house,3.607849031680443e-15,10.08,5.880000000000001,4.199999999999999,0.0,10.079999999999997,Summer,CHARGE_PRIORITY
156.0,luxury_house,3.0893456555084725e-15,18.0,6.000000000000001,12.0,0.0,17.999999999999996,Summer,CHARGE_PRIORITY
156.0,small_family,2.322316204233194e-15,6.5,4.2667428406501156,2.2332571593498844,0.0,6.499999999999997,Summer,CHARGE_PRIORITY
157.0,apartment,0.0,3.6399999999999997,2.253762000425251,1.3862379995747487,0.0,3.6399999999999997,Summer,CHARGE_PRIORITY
157.0,family_house,0.0,10.08,5.88,4.2,0.0,10.08,Summer,CHARGE_PRIORITY
157.0,luxury_house,0.0,18.0,3.7741104615083216,14.225889538491678,0.0,18.0,Summer,CHARGE_PRIORITY
157.0,small_family,0.0,6.5,3.5,3.0,0.0,6.5,Summer,CHARGE_PRIORITY
158.0,apartment,0.0,3.6399999999999997,2.2399999999999998,1.4,0.0,3.6399999999999997,Summer,CHARGE_PRIORITY
158.0,family_house,0.0,10.08,5.88,4.2,0.0,10.08,Summer,CHARGE_PRIORITY
158.0,luxury_house,0.0,18.0,3.0,15.0,0.0,18.0,Summer,CHARGE_PRIORITY
158.0,small_family,0.0,6.5,3.5,3.0,0.0,6.5,Summer,CHARGE_PRIORITY
159.0,apartment,0.0,3.6399999999999997,2.085862246240135,1.5541377537598646,0.0,3.6399999999999997,Summer,CHARGE_PRIORITY
159.0,family_house,0.0,10.08,5.88,4.2,0.0,10.08,Summer,CHARGE_PRIORITY
159.0,luxury_house,0.0,18.0,3.0,15.0,0.0,18.0,Summer,CHARGE_PRIORITY
159.0,small_family,0.0,6.5,3.5,3.0,0.0,6.5,Summer,CHARGE_PRIORITY
160.0,apartment,0.0,3.6399999999999997,1.9599999999999997,1.6799999999999997,0.0,3.6399999999999997,Summer,CHARGE_PRIORITY
160.0,family_house,0.0,10.08,5.88,4.2,0.0,10.08,Summer,CHARGE_PRIORITY
160.0,luxury_house,0.0,18.0,3.0,15.0,0.0,18.0,Summer,CHARGE_PRIORITY
160.0,small_family,0.0,6.5,3.196629214127344,3.303370785872656,0.0,6.5,Summer,CHARGE_PRIORITY
161.0,apartment,0.0,3.6399999999999997,1.9599999999999997,1.6799999999999997,0.0,3.6399999999999997,Summer,CHARGE_PRIORITY
161.0,family_house,0.0,10.08,5.88,4.2,0.0,10.08,Summer,CHARGE_PRIORITY
161.0,luxury_house,0.0,18.0,3.0,15.0,0.0,18.0,Summer,CHARGE_PRIORITY
161.0,small_family,0.0,6.5,3.0,3.5,0.0,6.5,Summer,CHARGE_PRIORITY
162.0,apartment,0.0,22.440510796191575,12.150864174529701,10.289646621661875,0.0,22.440510796191575,Summer,CHARGE_PRIORITY
162.0,family_house,0.0,25.47681127212936,14.857696401251825,10.619114870877535,0.0,25.47681127212936,Summer,CHARGE_PRIORITY
162.0,luxury_house,0.0,37.517931836320635,7.897817139616597,29.62011469670404,0.0,37.517931836320635,Summer,CHARGE_PRIORITY
162.0,small_family,0.0,23.530910358655202,8.457437175079527,15.073473183575672,0.0,23.530910358655202,Summer,CHARGE_PRIORITY
163.0,apartment,0.0,22.769528986318385,9.368857057348361,13.400671928970024,0.0,22.769528986318385,Summer,CHARGE_PRIORITY
163.0,family_house,0.0,27.006997619755637,11.139442357729367,15.86755526202627,0.0,27.006997619755637,Summer,CHARGE_PRIORITY
163.0,luxury_house,0.0,34.16721482900944,5.233729443044387,28.93348538596505,0.0,34.16721482900944,Summer,CHARGE_PRIORITY
163.0,small_family,0.0,24.45846823098843,6.2831626219358085,18.17530560905262,0.0,24.45846823098843,Summer,CHARGE_PRIORITY
164.0,apartment,0.0,21.406238910052092,4.435921232860118,16.97031767719197,0.0,21.406238910052092,Summer,CHARGE_PRIORITY
164.0,family_house,0.0,27.561298006610915,11.004381521557095,16.55691648505382,0.0,27.561298006610915,Summer,CHARGE_PRIORITY
164.0,luxury_house,0.0,27.88218227912048,0.0,27.88218227912048,0.0,27.88218227912048,Summer,CHARGE_PRIORITY
164.0,small_family,0.0,26.851860078152832,6.68179962805927,20.170060450093562,0.0,26.851860078152832,Summer,CHARGE_PRIORITY
165.0,apartment,0.0,18.36022452028423,3.0294793596139105,15.33074516067032,0.0,18.36022452028423,Summer,CHARGE_PRIORITY
165.0,family_house,0.0,25.343711025211796,2.8039843589098186,22.539726666301977,0.0,25.343711025211796,Summer,CHARGE_PRIORITY
165.0,luxury_house,0.0,37.256219949648646,0.0,37.256219949648646,0.0,37.256219949648646,Summer,CHARGE_PRIORITY
165.0,small_family,0.0,22.269659361504505,1.6336136486041826,20.636045712900323,0.0,22.269659361504505,Summer,CHARGE_PRIORITY
166.0,apartment,0.0,3.6399999999999997,0.27999999999999997,3.3599999999999994,0.0,3.6399999999999997,Summer,CHARGE_PRIORITY
166.0,family_house,0.0,10.08,0.6138825314809466,9.466117468519053,0.0,10.08,Summer,CHARGE_PRIORITY
166.0,luxury_house,0.0,18.0,0.0,18.0,0.0,18.0,Summer,CHARGE_PRIORITY
166.0,small_family,0.0,6.5,0.0,6.5,0.0,6.5,Summer,CHARGE_PRIORITY
167.0,apartment,0.0,3.6399999999999997,0.27999999999999997,3.3599999999999994,0.0,3.6399999999999997,Summer,CHARGE_PRIORITY
167.0,family_house,0.0,10.08,0.0,10.08,0.0,10.08,Summer,CHARGE_PRIORITY
167.0,luxury_house,0.0,18.0,0.0,18.0,0.0,18.0,Summer,CHARGE_PRIORITY
167.0,small_family,0.0,6.5,0.0,6.5,0.0,6.5,Summer,CHARGE_PRIORITY
168.0,apartment,0.0,3.6399999999999997,0.27999999999999997,3.3599999999999994,0.0,3.6399999999999997,Summer,CHARGE_PRIORITY
168.0,family_house,0.0,10.08,0.0,10.08,0.0,10.08,Summer,CHARGE_PRIORITY
168.0,luxury_house,0.0,18.0,0.0,18.0,0.0,18.0,Summer,CHARGE_PRIORITY
168.0,small_family,0.0,6.5,0.0,6.5,0.0,6.5,Summer,CHARGE_PRIORITY
169.0,apartment,2.9662050059128786,3.6399999999999997,2.0832622901697606,1.5567377098302388,0.0,0.6737949940871208,Summer,CHARGE_PRIORITY
169.0,family_house,6.212069580573968,10.08,5.376750428841688,4.703249571158312,0.0,3.8679304194260316,Summer,CHARGE_PRIORITY
169.0,luxury_house,5.9283031706587055,18.0,5.220900130807626,12.779099869192374,0.0,12.071696829341295,Summer,CHARGE_PRIORITY
169.0,small_family,5.202652419918377,6.5,3.561970798514029,2.938029201485971,0.0,1.2973475800816232,Summer,CHARGE_PRIORITY
170.0,apartment,5.730268042558336,3.6399999999999997,2.812694982692251,0.8273050173077483,0.0,-2.0902680425583364,Summer,CHARGE_PRIORITY
170.0,family_house,12.000796885162192,10.08,8.32564819938696,1.7543518006130407,0.0,-1.9207968851621922,Summer,CHARGE_PRIORITY
170.0,luxury_house,11.452602277221224,18.0,8.688227066778918,9.311772933221082,0.0,6.547397722778775,Summer,CHARGE_PRIORITY
170.0,small_family,10.050752675208956,6.5,4.873081667239873,1.6269183327601273,0.0,-3.5507526752089564,Summer,CHARGE_PRIORITY
171.0,apartment,8.103822781819128,3.6399999999999997,3.1714113566540836,0.46858864334591577,0.0,-4.463822781819129,Summer,CHARGE_PRIORITY
171.0,family_house,16.97168971428117,10.08,9.176599157050015,0.9034008429499849,0.0,-6.89168971428117,Summer,CHARGE_PRIORITY
171.0,luxury_house,15.295209119173464,18.0,11.450929316565551,6.549070683434449,0.0,2.7047908808265353,Summer,CHARGE_PRIORITY
171.0,small_family,14.213910745338177,6.5,5.770576982697074,0.7294230173029257,0.0,-7.713910745338178,Summer,CHARGE_PRIORITY
172.0,apartment,9.925115390699297,3.6399999999999997,3.35068907090637,0.28931092909362965,0.0,-6.285115390699296,Summer,CHARGE_PRIORITY
172.0,family_house,20.78598993641524,10.08,9.47348723514012,0.6065127648598797,0.0,-10.705989936415245,Summer,CHARGE_PRIORITY
172.0,luxury_house,17.83374944000321,18.0,13.070706177043228,4.929293822956773,0.0,0.1662505599967915,Summer,CHARGE_PRIORITY
172.0,small_family,17.40841428777073,6.5,6.134652799905037,0.3653472000949627,0.0,-10.908414287770729,Summer,CHARGE_PRIORITY
173.0,apartment,11.070027787732005,3.6399999999999997,3.3599999999999994,0.27999999999999997,0.0,-7.430027787732006,Summer,CHARGE_PRIORITY
173.0,family_house,23.17276408348779,10.08,9.59731943206551,0.4826805679344901,0.0,-13.092764083487793,Summer,CHARGE_PRIORITY
173.0,luxury_house,19.429542597848606,18.0,14.059380602190664,3.9406193978093347,0.0,-1.4295425978486058,Summer,CHARGE_PRIORITY
173.0,small_family,19.41656316525655,6.5,6.319577101538542,0.1804228984614582,0.23514334797233616,-12.91656316525655,Summer,CHARGE_PRIORITY
174.0,apartment,11.460536085116674,3.6399999999999997,3.3599999999999994,0.27999999999999997,1.9571846109876652,-7.820536085116674,Summer,CHARGE_PRIORITY
174.0,family_house,23.84910596825687,10.08,9.63955628835955,0.44044371164044893,0.0,-13.76910596825687,Summer,CHARGE_PRIORITY
174.0,luxury_house,19.973837926175374,18.0,14.366765178400605,3.6332348215993937,0.0,-1.973837926175375,Summer,CHARGE_PRIORITY
174.0,small_family,19.999942537099013,6.5,6.364272201140427,0.1357277988595732,6.951688069465192,-13.499942537099013,Summer,CHARGE_PRIORITY
175.0,apartment,11.070027787732007,3.6399999999999997,3.3599999999999994,0.27999999999999997,4.179465557509252,-7.430027787732008,Summer,CHARGE_PRIORITY
175.0,family_house,23.17276408348779,10.08,9.59731943206551,0.4826805679344901,1.2872706838150365,-13.092764083487793,Summer,CHARGE_PRIORITY
175.0,luxury_house,19.429542597848606,18.0,14.08167456831321,3.91832543168679,0.0,-1.4295425978486058,Summer,CHARGE_PRIORITY
175.0,small_family,19.416563165256555,6.5,6.321431641835545,0.17856835816445465,6.825508754687851,-12.916563165256555,Summer,CHARGE_PRIORITY
176.0,apartment,9.925115390699297,3.6399999999999997,3.3599999999999994,0.27999999999999997,3.689288570048084,-6.285115390699296,Summer,CHARGE_PRIORITY
176.0,family_house,20.78598993641525,10.08,9.47348723514012,0.6065127648598795,5.362025471633888,-10.705989936415248,Summer,CHARGE_PRIORITY
176.0,luxury_house,17.83374944000321,18.0,13.078246069442269,4.921753930557731,0.0,0.1662505599967895,Summer,CHARGE_PRIORITY
176.0,small_family,17.408414287770732,6.5,6.163342905027276,0.33665709497272406,8.623618614500021,-10.90841428777073,Summer,CHARGE_PRIORITY
177.0,apartment,8.103822781819128,3.6399999999999997,3.3599999999999994,0.27999999999999997,2.9095295888195274,-4.463822781819129,Summer,CHARGE_PRIORITY
177.0,family_house,16.97168971428117,10.08,9.276498657161465,0.8035013428385338,4.069789720395027,-6.89168971428117,Summer,CHARGE_PRIORITY
177.0,luxury_house,15.295209119173464,18.0,11.497952289691938,6.502047710308062,0.0,2.7047908808265353,Summer,CHARGE_PRIORITY
177.0,small_family,14.213910745338177,6.5,5.834688422126398,0.6653115778736024,7.472373432583446,-7.713910745338178,Summer,CHARGE_PRIORITY
178.0,apartment,5.73026804255834,3.6399999999999997,3.182573960714166,0.45742603928583364,1.8933278997816627,-2.09026804255834,Summer,CHARGE_PRIORITY
178.0,family_house,12.0007968851622,10.08,9.019778144179776,1.0602218558202239,2.3857153016880286,-1.9207968851622015,Summer,CHARGE_PRIORITY
178.0,luxury_house,11.452602277221235,18.0,9.448299518461099,8.551700481538901,1.3575207716596487,6.547397722778766,Summer,CHARGE_PRIORITY
178.0,small_family,10.050752675208964,6.5,5.443767234056749,1.0562327659432504,4.697979488111051,-3.550752675208964,Summer,CHARGE_PRIORITY
179.0,apartment,2.966205005912882,3.6399999999999997,2.7994060937336904,0.8405939062663095,0.7099359686897261,0.6737949940871175,Summer,CHARGE_PRIORITY
179.0,family_house,6.212069580573975,10.08,8.416667857305946,1.6633321426940548,0.42456910408320625,3.867930419426025,Summer,CHARGE_PRIORITY
179.0,luxury_house,5.928303170658712,18.0,7.061428312498731,10.93857168750127,0.2939696919835664,12.071696829341288,Summer,CHARGE_PRIORITY
179.0,small_family,5.202652419918382,6.5,4.98852986863523,1.5114701313647696,1.4671293104583478,1.2973475800816174,Summer,CHARGE_PRIORITY
180.0,apartment,1.4035108833150872e-15,3.6399999999999997,2.0089181852178495,1.63108181478215,0.0,3.639999999999998,Summer,CHARGE_PRIORITY
180.0,family_house,2.9393474985262816e-15,10.08,7.56,2.5199999999999996,0.0,10.079999999999997,Summer,CHARGE_PRIORITY
180.0,luxury_house,2.5969111954673658e-15,18.0,3.5956926391319417,14.404307360868058,0.0,17.999999999999996,Summer,CHARGE_PRIORITY
180.0,small_family,2.46172441854327e-15,6.5,3.447554667749768,3.052445332250232,0.0,6.499999999999997,Summer,CHARGE_PRIORITY
181.0,apartment,0.0,3.6399999999999997,1.9599999999999997,1.6799999999999997,0.0,3.6399999999999997,Summer,CHARGE_PRIORITY
181.0,family_house,0.0,10.08,6.890762436445681,3.1892375635543186,0.0,10.08,Summer,CHARGE_PRIORITY
181.0,luxury_house,0.0,18.0,3.0,15.0,0.0,18.0,Summer,CHARGE_PRIORITY
181.0,small_family,0.0,6.5,3.0,3.5,0.0,6.5,Summer,CHARGE_PRIORITY
182.0,apartment,0.0,3.6399999999999997,1.9599999999999997,1.6799999999999997,0.0,3.6399999999999997,Summer,CHARGE_PRIORITY
182.0,family_house,0.0,10.08,5.88,4.2,0.0,10.08,Summer,CHARGE_PRIORITY
182.0,luxury_house,0.0,18.0,1.579808742050652,16.420191257949348,0.0,18.0,Summer,CHARGE_PRIORITY
182.0,small_family,0.0,6.5,2.6608167134572853,3.8391832865427147,0.0,6.5,Summer,CHARGE_PRIORITY
183.0,apartment,0.0,3.6399999999999997,1.9599999999999997,1.6799999999999997,0.0,3.6399999999999997,Summer,CHARGE_PRIORITY
183.0,family_house,0.0,10.08,5.88,4.2,0.0,10.08,Summer,CHARGE_PRIORITY
183.0,luxury_house,0.0,18.0,1.5,16.5,0.0,18.0,Summer,CHARGE_PRIORITY
183.0,small_family,0.0,6.5,2.5,4.0,0.0,6.5,Summer,CHARGE_PRIORITY
184.0,apartment,0.0,3.6399999999999997,1.8153254289515661,1.8246745710484333,0.0,3.6399999999999997,Summer,CHARGE_PRIORITY
184.0,family_house,0.0,10.08,5.88,4.2,0.0,10.08,Summer,CHARGE_PRIORITY
184.0,luxury_house,0.0,18.0,1.5,16.5,0.0,18.0,Summer,CHARGE_PRIORITY
184.0,small_family,0.0,6.5,2.5,4.0,0.0,6.5,Summer,CHARGE_PRIORITY
185.0,apartment,0.0,3.6399999999999997,1.6799999999999997,1.9599999999999997,0.0,3.6399999999999997,Summer,CHARGE_PRIORITY
185.0,family_house,0.0,10.08,4.82560147231379,5.25439852768621,0.0,10.08,Summer,CHARGE_PRIORITY
185.0,luxury_house,0.0,18.0,1.5,16.5,0.0,18.0,Summer,CHARGE_PRIORITY
185.0,small_family,0.0,6.5,2.5,4.0,0.0,6.5,Summer,CHARGE_PRIORITY
186.0,apartment,0.0,20.660784989522202,5.293747305624415,15.367037683897788,0.0,20.660784989522202,Summer,CHARGE_PRIORITY
186.0,family_house,0.0,32.01267816433736,8.463477287940613,23.549200876396743,0.0,32.01267816433736,Summer,CHARGE_PRIORITY
186.0,luxury_house,0.0,34.65037157303086,1.62060087672159,33.02977069630927,0.0,34.65037157303086,Summer,CHARGE_PRIORITY
186.0,small_family,0.0,29.349036152953644,9.764471676906066,19.58456447604758,0.0,29.349036152953644,Summer,CHARGE_PRIORITY
187.0,apartment,0.0,25.15794938508997,6.89353833187524,18.264411053214733,0.0,25.15794938508997,Summer,CHARGE_PRIORITY
187.0,family_house,0.0,29.781895362509218,6.219565638009557,23.562329724499662,0.0,29.781895362509218,Summer,CHARGE_PRIORITY
187.0,luxury_house,0.0,34.11738160601539,2.381394469084071,31.73598713693132,0.0,34.11738160601539,Summer,CHARGE_PRIORITY
187.0,small_family,0.0,25.627776005808197,8.093001571349653,17.53477443445854,0.0,25.627776005808197,Summer,CHARGE_PRIORITY
188.0,apartment,0.0,26.619040660201204,7.0948844182009205,19.52415624200028,0.0,26.619040660201204,Summer,CHARGE_PRIORITY
188.0,family_house,0.0,22.30662110223524,3.6132015764278953,18.693419525807347,0.0,22.30662110223524,Summer,CHARGE_PRIORITY
188.0,luxury_house,0.0,32.194994706162916,1.5674957400461003,30.627498966116814,0.0,32.194994706162916,Summer,CHARGE_PRIORITY
188.0,small_family,0.0,23.86460667819875,4.421688550340964,19.442918127857787,0.0,23.86460667819875,Summer,CHARGE_PRIORITY
189.0,apartment,0.0,29.83893653591742,1.275978164038038,28.562958371879382,0.0,29.83893653591742,Summer,CHARGE_PRIORITY
189.0,family_house,0.0,31.02609096858905,0.0,31.02609096858905,0.0,31.02609096858905,Summer,CHARGE_PRIORITY
189.0,luxury_house,0.0,39.68781608431852,2.50680827905749,37.18100780526103,0.0,39.68781608431852,Summer,CHARGE_PRIORITY
189.0,small_family,0.0,30.27943105832759,4.560198612865312,25.71923244546228,0.0,30.27943105832759,Summer,CHARGE_PRIORITY
190.0,apartment,0.0,3.6399999999999997,0.0,3.6399999999999997,0.0,3.6399999999999997,Summer,CHARGE_PRIORITY
190.0,family_house,0.0,10.08,0.0,10.08,0.0,10.08,Summer,CHARGE_PRIORITY
190.0,luxury_house,0.0,18.0,0.0,18.0,0.0,18.0,Summer,CHARGE_PRIORITY
190.0,small_family,0.0,6.5,0.5,6.0,0.0,6.5,Summer,CHARGE_PRIORITY
191.0,apartment,0.0,3.6399999999999997,0.0,3.6399999999999997,0.0,3.6399999999999997,Summer,CHARGE_PRIORITY
191.0,family_house,0.0,10.08,0.0,10.08,0.0,10.08,Summer,CHARGE_PRIORITY
191.0,luxury_house,0.0,18.0,0.0,18.0,0.0,18.0,Summer,CHARGE_PRIORITY
191.0,small_family,0.0,6.5,0.0640218115157473,6.435978188484253,0.0,6.5,Summer,CHARGE_PRIORITY
192.0,apartment,0.0,3.6399999999999997,0.0,3.6399999999999997,0.0,3.6399999999999997,Summer,CHARGE_PRIORITY
192.0,family_house,0.0,10.08,0.0,10.08,0.0,10.08,Summer,CHARGE_PRIORITY
192.0,luxury_house,0.0,18.0,0.0,18.0,0.0,18.0,Summer,CHARGE_PRIORITY
192.0,small_family,0.0,6.5,0.0,6.5,0.0,6.5,Summer,CHARGE_PRIORITY
193.0,apartment,3.2331814095380365,3.6399999999999997,2.380249079593002,1.2597509204069977,0.0,0.40681859046196317,Summer,CHARGE_PRIORITY
193.0,family_house,5.292985095596164,10.08,4.61723412363301,5.46276587636699,0.0,4.787014904403836,Summer,CHARGE_PRIORITY
193.0,luxury_house,6.718281901808861,18.0,6.046453711627974,11.953546288372026,0.0,11.28171809819114,Summer,CHARGE_PRIORITY
193.0,small_family,4.209355901923988,6.5,3.1150562609132706,3.3849437390867294,0.0,2.2906440980760117,Summer,CHARGE_PRIORITY
194.0,apartment,6.246026849100964,3.6399999999999997,3.4016296555640304,0.23837034443596924,0.0,-2.6060268491009646,Summer,CHARGE_PRIORITY
194.0,family_house,10.225262003998894,10.08,7.3720637148606265,2.7079362851393727,0.0,-0.14526200399889494,Summer,CHARGE_PRIORITY
194.0,luxury_house,12.978723994495233,18.0,8.914276211361445,9.085723788638555,0.0,5.021276005504768,Summer,CHARGE_PRIORITY
194.0,small_family,8.131851155421389,6.5,4.722898673225715,1.7771013267742846,0.0,-1.6318511554213881,Summer,CHARGE_PRIORITY
195.0,apartment,8.833215880945076,3.6399999999999997,3.6399999999999997,0.0,0.0,-5.1932158809450755,Summer,CHARGE_PRIORITY
195.0,family_house,14.460704204873533,10.08,8.488376491604631,1.5916235083953676,0.0,-4.380704204873534,Summer,CHARGE_PRIORITY
195.0,luxury_house,17.863000376348662,18.0,10.742729286168279,7.257270713831721,0.0,0.1369996236513371,Summer,CHARGE_PRIORITY
195.0,small_family,11.500174191196255,6.5,5.720373984906583,0.7796260150934171,0.0,-5.000174191196254,Summer,CHARGE_PRIORITY
196.0,apartment,10.818435848082217,3.6399999999999997,3.6399999999999997,0.0,0.0,-7.178435848082218,Summer,CHARGE_PRIORITY
196.0,family_house,17.71067331162964,10.08,9.07459573075116,1.005404269248841,0.0,-7.630673311629644,Summer,CHARGE_PRIORITY
196.0,luxury_house,20.49527852968964,18.0,11.854870111784079,6.145129888215921,0.0,-2.4952785296896387,Summer,CHARGE_PRIORITY
196.0,small_family,14.084779360777524,6.5,6.318245841987829,0.18175415801217076,0.0,-7.5847793607775245,Summer,CHARGE_PRIORITY
197.0,apartment,12.06639729048311,3.6399999999999997,3.6399999999999997,0.0,0.0,-8.426397290483111,Summer,CHARGE_PRIORITY
197.0,family_house,19.66314406831255,10.08,9.443108550166055,0.6368914498339451,0.0,-9.583144068312553,Summer,CHARGE_PRIORITY
197.0,luxury_house,21.475251993172183,18.0,12.530259073032777,5.469740926967223,0.0,-3.4752519931721815,Summer,CHARGE_PRIORITY
197.0,small_family,15.70953009312024,6.5,6.417966396595154,0.08203360340484628,0.39215163513230733,-9.20953009312024,Summer,CHARGE_PRIORITY
198.0,apartment,12.49205369820193,3.6399999999999997,3.6399999999999997,0.0,0.9066852159075551,-8.852053698201932,Summer,CHARGE_PRIORITY
198.0,family_house,20.21567996425547,10.08,9.55184053583741,0.5281594641625894,0.0,-10.13567996425547,Summer,CHARGE_PRIORITY
198.0,luxury_house,21.80950269191432,18.0,12.760621670217665,5.239378329782336,0.0,-3.8095026919143224,Summer,CHARGE_PRIORITY
198.0,small_family,16.12306906167297,6.5,6.4327106546067965,0.06728934539320325,3.5,-9.623069061672972,Summer,CHARGE_PRIORITY
199.0,apartment,12.066397290483112,3.6399999999999997,3.6399999999999997,0.0,2.231519712278016,-8.426397290483113,Summer,CHARGE_PRIORITY
199.0,family_house,19.66314406831255,10.08,9.455347909497629,0.6246520905023711,1.205200306216668,-9.583144068312553,Summer,CHARGE_PRIORITY
199.0,luxury_house,24.158992943803764,18.0,14.030259073032777,3.9697409269672224,0.0,-6.158992943803762,Summer,CHARGE_PRIORITY
199.0,small_family,15.709530093120243,6.5,6.417966396595154,0.08203360340484617,5.143694642183591,-9.209530093120243,Summer,CHARGE_PRIORITY
200.0,apartment,10.818435848082217,3.6399999999999997,3.6399999999999997,0.0,2.369029202763041,-7.178435848082218,Summer,CHARGE_PRIORITY
200.0,family_house,17.710673311629648,10.08,9.079317245784598,1.0006827542154029,2.8274825229460703,-7.630673311629647,Summer,CHARGE_PRIORITY
200.0,luxury_house,22.90145483967889,18.0,13.354870111784079,4.64512988821592,0.0,-4.901454839678891,Summer,CHARGE_PRIORITY
200.0,small_family,14.084779360777526,6.5,6.37473841937768,0.12526158062232012,5.2213169359922915,-7.584779360777526,Summer,CHARGE_PRIORITY
201.0,apartment,8.833215880945076,3.6399999999999997,3.6399999999999997,0.0,2.5806627545396417,-5.1932158809450755,Summer,CHARGE_PRIORITY
201.0,family_house,14.460704204873533,10.08,8.488376491604631,1.5916235083953676,3.000443714354856,-4.380704204873534,Summer,CHARGE_PRIORITY
201.0,luxury_house,19.827635106564177,18.0,12.280481428047633,5.719518571952366,0.0,-1.827635106564178,Summer,CHARGE_PRIORITY
201.0,small_family,11.500174191196255,6.5,6.221752431329784,0.27824756867021605,4.079684007105463,-5.000174191196254,Summer,CHARGE_PRIORITY
202.0,apartment,6.246026849100969,3.6399999999999997,3.6399999999999997,0.0,1.6607839311550032,-2.6060268491009695,Summer,CHARGE_PRIORITY
202.0,family_house,10.225262003998903,10.08,7.724400705101212,2.355599294898788,2.1422190487098223,-0.14526200399890332,Summer,CHARGE_PRIORITY
202.0,luxury_house,14.367930534785238,18.0,10.880310835108833,7.119689164891166,0.6047355242435408,3.6320694652147627,Summer,CHARGE_PRIORITY
202.0,small_family,8.131851155421394,6.5,5.577183926303082,0.9228160736969182,2.5918790077091294,-1.6318511554213946,Summer,CHARGE_PRIORITY
203.0,apartment,3.23318140953804,3.6399999999999997,3.6399999999999997,0.0,0.5895623528811209,0.40681859046195945,Summer,CHARGE_PRIORITY
203.0,family_house,5.29298509559617,10.08,6.834732058561424,3.245267941438576,0.2985261687194837,4.78701490440383,Summer,CHARGE_PRIORITY
203.0,luxury_house,7.4373881222249345,18.0,9.249777644985146,8.750222355014854,0.1440715913920183,10.562611877775065,Summer,CHARGE_PRIORITY
203.0,small_family,4.209355901923993,6.5,4.156491844418302,2.3435081555816977,0.8592933897981343,2.290644098076007,Summer,CHARGE_PRIORITY
204.0,apartment,1.5298353576279849e-15,3.6399999999999997,3.55508930504874,0.08491069495125944,0.0,3.6399999999999983,Summer,CHARGE_PRIORITY
204.0,family_house,2.5044668767280598e-15,10.08,5.880000000000001,4.199999999999999,0.0,10.079999999999997,Summer,CHARGE_PRIORITY
204.0,luxury_house,3.5191280279592496e-15,18.0,5.922638697485754,12.077361302514246,0.0,17.999999999999996,Summer,CHARGE_PRIORITY
204.0,small_family,1.9917290977259024e-15,6.5,2.5000000000000004,3.9999999999999996,0.0,6.499999999999998,Summer,CHARGE_PRIORITY
205.0,apartment,0.0,3.6399999999999997,3.131885225140638,0.5081147748593615,0.0,3.6399999999999997,Summer,CHARGE_PRIORITY
205.0,family_house,0.0,10.08,5.379687262590827,4.700312737409172,0.0,10.08,Summer,CHARGE_PRIORITY
205.0,luxury_house,0.0,18.0,4.5,13.5,0.0,18.0,Summer,CHARGE_PRIORITY
205.0,small_family,0.0,6.5,2.5,4.0,0.0,6.5,Summer,CHARGE_PRIORITY
206.0,apartment,0.0,3.6399999999999997,3.064183488591865,0.5758165114081344,0.0,3.6399999999999997,Summer,CHARGE_PRIORITY
206.0,family_house,0.0,10.08,5.04,5.04,0.0,10.08,Summer,CHARGE_PRIORITY
206.0,luxury_house,0.0,18.0,4.5,13.5,0.0,18.0,Summer,CHARGE_PRIORITY
206.0,small_family,0.0,6.5,2.5,4.0,0.0,6.5,Summer,CHARGE_PRIORITY
207.0,apartment,0.0,3.6399999999999997,2.503926142765043,1.1360738572349565,0.0,3.6399999999999997,Summer,CHARGE_PRIORITY
207.0,family_house,0.0,10.08,4.336193048775263,5.743806951224737,0.0,10.08,Summer,CHARGE_PRIORITY
207.0,luxury_house,0.0,18.0,4.5,13.5,0.0,18.0,Summer,CHARGE_PRIORITY
207.0,small_family,0.0,6.5,2.095132952999693,4.404867047000307,0.0,6.5,Summer,CHARGE_PRIORITY
208.0,apartment,0.0,3.6399999999999997,2.137572531754628,1.5024274682453718,0.0,3.6399999999999997,Summer,CHARGE_PRIORITY
208.0,family_house,0.0,10.08,2.8505130946650747,7.229486905334925,0.0,10.08,Summer,CHARGE_PRIORITY
208.0,luxury_house,0.0,18.0,4.5,13.5,0.0,18.0,Summer,CHARGE_PRIORITY
208.0,small_family,0.0,6.5,2.0,4.5,0.0,6.5,Summer,CHARGE_PRIORITY
209.0,apartment,0.0,3.6399999999999997,1.9531622696260857,1.686837730373914,0.0,3.6399999999999997,Summer,CHARGE_PRIORITY
209.0,family_house,0.0,10.08,2.443125876877496,7.636874123122504,0.0,10.08,Summer,CHARGE_PRIORITY
209.0,luxury_house,0.0,18.0,4.5,13.5,0.0,18.0,Summer,CHARGE_PRIORITY
209.0,small_family,0.0,6.5,2.0,4.5,0.0,6.5,Summer,CHARGE_PRIORITY
210.0,apartment,0.0,22.962649867667242,7.199278764742893,15.763371102924351,0.0,22.962649867667242,Summer,CHARGE_PRIORITY
210.0,family_house,0.0,31.127800962344285,2.7578160587183627,28.369984903625923,0.0,31.127800962344285,Summer,CHARGE_PRIORITY
210.0,luxury_house,0.0,36.937837865352506,7.304535789184374,29.633302076168132,0.0,36.937837865352506,Summer,CHARGE_PRIORITY
210.0,small_family,0.0,28.080526006632944,8.611352528577006,19.46917347805594,0.0,28.080526006632944,Summer,CHARGE_PRIORITY
211.0,apartment,0.0,24.798145663856793,7.852512868327396,16.9456327955294,0.0,24.798145663856793,Summer,CHARGE_PRIORITY
211.0,family_house,0.0,28.894036445297477,4.431872013150606,24.46216443214687,0.0,28.894036445297477,Summer,CHARGE_PRIORITY
211.0,luxury_house,0.0,29.181385575760867,8.69567135777876,20.485714217982107,0.0,29.181385575760867,Summer,CHARGE_PRIORITY
211.0,small_family,0.0,25.42929661498411,3.7420375628473597,21.687259052136753,0.0,25.42929661498411,Summer,CHARGE_PRIORITY
212.0,apartment,0.0,18.511974140781494,3.7014137007299728,14.810560440051521,0.0,18.511974140781494,Summer,CHARGE_PRIORITY
212.0,family_house,0.0,27.36001586646776,3.9509334127856506,23.40908245368211,0.0,27.36001586646776,Summer,CHARGE_PRIORITY
212.0,luxury_house,0.0,36.93472988813238,3.641992504676784,33.292737383455595,0.0,36.93472988813238,Summer,CHARGE_PRIORITY
212.0,small_family,0.0,27.476592992069637,4.621879889084369,22.85471310298527,0.0,27.476592992069637,Summer,CHARGE_PRIORITY
213.0,apartment,0.0,24.859980202216345,1.8915285703443323,22.968451631872014,0.0,24.859980202216345,Summer,CHARGE_PRIORITY
213.0,family_house,0.0,27.886234106381625,1.5068299373771643,26.37940416900446,0.0,27.886234106381625,Summer,CHARGE_PRIORITY
213.0,luxury_house,0.0,41.103272623474886,0.0,41.103272623474886,0.0,41.103272623474886,Summer,CHARGE_PRIORITY
213.0,small_family,0.0,28.762053542494886,-4.213000162292041e-16,28.762053542494886,0.0,28.762053542494886,Summer,CHARGE_PRIORITY
214.0,apartment,0.0,3.6399999999999997,0.27999999999999997,3.3599999999999994,0.0,3.6399999999999997,Summer,CHARGE_PRIORITY
214.0,family_house,0.0,10.08,0.84,9.24,0.0,10.08,Summer,CHARGE_PRIORITY
214.0,luxury_house,0.0,18.0,0.0,18.0,0.0,18.0,Summer,CHARGE_PRIORITY
214.0,small_family,0.0,6.5,0.0,6.5,0.0,6.5,Summer,CHARGE_PRIORITY
215.0,apartment,0.0,3.6399999999999997,0.27999999999999997,3.3599999999999994,0.0,3.6399999999999997,Summer,CHARGE_PRIORITY
215.0,family_house,0.0,10.08,0.84,9.24,0.0,10.08,Summer,CHARGE_PRIORITY
215.0,luxury_house,0.0,18.0,0.0,18.0,0.0,18.0,Summer,CHARGE_PRIORITY
215.0,small_family,0.0,6.5,0.0,6.5,0.0,6.5,Summer,CHARGE_PRIORITY
216.0,apartment,0.0,3.6399999999999997,0.27999999999999997,3.3599999999999994,0.0,3.6399999999999997,Summer,CHARGE_PRIORITY
216.0,family_house,0.0,10.08,0.84,9.24,0.0,10.08,Summer,CHARGE_PRIORITY
216.0,luxury_house,0.0,18.0,0.0,18.0,0.0,18.0,Summer,CHARGE_PRIORITY
216.0,small_family,0.0,6.5,0.0,6.5,0.0,6.5,Summer,CHARGE_PRIORITY
217.0,apartment,2.7370330777710596,3.6399999999999997,2.1516701365794564,1.4883298634205433,0.0,0.90296692222894,Summer,CHARGE_PRIORITY
217.0,family_house,4.3854154948274875,10.08,4.066964473892584,6.013035526107415,0.0,5.694584505172512,Summer,CHARGE_PRIORITY
217.0,luxury_house,4.800891610941039,18.0,4.306884957160608,13.693115042839391,0.0,13.19910838905896,Summer,CHARGE_PRIORITY
217.0,small_family,4.724858869599779,6.5,3.4824888628906194,3.0175111371093806,0.0,1.7751411304002205,Summer,CHARGE_PRIORITY
218.0,apartment,5.287541874453044,3.6399999999999997,3.158633057415993,0.4813669425840066,0.0,-1.6475418744530446,Summer,CHARGE_PRIORITY
218.0,family_house,8.471972170924248,10.08,5.917489007660526,4.162510992339473,0.0,1.6080278290757508,Summer,CHARGE_PRIORITY
218.0,luxury_house,9.274610392444957,18.0,6.922485343087432,11.077514656912568,0.0,8.725389607555043,Summer,CHARGE_PRIORITY
218.0,small_family,9.127726415434799,6.5,5.030969534286772,1.469030465713228,0.0,-2.6277264154347995,Summer,CHARGE_PRIORITY
219.0,apartment,7.477713430467155,3.6399999999999997,3.408602867649785,0.2313971323502144,0.0,-3.837713430467155,Summer,CHARGE_PRIORITY
219.0,family_house,11.981177944168508,10.08,7.6191489933785945,2.460851006621405,0.0,-1.9011779441685088,Summer,CHARGE_PRIORITY
219.0,luxury_house,12.520613682181748,18.0,9.168552313963573,8.831447686036427,0.0,5.479386317818252,Summer,CHARGE_PRIORITY
219.0,small_family,12.908554490339052,6.5,5.828146240939853,0.6718537590601468,0.0,-6.408554490339053,Summer,CHARGE_PRIORITY
220.0,apartment,9.158291173700652,3.6399999999999997,3.5453832408682886,0.09461675913171116,0.0,-5.518291173700653,Summer,CHARGE_PRIORITY
220.0,family_house,14.63292843097993,10.08,8.7242008867442,1.3557991132558,0.0,-4.552928430979932,Summer,CHARGE_PRIORITY
220.0,luxury_house,14.4355779083611,18.0,10.812563955274104,7.187436044725896,0.0,3.5644220916389004,Summer,CHARGE_PRIORITY
220.0,small_family,15.809685909121619,6.5,6.187270511335731,0.31272948866426936,0.0,-9.309685909121619,Summer,CHARGE_PRIORITY
221.0,apartment,10.214746508238212,3.6399999999999997,3.6227369148023563,0.017263085197643246,0.0,-6.5747465082382135,Summer,CHARGE_PRIORITY
221.0,family_house,15.859490651989308,10.08,9.16010269345277,0.9198973065472298,0.0,-5.779490651989309,Summer,CHARGE_PRIORITY
221.0,luxury_house,15.639374745693535,18.0,11.713782830108164,6.286217169891837,0.0,2.3606252543064645,Summer,CHARGE_PRIORITY
221.0,small_family,17.558126247417555,6.5,6.324228186239283,0.17577181376071682,0.5754656614963269,-11.058126247417556,Summer,CHARGE_PRIORITY
222.0,apartment,10.57508374890609,3.6399999999999997,3.6360000642963106,0.003999935703689228,0.6494776171252363,-6.9350837489060915,Summer,CHARGE_PRIORITY
222.0,family_house,16.27784818380058,10.08,9.24618019628614,0.8338198037138601,0.0,-6.197848183800578,Summer,CHARGE_PRIORITY
222.0,luxury_house,16.049967429083186,18.0,12.021171805277342,5.978828194722658,0.0,1.9500325709168145,Summer,CHARGE_PRIORITY
222.0,small_family,18.03640515494414,6.5,6.370941898641178,0.12905810135882245,4.204129914758438,-11.536405154944143,Summer,CHARGE_PRIORITY
223.0,apartment,10.214746508238214,3.6399999999999997,3.6265955901612497,0.013404409838750075,2.173448680767201,-6.574746508238214,Summer,CHARGE_PRIORITY
223.0,family_house,15.859490651989308,10.08,9.16010269345277,0.9198973065472297,2.169901395272942,-5.779490651989309,Summer,CHARGE_PRIORITY
223.0,luxury_house,15.639374745693535,18.0,11.713782830108162,6.286217169891837,0.0,2.3606252543064645,Summer,CHARGE_PRIORITY
223.0,small_family,17.558126247417558,6.5,6.324228186239283,0.1757718137607166,6.26393228571569,-11.058126247417558,Summer,CHARGE_PRIORITY
224.0,apartment,9.158291173700652,3.6399999999999997,3.568628466120888,0.07137153387911174,1.9197019093989407,-5.518291173700653,Summer,CHARGE_PRIORITY
224.0,family_house,14.632928430979934,10.08,8.89102241958734,1.1889775804126597,3.16,-4.552928430979934,Summer,CHARGE_PRIORITY
224.0,luxury_house,14.4355779083611,18.0,10.812563955274104,7.187436044725895,0.0,3.564422091638899,Summer,CHARGE_PRIORITY
224.0,small_family,15.809685909121622,6.5,6.187270511335731,0.3127294886642692,5.580164097319242,-9.309685909121622,Summer,CHARGE_PRIORITY
225.0,apartment,7.477713430467155,3.6399999999999997,3.423453458718084,0.216546541281916,1.516049088084426,-3.837713430467155,Summer,CHARGE_PRIORITY
225.0,family_house,11.981177944168508,10.08,8.077065447472275,2.0029345525277247,2.4594282350241827,-1.9011779441685088,Summer,CHARGE_PRIORITY
225.0,luxury_house,12.520613682181748,18.0,9.378931757760498,8.621068242239502,0.0,5.479386317818252,Summer,CHARGE_PRIORITY
225.0,small_family,12.908554490339052,6.5,5.969402313141937,0.5305976868580629,4.372681487404539,-6.408554490339053,Summer,CHARGE_PRIORITY
226.0,apartment,5.287541874453049,3.6399999999999997,3.230347214764742,0.40965278523525755,0.9899984895284129,-1.6475418744530488,Summer,CHARGE_PRIORITY
226.0,family_house,8.471972170924255,10.08,6.715051081411014,3.3649489185889863,1.4930480790239629,1.608027829075744,Summer,CHARGE_PRIORITY
226.0,luxury_house,9.274610392444965,18.0,7.510585902638674,10.489414097361326,0.7771354901133773,8.725389607555035,Summer,CHARGE_PRIORITY
226.0,small_family,9.127726415434807,6.5,5.675943604258209,0.8240563957417913,2.799059512899178,-2.6277264154348066,Summer,CHARGE_PRIORITY
227.0,apartment,2.7370330777710628,3.6399999999999997,3.02276411037588,0.6172358896241197,0.3773995926827754,0.902966922228937,Summer,CHARGE_PRIORITY
227.0,family_house,4.385415494827493,10.08,4.390217420204241,5.689782579795758,0.3676745519825052,5.694584505172507,Summer,CHARGE_PRIORITY
227.0,luxury_house,4.800891610941044,18.0,4.514425041243778,13.48557495875622,0.18213054742925383,13.199108389058956,Summer,CHARGE_PRIORITY
227.0,small_family,4.724858869599784,6.5,4.8087066870768425,1.6912933129231573,0.9665379108324266,1.7751411304002154,Summer,CHARGE_PRIORITY
228.0,apartment,1.2950742463813035e-15,3.6399999999999997,2.8,0.8399999999999997,0.0,3.6399999999999983,Summer,CHARGE_PRIORITY
228.0,family_house,2.0750347203175674e-15,10.08,2.520000000000001,7.559999999999999,0.0,10.079999999999998,Summer,CHARGE_PRIORITY
228.0,luxury_house,2.2716243860892994e-15,18.0,1.5000000000000013,16.5,0.0,17.999999999999996,Summer,CHARGE_PRIORITY
228.0,small_family,2.235648187630995e-15,6.5,4.0,2.4999999999999996,0.0,6.499999999999998,Summer,CHARGE_PRIORITY
229.0,apartment,0.0,3.6399999999999997,2.8,0.8399999999999999,0.0,3.6399999999999997,Summer,CHARGE_PRIORITY
229.0,family_house,0.0,10.08,1.9197825582900099,8.160217441709989,0.0,10.08,Summer,CHARGE_PRIORITY
229.0,luxury_house,0.0,18.0,1.5,16.5,0.0,18.0,Summer,CHARGE_PRIORITY
229.0,small_family,0.0,6.5,3.0950755212688223,3.4049244787311777,0.0,6.5,Summer,CHARGE_PRIORITY
230.0,apartment,0.0,3.6399999999999997,2.7285187202231853,0.9114812797768144,0.0,3.6399999999999997,Summer,CHARGE_PRIORITY
230.0,family_house,0.0,10.08,1.68,8.4,0.0,10.08,Summer,CHARGE_PRIORITY
230.0,luxury_house,0.0,18.0,1.5,16.5,0.0,18.0,Summer,CHARGE_PRIORITY
230.0,small_family,0.0,6.5,3.0,3.5,0.0,6.5,Summer,CHARGE_PRIORITY
231.0,apartment,0.0,3.6399999999999997,2.2682384810688263,1.3717615189311734,0.0,3.6399999999999997,Summer,CHARGE_PRIORITY
231.0,family_house,0.0,10.08,1.68,8.4,0.0,10.08,Summer,CHARGE_PRIORITY
231.0,luxury_house,0.0,18.0,1.5,16.5,0.0,18.0,Summer,CHARGE_PRIORITY
231.0,small_family,0.0,6.5,3.0,3.5,0.0,6.5,Summer,CHARGE_PRIORITY
232.0,apartment,0.0,3.6399999999999997,2.2399999999999998,1.4,0.0,3.6399999999999997,Summer,CHARGE_PRIORITY
232.0,family_house,0.0,10.08,1.68,8.4,0.0,10.08,Summer,CHARGE_PRIORITY
232.0,luxury_house,0.0,18.0,1.5,16.5,0.0,18.0,Summer,CHARGE_PRIORITY
232.0,small_family,0.0,6.5,3.0,3.5,0.0,6.5,Summer,CHARGE_PRIORITY
233.0,apartment,0.0,3.6399999999999997,2.2399999999999998,1.4,0.0,3.6399999999999997,Summer,CHARGE_PRIORITY
233.0,family_house,0.0,10.08,1.68,8.4,0.0,10.08,Summer,CHARGE_PRIORITY
233.0,luxury_house,0.0,18.0,1.5,16.5,0.0,18.0,Summer,CHARGE_PRIORITY
233.0,small_family,0.0,6.5,3.0,3.5,0.0,6.5,Summer,CHARGE_PRIORITY
234.0,apartment,0.0,19.52195930185792,6.840250699459735,12.681708602398185,0.0,19.52195930185792,Summer,CHARGE_PRIORITY
234.0,family_house,0.0,24.756374159569873,5.467129411184384,19.28924474838549,0.0,24.756374159569873,Summer,CHARGE_PRIORITY
234.0,luxury_house,0.0,34.82163055940133,3.971407562304587,30.850222997096743,0.0,34.82163055940133,Summer,CHARGE_PRIORITY
234.0,small_family,0.0,28.930292417612836,11.911226169548335,17.019066248064505,0.0,28.930292417612836,Summer,CHARGE_PRIORITY
235.0,apartment,0.0,21.9978728951065,4.407071497605436,17.590801397501064,0.0,21.9978728951065,Summer,CHARGE_PRIORITY
235.0,family_house,0.0,32.054570341454735,3.6563662759767555,28.39820406547798,0.0,32.054570341454735,Summer,CHARGE_PRIORITY
235.0,luxury_house,0.0,34.48491680043064,1.6154545648126395,32.869462235617995,0.0,34.48491680043064,Summer,CHARGE_PRIORITY
235.0,small_family,0.0,26.79781252698593,7.167965786343222,19.62984674064271,0.0,26.79781252698593,Summer,CHARGE_PRIORITY
236.0,apartment,0.0,23.637069784800065,2.879860904661302,20.757208880138762,0.0,23.637069784800065,Summer,CHARGE_PRIORITY
236.0,family_house,0.0,27.54686176713502,2.794295478723967,24.752566288411053,0.0,27.54686176713502,Summer,CHARGE_PRIORITY
236.0,luxury_house,0.0,33.454571258178014,1.7095905136295237,31.74498074454849,0.0,33.454571258178014,Summer,CHARGE_PRIORITY
236.0,small_family,0.0,25.292118357896808,1.7745944754925265,23.51752388240428,0.0,25.292118357896808,Summer,CHARGE_PRIORITY
237.0,apartment,0.0,24.85245481387459,0.0,24.85245481387459,0.0,24.85245481387459,Summer,CHARGE_PRIORITY
237.0,family_house,0.0,30.185686159934424,1.3026673650629002,28.883018794871525,0.0,30.185686159934424,Summer,CHARGE_PRIORITY
237.0,luxury_house,0.0,29.959427347306768,0.7798467241625007,29.17958062314427,0.0,29.959427347306768,Summer,CHARGE_PRIORITY
237.0,small_family,0.0,29.363157370680934,0.690645844471196,28.67251152620974,0.0,29.363157370680934,Summer,CHARGE_PRIORITY
238.0,apartment,0.0,3.6399999999999997,0.0,3.6399999999999997,0.0,3.6399999999999997,Summer,CHARGE_PRIORITY
238.0,family_house,0.0,10.08,0.0,10.08,0.0,10.08,Summer,CHARGE_PRIORITY
238.0,luxury_house,0.0,18.0,0.0,18.0,0.0,18.0,Summer,CHARGE_PRIORITY
238.0,small_family,0.0,6.5,0.0,6.5,0.0,6.5,Summer,CHARGE_PRIORITY
239.0,apartment,0.0,3.6399999999999997,0.0,3.6399999999999997,0.0,3.6399999999999997,Summer,CHARGE_PRIORITY
239.0,family_house,0.0,10.08,0.0,10.08,0.0,10.08,Summer,CHARGE_PRIORITY
239.0,luxury_house,0.0,18.0,0.0,18.0,0.0,18.0,Summer,CHARGE_PRIORITY
239.0,small_family,0.0,6.5,0.0,6.5,0.0,6.5,Summer,CHARGE_PRIORITY
240.0,apartment,0.0,3.6399999999999997,0.0,3.6399999999999997,0.0,3.6399999999999997,Summer,CHARGE_PRIORITY
240.0,family_house,0.0,10.08,0.0,10.08,0.0,10.08,Summer,CHARGE_PRIORITY
240.0,luxury_house,0.0,18.0,0.0,18.0,0.0,18.0,Summer,CHARGE_PRIORITY
240.0,small_family,0.0,6.5,0.0,6.5,0.0,6.5,Summer,CHARGE_PRIORITY
241.0,apartment,2.6966194090006783,3.6399999999999997,2.17156219357686,1.4684378064231394,0.0,0.9433805909993215,Summer,CHARGE_PRIORITY
241.0,family_house,4.372687498217906,10.08,3.935418748396115,6.144581251603885,0.0,5.707312501782093,Summer,CHARGE_PRIORITY
241.0,luxury_house,6.154696857869168,18.0,5.539227172082251,12.460772827917749,0.0,11.845303142130833,Summer,CHARGE_PRIORITY
241.0,small_family,5.275601708747962,6.5,4.227176322940409,2.2728236770595918,0.0,1.2243982912520388,Summer,CHARGE_PRIORITY
242.0,apartment,5.209468661652237,3.6399999999999997,3.0557230528302406,0.5842769471697591,0.0,-1.569468661652238,Summer,CHARGE_PRIORITY
242.0,family_house,8.447383569640019,10.08,6.7485788160817615,3.3314211839182386,0.0,1.6326164303599806,Summer,CHARGE_PRIORITY
242.0,luxury_house,11.889961295992016,18.0,9.307018037433041,8.692981962566959,0.0,6.110038704007984,Summer,CHARGE_PRIORITY
242.0,small_family,10.191679879388788,6.5,5.493403757383879,1.0065962426161206,0.0,-3.691679879388788,Summer,CHARGE_PRIORITY
243.0,apartment,7.367301234066213,3.6399999999999997,3.450760420626669,0.18923957937333072,0.0,-3.7273012340662133,Summer,CHARGE_PRIORITY
243.0,family_house,11.946404410752567,10.08,8.456626323942096,1.6233736760579027,0.0,-1.8664044107525664,Summer,CHARGE_PRIORITY
243.0,luxury_house,16.476958654240228,18.0,11.66522746203643,6.33477253796357,0.0,1.5230413457597707,Summer,CHARGE_PRIORITY
243.0,small_family,14.413211908796619,6.5,6.103167852592433,0.39683214740756695,0.0,-7.913211908796619,Summer,CHARGE_PRIORITY
244.0,apartment,9.023064402419518,3.6399999999999997,3.6076124075219638,0.032387592478035854,0.0,-5.383064402419519,Summer,CHARGE_PRIORITY
244.0,family_house,14.631297533639062,10.08,9.47295302336181,0.6070469766381881,0.0,-4.551297533639062,Summer,CHARGE_PRIORITY
244.0,luxury_house,19.28109112234562,18.0,12.949080091679456,5.0509199083205445,0.0,-1.2810911223456234,Summer,CHARGE_PRIORITY
244.0,small_family,17.65250736557883,6.5,6.38442568490094,0.11557431509905997,0.0,-11.152507365578831,Summer,CHARGE_PRIORITY
245.0,apartment,10.06392064306689,3.6399999999999997,3.6390856858627068,0.0009143141372929819,0.0,-6.423920643066889,Summer,CHARGE_PRIORITY
245.0,family_house,16.31909190897047,10.08,9.780597253567025,0.29940274643297415,0.0,-6.2390919089704715,Summer,CHARGE_PRIORITY
245.0,luxury_house,21.043842483660256,18.0,13.580717910233163,4.419282089766837,0.0,-3.0438424836602547,Summer,CHARGE_PRIORITY
245.0,small_family,19.688813617544575,6.5,6.438849301512105,0.06115069848789434,0.0,-13.188813617544577,Summer,CHARGE_PRIORITY
246.0,apartment,10.418937323304476,3.6399999999999997,3.6399999999999997,0.0,0.0,-6.778937323304477,Summer,CHARGE_PRIORITY
246.0,family_house,16.89476713928004,10.08,9.829299451357521,0.2507005486424787,0.0,-6.8147671392800415,Summer,CHARGE_PRIORITY
246.0,luxury_house,21.645084145994893,18.0,13.795222412257372,4.204777587742628,0.0,-3.6450841459948933,Summer,CHARGE_PRIORITY
246.0,small_family,20.38335975877758,6.5,6.454330228645086,0.0456697713549144,0.0,-13.88335975877758,Summer,CHARGE_PRIORITY
247.0,apartment,10.063920643066892,3.6399999999999997,3.6399999999999997,0.0,1.5192010638972622,-6.423920643066891,Summer,CHARGE_PRIORITY
247.0,family_house,16.31909190897047,10.08,9.780597253567025,0.29940274643297415,0.0,-6.2390919089704715,Summer,CHARGE_PRIORITY
247.0,luxury_house,21.043842483660256,18.0,13.580717910233163,4.419282089766837,0.0,-3.0438424836602547,Summer,CHARGE_PRIORITY
247.0,small_family,19.688813617544582,6.5,6.438849301512105,0.06115069848789423,2.2968444199686537,-13.18881361754458,Summer,CHARGE_PRIORITY
248.0,apartment,9.023064402419518,3.6399999999999997,3.61823782930748,0.021762170692519567,1.7105194492590947,-5.383064402419519,Summer,CHARGE_PRIORITY
248.0,family_house,14.631297533639065,10.08,9.637809634490774,0.4421903655092255,0.0,-4.551297533639065,Summer,CHARGE_PRIORITY
248.0,luxury_house,19.281091122345625,18.0,12.95182253148804,5.048177468511961,0.0,-1.2810911223456256,Summer,CHARGE_PRIORITY
248.0,small_family,17.652507365578835,6.5,6.393461519713837,0.10653848028616336,4.564291308691247,-11.152507365578833,Summer,CHARGE_PRIORITY
249.0,apartment,7.367301234066213,3.6399999999999997,3.5643049017167083,0.0756950982832913,1.3452523245901913,-3.7273012340662133,Summer,CHARGE_PRIORITY
249.0,family_house,11.946404410752567,10.08,9.185283775301542,0.8947162246984581,0.0,-1.8664044107525664,Summer,CHARGE_PRIORITY
249.0,luxury_house,16.476958654240228,18.0,11.951394456784723,6.0486055432152765,0.0,1.5230413457597707,Summer,CHARGE_PRIORITY
249.0,small_family,14.413211908796619,6.5,6.321259985572975,0.17874001442702525,5.517766362350893,-7.913211908796619,Summer,CHARGE_PRIORITY
250.0,apartment,5.209468661652242,3.6399999999999997,3.4275795631541865,0.212420436845813,0.8692269398569246,-1.569468661652242,Summer,CHARGE_PRIORITY
250.0,family_house,8.447383569640026,10.08,7.537177354001743,2.542822645998256,0.0,1.6326164303599735,Summer,CHARGE_PRIORITY
250.0,luxury_house,11.889961295992025,18.0,10.300648237905573,7.699351762094427,0.3752932177919368,6.110038704007976,Summer,CHARGE_PRIORITY
250.0,small_family,10.191679879388797,6.5,5.954202229721458,0.545797770278542,3.4110418126606543,-3.691679879388797,Summer,CHARGE_PRIORITY
251.0,apartment,2.6966194090006814,3.6399999999999997,3.153865299270243,0.48613470072975684,0.31488363835972283,0.9433805909993185,Summer,CHARGE_PRIORITY
251.0,family_house,4.3726874982179105,10.08,5.779261765366369,4.300738234633631,0.0,5.707312501782089,Summer,CHARGE_PRIORITY
251.0,luxury_house,6.154696857869174,18.0,8.076791588110378,9.923208411889622,0.08781302844914385,11.845303142130826,Summer,CHARGE_PRIORITY
251.0,small_family,5.275601708747967,6.5,5.413747370707214,1.0862526292927859,0.8009613499252884,1.2243982912520328,Summer,CHARGE_PRIORITY
252.0,apartment,1.275951824350172e-15,3.6399999999999997,2.3652587333300534,1.274741266669946,0.0,3.6399999999999983,Summer,CHARGE_PRIORITY
252.0,family_house,2.069012249945919e-15,10.08,3.4190945930852643,6.660905406914735,0.0,10.079999999999998,Summer,CHARGE_PRIORITY
252.0,luxury_house,2.912200608624508e-15,18.0,5.428147026831813,12.571852973168188,0.0,17.999999999999996,Summer,CHARGE_PRIORITY
252.0,small_family,2.496241628445593e-15,6.5,4.518315563076337,1.981684436923663,0.0,6.499999999999997,Summer,CHARGE_PRIORITY
253.0,apartment,0.0,3.6399999999999997,2.2399999999999998,1.4,0.0,3.6399999999999997,Summer,CHARGE_PRIORITY
253.0,family_house,0.0,10.08,2.6623371597099945,7.4176628402900056,0.0,10.08,Summer,CHARGE_PRIORITY
253.0,luxury_house,0.0,18.0,4.5,13.5,0.0,18.0,Summer,CHARGE_PRIORITY
253.0,small_family,0.0,6.5,4.0,2.5,0.0,6.5,Summer,CHARGE_PRIORITY
254.0,apartment,0.0,3.6399999999999997,2.1560698878051836,1.4839301121948159,0.0,3.6399999999999997,Summer,CHARGE_PRIORITY
254.0,family_house,0.0,10.08,2.52,7.56,0.0,10.08,Summer,CHARGE_PRIORITY
254.0,luxury_house,0.0,18.0,3.461575956948729,14.53842404305127,0.0,18.0,Summer,CHARGE_PRIORITY
254.0,small_family,0.0,6.5,4.0,2.5,0.0,6.5,Summer,CHARGE_PRIORITY
255.0,apartment,0.0,3.6399999999999997,1.9599999999999997,1.6799999999999997,0.0,3.6399999999999997,Summer,CHARGE_PRIORITY
255.0,family_house,0.0,10.08,2.52,7.56,0.0,10.08,Summer,CHARGE_PRIORITY
255.0,luxury_house,0.0,18.0,3.0,15.0,0.0,18.0,Summer,CHARGE_PRIORITY
255.0,small_family,0.0,6.5,4.0,2.5,0.0,6.5,Summer,CHARGE_PRIORITY
256.0,apartment,0.0,3.6399999999999997,1.9599999999999997,1.6799999999999997,0.0,3.6399999999999997,Summer,CHARGE_PRIORITY
256.0,family_house,0.0,10.08,2.52,7.56,0.0,10.08,Summer,CHARGE_PRIORITY
256.0,luxury_house,0.0,18.0,3.0,15.0,0.0,18.0,Summer,CHARGE_PRIORITY
256.0,small_family,0.0,6.5,4.0,2.5,0.0,6.5,Summer,CHARGE_PRIORITY
257.0,apartment,0.0,3.6399999999999997,1.7638569562923745,1.8761430437076252,0.0,3.6399999999999997,Summer,CHARGE_PRIORITY
257.0,family_house,0.0,10.08,2.2984706395356502,7.78152936046435,0.0,10.08,Summer,CHARGE_PRIORITY
257.0,luxury_house,0.0,18.0,2.966389355769942,15.033610644230057,0.0,18.0,Summer,CHARGE_PRIORITY
257.0,small_family,0.0,6.5,3.5104833964382856,2.9895166035617144,0.0,6.5,Summer,CHARGE_PRIORITY
258.0,apartment,0.0,24.972849401250304,7.313831713905007,17.659017687345298,0.0,24.972849401250304,Summer,CHARGE_PRIORITY
258.0,family_house,0.0,30.56786726647629,3.0358423861817383,27.532024880294554,0.0,30.56786726647629,Summer,CHARGE_PRIORITY
258.0,luxury_house,0.0,34.78722554893714,4.075963537046381,30.711262011890756,0.0,34.78722554893714,Summer,CHARGE_PRIORITY
258.0,small_family,0.0,24.93999768716685,13.816765707228633,11.123231979938218,0.0,24.93999768716685,Summer,CHARGE_PRIORITY
259.0,apartment,0.0,23.6922806465322,5.917610465447468,17.774670181084733,0.0,23.6922806465322,Summer,CHARGE_PRIORITY
259.0,family_house,0.0,26.532961275660277,4.702921296303997,21.83003997935628,0.0,26.532961275660277,Summer,CHARGE_PRIORITY
259.0,luxury_house,0.0,33.36501373931211,3.5229646203693705,29.842049118942743,0.0,33.36501373931211,Summer,CHARGE_PRIORITY
259.0,small_family,0.0,27.9894594596446,13.478176336803346,14.511283122841256,0.0,27.9894594596446,Summer,CHARGE_PRIORITY
260.0,apartment,0.0,27.00551332453464,3.5371832363299753,23.468330088204663,0.0,27.00551332453464,Summer,CHARGE_PRIORITY
260.0,family_house,0.0,25.83783876759394,1.6733778092976626,24.164460958296278,0.0,25.83783876759394,Summer,CHARGE_PRIORITY
260.0,luxury_house,0.0,34.67139316905622,0.4773712074934992,34.194021961562726,0.0,34.67139316905622,Summer,CHARGE_PRIORITY
260.0,small_family,0.0,22.976881427101844,5.8942083111672074,17.082673115934636,0.0,22.976881427101844,Summer,CHARGE_PRIORITY
261.0,apartment,0.0,23.417938325933214,0.0,23.417938325933214,0.0,23.417938325933214,Summer,CHARGE_PRIORITY
261.0,family_house,0.0,28.643484264821822,0.0,28.643484264821822,0.0,28.643484264821822,Summer,CHARGE_PRIORITY
261.0,luxury_house,0.0,34.518038179011356,0.0,34.518038179011356,0.0,34.518038179011356,Summer,CHARGE_PRIORITY
261.0,small_family,0.0,20.416311285754873,2.469101314345535,17.94720997140934,0.0,20.416311285754873,Summer,CHARGE_PRIORITY
262.0,apartment,0.0,3.6399999999999997,0.0,3.6399999999999997,0.0,3.6399999999999997,Summer,CHARGE_PRIORITY
262.0,family_house,0.0,10.08,0.0,10.08,0.0,10.08,Summer,CHARGE_PRIORITY
262.0,luxury_house,0.0,18.0,0.0,18.0,0.0,18.0,Summer,CHARGE_PRIORITY
262.0,small_family,0.0,6.5,0.0,6.5,0.0,6.5,Summer,CHARGE_PRIORITY
263.0,apartment,0.0,3.6399999999999997,0.0,3.6399999999999997,0.0,3.6399999999999997,Summer,CHARGE_PRIORITY
263.0,family_house,0.0,10.08,0.0,10.08,0.0,10.08,Summer,CHARGE_PRIORITY
263.0,luxury_house,0.0,18.0,0.0,18.0,0.0,18.0,Summer,CHARGE_PRIORITY
263.0,small_family,0.0,6.5,0.0,6.5,0.0,6.5,Summer,CHARGE_PRIORITY
264.0,apartment,0.0,3.6399999999999997,0.0,3.6399999999999997,0.0,3.6399999999999997,Summer,CHARGE_PRIORITY
264.0,family_house,0.0,10.08,0.0,10.08,0.0,10.08,Summer,CHARGE_PRIORITY
264.0,luxury_house,0.0,18.0,0.0,18.0,0.0,18.0,Summer,CHARGE_PRIORITY
264.0,small_family,0.0,6.5,0.0,6.5,0.0,6.5,Summer,CHARGE_PRIORITY
265.0,apartment,2.9484344480736833,3.6399999999999997,2.3752951364538153,1.2647048635461842,0.0,0.6915655519263163,Summer,CHARGE_PRIORITY
265.0,family_house,4.42991292051702,10.08,3.9869216284653177,6.0930783715346815,0.0,5.650087079482979,Summer,CHARGE_PRIORITY
265.0,luxury_house,7.7836655910933645,18.0,7.005299031984028,10.994700968015973,0.0,10.216334408906635,Summer,CHARGE_PRIORITY
265.0,small_family,5.521135955246897,6.5,3.750951039875751,2.749048960124249,0.0,0.9788640447531034,Summer,CHARGE_PRIORITY
266.0,apartment,5.6959379610294505,3.6399999999999997,3.230163229503048,0.4098367704969516,0.0,-2.0559379610294513,Summer,CHARGE_PRIORITY
266.0,family_house,8.557934596278043,10.08,6.5515711218019925,3.5284288781980075,0.0,1.5220654037219556,Summer,CHARGE_PRIORITY
266.0,luxury_house,15.036887235269294,18.0,12.364292986518604,5.6357070134813965,0.0,2.9631127647307056,Summer,CHARGE_PRIORITY
266.0,small_family,10.666015619252285,6.5,4.916651833678307,1.583348166321693,0.0,-4.166015619252284,Summer,CHARGE_PRIORITY
267.0,apartment,8.055272714923605,3.6399999999999997,3.5040670171055535,0.1359329828944463,0.0,-4.4152727149236055,Summer,CHARGE_PRIORITY
267.0,family_house,12.102747171958331,10.08,7.883219423646949,2.1967805763530506,0.0,-2.0227471719583305,Summer,CHARGE_PRIORITY
267.0,luxury_house,21.265369863992714,18.0,14.952179205531797,3.0478207944682034,0.0,-3.2653698639927127,Summer,CHARGE_PRIORITY
267.0,small_family,15.084023945229852,6.5,5.8543371679408995,0.6456628320591005,0.0,-8.584023945229852,Summer,CHARGE_PRIORITY
268.0,apartment,9.865653945263286,3.6399999999999997,3.599645571397228,0.04035442860277158,0.0,-6.225653945263287,Summer,CHARGE_PRIORITY
268.0,family_house,14.822777528605021,10.08,8.561745655497337,1.5182543445026633,0.0,-4.742777528605022,Summer,CHARGE_PRIORITY
268.0,luxury_house,26.04465267917033,18.0,15.68481694324587,2.31518305675413,0.0,-8.044652679170328,Summer,CHARGE_PRIORITY
268.0,small_family,18.47408096686818,6.5,6.255002901250686,0.24499709874931447,0.0,-11.97408096686818,Summer,CHARGE_PRIORITY
269.0,apartment,11.003707162997287,3.6399999999999997,3.6272899034564587,0.012710096543540772,0.0,-7.3637071629972874,Summer,CHARGE_PRIORITY
269.0,family_house,16.53266009247535,10.08,8.967996877921754,1.1120031220782463,0.0,-6.45266009247535,Summer,CHARGE_PRIORITY
269.0,luxury_house,28.875274761306734,18.0,16.109879265752642,1.8901207342473563,0.0,-10.875274761306736,Summer,CHARGE_PRIORITY
269.0,small_family,20.605159900476743,6.5,6.42995148411467,0.07004851588532968,0.0,-14.105159900476744,Summer,CHARGE_PRIORITY
270.0,apartment,11.391875922058903,3.6399999999999997,3.6367188703125826,0.003281129687417006,0.0,-7.751875922058903,Summer,CHARGE_PRIORITY
270.0,family_house,17.11586919255609,10.08,9.106561604437564,0.9734383955624353,0.0,-7.035869192556091,Summer,CHARGE_PRIORITY
270.0,luxury_house,29.476206636708014,18.0,16.254860108194993,1.745139891805006,0.0,-11.476206636708012,Summer,CHARGE_PRIORITY
270.0,small_family,21.332031238504573,6.5,6.462756620440924,0.037243379559075696,4.882218350552268,-14.832031238504573,Summer,CHARGE_PRIORITY
271.0,apartment,11.003707162997289,3.6399999999999997,3.6272899034564587,0.012710096543540716,1.380053721122537,-7.363707162997289,Summer,CHARGE_PRIORITY
271.0,family_house,16.53266009247535,10.08,8.967996877921754,1.1120031220782463,0.0,-6.45266009247535,Summer,CHARGE_PRIORITY
271.0,luxury_house,28.875274761306734,18.0,16.109879265752642,1.8901207342473563,0.0,-10.875274761306736,Summer,CHARGE_PRIORITY
271.0,small_family,20.60515990047675,6.5,6.429951484114671,0.07004851588532951,10.369442236315804,-14.105159900476748,Summer,CHARGE_PRIORITY
272.0,apartment,9.865653945263286,3.6399999999999997,3.599645571397228,0.04035442860277158,1.6876262793592167,-6.225653945263287,Summer,CHARGE_PRIORITY
272.0,family_house,14.822777528605025,10.08,8.561745655497337,1.518254344502663,0.0,-4.742777528605025,Summer,CHARGE_PRIORITY
272.0,luxury_house,26.04465267917033,18.0,15.68481694324587,2.3151830567541296,0.0,-8.044652679170332,Summer,CHARGE_PRIORITY
272.0,small_family,18.474080966868183,6.5,6.333771690963493,0.1662283090365071,9.94153404117139,-11.974080966868183,Summer,CHARGE_PRIORITY
273.0,apartment,8.055272714923605,3.6399999999999997,3.555669789680308,0.08433021031969173,1.3265601296403433,-4.4152727149236055,Summer,CHARGE_PRIORITY
273.0,family_house,12.102747171958331,10.08,7.915493286610649,2.164506713389351,1.2724207300094075,-2.0227471719583305,Summer,CHARGE_PRIORITY
273.0,luxury_house,21.265369863992714,18.0,15.008640435504807,2.9913595644951925,0.0,-3.2653698639927127,Summer,CHARGE_PRIORITY
273.0,small_family,15.084023945229852,6.5,5.972931058279941,0.5270689417200589,7.750221715648491,-8.584023945229852,Summer,CHARGE_PRIORITY
274.0,apartment,5.695937961029455,3.6399999999999997,3.4655504531342576,0.17444954686574182,0.8560095620526262,-2.0559379610294557,Summer,CHARGE_PRIORITY
274.0,family_house,8.55793459627805,10.08,7.073280802218783,3.006719197781216,0.894287856156461,1.5220654037219488,Summer,CHARGE_PRIORITY
274.0,luxury_house,15.036887235269306,18.0,14.127430054097498,3.8725699459025016,0.0,2.9631127647306945,Summer,CHARGE_PRIORITY
274.0,small_family,10.666015619252294,6.5,5.513251397465658,0.9867486025343418,4.894447893207386,-4.166015619252293,Summer,CHARGE_PRIORITY
275.0,apartment,2.948434448073687,3.6399999999999997,3.2365788863652933,0.40342111363470623,0.3080418201555873,0.691565551926313,Summer,CHARGE_PRIORITY
275.0,family_house,4.429912920517025,10.08,6.092503591311106,3.9874964086888935,0.05773345372662653,5.650087079482975,Summer,CHARGE_PRIORITY
275.0,luxury_house,7.783665591093373,18.0,13.101238830247837,4.898761169752162,0.0,10.216334408906626,Summer,CHARGE_PRIORITY
275.0,small_family,5.521135955246903,6.5,4.734436502218774,1.7655634977812262,1.5688288404580448,0.9788640447530972,Summer,CHARGE_PRIORITY
276.0,apartment,1.3951024384233237e-15,3.6399999999999997,2.955087968046307,0.6849120319536928,0.0,3.639999999999998,Summer,CHARGE_PRIORITY
276.0,family_house,2.0960894421288613e-15,10.08,4.203950531709772,5.876049468290228,0.0,10.079999999999998,Summer,CHARGE_PRIORITY
276.0,luxury_house,3.682975164362447e-15,18.0,10.942569669238129,7.05743033076187,0.0,17.999999999999996,Summer,CHARGE_PRIORITY
276.0,small_family,2.6124203775545973e-15,6.5,3.6934546457304136,2.8065453542695864,0.0,6.499999999999997,Summer,CHARGE_PRIORITY
277.0,apartment,0.0,3.6399999999999997,2.8,0.8399999999999999,0.0,3.6399999999999997,Summer,CHARGE_PRIORITY
277.0,family_house,0.0,10.08,3.36,6.72,0.0,10.08,Summer,CHARGE_PRIORITY
277.0,luxury_house,0.0,18.0,7.747406333893407,10.252593666106593,0.0,18.0,Summer,CHARGE_PRIORITY
277.0,small_family,0.0,6.5,2.8651383832993753,3.6348616167006247,0.0,6.5,Summer,CHARGE_PRIORITY
278.0,apartment,0.0,3.6399999999999997,2.5288095348255393,1.1111904651744604,0.0,3.6399999999999997,Summer,CHARGE_PRIORITY
278.0,family_house,0.0,10.08,3.36,6.72,0.0,10.08,Summer,CHARGE_PRIORITY
278.0,luxury_house,0.0,18.0,5.811603948470006,12.188396051529994,0.0,18.0,Summer,CHARGE_PRIORITY
278.0,small_family,0.0,6.5,2.5,4.0,0.0,6.5,Summer,CHARGE_PRIORITY
279.0,apartment,0.0,3.6399999999999997,2.5199999999999996,1.1199999999999999,0.0,3.6399999999999997,Summer,CHARGE_PRIORITY
279.0,family_house,0.0,10.08,3.36,6.72,0.0,10.08,Summer,CHARGE_PRIORITY
279.0,luxury_house,0.0,18.0,4.5,13.5,0.0,18.0,Summer,CHARGE_PRIORITY
279.0,small_family,0.0,6.5,2.5,4.0,0.0,6.5,Summer,CHARGE_PRIORITY
280.0,apartment,0.0,3.6399999999999997,2.243009943742515,1.3969900562574846,0.0,3.6399999999999997,Summer,CHARGE_PRIORITY
280.0,family_house,0.0,10.08,2.9926856537525004,7.087314346247499,0.0,10.08,Summer,CHARGE_PRIORITY
280.0,luxury_house,0.0,18.0,4.5,13.5,0.0,18.0,Summer,CHARGE_PRIORITY
280.0,small_family,0.0,6.5,2.5,4.0,0.0,6.5,Summer,CHARGE_PRIORITY
281.0,apartment,0.0,3.6399999999999997,2.2399999999999998,1.4,0.0,3.6399999999999997,Summer,CHARGE_PRIORITY
281.0,family_house,0.0,10.08,1.7154644018355731,8.364535598164426,0.0,10.08,Summer,CHARGE_PRIORITY
281.0,luxury_house,0.0,18.0,4.5,13.5,0.0,18.0,Summer,CHARGE_PRIORITY
281.0,small_family,0.0,6.5,2.5,4.0,0.0,6.5,Summer,CHARGE_PRIORITY
282.0,apartment,0.0,20.40834903405088,10.72145981220885,9.686889221842026,0.0,20.40834903405088,Summer,CHARGE_PRIORITY
282.0,family_house,0.0,24.606858859864033,5.000051448220525,19.60680741164351,0.0,24.606858859864033,Summer,CHARGE_PRIORITY
282.0,luxury_house,0.0,39.818679102889206,8.807933622433895,31.01074548045531,0.0,39.818679102889206,Summer,CHARGE_PRIORITY
282.0,small_family,0.0,30.07952762549916,12.659417412732672,17.420110212766488,0.0,30.07952762549916,Summer,CHARGE_PRIORITY
283.0,apartment,0.0,26.45741145285525,7.97105543817143,18.48635601468382,0.0,26.45741145285525,Summer,CHARGE_PRIORITY
283.0,family_house,0.0,29.10490690733753,5.781490569084633,23.323416338252894,0.0,29.10490690733753,Summer,CHARGE_PRIORITY
283.0,luxury_house,0.0,40.10411755605685,1.5262695644235773,38.57784799163327,0.0,40.10411755605685,Summer,CHARGE_PRIORITY
283.0,small_family,0.0,22.58490532954839,8.727526035744079,13.85737929380431,0.0,22.58490532954839,Summer,CHARGE_PRIORITY
284.0,apartment,0.0,21.236760141836044,1.5306555364427237,19.70610460539332,0.0,21.236760141836044,Summer,CHARGE_PRIORITY
284.0,family_house,0.0,29.550973676611267,1.867842524214141,27.683131152397127,0.0,29.550973676611267,Summer,CHARGE_PRIORITY
284.0,luxury_house,0.0,31.41425061735534,0.0,31.41425061735534,0.0,31.41425061735534,Summer,CHARGE_PRIORITY
284.0,small_family,0.0,23.452603271788803,5.0116378597153375,18.440965412073467,0.0,23.452603271788803,Summer,CHARGE_PRIORITY
285.0,apartment,0.0,15.254277742287737,0.04644462117329934,15.207833121114437,0.0,15.254277742287737,Summer,CHARGE_PRIORITY
285.0,family_house,0.0,27.621743499715013,0.0,27.621743499715013,0.0,27.621743499715013,Summer,CHARGE_PRIORITY
285.0,luxury_house,0.0,37.46335240216525,0.0,37.46335240216525,0.0,37.46335240216525,Summer,CHARGE_PRIORITY
285.0,small_family,0.0,26.71142403874928,5.447305582060485,21.26411845668879,0.0,26.71142403874928,Summer,CHARGE_PRIORITY
286.0,apartment,0.0,3.6399999999999997,0.0,3.6399999999999997,0.0,3.6399999999999997,Summer,CHARGE_PRIORITY
286.0,family_house,0.0,10.08,0.0,10.08,0.0,10.08,Summer,CHARGE_PRIORITY
286.0,luxury_house,0.0,18.0,0.0,18.0,0.0,18.0,Summer,CHARGE_PRIORITY
286.0,small_family,0.0,6.5,0.5,6.0,0.0,6.5,Summer,CHARGE_PRIORITY
287.0,apartment,0.0,3.6399999999999997,0.0,3.6399999999999997,0.0,3.6399999999999997,Summer,CHARGE_PRIORITY
287.0,family_house,0.0,10.08,0.0,10.08,0.0,10.08,Summer,CHARGE_PRIORITY
287.0,luxury_house,0.0,18.0,0.0,18.0,0.0,18.0,Summer,CHARGE_PRIORITY
287.0,small_family,0.0,6.5,0.04036467094785241,6.459635329052148,0.0,6.5,Summer,CHARGE_PRIORITY
288.0,apartment,0.0,3.6399999999999997,0.0,3.6399999999999997,0.0,3.6399999999999997,Summer,CHARGE_PRIORITY
288.0,family_house,0.0,10.08,0.0,10.08,0.0,10.08,Summer,CHARGE_PRIORITY
288.0,luxury_house,0.0,18.0,0.0,18.0,0.0,18.0,Summer,CHARGE_PRIORITY
288.0,small_family,0.0,6.5,0.0,6.5,0.0,6.5,Summer,CHARGE_PRIORITY
289.0,apartment,2.2848547409499522,3.6399999999999997,1.8503356223300345,1.7896643776699652,0.0,1.3551452590500472,Summer,CHARGE_PRIORITY
289.0,family_house,4.6167976985835395,10.08,4.155117928725185,5.924882071274814,0.0,5.46320230141646,Summer,CHARGE_PRIORITY
289.0,luxury_house,6.898103272925824,18.0,6.208292945633241,11.791707054366759,0.0,11.101896727074175,Summer,CHARGE_PRIORITY
289.0,small_family,4.964267118325731,6.5,3.699377095386046,2.800622904613954,0.0,1.5357328816742686,Summer,CHARGE_PRIORITY
290.0,apartment,4.4140004072051555,3.6399999999999997,3.012251510456982,0.6277484895430175,0.0,-0.7740004072051556,Summer,CHARGE_PRIORITY
290.0,family_house,8.918968263627548,10.08,6.304823055376674,3.775176944623326,0.0,1.161031736372451,Summer,CHARGE_PRIORITY
290.0,luxury_house,13.326112207456406,18.0,10.558869652530754,7.441130347469245,0.0,4.673887792543594,Summer,CHARGE_PRIORITY
290.0,small_family,9.590227636376866,6.5,5.344571379791663,1.1554286202083373,0.0,-3.0902276363768673,Summer,CHARGE_PRIORITY
291.0,apartment,6.242339240189897,3.6399999999999997,3.538789160539368,0.10121083946063192,0.0,-2.602339240189897,Summer,CHARGE_PRIORITY
291.0,family_house,12.613325880797296,10.08,7.652923421380984,2.4270765786190163,0.0,-2.533325880797297,Summer,CHARGE_PRIORITY
291.0,luxury_house,18.845968617490517,18.0,12.633796503808787,5.366203496191212,0.0,-0.8459686174905159,Summer,CHARGE_PRIORITY
291.0,small_family,13.56262998960944,6.5,6.027854920774798,0.47214507922520216,0.0,-7.062629989609441,Summer,CHARGE_PRIORITY
292.0,apartment,7.645272969909044,3.6399999999999997,3.6399999999999997,0.0,0.0,-4.005272969909044,Summer,CHARGE_PRIORITY
292.0,family_house,15.448106183697284,10.08,8.551621257073554,1.5283787429264448,0.0,-5.368106183697286,Summer,CHARGE_PRIORITY
292.0,luxury_house,22.3722206871129,18.0,13.787590938807883,4.212409061192117,0.0,-4.3722206871128995,Summer,CHARGE_PRIORITY
292.0,small_family,16.61076152235592,6.5,6.337650237751284,0.16234976224871528,0.0,-10.110761522355919,Summer,CHARGE_PRIORITY
293.0,apartment,8.527193981139847,3.6399999999999997,3.6399999999999997,0.0,0.0,-4.8871939811398475,Summer,CHARGE_PRIORITY
293.0,family_house,17.230123579380834,10.08,9.022126445881144,1.0578735541188555,0.0,-7.1501235793808355,Summer,CHARGE_PRIORITY
293.0,luxury_house,24.453979306111016,18.0,14.512896442062537,3.487103557937462,0.0,-6.453979306111016,Summer,CHARGE_PRIORITY
293.0,small_family,18.526897107935167,6.5,6.394609456527397,0.10539054347260268,0.0,-12.026897107935168,Summer,CHARGE_PRIORITY
294.0,apartment,8.828000814410311,3.6399999999999997,3.6399999999999997,0.0,0.0,-5.188000814410312,Summer,CHARGE_PRIORITY
294.0,family_house,17.8379365272551,10.08,9.16260065680181,0.9173993431981892,0.0,-7.7579365272551,Summer,CHARGE_PRIORITY
294.0,luxury_house,25.034412848577162,18.0,14.760284642149966,3.2397153578500335,0.0,-7.034412848577162,Summer,CHARGE_PRIORITY
294.0,small_family,19.180455272753736,6.5,6.408529770907383,0.09147022909261737,1.7761127409664192,-12.680455272753738,Summer,CHARGE_PRIORITY
295.0,apartment,8.527193981139849,3.6399999999999997,3.6399999999999997,0.0,0.0,-4.887193981139849,Summer,CHARGE_PRIORITY
295.0,family_house,17.230123579380834,10.08,9.022126445881144,1.0578735541188555,0.0,-7.1501235793808355,Summer,CHARGE_PRIORITY
295.0,luxury_house,24.453979306111016,18.0,14.512896442062537,3.487103557937462,0.0,-6.453979306111016,Summer,CHARGE_PRIORITY
295.0,small_family,18.52689710793517,6.5,6.394609456527397,0.10539054347260263,6.426659979270944,-12.026897107935172,Summer,CHARGE_PRIORITY
296.0,apartment,7.645272969909044,3.6399999999999997,3.6399999999999997,0.0,0.9564094496657527,-4.005272969909044,Summer,CHARGE_PRIORITY
296.0,family_house,15.448106183697288,10.08,8.610276898448781,1.469723101551219,0.2817591554310236,-5.368106183697288,Summer,CHARGE_PRIORITY
296.0,luxury_house,22.372220687112904,18.0,13.787590938807885,4.212409061192116,0.0,-4.372220687112902,Summer,CHARGE_PRIORITY
296.0,small_family,16.610761522355922,6.5,6.35379715980803,0.14620284019196972,6.933806862987337,-10.110761522355922,Summer,CHARGE_PRIORITY
297.0,apartment,6.242339240189897,3.6399999999999997,3.6399999999999997,0.0,1.0866031884289078,-2.602339240189897,Summer,CHARGE_PRIORITY
297.0,family_house,12.613325880797296,10.08,7.819599774276522,2.260400225723477,1.6834685843710053,-2.533325880797297,Summer,CHARGE_PRIORITY
297.0,luxury_house,18.845968617490517,18.0,12.633796503808787,5.366203496191212,0.0,-0.8459686174905159,Summer,CHARGE_PRIORITY
297.0,small_family,13.56262998960944,6.5,6.288874171325197,0.21112582867480295,5.386174467833952,-7.062629989609441,Summer,CHARGE_PRIORITY
298.0,apartment,4.414000407205158,3.6399999999999997,3.5885435008944957,0.05145649910550387,0.6863343817292384,-0.774000407205159,Summer,CHARGE_PRIORITY
298.0,family_house,8.918968263627555,10.08,6.712409704182716,3.367590295817284,0.9443617481199561,1.1610317363724438,Summer,CHARGE_PRIORITY
298.0,luxury_house,13.326112207456417,18.0,11.130142321074985,6.8698576789250145,0.0,4.673887792543583,Summer,CHARGE_PRIORITY
298.0,small_family,9.590227636376873,6.5,6.000576430440612,0.4994235695593883,3.3692606626390553,-3.0902276363768744,Summer,CHARGE_PRIORITY
299.0,apartment,2.284854740949955,3.6399999999999997,3.250541842753367,0.38945815724663224,0.22021148385779282,1.3551452590500448,Summer,CHARGE_PRIORITY
299.0,family_house,4.616797698583545,10.08,5.194103842122755,4.885896157877245,0.08365360753174378,5.463202301416455,Summer,CHARGE_PRIORITY
299.0,luxury_house,6.898103272925832,18.0,9.379099938253752,8.620900061746248,0.0,11.101896727074168,Summer,CHARGE_PRIORITY
299.0,small_family,4.964267118325737,6.5,5.201524273300184,1.298475726699816,1.0205147901190168,1.5357328816742628,Summer,CHARGE_PRIORITY
300.0,apartment,1.0811182940237815e-15,3.6399999999999997,2.9253938870382945,0.714606112961705,0.0,3.639999999999999,Summer,CHARGE_PRIORITY
300.0,family_house,2.1845171871496613e-15,10.08,3.3600000000000008,6.719999999999999,0.0,10.079999999999998,Summer,CHARGE_PRIORITY
300.0,luxury_house,3.2639561319879916e-15,18.0,7.500000000000001,10.499999999999998,0.0,17.999999999999996,Summer,CHARGE_PRIORITY
300.0,small_family,2.3489283155966837e-15,6.5,4.199072779832844,2.3009272201671567,0.0,6.499999999999997,Summer,CHARGE_PRIORITY
301.0,apartment,0.0,3.6399999999999997,2.489404627097152,1.1505953729028475,0.0,3.6399999999999997,Summer,CHARGE_PRIORITY
301.0,family_house,0.0,10.08,3.36,6.72,0.0,10.08,Summer,CHARGE_PRIORITY
301.0,luxury_house,0.0,18.0,7.233823181633123,10.766176818366876,0.0,18.0,Summer,CHARGE_PRIORITY
301.0,small_family,0.0,6.5,4.0,2.5,0.0,6.5,Summer,CHARGE_PRIORITY
302.0,apartment,0.0,3.6399999999999997,1.7542302196847415,1.8857697803152582,0.0,3.6399999999999997,Summer,CHARGE_PRIORITY
302.0,family_house,0.0,10.08,3.36,6.72,0.0,10.08,Summer,CHARGE_PRIORITY
302.0,luxury_house,0.0,18.0,4.976278942613886,13.023721057386114,0.0,18.0,Summer,CHARGE_PRIORITY
302.0,small_family,0.0,6.5,3.82151557063193,2.67848442936807,0.0,6.5,Summer,CHARGE_PRIORITY
303.0,apartment,0.0,3.6399999999999997,1.236181817071723,2.4038181829282768,0.0,3.6399999999999997,Summer,CHARGE_PRIORITY
303.0,family_house,0.0,10.08,2.685390498053415,7.394609501946585,0.0,10.08,Summer,CHARGE_PRIORITY
303.0,luxury_house,0.0,18.0,4.5,13.5,0.0,18.0,Summer,CHARGE_PRIORITY
303.0,small_family,0.0,6.5,3.5,3.0,0.0,6.5,Summer,CHARGE_PRIORITY
304.0,apartment,0.0,3.6399999999999997,0.8399999999999999,2.8,0.0,3.6399999999999997,Summer,CHARGE_PRIORITY
304.0,family_house,0.0,10.08,2.52,7.56,0.0,10.08,Summer,CHARGE_PRIORITY
304.0,luxury_house,0.0,18.0,4.5,13.5,0.0,18.0,Summer,CHARGE_PRIORITY
304.0,small_family,0.0,6.5,3.1307503422569383,3.3692496577430617,0.0,6.5,Summer,CHARGE_PRIORITY
305.0,apartment,0.0,3.6399999999999997,0.8399999999999999,2.8,0.0,3.6399999999999997,Summer,CHARGE_PRIORITY
305.0,family_house,0.0,10.08,2.52,7.56,0.0,10.08,Summer,CHARGE_PRIORITY
305.0,luxury_house,0.0,18.0,4.0752764389636535,13.924723561036346,0.0,18.0,Summer,CHARGE_PRIORITY
305.0,small_family,0.0,6.5,3.0,3.5,0.0,6.5,Summer,CHARGE_PRIORITY
306.0,apartment,0.0,15.857211111800671,3.2898795544926682,12.567331557308004,0.0,15.857211111800671,Summer,CHARGE_PRIORITY
306.0,family_house,0.0,29.07239916485411,6.627384836264289,22.44501432858982,0.0,29.07239916485411,Summer,CHARGE_PRIORITY
306.0,luxury_house,0.0,35.97422202483975,4.09948998894324,31.874732035896503,0.0,35.97422202483975,Summer,CHARGE_PRIORITY
306.0,small_family,0.0,27.29448718556831,7.94295334120946,19.35153384435885,0.0,27.29448718556831,Summer,CHARGE_PRIORITY
307.0,apartment,0.0,26.222019603460403,4.318739619258862,21.90327998420154,0.0,26.222019603460403,Summer,CHARGE_PRIORITY
307.0,family_house,0.0,31.840074476379897,6.600419078072717,25.23965539830718,0.0,31.840074476379897,Summer,CHARGE_PRIORITY
307.0,luxury_house,0.0,34.620109295384935,4.05270137325317,30.567407922131764,0.0,34.620109295384935,Summer,CHARGE_PRIORITY
307.0,small_family,0.0,32.5926497593129,9.2982432106024,23.294406548710498,0.0,32.5926497593129,Summer,CHARGE_PRIORITY
308.0,apartment,0.0,22.304467955513793,2.78542469778319,19.519043257730605,0.0,22.304467955513793,Summer,CHARGE_PRIORITY
308.0,family_house,0.0,29.78136640007749,3.6158957313474964,26.165470668729995,0.0,29.78136640007749,Summer,CHARGE_PRIORITY
308.0,luxury_house,0.0,36.28512217340987,2.4490403265394223,33.83608184687044,0.0,36.28512217340987,Summer,CHARGE_PRIORITY
308.0,small_family,0.0,23.74422687556764,4.3519713662910435,19.3922555092766,0.0,23.74422687556764,Summer,CHARGE_PRIORITY
309.0,apartment,0.0,25.280351854021756,0.24747243116389686,25.03287942285786,0.0,25.280351854021756,Summer,CHARGE_PRIORITY
309.0,family_house,0.0,24.403782283282673,2.8089709618970855,21.59481132138559,0.0,24.403782283282673,Summer,CHARGE_PRIORITY
309.0,luxury_house,0.0,35.01117003320537,0.0,35.01117003320537,0.0,35.01117003320537,Summer,CHARGE_PRIORITY
309.0,small_family,0.0,23.746320925251908,1.8107657304063443,21.935555194845563,0.0,23.746320925251908,Summer,CHARGE_PRIORITY
310.0,apartment,0.0,3.6399999999999997,0.0,3.6399999999999997,0.0,3.6399999999999997,Summer,CHARGE_PRIORITY
310.0,family_house,0.0,10.08,0.0,10.08,0.0,10.08,Summer,CHARGE_PRIORITY
310.0,luxury_house,0.0,18.0,0.0,18.0,0.0,18.0,Summer,CHARGE_PRIORITY
310.0,small_family,0.0,6.5,-2.1065000811460205e-16,6.5,0.0,6.5,Summer,CHARGE_PRIORITY
311.0,apartment,0.0,3.6399999999999997,0.0,3.6399999999999997,0.0,3.6399999999999997,Summer,CHARGE_PRIORITY
311.0,family_house,0.0,10.08,0.0,10.08,0.0,10.08,Summer,CHARGE_PRIORITY
311.0,luxury_house,0.0,18.0,0.0,18.0,0.0,18.0,Summer,CHARGE_PRIORITY
311.0,small_family,0.0,6.5,0.0,6.5,0.0,6.5,Summer,CHARGE_PRIORITY
312.0,apartment,0.0,3.6399999999999997,0.0,3.6399999999999997,0.0,3.6399999999999997,Summer,CHARGE_PRIORITY
312.0,family_house,0.0,10.08,0.0,10.08,0.0,10.08,Summer,CHARGE_PRIORITY
312.0,luxury_house,0.0,18.0,0.0,18.0,0.0,18.0,Summer,CHARGE_PRIORITY
312.0,small_family,0.0,6.5,0.0,6.5,0.0,6.5,Summer,CHARGE_PRIORITY
313.0,apartment,2.694322880124293,3.6399999999999997,2.1193378321009555,1.5206621678990442,0.0,0.9456771198757065,Summer,CHARGE_PRIORITY
313.0,family_house,7.147524469527908,10.08,6.05584802025291,4.02415197974709,0.0,2.9324755304720913,Summer,CHARGE_PRIORITY
313.0,luxury_house,6.61477067490479,18.0,5.95329360741431,12.046706392585689,0.0,11.38522932509521,Summer,CHARGE_PRIORITY
313.0,small_family,3.8309431611838454,6.5,3.004180876359178,3.4958191236408216,0.0,2.6690568388161546,Summer,CHARGE_PRIORITY
314.0,apartment,5.2050321085472,3.6399999999999997,2.944047749493809,0.6959522505061904,0.0,-1.5650321085472005,Summer,CHARGE_PRIORITY
314.0,family_house,13.807956958300158,10.08,8.144930199140928,1.9350698008590723,0.0,-3.7279569583001577,Summer,CHARGE_PRIORITY
314.0,luxury_house,12.778755659740213,18.0,9.965311293593906,8.034688706406095,0.0,5.221244340259787,Summer,CHARGE_PRIORITY
314.0,small_family,7.4008138768659215,6.5,4.591824826533765,1.9081751734662349,0.0,-0.9008138768659211,Summer,CHARGE_PRIORITY
315.0,apartment,7.36102700049488,3.6399999999999997,3.3943777832728834,0.24562221672711618,0.0,-3.72102700049488,Summer,CHARGE_PRIORITY
315.0,family_house,19.527399999092037,10.08,8.86713016338767,1.2128698366123314,0.0,-9.447399999092037,Summer,CHARGE_PRIORITY
315.0,luxury_house,17.602202252542174,18.0,12.178218131090762,5.821781868909237,0.0,0.3977977474578247,Summer,CHARGE_PRIORITY
315.0,small_family,10.466331357262794,6.5,5.525344970889174,0.9746550291108265,0.0,-3.966331357262794,Summer,CHARGE_PRIORITY
316.0,apartment,9.015380067031115,3.6399999999999997,3.602353688927217,0.03764631107278282,0.0,-5.375380067031115,Summer,CHARGE_PRIORITY
316.0,family_house,23.55334891362172,10.08,9.160900963850297,0.9190990361497031,0.0,-13.473348913621718,Summer,CHARGE_PRIORITY
316.0,luxury_house,20.659227448432148,18.0,13.56674097039194,4.43325902960806,0.0,-2.659227448432149,Summer,CHARGE_PRIORITY
316.0,small_family,12.818585652092573,6.5,6.04224706243584,0.4577529375641598,0.0,-6.318585652092574,Summer,CHARGE_PRIORITY
317.0,apartment,10.055349880619172,3.6399999999999997,3.6399999999999997,0.0,0.0,-6.415349880619171,Summer,CHARGE_PRIORITY
317.0,family_house,25.808926878558026,10.08,9.345573009240459,0.7344269907595408,0.0,-15.72892687855803,Summer,CHARGE_PRIORITY
317.0,luxury_house,22.580953824386526,18.0,14.4396029171916,3.5603970828084,0.0,-4.580953824386526,Summer,CHARGE_PRIORITY
317.0,small_family,14.297274518446637,6.5,6.222433430715144,0.277566569284856,0.09711302027916613,-7.797274518446636,Summer,CHARGE_PRIORITY
318.0,apartment,10.410064217094401,3.6399999999999997,3.6399999999999997,0.0,0.0,-6.770064217094402,Summer,CHARGE_PRIORITY
318.0,family_house,26.57826251767635,10.08,9.4085612048498,0.6714387951501993,0.0,-16.498262517676352,Summer,CHARGE_PRIORITY
318.0,luxury_house,23.23641890368701,18.0,14.731869397519223,3.2681306024807766,0.0,-5.236418903687008,Summer,CHARGE_PRIORITY
318.0,small_family,14.750457698553433,6.5,6.265556212956368,0.23444378704363172,3.5,-8.250457698553433,Summer,CHARGE_PRIORITY
319.0,apartment,10.055349880619172,3.6399999999999997,3.6399999999999997,0.0,0.0,-6.415349880619173,Summer,CHARGE_PRIORITY
319.0,family_house,25.808926878558026,10.08,9.345573009240459,0.7344269907595409,2.7687857245550296,-15.72892687855803,Summer,CHARGE_PRIORITY
319.0,luxury_house,22.580953824386526,18.0,14.44505339196029,3.55494660803971,0.0,-4.580953824386526,Summer,CHARGE_PRIORITY
319.0,small_family,14.297274518446638,6.5,6.222433430715144,0.27756656928485585,3.4131297829857368,-7.797274518446638,Summer,CHARGE_PRIORITY
320.0,apartment,9.015380067031115,3.6399999999999997,3.6399999999999997,0.0,0.9852059566890214,-5.375380067031115,Summer,CHARGE_PRIORITY
320.0,family_house,23.553348913621722,10.08,9.160900963850297,0.9190990361497027,4.8619376915495005,-13.473348913621722,Summer,CHARGE_PRIORITY
320.0,luxury_house,20.65922744843215,18.0,13.566740970391942,4.433259029608058,0.0,-2.659227448432151,Summer,CHARGE_PRIORITY
320.0,small_family,12.818585652092574,6.5,6.096003830337444,0.4039961696625562,3.0084161828353095,-6.318585652092574,Summer,CHARGE_PRIORITY
321.0,apartment,7.36102700049488,3.6399999999999997,3.5921665240612266,0.04783347593877307,1.0899250115598584,-3.72102700049488,Summer,CHARGE_PRIORITY
321.0,family_house,19.527399999092037,10.08,8.86713016338767,1.2128698366123314,7.666880301678361,-9.447399999092037,Summer,CHARGE_PRIORITY
321.0,luxury_house,17.602202252542174,18.0,12.178218131090762,5.821781868909237,0.0,0.3977977474578247,Summer,CHARGE_PRIORITY
321.0,small_family,10.466331357262794,6.5,5.768027357066309,0.7319726429336906,2.3646098177565342,-3.966331357262794,Summer,CHARGE_PRIORITY
322.0,apartment,5.205032108547204,3.6399999999999997,3.22303418474012,0.41696581525987986,1.125737837836112,-1.565032108547204,Summer,CHARGE_PRIORITY
322.0,family_house,13.807956958300169,10.08,8.484280602424901,1.595719397575099,4.565570264832017,-3.727956958300169,Summer,CHARGE_PRIORITY
322.0,luxury_house,12.778755659740224,18.0,10.36865993614396,7.63134006385604,0.5718946303631243,5.221244340259776,Summer,CHARGE_PRIORITY
322.0,small_family,7.400813876865927,6.5,5.163887204374124,1.3361127956258758,1.5255850275892064,-0.9008138768659264,Summer,CHARGE_PRIORITY
323.0,apartment,2.694322880124296,3.6399999999999997,2.8434705899009183,0.7965294100990814,0.3622110754779348,0.9456771198757035,Summer,CHARGE_PRIORITY
323.0,family_house,7.147524469527916,10.08,8.03844284585279,2.041557154147209,0.7425770556735123,2.9324755304720833,Summer,CHARGE_PRIORITY
323.0,luxury_house,6.614770674904797,18.0,8.26138478610084,9.73861521389916,0.1360191030604414,11.385229325095203,Summer,CHARGE_PRIORITY
323.0,small_family,3.8309431611838494,6.5,4.111339886496631,2.388660113503369,0.5485199652292037,2.6690568388161506,Summer,CHARGE_PRIORITY
324.0,apartment,1.2748651822383055e-15,3.6399999999999997,2.3461447601496594,1.2938552398503405,0.0,3.6399999999999983,Summer,CHARGE_PRIORITY
324.0,family_house,3.381974058349343e-15,10.08,7.56,2.5199999999999996,0.0,10.079999999999997,Summer,CHARGE_PRIORITY
324.0,luxury_house,3.1298924431573957e-15,18.0,6.000000000000002,11.999999999999998,0.0,17.999999999999996,Summer,CHARGE_PRIORITY
324.0,small_family,1.812676605077833e-15,6.5,3.0000000000000004,3.4999999999999996,0.0,6.499999999999998,Summer,CHARGE_PRIORITY
325.0,apartment,0.0,3.6399999999999997,2.0876590789775826,1.5523409210224168,0.0,3.6399999999999997,Summer,CHARGE_PRIORITY
325.0,family_house,0.0,10.08,7.482460066692964,2.5975399333070355,0.0,10.08,Summer,CHARGE_PRIORITY
325.0,luxury_house,0.0,18.0,6.0,12.0,0.0,18.0,Summer,CHARGE_PRIORITY
325.0,small_family,0.0,6.5,2.6735182385569356,3.8264817614430644,0.0,6.5,Summer,CHARGE_PRIORITY
326.0,apartment,0.0,3.6399999999999997,1.7952181612977793,1.8447818387022201,0.0,3.6399999999999997,Summer,CHARGE_PRIORITY
326.0,family_house,0.0,10.08,5.931899092603938,4.148100907396062,0.0,10.08,Summer,CHARGE_PRIORITY
326.0,luxury_house,0.0,18.0,4.921008454411538,13.078991545588462,0.0,18.0,Summer,CHARGE_PRIORITY
326.0,small_family,0.0,6.5,2.349484466784175,4.150515533215825,0.0,6.5,Summer,CHARGE_PRIORITY
327.0,apartment,0.0,3.6399999999999997,1.6799999999999997,1.9599999999999997,0.0,3.6399999999999997,Summer,CHARGE_PRIORITY
327.0,family_house,0.0,10.08,5.88,4.2,0.0,10.08,Summer,CHARGE_PRIORITY
327.0,luxury_house,0.0,18.0,3.585264993867383,14.414735006132616,0.0,18.0,Summer,CHARGE_PRIORITY
327.0,small_family,0.0,6.5,2.0,4.5,0.0,6.5,Summer,CHARGE_PRIORITY
328.0,apartment,0.0,3.6399999999999997,1.6799999999999997,1.9599999999999997,0.0,3.6399999999999997,Summer,CHARGE_PRIORITY
328.0,family_house,0.0,10.08,5.48356023667301,4.596439763326989,0.0,10.08,Summer,CHARGE_PRIORITY
328.0,luxury_house,0.0,18.0,3.0,15.0,0.0,18.0,Summer,CHARGE_PRIORITY
328.0,small_family,0.0,6.5,2.0,4.5,0.0,6.5,Summer,CHARGE_PRIORITY
329.0,apartment,0.0,3.6399999999999997,1.4958681209571774,2.1441318790428223,0.0,3.6399999999999997,Summer,CHARGE_PRIORITY
329.0,family_house,0.0,10.08,5.04,5.04,0.0,10.08,Summer,CHARGE_PRIORITY
329.0,luxury_house,0.0,18.0,3.0,15.0,0.0,18.0,Summer,CHARGE_PRIORITY
329.0,small_family,0.0,6.5,2.0,4.5,0.0,6.5,Summer,CHARGE_PRIORITY
330.0,apartment,0.0,22.795425334961724,8.63925984691998,14.156165488041745,0.0,22.795425334961724,Summer,CHARGE_PRIORITY
330.0,family_house,0.0,33.01185409649783,12.91639275662027,20.09546133987756,0.0,33.01185409649783,Summer,CHARGE_PRIORITY
330.0,luxury_house,0.0,31.097094218952247,2.6262878645089662,28.47080635444328,0.0,31.097094218952247,Summer,CHARGE_PRIORITY
330.0,small_family,0.0,25.930896604598747,6.875270954281294,19.055625650317452,0.0,25.930896604598747,Summer,CHARGE_PRIORITY
331.0,apartment,0.0,25.736834433427635,8.45838650075284,17.278447932674794,0.0,25.736834433427635,Summer,CHARGE_PRIORITY
331.0,family_house,0.0,26.86094085942618,11.838752337087724,15.022188522338455,0.0,26.86094085942618,Summer,CHARGE_PRIORITY
331.0,luxury_house,0.0,39.63547319162627,4.284318750996658,35.351154440629614,0.0,39.63547319162627,Summer,CHARGE_PRIORITY
331.0,small_family,0.0,23.843691051778627,5.625945590200632,18.217745461577994,0.0,23.843691051778627,Summer,CHARGE_PRIORITY
332.0,apartment,0.0,19.637675549726833,3.3836162845242863,16.254059265202546,0.0,19.637675549726833,Summer,CHARGE_PRIORITY
332.0,family_house,0.0,35.14023656099085,10.258015755240201,24.882220805750652,0.0,35.14023656099085,Summer,CHARGE_PRIORITY
332.0,luxury_house,0.0,36.345814871244016,1.8129892085049848,34.53282566273903,0.0,36.345814871244016,Summer,CHARGE_PRIORITY
332.0,small_family,0.0,24.897798081621243,2.7824328911208824,22.11536519050036,0.0,24.897798081621243,Summer,CHARGE_PRIORITY
333.0,apartment,0.0,27.25172400921074,0.30072093846022196,26.951003070750517,0.0,27.25172400921074,Summer,CHARGE_PRIORITY
333.0,family_house,0.0,27.541281133693627,1.3000353073061084,26.24124582638752,0.0,27.541281133693627,Summer,CHARGE_PRIORITY
333.0,luxury_house,0.0,35.308066930488934,0.16735095409055586,35.14071597639838,0.0,35.308066930488934,Summer,CHARGE_PRIORITY
333.0,small_family,0.0,31.380031641664775,0.15895170040060658,31.221079941264172,0.0,31.380031641664775,Summer,CHARGE_PRIORITY
334.0,apartment,0.0,3.6399999999999997,0.0,3.6399999999999997,0.0,3.6399999999999997,Summer,CHARGE_PRIORITY
334.0,family_house,0.0,10.08,-1.0532500405730103e-16,10.08,0.0,10.08,Summer,CHARGE_PRIORITY
334.0,luxury_house,0.0,18.0,0.0,18.0,0.0,18.0,Summer,CHARGE_PRIORITY
334.0,small_family,0.0,6.5,0.0,6.5,0.0,6.5,Summer,CHARGE_PRIORITY
335.0,apartment,0.0,3.6399999999999997,0.0,3.6399999999999997,0.0,3.6399999999999997,Summer,CHARGE_PRIORITY
335.0,family_house,0.0,10.08,0.0,10.08,0.0,10.08,Summer,CHARGE_PRIORITY
335.0,luxury_house,0.0,18.0,0.0,18.0,0.0,18.0,Summer,CHARGE_PRIORITY
335.0,small_family,0.0,6.5,0.0,6.5,0.0,6.5,Summer,CHARGE_PRIORITY
336.0,apartment,0.0,3.6399999999999997,0.0,3.6399999999999997,0.0,3.6399999999999997,Summer,CHARGE_PRIORITY
336.0,family_house,0.0,10.08,0.0,10.08,0.0,10.08,Summer,CHARGE_PRIORITY
336.0,luxury_house,0.0,18.0,0.0,18.0,0.0,18.0,Summer,CHARGE_PRIORITY
336.0,small_family,0.0,6.5,0.0,6.5,0.0,6.5,Summer,CHARGE_PRIORITY
337.0,apartment,3.307934875701309,3.6399999999999997,2.363242810400679,1.2767571895993204,0.0,0.3320651242986904,Summer,CHARGE_PRIORITY
337.0,family_house,4.986082706687624,10.08,4.275199117774259,5.80480088222574,0.0,5.093917293312376,Summer,CHARGE_PRIORITY
337.0,luxury_house,6.845517215624053,18.0,6.108758672018444,11.891241327981556,0.0,11.154482784375947,Summer,CHARGE_PRIORITY
337.0,small_family,4.028448957403865,6.5,3.2294068437866628,3.2705931562133377,0.0,2.4715510425961353,Summer,CHARGE_PRIORITY
338.0,apartment,6.390439456244427,3.6399999999999997,3.1769648083064665,0.46303519169353313,0.0,-2.750439456244427,Summer,CHARGE_PRIORITY
338.0,family_house,9.632372116805753,10.08,6.3997958005061575,3.680204199493842,0.0,0.4476278831942474,Summer,CHARGE_PRIORITY
338.0,luxury_house,13.22452374575541,18.0,10.40343805687265,7.59656194312735,0.0,4.775476254244589,Summer,CHARGE_PRIORITY
338.0,small_family,7.782365775687327,6.5,4.891480850352194,1.608519149647806,0.0,-1.2823657756873268,Summer,CHARGE_PRIORITY
339.0,apartment,9.037446148545017,3.6399999999999997,3.481981907788835,0.15801809221116478,0.0,-5.3974461485450185,Summer,CHARGE_PRIORITY
339.0,family_house,13.622231285411138,10.08,7.658920447920589,2.4210795520794113,0.0,-3.542231285411137,Summer,CHARGE_PRIORITY
339.0,luxury_house,17.99040316864229,18.0,12.699698449334527,5.300301550665474,0.0,0.009596831357711277,Summer,CHARGE_PRIORITY
339.0,small_family,11.005927227325234,6.5,5.824110737627286,0.6758892623727144,0.0,-4.505927227325233,Summer,CHARGE_PRIORITY
340.0,apartment,11.068565820908178,3.6399999999999997,3.585180477383597,0.05481952261640266,0.0,-7.428565820908179,Summer,CHARGE_PRIORITY
340.0,family_house,16.683757903717343,10.08,8.61578935336221,1.4642106466377889,0.0,-6.603757903717343,Summer,CHARGE_PRIORITY
340.0,luxury_house,21.13467452949528,18.0,14.128939281225273,3.8710607187747264,0.0,-3.134674529495279,Summer,CHARGE_PRIORITY
340.0,small_family,13.479452926575629,6.5,6.149375144395392,0.35062485560460854,0.0,-6.979452926575628,Summer,CHARGE_PRIORITY
341.0,apartment,12.345381024246326,3.6399999999999997,3.6365713815226393,0.0034286184773605344,0.0,-8.705381024246325,Summer,CHARGE_PRIORITY
341.0,family_house,18.244819601832578,10.08,9.013400467636048,1.0665995323639514,0.0,-8.16481960183258,Summer,CHARGE_PRIORITY
341.0,luxury_house,23.111246137551674,18.0,14.808406481784871,3.1915935182151287,0.0,-5.111246137551673,Summer,CHARGE_PRIORITY
341.0,small_family,15.034376184729096,6.5,6.30855178772687,0.19144821227312975,0.0,-8.534376184729094,Summer,CHARGE_PRIORITY
342.0,apartment,12.780878912488856,3.6399999999999997,3.6399999999999997,0.0,1.7789726753592998,-9.140878912488855,Summer,CHARGE_PRIORITY
342.0,family_house,18.747322428015913,10.08,9.123934867829416,0.9560651321705835,0.0,-8.667322428015915,Summer,CHARGE_PRIORITY
342.0,luxury_house,23.78541790416145,18.0,15.01330487673141,2.98669512326859,0.0,-5.785417904161449,Summer,CHARGE_PRIORITY
342.0,small_family,15.564731551374656,6.5,6.35471249666666,0.14528750333333984,2.716854096198459,-9.064731551374656,Summer,CHARGE_PRIORITY
343.0,apartment,12.345381024246327,3.6399999999999997,3.6399999999999997,0.0,3.5412761711947747,-8.705381024246329,Summer,CHARGE_PRIORITY
343.0,family_house,18.244819601832578,10.08,9.013400467636048,1.0665995323639512,1.8641578655618245,-8.16481960183258,Summer,CHARGE_PRIORITY
343.0,luxury_house,23.111246137551674,18.0,14.808406481784871,3.1915935182151287,0.0,-5.111246137551673,Summer,CHARGE_PRIORITY
343.0,small_family,15.034376184729098,6.5,6.308551787726871,0.19144821227312947,3.2162817230201686,-8.534376184729098,Summer,CHARGE_PRIORITY
344.0,apartment,11.068565820908178,3.6399999999999997,3.6108662619729683,0.029133738027031175,3.7913404194679723,-7.428565820908179,Summer,CHARGE_PRIORITY
344.0,family_house,16.683757903717343,10.08,8.68933000376239,1.3906699962376092,3.072202043255553,-6.603757903717344,Summer,CHARGE_PRIORITY
344.0,luxury_house,21.134674529495282,18.0,14.207674783950253,3.792325216049746,0.0,-3.134674529495282,Summer,CHARGE_PRIORITY
344.0,small_family,13.479452926575629,6.5,6.17321543693757,0.32678456306243064,2.831927040526315,-6.97945292657563,Summer,CHARGE_PRIORITY
345.0,apartment,9.037446148545017,3.6399999999999997,3.5004643507338007,0.13953564926619877,2.992854574948217,-5.3974461485450185,Summer,CHARGE_PRIORITY
345.0,family_house,13.622231285411138,10.08,8.078374396082923,2.001625603917077,2.6801038053854054,-3.542231285411137,Summer,CHARGE_PRIORITY
345.0,luxury_house,17.99040316864229,18.0,13.145334766140468,4.854665233859532,0.0,0.009596831357711277,Summer,CHARGE_PRIORITY
345.0,small_family,11.005927227325234,6.5,5.934865033337204,0.5651349666627956,2.2205070364903734,-4.505927227325233,Summer,CHARGE_PRIORITY
346.0,apartment,6.390439456244431,3.6399999999999997,3.371666084606763,0.26833391539323626,1.9522475625155342,-2.7504394562444316,Summer,CHARGE_PRIORITY
346.0,family_house,9.63237211680576,10.08,6.679108916768178,3.4008910832318215,2.2455549461519153,0.44762788319423974,Summer,CHARGE_PRIORITY
346.0,luxury_house,13.224523745755421,18.0,11.327219878457099,6.6727801215429015,0.9979145115032999,4.775476254244579,Summer,CHARGE_PRIORITY
346.0,small_family,7.7823657756873335,6.5,5.452267183611358,1.0477328163886421,1.4236889737680622,-1.282365775687333,Summer,CHARGE_PRIORITY
347.0,apartment,3.307934875701313,3.6399999999999997,3.230977475013427,0.40902252498657266,0.7404350303828126,0.3320651242986865,Summer,CHARGE_PRIORITY
347.0,family_house,4.986082706687628,10.08,4.9335140927873145,5.146485907212685,0.35201676532103277,5.093917293312371,Summer,CHARGE_PRIORITY
347.0,luxury_house,6.845517215624061,18.0,8.639637536057883,9.360362463942117,0.22467424671467162,11.15448278437594,Summer,CHARGE_PRIORITY
347.0,small_family,4.028448957403869,6.5,4.992929766289517,1.5070702337104829,0.4957746865297964,2.4715510425961305,Summer,CHARGE_PRIORITY
348.0,apartment,1.565206245046938e-15,3.6399999999999997,2.896297584474106,0.7437024155258937,0.0,3.639999999999998,Summer,CHARGE_PRIORITY
348.0,family_house,2.3592507362084762e-15,10.08,3.3600000000000008,6.719999999999999,0.0,10.079999999999997,Summer,CHARGE_PRIORITY
348.0,luxury_house,3.239074135097506e-15,18.0,6.000000000000001,11.999999999999998,0.0,17.999999999999996,Summer,CHARGE_PRIORITY
348.0,small_family,1.9061298673978793e-15,6.5,4.138539942206127,2.361460057793873,0.0,6.499999999999998,Summer,CHARGE_PRIORITY
349.0,apartment,0.0,3.6399999999999997,2.8,0.8399999999999999,0.0,3.6399999999999997,Summer,CHARGE_PRIORITY
349.0,family_house,0.0,10.08,3.36,6.72,0.0,10.08,Summer,CHARGE_PRIORITY
349.0,luxury_house,0.0,18.0,6.0,12.0,0.0,18.0,Summer,CHARGE_PRIORITY
349.0,small_family,0.0,6.5,2.745570831521669,3.754429168478331,0.0,6.5,Summer,CHARGE_PRIORITY
350.0,apartment,0.0,3.6399999999999997,2.7163261454059997,0.9236738545939998,0.0,3.6399999999999997,Summer,CHARGE_PRIORITY
350.0,family_house,0.0,10.08,3.36,6.72,0.0,10.08,Summer,CHARGE_PRIORITY
350.0,luxury_house,0.0,18.0,5.590795570605645,12.409204429394356,0.0,18.0,Summer,CHARGE_PRIORITY
350.0,small_family,0.0,6.5,2.5,4.0,0.0,6.5,Summer,CHARGE_PRIORITY
351.0,apartment,0.0,3.6399999999999997,2.010287079044134,1.6297129209558656,0.0,3.6399999999999997,Summer,CHARGE_PRIORITY
351.0,family_house,0.0,10.08,3.36,6.72,0.0,10.08,Summer,CHARGE_PRIORITY
351.0,luxury_house,0.0,18.0,4.5,13.5,0.0,18.0,Summer,CHARGE_PRIORITY
351.0,small_family,0.0,6.5,2.5,4.0,0.0,6.5,Summer,CHARGE_PRIORITY
352.0,apartment,0.0,3.6399999999999997,1.9599999999999997,1.6799999999999997,0.0,3.6399999999999997,Summer,CHARGE_PRIORITY
352.0,family_house,0.0,10.08,3.36,6.72,0.0,10.08,Summer,CHARGE_PRIORITY
352.0,luxury_house,0.0,18.0,1.8750376408047331,16.124962359195266,0.0,18.0,Summer,CHARGE_PRIORITY
352.0,small_family,0.0,6.5,2.1550434982179234,4.344956501782077,0.0,6.5,Summer,CHARGE_PRIORITY
353.0,apartment,0.0,3.6399999999999997,1.9599999999999997,1.6799999999999997,0.0,3.6399999999999997,Summer,CHARGE_PRIORITY
353.0,family_house,0.0,10.08,3.36,6.72,0.0,10.08,Summer,CHARGE_PRIORITY
353.0,luxury_house,0.0,18.0,1.5,16.5,0.0,18.0,Summer,CHARGE_PRIORITY
353.0,small_family,0.0,6.5,1.6759184359018668,4.824081564098133,0.0,6.5,Summer,CHARGE_PRIORITY
354.0,apartment,0.0,24.272981121826373,11.403407235524622,12.869573886301751,0.0,24.272981121826373,Summer,CHARGE_PRIORITY
354.0,family_house,0.0,30.984588229823167,7.466685511303038,23.517902718520126,0.0,30.984588229823167,Summer,CHARGE_PRIORITY
354.0,luxury_house,0.0,34.514124990268236,2.5145949558932323,31.999530034375006,0.0,34.514124990268236,Summer,CHARGE_PRIORITY
354.0,small_family,0.0,23.811458556231674,3.3088417307923055,20.502616825439368,0.0,23.811458556231674,Summer,CHARGE_PRIORITY
355.0,apartment,0.0,22.964388904253802,7.025651408203585,15.938737496050216,0.0,22.964388904253802,Summer,CHARGE_PRIORITY
355.0,family_house,0.0,28.522702882978173,3.6726121411921966,24.850090741785976,0.0,28.522702882978173,Summer,CHARGE_PRIORITY
355.0,luxury_house,0.0,33.464151787228325,1.5646029138384558,31.899548873389868,0.0,33.464151787228325,Summer,CHARGE_PRIORITY
355.0,small_family,0.0,23.1616209331656,3.7396966413211024,19.4219242918445,0.0,23.1616209331656,Summer,CHARGE_PRIORITY
356.0,apartment,0.0,33.66259723919431,4.353073406538064,29.309523832656247,0.0,33.66259723919431,Summer,CHARGE_PRIORITY
356.0,family_house,0.0,27.145278125489078,5.021937074206807,22.12334105128227,0.0,27.145278125489078,Summer,CHARGE_PRIORITY
356.0,luxury_house,0.0,39.09332111303005,3.9971014951775636,35.09621961785248,0.0,39.09332111303005,Summer,CHARGE_PRIORITY
356.0,small_family,0.0,28.68420764900978,6.218855294622494,22.46535235438729,0.0,28.68420764900978,Summer,CHARGE_PRIORITY
357.0,apartment,0.0,27.853856622774728,0.0,27.853856622774728,0.0,27.853856622774728,Summer,CHARGE_PRIORITY
357.0,family_house,0.0,29.9543381019383,3.2504023594661002,26.7039357424722,0.0,29.9543381019383,Summer,CHARGE_PRIORITY
357.0,luxury_house,0.0,37.97856350688369,0.0,37.97856350688369,0.0,37.97856350688369,Summer,CHARGE_PRIORITY
357.0,small_family,0.0,20.607378358509013,4.131866266694716,16.4755120918143,0.0,20.607378358509013,Summer,CHARGE_PRIORITY
358.0,apartment,0.0,3.6399999999999997,0.0,3.6399999999999997,0.0,3.6399999999999997,Summer,CHARGE_PRIORITY
358.0,family_house,0.0,10.08,0.004227789890489189,10.07577221010951,0.0,10.08,Summer,CHARGE_PRIORITY
358.0,luxury_house,0.0,18.0,0.0,18.0,0.0,18.0,Summer,CHARGE_PRIORITY
358.0,small_family,0.0,6.5,0.39132495572406306,6.1086750442759365,0.0,6.5,Summer,CHARGE_PRIORITY
359.0,apartment,0.0,3.6399999999999997,0.0,3.6399999999999997,0.0,3.6399999999999997,Summer,CHARGE_PRIORITY
359.0,family_house,0.0,10.08,-8.228515941976643e-19,10.08,0.0,10.08,Summer,CHARGE_PRIORITY
359.0,luxury_house,0.0,18.0,0.0,18.0,0.0,18.0,Summer,CHARGE_PRIORITY
359.0,small_family,0.0,6.5,0.0,6.5,0.0,6.5,Summer,CHARGE_PRIORITY
360.0,apartment,0.0,3.6399999999999997,0.0,3.6399999999999997,0.0,3.6399999999999997,Summer,CHARGE_PRIORITY
360.0,family_house,0.0,10.08,0.0,10.08,0.0,10.08,Summer,CHARGE_PRIORITY
360.0,luxury_house,0.0,18.0,0.0,18.0,0.0,18.0,Summer,CHARGE_PRIORITY
360.0,small_family,0.0,6.5,0.0,6.5,0.0,6.5,Summer,CHARGE_PRIORITY
361.0,apartment,2.5372019957482683,3.6399999999999997,2.1529309823113376,1.487069017688662,0.0,1.1027980042517316,Summer,CHARGE_PRIORITY
361.0,family_house,4.476485861996917,10.08,3.684430650618114,6.395569349381886,0.0,5.603514138003083,Summer,CHARGE_PRIORITY
361.0,luxury_house,6.619025740983544,18.0,5.9571231668851885,12.042876833114812,0.0,11.380974259016456,Summer,CHARGE_PRIORITY
361.0,small_family,5.090316202274199,6.5,3.813811074826477,2.686188925173523,0.0,1.4096837977258014,Summer,CHARGE_PRIORITY
362.0,apartment,4.9014978684108375,3.6399999999999997,3.2626605329487126,0.37733946705128685,0.0,-1.2614978684108378,Summer,CHARGE_PRIORITY
362.0,family_house,8.647906610241407,10.08,6.005591988391922,4.074408011608078,0.0,1.4320933897585926,Summer,CHARGE_PRIORITY
362.0,luxury_house,12.786975816176282,18.0,10.067271330222436,7.932728669777564,0.0,5.213024183823717,Summer,CHARGE_PRIORITY
362.0,small_family,9.833735767508674,6.5,5.494384865770799,1.0056151342292008,0.0,-3.333735767508674,Summer,CHARGE_PRIORITY
363.0,apartment,6.931764761449425,3.6399999999999997,3.51831117696501,0.12168882303498951,0.0,-3.2917647614494245,Summer,CHARGE_PRIORITY
363.0,family_house,12.22998681433934,10.08,7.645886639833872,2.434113360166128,0.0,-2.14998681433934,Summer,CHARGE_PRIORITY
363.0,luxury_house,18.083514620973276,18.0,12.204711435661725,5.795288564338275,0.0,-0.08351462097327689,Summer,CHARGE_PRIORITY
363.0,small_family,13.907002491204167,6.5,6.211264396772378,0.28873560322762143,0.0,-7.407002491204167,Summer,CHARGE_PRIORITY
364.0,apartment,8.489643341278123,3.6399999999999997,3.5998651675213744,0.04013483247862512,0.0,-4.8496433412781235,Summer,CHARGE_PRIORITY
364.0,family_house,14.575167173749302,10.08,8.797903373471199,1.2820966265288003,0.0,-4.495167173749303,Summer,CHARGE_PRIORITY
364.0,luxury_house,21.368733593702988,18.0,13.407103639688284,4.592896360311715,0.0,-3.3687335937029865,Summer,CHARGE_PRIORITY
364.0,small_family,17.032529977532352,6.5,6.4441067164887516,0.05589328351124856,0.0,-10.532529977532354,Summer,CHARGE_PRIORITY
365.0,apartment,9.468966757197691,3.6399999999999997,3.6275348311072406,0.01246516889275917,0.0,-5.8289667571976915,Summer,CHARGE_PRIORITY
365.0,family_house,15.795066340792223,10.08,9.293321049484685,0.7866789505153146,0.0,-5.715066340792223,Summer,CHARGE_PRIORITY
365.0,luxury_house,23.30800356658524,18.0,14.088518003290927,3.911481996709073,0.0,-5.30800356658524,Summer,CHARGE_PRIORITY
365.0,small_family,18.997318693478363,6.5,6.49533667858974,0.004663321410260157,0.0,-12.497318693478363,Summer,CHARGE_PRIORITY
366.0,apartment,9.802995736821677,3.6399999999999997,3.6369724380753605,0.003027561924639044,0.0,-6.162995736821678,Summer,CHARGE_PRIORITY
366.0,family_house,16.211151228978906,10.08,9.413729978623842,0.6662700213761589,0.0,-6.131151228978909,Summer,CHARGE_PRIORITY
366.0,luxury_house,23.848011462118297,18.0,14.3209357530101,3.6790642469899018,0.0,-5.848011462118297,Summer,CHARGE_PRIORITY
366.0,small_family,19.667471535017352,6.5,6.5,0.0,2.3513952195247896,-13.167471535017352,Summer,CHARGE_PRIORITY
367.0,apartment,9.468966757197693,3.6399999999999997,3.6275348311072406,0.012465168892759115,0.0,-5.828966757197692,Summer,CHARGE_PRIORITY
367.0,family_house,15.795066340792223,10.08,9.293321049484685,0.7866789505153146,2.84535688207957,-5.715066340792223,Summer,CHARGE_PRIORITY
367.0,luxury_house,23.30800356658524,18.0,14.088518003290927,3.911481996709073,0.0,-5.30800356658524,Summer,CHARGE_PRIORITY
367.0,small_family,18.997318693478366,6.5,6.5,0.0,5.876228796483703,-12.497318693478366,Summer,CHARGE_PRIORITY
368.0,apartment,8.489643341278123,3.6399999999999997,3.5998651675213744,0.04013483247862512,0.0,-4.8496433412781235,Summer,CHARGE_PRIORITY
368.0,family_house,14.575167173749305,10.08,8.939459954010726,1.1405400459892732,3.16,-4.495167173749305,Summer,CHARGE_PRIORITY
368.0,luxury_house,21.368733593702988,18.0,13.407103639688286,4.592896360311714,0.0,-3.3687335937029887,Summer,CHARGE_PRIORITY
368.0,small_family,17.032529977532356,6.5,6.452253659705894,0.04774634029410557,6.930126920370359,-10.532529977532356,Summer,CHARGE_PRIORITY
369.0,apartment,6.931764761449425,3.6399999999999997,3.5558490891648584,0.08415091083514115,0.8699180473018484,-3.2917647614494245,Summer,CHARGE_PRIORITY
369.0,family_house,12.22998681433934,10.08,8.115107347900414,1.9648926520995857,2.75539897423391,-2.14998681433934,Summer,CHARGE_PRIORITY
369.0,luxury_house,18.083514620973276,18.0,12.32312992499121,5.6768700750087895,0.0,-0.08351462097327689,Summer,CHARGE_PRIORITY
369.0,small_family,13.907002491204167,6.5,6.3626116155801045,0.13738838441989537,5.383169807269179,-7.407002491204167,Summer,CHARGE_PRIORITY
370.0,apartment,4.901497868410841,3.6399999999999997,3.49848621903768,0.14151378096231942,0.6012480758075605,-1.2614978684108418,Summer,CHARGE_PRIORITY
370.0,family_house,8.647906610241414,10.08,6.34668097552554,3.73331902447446,1.7023309957519563,1.4320933897585855,Summer,CHARGE_PRIORITY
370.0,luxury_house,12.786975816176291,18.0,10.91046787650505,7.089532123494949,0.0,5.213024183823708,Summer,CHARGE_PRIORITY
370.0,small_family,9.833735767508681,6.5,6.234543826009926,0.2654561739900746,3.3671360467785396,-3.333735767508681,Summer,CHARGE_PRIORITY
371.0,apartment,2.537201995748271,3.6399999999999997,3.3672403372607627,0.27275966273923713,0.17616757095789354,1.1027980042517287,Summer,CHARGE_PRIORITY
371.0,family_house,4.476485861996921,10.08,4.3962047270984534,5.683795272901546,0.47600736131012467,5.603514138003078,Summer,CHARGE_PRIORITY
371.0,luxury_house,6.619025740983551,18.0,9.242161105301674,8.757838894698326,0.0,11.38097425901645,Summer,CHARGE_PRIORITY
371.0,small_family,5.090316202274204,6.5,5.786056202245265,0.7139437977547345,1.0194150080225604,1.4096837977257954,Summer,CHARGE_PRIORITY
372.0,apartment,1.2005207351153815e-15,3.6399999999999997,2.913609838678069,0.7263901613219308,0.0,3.6399999999999983,Summer,CHARGE_PRIORITY
372.0,family_house,2.118126229911476e-15,10.08,2.520000000000001,7.559999999999999,0.0,10.079999999999998,Summer,CHARGE_PRIORITY
372.0,luxury_house,3.13190580081098e-15,18.0,6.000000000000001,12.0,0.0,17.999999999999996,Summer,CHARGE_PRIORITY
372.0,small_family,2.408570606268068e-15,6.5,4.559847782295636,1.9401522177043646,0.0,6.499999999999997,Summer,CHARGE_PRIORITY
373.0,apartment,0.0,3.6399999999999997,2.8,0.8399999999999999,0.0,3.6399999999999997,Summer,CHARGE_PRIORITY
373.0,family_house,0.0,10.08,2.52,7.56,0.0,10.08,Summer,CHARGE_PRIORITY
373.0,luxury_house,0.0,18.0,5.63349579570755,12.366504204292449,0.0,18.0,Summer,CHARGE_PRIORITY
373.0,small_family,0.0,6.5,4.5,2.0,0.0,6.5,Summer,CHARGE_PRIORITY
374.0,apartment,0.0,3.6399999999999997,2.8,0.8399999999999999,0.0,3.6399999999999997,Summer,CHARGE_PRIORITY
374.0,family_house,0.0,10.08,2.0259680118950545,8.054031988104946,0.0,10.08,Summer,CHARGE_PRIORITY
374.0,luxury_house,0.0,18.0,4.5,13.5,0.0,18.0,Summer,CHARGE_PRIORITY
374.0,small_family,0.0,6.5,3.8419959130335206,2.6580040869664794,0.0,6.5,Summer,CHARGE_PRIORITY
375.0,apartment,0.0,3.6399999999999997,2.696812947746987,0.9431870522530126,0.0,3.6399999999999997,Summer,CHARGE_PRIORITY
375.0,family_house,0.0,10.08,1.68,8.4,0.0,10.08,Summer,CHARGE_PRIORITY
375.0,luxury_house,0.0,18.0,4.5,13.5,0.0,18.0,Summer,CHARGE_PRIORITY
375.0,small_family,0.0,6.5,3.2198779311498815,3.2801220688501185,0.0,6.5,Summer,CHARGE_PRIORITY
376.0,apartment,0.0,3.6399999999999997,2.0103289136641234,1.629671086335876,0.0,3.6399999999999997,Summer,CHARGE_PRIORITY
376.0,family_house,0.0,10.08,1.68,8.4,0.0,10.08,Summer,CHARGE_PRIORITY
376.0,luxury_house,0.0,18.0,4.5,13.5,0.0,18.0,Summer,CHARGE_PRIORITY
376.0,small_family,0.0,6.5,3.0,3.5,0.0,6.5,Summer,CHARGE_PRIORITY
377.0,apartment,0.0,3.6399999999999997,1.9599999999999997,1.6799999999999997,0.0,3.6399999999999997,Summer,CHARGE_PRIORITY
377.0,family_house,0.0,10.08,1.68,8.4,0.0,10.08,Summer,CHARGE_PRIORITY
377.0,luxury_house,0.0,18.0,3.45483143629283,14.54516856370717,0.0,18.0,Summer,CHARGE_PRIORITY
377.0,small_family,0.0,6.5,3.0,3.5,0.0,6.5,Summer,CHARGE_PRIORITY
378.0,apartment,0.0,27.83682515050131,8.16667865724148,19.67014649325983,0.0,27.83682515050131,Summer,CHARGE_PRIORITY
378.0,family_house,0.0,26.61906959506191,4.991383292723079,21.627686302338834,0.0,26.61906959506191,Summer,CHARGE_PRIORITY
378.0,luxury_house,0.0,35.00004822013542,5.296605464929939,29.70344275520548,0.0,35.00004822013542,Summer,CHARGE_PRIORITY
378.0,small_family,0.0,25.78328338573119,8.963419185172516,16.819864200558673,0.0,25.78328338573119,Summer,CHARGE_PRIORITY
379.0,apartment,0.0,26.311508416820665,3.842056499683302,22.469451917137363,0.0,26.311508416820665,Summer,CHARGE_PRIORITY
379.0,family_house,0.0,28.664466696780096,3.1878680232849037,25.476598673495193,0.0,28.664466696780096,Summer,CHARGE_PRIORITY
379.0,luxury_house,0.0,33.43200301796895,3.9277983676468504,29.504204650322105,0.0,33.43200301796895,Summer,CHARGE_PRIORITY
379.0,small_family,0.0,24.651450371668037,6.318546771101088,18.33290360056695,0.0,24.651450371668037,Summer,CHARGE_PRIORITY
380.0,apartment,0.0,25.120315734214664,0.9990207677970079,24.121294966417658,0.0,25.120315734214664,Summer,CHARGE_PRIORITY
380.0,family_house,0.0,30.487249894642584,3.3079794130982374,27.179270481544346,0.0,30.487249894642584,Summer,CHARGE_PRIORITY
380.0,luxury_house,0.0,31.532163742998055,1.7231832145697583,29.808980528428297,0.0,31.532163742998055,Summer,CHARGE_PRIORITY
380.0,small_family,0.0,29.450868998216077,8.363095199491907,21.087773798724168,0.0,29.450868998216077,Summer,CHARGE_PRIORITY
381.0,apartment,0.0,23.878488258194235,0.0,23.878488258194235,0.0,23.878488258194235,Summer,CHARGE_PRIORITY
381.0,family_house,0.0,29.300779699535973,0.0,29.300779699535973,0.0,29.300779699535973,Summer,CHARGE_PRIORITY
381.0,luxury_house,0.0,34.196007572799445,0.0,34.196007572799445,0.0,34.196007572799445,Summer,CHARGE_PRIORITY
381.0,small_family,0.0,28.706084448350456,0.8044735822734947,27.90161086607696,0.0,28.706084448350456,Summer,CHARGE_PRIORITY
382.0,apartment,0.0,3.6399999999999997,0.0,3.6399999999999997,0.0,3.6399999999999997,Summer,CHARGE_PRIORITY
382.0,family_house,0.0,10.08,0.0,10.08,0.0,10.08,Summer,CHARGE_PRIORITY
382.0,luxury_house,0.0,18.0,0.0,18.0,0.0,18.0,Summer,CHARGE_PRIORITY
382.0,small_family,0.0,6.5,0.0,6.5,0.0,6.5,Summer,CHARGE_PRIORITY
383.0,apartment,0.0,3.6399999999999997,0.0,3.6399999999999997,0.0,3.6399999999999997,Summer,CHARGE_PRIORITY
383.0,family_house,0.0,10.08,0.0,10.08,0.0,10.08,Summer,CHARGE_PRIORITY
383.0,luxury_house,0.0,18.0,0.0,18.0,0.0,18.0,Summer,CHARGE_PRIORITY
383.0,small_family,0.0,6.5,0.0,6.5,0.0,6.5,Summer,CHARGE_PRIORITY
384.0,apartment,0.0,3.6399999999999997,0.0,3.6399999999999997,0.0,3.6399999999999997,Summer,CHARGE_PRIORITY
384.0,family_house,0.0,10.08,0.0,10.08,0.0,10.08,Summer,CHARGE_PRIORITY
384.0,luxury_house,0.0,18.0,0.0,18.0,0.0,18.0,Summer,CHARGE_PRIORITY
384.0,small_family,0.0,6.5,0.0,6.5,0.0,6.5,Summer,CHARGE_PRIORITY
385.0,apartment,3.3959310717513933,3.6399999999999997,2.3334681687659327,1.3065318312340668,0.0,0.2440689282486065,Summer,CHARGE_PRIORITY
385.0,family_house,4.252638757260658,10.08,3.8273748815345923,6.252625118465407,0.0,5.827361242739341,Summer,CHARGE_PRIORITY
385.0,luxury_house,6.369366375162954,18.0,5.732429737646658,12.267570262353342,0.0,11.630633624837046,Summer,CHARGE_PRIORITY
385.0,small_family,6.458137015784602,6.5,4.204102065691771,2.2958979343082295,0.0,0.041862984215398136,Summer,CHARGE_PRIORITY
386.0,apartment,6.560435053004371,3.6399999999999997,3.2722324223274692,0.3677675776725304,0.0,-2.920435053004371,Summer,CHARGE_PRIORITY
386.0,family_house,8.215467211031836,10.08,6.648146372789215,3.431853627210784,0.0,1.8645327889681647,Summer,CHARGE_PRIORITY
386.0,luxury_house,12.304670957734169,18.0,10.12033481598208,7.87966518401792,0.0,5.695329042265832,Summer,CHARGE_PRIORITY
386.0,small_family,12.476162666519517,6.5,5.526378264955145,0.9736217350448548,0.0,-5.976162666519516,Summer,CHARGE_PRIORITY
387.0,apartment,9.27785622702664,3.6399999999999997,3.571546274291604,0.06845372570839545,0.0,-5.637856227026639,Summer,CHARGE_PRIORITY
387.0,family_house,11.61842515107269,10.08,8.169693672409167,1.9103063275908332,0.0,-1.5384251510726905,Summer,CHARGE_PRIORITY
387.0,luxury_house,17.401432548966003,18.0,12.890519578897493,5.109480421102508,0.0,0.5985674510339963,Summer,CHARGE_PRIORITY
387.0,small_family,17.643958449364785,6.5,6.1901041458951775,0.3098958541048224,0.0,-11.143958449364785,Summer,CHARGE_PRIORITY
388.0,apartment,11.363006831559392,3.6399999999999997,3.6399999999999997,0.0,0.0,-7.723006831559394,Summer,CHARGE_PRIORITY
388.0,family_house,14.229606617423324,10.08,8.873076274309835,1.206923725690166,0.0,-4.149606617423324,Summer,CHARGE_PRIORITY
388.0,luxury_house,20.589842088373192,18.0,14.513069220393158,3.486930779606842,0.0,-2.5898420883731927,Summer,CHARGE_PRIORITY
388.0,small_family,21.60934762190581,6.5,6.411327432767529,0.08867256723247036,0.0,-15.10934762190581,Summer,CHARGE_PRIORITY
389.0,apartment,12.67378729877803,3.6399999999999997,3.6399999999999997,0.0,0.0,-9.03378729877803,Summer,CHARGE_PRIORITY
389.0,family_house,15.871063908333348,10.08,9.236200098759303,0.843799901240697,0.0,-5.7910639083333475,Summer,CHARGE_PRIORITY
389.0,luxury_house,22.50356451114648,18.0,15.358729695953855,2.641270304046145,0.0,-4.503564511146478,Summer,CHARGE_PRIORITY
389.0,small_family,23.975049503712235,6.5,6.493482938577636,0.00651706142236369,0.7004225765218521,-17.475049503712235,Summer,CHARGE_PRIORITY
390.0,apartment,13.120870106008743,3.6399999999999997,3.6399999999999997,0.0,1.6445446536989596,-9.480870106008744,Summer,CHARGE_PRIORITY
390.0,family_house,16.43093442206367,10.08,9.354594018935474,0.7254059810645253,0.0,-6.350934422063673,Summer,CHARGE_PRIORITY
390.0,luxury_house,23.156299591071292,18.0,15.57743239195301,2.4225676080469905,0.0,-5.156299591071293,Summer,CHARGE_PRIORITY
390.0,small_family,24.67969295370553,6.5,6.5,0.0,5.6619148528502,-18.17969295370553,Summer,CHARGE_PRIORITY
391.0,apartment,12.67378729877803,3.6399999999999997,3.6399999999999997,0.0,3.950582132715594,-9.033787298778032,Summer,CHARGE_PRIORITY
391.0,family_house,15.871063908333348,10.08,9.236200098759303,0.843799901240697,0.0,-5.7910639083333475,Summer,CHARGE_PRIORITY
391.0,luxury_house,22.50356451114648,18.0,15.364338695888122,2.6356613041118786,0.0,-4.503564511146478,Summer,CHARGE_PRIORITY
391.0,small_family,23.97504950371224,6.5,6.5,0.0,14.40861006988472,-17.47504950371224,Summer,CHARGE_PRIORITY
392.0,apartment,11.363006831559392,3.6399999999999997,3.6399999999999997,0.0,3.8365646203292303,-7.723006831559394,Summer,CHARGE_PRIORITY
392.0,family_house,14.229606617423327,10.08,8.88908668823559,1.1909133117644095,0.0,-4.149606617423327,Summer,CHARGE_PRIORITY
392.0,luxury_house,20.589842088373196,18.0,14.605020267372213,3.394979732627787,0.0,-2.5898420883731945,Summer,CHARGE_PRIORITY
392.0,small_family,21.609347621905812,6.5,6.446818768987958,0.05318123101204153,12.773751349974951,-15.10934762190581,Summer,CHARGE_PRIORITY
393.0,apartment,9.27785622702664,3.6399999999999997,3.6399999999999997,0.0,3.0297799803266225,-5.637856227026639,Summer,CHARGE_PRIORITY
393.0,family_house,11.61842515107269,10.08,8.336908992659493,1.7430910073405061,0.0,-1.5384251510726905,Summer,CHARGE_PRIORITY
393.0,luxury_house,17.401432548966003,18.0,13.254136636617238,4.745863363382762,0.0,0.5985674510339963,Summer,CHARGE_PRIORITY
393.0,small_family,17.643958449364785,6.5,6.300339083561538,0.19966091643846134,9.97096575519479,-11.143958449364785,Summer,CHARGE_PRIORITY
394.0,apartment,6.560435053004376,3.6399999999999997,3.6133604646108477,0.026639535389151703,2.471333810950337,-2.920435053004376,Summer,CHARGE_PRIORITY
394.0,family_house,8.215467211031841,10.08,7.339345030909959,2.740654969090041,0.5835416223755993,1.864532788968158,Summer,CHARGE_PRIORITY
394.0,luxury_house,12.304670957734178,18.0,11.03956172288555,6.9604382771144495,0.0,5.695329042265822,Summer,CHARGE_PRIORITY
394.0,small_family,12.476162666519526,6.5,6.026155138628225,0.4738448613717758,6.318304453443454,-5.976162666519526,Summer,CHARGE_PRIORITY
395.0,apartment,3.395931071751397,3.6399999999999997,3.4452307480231257,0.19476925197687378,0.896521995344803,0.24406892824860266,Summer,CHARGE_PRIORITY
395.0,family_house,4.252638757260663,10.08,6.185547390165168,3.894452609834831,0.002759904389639023,5.827361242739337,Summer,CHARGE_PRIORITY
395.0,luxury_house,6.3693663751629614,18.0,8.544203018624442,9.455796981375558,0.0,11.630633624837039,Summer,CHARGE_PRIORITY
395.0,small_family,6.458137015784609,6.5,5.638754160659182,0.8612458393408187,2.064690276127084,0.04186298421539075,Summer,CHARGE_PRIORITY
396.0,apartment,1.6068431577351799e-15,3.6399999999999997,2.9898557126110203,0.6501442873889791,0.0,3.639999999999998,Summer,CHARGE_PRIORITY
396.0,family_house,2.0122091246980345e-15,10.08,4.859238644091018,5.220761355908981,0.0,10.079999999999998,Summer,CHARGE_PRIORITY
396.0,luxury_house,3.0137751805901097e-15,18.0,4.979968558368044,13.020031441631957,0.0,17.999999999999996,Summer,CHARGE_PRIORITY
396.0,small_family,3.0557785350389674e-15,6.5,5.0,1.4999999999999998,0.0,6.499999999999997,Summer,CHARGE_PRIORITY
397.0,apartment,0.0,3.6399999999999997,2.8,0.8399999999999999,0.0,3.6399999999999997,Summer,CHARGE_PRIORITY
397.0,family_house,0.0,10.08,3.675092207909529,6.404907792090471,0.0,10.08,Summer,CHARGE_PRIORITY
397.0,luxury_house,0.0,18.0,4.5,13.5,0.0,18.0,Summer,CHARGE_PRIORITY
397.0,small_family,0.0,6.5,4.412565600359939,2.087434399640061,0.0,6.5,Summer,CHARGE_PRIORITY
398.0,apartment,0.0,3.6399999999999997,2.6151677164818814,1.0248322835181183,0.0,3.6399999999999997,Summer,CHARGE_PRIORITY
398.0,family_house,0.0,10.08,2.580683723559503,7.499316276440497,0.0,10.08,Summer,CHARGE_PRIORITY
398.0,luxury_house,0.0,18.0,3.4547788146285803,14.54522118537142,0.0,18.0,Summer,CHARGE_PRIORITY
398.0,small_family,0.0,6.5,3.7888859704430886,2.7111140295569114,0.0,6.5,Summer,CHARGE_PRIORITY
399.0,apartment,0.0,3.6399999999999997,2.4636706143495988,1.176329385650401,0.0,3.6399999999999997,Summer,CHARGE_PRIORITY
399.0,family_house,0.0,10.08,2.52,7.56,0.0,10.08,Summer,CHARGE_PRIORITY
399.0,luxury_house,0.0,18.0,3.0,15.0,0.0,18.0,Summer,CHARGE_PRIORITY
399.0,small_family,0.0,6.5,3.5,3.0,0.0,6.5,Summer,CHARGE_PRIORITY
400.0,apartment,0.0,3.6399999999999997,2.0444641997960544,1.5955358002039453,0.0,3.6399999999999997,Summer,CHARGE_PRIORITY
400.0,family_house,0.0,10.08,2.1981214737061907,7.881878526293809,0.0,10.08,Summer,CHARGE_PRIORITY
400.0,luxury_house,0.0,18.0,1.7915801944906207,16.20841980550938,0.0,18.0,Summer,CHARGE_PRIORITY
400.0,small_family,0.0,6.5,3.5,3.0,0.0,6.5,Summer,CHARGE_PRIORITY
401.0,apartment,0.0,3.6399999999999997,1.9599999999999997,1.6799999999999997,0.0,3.6399999999999997,Summer,CHARGE_PRIORITY
401.0,family_house,0.0,10.08,1.68,8.4,0.0,10.08,Summer,CHARGE_PRIORITY
401.0,luxury_house,0.0,18.0,1.5,16.5,0.0,18.0,Summer,CHARGE_PRIORITY
401.0,small_family,0.0,6.5,3.5,3.0,0.0,6.5,Summer,CHARGE_PRIORITY
402.0,apartment,0.0,27.8517303363741,10.137479181017383,17.714251155356717,0.0,27.8517303363741,Summer,CHARGE_PRIORITY
402.0,family_house,0.0,28.642246903537348,1.8023145504553435,26.839932353082006,0.0,28.642246903537348,Summer,CHARGE_PRIORITY
402.0,luxury_house,0.0,39.75660452836797,3.1492036198102356,36.607400908557736,0.0,39.75660452836797,Summer,CHARGE_PRIORITY
402.0,small_family,0.0,22.182888022180496,10.917209197321085,11.26567882485941,0.0,22.182888022180496,Summer,CHARGE_PRIORITY
403.0,apartment,0.0,23.326441405948433,8.675551783666558,14.650889622281877,0.0,23.326441405948433,Summer,CHARGE_PRIORITY
403.0,family_house,0.0,25.470875518541952,0.8694234511994111,24.601452067342542,0.0,25.470875518541952,Summer,CHARGE_PRIORITY
403.0,luxury_house,0.0,34.720687802209426,1.9684906122900858,32.75219718991934,0.0,34.720687802209426,Summer,CHARGE_PRIORITY
403.0,small_family,0.0,29.517776920473633,11.208376193566192,18.309400726907437,0.0,29.517776920473633,Summer,CHARGE_PRIORITY
404.0,apartment,0.0,25.00613982273082,2.718094307877902,22.288045514852918,0.0,25.00613982273082,Summer,CHARGE_PRIORITY
404.0,family_house,0.0,24.707202730221663,3.7347147605472153,20.972487969674447,0.0,24.707202730221663,Summer,CHARGE_PRIORITY
404.0,luxury_house,0.0,33.732191300923546,1.816211342985964,31.915979957937584,0.0,33.732191300923546,Summer,CHARGE_PRIORITY
404.0,small_family,0.0,27.962729289829717,10.417149000403812,17.545580289425903,0.0,27.962729289829717,Summer,CHARGE_PRIORITY
405.0,apartment,0.0,17.933037224370832,1.358193478580659,16.574843745790172,0.0,17.933037224370832,Summer,CHARGE_PRIORITY
405.0,family_house,0.0,28.190100909110654,2.014961141804485,26.17513976730617,0.0,28.190100909110654,Summer,CHARGE_PRIORITY
405.0,luxury_house,0.0,34.055196234893884,0.3401999320273166,33.71499630286657,0.0,34.055196234893884,Summer,CHARGE_PRIORITY
405.0,small_family,0.0,26.89363075845395,2.464061759035877,24.429568999418073,0.0,26.89363075845395,Summer,CHARGE_PRIORITY
406.0,apartment,0.0,3.6399999999999997,0.0,3.6399999999999997,0.0,3.6399999999999997,Summer,CHARGE_PRIORITY
406.0,family_house,0.0,10.08,0.0,10.08,0.0,10.08,Summer,CHARGE_PRIORITY
406.0,luxury_house,0.0,18.0,0.0,18.0,0.0,18.0,Summer,CHARGE_PRIORITY
406.0,small_family,0.0,6.5,-5.2662502028650513e-17,6.5,0.0,6.5,Summer,CHARGE_PRIORITY
407.0,apartment,0.0,3.6399999999999997,0.0,3.6399999999999997,0.0,3.6399999999999997,Summer,CHARGE_PRIORITY
407.0,family_house,0.0,10.08,0.0,10.08,0.0,10.08,Summer,CHARGE_PRIORITY
407.0,luxury_house,0.0,18.0,0.0,18.0,0.0,18.0,Summer,CHARGE_PRIORITY
407.0,small_family,0.0,6.5,0.0,6.5,0.0,6.5,Summer,CHARGE_PRIORITY
408.0,apartment,0.0,3.6399999999999997,0.0,3.6399999999999997,0.0,3.6399999999999997,Summer,CHARGE_PRIORITY
408.0,family_house,0.0,10.08,0.0,10.08,0.0,10.08,Summer,CHARGE_PRIORITY
408.0,luxury_house,0.0,18.0,0.0,18.0,0.0,18.0,Summer,CHARGE_PRIORITY
408.0,small_family,0.0,6.5,0.0,6.5,0.0,6.5,Summer,CHARGE_PRIORITY
409.0,apartment,2.9409523873370342,3.6399999999999997,2.2729634711054945,1.3670365288945052,0.0,0.6990476126629653,Summer,CHARGE_PRIORITY
409.0,family_house,4.838648097966328,10.08,4.130653460857661,5.949346539142338,0.0,5.241351902033671,Summer,CHARGE_PRIORITY
409.0,luxury_house,5.369010154294087,18.0,4.832109138864678,13.167890861135321,0.0,12.630989845705912,Summer,CHARGE_PRIORITY
409.0,small_family,4.160588070066726,6.5,3.2541251311494763,3.2458748688505237,0.0,2.3394119299332736,Summer,CHARGE_PRIORITY
410.0,apartment,5.681483729630665,3.6399999999999997,3.105053047715873,0.5349469522841269,0.0,-2.0414837296306656,Summer,CHARGE_PRIORITY
410.0,family_house,9.347550324300308,10.08,6.414298938254202,3.6657010617457977,0.0,0.7324496756996917,Summer,CHARGE_PRIORITY
410.0,luxury_house,10.372131139281828,18.0,8.880504388077322,9.119495611922678,0.0,7.627868860718172,Summer,CHARGE_PRIORITY
410.0,small_family,8.037638938855284,6.5,5.159573821911515,1.340426178088485,0.0,-1.5376389388552845,Summer,CHARGE_PRIORITY
411.0,apartment,8.034831344845763,3.6399999999999997,3.500948145673601,0.13905185432639885,0.0,-4.394831344845764,Summer,CHARGE_PRIORITY
411.0,family_house,13.219432443590522,10.08,7.888473558079621,2.1915264419203786,0.0,-3.1394324435905223,Summer,CHARGE_PRIORITY
411.0,luxury_house,14.668408527884665,18.0,11.316381861843416,6.683618138156585,0.0,3.3315914721153357,Summer,CHARGE_PRIORITY
411.0,small_family,11.36693799678724,6.5,5.820430847426819,0.6795691525731808,0.0,-4.866937996787239,Summer,CHARGE_PRIORITY
412.0,apartment,9.840618482096232,3.6399999999999997,3.633719598087017,0.0062804019129827915,0.0,-6.200618482096233,Summer,CHARGE_PRIORITY
412.0,family_house,16.19043208799507,10.08,8.528653381552568,1.5513466184474327,0.0,-6.110432087995072,Summer,CHARGE_PRIORITY
412.0,luxury_house,17.96505811600339,18.0,12.764769307570567,5.235230692429432,0.0,0.03494188399660836,Summer,CHARGE_PRIORITY
412.0,small_family,13.92159901499135,6.5,6.200625689249223,0.2993743107507777,0.0,-7.421599014991351,Summer,CHARGE_PRIORITY
413.0,apartment,10.975783732182796,3.6399999999999997,3.6399999999999997,0.0,0.0,-7.335783732182796,Summer,CHARGE_PRIORITY
413.0,family_house,18.058080541556848,10.08,8.866769659513052,1.2132303404869473,0.0,-7.9780805415568485,Summer,CHARGE_PRIORITY
413.0,luxury_house,19.842266221074848,18.0,13.545119755743869,4.45488024425613,0.0,-1.8422662210748484,Summer,CHARGE_PRIORITY
413.0,small_family,15.42059435539127,6.5,6.393775604244263,0.10622439575573706,0.6518624814365599,-8.92059435539127,Summer,CHARGE_PRIORITY
414.0,apartment,11.362967459261332,3.6399999999999997,3.6399999999999997,0.0,1.796566781046305,-7.722967459261332,Summer,CHARGE_PRIORITY
414.0,family_house,18.520664307231563,10.08,8.972131484865397,1.1078685151346028,0.0,-8.440664307231563,Summer,CHARGE_PRIORITY
414.0,luxury_house,20.40112086239405,18.0,13.811282761463172,4.188717238536828,0.0,-2.4011208623940496,Summer,CHARGE_PRIORITY
414.0,small_family,15.82346930226243,6.5,6.442942683910756,0.05705731608924364,3.5,-9.32346930226243,Summer,CHARGE_PRIORITY
415.0,apartment,10.975783732182798,3.6399999999999997,3.6399999999999997,0.0,2.4315160301888707,-7.335783732182798,Summer,CHARGE_PRIORITY
415.0,family_house,18.058080541556848,10.08,8.866769659513052,1.2132303404869473,1.5136862948663203,-7.9780805415568485,Summer,CHARGE_PRIORITY
415.0,luxury_house,19.842266221074848,18.0,13.545119755743869,4.45488024425613,0.0,-1.8422662210748484,Summer,CHARGE_PRIORITY
415.0,small_family,15.420594355391271,6.5,6.393775604244263,0.10622439575573667,3.5,-8.920594355391273,Summer,CHARGE_PRIORITY
416.0,apartment,9.840618482096232,3.6399999999999997,3.6399999999999997,0.0,2.1510787650578327,-6.200618482096233,Summer,CHARGE_PRIORITY
416.0,family_house,16.190432087995074,10.08,8.557864417735132,1.522135582264868,5.399269533244327,-6.110432087995075,Summer,CHARGE_PRIORITY
416.0,luxury_house,17.965058116003394,18.0,12.76476930757057,5.235230692429431,0.0,0.034941883996605916,Summer,CHARGE_PRIORITY
416.0,small_family,13.921599014991353,6.5,6.227448170773793,0.2725518292262071,3.182174238366616,-7.421599014991353,Summer,CHARGE_PRIORITY
417.0,apartment,8.034831344845763,3.6399999999999997,3.6399999999999997,0.0,1.704967499635719,-4.394831344845764,Summer,CHARGE_PRIORITY
417.0,family_house,13.219432443590522,10.08,8.06646714126875,2.013532858731249,4.100199369359812,-3.1394324435905223,Summer,CHARGE_PRIORITY
417.0,luxury_house,14.668408527884665,18.0,11.52341101039619,6.47658898960381,0.0,3.3315914721153357,Summer,CHARGE_PRIORITY
417.0,small_family,11.36693799678724,6.5,5.888555060709848,0.6114449392901522,2.5064826760064958,-4.866937996787239,Summer,CHARGE_PRIORITY
418.0,apartment,5.681483729630669,3.6399999999999997,3.541896048844958,0.09810395115504203,1.1235839794273232,-2.0414837296306696,Summer,CHARGE_PRIORITY
418.0,family_house,9.347550324300315,10.08,7.071823968272846,3.0081760317271535,2.407218170684531,0.7324496756996841,Summer,CHARGE_PRIORITY
418.0,luxury_house,10.372131139281835,18.0,9.905641380731588,8.094358619268412,0.0,7.627868860718164,Summer,CHARGE_PRIORITY
418.0,small_family,8.037638938855292,6.5,5.481856699478832,1.018143300521168,1.6259042877240724,-1.537638938855291,Summer,CHARGE_PRIORITY
419.0,apartment,2.9409523873370373,3.6399999999999997,3.2070607988084734,0.43293920119152624,0.4465485305531523,0.6990476126629621,Summer,CHARGE_PRIORITY
419.0,family_house,4.838648097966333,10.08,6.08261368426539,3.997386315734609,0.4356998081244845,5.241351902033666,Summer,CHARGE_PRIORITY
419.0,luxury_house,5.369010154294093,18.0,7.230326042779042,10.76967395722096,0.0,12.630989845705907,Summer,CHARGE_PRIORITY
419.0,small_family,4.160588070066731,6.5,4.752128516550741,1.747871483449259,0.6004490354561982,2.339411929933269,Summer,CHARGE_PRIORITY
420.0,apartment,1.391562172779992e-15,3.6399999999999997,2.601051493039865,1.0389485069601347,0.0,3.6399999999999983,Summer,CHARGE_PRIORITY
420.0,family_house,2.2894895169046354e-15,10.08,5.04,5.039999999999999,0.0,10.079999999999997,Summer,CHARGE_PRIORITY
420.0,luxury_house,2.5404394400116164e-15,18.0,4.500000000000001,13.499999999999998,0.0,17.999999999999996,Summer,CHARGE_PRIORITY
420.0,small_family,1.968653759834251e-15,6.5,4.0,2.4999999999999996,0.0,6.499999999999998,Summer,CHARGE_PRIORITY
421.0,apartment,0.0,3.6399999999999997,2.5199999999999996,1.1199999999999999,0.0,3.6399999999999997,Summer,CHARGE_PRIORITY
421.0,family_house,0.0,10.08,4.336079673611111,5.743920326388889,0.0,10.08,Summer,CHARGE_PRIORITY
421.0,luxury_house,0.0,18.0,4.5,13.5,0.0,18.0,Summer,CHARGE_PRIORITY
421.0,small_family,0.0,6.5,4.0,2.5,0.0,6.5,Summer,CHARGE_PRIORITY
422.0,apartment,0.0,3.6399999999999997,2.261945231986908,1.3780547680130917,0.0,3.6399999999999997,Summer,CHARGE_PRIORITY
422.0,family_house,0.0,10.08,2.6185422344405733,7.461457765559427,0.0,10.08,Summer,CHARGE_PRIORITY
422.0,luxury_house,0.0,18.0,3.513237351334799,14.4867626486652,0.0,18.0,Summer,CHARGE_PRIORITY
422.0,small_family,0.0,6.5,3.8787586292795173,2.6212413707204827,0.0,6.5,Summer,CHARGE_PRIORITY
423.0,apartment,0.0,3.6399999999999997,1.8593689938614952,1.7806310061385044,0.0,3.6399999999999997,Summer,CHARGE_PRIORITY
423.0,family_house,0.0,10.08,1.68,8.4,0.0,10.08,Summer,CHARGE_PRIORITY
423.0,luxury_house,0.0,18.0,1.5,16.5,0.0,18.0,Summer,CHARGE_PRIORITY
423.0,small_family,0.0,6.5,3.1769206091471,3.3230793908529,0.0,6.5,Summer,CHARGE_PRIORITY
424.0,apartment,0.0,3.6399999999999997,1.6799999999999997,1.9599999999999997,0.0,3.6399999999999997,Summer,CHARGE_PRIORITY
424.0,family_house,0.0,10.08,1.68,8.4,0.0,10.08,Summer,CHARGE_PRIORITY
424.0,luxury_house,0.0,18.0,1.5,16.5,0.0,18.0,Summer,CHARGE_PRIORITY
424.0,small_family,0.0,6.5,2.7094489409008147,3.7905510590991853,0.0,6.5,Summer,CHARGE_PRIORITY
425.0,apartment,0.0,3.6399999999999997,1.6799999999999997,1.9599999999999997,0.0,3.6399999999999997,Summer,CHARGE_PRIORITY
425.0,family_house,0.0,10.08,1.68,8.4,0.0,10.08,Summer,CHARGE_PRIORITY
425.0,luxury_house,0.0,18.0,1.5,16.5,0.0,18.0,Summer,CHARGE_PRIORITY
425.0,small_family,0.0,6.5,2.140182948057813,4.359817051942187,0.0,6.5,Summer,CHARGE_PRIORITY
426.0,apartment,0.0,28.269558962061087,12.594834003907511,15.674724958153575,0.0,28.269558962061087,Summer,CHARGE_PRIORITY
426.0,family_house,0.0,31.03412021346842,6.590070770197695,24.44404944327073,0.0,31.03412021346842,Summer,CHARGE_PRIORITY
426.0,luxury_house,0.0,38.18125352127995,3.3061962603170474,34.875057260962905,0.0,38.18125352127995,Summer,CHARGE_PRIORITY
426.0,small_family,0.0,19.254981176009313,7.125071233426835,12.12990994258248,0.0,19.254981176009313,Summer,CHARGE_PRIORITY
427.0,apartment,0.0,18.519680947759788,5.260654063022515,13.259026884737274,0.0,18.519680947759788,Summer,CHARGE_PRIORITY
427.0,family_house,0.0,27.98012435623512,3.852473642803892,24.12765071343123,0.0,27.98012435623512,Summer,CHARGE_PRIORITY
427.0,luxury_house,0.0,40.73758160843256,0.7125139390883948,40.02506766934417,0.0,40.73758160843256,Summer,CHARGE_PRIORITY
427.0,small_family,0.0,22.77390269117039,2.7464995331719417,20.027403157998453,0.0,22.77390269117039,Summer,CHARGE_PRIORITY
428.0,apartment,0.0,28.91500487718578,1.238945806929694,27.676059070256084,0.0,28.91500487718578,Summer,CHARGE_PRIORITY
428.0,family_house,0.0,27.030198564552578,3.574659164849935,23.455539399702644,0.0,27.030198564552578,Summer,CHARGE_PRIORITY
428.0,luxury_house,0.0,38.391631213253376,0.0,38.391631213253376,0.0,38.391631213253376,Summer,CHARGE_PRIORITY
428.0,small_family,0.0,24.563556928882388,1.796626591689729,22.766930337192658,0.0,24.563556928882388,Summer,CHARGE_PRIORITY
429.0,apartment,0.0,25.501813720202723,0.0,25.501813720202723,0.0,25.501813720202723,Summer,CHARGE_PRIORITY
429.0,family_house,0.0,22.750775625261944,1.5172454695123603,21.233530155749584,0.0,22.750775625261944,Summer,CHARGE_PRIORITY
429.0,luxury_house,0.0,39.74166027132838,0.0,39.74166027132838,0.0,39.74166027132838,Summer,CHARGE_PRIORITY
429.0,small_family,0.0,22.70144704155047,1.4158276009877504,21.28561944056272,0.0,22.70144704155047,Summer,CHARGE_PRIORITY
430.0,apartment,0.0,3.6399999999999997,0.0,3.6399999999999997,0.0,3.6399999999999997,Summer,CHARGE_PRIORITY
430.0,family_house,0.0,10.08,0.0,10.08,0.0,10.08,Summer,CHARGE_PRIORITY
430.0,luxury_house,0.0,18.0,0.0,18.0,0.0,18.0,Summer,CHARGE_PRIORITY
430.0,small_family,0.0,6.5,0.5,6.0,0.0,6.5,Summer,CHARGE_PRIORITY
431.0,apartment,0.0,3.6399999999999997,0.0,3.6399999999999997,0.0,3.6399999999999997,Summer,CHARGE_PRIORITY
431.0,family_house,0.0,10.08,0.0,10.08,0.0,10.08,Summer,CHARGE_PRIORITY
431.0,luxury_house,0.0,18.0,0.0,18.0,0.0,18.0,Summer,CHARGE_PRIORITY
431.0,small_family,0.0,6.5,0.30960808559959335,6.190391914400407,0.0,6.5,Summer,CHARGE_PRIORITY
432.0,apartment,0.0,3.6399999999999997,0.0,3.6399999999999997,0.0,3.6399999999999997,Summer,CHARGE_PRIORITY
432.0,family_house,0.0,10.08,0.0,10.08,0.0,10.08,Summer,CHARGE_PRIORITY
432.0,luxury_house,0.0,18.0,0.0,18.0,0.0,18.0,Summer,CHARGE_PRIORITY
432.0,small_family,0.0,6.5,0.0,6.5,0.0,6.5,Summer,CHARGE_PRIORITY
433.0,apartment,3.334744038650962,3.6399999999999997,2.281005406335174,1.3589945936648258,0.0,0.3052559613490373,Summer,CHARGE_PRIORITY
433.0,family_house,5.400002312783476,10.08,4.434346550199602,5.645653449800398,0.0,4.679997687216523,Summer,CHARGE_PRIORITY
433.0,luxury_house,5.50737188347364,18.0,4.956634695126276,13.043365304873724,0.0,12.49262811652636,Summer,CHARGE_PRIORITY
433.0,small_family,5.171998280451756,6.5,3.8199205387239474,2.680079461276052,0.0,1.328001719548244,Summer,CHARGE_PRIORITY
434.0,apartment,6.442230781992951,3.6399999999999997,3.1001926394929145,0.5398073605070851,0.0,-2.802230781992951,Summer,CHARGE_PRIORITY
434.0,family_house,10.432003391876519,10.08,7.126533714205688,2.9534662857943115,0.0,-0.3520033918765187,Summer,CHARGE_PRIORITY
434.0,luxury_house,10.639425474450917,18.0,9.575482927005824,8.424517072994176,0.0,7.360574525549083,Summer,CHARGE_PRIORITY
434.0,small_family,9.991533425222004,6.5,5.495724932743201,1.0042750672567993,0.0,-3.4915334252220047,Summer,CHARGE_PRIORITY
435.0,apartment,9.110690143831864,3.6399999999999997,3.502943137902353,0.13705686209764686,0.0,-5.470690143831863,Summer,CHARGE_PRIORITY
435.0,family_house,14.753080679513905,10.08,8.305283137855293,1.7747168621447074,0.0,-4.673080679513906,Summer,CHARGE_PRIORITY
435.0,luxury_house,15.04641980182629,18.0,13.47189978707268,4.52810021292732,0.0,2.9535801981737104,Summer,CHARGE_PRIORITY
435.0,small_family,14.130162078853068,6.5,6.120725637548627,0.37927436245137297,0.0,-7.630162078853068,Summer,CHARGE_PRIORITY
436.0,apartment,11.158271028495971,3.6399999999999997,3.6007254605275927,0.03927453947240703,0.0,-7.518271028495971,Summer,CHARGE_PRIORITY
436.0,family_house,17.363242180114277,10.08,8.93801637442326,1.1419836255767404,0.0,-7.283242180114279,Summer,CHARGE_PRIORITY
436.0,luxury_house,18.428025485091595,18.0,15.2613563713047,2.738643628695301,0.0,-0.4280254850915971,Summer,CHARGE_PRIORITY
436.0,small_family,17.305843538007206,6.5,6.365790024412607,0.1342099755873934,0.0,-10.805843538007206,Summer,CHARGE_PRIORITY
437.0,apartment,12.445434182482822,3.6399999999999997,3.628494363274831,0.011505636725168522,0.0,-8.805434182482824,Summer,CHARGE_PRIORITY
437.0,family_house,18.90475993928315,10.08,9.290774072402982,0.7892259275970167,0.0,-8.82475993928315,Summer,CHARGE_PRIORITY
437.0,luxury_house,20.55379168529993,18.0,15.842592527900884,2.1574074720991168,0.0,-2.55379168529993,Summer,CHARGE_PRIORITY
437.0,small_family,19.30216035930482,6.5,6.442437754289246,0.05756224571075402,0.0,-12.802160359304821,Summer,CHARGE_PRIORITY
438.0,apartment,12.884461563985903,3.6399999999999997,3.6379658188728046,0.002034181127195167,0.4568158336999411,-9.244461563985903,Summer,CHARGE_PRIORITY
438.0,family_house,19.43054293987028,10.08,9.40033748519511,0.67966251480489,0.2281388375312362,-9.35054293987028,Summer,CHARGE_PRIORITY
438.0,luxury_house,21.278850948901834,18.0,16.031058785772675,1.9689412142273237,0.0,-3.2788509489018356,Summer,CHARGE_PRIORITY
438.0,small_family,19.983066850444015,6.5,6.458045268329785,0.04195473167021452,3.2550815257337375,-13.483066850444013,Summer,CHARGE_PRIORITY
439.0,apartment,12.445434182482826,3.6399999999999997,3.628494363274831,0.011505636725168467,2.476657255455061,-8.805434182482825,Summer,CHARGE_PRIORITY
439.0,family_house,18.90475993928315,10.08,9.301529741126977,0.7784702588730219,3.16,-8.82475993928315,Summer,CHARGE_PRIORITY
439.0,luxury_house,20.55379168529993,18.0,15.842592527900884,2.1574074720991168,0.0,-2.55379168529993,Summer,CHARGE_PRIORITY
439.0,small_family,19.302160359304825,6.5,6.442437754289246,0.05756224571075391,6.494227576575041,-12.802160359304825,Summer,CHARGE_PRIORITY
440.0,apartment,11.158271028495971,3.6399999999999997,3.6007254605275927,0.03927453947240703,3.742942285662245,-7.518271028495971,Summer,CHARGE_PRIORITY
440.0,family_house,17.36324218011428,10.08,8.93801637442326,1.14198362557674,3.16,-7.283242180114281,Summer,CHARGE_PRIORITY
440.0,luxury_house,18.428025485091602,18.0,15.29003741830425,2.70996258169575,0.0,-0.4280254850916001,Summer,CHARGE_PRIORITY
440.0,small_family,17.30584353800721,6.5,6.396678838456854,0.10332116154314591,7.180726409034847,-10.805843538007208,Summer,CHARGE_PRIORITY
441.0,apartment,9.110690143831864,3.6399999999999997,3.5565515154630316,0.08344848453696804,3.6882214240826636,-5.470690143831863,Summer,CHARGE_PRIORITY
441.0,family_house,14.753080679513905,10.08,8.376859914137592,1.7031400858624073,3.284734312834722,-4.673080679513906,Summer,CHARGE_PRIORITY
441.0,luxury_house,15.04641980182629,18.0,14.411049174561292,3.5889508254387086,0.0,2.9535801981737104,Summer,CHARGE_PRIORITY
441.0,small_family,14.130162078853068,6.5,6.26415980052019,0.23584019947980978,5.587783432945971,-7.630162078853068,Summer,CHARGE_PRIORITY
442.0,apartment,6.442230781992955,3.6399999999999997,3.498982909436402,0.14101709056359749,2.361936075683058,-2.8022307819929555,Summer,CHARGE_PRIORITY
442.0,family_house,10.432003391876528,10.08,7.645546576959553,2.4344534230404467,2.7002992649813127,-0.3520033918765271,Summer,CHARGE_PRIORITY
442.0,luxury_house,10.639425474450924,18.0,12.4412629744021,5.5587370255979,0.0,7.360574525549075,Summer,CHARGE_PRIORITY
442.0,small_family,9.991533425222013,6.5,5.999864103656312,0.5001358963436886,3.5118197290177653,-3.4915334252220127,Summer,CHARGE_PRIORITY
443.0,apartment,3.334744038650966,3.6399999999999997,3.285350065456447,0.3546499345435523,0.8174440751752043,0.30525596134903354,Summer,CHARGE_PRIORITY
443.0,family_house,5.400002312783482,10.08,6.735287713183253,3.3447122868167467,0.5874097460514747,4.679997687216517,Summer,CHARGE_PRIORITY
443.0,luxury_house,5.507371883473646,18.0,8.782595710121196,9.217404289878804,0.0,12.492628116526355,Summer,CHARGE_PRIORITY
443.0,small_family,5.171998280451762,6.5,5.677802151574085,0.8221978484259156,1.094308792980706,1.3280017195482379,Summer,CHARGE_PRIORITY
444.0,apartment,1.5778914613072435e-15,3.6399999999999997,2.829132531891675,0.8108674681083243,0.0,3.639999999999998,Summer,CHARGE_PRIORITY
444.0,family_house,2.5551039125111826e-15,10.08,5.04,5.039999999999999,0.0,10.079999999999997,Summer,CHARGE_PRIORITY
444.0,luxury_house,2.605907670410625e-15,18.0,3.454647922511216,14.545352077488783,0.0,17.999999999999996,Summer,CHARGE_PRIORITY
444.0,small_family,2.4472198855543842e-15,6.5,4.502670576141802,1.9973294238581978,0.0,6.499999999999997,Summer,CHARGE_PRIORITY
445.0,apartment,0.0,3.6399999999999997,2.3825396786782003,1.2574603213217994,0.0,3.6399999999999997,Summer,CHARGE_PRIORITY
445.0,family_house,0.0,10.08,5.04,5.04,0.0,10.08,Summer,CHARGE_PRIORITY
445.0,luxury_house,0.0,18.0,0.10481682628395245,17.89518317371605,0.0,18.0,Summer,CHARGE_PRIORITY
445.0,small_family,0.0,6.5,4.371826340322787,2.1281736596772127,0.0,6.5,Summer,CHARGE_PRIORITY
446.0,apartment,0.0,3.6399999999999997,2.2399999999999998,1.4,0.0,3.6399999999999997,Summer,CHARGE_PRIORITY
446.0,family_house,0.0,10.08,5.04,5.04,0.0,10.08,Summer,CHARGE_PRIORITY
446.0,luxury_house,0.0,18.0,0.0,18.0,0.0,18.0,Summer,CHARGE_PRIORITY
446.0,small_family,0.0,6.5,4.0,2.5,0.0,6.5,Summer,CHARGE_PRIORITY
447.0,apartment,0.0,3.6399999999999997,1.8676244141515448,1.772375585848455,0.0,3.6399999999999997,Summer,CHARGE_PRIORITY
447.0,family_house,0.0,10.08,3.748045236936682,6.331954763063318,0.0,10.08,Summer,CHARGE_PRIORITY
447.0,luxury_house,0.0,18.0,0.0,18.0,0.0,18.0,Summer,CHARGE_PRIORITY
447.0,small_family,0.0,6.5,3.7468453064600733,2.7531546935399267,0.0,6.5,Summer,CHARGE_PRIORITY
448.0,apartment,0.0,3.6399999999999997,1.6799999999999997,1.9599999999999997,0.0,3.6399999999999997,Summer,CHARGE_PRIORITY
448.0,family_house,0.0,10.08,2.195498068639654,7.8845019313603455,0.0,10.08,Summer,CHARGE_PRIORITY
448.0,luxury_house,0.0,18.0,0.0,18.0,0.0,18.0,Summer,CHARGE_PRIORITY
448.0,small_family,0.0,6.5,3.5,3.0,0.0,6.5,Summer,CHARGE_PRIORITY
449.0,apartment,0.0,3.6399999999999997,1.6799999999999997,1.9599999999999997,0.0,3.6399999999999997,Summer,CHARGE_PRIORITY
449.0,family_house,0.0,10.08,1.68,8.4,0.0,10.08,Summer,CHARGE_PRIORITY
449.0,luxury_house,0.0,18.0,0.0,18.0,0.0,18.0,Summer,CHARGE_PRIORITY
449.0,small_family,0.0,6.5,3.5,3.0,0.0,6.5,Summer,CHARGE_PRIORITY
450.0,apartment,0.0,21.856616447957823,5.974236697007329,15.882379750950493,0.0,21.856616447957823,Summer,CHARGE_PRIORITY
450.0,family_house,0.0,35.421068296263186,4.604487559847522,30.816580736415663,0.0,35.421068296263186,Summer,CHARGE_PRIORITY
450.0,luxury_house,0.0,32.99867941095634,0.0,32.99867941095634,0.0,32.99867941095634,Summer,CHARGE_PRIORITY
450.0,small_family,0.0,24.462256289707238,9.998194598245481,14.464061691461755,0.0,24.462256289707238,Summer,CHARGE_PRIORITY
451.0,apartment,0.0,19.246844683052807,6.9582083751428145,12.28863630790999,0.0,19.246844683052807,Summer,CHARGE_PRIORITY
451.0,family_house,0.0,25.055963797414638,4.9965263971596725,20.059437400254964,0.0,25.055963797414638,Summer,CHARGE_PRIORITY
451.0,luxury_house,0.0,35.069261588894385,0.0,35.069261588894385,0.0,35.069261588894385,Summer,CHARGE_PRIORITY
451.0,small_family,0.0,25.09785830005162,8.302644684923045,16.795213615128574,0.0,25.09785830005162,Summer,CHARGE_PRIORITY
452.0,apartment,0.0,26.720914701123526,7.100270745378872,19.620643955744654,0.0,26.720914701123526,Summer,CHARGE_PRIORITY
452.0,family_house,0.0,26.72954324808834,3.734578563045858,22.994964685042483,0.0,26.72954324808834,Summer,CHARGE_PRIORITY
452.0,luxury_house,0.0,35.416712836983706,0.0,35.416712836983706,0.0,35.416712836983706,Summer,CHARGE_PRIORITY
452.0,small_family,0.0,24.896330895005605,1.5840424554257209,23.31228843957988,0.0,24.896330895005605,Summer,CHARGE_PRIORITY
453.0,apartment,0.0,26.176885667834505,5.513953595094504,20.66293207274,0.0,26.176885667834505,Summer,CHARGE_PRIORITY
453.0,family_house,0.0,28.36364434750222,2.1988565273108303,26.16478782019139,0.0,28.36364434750222,Summer,CHARGE_PRIORITY
453.0,luxury_house,0.0,29.679251924854388,0.0,29.679251924854388,0.0,29.679251924854388,Summer,CHARGE_PRIORITY
453.0,small_family,0.0,31.00835555170575,2.9401199963257545,28.06823555538,0.0,31.00835555170575,Summer,CHARGE_PRIORITY
454.0,apartment,0.0,3.6399999999999997,0.27999999999999986,3.36,0.0,3.6399999999999997,Summer,CHARGE_PRIORITY
454.0,family_house,0.0,10.08,0.0,10.08,0.0,10.08,Summer,CHARGE_PRIORITY
454.0,luxury_house,0.0,18.0,0.0,18.0,0.0,18.0,Summer,CHARGE_PRIORITY
454.0,small_family,0.0,6.5,0.5,6.0,0.0,6.5,Summer,CHARGE_PRIORITY
455.0,apartment,0.0,3.6399999999999997,0.27999999999999997,3.3599999999999994,0.0,3.6399999999999997,Summer,CHARGE_PRIORITY
455.0,family_house,0.0,10.08,0.0,10.08,0.0,10.08,Summer,CHARGE_PRIORITY
455.0,luxury_house,0.0,18.0,0.0,18.0,0.0,18.0,Summer,CHARGE_PRIORITY
455.0,small_family,0.0,6.5,0.5,6.0,0.0,6.5,Summer,CHARGE_PRIORITY
456.0,apartment,0.0,3.6399999999999997,0.20346929071427175,3.436530709285728,0.0,3.6399999999999997,Summer,CHARGE_PRIORITY
456.0,family_house,0.0,10.08,0.0,10.08,0.0,10.08,Summer,CHARGE_PRIORITY
456.0,luxury_house,0.0,18.0,0.0,18.0,0.0,18.0,Summer,CHARGE_PRIORITY
456.0,small_family,0.0,6.5,0.11499359777352797,6.385006402226472,0.0,6.5,Summer,CHARGE_PRIORITY
457.0,apartment,3.317591735065,3.6399999999999997,2.377441209688258,1.2625587903117417,0.0,0.3224082649349995,Summer,CHARGE_PRIORITY
457.0,family_house,5.255120212853026,10.08,4.578303282483782,5.501696717516218,0.0,4.824879787146974,Summer,CHARGE_PRIORITY
457.0,luxury_house,6.39442377122184,18.0,5.754981394099655,12.245018605900345,0.0,11.60557622877816,Summer,CHARGE_PRIORITY
457.0,small_family,3.869015264865154,6.5,3.3347923252746052,3.1652076747253948,0.0,2.630984735134846,Summer,CHARGE_PRIORITY
458.0,apartment,6.4090950759648875,3.6399999999999997,3.2952934862959316,0.3447065137040679,0.0,-2.769095075964888,Summer,CHARGE_PRIORITY
458.0,family_house,10.152112667696885,10.08,7.814724191107364,2.265275808892636,0.0,-0.07211266769688507,Summer,CHARGE_PRIORITY
458.0,luxury_house,12.35307812971983,18.0,9.81202266457823,8.18797733542177,0.0,5.64692187028017,Summer,CHARGE_PRIORITY
458.0,small_family,7.474363533279783,6.5,5.3969440983018595,1.1030559016981407,0.0,-0.9743635332797833,Summer,CHARGE_PRIORITY
459.0,apartment,9.063829178968168,3.6399999999999997,3.556015886460715,0.08398411353928481,0.0,-5.423829178968169,Summer,CHARGE_PRIORITY
459.0,family_house,14.35725542139664,10.08,8.5698544969082,1.5101455030918007,0.0,-4.2772554213966405,Summer,CHARGE_PRIORITY
459.0,luxury_house,17.469890628104253,18.0,11.988971750340188,6.011028249659812,0.0,0.5301093718957453,Summer,CHARGE_PRIORITY
459.0,small_family,10.57034627887116,6.5,6.390343172181238,0.10965682781876218,0.0,-4.07034627887116,Summer,CHARGE_PRIORITY
460.0,apartment,11.1008783021107,3.6399999999999997,3.6399999999999997,0.0,0.0,-7.4608783021107,Summer,CHARGE_PRIORITY
460.0,family_house,17.58397494461462,10.08,8.985599807908985,1.094400192091015,0.0,-7.503974944614622,Summer,CHARGE_PRIORITY
460.0,luxury_house,20.723054504694584,18.0,13.334962436138252,4.665037563861747,0.0,-2.723054504694585,Summer,CHARGE_PRIORITY
460.0,small_family,12.945977393880618,6.5,6.485344838368137,0.01465516163186309,0.0,-6.445977393880617,Summer,CHARGE_PRIORITY
461.0,apartment,12.381420914033166,3.6399999999999997,3.6399999999999997,0.0,0.0,-8.741420914033167,Summer,CHARGE_PRIORITY
461.0,family_house,19.50170864925665,10.08,9.246948236081481,0.8330517639185177,0.0,-9.421708649256649,Summer,CHARGE_PRIORITY
461.0,luxury_house,22.622019157739086,18.0,14.04189256699868,3.9581074330013193,0.0,-4.622019157739086,Summer,CHARGE_PRIORITY
461.0,small_family,14.439361543736311,6.5,6.5,0.0,0.0,-7.93936154373631,Summer,CHARGE_PRIORITY
462.0,apartment,12.818190151929777,3.6399999999999997,3.6399999999999997,0.0,1.021165510719875,-9.178190151929778,Summer,CHARGE_PRIORITY
462.0,family_house,20.048549720232373,10.08,9.336089317944433,0.7439106820555661,0.0,-9.968549720232373,Summer,CHARGE_PRIORITY
462.0,luxury_house,23.13782814350718,18.0,14.272665549415509,3.7273344505844914,0.0,-5.13782814350718,Summer,CHARGE_PRIORITY
462.0,small_family,14.94872706655957,6.5,6.5,0.0,0.0,-8.44872706655957,Summer,CHARGE_PRIORITY
463.0,apartment,12.381420914033168,3.6399999999999997,3.6399999999999997,0.0,4.284995431448699,-8.741420914033169,Summer,CHARGE_PRIORITY
463.0,family_house,19.50170864925665,10.08,9.246948236081481,0.8330517639185177,1.2537785148117488,-9.421708649256649,Summer,CHARGE_PRIORITY
463.0,luxury_house,22.622019157739086,18.0,14.041892566998682,3.958107433001319,0.0,-4.622019157739086,Summer,CHARGE_PRIORITY
463.0,small_family,14.439361543736313,6.5,6.5,0.0,0.2536030170362926,-7.939361543736313,Summer,CHARGE_PRIORITY
464.0,apartment,11.1008783021107,3.6399999999999997,3.6399999999999997,0.0,3.783904066603179,-7.4608783021107,Summer,CHARGE_PRIORITY
464.0,family_house,17.583974944614624,10.08,8.985599807908985,1.0944001920910145,2.8455231929957416,-7.503974944614624,Summer,CHARGE_PRIORITY
464.0,luxury_house,20.723054504694588,18.0,13.365300417129523,4.634699582870477,0.0,-2.723054504694587,Summer,CHARGE_PRIORITY
464.0,small_family,12.94597739388062,6.5,6.5,0.0,1.9066440703116458,-6.44597739388062,Summer,CHARGE_PRIORITY
465.0,apartment,9.063829178968168,3.6399999999999997,3.6399999999999997,0.0,2.9867828182595413,-5.423829178968169,Summer,CHARGE_PRIORITY
465.0,family_house,14.35725542139664,10.08,8.5698544969082,1.5101455030918007,2.1692170860108586,-4.2772554213966405,Summer,CHARGE_PRIORITY
465.0,luxury_house,17.469890628104253,18.0,12.288997736700221,5.711002263299779,0.0,0.5301093718957453,Summer,CHARGE_PRIORITY
465.0,small_family,10.57034627887116,6.5,6.5,0.0,1.4650166549194448,-4.07034627887116,Summer,CHARGE_PRIORITY
466.0,apartment,6.409095075964892,3.6399999999999997,3.6399999999999997,0.0,1.947954182187257,-2.7690950759648927,Summer,CHARGE_PRIORITY
466.0,family_house,10.152112667696892,10.08,8.028044658972217,2.051955341027782,1.2878378075807015,-0.07211266769689317,Summer,CHARGE_PRIORITY
466.0,luxury_house,12.35307812971984,18.0,10.37988806726057,7.62011193273943,0.0,5.64692187028016,Summer,CHARGE_PRIORITY
466.0,small_family,7.4743635332797895,6.5,6.304932812658059,0.19506718734194123,0.889476601838046,-0.9743635332797894,Summer,CHARGE_PRIORITY
467.0,apartment,3.317591735065004,3.6399999999999997,3.397833879417926,0.24216612058207365,0.7382126131891592,0.32240826493499564,Summer,CHARGE_PRIORITY
467.0,family_house,5.255120212853031,10.08,7.397093739173283,2.682906260826716,0.2614498989821573,4.824879787146969,Summer,CHARGE_PRIORITY
467.0,luxury_house,6.394423771221847,18.0,8.192115803171866,9.807884196828134,0.0,11.605576228778153,Summer,CHARGE_PRIORITY
467.0,small_family,3.8690152648651583,6.5,6.145049425874747,0.3549505741252532,0.21924601456003734,2.6309847351348417,Summer,CHARGE_PRIORITY
468.0,apartment,1.5697755540422925e-15,3.6399999999999997,2.8759818795619654,0.7640181204380344,0.0,3.639999999999998,Summer,CHARGE_PRIORITY
468.0,family_house,2.4865504566156578e-15,10.08,6.72,3.3599999999999994,0.0,10.079999999999997,Summer,CHARGE_PRIORITY
468.0,luxury_house,3.025631518235713e-15,18.0,6.000000000000001,11.999999999999998,0.0,17.999999999999996,Summer,CHARGE_PRIORITY
468.0,small_family,1.830691075338958e-15,6.5,5.782956648668302,0.7170433513316985,0.0,6.499999999999998,Summer,CHARGE_PRIORITY
469.0,apartment,0.0,3.6399999999999997,2.8,0.8399999999999999,0.0,3.6399999999999997,Summer,CHARGE_PRIORITY
469.0,family_house,0.0,10.08,6.72,3.36,0.0,10.08,Summer,CHARGE_PRIORITY
469.0,luxury_house,0.0,18.0,5.718906228820185,12.281093771179815,0.0,18.0,Summer,CHARGE_PRIORITY
469.0,small_family,0.0,6.5,3.8506272019791146,2.6493727980208854,0.0,6.5,Summer,CHARGE_PRIORITY
470.0,apartment,0.0,3.6399999999999997,2.7785695471740257,0.861430452825974,0.0,3.6399999999999997,Summer,CHARGE_PRIORITY
470.0,family_house,0.0,10.08,5.906000235733457,4.173999764266542,0.0,10.08,Summer,CHARGE_PRIORITY
470.0,luxury_house,0.0,18.0,4.5,13.5,0.0,18.0,Summer,CHARGE_PRIORITY
470.0,small_family,0.0,6.5,2.731735446863532,3.768264553136468,0.0,6.5,Summer,CHARGE_PRIORITY
471.0,apartment,0.0,3.6399999999999997,2.5199999999999996,1.1199999999999999,0.0,3.6399999999999997,Summer,CHARGE_PRIORITY
471.0,family_house,0.0,10.08,5.867589148015443,4.212410851984557,0.0,10.08,Summer,CHARGE_PRIORITY
471.0,luxury_house,0.0,18.0,4.021120150816433,13.978879849183567,0.0,18.0,Summer,CHARGE_PRIORITY
471.0,small_family,0.0,6.5,2.2583829102743147,4.241617089725685,0.0,6.5,Summer,CHARGE_PRIORITY
472.0,apartment,0.0,3.6399999999999997,2.3815448935661685,1.2584551064338312,0.0,3.6399999999999997,Summer,CHARGE_PRIORITY
472.0,family_house,0.0,10.08,4.3736978959014285,5.7063021040985715,0.0,10.08,Summer,CHARGE_PRIORITY
472.0,luxury_house,0.0,18.0,3.0,15.0,0.0,18.0,Summer,CHARGE_PRIORITY
472.0,small_family,0.0,6.5,2.0,4.5,0.0,6.5,Summer,CHARGE_PRIORITY
473.0,apartment,0.0,3.6399999999999997,2.1140105375217897,1.5259894624782098,0.0,3.6399999999999997,Summer,CHARGE_PRIORITY
473.0,family_house,0.0,10.08,2.8814895761800106,7.1985104238199895,0.0,10.08,Summer,CHARGE_PRIORITY
473.0,luxury_house,0.0,18.0,3.0,15.0,0.0,18.0,Summer,CHARGE_PRIORITY
473.0,small_family,0.0,6.5,2.0,4.5,0.0,6.5,Summer,CHARGE_PRIORITY
474.0,apartment,0.0,27.780174629366222,11.116615913968346,16.663558715397876,0.0,27.780174629366222,Summer,CHARGE_PRIORITY
474.0,family_house,0.0,28.772416242834897,2.218593001200798,26.5538232416341,0.0,28.772416242834897,Summer,CHARGE_PRIORITY
474.0,luxury_house,0.0,31.659392435571988,6.096530631557856,25.56286180401413,0.0,31.659392435571988,Summer,CHARGE_PRIORITY
474.0,small_family,0.0,25.097355534439856,4.81201036389797,20.285345170541888,0.0,25.097355534439856,Summer,CHARGE_PRIORITY
475.0,apartment,0.0,29.998970060297385,5.9197741331851725,24.079195927112213,0.0,29.998970060297385,Summer,CHARGE_PRIORITY
475.0,family_house,0.0,31.57473700496289,2.9174446735724784,28.657292331390412,0.0,31.57473700496289,Summer,CHARGE_PRIORITY
475.0,luxury_house,0.0,37.77753372297284,4.213547533098671,33.56398618987417,0.0,37.77753372297284,Summer,CHARGE_PRIORITY
475.0,small_family,0.0,29.866341252005324,4.4483424037340935,25.417998848271232,0.0,29.866341252005324,Summer,CHARGE_PRIORITY
476.0,apartment,0.0,25.634324601887066,2.6388496064613487,22.995474995425717,0.0,25.634324601887066,Summer,CHARGE_PRIORITY
476.0,family_house,0.0,28.293433090857658,0.9419528640994107,27.351480226758245,0.0,28.293433090857658,Summer,CHARGE_PRIORITY
476.0,luxury_house,0.0,38.58463074624611,0.13772096050536423,38.44690978574075,0.0,38.58463074624611,Summer,CHARGE_PRIORITY
476.0,small_family,0.0,22.46101468201627,1.2046191512757756,21.25639553074049,0.0,22.46101468201627,Summer,CHARGE_PRIORITY
477.0,apartment,0.0,19.221694749732585,1.3348601629690258,17.88683458676356,0.0,19.221694749732585,Summer,CHARGE_PRIORITY
477.0,family_house,0.0,30.336940517531303,2.4521506441566987,27.884789873374608,0.0,30.336940517531303,Summer,CHARGE_PRIORITY
477.0,luxury_house,0.0,34.41432010513056,0.0,34.41432010513056,0.0,34.41432010513056,Summer,CHARGE_PRIORITY
477.0,small_family,0.0,23.445782276656086,1.5504425378139535,21.895339738842132,0.0,23.445782276656086,Summer,CHARGE_PRIORITY
478.0,apartment,0.0,3.6399999999999997,0.08993421135465193,3.5500657886453477,0.0,3.6399999999999997,Summer,CHARGE_PRIORITY
478.0,family_house,0.0,10.08,0.0,10.08,0.0,10.08,Summer,CHARGE_PRIORITY
478.0,luxury_house,0.0,18.0,0.0,18.0,0.0,18.0,Summer,CHARGE_PRIORITY
478.0,small_family,0.0,6.5,0.5,6.0,0.0,6.5,Summer,CHARGE_PRIORITY
479.0,apartment,0.0,3.6399999999999997,0.0,3.6399999999999997,0.0,3.6399999999999997,Summer,CHARGE_PRIORITY
479.0,family_house,0.0,10.08,0.0,10.08,0.0,10.08,Summer,CHARGE_PRIORITY
479.0,luxury_house,0.0,18.0,0.0,18.0,0.0,18.0,Summer,CHARGE_PRIORITY
479.0,small_family,0.0,6.5,0.48505852627845125,6.0149414737215485,0.0,6.5,Summer,CHARGE_PRIORITY
480.0,apartment,0.0,3.6399999999999997,0.0,3.6399999999999997,0.0,3.6399999999999997,Summer,CHARGE_PRIORITY
480.0,family_house,0.0,10.08,0.0,10.08,0.0,10.08,Summer,CHARGE_PRIORITY
480.0,luxury_house,0.0,18.0,0.0,18.0,0.0,18.0,Summer,CHARGE_PRIORITY
480.0,small_family,0.0,6.5,0.0,6.5,0.0,6.5,Summer,CHARGE_PRIORITY
481.0,apartment,2.458519096249026,3.6399999999999997,2.1547444073533857,1.4852555926466142,0.0,1.1814809037509737,Summer,CHARGE_PRIORITY
481.0,family_house,5.804739629994271,10.08,4.452084927778532,5.627915072221467,0.0,4.275260370005729,Summer,CHARGE_PRIORITY
481.0,luxury_house,4.179972891872469,18.0,3.761975602685222,14.238024397314778,0.0,13.820027108127531,Summer,CHARGE_PRIORITY
481.0,small_family,3.650601290915483,6.5,3.1887427260083534,3.3112572739916466,0.0,2.849398709084517,Summer,CHARGE_PRIORITY
482.0,apartment,4.749494178983587,3.6399999999999997,3.053350808206904,0.5866491917930958,0.0,-1.1094941789835877,Summer,CHARGE_PRIORITY
482.0,family_house,11.213895846990233,10.08,6.234486520547945,3.845513479452055,0.0,-1.1338958469902332,Summer,CHARGE_PRIORITY
482.0,luxury_house,8.075087538895641,18.0,7.2675787850060765,10.732421214993924,0.0,9.924912461104359,Summer,CHARGE_PRIORITY
482.0,small_family,7.052420136758953,6.5,5.025919845124017,1.4740801548759825,0.0,-0.5524201367589536,Summer,CHARGE_PRIORITY
483.0,apartment,6.71679908233066,3.6399999999999997,3.469719546985185,0.17028045301481445,0.0,-3.0767990823306595,Summer,CHARGE_PRIORITY
483.0,family_house,15.858843593852916,10.08,7.425137822217553,2.6548621777824466,0.0,-5.778843593852917,Summer,CHARGE_PRIORITY
483.0,luxury_house,11.419898314856194,18.0,9.58220298057602,8.41779701942398,0.0,6.580101685143805,Summer,CHARGE_PRIORITY
483.0,small_family,9.973628204957633,6.5,5.956765475451174,0.5432345245488258,0.0,-3.473628204957633,Summer,CHARGE_PRIORITY
484.0,apartment,8.226365228252206,3.6399999999999997,3.6125712573454165,0.02742874265458295,0.0,-4.586365228252206,Summer,CHARGE_PRIORITY
484.0,family_house,18.71929350208401,10.08,8.338756699260921,1.7412433007390788,0.0,-8.63929350208401,Summer,CHARGE_PRIORITY
484.0,luxury_house,13.986461892933574,18.0,11.061519342918912,6.938480657081089,0.0,4.0135381070664256,Summer,CHARGE_PRIORITY
484.0,small_family,12.215149993188358,6.5,6.259424858697656,0.24057514130234425,0.0,-5.715149993188359,Summer,CHARGE_PRIORITY
485.0,apartment,9.175318178579683,3.6399999999999997,3.6399999999999997,0.0,0.0,-5.535318178579684,Summer,CHARGE_PRIORITY
485.0,family_house,19.95581837205869,10.08,8.844501562785538,1.2354984372144613,0.0,-9.875818372058692,Summer,CHARGE_PRIORITY
485.0,luxury_house,15.599871206728665,18.0,11.991456484332492,6.008543515667507,0.0,2.4001287932713358,Summer,CHARGE_PRIORITY
485.0,small_family,13.624229495873113,6.5,6.367186835931886,0.13281316406811455,0.0,-7.124229495873113,Summer,CHARGE_PRIORITY
486.0,apartment,9.498988357967177,3.6399999999999997,3.6399999999999997,0.0,0.0,-5.858988357967176,Summer,CHARGE_PRIORITY
486.0,family_house,20.294447690333932,10.08,8.978709846284804,1.1012901537151953,0.1896484455831401,-10.214447690333932,Summer,CHARGE_PRIORITY
486.0,luxury_house,16.150175077791285,18.0,12.308640725423217,5.691359274576784,0.0,1.849824922208715,Summer,CHARGE_PRIORITY
486.0,small_family,14.10484027351791,6.5,6.397777875205468,0.10222212479453224,0.0,-7.60484027351791,Summer,CHARGE_PRIORITY
487.0,apartment,9.175318178579685,3.6399999999999997,3.6399999999999997,0.0,0.0,-5.5353181785796854,Summer,CHARGE_PRIORITY
487.0,family_house,19.95581837205869,10.08,8.844501562785538,1.235498437214461,6.0354558204668045,-9.875818372058692,Summer,CHARGE_PRIORITY
487.0,luxury_house,15.599871206728665,18.0,11.991456484332492,6.008543515667507,0.0,2.4001287932713358,Summer,CHARGE_PRIORITY
487.0,small_family,13.624229495873116,6.5,6.367186835931886,0.1328131640681144,0.0,-7.1242294958731165,Summer,CHARGE_PRIORITY
488.0,apartment,8.226365228252206,3.6399999999999997,3.6362665625521187,0.003733437447880905,0.0,-4.586365228252206,Summer,CHARGE_PRIORITY
488.0,family_house,18.71929350208401,10.08,8.441975672241432,1.6380243277585682,9.016091091893664,-8.639293502084012,Summer,CHARGE_PRIORITY
488.0,luxury_house,13.986461892933576,18.0,11.061519342918912,6.9384806570810875,0.0,4.013538107066423,Summer,CHARGE_PRIORITY
488.0,small_family,12.21514999318836,6.5,6.277498446883551,0.2225015531164493,0.7751604209086445,-5.71514999318836,Summer,CHARGE_PRIORITY
489.0,apartment,6.71679908233066,3.6399999999999997,3.567831808212447,0.0721681917875526,0.0,-3.0767990823306595,Summer,CHARGE_PRIORITY
489.0,family_house,15.858843593852916,10.08,7.5893419885453035,2.4906580114546966,7.473783385820696,-5.778843593852917,Summer,CHARGE_PRIORITY
489.0,luxury_house,11.419898314856194,18.0,9.58220298057602,8.41779701942398,0.0,6.580101685143805,Summer,CHARGE_PRIORITY
489.0,small_family,9.973628204957633,6.5,6.134824823557036,0.36517517644296366,1.3116484983620011,-3.473628204957633,Summer,CHARGE_PRIORITY
490.0,apartment,4.749494178983591,3.6399999999999997,3.4239186084415705,0.21608139155842937,0.0,-1.1094941789835913,Summer,CHARGE_PRIORITY
490.0,family_house,11.21389584699024,10.08,6.2344865205479465,3.8455134794520527,4.546672001823273,-1.1338958469902423,Summer,CHARGE_PRIORITY
490.0,luxury_house,8.075087538895648,18.0,7.654320362711611,10.34567963728839,0.0,9.924912461104352,Summer,CHARGE_PRIORITY
490.0,small_family,7.052420136758959,6.5,5.734065782851509,0.7659342171484911,0.7810289383181976,-0.5524201367589592,Summer,CHARGE_PRIORITY
491.0,apartment,2.4585190962490286,3.6399999999999997,3.045134367607584,0.5948656323924159,0.0,1.1814809037509708,Summer,CHARGE_PRIORITY
491.0,family_house,5.804739629994277,10.08,4.8479437128165745,5.232056287183425,1.1379785991292382,4.275260370005722,Summer,CHARGE_PRIORITY
491.0,luxury_house,4.179972891872474,18.0,5.409253503756475,12.590746496243524,0.0,13.820027108127526,Summer,CHARGE_PRIORITY
491.0,small_family,3.6506012909154872,6.5,5.333364201683803,1.1666357983161963,0.163109373128424,2.8493987090845128,Summer,CHARGE_PRIORITY
492.0,apartment,1.1632905687722474e-15,3.6399999999999997,2.7221832394165832,0.9178167605834162,0.0,3.6399999999999983,Summer,CHARGE_PRIORITY
492.0,family_house,2.7466123309976778e-15,10.08,3.3600000000000008,6.719999999999999,0.0,10.079999999999997,Summer,CHARGE_PRIORITY
492.0,luxury_house,1.977826021468645e-15,18.0,3.000000000000001,15.0,0.0,17.999999999999996,Summer,CHARGE_PRIORITY
492.0,small_family,1.7273447493448387e-15,6.5,3.9416338292894775,2.5583661707105225,0.0,6.499999999999998,Summer,CHARGE_PRIORITY
493.0,apartment,0.0,3.6399999999999997,2.280071402237872,1.3599285977621278,0.0,3.6399999999999997,Summer,CHARGE_PRIORITY
493.0,family_house,0.0,10.08,3.36,6.72,0.0,10.08,Summer,CHARGE_PRIORITY
493.0,luxury_house,0.0,18.0,2.381894555608788,15.618105444391212,0.0,18.0,Summer,CHARGE_PRIORITY
493.0,small_family,0.0,6.5,3.3989278664258236,3.1010721335741764,0.0,6.5,Summer,CHARGE_PRIORITY
494.0,apartment,0.0,3.6399999999999997,2.127663475450004,1.5123365245499956,0.0,3.6399999999999997,Summer,CHARGE_PRIORITY
494.0,family_house,0.0,10.08,3.36,6.72,0.0,10.08,Summer,CHARGE_PRIORITY
494.0,luxury_house,0.0,18.0,1.5,16.5,0.0,18.0,Summer,CHARGE_PRIORITY
494.0,small_family,0.0,6.5,2.8298359605843473,3.6701640394156527,0.0,6.5,Summer,CHARGE_PRIORITY
495.0,apartment,0.0,3.6399999999999997,1.8136603333065477,1.826339666693452,0.0,3.6399999999999997,Summer,CHARGE_PRIORITY
495.0,family_house,0.0,10.08,3.36,6.72,0.0,10.08,Summer,CHARGE_PRIORITY
495.0,luxury_house,0.0,18.0,1.5,16.5,0.0,18.0,Summer,CHARGE_PRIORITY
495.0,small_family,0.0,6.5,2.3775422093936576,4.122457790606342,0.0,6.5,Summer,CHARGE_PRIORITY
496.0,apartment,0.0,3.6399999999999997,1.6799999999999997,1.9599999999999997,0.0,3.6399999999999997,Summer,CHARGE_PRIORITY
496.0,family_house,0.0,10.08,3.3503998051617376,6.7296001948382616,0.0,10.08,Summer,CHARGE_PRIORITY
496.0,luxury_house,0.0,18.0,0.35146174068170216,17.648538259318297,0.0,18.0,Summer,CHARGE_PRIORITY
496.0,small_family,0.0,6.5,1.8862543727656302,4.61374562723437,0.0,6.5,Summer,CHARGE_PRIORITY
497.0,apartment,0.0,3.6399999999999997,1.6799999999999997,1.9599999999999997,0.0,3.6399999999999997,Summer,CHARGE_PRIORITY
497.0,family_house,0.0,10.08,2.52,7.56,0.0,10.08,Summer,CHARGE_PRIORITY
497.0,luxury_house,0.0,18.0,0.0,18.0,0.0,18.0,Summer,CHARGE_PRIORITY
497.0,small_family,0.0,6.5,1.5,5.0,0.0,6.5,Summer,CHARGE_PRIORITY
498.0,apartment,0.0,22.35397472991753,9.739819152467254,12.614155577450278,0.0,22.35397472991753,Summer,CHARGE_PRIORITY
498.0,family_house,0.0,28.37685383843599,7.396427634185638,20.980426204250353,0.0,28.37685383843599,Summer,CHARGE_PRIORITY
498.0,luxury_house,0.0,35.01869324983018,0.0,35.01869324983018,0.0,35.01869324983018,Summer,CHARGE_PRIORITY
498.0,small_family,0.0,29.899857388688247,7.935484592252982,21.964372796435267,0.0,29.899857388688247,Summer,CHARGE_PRIORITY
499.0,apartment,0.0,26.15735434594658,4.7861988230776475,21.37115552286893,0.0,26.15735434594658,Summer,CHARGE_PRIORITY
499.0,family_house,0.0,33.01196684309537,8.328058052427973,24.6839087906674,0.0,33.01196684309537,Summer,CHARGE_PRIORITY
499.0,luxury_house,0.0,37.61638358130405,0.0,37.61638358130405,0.0,37.61638358130405,Summer,CHARGE_PRIORITY
499.0,small_family,0.0,28.338539021703422,4.155396363040478,24.183142658662945,0.0,28.338539021703422,Summer,CHARGE_PRIORITY
500.0,apartment,0.0,19.583609260063117,1.2236481054212336,18.359961154641883,0.0,19.583609260063117,Summer,CHARGE_PRIORITY
500.0,family_house,0.0,27.550113961907687,6.154277513987802,21.395836447919887,0.0,27.550113961907687,Summer,CHARGE_PRIORITY
500.0,luxury_house,0.0,33.01184231898095,0.0,33.01184231898095,0.0,33.01184231898095,Summer,CHARGE_PRIORITY
500.0,small_family,0.0,27.128954461975347,2.6073387035418563,24.52161575843349,0.0,27.128954461975347,Summer,CHARGE_PRIORITY
501.0,apartment,0.0,23.106323153240943,0.0,23.106323153240943,0.0,23.106323153240943,Summer,CHARGE_PRIORITY
501.0,family_house,0.0,29.251260508418756,1.4229103704444082,27.828350137974347,0.0,29.251260508418756,Summer,CHARGE_PRIORITY
501.0,luxury_house,0.0,36.07652731230553,0.0,36.07652731230553,0.0,36.07652731230553,Summer,CHARGE_PRIORITY
501.0,small_family,0.0,28.747231528516206,0.22018455294837821,28.527046975567828,0.0,28.747231528516206,Summer,CHARGE_PRIORITY
502.0,apartment,0.0,3.6399999999999997,0.0,3.6399999999999997,0.0,3.6399999999999997,Summer,CHARGE_PRIORITY
502.0,family_house,0.0,10.08,0.0,10.08,0.0,10.08,Summer,CHARGE_PRIORITY
502.0,luxury_house,0.0,18.0,0.0,18.0,0.0,18.0,Summer,CHARGE_PRIORITY
502.0,small_family,0.0,6.5,0.0,6.5,0.0,6.5,Summer,CHARGE_PRIORITY
503.0,apartment,0.0,3.6399999999999997,0.0,3.6399999999999997,0.0,3.6399999999999997,Summer,CHARGE_PRIORITY
503.0,family_house,0.0,10.08,0.0,10.08,0.0,10.08,Summer,CHARGE_PRIORITY
503.0,luxury_house,0.0,18.0,0.0,18.0,0.0,18.0,Summer,CHARGE_PRIORITY
503.0,small_family,0.0,6.5,0.0,6.5,0.0,6.5,Summer,CHARGE_PRIORITY
504.0,apartment,0.0,3.6399999999999997,0.0,3.6399999999999997,0.0,3.6399999999999997,Summer,CHARGE_PRIORITY
504.0,family_house,0.0,10.08,0.0,10.08,0.0,10.08,Summer,CHARGE_PRIORITY
504.0,luxury_house,0.0,18.0,0.0,18.0,0.0,18.0,Summer,CHARGE_PRIORITY
504.0,small_family,0.0,6.5,0.0,6.5,0.0,6.5,Summer,CHARGE_PRIORITY
505.0,apartment,2.590040956221827,3.6399999999999997,2.14580044819981,1.4941995518001894,0.0,1.0499590437781725,Summer,CHARGE_PRIORITY
505.0,family_house,4.511894876576773,10.08,3.9252347109718175,6.154765289028182,0.0,5.568105123423226,Summer,CHARGE_PRIORITY
505.0,luxury_house,7.51520485832786,18.0,6.7636843724950735,11.236315627504926,0.0,10.48479514167214,Summer,CHARGE_PRIORITY
505.0,small_family,5.065680751019674,6.5,4.112906185008355,2.387093814991645,0.0,1.4343192489803256,Summer,CHARGE_PRIORITY
506.0,apartment,5.003574901522193,3.6399999999999997,3.1702844095189278,0.46971559048107203,0.0,-1.363574901522194,Summer,CHARGE_PRIORITY
506.0,family_house,8.716311573573666,10.08,6.45141289463724,3.6285871053627594,0.0,1.3636884264263334,Summer,CHARGE_PRIORITY
506.0,luxury_house,14.518260925023917,18.0,11.652264901835117,6.347735098164882,0.0,3.4817390749760833,Summer,CHARGE_PRIORITY
506.0,small_family,9.786143730290613,6.5,5.650318961062864,0.8496810389371358,0.0,-3.286143730290613,Summer,CHARGE_PRIORITY
507.0,apartment,7.076123486082311,3.6399999999999997,3.5489585706037574,0.09104142939624235,0.0,-3.4361234860823116,Summer,CHARGE_PRIORITY
507.0,family_house,12.326726041217455,10.08,7.834060732650186,2.2459392673498138,0.0,-2.2467260412174554,Summer,CHARGE_PRIORITY
507.0,luxury_house,20.1712747646402,18.0,14.569120942189164,3.4308790578108366,0.0,-2.1712747646401986,Summer,CHARGE_PRIORITY
507.0,small_family,13.839697186709422,6.5,6.384412365532584,0.11558763446741616,0.0,-7.339697186709421,Summer,CHARGE_PRIORITY
508.0,apartment,8.666445948912882,3.6399999999999997,3.6061942978558763,0.033805702144123206,0.0,-5.026445948912883,Summer,CHARGE_PRIORITY
508.0,family_house,15.097094500030222,10.08,8.756604033854504,1.3233959661454953,0.0,-5.017094500030222,Summer,CHARGE_PRIORITY
508.0,luxury_house,23.805685831857307,18.0,15.480027622756204,2.5199723772437967,0.0,-5.805685831857309,Summer,CHARGE_PRIORITY
508.0,small_family,16.950098151034965,6.5,6.5,0.0,0.0,-10.450098151034963,Summer,CHARGE_PRIORITY
509.0,apartment,9.666164442304137,3.6399999999999997,3.6345940587249634,0.005405941275036075,0.0,-6.026164442304138,Summer,CHARGE_PRIORITY
509.0,family_house,16.79361410513545,10.08,9.123692720199585,0.9563072798004146,0.0,-6.713614105135451,Summer,CHARGE_PRIORITY
509.0,luxury_house,26.09037214007673,18.0,15.881466458524653,2.118533541475347,0.0,-8.09037214007673,Summer,CHARGE_PRIORITY
509.0,small_family,18.905377937729092,6.5,6.5,0.0,0.0,-12.405377937729092,Summer,CHARGE_PRIORITY
510.0,apartment,10.007149803044388,3.6399999999999997,3.6399999999999997,0.0,0.0,-6.367149803044389,Summer,CHARGE_PRIORITY
510.0,family_house,17.244923944405194,10.08,9.208485818247748,0.8715141817522508,0.0,-7.164923944405194,Summer,CHARGE_PRIORITY
510.0,luxury_house,26.86963609301595,18.0,16.018389769571254,1.9816102304287457,0.0,-8.869636093015949,Summer,CHARGE_PRIORITY
510.0,small_family,19.57228746058123,6.5,6.5,0.0,0.9905313570612555,-13.07228746058123,Summer,CHARGE_PRIORITY
511.0,apartment,9.666164442304138,3.6399999999999997,3.638874747005046,0.0011252529949533074,0.0,-6.026164442304139,Summer,CHARGE_PRIORITY
511.0,family_house,16.79361410513545,10.08,9.123692720199585,0.9563072798004146,1.0952608362546785,-6.713614105135451,Summer,CHARGE_PRIORITY
511.0,luxury_house,26.09037214007673,18.0,15.881466458524653,2.118533541475347,0.0,-8.09037214007673,Summer,CHARGE_PRIORITY
511.0,small_family,18.905377937729096,6.5,6.5,0.0,2.9971939508102645,-12.405377937729096,Summer,CHARGE_PRIORITY
512.0,apartment,8.666445948912882,3.6399999999999997,3.6061942978558763,0.033805702144123206,0.0,-5.026445948912883,Summer,CHARGE_PRIORITY
512.0,family_house,15.097094500030225,10.08,8.870749648533417,1.2092503514665833,2.786653892982536,-5.017094500030225,Summer,CHARGE_PRIORITY
512.0,luxury_house,23.80568583185731,18.0,15.480027622756204,2.5199723772437967,0.0,-5.8056858318573115,Summer,CHARGE_PRIORITY
512.0,small_family,16.950098151034965,6.5,6.5,0.0,4.3767791476316305,-10.450098151034966,Summer,CHARGE_PRIORITY
513.0,apartment,7.076123486082311,3.6399999999999997,3.561016802443225,0.07898319755677438,0.0,-3.4361234860823116,Summer,CHARGE_PRIORITY
513.0,family_house,12.326726041217455,10.08,8.206808608764854,1.8731913912351459,2.121150503828468,-2.2467260412174554,Summer,CHARGE_PRIORITY
513.0,luxury_house,20.1712747646402,18.0,14.841430655514483,3.1585693444855174,0.0,-2.1712747646401986,Summer,CHARGE_PRIORITY
513.0,small_family,13.839697186709422,6.5,6.5,0.0,3.39012179044472,-7.339697186709421,Summer,CHARGE_PRIORITY
514.0,apartment,5.003574901522197,3.6399999999999997,3.502140344140041,0.13785965585995857,0.47121569009781306,-1.3635749015221976,Summer,CHARGE_PRIORITY
514.0,family_house,8.716311573573673,10.08,7.049897015201197,3.0301029847988024,1.2538496013710727,1.363688426426326,Summer,CHARGE_PRIORITY
514.0,luxury_house,14.51826092502393,18.0,14.009194884785629,3.9908051152143713,0.4091209350037248,3.4817390749760717,Summer,CHARGE_PRIORITY
514.0,small_family,9.786143730290622,6.5,6.5,0.0,2.1042848882582903,-3.286143730290621,Summer,CHARGE_PRIORITY
515.0,apartment,2.5900409562218303,3.6399999999999997,3.433577256281738,0.20642274371826153,0.2680404582220388,1.0499590437781696,Summer,CHARGE_PRIORITY
515.0,family_house,4.511894876576778,10.08,5.3251932153306445,4.754806784669356,0.24385630883030995,5.568105123423221,Summer,CHARGE_PRIORITY
515.0,luxury_house,7.515204858327869,18.0,12.089527622999107,5.910472377000893,0.09610748289133086,10.484795141672132,Summer,CHARGE_PRIORITY
515.0,small_family,5.065680751019681,6.5,6.42362250689968,0.07637749310031972,0.6068961010103928,1.4343192489803198,Summer,CHARGE_PRIORITY
516.0,apartment,1.2255223974886376e-15,3.6399999999999997,3.159001832722037,0.4809981672779627,0.0,3.6399999999999983,Summer,CHARGE_PRIORITY
516.0,family_house,2.1348806137896045e-15,10.08,3.3600000000000008,6.719999999999999,0.0,10.079999999999998,Summer,CHARGE_PRIORITY
516.0,luxury_house,3.555948354203326e-15,18.0,9.198741681101607,8.801258318898391,0.0,17.999999999999996,Summer,CHARGE_PRIORITY
516.0,small_family,2.3969139190592682e-15,6.5,4.912134027874899,1.5878659721251007,0.0,6.499999999999997,Summer,CHARGE_PRIORITY
517.0,apartment,0.0,3.6399999999999997,2.698319248669102,0.9416807513308976,0.0,3.6399999999999997,Summer,CHARGE_PRIORITY
517.0,family_house,0.0,10.08,3.36,6.72,0.0,10.08,Summer,CHARGE_PRIORITY
517.0,luxury_house,0.0,18.0,6.0,12.0,0.0,18.0,Summer,CHARGE_PRIORITY
517.0,small_family,0.0,6.5,4.387432287167816,2.1125677128321843,0.0,6.5,Summer,CHARGE_PRIORITY
518.0,apartment,0.0,3.6399999999999997,2.2104487491596623,1.4295512508403374,0.0,3.6399999999999997,Summer,CHARGE_PRIORITY
518.0,family_house,0.0,10.08,3.36,6.72,0.0,10.08,Summer,CHARGE_PRIORITY
518.0,luxury_house,0.0,18.0,4.8605529247110395,13.139447075288961,0.0,18.0,Summer,CHARGE_PRIORITY
518.0,small_family,0.0,6.5,3.7955810354541417,2.7044189645458583,0.0,6.5,Summer,CHARGE_PRIORITY
519.0,apartment,0.0,3.6399999999999997,1.9599999999999997,1.6799999999999997,0.0,3.6399999999999997,Summer,CHARGE_PRIORITY
519.0,family_house,0.0,10.08,2.938444856316573,7.141555143683426,0.0,10.08,Summer,CHARGE_PRIORITY
519.0,luxury_house,0.0,18.0,3.0,15.0,0.0,18.0,Summer,CHARGE_PRIORITY
519.0,small_family,0.0,6.5,3.5,3.0,0.0,6.5,Summer,CHARGE_PRIORITY
520.0,apartment,0.0,3.6399999999999997,1.6986352748811613,1.9413647251188384,0.0,3.6399999999999997,Summer,CHARGE_PRIORITY
520.0,family_house,0.0,10.08,2.52,7.56,0.0,10.08,Summer,CHARGE_PRIORITY
520.0,luxury_house,0.0,18.0,3.0,15.0,0.0,18.0,Summer,CHARGE_PRIORITY
520.0,small_family,0.0,6.5,3.5,3.0,0.0,6.5,Summer,CHARGE_PRIORITY
521.0,apartment,0.0,3.6399999999999997,1.6799999999999997,1.9599999999999997,0.0,3.6399999999999997,Summer,CHARGE_PRIORITY
521.0,family_house,0.0,10.08,2.52,7.56,0.0,10.08,Summer,CHARGE_PRIORITY
521.0,luxury_house,0.0,18.0,3.0,15.0,0.0,18.0,Summer,CHARGE_PRIORITY
521.0,small_family,0.0,6.5,3.5,3.0,0.0,6.5,Summer,CHARGE_PRIORITY
522.0,apartment,0.0,22.234620183388444,5.247992736732179,16.986627446656264,0.0,22.234620183388444,Summer,CHARGE_PRIORITY
522.0,family_house,0.0,25.644390967712418,4.277925568280066,21.366465399432354,0.0,25.644390967712418,Summer,CHARGE_PRIORITY
522.0,luxury_house,0.0,37.44020329865106,3.600541986282401,33.83966131236866,0.0,37.44020329865106,Summer,CHARGE_PRIORITY
522.0,small_family,0.0,26.872106816872723,13.650584029895882,13.22152278697684,0.0,26.872106816872723,Summer,CHARGE_PRIORITY
523.0,apartment,0.0,19.087254826268662,6.928310490317581,12.15894433595108,0.0,19.087254826268662,Summer,CHARGE_PRIORITY
523.0,family_house,0.0,26.599955579857625,1.6509039690069676,24.949051610850656,0.0,26.599955579857625,Summer,CHARGE_PRIORITY
523.0,luxury_house,0.0,38.982023342868125,1.842791188465227,37.1392321544029,0.0,38.982023342868125,Summer,CHARGE_PRIORITY
523.0,small_family,0.0,26.529405227980796,10.283374552483073,16.24603067549772,0.0,26.529405227980796,Summer,CHARGE_PRIORITY
524.0,apartment,0.0,24.49149416025422,4.37398941192852,20.1175047483257,0.0,24.49149416025422,Summer,CHARGE_PRIORITY
524.0,family_house,0.0,30.443840915534917,3.7613227113956054,26.682518204139313,0.0,30.443840915534917,Summer,CHARGE_PRIORITY
524.0,luxury_house,0.0,37.51125646168036,2.6844861760477237,34.826770285632634,0.0,37.51125646168036,Summer,CHARGE_PRIORITY
524.0,small_family,0.0,19.900104548530006,3.602231713841482,16.297872834688526,0.0,19.900104548530006,Summer,CHARGE_PRIORITY
525.0,apartment,0.0,24.777151158227408,0.43425946636421114,24.342891691863198,0.0,24.777151158227408,Summer,CHARGE_PRIORITY
525.0,family_house,0.0,27.292119098342226,0.9674622711947599,26.324656827147468,0.0,27.292119098342226,Summer,CHARGE_PRIORITY
525.0,luxury_house,0.0,31.895084771606044,0.0,31.895084771606044,0.0,31.895084771606044,Summer,CHARGE_PRIORITY
525.0,small_family,0.0,27.059284475715017,1.2591079421400082,25.80017653357501,0.0,27.059284475715017,Summer,CHARGE_PRIORITY
526.0,apartment,0.0,3.6399999999999997,5.2662502028650513e-17,3.6399999999999997,0.0,3.6399999999999997,Summer,CHARGE_PRIORITY
526.0,family_house,0.0,10.08,0.0,10.08,0.0,10.08,Summer,CHARGE_PRIORITY
526.0,luxury_house,0.0,18.0,0.0,18.0,0.0,18.0,Summer,CHARGE_PRIORITY
526.0,small_family,0.0,6.5,0.5,6.0,0.0,6.5,Summer,CHARGE_PRIORITY
527.0,apartment,0.0,3.6399999999999997,0.0,3.6399999999999997,0.0,3.6399999999999997,Summer,CHARGE_PRIORITY
527.0,family_house,0.0,10.08,0.0,10.08,0.0,10.08,Summer,CHARGE_PRIORITY
527.0,luxury_house,0.0,18.0,0.0,18.0,0.0,18.0,Summer,CHARGE_PRIORITY
527.0,small_family,0.0,6.5,0.36872255767822404,6.131277442321776,0.0,6.5,Summer,CHARGE_PRIORITY
528.0,apartment,0.0,3.6399999999999997,0.0,3.6399999999999997,0.0,3.6399999999999997,Summer,CHARGE_PRIORITY
528.0,family_house,0.0,10.08,0.0,10.08,0.0,10.08,Summer,CHARGE_PRIORITY
528.0,luxury_house,0.0,18.0,0.0,18.0,0.0,18.0,Summer,CHARGE_PRIORITY
528.0,small_family,0.0,6.5,0.0,6.5,0.0,6.5,Summer,CHARGE_PRIORITY
529.0,apartment,3.323177752960757,3.6399999999999997,2.2169878107165735,1.4230121892834262,0.0,0.3168222470392425,Summer,CHARGE_PRIORITY
529.0,family_house,3.6778104975669113,10.08,3.3100294478102197,6.76997055218978,0.0,6.402189502433089,Summer,CHARGE_PRIORITY
529.0,luxury_house,6.4993502526642315,18.0,5.849415227397808,12.150584772602192,0.0,11.50064974733577,Summer,CHARGE_PRIORITY
529.0,small_family,3.7290462006758984,6.5,3.1704352975980385,3.3295647024019615,0.0,2.7709537993241016,Summer,CHARGE_PRIORITY
530.0,apartment,6.419886433868136,3.6399999999999997,3.1229925318756138,0.5170074681243859,0.0,-2.779886433868137,Summer,CHARGE_PRIORITY
530.0,family_house,7.104984287593855,10.08,6.223687719015555,3.856312280984445,0.0,2.9750157124061443,Summer,CHARGE_PRIORITY
530.0,luxury_house,12.555780526293525,18.0,9.042425051436132,8.957574948563868,0.0,5.444219473706475,Summer,CHARGE_PRIORITY
530.0,small_family,7.203964065315955,6.5,4.890716037823087,1.6092839621769128,0.0,-0.703964065315955,Summer,CHARGE_PRIORITY
531.0,apartment,9.079090463671365,3.6399999999999997,3.5110227537405976,0.12897724625940196,0.0,-5.4390904636713655,Summer,CHARGE_PRIORITY
531.0,family_house,10.047965139962976,10.08,7.897963078848742,2.182036921151258,0.0,0.03203486003702444,Summer,CHARGE_PRIORITY
531.0,luxury_house,17.3746206030094,18.0,11.545279457363925,6.454720542636075,0.0,0.6253793969905996,Summer,CHARGE_PRIORITY
531.0,small_family,10.187943684018244,6.5,5.917766999487171,0.5822330005128289,0.0,-3.6879436840182436,Summer,CHARGE_PRIORITY
532.0,apartment,11.119569482281788,3.6399999999999997,3.6399999999999997,0.0,0.0,-7.4795694822817875,Summer,CHARGE_PRIORITY
532.0,family_house,12.306193773091124,10.08,8.868125464410644,1.2118745355893563,0.0,-2.226193773091124,Summer,CHARGE_PRIORITY
532.0,luxury_house,19.628652433349295,18.0,13.465787190014368,4.5342128099856325,0.0,-1.6286524333492975,Summer,CHARGE_PRIORITY
532.0,small_family,12.477631777027673,6.5,6.243417988876862,0.2565820111231382,0.0,-5.977631777027674,Summer,CHARGE_PRIORITY
533.0,apartment,12.40226821663212,3.6399999999999997,3.6399999999999997,0.0,0.0,-8.76226821663212,Summer,CHARGE_PRIORITY
533.0,family_house,13.725775637529885,10.08,9.195758616886975,0.884241383113024,0.0,-3.645775637529886,Summer,CHARGE_PRIORITY
533.0,luxury_house,20.970076467996027,18.0,14.5107131106317,3.4892868893683,0.0,-2.9700764679960265,Summer,CHARGE_PRIORITY
533.0,small_family,13.91698988469414,6.5,6.3868525600751616,0.11314743992483861,0.0,-7.416989884694139,Summer,CHARGE_PRIORITY
534.0,apartment,12.839772867736274,3.6399999999999997,3.6399999999999997,0.0,0.7553872917365068,-9.199772867736275,Summer,CHARGE_PRIORITY
534.0,family_house,14.209968575187713,10.08,9.283093924508098,0.7969060754919012,0.0,-4.129968575187714,Summer,CHARGE_PRIORITY
534.0,luxury_house,21.427611225413628,18.0,14.810938561740803,3.189061438259197,0.0,-3.427611225413627,Summer,CHARGE_PRIORITY
534.0,small_family,14.407928130631912,6.5,6.4351847088817475,0.0648152911182523,0.0,-7.9079281306319125,Summer,CHARGE_PRIORITY
535.0,apartment,12.402268216632123,3.6399999999999997,3.6399999999999997,0.0,4.176226492418952,-8.762268216632123,Summer,CHARGE_PRIORITY
535.0,family_house,13.725775637529885,10.08,9.195758616886975,0.884241383113024,0.0,-3.645775637529886,Summer,CHARGE_PRIORITY
535.0,luxury_house,20.970076467996027,18.0,14.5107131106317,3.4892868893683,0.0,-2.9700764679960265,Summer,CHARGE_PRIORITY
535.0,small_family,13.916989884694143,6.5,6.387443272379973,0.11255672762002733,1.1210060784326936,-7.416989884694142,Summer,CHARGE_PRIORITY
536.0,apartment,11.119569482281788,3.6399999999999997,3.6399999999999997,0.0,5.002163128780333,-7.4795694822817875,Summer,CHARGE_PRIORITY
536.0,family_house,12.306193773091124,10.08,8.939704450909568,1.140295549090432,0.0,-2.226193773091125,Summer,CHARGE_PRIORITY
536.0,luxury_house,19.6286524333493,18.0,13.630496625651462,4.369503374348539,0.0,-1.6286524333492993,Summer,CHARGE_PRIORITY
536.0,small_family,12.477631777027675,6.5,6.243417988876862,0.25658201112313805,2.049353268060187,-5.977631777027675,Summer,CHARGE_PRIORITY
537.0,apartment,9.079090463671365,3.6399999999999997,3.6399999999999997,0.0,4.059089730026125,-5.4390904636713655,Summer,CHARGE_PRIORITY
537.0,family_house,10.047965139962976,10.08,8.388238504754833,1.6917614952451665,0.0,0.03203486003702444,Summer,CHARGE_PRIORITY
537.0,luxury_house,17.3746206030094,18.0,11.979192983987739,6.020807016012261,0.0,0.6253793969905996,Summer,CHARGE_PRIORITY
537.0,small_family,10.187943684018244,6.5,6.015246536581987,0.48475346341801295,1.5815382269480676,-3.6879436840182436,Summer,CHARGE_PRIORITY
538.0,apartment,6.419886433868141,3.6399999999999997,3.6399999999999997,0.0,2.624179569742847,-2.7798864338681417,Summer,CHARGE_PRIORITY
538.0,family_house,7.104984287593862,10.08,7.175745135624114,2.9042548643758854,0.0,2.9750157124061385,Summer,CHARGE_PRIORITY
538.0,luxury_house,12.555780526293534,18.0,9.042425051436137,8.957574948563863,0.44089890703196555,5.444219473706466,Summer,CHARGE_PRIORITY
538.0,small_family,7.203964065315961,6.5,5.7178877105932795,0.7821122894067203,0.9718697955740019,-0.7039640653159605,Summer,CHARGE_PRIORITY
539.0,apartment,3.3231777529607607,3.6399999999999997,3.271063570606961,0.36893642939303856,0.9531912966090108,0.3168222470392387,Summer,CHARGE_PRIORITY
539.0,family_house,3.677810497566915,10.08,5.172661239701623,4.9073387602983765,0.0,6.402189502433084,Summer,CHARGE_PRIORITY
539.0,luxury_house,6.499350252664239,18.0,6.127789363832502,11.872210636167498,0.10389934598404582,11.50064974733576,Summer,CHARGE_PRIORITY
539.0,small_family,3.7290462006759024,6.5,5.195453297762299,1.3045467022377009,0.26189587001141157,2.7709537993240976,Summer,CHARGE_PRIORITY
540.0,apartment,1.572418674425226e-15,3.6399999999999997,2.52,1.1199999999999997,0.0,3.639999999999998,Summer,CHARGE_PRIORITY
540.0,family_house,1.740219253158811e-15,10.08,3.3600000000000008,6.719999999999999,0.0,10.079999999999998,Summer,CHARGE_PRIORITY
540.0,luxury_house,3.0752792864644073e-15,18.0,3.0000000000000018,14.999999999999998,0.0,17.999999999999996,Summer,CHARGE_PRIORITY
540.0,small_family,1.764462306752348e-15,6.5,4.0,2.4999999999999996,0.0,6.499999999999998,Summer,CHARGE_PRIORITY
541.0,apartment,0.0,3.6399999999999997,2.5199999999999996,1.1199999999999999,0.0,3.6399999999999997,Summer,CHARGE_PRIORITY
541.0,family_house,0.0,10.08,2.618435100651392,7.461564899348608,0.0,10.08,Summer,CHARGE_PRIORITY
541.0,luxury_house,0.0,18.0,3.0,15.0,0.0,18.0,Summer,CHARGE_PRIORITY
541.0,small_family,0.0,6.5,2.95179902048129,3.54820097951871,0.0,6.5,Summer,CHARGE_PRIORITY
542.0,apartment,0.0,3.6399999999999997,2.120522524779672,1.5194774752203275,0.0,3.6399999999999997,Summer,CHARGE_PRIORITY
542.0,family_house,0.0,10.08,2.1943116717444995,7.8856883282555,0.0,10.08,Summer,CHARGE_PRIORITY
542.0,luxury_house,0.0,18.0,3.0,15.0,0.0,18.0,Summer,CHARGE_PRIORITY
542.0,small_family,0.0,6.5,2.032805615066995,4.467194384933005,0.0,6.5,Summer,CHARGE_PRIORITY
543.0,apartment,0.0,3.6399999999999997,1.9599999999999997,1.6799999999999997,0.0,3.6399999999999997,Summer,CHARGE_PRIORITY
543.0,family_house,0.0,10.08,1.68,8.4,0.0,10.08,Summer,CHARGE_PRIORITY
543.0,luxury_house,0.0,18.0,3.0,15.0,0.0,18.0,Summer,CHARGE_PRIORITY
543.0,small_family,0.0,6.5,2.0,4.5,0.0,6.5,Summer,CHARGE_PRIORITY
544.0,apartment,0.0,3.6399999999999997,1.9241503711916181,1.7158496288083815,0.0,3.6399999999999997,Summer,CHARGE_PRIORITY
544.0,family_house,0.0,10.08,1.68,8.4,0.0,10.08,Summer,CHARGE_PRIORITY
544.0,luxury_house,0.0,18.0,3.0,15.0,0.0,18.0,Summer,CHARGE_PRIORITY
544.0,small_family,0.0,6.5,2.0,4.5,0.0,6.5,Summer,CHARGE_PRIORITY
545.0,apartment,0.0,3.6399999999999997,1.6799999999999997,1.9599999999999997,0.0,3.6399999999999997,Summer,CHARGE_PRIORITY
545.0,family_house,0.0,10.08,1.3590061890622613,8.720993810937738,0.0,10.08,Summer,CHARGE_PRIORITY
545.0,luxury_house,0.0,18.0,3.0,15.0,0.0,18.0,Summer,CHARGE_PRIORITY
545.0,small_family,0.0,6.5,2.0,4.5,0.0,6.5,Summer,CHARGE_PRIORITY
546.0,apartment,0.0,23.03714206047363,7.440133480537262,15.59700857993637,0.0,23.03714206047363,Summer,CHARGE_PRIORITY
546.0,family_house,0.0,27.122943361161116,0.5993653611939983,26.523577999967117,0.0,27.122943361161116,Summer,CHARGE_PRIORITY
546.0,luxury_house,0.0,42.49682378051336,7.7840204329112455,34.71280334760211,0.0,42.49682378051336,Summer,CHARGE_PRIORITY
546.0,small_family,0.0,28.91006808431598,7.551279087043971,21.35878899727201,0.0,28.91006808431598,Summer,CHARGE_PRIORITY
547.0,apartment,0.0,25.99792812524931,10.01046155763964,15.987466567609669,0.0,25.99792812524931,Summer,CHARGE_PRIORITY
547.0,family_house,0.0,28.840213978262423,0.0,28.840213978262423,0.0,28.840213978262423,Summer,CHARGE_PRIORITY
547.0,luxury_house,0.0,33.43326378840956,6.106941900177727,27.326321888231835,0.0,33.43326378840956,Summer,CHARGE_PRIORITY
547.0,small_family,0.0,22.383301803630754,3.5552317853396276,18.82807001829113,0.0,22.383301803630754,Summer,CHARGE_PRIORITY
548.0,apartment,0.0,23.461065013974885,2.3056474161841876,21.1554175977907,0.0,23.461065013974885,Summer,CHARGE_PRIORITY
548.0,family_house,0.0,28.83081246419437,0.0,28.83081246419437,0.0,28.83081246419437,Summer,CHARGE_PRIORITY
548.0,luxury_house,0.0,39.32829432035828,1.5591998206835085,37.76909449967477,0.0,39.32829432035828,Summer,CHARGE_PRIORITY
548.0,small_family,0.0,26.639928933508486,2.016663225686737,24.623265707821748,0.0,26.639928933508486,Summer,CHARGE_PRIORITY
549.0,apartment,0.0,25.126032221909842,2.336897760481572,22.789134461428272,0.0,25.126032221909842,Summer,CHARGE_PRIORITY
549.0,family_house,0.0,23.560924133859803,0.0,23.560924133859803,0.0,23.560924133859803,Summer,CHARGE_PRIORITY
549.0,luxury_house,0.0,39.84524797598655,0.0,39.84524797598655,0.0,39.84524797598655,Summer,CHARGE_PRIORITY
549.0,small_family,0.0,27.53925407770982,2.646473371007359,24.89278070670246,0.0,27.53925407770982,Summer,CHARGE_PRIORITY
550.0,apartment,0.0,3.6399999999999997,0.0,3.6399999999999997,0.0,3.6399999999999997,Summer,CHARGE_PRIORITY
550.0,family_house,0.0,10.08,0.0,10.08,0.0,10.08,Summer,CHARGE_PRIORITY
550.0,luxury_house,0.0,18.0,0.0,18.0,0.0,18.0,Summer,CHARGE_PRIORITY
550.0,small_family,0.0,6.5,0.0,6.5,0.0,6.5,Summer,CHARGE_PRIORITY
551.0,apartment,0.0,3.6399999999999997,0.0,3.6399999999999997,0.0,3.6399999999999997,Summer,CHARGE_PRIORITY
551.0,family_house,0.0,10.08,0.0,10.08,0.0,10.08,Summer,CHARGE_PRIORITY
551.0,luxury_house,0.0,18.0,0.0,18.0,0.0,18.0,Summer,CHARGE_PRIORITY
551.0,small_family,0.0,6.5,0.0,6.5,0.0,6.5,Summer,CHARGE_PRIORITY
552.0,apartment,0.0,3.6399999999999997,0.0,3.6399999999999997,0.0,3.6399999999999997,Summer,CHARGE_PRIORITY
552.0,family_house,0.0,10.08,0.0,10.08,0.0,10.08,Summer,CHARGE_PRIORITY
552.0,luxury_house,0.0,18.0,0.0,18.0,0.0,18.0,Summer,CHARGE_PRIORITY
552.0,small_family,0.0,6.5,0.0,6.5,0.0,6.5,Summer,CHARGE_PRIORITY
553.0,apartment,3.4377269080802932,3.6399999999999997,2.4599758233974556,1.180024176602544,0.0,0.20227309191970644,Summer,CHARGE_PRIORITY
553.0,family_house,5.29654943882977,10.08,4.2273410721282305,5.852658927871769,0.0,4.7834505611702305,Summer,CHARGE_PRIORITY
553.0,luxury_house,8.836269801234787,18.0,7.786429031335941,10.213570968664058,0.0,9.163730198765213,Summer,CHARGE_PRIORITY
553.0,small_family,7.688618318629215,6.5,5.431818045342981,1.068181954657019,0.0,-1.1886183186292152,Summer,CHARGE_PRIORITY
554.0,apartment,6.641178408487242,3.6399999999999997,3.2121394524459617,0.4278605475540378,0.0,-3.001178408487242,Summer,CHARGE_PRIORITY
554.0,family_house,10.232147786365092,10.08,6.347124928219426,3.7328750717805743,0.0,-0.15214778636509196,Summer,CHARGE_PRIORITY
554.0,luxury_house,17.070362418141706,18.0,11.275305490099662,6.724694509900338,0.0,0.9296375818582945,Summer,CHARGE_PRIORITY
554.0,small_family,14.853270004886381,6.5,6.094015212630363,0.4059847873696369,0.0,-8.353270004886381,Summer,CHARGE_PRIORITY
555.0,apartment,9.392044575422027,3.6399999999999997,3.5004466238344834,0.13955337616551614,0.0,-5.752044575422027,Summer,CHARGE_PRIORITY
555.0,family_house,14.470442171683358,10.08,7.909767719209598,2.170232280790402,0.0,-4.390442171683358,Summer,CHARGE_PRIORITY
555.0,luxury_house,22.529741444924976,18.0,13.302162389291759,4.697837610708242,0.0,-4.529741444924977,Summer,CHARGE_PRIORITY
555.0,small_family,21.005695886499815,6.5,6.340064369957798,0.15993563004220235,0.0,-14.505695886499815,Summer,CHARGE_PRIORITY
556.0,apartment,11.50285842562932,3.6399999999999997,3.6036548396430477,0.03634516035695201,0.0,-7.862858425629321,Summer,CHARGE_PRIORITY
556.0,family_house,16.995608232859382,10.08,8.748459382496616,1.3315406175033841,0.0,-6.915608232859381,Summer,CHARGE_PRIORITY
556.0,luxury_house,25.79522631731768,18.0,14.124749435719503,3.8752505642804977,0.0,-7.795226317317682,Summer,CHARGE_PRIORITY
556.0,small_family,25.72661830700204,6.5,6.490098799453379,0.009901200546621192,0.0,-19.22661830700204,Summer,CHARGE_PRIORITY
557.0,apartment,12.829771483502318,3.6399999999999997,3.639348805188343,0.0006511948116565969,0.0,-9.18977148350232,Summer,CHARGE_PRIORITY
557.0,family_house,18.49471755170154,10.08,9.253629308697839,0.8263706913021611,0.0,-8.414717551701541,Summer,CHARGE_PRIORITY
557.0,luxury_house,27.323452921003945,18.0,14.54288266659171,3.457117333408289,0.0,-9.323452921003945,Summer,CHARGE_PRIORITY
557.0,small_family,28.36813605948428,6.5,6.5,0.0,1.181170196340807,-21.86813605948428,Summer,CHARGE_PRIORITY
558.0,apartment,13.282356816974486,3.6399999999999997,3.6399999999999997,0.0,1.9418735615905767,-9.642356816974486,Summer,CHARGE_PRIORITY
558.0,family_house,18.935744577491302,10.08,9.372638064828207,0.7073619351717924,0.264487796228022,-8.855744577491302,Summer,CHARGE_PRIORITY
558.0,luxury_house,27.722901089110362,18.0,14.685500124915198,3.3144998750848025,0.0,-9.722901089110364,Summer,CHARGE_PRIORITY
558.0,small_family,29.227750823376102,6.5,6.5,0.0,4.336078772632419,-22.727750823376102,Summer,CHARGE_PRIORITY
559.0,apartment,12.82977148350232,3.6399999999999997,3.6399999999999997,0.0,2.4641729838946187,-9.189771483502321,Summer,CHARGE_PRIORITY
559.0,family_house,18.49471755170154,10.08,9.253629308697839,0.8263706913021611,3.8446700752810847,-8.414717551701541,Summer,CHARGE_PRIORITY
559.0,luxury_house,27.323452921003945,18.0,14.54288266659171,3.457117333408289,0.0,-9.323452921003945,Summer,CHARGE_PRIORITY
559.0,small_family,28.368136059484286,6.5,6.5,0.0,9.165953085930417,-21.868136059484286,Summer,CHARGE_PRIORITY
560.0,apartment,11.50285842562932,3.6399999999999997,3.6190092561371725,0.020990743862827288,2.180358188746134,-7.862858425629321,Summer,CHARGE_PRIORITY
560.0,family_house,16.995608232859382,10.08,8.864759336219565,1.2152406637804343,5.844975619453992,-6.915608232859384,Summer,CHARGE_PRIORITY
560.0,luxury_house,25.795226317317685,18.0,14.124749435719503,3.8752505642804973,0.0,-7.795226317317684,Summer,CHARGE_PRIORITY
560.0,small_family,25.726618307002045,6.5,6.5,0.0,11.380868235311691,-19.226618307002045,Summer,CHARGE_PRIORITY
561.0,apartment,9.392044575422027,3.6399999999999997,3.5644975184315273,0.07550248156847217,2.0391040315561937,-5.752044575422027,Summer,CHARGE_PRIORITY
561.0,family_house,14.470442171683358,10.08,7.916007877042279,2.16399212295772,5.057703023615241,-4.390442171683358,Summer,CHARGE_PRIORITY
561.0,luxury_house,22.529741444924976,18.0,13.459595520984678,4.540404479015322,0.0,-4.529741444924977,Summer,CHARGE_PRIORITY
561.0,small_family,21.005695886499815,6.5,6.5,0.0,11.64144582999379,-14.505695886499815,Summer,CHARGE_PRIORITY
562.0,apartment,6.641178408487247,3.6399999999999997,3.403480596312213,0.23651940368778673,1.7023758861600795,-3.001178408487247,Summer,CHARGE_PRIORITY
562.0,family_house,10.232147786365099,10.08,6.826054248882501,3.253945751117498,3.084275497619445,-0.15214778636509962,Summer,CHARGE_PRIORITY
562.0,luxury_house,17.07036241814172,18.0,12.5927500624576,5.4072499375423995,2.3521730989185334,0.9296375818582814,Summer,CHARGE_PRIORITY
562.0,small_family,14.853270004886394,6.5,6.332407178065815,0.16759282193418473,7.206619023357386,-8.353270004886394,Summer,CHARGE_PRIORITY
563.0,apartment,3.4377269080802972,3.6399999999999997,3.2364986950353507,0.4035013049646491,0.6110919330378426,0.2022730919197024,Summer,CHARGE_PRIORITY
563.0,family_house,5.296549438829775,10.08,5.559345706166374,4.520654293833626,0.7861704697984042,4.783450561170224,Summer,CHARGE_PRIORITY
563.0,luxury_house,8.836269801234797,18.0,11.221846674015096,6.7781533259849045,0.518015321972634,9.163730198765203,Summer,CHARGE_PRIORITY
563.0,small_family,7.688618318629224,6.5,5.9599165283906945,0.540083471609305,2.042153823803687,-1.1886183186292238,Summer,CHARGE_PRIORITY
564.0,apartment,1.626619576104083e-15,3.6399999999999997,2.925602428878621,0.7143975711213786,0.0,3.639999999999998,Summer,CHARGE_PRIORITY
564.0,family_house,2.5061534069949374e-15,10.08,3.827318307591457,6.252681692408542,0.0,10.079999999999997,Summer,CHARGE_PRIORITY
564.0,luxury_house,4.1810329391325026e-15,18.0,8.51795697516807,9.48204302483193,0.0,17.999999999999996,Summer,CHARGE_PRIORITY
564.0,small_family,3.638001913671101e-15,6.5,5.5,1.0,0.0,6.4999999999999964,Summer,CHARGE_PRIORITY
565.0,apartment,0.0,3.6399999999999997,2.768700988132065,0.8712990118679343,0.0,3.6399999999999997,Summer,CHARGE_PRIORITY
565.0,family_house,0.0,10.08,2.52,7.56,0.0,10.08,Summer,CHARGE_PRIORITY
565.0,luxury_house,0.0,18.0,7.018766243914314,10.981233756085686,0.0,18.0,Summer,CHARGE_PRIORITY
565.0,small_family,0.0,6.5,5.5,1.0,0.0,6.5,Summer,CHARGE_PRIORITY
566.0,apartment,0.0,3.6399999999999997,2.5199999999999996,1.1199999999999999,0.0,3.6399999999999997,Summer,CHARGE_PRIORITY
566.0,family_house,0.0,10.08,2.52,7.56,0.0,10.08,Summer,CHARGE_PRIORITY
566.0,luxury_house,0.0,18.0,6.0,12.0,0.0,18.0,Summer,CHARGE_PRIORITY
566.0,small_family,0.0,6.5,5.5,1.0,0.0,6.5,Summer,CHARGE_PRIORITY
567.0,apartment,0.0,3.6399999999999997,2.5103410205259804,1.129658979474019,0.0,3.6399999999999997,Summer,CHARGE_PRIORITY
567.0,family_house,0.0,10.08,2.52,7.56,0.0,10.08,Summer,CHARGE_PRIORITY
567.0,luxury_house,0.0,18.0,6.0,12.0,0.0,18.0,Summer,CHARGE_PRIORITY
567.0,small_family,0.0,6.5,5.5,1.0,0.0,6.5,Summer,CHARGE_PRIORITY
568.0,apartment,0.0,3.6399999999999997,1.9900114918443894,1.6499885081556103,0.0,3.6399999999999997,Summer,CHARGE_PRIORITY
568.0,family_house,0.0,10.08,2.52,7.56,0.0,10.08,Summer,CHARGE_PRIORITY
568.0,luxury_house,0.0,18.0,6.0,12.0,0.0,18.0,Summer,CHARGE_PRIORITY
568.0,small_family,0.0,6.5,5.5,1.0,0.0,6.5,Summer,CHARGE_PRIORITY
569.0,apartment,0.0,3.6399999999999997,1.9599999999999997,1.6799999999999997,0.0,3.6399999999999997,Summer,CHARGE_PRIORITY
569.0,family_house,0.0,10.08,2.52,7.56,0.0,10.08,Summer,CHARGE_PRIORITY
569.0,luxury_house,0.0,18.0,6.0,12.0,0.0,18.0,Summer,CHARGE_PRIORITY
569.0,small_family,0.0,6.5,5.5,1.0,0.0,6.5,Summer,CHARGE_PRIORITY
570.0,apartment,0.0,25.075700765666316,13.442271030579665,11.633429735086652,0.0,25.075700765666316,Summer,CHARGE_PRIORITY
570.0,family_house,0.0,32.60411278892717,9.289160090465952,23.31495269846122,0.0,32.60411278892717,Summer,CHARGE_PRIORITY
570.0,luxury_house,0.0,33.84553271241029,11.938331121035485,21.907201591374804,0.0,33.84553271241029,Summer,CHARGE_PRIORITY
570.0,small_family,0.0,23.979164750947625,21.7056301151435,2.2735346358041277,0.0,23.979164750947625,Summer,CHARGE_PRIORITY
571.0,apartment,0.0,26.803530783379713,11.181898633769547,15.621632149610168,0.0,26.803530783379713,Summer,CHARGE_PRIORITY
571.0,family_house,0.0,25.633280627416536,3.5987901059483125,22.03449052146822,0.0,25.633280627416536,Summer,CHARGE_PRIORITY
571.0,luxury_house,0.0,35.58258547313917,8.402190042570366,27.1803954305688,0.0,35.58258547313917,Summer,CHARGE_PRIORITY
571.0,small_family,0.0,21.09962790434669,17.156068025283496,3.943559879063192,0.0,21.09962790434669,Summer,CHARGE_PRIORITY
572.0,apartment,0.0,20.46551686405927,2.4360176946841405,18.02949916937513,0.0,20.46551686405927,Summer,CHARGE_PRIORITY
572.0,family_house,0.0,30.446656988905776,5.259127755941874,25.187529232963904,0.0,30.446656988905776,Summer,CHARGE_PRIORITY
572.0,luxury_house,0.0,35.23476991647044,2.692368356835482,32.54240155963496,0.0,35.23476991647044,Summer,CHARGE_PRIORITY
572.0,small_family,0.0,20.840505685517858,10.371650346205987,10.468855339311869,0.0,20.840505685517858,Summer,CHARGE_PRIORITY
573.0,apartment,0.0,23.164698898478363,1.9844729289624385,21.180225969515924,0.0,23.164698898478363,Summer,CHARGE_PRIORITY
573.0,family_house,0.0,27.279740675875455,0.0,27.279740675875455,0.0,27.279740675875455,Summer,CHARGE_PRIORITY
573.0,luxury_house,0.0,37.084828303155334,1.7081004335561523,35.37672786959918,0.0,37.084828303155334,Summer,CHARGE_PRIORITY
573.0,small_family,0.0,24.759564927020644,7.807141209613422,16.95242371740722,0.0,24.759564927020644,Summer,CHARGE_PRIORITY
574.0,apartment,0.0,3.6399999999999997,0.0,3.6399999999999997,0.0,3.6399999999999997,Summer,CHARGE_PRIORITY
574.0,family_house,0.0,10.08,0.0,10.08,0.0,10.08,Summer,CHARGE_PRIORITY
574.0,luxury_house,0.0,18.0,0.0,18.0,0.0,18.0,Summer,CHARGE_PRIORITY
574.0,small_family,0.0,6.5,1.3215803361625125,5.178419663837488,0.0,6.5,Summer,CHARGE_PRIORITY
575.0,apartment,0.0,3.6399999999999997,0.0,3.6399999999999997,0.0,3.6399999999999997,Summer,CHARGE_PRIORITY
575.0,family_house,0.0,10.08,0.0,10.08,0.0,10.08,Summer,CHARGE_PRIORITY
575.0,luxury_house,0.0,18.0,0.0,18.0,0.0,18.0,Summer,CHARGE_PRIORITY
575.0,small_family,0.0,6.5,0.9107548023674102,5.589245197632589,0.0,6.5,Summer,CHARGE_PRIORITY
576.0,apartment,0.0,3.6399999999999997,0.0,3.6399999999999997,0.0,3.6399999999999997,Summer,CHARGE_PRIORITY
576.0,family_house,0.0,10.08,0.0,10.08,0.0,10.08,Summer,CHARGE_PRIORITY
576.0,luxury_house,0.0,18.0,0.0,18.0,0.0,18.0,Summer,CHARGE_PRIORITY
576.0,small_family,0.0,6.5,0.1811801394911157,6.318819860508884,0.0,6.5,Summer,CHARGE_PRIORITY
577.0,apartment,3.768826184228182,3.6399999999999997,2.4863769200598282,1.1536230799401712,0.0,-0.128826184228182,Summer,CHARGE_PRIORITY
577.0,family_house,4.164478331015568,10.08,3.7480304979140104,6.33196950208599,0.0,5.915521668984432,Summer,CHARGE_PRIORITY
577.0,luxury_house,4.978679796930988,18.0,4.480811817237889,13.519188182762111,0.0,13.021320203069012,Summer,CHARGE_PRIORITY
577.0,small_family,5.186684560195285,6.5,4.051203711703102,2.4487962882968985,0.0,1.3133154398047147,Summer,CHARGE_PRIORITY
578.0,apartment,7.280813092280965,3.6399999999999997,3.3717718923164455,0.268228107683554,0.0,-3.640813092280965,Summer,CHARGE_PRIORITY
578.0,family_house,8.045154345898263,10.08,6.224014005900796,3.855985994099204,0.0,2.034845654101736,Summer,CHARGE_PRIORITY
578.0,luxury_house,9.61807079335851,18.0,8.368474304498367,9.631525695501633,0.0,8.38192920664149,Summer,CHARGE_PRIORITY
578.0,small_family,10.019905139014767,6.5,5.199669288038785,1.300330711961215,0.0,-3.5199051390147664,Summer,CHARGE_PRIORITY
579.0,apartment,10.296624620207336,3.6399999999999997,3.612077318519277,0.027922681480722467,0.0,-6.656624620207337,Summer,CHARGE_PRIORITY
579.0,family_house,11.377566387354173,10.08,7.834842936455725,2.245157063544275,0.0,-1.2975663873541734,Summer,CHARGE_PRIORITY
579.0,luxury_house,13.602006159832161,18.0,10.987032040910467,7.012967959089532,0.0,4.397993840167838,Summer,CHARGE_PRIORITY
579.0,small_family,14.17028574128656,6.5,5.737648553534606,0.7623514464653942,0.0,-7.67028574128656,Summer,CHARGE_PRIORITY
580.0,apartment,12.610738196243302,3.6399999999999997,3.6399999999999997,0.0,0.0,-8.970738196243303,Summer,CHARGE_PRIORITY
580.0,family_house,13.934616081829352,10.08,8.84668082625415,1.2333191737458484,0.0,-3.8546160818293522,Summer,CHARGE_PRIORITY
580.0,luxury_house,16.658987284891243,18.0,12.506666766608596,5.493333233391405,0.0,1.3410127151087572,Summer,CHARGE_PRIORITY
580.0,small_family,17.354984787794073,6.5,6.015803718526727,0.48419628147327326,0.0,-10.854984787794072,Summer,CHARGE_PRIORITY
581.0,apartment,14.065450804435516,3.6399999999999997,3.6399999999999997,0.0,0.0,-10.425450804435517,Summer,CHARGE_PRIORITY
581.0,family_house,15.54204471836974,10.08,9.260410220292144,0.8195897797078552,0.0,-5.46204471836974,Summer,CHARGE_PRIORITY
581.0,luxury_house,18.58068595676315,18.0,13.430276385151691,4.569723614848309,0.0,-0.5806859567631503,Summer,CHARGE_PRIORITY
581.0,small_family,19.097078321747034,6.5,6.190659365085336,0.30934063491466407,1.0211412356033285,-12.597078321747034,Summer,CHARGE_PRIORITY
582.0,apartment,14.561626184561932,3.6399999999999997,3.6399999999999997,0.0,0.4454953731426597,-10.921626184561932,Summer,CHARGE_PRIORITY
582.0,family_house,16.09030869179653,10.08,9.351476536930061,0.7285234630699389,0.0,-6.0103086917965305,Summer,CHARGE_PRIORITY
582.0,luxury_house,19.236141586717025,18.0,13.745302426026205,4.254697573973794,0.0,-1.2361415867170242,Summer,CHARGE_PRIORITY
582.0,small_family,19.629645580290138,6.5,6.250299369860083,0.249700630139917,3.5,-13.129645580290138,Summer,CHARGE_PRIORITY
583.0,apartment,14.065450804435518,3.6399999999999997,3.6399999999999997,0.0,3.9228359447617165,-10.425450804435519,Summer,CHARGE_PRIORITY
583.0,family_house,15.54204471836974,10.08,9.261811148294465,0.8181888517055347,0.0,-5.46204471836974,Summer,CHARGE_PRIORITY
583.0,luxury_house,18.58068595676315,18.0,13.430276385151691,4.569723614848309,0.0,-0.5806859567631503,Summer,CHARGE_PRIORITY
583.0,small_family,19.097078321747038,6.5,6.190659365085336,0.3093406349146638,3.5,-12.597078321747036,Summer,CHARGE_PRIORITY
584.0,apartment,12.610738196243302,3.6399999999999997,3.6399999999999997,0.0,5.4931808504723305,-8.970738196243303,Summer,CHARGE_PRIORITY
584.0,family_house,13.934616081829354,10.08,8.937573605531021,1.1424263944689785,0.0,-3.8546160818293544,Summer,CHARGE_PRIORITY
584.0,luxury_house,16.658987284891246,18.0,12.506666766608596,5.493333233391404,0.0,1.341012715108755,Summer,CHARGE_PRIORITY
584.0,small_family,17.354984787794073,6.5,6.015803718526727,0.48419628147327315,3.3193146631156405,-10.854984787794073,Summer,CHARGE_PRIORITY
585.0,apartment,10.296624620207336,3.6399999999999997,3.6399999999999997,0.0,5.028834433659636,-6.656624620207337,Summer,CHARGE_PRIORITY
585.0,family_house,11.377566387354173,10.08,8.190729125473636,1.8892708745263636,0.0,-1.2975663873541734,Summer,CHARGE_PRIORITY
585.0,luxury_house,13.602006159832161,18.0,11.03741603956357,6.96258396043643,0.0,4.397993840167838,Summer,CHARGE_PRIORITY
585.0,small_family,14.17028574128656,6.5,5.737648553534606,0.7623514464653942,3.722761129191534,-7.67028574128656,Summer,CHARGE_PRIORITY
586.0,apartment,7.280813092280971,3.6399999999999997,3.6399999999999997,0.0,3.227882524434075,-3.6408130922809705,Summer,CHARGE_PRIORITY
586.0,family_house,8.04515434589827,10.08,7.147124534541743,2.932875465458256,0.0,2.03484565410173,Summer,CHARGE_PRIORITY
586.0,luxury_house,9.618070793358518,18.0,9.122651213013107,8.877348786986893,0.0,8.381929206641482,Summer,CHARGE_PRIORITY
586.0,small_family,10.019905139014774,6.5,5.375149684930042,1.124850315069958,2.9863555373554496,-3.5199051390147744,Summer,CHARGE_PRIORITY
587.0,apartment,3.768826184228186,3.6399999999999997,3.6399999999999997,0.0,1.1306296063839305,-0.1288261842281863,Summer,CHARGE_PRIORITY
587.0,family_house,4.164478331015572,10.08,5.228613719990178,4.851386280009821,0.0,5.915521668984428,Summer,CHARGE_PRIORITY
587.0,luxury_house,4.978679796930994,18.0,6.892860345588123,11.107139654411876,0.0,13.021320203069006,Summer,CHARGE_PRIORITY
587.0,small_family,5.186684560195292,6.5,4.9530108115507305,1.546989188449269,0.852013769414064,1.3133154398047087,Summer,CHARGE_PRIORITY
588.0,apartment,1.7832848897304056e-15,3.6399999999999997,3.2125177758266674,0.4274822241733321,0.0,3.639999999999998,Summer,CHARGE_PRIORITY
588.0,family_house,1.9704945036701456e-15,10.08,2.529349388940729,7.550650611059271,0.0,10.079999999999998,Summer,CHARGE_PRIORITY
588.0,luxury_house,2.355747922211829e-15,18.0,3.5665562909971937,14.433443709002805,0.0,17.999999999999996,Summer,CHARGE_PRIORITY
588.0,small_family,2.4541689512509105e-15,6.5,4.5,1.9999999999999998,0.0,6.499999999999997,Summer,CHARGE_PRIORITY
589.0,apartment,0.0,3.6399999999999997,3.0799999999999996,0.5599999999999999,0.0,3.6399999999999997,Summer,CHARGE_PRIORITY
589.0,family_house,0.0,10.08,2.52,7.56,0.0,10.08,Summer,CHARGE_PRIORITY
589.0,luxury_house,0.0,18.0,3.0,15.0,0.0,18.0,Summer,CHARGE_PRIORITY
589.0,small_family,0.0,6.5,4.197282584234209,2.302717415765791,0.0,6.5,Summer,CHARGE_PRIORITY
590.0,apartment,0.0,3.6399999999999997,3.0799999999999996,0.5599999999999999,0.0,3.6399999999999997,Summer,CHARGE_PRIORITY
590.0,family_house,0.0,10.08,2.52,7.56,0.0,10.08,Summer,CHARGE_PRIORITY
590.0,luxury_house,0.0,18.0,1.6929210073604712,16.30707899263953,0.0,18.0,Summer,CHARGE_PRIORITY
590.0,small_family,0.0,6.5,4.0,2.5,0.0,6.5,Summer,CHARGE_PRIORITY
591.0,apartment,0.0,3.6399999999999997,2.6797904217785944,0.9602095782214052,0.0,3.6399999999999997,Summer,CHARGE_PRIORITY
591.0,family_house,0.0,10.08,2.3456453667192356,7.734354633280764,0.0,10.08,Summer,CHARGE_PRIORITY
591.0,luxury_house,0.0,18.0,1.5,16.5,0.0,18.0,Summer,CHARGE_PRIORITY
591.0,small_family,0.0,6.5,3.5770913926387196,2.9229086073612804,0.0,6.5,Summer,CHARGE_PRIORITY
592.0,apartment,0.0,3.6399999999999997,1.9599999999999997,1.6799999999999997,0.0,3.6399999999999997,Summer,CHARGE_PRIORITY
592.0,family_house,0.0,10.08,1.68,8.4,0.0,10.08,Summer,CHARGE_PRIORITY
592.0,luxury_house,0.0,18.0,1.5,16.5,0.0,18.0,Summer,CHARGE_PRIORITY
592.0,small_family,0.0,6.5,3.5,3.0,0.0,6.5,Summer,CHARGE_PRIORITY
593.0,apartment,0.0,3.6399999999999997,1.9599999999999997,1.6799999999999997,0.0,3.6399999999999997,Summer,CHARGE_PRIORITY
593.0,family_house,0.0,10.08,1.68,8.4,0.0,10.08,Summer,CHARGE_PRIORITY
593.0,luxury_house,0.0,18.0,1.5,16.5,0.0,18.0,Summer,CHARGE_PRIORITY
593.0,small_family,0.0,6.5,3.5,3.0,0.0,6.5,Summer,CHARGE_PRIORITY
594.0,apartment,0.0,24.631692176103886,11.591535698379658,13.040156477724228,0.0,24.631692176103886,Summer,CHARGE_PRIORITY
594.0,family_house,0.0,29.16786020960144,4.452068801914335,24.715791407687103,0.0,29.16786020960144,Summer,CHARGE_PRIORITY
594.0,luxury_house,0.0,36.9624898077771,2.233789624526259,34.72870018325084,0.0,36.9624898077771,Summer,CHARGE_PRIORITY
594.0,small_family,0.0,27.67921459222741,15.94931848783511,11.729896104392301,0.0,27.67921459222741,Summer,CHARGE_PRIORITY
595.0,apartment,0.0,19.950179338726848,6.018698436804938,13.931480901921908,0.0,19.950179338726848,Summer,CHARGE_PRIORITY
595.0,family_house,0.0,30.289095395522985,3.711188631868,26.577906763654987,0.0,30.289095395522985,Summer,CHARGE_PRIORITY
595.0,luxury_house,0.0,35.17862787442718,0.0,35.17862787442718,0.0,35.17862787442718,Summer,CHARGE_PRIORITY
595.0,small_family,0.0,21.11277372654696,8.26999116116463,12.842782565382329,0.0,21.11277372654696,Summer,CHARGE_PRIORITY
596.0,apartment,0.0,21.568272950006886,6.302715957288026,15.265556992718858,0.0,21.568272950006886,Summer,CHARGE_PRIORITY
596.0,family_house,0.0,34.073652600769854,4.526666231637434,29.546986369132423,0.0,34.073652600769854,Summer,CHARGE_PRIORITY
596.0,luxury_house,0.0,33.23251380536908,0.0,33.23251380536908,0.0,33.23251380536908,Summer,CHARGE_PRIORITY
596.0,small_family,0.0,17.775305207451844,4.85792778630099,12.917377421150855,0.0,17.775305207451844,Summer,CHARGE_PRIORITY
597.0,apartment,0.0,27.186322646334936,4.302456078151643,22.883866568183294,0.0,27.186322646334936,Summer,CHARGE_PRIORITY
597.0,family_house,0.0,31.01351132939292,2.1065000811460205e-16,31.01351132939292,0.0,31.01351132939292,Summer,CHARGE_PRIORITY
597.0,luxury_house,0.0,37.83262087543827,0.0,37.83262087543827,0.0,37.83262087543827,Summer,CHARGE_PRIORITY
597.0,small_family,0.0,22.77833701479758,3.4671012807240533,19.311235734073527,0.0,22.77833701479758,Summer,CHARGE_PRIORITY
598.0,apartment,0.0,3.6399999999999997,0.0,3.6399999999999997,0.0,3.6399999999999997,Summer,CHARGE_PRIORITY
598.0,family_house,0.0,10.08,0.0,10.08,0.0,10.08,Summer,CHARGE_PRIORITY
598.0,luxury_house,0.0,18.0,0.0,18.0,0.0,18.0,Summer,CHARGE_PRIORITY
598.0,small_family,0.0,6.5,0.6531656108141641,5.846834389185836,0.0,6.5,Summer,CHARGE_PRIORITY
599.0,apartment,0.0,3.6399999999999997,0.0,3.6399999999999997,0.0,3.6399999999999997,Summer,CHARGE_PRIORITY
599.0,family_house,0.0,10.08,0.0,10.08,0.0,10.08,Summer,CHARGE_PRIORITY
599.0,luxury_house,0.0,18.0,0.0,18.0,0.0,18.0,Summer,CHARGE_PRIORITY
599.0,small_family,0.0,6.5,0.5,6.0,0.0,6.5,Summer,CHARGE_PRIORITY
600.0,apartment,0.0,3.6399999999999997,0.0,3.6399999999999997,0.0,3.6399999999999997,Summer,CHARGE_PRIORITY
600.0,family_house,0.0,10.08,0.0,10.08,0.0,10.08,Summer,CHARGE_PRIORITY
600.0,luxury_house,0.0,18.0,0.0,18.0,0.0,18.0,Summer,CHARGE_PRIORITY
600.0,small_family,0.0,6.5,0.5,6.0,0.0,6.5,Summer,CHARGE_PRIORITY
601.0,apartment,2.4694371391422134,3.6399999999999997,1.9391532860844216,1.7008467139155778,0.0,1.1705628608577863,Summer,CHARGE_PRIORITY
601.0,family_house,6.065265471621164,10.08,5.113460588977937,4.966539411022062,0.0,4.014734528378836,Summer,CHARGE_PRIORITY
601.0,luxury_house,5.188790899962126,18.0,4.669911809965913,13.330088190034086,0.0,12.811209100037873,Summer,CHARGE_PRIORITY
601.0,small_family,4.641890128966418,6.5,3.9920515830010284,2.5079484169989716,0.0,1.8581098710335822,Summer,CHARGE_PRIORITY
602.0,apartment,4.77058621818971,3.6399999999999997,2.9784676712345814,0.6615323287654182,0.0,-1.1305862181897104,Summer,CHARGE_PRIORITY
602.0,family_house,11.717193124676456,10.08,7.857171572547126,2.2228284274528733,0.0,-1.6371931246764557,Summer,CHARGE_PRIORITY
602.0,luxury_house,10.023974274974229,18.0,8.380854547593817,9.619145452406183,0.0,7.976025725025771,Summer,CHARGE_PRIORITY
602.0,small_family,8.967443116729912,6.5,5.820229936026392,0.6797700639736082,0.0,-2.4674431167299127,Summer,CHARGE_PRIORITY
603.0,apartment,6.746627730234064,3.6399999999999997,3.392613913950354,0.24738608604964563,0.0,-3.1066277302340635,Summer,CHARGE_PRIORITY
603.0,family_house,16.57061342986223,10.08,9.01367647529379,1.0663235247062093,0.0,-6.490613429862231,Summer,CHARGE_PRIORITY
603.0,luxury_house,14.17604036854757,18.0,10.275006732704862,7.724993267295138,0.0,3.8239596314524302,Summer,CHARGE_PRIORITY
603.0,small_family,12.681879675488704,6.5,6.36404745352341,0.1359525464765894,0.0,-6.181879675488704,Summer,CHARGE_PRIORITY
604.0,apartment,8.262897711792446,3.6399999999999997,3.5730438329386667,0.066956167061333,0.0,-4.6228977117924455,Summer,CHARGE_PRIORITY
604.0,family_house,20.294773814036354,10.08,9.348809861743534,0.731190138256465,0.0,-10.214773814036354,Summer,CHARGE_PRIORITY
604.0,luxury_house,17.242210751026505,18.0,11.572909878132178,6.427090121867822,0.0,0.7577892489734961,Summer,CHARGE_PRIORITY
604.0,small_family,15.532067092160018,6.5,6.452568981684497,0.04743101831550317,0.0,-9.032067092160018,Summer,CHARGE_PRIORITY
605.0,apartment,9.216064869376275,3.6399999999999997,3.6299189396140994,0.010081060385900065,0.0,-5.5760648693762755,Summer,CHARGE_PRIORITY
605.0,family_house,22.237610404278918,10.08,9.555158151513922,0.5248418484860786,0.0,-12.15761040427892,Summer,CHARGE_PRIORITY
605.0,luxury_house,18.769766921021002,18.0,12.388805903901012,5.611194096098989,0.0,-0.7697669210210027,Summer,CHARGE_PRIORITY
605.0,small_family,16.06942622369674,6.5,6.5,0.0,0.0,-9.569426223696741,Summer,CHARGE_PRIORITY
606.0,apartment,9.541172436379421,3.6399999999999997,3.6399999999999997,0.0,0.0,-5.901172436379422,Summer,CHARGE_PRIORITY
606.0,family_house,22.739858917508737,10.08,9.625539710413374,0.45446028958662565,0.0,-12.659858917508739,Summer,CHARGE_PRIORITY
606.0,luxury_house,19.290787883541817,18.0,12.667092844187152,5.332907155812848,0.0,-1.2907878835418174,Summer,CHARGE_PRIORITY
606.0,small_family,16.63629420225039,6.5,6.422937641542423,0.07706235845757692,1.93452806779969,-10.13629420225039,Summer,CHARGE_PRIORITY
607.0,apartment,9.216064869376277,3.6399999999999997,3.639236918952948,0.0007630810470515836,0.10654854281756215,-5.576064869376276,Summer,CHARGE_PRIORITY
607.0,family_house,22.237610404278918,10.08,9.555158151513922,0.5248418484860785,2.934714764886345,-12.15761040427892,Summer,CHARGE_PRIORITY
607.0,luxury_house,18.769766921021002,18.0,12.388805903901012,5.611194096098989,0.0,-0.7697669210210027,Summer,CHARGE_PRIORITY
607.0,small_family,16.069426223696745,6.5,6.0,0.5,3.040457960381395,-9.569426223696745,Summer,CHARGE_PRIORITY
608.0,apartment,8.262897711792446,3.6399999999999997,3.5730438329386667,0.066956167061333,1.4781032670332765,-4.6228977117924455,Summer,CHARGE_PRIORITY
608.0,family_house,20.294773814036358,10.08,9.348809861743534,0.7311901382564647,5.849681543275193,-10.214773814036358,Summer,CHARGE_PRIORITY
608.0,luxury_house,17.242210751026505,18.0,11.572909878132178,6.427090121867821,0.0,0.7577892489734942,Summer,CHARGE_PRIORITY
608.0,small_family,14.40745340398061,6.5,5.984700846476265,0.5152991535237346,4.272845260253786,-7.90745340398061,Summer,CHARGE_PRIORITY
609.0,apartment,6.746627730234064,3.6399999999999997,3.4825686038419224,0.15743139615807736,1.1554853064505353,-3.1066277302340635,Summer,CHARGE_PRIORITY
609.0,family_house,16.57061342986223,10.08,9.020557136043394,1.0594428639566051,4.467959235558798,-6.490613429862231,Summer,CHARGE_PRIORITY
609.0,luxury_house,14.17604036854757,18.0,10.275006732704862,7.724993267295138,0.0,3.8239596314524302,Summer,CHARGE_PRIORITY
609.0,small_family,11.763636444225696,6.5,5.869521026179334,0.6304789738206656,3.4946943574447715,-5.263636444225696,Summer,CHARGE_PRIORITY
610.0,apartment,4.770586218189713,3.6399999999999997,3.347379813335318,0.2926201866646817,0.890812278490892,-1.130586218189714,Summer,CHARGE_PRIORITY
610.0,family_house,11.717193124676465,10.08,8.592769855206688,1.487230144793312,2.6672636659220914,-1.637193124676465,Summer,CHARGE_PRIORITY
610.0,luxury_house,10.023974274974238,18.0,8.583546422093578,9.416453577906422,0.0,7.976025725025762,Summer,CHARGE_PRIORITY
610.0,small_family,8.3181471011252,6.5,5.761290823402419,0.7387091765975808,2.178228859510112,-1.8181471011251997,Summer,CHARGE_PRIORITY
611.0,apartment,2.469437139142216,3.6399999999999997,2.839398860201598,0.8006011397984019,0.37704459904841225,1.1705628608577836,Summer,CHARGE_PRIORITY
611.0,family_house,6.065265471621171,10.08,8.094601015470527,1.9853989845294726,0.57030926164568,4.014734528378829,Summer,CHARGE_PRIORITY
611.0,luxury_house,5.188790899962132,18.0,6.613799171196151,11.38620082880385,0.0,12.811209100037868,Summer,CHARGE_PRIORITY
611.0,small_family,4.641890128966423,6.5,5.937744397359964,0.5622556026400356,0.6451723170713622,1.8581098710335768,Summer,CHARGE_PRIORITY
612.0,apartment,1.1684566284325011e-15,3.6399999999999997,2.52,1.1199999999999997,0.0,3.6399999999999983,Summer,CHARGE_PRIORITY
612.0,family_house,2.8698846110252797e-15,10.08,7.130545571308818,2.9494544286911815,0.0,10.079999999999997,Summer,CHARGE_PRIORITY
612.0,luxury_house,2.4551656021165205e-15,18.0,4.500000000000001,13.499999999999998,0.0,17.999999999999996,Summer,CHARGE_PRIORITY
612.0,small_family,2.196390101887851e-15,6.5,5.26876129893189,1.23123870106811,0.0,6.499999999999997,Summer,CHARGE_PRIORITY
613.0,apartment,0.0,3.6399999999999997,2.3598068446731832,1.2801931553268164,0.0,3.6399999999999997,Summer,CHARGE_PRIORITY
613.0,family_house,0.0,10.08,5.822455087484322,4.2575449125156775,0.0,10.08,Summer,CHARGE_PRIORITY
613.0,luxury_house,0.0,18.0,4.5,13.5,0.0,18.0,Summer,CHARGE_PRIORITY
613.0,small_family,0.0,6.5,4.317788318520933,2.182211681479066,0.0,6.5,Summer,CHARGE_PRIORITY
614.0,apartment,0.0,3.6399999999999997,1.9180667508292513,1.7219332491707484,0.0,3.6399999999999997,Summer,CHARGE_PRIORITY
614.0,family_house,0.0,10.08,5.04,5.04,0.0,10.08,Summer,CHARGE_PRIORITY
614.0,luxury_house,0.0,18.0,4.5,13.5,0.0,18.0,Summer,CHARGE_PRIORITY
614.0,small_family,0.0,6.5,3.659252213726477,2.840747786273523,0.0,6.5,Summer,CHARGE_PRIORITY
615.0,apartment,0.0,3.6399999999999997,1.6799999999999997,1.9599999999999997,0.0,3.6399999999999997,Summer,CHARGE_PRIORITY
615.0,family_house,0.0,10.08,4.459608267584274,5.620391732415725,0.0,10.08,Summer,CHARGE_PRIORITY
615.0,luxury_house,0.0,18.0,3.0978991329491343,14.902100867050866,0.0,18.0,Summer,CHARGE_PRIORITY
615.0,small_family,0.0,6.5,3.2356549299777937,3.2643450700222063,0.0,6.5,Summer,CHARGE_PRIORITY
616.0,apartment,0.0,3.6399999999999997,1.6799999999999997,1.9599999999999997,0.0,3.6399999999999997,Summer,CHARGE_PRIORITY
616.0,family_house,0.0,10.08,4.2,5.88,0.0,10.08,Summer,CHARGE_PRIORITY
616.0,luxury_house,0.0,18.0,2.152128903407511,15.847871096592488,0.0,18.0,Summer,CHARGE_PRIORITY
616.0,small_family,0.0,6.5,3.0,3.5,0.0,6.5,Summer,CHARGE_PRIORITY
617.0,apartment,0.0,3.6399999999999997,1.4437000050877415,2.196299994912258,0.0,3.6399999999999997,Summer,CHARGE_PRIORITY
617.0,family_house,0.0,10.08,3.489701060118348,6.590298939881651,0.0,10.08,Summer,CHARGE_PRIORITY
617.0,luxury_house,0.0,18.0,1.5,16.5,0.0,18.0,Summer,CHARGE_PRIORITY
617.0,small_family,0.0,6.5,3.0,3.5,0.0,6.5,Summer,CHARGE_PRIORITY
618.0,apartment,0.0,26.939518419283964,7.200216223317932,19.739302195966033,0.0,26.939518419283964,Summer,CHARGE_PRIORITY
618.0,family_house,0.0,32.43722174391436,10.006562140673507,22.430659603240848,0.0,32.43722174391436,Summer,CHARGE_PRIORITY
618.0,luxury_house,0.0,34.04902586422385,1.631534487766215,32.41749137645763,0.0,34.04902586422385,Summer,CHARGE_PRIORITY
618.0,small_family,0.0,25.445498125075975,6.460947500001664,18.984550625074313,0.0,25.445498125075975,Summer,CHARGE_PRIORITY
619.0,apartment,0.0,17.381774815799634,4.787511063682787,12.594263752116845,0.0,17.381774815799634,Summer,CHARGE_PRIORITY
619.0,family_house,0.0,28.441087989206224,5.143095192050335,23.29799279715589,0.0,28.441087989206224,Summer,CHARGE_PRIORITY
619.0,luxury_house,0.0,31.859394041960872,2.9124560300733915,28.946938011887482,0.0,31.859394041960872,Summer,CHARGE_PRIORITY
619.0,small_family,0.0,28.47082939191207,4.352198374102125,24.118631017809946,0.0,28.47082939191207,Summer,CHARGE_PRIORITY
620.0,apartment,0.0,24.523331470042702,2.118948764980436,22.404382705062268,0.0,24.523331470042702,Summer,CHARGE_PRIORITY
620.0,family_house,0.0,33.63883557035944,2.7712446954942243,30.867590874865215,0.0,33.63883557035944,Summer,CHARGE_PRIORITY
620.0,luxury_house,0.0,36.77276945402828,0.9004505044352517,35.87231894959302,0.0,36.77276945402828,Summer,CHARGE_PRIORITY
620.0,small_family,0.0,24.791708858407063,2.3984935624484303,22.393215295958633,0.0,24.791708858407063,Summer,CHARGE_PRIORITY
621.0,apartment,0.0,22.112155912038027,0.07088987634343338,22.041266035694594,0.0,22.112155912038027,Summer,CHARGE_PRIORITY
621.0,family_house,0.0,26.957479116601696,1.6698342464722344,25.287644870129462,0.0,26.957479116601696,Summer,CHARGE_PRIORITY
621.0,luxury_house,0.0,29.6504556675061,0.0,29.6504556675061,0.0,29.6504556675061,Summer,CHARGE_PRIORITY
621.0,small_family,0.0,23.84246373754612,3.1213229714146538,20.721140766131466,0.0,23.84246373754612,Summer,CHARGE_PRIORITY
622.0,apartment,0.0,3.6399999999999997,0.0,3.6399999999999997,0.0,3.6399999999999997,Summer,CHARGE_PRIORITY
622.0,family_house,0.0,10.08,0.0,10.08,0.0,10.08,Summer,CHARGE_PRIORITY
622.0,luxury_house,0.0,18.0,0.0,18.0,0.0,18.0,Summer,CHARGE_PRIORITY
622.0,small_family,0.0,6.5,0.0,6.5,0.0,6.5,Summer,CHARGE_PRIORITY
623.0,apartment,0.0,3.6399999999999997,0.0,3.6399999999999997,0.0,3.6399999999999997,Summer,CHARGE_PRIORITY
623.0,family_house,0.0,10.08,0.0,10.08,0.0,10.08,Summer,CHARGE_PRIORITY
623.0,luxury_house,0.0,18.0,0.0,18.0,0.0,18.0,Summer,CHARGE_PRIORITY
623.0,small_family,0.0,6.5,0.0,6.5,0.0,6.5,Summer,CHARGE_PRIORITY
624.0,apartment,0.0,3.6399999999999997,0.0,3.6399999999999997,0.0,3.6399999999999997,Summer,CHARGE_PRIORITY
624.0,family_house,0.0,10.08,0.0,10.08,0.0,10.08,Summer,CHARGE_PRIORITY
624.0,luxury_house,0.0,18.0,0.0,18.0,0.0,18.0,Summer,CHARGE_PRIORITY
624.0,small_family,0.0,6.5,0.0,6.5,0.0,6.5,Summer,CHARGE_PRIORITY
625.0,apartment,1.7983331269222516,3.6399999999999997,1.6184998142300264,2.0215001857699733,0.0,1.841666873077748,Summer,CHARGE_PRIORITY
625.0,family_house,5.226293083899227,10.08,4.662523532479501,5.4174764675204985,0.0,4.853706916100773,Summer,CHARGE_PRIORITY
625.0,luxury_house,9.940275720792641,18.0,8.795640976073424,9.204359023926576,0.0,8.059724279207359,Summer,CHARGE_PRIORITY
625.0,small_family,5.3570788676491174,6.5,3.920653633724969,2.579346366275031,0.0,1.1429211323508828,Summer,CHARGE_PRIORITY
626.0,apartment,3.4741128231307594,3.6399999999999997,2.6479958022001084,0.9920041977998912,0.0,0.1658871768692403,Summer,CHARGE_PRIORITY
626.0,family_house,10.096422930988407,10.08,7.19961541835161,2.8803845816483897,0.0,-0.016422930988407747,Summer,CHARGE_PRIORITY
626.0,luxury_house,19.20313807829559,18.0,12.459067341945788,5.540932658054211,0.0,-1.2031380782955905,Summer,CHARGE_PRIORITY
626.0,small_family,10.349081663459359,6.5,5.281952051354653,1.2180479486453464,0.0,-3.8490816634593585,Summer,CHARGE_PRIORITY
627.0,apartment,4.913137471685803,3.6399999999999997,3.1561991863897085,0.48380081361029115,0.0,-1.2731374716858033,Summer,CHARGE_PRIORITY
627.0,family_house,14.278498240458525,10.08,8.724298355202398,1.3557016447976016,0.0,-4.198498240458525,Summer,CHARGE_PRIORITY
627.0,luxury_house,25.127232835137335,18.0,14.670971453390399,3.3290285466096012,0.0,-7.1272328351373355,Summer,CHARGE_PRIORITY
627.0,small_family,14.63581164657094,6.5,6.043380399457726,0.45661960054227346,0.0,-8.13581164657094,Summer,CHARGE_PRIORITY
628.0,apartment,6.017339920889025,3.6399999999999997,3.487967382683232,0.15203261731676776,0.0,-2.3773399208890256,Summer,CHARGE_PRIORITY
628.0,family_house,17.487517491175403,10.08,9.36353982324167,0.7164601767583305,0.0,-7.407517491175406,Summer,CHARGE_PRIORITY
628.0,luxury_house,28.07751109039772,18.0,15.584764351728264,2.4152356482717354,0.0,-10.077511090397719,Summer,CHARGE_PRIORITY
628.0,small_family,17.925135252791044,6.5,6.357998421439954,0.14200157856004603,0.0,-11.425135252791044,Summer,CHARGE_PRIORITY
629.0,apartment,6.711470598608054,3.6399999999999997,3.5983136057324407,0.04168639426755871,0.0,-3.071470598608054,Summer,CHARGE_PRIORITY
629.0,family_house,19.50479132435775,10.08,9.666282899944488,0.41371710005551277,0.0,-9.424791324357752,Summer,CHARGE_PRIORITY
629.0,luxury_house,29.864399909612718,18.0,15.998285100371717,2.0017148996282836,0.0,-11.864399909612718,Summer,CHARGE_PRIORITY
629.0,small_family,19.992890514220054,6.5,6.456972890821099,0.04302710917890101,0.0,-13.492890514220054,Summer,CHARGE_PRIORITY
630.0,apartment,6.94822564626152,3.6399999999999997,3.6264750605120826,0.013524939487917165,0.0,-3.30822564626152,Summer,CHARGE_PRIORITY
630.0,family_house,20.192845861976817,10.08,9.739843521753087,0.34015647824691153,0.0,-10.112845861976819,Summer,CHARGE_PRIORITY
630.0,luxury_house,30.353482982101756,18.0,16.139329326903376,1.860670673096624,0.0,-12.353482982101756,Summer,CHARGE_PRIORITY
630.0,small_family,20.69816332691872,6.5,6.480935317488161,0.01906468251183885,4.43225999859836,-14.19816332691872,Summer,CHARGE_PRIORITY
631.0,apartment,6.711470598608055,3.6399999999999997,3.598313605732441,0.041686394267558546,0.0,-3.071470598608055,Summer,CHARGE_PRIORITY
631.0,family_house,19.50479132435775,10.08,9.667023893709,0.41297610629099923,0.0,-9.424791324357752,Summer,CHARGE_PRIORITY
631.0,luxury_house,29.864399909612718,18.0,15.998285100371717,2.0017148996282836,0.0,-11.864399909612718,Summer,CHARGE_PRIORITY
631.0,small_family,19.992890514220058,6.5,6.464547843936348,0.03545215606365243,6.201800730440237,-13.492890514220058,Summer,CHARGE_PRIORITY
632.0,apartment,6.017339920889025,3.6399999999999997,3.5157483979977444,0.1242516020022551,0.0,-2.3773399208890256,Summer,CHARGE_PRIORITY
632.0,family_house,17.487517491175407,10.08,9.448441585537227,0.6315584144627737,1.592991121892617,-7.407517491175408,Summer,CHARGE_PRIORITY
632.0,luxury_house,28.07751109039772,18.0,15.584764351728264,2.415235648271735,0.0,-10.077511090397723,Summer,CHARGE_PRIORITY
632.0,small_family,17.925135252791044,6.5,6.360219390001808,0.13978060999819275,7.051095971834484,-11.425135252791046,Summer,CHARGE_PRIORITY
633.0,apartment,4.913137471685803,3.6399999999999997,3.367598098303554,0.27240190169644585,0.0,-1.2731374716858033,Summer,CHARGE_PRIORITY
633.0,family_house,14.278498240458525,10.08,8.999459205160525,1.0805407948394743,2.1571881478506065,-4.198498240458525,Summer,CHARGE_PRIORITY
633.0,luxury_house,25.127232835137335,18.0,14.926947836617725,3.0730521633822754,0.0,-7.1272328351373355,Summer,CHARGE_PRIORITY
633.0,small_family,14.63581164657094,6.5,6.2005527775471085,0.29944722245289124,5.9584683421011455,-8.13581164657094,Summer,CHARGE_PRIORITY
634.0,apartment,3.474112823130762,3.6399999999999997,2.8222603453378814,0.8177396546621183,0.0,0.1658871768692375,Summer,CHARGE_PRIORITY
634.0,family_house,10.096422930988416,10.08,7.891222654681361,2.1887773453186394,1.8779535465757746,-0.016422930988416184,Summer,CHARGE_PRIORITY
634.0,luxury_house,19.203138078295606,18.0,14.06966466345169,3.930335336548311,2.828700658197207,-1.2031380782956047,Summer,CHARGE_PRIORITY
634.0,small_family,10.349081663459367,6.5,5.995365619582632,0.5046343804173683,4.2263951119684915,-3.8490816634593665,Summer,CHARGE_PRIORITY
635.0,apartment,1.7983331269222538,3.6399999999999997,2.2203264032645533,1.4196735967354464,0.0,1.841666873077746,Summer,CHARGE_PRIORITY
635.0,family_house,5.226293083899233,10.08,6.9210854539463735,3.158914546053626,0.1617322788877389,4.853706916100767,Summer,CHARGE_PRIORITY
635.0,luxury_house,9.940275720792652,18.0,12.0359404498377,5.9640595501623,0.6353750217391627,8.059724279207348,Summer,CHARGE_PRIORITY
635.0,small_family,5.357078867649124,6.5,5.4310239654524946,1.0689760345475054,1.2230192746213773,1.1429211323508768,Summer,CHARGE_PRIORITY
636.0,apartment,8.50912229744772e-16,3.6399999999999997,1.67173044266188,1.9682695573381195,0.0,3.639999999999999,Summer,CHARGE_PRIORITY
636.0,family_house,2.472910405054579e-15,10.08,5.7159768484696745,4.364023151530326,0.0,10.079999999999997,Summer,CHARGE_PRIORITY
636.0,luxury_house,4.703412316233871e-15,18.0,9.823025545911523,8.176974454088477,0.0,17.999999999999996,Summer,CHARGE_PRIORITY
636.0,small_family,2.5347939466540145e-15,6.5,3.800659268418407,2.699340731581593,0.0,6.499999999999997,Summer,CHARGE_PRIORITY
637.0,apartment,0.0,3.6399999999999997,1.4,2.2399999999999998,0.0,3.6399999999999997,Summer,CHARGE_PRIORITY
637.0,family_house,0.0,10.08,4.347353712256092,5.732646287743908,0.0,10.08,Summer,CHARGE_PRIORITY
637.0,luxury_house,0.0,18.0,8.894638903481535,9.105361096518465,0.0,18.0,Summer,CHARGE_PRIORITY
637.0,small_family,0.0,6.5,3.5,3.0,0.0,6.5,Summer,CHARGE_PRIORITY
638.0,apartment,0.0,3.6399999999999997,1.4,2.2399999999999998,0.0,3.6399999999999997,Summer,CHARGE_PRIORITY
638.0,family_house,0.0,10.08,3.7439255595294525,6.336074440470547,0.0,10.08,Summer,CHARGE_PRIORITY
638.0,luxury_house,0.0,18.0,6.593830944776613,11.406169055223387,0.0,18.0,Summer,CHARGE_PRIORITY
638.0,small_family,0.0,6.5,3.5,3.0,0.0,6.5,Summer,CHARGE_PRIORITY
639.0,apartment,0.0,3.6399999999999997,1.4,2.2399999999999998,0.0,3.6399999999999997,Summer,CHARGE_PRIORITY
639.0,family_house,0.0,10.08,2.52,7.56,0.0,10.08,Summer,CHARGE_PRIORITY
639.0,luxury_house,0.0,18.0,6.0,12.0,0.0,18.0,Summer,CHARGE_PRIORITY
639.0,small_family,0.0,6.5,3.5,3.0,0.0,6.5,Summer,CHARGE_PRIORITY
640.0,apartment,0.0,3.6399999999999997,1.3206732988325631,2.3193267011674363,0.0,3.6399999999999997,Summer,CHARGE_PRIORITY
640.0,family_house,0.0,10.08,2.52,7.56,0.0,10.08,Summer,CHARGE_PRIORITY
640.0,luxury_house,0.0,18.0,6.0,12.0,0.0,18.0,Summer,CHARGE_PRIORITY
640.0,small_family,0.0,6.5,3.111460110934328,3.388539889065672,0.0,6.5,Summer,CHARGE_PRIORITY
641.0,apartment,0.0,3.6399999999999997,1.0964047466943203,2.5435952533056794,0.0,3.6399999999999997,Summer,CHARGE_PRIORITY
641.0,family_house,0.0,10.08,2.52,7.56,0.0,10.08,Summer,CHARGE_PRIORITY
641.0,luxury_house,0.0,18.0,6.0,12.0,0.0,18.0,Summer,CHARGE_PRIORITY
641.0,small_family,0.0,6.5,3.0,3.5,0.0,6.5,Summer,CHARGE_PRIORITY
642.0,apartment,0.0,26.645414946136164,3.9676096725353283,22.677805273600832,0.0,26.645414946136164,Summer,CHARGE_PRIORITY
642.0,family_house,0.0,27.66259086968423,4.402269235978213,23.260321633706017,0.0,27.66259086968423,Summer,CHARGE_PRIORITY
642.0,luxury_house,0.0,35.46389422503845,12.03242963919598,23.43146458584247,0.0,35.46389422503845,Summer,CHARGE_PRIORITY
642.0,small_family,0.0,26.995645929272357,12.017924225492,14.977721703780357,0.0,26.995645929272357,Summer,CHARGE_PRIORITY
643.0,apartment,0.0,24.197753867848323,0.7742287125677172,23.423525155280608,0.0,24.197753867848323,Summer,CHARGE_PRIORITY
643.0,family_house,0.0,27.97279144563381,7.12498107385524,20.84781037177857,0.0,27.97279144563381,Summer,CHARGE_PRIORITY
643.0,luxury_house,0.0,33.6800706986358,5.378631494761531,28.301439203874267,0.0,33.6800706986358,Summer,CHARGE_PRIORITY
643.0,small_family,0.0,27.073054745899046,8.060823363379738,19.01223138251931,0.0,27.073054745899046,Summer,CHARGE_PRIORITY
644.0,apartment,0.0,20.74734033827352,0.8089676001843943,19.938372738089125,0.0,20.74734033827352,Summer,CHARGE_PRIORITY
644.0,family_house,0.0,30.42438606812757,5.033572709595089,25.390813358532483,0.0,30.42438606812757,Summer,CHARGE_PRIORITY
644.0,luxury_house,0.0,40.74146960464474,7.93627470184254,32.80519490280221,0.0,40.74146960464474,Summer,CHARGE_PRIORITY
644.0,small_family,0.0,30.93987801768009,8.53082008911871,22.40905792856138,0.0,30.93987801768009,Summer,CHARGE_PRIORITY
645.0,apartment,0.0,18.54611342062619,0.0,18.54611342062619,0.0,18.54611342062619,Summer,CHARGE_PRIORITY
645.0,family_house,0.0,27.782076993167742,3.1209169237027714,24.661160069464973,0.0,27.782076993167742,Summer,CHARGE_PRIORITY
645.0,luxury_house,0.0,36.7390636658629,2.3772907454096806,34.36177292045322,0.0,36.7390636658629,Summer,CHARGE_PRIORITY
645.0,small_family,0.0,25.030116880410855,1.4132922951104854,23.616824585300368,0.0,25.030116880410855,Summer,CHARGE_PRIORITY
646.0,apartment,0.0,3.6399999999999997,0.0,3.6399999999999997,0.0,3.6399999999999997,Summer,CHARGE_PRIORITY
646.0,family_house,0.0,10.08,0.094825739582862,9.985174260417137,0.0,10.08,Summer,CHARGE_PRIORITY
646.0,luxury_house,0.0,18.0,0.0,18.0,0.0,18.0,Summer,CHARGE_PRIORITY
646.0,small_family,0.0,6.5,0.5,6.0,0.0,6.5,Summer,CHARGE_PRIORITY
647.0,apartment,0.0,3.6399999999999997,0.0,3.6399999999999997,0.0,3.6399999999999997,Summer,CHARGE_PRIORITY
647.0,family_house,0.0,10.08,0.0,10.08,0.0,10.08,Summer,CHARGE_PRIORITY
647.0,luxury_house,0.0,18.0,0.0,18.0,0.0,18.0,Summer,CHARGE_PRIORITY
647.0,small_family,0.0,6.5,0.38559425089417104,6.1144057491058295,0.0,6.5,Summer,CHARGE_PRIORITY
648.0,apartment,0.0,3.6399999999999997,0.0,3.6399999999999997,0.0,3.6399999999999997,Summer,CHARGE_PRIORITY
648.0,family_house,0.0,10.08,0.0,10.08,0.0,10.08,Summer,CHARGE_PRIORITY
648.0,luxury_house,0.0,18.0,0.0,18.0,0.0,18.0,Summer,CHARGE_PRIORITY
648.0,small_family,0.0,6.5,0.0,6.5,0.0,6.5,Summer,CHARGE_PRIORITY
649.0,apartment,3.5381027736456994,3.6399999999999997,2.2996391300624355,1.3403608699375644,0.0,0.10189722635430001,Summer,CHARGE_PRIORITY
649.0,family_house,4.178786342300391,10.08,3.5953341778009356,6.484665822199064,0.0,5.901213657699608,Summer,CHARGE_PRIORITY
649.0,luxury_house,4.443156299248453,18.0,3.9988406693236076,14.001159330676392,0.0,13.556843700751546,Summer,CHARGE_PRIORITY
649.0,small_family,3.9886696945089386,6.5,3.2703340996939105,3.2296659003060895,0.0,2.5113303054910614,Summer,CHARGE_PRIORITY
650.0,apartment,6.835089690258733,3.6399999999999997,3.0981952570410574,0.5418047429589424,0.0,-3.195089690258733,Summer,CHARGE_PRIORITY
650.0,family_house,8.072795301143957,10.08,6.162896884789759,3.9171031152102413,0.0,2.007204698856042,Summer,CHARGE_PRIORITY
650.0,luxury_house,8.58351883936608,18.0,7.283271100785119,10.71672889921488,0.0,9.41648116063392,Summer,CHARGE_PRIORITY
650.0,small_family,7.705518140925424,6.5,5.213004943765554,1.2869950562344457,0.0,-1.2055181409254236,Summer,CHARGE_PRIORITY
651.0,apartment,9.66627654000042,3.6399999999999997,3.5340181339535914,0.10598186604640839,0.0,-6.026276540000421,Summer,CHARGE_PRIORITY
651.0,family_house,11.416656601139582,10.08,7.9553517756585155,2.1246482243414846,0.0,-1.3366566011395822,Summer,CHARGE_PRIORITY
651.0,luxury_house,12.138928755516481,18.0,9.678780425610697,8.321219574389303,0.0,5.861071244483519,Summer,CHARGE_PRIORITY
651.0,small_family,10.897248260008656,6.5,6.108766429339205,0.3912335706607952,0.0,-4.397248260008656,Summer,CHARGE_PRIORITY
652.0,apartment,11.838722617818348,3.6399999999999997,3.6088837562799734,0.031116243720026054,0.0,-8.198722617818348,Summer,CHARGE_PRIORITY
652.0,family_house,13.98249162068463,10.08,9.066017274317817,1.0139827256821827,0.0,-3.9024916206846316,Summer,CHARGE_PRIORITY
652.0,luxury_house,14.867090737506695,18.0,11.516919380504618,6.483080619495383,0.0,3.132909262493306,Summer,CHARGE_PRIORITY
652.0,small_family,13.346348918726514,6.5,6.361811267911612,0.1381887320883876,0.0,-6.846348918726514,Summer,CHARGE_PRIORITY
653.0,apartment,13.204379313646118,3.6399999999999997,3.637593759818273,0.00240624018172636,0.0,-9.564379313646118,Summer,CHARGE_PRIORITY
653.0,family_house,15.425607937093458,10.08,9.616087761383456,0.4639122386165432,0.0,-5.345607937093458,Summer,CHARGE_PRIORITY
653.0,luxury_house,16.413802037065683,18.0,12.672421833359115,5.327578166640886,0.0,1.5861979629343175,Summer,CHARGE_PRIORITY
653.0,small_family,14.885917954517591,6.5,6.4511098997190155,0.04889010028098428,0.0,-8.385917954517591,Summer,CHARGE_PRIORITY
654.0,apartment,13.670179380517467,3.6399999999999997,3.6399999999999997,0.0,1.5634126514418833,-10.030179380517469,Summer,CHARGE_PRIORITY
654.0,family_house,15.828659743977243,10.08,9.76728749911532,0.3127125008846797,0.0,-5.748659743977244,Summer,CHARGE_PRIORITY
654.0,luxury_house,16.85171355730027,18.0,13.044830866536984,4.955169133463016,0.0,1.148286442699732,Summer,CHARGE_PRIORITY
654.0,small_family,15.41103628185085,6.5,6.467023333926278,0.032976666073721794,0.0,-8.91103628185085,Summer,CHARGE_PRIORITY
655.0,apartment,13.20437931364612,3.6399999999999997,3.6399999999999997,0.0,4.078339007948891,-9.56437931364612,Summer,CHARGE_PRIORITY
655.0,family_house,15.425607937093458,10.08,9.62631492109453,0.4536850789054706,1.3966227544221503,-5.345607937093458,Summer,CHARGE_PRIORITY
655.0,luxury_house,16.413802037065683,18.0,12.69413316839237,5.30586683160763,0.0,1.5861979629343175,Summer,CHARGE_PRIORITY
655.0,small_family,14.885917954517595,6.5,6.4511098997190155,0.04889010028098417,1.0682076537781413,-8.385917954517595,Summer,CHARGE_PRIORITY
656.0,apartment,11.838722617818348,3.6399999999999997,3.6138637234685835,0.026136276531416147,4.52308367681856,-8.198722617818348,Summer,CHARGE_PRIORITY
656.0,family_house,13.982491620684634,10.08,9.129793950439801,0.9502060495601979,2.898571789678005,-3.9024916206846343,Summer,CHARGE_PRIORITY
656.0,luxury_house,14.867090737506697,18.0,11.516919380504618,6.483080619495382,0.0,3.1329092624933033,Summer,CHARGE_PRIORITY
656.0,small_family,13.346348918726516,6.5,6.404454071340259,0.09554592865974015,3.9055867439449425,-6.846348918726517,Summer,CHARGE_PRIORITY
657.0,apartment,9.66627654000042,3.6399999999999997,3.5632127360510477,0.07678726394895177,4.090191643267091,-6.026276540000421,Summer,CHARGE_PRIORITY
657.0,family_house,11.416656601139582,10.08,8.17308646721575,1.906913532784249,2.212531083824941,-1.3366566011395822,Summer,CHARGE_PRIORITY
657.0,luxury_house,12.138928755516481,18.0,9.678780425610697,8.321219574389303,0.0,5.861071244483519,Summer,CHARGE_PRIORITY
657.0,small_family,10.897248260008656,6.5,6.209365088842083,0.29063491115791734,3.005394803875422,-4.397248260008656,Summer,CHARGE_PRIORITY
658.0,apartment,6.835089690258738,3.6399999999999997,3.5036931036851677,0.13630689631483175,3.1468408636411214,-3.1950896902587385,Summer,CHARGE_PRIORITY
658.0,family_house,8.072795301143964,10.08,6.865652879332545,3.2143471206674543,1.3184654291553386,2.0072046988560355,Summer,CHARGE_PRIORITY
658.0,luxury_house,8.583518839366088,18.0,7.283271100785124,10.716728899214877,0.0,9.416481160633912,Summer,CHARGE_PRIORITY
658.0,small_family,7.705518140925429,6.5,5.997566967519423,0.5024330324805775,1.8322418271496739,-1.2055181409254296,Summer,CHARGE_PRIORITY
659.0,apartment,3.538102773645704,3.6399999999999997,3.434381023767225,0.20561897623277442,1.107392629131885,0.10189722635429596,Summer,CHARGE_PRIORITY
659.0,family_house,4.178786342300397,10.08,5.034205778265247,5.045794221734752,0.2773039225215751,5.9012136576996035,Summer,CHARGE_PRIORITY
659.0,luxury_house,4.443156299248458,18.0,4.493641407748421,13.50635859225158,0.0,13.556843700751543,Summer,CHARGE_PRIORITY
659.0,small_family,3.9886696945089435,6.5,5.45055012134429,1.04944987865571,0.4660762504045952,2.5113303054910565,Summer,CHARGE_PRIORITY
660.0,apartment,1.6741141422120864e-15,3.6399999999999997,2.8287798039754217,0.8112201960245777,0.0,3.639999999999998,Summer,CHARGE_PRIORITY
660.0,family_house,1.9772645851435487e-15,10.08,2.520000000000001,7.559999999999999,0.0,10.079999999999998,Summer,CHARGE_PRIORITY
660.0,luxury_house,2.1023557744101353e-15,18.0,1.5000000000000013,16.5,0.0,17.999999999999996,Summer,CHARGE_PRIORITY
660.0,small_family,1.887307625411237e-15,6.5,4.6532226051701935,1.8467773948298065,0.0,6.499999999999998,Summer,CHARGE_PRIORITY
661.0,apartment,0.0,3.6399999999999997,2.258300016610053,1.3816999833899466,0.0,3.6399999999999997,Summer,CHARGE_PRIORITY
661.0,family_house,0.0,10.08,2.1608133045094124,7.919186695490588,0.0,10.08,Summer,CHARGE_PRIORITY
661.0,luxury_house,0.0,18.0,1.5,16.5,0.0,18.0,Summer,CHARGE_PRIORITY
661.0,small_family,0.0,6.5,3.366959583345547,3.133040416654453,0.0,6.5,Summer,CHARGE_PRIORITY
662.0,apartment,0.0,3.6399999999999997,2.1371205981086687,1.502879401891331,0.0,3.6399999999999997,Summer,CHARGE_PRIORITY
662.0,family_house,0.0,10.08,1.68,8.4,0.0,10.08,Summer,CHARGE_PRIORITY
662.0,luxury_house,0.0,18.0,1.5,16.5,0.0,18.0,Summer,CHARGE_PRIORITY
662.0,small_family,0.0,6.5,3.0,3.5,0.0,6.5,Summer,CHARGE_PRIORITY
663.0,apartment,0.0,3.6399999999999997,1.832371115482185,1.8076288845178148,0.0,3.6399999999999997,Summer,CHARGE_PRIORITY
663.0,family_house,0.0,10.08,1.68,8.4,0.0,10.08,Summer,CHARGE_PRIORITY
663.0,luxury_house,0.0,18.0,1.5,16.5,0.0,18.0,Summer,CHARGE_PRIORITY
663.0,small_family,0.0,6.5,2.720108386555058,3.779891613444942,0.0,6.5,Summer,CHARGE_PRIORITY
664.0,apartment,0.0,3.6399999999999997,1.6799999999999997,1.9599999999999997,0.0,3.6399999999999997,Summer,CHARGE_PRIORITY
664.0,family_house,0.0,10.08,1.269989134584328,8.810010865415672,0.0,10.08,Summer,CHARGE_PRIORITY
664.0,luxury_house,0.0,18.0,1.5,16.5,0.0,18.0,Summer,CHARGE_PRIORITY
664.0,small_family,0.0,6.5,2.2921646902192196,4.207835309780781,0.0,6.5,Summer,CHARGE_PRIORITY
665.0,apartment,0.0,3.6399999999999997,1.6799999999999997,1.9599999999999997,0.0,3.6399999999999997,Summer,CHARGE_PRIORITY
665.0,family_house,0.0,10.08,0.84,9.24,0.0,10.08,Summer,CHARGE_PRIORITY
665.0,luxury_house,0.0,18.0,1.5,16.5,0.0,18.0,Summer,CHARGE_PRIORITY
665.0,small_family,0.0,6.5,2.0,4.5,0.0,6.5,Summer,CHARGE_PRIORITY
666.0,apartment,0.0,25.903698015391857,11.437486970560105,14.466211044831752,0.0,25.903698015391857,Summer,CHARGE_PRIORITY
666.0,family_house,0.0,29.341259486857243,3.2296012789230195,26.111658207934223,0.0,29.341259486857243,Summer,CHARGE_PRIORITY
666.0,luxury_house,0.0,32.305342581362055,2.458463278486507,29.846879302875546,0.0,32.305342581362055,Summer,CHARGE_PRIORITY
666.0,small_family,0.0,31.0185209645998,5.568336643432106,25.450184321167697,0.0,31.0185209645998,Summer,CHARGE_PRIORITY
667.0,apartment,0.0,24.51872729978906,8.626549604440317,15.89217769534874,0.0,24.51872729978906,Summer,CHARGE_PRIORITY
667.0,family_house,0.0,23.244686235189384,2.1372587722667107,21.107427462922676,0.0,23.244686235189384,Summer,CHARGE_PRIORITY
667.0,luxury_house,0.0,35.71053247641114,1.4499631675884816,34.26056930882266,0.0,35.71053247641114,Summer,CHARGE_PRIORITY
667.0,small_family,0.0,29.480025898235162,4.043627977867883,25.436397920367277,0.0,29.480025898235162,Summer,CHARGE_PRIORITY
668.0,apartment,0.0,22.939149394682218,5.319635823196599,17.61951357148562,0.0,22.939149394682218,Summer,CHARGE_PRIORITY
668.0,family_house,0.0,30.671030705705075,1.0809835089999091,29.590047196705164,0.0,30.671030705705075,Summer,CHARGE_PRIORITY
668.0,luxury_house,0.0,38.90784604645855,0.0,38.90784604645855,0.0,38.90784604645855,Summer,CHARGE_PRIORITY
668.0,small_family,0.0,27.24750431351059,2.789719668060726,24.457784645449863,0.0,27.24750431351059,Summer,CHARGE_PRIORITY
669.0,apartment,0.0,21.837705204288035,1.0500670450995944,20.78763815918844,0.0,21.837705204288035,Summer,CHARGE_PRIORITY
669.0,family_house,0.0,30.75707909796797,1.319380963492302,29.437698134475667,0.0,30.75707909796797,Summer,CHARGE_PRIORITY
669.0,luxury_house,0.0,35.232940137270674,0.0,35.232940137270674,0.0,35.232940137270674,Summer,CHARGE_PRIORITY
669.0,small_family,0.0,23.70760087618676,0.8153306822745766,22.892270193912182,0.0,23.70760087618676,Summer,CHARGE_PRIORITY
670.0,apartment,0.0,3.6399999999999997,0.28,3.3599999999999994,0.0,3.6399999999999997,Summer,CHARGE_PRIORITY
670.0,family_house,0.0,10.08,0.0,10.08,0.0,10.08,Summer,CHARGE_PRIORITY
670.0,luxury_house,0.0,18.0,0.0,18.0,0.0,18.0,Summer,CHARGE_PRIORITY
670.0,small_family,0.0,6.5,0.5,6.0,0.0,6.5,Summer,CHARGE_PRIORITY
671.0,apartment,0.0,3.6399999999999997,0.27999999999999997,3.3599999999999994,0.0,3.6399999999999997,Summer,CHARGE_PRIORITY
671.0,family_house,0.0,10.08,0.0,10.08,0.0,10.08,Summer,CHARGE_PRIORITY
671.0,luxury_house,0.0,18.0,0.0,18.0,0.0,18.0,Summer,CHARGE_PRIORITY
671.0,small_family,0.0,6.5,0.4682750860191465,6.031724913980853,0.0,6.5,Summer,CHARGE_PRIORITY
672.0,apartment,0.0,3.6399999999999997,0.27999999999999997,3.3599999999999994,0.0,3.6399999999999997,Summer,CHARGE_PRIORITY
672.0,family_house,0.0,10.08,0.0,10.08,0.0,10.08,Summer,CHARGE_PRIORITY
672.0,luxury_house,0.0,18.0,0.0,18.0,0.0,18.0,Summer,CHARGE_PRIORITY
672.0,small_family,0.0,6.5,0.0,6.5,0.0,6.5,Summer,CHARGE_PRIORITY
673.0,apartment,3.0988138330396073,3.6399999999999997,2.164625241068426,1.4753747589315735,0.0,0.5411861669603925,Summer,CHARGE_PRIORITY
673.0,family_house,7.402540363076816,10.08,5.9155975586340235,4.164402441365976,0.0,2.677459636923184,Summer,CHARGE_PRIORITY
673.0,luxury_house,6.089877129983614,18.0,5.480889416985252,12.519110583014747,0.0,11.910122870016387,Summer,CHARGE_PRIORITY
673.0,small_family,4.794215074670929,6.5,3.9613668183681456,2.5386331816318544,0.0,1.7057849253290704,Summer,CHARGE_PRIORITY
674.0,apartment,5.986448624389555,3.6399999999999997,3.1767804981569503,0.46321950184304944,0.0,-2.3464486243895553,Summer,CHARGE_PRIORITY
674.0,family_house,14.300609833686305,10.08,8.676644199925315,1.4033558000746842,0.0,-4.220609833686305,Summer,CHARGE_PRIORITY
674.0,luxury_house,11.764739197556642,18.0,9.702869127078035,8.297130872921965,0.0,6.235260802443357,Summer,CHARGE_PRIORITY
674.0,small_family,9.261712314818048,6.5,5.550957643820861,0.9490423561791392,0.0,-2.761712314818049,Summer,CHARGE_PRIORITY
675.0,apartment,8.466116835061468,3.6399999999999997,3.5570963557593918,0.08290364424060775,0.0,-4.826116835061469,Summer,CHARGE_PRIORITY
675.0,family_house,20.224116377005227,10.08,9.638116200120233,0.44188379987976717,0.0,-10.14411637700523,Summer,CHARGE_PRIORITY
675.0,luxury_house,16.637853730966967,18.0,12.21366983410652,5.786330165893481,0.0,1.3621462690330315,Summer,CHARGE_PRIORITY
675.0,small_family,13.098039166413601,6.5,6.168499708886334,0.3315002911136658,0.0,-6.598039166413601,Summer,CHARGE_PRIORITY
676.0,apartment,10.368833174343525,3.6399999999999997,3.6274401940382863,0.012559805961713133,0.0,-6.728833174343524,Summer,CHARGE_PRIORITY
676.0,family_house,23.860543847012853,10.08,9.733056254138313,0.34694374586168564,0.0,-13.780543847012854,Summer,CHARGE_PRIORITY
676.0,luxury_house,20.16757269634266,18.0,13.74263731281142,4.25736268718858,0.0,-2.1675726963426594,Summer,CHARGE_PRIORITY
676.0,small_family,16.04175629435122,6.5,6.382174216229477,0.11782578377052272,0.0,-9.541756294351218,Summer,CHARGE_PRIORITY
677.0,apartment,11.564930668101074,3.6399999999999997,3.6399999999999997,0.0,0.0,-7.924930668101075,Summer,CHARGE_PRIORITY
677.0,family_house,25.6901380188995,10.08,9.789932793662123,0.2900672063378774,0.0,-15.610138018899502,Summer,CHARGE_PRIORITY
677.0,luxury_house,22.032584203142488,18.0,14.28972457984269,3.7102754201573083,0.0,-4.032584203142488,Summer,CHARGE_PRIORITY
677.0,small_family,17.892254241084526,6.5,6.450839848138688,0.04916015186131123,0.0,-11.392254241084528,Summer,CHARGE_PRIORITY
678.0,apartment,11.97289724877911,3.6399999999999997,3.6399999999999997,0.0,1.6607692429280243,-8.332897248779112,Summer,CHARGE_PRIORITY
678.0,family_house,26.31417851913347,10.08,9.809332322104769,0.2706676778952314,0.04363624386490972,-16.23417851913347,Summer,CHARGE_PRIORITY
678.0,luxury_house,22.66870489675256,18.0,14.476325858440873,3.523674141559127,0.0,-4.6687048967525575,Summer,CHARGE_PRIORITY
678.0,small_family,18.5234246296361,6.5,6.466743755957683,0.03325624404231642,0.1981124910793448,-12.0234246296361,Summer,CHARGE_PRIORITY
679.0,apartment,11.564930668101075,3.6399999999999997,3.6399999999999997,0.0,2.400996229949183,-7.9249306681010765,Summer,CHARGE_PRIORITY
679.0,family_house,25.6901380188995,10.08,9.789932793662123,0.2900672063378774,5.833967529542731,-15.610138018899502,Summer,CHARGE_PRIORITY
679.0,luxury_house,22.032584203142488,18.0,14.28972457984269,3.7102754201573083,0.0,-4.032584203142488,Summer,CHARGE_PRIORITY
679.0,small_family,17.89225424108453,6.5,6.450839848138689,0.04916015186131112,2.650207464909029,-11.392254241084531,Summer,CHARGE_PRIORITY
680.0,apartment,10.368833174343525,3.6399999999999997,3.6399999999999997,0.0,2.969204183086631,-6.728833174343524,Summer,CHARGE_PRIORITY
680.0,family_house,23.860543847012856,10.08,9.733056254138313,0.34694374586168564,7.622762449903812,-13.780543847012858,Summer,CHARGE_PRIORITY
680.0,luxury_house,20.167572696342663,18.0,13.74263731281142,4.2573626871885795,0.0,-2.1675726963426625,Summer,CHARGE_PRIORITY
680.0,small_family,16.04175629435122,6.5,6.404211949717118,0.09578805028288156,2.324398745278139,-9.54175629435122,Summer,CHARGE_PRIORITY
681.0,apartment,8.466116835061468,3.6399999999999997,3.631199087681003,0.008800912318996712,2.756433375204049,-4.826116835061469,Summer,CHARGE_PRIORITY
681.0,family_house,20.224116377005227,10.08,9.642578745708965,0.43742125429103434,7.396399652288567,-10.14411637700523,Summer,CHARGE_PRIORITY
681.0,luxury_house,16.637853730966967,18.0,12.872347150490782,5.127652849509217,0.0,1.3621462690330315,Summer,CHARGE_PRIORITY
681.0,small_family,13.098039166413601,6.5,6.316353060337281,0.18364693966271883,2.6782662824494805,-6.598039166413601,Summer,CHARGE_PRIORITY
682.0,apartment,5.986448624389559,3.6399999999999997,3.5144066680201305,0.12559333197986922,2.0237936470903666,-2.3464486243895593,Summer,CHARGE_PRIORITY
682.0,family_house,14.300609833686316,10.08,9.524666161052384,0.5553338389476155,4.491953439089172,-4.220609833686317,Summer,CHARGE_PRIORITY
682.0,luxury_house,11.76473919755665,18.0,11.320131485769203,6.6798685142307965,0.0,6.235260802443349,Summer,CHARGE_PRIORITY
682.0,small_family,9.261712314818055,6.5,6.009323521212236,0.49067647878776377,2.4593740520933487,-2.7617123148180562,Summer,CHARGE_PRIORITY
683.0,apartment,3.098813833039611,3.6399999999999997,3.439926772748864,0.20007322725113558,0.7870080096302466,0.5411861669603888,Summer,CHARGE_PRIORITY
683.0,family_house,7.402540363076824,10.08,9.387354047953156,0.6926459520468429,1.109654186816793,2.6774596369231753,Summer,CHARGE_PRIORITY
683.0,luxury_house,6.08987712998362,18.0,8.135398449828962,9.864601550171038,0.0,11.91012287001638,Summer,CHARGE_PRIORITY
683.0,small_family,4.794215074670935,6.5,5.763645254816809,0.736354745183191,0.6002157080447856,1.7057849253290651,Summer,CHARGE_PRIORITY
684.0,apartment,1.4662570292237489e-15,3.6399999999999997,3.082921338635071,0.5570786613649288,0.0,3.6399999999999983,Summer,CHARGE_PRIORITY
684.0,family_house,3.50263921173582e-15,10.08,8.923179189757745,1.1568208102422548,0.0,10.079999999999997,Summer,CHARGE_PRIORITY
684.0,luxury_house,2.881530040218229e-15,18.0,4.500000000000002,13.499999999999998,0.0,17.999999999999996,Summer,CHARGE_PRIORITY
684.0,small_family,2.2684652681931098e-15,6.5,4.719902809526753,1.7800971904732479,0.0,6.499999999999997,Summer,CHARGE_PRIORITY
685.0,apartment,0.0,3.6399999999999997,2.950862520160068,0.6891374798399319,0.0,3.6399999999999997,Summer,CHARGE_PRIORITY
685.0,family_house,0.0,10.08,6.890201716413838,3.1897982835861614,0.0,10.08,Summer,CHARGE_PRIORITY
685.0,luxury_house,0.0,18.0,4.5,13.5,0.0,18.0,Summer,CHARGE_PRIORITY
685.0,small_family,0.0,6.5,4.5,2.0,0.0,6.5,Summer,CHARGE_PRIORITY
686.0,apartment,0.0,3.6399999999999997,2.211263830482602,1.4287361695173977,0.0,3.6399999999999997,Summer,CHARGE_PRIORITY
686.0,family_house,0.0,10.08,5.939543125553694,4.140456874446305,0.0,10.08,Summer,CHARGE_PRIORITY
686.0,luxury_house,0.0,18.0,3.5715654132652594,14.42843458673474,0.0,18.0,Summer,CHARGE_PRIORITY
686.0,small_family,0.0,6.5,4.019055959076871,2.480944040923129,0.0,6.5,Summer,CHARGE_PRIORITY
687.0,apartment,0.0,3.6399999999999997,1.920349023109107,1.7196509768908927,0.0,3.6399999999999997,Summer,CHARGE_PRIORITY
687.0,family_house,0.0,10.08,5.88,4.2,0.0,10.08,Summer,CHARGE_PRIORITY
687.0,luxury_house,0.0,18.0,3.0,15.0,0.0,18.0,Summer,CHARGE_PRIORITY
687.0,small_family,0.0,6.5,3.8929385424571192,2.6070614575428808,0.0,6.5,Summer,CHARGE_PRIORITY
688.0,apartment,0.0,3.6399999999999997,1.4,2.2399999999999998,0.0,3.6399999999999997,Summer,CHARGE_PRIORITY
688.0,family_house,0.0,10.08,5.88,4.2,0.0,10.08,Summer,CHARGE_PRIORITY
688.0,luxury_house,0.0,18.0,3.0,15.0,0.0,18.0,Summer,CHARGE_PRIORITY
688.0,small_family,0.0,6.5,3.5,3.0,0.0,6.5,Summer,CHARGE_PRIORITY
689.0,apartment,0.0,3.6399999999999997,1.4,2.2399999999999998,0.0,3.6399999999999997,Summer,CHARGE_PRIORITY
689.0,family_house,0.0,10.08,5.065325881028273,5.014674118971726,0.0,10.08,Summer,CHARGE_PRIORITY
689.0,luxury_house,0.0,18.0,3.0,15.0,0.0,18.0,Summer,CHARGE_PRIORITY
689.0,small_family,0.0,6.5,3.4989533948183427,3.0010466051816573,0.0,6.5,Summer,CHARGE_PRIORITY
690.0,apartment,0.0,20.605700434332675,6.633550574313369,13.972149860019305,0.0,20.605700434332675,Summer,CHARGE_PRIORITY
690.0,family_house,0.0,26.313669047264288,8.280238493277254,18.033430553987035,0.0,26.313669047264288,Summer,CHARGE_PRIORITY
690.0,luxury_house,0.0,37.60845184281536,4.2880976651300955,33.32035417768527,0.0,37.60845184281536,Summer,CHARGE_PRIORITY
690.0,small_family,0.0,29.18251447948771,9.170327692543374,20.012186786944337,0.0,29.18251447948771,Summer,CHARGE_PRIORITY
691.0,apartment,0.0,20.62735097563347,4.8982452305883,15.729105745045167,0.0,20.62735097563347,Summer,CHARGE_PRIORITY
691.0,family_house,0.0,27.74545927869688,6.669534229908602,21.075925048788278,0.0,27.74545927869688,Summer,CHARGE_PRIORITY
691.0,luxury_house,0.0,40.28923871841597,1.5075764104590195,38.78166230795695,0.0,40.28923871841597,Summer,CHARGE_PRIORITY
691.0,small_family,0.0,29.156646157940575,8.08953072542872,21.067115432511855,0.0,29.156646157940575,Summer,CHARGE_PRIORITY
692.0,apartment,0.0,16.743110701075018,3.0102269637566246,13.732883737318392,0.0,16.743110701075018,Summer,CHARGE_PRIORITY
692.0,family_house,0.0,32.013989979959234,7.185167695869225,24.82882228409001,0.0,32.013989979959234,Summer,CHARGE_PRIORITY
692.0,luxury_house,0.0,38.596886924055305,0.8149683346013586,37.781918589453944,0.0,38.596886924055305,Summer,CHARGE_PRIORITY
692.0,small_family,0.0,26.611727835196834,7.229338235542807,19.38238959965403,0.0,26.611727835196834,Summer,CHARGE_PRIORITY
693.0,apartment,0.0,26.682269566695478,4.365316104125136,22.316953462570343,0.0,26.682269566695478,Summer,CHARGE_PRIORITY
693.0,family_house,0.0,26.987455124098435,3.4413311220405234,23.546124002057912,0.0,26.987455124098435,Summer,CHARGE_PRIORITY
693.0,luxury_house,0.0,34.549866143482475,0.0,34.549866143482475,0.0,34.549866143482475,Summer,CHARGE_PRIORITY
693.0,small_family,0.0,25.543563116011924,2.964012897629945,22.57955021838198,0.0,25.543563116011924,Summer,CHARGE_PRIORITY
694.0,apartment,0.0,3.6399999999999997,0.27999999999999997,3.3599999999999994,0.0,3.6399999999999997,Summer,CHARGE_PRIORITY
694.0,family_house,0.0,10.08,0.0,10.08,0.0,10.08,Summer,CHARGE_PRIORITY
694.0,luxury_house,0.0,18.0,0.0,18.0,0.0,18.0,Summer,CHARGE_PRIORITY
694.0,small_family,0.0,6.5,0.0,6.5,0.0,6.5,Summer,CHARGE_PRIORITY
695.0,apartment,0.0,3.6399999999999997,0.27999999999999997,3.3599999999999994,0.0,3.6399999999999997,Summer,CHARGE_PRIORITY
695.0,family_house,0.0,10.08,0.0,10.08,0.0,10.08,Summer,CHARGE_PRIORITY
695.0,luxury_house,0.0,18.0,0.0,18.0,0.0,18.0,Summer,CHARGE_PRIORITY
695.0,small_family,0.0,6.5,0.0,6.5,0.0,6.5,Summer,CHARGE_PRIORITY
696.0,apartment,0.0,3.6399999999999997,0.27999999999999997,3.3599999999999994,0.0,3.6399999999999997,Summer,CHARGE_PRIORITY
696.0,family_house,0.0,10.08,0.0,10.08,0.0,10.08,Summer,CHARGE_PRIORITY
696.0,luxury_house,0.0,18.0,0.0,18.0,0.0,18.0,Summer,CHARGE_PRIORITY
696.0,small_family,0.0,6.5,0.0,6.5,0.0,6.5,Summer,CHARGE_PRIORITY
697.0,apartment,1.9774705867350915,3.6399999999999997,1.8831981648826344,1.7568018351173653,0.0,1.662529413264908,Summer,CHARGE_PRIORITY
697.0,family_house,5.712136052965849,10.08,4.714067074726756,5.365932925273243,0.0,4.3678639470341505,Summer,CHARGE_PRIORITY
697.0,luxury_house,5.62486014417728,18.0,5.062374129759551,12.93762587024045,0.0,12.37513985582272,Summer,CHARGE_PRIORITY
697.0,small_family,3.4203509544007717,6.5,2.8813987821824485,3.6186012178175515,0.0,3.0796490455992283,Summer,CHARGE_PRIORITY
698.0,apartment,3.820179820908844,3.6399999999999997,2.8262736414669156,0.8137263585330841,0.0,-0.18017982090884424,Summer,CHARGE_PRIORITY
698.0,family_house,11.03499947367323,10.08,8.043296545714982,2.0367034542850178,0.0,-0.9549994736732297,Summer,CHARGE_PRIORITY
698.0,luxury_house,10.866395365049772,18.0,8.884951442595202,9.115048557404798,0.0,7.133604634950228,Summer,CHARGE_PRIORITY
698.0,small_family,6.292489988028838,6.5,4.486775173007712,2.0132248269922877,0.0,0.20751001197116226,Summer,CHARGE_PRIORITY
699.0,apartment,5.40255011343331,3.6399999999999997,3.3844855362067037,0.2555144637932959,0.0,-1.76255011343331,Summer,CHARGE_PRIORITY
699.0,family_house,15.60584591644865,10.08,9.190319817139228,0.8896801828607724,0.0,-5.525845916448651,Summer,CHARGE_PRIORITY
699.0,luxury_house,15.367403699361528,18.0,11.58078276334253,6.41921723665747,0.0,2.632596300638471,Summer,CHARGE_PRIORITY
699.0,small_family,8.8989246821673,6.5,5.347211874070446,1.152788125929554,0.0,-2.3989246821672996,Summer,CHARGE_PRIORITY
700.0,apartment,6.616745543863493,3.6399999999999997,3.58807340323257,0.05192659676742972,0.0,-2.9767455438634935,Summer,CHARGE_PRIORITY
700.0,family_house,18.40320119903453,10.08,9.765673638758166,0.3143263612418342,0.0,-8.32320119903453,Summer,CHARGE_PRIORITY
700.0,luxury_house,18.212345677782185,18.0,13.03283997297013,4.96716002702987,0.0,-0.21234567778218683,Summer,CHARGE_PRIORITY
700.0,small_family,10.898912365384424,6.5,5.761021571423937,0.7389784285760632,0.0,-4.398912365384424,Summer,CHARGE_PRIORITY
701.0,apartment,7.3800207001684,3.6399999999999997,3.625999590215495,0.014000409784504675,0.0,-3.7400207001684005,Summer,CHARGE_PRIORITY
701.0,family_house,20.064683505344437,10.08,9.939162237687169,0.14083776231283007,0.0,-9.984683505344437,Summer,CHARGE_PRIORITY
701.0,luxury_house,19.851811831763154,18.0,13.796852596432103,4.203147403567897,0.0,-1.8518118317631531,Summer,CHARGE_PRIORITY
701.0,small_family,12.15615718220489,6.5,5.890973625999991,0.6090263740000086,0.0,-5.65615718220489,Summer,CHARGE_PRIORITY
702.0,apartment,7.640359641817689,3.6399999999999997,3.635383039748945,0.004616960251054736,0.0,-4.000359641817689,Summer,CHARGE_PRIORITY
702.0,family_house,20.631384178909855,10.08,9.963826010919739,0.11617398908026,0.23568971086399093,-10.551384178909855,Summer,CHARGE_PRIORITY
702.0,luxury_house,20.41100320576712,18.0,14.018981504639543,3.981018495360458,0.0,-2.41100320576712,Summer,CHARGE_PRIORITY
702.0,small_family,12.584979976057678,6.5,5.9155967766955,0.5844032233045,0.0,-6.084979976057679,Summer,CHARGE_PRIORITY
703.0,apartment,7.3800207001684015,3.6399999999999997,3.625999590215495,0.01400040978450462,0.0,-3.740020700168402,Summer,CHARGE_PRIORITY
703.0,family_house,20.064683505344437,10.08,9.939162237687169,0.14083776231283007,3.16,-9.984683505344437,Summer,CHARGE_PRIORITY
703.0,luxury_house,19.851811831763154,18.0,13.796852596432103,4.203147403567897,0.0,-1.8518118317631531,Summer,CHARGE_PRIORITY
703.0,small_family,12.156157182204893,6.5,5.897780621675885,0.6022193783241152,1.3743422720626304,-5.656157182204892,Summer,CHARGE_PRIORITY
704.0,apartment,6.616745543863493,3.6399999999999997,3.5984887081939663,0.04151129180603352,0.0,-2.9767455438634935,Summer,CHARGE_PRIORITY
704.0,family_house,18.403201199034534,10.08,9.866851713376446,0.21314828662355267,3.16,-8.323201199034532,Summer,CHARGE_PRIORITY
704.0,luxury_house,18.21234567778219,18.0,13.145603589818748,4.854396410181253,0.0,-0.21234567778218882,Summer,CHARGE_PRIORITY
704.0,small_family,10.898912365384426,6.5,5.798825099420225,0.7011749005797747,2.0910333203479845,-4.398912365384426,Summer,CHARGE_PRIORITY
705.0,apartment,5.40255011343331,3.6399999999999997,3.5547252148302433,0.0852747851697562,0.0,-1.76255011343331,Summer,CHARGE_PRIORITY
705.0,family_house,15.60584591644865,10.08,9.564707520728145,0.5152924792718536,3.0056813830228313,-5.525845916448651,Summer,CHARGE_PRIORITY
705.0,luxury_house,15.367403699361528,18.0,11.825891044829259,6.174108955170741,0.0,2.632596300638471,Summer,CHARGE_PRIORITY
705.0,small_family,8.8989246821673,6.5,5.558506640283739,0.9414933597162607,1.6155698471339428,-2.3989246821672996,Summer,CHARGE_PRIORITY
706.0,apartment,3.8201798209088467,3.6399999999999997,3.375690899133635,0.2643091008663646,0.0,-0.18017982090884696,Summer,CHARGE_PRIORITY
706.0,family_house,11.034999473673238,10.08,8.658177793475614,1.4218222065243848,1.879307384218306,-0.9549994736732383,Summer,CHARGE_PRIORITY
706.0,luxury_house,10.86639536504978,18.0,10.060412051561867,7.939587948438132,0.0,7.13360463495022,Summer,CHARGE_PRIORITY
706.0,small_family,6.2924899880288425,6.5,5.014438896489568,1.4855611035104324,0.9959337849821994,0.20751001197115715,Summer,CHARGE_PRIORITY
707.0,apartment,1.9774705867350937,3.6399999999999997,3.135775165212143,0.5042248347878566,0.0,1.6625294132649058,Summer,CHARGE_PRIORITY
707.0,family_house,5.712136052965856,10.08,7.6306731111969475,2.4493268888030526,0.5676170810472315,4.367863947034144,Summer,CHARGE_PRIORITY
707.0,luxury_house,5.624860144177285,18.0,7.705067317419301,10.294932682580699,0.0,12.375139855822715,Summer,CHARGE_PRIORITY
707.0,small_family,3.2572325000375963,6.5,4.1761264720820455,2.3238735279179545,0.2743523075313854,3.2427674999624037,Summer,CHARGE_PRIORITY
708.0,apartment,9.35674197968665e-16,3.6399999999999997,1.7558556986610536,1.8841443013389458,0.0,3.639999999999999,Summer,CHARGE_PRIORITY
708.0,family_house,2.70279535680533e-15,10.08,6.28855183996083,3.79144816003917,0.0,10.079999999999997,Summer,CHARGE_PRIORITY
708.0,luxury_house,2.6614992604155677e-15,18.0,4.155205158297317,13.844794841702683,0.0,17.999999999999996,Summer,CHARGE_PRIORITY
708.0,small_family,1.541215544501257e-15,6.5,3.4478245860202015,3.0521754139797985,0.0,6.499999999999998,Summer,CHARGE_PRIORITY
709.0,apartment,0.0,3.6399999999999997,1.6222037050917173,2.0177962949082824,0.0,3.6399999999999997,Summer,CHARGE_PRIORITY
709.0,family_house,0.0,10.08,5.88,4.2,0.0,10.08,Summer,CHARGE_PRIORITY
709.0,luxury_house,0.0,18.0,3.0,15.0,0.0,18.0,Summer,CHARGE_PRIORITY
709.0,small_family,0.0,6.5,2.8477244250883462,3.6522755749116538,0.0,6.5,Summer,CHARGE_PRIORITY
710.0,apartment,0.0,3.6399999999999997,1.4,2.2399999999999998,0.0,3.6399999999999997,Summer,CHARGE_PRIORITY
710.0,family_house,0.0,10.08,5.88,4.2,0.0,10.08,Summer,CHARGE_PRIORITY
710.0,luxury_house,0.0,18.0,2.862378385396055,15.137621614603946,0.0,18.0,Summer,CHARGE_PRIORITY
710.0,small_family,0.0,6.5,2.390693909473631,4.109306090526369,0.0,6.5,Summer,CHARGE_PRIORITY
711.0,apartment,0.0,3.6399999999999997,1.4,2.2399999999999998,0.0,3.6399999999999997,Summer,CHARGE_PRIORITY
711.0,family_house,0.0,10.08,4.899554975801719,5.1804450241982805,0.0,10.08,Summer,CHARGE_PRIORITY
711.0,luxury_house,0.0,18.0,1.5,16.5,0.0,18.0,Summer,CHARGE_PRIORITY
711.0,small_family,0.0,6.5,2.0,4.5,0.0,6.5,Summer,CHARGE_PRIORITY
712.0,apartment,0.0,3.6399999999999997,1.3599525124099054,2.2800474875900942,0.0,3.6399999999999997,Summer,CHARGE_PRIORITY
712.0,family_house,0.0,10.08,3.064229701430267,7.015770298569732,0.0,10.08,Summer,CHARGE_PRIORITY
712.0,luxury_house,0.0,18.0,1.5,16.5,0.0,18.0,Summer,CHARGE_PRIORITY
712.0,small_family,0.0,6.5,1.794051340158647,4.7059486598413525,0.0,6.5,Summer,CHARGE_PRIORITY
713.0,apartment,0.0,3.6399999999999997,1.1199999999999999,2.5199999999999996,0.0,3.6399999999999997,Summer,CHARGE_PRIORITY
713.0,family_house,0.0,10.08,1.68,8.4,0.0,10.08,Summer,CHARGE_PRIORITY
713.0,luxury_house,0.0,18.0,1.5,16.5,0.0,18.0,Summer,CHARGE_PRIORITY
713.0,small_family,0.0,6.5,1.5,5.0,0.0,6.5,Summer,CHARGE_PRIORITY
714.0,apartment,0.0,22.182646233543483,5.323216090438905,16.85943014310458,0.0,22.182646233543483,Summer,CHARGE_PRIORITY
714.0,family_house,0.0,32.36500201676224,5.760063893968077,26.60493812279416,0.0,32.36500201676224,Summer,CHARGE_PRIORITY
714.0,luxury_house,0.0,39.284908092595884,2.274881226346305,37.01002686624958,0.0,39.284908092595884,Summer,CHARGE_PRIORITY
714.0,small_family,0.0,28.225190913036386,6.2647209992355215,21.960469913800864,0.0,28.225190913036386,Summer,CHARGE_PRIORITY
715.0,apartment,0.0,24.067256792246955,2.5144891760731127,21.552767616173842,0.0,24.067256792246955,Summer,CHARGE_PRIORITY
715.0,family_house,0.0,32.30865992649757,0.9075121476238847,31.401147778873685,0.0,32.30865992649757,Summer,CHARGE_PRIORITY
715.0,luxury_house,0.0,36.69482231878726,3.5533553082263296,33.14146701056093,0.0,36.69482231878726,Summer,CHARGE_PRIORITY
715.0,small_family,0.0,27.0108718198447,2.390886478835027,24.619985341009674,0.0,27.0108718198447,Summer,CHARGE_PRIORITY
716.0,apartment,0.0,27.560356312302524,0.0,27.560356312302524,0.0,27.560356312302524,Summer,CHARGE_PRIORITY
716.0,family_house,0.0,32.46966606593492,2.210493690717948,30.259172375216973,0.0,32.46966606593492,Summer,CHARGE_PRIORITY
716.0,luxury_house,0.0,40.91896056697049,1.059812043364707,39.85914852360578,0.0,40.91896056697049,Summer,CHARGE_PRIORITY
716.0,small_family,0.0,24.865886483094066,1.349313028465066,23.516573454628997,0.0,24.865886483094066,Summer,CHARGE_PRIORITY
717.0,apartment,0.0,20.12967292673868,0.0,20.12967292673868,0.0,20.12967292673868,Summer,CHARGE_PRIORITY
717.0,family_house,0.0,23.84352522700389,0.9019892048910311,22.94153602211286,0.0,23.84352522700389,Summer,CHARGE_PRIORITY
717.0,luxury_house,0.0,34.137345869517006,2.1065000811460205e-16,34.137345869517006,0.0,34.137345869517006,Summer,CHARGE_PRIORITY
717.0,small_family,0.0,21.276710467802722,0.0,21.276710467802722,0.0,21.276710467802722,Summer,CHARGE_PRIORITY
718.0,apartment,0.0,3.6399999999999997,0.0,3.6399999999999997,0.0,3.6399999999999997,Summer,CHARGE_PRIORITY
718.0,family_house,0.0,10.08,0.84,9.24,0.0,10.08,Summer,CHARGE_PRIORITY
718.0,luxury_house,0.0,18.0,0.0,18.0,0.0,18.0,Summer,CHARGE_PRIORITY
718.0,small_family,0.0,6.5,0.0,6.5,0.0,6.5,Summer,CHARGE_PRIORITY
719.0,apartment,0.0,3.6399999999999997,0.0,3.6399999999999997,0.0,3.6399999999999997,Summer,CHARGE_PRIORITY
719.0,family_house,0.0,10.08,0.15402566741769166,9.925974332582308,0.0,10.08,Summer,CHARGE_PRIORITY
719.0,luxury_house,0.0,18.0,0.0,18.0,0.0,18.0,Summer,CHARGE_PRIORITY
719.0,small_family,0.0,6.5,0.0,6.5,0.0,6.5,Summer,CHARGE_PRIORITY
