time,household_type,generation_kwh,load_kwh,self_consumed_kwh,grid_import,grid_export,net_load_kwh,season,strategy
0.0,apartment,0.0,3.6399999999999997,3.6399999999999997,0.0,0.0,3.6399999999999997,Spring,PRODUCE_PRIORITY
0.0,family_house,0.0,10.08,10.08,0.0,0.0,10.08,Spring,PRODUCE_PRIORITY
0.0,luxury_house,0.0,18.0,18.0,0.0,0.0,18.0,Spring,PRODUCE_PRIORITY
0.0,small_family,0.0,6.5,6.5,0.0,0.0,6.5,Spring,PRODUCE_PRIORITY
1.0,apartment,3.008700299626798,3.6399999999999997,3.6399999999999997,0.0,3.008700299626798,0.6312997003732016,Spring,PRODUCE_PRIORITY
1.0,family_house,6.610219793768083,10.08,10.08,0.0,6.610219793768083,3.469780206231917,Spring,PRODUCE_PRIORITY
1.0,luxury_house,7.044957405460204,18.0,18.0,0.0,7.044957405460204,10.955042594539796,Spring,PRODUCE_PRIORITY
1.0,small_family,8.845718998036533,6.5,6.5,0.0,8.845718998036533,-2.345718998036533,Spring,PRODUCE_PRIORITY
2.0,apartment,5.812362645946364,3.6399999999999997,3.6399999999999997,0.0,5.812362645946364,-2.172362645946364,Spring,PRODUCE_PRIORITY
2.0,family_house,12.76996403249558,10.08,10.08,0.0,12.76996403249558,-2.6899640324955794,Spring,PRODUCE_PRIORITY
2.0,luxury_house,13.609812606080878,18.0,18.0,0.0,13.609812606080878,4.390187393919123,Spring,PRODUCE_PRIORITY
2.0,small_family,17.088616864598695,6.5,6.5,0.0,17.088616864598695,-10.588616864598693,Spring,PRODUCE_PRIORITY
3.0,apartment,8.219922083328118,3.6399999999999997,3.6399999999999997,0.0,8.219922083328118,-4.579922083328118,Spring,PRODUCE_PRIORITY
3.0,family_house,18.059456325771873,10.08,10.08,0.0,18.059456325771873,-7.9794563257718725,Spring,PRODUCE_PRIORITY
3.0,luxury_house,19.206495619959398,18.0,18.0,0.0,19.206495619959398,-1.2064956199593992,Spring,PRODUCE_PRIORITY
3.0,small_family,24.16695373211308,6.5,6.5,0.0,24.16695373211308,-17.66695373211308,Spring,PRODUCE_PRIORITY
4.0,apartment,10.067307414794577,3.6399999999999997,3.6399999999999997,0.0,10.067307414794577,-6.427307414794578,Spring,PRODUCE_PRIORITY
4.0,family_house,22.118226515109487,10.08,10.08,0.0,22.118226515109487,-12.03822651510949,Spring,PRODUCE_PRIORITY
4.0,luxury_house,22.62407752238394,18.0,18.0,0.0,22.62407752238394,-4.624077522383937,Spring,PRODUCE_PRIORITY
4.0,small_family,29.598352640563306,6.5,6.5,0.0,29.598352640563306,-23.098352640563306,Spring,PRODUCE_PRIORITY
5.0,apartment,11.228622382954914,3.6399999999999997,3.6399999999999997,0.0,11.228622382954914,-7.588622382954914,Spring,PRODUCE_PRIORITY
5.0,family_house,24.66967611953995,10.08,10.08,0.0,24.66967611953995,-14.589676119539952,Spring,PRODUCE_PRIORITY
5.0,luxury_house,24.505128516437832,18.0,12.457796189455474,5.542203810544526,24.505128516437832,-6.505128516437832,Spring,PRODUCE_PRIORITY
5.0,small_family,32.934894663302615,6.5,6.5,0.0,32.934894663302615,-26.434894663302615,Spring,PRODUCE_PRIORITY
6.0,apartment,11.62472529189273,3.6399999999999997,3.6399999999999997,0.0,11.62472529189273,-7.98472529189273,Spring,PRODUCE_PRIORITY
6.0,family_house,25.539928064991162,10.08,10.08,0.0,25.539928064991162,-15.459928064991162,Spring,PRODUCE_PRIORITY
6.0,luxury_house,25.0873664076753,18.0,0.0,18.0,25.0873664076753,-7.087366407675301,Spring,PRODUCE_PRIORITY
6.0,small_family,33.89786253455094,6.5,6.5,0.0,33.89786253455094,-27.397862534550942,Spring,PRODUCE_PRIORITY
7.0,apartment,11.228622382954917,3.6399999999999997,3.6399999999999997,0.0,11.228622382954917,-7.588622382954917,Spring,PRODUCE_PRIORITY
7.0,family_house,24.66967611953995,10.08,6.283347142091618,3.7966528579083825,24.66967611953995,-14.589676119539952,Spring,PRODUCE_PRIORITY
7.0,luxury_house,24.505128516437832,18.0,0.0,18.0,24.505128516437832,-6.505128516437832,Spring,PRODUCE_PRIORITY
7.0,small_family,32.934894663302615,6.5,6.5,0.0,32.934894663302615,-26.434894663302618,Spring,PRODUCE_PRIORITY
8.0,apartment,10.067307414794577,3.6399999999999997,3.6399999999999997,0.0,10.067307414794577,-6.427307414794578,Spring,PRODUCE_PRIORITY
8.0,family_house,22.11822651510949,10.08,0.0,10.08,22.11822651510949,-12.038226515109493,Spring,PRODUCE_PRIORITY
8.0,luxury_house,22.62407752238394,18.0,0.0,18.0,22.62407752238394,-4.624077522383939,Spring,PRODUCE_PRIORITY
8.0,small_family,29.59835264056331,6.5,6.5,0.0,29.59835264056331,-23.09835264056331,Spring,PRODUCE_PRIORITY
9.0,apartment,8.219922083328118,3.6399999999999997,3.6399999999999997,0.0,8.219922083328118,-4.579922083328118,Spring,PRODUCE_PRIORITY
9.0,family_house,18.059456325771873,10.08,0.0,10.08,18.059456325771873,-7.9794563257718725,Spring,PRODUCE_PRIORITY
9.0,luxury_house,19.206495619959398,18.0,0.0,18.0,19.206495619959398,-1.2064956199593992,Spring,PRODUCE_PRIORITY
9.0,small_family,24.16695373211308,6.5,3.164414373283407,3.335585626716593,24.16695373211308,-17.66695373211308,Spring,PRODUCE_PRIORITY
10.0,apartment,5.812362645946369,3.6399999999999997,3.6399999999999997,0.0,5.812362645946369,-2.1723626459463685,Spring,PRODUCE_PRIORITY
10.0,family_house,12.769964032495588,10.08,0.0,10.08,12.769964032495588,-2.68996403249559,Spring,PRODUCE_PRIORITY
10.0,luxury_house,13.609812606080887,18.0,0.0,18.0,13.609812606080887,4.3901873939191125,Spring,PRODUCE_PRIORITY
10.0,small_family,17.088616864598706,6.5,0.0,6.5,17.088616864598706,-10.588616864598707,Spring,PRODUCE_PRIORITY
11.0,apartment,3.0087002996268013,3.6399999999999997,3.6399999999999997,0.0,3.0087002996268013,0.6312997003731983,Spring,PRODUCE_PRIORITY
11.0,family_house,6.61021979376809,10.08,0.0,10.08,6.61021979376809,3.4697802062319094,Spring,PRODUCE_PRIORITY
11.0,luxury_house,7.044957405460212,18.0,0.0,18.0,7.044957405460212,10.955042594539789,Spring,PRODUCE_PRIORITY
11.0,small_family,8.845718998036544,6.5,0.0,6.5,8.845718998036544,-2.345718998036544,Spring,PRODUCE_PRIORITY
12.0,apartment,1.4236182619683712e-15,3.6399999999999997,3.6399999999999997,0.0,1.4236182619683712e-15,3.639999999999998,Spring,PRODUCE_PRIORITY
12.0,family_house,3.1277391155245085e-15,10.08,0.0,10.08,3.1277391155245085e-15,10.079999999999997,Spring,PRODUCE_PRIORITY
12.0,luxury_house,3.333442689006449e-15,18.0,0.0,18.0,3.333442689006449e-15,17.999999999999996,Spring,PRODUCE_PRIORITY
12.0,small_family,4.185503989017255e-15,6.5,0.0,6.5,4.185503989017255e-15,6.499999999999996,Spring,PRODUCE_PRIORITY
13.0,apartment,0.0,3.6399999999999997,2.0115314986267174,1.628468501373282,0.0,3.6399999999999997,Spring,PRODUCE_PRIORITY
13.0,family_house,0.0,10.08,0.0,10.08,0.0,10.08,Spring,PRODUCE_PRIORITY
13.0,luxury_house,0.0,18.0,0.0,18.0,0.0,18.0,Spring,PRODUCE_PRIORITY
13.0,small_family,0.0,6.5,0.0,6.5,0.0,6.5,Spring,PRODUCE_PRIORITY
14.0,apartment,0.0,3.6399999999999997,0.0,3.6399999999999997,0.0,3.6399999999999997,Spring,PRODUCE_PRIORITY
14.0,family_house,0.0,10.08,0.0,10.08,0.0,10.08,Spring,PRODUCE_PRIORITY
14.0,luxury_house,0.0,18.0,0.0,18.0,0.0,18.0,Spring,PRODUCE_PRIORITY
14.0,small_family,0.0,6.5,0.0,6.5,0.0,6.5,Spring,PRODUCE_PRIORITY
15.0,apartment,0.0,3.6399999999999997,0.0,3.6399999999999997,0.0,3.6399999999999997,Spring,PRODUCE_PRIORITY
15.0,family_house,0.0,10.08,0.0,10.08,0.0,10.08,Spring,PRODUCE_PRIORITY
15.0,luxury_house,0.0,18.0,0.0,18.0,0.0,18.0,Spring,PRODUCE_PRIORITY
15.0,small_family,0.0,6.5,0.0,6.5,0.0,6.5,Spring,PRODUCE_PRIORITY
16.0,apartment,0.0,3.6399999999999997,0.0,3.6399999999999997,0.0,3.6399999999999997,Spring,PRODUCE_PRIORITY
16.0,family_house,0.0,10.08,0.0,10.08,0.0,10.08,Spring,PRODUCE_PRIORITY
16.0,luxury_house,0.0,18.0,0.0,18.0,0.0,18.0,Spring,PRODUCE_PRIORITY
16.0,small_family,0.0,6.5,0.0,6.5,0.0,6.5,Spring,PRODUCE_PRIORITY
17.0,apartment,0.0,3.6399999999999997,0.0,3.6399999999999997,0.0,3.6399999999999997,Spring,PRODUCE_PRIORITY
17.0,family_house,0.0,10.08,0.0,10.08,0.0,10.08,Spring,PRODUCE_PRIORITY
17.0,luxury_house,0.0,18.0,0.0,18.0,0.0,18.0,Spring,PRODUCE_PRIORITY
17.0,small_family,0.0,6.5,0.0,6.5,0.0,6.5,Spring,PRODUCE_PRIORITY
18.0,apartment,0.0,23.41642616104509,0.0,23.41642616104509,0.0,23.41642616104509,Spring,PRODUCE_PRIORITY
18.0,family_house,0.0,30.485011637529144,0.0,30.485011637529144,0.0,30.485011637529144,Spring,PRODUCE_PRIORITY
18.0,luxury_house,0.0,36.006262675618835,0.0,36.006262675618835,0.0,36.006262675618835,Spring,PRODUCE_PRIORITY
18.0,small_family,0.0,29.03892207350399,0.0,29.03892207350399,0.0,29.03892207350399,Spring,PRODUCE_PRIORITY
19.0,apartment,0.0,29.35888721476935,0.0,29.35888721476935,0.0,29.35888721476935,Spring,PRODUCE_PRIORITY
19.0,family_house,0.0,26.520117532372502,0.0,26.520117532372502,0.0,26.520117532372502,Spring,PRODUCE_PRIORITY
19.0,luxury_house,0.0,35.153471729925045,0.0,35.153471729925045,0.0,35.153471729925045,Spring,PRODUCE_PRIORITY
19.0,small_family,0.0,29.51339609112592,0.0,29.51339609112592,0.0,29.51339609112592,Spring,PRODUCE_PRIORITY
20.0,apartment,0.0,24.433036688303876,0.0,24.433036688303876,0.0,24.433036688303876,Spring,PRODUCE_PRIORITY
20.0,family_house,0.0,28.418083780415852,0.0,28.418083780415852,0.0,28.418083780415852,Spring,PRODUCE_PRIORITY
20.0,luxury_house,0.0,34.89558802871409,0.0,34.89558802871409,0.0,34.89558802871409,Spring,PRODUCE_PRIORITY
20.0,small_family,0.0,22.42204561030854,0.0,22.42204561030854,0.0,22.42204561030854,Spring,PRODUCE_PRIORITY
21.0,apartment,0.0,20.914843961232293,0.0,20.914843961232293,0.0,20.914843961232293,Spring,PRODUCE_PRIORITY
21.0,family_house,0.0,26.76667269274853,0.0,26.76667269274853,0.0,26.76667269274853,Spring,PRODUCE_PRIORITY
21.0,luxury_house,0.0,35.04543019187342,0.0,35.04543019187342,0.0,35.04543019187342,Spring,PRODUCE_PRIORITY
21.0,small_family,0.0,20.05788334538065,0.0,20.05788334538065,0.0,20.05788334538065,Spring,PRODUCE_PRIORITY
22.0,apartment,0.0,3.6399999999999997,0.0,3.6399999999999997,0.0,3.6399999999999997,Spring,PRODUCE_PRIORITY
22.0,family_house,0.0,10.08,0.0,10.08,0.0,10.08,Spring,PRODUCE_PRIORITY
22.0,luxury_house,0.0,18.0,0.0,18.0,0.0,18.0,Spring,PRODUCE_PRIORITY
22.0,small_family,0.0,6.5,0.0,6.5,0.0,6.5,Spring,PRODUCE_PRIORITY
23.0,apartment,0.0,3.6399999999999997,0.0,3.6399999999999997,0.0,3.6399999999999997,Spring,PRODUCE_PRIORITY
23.0,family_house,0.0,10.08,0.0,10.08,0.0,10.08,Spring,PRODUCE_PRIORITY
23.0,luxury_house,0.0,18.0,0.0,18.0,0.0,18.0,Spring,PRODUCE_PRIORITY
23.0,small_family,0.0,6.5,0.0,6.5,0.0,6.5,Spring,PRODUCE_PRIORITY
24.0,apartment,0.0,3.6399999999999997,0.0,3.6399999999999997,0.0,3.6399999999999997,Spring,PRODUCE_PRIORITY
24.0,family_house,0.0,10.08,0.0,10.08,0.0,10.08,Spring,PRODUCE_PRIORITY
24.0,luxury_house,0.0,18.0,0.0,18.0,0.0,18.0,Spring,PRODUCE_PRIORITY
24.0,small_family,0.0,6.5,0.0,6.5,0.0,6.5,Spring,PRODUCE_PRIORITY
25.0,apartment,3.5610489524293083,3.6399999999999997,0.0,3.6399999999999997,3.5610489524293083,0.0789510475706916,Spring,PRODUCE_PRIORITY
25.0,family_house,7.159872380777163,10.08,0.0,10.08,7.159872380777163,2.9201276192228374,Spring,PRODUCE_PRIORITY
25.0,luxury_house,10.34606533681328,18.0,0.0,18.0,10.34606533681328,7.653934663186719,Spring,PRODUCE_PRIORITY
25.0,small_family,6.949823338615611,6.5,0.0,6.5,6.949823338615611,-0.44982333861561136,Spring,PRODUCE_PRIORITY
26.0,apartment,6.8794183036622005,3.6399999999999997,0.0,3.6399999999999997,6.8794183036622005,-3.239418303662201,Spring,PRODUCE_PRIORITY
26.0,family_house,13.831811291052917,10.08,0.0,10.08,13.831811291052917,-3.751811291052918,Spring,PRODUCE_PRIORITY
26.0,luxury_house,19.987063418604112,18.0,0.0,18.0,19.987063418604112,-1.987063418604111,Spring,PRODUCE_PRIORITY
26.0,small_family,13.42602770183067,6.5,0.0,6.5,13.42602770183067,-6.9260277018306695,Spring,PRODUCE_PRIORITY
27.0,apartment,9.728966666276797,3.6399999999999997,0.0,3.6399999999999997,9.728966666276797,-6.088966666276798,Spring,PRODUCE_PRIORITY
27.0,family_house,19.56113511999235,10.08,0.0,10.08,19.56113511999235,-9.48113511999235,Spring,PRODUCE_PRIORITY
27.0,luxury_house,26.564810188745707,18.0,0.0,18.0,26.564810188745707,-8.564810188745707,Spring,PRODUCE_PRIORITY
27.0,small_family,18.987270464725814,6.5,0.0,6.5,18.987270464725814,-12.487270464725816,Spring,PRODUCE_PRIORITY
28.0,apartment,11.915502028462232,3.6399999999999997,0.0,3.6399999999999997,11.915502028462232,-8.275502028462233,Spring,PRODUCE_PRIORITY
28.0,family_house,23.624344088658393,10.08,0.0,10.08,23.624344088658393,-13.544344088658395,Spring,PRODUCE_PRIORITY
28.0,luxury_house,29.591141158697035,18.0,0.0,18.0,29.591141158697035,-11.591141158697035,Spring,PRODUCE_PRIORITY
28.0,small_family,23.254562123397932,6.5,0.0,6.5,23.254562123397932,-16.754562123397932,Spring,PRODUCE_PRIORITY
29.0,apartment,13.290015618706104,3.6399999999999997,0.0,3.6399999999999997,13.290015618706104,-9.650015618706103,Spring,PRODUCE_PRIORITY
29.0,family_house,25.888111707097895,10.08,0.0,10.08,25.888111707097895,-15.808111707097895,Spring,PRODUCE_PRIORITY
29.0,luxury_house,31.158948220869373,18.0,0.0,18.0,31.158948220869373,-13.158948220869373,Spring,PRODUCE_PRIORITY
29.0,small_family,25.937093803341423,6.5,0.0,6.5,25.937093803341423,-19.437093803341423,Spring,PRODUCE_PRIORITY
30.0,apartment,13.758836607324403,3.6399999999999997,0.0,3.6399999999999997,13.758836607324403,-10.118836607324402,Spring,PRODUCE_PRIORITY
30.0,family_house,26.660240684513532,10.08,0.0,10.08,26.660240684513532,-16.580240684513534,Spring,PRODUCE_PRIORITY
30.0,luxury_house,31.69369801313587,18.0,0.0,18.0,31.69369801313587,-13.693698013135869,Spring,PRODUCE_PRIORITY
30.0,small_family,26.79801656092669,6.5,0.0,6.5,26.79801656092669,-20.29801656092669,Spring,PRODUCE_PRIORITY
31.0,apartment,13.290015618706105,3.6399999999999997,0.0,3.6399999999999997,13.290015618706105,-9.650015618706107,Spring,PRODUCE_PRIORITY
31.0,family_house,25.888111707097895,10.08,0.0,10.08,25.888111707097895,-15.808111707097895,Spring,PRODUCE_PRIORITY
31.0,luxury_house,31.158948220869373,18.0,0.0,18.0,31.158948220869373,-13.158948220869373,Spring,PRODUCE_PRIORITY
31.0,small_family,25.937093803341426,6.5,0.0,6.5,25.937093803341426,-19.437093803341426,Spring,PRODUCE_PRIORITY
32.0,apartment,11.915502028462232,3.6399999999999997,0.0,3.6399999999999997,11.915502028462232,-8.275502028462233,Spring,PRODUCE_PRIORITY
32.0,family_house,23.6243440886584,10.08,0.0,10.08,23.6243440886584,-13.544344088658399,Spring,PRODUCE_PRIORITY
32.0,luxury_house,29.591141158697035,18.0,0.0,18.0,29.591141158697035,-11.591141158697035,Spring,PRODUCE_PRIORITY
32.0,small_family,23.254562123397935,6.5,0.0,6.5,23.254562123397935,-16.754562123397935,Spring,PRODUCE_PRIORITY
33.0,apartment,8.223286002503363,3.6399999999999997,0.0,3.6399999999999997,8.223286002503363,-4.583286002503364,Spring,PRODUCE_PRIORITY
33.0,family_house,19.56113511999235,10.08,0.0,10.08,19.56113511999235,-9.48113511999235,Spring,PRODUCE_PRIORITY
33.0,luxury_house,26.564810188745707,18.0,0.0,18.0,26.564810188745707,-8.564810188745707,Spring,PRODUCE_PRIORITY
33.0,small_family,18.987270464725814,6.5,0.0,6.5,18.987270464725814,-12.487270464725816,Spring,PRODUCE_PRIORITY
34.0,apartment,5.814741296006548,3.6399999999999997,0.0,3.6399999999999997,5.814741296006548,-2.1747412960065478,Spring,PRODUCE_PRIORITY
34.0,family_house,13.83181129105293,10.08,0.0,10.08,13.83181129105293,-3.7518112910529293,Spring,PRODUCE_PRIORITY
34.0,luxury_house,19.987063418604126,18.0,0.0,18.0,19.987063418604126,-1.9870634186041254,Spring,PRODUCE_PRIORITY
34.0,small_family,13.42602770183068,6.5,0.0,6.5,13.42602770183068,-6.92602770183068,Spring,PRODUCE_PRIORITY
35.0,apartment,3.0099315795012185,3.6399999999999997,0.0,3.6399999999999997,3.0099315795012185,0.6300684204987809,Spring,PRODUCE_PRIORITY
35.0,family_house,7.15987238077717,10.08,0.0,10.08,7.15987238077717,2.9201276192228294,Spring,PRODUCE_PRIORITY
35.0,luxury_house,10.346065336813291,18.0,0.0,18.0,10.346065336813291,7.653934663186708,Spring,PRODUCE_PRIORITY
35.0,small_family,6.949823338615619,6.5,0.0,6.5,6.949823338615619,-0.44982333861561935,Spring,PRODUCE_PRIORITY
36.0,apartment,1.4242008632048693e-15,3.6399999999999997,0.0,3.6399999999999997,1.4242008632048693e-15,3.6399999999999983,Spring,PRODUCE_PRIORITY
36.0,family_house,3.3878166847996357e-15,10.08,0.0,10.08,3.3878166847996357e-15,10.079999999999997,Spring,PRODUCE_PRIORITY
36.0,luxury_house,4.895418647989736e-15,18.0,0.0,18.0,4.895418647989736e-15,17.999999999999996,Spring,PRODUCE_PRIORITY
36.0,small_family,3.2884283700621255e-15,6.5,0.0,6.5,3.2884283700621255e-15,6.4999999999999964,Spring,PRODUCE_PRIORITY
37.0,apartment,0.0,3.6399999999999997,0.0,3.6399999999999997,0.0,3.6399999999999997,Spring,PRODUCE_PRIORITY
37.0,family_house,0.0,10.08,0.0,10.08,0.0,10.08,Spring,PRODUCE_PRIORITY
37.0,luxury_house,0.0,18.0,0.0,18.0,0.0,18.0,Spring,PRODUCE_PRIORITY
37.0,small_family,0.0,6.5,0.0,6.5,0.0,6.5,Spring,PRODUCE_PRIORITY
38.0,apartment,0.0,3.6399999999999997,0.0,3.6399999999999997,0.0,3.6399999999999997,Spring,PRODUCE_PRIORITY
38.0,family_house,0.0,10.08,0.0,10.08,0.0,10.08,Spring,PRODUCE_PRIORITY
38.0,luxury_house,0.0,18.0,0.0,18.0,0.0,18.0,Spring,PRODUCE_PRIORITY
38.0,small_family,0.0,6.5,0.0,6.5,0.0,6.5,Spring,PRODUCE_PRIORITY
39.0,apartment,0.0,3.6399999999999997,0.0,3.6399999999999997,0.0,3.6399999999999997,Spring,PRODUCE_PRIORITY
39.0,family_house,0.0,10.08,0.0,10.08,0.0,10.08,Spring,PRODUCE_PRIORITY
39.0,luxury_house,0.0,18.0,0.0,18.0,0.0,18.0,Spring,PRODUCE_PRIORITY
39.0,small_family,0.0,6.5,0.0,6.5,0.0,6.5,Spring,PRODUCE_PRIORITY
40.0,apartment,0.0,3.6399999999999997,0.0,3.6399999999999997,0.0,3.6399999999999997,Spring,PRODUCE_PRIORITY
40.0,family_house,0.0,10.08,0.0,10.08,0.0,10.08,Spring,PRODUCE_PRIORITY
40.0,luxury_house,0.0,18.0,0.0,18.0,0.0,18.0,Spring,PRODUCE_PRIORITY
40.0,small_family,0.0,6.5,0.0,6.5,0.0,6.5,Spring,PRODUCE_PRIORITY
41.0,apartment,0.0,3.6399999999999997,0.0,3.6399999999999997,0.0,3.6399999999999997,Spring,PRODUCE_PRIORITY
41.0,family_house,0.0,10.08,0.0,10.08,0.0,10.08,Spring,PRODUCE_PRIORITY
41.0,luxury_house,0.0,18.0,0.0,18.0,0.0,18.0,Spring,PRODUCE_PRIORITY
41.0,small_family,0.0,6.5,0.0,6.5,0.0,6.5,Spring,PRODUCE_PRIORITY
42.0,apartment,0.0,23.29710182394243,0.0,23.29710182394243,0.0,23.29710182394243,Spring,PRODUCE_PRIORITY
42.0,family_house,0.0,29.32895800182333,0.0,29.32895800182333,0.0,29.32895800182333,Spring,PRODUCE_PRIORITY
42.0,luxury_house,0.0,36.59441161806832,0.0,36.59441161806832,0.0,36.59441161806832,Spring,PRODUCE_PRIORITY
42.0,small_family,0.0,27.70721728855433,0.0,27.70721728855433,0.0,27.70721728855433,Spring,PRODUCE_PRIORITY
43.0,apartment,0.0,19.18273805957709,0.0,19.18273805957709,0.0,19.18273805957709,Spring,PRODUCE_PRIORITY
43.0,family_house,0.0,32.768739885486575,0.0,32.768739885486575,0.0,32.768739885486575,Spring,PRODUCE_PRIORITY
43.0,luxury_house,0.0,32.172513215047,0.0,32.172513215047,0.0,32.172513215047,Spring,PRODUCE_PRIORITY
43.0,small_family,0.0,20.919983588014755,0.0,20.919983588014755,0.0,20.919983588014755,Spring,PRODUCE_PRIORITY
44.0,apartment,0.0,17.13544924928599,0.0,17.13544924928599,0.0,17.13544924928599,Spring,PRODUCE_PRIORITY
44.0,family_house,0.0,28.978064688624276,0.0,28.978064688624276,0.0,28.978064688624276,Spring,PRODUCE_PRIORITY
44.0,luxury_house,0.0,40.73389774307832,0.0,40.73389774307832,0.0,40.73389774307832,Spring,PRODUCE_PRIORITY
44.0,small_family,0.0,28.177268100186005,0.0,28.177268100186005,0.0,28.177268100186005,Spring,PRODUCE_PRIORITY
45.0,apartment,0.0,26.126005079537578,0.0,26.126005079537578,0.0,26.126005079537578,Spring,PRODUCE_PRIORITY
45.0,family_house,0.0,26.297127904675357,0.0,26.297127904675357,0.0,26.297127904675357,Spring,PRODUCE_PRIORITY
45.0,luxury_house,0.0,36.669115868019325,0.0,36.669115868019325,0.0,36.669115868019325,Spring,PRODUCE_PRIORITY
45.0,small_family,0.0,29.599450846531578,0.0,29.599450846531578,0.0,29.599450846531578,Spring,PRODUCE_PRIORITY
46.0,apartment,0.0,3.6399999999999997,0.0,3.6399999999999997,0.0,3.6399999999999997,Spring,PRODUCE_PRIORITY
46.0,family_house,0.0,10.08,0.0,10.08,0.0,10.08,Spring,PRODUCE_PRIORITY
46.0,luxury_house,0.0,18.0,0.0,18.0,0.0,18.0,Spring,PRODUCE_PRIORITY
46.0,small_family,0.0,6.5,0.0,6.5,0.0,6.5,Spring,PRODUCE_PRIORITY
47.0,apartment,0.0,3.6399999999999997,0.0,3.6399999999999997,0.0,3.6399999999999997,Spring,PRODUCE_PRIORITY
47.0,family_house,0.0,10.08,0.0,10.08,0.0,10.08,Spring,PRODUCE_PRIORITY
47.0,luxury_house,0.0,18.0,0.0,18.0,0.0,18.0,Spring,PRODUCE_PRIORITY
47.0,small_family,0.0,6.5,0.0,6.5,0.0,6.5,Spring,PRODUCE_PRIORITY
48.0,apartment,0.0,3.6399999999999997,0.0,3.6399999999999997,0.0,3.6399999999999997,Spring,PRODUCE_PRIORITY
48.0,family_house,0.0,10.08,0.0,10.08,0.0,10.08,Spring,PRODUCE_PRIORITY
48.0,luxury_house,0.0,18.0,0.0,18.0,0.0,18.0,Spring,PRODUCE_PRIORITY
48.0,small_family,0.0,6.5,0.0,6.5,0.0,6.5,Spring,PRODUCE_PRIORITY
49.0,apartment,3.0062316301540575,3.6399999999999997,0.0,3.6399999999999997,3.0062316301540575,0.6337683698459422,Spring,PRODUCE_PRIORITY
49.0,family_house,8.301091466404547,10.08,0.0,10.08,8.301091466404547,1.7789085335954526,Spring,PRODUCE_PRIORITY
49.0,luxury_house,9.787497321553946,18.0,0.0,18.0,9.787497321553946,8.212502678446054,Spring,PRODUCE_PRIORITY
49.0,small_family,4.948364688203908,6.5,0.0,6.5,4.948364688203908,1.5516353117960922,Spring,PRODUCE_PRIORITY
50.0,apartment,5.807593542745781,3.6399999999999997,0.0,3.6399999999999997,5.807593542745781,-2.1675935427457813,Spring,PRODUCE_PRIORITY
50.0,family_house,16.03647726757589,10.08,0.0,10.08,16.03647726757589,-5.956477267575891,Spring,PRODUCE_PRIORITY
50.0,luxury_house,18.907992875248077,18.0,0.0,18.0,18.907992875248077,-0.9079928752480759,Spring,PRODUCE_PRIORITY
50.0,small_family,9.559506500466014,6.5,0.0,6.5,9.559506500466014,-3.0595065004660142,Spring,PRODUCE_PRIORITY
51.0,apartment,8.213177552901497,3.6399999999999997,0.0,3.6399999999999997,8.213177552901497,-4.573177552901497,Spring,PRODUCE_PRIORITY
51.0,family_house,22.679003644493662,10.08,0.0,10.08,22.679003644493662,-12.599003644493662,Spring,PRODUCE_PRIORITY
51.0,luxury_house,26.739939961429684,18.0,0.0,18.0,26.739939961429684,-8.739939961429684,Spring,PRODUCE_PRIORITY
51.0,small_family,13.519183742552805,6.5,0.0,6.5,13.519183742552805,-7.019183742552805,Spring,PRODUCE_PRIORITY
52.0,apartment,10.059047085744629,3.6399999999999997,0.0,3.6399999999999997,10.059047085744629,-6.419047085744629,Spring,PRODUCE_PRIORITY
52.0,family_house,27.437501755134395,10.08,0.0,10.08,27.437501755134395,-17.357501755134393,Spring,PRODUCE_PRIORITY
52.0,luxury_house,31.35610485508845,18.0,0.0,18.0,31.35610485508845,-13.35610485508845,Spring,PRODUCE_PRIORITY
52.0,small_family,16.557550954092093,6.5,0.0,6.5,16.557550954092093,-10.057550954092093,Spring,PRODUCE_PRIORITY
53.0,apartment,11.219409183055554,3.6399999999999997,0.0,3.6399999999999997,11.219409183055554,-7.579409183055553,Spring,PRODUCE_PRIORITY
53.0,family_house,29.6797161628029,10.08,0.0,10.08,29.6797161628029,-19.599716162802903,Spring,PRODUCE_PRIORITY
53.0,luxury_house,33.58892971752004,18.0,0.0,18.0,33.58892971752004,-15.588929717520038,Spring,PRODUCE_PRIORITY
53.0,small_family,18.467548430756707,6.5,0.0,6.5,18.467548430756707,-11.967548430756707,Spring,PRODUCE_PRIORITY
54.0,apartment,11.615187085491563,3.6399999999999997,0.0,3.6399999999999997,11.615187085491563,-7.975187085491564,Spring,PRODUCE_PRIORITY
54.0,family_house,30.44449374140133,10.08,0.0,10.08,30.44449374140133,-20.364493741401333,Spring,PRODUCE_PRIORITY
54.0,luxury_house,34.35050469709588,18.0,0.0,18.0,34.35050469709588,-16.35050469709588,Spring,PRODUCE_PRIORITY
54.0,small_family,19.119013000932032,6.5,0.0,6.5,19.119013000932032,-12.619013000932032,Spring,PRODUCE_PRIORITY
55.0,apartment,11.219409183055555,3.6399999999999997,0.0,3.6399999999999997,11.219409183055555,-7.579409183055555,Spring,PRODUCE_PRIORITY
55.0,family_house,29.6797161628029,10.08,0.0,10.08,29.6797161628029,-19.599716162802903,Spring,PRODUCE_PRIORITY
55.0,luxury_house,33.58892971752004,18.0,0.0,18.0,33.58892971752004,-15.588929717520038,Spring,PRODUCE_PRIORITY
55.0,small_family,18.467548430756715,6.5,0.0,6.5,18.467548430756715,-11.967548430756713,Spring,PRODUCE_PRIORITY
56.0,apartment,10.059047085744629,3.6399999999999997,0.0,3.6399999999999997,10.059047085744629,-6.419047085744629,Spring,PRODUCE_PRIORITY
56.0,family_house,27.437501755134395,10.08,0.0,10.08,27.437501755134395,-17.357501755134397,Spring,PRODUCE_PRIORITY
56.0,luxury_house,31.356104855088454,18.0,0.0,18.0,31.356104855088454,-13.356104855088454,Spring,PRODUCE_PRIORITY
56.0,small_family,16.557550954092093,6.5,0.0,6.5,16.557550954092093,-10.057550954092095,Spring,PRODUCE_PRIORITY
57.0,apartment,8.213177552901497,3.6399999999999997,0.0,3.6399999999999997,8.213177552901497,-4.573177552901497,Spring,PRODUCE_PRIORITY
57.0,family_house,22.679003644493662,10.08,0.0,10.08,22.679003644493662,-12.599003644493662,Spring,PRODUCE_PRIORITY
57.0,luxury_house,26.739939961429684,18.0,0.0,18.0,26.739939961429684,-8.739939961429684,Spring,PRODUCE_PRIORITY
57.0,small_family,13.519183742552805,6.5,0.0,6.5,13.519183742552805,-7.019183742552805,Spring,PRODUCE_PRIORITY
58.0,apartment,5.807593542745785,3.6399999999999997,0.0,3.6399999999999997,5.807593542745785,-2.1675935427457853,Spring,PRODUCE_PRIORITY
58.0,family_house,16.036477267575904,10.08,0.0,10.08,16.036477267575904,-5.956477267575903,Spring,PRODUCE_PRIORITY
58.0,luxury_house,18.90799287524809,18.0,0.0,18.0,18.90799287524809,-0.9079928752480908,Spring,PRODUCE_PRIORITY
58.0,small_family,9.559506500466021,6.5,0.0,6.5,9.559506500466021,-3.0595065004660214,Spring,PRODUCE_PRIORITY
59.0,apartment,3.006231630154061,3.6399999999999997,0.0,3.6399999999999997,3.006231630154061,0.6337683698459387,Spring,PRODUCE_PRIORITY
59.0,family_house,8.301091466404555,10.08,0.0,10.08,8.301091466404555,1.7789085335954435,Spring,PRODUCE_PRIORITY
59.0,luxury_house,9.787497321553957,18.0,0.0,18.0,9.787497321553957,8.212502678446043,Spring,PRODUCE_PRIORITY
59.0,small_family,4.948364688203913,6.5,0.0,6.5,4.948364688203913,1.5516353117960866,Spring,PRODUCE_PRIORITY
60.0,apartment,1.4224501685744917e-15,3.6399999999999997,0.0,3.6399999999999997,1.4224501685744917e-15,3.6399999999999983,Spring,PRODUCE_PRIORITY
60.0,family_house,3.927804111067222e-15,10.08,0.0,10.08,3.927804111067222e-15,10.079999999999997,Spring,PRODUCE_PRIORITY
60.0,luxury_house,4.631122590594704e-15,18.0,0.0,18.0,4.631122590594704e-15,17.999999999999996,Spring,PRODUCE_PRIORITY
60.0,small_family,2.3414038074448044e-15,6.5,0.0,6.5,2.3414038074448044e-15,6.499999999999997,Spring,PRODUCE_PRIORITY
61.0,apartment,0.0,3.6399999999999997,0.0,3.6399999999999997,0.0,3.6399999999999997,Spring,PRODUCE_PRIORITY
61.0,family_house,0.0,10.08,0.0,10.08,0.0,10.08,Spring,PRODUCE_PRIORITY
61.0,luxury_house,0.0,18.0,0.0,18.0,0.0,18.0,Spring,PRODUCE_PRIORITY
61.0,small_family,0.0,6.5,0.0,6.5,0.0,6.5,Spring,PRODUCE_PRIORITY
62.0,apartment,0.0,3.6399999999999997,0.0,3.6399999999999997,0.0,3.6399999999999997,Spring,PRODUCE_PRIORITY
62.0,family_house,0.0,10.08,0.0,10.08,0.0,10.08,Spring,PRODUCE_PRIORITY
62.0,luxury_house,0.0,18.0,0.0,18.0,0.0,18.0,Spring,PRODUCE_PRIORITY
62.0,small_family,0.0,6.5,0.0,6.5,0.0,6.5,Spring,PRODUCE_PRIORITY
63.0,apartment,0.0,3.6399999999999997,0.0,3.6399999999999997,0.0,3.6399999999999997,Spring,PRODUCE_PRIORITY
63.0,family_house,0.0,10.08,0.0,10.08,0.0,10.08,Spring,PRODUCE_PRIORITY
63.0,luxury_house,0.0,18.0,0.0,18.0,0.0,18.0,Spring,PRODUCE_PRIORITY
63.0,small_family,0.0,6.5,0.0,6.5,0.0,6.5,Spring,PRODUCE_PRIORITY
64.0,apartment,0.0,3.6399999999999997,0.0,3.6399999999999997,0.0,3.6399999999999997,Spring,PRODUCE_PRIORITY
64.0,family_house,0.0,10.08,0.0,10.08,0.0,10.08,Spring,PRODUCE_PRIORITY
64.0,luxury_house,0.0,18.0,0.0,18.0,0.0,18.0,Spring,PRODUCE_PRIORITY
64.0,small_family,0.0,6.5,0.0,6.5,0.0,6.5,Spring,PRODUCE_PRIORITY
65.0,apartment,0.0,3.6399999999999997,0.0,3.6399999999999997,0.0,3.6399999999999997,Spring,PRODUCE_PRIORITY
65.0,family_house,0.0,10.08,0.0,10.08,0.0,10.08,Spring,PRODUCE_PRIORITY
65.0,luxury_house,0.0,18.0,0.0,18.0,0.0,18.0,Spring,PRODUCE_PRIORITY
65.0,small_family,0.0,6.5,0.0,6.5,0.0,6.5,Spring,PRODUCE_PRIORITY
66.0,apartment,0.0,22.765885254611057,0.0,22.765885254611057,0.0,22.765885254611057,Spring,PRODUCE_PRIORITY
66.0,family_house,0.0,29.180730273998318,0.0,29.180730273998318,0.0,29.180730273998318,Spring,PRODUCE_PRIORITY
66.0,luxury_house,0.0,36.57800528749716,0.0,36.57800528749716,0.0,36.57800528749716,Spring,PRODUCE_PRIORITY
66.0,small_family,0.0,25.72395274471207,0.0,25.72395274471207,0.0,25.72395274471207,Spring,PRODUCE_PRIORITY
67.0,apartment,0.0,20.102206186996273,0.0,20.102206186996273,0.0,20.102206186996273,Spring,PRODUCE_PRIORITY
67.0,family_house,0.0,28.943533003785284,0.0,28.943533003785284,0.0,28.943533003785284,Spring,PRODUCE_PRIORITY
67.0,luxury_house,0.0,36.67439754384203,0.0,36.67439754384203,0.0,36.67439754384203,Spring,PRODUCE_PRIORITY
67.0,small_family,0.0,23.580587880697543,0.0,23.580587880697543,0.0,23.580587880697543,Spring,PRODUCE_PRIORITY
68.0,apartment,0.0,22.21487413807378,0.0,22.21487413807378,0.0,22.21487413807378,Spring,PRODUCE_PRIORITY
68.0,family_house,0.0,31.25759680302614,0.0,31.25759680302614,0.0,31.25759680302614,Spring,PRODUCE_PRIORITY
68.0,luxury_house,0.0,36.270499741968564,0.0,36.270499741968564,0.0,36.270499741968564,Spring,PRODUCE_PRIORITY
68.0,small_family,0.0,29.54969509178611,0.0,29.54969509178611,0.0,29.54969509178611,Spring,PRODUCE_PRIORITY
69.0,apartment,0.0,18.871800131446918,0.0,18.871800131446918,0.0,18.871800131446918,Spring,PRODUCE_PRIORITY
69.0,family_house,0.0,28.59531623515369,0.0,28.59531623515369,0.0,28.59531623515369,Spring,PRODUCE_PRIORITY
69.0,luxury_house,0.0,36.591940832932245,0.0,36.591940832932245,0.0,36.591940832932245,Spring,PRODUCE_PRIORITY
69.0,small_family,0.0,31.388381546802634,0.0,31.388381546802634,0.0,31.388381546802634,Spring,PRODUCE_PRIORITY
70.0,apartment,0.0,3.6399999999999997,0.0,3.6399999999999997,0.0,3.6399999999999997,Spring,PRODUCE_PRIORITY
70.0,family_house,0.0,10.08,0.0,10.08,0.0,10.08,Spring,PRODUCE_PRIORITY
70.0,luxury_house,0.0,18.0,0.0,18.0,0.0,18.0,Spring,PRODUCE_PRIORITY
70.0,small_family,0.0,6.5,0.0,6.5,0.0,6.5,Spring,PRODUCE_PRIORITY
71.0,apartment,0.0,3.6399999999999997,0.0,3.6399999999999997,0.0,3.6399999999999997,Spring,PRODUCE_PRIORITY
71.0,family_house,0.0,10.08,0.0,10.08,0.0,10.08,Spring,PRODUCE_PRIORITY
71.0,luxury_house,0.0,18.0,0.0,18.0,0.0,18.0,Spring,PRODUCE_PRIORITY
71.0,small_family,0.0,6.5,0.0,6.5,0.0,6.5,Spring,PRODUCE_PRIORITY
72.0,apartment,0.0,3.6399999999999997,0.0,3.6399999999999997,0.0,3.6399999999999997,Spring,PRODUCE_PRIORITY
72.0,family_house,0.0,10.08,0.0,10.08,0.0,10.08,Spring,PRODUCE_PRIORITY
72.0,luxury_house,0.0,18.0,0.0,18.0,0.0,18.0,Spring,PRODUCE_PRIORITY
72.0,small_family,0.0,6.5,0.0,6.5,0.0,6.5,Spring,PRODUCE_PRIORITY
73.0,apartment,5.4710752259032365,3.6399999999999997,0.0,3.6399999999999997,5.4710752259032365,-1.8310752259032363,Spring,PRODUCE_PRIORITY
73.0,family_house,8.893993676230954,10.08,0.0,10.08,8.893993676230954,1.1860063237690461,Spring,PRODUCE_PRIORITY
73.0,luxury_house,10.27986161518369,18.0,0.0,18.0,10.27986161518369,7.720138384816311,Spring,PRODUCE_PRIORITY
73.0,small_family,5.745438012561947,6.5,0.0,6.5,5.745438012561947,0.7545619874380528,Spring,PRODUCE_PRIORITY
74.0,apartment,10.569305716540468,3.6399999999999997,0.0,3.6399999999999997,10.569305716540468,-6.929305716540468,Spring,PRODUCE_PRIORITY
74.0,family_house,17.181876381446262,10.08,0.0,10.08,17.181876381446262,-7.101876381446263,Spring,PRODUCE_PRIORITY
74.0,luxury_house,19.859167649567162,18.0,0.0,18.0,19.859167649567162,-1.8591676495671607,Spring,PRODUCE_PRIORITY
74.0,small_family,11.099333919353041,6.5,0.0,6.5,11.099333919353041,-4.5993339193530405,Spring,PRODUCE_PRIORITY
75.0,apartment,14.947255489199017,3.6399999999999997,0.0,3.6399999999999997,14.947255489199017,-11.307255489199017,Spring,PRODUCE_PRIORITY
75.0,family_house,24.298842605659267,10.08,0.0,10.08,24.298842605659267,-14.218842605659269,Spring,PRODUCE_PRIORITY
75.0,luxury_house,27.137415216688513,18.0,0.0,18.0,27.137415216688513,-9.137415216688511,Spring,PRODUCE_PRIORITY
75.0,small_family,15.696828562056798,6.5,0.0,6.5,15.696828562056798,-9.196828562056798,Spring,PRODUCE_PRIORITY
76.0,apartment,18.30657450177627,3.6399999999999997,0.0,3.6399999999999997,18.30657450177627,-14.666574501776273,Spring,PRODUCE_PRIORITY
76.0,family_house,29.759882862032622,10.08,0.0,10.08,29.759882862032622,-19.679882862032624,Spring,PRODUCE_PRIORITY
76.0,luxury_house,29.760281359579082,18.0,0.0,18.0,29.760281359579082,-11.76028135957908,Spring,PRODUCE_PRIORITY
76.0,small_family,19.22461027849207,6.5,0.0,6.5,19.22461027849207,-12.724610278492069,Spring,PRODUCE_PRIORITY
77.0,apartment,20.41833071510225,3.6399999999999997,0.0,3.6399999999999997,20.41833071510225,-16.77833071510225,Spring,PRODUCE_PRIORITY
77.0,family_house,32.755363534905186,10.08,0.0,10.08,32.755363534905186,-22.675363534905188,Spring,PRODUCE_PRIORITY
77.0,luxury_house,30.886179315141494,18.0,0.0,18.0,30.886179315141494,-12.886179315141492,Spring,PRODUCE_PRIORITY
77.0,small_family,21.44226657461874,6.5,0.0,6.5,21.44226657461874,-14.94226657461874,Spring,PRODUCE_PRIORITY
78.0,apartment,21.13861143308094,3.6399999999999997,0.0,3.6399999999999997,21.13861143308094,-17.49861143308094,Spring,PRODUCE_PRIORITY
78.0,family_house,33.766410316863315,10.08,0.0,10.08,33.766410316863315,-23.686410316863313,Spring,PRODUCE_PRIORITY
78.0,luxury_house,31.270202140638936,18.0,0.0,18.0,31.270202140638936,-13.270202140638938,Spring,PRODUCE_PRIORITY
78.0,small_family,22.198667838706086,6.5,0.0,6.5,22.198667838706086,-15.698667838706086,Spring,PRODUCE_PRIORITY
79.0,apartment,20.418330715102254,3.6399999999999997,0.0,3.6399999999999997,20.418330715102254,-16.778330715102253,Spring,PRODUCE_PRIORITY
79.0,family_house,32.755363534905186,10.08,0.0,10.08,32.755363534905186,-22.675363534905188,Spring,PRODUCE_PRIORITY
79.0,luxury_house,30.886179315141494,18.0,0.0,18.0,30.886179315141494,-12.886179315141492,Spring,PRODUCE_PRIORITY
79.0,small_family,21.442266574618742,6.5,0.0,6.5,21.442266574618742,-14.942266574618744,Spring,PRODUCE_PRIORITY
80.0,apartment,18.30657450177627,3.6399999999999997,0.0,3.6399999999999997,18.30657450177627,-14.666574501776273,Spring,PRODUCE_PRIORITY
80.0,family_house,29.759882862032626,10.08,0.0,10.08,29.759882862032626,-19.679882862032628,Spring,PRODUCE_PRIORITY
80.0,luxury_house,29.760281359579082,18.0,0.0,18.0,29.760281359579082,-11.760281359579082,Spring,PRODUCE_PRIORITY
80.0,small_family,19.224610278492072,6.5,0.0,6.5,19.224610278492072,-12.724610278492072,Spring,PRODUCE_PRIORITY
81.0,apartment,14.947255489199017,3.6399999999999997,0.0,3.6399999999999997,14.947255489199017,-11.307255489199017,Spring,PRODUCE_PRIORITY
81.0,family_house,24.298842605659267,10.08,0.0,10.08,24.298842605659267,-14.218842605659269,Spring,PRODUCE_PRIORITY
81.0,luxury_house,27.137415216688513,18.0,0.0,18.0,27.137415216688513,-9.137415216688511,Spring,PRODUCE_PRIORITY
81.0,small_family,15.696828562056798,6.5,0.0,6.5,15.696828562056798,-9.196828562056798,Spring,PRODUCE_PRIORITY
82.0,apartment,10.569305716540475,3.6399999999999997,0.0,3.6399999999999997,10.569305716540475,-6.929305716540476,Spring,PRODUCE_PRIORITY
82.0,family_house,17.181876381446276,10.08,0.0,10.08,17.181876381446276,-7.101876381446277,Spring,PRODUCE_PRIORITY
82.0,luxury_house,19.859167649567176,18.0,0.0,18.0,19.859167649567176,-1.8591676495671758,Spring,PRODUCE_PRIORITY
82.0,small_family,11.09933391935305,6.5,0.0,6.5,11.09933391935305,-4.59933391935305,Spring,PRODUCE_PRIORITY
83.0,apartment,5.471075225903243,3.6399999999999997,0.0,3.6399999999999997,5.471075225903243,-1.8310752259032426,Spring,PRODUCE_PRIORITY
83.0,family_house,8.893993676230963,10.08,0.0,10.08,8.893993676230963,1.1860063237690364,Spring,PRODUCE_PRIORITY
83.0,luxury_house,10.2798616151837,18.0,0.0,18.0,10.2798616151837,7.7201383848163,Spring,PRODUCE_PRIORITY
83.0,small_family,5.745438012561953,6.5,0.0,6.5,5.745438012561953,0.7545619874380463,Spring,PRODUCE_PRIORITY
84.0,apartment,2.5887332829942217e-15,3.6399999999999997,0.0,3.6399999999999997,2.5887332829942217e-15,3.639999999999997,Spring,PRODUCE_PRIORITY
84.0,family_house,4.208345982776736e-15,10.08,0.0,10.08,4.208345982776736e-15,10.079999999999995,Spring,PRODUCE_PRIORITY
84.0,luxury_house,4.864093219154619e-15,18.0,0.0,18.0,4.864093219154619e-15,17.999999999999996,Spring,PRODUCE_PRIORITY
84.0,small_family,2.71855275140067e-15,6.5,0.0,6.5,2.71855275140067e-15,6.499999999999997,Spring,PRODUCE_PRIORITY
85.0,apartment,0.0,3.6399999999999997,0.0,3.6399999999999997,0.0,3.6399999999999997,Spring,PRODUCE_PRIORITY
85.0,family_house,0.0,10.08,0.0,10.08,0.0,10.08,Spring,PRODUCE_PRIORITY
85.0,luxury_house,0.0,18.0,0.0,18.0,0.0,18.0,Spring,PRODUCE_PRIORITY
85.0,small_family,0.0,6.5,0.0,6.5,0.0,6.5,Spring,PRODUCE_PRIORITY
86.0,apartment,0.0,3.6399999999999997,0.0,3.6399999999999997,0.0,3.6399999999999997,Spring,PRODUCE_PRIORITY
86.0,family_house,0.0,10.08,0.0,10.08,0.0,10.08,Spring,PRODUCE_PRIORITY
86.0,luxury_house,0.0,18.0,0.0,18.0,0.0,18.0,Spring,PRODUCE_PRIORITY
86.0,small_family,0.0,6.5,0.0,6.5,0.0,6.5,Spring,PRODUCE_PRIORITY
87.0,apartment,0.0,3.6399999999999997,0.0,3.6399999999999997,0.0,3.6399999999999997,Spring,PRODUCE_PRIORITY
87.0,family_house,0.0,10.08,0.0,10.08,0.0,10.08,Spring,PRODUCE_PRIORITY
87.0,luxury_house,0.0,18.0,0.0,18.0,0.0,18.0,Spring,PRODUCE_PRIORITY
87.0,small_family,0.0,6.5,0.0,6.5,0.0,6.5,Spring,PRODUCE_PRIORITY
88.0,apartment,0.0,3.6399999999999997,0.0,3.6399999999999997,0.0,3.6399999999999997,Spring,PRODUCE_PRIORITY
88.0,family_house,0.0,10.08,0.0,10.08,0.0,10.08,Spring,PRODUCE_PRIORITY
88.0,luxury_house,0.0,18.0,0.0,18.0,0.0,18.0,Spring,PRODUCE_PRIORITY
88.0,small_family,0.0,6.5,0.0,6.5,0.0,6.5,Spring,PRODUCE_PRIORITY
89.0,apartment,0.0,3.6399999999999997,0.0,3.6399999999999997,0.0,3.6399999999999997,Spring,PRODUCE_PRIORITY
89.0,family_house,0.0,10.08,0.0,10.08,0.0,10.08,Spring,PRODUCE_PRIORITY
89.0,luxury_house,0.0,18.0,0.0,18.0,0.0,18.0,Spring,PRODUCE_PRIORITY
89.0,small_family,0.0,6.5,0.0,6.5,0.0,6.5,Spring,PRODUCE_PRIORITY
90.0,apartment,0.0,21.927938970492413,0.0,21.927938970492413,0.0,21.927938970492413,Spring,PRODUCE_PRIORITY
90.0,family_house,0.0,30.195974682200056,0.0,30.195974682200056,0.0,30.195974682200056,Spring,PRODUCE_PRIORITY
90.0,luxury_house,0.0,27.074818209299366,0.0,27.074818209299366,0.0,27.074818209299366,Spring,PRODUCE_PRIORITY
90.0,small_family,0.0,33.9835984110805,0.0,33.9835984110805,0.0,33.9835984110805,Spring,PRODUCE_PRIORITY
91.0,apartment,0.0,22.63914165659055,0.0,22.63914165659055,0.0,22.63914165659055,Spring,PRODUCE_PRIORITY
91.0,family_house,0.0,31.934872760382213,0.0,31.934872760382213,0.0,31.934872760382213,Spring,PRODUCE_PRIORITY
91.0,luxury_house,0.0,37.58982283919143,0.0,37.58982283919143,0.0,37.58982283919143,Spring,PRODUCE_PRIORITY
91.0,small_family,0.0,29.68298710908943,0.0,29.68298710908943,0.0,29.68298710908943,Spring,PRODUCE_PRIORITY
92.0,apartment,0.0,25.665324446336538,0.0,25.665324446336538,0.0,25.665324446336538,Spring,PRODUCE_PRIORITY
92.0,family_house,0.0,27.141620760185273,0.0,27.141620760185273,0.0,27.141620760185273,Spring,PRODUCE_PRIORITY
92.0,luxury_house,0.0,39.1866962732019,0.0,39.1866962732019,0.0,39.1866962732019,Spring,PRODUCE_PRIORITY
92.0,small_family,0.0,22.610014149577076,0.0,22.610014149577076,0.0,22.610014149577076,Spring,PRODUCE_PRIORITY
93.0,apartment,0.0,24.91557905847076,0.0,24.91557905847076,0.0,24.91557905847076,Spring,PRODUCE_PRIORITY
93.0,family_house,0.0,29.935916143648377,0.0,29.935916143648377,0.0,29.935916143648377,Spring,PRODUCE_PRIORITY
93.0,luxury_house,0.0,33.95883215811293,0.0,33.95883215811293,0.0,33.95883215811293,Spring,PRODUCE_PRIORITY
93.0,small_family,0.0,28.329228317519306,0.0,28.329228317519306,0.0,28.329228317519306,Spring,PRODUCE_PRIORITY
94.0,apartment,0.0,3.6399999999999997,0.0,3.6399999999999997,0.0,3.6399999999999997,Spring,PRODUCE_PRIORITY
94.0,family_house,0.0,10.08,0.0,10.08,0.0,10.08,Spring,PRODUCE_PRIORITY
94.0,luxury_house,0.0,18.0,0.0,18.0,0.0,18.0,Spring,PRODUCE_PRIORITY
94.0,small_family,0.0,6.5,0.0,6.5,0.0,6.5,Spring,PRODUCE_PRIORITY
95.0,apartment,0.0,3.6399999999999997,0.0,3.6399999999999997,0.0,3.6399999999999997,Spring,PRODUCE_PRIORITY
95.0,family_house,0.0,10.08,0.0,10.08,0.0,10.08,Spring,PRODUCE_PRIORITY
95.0,luxury_house,0.0,18.0,0.0,18.0,0.0,18.0,Spring,PRODUCE_PRIORITY
95.0,small_family,0.0,6.5,0.0,6.5,0.0,6.5,Spring,PRODUCE_PRIORITY
96.0,apartment,0.0,3.6399999999999997,0.0,3.6399999999999997,0.0,3.6399999999999997,Spring,PRODUCE_PRIORITY
96.0,family_house,0.0,10.08,0.0,10.08,0.0,10.08,Spring,PRODUCE_PRIORITY
96.0,luxury_house,0.0,18.0,0.0,18.0,0.0,18.0,Spring,PRODUCE_PRIORITY
96.0,small_family,0.0,6.5,0.0,6.5,0.0,6.5,Spring,PRODUCE_PRIORITY
97.0,apartment,4.053129939798797,3.6399999999999997,0.0,3.6399999999999997,4.053129939798797,-0.4131299397987976,Spring,PRODUCE_PRIORITY
97.0,family_house,6.814594617363627,10.08,0.0,10.08,6.814594617363627,3.2654053826363727,Spring,PRODUCE_PRIORITY
97.0,luxury_house,9.533371129337288,18.0,0.0,18.0,9.533371129337288,8.466628870662712,Spring,PRODUCE_PRIORITY
97.0,small_family,7.11215166334685,6.5,0.0,6.5,7.11215166334685,-0.6121516633468504,Spring,PRODUCE_PRIORITY
98.0,apartment,7.83004577231423,3.6399999999999997,0.0,3.6399999999999997,7.83004577231423,-4.19004577231423,Spring,PRODUCE_PRIORITY
98.0,family_house,13.164785873203996,10.08,0.0,10.08,13.164785873203996,-3.0847858732039968,Spring,PRODUCE_PRIORITY
98.0,luxury_house,18.417058770850936,18.0,0.0,18.0,18.417058770850936,-0.41705877085093535,Spring,PRODUCE_PRIORITY
98.0,small_family,13.739621944222954,6.5,0.0,6.5,13.739621944222954,-7.239621944222954,Spring,PRODUCE_PRIORITY
99.0,apartment,11.073356925208902,3.6399999999999997,0.0,3.6399999999999997,11.073356925208902,-7.433356925208901,Spring,PRODUCE_PRIORITY
99.0,family_house,18.617818727622826,10.08,0.0,10.08,18.617818727622826,-8.537818727622826,Spring,PRODUCE_PRIORITY
99.0,luxury_house,25.80583044437746,18.0,0.0,18.0,25.80583044437746,-7.805830444377459,Spring,PRODUCE_PRIORITY
99.0,small_family,19.4307596953991,6.5,0.0,6.5,19.4307596953991,-12.9307596953991,Spring,PRODUCE_PRIORITY
100.0,apartment,13.562037103238136,3.6399999999999997,0.0,3.6399999999999997,13.562037103238136,-9.922037103238136,Spring,PRODUCE_PRIORITY
100.0,family_house,22.20315429460234,10.08,0.0,10.08,22.20315429460234,-12.123154294602339,Spring,PRODUCE_PRIORITY
100.0,luxury_house,30.39266661116924,18.0,0.0,18.0,30.39266661116924,-12.39266661116924,Spring,PRODUCE_PRIORITY
100.0,small_family,23.79772328418244,6.5,0.0,6.5,23.79772328418244,-17.29772328418244,Spring,PRODUCE_PRIORITY
101.0,apartment,15.126486865007696,3.6399999999999997,0.0,3.6399999999999997,15.126486865007696,-11.486486865007697,Spring,PRODUCE_PRIORITY
101.0,family_house,23.841560175918026,10.08,0.0,10.08,23.841560175918026,-13.761560175918026,Spring,PRODUCE_PRIORITY
101.0,luxury_house,32.05293369934114,18.0,0.0,18.0,32.05293369934114,-14.05293369934114,Spring,PRODUCE_PRIORITY
101.0,small_family,26.542911358745947,6.5,0.0,6.5,26.542911358745947,-20.042911358745947,Spring,PRODUCE_PRIORITY
102.0,apartment,15.660091544628461,3.6399999999999997,0.0,3.6399999999999997,15.660091544628461,-12.02009154462846,Spring,PRODUCE_PRIORITY
102.0,family_house,24.4003899106609,10.08,0.0,10.08,24.4003899106609,-14.320389910660898,Spring,PRODUCE_PRIORITY
102.0,luxury_house,32.6192198846302,18.0,0.0,18.0,32.6192198846302,-14.6192198846302,Spring,PRODUCE_PRIORITY
102.0,small_family,27.425011284850648,6.5,0.0,6.5,27.425011284850648,-20.925011284850648,Spring,PRODUCE_PRIORITY
103.0,apartment,15.1264868650077,3.6399999999999997,0.0,3.6399999999999997,15.1264868650077,-11.486486865007699,Spring,PRODUCE_PRIORITY
103.0,family_house,23.841560175918026,10.08,0.0,10.08,23.841560175918026,-13.761560175918026,Spring,PRODUCE_PRIORITY
103.0,luxury_house,32.05293369934114,18.0,0.0,18.0,32.05293369934114,-14.05293369934114,Spring,PRODUCE_PRIORITY
103.0,small_family,26.54291135874595,6.5,0.0,6.5,26.54291135874595,-20.04291135874595,Spring,PRODUCE_PRIORITY
104.0,apartment,13.562037103238136,3.6399999999999997,0.0,3.6399999999999997,13.562037103238136,-9.922037103238136,Spring,PRODUCE_PRIORITY
104.0,family_house,22.203154294602342,10.08,0.0,10.08,22.203154294602342,-12.12315429460234,Spring,PRODUCE_PRIORITY
104.0,luxury_house,30.392666611169243,18.0,0.0,18.0,30.392666611169243,-12.392666611169243,Spring,PRODUCE_PRIORITY
104.0,small_family,23.797723284182442,6.5,0.0,6.5,23.797723284182442,-17.297723284182442,Spring,PRODUCE_PRIORITY
105.0,apartment,11.073356925208902,3.6399999999999997,0.0,3.6399999999999997,11.073356925208902,-7.433356925208901,Spring,PRODUCE_PRIORITY
105.0,family_house,18.617818727622826,10.08,0.0,10.08,18.617818727622826,-8.537818727622826,Spring,PRODUCE_PRIORITY
105.0,luxury_house,25.80583044437746,18.0,0.0,18.0,25.80583044437746,-7.805830444377459,Spring,PRODUCE_PRIORITY
105.0,small_family,19.4307596953991,6.5,0.0,6.5,19.4307596953991,-12.9307596953991,Spring,PRODUCE_PRIORITY
106.0,apartment,7.830045772314235,3.6399999999999997,0.0,3.6399999999999997,7.830045772314235,-4.190045772314235,Spring,PRODUCE_PRIORITY
106.0,family_house,13.164785873204007,10.08,0.0,10.08,13.164785873204007,-3.084785873204008,Spring,PRODUCE_PRIORITY
106.0,luxury_house,18.41705877085095,18.0,0.0,18.0,18.41705877085095,-0.4170587708509489,Spring,PRODUCE_PRIORITY
106.0,small_family,13.739621944222966,6.5,0.0,6.5,13.739621944222966,-7.239621944222965,Spring,PRODUCE_PRIORITY
107.0,apartment,4.053129939798802,3.6399999999999997,0.0,3.6399999999999997,4.053129939798802,-0.4131299397988023,Spring,PRODUCE_PRIORITY
107.0,family_house,6.8145946173636345,10.08,0.0,10.08,6.8145946173636345,3.2654053826363647,Spring,PRODUCE_PRIORITY
107.0,luxury_house,9.533371129337299,18.0,0.0,18.0,9.533371129337299,8.466628870662701,Spring,PRODUCE_PRIORITY
107.0,small_family,7.112151663346858,6.5,0.0,6.5,7.112151663346858,-0.6121516633468584,Spring,PRODUCE_PRIORITY
108.0,apartment,1.9178080984483775e-15,3.6399999999999997,0.0,3.6399999999999997,1.9178080984483775e-15,3.6399999999999975,Spring,PRODUCE_PRIORITY
108.0,family_house,3.2244425762159142e-15,10.08,0.0,10.08,3.2244425762159142e-15,10.079999999999997,Spring,PRODUCE_PRIORITY
108.0,luxury_house,4.510878414686257e-15,18.0,0.0,18.0,4.510878414686257e-15,17.999999999999996,Spring,PRODUCE_PRIORITY
108.0,small_family,3.365236807097476e-15,6.5,0.0,6.5,3.365236807097476e-15,6.4999999999999964,Spring,PRODUCE_PRIORITY
109.0,apartment,0.0,3.6399999999999997,0.0,3.6399999999999997,0.0,3.6399999999999997,Spring,PRODUCE_PRIORITY
109.0,family_house,0.0,10.08,0.0,10.08,0.0,10.08,Spring,PRODUCE_PRIORITY
109.0,luxury_house,0.0,18.0,0.0,18.0,0.0,18.0,Spring,PRODUCE_PRIORITY
109.0,small_family,0.0,6.5,0.0,6.5,0.0,6.5,Spring,PRODUCE_PRIORITY
110.0,apartment,0.0,3.6399999999999997,0.0,3.6399999999999997,0.0,3.6399999999999997,Spring,PRODUCE_PRIORITY
110.0,family_house,0.0,10.08,0.0,10.08,0.0,10.08,Spring,PRODUCE_PRIORITY
110.0,luxury_house,0.0,18.0,0.0,18.0,0.0,18.0,Spring,PRODUCE_PRIORITY
110.0,small_family,0.0,6.5,0.0,6.5,0.0,6.5,Spring,PRODUCE_PRIORITY
111.0,apartment,0.0,3.6399999999999997,0.0,3.6399999999999997,0.0,3.6399999999999997,Spring,PRODUCE_PRIORITY
111.0,family_house,0.0,10.08,0.0,10.08,0.0,10.08,Spring,PRODUCE_PRIORITY
111.0,luxury_house,0.0,18.0,0.0,18.0,0.0,18.0,Spring,PRODUCE_PRIORITY
111.0,small_family,0.0,6.5,0.0,6.5,0.0,6.5,Spring,PRODUCE_PRIORITY
112.0,apartment,0.0,3.6399999999999997,0.0,3.6399999999999997,0.0,3.6399999999999997,Spring,PRODUCE_PRIORITY
112.0,family_house,0.0,10.08,0.0,10.08,0.0,10.08,Spring,PRODUCE_PRIORITY
112.0,luxury_house,0.0,18.0,0.0,18.0,0.0,18.0,Spring,PRODUCE_PRIORITY
112.0,small_family,0.0,6.5,0.0,6.5,0.0,6.5,Spring,PRODUCE_PRIORITY
113.0,apartment,0.0,3.6399999999999997,0.0,3.6399999999999997,0.0,3.6399999999999997,Spring,PRODUCE_PRIORITY
113.0,family_house,0.0,10.08,0.0,10.08,0.0,10.08,Spring,PRODUCE_PRIORITY
113.0,luxury_house,0.0,18.0,0.0,18.0,0.0,18.0,Spring,PRODUCE_PRIORITY
113.0,small_family,0.0,6.5,0.0,6.5,0.0,6.5,Spring,PRODUCE_PRIORITY
114.0,apartment,0.0,32.28773856238827,0.0,32.28773856238827,0.0,32.28773856238827,Spring,PRODUCE_PRIORITY
114.0,family_house,0.0,23.788143485409464,0.0,23.788143485409464,0.0,23.788143485409464,Spring,PRODUCE_PRIORITY
114.0,luxury_house,0.0,29.716052143698988,0.0,29.716052143698988,0.0,29.716052143698988,Spring,PRODUCE_PRIORITY
114.0,small_family,0.0,23.713804654904216,0.0,23.713804654904216,0.0,23.713804654904216,Spring,PRODUCE_PRIORITY
115.0,apartment,0.0,22.388418149304783,0.0,22.388418149304783,0.0,22.388418149304783,Spring,PRODUCE_PRIORITY
115.0,family_house,0.0,25.104860428610973,0.0,25.104860428610973,0.0,25.104860428610973,Spring,PRODUCE_PRIORITY
115.0,luxury_house,0.0,28.444425641082972,0.0,28.444425641082972,0.0,28.444425641082972,Spring,PRODUCE_PRIORITY
115.0,small_family,0.0,28.76647332983748,0.0,28.76647332983748,0.0,28.76647332983748,Spring,PRODUCE_PRIORITY
116.0,apartment,0.0,28.565491294920793,0.0,28.565491294920793,0.0,28.565491294920793,Spring,PRODUCE_PRIORITY
116.0,family_house,0.0,30.285773941793813,0.0,30.285773941793813,0.0,30.285773941793813,Spring,PRODUCE_PRIORITY
116.0,luxury_house,0.0,36.49208774150758,0.0,36.49208774150758,0.0,36.49208774150758,Spring,PRODUCE_PRIORITY
116.0,small_family,0.0,28.542215242275248,0.0,28.542215242275248,0.0,28.542215242275248,Spring,PRODUCE_PRIORITY
117.0,apartment,0.0,25.143528381567332,0.0,25.143528381567332,0.0,25.143528381567332,Spring,PRODUCE_PRIORITY
117.0,family_house,0.0,30.44540564065114,0.0,30.44540564065114,0.0,30.44540564065114,Spring,PRODUCE_PRIORITY
117.0,luxury_house,0.0,32.4067174418527,0.0,32.4067174418527,0.0,32.4067174418527,Spring,PRODUCE_PRIORITY
117.0,small_family,0.0,26.552615960348643,0.0,26.552615960348643,0.0,26.552615960348643,Spring,PRODUCE_PRIORITY
118.0,apartment,0.0,3.6399999999999997,0.0,3.6399999999999997,0.0,3.6399999999999997,Spring,PRODUCE_PRIORITY
118.0,family_house,0.0,10.08,0.0,10.08,0.0,10.08,Spring,PRODUCE_PRIORITY
118.0,luxury_house,0.0,18.0,0.0,18.0,0.0,18.0,Spring,PRODUCE_PRIORITY
118.0,small_family,0.0,6.5,0.0,6.5,0.0,6.5,Spring,PRODUCE_PRIORITY
119.0,apartment,0.0,3.6399999999999997,0.0,3.6399999999999997,0.0,3.6399999999999997,Spring,PRODUCE_PRIORITY
119.0,family_house,0.0,10.08,0.0,10.08,0.0,10.08,Spring,PRODUCE_PRIORITY
119.0,luxury_house,0.0,18.0,0.0,18.0,0.0,18.0,Spring,PRODUCE_PRIORITY
119.0,small_family,0.0,6.5,0.0,6.5,0.0,6.5,Spring,PRODUCE_PRIORITY
120.0,apartment,0.0,3.6399999999999997,0.0,3.6399999999999997,0.0,3.6399999999999997,Spring,PRODUCE_PRIORITY
120.0,family_house,0.0,10.08,0.0,10.08,0.0,10.08,Spring,PRODUCE_PRIORITY
120.0,luxury_house,0.0,18.0,0.0,18.0,0.0,18.0,Spring,PRODUCE_PRIORITY
120.0,small_family,0.0,6.5,0.0,6.5,0.0,6.5,Spring,PRODUCE_PRIORITY
121.0,apartment,4.415178898805989,3.6399999999999997,0.0,3.6399999999999997,4.415178898805989,-0.7751788988059892,Spring,PRODUCE_PRIORITY
121.0,family_house,6.494037072121562,10.08,0.0,10.08,6.494037072121562,3.585962927878438,Spring,PRODUCE_PRIORITY
121.0,luxury_house,11.13997198059132,18.0,0.0,18.0,11.13997198059132,6.860028019408681,Spring,PRODUCE_PRIORITY
121.0,small_family,6.418649016107563,6.5,0.0,6.5,6.418649016107563,0.081350983892437,Spring,PRODUCE_PRIORITY
122.0,apartment,8.529470652086466,3.6399999999999997,0.0,3.6399999999999997,8.529470652086466,-4.889470652086466,Spring,PRODUCE_PRIORITY
122.0,family_house,12.545516249681722,10.08,0.0,10.08,12.545516249681722,-2.4655162496817216,Spring,PRODUCE_PRIORITY
122.0,luxury_house,21.520773280379476,18.0,0.0,18.0,21.520773280379476,-3.520773280379477,Spring,PRODUCE_PRIORITY
122.0,small_family,12.399877709086425,6.5,0.0,6.5,12.399877709086425,-5.899877709086424,Spring,PRODUCE_PRIORITY
123.0,apartment,12.062493076043971,3.6399999999999997,0.0,3.6399999999999997,12.062493076043971,-8.42249307604397,Spring,PRODUCE_PRIORITY
123.0,family_house,17.742039227271942,10.08,0.0,10.08,17.742039227271942,-7.6620392272719435,Spring,PRODUCE_PRIORITY
123.0,luxury_house,29.4185709970334,18.0,0.0,18.0,29.4185709970334,-11.418570997033397,Spring,PRODUCE_PRIORITY
123.0,small_family,17.536075227957852,6.5,0.0,6.5,17.536075227957852,-11.03607522795785,Spring,PRODUCE_PRIORITY
124.0,apartment,14.773476531081405,3.6399999999999997,0.0,3.6399999999999997,14.773476531081405,-11.133476531081405,Spring,PRODUCE_PRIORITY
124.0,family_house,21.529143189162063,10.08,0.0,10.08,21.529143189162063,-11.449143189162061,Spring,PRODUCE_PRIORITY
124.0,luxury_house,33.06007468693954,18.0,0.0,18.0,33.06007468693954,-15.060074686939538,Spring,PRODUCE_PRIORITY
124.0,small_family,21.477218199778463,6.5,0.0,6.5,21.477218199778463,-14.977218199778465,Spring,PRODUCE_PRIORITY
125.0,apartment,16.477671974849954,3.6399999999999997,0.0,3.6399999999999997,16.477671974849954,-12.837671974849956,Spring,PRODUCE_PRIORITY
125.0,family_house,23.551218757718157,10.08,0.0,10.08,23.551218757718157,-13.471218757718159,Spring,PRODUCE_PRIORITY
125.0,luxury_house,34.41197130950841,18.0,0.0,18.0,34.41197130950841,-16.411971309508413,Spring,PRODUCE_PRIORITY
125.0,small_family,23.76716490153245,6.5,0.0,6.5,23.76716490153245,-17.26716490153245,Spring,PRODUCE_PRIORITY
126.0,apartment,17.058941304172933,3.6399999999999997,0.0,3.6399999999999997,17.058941304172933,-13.418941304172934,Spring,PRODUCE_PRIORITY
126.0,family_house,24.240911077852424,10.08,0.0,10.08,24.240911077852424,-14.160911077852425,Spring,PRODUCE_PRIORITY
126.0,luxury_house,34.77926588784724,18.0,0.0,18.0,34.77926588784724,-16.779265887847238,Spring,PRODUCE_PRIORITY
126.0,small_family,24.464474976794776,6.5,0.0,6.5,24.464474976794776,-17.964474976794776,Spring,PRODUCE_PRIORITY
127.0,apartment,16.477671974849958,3.6399999999999997,0.0,3.6399999999999997,16.477671974849958,-12.83767197484996,Spring,PRODUCE_PRIORITY
127.0,family_house,21.432863763212342,10.08,0.0,10.08,21.432863763212342,-11.35286376321234,Spring,PRODUCE_PRIORITY
127.0,luxury_house,34.41197130950841,18.0,0.0,18.0,34.41197130950841,-16.411971309508413,Spring,PRODUCE_PRIORITY
127.0,small_family,23.767164901532453,6.5,0.0,6.5,23.767164901532453,-17.267164901532453,Spring,PRODUCE_PRIORITY
128.0,apartment,14.773476531081405,3.6399999999999997,0.0,3.6399999999999997,14.773476531081405,-11.133476531081405,Spring,PRODUCE_PRIORITY
128.0,family_house,19.629878059743458,10.08,0.0,10.08,19.629878059743458,-9.54987805974346,Spring,PRODUCE_PRIORITY
128.0,luxury_house,33.060074686939544,18.0,0.0,18.0,33.060074686939544,-15.06007468693954,Spring,PRODUCE_PRIORITY
128.0,small_family,21.477218199778466,6.5,0.0,6.5,21.477218199778466,-14.977218199778466,Spring,PRODUCE_PRIORITY
129.0,apartment,12.062493076043971,3.6399999999999997,0.0,3.6399999999999997,12.062493076043971,-8.42249307604397,Spring,PRODUCE_PRIORITY
129.0,family_house,16.191295742826394,10.08,0.0,10.08,16.191295742826394,-6.111295742826396,Spring,PRODUCE_PRIORITY
129.0,luxury_house,29.4185709970334,18.0,0.0,18.0,29.4185709970334,-11.418570997033397,Spring,PRODUCE_PRIORITY
129.0,small_family,17.536075227957852,6.5,0.0,6.5,17.536075227957852,-11.03607522795785,Spring,PRODUCE_PRIORITY
130.0,apartment,8.529470652086472,3.6399999999999997,0.0,3.6399999999999997,8.529470652086472,-4.889470652086473,Spring,PRODUCE_PRIORITY
130.0,family_house,11.44897501594943,10.08,0.0,10.08,11.44897501594943,-1.3689750159494292,Spring,PRODUCE_PRIORITY
130.0,luxury_house,21.520773280379494,18.0,0.0,18.0,21.520773280379494,-3.520773280379493,Spring,PRODUCE_PRIORITY
130.0,small_family,12.399877709086434,6.5,0.0,6.5,12.399877709086434,-5.899877709086434,Spring,PRODUCE_PRIORITY
131.0,apartment,4.415178898805994,3.6399999999999997,0.0,3.6399999999999997,4.415178898805994,-0.7751788988059941,Spring,PRODUCE_PRIORITY
131.0,family_house,5.926425562061299,10.08,0.0,10.08,5.926425562061299,4.1535744379387,Spring,PRODUCE_PRIORITY
131.0,luxury_house,11.139971980591332,18.0,0.0,18.0,11.139971980591332,6.860028019408668,Spring,PRODUCE_PRIORITY
131.0,small_family,6.41864901610757,6.5,0.0,6.5,6.41864901610757,0.08135098389242995,Spring,PRODUCE_PRIORITY
132.0,apartment,2.0891177864997957e-15,3.6399999999999997,0.0,3.6399999999999997,2.0891177864997957e-15,3.6399999999999975,Spring,PRODUCE_PRIORITY
132.0,family_house,2.8041901213600955e-15,10.08,0.0,10.08,2.8041901213600955e-15,10.079999999999997,Spring,PRODUCE_PRIORITY
132.0,luxury_house,5.271069222598523e-15,18.0,0.0,18.0,5.271069222598523e-15,17.999999999999996,Spring,PRODUCE_PRIORITY
132.0,small_family,3.0370941092502617e-15,6.5,0.0,6.5,3.0370941092502617e-15,6.4999999999999964,Spring,PRODUCE_PRIORITY
133.0,apartment,0.0,3.6399999999999997,0.0,3.6399999999999997,0.0,3.6399999999999997,Spring,PRODUCE_PRIORITY
133.0,family_house,0.0,10.08,0.0,10.08,0.0,10.08,Spring,PRODUCE_PRIORITY
133.0,luxury_house,0.0,18.0,0.0,18.0,0.0,18.0,Spring,PRODUCE_PRIORITY
133.0,small_family,0.0,6.5,0.0,6.5,0.0,6.5,Spring,PRODUCE_PRIORITY
134.0,apartment,0.0,3.6399999999999997,0.0,3.6399999999999997,0.0,3.6399999999999997,Spring,PRODUCE_PRIORITY
134.0,family_house,0.0,10.08,0.0,10.08,0.0,10.08,Spring,PRODUCE_PRIORITY
134.0,luxury_house,0.0,18.0,0.0,18.0,0.0,18.0,Spring,PRODUCE_PRIORITY
134.0,small_family,0.0,6.5,0.0,6.5,0.0,6.5,Spring,PRODUCE_PRIORITY
135.0,apartment,0.0,3.6399999999999997,0.0,3.6399999999999997,0.0,3.6399999999999997,Spring,PRODUCE_PRIORITY
135.0,family_house,0.0,10.08,0.0,10.08,0.0,10.08,Spring,PRODUCE_PRIORITY
135.0,luxury_house,0.0,18.0,0.0,18.0,0.0,18.0,Spring,PRODUCE_PRIORITY
135.0,small_family,0.0,6.5,0.0,6.5,0.0,6.5,Spring,PRODUCE_PRIORITY
136.0,apartment,0.0,3.6399999999999997,0.0,3.6399999999999997,0.0,3.6399999999999997,Spring,PRODUCE_PRIORITY
136.0,family_house,0.0,10.08,0.0,10.08,0.0,10.08,Spring,PRODUCE_PRIORITY
136.0,luxury_house,0.0,18.0,0.0,18.0,0.0,18.0,Spring,PRODUCE_PRIORITY
136.0,small_family,0.0,6.5,0.0,6.5,0.0,6.5,Spring,PRODUCE_PRIORITY
137.0,apartment,0.0,3.6399999999999997,0.0,3.6399999999999997,0.0,3.6399999999999997,Spring,PRODUCE_PRIORITY
137.0,family_house,0.0,10.08,0.0,10.08,0.0,10.08,Spring,PRODUCE_PRIORITY
137.0,luxury_house,0.0,18.0,0.0,18.0,0.0,18.0,Spring,PRODUCE_PRIORITY
137.0,small_family,0.0,6.5,0.0,6.5,0.0,6.5,Spring,PRODUCE_PRIORITY
138.0,apartment,0.0,20.553879457712632,0.0,20.553879457712632,0.0,20.553879457712632,Spring,PRODUCE_PRIORITY
138.0,family_house,0.0,28.76770425074241,0.0,28.76770425074241,0.0,28.76770425074241,Spring,PRODUCE_PRIORITY
138.0,luxury_house,0.0,39.55543961659822,0.0,39.55543961659822,0.0,39.55543961659822,Spring,PRODUCE_PRIORITY
138.0,small_family,0.0,24.56830446203232,0.0,24.56830446203232,0.0,24.56830446203232,Spring,PRODUCE_PRIORITY
139.0,apartment,0.0,22.645781584164325,0.0,22.645781584164325,0.0,22.645781584164325,Spring,PRODUCE_PRIORITY
139.0,family_house,0.0,22.494960299852252,0.0,22.494960299852252,0.0,22.494960299852252,Spring,PRODUCE_PRIORITY
139.0,luxury_house,0.0,36.06609901390222,0.0,36.06609901390222,0.0,36.06609901390222,Spring,PRODUCE_PRIORITY
139.0,small_family,0.0,28.4736186451615,0.0,28.4736186451615,0.0,28.4736186451615,Spring,PRODUCE_PRIORITY
140.0,apartment,0.0,22.081785586035892,0.0,22.081785586035892,0.0,22.081785586035892,Spring,PRODUCE_PRIORITY
140.0,family_house,0.0,27.915856437829525,0.0,27.915856437829525,0.0,27.915856437829525,Spring,PRODUCE_PRIORITY
140.0,luxury_house,0.0,38.00123203652155,0.0,38.00123203652155,0.0,38.00123203652155,Spring,PRODUCE_PRIORITY
140.0,small_family,0.0,20.363651050665176,0.0,20.363651050665176,0.0,20.363651050665176,Spring,PRODUCE_PRIORITY
141.0,apartment,0.0,21.46360942124763,0.0,21.46360942124763,0.0,21.46360942124763,Spring,PRODUCE_PRIORITY
141.0,family_house,0.0,35.71757090227477,0.0,35.71757090227477,0.0,35.71757090227477,Spring,PRODUCE_PRIORITY
141.0,luxury_house,0.0,34.9761777628941,0.0,34.9761777628941,0.0,34.9761777628941,Spring,PRODUCE_PRIORITY
141.0,small_family,0.0,26.829676725900484,0.0,26.829676725900484,0.0,26.829676725900484,Spring,PRODUCE_PRIORITY
142.0,apartment,0.0,3.6399999999999997,0.0,3.6399999999999997,0.0,3.6399999999999997,Spring,PRODUCE_PRIORITY
142.0,family_house,0.0,10.08,0.0,10.08,0.0,10.08,Spring,PRODUCE_PRIORITY
142.0,luxury_house,0.0,18.0,0.0,18.0,0.0,18.0,Spring,PRODUCE_PRIORITY
142.0,small_family,0.0,6.5,0.0,6.5,0.0,6.5,Spring,PRODUCE_PRIORITY
143.0,apartment,0.0,3.6399999999999997,0.0,3.6399999999999997,0.0,3.6399999999999997,Spring,PRODUCE_PRIORITY
143.0,family_house,0.0,10.08,0.0,10.08,0.0,10.08,Spring,PRODUCE_PRIORITY
143.0,luxury_house,0.0,18.0,0.0,18.0,0.0,18.0,Spring,PRODUCE_PRIORITY
143.0,small_family,0.0,6.5,0.0,6.5,0.0,6.5,Spring,PRODUCE_PRIORITY
144.0,apartment,0.0,3.6399999999999997,0.0,3.6399999999999997,0.0,3.6399999999999997,Spring,PRODUCE_PRIORITY
144.0,family_house,0.0,10.08,0.0,10.08,0.0,10.08,Spring,PRODUCE_PRIORITY
144.0,luxury_house,0.0,18.0,0.0,18.0,0.0,18.0,Spring,PRODUCE_PRIORITY
144.0,small_family,0.0,6.5,0.0,6.5,0.0,6.5,Spring,PRODUCE_PRIORITY
145.0,apartment,4.683417514968182,3.6399999999999997,0.0,3.6399999999999997,4.683417514968182,-1.043417514968183,Spring,PRODUCE_PRIORITY
145.0,family_house,7.615039492861729,10.08,0.0,10.08,7.615039492861729,2.464960507138271,Spring,PRODUCE_PRIORITY
145.0,luxury_house,9.985404624499843,18.0,0.0,18.0,9.985404624499843,8.014595375500157,Spring,PRODUCE_PRIORITY
145.0,small_family,5.501978026257567,6.5,0.0,6.5,5.501978026257567,0.9980219737424332,Spring,PRODUCE_PRIORITY
146.0,apartment,9.047667866004673,3.6399999999999997,0.0,3.6399999999999997,9.047667866004673,-5.407667866004672,Spring,PRODUCE_PRIORITY
146.0,family_house,14.711126628732705,10.08,0.0,10.08,14.711126628732705,-4.631126628732705,Spring,PRODUCE_PRIORITY
146.0,luxury_house,19.290320425501385,18.0,0.0,18.0,19.290320425501385,-1.2903204255013858,Spring,PRODUCE_PRIORITY
146.0,small_family,10.629005342474272,6.5,0.0,6.5,10.629005342474272,-4.129005342474273,Spring,PRODUCE_PRIORITY
147.0,apartment,12.79533460395105,3.6399999999999997,0.0,3.6399999999999997,12.79533460395105,-9.15533460395105,Spring,PRODUCE_PRIORITY
147.0,family_house,20.804674796141782,10.08,0.0,10.08,20.804674796141782,-10.724674796141784,Spring,PRODUCE_PRIORITY
147.0,luxury_house,26.458490557955123,18.0,0.0,18.0,26.458490557955123,-8.458490557955125,Spring,PRODUCE_PRIORITY
147.0,small_family,15.031683509863205,6.5,0.0,6.5,15.031683509863205,-8.531683509863205,Spring,PRODUCE_PRIORITY
148.0,apartment,15.671020433928376,3.6399999999999997,0.0,3.6399999999999997,15.671020433928376,-12.031020433928377,Spring,PRODUCE_PRIORITY
148.0,family_house,26.782903860835308,10.08,0.0,10.08,26.782903860835308,-16.70290386083531,Spring,PRODUCE_PRIORITY
148.0,luxury_house,30.535546684525144,18.0,0.0,18.0,30.535546684525144,-12.535546684525144,Spring,PRODUCE_PRIORITY
148.0,small_family,18.409977287086477,6.5,0.0,6.5,18.409977287086477,-11.909977287086479,Spring,PRODUCE_PRIORITY
149.0,apartment,17.47875211891923,3.6399999999999997,0.0,3.6399999999999997,17.47875211891923,-13.838752118919231,Spring,PRODUCE_PRIORITY
149.0,family_house,28.984246053704176,10.08,0.0,10.08,28.984246053704176,-18.904246053704178,Spring,PRODUCE_PRIORITY
149.0,luxury_house,32.67371600039807,18.0,0.0,18.0,32.67371600039807,-14.673716000398072,Spring,PRODUCE_PRIORITY
149.0,small_family,20.533661536120768,6.5,0.0,6.5,20.533661536120768,-14.033661536120768,Spring,PRODUCE_PRIORITY
150.0,apartment,18.095335732009346,3.6399999999999997,0.0,3.6399999999999997,18.095335732009346,-14.455335732009349,Spring,PRODUCE_PRIORITY
150.0,family_house,29.583385381623884,10.08,0.0,10.08,29.583385381623884,-19.503385381623886,Spring,PRODUCE_PRIORITY
150.0,luxury_house,33.40300573577493,18.0,0.0,18.0,33.40300573577493,-15.403005735774935,Spring,PRODUCE_PRIORITY
150.0,small_family,21.25801068494855,6.5,0.0,6.5,21.25801068494855,-14.75801068494855,Spring,PRODUCE_PRIORITY
151.0,apartment,17.478752118919232,3.6399999999999997,0.0,3.6399999999999997,17.478752118919232,-13.838752118919233,Spring,PRODUCE_PRIORITY
151.0,family_house,28.984246053704176,10.08,0.0,10.08,28.984246053704176,-18.904246053704178,Spring,PRODUCE_PRIORITY
151.0,luxury_house,32.67371600039807,18.0,0.0,18.0,32.67371600039807,-14.673716000398072,Spring,PRODUCE_PRIORITY
151.0,small_family,20.53366153612077,6.5,0.0,6.5,20.53366153612077,-14.033661536120773,Spring,PRODUCE_PRIORITY
152.0,apartment,15.671020433928376,3.6399999999999997,0.0,3.6399999999999997,15.671020433928376,-12.031020433928377,Spring,PRODUCE_PRIORITY
152.0,family_house,26.78290386083531,10.08,0.0,10.08,26.78290386083531,-16.702903860835313,Spring,PRODUCE_PRIORITY
152.0,luxury_house,30.535546684525144,18.0,0.0,18.0,30.535546684525144,-12.535546684525146,Spring,PRODUCE_PRIORITY
152.0,small_family,18.40997728708648,6.5,0.0,6.5,18.40997728708648,-11.90997728708648,Spring,PRODUCE_PRIORITY
153.0,apartment,12.79533460395105,3.6399999999999997,0.0,3.6399999999999997,12.79533460395105,-9.15533460395105,Spring,PRODUCE_PRIORITY
153.0,family_house,22.132303601784592,10.08,0.0,10.08,22.132303601784592,-12.052303601784594,Spring,PRODUCE_PRIORITY
153.0,luxury_house,26.458490557955123,18.0,0.0,18.0,26.458490557955123,-8.458490557955125,Spring,PRODUCE_PRIORITY
153.0,small_family,15.031683509863205,6.5,0.0,6.5,15.031683509863205,-8.531683509863205,Spring,PRODUCE_PRIORITY
154.0,apartment,9.04766786600468,3.6399999999999997,0.0,3.6399999999999997,9.04766786600468,-5.4076678660046795,Spring,PRODUCE_PRIORITY
154.0,family_house,15.649901960101346,10.08,0.0,10.08,15.649901960101346,-5.569901960101346,Spring,PRODUCE_PRIORITY
154.0,luxury_house,19.290320425501402,18.0,0.0,18.0,19.290320425501402,-1.2903204255014011,Spring,PRODUCE_PRIORITY
154.0,small_family,10.629005342474281,6.5,0.0,6.5,10.629005342474281,-4.129005342474281,Spring,PRODUCE_PRIORITY
155.0,apartment,4.683417514968188,3.6399999999999997,0.0,3.6399999999999997,4.683417514968188,-1.0434175149681884,Spring,PRODUCE_PRIORITY
155.0,family_house,8.100985362522998,10.08,0.0,10.08,8.100985362522998,1.9790146374770008,Spring,PRODUCE_PRIORITY
155.0,luxury_house,9.985404624499854,18.0,0.0,18.0,9.985404624499854,8.014595375500146,Spring,PRODUCE_PRIORITY
155.0,small_family,5.501978026257573,6.5,0.0,6.5,5.501978026257573,0.9980219737424272,Spring,PRODUCE_PRIORITY
156.0,apartment,2.2160394983701973e-15,3.6399999999999997,0.0,3.6399999999999997,2.2160394983701973e-15,3.6399999999999975,Spring,PRODUCE_PRIORITY
156.0,family_house,3.833120468481598e-15,10.08,0.0,10.08,3.833120468481598e-15,10.079999999999995,Spring,PRODUCE_PRIORITY
156.0,luxury_house,4.7247658327234165e-15,18.0,0.0,18.0,4.7247658327234165e-15,17.999999999999996,Spring,PRODUCE_PRIORITY
156.0,small_family,2.6033554741562476e-15,6.5,0.0,6.5,2.6033554741562476e-15,6.499999999999997,Spring,PRODUCE_PRIORITY
157.0,apartment,0.0,3.6399999999999997,0.0,3.6399999999999997,0.0,3.6399999999999997,Spring,PRODUCE_PRIORITY
157.0,family_house,0.0,10.08,0.0,10.08,0.0,10.08,Spring,PRODUCE_PRIORITY
157.0,luxury_house,0.0,18.0,0.0,18.0,0.0,18.0,Spring,PRODUCE_PRIORITY
157.0,small_family,0.0,6.5,0.0,6.5,0.0,6.5,Spring,PRODUCE_PRIORITY
158.0,apartment,0.0,3.6399999999999997,0.0,3.6399999999999997,0.0,3.6399999999999997,Spring,PRODUCE_PRIORITY
158.0,family_house,0.0,10.08,0.0,10.08,0.0,10.08,Spring,PRODUCE_PRIORITY
158.0,luxury_house,0.0,18.0,0.0,18.0,0.0,18.0,Spring,PRODUCE_PRIORITY
158.0,small_family,0.0,6.5,0.0,6.5,0.0,6.5,Spring,PRODUCE_PRIORITY
159.0,apartment,0.0,3.6399999999999997,0.0,3.6399999999999997,0.0,3.6399999999999997,Spring,PRODUCE_PRIORITY
159.0,family_house,0.0,10.08,0.0,10.08,0.0,10.08,Spring,PRODUCE_PRIORITY
159.0,luxury_house,0.0,18.0,0.0,18.0,0.0,18.0,Spring,PRODUCE_PRIORITY
159.0,small_family,0.0,6.5,0.0,6.5,0.0,6.5,Spring,PRODUCE_PRIORITY
160.0,apartment,0.0,3.6399999999999997,0.0,3.6399999999999997,0.0,3.6399999999999997,Spring,PRODUCE_PRIORITY
160.0,family_house,0.0,10.08,0.0,10.08,0.0,10.08,Spring,PRODUCE_PRIORITY
160.0,luxury_house,0.0,18.0,0.0,18.0,0.0,18.0,Spring,PRODUCE_PRIORITY
160.0,small_family,0.0,6.5,0.0,6.5,0.0,6.5,Spring,PRODUCE_PRIORITY
161.0,apartment,0.0,3.6399999999999997,0.0,3.6399999999999997,0.0,3.6399999999999997,Spring,PRODUCE_PRIORITY
161.0,family_house,0.0,10.08,0.0,10.08,0.0,10.08,Spring,PRODUCE_PRIORITY
161.0,luxury_house,0.0,18.0,0.0,18.0,0.0,18.0,Spring,PRODUCE_PRIORITY
161.0,small_family,0.0,6.5,0.0,6.5,0.0,6.5,Spring,PRODUCE_PRIORITY
162.0,apartment,0.0,19.87321512006857,0.0,19.87321512006857,0.0,19.87321512006857,Spring,PRODUCE_PRIORITY
162.0,family_house,0.0,25.326290592813763,0.0,25.326290592813763,0.0,25.326290592813763,Spring,PRODUCE_PRIORITY
162.0,luxury_house,0.0,36.196547693603215,0.0,36.196547693603215,0.0,36.196547693603215,Spring,PRODUCE_PRIORITY
162.0,small_family,0.0,27.84358172909247,0.0,27.84358172909247,0.0,27.84358172909247,Spring,PRODUCE_PRIORITY
163.0,apartment,0.0,18.470361588922145,0.0,18.470361588922145,0.0,18.470361588922145,Spring,PRODUCE_PRIORITY
163.0,family_house,0.0,27.485888787574474,0.0,27.485888787574474,0.0,27.485888787574474,Spring,PRODUCE_PRIORITY
163.0,luxury_house,0.0,33.98395420377856,0.0,33.98395420377856,0.0,33.98395420377856,Spring,PRODUCE_PRIORITY
163.0,small_family,0.0,25.44763255786802,0.0,25.44763255786802,0.0,25.44763255786802,Spring,PRODUCE_PRIORITY
164.0,apartment,0.0,22.14251168945695,0.0,22.14251168945695,0.0,22.14251168945695,Spring,PRODUCE_PRIORITY
164.0,family_house,0.0,22.25279818615299,0.0,22.25279818615299,0.0,22.25279818615299,Spring,PRODUCE_PRIORITY
164.0,luxury_house,0.0,36.87086398666,0.0,36.87086398666,0.0,36.87086398666,Spring,PRODUCE_PRIORITY
164.0,small_family,0.0,28.38200040904265,0.0,28.38200040904265,0.0,28.38200040904265,Spring,PRODUCE_PRIORITY
165.0,apartment,0.0,28.20653899244788,0.0,28.20653899244788,0.0,28.20653899244788,Spring,PRODUCE_PRIORITY
165.0,family_house,0.0,29.27926015344545,0.0,29.27926015344545,0.0,29.27926015344545,Spring,PRODUCE_PRIORITY
165.0,luxury_house,0.0,35.63396137873401,0.0,35.63396137873401,0.0,35.63396137873401,Spring,PRODUCE_PRIORITY
165.0,small_family,0.0,27.395403584576243,0.0,27.395403584576243,0.0,27.395403584576243,Spring,PRODUCE_PRIORITY
166.0,apartment,0.0,3.6399999999999997,0.0,3.6399999999999997,0.0,3.6399999999999997,Spring,PRODUCE_PRIORITY
166.0,family_house,0.0,10.08,0.0,10.08,0.0,10.08,Spring,PRODUCE_PRIORITY
166.0,luxury_house,0.0,18.0,0.0,18.0,0.0,18.0,Spring,PRODUCE_PRIORITY
166.0,small_family,0.0,6.5,0.0,6.5,0.0,6.5,Spring,PRODUCE_PRIORITY
167.0,apartment,0.0,3.6399999999999997,0.0,3.6399999999999997,0.0,3.6399999999999997,Spring,PRODUCE_PRIORITY
167.0,family_house,0.0,10.08,0.0,10.08,0.0,10.08,Spring,PRODUCE_PRIORITY
167.0,luxury_house,0.0,18.0,0.0,18.0,0.0,18.0,Spring,PRODUCE_PRIORITY
167.0,small_family,0.0,6.5,0.0,6.5,0.0,6.5,Spring,PRODUCE_PRIORITY
168.0,apartment,0.0,3.6399999999999997,0.0,3.6399999999999997,0.0,3.6399999999999997,Spring,PRODUCE_PRIORITY
168.0,family_house,0.0,10.08,0.0,10.08,0.0,10.08,Spring,PRODUCE_PRIORITY
168.0,luxury_house,0.0,18.0,0.0,18.0,0.0,18.0,Spring,PRODUCE_PRIORITY
168.0,small_family,0.0,6.5,0.0,6.5,0.0,6.5,Spring,PRODUCE_PRIORITY
169.0,apartment,5.189236300671345,3.6399999999999997,0.0,3.6399999999999997,5.189236300671345,-1.5492363006713452,Spring,PRODUCE_PRIORITY
169.0,family_house,7.147093711343444,10.08,0.0,10.08,7.147093711343444,2.932906288656556,Spring,PRODUCE_PRIORITY
169.0,luxury_house,10.21696281594433,18.0,0.0,18.0,10.21696281594433,7.78303718405567,Spring,PRODUCE_PRIORITY
169.0,small_family,5.895203472365146,6.5,0.0,6.5,5.895203472365146,0.6047965276348546,Spring,PRODUCE_PRIORITY
170.0,apartment,10.024834723070393,3.6399999999999997,0.0,3.6399999999999997,10.024834723070393,-6.384834723070393,Spring,PRODUCE_PRIORITY
170.0,family_house,13.807124797389639,10.08,0.0,10.08,13.807124797389639,-3.7271247973896386,Spring,PRODUCE_PRIORITY
170.0,luxury_house,19.737656500311424,18.0,0.0,18.0,19.737656500311424,-1.737656500311425,Spring,PRODUCE_PRIORITY
170.0,small_family,11.388658570372973,6.5,0.0,6.5,11.388658570372973,-4.888658570372974,Spring,PRODUCE_PRIORITY
171.0,apartment,14.177257225914884,3.6399999999999997,0.0,3.6399999999999997,14.177257225914884,-10.537257225914884,Spring,PRODUCE_PRIORITY
171.0,family_house,19.526223145846302,10.08,0.0,10.08,19.526223145846302,-9.446223145846304,Spring,PRODUCE_PRIORITY
171.0,luxury_house,27.9132615122019,18.0,0.0,18.0,27.9132615122019,-9.9132615122019,Spring,PRODUCE_PRIORITY
171.0,small_family,16.10599540745805,6.5,0.0,6.5,16.10599540745805,-9.605995407458048,Spring,PRODUCE_PRIORITY
172.0,apartment,17.3635230778386,3.6399999999999997,0.0,3.6399999999999997,17.3635230778386,-13.7235230778386,Spring,PRODUCE_PRIORITY
172.0,family_house,22.92596278368809,10.08,0.0,10.08,22.92596278368809,-12.845962783688089,Spring,PRODUCE_PRIORITY
172.0,luxury_house,33.46838197994034,18.0,0.0,18.0,33.46838197994034,-15.46838197994034,Spring,PRODUCE_PRIORITY
172.0,small_family,19.725735273940728,6.5,0.0,6.5,19.725735273940728,-13.225735273940728,Spring,PRODUCE_PRIORITY
173.0,apartment,19.366493526586225,3.6399999999999997,0.0,3.6399999999999997,19.366493526586225,-15.726493526586225,Spring,PRODUCE_PRIORITY
173.0,family_house,24.647748290051787,10.08,0.0,10.08,24.647748290051787,-14.567748290051789,Spring,PRODUCE_PRIORITY
173.0,luxury_house,36.558691239641746,18.0,0.0,18.0,36.558691239641746,-18.558691239641742,Spring,PRODUCE_PRIORITY
173.0,small_family,22.00119887982319,6.5,0.0,6.5,22.00119887982319,-15.501198879823189,Spring,PRODUCE_PRIORITY
174.0,apartment,20.04966944614079,3.6399999999999997,0.0,3.6399999999999997,20.04966944614079,-16.40966944614079,Spring,PRODUCE_PRIORITY
174.0,family_house,25.235017262153306,10.08,0.0,10.08,25.235017262153306,-15.155017262153308,Spring,PRODUCE_PRIORITY
174.0,luxury_house,37.506964214097515,18.0,0.0,18.0,37.506964214097515,-19.506964214097515,Spring,PRODUCE_PRIORITY
174.0,small_family,22.777317140745954,6.5,0.0,6.5,22.777317140745954,-16.277317140745954,Spring,PRODUCE_PRIORITY
175.0,apartment,19.36649352658623,3.6399999999999997,0.0,3.6399999999999997,19.36649352658623,-15.726493526586228,Spring,PRODUCE_PRIORITY
175.0,family_house,24.647748290051787,10.08,0.0,10.08,24.647748290051787,-14.567748290051789,Spring,PRODUCE_PRIORITY
175.0,luxury_house,36.558691239641746,18.0,0.0,18.0,36.558691239641746,-18.558691239641742,Spring,PRODUCE_PRIORITY
175.0,small_family,22.001198879823193,6.5,0.0,6.5,22.001198879823193,-15.501198879823193,Spring,PRODUCE_PRIORITY
176.0,apartment,17.3635230778386,3.6399999999999997,0.0,3.6399999999999997,17.3635230778386,-13.7235230778386,Spring,PRODUCE_PRIORITY
176.0,family_house,22.925962783688092,10.08,0.0,10.08,22.925962783688092,-12.845962783688092,Spring,PRODUCE_PRIORITY
176.0,luxury_house,33.46838197994035,18.0,0.0,18.0,33.46838197994035,-15.468381979940343,Spring,PRODUCE_PRIORITY
176.0,small_family,19.725735273940728,6.5,0.0,6.5,19.725735273940728,-13.22573527394073,Spring,PRODUCE_PRIORITY
177.0,apartment,14.177257225914884,3.6399999999999997,0.0,3.6399999999999997,14.177257225914884,-10.537257225914884,Spring,PRODUCE_PRIORITY
177.0,family_house,19.526223145846302,10.08,0.0,10.08,19.526223145846302,-9.446223145846304,Spring,PRODUCE_PRIORITY
177.0,luxury_house,27.9132615122019,18.0,0.0,18.0,27.9132615122019,-9.9132615122019,Spring,PRODUCE_PRIORITY
177.0,small_family,16.10599540745805,6.5,0.0,6.5,16.10599540745805,-9.605995407458048,Spring,PRODUCE_PRIORITY
178.0,apartment,10.0248347230704,3.6399999999999997,0.0,3.6399999999999997,10.0248347230704,-6.384834723070401,Spring,PRODUCE_PRIORITY
178.0,family_house,13.80712479738965,10.08,0.0,10.08,13.80712479738965,-3.7271247973896497,Spring,PRODUCE_PRIORITY
178.0,luxury_house,19.73765650031144,18.0,0.0,18.0,19.73765650031144,-1.7376565003114404,Spring,PRODUCE_PRIORITY
178.0,small_family,11.388658570372984,6.5,0.0,6.5,11.388658570372984,-4.888658570372983,Spring,PRODUCE_PRIORITY
179.0,apartment,5.18923630067135,3.6399999999999997,0.0,3.6399999999999997,5.18923630067135,-1.549236300671351,Spring,PRODUCE_PRIORITY
179.0,family_house,7.147093711343452,10.08,0.0,10.08,7.147093711343452,2.9329062886565485,Spring,PRODUCE_PRIORITY
179.0,luxury_house,10.216962815944342,18.0,0.0,18.0,10.216962815944342,7.783037184055659,Spring,PRODUCE_PRIORITY
179.0,small_family,5.895203472365152,6.5,0.0,6.5,5.895203472365152,0.6047965276348477,Spring,PRODUCE_PRIORITY
180.0,apartment,2.45537635111788e-15,3.6399999999999997,0.0,3.6399999999999997,2.45537635111788e-15,3.639999999999997,Spring,PRODUCE_PRIORITY
180.0,family_house,3.3817702377102544e-15,10.08,0.0,10.08,3.3817702377102544e-15,10.079999999999997,Spring,PRODUCE_PRIORITY
180.0,luxury_house,4.834331571155268e-15,18.0,0.0,18.0,4.834331571155268e-15,17.999999999999996,Spring,PRODUCE_PRIORITY
180.0,small_family,2.7894168529578675e-15,6.5,0.0,6.5,2.7894168529578675e-15,6.499999999999997,Spring,PRODUCE_PRIORITY
181.0,apartment,0.0,3.6399999999999997,0.0,3.6399999999999997,0.0,3.6399999999999997,Spring,PRODUCE_PRIORITY
181.0,family_house,0.0,10.08,0.0,10.08,0.0,10.08,Spring,PRODUCE_PRIORITY
181.0,luxury_house,0.0,18.0,0.0,18.0,0.0,18.0,Spring,PRODUCE_PRIORITY
181.0,small_family,0.0,6.5,0.0,6.5,0.0,6.5,Spring,PRODUCE_PRIORITY
182.0,apartment,0.0,3.6399999999999997,0.0,3.6399999999999997,0.0,3.6399999999999997,Spring,PRODUCE_PRIORITY
182.0,family_house,0.0,10.08,0.0,10.08,0.0,10.08,Spring,PRODUCE_PRIORITY
182.0,luxury_house,0.0,18.0,0.0,18.0,0.0,18.0,Spring,PRODUCE_PRIORITY
182.0,small_family,0.0,6.5,0.0,6.5,0.0,6.5,Spring,PRODUCE_PRIORITY
183.0,apartment,0.0,3.6399999999999997,0.0,3.6399999999999997,0.0,3.6399999999999997,Spring,PRODUCE_PRIORITY
183.0,family_house,0.0,10.08,0.0,10.08,0.0,10.08,Spring,PRODUCE_PRIORITY
183.0,luxury_house,0.0,18.0,0.0,18.0,0.0,18.0,Spring,PRODUCE_PRIORITY
183.0,small_family,0.0,6.5,0.0,6.5,0.0,6.5,Spring,PRODUCE_PRIORITY
184.0,apartment,0.0,3.6399999999999997,0.0,3.6399999999999997,0.0,3.6399999999999997,Spring,PRODUCE_PRIORITY
184.0,family_house,0.0,10.08,0.0,10.08,0.0,10.08,Spring,PRODUCE_PRIORITY
184.0,luxury_house,0.0,18.0,0.0,18.0,0.0,18.0,Spring,PRODUCE_PRIORITY
184.0,small_family,0.0,6.5,0.0,6.5,0.0,6.5,Spring,PRODUCE_PRIORITY
185.0,apartment,0.0,3.6399999999999997,0.0,3.6399999999999997,0.0,3.6399999999999997,Spring,PRODUCE_PRIORITY
185.0,family_house,0.0,10.08,0.0,10.08,0.0,10.08,Spring,PRODUCE_PRIORITY
185.0,luxury_house,0.0,18.0,0.0,18.0,0.0,18.0,Spring,PRODUCE_PRIORITY
185.0,small_family,0.0,6.5,0.0,6.5,0.0,6.5,Spring,PRODUCE_PRIORITY
186.0,apartment,0.0,26.949089761938502,0.0,26.949089761938502,0.0,26.949089761938502,Spring,PRODUCE_PRIORITY
186.0,family_house,0.0,28.6205281282285,0.0,28.6205281282285,0.0,28.6205281282285,Spring,PRODUCE_PRIORITY
186.0,luxury_house,0.0,39.965146601594824,0.0,39.965146601594824,0.0,39.965146601594824,Spring,PRODUCE_PRIORITY
186.0,small_family,0.0,24.772917569223125,0.0,24.772917569223125,0.0,24.772917569223125,Spring,PRODUCE_PRIORITY
187.0,apartment,0.0,19.165799554993068,0.0,19.165799554993068,0.0,19.165799554993068,Spring,PRODUCE_PRIORITY
187.0,family_house,0.0,26.656368928034496,0.0,26.656368928034496,0.0,26.656368928034496,Spring,PRODUCE_PRIORITY
187.0,luxury_house,0.0,39.80632676459623,0.0,39.80632676459623,0.0,39.80632676459623,Spring,PRODUCE_PRIORITY
187.0,small_family,0.0,29.237332614475413,0.0,29.237332614475413,0.0,29.237332614475413,Spring,PRODUCE_PRIORITY
188.0,apartment,0.0,25.78736091160216,0.0,25.78736091160216,0.0,25.78736091160216,Spring,PRODUCE_PRIORITY
188.0,family_house,0.0,24.336025876046882,0.0,24.336025876046882,0.0,24.336025876046882,Spring,PRODUCE_PRIORITY
188.0,luxury_house,0.0,37.8091586564117,0.0,37.8091586564117,0.0,37.8091586564117,Spring,PRODUCE_PRIORITY
188.0,small_family,0.0,29.09552075004789,0.0,29.09552075004789,0.0,29.09552075004789,Spring,PRODUCE_PRIORITY
189.0,apartment,0.0,19.73259397860144,0.0,19.73259397860144,0.0,19.73259397860144,Spring,PRODUCE_PRIORITY
189.0,family_house,0.0,28.338681853359834,0.0,28.338681853359834,0.0,28.338681853359834,Spring,PRODUCE_PRIORITY
189.0,luxury_house,0.0,35.99623778228798,0.0,35.99623778228798,0.0,35.99623778228798,Spring,PRODUCE_PRIORITY
189.0,small_family,0.0,32.61647497865251,0.0,32.61647497865251,0.0,32.61647497865251,Spring,PRODUCE_PRIORITY
190.0,apartment,0.0,3.6399999999999997,0.0,3.6399999999999997,0.0,3.6399999999999997,Spring,PRODUCE_PRIORITY
190.0,family_house,0.0,10.08,0.0,10.08,0.0,10.08,Spring,PRODUCE_PRIORITY
190.0,luxury_house,0.0,18.0,0.0,18.0,0.0,18.0,Spring,PRODUCE_PRIORITY
190.0,small_family,0.0,6.5,0.0,6.5,0.0,6.5,Spring,PRODUCE_PRIORITY
191.0,apartment,0.0,3.6399999999999997,0.0,3.6399999999999997,0.0,3.6399999999999997,Spring,PRODUCE_PRIORITY
191.0,family_house,0.0,10.08,0.0,10.08,0.0,10.08,Spring,PRODUCE_PRIORITY
191.0,luxury_house,0.0,18.0,0.0,18.0,0.0,18.0,Spring,PRODUCE_PRIORITY
191.0,small_family,0.0,6.5,0.0,6.5,0.0,6.5,Spring,PRODUCE_PRIORITY
192.0,apartment,0.0,3.6399999999999997,0.0,3.6399999999999997,0.0,3.6399999999999997,Spring,PRODUCE_PRIORITY
192.0,family_house,0.0,10.08,0.0,10.08,0.0,10.08,Spring,PRODUCE_PRIORITY
192.0,luxury_house,0.0,18.0,0.0,18.0,0.0,18.0,Spring,PRODUCE_PRIORITY
192.0,small_family,0.0,6.5,0.0,6.5,0.0,6.5,Spring,PRODUCE_PRIORITY
193.0,apartment,4.5369275007353185,3.6399999999999997,0.0,3.6399999999999997,4.5369275007353185,-0.8969275007353188,Spring,PRODUCE_PRIORITY
193.0,family_house,6.460244293599922,10.08,0.0,10.08,6.460244293599922,3.6197557064000776,Spring,PRODUCE_PRIORITY
193.0,luxury_house,10.661486675596816,18.0,0.0,18.0,10.661486675596816,7.338513324403186,Spring,PRODUCE_PRIORITY
193.0,small_family,5.197083355553438,6.5,0.0,6.5,5.197083355553438,1.3029166444465616,Spring,PRODUCE_PRIORITY
194.0,apartment,8.76467088992272,3.6399999999999997,0.0,3.6399999999999997,8.76467088992272,-5.124670889922719,Spring,PRODUCE_PRIORITY
194.0,family_house,12.480233614649485,10.08,0.0,10.08,12.480233614649485,-2.400233614649485,Spring,PRODUCE_PRIORITY
194.0,luxury_house,20.596410653191487,18.0,0.0,18.0,20.596410653191487,-2.596410653191489,Spring,PRODUCE_PRIORITY
194.0,small_family,10.039994069012236,6.5,0.0,6.5,10.039994069012236,-3.5399940690122365,Spring,PRODUCE_PRIORITY
195.0,apartment,12.395116442265378,3.6399999999999997,0.0,3.6399999999999997,12.395116442265378,-8.755116442265377,Spring,PRODUCE_PRIORITY
195.0,family_house,17.6497156394219,10.08,0.0,10.08,17.6497156394219,-7.569715639421902,Spring,PRODUCE_PRIORITY
195.0,luxury_house,28.104497180634972,18.0,0.0,18.0,28.104497180634972,-10.104497180634972,Spring,PRODUCE_PRIORITY
195.0,small_family,14.198695778542545,6.5,0.0,6.5,14.198695778542545,-7.698695778542546,Spring,PRODUCE_PRIORITY
196.0,apartment,15.18085529296608,3.6399999999999997,0.0,3.6399999999999997,15.18085529296608,-11.54085529296608,Spring,PRODUCE_PRIORITY
196.0,family_house,21.093463276403106,10.08,0.0,10.08,21.093463276403106,-11.013463276403108,Spring,PRODUCE_PRIORITY
196.0,luxury_house,30.9639043151875,18.0,0.0,18.0,30.9639043151875,-12.963904315187499,Spring,PRODUCE_PRIORITY
196.0,small_family,17.389779835219382,6.5,0.0,6.5,17.389779835219382,-10.889779835219384,Spring,PRODUCE_PRIORITY
197.0,apartment,16.932043943000693,3.6399999999999997,0.0,3.6399999999999997,16.932043943000693,-13.292043943000694,Spring,PRODUCE_PRIORITY
197.0,family_house,22.810305683708403,10.08,0.0,10.08,22.810305683708403,-12.730305683708403,Spring,PRODUCE_PRIORITY
197.0,luxury_house,32.12627427971625,18.0,0.0,18.0,32.12627427971625,-14.126274279716247,Spring,PRODUCE_PRIORITY
197.0,small_family,19.395779134095978,6.5,0.0,6.5,19.395779134095978,-12.89577913409598,Spring,PRODUCE_PRIORITY
198.0,apartment,17.529341779845442,3.6399999999999997,0.0,3.6399999999999997,17.529341779845442,-13.889341779845441,Spring,PRODUCE_PRIORITY
198.0,family_house,23.332756698935377,10.08,0.0,10.08,23.332756698935377,-13.252756698935379,Spring,PRODUCE_PRIORITY
198.0,luxury_house,32.412938197269334,18.0,0.0,18.0,32.412938197269334,-14.412938197269336,Spring,PRODUCE_PRIORITY
198.0,small_family,20.079988138024476,6.5,0.0,6.5,20.079988138024476,-13.579988138024477,Spring,PRODUCE_PRIORITY
199.0,apartment,16.932043943000696,3.6399999999999997,0.0,3.6399999999999997,16.932043943000696,-13.292043943000696,Spring,PRODUCE_PRIORITY
199.0,family_house,22.810305683708403,10.08,0.0,10.08,22.810305683708403,-12.730305683708403,Spring,PRODUCE_PRIORITY
199.0,luxury_house,32.12627427971625,18.0,0.0,18.0,32.12627427971625,-14.126274279716247,Spring,PRODUCE_PRIORITY
199.0,small_family,19.39577913409598,6.5,0.0,6.5,19.39577913409598,-12.895779134095983,Spring,PRODUCE_PRIORITY
200.0,apartment,15.18085529296608,3.6399999999999997,0.0,3.6399999999999997,15.18085529296608,-11.54085529296608,Spring,PRODUCE_PRIORITY
200.0,family_house,21.09346327640311,10.08,0.0,10.08,21.09346327640311,-11.013463276403112,Spring,PRODUCE_PRIORITY
200.0,luxury_house,30.9639043151875,18.0,0.0,18.0,30.9639043151875,-12.9639043151875,Spring,PRODUCE_PRIORITY
200.0,small_family,17.389779835219386,6.5,0.0,6.5,17.389779835219386,-10.889779835219386,Spring,PRODUCE_PRIORITY
201.0,apartment,12.395116442265378,3.6399999999999997,0.0,3.6399999999999997,12.395116442265378,-8.755116442265377,Spring,PRODUCE_PRIORITY
201.0,family_house,17.6497156394219,10.08,0.0,10.08,17.6497156394219,-7.569715639421902,Spring,PRODUCE_PRIORITY
201.0,luxury_house,28.104497180634972,18.0,0.0,18.0,28.104497180634972,-10.104497180634972,Spring,PRODUCE_PRIORITY
201.0,small_family,14.198695778542545,6.5,0.0,6.5,14.198695778542545,-7.698695778542546,Spring,PRODUCE_PRIORITY
202.0,apartment,8.764670889922726,3.6399999999999997,0.0,3.6399999999999997,8.764670889922726,-5.124670889922726,Spring,PRODUCE_PRIORITY
202.0,family_house,12.480233614649496,10.08,0.0,10.08,12.480233614649496,-2.4002336146494954,Spring,PRODUCE_PRIORITY
202.0,luxury_house,20.596410653191505,18.0,0.0,18.0,20.596410653191505,-2.596410653191505,Spring,PRODUCE_PRIORITY
202.0,small_family,10.039994069012245,6.5,0.0,6.5,10.039994069012245,-3.539994069012244,Spring,PRODUCE_PRIORITY
203.0,apartment,4.536927500735324,3.6399999999999997,0.0,3.6399999999999997,4.536927500735324,-0.8969275007353239,Spring,PRODUCE_PRIORITY
203.0,family_house,6.46024429359993,10.08,0.0,10.08,6.46024429359993,3.6197557064000705,Spring,PRODUCE_PRIORITY
203.0,luxury_house,10.661486675596827,18.0,0.0,18.0,10.661486675596827,7.3385133244031735,Spring,PRODUCE_PRIORITY
203.0,small_family,5.197083355553445,6.5,0.0,6.5,5.197083355553445,1.3029166444465556,Spring,PRODUCE_PRIORITY
204.0,apartment,2.1467252301847683e-15,3.6399999999999997,0.0,3.6399999999999997,2.1467252301847683e-15,3.6399999999999975,Spring,PRODUCE_PRIORITY
204.0,family_house,3.0567756297583395e-15,10.08,0.0,10.08,3.0567756297583395e-15,10.079999999999997,Spring,PRODUCE_PRIORITY
204.0,luxury_house,5.044665676071081e-15,18.0,0.0,18.0,5.044665676071081e-15,17.999999999999996,Spring,PRODUCE_PRIORITY
204.0,small_family,2.4590893200148495e-15,6.5,0.0,6.5,2.4590893200148495e-15,6.499999999999997,Spring,PRODUCE_PRIORITY
205.0,apartment,0.0,3.6399999999999997,0.0,3.6399999999999997,0.0,3.6399999999999997,Spring,PRODUCE_PRIORITY
205.0,family_house,0.0,10.08,0.0,10.08,0.0,10.08,Spring,PRODUCE_PRIORITY
205.0,luxury_house,0.0,18.0,0.0,18.0,0.0,18.0,Spring,PRODUCE_PRIORITY
205.0,small_family,0.0,6.5,0.0,6.5,0.0,6.5,Spring,PRODUCE_PRIORITY
206.0,apartment,0.0,3.6399999999999997,0.0,3.6399999999999997,0.0,3.6399999999999997,Spring,PRODUCE_PRIORITY
206.0,family_house,0.0,10.08,0.0,10.08,0.0,10.08,Spring,PRODUCE_PRIORITY
206.0,luxury_house,0.0,18.0,0.0,18.0,0.0,18.0,Spring,PRODUCE_PRIORITY
206.0,small_family,0.0,6.5,0.0,6.5,0.0,6.5,Spring,PRODUCE_PRIORITY
207.0,apartment,0.0,3.6399999999999997,0.0,3.6399999999999997,0.0,3.6399999999999997,Spring,PRODUCE_PRIORITY
207.0,family_house,0.0,10.08,0.0,10.08,0.0,10.08,Spring,PRODUCE_PRIORITY
207.0,luxury_house,0.0,18.0,0.0,18.0,0.0,18.0,Spring,PRODUCE_PRIORITY
207.0,small_family,0.0,6.5,0.0,6.5,0.0,6.5,Spring,PRODUCE_PRIORITY
208.0,apartment,0.0,3.6399999999999997,0.0,3.6399999999999997,0.0,3.6399999999999997,Spring,PRODUCE_PRIORITY
208.0,family_house,0.0,10.08,0.0,10.08,0.0,10.08,Spring,PRODUCE_PRIORITY
208.0,luxury_house,0.0,18.0,0.0,18.0,0.0,18.0,Spring,PRODUCE_PRIORITY
208.0,small_family,0.0,6.5,0.0,6.5,0.0,6.5,Spring,PRODUCE_PRIORITY
209.0,apartment,0.0,3.6399999999999997,0.0,3.6399999999999997,0.0,3.6399999999999997,Spring,PRODUCE_PRIORITY
209.0,family_house,0.0,10.08,0.0,10.08,0.0,10.08,Spring,PRODUCE_PRIORITY
209.0,luxury_house,0.0,18.0,0.0,18.0,0.0,18.0,Spring,PRODUCE_PRIORITY
209.0,small_family,0.0,6.5,0.0,6.5,0.0,6.5,Spring,PRODUCE_PRIORITY
210.0,apartment,0.0,22.579940376732353,0.0,22.579940376732353,0.0,22.579940376732353,Spring,PRODUCE_PRIORITY
210.0,family_house,0.0,30.280794212956557,0.0,30.280794212956557,0.0,30.280794212956557,Spring,PRODUCE_PRIORITY
210.0,luxury_house,0.0,35.05100981691091,0.0,35.05100981691091,0.0,35.05100981691091,Spring,PRODUCE_PRIORITY
210.0,small_family,0.0,26.8356459216866,0.0,26.8356459216866,0.0,26.8356459216866,Spring,PRODUCE_PRIORITY
211.0,apartment,0.0,22.997578401222544,0.0,22.997578401222544,0.0,22.997578401222544,Spring,PRODUCE_PRIORITY
211.0,family_house,0.0,31.93264618950584,0.0,31.93264618950584,0.0,31.93264618950584,Spring,PRODUCE_PRIORITY
211.0,luxury_house,0.0,35.89897539581928,0.0,35.89897539581928,0.0,35.89897539581928,Spring,PRODUCE_PRIORITY
211.0,small_family,0.0,22.737199805379237,0.0,22.737199805379237,0.0,22.737199805379237,Spring,PRODUCE_PRIORITY
212.0,apartment,0.0,25.809824795838594,0.0,25.809824795838594,0.0,25.809824795838594,Spring,PRODUCE_PRIORITY
212.0,family_house,0.0,26.96306258763681,0.0,26.96306258763681,0.0,26.96306258763681,Spring,PRODUCE_PRIORITY
212.0,luxury_house,0.0,31.295442692405025,0.0,31.295442692405025,0.0,31.295442692405025,Spring,PRODUCE_PRIORITY
212.0,small_family,0.0,29.54197098242508,0.0,29.54197098242508,0.0,29.54197098242508,Spring,PRODUCE_PRIORITY
213.0,apartment,0.0,20.365127782305827,0.0,20.365127782305827,0.0,20.365127782305827,Spring,PRODUCE_PRIORITY
213.0,family_house,0.0,29.22913159294723,0.0,29.22913159294723,0.0,29.22913159294723,Spring,PRODUCE_PRIORITY
213.0,luxury_house,0.0,32.78947344470349,0.0,32.78947344470349,0.0,32.78947344470349,Spring,PRODUCE_PRIORITY
213.0,small_family,0.0,22.699914769759804,0.0,22.699914769759804,0.0,22.699914769759804,Spring,PRODUCE_PRIORITY
214.0,apartment,0.0,3.6399999999999997,0.0,3.6399999999999997,0.0,3.6399999999999997,Spring,PRODUCE_PRIORITY
214.0,family_house,0.0,10.08,0.0,10.08,0.0,10.08,Spring,PRODUCE_PRIORITY
214.0,luxury_house,0.0,18.0,0.0,18.0,0.0,18.0,Spring,PRODUCE_PRIORITY
214.0,small_family,0.0,6.5,0.0,6.5,0.0,6.5,Spring,PRODUCE_PRIORITY
215.0,apartment,0.0,3.6399999999999997,0.0,3.6399999999999997,0.0,3.6399999999999997,Spring,PRODUCE_PRIORITY
215.0,family_house,0.0,10.08,0.0,10.08,0.0,10.08,Spring,PRODUCE_PRIORITY
215.0,luxury_house,0.0,18.0,0.0,18.0,0.0,18.0,Spring,PRODUCE_PRIORITY
215.0,small_family,0.0,6.5,0.0,6.5,0.0,6.5,Spring,PRODUCE_PRIORITY
216.0,apartment,0.0,3.6399999999999997,0.0,3.6399999999999997,0.0,3.6399999999999997,Spring,PRODUCE_PRIORITY
216.0,family_house,0.0,10.08,0.0,10.08,0.0,10.08,Spring,PRODUCE_PRIORITY
216.0,luxury_house,0.0,18.0,0.0,18.0,0.0,18.0,Spring,PRODUCE_PRIORITY
216.0,small_family,0.0,6.5,0.0,6.5,0.0,6.5,Spring,PRODUCE_PRIORITY
217.0,apartment,3.634073939762872,3.6399999999999997,0.0,3.6399999999999997,3.634073939762872,0.005926060237127578,Spring,PRODUCE_PRIORITY
217.0,family_house,4.732125262405124,10.08,0.0,10.08,4.732125262405124,5.347874737594875,Spring,PRODUCE_PRIORITY
217.0,luxury_house,8.091062728274439,18.0,0.0,18.0,8.091062728274439,9.908937271725561,Spring,PRODUCE_PRIORITY
217.0,small_family,6.268550066923755,6.5,0.0,6.5,6.268550066923755,0.23144993307624506,Spring,PRODUCE_PRIORITY
218.0,apartment,7.020491746122043,3.6399999999999997,0.0,3.6399999999999997,7.020491746122043,-3.3804917461220434,Spring,PRODUCE_PRIORITY
218.0,family_house,9.141764008384087,10.08,0.0,10.08,9.141764008384087,0.938235991615913,Spring,PRODUCE_PRIORITY
218.0,luxury_house,15.63073290273034,18.0,0.0,18.0,15.63073290273034,2.3692670972696606,Spring,PRODUCE_PRIORITY
218.0,small_family,12.109908806055444,6.5,0.0,6.5,12.109908806055444,-5.609908806055443,Spring,PRODUCE_PRIORITY
219.0,apartment,9.928474641894168,3.6399999999999997,0.0,3.6399999999999997,9.928474641894168,-6.288474641894168,Spring,PRODUCE_PRIORITY
219.0,family_house,12.928406644671007,10.08,0.0,10.08,12.928406644671007,-2.848406644671007,Spring,PRODUCE_PRIORITY
219.0,luxury_house,21.998566661425258,18.0,0.0,18.0,21.998566661425258,-3.998566661425256,Spring,PRODUCE_PRIORITY
219.0,small_family,17.12599727262499,6.5,0.0,6.5,17.12599727262499,-10.62599727262499,Spring,PRODUCE_PRIORITY
220.0,apartment,12.159848398401325,3.6399999999999997,0.0,3.6399999999999997,12.159848398401325,-8.519848398401326,Spring,PRODUCE_PRIORITY
220.0,family_house,15.833999733325756,10.08,0.0,10.08,15.833999733325756,-5.753999733325756,Spring,PRODUCE_PRIORITY
220.0,luxury_house,26.043652210980216,18.0,0.0,18.0,26.043652210980216,-8.043652210980216,Spring,PRODUCE_PRIORITY
220.0,small_family,20.97497732711379,6.5,0.0,6.5,20.97497732711379,-14.474977327113791,Spring,PRODUCE_PRIORITY
221.0,apartment,13.562548581657037,3.6399999999999997,0.0,3.6399999999999997,13.562548581657037,-9.922548581657038,Spring,PRODUCE_PRIORITY
221.0,family_house,17.66053190707613,10.08,0.0,10.08,17.66053190707613,-7.58053190707613,Spring,PRODUCE_PRIORITY
221.0,luxury_house,28.28816906687189,18.0,0.0,18.0,28.28816906687189,-10.288169066871891,Spring,PRODUCE_PRIORITY
221.0,small_family,23.185166971806485,6.5,0.0,6.5,23.185166971806485,-16.685166971806485,Spring,PRODUCE_PRIORITY
222.0,apartment,14.04098349224409,3.6399999999999997,0.0,3.6399999999999997,14.04098349224409,-10.40098349224409,Spring,PRODUCE_PRIORITY
222.0,family_house,18.283528016768177,10.08,0.0,10.08,18.283528016768177,-8.203528016768177,Spring,PRODUCE_PRIORITY
222.0,luxury_house,29.00385817906513,18.0,0.0,18.0,29.00385817906513,-11.003858179065132,Spring,PRODUCE_PRIORITY
222.0,small_family,23.720841661461165,6.5,0.0,6.5,23.720841661461165,-17.220841661461165,Spring,PRODUCE_PRIORITY
223.0,apartment,13.562548581657039,3.6399999999999997,0.0,3.6399999999999997,13.562548581657039,-9.92254858165704,Spring,PRODUCE_PRIORITY
223.0,family_house,17.66053190707613,10.08,0.0,10.08,17.66053190707613,-7.58053190707613,Spring,PRODUCE_PRIORITY
223.0,luxury_house,28.28816906687189,18.0,0.0,18.0,28.28816906687189,-10.288169066871891,Spring,PRODUCE_PRIORITY
223.0,small_family,23.18516697180649,6.5,0.0,6.5,23.18516697180649,-16.68516697180649,Spring,PRODUCE_PRIORITY
224.0,apartment,12.159848398401325,3.6399999999999997,0.0,3.6399999999999997,12.159848398401325,-8.519848398401326,Spring,PRODUCE_PRIORITY
224.0,family_house,15.83399973332576,10.08,0.0,10.08,15.83399973332576,-5.7539997333257595,Spring,PRODUCE_PRIORITY
224.0,luxury_house,26.04365221098022,18.0,0.0,18.0,26.04365221098022,-8.04365221098022,Spring,PRODUCE_PRIORITY
224.0,small_family,20.97497732711379,6.5,0.0,6.5,20.97497732711379,-14.474977327113793,Spring,PRODUCE_PRIORITY
225.0,apartment,9.928474641894168,3.6399999999999997,0.0,3.6399999999999997,9.928474641894168,-6.288474641894168,Spring,PRODUCE_PRIORITY
225.0,family_house,12.928406644671007,10.08,0.0,10.08,12.928406644671007,-2.848406644671007,Spring,PRODUCE_PRIORITY
225.0,luxury_house,21.998566661425258,18.0,0.0,18.0,21.998566661425258,-3.998566661425256,Spring,PRODUCE_PRIORITY
225.0,small_family,17.12599727262499,6.5,0.0,6.5,17.12599727262499,-10.62599727262499,Spring,PRODUCE_PRIORITY
226.0,apartment,7.020491746122048,3.6399999999999997,0.0,3.6399999999999997,7.020491746122048,-3.3804917461220487,Spring,PRODUCE_PRIORITY
226.0,family_house,9.141764008384094,10.08,0.0,10.08,9.141764008384094,0.9382359916159055,Spring,PRODUCE_PRIORITY
226.0,luxury_house,15.630732902730351,18.0,0.0,18.0,15.630732902730351,2.3692670972696486,Spring,PRODUCE_PRIORITY
226.0,small_family,12.109908806055453,6.5,0.0,6.5,12.109908806055453,-5.6099088060554525,Spring,PRODUCE_PRIORITY
227.0,apartment,3.6340739397628763,3.6399999999999997,0.0,3.6399999999999997,3.6340739397628763,0.0059260602371235815,Spring,PRODUCE_PRIORITY
227.0,family_house,4.7321252624051295,10.08,0.0,10.08,4.7321252624051295,5.3478747375948705,Spring,PRODUCE_PRIORITY
227.0,luxury_house,8.091062728274448,18.0,0.0,18.0,8.091062728274448,9.908937271725552,Spring,PRODUCE_PRIORITY
227.0,small_family,6.268550066923762,6.5,0.0,6.5,6.268550066923762,0.23144993307623796,Spring,PRODUCE_PRIORITY
228.0,apartment,1.7195245490657547e-15,3.6399999999999997,0.0,3.6399999999999997,1.7195245490657547e-15,3.639999999999998,Spring,PRODUCE_PRIORITY
228.0,family_house,2.2390864062856103e-15,10.08,0.0,10.08,2.2390864062856103e-15,10.079999999999998,Spring,PRODUCE_PRIORITY
228.0,luxury_house,3.828425403531186e-15,18.0,0.0,18.0,3.828425403531186e-15,17.999999999999996,Spring,PRODUCE_PRIORITY
228.0,small_family,2.9660722114604293e-15,6.5,0.0,6.5,2.9660722114604293e-15,6.499999999999997,Spring,PRODUCE_PRIORITY
229.0,apartment,0.0,3.6399999999999997,0.0,3.6399999999999997,0.0,3.6399999999999997,Spring,PRODUCE_PRIORITY
229.0,family_house,0.0,10.08,0.0,10.08,0.0,10.08,Spring,PRODUCE_PRIORITY
229.0,luxury_house,0.0,18.0,0.0,18.0,0.0,18.0,Spring,PRODUCE_PRIORITY
229.0,small_family,0.0,6.5,0.0,6.5,0.0,6.5,Spring,PRODUCE_PRIORITY
230.0,apartment,0.0,3.6399999999999997,0.0,3.6399999999999997,0.0,3.6399999999999997,Spring,PRODUCE_PRIORITY
230.0,family_house,0.0,10.08,0.0,10.08,0.0,10.08,Spring,PRODUCE_PRIORITY
230.0,luxury_house,0.0,18.0,0.0,18.0,0.0,18.0,Spring,PRODUCE_PRIORITY
230.0,small_family,0.0,6.5,0.0,6.5,0.0,6.5,Spring,PRODUCE_PRIORITY
231.0,apartment,0.0,3.6399999999999997,0.0,3.6399999999999997,0.0,3.6399999999999997,Spring,PRODUCE_PRIORITY
231.0,family_house,0.0,10.08,0.0,10.08,0.0,10.08,Spring,PRODUCE_PRIORITY
231.0,luxury_house,0.0,18.0,0.0,18.0,0.0,18.0,Spring,PRODUCE_PRIORITY
231.0,small_family,0.0,6.5,0.0,6.5,0.0,6.5,Spring,PRODUCE_PRIORITY
232.0,apartment,0.0,3.6399999999999997,0.0,3.6399999999999997,0.0,3.6399999999999997,Spring,PRODUCE_PRIORITY
232.0,family_house,0.0,10.08,0.0,10.08,0.0,10.08,Spring,PRODUCE_PRIORITY
232.0,luxury_house,0.0,18.0,0.0,18.0,0.0,18.0,Spring,PRODUCE_PRIORITY
232.0,small_family,0.0,6.5,0.0,6.5,0.0,6.5,Spring,PRODUCE_PRIORITY
233.0,apartment,0.0,3.6399999999999997,0.0,3.6399999999999997,0.0,3.6399999999999997,Spring,PRODUCE_PRIORITY
233.0,family_house,0.0,10.08,0.0,10.08,0.0,10.08,Spring,PRODUCE_PRIORITY
233.0,luxury_house,0.0,18.0,0.0,18.0,0.0,18.0,Spring,PRODUCE_PRIORITY
233.0,small_family,0.0,6.5,0.0,6.5,0.0,6.5,Spring,PRODUCE_PRIORITY
234.0,apartment,0.0,25.200850377613055,0.0,25.200850377613055,0.0,25.200850377613055,Spring,PRODUCE_PRIORITY
234.0,family_house,0.0,26.94286062773107,0.0,26.94286062773107,0.0,26.94286062773107,Spring,PRODUCE_PRIORITY
234.0,luxury_house,0.0,31.07027199677727,0.0,31.07027199677727,0.0,31.07027199677727,Spring,PRODUCE_PRIORITY
234.0,small_family,0.0,28.1300826738869,0.0,28.1300826738869,0.0,28.1300826738869,Spring,PRODUCE_PRIORITY
235.0,apartment,0.0,23.116918633933643,0.0,23.116918633933643,0.0,23.116918633933643,Spring,PRODUCE_PRIORITY
235.0,family_house,0.0,31.454876246912253,0.0,31.454876246912253,0.0,31.454876246912253,Spring,PRODUCE_PRIORITY
235.0,luxury_house,0.0,32.02731861619736,0.0,32.02731861619736,0.0,32.02731861619736,Spring,PRODUCE_PRIORITY
235.0,small_family,0.0,25.478464884613214,0.0,25.478464884613214,0.0,25.478464884613214,Spring,PRODUCE_PRIORITY
236.0,apartment,0.0,27.252572588902655,0.0,27.252572588902655,0.0,27.252572588902655,Spring,PRODUCE_PRIORITY
236.0,family_house,0.0,23.93733952201137,0.0,23.93733952201137,0.0,23.93733952201137,Spring,PRODUCE_PRIORITY
236.0,luxury_house,0.0,35.23439121108135,0.0,35.23439121108135,0.0,35.23439121108135,Spring,PRODUCE_PRIORITY
236.0,small_family,0.0,24.46419151713449,0.0,24.46419151713449,0.0,24.46419151713449,Spring,PRODUCE_PRIORITY
237.0,apartment,0.0,26.574058197173336,0.0,26.574058197173336,0.0,26.574058197173336,Spring,PRODUCE_PRIORITY
237.0,family_house,0.0,25.293277561652925,0.0,25.293277561652925,0.0,25.293277561652925,Spring,PRODUCE_PRIORITY
237.0,luxury_house,0.0,34.26152508164362,0.0,34.26152508164362,0.0,34.26152508164362,Spring,PRODUCE_PRIORITY
237.0,small_family,0.0,22.432396784326546,0.0,22.432396784326546,0.0,22.432396784326546,Spring,PRODUCE_PRIORITY
238.0,apartment,0.0,3.6399999999999997,0.0,3.6399999999999997,0.0,3.6399999999999997,Spring,PRODUCE_PRIORITY
238.0,family_house,0.0,10.08,0.0,10.08,0.0,10.08,Spring,PRODUCE_PRIORITY
238.0,luxury_house,0.0,18.0,0.0,18.0,0.0,18.0,Spring,PRODUCE_PRIORITY
238.0,small_family,0.0,6.5,0.0,6.5,0.0,6.5,Spring,PRODUCE_PRIORITY
239.0,apartment,0.0,3.6399999999999997,0.0,3.6399999999999997,0.0,3.6399999999999997,Spring,PRODUCE_PRIORITY
239.0,family_house,0.0,10.08,0.0,10.08,0.0,10.08,Spring,PRODUCE_PRIORITY
239.0,luxury_house,0.0,18.0,0.0,18.0,0.0,18.0,Spring,PRODUCE_PRIORITY
239.0,small_family,0.0,6.5,0.0,6.5,0.0,6.5,Spring,PRODUCE_PRIORITY
240.0,apartment,0.0,3.6399999999999997,0.0,3.6399999999999997,0.0,3.6399999999999997,Spring,PRODUCE_PRIORITY
240.0,family_house,0.0,10.08,0.0,10.08,0.0,10.08,Spring,PRODUCE_PRIORITY
240.0,luxury_house,0.0,18.0,0.0,18.0,0.0,18.0,Spring,PRODUCE_PRIORITY
240.0,small_family,0.0,6.5,0.0,6.5,0.0,6.5,Spring,PRODUCE_PRIORITY
241.0,apartment,3.7240440909644414,3.6399999999999997,0.0,3.6399999999999997,3.7240440909644414,-0.0840440909644421,Spring,PRODUCE_PRIORITY
241.0,family_house,9.001935819510663,10.08,0.0,10.08,9.001935819510663,1.0780641804893372,Spring,PRODUCE_PRIORITY
241.0,luxury_house,10.118633392263476,18.0,0.0,18.0,10.118633392263476,7.881366607736526,Spring,PRODUCE_PRIORITY
241.0,small_family,6.679393235996875,6.5,0.0,6.5,6.679393235996875,-0.1793932359968744,Spring,PRODUCE_PRIORITY
242.0,apartment,7.194300731403501,3.6399999999999997,0.0,3.6399999999999997,7.194300731403501,-3.554300731403501,Spring,PRODUCE_PRIORITY
242.0,family_house,17.390404589323992,10.08,0.0,10.08,17.390404589323992,-7.310404589323995,Spring,PRODUCE_PRIORITY
242.0,luxury_house,19.547698640676508,18.0,0.0,18.0,19.547698640676508,-1.5476986406765085,Spring,PRODUCE_PRIORITY
242.0,small_family,12.903596861179787,6.5,0.0,6.5,12.903596861179787,-6.403596861179788,Spring,PRODUCE_PRIORITY
243.0,apartment,10.174277666141512,3.6399999999999997,0.0,3.6399999999999997,10.174277666141512,-6.534277666141511,Spring,PRODUCE_PRIORITY
243.0,family_house,24.59374602537731,10.08,0.0,10.08,24.59374602537731,-14.513746025377312,Spring,PRODUCE_PRIORITY
243.0,luxury_house,26.991664237337673,18.0,0.0,18.0,26.991664237337673,-8.991664237337673,Spring,PRODUCE_PRIORITY
243.0,small_family,18.24844168447536,6.5,0.0,6.5,18.24844168447536,-11.748441684475361,Spring,PRODUCE_PRIORITY
244.0,apartment,12.4608943917208,3.6399999999999997,0.0,3.6399999999999997,12.4608943917208,-8.8208943917208,Spring,PRODUCE_PRIORITY
244.0,family_house,30.023813160922224,10.08,0.0,10.08,30.023813160922224,-19.943813160922222,Spring,PRODUCE_PRIORITY
244.0,luxury_house,31.24835916180813,18.0,0.0,18.0,31.24835916180813,-13.248359161808128,Spring,PRODUCE_PRIORITY
244.0,small_family,22.349685363949686,6.5,0.0,6.5,22.349685363949686,-15.849685363949686,Spring,PRODUCE_PRIORITY
245.0,apartment,13.89832175710595,3.6399999999999997,0.0,3.6399999999999997,13.89832175710595,-10.25832175710595,Spring,PRODUCE_PRIORITY
245.0,family_house,32.770314968801564,10.08,0.0,10.08,32.770314968801564,-22.690314968801566,Spring,PRODUCE_PRIORITY
245.0,luxury_house,32.873678909789206,18.0,0.0,18.0,32.873678909789206,-14.87367890978921,Spring,PRODUCE_PRIORITY
245.0,small_family,24.92783492047223,6.5,0.0,6.5,24.92783492047223,-18.42783492047223,Spring,PRODUCE_PRIORITY
246.0,apartment,14.388601462807003,3.6399999999999997,0.0,3.6399999999999997,14.388601462807003,-10.748601462807004,Spring,PRODUCE_PRIORITY
246.0,family_house,33.53708497960584,10.08,0.0,10.08,33.53708497960584,-23.45708497960584,Spring,PRODUCE_PRIORITY
246.0,luxury_house,33.32781312955241,18.0,0.0,18.0,33.32781312955241,-15.327813129552414,Spring,PRODUCE_PRIORITY
246.0,small_family,25.80719372235958,6.5,0.0,6.5,25.80719372235958,-19.30719372235958,Spring,PRODUCE_PRIORITY
247.0,apartment,13.898321757105952,3.6399999999999997,0.0,3.6399999999999997,13.898321757105952,-10.258321757105954,Spring,PRODUCE_PRIORITY
247.0,family_house,32.770314968801564,10.08,0.0,10.08,32.770314968801564,-22.690314968801566,Spring,PRODUCE_PRIORITY
247.0,luxury_house,32.873678909789206,18.0,0.0,18.0,32.873678909789206,-14.87367890978921,Spring,PRODUCE_PRIORITY
247.0,small_family,24.927834920472236,6.5,0.0,6.5,24.927834920472236,-18.427834920472236,Spring,PRODUCE_PRIORITY
248.0,apartment,12.4608943917208,3.6399999999999997,0.0,3.6399999999999997,12.4608943917208,-8.8208943917208,Spring,PRODUCE_PRIORITY
248.0,family_house,30.023813160922227,10.08,0.0,10.08,30.023813160922227,-19.94381316092223,Spring,PRODUCE_PRIORITY
248.0,luxury_house,31.24835916180813,18.0,0.0,18.0,31.24835916180813,-13.24835916180813,Spring,PRODUCE_PRIORITY
248.0,small_family,22.349685363949686,6.5,0.0,6.5,22.349685363949686,-15.849685363949687,Spring,PRODUCE_PRIORITY
249.0,apartment,10.174277666141512,3.6399999999999997,0.0,3.6399999999999997,10.174277666141512,-6.534277666141511,Spring,PRODUCE_PRIORITY
249.0,family_house,24.59374602537731,10.08,0.0,10.08,24.59374602537731,-14.513746025377312,Spring,PRODUCE_PRIORITY
249.0,luxury_house,26.991664237337673,18.0,0.0,18.0,26.991664237337673,-8.991664237337673,Spring,PRODUCE_PRIORITY
249.0,small_family,18.24844168447536,6.5,0.0,6.5,18.24844168447536,-11.748441684475361,Spring,PRODUCE_PRIORITY
250.0,apartment,7.194300731403506,3.6399999999999997,0.0,3.6399999999999997,7.194300731403506,-3.5543007314035067,Spring,PRODUCE_PRIORITY
250.0,family_house,17.390404589324007,10.08,0.0,10.08,17.390404589324007,-7.310404589324008,Spring,PRODUCE_PRIORITY
250.0,luxury_house,19.547698640676522,18.0,0.0,18.0,19.547698640676522,-1.5476986406765232,Spring,PRODUCE_PRIORITY
250.0,small_family,12.903596861179798,6.5,0.0,6.5,12.903596861179798,-6.403596861179798,Spring,PRODUCE_PRIORITY
251.0,apartment,3.724044090964446,3.6399999999999997,0.0,3.6399999999999997,3.724044090964446,-0.08404409096444637,Spring,PRODUCE_PRIORITY
251.0,family_house,9.001935819510672,10.08,0.0,10.08,9.001935819510672,1.0780641804893274,Spring,PRODUCE_PRIORITY
251.0,luxury_house,10.118633392263485,18.0,0.0,18.0,10.118633392263485,7.881366607736515,Spring,PRODUCE_PRIORITY
251.0,small_family,6.679393235996883,6.5,0.0,6.5,6.679393235996883,-0.17939323599688234,Spring,PRODUCE_PRIORITY
252.0,apartment,1.762095472563352e-15,3.6399999999999997,0.0,3.6399999999999997,1.762095472563352e-15,3.639999999999998,Spring,PRODUCE_PRIORITY
252.0,family_house,4.2594206632386156e-15,10.08,0.0,10.08,4.2594206632386156e-15,10.079999999999995,Spring,PRODUCE_PRIORITY
252.0,luxury_house,4.787805314200311e-15,18.0,0.0,18.0,4.787805314200311e-15,17.999999999999996,Spring,PRODUCE_PRIORITY
252.0,small_family,3.1604697187063327e-15,6.5,0.0,6.5,3.1604697187063327e-15,6.4999999999999964,Spring,PRODUCE_PRIORITY
253.0,apartment,0.0,3.6399999999999997,0.0,3.6399999999999997,0.0,3.6399999999999997,Spring,PRODUCE_PRIORITY
253.0,family_house,0.0,10.08,0.0,10.08,0.0,10.08,Spring,PRODUCE_PRIORITY
253.0,luxury_house,0.0,18.0,0.0,18.0,0.0,18.0,Spring,PRODUCE_PRIORITY
253.0,small_family,0.0,6.5,0.0,6.5,0.0,6.5,Spring,PRODUCE_PRIORITY
254.0,apartment,0.0,3.6399999999999997,0.0,3.6399999999999997,0.0,3.6399999999999997,Spring,PRODUCE_PRIORITY
254.0,family_house,0.0,10.08,0.0,10.08,0.0,10.08,Spring,PRODUCE_PRIORITY
254.0,luxury_house,0.0,18.0,0.0,18.0,0.0,18.0,Spring,PRODUCE_PRIORITY
254.0,small_family,0.0,6.5,0.0,6.5,0.0,6.5,Spring,PRODUCE_PRIORITY
255.0,apartment,0.0,3.6399999999999997,0.0,3.6399999999999997,0.0,3.6399999999999997,Spring,PRODUCE_PRIORITY
255.0,family_house,0.0,10.08,0.0,10.08,0.0,10.08,Spring,PRODUCE_PRIORITY
255.0,luxury_house,0.0,18.0,0.0,18.0,0.0,18.0,Spring,PRODUCE_PRIORITY
255.0,small_family,0.0,6.5,0.0,6.5,0.0,6.5,Spring,PRODUCE_PRIORITY
256.0,apartment,0.0,3.6399999999999997,0.0,3.6399999999999997,0.0,3.6399999999999997,Spring,PRODUCE_PRIORITY
256.0,family_house,0.0,10.08,0.0,10.08,0.0,10.08,Spring,PRODUCE_PRIORITY
256.0,luxury_house,0.0,18.0,0.0,18.0,0.0,18.0,Spring,PRODUCE_PRIORITY
256.0,small_family,0.0,6.5,0.0,6.5,0.0,6.5,Spring,PRODUCE_PRIORITY
257.0,apartment,0.0,3.6399999999999997,0.0,3.6399999999999997,0.0,3.6399999999999997,Spring,PRODUCE_PRIORITY
257.0,family_house,0.0,10.08,0.0,10.08,0.0,10.08,Spring,PRODUCE_PRIORITY
257.0,luxury_house,0.0,18.0,0.0,18.0,0.0,18.0,Spring,PRODUCE_PRIORITY
257.0,small_family,0.0,6.5,0.0,6.5,0.0,6.5,Spring,PRODUCE_PRIORITY
258.0,apartment,0.0,24.742763602584592,0.0,24.742763602584592,0.0,24.742763602584592,Spring,PRODUCE_PRIORITY
258.0,family_house,0.0,26.417100011481487,0.0,26.417100011481487,0.0,26.417100011481487,Spring,PRODUCE_PRIORITY
258.0,luxury_house,0.0,38.50327494558367,0.0,38.50327494558367,0.0,38.50327494558367,Spring,PRODUCE_PRIORITY
258.0,small_family,0.0,24.705123180799088,0.0,24.705123180799088,0.0,24.705123180799088,Spring,PRODUCE_PRIORITY
259.0,apartment,0.0,25.134135160071143,0.0,25.134135160071143,0.0,25.134135160071143,Spring,PRODUCE_PRIORITY
259.0,family_house,0.0,29.62693318778994,0.0,29.62693318778994,0.0,29.62693318778994,Spring,PRODUCE_PRIORITY
259.0,luxury_house,0.0,37.75426761505321,0.0,37.75426761505321,0.0,37.75426761505321,Spring,PRODUCE_PRIORITY
259.0,small_family,0.0,23.183995550625824,0.0,23.183995550625824,0.0,23.183995550625824,Spring,PRODUCE_PRIORITY
260.0,apartment,0.0,26.295528401729445,0.0,26.295528401729445,0.0,26.295528401729445,Spring,PRODUCE_PRIORITY
260.0,family_house,0.0,30.383053344788127,0.0,30.383053344788127,0.0,30.383053344788127,Spring,PRODUCE_PRIORITY
260.0,luxury_house,0.0,32.352488888052655,0.0,32.352488888052655,0.0,32.352488888052655,Spring,PRODUCE_PRIORITY
260.0,small_family,0.0,26.255429714487448,0.0,26.255429714487448,0.0,26.255429714487448,Spring,PRODUCE_PRIORITY
261.0,apartment,0.0,27.448497986855443,0.0,27.448497986855443,0.0,27.448497986855443,Spring,PRODUCE_PRIORITY
261.0,family_house,0.0,26.910772976883525,0.0,26.910772976883525,0.0,26.910772976883525,Spring,PRODUCE_PRIORITY
261.0,luxury_house,0.0,35.701447415344745,0.0,35.701447415344745,0.0,35.701447415344745,Spring,PRODUCE_PRIORITY
261.0,small_family,0.0,23.475640626553645,0.0,23.475640626553645,0.0,23.475640626553645,Spring,PRODUCE_PRIORITY
262.0,apartment,0.0,3.6399999999999997,0.0,3.6399999999999997,0.0,3.6399999999999997,Spring,PRODUCE_PRIORITY
262.0,family_house,0.0,10.08,0.0,10.08,0.0,10.08,Spring,PRODUCE_PRIORITY
262.0,luxury_house,0.0,18.0,0.0,18.0,0.0,18.0,Spring,PRODUCE_PRIORITY
262.0,small_family,0.0,6.5,0.0,6.5,0.0,6.5,Spring,PRODUCE_PRIORITY
263.0,apartment,0.0,3.6399999999999997,0.0,3.6399999999999997,0.0,3.6399999999999997,Spring,PRODUCE_PRIORITY
263.0,family_house,0.0,10.08,0.0,10.08,0.0,10.08,Spring,PRODUCE_PRIORITY
263.0,luxury_house,0.0,18.0,0.0,18.0,0.0,18.0,Spring,PRODUCE_PRIORITY
263.0,small_family,0.0,6.5,0.0,6.5,0.0,6.5,Spring,PRODUCE_PRIORITY
264.0,apartment,0.0,3.6399999999999997,0.0,3.6399999999999997,0.0,3.6399999999999997,Spring,PRODUCE_PRIORITY
264.0,family_house,0.0,10.08,0.0,10.08,0.0,10.08,Spring,PRODUCE_PRIORITY
264.0,luxury_house,0.0,18.0,0.0,18.0,0.0,18.0,Spring,PRODUCE_PRIORITY
264.0,small_family,0.0,6.5,0.0,6.5,0.0,6.5,Spring,PRODUCE_PRIORITY
265.0,apartment,3.4847781408374674,3.6399999999999997,0.0,3.6399999999999997,3.4847781408374674,0.15522185916253226,Spring,PRODUCE_PRIORITY
265.0,family_house,6.594503132819734,10.08,0.0,10.08,6.594503132819734,3.4854968671802653,Spring,PRODUCE_PRIORITY
265.0,luxury_house,5.814724823527258,18.0,0.0,18.0,5.814724823527258,12.185275176472743,Spring,PRODUCE_PRIORITY
265.0,small_family,7.0893788517489815,6.5,0.0,6.5,7.0893788517489815,-0.5893788517489813,Spring,PRODUCE_PRIORITY
266.0,apartment,6.732074410245027,3.6399999999999997,0.0,3.6399999999999997,6.732074410245027,-3.0920744102450275,Spring,PRODUCE_PRIORITY
266.0,family_house,12.739601775069502,10.08,0.0,10.08,12.739601775069502,-2.6596017750695022,Spring,PRODUCE_PRIORITY
266.0,luxury_house,11.233185759618248,18.0,0.0,18.0,11.233185759618248,6.766814240381753,Spring,PRODUCE_PRIORITY
266.0,small_family,13.695628250503761,6.5,0.0,6.5,13.695628250503761,-7.195628250503761,Spring,PRODUCE_PRIORITY
267.0,apartment,9.520590933873375,3.6399999999999997,0.0,3.6399999999999997,9.520590933873375,-5.880590933873376,Spring,PRODUCE_PRIORITY
267.0,family_house,18.01651760953565,10.08,0.0,10.08,18.01651760953565,-7.93651760953565,Spring,PRODUCE_PRIORITY
267.0,luxury_house,15.886123649908445,18.0,0.0,18.0,15.886123649908445,2.113876350091555,Spring,PRODUCE_PRIORITY
267.0,small_family,19.36854321708253,6.5,0.0,6.5,19.36854321708253,-12.868543217082529,Spring,PRODUCE_PRIORITY
268.0,apartment,11.660294918878675,3.6399999999999997,0.0,3.6399999999999997,11.660294918878675,-8.020294918878676,Spring,PRODUCE_PRIORITY
268.0,family_house,22.065637542615036,10.08,0.0,10.08,22.065637542615036,-11.985637542615036,Spring,PRODUCE_PRIORITY
268.0,luxury_house,19.456448466517998,18.0,0.0,18.0,19.456448466517998,-1.4564484665179989,Spring,PRODUCE_PRIORITY
268.0,small_family,23.72152397144817,6.5,0.0,6.5,23.72152397144817,-17.22152397144817,Spring,PRODUCE_PRIORITY
269.0,apartment,13.00536907471084,3.6399999999999997,0.0,3.6399999999999997,13.00536907471084,-9.365369074710841,Spring,PRODUCE_PRIORITY
269.0,family_house,24.611020742355382,10.08,0.0,10.08,24.611020742355382,-14.531020742355382,Spring,PRODUCE_PRIORITY
269.0,luxury_house,21.700848473435705,18.0,0.0,18.0,21.700848473435705,-3.7008484734357032,Spring,PRODUCE_PRIORITY
269.0,small_family,26.457922068831504,6.5,0.0,6.5,26.457922068831504,-19.957922068831504,Spring,PRODUCE_PRIORITY
270.0,apartment,13.464148820490056,3.6399999999999997,0.0,3.6399999999999997,13.464148820490056,-9.824148820490057,Spring,PRODUCE_PRIORITY
270.0,family_house,25.455186523566994,10.08,0.0,10.08,25.455186523566994,-15.375186523566994,Spring,PRODUCE_PRIORITY
270.0,luxury_house,22.466371519236496,18.0,0.0,18.0,22.466371519236496,-4.466371519236496,Spring,PRODUCE_PRIORITY
270.0,small_family,27.391256501007526,6.5,0.0,6.5,27.391256501007526,-20.891256501007526,Spring,PRODUCE_PRIORITY
271.0,apartment,13.005369074710842,3.6399999999999997,0.0,3.6399999999999997,13.005369074710842,-9.365369074710843,Spring,PRODUCE_PRIORITY
271.0,family_house,24.611020742355382,10.08,0.0,10.08,24.611020742355382,-14.531020742355382,Spring,PRODUCE_PRIORITY
271.0,luxury_house,21.700848473435705,18.0,0.0,18.0,21.700848473435705,-3.7008484734357032,Spring,PRODUCE_PRIORITY
271.0,small_family,26.45792206883151,6.5,0.0,6.5,26.45792206883151,-19.95792206883151,Spring,PRODUCE_PRIORITY
272.0,apartment,11.660294918878675,3.6399999999999997,0.0,3.6399999999999997,11.660294918878675,-8.020294918878676,Spring,PRODUCE_PRIORITY
272.0,family_house,22.06563754261504,10.08,0.0,10.08,22.06563754261504,-11.985637542615041,Spring,PRODUCE_PRIORITY
272.0,luxury_house,19.456448466518,18.0,0.0,18.0,19.456448466518,-1.456448466518002,Spring,PRODUCE_PRIORITY
272.0,small_family,23.721523971448175,6.5,0.0,6.5,23.721523971448175,-17.221523971448175,Spring,PRODUCE_PRIORITY
273.0,apartment,9.520590933873375,3.6399999999999997,0.0,3.6399999999999997,9.520590933873375,-5.880590933873376,Spring,PRODUCE_PRIORITY
273.0,family_house,18.01651760953565,10.08,0.0,10.08,18.01651760953565,-7.93651760953565,Spring,PRODUCE_PRIORITY
273.0,luxury_house,15.886123649908445,18.0,0.0,18.0,15.886123649908445,2.113876350091555,Spring,PRODUCE_PRIORITY
273.0,small_family,19.36854321708253,6.5,0.0,6.5,19.36854321708253,-12.868543217082529,Spring,PRODUCE_PRIORITY
274.0,apartment,6.7320744102450325,3.6399999999999997,0.0,3.6399999999999997,6.7320744102450325,-3.092074410245033,Spring,PRODUCE_PRIORITY
274.0,family_house,12.739601775069511,10.08,0.0,10.08,12.739601775069511,-2.6596017750695125,Spring,PRODUCE_PRIORITY
274.0,luxury_house,11.233185759618255,18.0,0.0,18.0,11.233185759618255,6.766814240381745,Spring,PRODUCE_PRIORITY
274.0,small_family,13.695628250503772,6.5,0.0,6.5,13.695628250503772,-7.195628250503772,Spring,PRODUCE_PRIORITY
275.0,apartment,3.4847781408374714,3.6399999999999997,0.0,3.6399999999999997,3.4847781408374714,0.15522185916252831,Spring,PRODUCE_PRIORITY
275.0,family_house,6.594503132819741,10.08,0.0,10.08,6.594503132819741,3.485496867180258,Spring,PRODUCE_PRIORITY
275.0,luxury_house,5.814724823527265,18.0,0.0,18.0,5.814724823527265,12.185275176472736,Spring,PRODUCE_PRIORITY
275.0,small_family,7.0893788517489895,6.5,0.0,6.5,7.0893788517489895,-0.5893788517489896,Spring,PRODUCE_PRIORITY
276.0,apartment,1.6488826756256758e-15,3.6399999999999997,0.0,3.6399999999999997,1.6488826756256758e-15,3.639999999999998,Spring,PRODUCE_PRIORITY
276.0,family_house,3.1203025072501616e-15,10.08,0.0,10.08,3.1203025072501616e-15,10.079999999999997,Spring,PRODUCE_PRIORITY
276.0,luxury_house,2.7513369969488233e-15,18.0,0.0,18.0,2.7513369969488233e-15,17.999999999999996,Spring,PRODUCE_PRIORITY
276.0,small_family,3.3544614598583e-15,6.5,0.0,6.5,3.3544614598583e-15,6.4999999999999964,Spring,PRODUCE_PRIORITY
277.0,apartment,0.0,3.6399999999999997,0.0,3.6399999999999997,0.0,3.6399999999999997,Spring,PRODUCE_PRIORITY
277.0,family_house,0.0,10.08,0.0,10.08,0.0,10.08,Spring,PRODUCE_PRIORITY
277.0,luxury_house,0.0,18.0,0.0,18.0,0.0,18.0,Spring,PRODUCE_PRIORITY
277.0,small_family,0.0,6.5,0.0,6.5,0.0,6.5,Spring,PRODUCE_PRIORITY
278.0,apartment,0.0,3.6399999999999997,0.0,3.6399999999999997,0.0,3.6399999999999997,Spring,PRODUCE_PRIORITY
278.0,family_house,0.0,10.08,0.0,10.08,0.0,10.08,Spring,PRODUCE_PRIORITY
278.0,luxury_house,0.0,18.0,0.0,18.0,0.0,18.0,Spring,PRODUCE_PRIORITY
278.0,small_family,0.0,6.5,0.0,6.5,0.0,6.5,Spring,PRODUCE_PRIORITY
279.0,apartment,0.0,3.6399999999999997,0.0,3.6399999999999997,0.0,3.6399999999999997,Spring,PRODUCE_PRIORITY
279.0,family_house,0.0,10.08,0.0,10.08,0.0,10.08,Spring,PRODUCE_PRIORITY
279.0,luxury_house,0.0,18.0,0.0,18.0,0.0,18.0,Spring,PRODUCE_PRIORITY
279.0,small_family,0.0,6.5,0.0,6.5,0.0,6.5,Spring,PRODUCE_PRIORITY
280.0,apartment,0.0,3.6399999999999997,0.0,3.6399999999999997,0.0,3.6399999999999997,Spring,PRODUCE_PRIORITY
280.0,family_house,0.0,10.08,0.0,10.08,0.0,10.08,Spring,PRODUCE_PRIORITY
280.0,luxury_house,0.0,18.0,0.0,18.0,0.0,18.0,Spring,PRODUCE_PRIORITY
280.0,small_family,0.0,6.5,0.0,6.5,0.0,6.5,Spring,PRODUCE_PRIORITY
281.0,apartment,0.0,3.6399999999999997,0.0,3.6399999999999997,0.0,3.6399999999999997,Spring,PRODUCE_PRIORITY
281.0,family_house,0.0,10.08,0.0,10.08,0.0,10.08,Spring,PRODUCE_PRIORITY
281.0,luxury_house,0.0,18.0,0.0,18.0,0.0,18.0,Spring,PRODUCE_PRIORITY
281.0,small_family,0.0,6.5,0.0,6.5,0.0,6.5,Spring,PRODUCE_PRIORITY
282.0,apartment,0.0,20.085311878085413,0.0,20.085311878085413,0.0,20.085311878085413,Spring,PRODUCE_PRIORITY
282.0,family_house,0.0,34.53455593527586,0.0,34.53455593527586,0.0,34.53455593527586,Spring,PRODUCE_PRIORITY
282.0,luxury_house,0.0,36.73501902089428,0.0,36.73501902089428,0.0,36.73501902089428,Spring,PRODUCE_PRIORITY
282.0,small_family,0.0,28.084470672093577,0.0,28.084470672093577,0.0,28.084470672093577,Spring,PRODUCE_PRIORITY
283.0,apartment,0.0,22.73539127303544,0.0,22.73539127303544,0.0,22.73539127303544,Spring,PRODUCE_PRIORITY
283.0,family_house,0.0,28.785571570886987,0.0,28.785571570886987,0.0,28.785571570886987,Spring,PRODUCE_PRIORITY
283.0,luxury_house,0.0,42.975165850867796,0.0,42.975165850867796,0.0,42.975165850867796,Spring,PRODUCE_PRIORITY
283.0,small_family,0.0,30.16674439588279,0.0,30.16674439588279,0.0,30.16674439588279,Spring,PRODUCE_PRIORITY
284.0,apartment,0.0,20.473063352791574,0.0,20.473063352791574,0.0,20.473063352791574,Spring,PRODUCE_PRIORITY
284.0,family_house,0.0,26.90802579155678,0.0,26.90802579155678,0.0,26.90802579155678,Spring,PRODUCE_PRIORITY
284.0,luxury_house,0.0,35.76527906650989,0.0,35.76527906650989,0.0,35.76527906650989,Spring,PRODUCE_PRIORITY
284.0,small_family,0.0,28.722271200698835,0.0,28.722271200698835,0.0,28.722271200698835,Spring,PRODUCE_PRIORITY
285.0,apartment,0.0,21.094163804025122,0.0,21.094163804025122,0.0,21.094163804025122,Spring,PRODUCE_PRIORITY
285.0,family_house,0.0,23.549935285890356,0.0,23.549935285890356,0.0,23.549935285890356,Spring,PRODUCE_PRIORITY
285.0,luxury_house,0.0,34.46539456991001,0.0,34.46539456991001,0.0,34.46539456991001,Spring,PRODUCE_PRIORITY
285.0,small_family,0.0,21.904302965105636,0.0,21.904302965105636,0.0,21.904302965105636,Spring,PRODUCE_PRIORITY
286.0,apartment,0.0,3.6399999999999997,0.0,3.6399999999999997,0.0,3.6399999999999997,Spring,PRODUCE_PRIORITY
286.0,family_house,0.0,10.08,0.0,10.08,0.0,10.08,Spring,PRODUCE_PRIORITY
286.0,luxury_house,0.0,18.0,0.0,18.0,0.0,18.0,Spring,PRODUCE_PRIORITY
286.0,small_family,0.0,6.5,0.0,6.5,0.0,6.5,Spring,PRODUCE_PRIORITY
287.0,apartment,0.0,3.6399999999999997,0.0,3.6399999999999997,0.0,3.6399999999999997,Spring,PRODUCE_PRIORITY
287.0,family_house,0.0,10.08,0.0,10.08,0.0,10.08,Spring,PRODUCE_PRIORITY
287.0,luxury_house,0.0,18.0,0.0,18.0,0.0,18.0,Spring,PRODUCE_PRIORITY
287.0,small_family,0.0,6.5,0.0,6.5,0.0,6.5,Spring,PRODUCE_PRIORITY
288.0,apartment,0.0,3.6399999999999997,0.0,3.6399999999999997,0.0,3.6399999999999997,Spring,PRODUCE_PRIORITY
288.0,family_house,0.0,10.08,0.0,10.08,0.0,10.08,Spring,PRODUCE_PRIORITY
288.0,luxury_house,0.0,18.0,0.0,18.0,0.0,18.0,Spring,PRODUCE_PRIORITY
288.0,small_family,0.0,6.5,0.0,6.5,0.0,6.5,Spring,PRODUCE_PRIORITY
289.0,apartment,4.686690393940356,3.6399999999999997,0.0,3.6399999999999997,4.686690393940356,-1.0466903939403565,Spring,PRODUCE_PRIORITY
289.0,family_house,6.591982657790718,10.08,0.0,10.08,6.591982657790718,3.4880173422092824,Spring,PRODUCE_PRIORITY
289.0,luxury_house,9.513297515166604,18.0,0.0,18.0,9.513297515166604,8.486702484833396,Spring,PRODUCE_PRIORITY
289.0,small_family,7.35989510691662,6.5,0.0,6.5,7.35989510691662,-0.85989510691662,Spring,PRODUCE_PRIORITY
290.0,apartment,9.053990582655754,3.6399999999999997,0.0,3.6399999999999997,9.053990582655754,-5.413990582655755,Spring,PRODUCE_PRIORITY
290.0,family_house,12.734732591219414,10.08,0.0,10.08,12.734732591219414,-2.6547325912194144,Spring,PRODUCE_PRIORITY
290.0,luxury_house,18.378279526142084,18.0,0.0,18.0,18.378279526142084,-0.3782795261420838,Spring,PRODUCE_PRIORITY
290.0,small_family,14.218225525098612,6.5,0.0,6.5,14.218225525098612,-7.718225525098612,Spring,PRODUCE_PRIORITY
291.0,apartment,12.804276275590052,3.6399999999999997,0.0,3.6399999999999997,12.804276275590052,-9.164276275590051,Spring,PRODUCE_PRIORITY
291.0,family_house,18.009631543697168,10.08,0.0,10.08,18.009631543697168,-7.929631543697169,Spring,PRODUCE_PRIORITY
291.0,luxury_house,25.78724446451157,18.0,0.0,18.0,25.78724446451157,-7.787244464511569,Spring,PRODUCE_PRIORITY
291.0,small_family,20.107607370473783,6.5,0.0,6.5,20.107607370473783,-13.607607370473785,Spring,PRODUCE_PRIORITY
292.0,apartment,15.681971700409912,3.6399999999999997,0.0,3.6399999999999997,15.681971700409912,-12.041971700409913,Spring,PRODUCE_PRIORITY
292.0,family_house,21.577108362603944,10.08,0.0,10.08,21.577108362603944,-11.497108362603946,Spring,PRODUCE_PRIORITY
292.0,luxury_house,29.19489302239259,18.0,0.0,18.0,29.19489302239259,-11.19489302239259,Spring,PRODUCE_PRIORITY
292.0,small_family,24.62668900294348,6.5,0.0,6.5,24.62668900294348,-18.12668900294348,Spring,PRODUCE_PRIORITY
293.0,apartment,17.490966669530405,3.6399999999999997,0.0,3.6399999999999997,17.490966669530405,-13.850966669530406,Spring,PRODUCE_PRIORITY
293.0,family_house,23.424882078856555,10.08,0.0,10.08,23.424882078856555,-13.344882078856555,Spring,PRODUCE_PRIORITY
293.0,luxury_house,31.178411139011832,18.0,0.0,18.0,31.178411139011832,-13.178411139011832,Spring,PRODUCE_PRIORITY
293.0,small_family,27.24161332045876,6.5,0.0,6.5,27.24161332045876,-20.74161332045876,Spring,PRODUCE_PRIORITY
294.0,apartment,18.10798116531151,3.6399999999999997,0.0,3.6399999999999997,18.10798116531151,-14.467981165311512,Spring,PRODUCE_PRIORITY
294.0,family_house,23.969013001874554,10.08,0.0,10.08,23.969013001874554,-13.889013001874556,Spring,PRODUCE_PRIORITY
294.0,luxury_house,31.85495223033036,18.0,0.0,18.0,31.85495223033036,-13.85495223033036,Spring,PRODUCE_PRIORITY
294.0,small_family,28.061488664972654,6.5,0.0,6.5,28.061488664972654,-21.561488664972654,Spring,PRODUCE_PRIORITY
295.0,apartment,17.49096666953041,3.6399999999999997,0.0,3.6399999999999997,17.49096666953041,-13.85096666953041,Spring,PRODUCE_PRIORITY
295.0,family_house,23.424882078856555,10.08,0.0,10.08,23.424882078856555,-13.344882078856555,Spring,PRODUCE_PRIORITY
295.0,luxury_house,31.178411139011832,18.0,0.0,18.0,31.178411139011832,-13.178411139011832,Spring,PRODUCE_PRIORITY
295.0,small_family,27.241613320458764,6.5,0.0,6.5,27.241613320458764,-20.741613320458764,Spring,PRODUCE_PRIORITY
296.0,apartment,15.681971700409912,3.6399999999999997,0.0,3.6399999999999997,15.681971700409912,-12.041971700409913,Spring,PRODUCE_PRIORITY
296.0,family_house,21.577108362603948,10.08,0.0,10.08,21.577108362603948,-11.49710836260395,Spring,PRODUCE_PRIORITY
296.0,luxury_house,29.19489302239259,18.0,0.0,18.0,29.19489302239259,-11.194893022392591,Spring,PRODUCE_PRIORITY
296.0,small_family,24.62668900294348,6.5,0.0,6.5,24.62668900294348,-18.12668900294348,Spring,PRODUCE_PRIORITY
297.0,apartment,12.804276275590052,3.6399999999999997,0.0,3.6399999999999997,12.804276275590052,-9.164276275590051,Spring,PRODUCE_PRIORITY
297.0,family_house,18.009631543697168,10.08,0.0,10.08,18.009631543697168,-7.929631543697169,Spring,PRODUCE_PRIORITY
297.0,luxury_house,25.78724446451157,18.0,0.0,18.0,25.78724446451157,-7.787244464511569,Spring,PRODUCE_PRIORITY
297.0,small_family,20.107607370473783,6.5,0.0,6.5,20.107607370473783,-13.607607370473785,Spring,PRODUCE_PRIORITY
298.0,apartment,9.05399058265576,3.6399999999999997,0.0,3.6399999999999997,9.05399058265576,-5.413990582655761,Spring,PRODUCE_PRIORITY
298.0,family_house,12.734732591219425,10.08,0.0,10.08,12.734732591219425,-2.6547325912194255,Spring,PRODUCE_PRIORITY
298.0,luxury_house,18.378279526142098,18.0,0.0,18.0,18.378279526142098,-0.3782795261420977,Spring,PRODUCE_PRIORITY
298.0,small_family,14.218225525098623,6.5,0.0,6.5,14.218225525098623,-7.718225525098623,Spring,PRODUCE_PRIORITY
299.0,apartment,4.686690393940362,3.6399999999999997,0.0,3.6399999999999997,4.686690393940362,-1.0466903939403618,Spring,PRODUCE_PRIORITY
299.0,family_house,6.591982657790725,10.08,0.0,10.08,6.591982657790725,3.488017342209275,Spring,PRODUCE_PRIORITY
299.0,luxury_house,9.513297515166615,18.0,0.0,18.0,9.513297515166615,8.486702484833385,Spring,PRODUCE_PRIORITY
299.0,small_family,7.359895106916628,6.5,0.0,6.5,7.359895106916628,-0.8598951069166283,Spring,PRODUCE_PRIORITY
300.0,apartment,2.2175881173119298e-15,3.6399999999999997,0.0,3.6399999999999997,2.2175881173119298e-15,3.6399999999999975,Spring,PRODUCE_PRIORITY
300.0,family_house,3.1191099011668676e-15,10.08,0.0,10.08,3.1191099011668676e-15,10.079999999999997,Spring,PRODUCE_PRIORITY
300.0,luxury_house,4.501380239105048e-15,18.0,0.0,18.0,4.501380239105048e-15,17.999999999999996,Spring,PRODUCE_PRIORITY
300.0,small_family,3.482460875773443e-15,6.5,0.0,6.5,3.482460875773443e-15,6.4999999999999964,Spring,PRODUCE_PRIORITY
301.0,apartment,0.0,3.6399999999999997,0.0,3.6399999999999997,0.0,3.6399999999999997,Spring,PRODUCE_PRIORITY
301.0,family_house,0.0,10.08,0.0,10.08,0.0,10.08,Spring,PRODUCE_PRIORITY
301.0,luxury_house,0.0,18.0,0.0,18.0,0.0,18.0,Spring,PRODUCE_PRIORITY
301.0,small_family,0.0,6.5,0.0,6.5,0.0,6.5,Spring,PRODUCE_PRIORITY
302.0,apartment,0.0,3.6399999999999997,0.0,3.6399999999999997,0.0,3.6399999999999997,Spring,PRODUCE_PRIORITY
302.0,family_house,0.0,10.08,0.0,10.08,0.0,10.08,Spring,PRODUCE_PRIORITY
302.0,luxury_house,0.0,18.0,0.0,18.0,0.0,18.0,Spring,PRODUCE_PRIORITY
302.0,small_family,0.0,6.5,0.0,6.5,0.0,6.5,Spring,PRODUCE_PRIORITY
303.0,apartment,0.0,3.6399999999999997,0.0,3.6399999999999997,0.0,3.6399999999999997,Spring,PRODUCE_PRIORITY
303.0,family_house,0.0,10.08,0.0,10.08,0.0,10.08,Spring,PRODUCE_PRIORITY
303.0,luxury_house,0.0,18.0,0.0,18.0,0.0,18.0,Spring,PRODUCE_PRIORITY
303.0,small_family,0.0,6.5,0.0,6.5,0.0,6.5,Spring,PRODUCE_PRIORITY
304.0,apartment,0.0,3.6399999999999997,0.0,3.6399999999999997,0.0,3.6399999999999997,Spring,PRODUCE_PRIORITY
304.0,family_house,0.0,10.08,0.0,10.08,0.0,10.08,Spring,PRODUCE_PRIORITY
304.0,luxury_house,0.0,18.0,0.0,18.0,0.0,18.0,Spring,PRODUCE_PRIORITY
304.0,small_family,0.0,6.5,0.0,6.5,0.0,6.5,Spring,PRODUCE_PRIORITY
305.0,apartment,0.0,3.6399999999999997,0.0,3.6399999999999997,0.0,3.6399999999999997,Spring,PRODUCE_PRIORITY
305.0,family_house,0.0,10.08,0.0,10.08,0.0,10.08,Spring,PRODUCE_PRIORITY
305.0,luxury_house,0.0,18.0,0.0,18.0,0.0,18.0,Spring,PRODUCE_PRIORITY
305.0,small_family,0.0,6.5,0.0,6.5,0.0,6.5,Spring,PRODUCE_PRIORITY
306.0,apartment,0.0,24.078702518032976,0.0,24.078702518032976,0.0,24.078702518032976,Spring,PRODUCE_PRIORITY
306.0,family_house,0.0,24.59573345193408,0.0,24.59573345193408,0.0,24.59573345193408,Spring,PRODUCE_PRIORITY
306.0,luxury_house,0.0,39.76395077854594,0.0,39.76395077854594,0.0,39.76395077854594,Spring,PRODUCE_PRIORITY
306.0,small_family,0.0,21.542829269068047,0.0,21.542829269068047,0.0,21.542829269068047,Spring,PRODUCE_PRIORITY
307.0,apartment,0.0,25.91927470249566,0.0,25.91927470249566,0.0,25.91927470249566,Spring,PRODUCE_PRIORITY
307.0,family_house,0.0,29.6562829539253,0.0,29.6562829539253,0.0,29.6562829539253,Spring,PRODUCE_PRIORITY
307.0,luxury_house,0.0,37.66242539446679,0.0,37.66242539446679,0.0,37.66242539446679,Spring,PRODUCE_PRIORITY
307.0,small_family,0.0,22.255951348291738,0.0,22.255951348291738,0.0,22.255951348291738,Spring,PRODUCE_PRIORITY
308.0,apartment,0.0,24.210140982883686,0.0,24.210140982883686,0.0,24.210140982883686,Spring,PRODUCE_PRIORITY
308.0,family_house,0.0,24.099721626202893,0.0,24.099721626202893,0.0,24.099721626202893,Spring,PRODUCE_PRIORITY
308.0,luxury_house,0.0,41.49976986323608,0.0,41.49976986323608,0.0,41.49976986323608,Spring,PRODUCE_PRIORITY
308.0,small_family,0.0,25.602221399193215,0.0,25.602221399193215,0.0,25.602221399193215,Spring,PRODUCE_PRIORITY
309.0,apartment,0.0,24.654478600432025,0.0,24.654478600432025,0.0,24.654478600432025,Spring,PRODUCE_PRIORITY
309.0,family_house,0.0,26.997188237478404,0.0,26.997188237478404,0.0,26.997188237478404,Spring,PRODUCE_PRIORITY
309.0,luxury_house,0.0,35.02008816449162,0.0,35.02008816449162,0.0,35.02008816449162,Spring,PRODUCE_PRIORITY
309.0,small_family,0.0,30.64497247958793,0.0,30.64497247958793,0.0,30.64497247958793,Spring,PRODUCE_PRIORITY
310.0,apartment,0.0,3.6399999999999997,0.0,3.6399999999999997,0.0,3.6399999999999997,Spring,PRODUCE_PRIORITY
310.0,family_house,0.0,10.08,0.0,10.08,0.0,10.08,Spring,PRODUCE_PRIORITY
310.0,luxury_house,0.0,18.0,0.0,18.0,0.0,18.0,Spring,PRODUCE_PRIORITY
310.0,small_family,0.0,6.5,0.0,6.5,0.0,6.5,Spring,PRODUCE_PRIORITY
311.0,apartment,0.0,3.6399999999999997,0.0,3.6399999999999997,0.0,3.6399999999999997,Spring,PRODUCE_PRIORITY
311.0,family_house,0.0,10.08,0.0,10.08,0.0,10.08,Spring,PRODUCE_PRIORITY
311.0,luxury_house,0.0,18.0,0.0,18.0,0.0,18.0,Spring,PRODUCE_PRIORITY
311.0,small_family,0.0,6.5,0.0,6.5,0.0,6.5,Spring,PRODUCE_PRIORITY
312.0,apartment,0.0,3.6399999999999997,0.0,3.6399999999999997,0.0,3.6399999999999997,Spring,PRODUCE_PRIORITY
312.0,family_house,0.0,10.08,0.0,10.08,0.0,10.08,Spring,PRODUCE_PRIORITY
312.0,luxury_house,0.0,18.0,0.0,18.0,0.0,18.0,Spring,PRODUCE_PRIORITY
312.0,small_family,0.0,6.5,0.0,6.5,0.0,6.5,Spring,PRODUCE_PRIORITY
313.0,apartment,4.0401998564382895,3.6399999999999997,0.0,3.6399999999999997,4.0401998564382895,-0.4001998564382898,Spring,PRODUCE_PRIORITY
313.0,family_house,6.244062630631791,10.08,0.0,10.08,6.244062630631791,3.835937369368209,Spring,PRODUCE_PRIORITY
313.0,luxury_house,7.3401129262107245,18.0,0.0,18.0,7.3401129262107245,10.659887073789275,Spring,PRODUCE_PRIORITY
313.0,small_family,5.632813384484149,6.5,0.0,6.5,5.632813384484149,0.8671866155158512,Spring,PRODUCE_PRIORITY
314.0,apartment,7.80506676940626,3.6399999999999997,0.0,3.6399999999999997,7.80506676940626,-4.165066769406259,Spring,PRODUCE_PRIORITY
314.0,family_house,12.062602711787411,10.08,0.0,10.08,12.062602711787411,-1.9826027117874108,Spring,PRODUCE_PRIORITY
314.0,luxury_house,14.180009286610328,18.0,0.0,18.0,14.180009286610328,3.8199907133896702,Spring,PRODUCE_PRIORITY
314.0,small_family,10.881759845479948,6.5,0.0,6.5,10.881759845479948,-4.381759845479949,Spring,PRODUCE_PRIORITY
315.0,apartment,11.038031280521894,3.6399999999999997,0.0,3.6399999999999997,11.038031280521894,-7.398031280521893,Spring,PRODUCE_PRIORITY
315.0,family_house,17.059096352528236,10.08,0.0,10.08,17.059096352528236,-6.979096352528235,Spring,PRODUCE_PRIORITY
315.0,luxury_house,20.05356144770077,18.0,0.0,18.0,20.05356144770077,-2.0535614477007678,Spring,PRODUCE_PRIORITY
315.0,small_family,15.389132355964703,6.5,0.0,6.5,15.389132355964703,-8.889132355964703,Spring,PRODUCE_PRIORITY
316.0,apartment,13.518772201079122,3.6399999999999997,0.0,3.6399999999999997,13.518772201079122,-9.878772201079121,Spring,PRODUCE_PRIORITY
316.0,family_house,20.89304076833392,10.08,0.0,10.08,20.89304076833392,-10.813040768333918,Spring,PRODUCE_PRIORITY
316.0,luxury_house,24.560496536207605,18.0,0.0,18.0,24.560496536207605,-6.560496536207604,Spring,PRODUCE_PRIORITY
316.0,small_family,18.84776092813413,6.5,0.0,6.5,18.84776092813413,-12.347760928134127,Spring,PRODUCE_PRIORITY
317.0,apartment,15.07823113696018,3.6399999999999997,0.0,3.6399999999999997,15.07823113696018,-11.43823113696018,Spring,PRODUCE_PRIORITY
317.0,family_house,23.303158983160024,10.08,0.0,10.08,23.303158983160024,-13.223158983160024,Spring,PRODUCE_PRIORITY
317.0,luxury_house,27.13868732654478,18.0,0.0,18.0,27.13868732654478,-9.13868732654478,Spring,PRODUCE_PRIORITY
317.0,small_family,21.02194574044885,6.5,0.0,6.5,21.02194574044885,-14.521945740448848,Spring,PRODUCE_PRIORITY
318.0,apartment,15.610133538812521,3.6399999999999997,0.0,3.6399999999999997,15.610133538812521,-11.970133538812522,Spring,PRODUCE_PRIORITY
318.0,family_house,24.125205423574826,10.08,0.0,10.08,24.125205423574826,-14.045205423574826,Spring,PRODUCE_PRIORITY
318.0,luxury_house,27.954931835128477,18.0,0.0,18.0,27.954931835128477,-9.954931835128477,Spring,PRODUCE_PRIORITY
318.0,small_family,21.716597448618373,6.5,0.0,6.5,21.716597448618373,-15.216597448618373,Spring,PRODUCE_PRIORITY
319.0,apartment,15.078231136960182,3.6399999999999997,0.0,3.6399999999999997,15.078231136960182,-11.438231136960184,Spring,PRODUCE_PRIORITY
319.0,family_house,23.303158983160024,10.08,0.0,10.08,23.303158983160024,-13.223158983160024,Spring,PRODUCE_PRIORITY
319.0,luxury_house,27.13868732654478,18.0,0.0,18.0,27.13868732654478,-9.13868732654478,Spring,PRODUCE_PRIORITY
319.0,small_family,21.021945740448853,6.5,0.0,6.5,21.021945740448853,-14.521945740448853,Spring,PRODUCE_PRIORITY
320.0,apartment,13.518772201079122,3.6399999999999997,0.0,3.6399999999999997,13.518772201079122,-9.878772201079121,Spring,PRODUCE_PRIORITY
320.0,family_house,20.893040768333922,10.08,0.0,10.08,20.893040768333922,-10.813040768333922,Spring,PRODUCE_PRIORITY
320.0,luxury_house,24.56049653620761,18.0,0.0,18.0,24.56049653620761,-6.560496536207607,Spring,PRODUCE_PRIORITY
320.0,small_family,18.84776092813413,6.5,0.0,6.5,18.84776092813413,-12.34776092813413,Spring,PRODUCE_PRIORITY
321.0,apartment,11.038031280521894,3.6399999999999997,0.0,3.6399999999999997,11.038031280521894,-7.398031280521893,Spring,PRODUCE_PRIORITY
321.0,family_house,17.059096352528236,10.08,0.0,10.08,17.059096352528236,-6.979096352528235,Spring,PRODUCE_PRIORITY
321.0,luxury_house,20.05356144770077,18.0,0.0,18.0,20.05356144770077,-2.0535614477007678,Spring,PRODUCE_PRIORITY
321.0,small_family,15.389132355964703,6.5,0.0,6.5,15.389132355964703,-8.889132355964703,Spring,PRODUCE_PRIORITY
322.0,apartment,7.805066769406265,3.6399999999999997,0.0,3.6399999999999997,7.805066769406265,-4.165066769406265,Spring,PRODUCE_PRIORITY
322.0,family_house,12.06260271178742,10.08,0.0,10.08,12.06260271178742,-1.982602711787421,Spring,PRODUCE_PRIORITY
322.0,luxury_house,14.18000928661034,18.0,0.0,18.0,14.18000928661034,3.819990713389659,Spring,PRODUCE_PRIORITY
322.0,small_family,10.881759845479957,6.5,0.0,6.5,10.881759845479957,-4.381759845479957,Spring,PRODUCE_PRIORITY
323.0,apartment,4.040199856438294,3.6399999999999997,0.0,3.6399999999999997,4.040199856438294,-0.4001998564382946,Spring,PRODUCE_PRIORITY
323.0,family_house,6.244062630631797,10.08,0.0,10.08,6.244062630631797,3.835937369368202,Spring,PRODUCE_PRIORITY
323.0,luxury_house,7.3401129262107325,18.0,0.0,18.0,7.3401129262107325,10.659887073789267,Spring,PRODUCE_PRIORITY
323.0,small_family,5.632813384484155,6.5,0.0,6.5,5.632813384484155,0.8671866155158445,Spring,PRODUCE_PRIORITY
324.0,apartment,1.9116900072569497e-15,3.6399999999999997,0.0,3.6399999999999997,1.9116900072569497e-15,3.639999999999998,Spring,PRODUCE_PRIORITY
324.0,family_house,2.9544855600753276e-15,10.08,0.0,10.08,2.9544855600753276e-15,10.079999999999997,Spring,PRODUCE_PRIORITY
324.0,luxury_house,3.4731005969454172e-15,18.0,0.0,18.0,3.4731005969454172e-15,17.999999999999996,Spring,PRODUCE_PRIORITY
324.0,small_family,2.6652624727714437e-15,6.5,0.0,6.5,2.6652624727714437e-15,6.499999999999997,Spring,PRODUCE_PRIORITY
325.0,apartment,0.0,3.6399999999999997,0.0,3.6399999999999997,0.0,3.6399999999999997,Spring,PRODUCE_PRIORITY
325.0,family_house,0.0,10.08,0.0,10.08,0.0,10.08,Spring,PRODUCE_PRIORITY
325.0,luxury_house,0.0,18.0,0.0,18.0,0.0,18.0,Spring,PRODUCE_PRIORITY
325.0,small_family,0.0,6.5,0.0,6.5,0.0,6.5,Spring,PRODUCE_PRIORITY
326.0,apartment,0.0,3.6399999999999997,0.0,3.6399999999999997,0.0,3.6399999999999997,Spring,PRODUCE_PRIORITY
326.0,family_house,0.0,10.08,0.0,10.08,0.0,10.08,Spring,PRODUCE_PRIORITY
326.0,luxury_house,0.0,18.0,0.0,18.0,0.0,18.0,Spring,PRODUCE_PRIORITY
326.0,small_family,0.0,6.5,0.0,6.5,0.0,6.5,Spring,PRODUCE_PRIORITY
327.0,apartment,0.0,3.6399999999999997,0.0,3.6399999999999997,0.0,3.6399999999999997,Spring,PRODUCE_PRIORITY
327.0,family_house,0.0,10.08,0.0,10.08,0.0,10.08,Spring,PRODUCE_PRIORITY
327.0,luxury_house,0.0,18.0,0.0,18.0,0.0,18.0,Spring,PRODUCE_PRIORITY
327.0,small_family,0.0,6.5,0.0,6.5,0.0,6.5,Spring,PRODUCE_PRIORITY
328.0,apartment,0.0,3.6399999999999997,0.0,3.6399999999999997,0.0,3.6399999999999997,Spring,PRODUCE_PRIORITY
328.0,family_house,0.0,10.08,0.0,10.08,0.0,10.08,Spring,PRODUCE_PRIORITY
328.0,luxury_house,0.0,18.0,0.0,18.0,0.0,18.0,Spring,PRODUCE_PRIORITY
328.0,small_family,0.0,6.5,0.0,6.5,0.0,6.5,Spring,PRODUCE_PRIORITY
329.0,apartment,0.0,3.6399999999999997,0.0,3.6399999999999997,0.0,3.6399999999999997,Spring,PRODUCE_PRIORITY
329.0,family_house,0.0,10.08,0.0,10.08,0.0,10.08,Spring,PRODUCE_PRIORITY
329.0,luxury_house,0.0,18.0,0.0,18.0,0.0,18.0,Spring,PRODUCE_PRIORITY
329.0,small_family,0.0,6.5,0.0,6.5,0.0,6.5,Spring,PRODUCE_PRIORITY
330.0,apartment,0.0,19.054062298651626,0.0,19.054062298651626,0.0,19.054062298651626,Spring,PRODUCE_PRIORITY
330.0,family_house,0.0,29.815444019219335,0.0,29.815444019219335,0.0,29.815444019219335,Spring,PRODUCE_PRIORITY
330.0,luxury_house,0.0,33.189750071438354,0.0,33.189750071438354,0.0,33.189750071438354,Spring,PRODUCE_PRIORITY
330.0,small_family,0.0,24.60308291543941,0.0,24.60308291543941,0.0,24.60308291543941,Spring,PRODUCE_PRIORITY
331.0,apartment,0.0,24.31356538851586,0.0,24.31356538851586,0.0,24.31356538851586,Spring,PRODUCE_PRIORITY
331.0,family_house,0.0,24.838665572113527,0.0,24.838665572113527,0.0,24.838665572113527,Spring,PRODUCE_PRIORITY
331.0,luxury_house,0.0,38.589192771124885,0.0,38.589192771124885,0.0,38.589192771124885,Spring,PRODUCE_PRIORITY
331.0,small_family,0.0,32.317164512198445,0.0,32.317164512198445,0.0,32.317164512198445,Spring,PRODUCE_PRIORITY
332.0,apartment,0.0,16.62367012808717,0.0,16.62367012808717,0.0,16.62367012808717,Spring,PRODUCE_PRIORITY
332.0,family_house,0.0,28.542601627998298,0.0,28.542601627998298,0.0,28.542601627998298,Spring,PRODUCE_PRIORITY
332.0,luxury_house,0.0,32.95570837473923,0.0,32.95570837473923,0.0,32.95570837473923,Spring,PRODUCE_PRIORITY
332.0,small_family,0.0,24.275544405117007,0.0,24.275544405117007,0.0,24.275544405117007,Spring,PRODUCE_PRIORITY
333.0,apartment,0.0,24.05894496379485,0.0,24.05894496379485,0.0,24.05894496379485,Spring,PRODUCE_PRIORITY
333.0,family_house,0.0,25.4769761602646,0.0,25.4769761602646,0.0,25.4769761602646,Spring,PRODUCE_PRIORITY
333.0,luxury_house,0.0,39.72563045697336,0.0,39.72563045697336,0.0,39.72563045697336,Spring,PRODUCE_PRIORITY
333.0,small_family,0.0,31.047211595800817,0.0,31.047211595800817,0.0,31.047211595800817,Spring,PRODUCE_PRIORITY
334.0,apartment,0.0,3.6399999999999997,0.0,3.6399999999999997,0.0,3.6399999999999997,Spring,PRODUCE_PRIORITY
334.0,family_house,0.0,10.08,0.0,10.08,0.0,10.08,Spring,PRODUCE_PRIORITY
334.0,luxury_house,0.0,18.0,0.0,18.0,0.0,18.0,Spring,PRODUCE_PRIORITY
334.0,small_family,0.0,6.5,0.0,6.5,0.0,6.5,Spring,PRODUCE_PRIORITY
335.0,apartment,0.0,3.6399999999999997,0.0,3.6399999999999997,0.0,3.6399999999999997,Spring,PRODUCE_PRIORITY
335.0,family_house,0.0,10.08,0.0,10.08,0.0,10.08,Spring,PRODUCE_PRIORITY
335.0,luxury_house,0.0,18.0,0.0,18.0,0.0,18.0,Spring,PRODUCE_PRIORITY
335.0,small_family,0.0,6.5,0.0,6.5,0.0,6.5,Spring,PRODUCE_PRIORITY
336.0,apartment,0.0,3.6399999999999997,0.0,3.6399999999999997,0.0,3.6399999999999997,Spring,PRODUCE_PRIORITY
336.0,family_house,0.0,10.08,0.0,10.08,0.0,10.08,Spring,PRODUCE_PRIORITY
336.0,luxury_house,0.0,18.0,0.0,18.0,0.0,18.0,Spring,PRODUCE_PRIORITY
336.0,small_family,0.0,6.5,0.0,6.5,0.0,6.5,Spring,PRODUCE_PRIORITY
337.0,apartment,4.799593338406577,3.6399999999999997,0.0,3.6399999999999997,4.799593338406577,-1.159593338406578,Spring,PRODUCE_PRIORITY
337.0,family_house,10.496803981190578,10.08,0.0,10.08,10.496803981190578,-0.41680398119057827,Spring,PRODUCE_PRIORITY
337.0,luxury_house,9.081589977844216,18.0,0.0,18.0,9.081589977844216,8.918410022155784,Spring,PRODUCE_PRIORITY
337.0,small_family,7.2019670388102615,6.5,0.0,6.5,7.2019670388102615,-0.7019670388102617,Spring,PRODUCE_PRIORITY
338.0,apartment,9.272102322503763,3.6399999999999997,0.0,3.6399999999999997,9.272102322503763,-5.632102322503762,Spring,PRODUCE_PRIORITY
338.0,family_house,20.27826811785178,10.08,0.0,10.08,20.27826811785178,-10.19826811785178,Spring,PRODUCE_PRIORITY
338.0,luxury_house,17.544284606735392,18.0,0.0,18.0,17.544284606735392,0.45571539326460886,Spring,PRODUCE_PRIORITY
338.0,small_family,13.91313192573887,6.5,0.0,6.5,13.91313192573887,-7.413131925738871,Spring,PRODUCE_PRIORITY
339.0,apartment,13.112732856195898,3.6399999999999997,0.0,3.6399999999999997,13.112732856195898,-9.472732856195897,Spring,PRODUCE_PRIORITY
339.0,family_house,28.677801793703928,10.08,0.0,10.08,28.677801793703928,-18.59780179370393,Spring,PRODUCE_PRIORITY
339.0,luxury_house,24.593243868949678,18.0,0.0,18.0,24.593243868949678,-6.593243868949678,Spring,PRODUCE_PRIORITY
339.0,small_family,19.676139864466013,6.5,0.0,6.5,19.676139864466013,-13.176139864466014,Spring,PRODUCE_PRIORITY
340.0,apartment,16.059752315553904,3.6399999999999997,0.0,3.6399999999999997,16.059752315553904,-12.419752315553906,Spring,PRODUCE_PRIORITY
340.0,family_house,33.86427003411096,10.08,0.0,10.08,33.86427003411096,-23.78427003411096,Spring,PRODUCE_PRIORITY
340.0,luxury_house,27.987459171531253,18.0,0.0,18.0,27.987459171531253,-9.987459171531253,Spring,PRODUCE_PRIORITY
340.0,small_family,24.09825138778834,6.5,0.0,6.5,24.09825138778834,-17.59825138778834,Spring,PRODUCE_PRIORITY
341.0,apartment,17.91232619460247,3.6399999999999997,0.0,3.6399999999999997,17.91232619460247,-14.272326194602472,Spring,PRODUCE_PRIORITY
341.0,family_house,36.04607095760787,10.08,0.0,10.08,36.04607095760787,-25.966070957607865,Spring,PRODUCE_PRIORITY
341.0,luxury_house,29.37027338316961,18.0,0.0,18.0,29.37027338316961,-11.370273383169613,Spring,PRODUCE_PRIORITY
341.0,small_family,26.612192298610452,6.5,0.0,6.5,26.612192298610452,-20.112192298610452,Spring,PRODUCE_PRIORITY
342.0,apartment,18.544204645007525,3.6399999999999997,0.0,3.6399999999999997,18.544204645007525,-14.904204645007527,Spring,PRODUCE_PRIORITY
342.0,family_house,36.61211505158143,10.08,0.0,10.08,36.61211505158143,-26.532115051581435,Spring,PRODUCE_PRIORITY
342.0,luxury_house,29.841925559166434,18.0,0.0,18.0,29.841925559166434,-11.841925559166436,Spring,PRODUCE_PRIORITY
342.0,small_family,27.268759351963396,6.5,0.0,6.5,27.268759351963396,-20.768759351963396,Spring,PRODUCE_PRIORITY
343.0,apartment,17.912326194602475,3.6399999999999997,0.0,3.6399999999999997,17.912326194602475,-14.272326194602474,Spring,PRODUCE_PRIORITY
343.0,family_house,36.04607095760787,10.08,0.0,10.08,36.04607095760787,-25.966070957607865,Spring,PRODUCE_PRIORITY
343.0,luxury_house,29.37027338316961,18.0,0.0,18.0,29.37027338316961,-11.370273383169613,Spring,PRODUCE_PRIORITY
343.0,small_family,26.612192298610456,6.5,0.0,6.5,26.612192298610456,-20.112192298610456,Spring,PRODUCE_PRIORITY
344.0,apartment,16.059752315553904,3.6399999999999997,0.0,3.6399999999999997,16.059752315553904,-12.419752315553906,Spring,PRODUCE_PRIORITY
344.0,family_house,33.864270034110966,10.08,0.0,10.08,33.864270034110966,-23.784270034110968,Spring,PRODUCE_PRIORITY
344.0,luxury_house,27.987459171531256,18.0,0.0,18.0,27.987459171531256,-9.987459171531256,Spring,PRODUCE_PRIORITY
344.0,small_family,24.098251387788345,6.5,0.0,6.5,24.098251387788345,-17.598251387788345,Spring,PRODUCE_PRIORITY
345.0,apartment,13.112732856195898,3.6399999999999997,0.0,3.6399999999999997,13.112732856195898,-9.472732856195897,Spring,PRODUCE_PRIORITY
345.0,family_house,28.677801793703928,10.08,0.0,10.08,28.677801793703928,-18.59780179370393,Spring,PRODUCE_PRIORITY
345.0,luxury_house,24.593243868949678,18.0,0.0,18.0,24.593243868949678,-6.593243868949678,Spring,PRODUCE_PRIORITY
345.0,small_family,19.676139864466013,6.5,0.0,6.5,19.676139864466013,-13.176139864466014,Spring,PRODUCE_PRIORITY
346.0,apartment,9.272102322503768,3.6399999999999997,0.0,3.6399999999999997,9.272102322503768,-5.632102322503768,Spring,PRODUCE_PRIORITY
346.0,family_house,20.278268117851795,10.08,0.0,10.08,20.278268117851795,-10.198268117851796,Spring,PRODUCE_PRIORITY
346.0,luxury_house,17.544284606735403,18.0,0.0,18.0,17.544284606735403,0.45571539326459576,Spring,PRODUCE_PRIORITY
346.0,small_family,13.913131925738883,6.5,0.0,6.5,13.913131925738883,-7.413131925738882,Spring,PRODUCE_PRIORITY
347.0,apartment,4.799593338406583,3.6399999999999997,0.0,3.6399999999999997,4.799593338406583,-1.1595933384065833,Spring,PRODUCE_PRIORITY
347.0,family_house,10.49680398119059,10.08,0.0,10.08,10.49680398119059,-0.4168039811905897,Spring,PRODUCE_PRIORITY
347.0,luxury_house,9.081589977844226,18.0,0.0,18.0,9.081589977844226,8.918410022155774,Spring,PRODUCE_PRIORITY
347.0,small_family,7.20196703881027,6.5,0.0,6.5,7.20196703881027,-0.7019670388102697,Spring,PRODUCE_PRIORITY
348.0,apartment,2.2710100861241944e-15,3.6399999999999997,0.0,3.6399999999999997,2.2710100861241944e-15,3.6399999999999975,Spring,PRODUCE_PRIORITY
348.0,family_house,4.966743228555802e-15,10.08,0.0,10.08,4.966743228555802e-15,10.079999999999995,Spring,PRODUCE_PRIORITY
348.0,luxury_house,4.297110397393735e-15,18.0,0.0,18.0,4.297110397393735e-15,17.999999999999996,Spring,PRODUCE_PRIORITY
348.0,small_family,3.4077344957941923e-15,6.5,0.0,6.5,3.4077344957941923e-15,6.4999999999999964,Spring,PRODUCE_PRIORITY
349.0,apartment,0.0,3.6399999999999997,0.0,3.6399999999999997,0.0,3.6399999999999997,Spring,PRODUCE_PRIORITY
349.0,family_house,0.0,10.08,0.0,10.08,0.0,10.08,Spring,PRODUCE_PRIORITY
349.0,luxury_house,0.0,18.0,0.0,18.0,0.0,18.0,Spring,PRODUCE_PRIORITY
349.0,small_family,0.0,6.5,0.0,6.5,0.0,6.5,Spring,PRODUCE_PRIORITY
350.0,apartment,0.0,3.6399999999999997,0.0,3.6399999999999997,0.0,3.6399999999999997,Spring,PRODUCE_PRIORITY
350.0,family_house,0.0,10.08,0.0,10.08,0.0,10.08,Spring,PRODUCE_PRIORITY
350.0,luxury_house,0.0,18.0,0.0,18.0,0.0,18.0,Spring,PRODUCE_PRIORITY
350.0,small_family,0.0,6.5,0.0,6.5,0.0,6.5,Spring,PRODUCE_PRIORITY
351.0,apartment,0.0,3.6399999999999997,0.0,3.6399999999999997,0.0,3.6399999999999997,Spring,PRODUCE_PRIORITY
351.0,family_house,0.0,10.08,0.0,10.08,0.0,10.08,Spring,PRODUCE_PRIORITY
351.0,luxury_house,0.0,18.0,0.0,18.0,0.0,18.0,Spring,PRODUCE_PRIORITY
351.0,small_family,0.0,6.5,0.0,6.5,0.0,6.5,Spring,PRODUCE_PRIORITY
352.0,apartment,0.0,3.6399999999999997,0.0,3.6399999999999997,0.0,3.6399999999999997,Spring,PRODUCE_PRIORITY
352.0,family_house,0.0,10.08,0.0,10.08,0.0,10.08,Spring,PRODUCE_PRIORITY
352.0,luxury_house,0.0,18.0,0.0,18.0,0.0,18.0,Spring,PRODUCE_PRIORITY
352.0,small_family,0.0,6.5,0.0,6.5,0.0,6.5,Spring,PRODUCE_PRIORITY
353.0,apartment,0.0,3.6399999999999997,0.0,3.6399999999999997,0.0,3.6399999999999997,Spring,PRODUCE_PRIORITY
353.0,family_house,0.0,10.08,0.0,10.08,0.0,10.08,Spring,PRODUCE_PRIORITY
353.0,luxury_house,0.0,18.0,0.0,18.0,0.0,18.0,Spring,PRODUCE_PRIORITY
353.0,small_family,0.0,6.5,0.0,6.5,0.0,6.5,Spring,PRODUCE_PRIORITY
354.0,apartment,0.0,21.268975934161674,0.0,21.268975934161674,0.0,21.268975934161674,Spring,PRODUCE_PRIORITY
354.0,family_house,0.0,31.97507397195089,0.0,31.97507397195089,0.0,31.97507397195089,Spring,PRODUCE_PRIORITY
354.0,luxury_house,0.0,29.671278972188126,0.0,29.671278972188126,0.0,29.671278972188126,Spring,PRODUCE_PRIORITY
354.0,small_family,0.0,19.294268931396857,0.0,19.294268931396857,0.0,19.294268931396857,Spring,PRODUCE_PRIORITY
355.0,apartment,0.0,27.175306045941344,0.0,27.175306045941344,0.0,27.175306045941344,Spring,PRODUCE_PRIORITY
355.0,family_house,0.0,27.657180108505106,0.0,27.657180108505106,0.0,27.657180108505106,Spring,PRODUCE_PRIORITY
355.0,luxury_house,0.0,35.364376498595284,0.0,35.364376498595284,0.0,35.364376498595284,Spring,PRODUCE_PRIORITY
355.0,small_family,0.0,21.36537378112771,0.0,21.36537378112771,0.0,21.36537378112771,Spring,PRODUCE_PRIORITY
356.0,apartment,0.0,24.88458394152099,0.0,24.88458394152099,0.0,24.88458394152099,Spring,PRODUCE_PRIORITY
356.0,family_house,0.0,23.8554325787993,0.0,23.8554325787993,0.0,23.8554325787993,Spring,PRODUCE_PRIORITY
356.0,luxury_house,0.0,38.33496922570716,0.0,38.33496922570716,0.0,38.33496922570716,Spring,PRODUCE_PRIORITY
356.0,small_family,0.0,28.755412102147158,0.0,28.755412102147158,0.0,28.755412102147158,Spring,PRODUCE_PRIORITY
357.0,apartment,0.0,21.922313765750097,0.0,21.922313765750097,0.0,21.922313765750097,Spring,PRODUCE_PRIORITY
357.0,family_house,0.0,29.703578212350997,0.0,29.703578212350997,0.0,29.703578212350997,Spring,PRODUCE_PRIORITY
357.0,luxury_house,0.0,36.14775000145171,0.0,36.14775000145171,0.0,36.14775000145171,Spring,PRODUCE_PRIORITY
357.0,small_family,0.0,26.760712249922516,0.0,26.760712249922516,0.0,26.760712249922516,Spring,PRODUCE_PRIORITY
358.0,apartment,0.0,3.6399999999999997,0.0,3.6399999999999997,0.0,3.6399999999999997,Spring,PRODUCE_PRIORITY
358.0,family_house,0.0,10.08,0.0,10.08,0.0,10.08,Spring,PRODUCE_PRIORITY
358.0,luxury_house,0.0,18.0,0.0,18.0,0.0,18.0,Spring,PRODUCE_PRIORITY
358.0,small_family,0.0,6.5,0.0,6.5,0.0,6.5,Spring,PRODUCE_PRIORITY
359.0,apartment,0.0,3.6399999999999997,0.0,3.6399999999999997,0.0,3.6399999999999997,Spring,PRODUCE_PRIORITY
359.0,family_house,0.0,10.08,0.0,10.08,0.0,10.08,Spring,PRODUCE_PRIORITY
359.0,luxury_house,0.0,18.0,0.0,18.0,0.0,18.0,Spring,PRODUCE_PRIORITY
359.0,small_family,0.0,6.5,0.0,6.5,0.0,6.5,Spring,PRODUCE_PRIORITY
360.0,apartment,0.0,3.6399999999999997,0.0,3.6399999999999997,0.0,3.6399999999999997,Spring,PRODUCE_PRIORITY
360.0,family_house,0.0,10.08,0.0,10.08,0.0,10.08,Spring,PRODUCE_PRIORITY
360.0,luxury_house,0.0,18.0,0.0,18.0,0.0,18.0,Spring,PRODUCE_PRIORITY
360.0,small_family,0.0,6.5,0.0,6.5,0.0,6.5,Spring,PRODUCE_PRIORITY
361.0,apartment,4.231146170831617,3.6399999999999997,0.0,3.6399999999999997,4.231146170831617,-0.5911461708316172,Spring,PRODUCE_PRIORITY
361.0,family_house,8.090657153353526,10.08,0.0,10.08,8.090657153353526,1.989342846646473,Spring,PRODUCE_PRIORITY
361.0,luxury_house,11.156303017075926,18.0,0.0,18.0,11.156303017075926,6.843696982924073,Spring,PRODUCE_PRIORITY
361.0,small_family,7.292250149589942,6.5,0.0,6.5,7.292250149589942,-0.7922501495899426,Spring,PRODUCE_PRIORITY
362.0,apartment,8.173946722420713,3.6399999999999997,0.0,3.6399999999999997,8.173946722420713,-4.533946722420714,Spring,PRODUCE_PRIORITY
362.0,family_house,15.62994939214913,10.08,0.0,10.08,15.62994939214913,-5.549949392149132,Spring,PRODUCE_PRIORITY
362.0,luxury_house,21.55232242020058,18.0,0.0,18.0,21.55232242020058,-3.552322420200579,Spring,PRODUCE_PRIORITY
362.0,small_family,14.087545502498493,6.5,0.0,6.5,14.087545502498493,-7.587545502498493,Spring,PRODUCE_PRIORITY
363.0,apartment,11.559706312962485,3.6399999999999997,0.0,3.6399999999999997,11.559706312962485,-7.919706312962484,Spring,PRODUCE_PRIORITY
363.0,family_house,22.10408640958242,10.08,0.0,10.08,22.10408640958242,-12.02408640958242,Spring,PRODUCE_PRIORITY
363.0,luxury_house,30.144208987664616,18.0,0.0,18.0,30.144208987664616,-12.144208987664618,Spring,PRODUCE_PRIORITY
363.0,small_family,19.922797910181473,6.5,0.0,6.5,19.922797910181473,-13.422797910181473,Spring,PRODUCE_PRIORITY
364.0,apartment,14.157691021593777,3.6399999999999997,0.0,3.6399999999999997,14.157691021593777,-10.517691021593777,Spring,PRODUCE_PRIORITY
364.0,family_house,26.489308350874104,10.08,0.0,10.08,26.489308350874104,-16.409308350874106,Spring,PRODUCE_PRIORITY
364.0,luxury_house,34.42202802678633,18.0,0.0,18.0,34.42202802678633,-16.42202802678633,Spring,PRODUCE_PRIORITY
364.0,small_family,24.400344564265822,6.5,0.0,6.5,24.400344564265822,-17.900344564265822,Spring,PRODUCE_PRIORITY
365.0,apartment,15.7908524837941,3.6399999999999997,0.0,3.6399999999999997,15.7908524837941,-12.1508524837941,Spring,PRODUCE_PRIORITY
365.0,family_house,29.083564127057365,10.08,0.0,10.08,29.083564127057365,-19.003564127057366,Spring,PRODUCE_PRIORITY
365.0,luxury_house,36.54710238976214,18.0,0.0,18.0,36.54710238976214,-18.547102389762138,Spring,PRODUCE_PRIORITY
365.0,small_family,26.96050238408318,6.5,0.0,6.5,26.96050238408318,-20.46050238408318,Spring,PRODUCE_PRIORITY
366.0,apartment,16.34789344484143,3.6399999999999997,0.0,3.6399999999999997,16.34789344484143,-12.70789344484143,Spring,PRODUCE_PRIORITY
366.0,family_house,29.96841646053133,10.08,0.0,10.08,29.96841646053133,-19.888416460531328,Spring,PRODUCE_PRIORITY
366.0,luxury_house,37.27192568056783,18.0,0.0,18.0,37.27192568056783,-19.271925680567833,Spring,PRODUCE_PRIORITY
366.0,small_family,27.699105263973927,6.5,0.0,6.5,27.699105263973927,-21.199105263973927,Spring,PRODUCE_PRIORITY
367.0,apartment,15.790852483794101,3.6399999999999997,0.0,3.6399999999999997,15.790852483794101,-12.150852483794102,Spring,PRODUCE_PRIORITY
367.0,family_house,29.083564127057365,10.08,0.0,10.08,29.083564127057365,-19.003564127057366,Spring,PRODUCE_PRIORITY
367.0,luxury_house,36.54710238976214,18.0,0.0,18.0,36.54710238976214,-18.547102389762138,Spring,PRODUCE_PRIORITY
367.0,small_family,26.960502384083185,6.5,0.0,6.5,26.960502384083185,-20.460502384083185,Spring,PRODUCE_PRIORITY
368.0,apartment,14.157691021593777,3.6399999999999997,0.0,3.6399999999999997,14.157691021593777,-10.517691021593777,Spring,PRODUCE_PRIORITY
368.0,family_house,26.48930835087411,10.08,0.0,10.08,26.48930835087411,-16.409308350874113,Spring,PRODUCE_PRIORITY
368.0,luxury_house,34.42202802678633,18.0,0.0,18.0,34.42202802678633,-16.42202802678633,Spring,PRODUCE_PRIORITY
368.0,small_family,24.400344564265826,6.5,0.0,6.5,24.400344564265826,-17.900344564265826,Spring,PRODUCE_PRIORITY
369.0,apartment,11.559706312962485,3.6399999999999997,0.0,3.6399999999999997,11.559706312962485,-7.919706312962484,Spring,PRODUCE_PRIORITY
369.0,family_house,22.10408640958242,10.08,0.0,10.08,22.10408640958242,-12.02408640958242,Spring,PRODUCE_PRIORITY
369.0,luxury_house,30.144208987664616,18.0,0.0,18.0,30.144208987664616,-12.144208987664618,Spring,PRODUCE_PRIORITY
369.0,small_family,19.922797910181473,6.5,0.0,6.5,19.922797910181473,-13.422797910181473,Spring,PRODUCE_PRIORITY
370.0,apartment,7.724661269649097,3.6399999999999997,0.0,3.6399999999999997,7.724661269649097,-4.084661269649097,Spring,PRODUCE_PRIORITY
370.0,family_house,15.629949392149143,10.08,0.0,10.08,15.629949392149143,-5.549949392149144,Spring,PRODUCE_PRIORITY
370.0,luxury_house,21.552322420200596,18.0,0.0,18.0,21.552322420200596,-3.552322420200595,Spring,PRODUCE_PRIORITY
370.0,small_family,14.087545502498504,6.5,0.0,6.5,14.087545502498504,-7.587545502498504,Spring,PRODUCE_PRIORITY
371.0,apartment,3.998578907102012,3.6399999999999997,0.0,3.6399999999999997,3.998578907102012,-0.3585789071020121,Spring,PRODUCE_PRIORITY
371.0,family_house,8.090657153353535,10.08,0.0,10.08,8.090657153353535,1.9893428466464642,Spring,PRODUCE_PRIORITY
371.0,luxury_house,11.156303017075938,18.0,0.0,18.0,11.156303017075938,6.843696982924062,Spring,PRODUCE_PRIORITY
371.0,small_family,7.29225014958995,6.5,0.0,6.5,7.29225014958995,-0.7922501495899508,Spring,PRODUCE_PRIORITY
372.0,apartment,1.891996339674658e-15,3.6399999999999997,0.0,3.6399999999999997,1.891996339674658e-15,3.639999999999998,Spring,PRODUCE_PRIORITY
372.0,family_house,3.8282334987861115e-15,10.08,0.0,10.08,3.8282334987861115e-15,10.079999999999997,Spring,PRODUCE_PRIORITY
372.0,luxury_house,5.2787965332180756e-15,18.0,0.0,18.0,5.2787965332180756e-15,17.999999999999996,Spring,PRODUCE_PRIORITY
372.0,small_family,3.450453501495495e-15,6.5,0.0,6.5,3.450453501495495e-15,6.4999999999999964,Spring,PRODUCE_PRIORITY
373.0,apartment,0.0,3.6399999999999997,0.0,3.6399999999999997,0.0,3.6399999999999997,Spring,PRODUCE_PRIORITY
373.0,family_house,0.0,10.08,0.0,10.08,0.0,10.08,Spring,PRODUCE_PRIORITY
373.0,luxury_house,0.0,18.0,0.0,18.0,0.0,18.0,Spring,PRODUCE_PRIORITY
373.0,small_family,0.0,6.5,0.0,6.5,0.0,6.5,Spring,PRODUCE_PRIORITY
374.0,apartment,0.0,3.6399999999999997,0.0,3.6399999999999997,0.0,3.6399999999999997,Spring,PRODUCE_PRIORITY
374.0,family_house,0.0,10.08,0.0,10.08,0.0,10.08,Spring,PRODUCE_PRIORITY
374.0,luxury_house,0.0,18.0,0.0,18.0,0.0,18.0,Spring,PRODUCE_PRIORITY
374.0,small_family,0.0,6.5,0.0,6.5,0.0,6.5,Spring,PRODUCE_PRIORITY
375.0,apartment,0.0,3.6399999999999997,0.0,3.6399999999999997,0.0,3.6399999999999997,Spring,PRODUCE_PRIORITY
375.0,family_house,0.0,10.08,0.0,10.08,0.0,10.08,Spring,PRODUCE_PRIORITY
375.0,luxury_house,0.0,18.0,0.0,18.0,0.0,18.0,Spring,PRODUCE_PRIORITY
375.0,small_family,0.0,6.5,0.0,6.5,0.0,6.5,Spring,PRODUCE_PRIORITY
376.0,apartment,0.0,3.6399999999999997,0.0,3.6399999999999997,0.0,3.6399999999999997,Spring,PRODUCE_PRIORITY
376.0,family_house,0.0,10.08,0.0,10.08,0.0,10.08,Spring,PRODUCE_PRIORITY
376.0,luxury_house,0.0,18.0,0.0,18.0,0.0,18.0,Spring,PRODUCE_PRIORITY
376.0,small_family,0.0,6.5,0.0,6.5,0.0,6.5,Spring,PRODUCE_PRIORITY
377.0,apartment,0.0,3.6399999999999997,0.0,3.6399999999999997,0.0,3.6399999999999997,Spring,PRODUCE_PRIORITY
377.0,family_house,0.0,10.08,0.0,10.08,0.0,10.08,Spring,PRODUCE_PRIORITY
377.0,luxury_house,0.0,18.0,0.0,18.0,0.0,18.0,Spring,PRODUCE_PRIORITY
377.0,small_family,0.0,6.5,0.0,6.5,0.0,6.5,Spring,PRODUCE_PRIORITY
378.0,apartment,0.0,23.585700792192554,0.0,23.585700792192554,0.0,23.585700792192554,Spring,PRODUCE_PRIORITY
378.0,family_house,0.0,24.20596194409989,0.0,24.20596194409989,0.0,24.20596194409989,Spring,PRODUCE_PRIORITY
378.0,luxury_house,0.0,43.98557419301819,0.0,43.98557419301819,0.0,43.98557419301819,Spring,PRODUCE_PRIORITY
378.0,small_family,0.0,21.604347659723977,0.0,21.604347659723977,0.0,21.604347659723977,Spring,PRODUCE_PRIORITY
379.0,apartment,0.0,23.217959704410298,0.0,23.217959704410298,0.0,23.217959704410298,Spring,PRODUCE_PRIORITY
379.0,family_house,0.0,32.93728524893327,0.0,32.93728524893327,0.0,32.93728524893327,Spring,PRODUCE_PRIORITY
379.0,luxury_house,0.0,38.5060627675719,0.0,38.5060627675719,0.0,38.5060627675719,Spring,PRODUCE_PRIORITY
379.0,small_family,0.0,28.64934091957853,0.0,28.64934091957853,0.0,28.64934091957853,Spring,PRODUCE_PRIORITY
380.0,apartment,0.0,20.54220733385772,0.0,20.54220733385772,0.0,20.54220733385772,Spring,PRODUCE_PRIORITY
380.0,family_house,0.0,23.575379787957434,0.0,23.575379787957434,0.0,23.575379787957434,Spring,PRODUCE_PRIORITY
380.0,luxury_house,0.0,37.265257116383474,0.0,37.265257116383474,0.0,37.265257116383474,Spring,PRODUCE_PRIORITY
380.0,small_family,0.0,21.39273738120441,0.0,21.39273738120441,0.0,21.39273738120441,Spring,PRODUCE_PRIORITY
381.0,apartment,0.0,20.648116051347,0.0,20.648116051347,0.0,20.648116051347,Spring,PRODUCE_PRIORITY
381.0,family_house,0.0,28.547573964025883,0.0,28.547573964025883,0.0,28.547573964025883,Spring,PRODUCE_PRIORITY
381.0,luxury_house,0.0,30.759411612169504,0.0,30.759411612169504,0.0,30.759411612169504,Spring,PRODUCE_PRIORITY
381.0,small_family,0.0,28.703593704766988,0.0,28.703593704766988,0.0,28.703593704766988,Spring,PRODUCE_PRIORITY
382.0,apartment,0.0,3.6399999999999997,0.0,3.6399999999999997,0.0,3.6399999999999997,Spring,PRODUCE_PRIORITY
382.0,family_house,0.0,10.08,0.0,10.08,0.0,10.08,Spring,PRODUCE_PRIORITY
382.0,luxury_house,0.0,18.0,0.0,18.0,0.0,18.0,Spring,PRODUCE_PRIORITY
382.0,small_family,0.0,6.5,0.0,6.5,0.0,6.5,Spring,PRODUCE_PRIORITY
383.0,apartment,0.0,3.6399999999999997,0.0,3.6399999999999997,0.0,3.6399999999999997,Spring,PRODUCE_PRIORITY
383.0,family_house,0.0,10.08,0.0,10.08,0.0,10.08,Spring,PRODUCE_PRIORITY
383.0,luxury_house,0.0,18.0,0.0,18.0,0.0,18.0,Spring,PRODUCE_PRIORITY
383.0,small_family,0.0,6.5,0.0,6.5,0.0,6.5,Spring,PRODUCE_PRIORITY
384.0,apartment,0.0,3.6399999999999997,0.0,3.6399999999999997,0.0,3.6399999999999997,Spring,PRODUCE_PRIORITY
384.0,family_house,0.0,10.08,0.0,10.08,0.0,10.08,Spring,PRODUCE_PRIORITY
384.0,luxury_house,0.0,18.0,0.0,18.0,0.0,18.0,Spring,PRODUCE_PRIORITY
384.0,small_family,0.0,6.5,0.0,6.5,0.0,6.5,Spring,PRODUCE_PRIORITY
385.0,apartment,4.162496515748333,3.6399999999999997,0.0,3.6399999999999997,4.162496515748333,-0.5224965157483333,Spring,PRODUCE_PRIORITY
385.0,family_house,7.575688255035144,10.08,0.0,10.08,7.575688255035144,2.5043117449648555,Spring,PRODUCE_PRIORITY
385.0,luxury_house,9.3727933085144,18.0,0.0,18.0,9.3727933085144,8.6272066914856,Spring,PRODUCE_PRIORITY
385.0,small_family,6.470389526579762,6.5,0.0,6.5,6.470389526579762,0.02961047342023787,Spring,PRODUCE_PRIORITY
386.0,apartment,8.041325772799151,3.6399999999999997,0.0,3.6399999999999997,8.041325772799151,-4.401325772799153,Spring,PRODUCE_PRIORITY
386.0,family_house,14.635105874906422,10.08,0.0,10.08,14.635105874906422,-4.555105874906423,Spring,PRODUCE_PRIORITY
386.0,luxury_house,18.106846242326842,18.0,0.0,18.0,18.106846242326842,-0.10684624232684126,Spring,PRODUCE_PRIORITY
386.0,small_family,12.49983269974738,6.5,0.0,6.5,12.49983269974738,-5.999832699747379,Spring,PRODUCE_PRIORITY
387.0,apartment,11.372151967352874,3.6399999999999997,0.0,3.6399999999999997,11.372151967352874,-7.732151967352873,Spring,PRODUCE_PRIORITY
387.0,family_house,20.697165215058828,10.08,0.0,10.08,20.697165215058828,-10.61716521505883,Spring,PRODUCE_PRIORITY
387.0,luxury_house,25.27185523434216,18.0,0.0,18.0,25.27185523434216,-7.271855234342157,Spring,PRODUCE_PRIORITY
387.0,small_family,17.677432931377446,6.5,0.0,6.5,17.677432931377446,-11.177432931377448,Spring,PRODUCE_PRIORITY
388.0,apartment,13.9279847987012,3.6399999999999997,0.0,3.6399999999999997,13.9279847987012,-10.287984798701201,Spring,PRODUCE_PRIORITY
388.0,family_house,24.217290364279272,10.08,0.0,10.08,24.217290364279272,-14.137290364279274,Spring,PRODUCE_PRIORITY
388.0,luxury_house,28.711903729834365,18.0,0.0,18.0,28.711903729834365,-10.711903729834365,Spring,PRODUCE_PRIORITY
388.0,small_family,21.65034532207331,6.5,0.0,6.5,21.65034532207331,-15.15034532207331,Spring,PRODUCE_PRIORITY
389.0,apartment,15.534648483101204,3.6399999999999997,0.0,3.6399999999999997,15.534648483101204,-11.894648483101204,Spring,PRODUCE_PRIORITY
389.0,family_house,26.08803705622622,10.08,0.0,10.08,26.08803705622622,-16.008037056226218,Spring,PRODUCE_PRIORITY
389.0,luxury_house,30.17828629540253,18.0,0.0,18.0,30.17828629540253,-12.17828629540253,Spring,PRODUCE_PRIORITY
389.0,small_family,24.079286541430143,6.5,0.0,6.5,24.079286541430143,-17.579286541430143,Spring,PRODUCE_PRIORITY
390.0,apartment,16.082651545598306,3.6399999999999997,0.0,3.6399999999999997,16.082651545598306,-12.442651545598308,Spring,PRODUCE_PRIORITY
390.0,family_house,26.726113914685925,10.08,0.0,10.08,26.726113914685925,-16.646113914685927,Spring,PRODUCE_PRIORITY
390.0,luxury_house,30.678442080664958,18.0,0.0,18.0,30.678442080664958,-12.678442080664958,Spring,PRODUCE_PRIORITY
390.0,small_family,24.787607075971387,6.5,0.0,6.5,24.787607075971387,-18.287607075971387,Spring,PRODUCE_PRIORITY
391.0,apartment,15.534648483101206,3.6399999999999997,0.0,3.6399999999999997,15.534648483101206,-11.894648483101207,Spring,PRODUCE_PRIORITY
391.0,family_house,26.08803705622622,10.08,0.0,10.08,26.08803705622622,-16.008037056226218,Spring,PRODUCE_PRIORITY
391.0,luxury_house,30.17828629540253,18.0,0.0,18.0,30.17828629540253,-12.17828629540253,Spring,PRODUCE_PRIORITY
391.0,small_family,24.079286541430147,6.5,0.0,6.5,24.079286541430147,-17.579286541430147,Spring,PRODUCE_PRIORITY
392.0,apartment,13.9279847987012,3.6399999999999997,0.0,3.6399999999999997,13.9279847987012,-10.287984798701201,Spring,PRODUCE_PRIORITY
392.0,family_house,24.217290364279275,10.08,0.0,10.08,24.217290364279275,-14.137290364279275,Spring,PRODUCE_PRIORITY
392.0,luxury_house,28.71190372983437,18.0,0.0,18.0,28.71190372983437,-10.711903729834367,Spring,PRODUCE_PRIORITY
392.0,small_family,21.650345322073314,6.5,0.0,6.5,21.650345322073314,-15.150345322073312,Spring,PRODUCE_PRIORITY
393.0,apartment,11.372151967352874,3.6399999999999997,0.0,3.6399999999999997,11.372151967352874,-7.732151967352873,Spring,PRODUCE_PRIORITY
393.0,family_house,20.697165215058828,10.08,0.0,10.08,20.697165215058828,-10.61716521505883,Spring,PRODUCE_PRIORITY
393.0,luxury_house,25.27185523434216,18.0,0.0,18.0,25.27185523434216,-7.271855234342157,Spring,PRODUCE_PRIORITY
393.0,small_family,17.677432931377446,6.5,0.0,6.5,17.677432931377446,-11.177432931377448,Spring,PRODUCE_PRIORITY
394.0,apartment,8.041325772799158,3.6399999999999997,0.0,3.6399999999999997,8.041325772799158,-4.401325772799159,Spring,PRODUCE_PRIORITY
394.0,family_house,14.635105874906435,10.08,0.0,10.08,14.635105874906435,-4.555105874906435,Spring,PRODUCE_PRIORITY
394.0,luxury_house,18.106846242326856,18.0,0.0,18.0,18.106846242326856,-0.10684624232685525,Spring,PRODUCE_PRIORITY
394.0,small_family,12.499832699747389,6.5,0.0,6.5,12.499832699747389,-5.9998326997473885,Spring,PRODUCE_PRIORITY
395.0,apartment,4.162496515748337,3.6399999999999997,0.0,3.6399999999999997,4.162496515748337,-0.5224965157483381,Spring,PRODUCE_PRIORITY
395.0,family_house,7.5756882550351525,10.08,0.0,10.08,7.5756882550351525,2.504311744964847,Spring,PRODUCE_PRIORITY
395.0,luxury_house,9.37279330851441,18.0,0.0,18.0,9.37279330851441,8.62720669148559,Spring,PRODUCE_PRIORITY
395.0,small_family,6.470389526579769,6.5,0.0,6.5,6.470389526579769,0.0296104734202306,Spring,PRODUCE_PRIORITY
396.0,apartment,1.9695567737119197e-15,3.6399999999999997,0.0,3.6399999999999997,1.9695567737119197e-15,3.6399999999999975,Spring,PRODUCE_PRIORITY
396.0,family_house,3.5845671129773554e-15,10.08,0.0,10.08,3.5845671129773554e-15,10.079999999999997,Spring,PRODUCE_PRIORITY
396.0,luxury_house,4.43489825866377e-15,18.0,0.0,18.0,4.43489825866377e-15,17.999999999999996,Spring,PRODUCE_PRIORITY
396.0,small_family,3.06157602112461e-15,6.5,0.0,6.5,3.06157602112461e-15,6.499999999999997,Spring,PRODUCE_PRIORITY
397.0,apartment,0.0,3.6399999999999997,0.0,3.6399999999999997,0.0,3.6399999999999997,Spring,PRODUCE_PRIORITY
397.0,family_house,0.0,10.08,0.0,10.08,0.0,10.08,Spring,PRODUCE_PRIORITY
397.0,luxury_house,0.0,18.0,0.0,18.0,0.0,18.0,Spring,PRODUCE_PRIORITY
397.0,small_family,0.0,6.5,0.0,6.5,0.0,6.5,Spring,PRODUCE_PRIORITY
398.0,apartment,0.0,3.6399999999999997,0.0,3.6399999999999997,0.0,3.6399999999999997,Spring,PRODUCE_PRIORITY
398.0,family_house,0.0,10.08,0.0,10.08,0.0,10.08,Spring,PRODUCE_PRIORITY
398.0,luxury_house,0.0,18.0,0.0,18.0,0.0,18.0,Spring,PRODUCE_PRIORITY
398.0,small_family,0.0,6.5,0.0,6.5,0.0,6.5,Spring,PRODUCE_PRIORITY
399.0,apartment,0.0,3.6399999999999997,0.0,3.6399999999999997,0.0,3.6399999999999997,Spring,PRODUCE_PRIORITY
399.0,family_house,0.0,10.08,0.0,10.08,0.0,10.08,Spring,PRODUCE_PRIORITY
399.0,luxury_house,0.0,18.0,0.0,18.0,0.0,18.0,Spring,PRODUCE_PRIORITY
399.0,small_family,0.0,6.5,0.0,6.5,0.0,6.5,Spring,PRODUCE_PRIORITY
400.0,apartment,0.0,3.6399999999999997,0.0,3.6399999999999997,0.0,3.6399999999999997,Spring,PRODUCE_PRIORITY
400.0,family_house,0.0,10.08,0.0,10.08,0.0,10.08,Spring,PRODUCE_PRIORITY
400.0,luxury_house,0.0,18.0,0.0,18.0,0.0,18.0,Spring,PRODUCE_PRIORITY
400.0,small_family,0.0,6.5,0.0,6.5,0.0,6.5,Spring,PRODUCE_PRIORITY
401.0,apartment,0.0,3.6399999999999997,0.0,3.6399999999999997,0.0,3.6399999999999997,Spring,PRODUCE_PRIORITY
401.0,family_house,0.0,10.08,0.0,10.08,0.0,10.08,Spring,PRODUCE_PRIORITY
401.0,luxury_house,0.0,18.0,0.0,18.0,0.0,18.0,Spring,PRODUCE_PRIORITY
401.0,small_family,0.0,6.5,0.0,6.5,0.0,6.5,Spring,PRODUCE_PRIORITY
402.0,apartment,0.0,18.455219236709315,0.0,18.455219236709315,0.0,18.455219236709315,Spring,PRODUCE_PRIORITY
402.0,family_house,0.0,25.0561586298996,0.0,25.0561586298996,0.0,25.0561586298996,Spring,PRODUCE_PRIORITY
402.0,luxury_house,0.0,35.565952552448344,0.0,35.565952552448344,0.0,35.565952552448344,Spring,PRODUCE_PRIORITY
402.0,small_family,0.0,21.658575388753846,0.0,21.658575388753846,0.0,21.658575388753846,Spring,PRODUCE_PRIORITY
403.0,apartment,0.0,19.789886522192713,0.0,19.789886522192713,0.0,19.789886522192713,Spring,PRODUCE_PRIORITY
403.0,family_house,0.0,31.275570423142295,0.0,31.275570423142295,0.0,31.275570423142295,Spring,PRODUCE_PRIORITY
403.0,luxury_house,0.0,35.230153621894566,0.0,35.230153621894566,0.0,35.230153621894566,Spring,PRODUCE_PRIORITY
403.0,small_family,0.0,28.04074390962114,0.0,28.04074390962114,0.0,28.04074390962114,Spring,PRODUCE_PRIORITY
404.0,apartment,0.0,24.97720929450538,0.0,24.97720929450538,0.0,24.97720929450538,Spring,PRODUCE_PRIORITY
404.0,family_house,0.0,25.412959550433364,0.0,25.412959550433364,0.0,25.412959550433364,Spring,PRODUCE_PRIORITY
404.0,luxury_house,0.0,36.27688209838823,0.0,36.27688209838823,0.0,36.27688209838823,Spring,PRODUCE_PRIORITY
404.0,small_family,0.0,31.592317900985325,0.0,31.592317900985325,0.0,31.592317900985325,Spring,PRODUCE_PRIORITY
405.0,apartment,0.0,21.70061511358258,0.0,21.70061511358258,0.0,21.70061511358258,Spring,PRODUCE_PRIORITY
405.0,family_house,0.0,27.11647188719676,0.0,27.11647188719676,0.0,27.11647188719676,Spring,PRODUCE_PRIORITY
405.0,luxury_house,0.0,34.16211638683769,0.0,34.16211638683769,0.0,34.16211638683769,Spring,PRODUCE_PRIORITY
405.0,small_family,0.0,26.242002856653194,0.0,26.242002856653194,0.0,26.242002856653194,Spring,PRODUCE_PRIORITY
406.0,apartment,0.0,3.6399999999999997,0.0,3.6399999999999997,0.0,3.6399999999999997,Spring,PRODUCE_PRIORITY
406.0,family_house,0.0,10.08,0.0,10.08,0.0,10.08,Spring,PRODUCE_PRIORITY
406.0,luxury_house,0.0,18.0,0.0,18.0,0.0,18.0,Spring,PRODUCE_PRIORITY
406.0,small_family,0.0,6.5,0.0,6.5,0.0,6.5,Spring,PRODUCE_PRIORITY
407.0,apartment,0.0,3.6399999999999997,0.0,3.6399999999999997,0.0,3.6399999999999997,Spring,PRODUCE_PRIORITY
407.0,family_house,0.0,10.08,0.0,10.08,0.0,10.08,Spring,PRODUCE_PRIORITY
407.0,luxury_house,0.0,18.0,0.0,18.0,0.0,18.0,Spring,PRODUCE_PRIORITY
407.0,small_family,0.0,6.5,0.0,6.5,0.0,6.5,Spring,PRODUCE_PRIORITY
408.0,apartment,0.0,3.6399999999999997,0.0,3.6399999999999997,0.0,3.6399999999999997,Spring,PRODUCE_PRIORITY
408.0,family_house,0.0,10.08,0.0,10.08,0.0,10.08,Spring,PRODUCE_PRIORITY
408.0,luxury_house,0.0,18.0,0.0,18.0,0.0,18.0,Spring,PRODUCE_PRIORITY
408.0,small_family,0.0,6.5,0.0,6.5,0.0,6.5,Spring,PRODUCE_PRIORITY
409.0,apartment,4.1701730986761785,3.6399999999999997,0.0,3.6399999999999997,4.1701730986761785,-0.5301730986761792,Spring,PRODUCE_PRIORITY
409.0,family_house,6.371199567006652,10.08,0.0,10.08,6.371199567006652,3.708800432993348,Spring,PRODUCE_PRIORITY
409.0,luxury_house,9.075255466498714,18.0,0.0,18.0,9.075255466498714,8.924744533501286,Spring,PRODUCE_PRIORITY
409.0,small_family,6.754940863389193,6.5,0.0,6.5,6.754940863389193,-0.25494086338919353,Spring,PRODUCE_PRIORITY
410.0,apartment,8.056155792214465,3.6399999999999997,0.0,3.6399999999999997,8.056155792214465,-4.4161557922144645,Spring,PRODUCE_PRIORITY
410.0,family_house,12.308212412426908,10.08,0.0,10.08,12.308212412426908,-2.228212412426908,Spring,PRODUCE_PRIORITY
410.0,luxury_house,17.532047270524306,18.0,0.0,18.0,17.532047270524306,0.4679527294756939,Spring,PRODUCE_PRIORITY
410.0,small_family,13.049543670005997,6.5,0.0,6.5,13.049543670005997,-6.549543670005997,Spring,PRODUCE_PRIORITY
411.0,apartment,11.393124781940264,3.6399999999999997,0.0,3.6399999999999997,11.393124781940264,-7.753124781940264,Spring,PRODUCE_PRIORITY
411.0,family_house,17.406440922223005,10.08,0.0,10.08,17.406440922223005,-7.326440922223008,Spring,PRODUCE_PRIORITY
411.0,luxury_house,24.345342875336982,18.0,0.0,18.0,24.345342875336982,-6.345342875336981,Spring,PRODUCE_PRIORITY
411.0,small_family,18.45484164090246,6.5,0.0,6.5,18.45484164090246,-11.95484164090246,Spring,PRODUCE_PRIORITY
412.0,apartment,13.953671145805753,3.6399999999999997,0.0,3.6399999999999997,13.953671145805753,-10.313671145805754,Spring,PRODUCE_PRIORITY
412.0,family_house,21.318449248673307,10.08,0.0,10.08,21.318449248673307,-11.238449248673309,Spring,PRODUCE_PRIORITY
412.0,luxury_house,28.018874857706017,18.0,0.0,18.0,28.018874857706017,-10.018874857706017,Spring,PRODUCE_PRIORITY
412.0,small_family,22.60247265203922,6.5,0.0,6.5,22.60247265203922,-16.10247265203922,Spring,PRODUCE_PRIORITY
413.0,apartment,15.56329788061644,3.6399999999999997,0.0,3.6399999999999997,15.56329788061644,-11.923297880616442,Spring,PRODUCE_PRIORITY
413.0,family_house,23.777640489229658,10.08,0.0,10.08,23.777640489229658,-13.697640489229657,Spring,PRODUCE_PRIORITY
413.0,luxury_house,30.328153601277297,18.0,0.0,18.0,30.328153601277297,-12.328153601277297,Spring,PRODUCE_PRIORITY
413.0,small_family,25.20978250429165,6.5,0.0,6.5,25.20978250429165,-18.70978250429165,Spring,PRODUCE_PRIORITY
414.0,apartment,16.11231158442893,3.6399999999999997,0.0,3.6399999999999997,16.11231158442893,-12.472311584428931,Spring,PRODUCE_PRIORITY
414.0,family_house,24.58075450953902,10.08,0.0,10.08,24.58075450953902,-14.500754509539023,Spring,PRODUCE_PRIORITY
414.0,luxury_house,31.052871319783815,18.0,0.0,18.0,31.052871319783815,-13.052871319783817,Spring,PRODUCE_PRIORITY
414.0,small_family,25.959624052287285,6.5,0.0,6.5,25.959624052287285,-19.459624052287285,Spring,PRODUCE_PRIORITY
415.0,apartment,17.648925572479573,3.6399999999999997,0.0,3.6399999999999997,17.648925572479573,-14.008925572479573,Spring,PRODUCE_PRIORITY
415.0,family_house,23.777640489229658,10.08,0.0,10.08,23.777640489229658,-13.697640489229657,Spring,PRODUCE_PRIORITY
415.0,luxury_house,30.328153601277297,18.0,0.0,18.0,30.328153601277297,-12.328153601277297,Spring,PRODUCE_PRIORITY
415.0,small_family,25.209782504291653,6.5,0.0,6.5,25.209782504291653,-18.709782504291653,Spring,PRODUCE_PRIORITY
416.0,apartment,15.823593778404707,3.6399999999999997,0.0,3.6399999999999997,15.823593778404707,-12.183593778404706,Spring,PRODUCE_PRIORITY
416.0,family_house,21.31844924867331,10.08,0.0,10.08,21.31844924867331,-11.238449248673312,Spring,PRODUCE_PRIORITY
416.0,luxury_house,28.01887485770602,18.0,0.0,18.0,28.01887485770602,-10.01887485770602,Spring,PRODUCE_PRIORITY
416.0,small_family,22.60247265203922,6.5,0.0,6.5,22.60247265203922,-16.10247265203922,Spring,PRODUCE_PRIORITY
417.0,apartment,12.919910218056682,3.6399999999999997,0.0,3.6399999999999997,12.919910218056682,-9.279910218056681,Spring,PRODUCE_PRIORITY
417.0,family_house,17.406440922223005,10.08,0.0,10.08,17.406440922223005,-7.326440922223008,Spring,PRODUCE_PRIORITY
417.0,luxury_house,24.345342875336982,18.0,0.0,18.0,24.345342875336982,-6.345342875336981,Spring,PRODUCE_PRIORITY
417.0,small_family,18.45484164090246,6.5,0.0,6.5,18.45484164090246,-11.95484164090246,Spring,PRODUCE_PRIORITY
418.0,apartment,9.13575612750925,3.6399999999999997,0.0,3.6399999999999997,9.13575612750925,-5.4957561275092495,Spring,PRODUCE_PRIORITY
418.0,family_house,12.308212412426919,10.08,0.0,10.08,12.308212412426919,-2.228212412426918,Spring,PRODUCE_PRIORITY
418.0,luxury_house,17.53204727052432,18.0,0.0,18.0,17.53204727052432,0.4679527294756807,Spring,PRODUCE_PRIORITY
418.0,small_family,13.049543670006006,6.5,0.0,6.5,13.049543670006006,-6.549543670006007,Spring,PRODUCE_PRIORITY
419.0,apartment,4.729015354422896,3.6399999999999997,0.0,3.6399999999999997,4.729015354422896,-1.0890153544228964,Spring,PRODUCE_PRIORITY
419.0,family_house,6.371199567006659,10.08,0.0,10.08,6.371199567006659,3.708800432993341,Spring,PRODUCE_PRIORITY
419.0,luxury_house,9.075255466498723,18.0,0.0,18.0,9.075255466498723,8.924744533501277,Spring,PRODUCE_PRIORITY
419.0,small_family,6.754940863389201,6.5,0.0,6.5,6.754940863389201,-0.25494086338920136,Spring,PRODUCE_PRIORITY
420.0,apartment,2.237614899869003e-15,3.6399999999999997,0.0,3.6399999999999997,2.237614899869003e-15,3.6399999999999975,Spring,PRODUCE_PRIORITY
420.0,family_house,3.0146425868208676e-15,10.08,0.0,10.08,3.0146425868208676e-15,10.079999999999997,Spring,PRODUCE_PRIORITY
420.0,luxury_house,4.294113114469537e-15,18.0,0.0,18.0,4.294113114469537e-15,17.999999999999996,Spring,PRODUCE_PRIORITY
420.0,small_family,3.1962163771612907e-15,6.5,0.0,6.5,3.1962163771612907e-15,6.4999999999999964,Spring,PRODUCE_PRIORITY
421.0,apartment,0.0,3.6399999999999997,0.0,3.6399999999999997,0.0,3.6399999999999997,Spring,PRODUCE_PRIORITY
421.0,family_house,0.0,10.08,0.0,10.08,0.0,10.08,Spring,PRODUCE_PRIORITY
421.0,luxury_house,0.0,18.0,0.0,18.0,0.0,18.0,Spring,PRODUCE_PRIORITY
421.0,small_family,0.0,6.5,0.0,6.5,0.0,6.5,Spring,PRODUCE_PRIORITY
422.0,apartment,0.0,3.6399999999999997,0.0,3.6399999999999997,0.0,3.6399999999999997,Spring,PRODUCE_PRIORITY
422.0,family_house,0.0,10.08,0.0,10.08,0.0,10.08,Spring,PRODUCE_PRIORITY
422.0,luxury_house,0.0,18.0,0.0,18.0,0.0,18.0,Spring,PRODUCE_PRIORITY
422.0,small_family,0.0,6.5,0.0,6.5,0.0,6.5,Spring,PRODUCE_PRIORITY
423.0,apartment,0.0,3.6399999999999997,0.0,3.6399999999999997,0.0,3.6399999999999997,Spring,PRODUCE_PRIORITY
423.0,family_house,0.0,10.08,0.0,10.08,0.0,10.08,Spring,PRODUCE_PRIORITY
423.0,luxury_house,0.0,18.0,0.0,18.0,0.0,18.0,Spring,PRODUCE_PRIORITY
423.0,small_family,0.0,6.5,0.0,6.5,0.0,6.5,Spring,PRODUCE_PRIORITY
424.0,apartment,0.0,3.6399999999999997,0.0,3.6399999999999997,0.0,3.6399999999999997,Spring,PRODUCE_PRIORITY
424.0,family_house,0.0,10.08,0.0,10.08,0.0,10.08,Spring,PRODUCE_PRIORITY
424.0,luxury_house,0.0,18.0,0.0,18.0,0.0,18.0,Spring,PRODUCE_PRIORITY
424.0,small_family,0.0,6.5,0.0,6.5,0.0,6.5,Spring,PRODUCE_PRIORITY
425.0,apartment,0.0,3.6399999999999997,0.0,3.6399999999999997,0.0,3.6399999999999997,Spring,PRODUCE_PRIORITY
425.0,family_house,0.0,10.08,0.0,10.08,0.0,10.08,Spring,PRODUCE_PRIORITY
425.0,luxury_house,0.0,18.0,0.0,18.0,0.0,18.0,Spring,PRODUCE_PRIORITY
425.0,small_family,0.0,6.5,0.0,6.5,0.0,6.5,Spring,PRODUCE_PRIORITY
426.0,apartment,0.0,24.4517561160546,0.0,24.4517561160546,0.0,24.4517561160546,Spring,PRODUCE_PRIORITY
426.0,family_house,0.0,26.950976097413335,0.0,26.950976097413335,0.0,26.950976097413335,Spring,PRODUCE_PRIORITY
426.0,luxury_house,0.0,30.986796674330527,0.0,30.986796674330527,0.0,30.986796674330527,Spring,PRODUCE_PRIORITY
426.0,small_family,0.0,30.26260417674572,0.0,30.26260417674572,0.0,30.26260417674572,Spring,PRODUCE_PRIORITY
427.0,apartment,0.0,21.183521612273545,0.0,21.183521612273545,0.0,21.183521612273545,Spring,PRODUCE_PRIORITY
427.0,family_house,0.0,21.85032055169941,0.0,21.85032055169941,0.0,21.85032055169941,Spring,PRODUCE_PRIORITY
427.0,luxury_house,0.0,33.13114971643645,0.0,33.13114971643645,0.0,33.13114971643645,Spring,PRODUCE_PRIORITY
427.0,small_family,0.0,16.36079943663826,0.0,16.36079943663826,0.0,16.36079943663826,Spring,PRODUCE_PRIORITY
428.0,apartment,0.0,23.02465640433207,0.0,23.02465640433207,0.0,23.02465640433207,Spring,PRODUCE_PRIORITY
428.0,family_house,0.0,32.95922171165272,0.0,32.95922171165272,0.0,32.95922171165272,Spring,PRODUCE_PRIORITY
428.0,luxury_house,0.0,34.65780828843046,0.0,34.65780828843046,0.0,34.65780828843046,Spring,PRODUCE_PRIORITY
428.0,small_family,0.0,27.76762854114621,0.0,27.76762854114621,0.0,27.76762854114621,Spring,PRODUCE_PRIORITY
429.0,apartment,0.0,25.207011753006995,0.0,25.207011753006995,0.0,25.207011753006995,Spring,PRODUCE_PRIORITY
429.0,family_house,0.0,32.89712707170305,0.0,32.89712707170305,0.0,32.89712707170305,Spring,PRODUCE_PRIORITY
429.0,luxury_house,0.0,31.640426572133954,0.0,31.640426572133954,0.0,31.640426572133954,Spring,PRODUCE_PRIORITY
429.0,small_family,0.0,26.00741739578321,0.0,26.00741739578321,0.0,26.00741739578321,Spring,PRODUCE_PRIORITY
430.0,apartment,0.0,3.6399999999999997,0.0,3.6399999999999997,0.0,3.6399999999999997,Spring,PRODUCE_PRIORITY
430.0,family_house,0.0,10.08,0.0,10.08,0.0,10.08,Spring,PRODUCE_PRIORITY
430.0,luxury_house,0.0,18.0,0.0,18.0,0.0,18.0,Spring,PRODUCE_PRIORITY
430.0,small_family,0.0,6.5,0.0,6.5,0.0,6.5,Spring,PRODUCE_PRIORITY
431.0,apartment,0.0,3.6399999999999997,0.0,3.6399999999999997,0.0,3.6399999999999997,Spring,PRODUCE_PRIORITY
431.0,family_house,0.0,10.08,0.0,10.08,0.0,10.08,Spring,PRODUCE_PRIORITY
431.0,luxury_house,0.0,18.0,0.0,18.0,0.0,18.0,Spring,PRODUCE_PRIORITY
431.0,small_family,0.0,6.5,0.0,6.5,0.0,6.5,Spring,PRODUCE_PRIORITY
432.0,apartment,0.0,3.6399999999999997,0.0,3.6399999999999997,0.0,3.6399999999999997,Spring,PRODUCE_PRIORITY
432.0,family_house,0.0,10.08,0.0,10.08,0.0,10.08,Spring,PRODUCE_PRIORITY
432.0,luxury_house,0.0,18.0,0.0,18.0,0.0,18.0,Spring,PRODUCE_PRIORITY
432.0,small_family,0.0,6.5,0.0,6.5,0.0,6.5,Spring,PRODUCE_PRIORITY
433.0,apartment,4.988222528443895,3.6399999999999997,0.0,3.6399999999999997,4.988222528443895,-1.348222528443896,Spring,PRODUCE_PRIORITY
433.0,family_house,7.988299465216101,10.08,0.0,10.08,7.988299465216101,2.091700534783899,Spring,PRODUCE_PRIORITY
433.0,luxury_house,10.846720224294767,18.0,0.0,18.0,10.846720224294767,7.153279775705233,Spring,PRODUCE_PRIORITY
433.0,small_family,6.7381202009038486,6.5,0.0,6.5,6.7381202009038486,-0.2381202009038486,Spring,PRODUCE_PRIORITY
434.0,apartment,9.63650593500183,3.6399999999999997,0.0,3.6399999999999997,9.63650593500183,-5.99650593500183,Spring,PRODUCE_PRIORITY
434.0,family_house,15.432209523166769,10.08,0.0,10.08,15.432209523166769,-5.352209523166769,Spring,PRODUCE_PRIORITY
434.0,luxury_house,20.954254390356542,18.0,0.0,18.0,20.954254390356542,-2.9542543903565424,Spring,PRODUCE_PRIORITY
434.0,small_family,13.017048645386224,6.5,0.0,6.5,13.017048645386224,-6.5170486453862235,Spring,PRODUCE_PRIORITY
435.0,apartment,13.628077387168416,3.6399999999999997,0.0,3.6399999999999997,13.628077387168416,-9.988077387168415,Spring,PRODUCE_PRIORITY
435.0,family_house,21.82444000504568,10.08,0.0,10.08,21.82444000504568,-11.744440005045684,Spring,PRODUCE_PRIORITY
435.0,luxury_house,28.23341923751742,18.0,0.0,18.0,28.23341923751742,-10.23341923751742,Spring,PRODUCE_PRIORITY
435.0,small_family,18.40888673637553,6.5,0.0,6.5,18.40888673637553,-11.908886736375528,Spring,PRODUCE_PRIORITY
436.0,apartment,16.690917886862202,3.6399999999999997,0.0,3.6399999999999997,16.690917886862202,-13.050917886862202,Spring,PRODUCE_PRIORITY
436.0,family_house,26.48187322329649,10.08,0.0,10.08,26.48187322329649,-16.40187322329649,Spring,PRODUCE_PRIORITY
436.0,luxury_house,31.633763115039947,18.0,0.0,18.0,31.633763115039947,-13.633763115039947,Spring,PRODUCE_PRIORITY
436.0,small_family,22.546189618404572,6.5,0.0,6.5,22.546189618404572,-16.046189618404572,Spring,PRODUCE_PRIORITY
437.0,apartment,18.61629991561231,3.6399999999999997,0.0,3.6399999999999997,18.61629991561231,-14.976299915612307,Spring,PRODUCE_PRIORITY
437.0,family_house,28.72646263401203,10.08,0.0,10.08,28.72646263401203,-18.646462634012032,Spring,PRODUCE_PRIORITY
437.0,luxury_house,32.97577669273928,18.0,0.0,18.0,32.97577669273928,-14.975776692739284,Spring,PRODUCE_PRIORITY
437.0,small_family,25.14700693727937,6.5,0.0,6.5,25.14700693727937,-18.64700693727937,Spring,PRODUCE_PRIORITY
438.0,apartment,19.273011870003664,3.6399999999999997,0.0,3.6399999999999997,19.273011870003664,-15.633011870003664,Spring,PRODUCE_PRIORITY
438.0,family_house,29.457613069152284,10.08,0.0,10.08,29.457613069152284,-19.377613069152286,Spring,PRODUCE_PRIORITY
438.0,luxury_house,33.43351253231331,18.0,0.0,18.0,33.43351253231331,-15.433512532313305,Spring,PRODUCE_PRIORITY
438.0,small_family,26.034097290772454,6.5,0.0,6.5,26.034097290772454,-19.534097290772454,Spring,PRODUCE_PRIORITY
439.0,apartment,18.61629991561231,3.6399999999999997,0.0,3.6399999999999997,18.61629991561231,-14.97629991561231,Spring,PRODUCE_PRIORITY
439.0,family_house,28.72646263401203,10.08,0.0,10.08,28.72646263401203,-18.646462634012032,Spring,PRODUCE_PRIORITY
439.0,luxury_house,32.97577669273928,18.0,0.0,18.0,32.97577669273928,-14.975776692739284,Spring,PRODUCE_PRIORITY
439.0,small_family,25.14700693727938,6.5,0.0,6.5,25.14700693727938,-18.64700693727938,Spring,PRODUCE_PRIORITY
440.0,apartment,16.690917886862202,3.6399999999999997,0.0,3.6399999999999997,16.690917886862202,-13.050917886862202,Spring,PRODUCE_PRIORITY
440.0,family_house,26.481873223296496,10.08,0.0,10.08,26.481873223296496,-16.401873223296498,Spring,PRODUCE_PRIORITY
440.0,luxury_house,31.633763115039947,18.0,0.0,18.0,31.633763115039947,-13.63376311503995,Spring,PRODUCE_PRIORITY
440.0,small_family,22.546189618404576,6.5,0.0,6.5,22.546189618404576,-16.046189618404576,Spring,PRODUCE_PRIORITY
441.0,apartment,13.628077387168416,3.6399999999999997,0.0,3.6399999999999997,13.628077387168416,-9.988077387168415,Spring,PRODUCE_PRIORITY
441.0,family_house,21.82444000504568,10.08,0.0,10.08,21.82444000504568,-11.744440005045684,Spring,PRODUCE_PRIORITY
441.0,luxury_house,28.23341923751742,18.0,0.0,18.0,28.23341923751742,-10.23341923751742,Spring,PRODUCE_PRIORITY
441.0,small_family,18.40888673637553,6.5,0.0,6.5,18.40888673637553,-11.908886736375528,Spring,PRODUCE_PRIORITY
442.0,apartment,9.636505935001837,3.6399999999999997,0.0,3.6399999999999997,9.636505935001837,-5.996505935001838,Spring,PRODUCE_PRIORITY
442.0,family_house,15.43220952316678,10.08,0.0,10.08,15.43220952316678,-5.35220952316678,Spring,PRODUCE_PRIORITY
442.0,luxury_house,20.954254390356557,18.0,0.0,18.0,20.954254390356557,-2.954254390356558,Spring,PRODUCE_PRIORITY
442.0,small_family,13.017048645386234,6.5,0.0,6.5,13.017048645386234,-6.517048645386234,Spring,PRODUCE_PRIORITY
443.0,apartment,4.9882225284439015,3.6399999999999997,0.0,3.6399999999999997,4.9882225284439015,-1.3482225284439016,Spring,PRODUCE_PRIORITY
443.0,family_house,7.98829946521611,10.08,0.0,10.08,7.98829946521611,2.0917005347838904,Spring,PRODUCE_PRIORITY
443.0,luxury_house,10.84672022429478,18.0,0.0,18.0,10.84672022429478,7.1532797757052204,Spring,PRODUCE_PRIORITY
443.0,small_family,6.7381202009038565,6.5,0.0,6.5,6.7381202009038565,-0.23812020090385622,Spring,PRODUCE_PRIORITY
444.0,apartment,2.360263229652893e-15,3.6399999999999997,0.0,3.6399999999999997,2.360263229652893e-15,3.639999999999997,Spring,PRODUCE_PRIORITY
444.0,family_house,3.7798011992634976e-15,10.08,0.0,10.08,3.7798011992634976e-15,10.079999999999997,Spring,PRODUCE_PRIORITY
444.0,luxury_house,5.132312113533903e-15,18.0,0.0,18.0,5.132312113533903e-15,17.999999999999993,Spring,PRODUCE_PRIORITY
444.0,small_family,3.1882573915835266e-15,6.5,0.0,6.5,3.1882573915835266e-15,6.4999999999999964,Spring,PRODUCE_PRIORITY
445.0,apartment,0.0,3.6399999999999997,0.0,3.6399999999999997,0.0,3.6399999999999997,Spring,PRODUCE_PRIORITY
445.0,family_house,0.0,10.08,0.0,10.08,0.0,10.08,Spring,PRODUCE_PRIORITY
445.0,luxury_house,0.0,18.0,0.0,18.0,0.0,18.0,Spring,PRODUCE_PRIORITY
445.0,small_family,0.0,6.5,0.0,6.5,0.0,6.5,Spring,PRODUCE_PRIORITY
446.0,apartment,0.0,3.6399999999999997,0.0,3.6399999999999997,0.0,3.6399999999999997,Spring,PRODUCE_PRIORITY
446.0,family_house,0.0,10.08,0.0,10.08,0.0,10.08,Spring,PRODUCE_PRIORITY
446.0,luxury_house,0.0,18.0,0.0,18.0,0.0,18.0,Spring,PRODUCE_PRIORITY
446.0,small_family,0.0,6.5,0.0,6.5,0.0,6.5,Spring,PRODUCE_PRIORITY
447.0,apartment,0.0,3.6399999999999997,0.0,3.6399999999999997,0.0,3.6399999999999997,Spring,PRODUCE_PRIORITY
447.0,family_house,0.0,10.08,0.0,10.08,0.0,10.08,Spring,PRODUCE_PRIORITY
447.0,luxury_house,0.0,18.0,0.0,18.0,0.0,18.0,Spring,PRODUCE_PRIORITY
447.0,small_family,0.0,6.5,0.0,6.5,0.0,6.5,Spring,PRODUCE_PRIORITY
448.0,apartment,0.0,3.6399999999999997,0.0,3.6399999999999997,0.0,3.6399999999999997,Spring,PRODUCE_PRIORITY
448.0,family_house,0.0,10.08,0.0,10.08,0.0,10.08,Spring,PRODUCE_PRIORITY
448.0,luxury_house,0.0,18.0,0.0,18.0,0.0,18.0,Spring,PRODUCE_PRIORITY
448.0,small_family,0.0,6.5,0.0,6.5,0.0,6.5,Spring,PRODUCE_PRIORITY
449.0,apartment,0.0,3.6399999999999997,0.0,3.6399999999999997,0.0,3.6399999999999997,Spring,PRODUCE_PRIORITY
449.0,family_house,0.0,10.08,0.0,10.08,0.0,10.08,Spring,PRODUCE_PRIORITY
449.0,luxury_house,0.0,18.0,0.0,18.0,0.0,18.0,Spring,PRODUCE_PRIORITY
449.0,small_family,0.0,6.5,0.0,6.5,0.0,6.5,Spring,PRODUCE_PRIORITY
450.0,apartment,0.0,24.27939151485175,0.0,24.27939151485175,0.0,24.27939151485175,Spring,PRODUCE_PRIORITY
450.0,family_house,0.0,26.069078611367914,0.0,26.069078611367914,0.0,26.069078611367914,Spring,PRODUCE_PRIORITY
450.0,luxury_house,0.0,35.86638666654585,0.0,35.86638666654585,0.0,35.86638666654585,Spring,PRODUCE_PRIORITY
450.0,small_family,0.0,23.120282266496133,0.0,23.120282266496133,0.0,23.120282266496133,Spring,PRODUCE_PRIORITY
451.0,apartment,0.0,27.865141646863613,0.0,27.865141646863613,0.0,27.865141646863613,Spring,PRODUCE_PRIORITY
451.0,family_house,0.0,28.536081741929387,0.0,28.536081741929387,0.0,28.536081741929387,Spring,PRODUCE_PRIORITY
451.0,luxury_house,0.0,36.47293798169129,0.0,36.47293798169129,0.0,36.47293798169129,Spring,PRODUCE_PRIORITY
451.0,small_family,0.0,26.313703609087707,0.0,26.313703609087707,0.0,26.313703609087707,Spring,PRODUCE_PRIORITY
452.0,apartment,0.0,25.219776851093297,0.0,25.219776851093297,0.0,25.219776851093297,Spring,PRODUCE_PRIORITY
452.0,family_house,0.0,26.71229268284766,0.0,26.71229268284766,0.0,26.71229268284766,Spring,PRODUCE_PRIORITY
452.0,luxury_house,0.0,34.906312579750896,0.0,34.906312579750896,0.0,34.906312579750896,Spring,PRODUCE_PRIORITY
452.0,small_family,0.0,25.35438813907591,0.0,25.35438813907591,0.0,25.35438813907591,Spring,PRODUCE_PRIORITY
453.0,apartment,0.0,21.13658033929288,0.0,21.13658033929288,0.0,21.13658033929288,Spring,PRODUCE_PRIORITY
453.0,family_house,0.0,27.20819354131349,0.0,27.20819354131349,0.0,27.20819354131349,Spring,PRODUCE_PRIORITY
453.0,luxury_house,0.0,37.384174856793436,0.0,37.384174856793436,0.0,37.384174856793436,Spring,PRODUCE_PRIORITY
453.0,small_family,0.0,32.48424106073304,0.0,32.48424106073304,0.0,32.48424106073304,Spring,PRODUCE_PRIORITY
454.0,apartment,0.0,3.6399999999999997,0.0,3.6399999999999997,0.0,3.6399999999999997,Spring,PRODUCE_PRIORITY
454.0,family_house,0.0,10.08,0.0,10.08,0.0,10.08,Spring,PRODUCE_PRIORITY
454.0,luxury_house,0.0,18.0,0.0,18.0,0.0,18.0,Spring,PRODUCE_PRIORITY
454.0,small_family,0.0,6.5,0.0,6.5,0.0,6.5,Spring,PRODUCE_PRIORITY
455.0,apartment,0.0,3.6399999999999997,0.0,3.6399999999999997,0.0,3.6399999999999997,Spring,PRODUCE_PRIORITY
455.0,family_house,0.0,10.08,0.0,10.08,0.0,10.08,Spring,PRODUCE_PRIORITY
455.0,luxury_house,0.0,18.0,0.0,18.0,0.0,18.0,Spring,PRODUCE_PRIORITY
455.0,small_family,0.0,6.5,0.0,6.5,0.0,6.5,Spring,PRODUCE_PRIORITY
456.0,apartment,0.0,3.6399999999999997,0.0,3.6399999999999997,0.0,3.6399999999999997,Spring,PRODUCE_PRIORITY
456.0,family_house,0.0,10.08,0.0,10.08,0.0,10.08,Spring,PRODUCE_PRIORITY
456.0,luxury_house,0.0,18.0,0.0,18.0,0.0,18.0,Spring,PRODUCE_PRIORITY
456.0,small_family,0.0,6.5,0.0,6.5,0.0,6.5,Spring,PRODUCE_PRIORITY
457.0,apartment,4.529590886316992,3.6399999999999997,0.0,3.6399999999999997,4.529590886316992,-0.8895908863169919,Spring,PRODUCE_PRIORITY
457.0,family_house,6.671190674593957,10.08,0.0,10.08,6.671190674593957,3.4088093254060423,Spring,PRODUCE_PRIORITY
457.0,luxury_house,11.303502888391003,18.0,0.0,18.0,11.303502888391003,6.696497111608997,Spring,PRODUCE_PRIORITY
457.0,small_family,6.970513837998537,6.5,0.0,6.5,6.970513837998537,-0.47051383799853663,Spring,PRODUCE_PRIORITY
458.0,apartment,8.750497639234347,3.6399999999999997,0.0,3.6399999999999997,8.750497639234347,-5.110497639234346,Spring,PRODUCE_PRIORITY
458.0,family_house,12.887750729378189,10.08,0.0,10.08,12.887750729378189,-2.8077507293781894,Spring,PRODUCE_PRIORITY
458.0,luxury_house,21.8366907348599,18.0,0.0,18.0,21.8366907348599,-3.8366907348599,Spring,PRODUCE_PRIORITY
458.0,small_family,13.465998677256241,6.5,0.0,6.5,13.465998677256241,-6.965998677256241,Spring,PRODUCE_PRIORITY
459.0,apartment,12.375072438918966,3.6399999999999997,0.0,3.6399999999999997,12.375072438918966,-8.735072438918966,Spring,PRODUCE_PRIORITY
459.0,family_house,18.226031869970384,10.08,0.0,10.08,18.226031869970384,-8.146031869970388,Spring,PRODUCE_PRIORITY
459.0,luxury_house,29.131230440239776,18.0,0.0,18.0,29.131230440239776,-11.131230440239777,Spring,PRODUCE_PRIORITY
459.0,small_family,19.043797960273942,6.5,0.0,6.5,19.043797960273942,-12.54379796027394,Spring,PRODUCE_PRIORITY
460.0,apartment,15.156306502665407,3.6399999999999997,0.0,3.6399999999999997,15.156306502665407,-11.516306502665406,Spring,PRODUCE_PRIORITY
460.0,family_house,22.32223905856588,10.08,0.0,10.08,22.32223905856588,-12.242239058565882,Spring,PRODUCE_PRIORITY
460.0,luxury_house,32.20561636034807,18.0,0.0,18.0,32.20561636034807,-14.205616360348067,Spring,PRODUCE_PRIORITY
460.0,small_family,23.323793883663107,6.5,0.0,6.5,23.323793883663107,-16.823793883663107,Spring,PRODUCE_PRIORITY
461.0,apartment,16.904663325235955,3.6399999999999997,0.0,3.6399999999999997,16.904663325235955,-13.264663325235956,Spring,PRODUCE_PRIORITY
461.0,family_house,24.55766008412046,10.08,0.0,10.08,24.55766008412046,-14.477660084120462,Spring,PRODUCE_PRIORITY
461.0,luxury_house,34.01613258904667,18.0,0.0,18.0,34.01613258904667,-16.01613258904667,Spring,PRODUCE_PRIORITY
461.0,small_family,26.01431179827247,6.5,0.0,6.5,26.01431179827247,-19.51431179827247,Spring,PRODUCE_PRIORITY
462.0,apartment,17.500995278468693,3.6399999999999997,0.0,3.6399999999999997,17.500995278468693,-13.860995278468694,Spring,PRODUCE_PRIORITY
462.0,family_house,25.282855810057058,10.08,0.0,10.08,25.282855810057058,-15.20285581005706,Spring,PRODUCE_PRIORITY
462.0,luxury_house,34.510568210909526,18.0,0.0,18.0,34.510568210909526,-16.510568210909526,Spring,PRODUCE_PRIORITY
462.0,small_family,26.736113112281956,6.5,0.0,6.5,26.736113112281956,-20.236113112281956,Spring,PRODUCE_PRIORITY
463.0,apartment,16.90466332523596,3.6399999999999997,0.0,3.6399999999999997,16.90466332523596,-13.264663325235958,Spring,PRODUCE_PRIORITY
463.0,family_house,24.55766008412046,10.08,0.0,10.08,24.55766008412046,-14.477660084120462,Spring,PRODUCE_PRIORITY
463.0,luxury_house,34.01613258904667,18.0,0.0,18.0,34.01613258904667,-16.01613258904667,Spring,PRODUCE_PRIORITY
463.0,small_family,26.014311798272477,6.5,0.0,6.5,26.014311798272477,-19.514311798272477,Spring,PRODUCE_PRIORITY
464.0,apartment,15.156306502665407,3.6399999999999997,0.0,3.6399999999999997,15.156306502665407,-11.516306502665406,Spring,PRODUCE_PRIORITY
464.0,family_house,22.322239058565888,10.08,0.0,10.08,22.322239058565888,-12.242239058565888,Spring,PRODUCE_PRIORITY
464.0,luxury_house,32.20561636034807,18.0,0.0,18.0,32.20561636034807,-14.205616360348069,Spring,PRODUCE_PRIORITY
464.0,small_family,23.32379388366311,6.5,0.0,6.5,23.32379388366311,-16.82379388366311,Spring,PRODUCE_PRIORITY
465.0,apartment,12.375072438918966,3.6399999999999997,0.0,3.6399999999999997,12.375072438918966,-8.735072438918966,Spring,PRODUCE_PRIORITY
465.0,family_house,18.226031869970384,10.08,0.0,10.08,18.226031869970384,-8.146031869970388,Spring,PRODUCE_PRIORITY
465.0,luxury_house,29.131230440239776,18.0,0.0,18.0,29.131230440239776,-11.131230440239777,Spring,PRODUCE_PRIORITY
465.0,small_family,19.043797960273942,6.5,0.0,6.5,19.043797960273942,-12.54379796027394,Spring,PRODUCE_PRIORITY
466.0,apartment,8.750497639234352,3.6399999999999997,0.0,3.6399999999999997,8.750497639234352,-5.110497639234352,Spring,PRODUCE_PRIORITY
466.0,family_house,12.8877507293782,10.08,0.0,10.08,12.8877507293782,-2.8077507293781996,Spring,PRODUCE_PRIORITY
466.0,luxury_house,21.836690734859918,18.0,0.0,18.0,21.836690734859918,-3.836690734859917,Spring,PRODUCE_PRIORITY
466.0,small_family,13.465998677256252,6.5,0.0,6.5,13.465998677256252,-6.965998677256252,Spring,PRODUCE_PRIORITY
467.0,apartment,4.5295908863169965,3.6399999999999997,0.0,3.6399999999999997,4.5295908863169965,-0.8895908863169971,Spring,PRODUCE_PRIORITY
467.0,family_house,6.671190674593964,10.08,0.0,10.08,6.671190674593964,3.408809325406035,Spring,PRODUCE_PRIORITY
467.0,luxury_house,11.303502888391018,18.0,0.0,18.0,11.303502888391018,6.696497111608983,Spring,PRODUCE_PRIORITY
467.0,small_family,6.970513837998545,6.5,0.0,6.5,6.970513837998545,-0.4705138379985446,Spring,PRODUCE_PRIORITY
468.0,apartment,2.1432537849669625e-15,3.6399999999999997,0.0,3.6399999999999997,2.1432537849669625e-15,3.6399999999999975,Spring,PRODUCE_PRIORITY
468.0,family_house,3.1565885357883937e-15,10.08,0.0,10.08,3.1565885357883937e-15,10.079999999999997,Spring,PRODUCE_PRIORITY
468.0,luxury_house,5.348446682483369e-15,18.0,0.0,18.0,5.348446682483369e-15,17.999999999999996,Spring,PRODUCE_PRIORITY
468.0,small_family,3.2982184354848703e-15,6.5,0.0,6.5,3.2982184354848703e-15,6.4999999999999964,Spring,PRODUCE_PRIORITY
469.0,apartment,0.0,3.6399999999999997,0.0,3.6399999999999997,0.0,3.6399999999999997,Spring,PRODUCE_PRIORITY
469.0,family_house,0.0,10.08,0.0,10.08,0.0,10.08,Spring,PRODUCE_PRIORITY
469.0,luxury_house,0.0,18.0,0.0,18.0,0.0,18.0,Spring,PRODUCE_PRIORITY
469.0,small_family,0.0,6.5,0.0,6.5,0.0,6.5,Spring,PRODUCE_PRIORITY
470.0,apartment,0.0,3.6399999999999997,0.0,3.6399999999999997,0.0,3.6399999999999997,Spring,PRODUCE_PRIORITY
470.0,family_house,0.0,10.08,0.0,10.08,0.0,10.08,Spring,PRODUCE_PRIORITY
470.0,luxury_house,0.0,18.0,0.0,18.0,0.0,18.0,Spring,PRODUCE_PRIORITY
470.0,small_family,0.0,6.5,0.0,6.5,0.0,6.5,Spring,PRODUCE_PRIORITY
471.0,apartment,0.0,3.6399999999999997,0.0,3.6399999999999997,0.0,3.6399999999999997,Spring,PRODUCE_PRIORITY
471.0,family_house,0.0,10.08,0.0,10.08,0.0,10.08,Spring,PRODUCE_PRIORITY
471.0,luxury_house,0.0,18.0,0.0,18.0,0.0,18.0,Spring,PRODUCE_PRIORITY
471.0,small_family,0.0,6.5,0.0,6.5,0.0,6.5,Spring,PRODUCE_PRIORITY
472.0,apartment,0.0,3.6399999999999997,0.0,3.6399999999999997,0.0,3.6399999999999997,Spring,PRODUCE_PRIORITY
472.0,family_house,0.0,10.08,0.0,10.08,0.0,10.08,Spring,PRODUCE_PRIORITY
472.0,luxury_house,0.0,18.0,0.0,18.0,0.0,18.0,Spring,PRODUCE_PRIORITY
472.0,small_family,0.0,6.5,0.0,6.5,0.0,6.5,Spring,PRODUCE_PRIORITY
473.0,apartment,0.0,3.6399999999999997,0.0,3.6399999999999997,0.0,3.6399999999999997,Spring,PRODUCE_PRIORITY
473.0,family_house,0.0,10.08,0.0,10.08,0.0,10.08,Spring,PRODUCE_PRIORITY
473.0,luxury_house,0.0,18.0,0.0,18.0,0.0,18.0,Spring,PRODUCE_PRIORITY
473.0,small_family,0.0,6.5,0.0,6.5,0.0,6.5,Spring,PRODUCE_PRIORITY
474.0,apartment,0.0,20.908365442813377,0.0,20.908365442813377,0.0,20.908365442813377,Spring,PRODUCE_PRIORITY
474.0,family_house,0.0,33.5431333060851,0.0,33.5431333060851,0.0,33.5431333060851,Spring,PRODUCE_PRIORITY
474.0,luxury_house,0.0,42.63921897592816,0.0,42.63921897592816,0.0,42.63921897592816,Spring,PRODUCE_PRIORITY
474.0,small_family,0.0,30.975875638475713,0.0,30.975875638475713,0.0,30.975875638475713,Spring,PRODUCE_PRIORITY
475.0,apartment,0.0,26.798609554390787,0.0,26.798609554390787,0.0,26.798609554390787,Spring,PRODUCE_PRIORITY
475.0,family_house,0.0,23.20435024374396,0.0,23.20435024374396,0.0,23.20435024374396,Spring,PRODUCE_PRIORITY
475.0,luxury_house,0.0,36.31247823516945,0.0,36.31247823516945,0.0,36.31247823516945,Spring,PRODUCE_PRIORITY
475.0,small_family,0.0,29.538368539487337,0.0,29.538368539487337,0.0,29.538368539487337,Spring,PRODUCE_PRIORITY
476.0,apartment,0.0,19.369120806405757,0.0,19.369120806405757,0.0,19.369120806405757,Spring,PRODUCE_PRIORITY
476.0,family_house,0.0,27.151507586820056,0.0,27.151507586820056,0.0,27.151507586820056,Spring,PRODUCE_PRIORITY
476.0,luxury_house,0.0,33.94062345952877,0.0,33.94062345952877,0.0,33.94062345952877,Spring,PRODUCE_PRIORITY
476.0,small_family,0.0,26.099377745351422,0.0,26.099377745351422,0.0,26.099377745351422,Spring,PRODUCE_PRIORITY
477.0,apartment,0.0,21.456829804007246,0.0,21.456829804007246,0.0,21.456829804007246,Spring,PRODUCE_PRIORITY
477.0,family_house,0.0,31.424209638228113,0.0,31.424209638228113,0.0,31.424209638228113,Spring,PRODUCE_PRIORITY
477.0,luxury_house,0.0,33.180528554581464,0.0,33.180528554581464,0.0,33.180528554581464,Spring,PRODUCE_PRIORITY
477.0,small_family,0.0,26.74652570902093,0.0,26.74652570902093,0.0,26.74652570902093,Spring,PRODUCE_PRIORITY
478.0,apartment,0.0,3.6399999999999997,0.0,3.6399999999999997,0.0,3.6399999999999997,Spring,PRODUCE_PRIORITY
478.0,family_house,0.0,10.08,0.0,10.08,0.0,10.08,Spring,PRODUCE_PRIORITY
478.0,luxury_house,0.0,18.0,0.0,18.0,0.0,18.0,Spring,PRODUCE_PRIORITY
478.0,small_family,0.0,6.5,0.0,6.5,0.0,6.5,Spring,PRODUCE_PRIORITY
479.0,apartment,0.0,3.6399999999999997,0.0,3.6399999999999997,0.0,3.6399999999999997,Spring,PRODUCE_PRIORITY
479.0,family_house,0.0,10.08,0.0,10.08,0.0,10.08,Spring,PRODUCE_PRIORITY
479.0,luxury_house,0.0,18.0,0.0,18.0,0.0,18.0,Spring,PRODUCE_PRIORITY
479.0,small_family,0.0,6.5,0.0,6.5,0.0,6.5,Spring,PRODUCE_PRIORITY
480.0,apartment,0.0,3.6399999999999997,0.0,3.6399999999999997,0.0,3.6399999999999997,Spring,PRODUCE_PRIORITY
480.0,family_house,0.0,10.08,0.0,10.08,0.0,10.08,Spring,PRODUCE_PRIORITY
480.0,luxury_house,0.0,18.0,0.0,18.0,0.0,18.0,Spring,PRODUCE_PRIORITY
480.0,small_family,0.0,6.5,0.0,6.5,0.0,6.5,Spring,PRODUCE_PRIORITY
481.0,apartment,3.8400123300179407,3.6399999999999997,0.0,3.6399999999999997,3.8400123300179407,-0.20001233001794114,Spring,PRODUCE_PRIORITY
481.0,family_house,6.042511663880427,10.08,0.0,10.08,6.042511663880427,4.037488336119573,Spring,PRODUCE_PRIORITY
481.0,luxury_house,10.38854430647667,18.0,0.0,18.0,10.38854430647667,7.611455693523331,Spring,PRODUCE_PRIORITY
481.0,small_family,5.409921734630849,6.5,0.0,6.5,5.409921734630849,1.0900782653691503,Spring,PRODUCE_PRIORITY
482.0,apartment,7.418334165665579,3.6399999999999997,0.0,3.6399999999999997,7.418334165665579,-3.7783341656655796,Spring,PRODUCE_PRIORITY
482.0,family_house,11.673236143590067,10.08,0.0,10.08,11.673236143590067,-1.5932361435900677,Spring,PRODUCE_PRIORITY
482.0,luxury_house,20.069126486348146,18.0,0.0,18.0,20.069126486348146,-2.0691264863481447,Spring,PRODUCE_PRIORITY
482.0,small_family,10.451166243364986,6.5,0.0,6.5,10.451166243364986,-3.9511662433649852,Spring,PRODUCE_PRIORITY
483.0,apartment,10.491108787299963,3.6399999999999997,0.0,3.6399999999999997,10.491108787299963,-6.851108787299964,Spring,PRODUCE_PRIORITY
483.0,family_house,16.508448871048884,10.08,0.0,10.08,16.508448871048884,-6.428448871048884,Spring,PRODUCE_PRIORITY
483.0,luxury_house,27.265227224519347,18.0,0.0,18.0,27.265227224519347,-9.265227224519347,Spring,PRODUCE_PRIORITY
483.0,small_family,14.780181043982637,6.5,0.0,6.5,14.780181043982637,-8.280181043982637,Spring,PRODUCE_PRIORITY
484.0,apartment,12.848931682456863,3.6399999999999997,0.0,3.6399999999999997,12.848931682456863,-9.208931682456862,Spring,PRODUCE_PRIORITY
484.0,family_house,19.79169190658121,10.08,0.0,10.08,19.79169190658121,-9.711691906581212,Spring,PRODUCE_PRIORITY
484.0,luxury_house,31.031887020615944,18.0,0.0,18.0,31.031887020615944,-13.031887020615944,Spring,PRODUCE_PRIORITY
484.0,small_family,18.101950931856912,6.5,0.0,6.5,18.101950931856912,-11.601950931856914,Spring,PRODUCE_PRIORITY
485.0,apartment,14.331121117317903,3.6399999999999997,0.0,3.6399999999999997,14.331121117317903,-10.691121117317902,Spring,PRODUCE_PRIORITY
485.0,family_house,21.613343657946096,10.08,0.0,10.08,21.613343657946096,-11.533343657946094,Spring,PRODUCE_PRIORITY
485.0,luxury_house,33.07804573732365,18.0,0.0,18.0,33.07804573732365,-15.078045737323649,Spring,PRODUCE_PRIORITY
485.0,small_family,20.190102778613483,6.5,0.0,6.5,20.190102778613483,-13.690102778613483,Spring,PRODUCE_PRIORITY
486.0,apartment,14.836668331331161,3.6399999999999997,0.0,3.6399999999999997,14.836668331331161,-11.19666833133116,Spring,PRODUCE_PRIORITY
486.0,family_house,22.234675146448595,10.08,0.0,10.08,22.234675146448595,-12.154675146448595,Spring,PRODUCE_PRIORITY
486.0,luxury_house,33.539389238164794,18.0,0.0,18.0,33.539389238164794,-15.539389238164794,Spring,PRODUCE_PRIORITY
486.0,small_family,20.882766363112566,6.5,0.0,6.5,20.882766363112566,-14.382766363112568,Spring,PRODUCE_PRIORITY
487.0,apartment,14.331121117317904,3.6399999999999997,0.0,3.6399999999999997,14.331121117317904,-10.691121117317904,Spring,PRODUCE_PRIORITY
487.0,family_house,21.613343657946096,10.08,0.0,10.08,21.613343657946096,-11.533343657946094,Spring,PRODUCE_PRIORITY
487.0,luxury_house,33.07804573732365,18.0,0.0,18.0,33.07804573732365,-15.078045737323649,Spring,PRODUCE_PRIORITY
487.0,small_family,20.190102778613486,6.5,0.0,6.5,20.190102778613486,-13.690102778613486,Spring,PRODUCE_PRIORITY
488.0,apartment,12.848931682456863,3.6399999999999997,0.0,3.6399999999999997,12.848931682456863,-9.208931682456862,Spring,PRODUCE_PRIORITY
488.0,family_house,19.791691906581214,10.08,0.0,10.08,19.791691906581214,-9.711691906581216,Spring,PRODUCE_PRIORITY
488.0,luxury_house,31.031887020615947,18.0,0.0,18.0,31.031887020615947,-13.031887020615947,Spring,PRODUCE_PRIORITY
488.0,small_family,18.101950931856916,6.5,0.0,6.5,18.101950931856916,-11.601950931856916,Spring,PRODUCE_PRIORITY
489.0,apartment,10.491108787299963,3.6399999999999997,0.0,3.6399999999999997,10.491108787299963,-6.851108787299964,Spring,PRODUCE_PRIORITY
489.0,family_house,16.508448871048884,10.08,0.0,10.08,16.508448871048884,-6.428448871048884,Spring,PRODUCE_PRIORITY
489.0,luxury_house,27.265227224519347,18.0,0.0,18.0,27.265227224519347,-9.265227224519347,Spring,PRODUCE_PRIORITY
489.0,small_family,14.780181043982637,6.5,0.0,6.5,14.780181043982637,-8.280181043982637,Spring,PRODUCE_PRIORITY
490.0,apartment,7.418334165665584,3.6399999999999997,0.0,3.6399999999999997,7.418334165665584,-3.7783341656655844,Spring,PRODUCE_PRIORITY
490.0,family_house,11.673236143590078,10.08,0.0,10.08,11.673236143590078,-1.5932361435900777,Spring,PRODUCE_PRIORITY
490.0,luxury_house,20.06912648634816,18.0,0.0,18.0,20.06912648634816,-2.0691264863481598,Spring,PRODUCE_PRIORITY
490.0,small_family,10.451166243364993,6.5,0.0,6.5,10.451166243364993,-3.9511662433649932,Spring,PRODUCE_PRIORITY
491.0,apartment,3.8400123300179447,3.6399999999999997,0.0,3.6399999999999997,3.8400123300179447,-0.20001233001794538,Spring,PRODUCE_PRIORITY
491.0,family_house,6.0425116638804335,10.08,0.0,10.08,6.0425116638804335,4.037488336119567,Spring,PRODUCE_PRIORITY
491.0,luxury_house,10.38854430647668,18.0,0.0,18.0,10.38854430647668,7.611455693523319,Spring,PRODUCE_PRIORITY
491.0,small_family,5.409921734630856,6.5,0.0,6.5,5.409921734630856,1.090078265369144,Spring,PRODUCE_PRIORITY
492.0,apartment,1.8169678381975605e-15,3.6399999999999997,0.0,3.6399999999999997,1.8169678381975605e-15,3.639999999999998,Spring,PRODUCE_PRIORITY
492.0,family_house,2.8591182557877543e-15,10.08,0.0,10.08,2.8591182557877543e-15,10.079999999999997,Spring,PRODUCE_PRIORITY
492.0,luxury_house,4.915518302637925e-15,18.0,0.0,18.0,4.915518302637925e-15,17.999999999999996,Spring,PRODUCE_PRIORITY
492.0,small_family,2.55979745745876e-15,6.5,0.0,6.5,2.55979745745876e-15,6.499999999999997,Spring,PRODUCE_PRIORITY
493.0,apartment,0.0,3.6399999999999997,0.0,3.6399999999999997,0.0,3.6399999999999997,Spring,PRODUCE_PRIORITY
493.0,family_house,0.0,10.08,0.0,10.08,0.0,10.08,Spring,PRODUCE_PRIORITY
493.0,luxury_house,0.0,18.0,0.0,18.0,0.0,18.0,Spring,PRODUCE_PRIORITY
493.0,small_family,0.0,6.5,0.0,6.5,0.0,6.5,Spring,PRODUCE_PRIORITY
494.0,apartment,0.0,3.6399999999999997,0.0,3.6399999999999997,0.0,3.6399999999999997,Spring,PRODUCE_PRIORITY
494.0,family_house,0.0,10.08,0.0,10.08,0.0,10.08,Spring,PRODUCE_PRIORITY
494.0,luxury_house,0.0,18.0,0.0,18.0,0.0,18.0,Spring,PRODUCE_PRIORITY
494.0,small_family,0.0,6.5,0.0,6.5,0.0,6.5,Spring,PRODUCE_PRIORITY
495.0,apartment,0.0,3.6399999999999997,0.0,3.6399999999999997,0.0,3.6399999999999997,Spring,PRODUCE_PRIORITY
495.0,family_house,0.0,10.08,0.0,10.08,0.0,10.08,Spring,PRODUCE_PRIORITY
495.0,luxury_house,0.0,18.0,0.0,18.0,0.0,18.0,Spring,PRODUCE_PRIORITY
495.0,small_family,0.0,6.5,0.0,6.5,0.0,6.5,Spring,PRODUCE_PRIORITY
496.0,apartment,0.0,3.6399999999999997,0.0,3.6399999999999997,0.0,3.6399999999999997,Spring,PRODUCE_PRIORITY
496.0,family_house,0.0,10.08,0.0,10.08,0.0,10.08,Spring,PRODUCE_PRIORITY
496.0,luxury_house,0.0,18.0,0.0,18.0,0.0,18.0,Spring,PRODUCE_PRIORITY
496.0,small_family,0.0,6.5,0.0,6.5,0.0,6.5,Spring,PRODUCE_PRIORITY
497.0,apartment,0.0,3.6399999999999997,0.0,3.6399999999999997,0.0,3.6399999999999997,Spring,PRODUCE_PRIORITY
497.0,family_house,0.0,10.08,0.0,10.08,0.0,10.08,Spring,PRODUCE_PRIORITY
497.0,luxury_house,0.0,18.0,0.0,18.0,0.0,18.0,Spring,PRODUCE_PRIORITY
497.0,small_family,0.0,6.5,0.0,6.5,0.0,6.5,Spring,PRODUCE_PRIORITY
498.0,apartment,0.0,23.455903868046768,0.0,23.455903868046768,0.0,23.455903868046768,Spring,PRODUCE_PRIORITY
498.0,family_house,0.0,28.22744493671314,0.0,28.22744493671314,0.0,28.22744493671314,Spring,PRODUCE_PRIORITY
498.0,luxury_house,0.0,32.40071302639179,0.0,32.40071302639179,0.0,32.40071302639179,Spring,PRODUCE_PRIORITY
498.0,small_family,0.0,23.18549047681518,0.0,23.18549047681518,0.0,23.18549047681518,Spring,PRODUCE_PRIORITY
499.0,apartment,0.0,21.11596374461734,0.0,21.11596374461734,0.0,21.11596374461734,Spring,PRODUCE_PRIORITY
499.0,family_house,0.0,26.257620871024724,0.0,26.257620871024724,0.0,26.257620871024724,Spring,PRODUCE_PRIORITY
499.0,luxury_house,0.0,36.52560960678584,0.0,36.52560960678584,0.0,36.52560960678584,Spring,PRODUCE_PRIORITY
499.0,small_family,0.0,30.42116075017901,0.0,30.42116075017901,0.0,30.42116075017901,Spring,PRODUCE_PRIORITY
500.0,apartment,0.0,21.04555509626573,0.0,21.04555509626573,0.0,21.04555509626573,Spring,PRODUCE_PRIORITY
500.0,family_house,0.0,28.80564521530935,0.0,28.80564521530935,0.0,28.80564521530935,Spring,PRODUCE_PRIORITY
500.0,luxury_house,0.0,33.48226288081125,0.0,33.48226288081125,0.0,33.48226288081125,Spring,PRODUCE_PRIORITY
500.0,small_family,0.0,23.480187446128223,0.0,23.480187446128223,0.0,23.480187446128223,Spring,PRODUCE_PRIORITY
501.0,apartment,0.0,20.147334631748617,0.0,20.147334631748617,0.0,20.147334631748617,Spring,PRODUCE_PRIORITY
501.0,family_house,0.0,34.702376434723845,0.0,34.702376434723845,0.0,34.702376434723845,Spring,PRODUCE_PRIORITY
501.0,luxury_house,0.0,37.30760127800235,0.0,37.30760127800235,0.0,37.30760127800235,Spring,PRODUCE_PRIORITY
501.0,small_family,0.0,31.46965725774776,0.0,31.46965725774776,0.0,31.46965725774776,Spring,PRODUCE_PRIORITY
502.0,apartment,0.0,3.6399999999999997,0.0,3.6399999999999997,0.0,3.6399999999999997,Spring,PRODUCE_PRIORITY
502.0,family_house,0.0,10.08,0.0,10.08,0.0,10.08,Spring,PRODUCE_PRIORITY
502.0,luxury_house,0.0,18.0,0.0,18.0,0.0,18.0,Spring,PRODUCE_PRIORITY
502.0,small_family,0.0,6.5,0.0,6.5,0.0,6.5,Spring,PRODUCE_PRIORITY
503.0,apartment,0.0,3.6399999999999997,0.0,3.6399999999999997,0.0,3.6399999999999997,Spring,PRODUCE_PRIORITY
503.0,family_house,0.0,10.08,0.0,10.08,0.0,10.08,Spring,PRODUCE_PRIORITY
503.0,luxury_house,0.0,18.0,0.0,18.0,0.0,18.0,Spring,PRODUCE_PRIORITY
503.0,small_family,0.0,6.5,0.0,6.5,0.0,6.5,Spring,PRODUCE_PRIORITY
504.0,apartment,0.0,3.6399999999999997,0.0,3.6399999999999997,0.0,3.6399999999999997,Spring,PRODUCE_PRIORITY
504.0,family_house,0.0,10.08,0.0,10.08,0.0,10.08,Spring,PRODUCE_PRIORITY
504.0,luxury_house,0.0,18.0,0.0,18.0,0.0,18.0,Spring,PRODUCE_PRIORITY
504.0,small_family,0.0,6.5,0.0,6.5,0.0,6.5,Spring,PRODUCE_PRIORITY
505.0,apartment,3.540875337418279,3.6399999999999997,0.0,3.6399999999999997,3.540875337418279,0.09912466258172062,Spring,PRODUCE_PRIORITY
505.0,family_house,8.102323905325495,10.08,0.0,10.08,8.102323905325495,1.9776760946745044,Spring,PRODUCE_PRIORITY
505.0,luxury_house,9.835256871812588,18.0,0.0,18.0,9.835256871812588,8.164743128187412,Spring,PRODUCE_PRIORITY
505.0,small_family,7.301257318589499,6.5,0.0,6.5,7.301257318589499,-0.8012573185894989,Spring,PRODUCE_PRIORITY
506.0,apartment,6.840445872164668,3.6399999999999997,0.0,3.6399999999999997,6.840445872164668,-3.200445872164669,Spring,PRODUCE_PRIORITY
506.0,family_house,15.652487826226398,10.08,0.0,10.08,15.652487826226398,-5.572487826226399,Spring,PRODUCE_PRIORITY
506.0,luxury_house,19.00025724134162,18.0,0.0,18.0,19.00025724134162,-1.00025724134162,Spring,PRODUCE_PRIORITY
506.0,small_family,14.104946016815337,6.5,0.0,6.5,14.104946016815337,-7.604946016815337,Spring,PRODUCE_PRIORITY
507.0,apartment,9.673851325094333,3.6399999999999997,0.0,3.6399999999999997,9.673851325094333,-6.033851325094332,Spring,PRODUCE_PRIORITY
507.0,family_house,22.135960568729143,10.08,0.0,10.08,22.135960568729143,-12.055960568729144,Spring,PRODUCE_PRIORITY
507.0,luxury_house,24.95773128546812,18.0,0.0,18.0,24.95773128546812,-6.957731285468121,Spring,PRODUCE_PRIORITY
507.0,small_family,19.94740595352062,6.5,0.0,6.5,19.94740595352062,-13.44740595352062,Spring,PRODUCE_PRIORITY
508.0,apartment,11.84799979701401,3.6399999999999997,0.0,3.6399999999999997,11.84799979701401,-8.20799979701401,Spring,PRODUCE_PRIORITY
508.0,family_house,25.808461196239264,10.08,0.0,10.08,25.808461196239264,-15.728461196239264,Spring,PRODUCE_PRIORITY
508.0,luxury_house,27.868024394736548,18.0,0.0,18.0,27.868024394736548,-9.86802439473655,Spring,PRODUCE_PRIORITY
508.0,small_family,24.430483139140424,6.5,0.0,6.5,24.430483139140424,-17.930483139140424,Spring,PRODUCE_PRIORITY
509.0,apartment,13.214726662512609,3.6399999999999997,0.0,3.6399999999999997,13.214726662512609,-9.574726662512608,Spring,PRODUCE_PRIORITY
509.0,family_house,27.401337226913355,10.08,0.0,10.08,27.401337226913355,-17.321337226913357,Spring,PRODUCE_PRIORITY
509.0,luxury_house,29.237061199140204,18.0,0.0,18.0,29.237061199140204,-11.237061199140204,Spring,PRODUCE_PRIORITY
509.0,small_family,27.248663272110115,6.5,0.0,6.5,27.248663272110115,-20.748663272110115,Spring,PRODUCE_PRIORITY
510.0,apartment,13.68089174432934,3.6399999999999997,0.0,3.6399999999999997,13.68089174432934,-10.04089174432934,Spring,PRODUCE_PRIORITY
510.0,family_house,27.944637577486482,10.08,0.0,10.08,27.944637577486482,-17.864637577486484,Spring,PRODUCE_PRIORITY
510.0,luxury_house,29.704014158100385,18.0,0.0,18.0,29.704014158100385,-11.704014158100385,Spring,PRODUCE_PRIORITY
510.0,small_family,28.20989203363068,6.5,0.0,6.5,28.20989203363068,-21.70989203363068,Spring,PRODUCE_PRIORITY
511.0,apartment,13.21472666251261,3.6399999999999997,0.0,3.6399999999999997,13.21472666251261,-9.574726662512612,Spring,PRODUCE_PRIORITY
511.0,family_house,27.401337226913355,10.08,0.0,10.08,27.401337226913355,-17.321337226913357,Spring,PRODUCE_PRIORITY
511.0,luxury_house,29.237061199140204,18.0,0.0,18.0,29.237061199140204,-11.237061199140204,Spring,PRODUCE_PRIORITY
511.0,small_family,27.24866327211012,6.5,0.0,6.5,27.24866327211012,-20.74866327211012,Spring,PRODUCE_PRIORITY
512.0,apartment,11.84799979701401,3.6399999999999997,0.0,3.6399999999999997,11.84799979701401,-8.20799979701401,Spring,PRODUCE_PRIORITY
512.0,family_house,25.808461196239264,10.08,0.0,10.08,25.808461196239264,-15.728461196239268,Spring,PRODUCE_PRIORITY
512.0,luxury_house,27.86802439473655,18.0,0.0,18.0,27.86802439473655,-9.868024394736551,Spring,PRODUCE_PRIORITY
512.0,small_family,24.430483139140428,6.5,0.0,6.5,24.430483139140428,-17.930483139140428,Spring,PRODUCE_PRIORITY
513.0,apartment,9.673851325094333,3.6399999999999997,0.0,3.6399999999999997,9.673851325094333,-6.033851325094332,Spring,PRODUCE_PRIORITY
513.0,family_house,22.135960568729143,10.08,0.0,10.08,22.135960568729143,-12.055960568729144,Spring,PRODUCE_PRIORITY
513.0,luxury_house,24.95773128546812,18.0,0.0,18.0,24.95773128546812,-6.957731285468121,Spring,PRODUCE_PRIORITY
513.0,small_family,19.94740595352062,6.5,0.0,6.5,19.94740595352062,-13.44740595352062,Spring,PRODUCE_PRIORITY
514.0,apartment,6.840445872164674,3.6399999999999997,0.0,3.6399999999999997,6.840445872164674,-3.200445872164674,Spring,PRODUCE_PRIORITY
514.0,family_house,15.65248782622641,10.08,0.0,10.08,15.65248782622641,-5.572487826226412,Spring,PRODUCE_PRIORITY
514.0,luxury_house,19.000257241341636,18.0,0.0,18.0,19.000257241341636,-1.0002572413416342,Spring,PRODUCE_PRIORITY
514.0,small_family,14.104946016815347,6.5,0.0,6.5,14.104946016815347,-7.604946016815347,Spring,PRODUCE_PRIORITY
515.0,apartment,3.540875337418283,3.6399999999999997,0.0,3.6399999999999997,3.540875337418283,0.0991246625817166,Spring,PRODUCE_PRIORITY
515.0,family_house,8.102323905325504,10.08,0.0,10.08,8.102323905325504,1.9776760946744956,Spring,PRODUCE_PRIORITY
515.0,luxury_house,9.835256871812598,18.0,0.0,18.0,9.835256871812598,8.164743128187402,Spring,PRODUCE_PRIORITY
515.0,small_family,7.301257318589507,6.5,0.0,6.5,7.301257318589507,-0.8012573185895073,Spring,PRODUCE_PRIORITY
516.0,apartment,1.6754260284174374e-15,3.6399999999999997,0.0,3.6399999999999997,1.6754260284174374e-15,3.639999999999998,Spring,PRODUCE_PRIORITY
516.0,family_house,3.833753823016215e-15,10.08,0.0,10.08,3.833753823016215e-15,10.079999999999997,Spring,PRODUCE_PRIORITY
516.0,luxury_house,4.653720842717067e-15,18.0,0.0,18.0,4.653720842717067e-15,17.999999999999996,Spring,PRODUCE_PRIORITY
516.0,small_family,3.454715398327823e-15,6.5,0.0,6.5,3.454715398327823e-15,6.4999999999999964,Spring,PRODUCE_PRIORITY
517.0,apartment,0.0,3.6399999999999997,0.0,3.6399999999999997,0.0,3.6399999999999997,Spring,PRODUCE_PRIORITY
517.0,family_house,0.0,10.08,0.0,10.08,0.0,10.08,Spring,PRODUCE_PRIORITY
517.0,luxury_house,0.0,18.0,0.0,18.0,0.0,18.0,Spring,PRODUCE_PRIORITY
517.0,small_family,0.0,6.5,0.0,6.5,0.0,6.5,Spring,PRODUCE_PRIORITY
518.0,apartment,0.0,3.6399999999999997,0.0,3.6399999999999997,0.0,3.6399999999999997,Spring,PRODUCE_PRIORITY
518.0,family_house,0.0,10.08,0.0,10.08,0.0,10.08,Spring,PRODUCE_PRIORITY
518.0,luxury_house,0.0,18.0,0.0,18.0,0.0,18.0,Spring,PRODUCE_PRIORITY
518.0,small_family,0.0,6.5,0.0,6.5,0.0,6.5,Spring,PRODUCE_PRIORITY
519.0,apartment,0.0,3.6399999999999997,0.0,3.6399999999999997,0.0,3.6399999999999997,Spring,PRODUCE_PRIORITY
519.0,family_house,0.0,10.08,0.0,10.08,0.0,10.08,Spring,PRODUCE_PRIORITY
519.0,luxury_house,0.0,18.0,0.0,18.0,0.0,18.0,Spring,PRODUCE_PRIORITY
519.0,small_family,0.0,6.5,0.0,6.5,0.0,6.5,Spring,PRODUCE_PRIORITY
520.0,apartment,0.0,3.6399999999999997,0.0,3.6399999999999997,0.0,3.6399999999999997,Spring,PRODUCE_PRIORITY
520.0,family_house,0.0,10.08,0.0,10.08,0.0,10.08,Spring,PRODUCE_PRIORITY
520.0,luxury_house,0.0,18.0,0.0,18.0,0.0,18.0,Spring,PRODUCE_PRIORITY
520.0,small_family,0.0,6.5,0.0,6.5,0.0,6.5,Spring,PRODUCE_PRIORITY
521.0,apartment,0.0,3.6399999999999997,0.0,3.6399999999999997,0.0,3.6399999999999997,Spring,PRODUCE_PRIORITY
521.0,family_house,0.0,10.08,0.0,10.08,0.0,10.08,Spring,PRODUCE_PRIORITY
521.0,luxury_house,0.0,18.0,0.0,18.0,0.0,18.0,Spring,PRODUCE_PRIORITY
521.0,small_family,0.0,6.5,0.0,6.5,0.0,6.5,Spring,PRODUCE_PRIORITY
522.0,apartment,0.0,23.319010806240417,0.0,23.319010806240417,0.0,23.319010806240417,Spring,PRODUCE_PRIORITY
522.0,family_house,0.0,25.02806353710711,0.0,25.02806353710711,0.0,25.02806353710711,Spring,PRODUCE_PRIORITY
522.0,luxury_house,0.0,38.773764757974895,0.0,38.773764757974895,0.0,38.773764757974895,Spring,PRODUCE_PRIORITY
522.0,small_family,0.0,27.883503214145538,0.0,27.883503214145538,0.0,27.883503214145538,Spring,PRODUCE_PRIORITY
523.0,apartment,0.0,27.47529666174766,0.0,27.47529666174766,0.0,27.47529666174766,Spring,PRODUCE_PRIORITY
523.0,family_house,0.0,27.577412952366917,0.0,27.577412952366917,0.0,27.577412952366917,Spring,PRODUCE_PRIORITY
523.0,luxury_house,0.0,31.446486698725366,0.0,31.446486698725366,0.0,31.446486698725366,Spring,PRODUCE_PRIORITY
523.0,small_family,0.0,24.95230693477226,0.0,24.95230693477226,0.0,24.95230693477226,Spring,PRODUCE_PRIORITY
524.0,apartment,0.0,22.121703788120605,0.0,22.121703788120605,0.0,22.121703788120605,Spring,PRODUCE_PRIORITY
524.0,family_house,0.0,30.083522391031803,0.0,30.083522391031803,0.0,30.083522391031803,Spring,PRODUCE_PRIORITY
524.0,luxury_house,0.0,38.83329628155927,0.0,38.83329628155927,0.0,38.83329628155927,Spring,PRODUCE_PRIORITY
524.0,small_family,0.0,27.35672835608372,0.0,27.35672835608372,0.0,27.35672835608372,Spring,PRODUCE_PRIORITY
525.0,apartment,0.0,25.321538673825412,0.0,25.321538673825412,0.0,25.321538673825412,Spring,PRODUCE_PRIORITY
525.0,family_house,0.0,22.065875548883138,0.0,22.065875548883138,0.0,22.065875548883138,Spring,PRODUCE_PRIORITY
525.0,luxury_house,0.0,38.59531648093507,0.0,38.59531648093507,0.0,38.59531648093507,Spring,PRODUCE_PRIORITY
525.0,small_family,0.0,24.838980452455118,0.0,24.838980452455118,0.0,24.838980452455118,Spring,PRODUCE_PRIORITY
526.0,apartment,0.0,3.6399999999999997,0.0,3.6399999999999997,0.0,3.6399999999999997,Spring,PRODUCE_PRIORITY
526.0,family_house,0.0,10.08,0.0,10.08,0.0,10.08,Spring,PRODUCE_PRIORITY
526.0,luxury_house,0.0,18.0,0.0,18.0,0.0,18.0,Spring,PRODUCE_PRIORITY
526.0,small_family,0.0,6.5,0.0,6.5,0.0,6.5,Spring,PRODUCE_PRIORITY
527.0,apartment,0.0,3.6399999999999997,0.0,3.6399999999999997,0.0,3.6399999999999997,Spring,PRODUCE_PRIORITY
527.0,family_house,0.0,10.08,0.0,10.08,0.0,10.08,Spring,PRODUCE_PRIORITY
527.0,luxury_house,0.0,18.0,0.0,18.0,0.0,18.0,Spring,PRODUCE_PRIORITY
527.0,small_family,0.0,6.5,0.0,6.5,0.0,6.5,Spring,PRODUCE_PRIORITY
528.0,apartment,0.0,3.6399999999999997,0.0,3.6399999999999997,0.0,3.6399999999999997,Spring,PRODUCE_PRIORITY
528.0,family_house,0.0,10.08,0.0,10.08,0.0,10.08,Spring,PRODUCE_PRIORITY
528.0,luxury_house,0.0,18.0,0.0,18.0,0.0,18.0,Spring,PRODUCE_PRIORITY
528.0,small_family,0.0,6.5,0.0,6.5,0.0,6.5,Spring,PRODUCE_PRIORITY
529.0,apartment,3.583989619987462,3.6399999999999997,0.0,3.6399999999999997,3.583989619987462,0.056010380012537414,Spring,PRODUCE_PRIORITY
529.0,family_house,6.378040091038668,10.08,0.0,10.08,6.378040091038668,3.701959908961332,Spring,PRODUCE_PRIORITY
529.0,luxury_house,7.78371941271707,18.0,0.0,18.0,7.78371941271707,10.21628058728293,Spring,PRODUCE_PRIORITY
529.0,small_family,5.4922476491223815,6.5,0.0,6.5,5.4922476491223815,1.0077523508776185,Spring,PRODUCE_PRIORITY
530.0,apartment,6.923736270195667,3.6399999999999997,0.0,3.6399999999999997,6.923736270195667,-3.283736270195667,Spring,PRODUCE_PRIORITY
530.0,family_house,12.321427290082658,10.08,0.0,10.08,12.321427290082658,-2.2414272900826586,Spring,PRODUCE_PRIORITY
530.0,luxury_house,15.036991210661995,18.0,0.0,18.0,15.036991210661995,2.963008789338005,Spring,PRODUCE_PRIORITY
530.0,small_family,10.610207697325457,6.5,0.0,6.5,10.610207697325457,-4.110207697325457,Spring,PRODUCE_PRIORITY
531.0,apartment,9.791641735605223,3.6399999999999997,0.0,3.6399999999999997,9.791641735605223,-6.151641735605223,Spring,PRODUCE_PRIORITY
531.0,family_house,17.42512958142887,10.08,0.0,10.08,17.42512958142887,-7.345129581428871,Spring,PRODUCE_PRIORITY
531.0,luxury_house,21.26551690740322,18.0,0.0,18.0,21.26551690740322,-3.2655169074032218,Spring,PRODUCE_PRIORITY
531.0,small_family,15.005099625153074,6.5,0.0,6.5,15.005099625153074,-8.505099625153074,Spring,PRODUCE_PRIORITY
532.0,apartment,11.992262998186332,3.6399999999999997,0.0,3.6399999999999997,11.992262998186332,-8.352262998186333,Spring,PRODUCE_PRIORITY
532.0,family_house,21.341338088188873,10.08,0.0,10.08,21.341338088188873,-11.261338088188873,Spring,PRODUCE_PRIORITY
532.0,luxury_house,25.444574873580837,18.0,0.0,18.0,25.444574873580837,-7.444574873580839,Spring,PRODUCE_PRIORITY
532.0,small_family,18.37741881062608,6.5,0.0,6.5,18.37741881062608,-11.877418810626079,Spring,PRODUCE_PRIORITY
533.0,apartment,13.375631355592683,3.6399999999999997,0.0,3.6399999999999997,13.375631355592683,-9.735631355592684,Spring,PRODUCE_PRIORITY
533.0,family_house,23.409506278883303,10.08,0.0,10.08,23.409506278883303,-13.329506278883303,Spring,PRODUCE_PRIORITY
533.0,luxury_house,27.870853930960862,18.0,0.0,18.0,27.870853930960862,-9.870853930960862,Spring,PRODUCE_PRIORITY
533.0,small_family,20.46562361361774,6.5,0.0,6.5,20.46562361361774,-13.965623613617742,Spring,PRODUCE_PRIORITY
534.0,apartment,13.847472540391335,3.6399999999999997,0.0,3.6399999999999997,13.847472540391335,-10.207472540391336,Spring,PRODUCE_PRIORITY
534.0,family_house,23.9530948024075,10.08,0.0,10.08,23.9530948024075,-13.873094802407499,Spring,PRODUCE_PRIORITY
534.0,luxury_house,28.571821759131844,18.0,0.0,18.0,28.571821759131844,-10.571821759131847,Spring,PRODUCE_PRIORITY
534.0,small_family,20.944794763152057,6.5,0.0,6.5,20.944794763152057,-14.444794763152059,Spring,PRODUCE_PRIORITY
535.0,apartment,13.375631355592684,3.6399999999999997,0.0,3.6399999999999997,13.375631355592684,-9.735631355592686,Spring,PRODUCE_PRIORITY
535.0,family_house,23.409506278883303,10.08,0.0,10.08,23.409506278883303,-13.329506278883303,Spring,PRODUCE_PRIORITY
535.0,luxury_house,27.870853930960862,18.0,0.0,18.0,27.870853930960862,-9.870853930960862,Spring,PRODUCE_PRIORITY
535.0,small_family,20.465623613617744,6.5,0.0,6.5,20.465623613617744,-13.965623613617746,Spring,PRODUCE_PRIORITY
536.0,apartment,11.992262998186332,3.6399999999999997,0.0,3.6399999999999997,11.992262998186332,-8.352262998186333,Spring,PRODUCE_PRIORITY
536.0,family_house,21.341338088188877,10.08,0.0,10.08,21.341338088188877,-11.261338088188879,Spring,PRODUCE_PRIORITY
536.0,luxury_house,25.44457487358084,18.0,0.0,18.0,25.44457487358084,-7.444574873580842,Spring,PRODUCE_PRIORITY
536.0,small_family,18.377418810626082,6.5,0.0,6.5,18.377418810626082,-11.87741881062608,Spring,PRODUCE_PRIORITY
537.0,apartment,9.791641735605223,3.6399999999999997,0.0,3.6399999999999997,9.791641735605223,-6.151641735605223,Spring,PRODUCE_PRIORITY
537.0,family_house,17.42512958142887,10.08,0.0,10.08,17.42512958142887,-7.345129581428871,Spring,PRODUCE_PRIORITY
537.0,luxury_house,21.26551690740322,18.0,0.0,18.0,21.26551690740322,-3.2655169074032218,Spring,PRODUCE_PRIORITY
537.0,small_family,15.005099625153074,6.5,0.0,6.5,15.005099625153074,-8.505099625153074,Spring,PRODUCE_PRIORITY
538.0,apartment,6.923736270195672,3.6399999999999997,0.0,3.6399999999999997,6.923736270195672,-3.283736270195672,Spring,PRODUCE_PRIORITY
538.0,family_house,12.321427290082667,10.08,0.0,10.08,12.321427290082667,-2.2414272900826684,Spring,PRODUCE_PRIORITY
538.0,luxury_house,15.036991210662006,18.0,0.0,18.0,15.036991210662006,2.9630087893379935,Spring,PRODUCE_PRIORITY
538.0,small_family,10.610207697325466,6.5,0.0,6.5,10.610207697325466,-4.110207697325466,Spring,PRODUCE_PRIORITY
539.0,apartment,3.5839896199874666,3.6399999999999997,0.0,3.6399999999999997,3.5839896199874666,0.05601038001253314,Spring,PRODUCE_PRIORITY
539.0,family_house,6.378040091038675,10.08,0.0,10.08,6.378040091038675,3.7019599089613253,Spring,PRODUCE_PRIORITY
539.0,luxury_house,7.78371941271708,18.0,0.0,18.0,7.78371941271708,10.21628058728292,Spring,PRODUCE_PRIORITY
539.0,small_family,5.492247649122388,6.5,0.0,6.5,5.492247649122388,1.007752350877612,Spring,PRODUCE_PRIORITY
540.0,apartment,1.6958262922871116e-15,3.6399999999999997,0.0,3.6399999999999997,1.6958262922871116e-15,3.639999999999998,Spring,PRODUCE_PRIORITY
540.0,family_house,3.017879298345315e-15,10.08,0.0,10.08,3.017879298345315e-15,10.079999999999997,Spring,PRODUCE_PRIORITY
540.0,luxury_house,3.683000630988819e-15,18.0,0.0,18.0,3.683000630988819e-15,17.999999999999996,Spring,PRODUCE_PRIORITY
540.0,small_family,2.5987513789636466e-15,6.5,0.0,6.5,2.5987513789636466e-15,6.499999999999997,Spring,PRODUCE_PRIORITY
541.0,apartment,0.0,3.6399999999999997,0.0,3.6399999999999997,0.0,3.6399999999999997,Spring,PRODUCE_PRIORITY
541.0,family_house,0.0,10.08,0.0,10.08,0.0,10.08,Spring,PRODUCE_PRIORITY
541.0,luxury_house,0.0,18.0,0.0,18.0,0.0,18.0,Spring,PRODUCE_PRIORITY
541.0,small_family,0.0,6.5,0.0,6.5,0.0,6.5,Spring,PRODUCE_PRIORITY
542.0,apartment,0.0,3.6399999999999997,0.0,3.6399999999999997,0.0,3.6399999999999997,Spring,PRODUCE_PRIORITY
542.0,family_house,0.0,10.08,0.0,10.08,0.0,10.08,Spring,PRODUCE_PRIORITY
542.0,luxury_house,0.0,18.0,0.0,18.0,0.0,18.0,Spring,PRODUCE_PRIORITY
542.0,small_family,0.0,6.5,0.0,6.5,0.0,6.5,Spring,PRODUCE_PRIORITY
543.0,apartment,0.0,3.6399999999999997,0.0,3.6399999999999997,0.0,3.6399999999999997,Spring,PRODUCE_PRIORITY
543.0,family_house,0.0,10.08,0.0,10.08,0.0,10.08,Spring,PRODUCE_PRIORITY
543.0,luxury_house,0.0,18.0,0.0,18.0,0.0,18.0,Spring,PRODUCE_PRIORITY
543.0,small_family,0.0,6.5,0.0,6.5,0.0,6.5,Spring,PRODUCE_PRIORITY
544.0,apartment,0.0,3.6399999999999997,0.0,3.6399999999999997,0.0,3.6399999999999997,Spring,PRODUCE_PRIORITY
544.0,family_house,0.0,10.08,0.0,10.08,0.0,10.08,Spring,PRODUCE_PRIORITY
544.0,luxury_house,0.0,18.0,0.0,18.0,0.0,18.0,Spring,PRODUCE_PRIORITY
544.0,small_family,0.0,6.5,0.0,6.5,0.0,6.5,Spring,PRODUCE_PRIORITY
545.0,apartment,0.0,3.6399999999999997,0.0,3.6399999999999997,0.0,3.6399999999999997,Spring,PRODUCE_PRIORITY
545.0,family_house,0.0,10.08,0.0,10.08,0.0,10.08,Spring,PRODUCE_PRIORITY
545.0,luxury_house,0.0,18.0,0.0,18.0,0.0,18.0,Spring,PRODUCE_PRIORITY
545.0,small_family,0.0,6.5,0.0,6.5,0.0,6.5,Spring,PRODUCE_PRIORITY
546.0,apartment,0.0,24.14775056474445,0.0,24.14775056474445,0.0,24.14775056474445,Spring,PRODUCE_PRIORITY
546.0,family_house,0.0,30.01859149336549,0.0,30.01859149336549,0.0,30.01859149336549,Spring,PRODUCE_PRIORITY
546.0,luxury_house,0.0,39.26529437607864,0.0,39.26529437607864,0.0,39.26529437607864,Spring,PRODUCE_PRIORITY
546.0,small_family,0.0,22.204329190893223,0.0,22.204329190893223,0.0,22.204329190893223,Spring,PRODUCE_PRIORITY
547.0,apartment,0.0,19.552437674081418,0.0,19.552437674081418,0.0,19.552437674081418,Spring,PRODUCE_PRIORITY
547.0,family_house,0.0,25.860465268774107,0.0,25.860465268774107,0.0,25.860465268774107,Spring,PRODUCE_PRIORITY
547.0,luxury_house,0.0,34.098466366736936,0.0,34.098466366736936,0.0,34.098466366736936,Spring,PRODUCE_PRIORITY
547.0,small_family,0.0,27.66902785341454,0.0,27.66902785341454,0.0,27.66902785341454,Spring,PRODUCE_PRIORITY
548.0,apartment,0.0,25.997073295778872,0.0,25.997073295778872,0.0,25.997073295778872,Spring,PRODUCE_PRIORITY
548.0,family_house,0.0,25.032327876833556,0.0,25.032327876833556,0.0,25.032327876833556,Spring,PRODUCE_PRIORITY
548.0,luxury_house,0.0,37.875627585765194,0.0,37.875627585765194,0.0,37.875627585765194,Spring,PRODUCE_PRIORITY
548.0,small_family,0.0,21.850532249748248,0.0,21.850532249748248,0.0,21.850532249748248,Spring,PRODUCE_PRIORITY
549.0,apartment,0.0,23.71554804935541,0.0,23.71554804935541,0.0,23.71554804935541,Spring,PRODUCE_PRIORITY
549.0,family_house,0.0,27.17585297491115,0.0,27.17585297491115,0.0,27.17585297491115,Spring,PRODUCE_PRIORITY
549.0,luxury_house,0.0,35.636821695057264,0.0,35.636821695057264,0.0,35.636821695057264,Spring,PRODUCE_PRIORITY
549.0,small_family,0.0,24.89893921188112,0.0,24.89893921188112,0.0,24.89893921188112,Spring,PRODUCE_PRIORITY
550.0,apartment,0.0,3.6399999999999997,0.0,3.6399999999999997,0.0,3.6399999999999997,Spring,PRODUCE_PRIORITY
550.0,family_house,0.0,10.08,0.0,10.08,0.0,10.08,Spring,PRODUCE_PRIORITY
550.0,luxury_house,0.0,18.0,0.0,18.0,0.0,18.0,Spring,PRODUCE_PRIORITY
550.0,small_family,0.0,6.5,0.0,6.5,0.0,6.5,Spring,PRODUCE_PRIORITY
551.0,apartment,0.0,3.6399999999999997,0.0,3.6399999999999997,0.0,3.6399999999999997,Spring,PRODUCE_PRIORITY
551.0,family_house,0.0,10.08,0.0,10.08,0.0,10.08,Spring,PRODUCE_PRIORITY
551.0,luxury_house,0.0,18.0,0.0,18.0,0.0,18.0,Spring,PRODUCE_PRIORITY
551.0,small_family,0.0,6.5,0.0,6.5,0.0,6.5,Spring,PRODUCE_PRIORITY
552.0,apartment,0.0,3.6399999999999997,0.0,3.6399999999999997,0.0,3.6399999999999997,Spring,PRODUCE_PRIORITY
552.0,family_house,0.0,10.08,0.0,10.08,0.0,10.08,Spring,PRODUCE_PRIORITY
552.0,luxury_house,0.0,18.0,0.0,18.0,0.0,18.0,Spring,PRODUCE_PRIORITY
552.0,small_family,0.0,6.5,0.0,6.5,0.0,6.5,Spring,PRODUCE_PRIORITY
553.0,apartment,3.961190699933753,3.6399999999999997,0.0,3.6399999999999997,3.961190699933753,-0.3211906999337531,Spring,PRODUCE_PRIORITY
553.0,family_house,6.25547237961613,10.08,0.0,10.08,6.25547237961613,3.8245276203838703,Spring,PRODUCE_PRIORITY
553.0,luxury_house,9.59791353918493,18.0,0.0,18.0,9.59791353918493,8.40208646081507,Spring,PRODUCE_PRIORITY
553.0,small_family,5.818697468747878,6.5,0.0,6.5,5.818697468747878,0.6813025312521217,Spring,PRODUCE_PRIORITY
554.0,apartment,7.652432799844165,3.6399999999999997,0.0,3.6399999999999997,7.652432799844165,-4.012432799844166,Spring,PRODUCE_PRIORITY
554.0,family_house,12.084644654218307,10.08,0.0,10.08,12.084644654218307,-2.004644654218308,Spring,PRODUCE_PRIORITY
554.0,luxury_house,18.541745131976477,18.0,0.0,18.0,18.541745131976477,-0.5417451319764777,Spring,PRODUCE_PRIORITY
554.0,small_family,11.240860320852807,6.5,0.0,6.5,11.240860320852807,-4.740860320852807,Spring,PRODUCE_PRIORITY
555.0,apartment,10.822174250688338,3.6399999999999997,0.0,3.6399999999999997,10.822174250688338,-7.1821742506883375,Spring,PRODUCE_PRIORITY
555.0,family_house,17.090268366455057,10.08,0.0,10.08,17.090268366455057,-7.0102683664550565,Spring,PRODUCE_PRIORITY
555.0,luxury_house,26.221987435706453,18.0,0.0,18.0,26.221987435706453,-8.221987435706453,Spring,PRODUCE_PRIORITY
555.0,small_family,15.896977118491627,6.5,0.0,6.5,15.896977118491627,-9.396977118491627,Spring,PRODUCE_PRIORITY
556.0,apartment,13.254402410836654,3.6399999999999997,0.0,3.6399999999999997,13.254402410836654,-9.614402410836654,Spring,PRODUCE_PRIORITY
556.0,family_house,20.931218532521736,10.08,0.0,10.08,20.931218532521736,-10.851218532521738,Spring,PRODUCE_PRIORITY
556.0,luxury_house,30.944334597003216,18.0,0.0,18.0,30.944334597003216,-12.944334597003216,Spring,PRODUCE_PRIORITY
556.0,small_family,19.469741196502056,6.5,0.0,6.5,19.469741196502056,-12.969741196502056,Spring,PRODUCE_PRIORITY
557.0,apartment,14.783364950622088,3.6399999999999997,0.0,3.6399999999999997,14.783364950622088,-11.14336495062209,Spring,PRODUCE_PRIORITY
557.0,family_house,23.345740746071183,10.08,0.0,10.08,23.345740746071183,-13.265740746071184,Spring,PRODUCE_PRIORITY
557.0,luxury_house,32.60528854639295,18.0,0.0,18.0,32.60528854639295,-14.60528854639295,Spring,PRODUCE_PRIORITY
557.0,small_family,21.7156745872395,6.5,0.0,6.5,21.7156745872395,-15.2156745872395,Spring,PRODUCE_PRIORITY
558.0,apartment,15.304865599688332,3.6399999999999997,0.0,3.6399999999999997,15.304865599688332,-11.664865599688333,Spring,PRODUCE_PRIORITY
558.0,family_house,24.169289308436618,10.08,0.0,10.08,24.169289308436618,-14.08928930843662,Spring,PRODUCE_PRIORITY
558.0,luxury_house,33.04995497927666,18.0,0.0,18.0,33.04995497927666,-15.049954979276663,Spring,PRODUCE_PRIORITY
558.0,small_family,22.481720641705618,6.5,0.0,6.5,22.481720641705618,-15.98172064170562,Spring,PRODUCE_PRIORITY
559.0,apartment,14.78336495062209,3.6399999999999997,0.0,3.6399999999999997,14.78336495062209,-11.14336495062209,Spring,PRODUCE_PRIORITY
559.0,family_house,23.345740746071183,10.08,0.0,10.08,23.345740746071183,-13.265740746071184,Spring,PRODUCE_PRIORITY
559.0,luxury_house,32.60528854639295,18.0,0.0,18.0,32.60528854639295,-14.60528854639295,Spring,PRODUCE_PRIORITY
559.0,small_family,21.715674587239505,6.5,0.0,6.5,21.715674587239505,-15.215674587239505,Spring,PRODUCE_PRIORITY
560.0,apartment,13.254402410836654,3.6399999999999997,0.0,3.6399999999999997,13.254402410836654,-9.614402410836654,Spring,PRODUCE_PRIORITY
560.0,family_house,20.931218532521743,10.08,0.0,10.08,20.931218532521743,-10.851218532521742,Spring,PRODUCE_PRIORITY
560.0,luxury_house,30.94433459700322,18.0,0.0,18.0,30.94433459700322,-12.94433459700322,Spring,PRODUCE_PRIORITY
560.0,small_family,19.46974119650206,6.5,0.0,6.5,19.46974119650206,-12.969741196502058,Spring,PRODUCE_PRIORITY
561.0,apartment,10.822174250688338,3.6399999999999997,0.0,3.6399999999999997,10.822174250688338,-7.1821742506883375,Spring,PRODUCE_PRIORITY
561.0,family_house,17.090268366455057,10.08,0.0,10.08,17.090268366455057,-7.0102683664550565,Spring,PRODUCE_PRIORITY
561.0,luxury_house,26.221987435706453,18.0,0.0,18.0,26.221987435706453,-8.221987435706453,Spring,PRODUCE_PRIORITY
561.0,small_family,15.896977118491627,6.5,0.0,6.5,15.896977118491627,-9.396977118491627,Spring,PRODUCE_PRIORITY
562.0,apartment,7.652432799844171,3.6399999999999997,0.0,3.6399999999999997,7.652432799844171,-4.012432799844171,Spring,PRODUCE_PRIORITY
562.0,family_house,12.084644654218318,10.08,0.0,10.08,12.084644654218318,-2.0046446542183176,Spring,PRODUCE_PRIORITY
562.0,luxury_house,18.54174513197649,18.0,0.0,18.0,18.54174513197649,-0.5417451319764923,Spring,PRODUCE_PRIORITY
562.0,small_family,11.240860320852818,6.5,0.0,6.5,11.240860320852818,-4.740860320852817,Spring,PRODUCE_PRIORITY
563.0,apartment,3.9611906999337574,3.6399999999999997,0.0,3.6399999999999997,3.9611906999337574,-0.3211906999337577,Spring,PRODUCE_PRIORITY
563.0,family_house,6.255472379616136,10.08,0.0,10.08,6.255472379616136,3.824527620383863,Spring,PRODUCE_PRIORITY
563.0,luxury_house,9.59791353918494,18.0,0.0,18.0,9.59791353918494,8.40208646081506,Spring,PRODUCE_PRIORITY
563.0,small_family,5.818697468747885,6.5,0.0,6.5,5.818697468747885,0.681302531252115,Spring,PRODUCE_PRIORITY
564.0,apartment,1.874305466803875e-15,3.6399999999999997,0.0,3.6399999999999997,1.874305466803875e-15,3.639999999999998,Spring,PRODUCE_PRIORITY
564.0,family_house,2.9598842789243253e-15,10.08,0.0,10.08,2.9598842789243253e-15,10.079999999999997,Spring,PRODUCE_PRIORITY
564.0,luxury_house,4.541417765296203e-15,18.0,0.0,18.0,4.541417765296203e-15,17.999999999999996,Spring,PRODUCE_PRIORITY
564.0,small_family,2.7532167223189765e-15,6.5,0.0,6.5,2.7532167223189765e-15,6.499999999999997,Spring,PRODUCE_PRIORITY
565.0,apartment,0.0,3.6399999999999997,0.0,3.6399999999999997,0.0,3.6399999999999997,Spring,PRODUCE_PRIORITY
565.0,family_house,0.0,10.08,0.0,10.08,0.0,10.08,Spring,PRODUCE_PRIORITY
565.0,luxury_house,0.0,18.0,0.0,18.0,0.0,18.0,Spring,PRODUCE_PRIORITY
565.0,small_family,0.0,6.5,0.0,6.5,0.0,6.5,Spring,PRODUCE_PRIORITY
566.0,apartment,0.0,3.6399999999999997,0.0,3.6399999999999997,0.0,3.6399999999999997,Spring,PRODUCE_PRIORITY
566.0,family_house,0.0,10.08,0.0,10.08,0.0,10.08,Spring,PRODUCE_PRIORITY
566.0,luxury_house,0.0,18.0,0.0,18.0,0.0,18.0,Spring,PRODUCE_PRIORITY
566.0,small_family,0.0,6.5,0.0,6.5,0.0,6.5,Spring,PRODUCE_PRIORITY
567.0,apartment,0.0,3.6399999999999997,0.0,3.6399999999999997,0.0,3.6399999999999997,Spring,PRODUCE_PRIORITY
567.0,family_house,0.0,10.08,0.0,10.08,0.0,10.08,Spring,PRODUCE_PRIORITY
567.0,luxury_house,0.0,18.0,0.0,18.0,0.0,18.0,Spring,PRODUCE_PRIORITY
567.0,small_family,0.0,6.5,0.0,6.5,0.0,6.5,Spring,PRODUCE_PRIORITY
568.0,apartment,0.0,3.6399999999999997,0.0,3.6399999999999997,0.0,3.6399999999999997,Spring,PRODUCE_PRIORITY
568.0,family_house,0.0,10.08,0.0,10.08,0.0,10.08,Spring,PRODUCE_PRIORITY
568.0,luxury_house,0.0,18.0,0.0,18.0,0.0,18.0,Spring,PRODUCE_PRIORITY
568.0,small_family,0.0,6.5,0.0,6.5,0.0,6.5,Spring,PRODUCE_PRIORITY
569.0,apartment,0.0,3.6399999999999997,0.0,3.6399999999999997,0.0,3.6399999999999997,Spring,PRODUCE_PRIORITY
569.0,family_house,0.0,10.08,0.0,10.08,0.0,10.08,Spring,PRODUCE_PRIORITY
569.0,luxury_house,0.0,18.0,0.0,18.0,0.0,18.0,Spring,PRODUCE_PRIORITY
569.0,small_family,0.0,6.5,0.0,6.5,0.0,6.5,Spring,PRODUCE_PRIORITY
570.0,apartment,0.0,23.498177885411042,0.0,23.498177885411042,0.0,23.498177885411042,Spring,PRODUCE_PRIORITY
570.0,family_house,0.0,31.094981790484812,0.0,31.094981790484812,0.0,31.094981790484812,Spring,PRODUCE_PRIORITY
570.0,luxury_house,0.0,35.2014319350947,0.0,35.2014319350947,0.0,35.2014319350947,Spring,PRODUCE_PRIORITY
570.0,small_family,0.0,25.31105035915006,0.0,25.31105035915006,0.0,25.31105035915006,Spring,PRODUCE_PRIORITY
571.0,apartment,0.0,19.645850072140245,0.0,19.645850072140245,0.0,19.645850072140245,Spring,PRODUCE_PRIORITY
571.0,family_house,0.0,29.249471481756718,0.0,29.249471481756718,0.0,29.249471481756718,Spring,PRODUCE_PRIORITY
571.0,luxury_house,0.0,37.00631563507093,0.0,37.00631563507093,0.0,37.00631563507093,Spring,PRODUCE_PRIORITY
571.0,small_family,0.0,23.183445798587748,0.0,23.183445798587748,0.0,23.183445798587748,Spring,PRODUCE_PRIORITY
572.0,apartment,0.0,27.163663550935702,0.0,27.163663550935702,0.0,27.163663550935702,Spring,PRODUCE_PRIORITY
572.0,family_house,0.0,29.463483969359856,0.0,29.463483969359856,0.0,29.463483969359856,Spring,PRODUCE_PRIORITY
572.0,luxury_house,0.0,32.454803885627555,0.0,32.454803885627555,0.0,32.454803885627555,Spring,PRODUCE_PRIORITY
572.0,small_family,0.0,23.476960200989183,0.0,23.476960200989183,0.0,23.476960200989183,Spring,PRODUCE_PRIORITY
573.0,apartment,0.0,24.511620276872133,0.0,24.511620276872133,0.0,24.511620276872133,Spring,PRODUCE_PRIORITY
573.0,family_house,0.0,31.684246628219476,0.0,31.684246628219476,0.0,31.684246628219476,Spring,PRODUCE_PRIORITY
573.0,luxury_house,0.0,34.92452322926945,0.0,34.92452322926945,0.0,34.92452322926945,Spring,PRODUCE_PRIORITY
573.0,small_family,0.0,29.19978795898509,0.0,29.19978795898509,0.0,29.19978795898509,Spring,PRODUCE_PRIORITY
574.0,apartment,0.0,3.6399999999999997,0.0,3.6399999999999997,0.0,3.6399999999999997,Spring,PRODUCE_PRIORITY
574.0,family_house,0.0,10.08,0.0,10.08,0.0,10.08,Spring,PRODUCE_PRIORITY
574.0,luxury_house,0.0,18.0,0.0,18.0,0.0,18.0,Spring,PRODUCE_PRIORITY
574.0,small_family,0.0,6.5,0.0,6.5,0.0,6.5,Spring,PRODUCE_PRIORITY
575.0,apartment,0.0,3.6399999999999997,0.0,3.6399999999999997,0.0,3.6399999999999997,Spring,PRODUCE_PRIORITY
575.0,family_house,0.0,10.08,0.0,10.08,0.0,10.08,Spring,PRODUCE_PRIORITY
575.0,luxury_house,0.0,18.0,0.0,18.0,0.0,18.0,Spring,PRODUCE_PRIORITY
575.0,small_family,0.0,6.5,0.0,6.5,0.0,6.5,Spring,PRODUCE_PRIORITY
576.0,apartment,0.0,3.6399999999999997,0.0,3.6399999999999997,0.0,3.6399999999999997,Spring,PRODUCE_PRIORITY
576.0,family_house,0.0,10.08,0.0,10.08,0.0,10.08,Spring,PRODUCE_PRIORITY
576.0,luxury_house,0.0,18.0,0.0,18.0,0.0,18.0,Spring,PRODUCE_PRIORITY
576.0,small_family,0.0,6.5,0.0,6.5,0.0,6.5,Spring,PRODUCE_PRIORITY
577.0,apartment,4.4816444749071795,3.6399999999999997,0.0,3.6399999999999997,4.4816444749071795,-0.8416444749071796,Spring,PRODUCE_PRIORITY
577.0,family_house,8.477926889975018,10.08,0.0,10.08,8.477926889975018,1.602073110024981,Spring,PRODUCE_PRIORITY
577.0,luxury_house,6.7820223951204,18.0,0.0,18.0,6.7820223951204,11.2179776048796,Spring,PRODUCE_PRIORITY
577.0,small_family,6.1143361602190085,6.5,0.0,6.5,6.1143361602190085,0.38566383978099095,Spring,PRODUCE_PRIORITY
578.0,apartment,8.65787228511711,3.6399999999999997,0.0,3.6399999999999997,8.65787228511711,-5.017872285117109,Spring,PRODUCE_PRIORITY
578.0,family_house,16.37809707283486,10.08,0.0,10.08,16.37809707283486,-6.298097072834861,Spring,PRODUCE_PRIORITY
578.0,luxury_house,13.101861171835278,18.0,0.0,18.0,13.101861171835278,4.898138828164723,Spring,PRODUCE_PRIORITY
578.0,small_family,11.81199041553735,6.5,0.0,6.5,11.81199041553735,-5.311990415537349,Spring,PRODUCE_PRIORITY
579.0,apartment,12.244080406906757,3.6399999999999997,0.0,3.6399999999999997,12.244080406906757,-8.604080406906759,Spring,PRODUCE_PRIORITY
579.0,family_house,23.162127006266154,10.08,0.0,10.08,23.162127006266154,-13.082127006266154,Spring,PRODUCE_PRIORITY
579.0,luxury_house,18.528829761538905,18.0,0.0,18.0,18.528829761538905,-0.5288297615389036,Spring,PRODUCE_PRIORITY
579.0,small_family,16.704677044273936,6.5,0.0,6.5,16.704677044273936,-10.204677044273936,Spring,PRODUCE_PRIORITY
580.0,apartment,14.995874683265292,3.6399999999999997,0.0,3.6399999999999997,14.995874683265292,-11.355874683265291,Spring,PRODUCE_PRIORITY
580.0,family_house,27.763168812887233,10.08,0.0,10.08,27.763168812887233,-17.683168812887235,Spring,PRODUCE_PRIORITY
580.0,luxury_house,22.40622624227615,18.0,0.0,18.0,22.40622624227615,-4.4062262422761505,Spring,PRODUCE_PRIORITY
580.0,small_family,20.458967538227306,6.5,0.0,6.5,20.458967538227306,-13.958967538227306,Spring,PRODUCE_PRIORITY
581.0,apartment,16.725724881813935,3.6399999999999997,0.0,3.6399999999999997,16.725724881813935,-13.085724881813935,Spring,PRODUCE_PRIORITY
581.0,family_house,30.145715122300423,10.08,0.0,10.08,30.145715122300423,-20.065715122300425,Spring,PRODUCE_PRIORITY
581.0,luxury_house,24.529477789267585,18.0,0.0,18.0,24.529477789267585,-6.529477789267583,Spring,PRODUCE_PRIORITY
581.0,small_family,22.643379897079825,6.5,0.0,6.5,22.643379897079825,-16.143379897079825,Spring,PRODUCE_PRIORITY
582.0,apartment,18.052749133335233,3.6399999999999997,0.0,3.6399999999999997,18.052749133335233,-14.412749133335236,Spring,PRODUCE_PRIORITY
582.0,family_house,30.883664735661444,10.08,0.0,10.08,30.883664735661444,-20.803664735661446,Spring,PRODUCE_PRIORITY
582.0,luxury_house,25.25367935148658,18.0,0.0,18.0,25.25367935148658,-7.253679351486579,Spring,PRODUCE_PRIORITY
582.0,small_family,23.30104712978293,6.5,0.0,6.5,23.30104712978293,-16.80104712978293,Spring,PRODUCE_PRIORITY
583.0,apartment,17.4376166234061,3.6399999999999997,0.0,3.6399999999999997,17.4376166234061,-13.7976166234061,Spring,PRODUCE_PRIORITY
583.0,family_house,30.145715122300423,10.08,0.0,10.08,30.145715122300423,-20.065715122300425,Spring,PRODUCE_PRIORITY
583.0,luxury_house,24.529477789267585,18.0,0.0,18.0,24.529477789267585,-6.529477789267583,Spring,PRODUCE_PRIORITY
583.0,small_family,22.64337989707983,6.5,0.0,6.5,22.64337989707983,-16.14337989707983,Spring,PRODUCE_PRIORITY
584.0,apartment,15.634139357615823,3.6399999999999997,0.0,3.6399999999999997,15.634139357615823,-11.994139357615822,Spring,PRODUCE_PRIORITY
584.0,family_house,27.763168812887237,10.08,0.0,10.08,27.763168812887237,-17.68316881288724,Spring,PRODUCE_PRIORITY
584.0,luxury_house,22.406226242276155,18.0,0.0,18.0,22.406226242276155,-4.406226242276153,Spring,PRODUCE_PRIORITY
584.0,small_family,20.45896753822731,6.5,0.0,6.5,20.45896753822731,-13.95896753822731,Spring,PRODUCE_PRIORITY
585.0,apartment,12.765221331240916,3.6399999999999997,0.0,3.6399999999999997,12.765221331240916,-9.125221331240915,Spring,PRODUCE_PRIORITY
585.0,family_house,23.162127006266154,10.08,0.0,10.08,23.162127006266154,-13.082127006266154,Spring,PRODUCE_PRIORITY
585.0,luxury_house,18.528829761538905,18.0,0.0,18.0,18.528829761538905,-0.5288297615389036,Spring,PRODUCE_PRIORITY
585.0,small_family,16.704677044273936,6.5,0.0,6.5,16.704677044273936,-10.204677044273936,Spring,PRODUCE_PRIORITY
586.0,apartment,9.026374566667624,3.6399999999999997,0.0,3.6399999999999997,9.026374566667624,-5.386374566667623,Spring,PRODUCE_PRIORITY
586.0,family_house,16.378097072834873,10.08,0.0,10.08,16.378097072834873,-6.298097072834874,Spring,PRODUCE_PRIORITY
586.0,luxury_house,13.101861171835287,18.0,0.0,18.0,13.101861171835287,4.898138828164712,Spring,PRODUCE_PRIORITY
586.0,small_family,11.811990415537359,6.5,0.0,6.5,11.811990415537359,-5.311990415537359,Spring,PRODUCE_PRIORITY
587.0,apartment,4.67239529216519,3.6399999999999997,0.0,3.6399999999999997,4.67239529216519,-1.03239529216519,Spring,PRODUCE_PRIORITY
587.0,family_house,8.477926889975027,10.08,0.0,10.08,8.477926889975027,1.6020731100249719,Spring,PRODUCE_PRIORITY
587.0,luxury_house,6.782022395120408,18.0,0.0,18.0,6.782022395120408,11.217977604879593,Spring,PRODUCE_PRIORITY
587.0,small_family,6.114336160219016,6.5,0.0,6.5,6.114336160219016,0.3856638397809841,Spring,PRODUCE_PRIORITY
588.0,apartment,2.210824144194915e-15,3.6399999999999997,0.0,3.6399999999999997,2.210824144194915e-15,3.6399999999999975,Spring,PRODUCE_PRIORITY
588.0,family_house,4.01147683127437e-15,10.08,0.0,10.08,4.01147683127437e-15,10.079999999999995,Spring,PRODUCE_PRIORITY
588.0,luxury_house,3.209030469392213e-15,18.0,0.0,18.0,3.209030469392213e-15,17.999999999999996,Spring,PRODUCE_PRIORITY
588.0,small_family,2.8931032507894066e-15,6.5,0.0,6.5,2.8931032507894066e-15,6.4999999999999964,Spring,PRODUCE_PRIORITY
589.0,apartment,0.0,3.6399999999999997,0.0,3.6399999999999997,0.0,3.6399999999999997,Spring,PRODUCE_PRIORITY
589.0,family_house,0.0,10.08,0.0,10.08,0.0,10.08,Spring,PRODUCE_PRIORITY
589.0,luxury_house,0.0,18.0,0.0,18.0,0.0,18.0,Spring,PRODUCE_PRIORITY
589.0,small_family,0.0,6.5,0.0,6.5,0.0,6.5,Spring,PRODUCE_PRIORITY
590.0,apartment,0.0,3.6399999999999997,0.0,3.6399999999999997,0.0,3.6399999999999997,Spring,PRODUCE_PRIORITY
590.0,family_house,0.0,10.08,0.0,10.08,0.0,10.08,Spring,PRODUCE_PRIORITY
590.0,luxury_house,0.0,18.0,0.0,18.0,0.0,18.0,Spring,PRODUCE_PRIORITY
590.0,small_family,0.0,6.5,0.0,6.5,0.0,6.5,Spring,PRODUCE_PRIORITY
591.0,apartment,0.0,3.6399999999999997,0.0,3.6399999999999997,0.0,3.6399999999999997,Spring,PRODUCE_PRIORITY
591.0,family_house,0.0,10.08,0.0,10.08,0.0,10.08,Spring,PRODUCE_PRIORITY
591.0,luxury_house,0.0,18.0,0.0,18.0,0.0,18.0,Spring,PRODUCE_PRIORITY
591.0,small_family,0.0,6.5,0.0,6.5,0.0,6.5,Spring,PRODUCE_PRIORITY
592.0,apartment,0.0,3.6399999999999997,0.0,3.6399999999999997,0.0,3.6399999999999997,Spring,PRODUCE_PRIORITY
592.0,family_house,0.0,10.08,0.0,10.08,0.0,10.08,Spring,PRODUCE_PRIORITY
592.0,luxury_house,0.0,18.0,0.0,18.0,0.0,18.0,Spring,PRODUCE_PRIORITY
592.0,small_family,0.0,6.5,0.0,6.5,0.0,6.5,Spring,PRODUCE_PRIORITY
593.0,apartment,0.0,3.6399999999999997,0.0,3.6399999999999997,0.0,3.6399999999999997,Spring,PRODUCE_PRIORITY
593.0,family_house,0.0,10.08,0.0,10.08,0.0,10.08,Spring,PRODUCE_PRIORITY
593.0,luxury_house,0.0,18.0,0.0,18.0,0.0,18.0,Spring,PRODUCE_PRIORITY
593.0,small_family,0.0,6.5,0.0,6.5,0.0,6.5,Spring,PRODUCE_PRIORITY
594.0,apartment,0.0,23.354057529361846,0.0,23.354057529361846,0.0,23.354057529361846,Spring,PRODUCE_PRIORITY
594.0,family_house,0.0,23.807437615393017,0.0,23.807437615393017,0.0,23.807437615393017,Spring,PRODUCE_PRIORITY
594.0,luxury_house,0.0,36.45720627992456,0.0,36.45720627992456,0.0,36.45720627992456,Spring,PRODUCE_PRIORITY
594.0,small_family,0.0,28.665284912565383,0.0,28.665284912565383,0.0,28.665284912565383,Spring,PRODUCE_PRIORITY
595.0,apartment,0.0,20.032350260530695,0.0,20.032350260530695,0.0,20.032350260530695,Spring,PRODUCE_PRIORITY
595.0,family_house,0.0,26.93485687237816,0.0,26.93485687237816,0.0,26.93485687237816,Spring,PRODUCE_PRIORITY
595.0,luxury_house,0.0,36.69101437704676,0.0,36.69101437704676,0.0,36.69101437704676,Spring,PRODUCE_PRIORITY
595.0,small_family,0.0,23.777408500851795,0.0,23.777408500851795,0.0,23.777408500851795,Spring,PRODUCE_PRIORITY
596.0,apartment,0.0,19.360090180594103,0.0,19.360090180594103,0.0,19.360090180594103,Spring,PRODUCE_PRIORITY
596.0,family_house,0.0,28.746148398555427,0.0,28.746148398555427,0.0,28.746148398555427,Spring,PRODUCE_PRIORITY
596.0,luxury_house,0.0,35.422039401742154,0.0,35.422039401742154,0.0,35.422039401742154,Spring,PRODUCE_PRIORITY
596.0,small_family,0.0,28.391653307744328,0.0,28.391653307744328,0.0,28.391653307744328,Spring,PRODUCE_PRIORITY
597.0,apartment,0.0,22.542404298606815,0.0,22.542404298606815,0.0,22.542404298606815,Spring,PRODUCE_PRIORITY
597.0,family_house,0.0,25.08794490129923,0.0,25.08794490129923,0.0,25.08794490129923,Spring,PRODUCE_PRIORITY
597.0,luxury_house,0.0,34.51694990813253,0.0,34.51694990813253,0.0,34.51694990813253,Spring,PRODUCE_PRIORITY
597.0,small_family,0.0,21.614592254500696,0.0,21.614592254500696,0.0,21.614592254500696,Spring,PRODUCE_PRIORITY
598.0,apartment,0.0,3.6399999999999997,0.0,3.6399999999999997,0.0,3.6399999999999997,Spring,PRODUCE_PRIORITY
598.0,family_house,0.0,10.08,0.0,10.08,0.0,10.08,Spring,PRODUCE_PRIORITY
598.0,luxury_house,0.0,18.0,0.0,18.0,0.0,18.0,Spring,PRODUCE_PRIORITY
598.0,small_family,0.0,6.5,0.0,6.5,0.0,6.5,Spring,PRODUCE_PRIORITY
599.0,apartment,0.0,3.6399999999999997,0.0,3.6399999999999997,0.0,3.6399999999999997,Spring,PRODUCE_PRIORITY
599.0,family_house,0.0,10.08,0.0,10.08,0.0,10.08,Spring,PRODUCE_PRIORITY
599.0,luxury_house,0.0,18.0,0.0,18.0,0.0,18.0,Spring,PRODUCE_PRIORITY
599.0,small_family,0.0,6.5,0.0,6.5,0.0,6.5,Spring,PRODUCE_PRIORITY
600.0,apartment,0.0,3.6399999999999997,0.0,3.6399999999999997,0.0,3.6399999999999997,Spring,PRODUCE_PRIORITY
600.0,family_house,0.0,10.08,0.0,10.08,0.0,10.08,Spring,PRODUCE_PRIORITY
600.0,luxury_house,0.0,18.0,0.0,18.0,0.0,18.0,Spring,PRODUCE_PRIORITY
600.0,small_family,0.0,6.5,0.0,6.5,0.0,6.5,Spring,PRODUCE_PRIORITY
601.0,apartment,4.937066952664504,3.6399999999999997,0.0,3.6399999999999997,4.937066952664504,-1.2970669526645042,Spring,PRODUCE_PRIORITY
601.0,family_house,7.920447290651448,10.08,0.0,10.08,7.920447290651448,2.1595527093485516,Spring,PRODUCE_PRIORITY
601.0,luxury_house,10.348397797875489,18.0,0.0,18.0,10.348397797875489,7.651602202124511,Spring,PRODUCE_PRIORITY
601.0,small_family,6.8546103830048954,6.5,0.0,6.5,6.8546103830048954,-0.3546103830048951,Spring,PRODUCE_PRIORITY
602.0,apartment,9.537680951393826,3.6399999999999997,0.0,3.6399999999999997,9.537680951393826,-5.897680951393826,Spring,PRODUCE_PRIORITY
602.0,family_house,15.301129187603022,10.08,0.0,10.08,15.301129187603022,-5.221129187603024,Spring,PRODUCE_PRIORITY
602.0,luxury_house,19.99156938736171,18.0,0.0,18.0,19.99156938736171,-1.9915693873617097,Spring,PRODUCE_PRIORITY
602.0,small_family,13.242090396187258,6.5,0.0,6.5,13.242090396187258,-6.742090396187258,Spring,PRODUCE_PRIORITY
603.0,apartment,13.488317755048676,3.6399999999999997,0.0,3.6399999999999997,13.488317755048676,-9.848317755048678,Spring,PRODUCE_PRIORITY
603.0,family_house,21.639064416731017,10.08,0.0,10.08,21.639064416731017,-11.559064416731019,Spring,PRODUCE_PRIORITY
603.0,luxury_house,28.00673859519166,18.0,0.0,18.0,28.00673859519166,-10.00673859519166,Spring,PRODUCE_PRIORITY
603.0,small_family,18.72714383245854,6.5,0.0,6.5,18.72714383245854,-12.22714383245854,Spring,PRODUCE_PRIORITY
604.0,apartment,16.519747994195978,3.6399999999999997,0.0,3.6399999999999997,16.519747994195978,-12.879747994195977,Spring,PRODUCE_PRIORITY
604.0,family_house,26.185806369690155,10.08,0.0,10.08,26.185806369690155,-16.105806369690157,Spring,PRODUCE_PRIORITY
604.0,luxury_house,31.30531192788726,18.0,0.0,18.0,31.30531192788726,-13.30531192788726,Spring,PRODUCE_PRIORITY
604.0,small_family,22.935973364616217,6.5,0.0,6.5,22.935973364616217,-16.435973364616217,Spring,PRODUCE_PRIORITY
605.0,apartment,18.425384707713178,3.6399999999999997,0.0,3.6399999999999997,18.425384707713178,-14.78538470771318,Spring,PRODUCE_PRIORITY
605.0,family_house,28.057624145621485,10.08,0.0,10.08,28.057624145621485,-17.977624145621483,Spring,PRODUCE_PRIORITY
605.0,luxury_house,32.609436995358934,18.0,0.0,18.0,32.609436995358934,-14.609436995358937,Spring,PRODUCE_PRIORITY
605.0,small_family,25.581754215463427,6.5,0.0,6.5,25.581754215463427,-19.081754215463427,Spring,PRODUCE_PRIORITY
606.0,apartment,19.075361902787655,3.6399999999999997,0.0,3.6399999999999997,19.075361902787655,-15.435361902787657,Spring,PRODUCE_PRIORITY
606.0,family_house,28.54175339385296,10.08,0.0,10.08,28.54175339385296,-18.461753393852963,Spring,PRODUCE_PRIORITY
606.0,luxury_house,33.054249769676794,18.0,0.0,18.0,33.054249769676794,-15.054249769676794,Spring,PRODUCE_PRIORITY
606.0,small_family,26.484180792374524,6.5,0.0,6.5,26.484180792374524,-19.984180792374524,Spring,PRODUCE_PRIORITY
607.0,apartment,18.42538470771318,3.6399999999999997,0.0,3.6399999999999997,18.42538470771318,-14.785384707713181,Spring,PRODUCE_PRIORITY
607.0,family_house,28.057624145621485,10.08,0.0,10.08,28.057624145621485,-17.977624145621483,Spring,PRODUCE_PRIORITY
607.0,luxury_house,32.609436995358934,18.0,0.0,18.0,32.609436995358934,-14.609436995358937,Spring,PRODUCE_PRIORITY
607.0,small_family,25.581754215463434,6.5,0.0,6.5,25.581754215463434,-19.081754215463434,Spring,PRODUCE_PRIORITY
608.0,apartment,16.519747994195978,3.6399999999999997,0.0,3.6399999999999997,16.519747994195978,-12.879747994195977,Spring,PRODUCE_PRIORITY
608.0,family_house,26.18580636969016,10.08,0.0,10.08,26.18580636969016,-16.10580636969016,Spring,PRODUCE_PRIORITY
608.0,luxury_house,31.305311927887264,18.0,0.0,18.0,31.305311927887264,-13.305311927887262,Spring,PRODUCE_PRIORITY
608.0,small_family,22.93597336461622,6.5,0.0,6.5,22.93597336461622,-16.43597336461622,Spring,PRODUCE_PRIORITY
609.0,apartment,13.488317755048676,3.6399999999999997,0.0,3.6399999999999997,13.488317755048676,-9.848317755048678,Spring,PRODUCE_PRIORITY
609.0,family_house,21.639064416731017,10.08,0.0,10.08,21.639064416731017,-11.559064416731019,Spring,PRODUCE_PRIORITY
609.0,luxury_house,28.00673859519166,18.0,0.0,18.0,28.00673859519166,-10.00673859519166,Spring,PRODUCE_PRIORITY
609.0,small_family,18.72714383245854,6.5,0.0,6.5,18.72714383245854,-12.22714383245854,Spring,PRODUCE_PRIORITY
610.0,apartment,9.537680951393833,3.6399999999999997,0.0,3.6399999999999997,9.537680951393833,-5.897680951393833,Spring,PRODUCE_PRIORITY
610.0,family_house,15.301129187603035,10.08,0.0,10.08,15.301129187603035,-5.221129187603037,Spring,PRODUCE_PRIORITY
610.0,luxury_house,19.991569387361725,18.0,0.0,18.0,19.991569387361725,-1.991569387361725,Spring,PRODUCE_PRIORITY
610.0,small_family,13.242090396187269,6.5,0.0,6.5,13.242090396187269,-6.742090396187269,Spring,PRODUCE_PRIORITY
611.0,apartment,4.93706695266451,3.6399999999999997,0.0,3.6399999999999997,4.93706695266451,-1.29706695266451,Spring,PRODUCE_PRIORITY
611.0,family_house,7.920447290651456,10.08,0.0,10.08,7.920447290651456,2.159552709348543,Spring,PRODUCE_PRIORITY
611.0,luxury_house,10.3483977978755,18.0,0.0,18.0,10.3483977978755,7.651602202124501,Spring,PRODUCE_PRIORITY
611.0,small_family,6.8546103830049026,6.5,0.0,6.5,6.8546103830049026,-0.35461038300490294,Spring,PRODUCE_PRIORITY
612.0,apartment,2.3360580896826266e-15,3.6399999999999997,0.0,3.6399999999999997,2.3360580896826266e-15,3.639999999999997,Spring,PRODUCE_PRIORITY
612.0,family_house,3.7476957765876375e-15,10.08,0.0,10.08,3.7476957765876375e-15,10.079999999999997,Spring,PRODUCE_PRIORITY
612.0,luxury_house,4.896522292032946e-15,18.0,0.0,18.0,4.896522292032946e-15,17.999999999999996,Spring,PRODUCE_PRIORITY
612.0,small_family,3.243376723542127e-15,6.5,0.0,6.5,3.243376723542127e-15,6.4999999999999964,Spring,PRODUCE_PRIORITY
613.0,apartment,0.0,3.6399999999999997,0.0,3.6399999999999997,0.0,3.6399999999999997,Spring,PRODUCE_PRIORITY
613.0,family_house,0.0,10.08,0.0,10.08,0.0,10.08,Spring,PRODUCE_PRIORITY
613.0,luxury_house,0.0,18.0,0.0,18.0,0.0,18.0,Spring,PRODUCE_PRIORITY
613.0,small_family,0.0,6.5,0.0,6.5,0.0,6.5,Spring,PRODUCE_PRIORITY
614.0,apartment,0.0,3.6399999999999997,0.0,3.6399999999999997,0.0,3.6399999999999997,Spring,PRODUCE_PRIORITY
614.0,family_house,0.0,10.08,0.0,10.08,0.0,10.08,Spring,PRODUCE_PRIORITY
614.0,luxury_house,0.0,18.0,0.0,18.0,0.0,18.0,Spring,PRODUCE_PRIORITY
614.0,small_family,0.0,6.5,0.0,6.5,0.0,6.5,Spring,PRODUCE_PRIORITY
615.0,apartment,0.0,3.6399999999999997,0.0,3.6399999999999997,0.0,3.6399999999999997,Spring,PRODUCE_PRIORITY
615.0,family_house,0.0,10.08,0.0,10.08,0.0,10.08,Spring,PRODUCE_PRIORITY
615.0,luxury_house,0.0,18.0,0.0,18.0,0.0,18.0,Spring,PRODUCE_PRIORITY
615.0,small_family,0.0,6.5,0.0,6.5,0.0,6.5,Spring,PRODUCE_PRIORITY
616.0,apartment,0.0,3.6399999999999997,0.0,3.6399999999999997,0.0,3.6399999999999997,Spring,PRODUCE_PRIORITY
616.0,family_house,0.0,10.08,0.0,10.08,0.0,10.08,Spring,PRODUCE_PRIORITY
616.0,luxury_house,0.0,18.0,0.0,18.0,0.0,18.0,Spring,PRODUCE_PRIORITY
616.0,small_family,0.0,6.5,0.0,6.5,0.0,6.5,Spring,PRODUCE_PRIORITY
617.0,apartment,0.0,3.6399999999999997,0.0,3.6399999999999997,0.0,3.6399999999999997,Spring,PRODUCE_PRIORITY
617.0,family_house,0.0,10.08,0.0,10.08,0.0,10.08,Spring,PRODUCE_PRIORITY
617.0,luxury_house,0.0,18.0,0.0,18.0,0.0,18.0,Spring,PRODUCE_PRIORITY
617.0,small_family,0.0,6.5,0.0,6.5,0.0,6.5,Spring,PRODUCE_PRIORITY
618.0,apartment,0.0,20.238371008360375,0.0,20.238371008360375,0.0,20.238371008360375,Spring,PRODUCE_PRIORITY
618.0,family_house,0.0,27.631970784826244,0.0,27.631970784826244,0.0,27.631970784826244,Spring,PRODUCE_PRIORITY
618.0,luxury_house,0.0,40.770521948602166,0.0,40.770521948602166,0.0,40.770521948602166,Spring,PRODUCE_PRIORITY
618.0,small_family,0.0,24.26460111855299,0.0,24.26460111855299,0.0,24.26460111855299,Spring,PRODUCE_PRIORITY
619.0,apartment,0.0,26.822135224533298,0.0,26.822135224533298,0.0,26.822135224533298,Spring,PRODUCE_PRIORITY
619.0,family_house,0.0,26.67789759857752,0.0,26.67789759857752,0.0,26.67789759857752,Spring,PRODUCE_PRIORITY
619.0,luxury_house,0.0,36.56372877784554,0.0,36.56372877784554,0.0,36.56372877784554,Spring,PRODUCE_PRIORITY
619.0,small_family,0.0,27.190619108449354,0.0,27.190619108449354,0.0,27.190619108449354,Spring,PRODUCE_PRIORITY
620.0,apartment,0.0,22.784564280927263,0.0,22.784564280927263,0.0,22.784564280927263,Spring,PRODUCE_PRIORITY
620.0,family_house,0.0,27.234917892439796,0.0,27.234917892439796,0.0,27.234917892439796,Spring,PRODUCE_PRIORITY
620.0,luxury_house,0.0,36.207934548948614,0.0,36.207934548948614,0.0,36.207934548948614,Spring,PRODUCE_PRIORITY
620.0,small_family,0.0,27.53388227253334,0.0,27.53388227253334,0.0,27.53388227253334,Spring,PRODUCE_PRIORITY
621.0,apartment,0.0,27.288976683348857,0.0,27.288976683348857,0.0,27.288976683348857,Spring,PRODUCE_PRIORITY
621.0,family_house,0.0,28.92102796059953,0.0,28.92102796059953,0.0,28.92102796059953,Spring,PRODUCE_PRIORITY
621.0,luxury_house,0.0,45.574798459935586,0.0,45.574798459935586,0.0,45.574798459935586,Spring,PRODUCE_PRIORITY
621.0,small_family,0.0,24.533549579705046,0.0,24.533549579705046,0.0,24.533549579705046,Spring,PRODUCE_PRIORITY
622.0,apartment,0.0,3.6399999999999997,0.0,3.6399999999999997,0.0,3.6399999999999997,Spring,PRODUCE_PRIORITY
622.0,family_house,0.0,10.08,0.0,10.08,0.0,10.08,Spring,PRODUCE_PRIORITY
622.0,luxury_house,0.0,18.0,0.0,18.0,0.0,18.0,Spring,PRODUCE_PRIORITY
622.0,small_family,0.0,6.5,0.0,6.5,0.0,6.5,Spring,PRODUCE_PRIORITY
623.0,apartment,0.0,3.6399999999999997,0.0,3.6399999999999997,0.0,3.6399999999999997,Spring,PRODUCE_PRIORITY
623.0,family_house,0.0,10.08,0.0,10.08,0.0,10.08,Spring,PRODUCE_PRIORITY
623.0,luxury_house,0.0,18.0,0.0,18.0,0.0,18.0,Spring,PRODUCE_PRIORITY
623.0,small_family,0.0,6.5,0.0,6.5,0.0,6.5,Spring,PRODUCE_PRIORITY
624.0,apartment,0.0,3.6399999999999997,0.0,3.6399999999999997,0.0,3.6399999999999997,Spring,PRODUCE_PRIORITY
624.0,family_house,0.0,10.08,0.0,10.08,0.0,10.08,Spring,PRODUCE_PRIORITY
624.0,luxury_house,0.0,18.0,0.0,18.0,0.0,18.0,Spring,PRODUCE_PRIORITY
624.0,small_family,0.0,6.5,0.0,6.5,0.0,6.5,Spring,PRODUCE_PRIORITY
625.0,apartment,4.023896186448281,3.6399999999999997,0.0,3.6399999999999997,4.023896186448281,-0.3838961864482817,Spring,PRODUCE_PRIORITY
625.0,family_house,9.231426493829886,10.08,0.0,10.08,9.231426493829886,0.8485735061701132,Spring,PRODUCE_PRIORITY
625.0,luxury_house,8.509953408868613,18.0,0.0,18.0,8.509953408868613,9.490046591131387,Spring,PRODUCE_PRIORITY
625.0,small_family,7.477151240755972,6.5,0.0,6.5,7.477151240755972,-0.9771512407559719,Spring,PRODUCE_PRIORITY
626.0,apartment,7.773570497592973,3.6399999999999997,0.0,3.6399999999999997,7.773570497592973,-4.133570497592974,Spring,PRODUCE_PRIORITY
626.0,family_house,17.83374652775886,10.08,0.0,10.08,17.83374652775886,-7.753746527758858,Spring,PRODUCE_PRIORITY
626.0,luxury_house,16.439967556285776,18.0,0.0,18.0,16.439967556285776,1.5600324437142237,Spring,PRODUCE_PRIORITY
626.0,small_family,14.444746981031086,6.5,0.0,6.5,14.444746981031086,-7.944746981031087,Spring,PRODUCE_PRIORITY
627.0,apartment,10.993488825759355,3.6399999999999997,0.0,3.6399999999999997,10.993488825759355,-7.353488825759355,Spring,PRODUCE_PRIORITY
627.0,family_house,25.220726207480674,10.08,0.0,10.08,25.220726207480674,-15.140726207480675,Spring,PRODUCE_PRIORITY
627.0,luxury_house,23.249625083073017,18.0,0.0,18.0,23.249625083073017,-5.249625083073017,Spring,PRODUCE_PRIORITY
627.0,small_family,20.42795708562199,6.5,0.0,6.5,20.42795708562199,-13.92795708562199,Spring,PRODUCE_PRIORITY
628.0,apartment,13.46421905804951,3.6399999999999997,0.0,3.6399999999999997,13.46421905804951,-9.824219058049511,Spring,PRODUCE_PRIORITY
628.0,family_house,30.620226543064263,10.08,0.0,10.08,30.620226543064263,-20.540226543064264,Spring,PRODUCE_PRIORITY
628.0,luxury_house,27.495779193077507,18.0,0.0,18.0,27.495779193077507,-9.495779193077505,Spring,PRODUCE_PRIORITY
628.0,small_family,25.019035673622998,6.5,0.0,6.5,25.019035673622998,-18.519035673622998,Spring,PRODUCE_PRIORITY
629.0,apartment,15.017385012207635,3.6399999999999997,0.0,3.6399999999999997,15.017385012207635,-11.377385012207634,Spring,PRODUCE_PRIORITY
629.0,family_house,33.44838266387997,10.08,0.0,10.08,33.44838266387997,-23.368382663879967,Spring,PRODUCE_PRIORITY
629.0,luxury_house,29.744716198775542,18.0,0.0,18.0,29.744716198775542,-11.744716198775546,Spring,PRODUCE_PRIORITY
629.0,small_family,27.905108326377956,6.5,0.0,6.5,27.905108326377956,-21.405108326377956,Spring,PRODUCE_PRIORITY
630.0,apartment,15.547140995185948,3.6399999999999997,0.0,3.6399999999999997,15.547140995185948,-11.907140995185948,Spring,PRODUCE_PRIORITY
630.0,family_house,34.204999680235495,10.08,0.0,10.08,34.204999680235495,-24.124999680235494,Spring,PRODUCE_PRIORITY
630.0,luxury_house,30.511786730369607,18.0,0.0,18.0,30.511786730369607,-12.511786730369606,Spring,PRODUCE_PRIORITY
630.0,small_family,28.836839344991525,6.5,0.0,6.5,28.836839344991525,-22.336839344991528,Spring,PRODUCE_PRIORITY
631.0,apartment,15.017385012207637,3.6399999999999997,0.0,3.6399999999999997,15.017385012207637,-11.377385012207636,Spring,PRODUCE_PRIORITY
631.0,family_house,33.44838266387997,10.08,0.0,10.08,33.44838266387997,-23.368382663879967,Spring,PRODUCE_PRIORITY
631.0,luxury_house,29.744716198775542,18.0,0.0,18.0,29.744716198775542,-11.744716198775546,Spring,PRODUCE_PRIORITY
631.0,small_family,27.905108326377963,6.5,0.0,6.5,27.905108326377963,-21.405108326377963,Spring,PRODUCE_PRIORITY
632.0,apartment,13.46421905804951,3.6399999999999997,0.0,3.6399999999999997,13.46421905804951,-9.824219058049511,Spring,PRODUCE_PRIORITY
632.0,family_house,30.62022654306427,10.08,0.0,10.08,30.62022654306427,-20.54022654306427,Spring,PRODUCE_PRIORITY
632.0,luxury_house,27.49577919307751,18.0,0.0,18.0,27.49577919307751,-9.495779193077508,Spring,PRODUCE_PRIORITY
632.0,small_family,25.019035673623,6.5,0.0,6.5,25.019035673623,-18.519035673623,Spring,PRODUCE_PRIORITY
633.0,apartment,10.993488825759355,3.6399999999999997,0.0,3.6399999999999997,10.993488825759355,-7.353488825759355,Spring,PRODUCE_PRIORITY
633.0,family_house,25.220726207480674,10.08,0.0,10.08,25.220726207480674,-15.140726207480675,Spring,PRODUCE_PRIORITY
633.0,luxury_house,23.249625083073017,18.0,0.0,18.0,23.249625083073017,-5.249625083073017,Spring,PRODUCE_PRIORITY
633.0,small_family,20.42795708562199,6.5,0.0,6.5,20.42795708562199,-13.92795708562199,Spring,PRODUCE_PRIORITY
634.0,apartment,7.773570497592979,3.6399999999999997,0.0,3.6399999999999997,7.773570497592979,-4.133570497592979,Spring,PRODUCE_PRIORITY
634.0,family_house,17.833746527758873,10.08,0.0,10.08,17.833746527758873,-7.753746527758873,Spring,PRODUCE_PRIORITY
634.0,luxury_house,16.439967556285787,18.0,0.0,18.0,16.439967556285787,1.5600324437142115,Spring,PRODUCE_PRIORITY
634.0,small_family,14.444746981031098,6.5,0.0,6.5,14.444746981031098,-7.944746981031098,Spring,PRODUCE_PRIORITY
635.0,apartment,4.023896186448286,3.6399999999999997,0.0,3.6399999999999997,4.023896186448286,-0.38389618644828627,Spring,PRODUCE_PRIORITY
635.0,family_house,9.231426493829897,10.08,0.0,10.08,9.231426493829897,0.848573506170103,Spring,PRODUCE_PRIORITY
635.0,luxury_house,8.509953408868622,18.0,0.0,18.0,8.509953408868622,9.490046591131378,Spring,PRODUCE_PRIORITY
635.0,small_family,7.477151240755981,6.5,0.0,6.5,7.477151240755981,-0.9771512407559804,Spring,PRODUCE_PRIORITY
636.0,apartment,1.9039756455647067e-15,3.6399999999999997,0.0,3.6399999999999997,1.9039756455647067e-15,3.639999999999998,Spring,PRODUCE_PRIORITY
636.0,family_house,4.368008120405023e-15,10.08,0.0,10.08,4.368008120405023e-15,10.079999999999995,Spring,PRODUCE_PRIORITY
636.0,luxury_house,4.0266307291783426e-15,18.0,0.0,18.0,4.0266307291783426e-15,17.999999999999996,Spring,PRODUCE_PRIORITY
636.0,small_family,3.5379426309626237e-15,6.5,0.0,6.5,3.5379426309626237e-15,6.4999999999999964,Spring,PRODUCE_PRIORITY
637.0,apartment,0.0,3.6399999999999997,0.0,3.6399999999999997,0.0,3.6399999999999997,Spring,PRODUCE_PRIORITY
637.0,family_house,0.0,10.08,0.0,10.08,0.0,10.08,Spring,PRODUCE_PRIORITY
637.0,luxury_house,0.0,18.0,0.0,18.0,0.0,18.0,Spring,PRODUCE_PRIORITY
637.0,small_family,0.0,6.5,0.0,6.5,0.0,6.5,Spring,PRODUCE_PRIORITY
638.0,apartment,0.0,3.6399999999999997,0.0,3.6399999999999997,0.0,3.6399999999999997,Spring,PRODUCE_PRIORITY
638.0,family_house,0.0,10.08,0.0,10.08,0.0,10.08,Spring,PRODUCE_PRIORITY
638.0,luxury_house,0.0,18.0,0.0,18.0,0.0,18.0,Spring,PRODUCE_PRIORITY
638.0,small_family,0.0,6.5,0.0,6.5,0.0,6.5,Spring,PRODUCE_PRIORITY
639.0,apartment,0.0,3.6399999999999997,0.0,3.6399999999999997,0.0,3.6399999999999997,Spring,PRODUCE_PRIORITY
639.0,family_house,0.0,10.08,0.0,10.08,0.0,10.08,Spring,PRODUCE_PRIORITY
639.0,luxury_house,0.0,18.0,0.0,18.0,0.0,18.0,Spring,PRODUCE_PRIORITY
639.0,small_family,0.0,6.5,0.0,6.5,0.0,6.5,Spring,PRODUCE_PRIORITY
640.0,apartment,0.0,3.6399999999999997,0.0,3.6399999999999997,0.0,3.6399999999999997,Spring,PRODUCE_PRIORITY
640.0,family_house,0.0,10.08,0.0,10.08,0.0,10.08,Spring,PRODUCE_PRIORITY
640.0,luxury_house,0.0,18.0,0.0,18.0,0.0,18.0,Spring,PRODUCE_PRIORITY
640.0,small_family,0.0,6.5,0.0,6.5,0.0,6.5,Spring,PRODUCE_PRIORITY
641.0,apartment,0.0,3.6399999999999997,0.0,3.6399999999999997,0.0,3.6399999999999997,Spring,PRODUCE_PRIORITY
641.0,family_house,0.0,10.08,0.0,10.08,0.0,10.08,Spring,PRODUCE_PRIORITY
641.0,luxury_house,0.0,18.0,0.0,18.0,0.0,18.0,Spring,PRODUCE_PRIORITY
641.0,small_family,0.0,6.5,0.0,6.5,0.0,6.5,Spring,PRODUCE_PRIORITY
642.0,apartment,0.0,24.567202506518626,0.0,24.567202506518626,0.0,24.567202506518626,Spring,PRODUCE_PRIORITY
642.0,family_house,0.0,22.17540497625459,0.0,22.17540497625459,0.0,22.17540497625459,Spring,PRODUCE_PRIORITY
642.0,luxury_house,0.0,37.91005124461932,0.0,37.91005124461932,0.0,37.91005124461932,Spring,PRODUCE_PRIORITY
642.0,small_family,0.0,20.34453205283582,0.0,20.34453205283582,0.0,20.34453205283582,Spring,PRODUCE_PRIORITY
643.0,apartment,0.0,21.760916369602274,0.0,21.760916369602274,0.0,21.760916369602274,Spring,PRODUCE_PRIORITY
643.0,family_house,0.0,30.862190892920324,0.0,30.862190892920324,0.0,30.862190892920324,Spring,PRODUCE_PRIORITY
643.0,luxury_house,0.0,36.211778509278645,0.0,36.211778509278645,0.0,36.211778509278645,Spring,PRODUCE_PRIORITY
643.0,small_family,0.0,26.41124846509587,0.0,26.41124846509587,0.0,26.41124846509587,Spring,PRODUCE_PRIORITY
644.0,apartment,0.0,23.56918058406986,0.0,23.56918058406986,0.0,23.56918058406986,Spring,PRODUCE_PRIORITY
644.0,family_house,0.0,27.65727998473468,0.0,27.65727998473468,0.0,27.65727998473468,Spring,PRODUCE_PRIORITY
644.0,luxury_house,0.0,41.96064993464071,0.0,41.96064993464071,0.0,41.96064993464071,Spring,PRODUCE_PRIORITY
644.0,small_family,0.0,24.26297078139192,0.0,24.26297078139192,0.0,24.26297078139192,Spring,PRODUCE_PRIORITY
645.0,apartment,0.0,23.23802406204316,0.0,23.23802406204316,0.0,23.23802406204316,Spring,PRODUCE_PRIORITY
645.0,family_house,0.0,28.423431243757662,0.0,28.423431243757662,0.0,28.423431243757662,Spring,PRODUCE_PRIORITY
645.0,luxury_house,0.0,34.81962724505504,0.0,34.81962724505504,0.0,34.81962724505504,Spring,PRODUCE_PRIORITY
645.0,small_family,0.0,26.422711212009123,0.0,26.422711212009123,0.0,26.422711212009123,Spring,PRODUCE_PRIORITY
646.0,apartment,0.0,3.6399999999999997,0.0,3.6399999999999997,0.0,3.6399999999999997,Spring,PRODUCE_PRIORITY
646.0,family_house,0.0,10.08,0.0,10.08,0.0,10.08,Spring,PRODUCE_PRIORITY
646.0,luxury_house,0.0,18.0,0.0,18.0,0.0,18.0,Spring,PRODUCE_PRIORITY
646.0,small_family,0.0,6.5,0.0,6.5,0.0,6.5,Spring,PRODUCE_PRIORITY
647.0,apartment,0.0,3.6399999999999997,0.0,3.6399999999999997,0.0,3.6399999999999997,Spring,PRODUCE_PRIORITY
647.0,family_house,0.0,10.08,0.0,10.08,0.0,10.08,Spring,PRODUCE_PRIORITY
647.0,luxury_house,0.0,18.0,0.0,18.0,0.0,18.0,Spring,PRODUCE_PRIORITY
647.0,small_family,0.0,6.5,0.0,6.5,0.0,6.5,Spring,PRODUCE_PRIORITY
648.0,apartment,0.0,3.6399999999999997,0.0,3.6399999999999997,0.0,3.6399999999999997,Spring,PRODUCE_PRIORITY
648.0,family_house,0.0,10.08,0.0,10.08,0.0,10.08,Spring,PRODUCE_PRIORITY
648.0,luxury_house,0.0,18.0,0.0,18.0,0.0,18.0,Spring,PRODUCE_PRIORITY
648.0,small_family,0.0,6.5,0.0,6.5,0.0,6.5,Spring,PRODUCE_PRIORITY
649.0,apartment,5.002503865626908,3.6399999999999997,0.0,3.6399999999999997,5.002503865626908,-1.3625038656269086,Spring,PRODUCE_PRIORITY
649.0,family_house,7.20517214944234,10.08,0.0,10.08,7.20517214944234,2.8748278505576588,Spring,PRODUCE_PRIORITY
649.0,luxury_house,7.49897862400716,18.0,0.0,18.0,7.49897862400716,10.50102137599284,Spring,PRODUCE_PRIORITY
649.0,small_family,6.946848323199595,6.5,0.0,6.5,6.946848323199595,-0.44684832319959517,Spring,PRODUCE_PRIORITY
650.0,apartment,9.664095359839859,3.6399999999999997,0.0,3.6399999999999997,9.664095359839859,-6.024095359839858,Spring,PRODUCE_PRIORITY
650.0,family_house,13.91932372401015,10.08,0.0,10.08,13.91932372401015,-3.83932372401015,Spring,PRODUCE_PRIORITY
650.0,luxury_house,14.486914247436353,18.0,0.0,18.0,14.486914247436353,3.513085752563648,Spring,PRODUCE_PRIORITY
650.0,small_family,13.420280413382795,6.5,0.0,6.5,13.420280413382795,-6.920280413382795,Spring,PRODUCE_PRIORITY
651.0,apartment,13.667094725952428,3.6399999999999997,0.0,3.6399999999999997,13.667094725952428,-10.027094725952427,Spring,PRODUCE_PRIORITY
651.0,family_house,19.684896389556734,10.08,0.0,10.08,19.684896389556734,-9.604896389556735,Spring,PRODUCE_PRIORITY
651.0,luxury_house,20.153800546744847,18.0,0.0,18.0,20.153800546744847,-2.153800546744849,Spring,PRODUCE_PRIORITY
651.0,small_family,18.97914257145596,6.5,0.0,6.5,18.97914257145596,-12.47914257145596,Spring,PRODUCE_PRIORITY
652.0,apartment,16.73870417243327,3.6399999999999997,0.0,3.6399999999999997,16.73870417243327,-13.09870417243327,Spring,PRODUCE_PRIORITY
652.0,family_house,23.365132420523757,10.08,0.0,10.08,23.365132420523757,-13.28513242052376,Spring,PRODUCE_PRIORITY
652.0,luxury_house,23.7842843731084,18.0,0.0,18.0,23.7842843731084,-5.7842843731084,Spring,PRODUCE_PRIORITY
652.0,small_family,23.244607527800458,6.5,0.0,6.5,23.244607527800458,-16.744607527800458,Spring,PRODUCE_PRIORITY
653.0,apartment,18.66959859157933,3.6399999999999997,0.0,3.6399999999999997,18.66959859157933,-15.029598591579333,Spring,PRODUCE_PRIORITY
653.0,family_house,25.53241178271809,10.08,0.0,10.08,25.53241178271809,-15.452411782718087,Spring,PRODUCE_PRIORITY
653.0,luxury_house,25.717903071296732,18.0,0.0,18.0,25.717903071296732,-7.717903071296731,Spring,PRODUCE_PRIORITY
653.0,small_family,25.69142393609758,6.5,0.0,6.5,25.69142393609758,-19.19142393609758,Spring,PRODUCE_PRIORITY
654.0,apartment,19.328190719679718,3.6399999999999997,0.0,3.6399999999999997,19.328190719679718,-15.688190719679719,Spring,PRODUCE_PRIORITY
654.0,family_house,26.009783582148785,10.08,0.0,10.08,26.009783582148785,-15.929783582148787,Spring,PRODUCE_PRIORITY
654.0,luxury_house,26.34292301652816,18.0,0.0,18.0,26.34292301652816,-8.342923016528161,Spring,PRODUCE_PRIORITY
654.0,small_family,26.43163914880555,6.5,0.0,6.5,26.43163914880555,-19.93163914880555,Spring,PRODUCE_PRIORITY
655.0,apartment,18.669598591579334,3.6399999999999997,0.0,3.6399999999999997,18.669598591579334,-15.029598591579335,Spring,PRODUCE_PRIORITY
655.0,family_house,25.53241178271809,10.08,0.0,10.08,25.53241178271809,-15.452411782718087,Spring,PRODUCE_PRIORITY
655.0,luxury_house,25.717903071296732,18.0,0.0,18.0,25.717903071296732,-7.717903071296731,Spring,PRODUCE_PRIORITY
655.0,small_family,25.691423936097582,6.5,0.0,6.5,25.691423936097582,-19.191423936097582,Spring,PRODUCE_PRIORITY
656.0,apartment,16.73870417243327,3.6399999999999997,0.0,3.6399999999999997,16.73870417243327,-13.09870417243327,Spring,PRODUCE_PRIORITY
656.0,family_house,23.365132420523764,10.08,0.0,10.08,23.365132420523764,-13.285132420523764,Spring,PRODUCE_PRIORITY
656.0,luxury_house,23.784284373108402,18.0,0.0,18.0,23.784284373108402,-5.784284373108403,Spring,PRODUCE_PRIORITY
656.0,small_family,23.24460752780046,6.5,0.0,6.5,23.24460752780046,-16.74460752780046,Spring,PRODUCE_PRIORITY
657.0,apartment,13.667094725952428,3.6399999999999997,0.0,3.6399999999999997,13.667094725952428,-10.027094725952427,Spring,PRODUCE_PRIORITY
657.0,family_house,19.684896389556734,10.08,0.0,10.08,19.684896389556734,-9.604896389556735,Spring,PRODUCE_PRIORITY
657.0,luxury_house,20.153800546744847,18.0,0.0,18.0,20.153800546744847,-2.153800546744849,Spring,PRODUCE_PRIORITY
657.0,small_family,18.97914257145596,6.5,0.0,6.5,18.97914257145596,-12.47914257145596,Spring,PRODUCE_PRIORITY
658.0,apartment,9.664095359839866,3.6399999999999997,0.0,3.6399999999999997,9.664095359839866,-6.024095359839865,Spring,PRODUCE_PRIORITY
658.0,family_house,13.91932372401016,10.08,0.0,10.08,13.91932372401016,-3.839323724010161,Spring,PRODUCE_PRIORITY
658.0,luxury_house,14.486914247436363,18.0,0.0,18.0,14.486914247436363,3.5130857525636374,Spring,PRODUCE_PRIORITY
658.0,small_family,13.420280413382804,6.5,0.0,6.5,13.420280413382804,-6.9202804133828035,Spring,PRODUCE_PRIORITY
659.0,apartment,5.002503865626913,3.6399999999999997,0.0,3.6399999999999997,5.002503865626913,-1.362503865626914,Spring,PRODUCE_PRIORITY
659.0,family_house,7.205172149442348,10.08,0.0,10.08,7.205172149442348,2.874827850557651,Spring,PRODUCE_PRIORITY
659.0,luxury_house,7.498978624007168,18.0,0.0,18.0,7.498978624007168,10.501021375992831,Spring,PRODUCE_PRIORITY
659.0,small_family,6.946848323199603,6.5,0.0,6.5,6.946848323199603,-0.44684832319960327,Spring,PRODUCE_PRIORITY
660.0,apartment,2.3670206898165344e-15,3.6399999999999997,0.0,3.6399999999999997,2.3670206898165344e-15,3.639999999999997,Spring,PRODUCE_PRIORITY
660.0,family_house,3.4092510489809697e-15,10.08,0.0,10.08,3.4092510489809697e-15,10.079999999999997,Spring,PRODUCE_PRIORITY
660.0,luxury_house,3.5482706325290232e-15,18.0,0.0,18.0,3.5482706325290232e-15,17.999999999999996,Spring,PRODUCE_PRIORITY
660.0,small_family,3.287020690381832e-15,6.5,0.0,6.5,3.287020690381832e-15,6.4999999999999964,Spring,PRODUCE_PRIORITY
661.0,apartment,0.0,3.6399999999999997,0.0,3.6399999999999997,0.0,3.6399999999999997,Spring,PRODUCE_PRIORITY
661.0,family_house,0.0,10.08,0.0,10.08,0.0,10.08,Spring,PRODUCE_PRIORITY
661.0,luxury_house,0.0,18.0,0.0,18.0,0.0,18.0,Spring,PRODUCE_PRIORITY
661.0,small_family,0.0,6.5,0.0,6.5,0.0,6.5,Spring,PRODUCE_PRIORITY
662.0,apartment,0.0,3.6399999999999997,0.0,3.6399999999999997,0.0,3.6399999999999997,Spring,PRODUCE_PRIORITY
662.0,family_house,0.0,10.08,0.0,10.08,0.0,10.08,Spring,PRODUCE_PRIORITY
662.0,luxury_house,0.0,18.0,0.0,18.0,0.0,18.0,Spring,PRODUCE_PRIORITY
662.0,small_family,0.0,6.5,0.0,6.5,0.0,6.5,Spring,PRODUCE_PRIORITY
663.0,apartment,0.0,3.6399999999999997,0.0,3.6399999999999997,0.0,3.6399999999999997,Spring,PRODUCE_PRIORITY
663.0,family_house,0.0,10.08,0.0,10.08,0.0,10.08,Spring,PRODUCE_PRIORITY
663.0,luxury_house,0.0,18.0,0.0,18.0,0.0,18.0,Spring,PRODUCE_PRIORITY
663.0,small_family,0.0,6.5,0.0,6.5,0.0,6.5,Spring,PRODUCE_PRIORITY
664.0,apartment,0.0,3.6399999999999997,0.0,3.6399999999999997,0.0,3.6399999999999997,Spring,PRODUCE_PRIORITY
664.0,family_house,0.0,10.08,0.0,10.08,0.0,10.08,Spring,PRODUCE_PRIORITY
664.0,luxury_house,0.0,18.0,0.0,18.0,0.0,18.0,Spring,PRODUCE_PRIORITY
664.0,small_family,0.0,6.5,0.0,6.5,0.0,6.5,Spring,PRODUCE_PRIORITY
665.0,apartment,0.0,3.6399999999999997,0.0,3.6399999999999997,0.0,3.6399999999999997,Spring,PRODUCE_PRIORITY
665.0,family_house,0.0,10.08,0.0,10.08,0.0,10.08,Spring,PRODUCE_PRIORITY
665.0,luxury_house,0.0,18.0,0.0,18.0,0.0,18.0,Spring,PRODUCE_PRIORITY
665.0,small_family,0.0,6.5,0.0,6.5,0.0,6.5,Spring,PRODUCE_PRIORITY
666.0,apartment,0.0,21.904819346931596,0.0,21.904819346931596,0.0,21.904819346931596,Spring,PRODUCE_PRIORITY
666.0,family_house,0.0,23.912315059330407,0.0,23.912315059330407,0.0,23.912315059330407,Spring,PRODUCE_PRIORITY
666.0,luxury_house,0.0,35.196459619573,0.0,35.196459619573,0.0,35.196459619573,Spring,PRODUCE_PRIORITY
666.0,small_family,0.0,26.83974162540134,0.0,26.83974162540134,0.0,26.83974162540134,Spring,PRODUCE_PRIORITY
667.0,apartment,0.0,18.78560374822751,0.0,18.78560374822751,0.0,18.78560374822751,Spring,PRODUCE_PRIORITY
667.0,family_house,0.0,28.189634766243625,0.0,28.189634766243625,0.0,28.189634766243625,Spring,PRODUCE_PRIORITY
667.0,luxury_house,0.0,34.27953740869665,0.0,34.27953740869665,0.0,34.27953740869665,Spring,PRODUCE_PRIORITY
667.0,small_family,0.0,24.822759639771824,0.0,24.822759639771824,0.0,24.822759639771824,Spring,PRODUCE_PRIORITY
668.0,apartment,0.0,25.185336416029195,0.0,25.185336416029195,0.0,25.185336416029195,Spring,PRODUCE_PRIORITY
668.0,family_house,0.0,25.286504014011356,0.0,25.286504014011356,0.0,25.286504014011356,Spring,PRODUCE_PRIORITY
668.0,luxury_house,0.0,39.607395530615776,0.0,39.607395530615776,0.0,39.607395530615776,Spring,PRODUCE_PRIORITY
668.0,small_family,0.0,25.9993665833998,0.0,25.9993665833998,0.0,25.9993665833998,Spring,PRODUCE_PRIORITY
669.0,apartment,0.0,21.81922643954784,0.0,21.81922643954784,0.0,21.81922643954784,Spring,PRODUCE_PRIORITY
669.0,family_house,0.0,29.05459862233032,0.0,29.05459862233032,0.0,29.05459862233032,Spring,PRODUCE_PRIORITY
669.0,luxury_house,0.0,35.39727040879322,0.0,35.39727040879322,0.0,35.39727040879322,Spring,PRODUCE_PRIORITY
669.0,small_family,0.0,24.1890889258565,0.0,24.1890889258565,0.0,24.1890889258565,Spring,PRODUCE_PRIORITY
670.0,apartment,0.0,3.6399999999999997,0.0,3.6399999999999997,0.0,3.6399999999999997,Spring,PRODUCE_PRIORITY
670.0,family_house,0.0,10.08,0.0,10.08,0.0,10.08,Spring,PRODUCE_PRIORITY
670.0,luxury_house,0.0,18.0,0.0,18.0,0.0,18.0,Spring,PRODUCE_PRIORITY
670.0,small_family,0.0,6.5,0.0,6.5,0.0,6.5,Spring,PRODUCE_PRIORITY
671.0,apartment,0.0,3.6399999999999997,0.0,3.6399999999999997,0.0,3.6399999999999997,Spring,PRODUCE_PRIORITY
671.0,family_house,0.0,10.08,0.0,10.08,0.0,10.08,Spring,PRODUCE_PRIORITY
671.0,luxury_house,0.0,18.0,0.0,18.0,0.0,18.0,Spring,PRODUCE_PRIORITY
671.0,small_family,0.0,6.5,0.0,6.5,0.0,6.5,Spring,PRODUCE_PRIORITY
672.0,apartment,0.0,3.6399999999999997,0.0,3.6399999999999997,0.0,3.6399999999999997,Spring,PRODUCE_PRIORITY
672.0,family_house,0.0,10.08,0.0,10.08,0.0,10.08,Spring,PRODUCE_PRIORITY
672.0,luxury_house,0.0,18.0,0.0,18.0,0.0,18.0,Spring,PRODUCE_PRIORITY
672.0,small_family,0.0,6.5,0.0,6.5,0.0,6.5,Spring,PRODUCE_PRIORITY
673.0,apartment,5.395751865328874,3.6399999999999997,0.0,3.6399999999999997,5.395751865328874,-1.7557518653288746,Spring,PRODUCE_PRIORITY
673.0,family_house,4.805170537984069,10.08,0.0,10.08,4.805170537984069,5.27482946201593,Spring,PRODUCE_PRIORITY
673.0,luxury_house,8.108114407974833,18.0,0.0,18.0,8.108114407974833,9.891885592025167,Spring,PRODUCE_PRIORITY
673.0,small_family,7.112877396769011,6.5,0.0,6.5,7.112877396769011,-0.6128773967690109,Spring,PRODUCE_PRIORITY
674.0,apartment,10.423792157937148,3.6399999999999997,0.0,3.6399999999999997,10.423792157937148,-6.783792157937148,Spring,PRODUCE_PRIORITY
674.0,family_house,9.282876644724297,10.08,0.0,10.08,9.282876644724297,0.7971233552757028,Spring,PRODUCE_PRIORITY
674.0,luxury_house,15.66367421833878,18.0,0.0,18.0,15.66367421833878,2.3363257816612197,Spring,PRODUCE_PRIORITY
674.0,small_family,13.741023953533887,6.5,0.0,6.5,13.741023953533887,-7.241023953533887,Spring,PRODUCE_PRIORITY
675.0,apartment,14.74146824111303,3.6399999999999997,0.0,3.6399999999999997,14.74146824111303,-11.10146824111303,Spring,PRODUCE_PRIORITY
675.0,family_house,13.127970048805555,10.08,0.0,10.08,13.127970048805555,-3.0479700488055554,Spring,PRODUCE_PRIORITY
675.0,luxury_house,22.151780516168493,18.0,0.0,18.0,22.151780516168493,-4.151780516168495,Spring,PRODUCE_PRIORITY
675.0,small_family,19.432742435981194,6.5,0.0,6.5,19.432742435981194,-12.932742435981194,Spring,PRODUCE_PRIORITY
676.0,apartment,18.05453762508517,3.6399999999999997,0.0,3.6399999999999997,18.05453762508517,-14.414537625085172,Spring,PRODUCE_PRIORITY
676.0,family_house,16.07841398905699,10.08,0.0,10.08,16.07841398905699,-5.998413989056991,Spring,PRODUCE_PRIORITY
676.0,luxury_house,26.85008728056525,18.0,0.0,18.0,26.85008728056525,-8.85008728056525,Spring,PRODUCE_PRIORITY
676.0,small_family,23.800151635541656,6.5,0.0,6.5,23.800151635541656,-17.300151635541656,Spring,PRODUCE_PRIORITY
677.0,apartment,20.1372201064419,3.6399999999999997,0.0,3.6399999999999997,20.1372201064419,-16.4972201064419,Spring,PRODUCE_PRIORITY
677.0,family_house,17.933140586789623,10.08,0.0,10.08,17.933140586789623,-7.853140586789623,Spring,PRODUCE_PRIORITY
677.0,luxury_house,29.48596073603299,18.0,0.0,18.0,29.48596073603299,-11.48596073603299,Spring,PRODUCE_PRIORITY
677.0,small_family,26.545619832750198,6.5,0.0,6.5,26.545619832750198,-20.045619832750198,Spring,PRODUCE_PRIORITY
678.0,apartment,20.8475843158743,3.6399999999999997,0.0,3.6399999999999997,20.8475843158743,-17.2075843158743,Spring,PRODUCE_PRIORITY
678.0,family_house,18.565753289448597,10.08,0.0,10.08,18.565753289448597,-8.485753289448597,Spring,PRODUCE_PRIORITY
678.0,luxury_house,30.385008084881584,18.0,0.0,18.0,30.385008084881584,-12.385008084881582,Spring,PRODUCE_PRIORITY
678.0,small_family,27.482047907067777,6.5,0.0,6.5,27.482047907067777,-20.982047907067777,Spring,PRODUCE_PRIORITY
679.0,apartment,20.137220106441905,3.6399999999999997,0.0,3.6399999999999997,20.137220106441905,-16.497220106441905,Spring,PRODUCE_PRIORITY
679.0,family_house,17.933140586789623,10.08,0.0,10.08,17.933140586789623,-7.853140586789623,Spring,PRODUCE_PRIORITY
679.0,luxury_house,29.48596073603299,18.0,0.0,18.0,29.48596073603299,-11.48596073603299,Spring,PRODUCE_PRIORITY
679.0,small_family,26.545619832750205,6.5,0.0,6.5,26.545619832750205,-20.045619832750205,Spring,PRODUCE_PRIORITY
680.0,apartment,18.05453762508517,3.6399999999999997,0.0,3.6399999999999997,18.05453762508517,-14.414537625085172,Spring,PRODUCE_PRIORITY
680.0,family_house,16.078413989056994,10.08,0.0,10.08,16.078413989056994,-5.998413989056995,Spring,PRODUCE_PRIORITY
680.0,luxury_house,26.850087280565255,18.0,0.0,18.0,26.850087280565255,-8.850087280565253,Spring,PRODUCE_PRIORITY
680.0,small_family,23.80015163554166,6.5,0.0,6.5,23.80015163554166,-17.30015163554166,Spring,PRODUCE_PRIORITY
681.0,apartment,14.74146824111303,3.6399999999999997,0.0,3.6399999999999997,14.74146824111303,-11.10146824111303,Spring,PRODUCE_PRIORITY
681.0,family_house,13.127970048805555,10.08,0.0,10.08,13.127970048805555,-3.0479700488055554,Spring,PRODUCE_PRIORITY
681.0,luxury_house,22.151780516168493,18.0,0.0,18.0,22.151780516168493,-4.151780516168495,Spring,PRODUCE_PRIORITY
681.0,small_family,19.432742435981194,6.5,0.0,6.5,19.432742435981194,-12.932742435981194,Spring,PRODUCE_PRIORITY
682.0,apartment,10.423792157937156,3.6399999999999997,0.0,3.6399999999999997,10.423792157937156,-6.783792157937156,Spring,PRODUCE_PRIORITY
682.0,family_house,9.282876644724304,10.08,0.0,10.08,9.282876644724304,0.7971233552756953,Spring,PRODUCE_PRIORITY
682.0,luxury_house,15.663674218338791,18.0,0.0,18.0,15.663674218338791,2.336325781661208,Spring,PRODUCE_PRIORITY
682.0,small_family,13.741023953533897,6.5,0.0,6.5,13.741023953533897,-7.241023953533897,Spring,PRODUCE_PRIORITY
683.0,apartment,5.39575186532888,3.6399999999999997,0.0,3.6399999999999997,5.39575186532888,-1.7557518653288808,Spring,PRODUCE_PRIORITY
683.0,family_house,4.805170537984075,10.08,0.0,10.08,4.805170537984075,5.2748294620159255,Spring,PRODUCE_PRIORITY
683.0,luxury_house,8.108114407974842,18.0,0.0,18.0,8.108114407974842,9.891885592025158,Spring,PRODUCE_PRIORITY
683.0,small_family,7.112877396769019,6.5,0.0,6.5,7.112877396769019,-0.612877396769019,Spring,PRODUCE_PRIORITY
684.0,apartment,2.553092740239002e-15,3.6399999999999997,0.0,3.6399999999999997,2.553092740239002e-15,3.639999999999997,Spring,PRODUCE_PRIORITY
684.0,family_house,2.273649033968267e-15,10.08,0.0,10.08,2.273649033968267e-15,10.079999999999998,Spring,PRODUCE_PRIORITY
684.0,luxury_house,3.836493698875102e-15,18.0,0.0,18.0,3.836493698875102e-15,17.999999999999996,Spring,PRODUCE_PRIORITY
684.0,small_family,3.3655802003404772e-15,6.5,0.0,6.5,3.3655802003404772e-15,6.4999999999999964,Spring,PRODUCE_PRIORITY
685.0,apartment,0.0,3.6399999999999997,0.0,3.6399999999999997,0.0,3.6399999999999997,Spring,PRODUCE_PRIORITY
685.0,family_house,0.0,10.08,0.0,10.08,0.0,10.08,Spring,PRODUCE_PRIORITY
685.0,luxury_house,0.0,18.0,0.0,18.0,0.0,18.0,Spring,PRODUCE_PRIORITY
685.0,small_family,0.0,6.5,0.0,6.5,0.0,6.5,Spring,PRODUCE_PRIORITY
686.0,apartment,0.0,3.6399999999999997,0.0,3.6399999999999997,0.0,3.6399999999999997,Spring,PRODUCE_PRIORITY
686.0,family_house,0.0,10.08,0.0,10.08,0.0,10.08,Spring,PRODUCE_PRIORITY
686.0,luxury_house,0.0,18.0,0.0,18.0,0.0,18.0,Spring,PRODUCE_PRIORITY
686.0,small_family,0.0,6.5,0.0,6.5,0.0,6.5,Spring,PRODUCE_PRIORITY
687.0,apartment,0.0,3.6399999999999997,0.0,3.6399999999999997,0.0,3.6399999999999997,Spring,PRODUCE_PRIORITY
687.0,family_house,0.0,10.08,0.0,10.08,0.0,10.08,Spring,PRODUCE_PRIORITY
687.0,luxury_house,0.0,18.0,0.0,18.0,0.0,18.0,Spring,PRODUCE_PRIORITY
687.0,small_family,0.0,6.5,0.0,6.5,0.0,6.5,Spring,PRODUCE_PRIORITY
688.0,apartment,0.0,3.6399999999999997,0.0,3.6399999999999997,0.0,3.6399999999999997,Spring,PRODUCE_PRIORITY
688.0,family_house,0.0,10.08,0.0,10.08,0.0,10.08,Spring,PRODUCE_PRIORITY
688.0,luxury_house,0.0,18.0,0.0,18.0,0.0,18.0,Spring,PRODUCE_PRIORITY
688.0,small_family,0.0,6.5,0.0,6.5,0.0,6.5,Spring,PRODUCE_PRIORITY
689.0,apartment,0.0,3.6399999999999997,0.0,3.6399999999999997,0.0,3.6399999999999997,Spring,PRODUCE_PRIORITY
689.0,family_house,0.0,10.08,0.0,10.08,0.0,10.08,Spring,PRODUCE_PRIORITY
689.0,luxury_house,0.0,18.0,0.0,18.0,0.0,18.0,Spring,PRODUCE_PRIORITY
689.0,small_family,0.0,6.5,0.0,6.5,0.0,6.5,Spring,PRODUCE_PRIORITY
690.0,apartment,0.0,19.775990329228353,0.0,19.775990329228353,0.0,19.775990329228353,Spring,PRODUCE_PRIORITY
690.0,family_house,0.0,27.21343584439145,0.0,27.21343584439145,0.0,27.21343584439145,Spring,PRODUCE_PRIORITY
690.0,luxury_house,0.0,38.28863351379096,0.0,38.28863351379096,0.0,38.28863351379096,Spring,PRODUCE_PRIORITY
690.0,small_family,0.0,26.48330980857326,0.0,26.48330980857326,0.0,26.48330980857326,Spring,PRODUCE_PRIORITY
691.0,apartment,0.0,19.460172760580317,0.0,19.460172760580317,0.0,19.460172760580317,Spring,PRODUCE_PRIORITY
691.0,family_house,0.0,29.255941320824576,0.0,29.255941320824576,0.0,29.255941320824576,Spring,PRODUCE_PRIORITY
691.0,luxury_house,0.0,34.88246139120924,0.0,34.88246139120924,0.0,34.88246139120924,Spring,PRODUCE_PRIORITY
691.0,small_family,0.0,32.174765144880595,0.0,32.174765144880595,0.0,32.174765144880595,Spring,PRODUCE_PRIORITY
692.0,apartment,0.0,18.94982148715807,0.0,18.94982148715807,0.0,18.94982148715807,Spring,PRODUCE_PRIORITY
692.0,family_house,0.0,26.811936969125195,0.0,26.811936969125195,0.0,26.811936969125195,Spring,PRODUCE_PRIORITY
692.0,luxury_house,0.0,31.54106021314436,0.0,31.54106021314436,0.0,31.54106021314436,Spring,PRODUCE_PRIORITY
692.0,small_family,0.0,26.2354732706626,0.0,26.2354732706626,0.0,26.2354732706626,Spring,PRODUCE_PRIORITY
693.0,apartment,0.0,20.712566557721118,0.0,20.712566557721118,0.0,20.712566557721118,Spring,PRODUCE_PRIORITY
693.0,family_house,0.0,25.3407651894995,0.0,25.3407651894995,0.0,25.3407651894995,Spring,PRODUCE_PRIORITY
693.0,luxury_house,0.0,36.93022161552754,0.0,36.93022161552754,0.0,36.93022161552754,Spring,PRODUCE_PRIORITY
693.0,small_family,0.0,27.003054540594597,0.0,27.003054540594597,0.0,27.003054540594597,Spring,PRODUCE_PRIORITY
694.0,apartment,0.0,3.6399999999999997,0.0,3.6399999999999997,0.0,3.6399999999999997,Spring,PRODUCE_PRIORITY
694.0,family_house,0.0,10.08,0.0,10.08,0.0,10.08,Spring,PRODUCE_PRIORITY
694.0,luxury_house,0.0,18.0,0.0,18.0,0.0,18.0,Spring,PRODUCE_PRIORITY
694.0,small_family,0.0,6.5,0.0,6.5,0.0,6.5,Spring,PRODUCE_PRIORITY
695.0,apartment,0.0,3.6399999999999997,0.0,3.6399999999999997,0.0,3.6399999999999997,Spring,PRODUCE_PRIORITY
695.0,family_house,0.0,10.08,0.0,10.08,0.0,10.08,Spring,PRODUCE_PRIORITY
695.0,luxury_house,0.0,18.0,0.0,18.0,0.0,18.0,Spring,PRODUCE_PRIORITY
695.0,small_family,0.0,6.5,0.0,6.5,0.0,6.5,Spring,PRODUCE_PRIORITY
696.0,apartment,0.0,3.6399999999999997,0.0,3.6399999999999997,0.0,3.6399999999999997,Spring,PRODUCE_PRIORITY
696.0,family_house,0.0,10.08,0.0,10.08,0.0,10.08,Spring,PRODUCE_PRIORITY
696.0,luxury_house,0.0,18.0,0.0,18.0,0.0,18.0,Spring,PRODUCE_PRIORITY
696.0,small_family,0.0,6.5,0.0,6.5,0.0,6.5,Spring,PRODUCE_PRIORITY
697.0,apartment,4.604511965858986,3.6399999999999997,0.0,3.6399999999999997,4.604511965858986,-0.9645119658589869,Spring,PRODUCE_PRIORITY
697.0,family_house,5.3016417328366545,10.08,0.0,10.08,5.3016417328366545,4.7783582671633456,Spring,PRODUCE_PRIORITY
697.0,luxury_house,7.434610657567522,18.0,0.0,18.0,7.434610657567522,10.565389342432479,Spring,PRODUCE_PRIORITY
697.0,small_family,6.304272982900353,6.5,0.0,6.5,6.304272982900353,0.19572701709964707,Spring,PRODUCE_PRIORITY
698.0,apartment,8.895234050560486,3.6399999999999997,0.0,3.6399999999999997,8.895234050560486,-5.255234050560487,Spring,PRODUCE_PRIORITY
698.0,family_house,10.241985342957705,10.08,0.0,10.08,10.241985342957705,-0.16198534295770572,Spring,PRODUCE_PRIORITY
698.0,luxury_house,14.362564885096845,18.0,0.0,18.0,14.362564885096845,3.6374351149031563,Spring,PRODUCE_PRIORITY
698.0,small_family,12.178920180319745,6.5,0.0,6.5,12.178920180319745,-5.678920180319744,Spring,PRODUCE_PRIORITY
699.0,apartment,12.579760634785606,3.6399999999999997,0.0,3.6399999999999997,12.579760634785606,-8.939760634785605,Spring,PRODUCE_PRIORITY
699.0,family_house,14.484354577637244,10.08,0.0,10.08,14.484354577637244,-4.404354577637245,Spring,PRODUCE_PRIORITY
699.0,luxury_house,20.31173405096753,18.0,0.0,18.0,20.31173405096753,-2.311734050967532,Spring,PRODUCE_PRIORITY
699.0,small_family,17.22359409406757,6.5,0.0,6.5,17.22359409406757,-10.723594094067568,Spring,PRODUCE_PRIORITY
700.0,apartment,15.406997320787468,3.6399999999999997,0.0,3.6399999999999997,15.406997320787468,-11.76699732078747,Spring,PRODUCE_PRIORITY
700.0,family_house,17.739638984378498,10.08,0.0,10.08,17.739638984378498,-7.659638984378501,Spring,PRODUCE_PRIORITY
700.0,luxury_house,24.74599903086903,18.0,0.0,18.0,24.74599903086903,-6.745999030869028,Spring,PRODUCE_PRIORITY
700.0,small_family,21.09450853363971,6.5,0.0,6.5,21.09450853363971,-14.594508533639711,Spring,PRODUCE_PRIORITY
701.0,apartment,17.18427260064459,3.6399999999999997,0.0,3.6399999999999997,17.18427260064459,-13.54427260064459,Spring,PRODUCE_PRIORITY
701.0,family_house,19.785996310473898,10.08,0.0,10.08,19.785996310473898,-9.705996310473898,Spring,PRODUCE_PRIORITY
701.0,luxury_house,27.139155235534272,18.0,0.0,18.0,27.139155235534272,-9.139155235534272,Spring,PRODUCE_PRIORITY
701.0,small_family,23.527867076967915,6.5,0.0,6.5,23.527867076967915,-17.027867076967915,Spring,PRODUCE_PRIORITY
702.0,apartment,17.790468101120975,3.6399999999999997,0.0,3.6399999999999997,17.790468101120975,-14.150468101120977,Spring,PRODUCE_PRIORITY
702.0,family_house,20.372219001802375,10.08,0.0,10.08,20.372219001802375,-10.292219001802374,Spring,PRODUCE_PRIORITY
702.0,luxury_house,27.9554162501599,18.0,0.0,18.0,27.9554162501599,-9.955416250159898,Spring,PRODUCE_PRIORITY
702.0,small_family,24.357840360639493,6.5,0.0,6.5,24.357840360639493,-17.857840360639493,Spring,PRODUCE_PRIORITY
703.0,apartment,17.18427260064459,3.6399999999999997,0.0,3.6399999999999997,17.18427260064459,-13.544272600644591,Spring,PRODUCE_PRIORITY
703.0,family_house,19.785996310473898,10.08,0.0,10.08,19.785996310473898,-9.705996310473898,Spring,PRODUCE_PRIORITY
703.0,luxury_house,27.139155235534272,18.0,0.0,18.0,27.139155235534272,-9.139155235534272,Spring,PRODUCE_PRIORITY
703.0,small_family,23.527867076967922,6.5,0.0,6.5,23.527867076967922,-17.027867076967922,Spring,PRODUCE_PRIORITY
704.0,apartment,15.406997320787468,3.6399999999999997,0.0,3.6399999999999997,15.406997320787468,-11.76699732078747,Spring,PRODUCE_PRIORITY
704.0,family_house,17.7396389843785,10.08,0.0,10.08,17.7396389843785,-7.659638984378503,Spring,PRODUCE_PRIORITY
704.0,luxury_house,24.74599903086903,18.0,0.0,18.0,24.74599903086903,-6.745999030869031,Spring,PRODUCE_PRIORITY
704.0,small_family,21.094508533639715,6.5,0.0,6.5,21.094508533639715,-14.594508533639715,Spring,PRODUCE_PRIORITY
705.0,apartment,12.579760634785606,3.6399999999999997,0.0,3.6399999999999997,12.579760634785606,-8.939760634785605,Spring,PRODUCE_PRIORITY
705.0,family_house,14.484354577637244,10.08,0.0,10.08,14.484354577637244,-4.404354577637245,Spring,PRODUCE_PRIORITY
705.0,luxury_house,20.31173405096753,18.0,0.0,18.0,20.31173405096753,-2.311734050967532,Spring,PRODUCE_PRIORITY
705.0,small_family,17.22359409406757,6.5,0.0,6.5,17.22359409406757,-10.723594094067568,Spring,PRODUCE_PRIORITY
706.0,apartment,8.895234050560493,3.6399999999999997,0.0,3.6399999999999997,8.895234050560493,-5.255234050560493,Spring,PRODUCE_PRIORITY
706.0,family_house,10.241985342957713,10.08,0.0,10.08,10.241985342957713,-0.16198534295771394,Spring,PRODUCE_PRIORITY
706.0,luxury_house,14.362564885096855,18.0,0.0,18.0,14.362564885096855,3.6374351149031456,Spring,PRODUCE_PRIORITY
706.0,small_family,12.178920180319754,6.5,0.0,6.5,12.178920180319754,-5.6789201803197535,Spring,PRODUCE_PRIORITY
707.0,apartment,4.6045119658589915,3.6399999999999997,0.0,3.6399999999999997,4.6045119658589915,-0.964511965858992,Spring,PRODUCE_PRIORITY
707.0,family_house,5.30164173283666,10.08,0.0,10.08,5.30164173283666,4.778358267163339,Spring,PRODUCE_PRIORITY
707.0,luxury_house,7.43461065756753,18.0,0.0,18.0,7.43461065756753,10.56538934243247,Spring,PRODUCE_PRIORITY
707.0,small_family,6.30427298290036,6.5,0.0,6.5,6.30427298290036,0.19572701709963986,Spring,PRODUCE_PRIORITY
708.0,apartment,2.1787039815370893e-15,3.6399999999999997,0.0,3.6399999999999997,2.1787039815370893e-15,3.6399999999999975,Spring,PRODUCE_PRIORITY
708.0,family_house,2.5085629134334526e-15,10.08,0.0,10.08,2.5085629134334526e-15,10.079999999999997,Spring,PRODUCE_PRIORITY
708.0,luxury_house,3.517813822816005e-15,18.0,0.0,18.0,3.517813822816005e-15,17.999999999999996,Spring,PRODUCE_PRIORITY
708.0,small_family,2.982975123179937e-15,6.5,0.0,6.5,2.982975123179937e-15,6.499999999999997,Spring,PRODUCE_PRIORITY
709.0,apartment,0.0,3.6399999999999997,0.0,3.6399999999999997,0.0,3.6399999999999997,Spring,PRODUCE_PRIORITY
709.0,family_house,0.0,10.08,0.0,10.08,0.0,10.08,Spring,PRODUCE_PRIORITY
709.0,luxury_house,0.0,18.0,0.0,18.0,0.0,18.0,Spring,PRODUCE_PRIORITY
709.0,small_family,0.0,6.5,0.0,6.5,0.0,6.5,Spring,PRODUCE_PRIORITY
710.0,apartment,0.0,3.6399999999999997,0.0,3.6399999999999997,0.0,3.6399999999999997,Spring,PRODUCE_PRIORITY
710.0,family_house,0.0,10.08,0.0,10.08,0.0,10.08,Spring,PRODUCE_PRIORITY
710.0,luxury_house,0.0,18.0,0.0,18.0,0.0,18.0,Spring,PRODUCE_PRIORITY
710.0,small_family,0.0,6.5,0.0,6.5,0.0,6.5,Spring,PRODUCE_PRIORITY
711.0,apartment,0.0,3.6399999999999997,0.0,3.6399999999999997,0.0,3.6399999999999997,Spring,PRODUCE_PRIORITY
711.0,family_house,0.0,10.08,0.0,10.08,0.0,10.08,Spring,PRODUCE_PRIORITY
711.0,luxury_house,0.0,18.0,0.0,18.0,0.0,18.0,Spring,PRODUCE_PRIORITY
711.0,small_family,0.0,6.5,0.0,6.5,0.0,6.5,Spring,PRODUCE_PRIORITY
712.0,apartment,0.0,3.6399999999999997,0.0,3.6399999999999997,0.0,3.6399999999999997,Spring,PRODUCE_PRIORITY
712.0,family_house,0.0,10.08,0.0,10.08,0.0,10.08,Spring,PRODUCE_PRIORITY
712.0,luxury_house,0.0,18.0,0.0,18.0,0.0,18.0,Spring,PRODUCE_PRIORITY
712.0,small_family,0.0,6.5,0.0,6.5,0.0,6.5,Spring,PRODUCE_PRIORITY
713.0,apartment,0.0,3.6399999999999997,0.0,3.6399999999999997,0.0,3.6399999999999997,Spring,PRODUCE_PRIORITY
713.0,family_house,0.0,10.08,0.0,10.08,0.0,10.08,Spring,PRODUCE_PRIORITY
713.0,luxury_house,0.0,18.0,0.0,18.0,0.0,18.0,Spring,PRODUCE_PRIORITY
713.0,small_family,0.0,6.5,0.0,6.5,0.0,6.5,Spring,PRODUCE_PRIORITY
714.0,apartment,0.0,25.296992323716257,0.0,25.296992323716257,0.0,25.296992323716257,Spring,PRODUCE_PRIORITY
714.0,family_house,0.0,23.707127127166046,0.0,23.707127127166046,0.0,23.707127127166046,Spring,PRODUCE_PRIORITY
714.0,luxury_house,0.0,39.09819799484353,0.0,39.09819799484353,0.0,39.09819799484353,Spring,PRODUCE_PRIORITY
714.0,small_family,0.0,22.05549972953898,0.0,22.05549972953898,0.0,22.05549972953898,Spring,PRODUCE_PRIORITY
715.0,apartment,0.0,22.445051529290236,0.0,22.445051529290236,0.0,22.445051529290236,Spring,PRODUCE_PRIORITY
715.0,family_house,0.0,27.39724381712611,0.0,27.39724381712611,0.0,27.39724381712611,Spring,PRODUCE_PRIORITY
715.0,luxury_house,0.0,43.4159939590186,0.0,43.4159939590186,0.0,43.4159939590186,Spring,PRODUCE_PRIORITY
715.0,small_family,0.0,23.680255352536022,0.0,23.680255352536022,0.0,23.680255352536022,Spring,PRODUCE_PRIORITY
716.0,apartment,0.0,19.901436243897574,0.0,19.901436243897574,0.0,19.901436243897574,Spring,PRODUCE_PRIORITY
716.0,family_house,0.0,26.940547205690084,0.0,26.940547205690084,0.0,26.940547205690084,Spring,PRODUCE_PRIORITY
716.0,luxury_house,0.0,40.049926626500735,0.0,40.049926626500735,0.0,40.049926626500735,Spring,PRODUCE_PRIORITY
716.0,small_family,0.0,26.17137319469591,0.0,26.17137319469591,0.0,26.17137319469591,Spring,PRODUCE_PRIORITY
717.0,apartment,0.0,26.503120193768027,0.0,26.503120193768027,0.0,26.503120193768027,Spring,PRODUCE_PRIORITY
717.0,family_house,0.0,28.239495553367618,0.0,28.239495553367618,0.0,28.239495553367618,Spring,PRODUCE_PRIORITY
717.0,luxury_house,0.0,38.772329714016095,0.0,38.772329714016095,0.0,38.772329714016095,Spring,PRODUCE_PRIORITY
717.0,small_family,0.0,26.895505686240863,0.0,26.895505686240863,0.0,26.895505686240863,Spring,PRODUCE_PRIORITY
718.0,apartment,0.0,3.6399999999999997,0.0,3.6399999999999997,0.0,3.6399999999999997,Spring,PRODUCE_PRIORITY
718.0,family_house,0.0,10.08,0.0,10.08,0.0,10.08,Spring,PRODUCE_PRIORITY
718.0,luxury_house,0.0,18.0,0.0,18.0,0.0,18.0,Spring,PRODUCE_PRIORITY
718.0,small_family,0.0,6.5,0.0,6.5,0.0,6.5,Spring,PRODUCE_PRIORITY
719.0,apartment,0.0,3.6399999999999997,0.0,3.6399999999999997,0.0,3.6399999999999997,Spring,PRODUCE_PRIORITY
719.0,family_house,0.0,10.08,0.0,10.08,0.0,10.08,Spring,PRODUCE_PRIORITY
719.0,luxury_house,0.0,18.0,0.0,18.0,0.0,18.0,Spring,PRODUCE_PRIORITY
719.0,small_family,0.0,6.5,0.0,6.5,0.0,6.5,Spring,PRODUCE_PRIORITY
