time,household_type,generation_kwh,load_kwh,self_consumed_kwh,grid_import,grid_export,net_load_kwh,season,strategy
0.0,apartment,0.0,3.6399999999999997,3.6399999999999997,0.0,0.0,3.6399999999999997,Fall,CHARGE_PRIORITY
0.0,family_house,0.0,10.08,10.08,0.0,0.0,10.08,Fall,CHARGE_PRIORITY
0.0,luxury_house,0.0,18.0,18.0,0.0,0.0,18.0,Fall,CHARGE_PRIORITY
0.0,small_family,0.0,6.5,6.5,0.0,0.0,6.5,Fall,CHARGE_PRIORITY
1.0,apartment,5.008391670731971,3.6399999999999997,3.6399999999999997,0.0,0.0,-1.3683916707319717,Fall,CHARGE_PRIORITY
1.0,family_house,9.653723906632656,10.08,10.08,0.0,0.0,0.42627609336734285,Fall,CHARGE_PRIORITY
1.0,luxury_house,14.256714163956717,18.0,18.0,0.0,0.0,3.743285836043283,Fall,CHARGE_PRIORITY
1.0,small_family,7.800348169849869,6.5,6.5,0.0,0.0,-1.300348169849869,Fall,CHARGE_PRIORITY
2.0,apartment,9.675469725862133,3.6399999999999997,3.6399999999999997,0.0,0.0,-6.035469725862132,Fall,CHARGE_PRIORITY
2.0,family_house,18.64956248256136,10.08,10.08,0.0,0.0,-8.569562482561363,Fall,CHARGE_PRIORITY
2.0,luxury_house,27.54185681797391,18.0,18.0,0.0,0.0,-9.541856817973908,Fall,CHARGE_PRIORITY
2.0,small_family,15.06911550260931,6.5,6.5,0.0,0.0,-8.56911550260931,Fall,CHARGE_PRIORITY
3.0,apartment,13.683180508644524,3.6399999999999997,3.6399999999999997,0.0,0.0,-10.043180508644523,Fall,CHARGE_PRIORITY
3.0,family_house,26.37446419516273,10.08,10.08,0.0,0.0,-16.294464195162732,Fall,CHARGE_PRIORITY
3.0,luxury_house,38.61738115050917,18.0,18.0,0.0,0.0,-20.617381150509168,Fall,CHARGE_PRIORITY
3.0,small_family,21.31094751675675,6.5,6.5,0.0,0.0,-14.810947516756753,Fall,CHARGE_PRIORITY
4.0,apartment,16.758405152287732,3.6399999999999997,3.6399999999999997,0.0,1.2537327113389296,-13.118405152287732,Fall,CHARGE_PRIORITY
4.0,family_house,31.365932976385672,10.08,10.08,0.0,0.27122043905620863,-21.285932976385673,Fall,CHARGE_PRIORITY
4.0,luxury_house,42.0577966389935,18.0,18.0,0.0,0.0,-24.057796638993505,Fall,CHARGE_PRIORITY
4.0,small_family,26.100473675643148,6.5,6.5,0.0,6.666330827030931,-19.600473675643148,Fall,CHARGE_PRIORITY
5.0,apartment,18.691572179376493,3.6399999999999997,3.6399999999999997,0.0,8.110318379446205,-15.051572179376492,Fall,CHARGE_PRIORITY
5.0,family_house,33.481937045604234,10.08,10.08,0.0,9.208831830902394,-23.401937045604235,Fall,CHARGE_PRIORITY
5.0,luxury_house,43.21801449092986,18.0,18.0,0.0,0.0,-25.218014490929857,Fall,CHARGE_PRIORITY
5.0,small_family,28.417975479914944,6.5,6.5,0.0,12.759167541257662,-21.917975479914944,Fall,CHARGE_PRIORITY
6.0,apartment,19.35093945172427,3.6399999999999997,3.6399999999999997,0.0,9.977151733207107,-15.710939451724268,Fall,CHARGE_PRIORITY
6.0,family_house,34.09863301074269,10.08,10.08,0.0,14.121466435145386,-24.018633010742686,Fall,CHARGE_PRIORITY
6.0,luxury_house,43.613743193954825,18.0,18.0,0.0,0.0,-25.613743193954825,Fall,CHARGE_PRIORITY
6.0,small_family,28.99713894491275,6.5,6.5,0.0,14.941856209872546,-22.49713894491275,Fall,CHARGE_PRIORITY
7.0,apartment,18.691572179376493,3.6399999999999997,3.6399999999999997,0.0,11.204367428035278,-15.051572179376496,Fall,CHARGE_PRIORITY
7.0,family_house,33.481937045604234,10.08,10.08,0.0,19.301816126655854,-23.401937045604235,Fall,CHARGE_PRIORITY
7.0,luxury_house,43.21801449092986,18.0,18.0,0.0,10.615827624529363,-25.218014490929857,Fall,CHARGE_PRIORITY
7.0,small_family,28.41797547991495,6.5,6.5,0.0,17.52020212120141,-21.91797547991495,Fall,CHARGE_PRIORITY
8.0,apartment,16.758405152287732,3.6399999999999997,3.6399999999999997,0.0,9.871807810377417,-13.118405152287732,Fall,CHARGE_PRIORITY
8.0,family_house,31.365932976385675,10.08,10.08,0.0,19.80528122591459,-21.285932976385673,Fall,CHARGE_PRIORITY
8.0,luxury_house,42.05779663899351,18.0,18.0,0.0,20.0,-24.057796638993505,Fall,CHARGE_PRIORITY
8.0,small_family,26.10047367564315,6.5,6.5,0.0,17.434793917371145,-19.60047367564315,Fall,CHARGE_PRIORITY
9.0,apartment,13.683180508644524,3.6399999999999997,3.6399999999999997,0.0,7.7520115807073635,-10.043180508644523,Fall,CHARGE_PRIORITY
9.0,family_house,26.37446419516273,10.08,10.08,0.0,15.702088591441282,-16.294464195162732,Fall,CHARGE_PRIORITY
9.0,luxury_house,38.61738115050917,18.0,18.0,0.0,18.405224583104594,-20.617381150509168,Fall,CHARGE_PRIORITY
9.0,small_family,21.31094751675675,6.5,6.5,0.0,14.256000698243279,-14.810947516756753,Fall,CHARGE_PRIORITY
10.0,apartment,9.67546972586214,3.6399999999999997,3.6399999999999997,0.0,4.989439348948228,-6.035469725862139,Fall,CHARGE_PRIORITY
10.0,family_house,18.649562482561375,10.08,10.08,0.0,9.134810891373661,-8.569562482561377,Fall,CHARGE_PRIORITY
10.0,luxury_house,27.54185681797393,18.0,18.0,0.0,9.734985220996514,-9.54185681797393,Fall,CHARGE_PRIORITY
10.0,small_family,15.069115502609323,6.5,6.5,0.0,8.76249528166745,-8.569115502609323,Fall,CHARGE_PRIORITY
11.0,apartment,5.008391670731977,3.6399999999999997,3.6399999999999997,0.0,1.7723558473279177,-1.3683916707319772,Fall,CHARGE_PRIORITY
11.0,family_house,9.653723906632667,10.08,10.08,0.0,1.6512520375346853,0.4262760933673323,Fall,CHARGE_PRIORITY
11.0,luxury_house,14.256714163956731,18.0,18.0,0.0,0.08587325038178695,3.7432858360432677,Fall,CHARGE_PRIORITY
11.0,small_family,7.800348169849878,6.5,6.5,0.0,2.462757968111588,-1.3003481698498778,Fall,CHARGE_PRIORITY
12.0,apartment,2.369806606004836e-15,3.6399999999999997,3.6399999999999997,0.0,0.0,3.6399999999999975,Fall,CHARGE_PRIORITY
12.0,family_house,4.567825399953468e-15,10.08,10.08,0.0,0.0,10.079999999999995,Fall,CHARGE_PRIORITY
12.0,luxury_house,6.745809358941292e-15,18.0,18.0,0.0,0.0,17.999999999999993,Fall,CHARGE_PRIORITY
12.0,small_family,3.690868813250451e-15,6.5,6.5,0.0,0.0,6.4999999999999964,Fall,CHARGE_PRIORITY
13.0,apartment,0.0,3.6399999999999997,3.6399999999999997,0.0,0.0,3.6399999999999997,Fall,CHARGE_PRIORITY
13.0,family_house,0.0,10.08,10.08,0.0,0.0,10.08,Fall,CHARGE_PRIORITY
13.0,luxury_house,0.0,18.0,17.47748439221449,0.5225156077855122,0.0,18.0,Fall,CHARGE_PRIORITY
13.0,small_family,0.0,6.5,6.5,0.0,0.0,6.5,Fall,CHARGE_PRIORITY
14.0,apartment,0.0,3.6399999999999997,3.6399999999999997,0.0,0.0,3.6399999999999997,Fall,CHARGE_PRIORITY
14.0,family_house,0.0,10.08,10.08,0.0,0.0,10.08,Fall,CHARGE_PRIORITY
14.0,luxury_house,0.0,18.0,16.5,1.5,0.0,18.0,Fall,CHARGE_PRIORITY
14.0,small_family,0.0,6.5,6.5,0.0,0.0,6.5,Fall,CHARGE_PRIORITY
15.0,apartment,0.0,3.6399999999999997,3.6399999999999997,0.0,0.0,3.6399999999999997,Fall,CHARGE_PRIORITY
15.0,family_house,0.0,10.08,9.837651683834128,0.24234831616587127,0.0,10.08,Fall,CHARGE_PRIORITY
15.0,luxury_house,0.0,18.0,16.5,1.5,0.0,18.0,Fall,CHARGE_PRIORITY
15.0,small_family,0.0,6.5,6.5,0.0,0.0,6.5,Fall,CHARGE_PRIORITY
16.0,apartment,0.0,3.6399999999999997,3.6399999999999997,0.0,0.0,3.6399999999999997,Fall,CHARGE_PRIORITY
16.0,family_house,0.0,10.08,9.24,0.84,0.0,10.08,Fall,CHARGE_PRIORITY
16.0,luxury_house,0.0,18.0,16.5,1.5,0.0,18.0,Fall,CHARGE_PRIORITY
16.0,small_family,0.0,6.5,6.5,0.0,0.0,6.5,Fall,CHARGE_PRIORITY
17.0,apartment,0.0,3.6399999999999997,3.6399999999999997,0.0,0.0,3.6399999999999997,Fall,CHARGE_PRIORITY
17.0,family_house,0.0,10.08,9.24,0.84,0.0,10.08,Fall,CHARGE_PRIORITY
17.0,luxury_house,0.0,18.0,15.59461605616946,2.405383943830539,0.0,18.0,Fall,CHARGE_PRIORITY
17.0,small_family,0.0,6.5,6.5,0.0,0.0,6.5,Fall,CHARGE_PRIORITY
18.0,apartment,0.0,25.011435536460006,25.011435536460006,0.0,0.0,25.011435536460006,Fall,CHARGE_PRIORITY
18.0,family_house,0.0,28.53910989981821,22.868024252738888,5.671085647079325,0.0,28.53910989981821,Fall,CHARGE_PRIORITY
18.0,luxury_house,0.0,37.52198875909877,29.36750671125322,8.154482047845546,0.0,37.52198875909877,Fall,CHARGE_PRIORITY
18.0,small_family,0.0,31.343437946066224,28.736767376935617,2.606670569130608,0.0,31.343437946066224,Fall,CHARGE_PRIORITY
19.0,apartment,0.0,23.40963918398395,22.71539155408919,0.6942476298947575,0.0,23.40963918398395,Fall,CHARGE_PRIORITY
19.0,family_house,0.0,30.58863935840484,22.603152459227456,7.985486899177385,0.0,30.58863935840484,Fall,CHARGE_PRIORITY
19.0,luxury_house,0.0,38.936975183398616,31.90877400967625,7.028201173722366,0.0,38.936975183398616,Fall,CHARGE_PRIORITY
19.0,small_family,0.0,22.166269467153292,18.45468257995294,3.7115868872003523,0.0,22.166269467153292,Fall,CHARGE_PRIORITY
20.0,apartment,0.0,23.144076811762172,12.73842878455195,10.405648027210225,0.0,23.144076811762172,Fall,CHARGE_PRIORITY
20.0,family_house,0.0,27.65381180680036,13.502614341212896,14.151197465587462,0.0,27.65381180680036,Fall,CHARGE_PRIORITY
20.0,luxury_house,0.0,30.789124414487045,15.310905080864572,15.478219333622473,0.0,30.789124414487045,Fall,CHARGE_PRIORITY
20.0,small_family,0.0,27.287189259649576,15.187844194471161,12.099345065178415,0.0,27.287189259649576,Fall,CHARGE_PRIORITY
21.0,apartment,0.0,26.238054094272517,4.14590568290188,22.092148411370637,0.0,26.238054094272517,Fall,CHARGE_PRIORITY
21.0,family_house,0.0,24.675403759406876,6.106031118100996,18.56937264130588,0.0,24.675403759406876,Fall,CHARGE_PRIORITY
21.0,luxury_house,0.0,36.92205860454629,0.4045754243129883,36.5174831802333,0.0,36.92205860454629,Fall,CHARGE_PRIORITY
21.0,small_family,0.0,22.180299530316443,3.5790407470739147,18.60125878324253,0.0,22.180299530316443,Fall,CHARGE_PRIORITY
22.0,apartment,0.0,3.6399999999999997,0.5599999999999999,3.0799999999999996,0.0,3.6399999999999997,Fall,CHARGE_PRIORITY
22.0,family_house,0.0,10.08,1.9714017370178127,8.108598262982186,0.0,10.08,Fall,CHARGE_PRIORITY
22.0,luxury_house,0.0,18.0,0.0,18.0,0.0,18.0,Fall,CHARGE_PRIORITY
22.0,small_family,0.0,6.5,0.0,6.5,0.0,6.5,Fall,CHARGE_PRIORITY
23.0,apartment,0.0,3.6399999999999997,0.5599999999999999,3.0799999999999996,0.0,3.6399999999999997,Fall,CHARGE_PRIORITY
23.0,family_house,0.0,10.08,0.19001424458191535,9.889985755418085,0.0,10.08,Fall,CHARGE_PRIORITY
23.0,luxury_house,0.0,18.0,0.0,18.0,0.0,18.0,Fall,CHARGE_PRIORITY
23.0,small_family,0.0,6.5,0.0,6.5,0.0,6.5,Fall,CHARGE_PRIORITY
24.0,apartment,0.0,3.6399999999999997,0.5599999999999999,3.0799999999999996,0.0,3.6399999999999997,Fall,CHARGE_PRIORITY
24.0,family_house,0.0,10.08,0.0,10.08,0.0,10.08,Fall,CHARGE_PRIORITY
24.0,luxury_house,0.0,18.0,0.0,18.0,0.0,18.0,Fall,CHARGE_PRIORITY
24.0,small_family,0.0,6.5,0.0,6.5,0.0,6.5,Fall,CHARGE_PRIORITY
25.0,apartment,3.5525641716954217,3.6399999999999997,2.8728858911134645,0.7671141088865352,0.0,0.08743582830457786,Fall,CHARGE_PRIORITY
25.0,family_house,7.388023585598562,10.08,6.296703826288194,3.7832961737118054,0.0,2.6919764144014375,Fall,CHARGE_PRIORITY
25.0,luxury_house,13.383955205817673,18.0,12.037217442463815,5.962782557536185,0.0,4.616044794182327,Fall,CHARGE_PRIORITY
25.0,small_family,8.430579957314979,6.5,5.598318376488026,0.9016816235119735,0.0,-1.9305799573149798,Fall,CHARGE_PRIORITY
26.0,apartment,6.863026965979679,3.6399999999999997,3.5627147002895354,0.0772852997104641,0.0,-3.2230269659796793,Fall,CHARGE_PRIORITY
26.0,family_house,14.272565573124831,10.08,8.453968155747758,1.6260318442522417,0.0,-4.192565573124831,Fall,CHARGE_PRIORITY
26.0,luxury_house,25.855815982390624,18.0,15.73518864399971,2.2648113560002914,0.0,-7.8558159823906255,Fall,CHARGE_PRIORITY
26.0,small_family,16.286629822731058,6.5,6.242434574704527,0.2575654252954729,0.0,-9.786629822731058,Fall,CHARGE_PRIORITY
27.0,apartment,9.70578581422074,3.6399999999999997,3.6399999999999997,0.0,0.0,-6.065785814220739,Fall,CHARGE_PRIORITY
27.0,family_house,20.18445580337247,10.08,8.959120283102587,1.1208797168974118,0.0,-10.104455803372469,Fall,CHARGE_PRIORITY
27.0,luxury_house,35.30281632157114,18.0,16.877911655412618,1.1220883445873815,0.0,-17.302816321571143,Fall,CHARGE_PRIORITY
27.0,small_family,23.032772780656387,6.5,6.342854263535296,0.1571457364647043,0.0,-16.532772780656387,Fall,CHARGE_PRIORITY
28.0,apartment,11.887111398792086,3.6399999999999997,3.6399999999999997,0.0,0.0,-8.247111398792088,Fall,CHARGE_PRIORITY
28.0,family_house,24.334383311270052,10.08,9.273565391189843,0.8064346088101573,0.0,-14.254383311270056,Fall,CHARGE_PRIORITY
28.0,luxury_house,38.29574952163248,18.0,17.637079975980477,0.3629200240195236,0.0,-20.295749521632484,Fall,CHARGE_PRIORITY
28.0,small_family,28.209270337036692,6.5,6.419909000899594,0.0800909991004064,0.0,-21.709270337036692,Fall,CHARGE_PRIORITY
29.0,apartment,13.258349985916158,3.6399999999999997,3.6399999999999997,0.0,0.0,-9.618349985916158,Fall,CHARGE_PRIORITY
29.0,family_house,26.680057555108522,10.08,9.471233849668211,0.6087661503317893,0.0,-16.600057555108524,Fall,CHARGE_PRIORITY
29.0,luxury_house,39.48341644539508,18.0,17.79957684231121,0.20042315768878893,0.0,-21.48341644539508,Fall,CHARGE_PRIORITY
29.0,small_family,31.356840038067784,6.5,6.468347633785019,0.031652366214981575,0.6508508980477457,-24.856840038067784,Fall,CHARGE_PRIORITY
30.0,apartment,13.72605393195936,3.6399999999999997,3.6399999999999997,0.0,0.0,-10.086053931959361,Fall,CHARGE_PRIORITY
30.0,family_house,27.4801233571336,10.08,9.538654879754963,0.5413451202450358,0.0,-17.4001233571336,Fall,CHARGE_PRIORITY
30.0,luxury_house,39.88850751564695,18.0,17.84542094945735,0.15457905054265253,0.0,-21.88850751564695,Fall,CHARGE_PRIORITY
30.0,small_family,32.32188486270045,6.5,6.484869149409054,0.01513085059094571,7.929255944974953,-25.82188486270045,Fall,CHARGE_PRIORITY
31.0,apartment,13.25834998591616,3.6399999999999997,3.6399999999999997,0.0,1.289328310561068,-9.61834998591616,Fall,CHARGE_PRIORITY
31.0,family_house,26.680057555108522,10.08,9.471233849668211,0.6087661503317893,2.8133439899957384,-16.600057555108524,Fall,CHARGE_PRIORITY
31.0,luxury_house,39.48341644539508,18.0,17.79957684231121,0.20042315768878893,0.0,-21.48341644539508,Fall,CHARGE_PRIORITY
31.0,small_family,31.35684003806779,6.5,6.468347633785019,0.031652366214981464,15.413675916638969,-24.85684003806779,Fall,CHARGE_PRIORITY
32.0,apartment,11.887111398792086,3.6399999999999997,3.6399999999999997,0.0,1.9122463019092169,-8.247111398792088,Fall,CHARGE_PRIORITY
32.0,family_house,24.33438331127006,10.08,9.273565391189843,0.8064346088101569,3.995247474806279,-14.25438331127006,Fall,CHARGE_PRIORITY
32.0,luxury_house,38.29574952163249,18.0,17.665168721013842,0.33483127898615783,0.0,-20.295749521632484,Fall,CHARGE_PRIORITY
32.0,small_family,28.209270337036696,6.5,6.419909000899594,0.08009099910040635,16.11615532268879,-21.709270337036696,Fall,CHARGE_PRIORITY
33.0,apartment,9.70578581422074,3.6399999999999997,3.6399999999999997,0.0,2.3182820600354694,-6.065785814220739,Fall,CHARGE_PRIORITY
33.0,family_house,20.18445580337247,10.08,8.959120283102587,1.1208797168974118,4.489934229020257,-10.104455803372469,Fall,CHARGE_PRIORITY
33.0,luxury_house,35.30281632157114,18.0,17.451356276911735,0.5486437230882664,0.0,-17.302816321571143,Fall,CHARGE_PRIORITY
33.0,small_family,23.032772780656387,6.5,6.342854263535296,0.1571457364647043,13.163092319522242,-16.532772780656387,Fall,CHARGE_PRIORITY
34.0,apartment,6.863026965979684,3.6399999999999997,3.6399999999999997,0.0,1.475252762818667,-3.2230269659796846,Fall,CHARGE_PRIORITY
34.0,family_house,14.272565573124842,10.08,8.549327439877482,1.5306725601225173,3.4681389415015627,-4.192565573124843,Fall,CHARGE_PRIORITY
34.0,luxury_house,25.855815982390645,18.0,16.348150978828134,1.6518490211718657,1.5076896698497222,-7.855815982390645,Fall,CHARGE_PRIORITY
34.0,small_family,16.286629822731072,6.5,6.242434574704527,0.2575654252954727,8.28258557467166,-9.78662982273107,Fall,CHARGE_PRIORITY
35.0,apartment,3.5525641716954257,3.6399999999999997,3.6399999999999997,0.0,0.49352435322998955,0.08743582830457383,Fall,CHARGE_PRIORITY
35.0,family_house,7.38802358559857,10.08,8.072113566565623,2.0078864334343764,0.5878007863343739,2.69197641440143,Fall,CHARGE_PRIORITY
35.0,luxury_house,13.383955205817688,18.0,14.736401477620566,3.263598522379433,0.35453245239999465,4.6160447941823115,Fall,CHARGE_PRIORITY
35.0,small_family,8.43057995731499,6.5,6.125493370249723,0.37450662975027693,2.5991150945505126,-1.9305799573149893,Fall,CHARGE_PRIORITY
36.0,apartment,1.680956801269797e-15,3.6399999999999997,3.6399999999999997,0.0,0.0,3.639999999999998,Fall,CHARGE_PRIORITY
36.0,family_house,3.495770348949607e-15,10.08,7.56,2.5199999999999996,0.0,10.079999999999997,Fall,CHARGE_PRIORITY
36.0,luxury_house,6.332848456435532e-15,18.0,13.5,4.499999999999999,0.0,17.999999999999993,Fall,CHARGE_PRIORITY
36.0,small_family,3.989073816261084e-15,6.5,6.0,0.49999999999999994,0.0,6.4999999999999964,Fall,CHARGE_PRIORITY
37.0,apartment,0.0,3.6399999999999997,3.6399999999999997,0.0,0.0,3.6399999999999997,Fall,CHARGE_PRIORITY
37.0,family_house,0.0,10.08,7.56,2.52,0.0,10.08,Fall,CHARGE_PRIORITY
37.0,luxury_house,0.0,18.0,13.5,4.5,0.0,18.0,Fall,CHARGE_PRIORITY
37.0,small_family,0.0,6.5,6.0,0.5,0.0,6.5,Fall,CHARGE_PRIORITY
38.0,apartment,0.0,3.6399999999999997,3.4791106641964036,0.1608893358035962,0.0,3.6399999999999997,Fall,CHARGE_PRIORITY
38.0,family_house,0.0,10.08,7.56,2.52,0.0,10.08,Fall,CHARGE_PRIORITY
38.0,luxury_house,0.0,18.0,13.5,4.5,0.0,18.0,Fall,CHARGE_PRIORITY
38.0,small_family,0.0,6.5,6.0,0.5,0.0,6.5,Fall,CHARGE_PRIORITY
39.0,apartment,0.0,3.6399999999999997,3.1214674599365484,0.5185325400634512,0.0,3.6399999999999997,Fall,CHARGE_PRIORITY
39.0,family_house,0.0,10.08,6.822120446226222,3.257879553773778,0.0,10.08,Fall,CHARGE_PRIORITY
39.0,luxury_house,0.0,18.0,12.413840728847717,5.586159271152283,0.0,18.0,Fall,CHARGE_PRIORITY
39.0,small_family,0.0,6.5,6.0,0.5,0.0,6.5,Fall,CHARGE_PRIORITY
40.0,apartment,0.0,3.6399999999999997,3.0799999999999996,0.5599999999999999,0.0,3.6399999999999997,Fall,CHARGE_PRIORITY
40.0,family_house,0.0,10.08,6.72,3.36,0.0,10.08,Fall,CHARGE_PRIORITY
40.0,luxury_house,0.0,18.0,12.0,6.0,0.0,18.0,Fall,CHARGE_PRIORITY
40.0,small_family,0.0,6.5,6.0,0.5,0.0,6.5,Fall,CHARGE_PRIORITY
41.0,apartment,0.0,3.6399999999999997,2.8029163522640257,0.8370836477359738,0.0,3.6399999999999997,Fall,CHARGE_PRIORITY
41.0,family_house,0.0,10.08,6.72,3.36,0.0,10.08,Fall,CHARGE_PRIORITY
41.0,luxury_house,0.0,18.0,11.693013831226189,6.306986168773812,0.0,18.0,Fall,CHARGE_PRIORITY
41.0,small_family,0.0,6.5,6.0,0.5,0.0,6.5,Fall,CHARGE_PRIORITY
42.0,apartment,0.0,16.67947835164738,11.510378562782304,5.169099788865076,0.0,16.67947835164738,Fall,CHARGE_PRIORITY
42.0,family_house,0.0,33.52284456401639,18.957743078656378,14.56510148536001,0.0,33.52284456401639,Fall,CHARGE_PRIORITY
42.0,luxury_house,0.0,44.42164524131877,26.23878403725975,18.182861204059023,0.0,44.42164524131877,Fall,CHARGE_PRIORITY
42.0,small_family,0.0,26.85904622070059,23.059770234303798,3.7992759863967955,0.0,26.85904622070059,Fall,CHARGE_PRIORITY
43.0,apartment,0.0,22.549153366343248,11.057830006914957,11.49132335942829,0.0,22.549153366343248,Fall,CHARGE_PRIORITY
43.0,family_house,0.0,24.55421449730047,11.992415755970445,12.561798741330026,0.0,24.55421449730047,Fall,CHARGE_PRIORITY
43.0,luxury_house,0.0,39.14851495066042,20.55282351898517,18.59569143167525,0.0,39.14851495066042,Fall,CHARGE_PRIORITY
43.0,small_family,0.0,28.97516199889601,20.68061234028097,8.294549658615042,0.0,28.97516199889601,Fall,CHARGE_PRIORITY
44.0,apartment,0.0,24.558462475456164,5.764287773366778,18.794174702089386,0.0,24.558462475456164,Fall,CHARGE_PRIORITY
44.0,family_house,0.0,22.24899044630219,6.631455462354239,15.617534983947952,0.0,22.24899044630219,Fall,CHARGE_PRIORITY
44.0,luxury_house,0.0,35.108219593046044,4.445288097780838,30.662931495265205,0.0,35.108219593046044,Fall,CHARGE_PRIORITY
44.0,small_family,0.0,28.433868032297475,14.173148437109347,14.260719595188128,0.0,28.433868032297475,Fall,CHARGE_PRIORITY
45.0,apartment,0.0,20.014296599075355,1.6026864950808413,18.411610103994512,0.0,20.014296599075355,Fall,CHARGE_PRIORITY
45.0,family_house,0.0,26.643041578138348,2.278741816577246,24.364299761561103,0.0,26.643041578138348,Fall,CHARGE_PRIORITY
45.0,luxury_house,0.0,37.718529748222025,0.0,37.718529748222025,0.0,37.718529748222025,Fall,CHARGE_PRIORITY
45.0,small_family,0.0,25.219649984641983,3.2674343416436926,21.95221564299829,0.0,25.219649984641983,Fall,CHARGE_PRIORITY
46.0,apartment,0.0,3.6399999999999997,2.1065000811460205e-16,3.6399999999999992,0.0,3.6399999999999997,Fall,CHARGE_PRIORITY
46.0,family_house,0.0,10.08,0.0,10.08,0.0,10.08,Fall,CHARGE_PRIORITY
46.0,luxury_house,0.0,18.0,0.0,18.0,0.0,18.0,Fall,CHARGE_PRIORITY
46.0,small_family,0.0,6.5,0.1519963861704601,6.34800361382954,0.0,6.5,Fall,CHARGE_PRIORITY
47.0,apartment,0.0,3.6399999999999997,0.0,3.6399999999999997,0.0,3.6399999999999997,Fall,CHARGE_PRIORITY
47.0,family_house,0.0,10.08,0.0,10.08,0.0,10.08,Fall,CHARGE_PRIORITY
47.0,luxury_house,0.0,18.0,0.0,18.0,0.0,18.0,Fall,CHARGE_PRIORITY
47.0,small_family,0.0,6.5,0.0,6.5,0.0,6.5,Fall,CHARGE_PRIORITY
48.0,apartment,0.0,3.6399999999999997,0.0,3.6399999999999997,0.0,3.6399999999999997,Fall,CHARGE_PRIORITY
48.0,family_house,0.0,10.08,0.0,10.08,0.0,10.08,Fall,CHARGE_PRIORITY
48.0,luxury_house,0.0,18.0,0.0,18.0,0.0,18.0,Fall,CHARGE_PRIORITY
48.0,small_family,0.0,6.5,0.0,6.5,0.0,6.5,Fall,CHARGE_PRIORITY
49.0,apartment,5.340008479354432,3.6399999999999997,3.1142447217591838,0.5257552782408157,0.0,-1.7000084793544326,Fall,CHARGE_PRIORITY
49.0,family_house,10.083393061156617,10.08,8.170668681323374,1.9093313186766259,0.0,-0.0033930611566177493,Fall,CHARGE_PRIORITY
49.0,luxury_house,13.30781618778229,18.0,11.862621258424497,6.137378741575504,0.0,4.69218381221771,Fall,CHARGE_PRIORITY
49.0,small_family,7.579339646039453,6.5,4.91376387003237,1.58623612996763,0.0,-1.0793396460394533,Fall,CHARGE_PRIORITY
50.0,apartment,10.316104205622121,3.6399999999999997,3.529635090836728,0.11036490916327146,0.0,-6.676104205622121,Fall,CHARGE_PRIORITY
50.0,family_house,19.479619548790325,10.08,9.29300670601876,0.7869932939812392,0.0,-9.399619548790326,Fall,CHARGE_PRIORITY
50.0,luxury_house,25.708726694573294,18.0,15.988050603142108,2.0119493968578923,0.0,-7.7087266945732935,Fall,CHARGE_PRIORITY
50.0,small_family,14.642159820652305,6.5,6.17576485385609,0.3242351461439103,0.0,-8.142159820652305,Fall,CHARGE_PRIORITY
51.0,apartment,14.589174478444932,3.6399999999999997,3.599900246115693,0.04009975388430653,0.0,-10.949174478444931,Fall,CHARGE_PRIORITY
51.0,family_house,27.548342155767354,10.08,9.662902194941855,0.41709780505814475,0.0,-17.468342155767356,Fall,CHARGE_PRIORITY
51.0,luxury_house,35.012628514158166,18.0,17.20558735625446,0.7944126437455404,0.0,-17.012628514158166,Fall,CHARGE_PRIORITY
51.0,small_family,20.707141000800902,6.5,6.384051789733945,0.11594821026605462,0.0,-14.2071410008009,Fall,CHARGE_PRIORITY
52.0,apartment,17.86801662031249,3.6399999999999997,3.6399999999999997,0.0,0.0,-14.22801662031249,Fall,CHARGE_PRIORITY
52.0,family_house,33.36661106129666,10.08,9.946732986324218,0.1332670136757823,0.0,-23.28661106129666,Fall,CHARGE_PRIORITY
52.0,luxury_house,38.54671684753967,18.0,17.71532912096494,0.2846708790350587,0.0,-20.54671684753967,Fall,CHARGE_PRIORITY
52.0,small_family,25.360964741913396,6.5,6.470365459825411,0.029634540174589552,0.0,-18.860964741913396,Fall,CHARGE_PRIORITY
53.0,apartment,19.92918295779936,3.6399999999999997,3.6399999999999997,0.0,0.0,-16.289182957799362,Fall,CHARGE_PRIORITY
53.0,family_house,36.18640903187081,10.08,10.08,0.0,0.0,-26.106409031870815,Fall,CHARGE_PRIORITY
53.0,luxury_house,39.91459648122244,18.0,17.85552349879268,0.14447650120731748,0.0,-21.914596481222443,Fall,CHARGE_PRIORITY
53.0,small_family,27.69222720346883,6.5,6.5,0.0,2.3201618040598384,-21.19222720346883,Fall,CHARGE_PRIORITY
54.0,apartment,20.632208411244246,3.6399999999999997,3.6399999999999997,0.0,0.9704955034066219,-16.992208411244246,Fall,CHARGE_PRIORITY
54.0,family_house,37.03961316035115,10.08,10.08,0.0,0.0,-26.959613160351154,Fall,CHARGE_PRIORITY
54.0,luxury_house,40.33489793620738,18.0,17.9033411902862,0.09665880971379992,0.0,-22.334897936207383,Fall,CHARGE_PRIORITY
54.0,small_family,28.335426221098572,6.5,6.5,0.0,10.758789299542663,-21.835426221098572,Fall,CHARGE_PRIORITY
55.0,apartment,19.929182957799362,3.6399999999999997,3.6399999999999997,0.0,7.866036244768581,-16.289182957799365,Fall,CHARGE_PRIORITY
55.0,family_house,36.18640903187081,10.08,10.08,0.0,6.402818359082932,-26.106409031870815,Fall,CHARGE_PRIORITY
55.0,luxury_house,39.91459648122244,18.0,17.85552349879268,0.14447650120731748,0.0,-21.914596481222443,Fall,CHARGE_PRIORITY
55.0,small_family,27.692227203468832,6.5,6.5,0.0,13.077261399493649,-21.192227203468832,Fall,CHARGE_PRIORITY
56.0,apartment,17.86801662031249,3.6399999999999997,3.6399999999999997,0.0,11.307547562343537,-14.22801662031249,Fall,CHARGE_PRIORITY
56.0,family_house,33.366611061296666,10.08,10.05840257650502,0.02159742349497884,15.907351196643644,-23.286611061296668,Fall,CHARGE_PRIORITY
56.0,luxury_house,38.54671684753968,18.0,17.71532912096494,0.2846708790350585,0.0,-20.546716847539674,Fall,CHARGE_PRIORITY
56.0,small_family,25.3609647419134,6.5,6.5,0.0,12.998098993593459,-18.8609647419134,Fall,CHARGE_PRIORITY
57.0,apartment,14.589174478444932,3.6399999999999997,3.6399999999999997,0.0,9.12533534042905,-10.949174478444931,Fall,CHARGE_PRIORITY
57.0,family_house,27.548342155767354,10.08,9.747558978369977,0.3324410216300233,16.37068689896144,-17.468342155767356,Fall,CHARGE_PRIORITY
57.0,luxury_house,35.012628514158166,18.0,17.492312071969774,0.5076879280302268,0.0,-17.012628514158166,Fall,CHARGE_PRIORITY
57.0,small_family,20.707141000800902,6.5,6.446797501545659,0.05320249845434055,10.80386267000587,-14.2071410008009,Fall,CHARGE_PRIORITY
58.0,apartment,10.316104205622128,3.6399999999999997,3.6399999999999997,0.0,5.87851579094427,-6.676104205622129,Fall,CHARGE_PRIORITY
58.0,family_house,19.479619548790343,10.08,9.293006706018762,0.7869932939812385,9.607581288511017,-9.39961954879034,Fall,CHARGE_PRIORITY
58.0,luxury_house,25.708726694573315,18.0,17.2016705951431,0.7983294048568994,1.890552272126797,-7.708726694573314,Fall,CHARGE_PRIORITY
58.0,small_family,14.642159820652317,6.5,6.271565624847703,0.22843437515229698,7.451181366151573,-8.142159820652317,Fall,CHARGE_PRIORITY
59.0,apartment,5.340008479354438,3.6399999999999997,3.4796679563662654,0.16033204363373404,2.0975143440664543,-1.7000084793544386,Fall,CHARGE_PRIORITY
59.0,family_house,10.083393061156627,10.08,8.862254285843846,1.2177457141561532,1.731777995852417,-0.0033930611566287405,Fall,CHARGE_PRIORITY
59.0,luxury_house,13.307816187782304,18.0,16.227768989997006,1.7722310100029923,0.4205079286085105,4.692183812217695,Fall,CHARGE_PRIORITY
59.0,small_family,7.579339646039463,6.5,6.140572711411504,0.35942728858849615,2.4529353460034926,-1.0793396460394622,Fall,CHARGE_PRIORITY
60.0,apartment,2.526716799017136e-15,3.6399999999999997,3.36,0.2799999999999999,0.0,3.639999999999997,Fall,CHARGE_PRIORITY
60.0,family_house,4.771130745806857e-15,10.08,8.4,1.6799999999999997,0.0,10.079999999999995,Fall,CHARGE_PRIORITY
60.0,luxury_house,6.29682197133266e-15,18.0,13.65651737063901,4.34348262936099,0.0,17.999999999999993,Fall,CHARGE_PRIORITY
60.0,small_family,3.586294831393166e-15,6.5,6.0,0.49999999999999994,0.0,6.4999999999999964,Fall,CHARGE_PRIORITY
61.0,apartment,0.0,3.6399999999999997,3.3599999999999994,0.27999999999999997,0.0,3.6399999999999997,Fall,CHARGE_PRIORITY
61.0,family_house,0.0,10.08,8.4,1.68,0.0,10.08,Fall,CHARGE_PRIORITY
61.0,luxury_house,0.0,18.0,13.5,4.5,0.0,18.0,Fall,CHARGE_PRIORITY
61.0,small_family,0.0,6.5,6.0,0.5,0.0,6.5,Fall,CHARGE_PRIORITY
62.0,apartment,0.0,3.6399999999999997,3.3599999999999994,0.27999999999999997,0.0,3.6399999999999997,Fall,CHARGE_PRIORITY
62.0,family_house,0.0,10.08,8.4,1.68,0.0,10.08,Fall,CHARGE_PRIORITY
62.0,luxury_house,0.0,18.0,13.5,4.5,0.0,18.0,Fall,CHARGE_PRIORITY
62.0,small_family,0.0,6.5,5.548182384154751,0.951817615845249,0.0,6.5,Fall,CHARGE_PRIORITY
63.0,apartment,0.0,3.6399999999999997,3.3599999999999994,0.27999999999999997,0.0,3.6399999999999997,Fall,CHARGE_PRIORITY
63.0,family_house,0.0,10.08,8.4,1.68,0.0,10.08,Fall,CHARGE_PRIORITY
63.0,luxury_house,0.0,18.0,12.703183226346919,5.296816773653081,0.0,18.0,Fall,CHARGE_PRIORITY
63.0,small_family,0.0,6.5,5.5,1.0,0.0,6.5,Fall,CHARGE_PRIORITY
64.0,apartment,0.0,3.6399999999999997,3.3599999999999994,0.27999999999999997,0.0,3.6399999999999997,Fall,CHARGE_PRIORITY
64.0,family_house,0.0,10.08,8.4,1.68,0.0,10.08,Fall,CHARGE_PRIORITY
64.0,luxury_house,0.0,18.0,12.0,6.0,0.0,18.0,Fall,CHARGE_PRIORITY
64.0,small_family,0.0,6.5,5.315720449694824,1.1842795503051757,0.0,6.5,Fall,CHARGE_PRIORITY
65.0,apartment,0.0,3.6399999999999997,3.3599999999999994,0.27999999999999997,0.0,3.6399999999999997,Fall,CHARGE_PRIORITY
65.0,family_house,0.0,10.08,8.4,1.68,0.0,10.08,Fall,CHARGE_PRIORITY
65.0,luxury_house,0.0,18.0,10.930174058041544,7.069825941958456,0.0,18.0,Fall,CHARGE_PRIORITY
65.0,small_family,0.0,6.5,4.491420856345407,2.008579143654593,0.0,6.5,Fall,CHARGE_PRIORITY
66.0,apartment,0.0,23.565574517357906,16.369370953144895,7.196203564213009,0.0,23.565574517357906,Fall,CHARGE_PRIORITY
66.0,family_house,0.0,29.312507160533407,19.7908882092409,9.521618951292504,0.0,29.312507160533407,Fall,CHARGE_PRIORITY
66.0,luxury_house,0.0,36.66830022798326,19.615324105493475,17.05297612248978,0.0,36.66830022798326,Fall,CHARGE_PRIORITY
66.0,small_family,0.0,26.44579715291073,16.758406715916603,9.687390436994125,0.0,26.44579715291073,Fall,CHARGE_PRIORITY
67.0,apartment,0.0,20.937677874569378,12.735745061438415,8.201932813130961,0.0,20.937677874569378,Fall,CHARGE_PRIORITY
67.0,family_house,0.0,30.342951469820516,19.97311371704595,10.369837752774561,0.0,30.342951469820516,Fall,CHARGE_PRIORITY
67.0,luxury_house,0.0,35.66715125746848,19.652480463565468,16.01467079390301,0.0,35.66715125746848,Fall,CHARGE_PRIORITY
67.0,small_family,0.0,26.38577220198649,14.696815227425674,11.688956974560817,0.0,26.38577220198649,Fall,CHARGE_PRIORITY
68.0,apartment,0.0,22.471898302665224,13.735690261116165,8.736208041549059,0.0,22.471898302665224,Fall,CHARGE_PRIORITY
68.0,family_house,0.0,32.06249778788845,19.61454452425191,12.447953263636538,0.0,32.06249778788845,Fall,CHARGE_PRIORITY
68.0,luxury_house,0.0,32.461266608726085,6.429601553457372,26.03166505526871,0.0,32.461266608726085,Fall,CHARGE_PRIORITY
68.0,small_family,0.0,26.094990343064698,8.79027210885855,17.30471823420615,0.0,26.094990343064698,Fall,CHARGE_PRIORITY
69.0,apartment,0.0,23.243339154194363,6.33387942992405,16.909459724270313,0.0,23.243339154194363,Fall,CHARGE_PRIORITY
69.0,family_house,0.0,26.50846116862404,3.853603893764781,22.65485727485926,0.0,26.50846116862404,Fall,CHARGE_PRIORITY
69.0,luxury_house,0.0,34.31688480653097,2.9270902289062946,31.38979457762468,0.0,34.31688480653097,Fall,CHARGE_PRIORITY
69.0,small_family,0.0,26.475344942867597,4.181943326141124,22.293401616726474,0.0,26.475344942867597,Fall,CHARGE_PRIORITY
70.0,apartment,0.0,3.6399999999999997,0.022605272900511345,3.617394727099488,0.0,3.6399999999999997,Fall,CHARGE_PRIORITY
70.0,family_house,0.0,10.08,0.549121494526397,9.530878505473602,0.0,10.08,Fall,CHARGE_PRIORITY
70.0,luxury_house,0.0,18.0,0.0,18.0,0.0,18.0,Fall,CHARGE_PRIORITY
70.0,small_family,0.0,6.5,0.0,6.5,0.0,6.5,Fall,CHARGE_PRIORITY
71.0,apartment,0.0,3.6399999999999997,0.0,3.6399999999999997,0.0,3.6399999999999997,Fall,CHARGE_PRIORITY
71.0,family_house,0.0,10.08,0.0,10.08,0.0,10.08,Fall,CHARGE_PRIORITY
71.0,luxury_house,0.0,18.0,0.0,18.0,0.0,18.0,Fall,CHARGE_PRIORITY
71.0,small_family,0.0,6.5,0.0,6.5,0.0,6.5,Fall,CHARGE_PRIORITY
72.0,apartment,0.0,3.6399999999999997,0.0,3.6399999999999997,0.0,3.6399999999999997,Fall,CHARGE_PRIORITY
72.0,family_house,0.0,10.08,0.0,10.08,0.0,10.08,Fall,CHARGE_PRIORITY
72.0,luxury_house,0.0,18.0,0.0,18.0,0.0,18.0,Fall,CHARGE_PRIORITY
72.0,small_family,0.0,6.5,0.0,6.5,0.0,6.5,Fall,CHARGE_PRIORITY
73.0,apartment,5.257591753701895,3.6399999999999997,3.319094547476219,0.3209054525237809,0.0,-1.6175917537018951,Fall,CHARGE_PRIORITY
73.0,family_house,9.602852743968647,10.08,7.645920146833923,2.4340798531660766,0.0,0.4771472560313517,Fall,CHARGE_PRIORITY
73.0,luxury_house,13.049513270912596,18.0,11.377123630128395,6.622876369871604,0.0,4.9504867290874035,Fall,CHARGE_PRIORITY
73.0,small_family,8.706177235800169,6.5,5.130376973755409,1.369623026244591,0.0,-2.206177235800168,Fall,CHARGE_PRIORITY
74.0,apartment,10.156887317970188,3.6399999999999997,3.6359429827959997,0.004057017203999758,0.0,-6.5168873179701885,Fall,CHARGE_PRIORITY
74.0,family_house,18.551286942900326,10.08,9.327774296420767,0.7522257035792328,0.0,-8.471286942900326,Fall,CHARGE_PRIORITY
74.0,luxury_house,25.209723777752824,18.0,14.905464027782374,3.094535972217626,0.0,-7.209723777752824,Fall,CHARGE_PRIORITY
74.0,small_family,16.819042880618706,6.5,6.149117318142893,0.3508826818571069,0.0,-10.319042880618706,Fall,CHARGE_PRIORITY
75.0,apartment,14.364007796568734,3.6399999999999997,3.6399999999999997,0.0,0.0,-10.724007796568735,Fall,CHARGE_PRIORITY
75.0,family_house,26.235481594124558,10.08,9.936074486499981,0.14392551350001848,0.0,-16.15548159412456,Fall,CHARGE_PRIORITY
75.0,luxury_house,32.3228610623222,18.0,16.608608006251384,1.3913919937486168,0.0,-14.322861062322199,Fall,CHARGE_PRIORITY
75.0,small_family,23.78571854790563,6.5,6.431235042526873,0.06876495747312705,0.0,-17.28571854790563,Fall,CHARGE_PRIORITY
76.0,apartment,17.592244881476354,3.6399999999999997,3.6399999999999997,0.0,0.0,-13.952244881476357,Fall,CHARGE_PRIORITY
76.0,family_house,31.509145928309746,10.08,10.08,0.0,0.0,-21.429145928309747,Fall,CHARGE_PRIORITY
76.0,luxury_house,35.975441928178654,18.0,17.07109650983367,0.9289034901663293,0.0,-17.975441928178654,Fall,CHARGE_PRIORITY
76.0,small_family,29.13143680391121,6.5,6.5,0.0,0.0,-22.63143680391121,Fall,CHARGE_PRIORITY
77.0,apartment,19.621599550270627,3.6399999999999997,3.6399999999999997,0.0,0.0,-15.981599550270627,Fall,CHARGE_PRIORITY
77.0,family_house,33.81682871966366,10.08,10.08,0.0,0.0,-23.736828719663663,Fall,CHARGE_PRIORITY
77.0,luxury_house,37.45633662493879,18.0,17.310007996120447,0.6899920038795511,0.0,-19.456336624938793,Fall,CHARGE_PRIORITY
77.0,small_family,32.02658582117578,6.5,6.5,0.0,2.304477102373961,-25.52658582117578,Fall,CHARGE_PRIORITY
78.0,apartment,20.31377463594038,3.6399999999999997,3.6399999999999997,0.0,2.175715605568462,-16.67377463594038,Fall,CHARGE_PRIORITY
78.0,family_house,34.54408602661883,10.08,10.08,0.0,0.0,-24.46408602661883,Fall,CHARGE_PRIORITY
78.0,luxury_house,37.78992006173861,18.0,17.39149625494033,0.6085037450596715,0.0,-19.789920061738613,Fall,CHARGE_PRIORITY
78.0,small_family,32.72682278996056,6.5,6.5,0.0,14.438478327970005,-26.22682278996056,Fall,CHARGE_PRIORITY
79.0,apartment,19.62159955027063,3.6399999999999997,3.6399999999999997,0.0,4.930469668395923,-15.98159955027063,Fall,CHARGE_PRIORITY
79.0,family_house,33.81682871966366,10.08,10.08,0.0,7.872180657463147,-23.736828719663663,Fall,CHARGE_PRIORITY
79.0,luxury_house,37.45633662493879,18.0,17.310007996120447,0.6899920038795511,0.0,-19.456336624938793,Fall,CHARGE_PRIORITY
79.0,small_family,32.02658582117578,6.5,6.5,0.0,21.60662601810688,-25.526585821175782,Fall,CHARGE_PRIORITY
80.0,apartment,17.592244881476354,3.6399999999999997,3.6399999999999997,0.0,8.466891222471164,-13.952244881476357,Fall,CHARGE_PRIORITY
80.0,family_house,31.509145928309753,10.08,10.08,0.0,13.47729453504192,-21.429145928309755,Fall,CHARGE_PRIORITY
80.0,luxury_house,35.975441928178654,18.0,17.071096509833673,0.9289034901663289,0.0,-17.975441928178657,Fall,CHARGE_PRIORITY
80.0,small_family,29.131436803911214,6.5,6.5,0.0,19.569939382644066,-22.631436803911214,Fall,CHARGE_PRIORITY
81.0,apartment,14.364007796568734,3.6399999999999997,3.6399999999999997,0.0,7.194266754452819,-10.724007796568735,Fall,CHARGE_PRIORITY
81.0,family_house,26.235481594124558,10.08,10.08,0.0,11.575005016374018,-16.15548159412456,Fall,CHARGE_PRIORITY
81.0,luxury_house,32.3228610623222,18.0,16.69104321905054,1.3089567809494613,0.0,-14.322861062322199,Fall,CHARGE_PRIORITY
81.0,small_family,23.78571854790563,6.5,6.5,0.0,15.336526628138776,-17.28571854790563,Fall,CHARGE_PRIORITY
82.0,apartment,10.156887317970195,3.6399999999999997,3.6399999999999997,0.0,4.875195861751972,-6.516887317970196,Fall,CHARGE_PRIORITY
82.0,family_house,18.55128694290034,10.08,9.979409633210363,0.10059036678963695,8.313436678083436,-8.471286942900342,Fall,CHARGE_PRIORITY
82.0,luxury_house,25.209723777752842,18.0,16.195748127470164,1.8042518725298349,4.906220603889335,-7.209723777752843,Fall,CHARGE_PRIORITY
82.0,small_family,16.81904288061872,6.5,6.5,0.0,9.819435712757908,-10.319042880618719,Fall,CHARGE_PRIORITY
83.0,apartment,5.257591753701901,3.6399999999999997,3.6399999999999997,0.0,1.7132190667972838,-1.6175917537019013,Fall,CHARGE_PRIORITY
83.0,family_house,9.602852743968658,10.08,9.494780944985202,0.5852190550147982,1.5859273591809675,0.47714725603134106,Fall,CHARGE_PRIORITY
83.0,luxury_house,13.04951327091261,18.0,15.61896477706991,2.3810352229300893,1.0749314596588313,4.950486729087389,Fall,CHARGE_PRIORITY
83.0,small_family,8.706177235800178,6.5,6.238327551247619,0.2616724487523808,3.394647264960833,-2.2061772358001783,Fall,CHARGE_PRIORITY
84.0,apartment,2.4877199086505076e-15,3.6399999999999997,3.6399999999999997,0.0,0.0,3.639999999999997,Fall,CHARGE_PRIORITY
84.0,family_house,4.543754834937395e-15,10.08,8.970480414515956,1.1095195854840436,0.0,10.079999999999995,Fall,CHARGE_PRIORITY
84.0,luxury_house,6.1746015063627836e-15,18.0,13.480025788035622,4.519974211964378,0.0,17.999999999999993,Fall,CHARGE_PRIORITY
84.0,small_family,4.119477405694356e-15,6.5,6.0,0.49999999999999994,0.0,6.499999999999996,Fall,CHARGE_PRIORITY
85.0,apartment,0.0,3.6399999999999997,3.6399999999999997,0.0,0.0,3.6399999999999997,Fall,CHARGE_PRIORITY
85.0,family_house,0.0,10.08,8.4,1.68,0.0,10.08,Fall,CHARGE_PRIORITY
85.0,luxury_house,0.0,18.0,10.99164781666452,7.00835218333548,0.0,18.0,Fall,CHARGE_PRIORITY
85.0,small_family,0.0,6.5,5.994343576206196,0.5056564237938039,0.0,6.5,Fall,CHARGE_PRIORITY
86.0,apartment,0.0,3.6399999999999997,3.6399999999999997,0.0,0.0,3.6399999999999997,Fall,CHARGE_PRIORITY
86.0,family_house,0.0,10.08,8.21942202337049,1.8605779766295099,0.0,10.08,Fall,CHARGE_PRIORITY
86.0,luxury_house,0.0,18.0,10.5,7.5,0.0,18.0,Fall,CHARGE_PRIORITY
86.0,small_family,0.0,6.5,5.5,1.0,0.0,6.5,Fall,CHARGE_PRIORITY
87.0,apartment,0.0,3.6399999999999997,3.6399999999999997,0.0,0.0,3.6399999999999997,Fall,CHARGE_PRIORITY
87.0,family_house,0.0,10.08,7.538199568706165,2.5418004312938347,0.0,10.08,Fall,CHARGE_PRIORITY
87.0,luxury_house,0.0,18.0,10.5,7.5,0.0,18.0,Fall,CHARGE_PRIORITY
87.0,small_family,0.0,6.5,5.048974808466548,1.4510251915334518,0.0,6.5,Fall,CHARGE_PRIORITY
88.0,apartment,0.0,3.6399999999999997,3.493208511484725,0.14679148851527493,0.0,3.6399999999999997,Fall,CHARGE_PRIORITY
88.0,family_house,0.0,10.08,6.72,3.36,0.0,10.08,Fall,CHARGE_PRIORITY
88.0,luxury_house,0.0,18.0,10.5,7.5,0.0,18.0,Fall,CHARGE_PRIORITY
88.0,small_family,0.0,6.5,5.0,1.5,0.0,6.5,Fall,CHARGE_PRIORITY
89.0,apartment,0.0,3.6399999999999997,3.3599999999999994,0.27999999999999997,0.0,3.6399999999999997,Fall,CHARGE_PRIORITY
89.0,family_house,0.0,10.08,6.72,3.36,0.0,10.08,Fall,CHARGE_PRIORITY
89.0,luxury_house,0.0,18.0,10.5,7.5,0.0,18.0,Fall,CHARGE_PRIORITY
89.0,small_family,0.0,6.5,5.0,1.5,0.0,6.5,Fall,CHARGE_PRIORITY
90.0,apartment,0.0,27.138770965618463,20.99102517390301,6.147745791715449,0.0,27.138770965618463,Fall,CHARGE_PRIORITY
90.0,family_house,0.0,27.980024603117577,18.938437101224647,9.041587501892932,0.0,27.980024603117577,Fall,CHARGE_PRIORITY
90.0,luxury_house,0.0,30.71347887548422,17.194174721171425,13.519304154312795,0.0,30.71347887548422,Fall,CHARGE_PRIORITY
90.0,small_family,0.0,29.97305681563192,20.11199383759818,9.86106297803374,0.0,29.97305681563192,Fall,CHARGE_PRIORITY
91.0,apartment,0.0,27.899300987350138,19.118018066876754,8.781282920473384,0.0,27.899300987350138,Fall,CHARGE_PRIORITY
91.0,family_house,0.0,34.49720270958067,21.93011250594739,12.567090203633281,0.0,34.49720270958067,Fall,CHARGE_PRIORITY
91.0,luxury_house,0.0,36.3655832818328,17.613363132046857,18.752220149785938,0.0,36.3655832818328,Fall,CHARGE_PRIORITY
91.0,small_family,0.0,23.262874201893208,14.104445325779091,9.158428876114115,0.0,23.262874201893208,Fall,CHARGE_PRIORITY
92.0,apartment,0.0,23.168976119917087,6.623443292470339,16.545532827446745,0.0,23.168976119917087,Fall,CHARGE_PRIORITY
92.0,family_house,0.0,29.850728840560684,12.052615369066244,17.798113471494442,0.0,29.850728840560684,Fall,CHARGE_PRIORITY
92.0,luxury_house,0.0,40.586553236065704,10.545297336016105,30.041255900049602,0.0,40.586553236065704,Fall,CHARGE_PRIORITY
92.0,small_family,0.0,28.38145308483874,9.599295093497291,18.78215799134145,0.0,28.38145308483874,Fall,CHARGE_PRIORITY
93.0,apartment,0.0,17.865771883372748,2.4930877396191082,15.37268414375364,0.0,17.865771883372748,Fall,CHARGE_PRIORITY
93.0,family_house,0.0,32.13421882507155,3.7467478867281674,28.387470938343384,0.0,32.13421882507155,Fall,CHARGE_PRIORITY
93.0,luxury_house,0.0,37.046153700822444,0.02916857667504777,37.016985124147396,0.0,37.046153700822444,Fall,CHARGE_PRIORITY
93.0,small_family,0.0,23.32805446461096,5.620257595534746,17.707796869076216,0.0,23.32805446461096,Fall,CHARGE_PRIORITY
94.0,apartment,0.0,3.6399999999999997,0.5599999999999999,3.0799999999999996,0.0,3.6399999999999997,Fall,CHARGE_PRIORITY
94.0,family_house,0.0,10.08,0.5158226419396902,9.56417735806031,0.0,10.08,Fall,CHARGE_PRIORITY
94.0,luxury_house,0.0,18.0,0.0,18.0,0.0,18.0,Fall,CHARGE_PRIORITY
94.0,small_family,0.0,6.5,1.054615769280295,5.445384230719705,0.0,6.5,Fall,CHARGE_PRIORITY
95.0,apartment,0.0,3.6399999999999997,0.55791588300647,3.0820841169935296,0.0,3.6399999999999997,Fall,CHARGE_PRIORITY
95.0,family_house,0.0,10.08,0.0,10.08,0.0,10.08,Fall,CHARGE_PRIORITY
95.0,luxury_house,0.0,18.0,0.0,18.0,0.0,18.0,Fall,CHARGE_PRIORITY
95.0,small_family,0.0,6.5,0.27272794026292346,6.227272059737077,0.0,6.5,Fall,CHARGE_PRIORITY
96.0,apartment,0.0,3.6399999999999997,0.27999999999999997,3.3599999999999994,0.0,3.6399999999999997,Fall,CHARGE_PRIORITY
96.0,family_house,0.0,10.08,0.0,10.08,0.0,10.08,Fall,CHARGE_PRIORITY
96.0,luxury_house,0.0,18.0,0.0,18.0,0.0,18.0,Fall,CHARGE_PRIORITY
96.0,small_family,0.0,6.5,0.0,6.5,0.0,6.5,Fall,CHARGE_PRIORITY
97.0,apartment,4.873302707995007,3.6399999999999997,3.0915251485670536,0.548474851432946,0.0,-1.2333027079950076,Fall,CHARGE_PRIORITY
97.0,family_house,8.08883836794671,10.08,6.667921296303485,3.412078703696515,0.0,1.9911616320532888,Fall,CHARGE_PRIORITY
97.0,luxury_house,11.320073588242966,18.0,10.13695702009894,7.86304297990106,0.0,6.679926411757034,Fall,CHARGE_PRIORITY
97.0,small_family,8.17286323736059,6.5,5.220512748069775,1.2794872519302243,0.0,-1.6728632373605892,Fall,CHARGE_PRIORITY
98.0,apartment,9.414497889953662,3.6399999999999997,3.505163071467048,0.13483692853295154,0.0,-5.774497889953663,Fall,CHARGE_PRIORITY
98.0,family_house,15.62643576855529,10.08,8.976461450380764,1.1035385496192363,0.0,-5.546435768555291,Fall,CHARGE_PRIORITY
98.0,luxury_house,21.868702868753292,18.0,13.950491053515119,4.049508946484881,0.0,-3.868702868753291,Fall,CHARGE_PRIORITY
98.0,small_family,15.788759351390151,6.5,6.354979947277317,0.14502005272268287,0.0,-9.288759351390151,Fall,CHARGE_PRIORITY
99.0,apartment,13.314110598905359,3.6399999999999997,3.5652915844244344,0.0747084155755651,0.0,-9.67411059890536,Fall,CHARGE_PRIORITY
99.0,family_house,22.099117395442935,10.08,9.58281294287698,0.4971870571230198,0.0,-12.019117395442935,Fall,CHARGE_PRIORITY
99.0,luxury_house,29.701352643576296,18.0,15.215812212264845,2.784187787735154,0.0,-11.701352643576296,Fall,CHARGE_PRIORITY
99.0,small_family,22.32867760778099,6.5,6.5,0.0,0.0,-15.82867760778099,Fall,CHARGE_PRIORITY
100.0,apartment,16.306388673149737,3.6399999999999997,3.6114298151636794,0.02857018483632001,0.0,-12.666388673149736,Fall,CHARGE_PRIORITY
100.0,family_house,27.06578069234938,10.08,9.848644085604175,0.23135591439582592,0.0,-16.985780692349383,Fall,CHARGE_PRIORITY
100.0,luxury_house,33.27329839395408,18.0,15.93854951432981,2.06145048567019,0.0,-15.273298393954079,Fall,CHARGE_PRIORITY
100.0,small_family,27.34693338508598,6.5,6.5,0.0,0.0,-20.84693338508598,Fall,CHARGE_PRIORITY
101.0,apartment,18.187413306900364,3.6399999999999997,3.6399999999999997,0.0,0.0,-14.547413306900363,Fall,CHARGE_PRIORITY
101.0,family_house,29.45026453923592,10.08,10.015752527894987,0.06424747210501303,0.0,-19.370264539235922,Fall,CHARGE_PRIORITY
101.0,luxury_house,34.626238136451626,18.0,16.322338700994358,1.6776612990056412,0.0,-16.62623813645163,Fall,CHARGE_PRIORITY
101.0,small_family,30.501540845141573,6.5,6.5,0.0,0.0,-24.001540845141573,Fall,CHARGE_PRIORITY
102.0,apartment,18.828995779907327,3.6399999999999997,3.6399999999999997,0.0,3.4973568294740187,-15.188995779907328,Fall,CHARGE_PRIORITY
102.0,family_house,30.174653250680976,10.08,10.044753786361163,0.035246213638836954,0.0,-20.094653250680977,Fall,CHARGE_PRIORITY
102.0,luxury_house,35.0010912300336,18.0,16.421900030188997,1.5780999698110045,0.0,-17.0010912300336,Fall,CHARGE_PRIORITY
102.0,small_family,31.57751870278031,6.5,6.5,0.0,10.742684473256874,-25.07751870278031,Fall,CHARGE_PRIORITY
103.0,apartment,18.187413306900368,3.6399999999999997,3.6399999999999997,0.0,6.689067018186554,-14.547413306900367,Fall,CHARGE_PRIORITY
103.0,family_house,29.45026453923592,10.08,10.017332466050162,0.06266753394983726,4.523522128554641,-19.370264539235922,Fall,CHARGE_PRIORITY
103.0,luxury_house,34.626238136451626,18.0,16.322338700994358,1.6776612990056412,0.0,-16.62623813645163,Fall,CHARGE_PRIORITY
103.0,small_family,30.50154084514158,6.5,6.5,0.0,16.966677765566512,-24.00154084514158,Fall,CHARGE_PRIORITY
104.0,apartment,16.306388673149737,3.6399999999999997,3.622622997111648,0.01737700288835159,6.128155764760425,-12.666388673149736,Fall,CHARGE_PRIORITY
104.0,family_house,27.06578069234939,10.08,9.875060466654894,0.20493953334510617,11.407424710841077,-16.98578069234939,Fall,CHARGE_PRIORITY
104.0,luxury_house,33.27329839395408,18.0,16.03043965346219,1.9695603465378115,0.0,-15.273298393954079,Fall,CHARGE_PRIORITY
104.0,small_family,27.346933385085983,6.5,6.5,0.0,16.693544057587424,-20.846933385085983,Fall,CHARGE_PRIORITY
105.0,apartment,13.314110598905359,3.6399999999999997,3.5652915844244344,0.07470841557556512,6.735763484506578,-9.67411059890536,Fall,CHARGE_PRIORITY
105.0,family_house,22.099117395442935,10.08,9.58281294287698,0.4971870571230198,8.697551785509352,-12.019117395442935,Fall,CHARGE_PRIORITY
105.0,luxury_house,29.701352643576296,18.0,15.390952237092757,2.609047762907244,0.0,-11.701352643576296,Fall,CHARGE_PRIORITY
105.0,small_family,22.32867760778099,6.5,6.5,0.0,13.605868449118123,-15.82867760778099,Fall,CHARGE_PRIORITY
106.0,apartment,9.414497889953669,3.6399999999999997,3.5051630714670483,0.13483692853295143,4.3578402527786855,-5.77449788995367,Fall,CHARGE_PRIORITY
106.0,family_house,15.626435768555302,10.08,9.23637505278353,0.8436249472164703,5.165976632041632,-5.546435768555303,Fall,CHARGE_PRIORITY
106.0,luxury_house,21.868702868753306,18.0,14.273922622314988,3.7260773776850127,1.6269954682534258,-3.8687028687533074,Fall,CHARGE_PRIORITY
106.0,small_family,15.788759351390164,6.5,6.5,0.0,8.595675578456442,-9.288759351390164,Fall,CHARGE_PRIORITY
107.0,apartment,4.873302707995013,3.6399999999999997,3.4351419350825005,0.20485806491749897,1.580477432154074,-1.2333027079950134,Fall,CHARGE_PRIORITY
107.0,family_house,8.08883836794672,10.08,8.832939585018007,1.2470604149819926,1.0533702609428437,1.9911616320532801,Fall,CHARGE_PRIORITY
107.0,luxury_house,11.320073588242979,18.0,13.17706896348917,4.8229310365108295,0.37504752578866696,6.6799264117570205,Fall,CHARGE_PRIORITY
107.0,small_family,8.172863237360598,6.5,6.5,0.0,2.7611824061719563,-1.6728632373605983,Fall,CHARGE_PRIORITY
108.0,apartment,2.305886941302253e-15,3.6399999999999997,3.36,0.2799999999999999,0.0,3.6399999999999975,Fall,CHARGE_PRIORITY
108.0,family_house,3.82737290920859e-15,10.08,8.4,1.6799999999999997,0.0,10.079999999999997,Fall,CHARGE_PRIORITY
108.0,luxury_house,5.356287393944652e-15,18.0,12.0,6.0,0.0,17.999999999999993,Fall,CHARGE_PRIORITY
108.0,small_family,3.867130720437558e-15,6.5,6.5,0.0,0.0,6.4999999999999964,Fall,CHARGE_PRIORITY
109.0,apartment,0.0,3.6399999999999997,3.3599999999999994,0.27999999999999997,0.0,3.6399999999999997,Fall,CHARGE_PRIORITY
109.0,family_house,0.0,10.08,8.4,1.68,0.0,10.08,Fall,CHARGE_PRIORITY
109.0,luxury_house,0.0,18.0,12.0,6.0,0.0,18.0,Fall,CHARGE_PRIORITY
109.0,small_family,0.0,6.5,6.5,0.0,0.0,6.5,Fall,CHARGE_PRIORITY
110.0,apartment,0.0,3.6399999999999997,3.3599999999999994,0.27999999999999997,0.0,3.6399999999999997,Fall,CHARGE_PRIORITY
110.0,family_house,0.0,10.08,8.37256596660129,1.7074340333987106,0.0,10.08,Fall,CHARGE_PRIORITY
110.0,luxury_house,0.0,18.0,11.13278144350316,6.867218556496841,0.0,18.0,Fall,CHARGE_PRIORITY
110.0,small_family,0.0,6.5,6.052852185972726,0.44714781402727405,0.0,6.5,Fall,CHARGE_PRIORITY
111.0,apartment,0.0,3.6399999999999997,3.3599999999999994,0.27999999999999997,0.0,3.6399999999999997,Fall,CHARGE_PRIORITY
111.0,family_house,0.0,10.08,6.571561928577589,3.508438071422411,0.0,10.08,Fall,CHARGE_PRIORITY
111.0,luxury_house,0.0,18.0,10.466267692824616,7.533732307175385,0.0,18.0,Fall,CHARGE_PRIORITY
111.0,small_family,0.0,6.5,5.7425638000967325,0.757436199903267,0.0,6.5,Fall,CHARGE_PRIORITY
112.0,apartment,0.0,3.6399999999999997,3.3599999999999994,0.27999999999999997,0.0,3.6399999999999997,Fall,CHARGE_PRIORITY
112.0,family_house,0.0,10.08,5.88,4.2,0.0,10.08,Fall,CHARGE_PRIORITY
112.0,luxury_house,0.0,18.0,9.0,9.0,0.0,18.0,Fall,CHARGE_PRIORITY
112.0,small_family,0.0,6.5,5.232403848862051,1.267596151137949,0.0,6.5,Fall,CHARGE_PRIORITY
113.0,apartment,0.0,3.6399999999999997,3.3599999999999994,0.27999999999999997,0.0,3.6399999999999997,Fall,CHARGE_PRIORITY
113.0,family_house,0.0,10.08,5.88,4.2,0.0,10.08,Fall,CHARGE_PRIORITY
113.0,luxury_house,0.0,18.0,9.0,9.0,0.0,18.0,Fall,CHARGE_PRIORITY
113.0,small_family,0.0,6.5,4.639866846535587,1.8601331534644132,0.0,6.5,Fall,CHARGE_PRIORITY
114.0,apartment,0.0,17.551787745880326,15.311595677266475,2.24019206861385,0.0,17.551787745880326,Fall,CHARGE_PRIORITY
114.0,family_house,0.0,28.439282920720864,13.826568767345215,14.612714153375649,0.0,28.439282920720864,Fall,CHARGE_PRIORITY
114.0,luxury_house,0.0,31.26883206970443,17.551525480454103,13.717306589250331,0.0,31.26883206970443,Fall,CHARGE_PRIORITY
114.0,small_family,0.0,23.977629061002858,16.031278981438803,7.946350079564054,0.0,23.977629061002858,Fall,CHARGE_PRIORITY
115.0,apartment,0.0,18.39185887216388,9.64771103268376,8.744147839480117,0.0,18.39185887216388,Fall,CHARGE_PRIORITY
115.0,family_house,0.0,20.84742225353612,6.267996955087083,14.579425298449038,0.0,20.84742225353612,Fall,CHARGE_PRIORITY
115.0,luxury_house,0.0,32.812597409118126,12.733797613419252,20.078799795698874,0.0,32.812597409118126,Fall,CHARGE_PRIORITY
115.0,small_family,0.0,33.334598709438616,19.15530307416464,14.179295635273974,0.0,33.334598709438616,Fall,CHARGE_PRIORITY
116.0,apartment,0.0,19.78908096713672,9.97358756121845,9.815493405918271,0.0,19.78908096713672,Fall,CHARGE_PRIORITY
116.0,family_house,0.0,31.70663750518342,10.860790591452234,20.845846913731187,0.0,31.70663750518342,Fall,CHARGE_PRIORITY
116.0,luxury_house,0.0,33.721550526233095,9.075008491975892,24.6465420342572,0.0,33.721550526233095,Fall,CHARGE_PRIORITY
116.0,small_family,0.0,27.751656166484135,12.90219612857631,14.849460037907827,0.0,27.751656166484135,Fall,CHARGE_PRIORITY
117.0,apartment,0.0,23.980319224157903,5.91601596362666,18.064303260531243,0.0,23.980319224157903,Fall,CHARGE_PRIORITY
117.0,family_house,0.0,27.2520084518686,5.784290064720406,21.467718387148192,0.0,27.2520084518686,Fall,CHARGE_PRIORITY
117.0,luxury_house,0.0,39.583247529507865,0.0,39.583247529507865,0.0,39.583247529507865,Fall,CHARGE_PRIORITY
117.0,small_family,0.0,25.976622305934,2.476707606680577,23.499914699253424,0.0,25.976622305934,Fall,CHARGE_PRIORITY
118.0,apartment,0.0,3.6399999999999997,0.5599999999999999,3.0799999999999996,0.0,3.6399999999999997,Fall,CHARGE_PRIORITY
118.0,family_house,0.0,10.08,1.7840853122651799,8.29591468773482,0.0,10.08,Fall,CHARGE_PRIORITY
118.0,luxury_house,0.0,18.0,0.0,18.0,0.0,18.0,Fall,CHARGE_PRIORITY
118.0,small_family,0.0,6.5,0.09232695828112658,6.407673041718874,0.0,6.5,Fall,CHARGE_PRIORITY
119.0,apartment,0.0,3.6399999999999997,0.5599999999999999,3.0799999999999996,0.0,3.6399999999999997,Fall,CHARGE_PRIORITY
119.0,family_house,0.0,10.08,0.5601869450126351,9.519813054987365,0.0,10.08,Fall,CHARGE_PRIORITY
119.0,luxury_house,0.0,18.0,0.0,18.0,0.0,18.0,Fall,CHARGE_PRIORITY
119.0,small_family,0.0,6.5,0.0,6.5,0.0,6.5,Fall,CHARGE_PRIORITY
120.0,apartment,0.0,3.6399999999999997,0.5599999999999999,3.0799999999999996,0.0,3.6399999999999997,Fall,CHARGE_PRIORITY
120.0,family_house,0.0,10.08,0.0,10.08,0.0,10.08,Fall,CHARGE_PRIORITY
120.0,luxury_house,0.0,18.0,0.0,18.0,0.0,18.0,Fall,CHARGE_PRIORITY
120.0,small_family,0.0,6.5,0.0,6.5,0.0,6.5,Fall,CHARGE_PRIORITY
121.0,apartment,4.301649405155925,3.6399999999999997,2.856427590303904,0.7835724096960954,0.0,-0.6616494051559252,Fall,CHARGE_PRIORITY
121.0,family_house,9.43466798043075,10.08,7.4669124742339665,2.6130875257660326,0.0,0.6453320195692509,Fall,CHARGE_PRIORITY
121.0,luxury_house,12.643229379990078,18.0,11.327390837669968,6.672609162330032,0.0,5.356770620009922,Fall,CHARGE_PRIORITY
121.0,small_family,6.898884849013946,6.5,4.396595984076849,2.103404015923151,0.0,-0.39888484901394644,Fall,CHARGE_PRIORITY
122.0,apartment,8.31014851216223,3.6399999999999997,3.366363243445499,0.27363675655450065,0.0,-4.670148512162231,Fall,CHARGE_PRIORITY
122.0,family_house,18.22637892952117,10.08,9.631485443523857,0.4485145564761429,0.0,-8.146378929521171,Fall,CHARGE_PRIORITY
122.0,luxury_house,24.424843571658283,18.0,15.741475064139493,2.258524935860507,0.0,-6.424843571658282,Fall,CHARGE_PRIORITY
122.0,small_family,13.32762209651386,6.5,5.862981697617936,0.6370183023820633,0.0,-6.82762209651386,Fall,CHARGE_PRIORITY
123.0,apartment,11.752324731234427,3.6399999999999997,3.527967734343926,0.1120322656560735,0.0,-8.112324731234427,Fall,CHARGE_PRIORITY
123.0,family_house,25.77599227508006,10.08,9.94539721482202,0.13460278517798097,0.0,-15.695992275080062,Fall,CHARGE_PRIORITY
123.0,luxury_house,32.976933033789464,18.0,17.180413440098516,0.8195865599014839,0.0,-14.976933033789464,Fall,CHARGE_PRIORITY
123.0,small_family,18.84810392307325,6.5,6.134773775485914,0.36522622451408665,0.0,-12.348103923073248,Fall,CHARGE_PRIORITY
124.0,apartment,14.393599441507899,3.6399999999999997,3.6286461851866334,0.011353814813366336,0.0,-10.753599441507898,Fall,CHARGE_PRIORITY
124.0,family_house,30.48485312177686,10.08,10.08,0.0,0.0,-20.404853121776863,Fall,CHARGE_PRIORITY
124.0,luxury_house,36.16930986379022,18.0,17.493880770313016,0.5061192296869856,0.0,-18.169309863790215,Fall,CHARGE_PRIORITY
124.0,small_family,23.084118615239646,6.5,6.277435926020249,0.2225640739797517,0.0,-16.584118615239646,Fall,CHARGE_PRIORITY
125.0,apartment,16.05397413639035,3.6399999999999997,3.6399999999999997,0.0,0.5109643529443246,-12.413974136390351,Fall,CHARGE_PRIORITY
125.0,family_house,32.823125482833944,10.08,10.08,0.0,0.0,-22.74312548283395,Fall,CHARGE_PRIORITY
125.0,luxury_house,38.034521761665424,18.0,17.608529957784437,0.3914700422155626,0.0,-20.034521761665427,Fall,CHARGE_PRIORITY
125.0,small_family,25.56388489752587,6.5,6.367117102969917,0.13288289703008277,1.3214112703441576,-19.063884897525874,Fall,CHARGE_PRIORITY
126.0,apartment,16.620297024324465,3.6399999999999997,3.6399999999999997,0.0,3.8098095744213367,-12.980297024324464,Fall,CHARGE_PRIORITY
126.0,family_house,33.55768581406819,10.08,10.08,0.0,0.29904276142895714,-23.4776858140682,Fall,CHARGE_PRIORITY
126.0,luxury_house,38.6707108049395,18.0,17.647634660565224,0.352365339434777,0.0,-20.670710804939503,Fall,CHARGE_PRIORITY
126.0,small_family,26.133868257078948,6.5,6.397705682330953,0.10229431766904734,13.207806844306324,-19.633868257078948,Fall,CHARGE_PRIORITY
127.0,apartment,16.05397413639035,3.6399999999999997,3.6399999999999997,0.0,5.383396973277617,-12.413974136390353,Fall,CHARGE_PRIORITY
127.0,family_house,32.823125482833944,10.08,10.08,0.0,7.483288423843224,-22.74312548283395,Fall,CHARGE_PRIORITY
127.0,luxury_house,38.034521761665424,18.0,17.608529957784437,0.3914700422155626,0.0,-20.034521761665427,Fall,CHARGE_PRIORITY
127.0,small_family,25.563884897525877,6.5,6.367117102969917,0.13288289703008266,13.625864922203284,-19.063884897525877,Fall,CHARGE_PRIORITY
128.0,apartment,14.393599441507899,3.6399999999999997,3.6399999999999997,0.0,6.246601209212128,-10.753599441507898,Fall,CHARGE_PRIORITY
128.0,family_house,30.484853121776865,10.08,10.08,0.0,11.854969283041237,-20.404853121776867,Fall,CHARGE_PRIORITY
128.0,luxury_house,36.16930986379022,18.0,17.493880770313016,0.5061192296869854,0.0,-18.169309863790218,Fall,CHARGE_PRIORITY
128.0,small_family,23.08411861523965,6.5,6.277435926020249,0.22256407397975164,12.173933663449247,-16.58411861523965,Fall,CHARGE_PRIORITY
129.0,apartment,11.752324731234427,3.6399999999999997,3.6399999999999997,0.0,5.606983906131332,-8.112324731234427,Fall,CHARGE_PRIORITY
129.0,family_house,25.77599227508006,10.08,10.08,0.0,10.636133917085207,-15.695992275080062,Fall,CHARGE_PRIORITY
129.0,luxury_house,32.976933033789464,18.0,17.31150025081039,0.6884997491896091,0.0,-14.976933033789464,Fall,CHARGE_PRIORITY
129.0,small_family,18.84810392307325,6.5,6.134773775485914,0.36522622451408665,9.572968374502711,-12.348103923073248,Fall,CHARGE_PRIORITY
130.0,apartment,8.310148512162238,3.6399999999999997,3.450767598031777,0.18923240196822264,3.6366959369582372,-4.670148512162237,Fall,CHARGE_PRIORITY
130.0,family_house,18.226378929521186,10.08,10.05681494961997,0.02318505038002927,6.904697911409027,-8.146378929521186,Fall,CHARGE_PRIORITY
130.0,luxury_house,24.4248435716583,18.0,17.073817330282612,0.926182669717388,1.8828370434545922,-6.4248435716583,Fall,CHARGE_PRIORITY
130.0,small_family,13.32762209651387,6.5,5.948852841165476,0.5511471588345234,6.183324416068327,-6.8276220965138705,Fall,CHARGE_PRIORITY
131.0,apartment,4.3016494051559295,3.6399999999999997,3.2439675708456357,0.396032429154364,1.3422470004931437,-0.6616494051559301,Fall,CHARGE_PRIORITY
131.0,family_house,9.434667980430758,10.08,9.498193300383647,0.5818066996163518,1.5482146191656843,0.6453320195692407,Fall,CHARGE_PRIORITY
131.0,luxury_house,12.643229379990093,18.0,16.663982496329393,1.3360175036706068,0.42924061127592306,5.3567706200099074,Fall,CHARGE_PRIORITY
131.0,small_family,6.898884849013955,6.5,5.7323433274840045,0.7676566725159957,2.236000422261897,-0.39888484901395455,Fall,CHARGE_PRIORITY
132.0,apartment,2.0353993551717232e-15,3.6399999999999997,3.0799999999999996,0.5599999999999998,0.0,3.6399999999999975,Fall,CHARGE_PRIORITY
132.0,family_house,4.464175323216974e-15,10.08,9.24,0.8399999999999999,0.0,10.079999999999995,Fall,CHARGE_PRIORITY
132.0,luxury_house,5.9823612999412245e-15,18.0,15.0,2.9999999999999996,0.0,17.999999999999993,Fall,CHARGE_PRIORITY
132.0,small_family,3.264325948148248e-15,6.5,5.5,0.9999999999999999,0.0,6.4999999999999964,Fall,CHARGE_PRIORITY
133.0,apartment,0.0,3.6399999999999997,3.0799999999999996,0.5599999999999999,0.0,3.6399999999999997,Fall,CHARGE_PRIORITY
133.0,family_house,0.0,10.08,9.24,0.84,0.0,10.08,Fall,CHARGE_PRIORITY
133.0,luxury_house,0.0,18.0,14.57879723634458,3.4212027636554203,0.0,18.0,Fall,CHARGE_PRIORITY
133.0,small_family,0.0,6.5,5.5,1.0,0.0,6.5,Fall,CHARGE_PRIORITY
134.0,apartment,0.0,3.6399999999999997,3.0799999999999996,0.5599999999999999,0.0,3.6399999999999997,Fall,CHARGE_PRIORITY
134.0,family_house,0.0,10.08,9.24,0.84,0.0,10.08,Fall,CHARGE_PRIORITY
134.0,luxury_house,0.0,18.0,12.662286957865565,5.337713042134435,0.0,18.0,Fall,CHARGE_PRIORITY
134.0,small_family,0.0,6.5,5.489458474581493,1.0105415254185068,0.0,6.5,Fall,CHARGE_PRIORITY
135.0,apartment,0.0,3.6399999999999997,2.8530283518420814,0.7869716481579183,0.0,3.6399999999999997,Fall,CHARGE_PRIORITY
135.0,family_house,0.0,10.08,8.859749421166693,1.2202505788333053,0.0,10.08,Fall,CHARGE_PRIORITY
135.0,luxury_house,0.0,18.0,10.858800718546462,7.141199281453539,0.0,18.0,Fall,CHARGE_PRIORITY
135.0,small_family,0.0,6.5,5.0,1.5,0.0,6.5,Fall,CHARGE_PRIORITY
136.0,apartment,0.0,3.6399999999999997,2.8,0.8399999999999999,0.0,3.6399999999999997,Fall,CHARGE_PRIORITY
136.0,family_house,0.0,10.08,7.605068055803825,2.4749319441961752,0.0,10.08,Fall,CHARGE_PRIORITY
136.0,luxury_house,0.0,18.0,9.0,9.0,0.0,18.0,Fall,CHARGE_PRIORITY
136.0,small_family,0.0,6.5,4.3471558630523415,2.152844136947659,0.0,6.5,Fall,CHARGE_PRIORITY
137.0,apartment,0.0,3.6399999999999997,2.8,0.8399999999999999,0.0,3.6399999999999997,Fall,CHARGE_PRIORITY
137.0,family_house,0.0,10.08,7.520354500558335,2.5596454994416638,0.0,10.08,Fall,CHARGE_PRIORITY
137.0,luxury_house,0.0,18.0,9.0,9.0,0.0,18.0,Fall,CHARGE_PRIORITY
137.0,small_family,0.0,6.5,3.86957434234444,2.63042565765556,0.0,6.5,Fall,CHARGE_PRIORITY
138.0,apartment,0.0,22.706923375883928,13.726655729532444,8.980267646351484,0.0,22.706923375883928,Fall,CHARGE_PRIORITY
138.0,family_house,0.0,30.20303880755719,17.27630729598994,12.926731511567247,0.0,30.20303880755719,Fall,CHARGE_PRIORITY
138.0,luxury_house,0.0,32.40719097456571,12.972056156493885,19.435134818071823,0.0,32.40719097456571,Fall,CHARGE_PRIORITY
138.0,small_family,0.0,27.961844122085324,15.45034381308666,12.511500308998663,0.0,27.961844122085324,Fall,CHARGE_PRIORITY
139.0,apartment,0.0,21.944689478781406,12.641609420204926,9.303080058576482,0.0,21.944689478781406,Fall,CHARGE_PRIORITY
139.0,family_house,0.0,28.073595896912177,15.209615186064928,12.86398071084725,0.0,28.073595896912177,Fall,CHARGE_PRIORITY
139.0,luxury_house,0.0,34.09195253177875,13.037247473864088,21.05470505791466,0.0,34.09195253177875,Fall,CHARGE_PRIORITY
139.0,small_family,0.0,26.146614774532914,13.01478155823859,13.131833216294325,0.0,26.146614774532914,Fall,CHARGE_PRIORITY
140.0,apartment,0.0,26.495295008473907,9.06139488487453,17.43390012359938,0.0,26.495295008473907,Fall,CHARGE_PRIORITY
140.0,family_house,0.0,29.63693873262741,12.514754028641962,17.122184703985447,0.0,29.63693873262741,Fall,CHARGE_PRIORITY
140.0,luxury_house,0.0,37.99521085411346,12.876622551282447,25.118588302831014,0.0,37.99521085411346,Fall,CHARGE_PRIORITY
140.0,small_family,0.0,26.487169103071743,5.073832769724666,21.41333633334708,0.0,26.487169103071743,Fall,CHARGE_PRIORITY
141.0,apartment,0.0,24.145659070024326,1.7010324763049547,22.44462659371937,0.0,24.145659070024326,Fall,CHARGE_PRIORITY
141.0,family_house,0.0,26.319900591807073,3.4404069739399756,22.879493617867098,0.0,26.319900591807073,Fall,CHARGE_PRIORITY
141.0,luxury_house,0.0,33.26731948971335,0.7195661194925126,32.54775337022084,0.0,33.26731948971335,Fall,CHARGE_PRIORITY
141.0,small_family,0.0,31.70888833159135,1.1397284333529925,30.569159898238357,0.0,31.70888833159135,Fall,CHARGE_PRIORITY
142.0,apartment,0.0,3.6399999999999997,0.27999999999999997,3.3599999999999994,0.0,3.6399999999999997,Fall,CHARGE_PRIORITY
142.0,family_house,0.0,10.08,0.3375468655179847,9.742453134482014,0.0,10.08,Fall,CHARGE_PRIORITY
142.0,luxury_house,0.0,18.0,0.0,18.0,0.0,18.0,Fall,CHARGE_PRIORITY
142.0,small_family,0.0,6.5,0.0,6.5,0.0,6.5,Fall,CHARGE_PRIORITY
143.0,apartment,0.0,3.6399999999999997,0.27999999999999997,3.3599999999999994,0.0,3.6399999999999997,Fall,CHARGE_PRIORITY
143.0,family_house,0.0,10.08,0.0,10.08,0.0,10.08,Fall,CHARGE_PRIORITY
143.0,luxury_house,0.0,18.0,0.0,18.0,0.0,18.0,Fall,CHARGE_PRIORITY
143.0,small_family,0.0,6.5,0.0,6.5,0.0,6.5,Fall,CHARGE_PRIORITY
144.0,apartment,0.0,3.6399999999999997,0.03502823472762698,3.6049717652723725,0.0,3.6399999999999997,Fall,CHARGE_PRIORITY
144.0,family_house,0.0,10.08,0.0,10.08,0.0,10.08,Fall,CHARGE_PRIORITY
144.0,luxury_house,0.0,18.0,0.0,18.0,0.0,18.0,Fall,CHARGE_PRIORITY
144.0,small_family,0.0,6.5,0.0,6.5,0.0,6.5,Fall,CHARGE_PRIORITY
145.0,apartment,5.264805768492971,3.6399999999999997,3.029586419100016,0.6104135808999833,0.0,-1.6248057684929718,Fall,CHARGE_PRIORITY
145.0,family_house,7.210820320399248,10.08,6.385543433937877,3.694456566062123,0.0,2.8691796796007525,Fall,CHARGE_PRIORITY
145.0,luxury_house,7.824038709037105,18.0,7.041634838133395,10.958365161866606,0.0,10.175961290962894,Fall,CHARGE_PRIORITY
145.0,small_family,6.940386939984288,6.5,4.981989196356479,1.5180108036435211,0.0,-0.4403869399842883,Fall,CHARGE_PRIORITY
146.0,apartment,10.170823724366052,3.6399999999999997,3.507295008032711,0.13270499196728858,0.0,-6.530823724366053,Fall,CHARGE_PRIORITY
146.0,family_house,13.930235152407294,10.08,8.328359636155511,1.7516403638444886,0.0,-3.850235152407294,Fall,CHARGE_PRIORITY
146.0,luxury_house,15.114882109888642,18.0,12.570945320491903,5.429054679508097,0.0,2.8851178901113577,Fall,CHARGE_PRIORITY
146.0,small_family,13.407797979540362,6.5,6.309787307491974,0.19021269250802608,0.0,-6.907797979540363,Fall,CHARGE_PRIORITY
147.0,apartment,14.38371685150451,3.6399999999999997,3.5683065980297144,0.07169340197028548,0.0,-10.743716851504509,Fall,CHARGE_PRIORITY
147.0,family_house,19.700327479580835,10.08,8.99456401062458,1.0854359893754189,0.0,-9.620327479580839,Fall,CHARGE_PRIORITY
147.0,luxury_house,21.375671273474982,18.0,15.140050231242595,2.8599497687574047,0.0,-3.375671273474982,Fall,CHARGE_PRIORITY
147.0,small_family,18.96148974422457,6.5,6.438105411706194,0.06189458829380601,0.0,-12.461489744224568,Fall,CHARGE_PRIORITY
148.0,apartment,17.616383445428923,3.6399999999999997,3.6151224376139215,0.02487756238607791,0.0,-13.97638344542892,Fall,CHARGE_PRIORITY
148.0,family_house,24.127875045351416,10.08,9.402843289231114,0.6771567107688844,0.0,-14.047875045351418,Fall,CHARGE_PRIORITY
148.0,luxury_house,26.044372487807877,18.0,16.288063963607275,1.7119360363927254,0.0,-8.044372487807879,Fall,CHARGE_PRIORITY
148.0,small_family,23.22298731818325,6.5,6.5,0.0,0.0,-16.72298731818325,Fall,CHARGE_PRIORITY
149.0,apartment,19.64852261999748,3.6399999999999997,3.6399999999999997,0.0,0.0,-16.00852261999748,Fall,CHARGE_PRIORITY
149.0,family_house,26.911147799980082,10.08,9.615424608900849,0.464575391099151,0.0,-16.831147799980084,Fall,CHARGE_PRIORITY
149.0,luxury_house,28.587302655627294,18.0,16.688684216234964,1.3113157837650353,0.0,-10.587302655627296,Fall,CHARGE_PRIORITY
149.0,small_family,25.68573129049208,6.5,6.5,0.0,0.915527634331061,-19.18573129049208,Fall,CHARGE_PRIORITY
150.0,apartment,20.341647448732108,3.6399999999999997,3.6399999999999997,0.0,4.108549411828429,-16.70164744873211,Fall,CHARGE_PRIORITY
150.0,family_house,27.86047030481459,10.08,9.68793213822376,0.39206786177623987,0.0,-17.780470304814592,Fall,CHARGE_PRIORITY
150.0,luxury_house,29.454648779904517,18.0,16.801168815917652,1.1988311840823462,0.0,-11.454648779904518,Fall,CHARGE_PRIORITY
150.0,small_family,26.450721059820065,6.5,6.5,0.0,4.61975499506751,-19.950721059820065,Fall,CHARGE_PRIORITY
151.0,apartment,19.64852261999748,3.6399999999999997,3.6399999999999997,0.0,7.9797501111398965,-16.008522619997482,Fall,CHARGE_PRIORITY
151.0,family_house,26.911147799980082,10.08,9.615424608900849,0.464575391099151,0.2669095071013742,-16.831147799980084,Fall,CHARGE_PRIORITY
151.0,luxury_house,28.587302655627294,18.0,16.688684216234964,1.311315783765035,0.0,-10.587302655627296,Fall,CHARGE_PRIORITY
151.0,small_family,25.685731290492086,6.5,6.5,0.0,7.720134109739968,-19.185731290492086,Fall,CHARGE_PRIORITY
152.0,apartment,17.616383445428923,3.6399999999999997,3.6388166630483516,0.001183336951648073,9.672648276599759,-13.97638344542892,Fall,CHARGE_PRIORITY
152.0,family_house,24.127875045351423,10.08,9.402843289231116,0.6771567107688838,4.072347986020507,-14.047875045351423,Fall,CHARGE_PRIORITY
152.0,luxury_house,26.04437248780788,18.0,16.358896056765683,1.6411039432343162,0.0,-8.044372487807882,Fall,CHARGE_PRIORITY
152.0,small_family,23.22298731818325,6.5,6.5,0.0,10.74775567282879,-16.72298731818325,Fall,CHARGE_PRIORITY
153.0,apartment,14.38371685150451,3.6399999999999997,3.5683065980297144,0.07169340197028548,8.341106646976016,-10.743716851504509,Fall,CHARGE_PRIORITY
153.0,family_house,19.700327479580835,10.08,9.06467524484281,1.0153247551571893,5.446037412489115,-9.620327479580839,Fall,CHARGE_PRIORITY
153.0,luxury_house,21.375671273474982,18.0,15.783089668748557,2.2169103312514427,0.0,-3.375671273474982,Fall,CHARGE_PRIORITY
153.0,small_family,18.96148974422457,6.5,6.5,0.0,8.927133535021293,-12.461489744224568,Fall,CHARGE_PRIORITY
154.0,apartment,10.170823724366059,3.6399999999999997,3.507295008032711,0.13270499196728847,5.40599246507033,-6.53082372436606,Fall,CHARGE_PRIORITY
154.0,family_house,13.930235152407304,10.08,8.62396606911188,1.4560339308881194,3.43976672561032,-3.850235152407304,Fall,CHARGE_PRIORITY
154.0,luxury_house,15.114882109888654,18.0,14.130189282300773,3.8698107176992265,0.0,2.885117890111346,Fall,CHARGE_PRIORITY
154.0,small_family,12.681474771946869,6.5,6.5,0.0,5.5802036121377645,-6.181474771946869,Fall,CHARGE_PRIORITY
155.0,apartment,5.264805768492978,3.6399999999999997,3.436245506654789,0.2037544933452109,1.9879796068263222,-1.624805768492978,Fall,CHARGE_PRIORITY
155.0,family_house,7.210820320399256,10.08,8.06482753649382,2.01517246350618,0.39577206046827584,2.8691796796007445,Fall,CHARGE_PRIORITY
155.0,luxury_house,7.824038709037114,18.0,12.22981206037003,5.770187939629969,0.0,10.175961290962885,Fall,CHARGE_PRIORITY
155.0,small_family,6.564414381933995,6.5,6.297886000486349,0.20211399951365083,1.6826211662548722,-0.06441438193399451,Fall,CHARGE_PRIORITY
156.0,apartment,2.49113334374737e-15,3.6399999999999997,3.36,0.2799999999999999,0.0,3.639999999999997,Fall,CHARGE_PRIORITY
156.0,family_house,3.4119235781531076e-15,10.08,6.72,3.3599999999999994,0.0,10.079999999999997,Fall,CHARGE_PRIORITY
156.0,luxury_house,3.702078399072944e-15,18.0,8.818100693383428,9.181899306616572,0.0,17.999999999999996,Fall,CHARGE_PRIORITY
156.0,small_family,3.106065497586527e-15,6.5,6.0,0.49999999999999994,0.0,6.4999999999999964,Fall,CHARGE_PRIORITY
157.0,apartment,0.0,3.6399999999999997,3.3599999999999994,0.27999999999999997,0.0,3.6399999999999997,Fall,CHARGE_PRIORITY
157.0,family_house,0.0,10.08,6.72,3.36,0.0,10.08,Fall,CHARGE_PRIORITY
157.0,luxury_house,0.0,18.0,7.5,10.5,0.0,18.0,Fall,CHARGE_PRIORITY
157.0,small_family,0.0,6.5,6.0,0.5,0.0,6.5,Fall,CHARGE_PRIORITY
158.0,apartment,0.0,3.6399999999999997,3.3599999999999994,0.27999999999999997,0.0,3.6399999999999997,Fall,CHARGE_PRIORITY
158.0,family_house,0.0,10.08,6.72,3.36,0.0,10.08,Fall,CHARGE_PRIORITY
158.0,luxury_house,0.0,18.0,6.240788055207313,11.759211944792687,0.0,18.0,Fall,CHARGE_PRIORITY
158.0,small_family,0.0,6.5,6.0,0.5,0.0,6.5,Fall,CHARGE_PRIORITY
159.0,apartment,0.0,3.6399999999999997,3.3599999999999994,0.27999999999999997,0.0,3.6399999999999997,Fall,CHARGE_PRIORITY
159.0,family_house,0.0,10.08,6.72,3.36,0.0,10.08,Fall,CHARGE_PRIORITY
159.0,luxury_house,0.0,18.0,6.0,12.0,0.0,18.0,Fall,CHARGE_PRIORITY
159.0,small_family,0.0,6.5,6.0,0.5,0.0,6.5,Fall,CHARGE_PRIORITY
160.0,apartment,0.0,3.6399999999999997,3.3599999999999994,0.27999999999999997,0.0,3.6399999999999997,Fall,CHARGE_PRIORITY
160.0,family_house,0.0,10.08,6.72,3.36,0.0,10.08,Fall,CHARGE_PRIORITY
160.0,luxury_house,0.0,18.0,4.693530921058493,13.306469078941507,0.0,18.0,Fall,CHARGE_PRIORITY
160.0,small_family,0.0,6.5,6.0,0.5,0.0,6.5,Fall,CHARGE_PRIORITY
161.0,apartment,0.0,3.6399999999999997,3.280834418240352,0.3591655817596474,0.0,3.6399999999999997,Fall,CHARGE_PRIORITY
161.0,family_house,0.0,10.08,6.72,3.36,0.0,10.08,Fall,CHARGE_PRIORITY
161.0,luxury_house,0.0,18.0,4.5,13.5,0.0,18.0,Fall,CHARGE_PRIORITY
161.0,small_family,0.0,6.5,5.91759911785614,0.5824008821438603,0.0,6.5,Fall,CHARGE_PRIORITY
162.0,apartment,0.0,22.746245909384303,15.630465865734418,7.115780043649886,0.0,22.746245909384303,Fall,CHARGE_PRIORITY
162.0,family_house,0.0,33.77108494196096,17.216624014371884,16.55446092758907,0.0,33.77108494196096,Fall,CHARGE_PRIORITY
162.0,luxury_house,0.0,37.7678728022802,4.9309224296360945,32.83695037264411,0.0,37.7678728022802,Fall,CHARGE_PRIORITY
162.0,small_family,0.0,23.19685976287971,13.498754765386973,9.698104997492738,0.0,23.19685976287971,Fall,CHARGE_PRIORITY
163.0,apartment,0.0,28.309133672235713,17.856011060637556,10.453122611598161,0.0,28.309133672235713,Fall,CHARGE_PRIORITY
163.0,family_house,0.0,26.627710533226402,10.547339325710077,16.080371207516325,0.0,26.627710533226402,Fall,CHARGE_PRIORITY
163.0,luxury_house,0.0,33.89860527454993,2.207904157085578,31.69070111746435,0.0,33.89860527454993,Fall,CHARGE_PRIORITY
163.0,small_family,0.0,27.087262630319955,14.298829880899223,12.788432749420732,0.0,27.087262630319955,Fall,CHARGE_PRIORITY
164.0,apartment,0.0,24.235256196608688,9.804924344592605,14.430331852016085,0.0,24.235256196608688,Fall,CHARGE_PRIORITY
164.0,family_house,0.0,27.57373714031246,10.970936455371016,16.602800684941446,0.0,27.57373714031246,Fall,CHARGE_PRIORITY
164.0,luxury_house,0.0,33.70073925997121,-4.213000162292041e-16,33.700739259971215,0.0,33.70073925997121,Fall,CHARGE_PRIORITY
164.0,small_family,0.0,23.48092127619675,10.482346676143816,12.998574600052933,0.0,23.48092127619675,Fall,CHARGE_PRIORITY
165.0,apartment,0.0,22.80345913753256,3.4485939093917057,19.354865228140852,0.0,22.80345913753256,Fall,CHARGE_PRIORITY
165.0,family_house,0.0,30.074132132811137,3.445276390811642,26.628855741999494,0.0,30.074132132811137,Fall,CHARGE_PRIORITY
165.0,luxury_house,0.0,29.791012633401827,0.0,29.791012633401827,0.0,29.791012633401827,Fall,CHARGE_PRIORITY
165.0,small_family,0.0,23.475661473413822,2.127875412817637,21.347786060596185,0.0,23.475661473413822,Fall,CHARGE_PRIORITY
166.0,apartment,0.0,3.6399999999999997,0.2800000000000001,3.3599999999999994,0.0,3.6399999999999997,Fall,CHARGE_PRIORITY
166.0,family_house,0.0,10.08,0.0,10.08,0.0,10.08,Fall,CHARGE_PRIORITY
166.0,luxury_house,0.0,18.0,0.0,18.0,0.0,18.0,Fall,CHARGE_PRIORITY
166.0,small_family,0.0,6.5,0.5,6.0,0.0,6.5,Fall,CHARGE_PRIORITY
167.0,apartment,0.0,3.6399999999999997,0.27999999999999997,3.3599999999999994,0.0,3.6399999999999997,Fall,CHARGE_PRIORITY
167.0,family_house,0.0,10.08,0.0,10.08,0.0,10.08,Fall,CHARGE_PRIORITY
167.0,luxury_house,0.0,18.0,0.0,18.0,0.0,18.0,Fall,CHARGE_PRIORITY
167.0,small_family,0.0,6.5,0.4296992331349406,6.07030076686506,0.0,6.5,Fall,CHARGE_PRIORITY
168.0,apartment,0.0,3.6399999999999997,0.02190997403163091,3.618090025968369,0.0,3.6399999999999997,Fall,CHARGE_PRIORITY
168.0,family_house,0.0,10.08,0.0,10.08,0.0,10.08,Fall,CHARGE_PRIORITY
168.0,luxury_house,0.0,18.0,0.0,18.0,0.0,18.0,Fall,CHARGE_PRIORITY
168.0,small_family,0.0,6.5,0.0,6.5,0.0,6.5,Fall,CHARGE_PRIORITY
169.0,apartment,5.159699360530337,3.6399999999999997,2.88168628823019,0.7583137117698096,0.0,-1.5196993605303377,Fall,CHARGE_PRIORITY
169.0,family_house,11.235237707090594,10.08,8.473461637941742,1.606538362058258,0.0,-1.1552377070905941,Fall,CHARGE_PRIORITY
169.0,luxury_house,13.000483257073572,18.0,11.649152464959418,6.350847535040582,0.0,4.999516742926427,Fall,CHARGE_PRIORITY
169.0,small_family,8.043395862848843,6.5,5.092920983719654,1.4070790162803466,0.0,-1.5433958628488431,Fall,CHARGE_PRIORITY
170.0,apartment,9.967773736446887,3.6399999999999997,3.3701707558896112,0.2698292441103882,0.0,-6.327773736446886,Fall,CHARGE_PRIORITY
170.0,family_house,21.704812531551156,10.08,9.54056753692155,0.5394324630784496,0.0,-11.624812531551155,Fall,CHARGE_PRIORITY
170.0,luxury_house,25.115005064491978,18.0,15.70533271324312,2.294667286756881,0.0,-7.115005064491977,Fall,CHARGE_PRIORITY
170.0,small_family,15.538647589984683,6.5,5.951856545037909,0.5481434549620905,0.0,-9.038647589984683,Fall,CHARGE_PRIORITY
171.0,apartment,14.096560804749531,3.6399999999999997,3.552836779540695,0.08716322045930441,0.0,-10.45656080474953,Fall,CHARGE_PRIORITY
171.0,family_house,30.695240250885163,10.08,9.665066687123533,0.4149333128764674,0.0,-20.615240250885165,Fall,CHARGE_PRIORITY
171.0,luxury_house,33.74767765564736,18.0,17.306575805783524,0.6934241942164763,0.0,-15.74767765564736,Fall,CHARGE_PRIORITY
171.0,small_family,21.97496616269235,6.5,6.0,0.5,0.0,-15.474966162692352,Fall,CHARGE_PRIORITY
172.0,apartment,17.264690549876676,3.6399999999999997,3.6399999999999997,0.0,0.0,-13.624690549876679,Fall,CHARGE_PRIORITY
172.0,family_house,35.62712036715047,10.08,9.76059824505396,0.3194017549460403,0.0,-25.54712036715047,Fall,CHARGE_PRIORITY
172.0,luxury_house,37.368706525578105,18.0,17.838827318294246,0.16117268170575305,0.0,-19.3687065255781,Fall,CHARGE_PRIORITY
172.0,small_family,26.91372710676116,6.5,6.0,0.5,0.0,-20.41372710676116,Fall,CHARGE_PRIORITY
173.0,apartment,19.256260165279866,3.6399999999999997,3.6399999999999997,0.0,0.0,-15.616260165279865,Fall,CHARGE_PRIORITY
173.0,family_house,37.816723987984,10.08,9.820651892913236,0.2593481070867628,0.0,-27.736723987984004,Fall,CHARGE_PRIORITY
173.0,luxury_house,38.940529166221474,18.0,17.993267839523607,0.006732160476393245,0.0,-20.940529166221474,Fall,CHARGE_PRIORITY
173.0,small_family,30.01836202554119,6.5,6.0,0.5,0.0,-23.51836202554119,Fall,CHARGE_PRIORITY
174.0,apartment,19.935547472893774,3.6399999999999997,3.6399999999999997,0.0,4.1523616797357965,-16.295547472893777,Fall,CHARGE_PRIORITY
174.0,family_house,38.445229957700775,10.08,9.8411350738431,0.23886492615689925,0.35932382854783795,-28.36522995770078,Fall,CHARGE_PRIORITY
174.0,luxury_house,39.46757396851121,18.0,18.0,0.0,0.0,-21.46757396851121,Fall,CHARGE_PRIORITY
174.0,small_family,31.07729517996937,6.5,6.0,0.5,12.346838336049531,-24.57729517996937,Fall,CHARGE_PRIORITY
175.0,apartment,19.25626016527987,3.6399999999999997,3.6399999999999997,0.0,10.335065043423352,-15.616260165279868,Fall,CHARGE_PRIORITY
175.0,family_house,37.816723987984,10.08,9.820651892913236,0.2593481070867628,12.812393056658168,-27.736723987984004,Fall,CHARGE_PRIORITY
175.0,luxury_house,38.940529166221474,18.0,18.0,0.0,0.0,-20.940529166221474,Fall,CHARGE_PRIORITY
175.0,small_family,26.44041807492779,6.5,6.0,0.5,12.716385021225381,-19.94041807492779,Fall,CHARGE_PRIORITY
176.0,apartment,17.264690549876676,3.6399999999999997,3.6399999999999997,0.0,10.702410409443504,-13.624690549876679,Fall,CHARGE_PRIORITY
176.0,family_house,35.627120367150475,10.08,9.76059824505396,0.3194017549460402,17.06409293664173,-25.547120367150473,Fall,CHARGE_PRIORITY
176.0,luxury_house,37.368706525578105,18.0,17.878039783049072,0.12196021695092951,0.0,-19.368706525578105,Fall,CHARGE_PRIORITY
176.0,small_family,23.70583031984912,6.5,6.0,0.5,13.85356196091612,-17.20583031984912,Fall,CHARGE_PRIORITY
177.0,apartment,14.096560804749531,3.6399999999999997,3.6399999999999997,0.0,8.733796629171994,-10.45656080474953,Fall,CHARGE_PRIORITY
177.0,family_house,30.695240250885163,10.08,9.665066687123533,0.41493331287646734,16.942496959398895,-20.615240250885165,Fall,CHARGE_PRIORITY
177.0,luxury_house,33.74767765564736,18.0,17.59314792783989,0.406852072160111,0.0,-15.74767765564736,Fall,CHARGE_PRIORITY
177.0,small_family,19.355729404209633,6.5,6.0,0.5,11.520239337582197,-12.855729404209631,Fall,CHARGE_PRIORITY
178.0,apartment,9.967773736446894,3.6399999999999997,3.5813991367363016,0.05860086326369779,5.6836662143851315,-6.327773736446893,Fall,CHARGE_PRIORITY
178.0,family_house,21.704812531551173,10.08,9.54056753692155,0.5394324630784494,10.257942363600332,-11.624812531551173,Fall,CHARGE_PRIORITY
178.0,luxury_house,25.115005064491996,18.0,17.162160206553647,0.8378397934463516,2.318249557261831,-7.115005064491997,Fall,CHARGE_PRIORITY
178.0,small_family,13.686567516528491,6.5,6.0,0.5,7.26735970005604,-7.18656751652849,Fall,CHARGE_PRIORITY
179.0,apartment,5.159699360530343,3.6399999999999997,3.317569142470802,0.32243085752919765,2.1317141161217092,-1.5196993605303435,Fall,CHARGE_PRIORITY
179.0,family_house,11.235237707090606,10.08,9.395585205789704,0.6844147942102952,2.4736136649331124,-1.1552377070906066,Fall,CHARGE_PRIORITY
179.0,luxury_house,13.000483257073588,18.0,15.858119478635336,2.141880521364665,0.5402807617914402,4.999516742926413,Fall,CHARGE_PRIORITY
179.0,small_family,7.084688670718169,6.5,6.0,0.5,2.314776466585219,-0.5846886707181692,Fall,CHARGE_PRIORITY
180.0,apartment,2.441400440192947e-15,3.6399999999999997,3.0799999999999996,0.5599999999999998,0.0,3.639999999999997,Fall,CHARGE_PRIORITY
180.0,family_house,5.316145838571498e-15,10.08,9.24,0.8399999999999999,0.0,10.079999999999995,Fall,CHARGE_PRIORITY
180.0,luxury_house,6.1514021125599335e-15,18.0,14.175210290002626,3.824789709997374,0.0,17.999999999999993,Fall,CHARGE_PRIORITY
180.0,small_family,3.352242220086149e-15,6.5,6.0,0.5,0.0,6.4999999999999964,Fall,CHARGE_PRIORITY
181.0,apartment,0.0,3.6399999999999997,3.0799999999999996,0.5599999999999999,0.0,3.6399999999999997,Fall,CHARGE_PRIORITY
181.0,family_house,0.0,10.08,9.24,0.84,0.0,10.08,Fall,CHARGE_PRIORITY
181.0,luxury_house,0.0,18.0,12.781855906183406,5.218144093816595,0.0,18.0,Fall,CHARGE_PRIORITY
181.0,small_family,0.0,6.5,6.0,0.5,0.0,6.5,Fall,CHARGE_PRIORITY
182.0,apartment,0.0,3.6399999999999997,2.944635812201379,0.695364187798621,0.0,3.6399999999999997,Fall,CHARGE_PRIORITY
182.0,family_house,0.0,10.08,9.24,0.84,0.0,10.08,Fall,CHARGE_PRIORITY
182.0,luxury_house,0.0,18.0,12.0,6.0,0.0,18.0,Fall,CHARGE_PRIORITY
182.0,small_family,0.0,6.5,6.0,0.5,0.0,6.5,Fall,CHARGE_PRIORITY
183.0,apartment,0.0,3.6399999999999997,2.8,0.8399999999999999,0.0,3.6399999999999997,Fall,CHARGE_PRIORITY
183.0,family_house,0.0,10.08,9.24,0.84,0.0,10.08,Fall,CHARGE_PRIORITY
183.0,luxury_house,0.0,18.0,11.08983897576493,6.9101610242350695,0.0,18.0,Fall,CHARGE_PRIORITY
183.0,small_family,0.0,6.5,5.678627716608976,0.8213722833910236,0.0,6.5,Fall,CHARGE_PRIORITY
184.0,apartment,0.0,3.6399999999999997,2.8,0.8399999999999999,0.0,3.6399999999999997,Fall,CHARGE_PRIORITY
184.0,family_house,0.0,10.08,9.24,0.84,0.0,10.08,Fall,CHARGE_PRIORITY
184.0,luxury_house,0.0,18.0,10.5,7.5,0.0,18.0,Fall,CHARGE_PRIORITY
184.0,small_family,0.0,6.5,5.5,1.0,0.0,6.5,Fall,CHARGE_PRIORITY
185.0,apartment,0.0,3.6399999999999997,2.8,0.8399999999999999,0.0,3.6399999999999997,Fall,CHARGE_PRIORITY
185.0,family_house,0.0,10.08,9.24,0.84,0.0,10.08,Fall,CHARGE_PRIORITY
185.0,luxury_house,0.0,18.0,10.5,7.5,0.0,18.0,Fall,CHARGE_PRIORITY
185.0,small_family,0.0,6.5,5.5,1.0,0.0,6.5,Fall,CHARGE_PRIORITY
186.0,apartment,0.0,23.44348623049705,17.628362716568876,5.8151235139281745,0.0,23.44348623049705,Fall,CHARGE_PRIORITY
186.0,family_house,0.0,24.519138295998605,20.54801953956485,3.971118756433754,0.0,24.519138295998605,Fall,CHARGE_PRIORITY
186.0,luxury_house,0.0,39.84824942097223,24.468243264832093,15.380006156140134,0.0,39.84824942097223,Fall,CHARGE_PRIORITY
186.0,small_family,0.0,25.448380835917554,20.936747143072456,4.5116336928450975,0.0,25.448380835917554,Fall,CHARGE_PRIORITY
187.0,apartment,0.0,21.79513104079921,12.759517105691637,9.03561393510757,0.0,21.79513104079921,Fall,CHARGE_PRIORITY
187.0,family_house,0.0,25.526974739038035,21.3241733490836,4.202801389954433,0.0,25.526974739038035,Fall,CHARGE_PRIORITY
187.0,luxury_house,0.0,36.68872680760465,14.824035278334058,21.864691529270598,0.0,36.68872680760465,Fall,CHARGE_PRIORITY
187.0,small_family,0.0,21.741506189329478,12.804490784821212,8.937015404508266,0.0,21.741506189329478,Fall,CHARGE_PRIORITY
188.0,apartment,0.0,23.337654928713622,8.713055894943567,14.624599033770053,0.0,23.337654928713622,Fall,CHARGE_PRIORITY
188.0,family_house,0.0,27.79212380991548,18.69686871843482,9.095255091480658,0.0,27.79212380991548,Fall,CHARGE_PRIORITY
188.0,luxury_house,0.0,39.81617760045938,5.673124659536262,34.14305294092312,0.0,39.81617760045938,Fall,CHARGE_PRIORITY
188.0,small_family,0.0,21.99321322754058,8.202503768999264,13.790709458541317,0.0,21.99321322754058,Fall,CHARGE_PRIORITY
189.0,apartment,0.0,24.713589233737018,3.521933503796697,21.191655729940322,0.0,24.713589233737018,Fall,CHARGE_PRIORITY
189.0,family_house,0.0,29.915927252672695,7.718103716057165,22.19782353661553,0.0,29.915927252672695,Fall,CHARGE_PRIORITY
189.0,luxury_house,0.0,32.96783189666842,0.0,32.96783189666842,0.0,32.96783189666842,Fall,CHARGE_PRIORITY
189.0,small_family,0.0,27.063333958946085,7.254626072081616,19.808707886864468,0.0,27.063333958946085,Fall,CHARGE_PRIORITY
190.0,apartment,0.0,3.6399999999999997,0.27999999999999997,3.3599999999999994,0.0,3.6399999999999997,Fall,CHARGE_PRIORITY
190.0,family_house,0.0,10.08,0.84,9.24,0.0,10.08,Fall,CHARGE_PRIORITY
190.0,luxury_house,0.0,18.0,0.0,18.0,0.0,18.0,Fall,CHARGE_PRIORITY
190.0,small_family,0.0,6.5,0.234689150813541,6.265310849186459,0.0,6.5,Fall,CHARGE_PRIORITY
191.0,apartment,0.0,3.6399999999999997,0.27999999999999997,3.3599999999999994,0.0,3.6399999999999997,Fall,CHARGE_PRIORITY
191.0,family_house,0.0,10.08,0.5916942528292016,9.488305747170799,0.0,10.08,Fall,CHARGE_PRIORITY
191.0,luxury_house,0.0,18.0,0.0,18.0,0.0,18.0,Fall,CHARGE_PRIORITY
191.0,small_family,0.0,6.5,0.0,6.5,0.0,6.5,Fall,CHARGE_PRIORITY
192.0,apartment,0.0,3.6399999999999997,0.27999999999999997,3.3599999999999994,0.0,3.6399999999999997,Fall,CHARGE_PRIORITY
192.0,family_house,0.0,10.08,0.0,10.08,0.0,10.08,Fall,CHARGE_PRIORITY
192.0,luxury_house,0.0,18.0,0.0,18.0,0.0,18.0,Fall,CHARGE_PRIORITY
192.0,small_family,0.0,6.5,0.0,6.5,0.0,6.5,Fall,CHARGE_PRIORITY
193.0,apartment,3.953864508387167,3.6399999999999997,2.692614650635518,0.9473853493644815,0.0,-0.3138645083871674,Fall,CHARGE_PRIORITY
193.0,family_house,11.384363662638203,10.08,8.703137528695626,1.3768624713043742,0.0,-1.3043636626382025,Fall,CHARGE_PRIORITY
193.0,luxury_house,10.745905874390532,18.0,9.605445905594484,8.394554094405516,0.0,7.254094125609468,Fall,CHARGE_PRIORITY
193.0,small_family,7.688124699765493,6.5,5.111659920036663,1.3883400799633372,0.0,-1.1881246997654933,Fall,CHARGE_PRIORITY
194.0,apartment,7.63827968459779,3.6399999999999997,3.409333441022005,0.23066655897799487,0.0,-3.9982796845977897,Fall,CHARGE_PRIORITY
194.0,family_house,21.992901755218096,10.08,9.568166680702435,0.5118333192975655,0.0,-11.912901755218098,Fall,CHARGE_PRIORITY
194.0,luxury_house,20.759496021890453,18.0,14.359455753505486,3.6405442464945144,0.0,-2.7594960218904543,Fall,CHARGE_PRIORITY
194.0,small_family,14.852316406468757,6.5,5.974051626044321,0.5259483739556791,0.0,-8.352316406468757,Fall,CHARGE_PRIORITY
195.0,apartment,10.802158723157083,3.6399999999999997,3.562666244612152,0.07733375538784773,0.0,-7.162158723157083,Fall,CHARGE_PRIORITY
195.0,family_house,31.102659938168486,10.08,9.704097770568344,0.37590222943165597,0.0,-21.022659938168488,Fall,CHARGE_PRIORITY
195.0,luxury_house,28.60498892453918,18.0,15.50517351872774,2.4948264812722587,0.0,-10.604988924539182,Fall,CHARGE_PRIORITY
195.0,small_family,21.004347294684553,6.5,6.0,0.5,0.0,-14.504347294684552,Fall,CHARGE_PRIORITY
196.0,apartment,13.229888496144552,3.6399999999999997,3.6138319204353806,0.02616807956461914,0.0,-9.589888496144553,Fall,CHARGE_PRIORITY
196.0,family_house,36.67192953948486,10.08,9.80840136432785,0.27159863567215026,0.0,-26.59192953948486,Fall,CHARGE_PRIORITY
196.0,luxury_house,33.14077810886007,18.0,16.15901900050982,1.840980999490181,0.0,-15.14077810886007,Fall,CHARGE_PRIORITY
196.0,small_family,25.724966626092698,6.5,6.0,0.5,0.0,-19.224966626092698,Fall,CHARGE_PRIORITY
197.0,apartment,14.75602323154425,3.6399999999999997,3.6399999999999997,0.0,0.0,-11.116023231544249,Fall,CHARGE_PRIORITY
197.0,family_house,38.7849053092728,10.08,9.87396934443608,0.20603065556392008,0.0,-28.704905309272803,Fall,CHARGE_PRIORITY
197.0,luxury_house,35.242443702637466,18.0,16.465750327833433,1.5342496721665675,0.0,-17.242443702637466,Fall,CHARGE_PRIORITY
197.0,small_family,28.506831369363738,6.5,6.0,0.5,0.8418826081863298,-22.006831369363738,Fall,CHARGE_PRIORITY
198.0,apartment,15.276559369195581,3.6399999999999997,3.6399999999999997,0.0,1.379496743761543,-11.63655936919558,Fall,CHARGE_PRIORITY
198.0,family_house,39.44756501794904,10.08,9.896333361404869,0.18366663859513088,0.0,-29.36756501794904,Fall,CHARGE_PRIORITY
198.0,luxury_house,35.90420554362546,18.0,16.564707447821164,1.4352925521788364,0.0,-17.904205543625455,Fall,CHARGE_PRIORITY
198.0,small_family,29.3713387740289,6.5,6.0,0.5,7.056094293819788,-22.8713387740289,Fall,CHARGE_PRIORITY
199.0,apartment,14.756023231544251,3.6399999999999997,3.6399999999999997,0.0,4.338079716126755,-11.116023231544252,Fall,CHARGE_PRIORITY
199.0,family_house,38.7849053092728,10.08,9.87396934443608,0.20603065556392008,12.67504215878441,-28.704905309272803,Fall,CHARGE_PRIORITY
199.0,luxury_house,35.242443702637466,18.0,16.471413551461616,1.5285864485383833,0.0,-17.242443702637466,Fall,CHARGE_PRIORITY
199.0,small_family,28.506831369363745,6.5,6.0,0.5,14.055562991124683,-22.006831369363745,Fall,CHARGE_PRIORITY
200.0,apartment,13.229888496144552,3.6399999999999997,3.6331572152286853,0.006842784771314447,4.066962318665553,-9.589888496144553,Fall,CHARGE_PRIORITY
200.0,family_house,36.671929539484864,10.08,9.80840136432785,0.27159863567215026,16.83965653008508,-26.591929539484862,Fall,CHARGE_PRIORITY
200.0,luxury_house,33.140778108860076,18.0,16.15901900050982,1.8409809994901802,0.0,-15.140778108860074,Fall,CHARGE_PRIORITY
200.0,small_family,25.7249666260927,6.5,6.0,0.5,14.874131288046724,-19.2249666260927,Fall,CHARGE_PRIORITY
201.0,apartment,10.802158723157083,3.6399999999999997,3.5672528951658067,0.07274710483419286,4.029081707432684,-7.162158723157083,Fall,CHARGE_PRIORITY
201.0,family_house,31.102659938168486,10.08,9.704097770568344,0.37590222943165597,15.796767047478761,-21.022659938168488,Fall,CHARGE_PRIORITY
201.0,luxury_house,28.60498892453918,18.0,15.671079922538127,2.328920077461873,0.0,-10.604988924539182,Fall,CHARGE_PRIORITY
201.0,small_family,21.004347294684553,6.5,6.0,0.5,11.594167083743443,-14.504347294684552,Fall,CHARGE_PRIORITY
202.0,apartment,7.638279684597795,3.6399999999999997,3.5065499275922867,0.13345007240771312,2.6029606934770255,-3.9982796845977955,Fall,CHARGE_PRIORITY
202.0,family_house,21.992901755218114,10.08,9.568166680702435,0.5118333192975653,9.955321576392123,-11.912901755218115,Fall,CHARGE_PRIORITY
202.0,luxury_house,20.75949602189047,18.0,15.035185335724675,2.964814664275325,1.0766938091730553,-2.75949602189047,Fall,CHARGE_PRIORITY
202.0,small_family,14.852316406468768,6.5,6.0,0.5,7.319634510684494,-8.352316406468768,Fall,CHARGE_PRIORITY
203.0,apartment,3.9538645083871713,3.6399999999999997,3.435859824638558,0.2041401753614414,0.9422075980224737,-0.31386450838717184,Fall,CHARGE_PRIORITY
203.0,family_house,11.384363662638215,10.08,9.409871573867736,0.670128426132264,2.316965618586309,-1.304363662638215,Fall,CHARGE_PRIORITY
203.0,luxury_house,10.745905874390544,18.0,13.859776101147618,4.1402238988523825,0.2398548681744399,7.2540941256094555,Fall,CHARGE_PRIORITY
203.0,small_family,7.688124699765502,6.5,6.0,0.5,2.3418358997247624,-1.1881246997655022,Fall,CHARGE_PRIORITY
204.0,apartment,1.8708389533469878e-15,3.6399999999999997,3.227527011218019,0.4124729887819804,0.0,3.639999999999998,Fall,CHARGE_PRIORITY
204.0,family_house,5.386707347698011e-15,10.08,9.24,0.8399999999999999,0.0,10.079999999999995,Fall,CHARGE_PRIORITY
204.0,luxury_house,5.084610071024072e-15,18.0,12.0,6.0,0.0,17.999999999999996,Fall,CHARGE_PRIORITY
204.0,small_family,3.637768349421137e-15,6.5,6.0,0.5,0.0,6.4999999999999964,Fall,CHARGE_PRIORITY
205.0,apartment,0.0,3.6399999999999997,3.0799999999999996,0.5599999999999999,0.0,3.6399999999999997,Fall,CHARGE_PRIORITY
205.0,family_house,0.0,10.08,9.24,0.84,0.0,10.08,Fall,CHARGE_PRIORITY
205.0,luxury_house,0.0,18.0,12.0,6.0,0.0,18.0,Fall,CHARGE_PRIORITY
205.0,small_family,0.0,6.5,6.0,0.5,0.0,6.5,Fall,CHARGE_PRIORITY
206.0,apartment,0.0,3.6399999999999997,3.0799999999999996,0.5599999999999999,0.0,3.6399999999999997,Fall,CHARGE_PRIORITY
206.0,family_house,0.0,10.08,9.24,0.84,0.0,10.08,Fall,CHARGE_PRIORITY
206.0,luxury_house,0.0,18.0,12.0,6.0,0.0,18.0,Fall,CHARGE_PRIORITY
206.0,small_family,0.0,6.5,6.0,0.5,0.0,6.5,Fall,CHARGE_PRIORITY
207.0,apartment,0.0,3.6399999999999997,3.0799999999999996,0.5599999999999999,0.0,3.6399999999999997,Fall,CHARGE_PRIORITY
207.0,family_house,0.0,10.08,9.24,0.84,0.0,10.08,Fall,CHARGE_PRIORITY
207.0,luxury_house,0.0,18.0,11.382572559885146,6.617427440114854,0.0,18.0,Fall,CHARGE_PRIORITY
207.0,small_family,0.0,6.5,5.982120371931895,0.5178796280681044,0.0,6.5,Fall,CHARGE_PRIORITY
208.0,apartment,0.0,3.6399999999999997,2.733784940574809,0.9062150594251908,0.0,3.6399999999999997,Fall,CHARGE_PRIORITY
208.0,family_house,0.0,10.08,9.24,0.84,0.0,10.08,Fall,CHARGE_PRIORITY
208.0,luxury_house,0.0,18.0,10.5,7.5,0.0,18.0,Fall,CHARGE_PRIORITY
208.0,small_family,0.0,6.5,5.5,1.0,0.0,6.5,Fall,CHARGE_PRIORITY
209.0,apartment,0.0,3.6399999999999997,2.5199999999999996,1.1199999999999999,0.0,3.6399999999999997,Fall,CHARGE_PRIORITY
209.0,family_house,0.0,10.08,9.24,0.84,0.0,10.08,Fall,CHARGE_PRIORITY
209.0,luxury_house,0.0,18.0,9.173472392508874,8.826527607491126,0.0,18.0,Fall,CHARGE_PRIORITY
209.0,small_family,0.0,6.5,5.5,1.0,0.0,6.5,Fall,CHARGE_PRIORITY
210.0,apartment,0.0,26.768474203191584,15.679175165251088,11.089299037940496,0.0,26.768474203191584,Fall,CHARGE_PRIORITY
210.0,family_house,0.0,27.447848824989947,24.436529363280574,3.011319461709375,0.0,27.447848824989947,Fall,CHARGE_PRIORITY
210.0,luxury_house,0.0,38.70592431675227,18.11213697248533,20.593787344266936,0.0,38.70592431675227,Fall,CHARGE_PRIORITY
210.0,small_family,0.0,21.52350507949228,14.73177574197722,6.791729337515063,0.0,21.52350507949228,Fall,CHARGE_PRIORITY
211.0,apartment,0.0,22.20695018308874,9.052022946627458,13.154927236461281,0.0,22.20695018308874,Fall,CHARGE_PRIORITY
211.0,family_house,0.0,30.88394094105135,23.4123912523421,7.471549688709251,0.0,30.88394094105135,Fall,CHARGE_PRIORITY
211.0,luxury_house,0.0,36.166689212148405,6.8526229749400045,29.314066237208404,0.0,36.166689212148405,Fall,CHARGE_PRIORITY
211.0,small_family,0.0,29.876461547757398,18.61500719862586,11.261454349131537,0.0,29.876461547757398,Fall,CHARGE_PRIORITY
212.0,apartment,0.0,23.71953117166914,3.888483783404978,19.831047388264164,0.0,23.71953117166914,Fall,CHARGE_PRIORITY
212.0,family_house,0.0,30.23054866361567,18.782999627453727,11.447549036161949,0.0,30.23054866361567,Fall,CHARGE_PRIORITY
212.0,luxury_house,0.0,43.75517476697197,5.037853322451898,38.71732144452007,0.0,43.75517476697197,Fall,CHARGE_PRIORITY
212.0,small_family,0.0,29.83726563713928,13.034824218770789,16.80244141836849,0.0,29.83726563713928,Fall,CHARGE_PRIORITY
213.0,apartment,0.0,21.522430773569667,4.686039852604685,16.836390920964984,0.0,21.522430773569667,Fall,CHARGE_PRIORITY
213.0,family_house,0.0,31.387023736430145,6.991871379623027,24.395152356807117,0.0,31.387023736430145,Fall,CHARGE_PRIORITY
213.0,luxury_house,0.0,31.54698652916615,0.0,31.54698652916615,0.0,31.54698652916615,Fall,CHARGE_PRIORITY
213.0,small_family,0.0,26.43568441369415,5.190731042067485,21.244953371626664,0.0,26.43568441369415,Fall,CHARGE_PRIORITY
214.0,apartment,0.0,3.6399999999999997,0.0,3.6399999999999997,0.0,3.6399999999999997,Fall,CHARGE_PRIORITY
214.0,family_house,0.0,10.08,1.8286816826816175,8.251318317318383,0.0,10.08,Fall,CHARGE_PRIORITY
214.0,luxury_house,0.0,18.0,0.0,18.0,0.0,18.0,Fall,CHARGE_PRIORITY
214.0,small_family,0.0,6.5,0.2532746364173783,6.246725363582621,0.0,6.5,Fall,CHARGE_PRIORITY
215.0,apartment,0.0,3.6399999999999997,0.0,3.6399999999999997,0.0,3.6399999999999997,Fall,CHARGE_PRIORITY
215.0,family_house,0.0,10.08,1.217759531981863,8.862240468018136,0.0,10.08,Fall,CHARGE_PRIORITY
215.0,luxury_house,0.0,18.0,0.0,18.0,0.0,18.0,Fall,CHARGE_PRIORITY
215.0,small_family,0.0,6.5,0.0,6.5,0.0,6.5,Fall,CHARGE_PRIORITY
216.0,apartment,0.0,3.6399999999999997,0.0,3.6399999999999997,0.0,3.6399999999999997,Fall,CHARGE_PRIORITY
216.0,family_house,0.0,10.08,0.496869809236696,9.583130190763304,0.0,10.08,Fall,CHARGE_PRIORITY
216.0,luxury_house,0.0,18.0,0.0,18.0,0.0,18.0,Fall,CHARGE_PRIORITY
216.0,small_family,0.0,6.5,0.0,6.5,0.0,6.5,Fall,CHARGE_PRIORITY
217.0,apartment,5.500271092132416,3.6399999999999997,3.1626054131217414,0.4773945868782584,0.0,-1.8602710921324161,Fall,CHARGE_PRIORITY
217.0,family_house,10.766606576023342,10.08,8.239236517445777,1.8407634825542225,0.0,-0.6866065760233419,Fall,CHARGE_PRIORITY
217.0,luxury_house,10.136343459687597,18.0,9.046682619350985,8.953317380649016,0.0,7.8636565403124035,Fall,CHARGE_PRIORITY
217.0,small_family,7.37787362085011,6.5,4.732114136806832,1.7678858631931682,0.0,-0.8778736208501103,Fall,CHARGE_PRIORITY
218.0,apartment,10.62570779896376,3.6399999999999997,3.554962445903961,0.08503755409603853,0.0,-6.985707798963759,Fall,CHARGE_PRIORITY
218.0,family_house,20.799486706549324,10.08,9.908007974552579,0.17199202544742054,0.0,-10.719486706549324,Fall,CHARGE_PRIORITY
218.0,luxury_house,19.58191186369707,18.0,13.61333090035118,4.38666909964882,0.0,-1.581911863697069,Fall,CHARGE_PRIORITY
218.0,small_family,14.252957346951924,6.5,6.135424043133286,0.36457595686671423,0.0,-7.752957346951924,Fall,CHARGE_PRIORITY
219.0,apartment,15.02702007910812,3.6399999999999997,3.635718535150813,0.004281464849186789,0.0,-11.38702007910812,Fall,CHARGE_PRIORITY
219.0,family_house,29.41491619080096,10.08,10.08,0.0,0.0,-19.33491619080096,Fall,CHARGE_PRIORITY
219.0,luxury_house,26.805555891628952,18.0,15.556176466038313,2.4438235339616865,0.0,-8.805555891628952,Fall,CHARGE_PRIORITY
219.0,small_family,20.156725583984667,6.5,6.45377919056817,0.04622080943183032,0.0,-13.656725583984665,Fall,CHARGE_PRIORITY
220.0,apartment,18.4042657741861,3.6399999999999997,3.6399999999999997,0.0,0.0,-14.7642657741861,Fall,CHARGE_PRIORITY
220.0,family_house,34.33565200067507,10.08,10.08,0.0,0.0,-24.255652000675067,Fall,CHARGE_PRIORITY
220.0,luxury_house,31.027624183768282,18.0,16.515890773096935,1.4841092269030671,0.0,-13.02762418376828,Fall,CHARGE_PRIORITY
220.0,small_family,24.686846283032846,6.5,6.5,0.0,0.0,-18.186846283032846,Fall,CHARGE_PRIORITY
221.0,apartment,20.52729117124053,3.6399999999999997,3.6399999999999997,0.0,0.0,-16.887291171240534,Fall,CHARGE_PRIORITY
221.0,family_house,36.4798186692006,10.08,10.08,0.0,0.0,-26.399818669200602,Fall,CHARGE_PRIORITY
221.0,luxury_house,32.96086391233624,18.0,16.93332121777021,1.066678782229791,0.0,-14.960863912336237,Fall,CHARGE_PRIORITY
221.0,small_family,27.424882912958203,6.5,6.5,0.0,0.8192775162794947,-20.924882912958203,Fall,CHARGE_PRIORITY
222.0,apartment,21.25141559792752,3.6399999999999997,3.6399999999999997,0.0,2.4040526931204624,-17.61141559792752,Fall,CHARGE_PRIORITY
222.0,family_house,37.202268447341105,10.08,10.08,0.0,0.2867560887400672,-27.12226844734111,Fall,CHARGE_PRIORITY
222.0,luxury_house,33.559178407618674,18.0,17.054435676454037,0.9455643235459631,0.0,-15.559178407618678,Fall,CHARGE_PRIORITY
222.0,small_family,28.180774353265512,6.5,6.5,0.0,11.094081188088753,-21.680774353265512,Fall,CHARGE_PRIORITY
223.0,apartment,20.527291171240535,3.6399999999999997,3.6399999999999997,0.0,6.712258505223423,-16.887291171240534,Fall,CHARGE_PRIORITY
223.0,family_house,36.4798186692006,10.08,10.08,0.0,11.150232353893475,-26.399818669200602,Fall,CHARGE_PRIORITY
223.0,luxury_house,32.96086391233624,18.0,16.93332121777021,1.066678782229791,0.0,-14.960863912336237,Fall,CHARGE_PRIORITY
223.0,small_family,27.42488291295821,6.5,6.5,0.0,15.668923616451714,-20.92488291295821,Fall,CHARGE_PRIORITY
224.0,apartment,18.4042657741861,3.6399999999999997,3.6399999999999997,0.0,10.050654528197551,-14.7642657741861,Fall,CHARGE_PRIORITY
224.0,family_house,34.33565200067507,10.08,10.08,0.0,14.737890759681783,-24.25565200067507,Fall,CHARGE_PRIORITY
224.0,luxury_house,31.027624183768285,18.0,16.578231591926922,1.4217684080730777,0.0,-13.027624183768284,Fall,CHARGE_PRIORITY
224.0,small_family,24.68684628303285,6.5,6.5,0.0,13.888180206399253,-18.18684628303285,Fall,CHARGE_PRIORITY
225.0,apartment,15.02702007910812,3.6399999999999997,3.6399999999999997,0.0,8.778469368575044,-11.38702007910812,Fall,CHARGE_PRIORITY
225.0,family_house,29.41491619080096,10.08,10.08,0.0,13.31188054038116,-19.33491619080096,Fall,CHARGE_PRIORITY
225.0,luxury_house,26.805555891628952,18.0,15.991935305795106,2.0080646942048936,0.0,-8.805555891628952,Fall,CHARGE_PRIORITY
225.0,small_family,20.156725583984667,6.5,6.5,0.0,10.880893106152428,-13.656725583984665,Fall,CHARGE_PRIORITY
226.0,apartment,10.625707798963766,3.6399999999999997,3.6399999999999997,0.0,6.3267439472964835,-6.985707798963767,Fall,CHARGE_PRIORITY
226.0,family_house,20.79948670654934,10.08,10.08,0.0,9.560668597454761,-10.719486706549342,Fall,CHARGE_PRIORITY
226.0,luxury_house,19.581911863697083,18.0,14.607250753478464,3.3927492465215368,1.1601362087665765,-1.5819118636970844,Fall,CHARGE_PRIORITY
226.0,small_family,14.252957346951936,6.5,6.5,0.0,6.961720253692711,-7.752957346951936,Fall,CHARGE_PRIORITY
227.0,apartment,5.500271092132422,3.6399999999999997,3.6399999999999997,0.0,2.194472976154153,-1.8602710921324224,Fall,CHARGE_PRIORITY
227.0,family_house,10.766606576023353,10.08,10.08,0.0,2.112678204275442,-0.6866065760233537,Fall,CHARGE_PRIORITY
227.0,luxury_house,10.136343459687607,18.0,13.349612300716247,4.650387699283752,0.2530322710632844,7.863656540312392,Fall,CHARGE_PRIORITY
227.0,small_family,7.377873620850119,6.5,6.433760207296049,0.06623979270395058,2.3977468021758583,-0.877873620850119,Fall,CHARGE_PRIORITY
228.0,apartment,2.2616354579546926e-15,3.6399999999999997,3.510172631389735,0.12982736861026484,0.0,3.6399999999999975,Fall,CHARGE_PRIORITY
228.0,family_house,5.094404963816712e-15,10.08,10.08,0.0,0.0,10.079999999999995,Fall,CHARGE_PRIORITY
228.0,luxury_house,4.79618513701244e-15,18.0,9.870749494709292,8.129250505290708,0.0,17.999999999999996,Fall,CHARGE_PRIORITY
228.0,small_family,3.490967718665686e-15,6.5,6.0,0.49999999999999994,0.0,6.4999999999999964,Fall,CHARGE_PRIORITY
229.0,apartment,0.0,3.6399999999999997,3.36,0.27999999999999997,0.0,3.6399999999999997,Fall,CHARGE_PRIORITY
229.0,family_house,0.0,10.08,10.08,0.0,0.0,10.08,Fall,CHARGE_PRIORITY
229.0,luxury_house,0.0,18.0,9.0,9.0,0.0,18.0,Fall,CHARGE_PRIORITY
229.0,small_family,0.0,6.5,6.0,0.5,0.0,6.5,Fall,CHARGE_PRIORITY
230.0,apartment,0.0,3.6399999999999997,3.3599999999999994,0.27999999999999997,0.0,3.6399999999999997,Fall,CHARGE_PRIORITY
230.0,family_house,0.0,10.08,10.08,0.0,0.0,10.08,Fall,CHARGE_PRIORITY
230.0,luxury_house,0.0,18.0,9.0,9.0,0.0,18.0,Fall,CHARGE_PRIORITY
230.0,small_family,0.0,6.5,5.696864196435577,0.8031358035644236,0.0,6.5,Fall,CHARGE_PRIORITY
231.0,apartment,0.0,3.6399999999999997,3.3599999999999994,0.27999999999999997,0.0,3.6399999999999997,Fall,CHARGE_PRIORITY
231.0,family_house,0.0,10.08,9.010967453814231,1.0690325461857682,0.0,10.08,Fall,CHARGE_PRIORITY
231.0,luxury_house,0.0,18.0,9.0,9.0,0.0,18.0,Fall,CHARGE_PRIORITY
231.0,small_family,0.0,6.5,4.778172387562501,1.7218276124374987,0.0,6.5,Fall,CHARGE_PRIORITY
232.0,apartment,0.0,3.6399999999999997,3.3332107579634718,0.3067892420365281,0.0,3.6399999999999997,Fall,CHARGE_PRIORITY
232.0,family_house,0.0,10.08,7.975388666738001,2.104611333261998,0.0,10.08,Fall,CHARGE_PRIORITY
232.0,luxury_house,0.0,18.0,8.201968027428292,9.798031972571707,0.0,18.0,Fall,CHARGE_PRIORITY
232.0,small_family,0.0,6.5,4.5,2.0,0.0,6.5,Fall,CHARGE_PRIORITY
233.0,apartment,0.0,3.6399999999999997,3.0799999999999996,0.5599999999999999,0.0,3.6399999999999997,Fall,CHARGE_PRIORITY
233.0,family_house,0.0,10.08,7.56,2.52,0.0,10.08,Fall,CHARGE_PRIORITY
233.0,luxury_house,0.0,18.0,7.5,10.5,0.0,18.0,Fall,CHARGE_PRIORITY
233.0,small_family,0.0,6.5,4.5,2.0,0.0,6.5,Fall,CHARGE_PRIORITY
234.0,apartment,0.0,25.159865402544224,21.59267014575133,3.567195256792891,0.0,25.159865402544224,Fall,CHARGE_PRIORITY
234.0,family_house,0.0,29.218444337069325,23.153927633576128,6.064516703493196,0.0,29.218444337069325,Fall,CHARGE_PRIORITY
234.0,luxury_house,0.0,40.68621089259436,16.75261837106818,23.93359252152618,0.0,40.68621089259436,Fall,CHARGE_PRIORITY
234.0,small_family,0.0,23.871164335364806,13.722104232263106,10.1490601031017,0.0,23.871164335364806,Fall,CHARGE_PRIORITY
235.0,apartment,0.0,24.630651999542824,19.684839212624773,4.94581278691805,0.0,24.630651999542824,Fall,CHARGE_PRIORITY
235.0,family_house,0.0,28.85354615158199,18.790265062849507,10.063281088732486,0.0,28.85354615158199,Fall,CHARGE_PRIORITY
235.0,luxury_house,0.0,35.29394542163505,5.944185516077583,29.34975990555747,0.0,35.29394542163505,Fall,CHARGE_PRIORITY
235.0,small_family,0.0,21.72590704557972,11.627191011982383,10.098716033597338,0.0,21.72590704557972,Fall,CHARGE_PRIORITY
236.0,apartment,0.0,24.296587587259875,7.0521042762753865,17.24448331098449,0.0,24.296587587259875,Fall,CHARGE_PRIORITY
236.0,family_house,0.0,24.8376398656983,12.850000979318697,11.987638886379603,0.0,24.8376398656983,Fall,CHARGE_PRIORITY
236.0,luxury_house,0.0,38.81502301161713,5.112655902592718,33.70236710902441,0.0,38.81502301161713,Fall,CHARGE_PRIORITY
236.0,small_family,0.0,32.247449737342684,12.267590595998874,19.97985914134381,0.0,32.247449737342684,Fall,CHARGE_PRIORITY
237.0,apartment,0.0,21.85453792488586,5.379650583080132,16.47488734180573,0.0,21.85453792488586,Fall,CHARGE_PRIORITY
237.0,family_house,0.0,29.670942755406898,8.987757454449829,20.683185300957067,0.0,29.670942755406898,Fall,CHARGE_PRIORITY
237.0,luxury_house,0.0,32.459526999755006,0.0,32.459526999755006,0.0,32.459526999755006,Fall,CHARGE_PRIORITY
237.0,small_family,0.0,21.888634278025737,1.5096456814538857,20.37898859657185,0.0,21.888634278025737,Fall,CHARGE_PRIORITY
238.0,apartment,0.0,3.6399999999999997,0.32068673362904576,3.319313266370954,0.0,3.6399999999999997,Fall,CHARGE_PRIORITY
238.0,family_house,0.0,10.08,0.025397350603563268,10.054602649396436,0.0,10.08,Fall,CHARGE_PRIORITY
238.0,luxury_house,0.0,18.0,0.0,18.0,0.0,18.0,Fall,CHARGE_PRIORITY
238.0,small_family,0.0,6.5,0.5,6.0,0.0,6.5,Fall,CHARGE_PRIORITY
239.0,apartment,0.0,3.6399999999999997,0.0,3.6399999999999997,0.0,3.6399999999999997,Fall,CHARGE_PRIORITY
239.0,family_house,0.0,10.08,0.0,10.08,0.0,10.08,Fall,CHARGE_PRIORITY
239.0,luxury_house,0.0,18.0,0.0,18.0,0.0,18.0,Fall,CHARGE_PRIORITY
239.0,small_family,0.0,6.5,0.08502516012209176,6.4149748398779085,0.0,6.5,Fall,CHARGE_PRIORITY
240.0,apartment,0.0,3.6399999999999997,0.0,3.6399999999999997,0.0,3.6399999999999997,Fall,CHARGE_PRIORITY
240.0,family_house,0.0,10.08,0.0,10.08,0.0,10.08,Fall,CHARGE_PRIORITY
240.0,luxury_house,0.0,18.0,0.0,18.0,0.0,18.0,Fall,CHARGE_PRIORITY
240.0,small_family,0.0,6.5,0.0,6.5,0.0,6.5,Fall,CHARGE_PRIORITY
241.0,apartment,4.171479355822955,3.6399999999999997,2.6904993975110387,0.9495006024889611,0.0,-0.5314793558229551,Fall,CHARGE_PRIORITY
241.0,family_house,9.598817268328956,10.08,7.6569017347999715,2.4230982652000277,0.0,0.48118273167104353,Fall,CHARGE_PRIORITY
241.0,luxury_house,12.55342834026078,18.0,11.28308746634109,6.716912533658911,0.0,5.44657165973922,Fall,CHARGE_PRIORITY
241.0,small_family,8.94279322143227,6.5,5.094954933167217,1.4050450668327832,0.0,-2.4427932214322707,Fall,CHARGE_PRIORITY
242.0,apartment,8.058679287242155,3.6399999999999997,3.2075015316716176,0.432498468328382,0.0,-4.418679287242155,Fall,CHARGE_PRIORITY
242.0,family_house,18.543491002616847,10.08,9.487388174631711,0.5926118253682893,0.0,-8.463491002616848,Fall,CHARGE_PRIORITY
242.0,luxury_house,24.251361284654003,18.0,14.948921760429355,3.0510782395706437,0.0,-6.251361284654001,Fall,CHARGE_PRIORITY
242.0,small_family,17.276149863488488,6.5,6.345033096255382,0.15496690374461775,0.0,-10.776149863488488,Fall,CHARGE_PRIORITY
243.0,apartment,11.396693542833006,3.6399999999999997,3.3599999999999994,0.27999999999999997,0.0,-7.756693542833006,Fall,CHARGE_PRIORITY
243.0,family_house,26.224456469644213,10.08,10.08,0.0,0.0,-16.144456469644215,Fall,CHARGE_PRIORITY
243.0,luxury_house,33.53474194686972,18.0,16.17040514797634,1.8295948520236605,0.0,-15.53474194686972,Fall,CHARGE_PRIORITY
243.0,small_family,24.43216544253552,6.5,6.5,0.0,0.0,-17.93216544253552,Fall,CHARGE_PRIORITY
244.0,apartment,13.958041967406363,3.6399999999999997,3.3599999999999994,0.27999999999999997,0.0,-10.318041967406362,Fall,CHARGE_PRIORITY
244.0,family_house,31.49770730424384,10.08,10.08,0.0,0.0,-21.41770730424384,Fall,CHARGE_PRIORITY
244.0,luxury_house,36.67558723762623,18.0,17.011811571381763,0.9881884286182362,0.0,-18.675587237626228,Fall,CHARGE_PRIORITY
244.0,small_family,29.92316932273619,6.5,6.5,0.0,0.0,-23.42316932273619,Fall,CHARGE_PRIORITY
245.0,apartment,15.568172898655959,3.6399999999999997,3.3599999999999994,0.27999999999999997,0.0,-11.928172898655959,Fall,CHARGE_PRIORITY
245.0,family_house,33.81806176600483,10.08,10.08,0.0,0.0,-23.738061766004833,Fall,CHARGE_PRIORITY
245.0,luxury_house,37.676360225031985,18.0,17.174442078316,0.8255579216839981,0.0,-19.67636022503199,Fall,CHARGE_PRIORITY
245.0,small_family,32.567115329317666,6.5,6.5,0.0,3.525132308287275,-26.067115329317666,Fall,CHARGE_PRIORITY
246.0,apartment,16.117358574484314,3.6399999999999997,3.3599999999999994,0.27999999999999997,1.4148388712657025,-12.477358574484313,Fall,CHARGE_PRIORITY
246.0,family_house,34.44661492742042,10.08,10.08,0.0,0.08433258841602187,-24.36661492742042,Fall,CHARGE_PRIORITY
246.0,luxury_house,38.017705254043165,18.0,17.19823381874683,0.8017661812531717,0.0,-20.017705254043168,Fall,CHARGE_PRIORITY
246.0,small_family,33.15153987854933,6.5,6.5,0.0,18.165914909668466,-26.65153987854933,Fall,CHARGE_PRIORITY
247.0,apartment,15.56817289865596,3.6399999999999997,3.3599999999999994,0.27999999999999997,4.373471500234865,-11.92817289865596,Fall,CHARGE_PRIORITY
247.0,family_house,33.81806176600483,10.08,10.08,0.0,8.175868536029983,-23.738061766004833,Fall,CHARGE_PRIORITY
247.0,luxury_house,37.676360225031985,18.0,17.174442078316,0.8255579216839982,0.0,-19.67636022503199,Fall,CHARGE_PRIORITY
247.0,small_family,32.567115329317666,6.5,6.5,0.0,21.06271050921038,-26.06711532931767,Fall,CHARGE_PRIORITY
248.0,apartment,13.958041967406363,3.6399999999999997,3.3599999999999994,0.27999999999999997,4.14709866414359,-10.318041967406362,Fall,CHARGE_PRIORITY
248.0,family_house,31.497707304243843,10.08,10.08,0.0,12.587153925784197,-21.417707304243844,Fall,CHARGE_PRIORITY
248.0,luxury_house,36.67558723762623,18.0,17.104688224816172,0.8953117751838273,0.0,-18.675587237626228,Fall,CHARGE_PRIORITY
248.0,small_family,29.923169322736193,6.5,6.5,0.0,20.493365743529868,-23.423169322736193,Fall,CHARGE_PRIORITY
249.0,apartment,11.396693542833006,3.6399999999999997,3.3599999999999994,0.27999999999999997,4.583336943445183,-7.756693542833006,Fall,CHARGE_PRIORITY
249.0,family_house,26.224456469644213,10.08,10.08,0.0,13.051316877303476,-16.144456469644215,Fall,CHARGE_PRIORITY
249.0,luxury_house,33.53474194686972,18.0,16.8134510239742,1.1865489760257995,0.0,-15.53474194686972,Fall,CHARGE_PRIORITY
249.0,small_family,24.43216544253552,6.5,6.5,0.0,16.090501094540567,-17.93216544253552,Fall,CHARGE_PRIORITY
250.0,apartment,8.058679287242162,3.6399999999999997,3.3599999999999994,0.27999999999999997,3.741859187334849,-4.418679287242162,Fall,CHARGE_PRIORITY
250.0,family_house,18.54349100261686,10.08,10.08,0.0,7.828810716808139,-8.463491002616863,Fall,CHARGE_PRIORITY
250.0,luxury_house,24.25136128465402,18.0,15.884146797234491,2.115853202765508,0.8455332440107604,-6.251361284654019,Fall,CHARGE_PRIORITY
250.0,small_family,17.276149863488502,6.5,6.5,0.0,10.352576170792123,-10.776149863488502,Fall,CHARGE_PRIORITY
251.0,apartment,4.171479355822959,3.6399999999999997,3.3599999999999994,0.27999999999999997,1.261622169835259,-0.5314793558229599,Fall,CHARGE_PRIORITY
251.0,family_house,9.598817268328967,10.08,10.08,0.0,1.6213866026587387,0.48118273167103287,Fall,CHARGE_PRIORITY
251.0,luxury_house,12.553428340260794,18.0,13.791552450348059,4.208447549651941,0.19436663689046663,5.446571659739206,Fall,CHARGE_PRIORITY
251.0,small_family,8.94279322143228,6.5,6.5,0.0,3.6706210734687046,-2.442793221432281,Fall,CHARGE_PRIORITY
252.0,apartment,1.973807158895236e-15,3.6399999999999997,3.3599999999999994,0.27999999999999997,0.0,3.639999999999998,Fall,CHARGE_PRIORITY
252.0,family_house,4.541845380274494e-15,10.08,9.984347194109024,0.09565280589097636,0.0,10.079999999999995,Fall,CHARGE_PRIORITY
252.0,luxury_house,5.939870394443514e-15,18.0,12.0,5.999999999999999,0.0,17.999999999999993,Fall,CHARGE_PRIORITY
252.0,small_family,4.231436326382233e-15,6.5,6.5,0.0,0.0,6.499999999999996,Fall,CHARGE_PRIORITY
253.0,apartment,0.0,3.6399999999999997,3.2839183196862223,0.35608168031377735,0.0,3.6399999999999997,Fall,CHARGE_PRIORITY
253.0,family_house,0.0,10.08,8.810508406012406,1.2694915939875928,0.0,10.08,Fall,CHARGE_PRIORITY
253.0,luxury_house,0.0,18.0,12.0,6.0,0.0,18.0,Fall,CHARGE_PRIORITY
253.0,small_family,0.0,6.5,6.5,0.0,0.0,6.5,Fall,CHARGE_PRIORITY
254.0,apartment,0.0,3.6399999999999997,2.75688834217369,0.8831116578263098,0.0,3.6399999999999997,Fall,CHARGE_PRIORITY
254.0,family_house,0.0,10.08,7.56,2.52,0.0,10.08,Fall,CHARGE_PRIORITY
254.0,luxury_house,0.0,18.0,12.0,6.0,0.0,18.0,Fall,CHARGE_PRIORITY
254.0,small_family,0.0,6.5,6.054872818180308,0.4451271818196919,0.0,6.5,Fall,CHARGE_PRIORITY
255.0,apartment,0.0,3.6399999999999997,2.5199999999999996,1.1199999999999999,0.0,3.6399999999999997,Fall,CHARGE_PRIORITY
255.0,family_house,0.0,10.08,7.56,2.52,0.0,10.08,Fall,CHARGE_PRIORITY
255.0,luxury_house,0.0,18.0,12.0,6.0,0.0,18.0,Fall,CHARGE_PRIORITY
255.0,small_family,0.0,6.5,5.5,1.0,0.0,6.5,Fall,CHARGE_PRIORITY
256.0,apartment,0.0,3.6399999999999997,2.5199999999999996,1.1199999999999999,0.0,3.6399999999999997,Fall,CHARGE_PRIORITY
256.0,family_house,0.0,10.08,7.455514656034067,2.6244853439659326,0.0,10.08,Fall,CHARGE_PRIORITY
256.0,luxury_house,0.0,18.0,12.0,6.0,0.0,18.0,Fall,CHARGE_PRIORITY
256.0,small_family,0.0,6.5,5.5,1.0,0.0,6.5,Fall,CHARGE_PRIORITY
257.0,apartment,0.0,3.6399999999999997,2.3509778481770396,1.28902215182296,0.0,3.6399999999999997,Fall,CHARGE_PRIORITY
257.0,family_house,0.0,10.08,6.72,3.36,0.0,10.08,Fall,CHARGE_PRIORITY
257.0,luxury_house,0.0,18.0,10.877232726407897,7.122767273592103,0.0,18.0,Fall,CHARGE_PRIORITY
257.0,small_family,0.0,6.5,5.11236534030804,1.38763465969196,0.0,6.5,Fall,CHARGE_PRIORITY
258.0,apartment,0.0,24.5477739206906,17.40015944683068,7.147614473859918,0.0,24.5477739206906,Fall,CHARGE_PRIORITY
258.0,family_house,0.0,24.386988643503223,15.21531480802572,9.171673835477504,0.0,24.386988643503223,Fall,CHARGE_PRIORITY
258.0,luxury_house,0.0,38.89127471408305,24.305904232481524,14.585370481601526,0.0,38.89127471408305,Fall,CHARGE_PRIORITY
258.0,small_family,0.0,26.585858639024398,13.90608087997441,12.67977775904999,0.0,26.585858639024398,Fall,CHARGE_PRIORITY
259.0,apartment,0.0,19.69146620705743,11.971847568421081,7.71961863863635,0.0,19.69146620705743,Fall,CHARGE_PRIORITY
259.0,family_house,0.0,31.029902495318183,18.95038237829706,12.079520117021122,0.0,31.029902495318183,Fall,CHARGE_PRIORITY
259.0,luxury_house,0.0,35.72556934644906,16.984554736917893,18.741014609531174,0.0,35.72556934644906,Fall,CHARGE_PRIORITY
259.0,small_family,0.0,25.769106582336605,13.077569831210962,12.691536751125643,0.0,25.769106582336605,Fall,CHARGE_PRIORITY
260.0,apartment,0.0,22.034926481222662,8.258978006523018,13.775948474699645,0.0,22.034926481222662,Fall,CHARGE_PRIORITY
260.0,family_house,0.0,23.615876367636815,12.932452847495595,10.683423520141222,0.0,23.615876367636815,Fall,CHARGE_PRIORITY
260.0,luxury_house,0.0,35.52523475782087,8.187966932240242,27.337267825580625,0.0,35.52523475782087,Fall,CHARGE_PRIORITY
260.0,small_family,0.0,28.072375365558234,13.985959517449336,14.086415848108897,0.0,28.072375365558234,Fall,CHARGE_PRIORITY
261.0,apartment,0.0,22.424040424677067,1.2055143313193137,21.218526093357752,0.0,22.424040424677067,Fall,CHARGE_PRIORITY
261.0,family_house,0.0,28.734714119288054,4.105626916347748,24.629087202940305,0.0,28.734714119288054,Fall,CHARGE_PRIORITY
261.0,luxury_house,0.0,33.59358237224786,0.01669058063135285,33.57689179161651,0.0,33.59358237224786,Fall,CHARGE_PRIORITY
261.0,small_family,0.0,26.908926051957522,5.6026197403451246,21.306306311612396,0.0,26.908926051957522,Fall,CHARGE_PRIORITY
262.0,apartment,0.0,3.6399999999999997,0.27999999999999997,3.3599999999999994,0.0,3.6399999999999997,Fall,CHARGE_PRIORITY
262.0,family_house,0.0,10.08,0.84,9.24,0.0,10.08,Fall,CHARGE_PRIORITY
262.0,luxury_house,0.0,18.0,0.0,18.0,0.0,18.0,Fall,CHARGE_PRIORITY
262.0,small_family,0.0,6.5,0.03669782837424707,6.463302171625753,0.0,6.5,Fall,CHARGE_PRIORITY
263.0,apartment,0.0,3.6399999999999997,0.27999999999999997,3.3599999999999994,0.0,3.6399999999999997,Fall,CHARGE_PRIORITY
263.0,family_house,0.0,10.08,0.84,9.24,0.0,10.08,Fall,CHARGE_PRIORITY
263.0,luxury_house,0.0,18.0,0.0,18.0,0.0,18.0,Fall,CHARGE_PRIORITY
263.0,small_family,0.0,6.5,0.0,6.5,0.0,6.5,Fall,CHARGE_PRIORITY
264.0,apartment,0.0,3.6399999999999997,0.27999999999999997,3.3599999999999994,0.0,3.6399999999999997,Fall,CHARGE_PRIORITY
264.0,family_house,0.0,10.08,0.84,9.24,0.0,10.08,Fall,CHARGE_PRIORITY
264.0,luxury_house,0.0,18.0,0.0,18.0,0.0,18.0,Fall,CHARGE_PRIORITY
264.0,small_family,0.0,6.5,0.0,6.5,0.0,6.5,Fall,CHARGE_PRIORITY
265.0,apartment,5.422189447120812,3.6399999999999997,3.048071783603546,0.5919282163964539,0.0,-1.7821894471208122,Fall,CHARGE_PRIORITY
265.0,family_house,8.32643280782325,10.08,7.270595871354605,2.809404128645395,0.0,1.7535671921767495,Fall,CHARGE_PRIORITY
265.0,luxury_house,9.794597399175673,18.0,8.797498968126689,9.202501031873311,0.0,8.205402600824327,Fall,CHARGE_PRIORITY
265.0,small_family,7.435139062046942,6.5,4.834763073381821,1.665236926618179,0.0,-0.9351390620469424,Fall,CHARGE_PRIORITY
266.0,apartment,10.474865644012072,3.6399999999999997,3.3599999999999994,0.27999999999999997,0.0,-6.834865644012073,Fall,CHARGE_PRIORITY
266.0,family_house,16.08543297987416,10.08,9.287486833736258,0.7925131662637408,0.0,-6.005432979874159,Fall,CHARGE_PRIORITY
266.0,luxury_house,18.921709171935042,18.0,14.004012844063677,3.995987155936323,0.0,-0.9217091719350411,Fall,CHARGE_PRIORITY
266.0,small_family,14.36358568416364,6.5,6.344728013329063,0.15527198667093672,0.0,-7.863585684163641,Fall,CHARGE_PRIORITY
267.0,apartment,14.81369705779786,3.6399999999999997,3.3599999999999994,0.27999999999999997,0.0,-11.173697057797861,Fall,CHARGE_PRIORITY
267.0,family_house,22.748237476781508,10.08,9.786508549481443,0.29349145051855596,0.0,-12.66823747678151,Fall,CHARGE_PRIORITY
267.0,luxury_house,26.152375499003966,18.0,15.86763937905323,2.132360620946769,0.0,-8.152375499003966,Fall,CHARGE_PRIORITY
267.0,small_family,20.31317767885226,6.5,6.5,0.0,0.0,-13.81317767885226,Fall,CHARGE_PRIORITY
268.0,apartment,18.403351315573595,3.6399999999999997,3.594316635918293,0.04568336408170648,0.0,-14.763351315573594,Fall,CHARGE_PRIORITY
268.0,family_house,27.860787182886092,10.08,10.074719985556445,0.005280014443554304,0.0,-17.780787182886094,Fall,CHARGE_PRIORITY
268.0,luxury_house,30.235503851815864,18.0,17.070171642660323,0.9298283573396755,0.0,-12.235503851815864,Fall,CHARGE_PRIORITY
268.0,small_family,24.8784601838404,6.5,6.5,0.0,0.0,-18.3784601838404,Fall,CHARGE_PRIORITY
269.0,apartment,20.52627122518926,3.6399999999999997,3.621346248243531,0.018653751756468606,0.0,-16.88627122518926,Fall,CHARGE_PRIORITY
269.0,family_house,30.866007478060023,10.08,10.08,0.0,0.0,-20.786007478060025,Fall,CHARGE_PRIORITY
269.0,luxury_house,32.40038102103139,18.0,17.495564299388086,0.504435700611914,0.0,-14.400381021031393,Fall,CHARGE_PRIORITY
269.0,small_family,27.477612681492566,6.5,6.5,0.0,1.0472439049844948,-20.977612681492566,Fall,CHARGE_PRIORITY
270.0,apartment,21.250359672075334,3.6399999999999997,3.630565545646068,0.00943445435393142,6.490140749045135,-17.610359672075337,Fall,CHARGE_PRIORITY
270.0,family_house,31.694606941284444,10.08,10.08,0.0,0.0,-21.614606941284443,Fall,CHARGE_PRIORITY
270.0,luxury_house,33.12002854236373,18.0,17.618557530519688,0.3814424694803138,0.0,-15.12002854236373,Fall,CHARGE_PRIORITY
270.0,small_family,28.305813182042957,6.5,6.5,0.0,9.646987748702553,-21.805813182042957,Fall,CHARGE_PRIORITY
271.0,apartment,20.526271225189262,3.6399999999999997,3.621346248243531,0.01865375175646855,10.378907313510313,-16.886271225189265,Fall,CHARGE_PRIORITY
271.0,family_house,30.866007478060023,10.08,10.08,0.0,2.383273082423407,-20.786007478060025,Fall,CHARGE_PRIORITY
271.0,luxury_house,32.40038102103139,18.0,17.513519315321787,0.48648068467821304,0.0,-14.400381021031393,Fall,CHARGE_PRIORITY
271.0,small_family,27.477612681492573,6.5,6.5,0.0,15.295996666496325,-20.977612681492573,Fall,CHARGE_PRIORITY
272.0,apartment,18.403351315573595,3.6399999999999997,3.594316635918293,0.04568336408170648,11.497661565342364,-14.763351315573594,Fall,CHARGE_PRIORITY
272.0,family_house,27.860787182886096,10.08,10.08,0.0,9.186790062829548,-17.780787182886097,Fall,CHARGE_PRIORITY
272.0,luxury_house,30.235503851815867,18.0,17.082324948301693,0.9176750516983085,0.0,-12.235503851815867,Fall,CHARGE_PRIORITY
272.0,small_family,24.878460183840403,6.5,6.5,0.0,13.698160733845356,-18.378460183840403,Fall,CHARGE_PRIORITY
273.0,apartment,15.02627342677761,3.6399999999999997,3.551318732081773,0.0886812679182265,9.091437929415337,-11.38627342677761,Fall,CHARGE_PRIORITY
273.0,family_house,22.748237476781508,10.08,10.08,0.0,8.016183164008952,-12.66823747678151,Fall,CHARGE_PRIORITY
273.0,luxury_house,26.152375499003966,18.0,16.424956072060425,1.5750439279395763,0.0,-8.152375499003966,Fall,CHARGE_PRIORITY
273.0,small_family,20.31317767885226,6.5,6.5,0.0,10.725742856502482,-13.81317767885226,Fall,CHARGE_PRIORITY
274.0,apartment,10.625179836037674,3.6399999999999997,3.495282772823034,0.1447172271769656,5.936556803019572,-6.985179836037673,Fall,CHARGE_PRIORITY
274.0,family_house,16.08543297987417,10.08,9.837267629007268,0.24273237099273226,4.684176259290968,-6.005432979874172,Fall,CHARGE_PRIORITY
274.0,luxury_house,18.921709171935056,18.0,14.861669284709542,3.138330715290458,0.7985921874466579,-0.9217091719350554,Fall,CHARGE_PRIORITY
274.0,small_family,14.363585684163652,6.5,6.5,0.0,6.852012460062448,-7.863585684163652,Fall,CHARGE_PRIORITY
275.0,apartment,5.49999779841166,3.6399999999999997,3.4300275161617577,0.20997248383824194,2.2626199174532697,-1.8599977984116602,Fall,CHARGE_PRIORITY
275.0,family_house,8.32643280782326,10.08,8.907497351674522,1.1725026483254775,0.8039720361321129,1.7535671921767406,Fall,CHARGE_PRIORITY
275.0,luxury_house,9.794597399175684,18.0,12.464692371087214,5.535307628912785,0.18626521236824245,8.205402600824316,Fall,CHARGE_PRIORITY
275.0,small_family,7.435139062046951,6.5,6.5,0.0,2.34095786940048,-0.9351390620469511,Fall,CHARGE_PRIORITY
276.0,apartment,2.6024184953137056e-15,3.6399999999999997,3.36,0.2799999999999999,0.0,3.639999999999997,Fall,CHARGE_PRIORITY
276.0,family_house,3.939794802340433e-15,10.08,8.4,1.6799999999999997,0.0,10.079999999999997,Fall,CHARGE_PRIORITY
276.0,luxury_house,4.634482114361473e-15,18.0,10.500000000000002,7.499999999999999,0.0,17.999999999999996,Fall,CHARGE_PRIORITY
276.0,small_family,3.5180638464779505e-15,6.5,6.5,0.0,0.0,6.4999999999999964,Fall,CHARGE_PRIORITY
277.0,apartment,0.0,3.6399999999999997,3.3599999999999994,0.27999999999999997,0.0,3.6399999999999997,Fall,CHARGE_PRIORITY
277.0,family_house,0.0,10.08,8.4,1.68,0.0,10.08,Fall,CHARGE_PRIORITY
277.0,luxury_house,0.0,18.0,10.5,7.5,0.0,18.0,Fall,CHARGE_PRIORITY
277.0,small_family,0.0,6.5,6.375547368792235,0.12445263120776473,0.0,6.5,Fall,CHARGE_PRIORITY
278.0,apartment,0.0,3.6399999999999997,3.3599999999999994,0.27999999999999997,0.0,3.6399999999999997,Fall,CHARGE_PRIORITY
278.0,family_house,0.0,10.08,8.4,1.68,0.0,10.08,Fall,CHARGE_PRIORITY
278.0,luxury_house,0.0,18.0,10.5,7.5,0.0,18.0,Fall,CHARGE_PRIORITY
278.0,small_family,0.0,6.5,6.0,0.5,0.0,6.5,Fall,CHARGE_PRIORITY
279.0,apartment,0.0,3.6399999999999997,3.3599999999999994,0.27999999999999997,0.0,3.6399999999999997,Fall,CHARGE_PRIORITY
279.0,family_house,0.0,10.08,7.695437109135953,2.384562890864047,0.0,10.08,Fall,CHARGE_PRIORITY
279.0,luxury_house,0.0,18.0,9.07874338341035,8.92125661658965,0.0,18.0,Fall,CHARGE_PRIORITY
279.0,small_family,0.0,6.5,5.8061125577221695,0.6938874422778307,0.0,6.5,Fall,CHARGE_PRIORITY
280.0,apartment,0.0,3.6399999999999997,3.3599999999999994,0.27999999999999997,0.0,3.6399999999999997,Fall,CHARGE_PRIORITY
280.0,family_house,0.0,10.08,7.412929031687969,2.667070968312031,0.0,10.08,Fall,CHARGE_PRIORITY
280.0,luxury_house,0.0,18.0,5.9787991669173515,12.021200833082649,0.0,18.0,Fall,CHARGE_PRIORITY
280.0,small_family,0.0,6.5,5.181485725186092,1.318514274813908,0.0,6.5,Fall,CHARGE_PRIORITY
281.0,apartment,0.0,3.6399999999999997,3.3599999999999994,0.27999999999999997,0.0,3.6399999999999997,Fall,CHARGE_PRIORITY
281.0,family_house,0.0,10.08,6.72,3.36,0.0,10.08,Fall,CHARGE_PRIORITY
281.0,luxury_house,0.0,18.0,4.5,13.5,0.0,18.0,Fall,CHARGE_PRIORITY
281.0,small_family,0.0,6.5,4.5,2.0,0.0,6.5,Fall,CHARGE_PRIORITY
282.0,apartment,0.0,24.18868323910354,17.07584638721947,7.1128368518840706,0.0,24.18868323910354,Fall,CHARGE_PRIORITY
282.0,family_house,0.0,22.823739892858093,12.202449213771622,10.62129067908647,0.0,22.823739892858093,Fall,CHARGE_PRIORITY
282.0,luxury_house,0.0,36.101922581898826,9.421653663787847,26.680268918110976,0.0,36.101922581898826,Fall,CHARGE_PRIORITY
282.0,small_family,0.0,23.524426164321312,14.742287038466966,8.782139125854346,0.0,23.524426164321312,Fall,CHARGE_PRIORITY
283.0,apartment,0.0,21.746261684490197,12.981242104134658,8.765019580355538,0.0,21.746261684490197,Fall,CHARGE_PRIORITY
283.0,family_house,0.0,22.98701767624931,13.789754000723988,9.19726367552532,0.0,22.98701767624931,Fall,CHARGE_PRIORITY
283.0,luxury_house,0.0,37.04544164424172,8.266141441901878,28.779300202339844,0.0,37.04544164424172,Fall,CHARGE_PRIORITY
283.0,small_family,0.0,28.45548808531703,14.803773877570844,13.651714207746183,0.0,28.45548808531703,Fall,CHARGE_PRIORITY
284.0,apartment,0.0,26.52427724665246,9.211702837342733,17.31257440930973,0.0,26.52427724665246,Fall,CHARGE_PRIORITY
284.0,family_house,0.0,26.540919793313833,12.313108030621482,14.227811762692351,0.0,26.540919793313833,Fall,CHARGE_PRIORITY
284.0,luxury_house,0.0,32.82355285976536,3.13245539616903,29.691097463596325,0.0,32.82355285976536,Fall,CHARGE_PRIORITY
284.0,small_family,0.0,26.050280354978387,7.464787245484894,18.58549310949349,0.0,26.050280354978387,Fall,CHARGE_PRIORITY
285.0,apartment,0.0,21.131316288905758,2.5830842064681763,18.54823208243758,0.0,21.131316288905758,Fall,CHARGE_PRIORITY
285.0,family_house,0.0,26.73196256393995,6.721653152475281,20.010309411464668,0.0,26.73196256393995,Fall,CHARGE_PRIORITY
285.0,luxury_house,0.0,36.119930235412454,0.0,36.119930235412454,0.0,36.119930235412454,Fall,CHARGE_PRIORITY
285.0,small_family,0.0,28.22068190693881,1.5952186866595621,26.625463220279247,0.0,28.22068190693881,Fall,CHARGE_PRIORITY
286.0,apartment,0.0,3.6399999999999997,0.8399999999999999,2.8,0.0,3.6399999999999997,Fall,CHARGE_PRIORITY
286.0,family_house,0.0,10.08,0.6768083646609708,9.403191635339029,0.0,10.08,Fall,CHARGE_PRIORITY
286.0,luxury_house,0.0,18.0,0.0,18.0,0.0,18.0,Fall,CHARGE_PRIORITY
286.0,small_family,0.0,6.5,0.5,6.0,0.0,6.5,Fall,CHARGE_PRIORITY
287.0,apartment,0.0,3.6399999999999997,0.8399999999999999,2.8,0.0,3.6399999999999997,Fall,CHARGE_PRIORITY
287.0,family_house,0.0,10.08,0.0,10.08,0.0,10.08,Fall,CHARGE_PRIORITY
287.0,luxury_house,0.0,18.0,0.0,18.0,0.0,18.0,Fall,CHARGE_PRIORITY
287.0,small_family,0.0,6.5,0.3054815866739447,6.194518413326056,0.0,6.5,Fall,CHARGE_PRIORITY
288.0,apartment,0.0,3.6399999999999997,0.8399999999999999,2.8,0.0,3.6399999999999997,Fall,CHARGE_PRIORITY
288.0,family_house,0.0,10.08,0.0,10.08,0.0,10.08,Fall,CHARGE_PRIORITY
288.0,luxury_house,0.0,18.0,0.0,18.0,0.0,18.0,Fall,CHARGE_PRIORITY
288.0,small_family,0.0,6.5,0.0,6.5,0.0,6.5,Fall,CHARGE_PRIORITY
289.0,apartment,3.886928109304372,3.6399999999999997,2.914854399407786,0.7251456005922133,0.0,-0.24692810930437253,Fall,CHARGE_PRIORITY
289.0,family_house,8.715242120886662,10.08,6.977670328276682,3.102329671723318,0.0,1.3647578791133377,Fall,CHARGE_PRIORITY
289.0,luxury_house,13.196990346384677,18.0,11.82207528174048,6.17792471825952,0.0,4.803009653615324,Fall,CHARGE_PRIORITY
289.0,small_family,8.303138643536787,6.5,5.056401985015729,1.4435980149842715,0.0,-1.8031386435367878,Fall,CHARGE_PRIORITY
290.0,apartment,7.5089684914120625,3.6399999999999997,3.4488707639000156,0.19112923609998408,0.0,-3.868968491412063,Fall,CHARGE_PRIORITY
290.0,family_house,16.83655489385348,10.08,8.783291625832929,1.296708374167071,0.0,-6.756554893853481,Fall,CHARGE_PRIORITY
290.0,luxury_house,25.49462760972095,18.0,15.829939460120638,2.1700605398793624,0.0,-7.4946276097209505,Fall,CHARGE_PRIORITY
290.0,small_family,16.04043211010193,6.5,5.959016757469527,0.5409832425304728,0.0,-9.540432110101928,Fall,CHARGE_PRIORITY
291.0,apartment,10.619285079987183,3.6399999999999997,3.596901126864757,0.043098873135242965,0.0,-6.979285079987182,Fall,CHARGE_PRIORITY
291.0,family_house,23.810484274526704,10.08,9.790900342777148,0.28909965722285136,0.0,-13.730484274526706,Fall,CHARGE_PRIORITY
291.0,luxury_house,34.454396871492804,18.0,17.21102303429199,0.7889769657080079,0.0,-16.454396871492804,Fall,CHARGE_PRIORITY
291.0,small_family,22.68459663643104,6.5,6.288290585368506,0.21170941463149467,0.0,-16.18459663643104,Fall,CHARGE_PRIORITY
292.0,apartment,12.466079004724785,3.6399999999999997,3.477203755614596,0.16279624438540358,0.0,-8.826079004724784,Fall,CHARGE_PRIORITY
292.0,family_house,29.057099052642783,10.08,9.962882580257434,0.11711741974256584,0.0,-18.977099052642785,Fall,CHARGE_PRIORITY
292.0,luxury_house,37.754258469242664,18.0,17.87118996343818,0.12881003656182144,0.0,-19.754258469242664,Fall,CHARGE_PRIORITY
292.0,small_family,27.7828433900558,6.5,6.3530824159005554,0.1469175840994441,0.0,-21.2828433900558,Fall,CHARGE_PRIORITY
293.0,apartment,13.90410444151449,3.6399999999999997,3.3599999999999994,0.27999999999999997,0.0,-10.26410444151449,Fall,CHARGE_PRIORITY
293.0,family_house,31.239994849871767,10.08,10.046270752097865,0.03372924790213572,0.0,-21.15999484987177,Fall,CHARGE_PRIORITY
293.0,luxury_house,39.34088194046042,18.0,18.0,0.0,0.0,-21.340881940460417,Fall,CHARGE_PRIORITY
293.0,small_family,30.770074989304057,6.5,6.393812263285264,0.10618773671473547,0.9191849190860917,-24.270074989304057,Fall,CHARGE_PRIORITY
294.0,apartment,14.394588138233992,3.6399999999999997,3.3599999999999994,0.27999999999999997,1.799425575555005,-10.754588138233991,Fall,CHARGE_PRIORITY
294.0,family_house,31.777603657644583,10.08,10.07471290460824,0.005287095391758201,0.0,-21.697603657644585,Fall,CHARGE_PRIORITY
294.0,luxury_house,39.8443099113792,18.0,18.0,0.0,0.0,-21.844309911379195,Fall,CHARGE_PRIORITY
294.0,small_family,31.7144209842182,6.5,6.407704455732619,0.09229554426738129,12.693425579805108,-25.2144209842182,Fall,CHARGE_PRIORITY
295.0,apartment,13.904104441514491,3.6399999999999997,3.3599999999999994,0.27999999999999997,4.766847111791815,-10.26410444151449,Fall,CHARGE_PRIORITY
295.0,family_house,31.239994849871767,10.08,10.046270752097865,0.03372924790213572,6.951455730652951,-21.15999484987177,Fall,CHARGE_PRIORITY
295.0,luxury_house,39.34088194046042,18.0,18.0,0.0,0.0,-21.340881940460417,Fall,CHARGE_PRIORITY
295.0,small_family,30.77007498930406,6.5,6.393812263285264,0.10618773671473541,18.606577073021615,-24.27007498930406,Fall,CHARGE_PRIORITY
296.0,apartment,12.466079004724785,3.6399999999999997,3.3599999999999994,0.27999999999999997,5.218803903927904,-8.826079004724784,Fall,CHARGE_PRIORITY
296.0,family_house,29.057099052642787,10.08,9.962882580257434,0.11711741974256573,14.549607075772037,-18.97709905264279,Fall,CHARGE_PRIORITY
296.0,luxury_house,37.754258469242664,18.0,18.0,0.0,0.0,-19.754258469242664,Fall,CHARGE_PRIORITY
296.0,small_family,27.782843390055803,6.5,6.353082415900556,0.146917584099444,18.423850215391738,-21.282843390055803,Fall,CHARGE_PRIORITY
297.0,apartment,10.178510884932697,3.6399999999999997,3.3599999999999994,0.27999999999999997,4.252232037809201,-6.538510884932698,Fall,CHARGE_PRIORITY
297.0,family_house,23.810484274526704,10.08,9.830231155192408,0.24976884480759243,12.888468957670524,-13.730484274526706,Fall,CHARGE_PRIORITY
297.0,luxury_house,34.454396871492804,18.0,17.632803029223982,0.3671969707760161,0.0,-16.454396871492804,Fall,CHARGE_PRIORITY
297.0,small_family,22.68459663643104,6.5,6.288290585368506,0.21170941463149467,14.400748741638944,-16.18459663643104,Fall,CHARGE_PRIORITY
298.0,apartment,7.197294069117,3.6399999999999997,3.3599999999999994,0.27999999999999997,3.2078733641748043,-3.5572940691170007,Fall,CHARGE_PRIORITY
298.0,family_house,16.836554893853492,10.08,9.657356452304121,0.4226435476958788,7.637341976261348,-6.756554893853495,Fall,CHARGE_PRIORITY
298.0,luxury_house,25.494627609720972,18.0,17.291656894501145,0.7083431054988538,1.9403085202068382,-7.49462760972097,Fall,CHARGE_PRIORITY
298.0,small_family,16.040432110101943,6.5,6.203852227866309,0.2961477721336905,9.509163398112218,-9.540432110101943,Fall,CHARGE_PRIORITY
299.0,apartment,3.725593556581798,3.6399999999999997,3.173668932586666,0.46633106741333363,1.120272102880715,-0.08559355658179846,Fall,CHARGE_PRIORITY
299.0,family_house,8.715242120886671,10.08,9.456039596905457,0.6239604030945431,1.522275089468133,1.3647578791133286,Fall,CHARGE_PRIORITY
299.0,luxury_house,13.196990346384691,18.0,15.374786845245284,2.625213154754717,0.4422122798982484,4.80300965361531,Fall,CHARGE_PRIORITY
299.0,small_family,8.303138643536798,6.5,6.10552167791676,0.3944783220832406,3.1293586601859866,-1.8031386435367975,Fall,CHARGE_PRIORITY
300.0,apartment,1.7628286288532715e-15,3.6399999999999997,3.0799999999999996,0.5599999999999998,0.0,3.639999999999998,Fall,CHARGE_PRIORITY
300.0,family_house,4.123766611885275e-15,10.08,8.62091014924086,1.4590898507591405,0.0,10.079999999999995,Fall,CHARGE_PRIORITY
300.0,luxury_house,6.2443828195397e-15,18.0,13.5,4.499999999999999,0.0,17.999999999999993,Fall,CHARGE_PRIORITY
300.0,small_family,3.928772768115351e-15,6.5,6.0,0.49999999999999994,0.0,6.499999999999996,Fall,CHARGE_PRIORITY
301.0,apartment,0.0,3.6399999999999997,3.0799999999999996,0.5599999999999999,0.0,3.6399999999999997,Fall,CHARGE_PRIORITY
301.0,family_house,0.0,10.08,7.901526351423253,2.178473648576747,0.0,10.08,Fall,CHARGE_PRIORITY
301.0,luxury_house,0.0,18.0,13.5,4.5,0.0,18.0,Fall,CHARGE_PRIORITY
301.0,small_family,0.0,6.5,5.326021708537979,1.1739782914620212,0.0,6.5,Fall,CHARGE_PRIORITY
302.0,apartment,0.0,3.6399999999999997,2.6645676993215277,0.9754323006784721,0.0,3.6399999999999997,Fall,CHARGE_PRIORITY
302.0,family_house,0.0,10.08,6.055341789246247,4.024658210753752,0.0,10.08,Fall,CHARGE_PRIORITY
302.0,luxury_house,0.0,18.0,12.084520638230368,5.915479361769632,0.0,18.0,Fall,CHARGE_PRIORITY
302.0,small_family,0.0,6.5,5.0,1.5,0.0,6.5,Fall,CHARGE_PRIORITY
303.0,apartment,0.0,3.6399999999999997,2.2573560042749734,1.382643995725026,0.0,3.6399999999999997,Fall,CHARGE_PRIORITY
303.0,family_house,0.0,10.08,5.299958163582238,4.780041836417762,0.0,10.08,Fall,CHARGE_PRIORITY
303.0,luxury_house,0.0,18.0,12.0,6.0,0.0,18.0,Fall,CHARGE_PRIORITY
303.0,small_family,0.0,6.5,5.0,1.5,0.0,6.5,Fall,CHARGE_PRIORITY
304.0,apartment,0.0,3.6399999999999997,2.0262513655886325,1.613748634411367,0.0,3.6399999999999997,Fall,CHARGE_PRIORITY
304.0,family_house,0.0,10.08,5.04,5.04,0.0,10.08,Fall,CHARGE_PRIORITY
304.0,luxury_house,0.0,18.0,11.414919601477886,6.5850803985221145,0.0,18.0,Fall,CHARGE_PRIORITY
304.0,small_family,0.0,6.5,5.0,1.5,0.0,6.5,Fall,CHARGE_PRIORITY
305.0,apartment,0.0,3.6399999999999997,1.9599999999999997,1.6799999999999997,0.0,3.6399999999999997,Fall,CHARGE_PRIORITY
305.0,family_house,0.0,10.08,5.04,5.04,0.0,10.08,Fall,CHARGE_PRIORITY
305.0,luxury_house,0.0,18.0,10.5,7.5,0.0,18.0,Fall,CHARGE_PRIORITY
305.0,small_family,0.0,6.5,4.874121735824644,1.6258782641753564,0.0,6.5,Fall,CHARGE_PRIORITY
306.0,apartment,0.0,22.14609204481102,11.78517537957013,10.360916665240888,0.0,22.14609204481102,Fall,CHARGE_PRIORITY
306.0,family_house,0.0,25.964777076652126,12.510016305722903,13.454760770929225,0.0,25.964777076652126,Fall,CHARGE_PRIORITY
306.0,luxury_house,0.0,34.79225672372162,19.89738828770008,14.894868436021543,0.0,34.79225672372162,Fall,CHARGE_PRIORITY
306.0,small_family,0.0,26.18964415437414,12.039136602705753,14.150507551668388,0.0,26.18964415437414,Fall,CHARGE_PRIORITY
307.0,apartment,0.0,23.61832539277698,10.590379906153563,13.02794548662342,0.0,23.61832539277698,Fall,CHARGE_PRIORITY
307.0,family_house,0.0,34.60720313323536,17.134348326895356,17.472854806340003,0.0,34.60720313323536,Fall,CHARGE_PRIORITY
307.0,luxury_house,0.0,37.95688197691748,17.682169976090666,20.274712000826817,0.0,37.95688197691748,Fall,CHARGE_PRIORITY
307.0,small_family,0.0,27.72659173428571,16.59301462008694,11.133577114198767,0.0,27.72659173428571,Fall,CHARGE_PRIORITY
308.0,apartment,0.0,21.09887188337559,4.362481020944092,16.7363908624315,0.0,21.09887188337559,Fall,CHARGE_PRIORITY
308.0,family_house,0.0,30.57787347071869,13.653768161222281,16.924105309496408,0.0,30.57787347071869,Fall,CHARGE_PRIORITY
308.0,luxury_house,0.0,38.03293393424358,7.365492551640894,30.66744138260269,0.0,38.03293393424358,Fall,CHARGE_PRIORITY
308.0,small_family,0.0,24.162103039277213,14.902804918327245,9.259298120949968,0.0,24.162103039277213,Fall,CHARGE_PRIORITY
309.0,apartment,0.0,22.951955127579627,4.794150583365214,18.15780454421441,0.0,22.951955127579627,Fall,CHARGE_PRIORITY
309.0,family_house,0.0,27.05337897281126,2.5642810908393527,24.489097881971908,0.0,27.05337897281126,Fall,CHARGE_PRIORITY
309.0,luxury_house,0.0,39.12378003198258,2.6377640324576404,36.48601599952494,0.0,39.12378003198258,Fall,CHARGE_PRIORITY
309.0,small_family,0.0,25.82266120986622,7.554062328523194,18.268598881343024,0.0,25.82266120986622,Fall,CHARGE_PRIORITY
310.0,apartment,0.0,3.6399999999999997,0.27999999999999997,3.3599999999999994,0.0,3.6399999999999997,Fall,CHARGE_PRIORITY
310.0,family_house,0.0,10.08,0.7409332574117534,9.339066742588246,0.0,10.08,Fall,CHARGE_PRIORITY
310.0,luxury_house,0.0,18.0,0.0,18.0,0.0,18.0,Fall,CHARGE_PRIORITY
310.0,small_family,0.0,6.5,0.5,6.0,0.0,6.5,Fall,CHARGE_PRIORITY
311.0,apartment,0.0,3.6399999999999997,0.27999999999999997,3.3599999999999994,0.0,3.6399999999999997,Fall,CHARGE_PRIORITY
311.0,family_house,0.0,10.08,0.0,10.08,0.0,10.08,Fall,CHARGE_PRIORITY
311.0,luxury_house,0.0,18.0,0.0,18.0,0.0,18.0,Fall,CHARGE_PRIORITY
311.0,small_family,0.0,6.5,0.3056453743979776,6.194354625602022,0.0,6.5,Fall,CHARGE_PRIORITY
312.0,apartment,0.0,3.6399999999999997,0.03513712093244659,3.604862879067553,0.0,3.6399999999999997,Fall,CHARGE_PRIORITY
312.0,family_house,0.0,10.08,0.0,10.08,0.0,10.08,Fall,CHARGE_PRIORITY
312.0,luxury_house,0.0,18.0,0.0,18.0,0.0,18.0,Fall,CHARGE_PRIORITY
312.0,small_family,0.0,6.5,0.0,6.5,0.0,6.5,Fall,CHARGE_PRIORITY
313.0,apartment,5.526510064390737,3.6399999999999997,3.0839829381278934,0.5560170618721062,0.0,-1.8865100643907375,Fall,CHARGE_PRIORITY
313.0,family_house,8.385947765352899,10.08,6.647585702279289,3.43241429772071,0.0,1.6940522346471014,Fall,CHARGE_PRIORITY
313.0,luxury_house,12.867236355595788,18.0,11.580512720036207,6.419487279963792,0.0,5.132763644404212,Fall,CHARGE_PRIORITY
313.0,small_family,7.091412380635521,6.5,4.8623321538067055,1.6376678461932948,0.0,-0.5914123806355217,Fall,CHARGE_PRIORITY
314.0,apartment,10.67639760088295,3.6399999999999997,3.288089917374879,0.3519100826251208,0.0,-7.03639760088295,Fall,CHARGE_PRIORITY
314.0,family_house,16.200407048930927,10.08,8.568339510529148,1.5116604894708523,0.0,-6.120407048930928,Fall,CHARGE_PRIORITY
314.0,luxury_house,24.8575918176712,18.0,15.49979958999787,2.500200410002129,0.0,-6.857591817671201,Fall,CHARGE_PRIORITY
314.0,small_family,13.69955672664379,6.5,6.072273191306516,0.42772680869348356,0.0,-7.199556726643789,Fall,CHARGE_PRIORITY
315.0,apartment,15.098706284456245,3.6399999999999997,3.3599999999999994,0.27999999999999997,0.0,-11.458706284456245,Fall,CHARGE_PRIORITY
315.0,family_house,22.910835364562814,10.08,9.63515436642193,0.4448456335780704,0.0,-12.830835364562812,Fall,CHARGE_PRIORITY
315.0,luxury_house,34.45005375947467,18.0,16.51605149768529,1.4839485023147119,0.0,-16.450053759474674,Fall,CHARGE_PRIORITY
315.0,small_family,19.374098921319217,6.5,6.491976575836045,0.008023424163955684,0.0,-12.874098921319217,Fall,CHARGE_PRIORITY
316.0,apartment,18.49206308653574,3.6399999999999997,3.3599999999999994,0.27999999999999997,0.0,-14.85206308653574,Fall,CHARGE_PRIORITY
316.0,family_house,27.249856110891887,10.08,9.887542700808279,0.19245729919172117,0.0,-17.16985611089189,Fall,CHARGE_PRIORITY
316.0,luxury_house,37.98217876442539,18.0,16.856776296555594,1.1432237034444057,0.0,-19.982178764425388,Fall,CHARGE_PRIORITY
316.0,small_family,23.728328291719023,6.5,6.5,0.0,0.0,-17.228328291719023,Fall,CHARGE_PRIORITY
317.0,apartment,20.62521634884698,3.6399999999999997,3.3599999999999994,0.27999999999999997,0.0,-16.98521634884698,Fall,CHARGE_PRIORITY
317.0,family_house,29.17658452270304,10.08,9.962240035456718,0.11775996454328186,0.0,-19.09658452270304,Fall,CHARGE_PRIORITY
317.0,luxury_house,39.13367371102289,18.0,17.07096485928355,0.9290351407164511,0.0,-21.133673711022887,Fall,CHARGE_PRIORITY
317.0,small_family,26.1755262994284,6.5,6.5,0.0,1.487498712734983,-19.6755262994284,Fall,CHARGE_PRIORITY
318.0,apartment,21.3527952017659,3.6399999999999997,3.3599999999999994,0.27999999999999997,4.83324869460458,-17.712795201765903,Fall,CHARGE_PRIORITY
318.0,family_house,29.78250881715495,10.08,9.987717905246875,0.09228209475312565,0.0,-19.702508817154957,Fall,CHARGE_PRIORITY
318.0,luxury_house,39.526427193479925,18.0,17.144020589282576,0.8559794107174227,0.0,-21.52642719347993,Fall,CHARGE_PRIORITY
318.0,small_family,26.816689444215253,6.5,6.5,0.0,8.813160031454784,-20.31668944421525,Fall,CHARGE_PRIORITY
319.0,apartment,20.625216348846983,3.6399999999999997,3.3599999999999994,0.27999999999999997,7.275754830365362,-16.985216348846983,Fall,CHARGE_PRIORITY
319.0,family_house,29.17658452270304,10.08,9.962240035456718,0.11775996454328186,7.392690529140039,-19.09658452270304,Fall,CHARGE_PRIORITY
319.0,luxury_house,39.13367371102289,18.0,17.07096485928355,0.9290351407164511,0.0,-21.133673711022887,Fall,CHARGE_PRIORITY
319.0,small_family,26.175526299428405,6.5,6.5,0.0,10.166271742930457,-19.675526299428405,Fall,CHARGE_PRIORITY
320.0,apartment,18.49206308653574,3.6399999999999997,3.3599999999999994,0.27999999999999997,10.08449287983223,-14.85206308653574,Fall,CHARGE_PRIORITY
320.0,family_house,27.24985611089189,10.08,9.887542700808279,0.19245729919172094,10.717175231118976,-17.169856110891892,Fall,CHARGE_PRIORITY
320.0,luxury_house,37.98217876442539,18.0,16.856776296555594,1.1432237034444053,0.0,-19.98217876442539,Fall,CHARGE_PRIORITY
320.0,small_family,23.728328291719023,6.5,6.5,0.0,10.972536539321762,-17.228328291719023,Fall,CHARGE_PRIORITY
321.0,apartment,15.098706284456245,3.6399999999999997,3.3599999999999994,0.27999999999999997,8.522056253942335,-11.458706284456245,Fall,CHARGE_PRIORITY
321.0,family_house,22.910835364562814,10.08,9.768716401214665,0.31128359878533485,11.28091481511151,-12.830835364562812,Fall,CHARGE_PRIORITY
321.0,luxury_house,34.45005375947467,18.0,16.51605149768529,1.4839485023147119,0.0,-16.450053759474674,Fall,CHARGE_PRIORITY
321.0,small_family,19.374098921319217,6.5,6.5,0.0,8.682689709989551,-12.874098921319217,Fall,CHARGE_PRIORITY
322.0,apartment,10.676397600882957,3.6399999999999997,3.3599999999999994,0.27999999999999997,5.99032590220763,-7.036397600882957,Fall,CHARGE_PRIORITY
322.0,family_house,16.20040704893094,10.08,9.613858952623437,0.4661410473765626,6.746659844736642,-6.120407048930941,Fall,CHARGE_PRIORITY
322.0,luxury_house,24.85759181767122,18.0,16.072010294641288,1.9279897053587105,0.79226187075798,-6.85759181767122,Fall,CHARGE_PRIORITY
322.0,small_family,13.6995567266438,6.5,6.5,0.0,6.128806420788294,-7.1995567266438005,Fall,CHARGE_PRIORITY
323.0,apartment,5.526510064390743,3.6399999999999997,3.3599999999999994,0.27999999999999997,2.155391516526434,-1.886510064390744,Fall,CHARGE_PRIORITY
323.0,family_house,8.385947765352908,10.08,8.931410030042327,1.148589969957673,1.4664080961536938,1.6940522346470916,Fall,CHARGE_PRIORITY
323.0,luxury_house,12.867236355595802,18.0,15.554913361598262,2.4450866384017385,0.18584474816396535,5.132763644404198,Fall,CHARGE_PRIORITY
323.0,small_family,7.09141238063553,6.5,6.5,0.0,1.9665988764058546,-0.5914123806355301,Fall,CHARGE_PRIORITY
324.0,apartment,2.6149632296691573e-15,3.6399999999999997,3.3599999999999994,0.27999999999999997,0.0,3.639999999999997,Fall,CHARGE_PRIORITY
324.0,family_house,3.9679553274714964e-15,10.08,7.923582218345149,2.156417781654851,0.0,10.079999999999997,Fall,CHARGE_PRIORITY
324.0,luxury_house,6.088354050804495e-15,18.0,15.0,3.0,0.0,17.999999999999993,Fall,CHARGE_PRIORITY
324.0,small_family,3.3554236590043823e-15,6.5,6.099332145900617,0.40066785409938294,0.0,6.4999999999999964,Fall,CHARGE_PRIORITY
325.0,apartment,0.0,3.6399999999999997,3.1253945066380138,0.5146054933619857,0.0,3.6399999999999997,Fall,CHARGE_PRIORITY
325.0,family_house,0.0,10.08,5.88,4.2,0.0,10.08,Fall,CHARGE_PRIORITY
325.0,luxury_house,0.0,18.0,14.084157381890083,3.915842618109916,0.0,18.0,Fall,CHARGE_PRIORITY
325.0,small_family,0.0,6.5,5.5,1.0,0.0,6.5,Fall,CHARGE_PRIORITY
326.0,apartment,0.0,3.6399999999999997,3.0799999999999996,0.5599999999999999,0.0,3.6399999999999997,Fall,CHARGE_PRIORITY
326.0,family_house,0.0,10.08,5.88,4.2,0.0,10.08,Fall,CHARGE_PRIORITY
326.0,luxury_house,0.0,18.0,13.113118158554423,4.886881841445577,0.0,18.0,Fall,CHARGE_PRIORITY
326.0,small_family,0.0,6.5,5.197660746999756,1.3023392530002438,0.0,6.5,Fall,CHARGE_PRIORITY
327.0,apartment,0.0,3.6399999999999997,3.0799999999999996,0.5599999999999999,0.0,3.6399999999999997,Fall,CHARGE_PRIORITY
327.0,family_house,0.0,10.08,5.88,4.2,0.0,10.08,Fall,CHARGE_PRIORITY
327.0,luxury_house,0.0,18.0,12.0,6.0,0.0,18.0,Fall,CHARGE_PRIORITY
327.0,small_family,0.0,6.5,4.71008996631652,1.7899100336834801,0.0,6.5,Fall,CHARGE_PRIORITY
328.0,apartment,0.0,3.6399999999999997,3.0799999999999996,0.5599999999999999,0.0,3.6399999999999997,Fall,CHARGE_PRIORITY
328.0,family_house,0.0,10.08,5.85998699019246,4.22001300980754,0.0,10.08,Fall,CHARGE_PRIORITY
328.0,luxury_house,0.0,18.0,12.0,6.0,0.0,18.0,Fall,CHARGE_PRIORITY
328.0,small_family,0.0,6.5,4.5,2.0,0.0,6.5,Fall,CHARGE_PRIORITY
329.0,apartment,0.0,3.6399999999999997,3.0799999999999996,0.5599999999999999,0.0,3.6399999999999997,Fall,CHARGE_PRIORITY
329.0,family_house,0.0,10.08,5.04,5.04,0.0,10.08,Fall,CHARGE_PRIORITY
329.0,luxury_house,0.0,18.0,12.0,6.0,0.0,18.0,Fall,CHARGE_PRIORITY
329.0,small_family,0.0,6.5,4.007831148753881,2.492168851246119,0.0,6.5,Fall,CHARGE_PRIORITY
330.0,apartment,0.0,19.33757646138714,16.14818108229578,3.1893953790913603,0.0,19.33757646138714,Fall,CHARGE_PRIORITY
330.0,family_house,0.0,24.792949264412385,14.024168312423306,10.768780951989081,0.0,24.792949264412385,Fall,CHARGE_PRIORITY
330.0,luxury_house,0.0,35.399375310125514,21.953927073958695,13.445448236166817,0.0,35.399375310125514,Fall,CHARGE_PRIORITY
330.0,small_family,0.0,23.587008007160684,13.611986912917065,9.975021094243619,0.0,23.587008007160684,Fall,CHARGE_PRIORITY
331.0,apartment,0.0,18.43412617342443,13.011711824964504,5.422414348459929,0.0,18.43412617342443,Fall,CHARGE_PRIORITY
331.0,family_house,0.0,24.696165935033868,15.828663602188277,8.86750233284559,0.0,24.696165935033868,Fall,CHARGE_PRIORITY
331.0,luxury_house,0.0,34.919329836230986,18.732204499801036,16.18712533642995,0.0,34.919329836230986,Fall,CHARGE_PRIORITY
331.0,small_family,0.0,29.787764996482437,19.962009895324318,9.82575510115812,0.0,29.787764996482437,Fall,CHARGE_PRIORITY
332.0,apartment,0.0,19.984463208023257,11.27759135663183,8.706871851391426,0.0,19.984463208023257,Fall,CHARGE_PRIORITY
332.0,family_house,0.0,25.352964948830305,9.563697310368429,15.789267638461878,0.0,25.352964948830305,Fall,CHARGE_PRIORITY
332.0,luxury_house,0.0,33.00767666260594,6.643322506823201,26.36435415578274,0.0,33.00767666260594,Fall,CHARGE_PRIORITY
332.0,small_family,0.0,26.0986658573158,9.286600881804691,16.81206497551111,0.0,26.0986658573158,Fall,CHARGE_PRIORITY
333.0,apartment,0.0,23.731752458863426,9.683002539146216,14.048749919717212,0.0,23.731752458863426,Fall,CHARGE_PRIORITY
333.0,family_house,0.0,23.433846424308125,3.3347853242631675,20.09906110004496,0.0,23.433846424308125,Fall,CHARGE_PRIORITY
333.0,luxury_house,0.0,40.35124930309208,2.071757554035194,38.27949174905689,0.0,40.35124930309208,Fall,CHARGE_PRIORITY
333.0,small_family,0.0,26.721690078292372,1.9611817661072424,24.76050831218513,0.0,26.721690078292372,Fall,CHARGE_PRIORITY
334.0,apartment,0.0,3.6399999999999997,1.4,2.2399999999999998,0.0,3.6399999999999997,Fall,CHARGE_PRIORITY
334.0,family_house,0.0,10.08,-2.1065000811460205e-16,10.08,0.0,10.08,Fall,CHARGE_PRIORITY
334.0,luxury_house,0.0,18.0,0.0,18.0,0.0,18.0,Fall,CHARGE_PRIORITY
334.0,small_family,0.0,6.5,0.0,6.5,0.0,6.5,Fall,CHARGE_PRIORITY
335.0,apartment,0.0,3.6399999999999997,1.3563034267172474,2.2836965732827523,0.0,3.6399999999999997,Fall,CHARGE_PRIORITY
335.0,family_house,0.0,10.08,0.0,10.08,0.0,10.08,Fall,CHARGE_PRIORITY
335.0,luxury_house,0.0,18.0,0.0,18.0,0.0,18.0,Fall,CHARGE_PRIORITY
335.0,small_family,0.0,6.5,0.0,6.5,0.0,6.5,Fall,CHARGE_PRIORITY
336.0,apartment,0.0,3.6399999999999997,0.889875388627936,2.7501246113720637,0.0,3.6399999999999997,Fall,CHARGE_PRIORITY
336.0,family_house,0.0,10.08,0.0,10.08,0.0,10.08,Fall,CHARGE_PRIORITY
336.0,luxury_house,0.0,18.0,0.0,18.0,0.0,18.0,Fall,CHARGE_PRIORITY
336.0,small_family,0.0,6.5,0.0,6.5,0.0,6.5,Fall,CHARGE_PRIORITY
337.0,apartment,4.916362517693351,3.6399999999999997,3.100995292518828,0.5390047074811716,0.0,-1.276362517693351,Fall,CHARGE_PRIORITY
337.0,family_house,8.927314219587663,10.08,6.919962107057092,3.1600378929429076,0.0,1.1526857804123374,Fall,CHARGE_PRIORITY
337.0,luxury_house,10.205394328920645,18.0,9.18485489602858,8.81514510397142,0.0,7.794605671079354,Fall,CHARGE_PRIORITY
337.0,small_family,10.362949485273885,6.5,5.899684469018939,0.6003155309810613,0.0,-3.8629494852738864,Fall,CHARGE_PRIORITY
338.0,apartment,9.497683054479108,3.6399999999999997,3.262883946778287,0.3771160532217128,0.0,-5.857683054479107,Fall,CHARGE_PRIORITY
338.0,family_house,17.246246728194723,10.08,8.530835511088064,1.5491644889119356,0.0,-7.166246728194723,Fall,CHARGE_PRIORITY
338.0,luxury_house,19.715307899536892,18.0,14.117074362212172,3.882925637787829,0.0,-1.7153078995368927,Fall,CHARGE_PRIORITY
338.0,small_family,20.019681088710104,6.5,6.407350286999721,0.09264971300027852,0.0,-13.519681088710106,Fall,CHARGE_PRIORITY
339.0,apartment,13.43175218676548,3.6399999999999997,3.3539491164706,0.2860508835293998,0.0,-9.79175218676548,Fall,CHARGE_PRIORITY
339.0,family_house,24.3898760230456,10.08,9.280908139007556,0.7990918609924434,0.0,-14.3098760230456,Fall,CHARGE_PRIORITY
339.0,luxury_house,27.484976378905447,18.0,15.615315619152465,2.384684380847534,0.0,-9.484976378905447,Fall,CHARGE_PRIORITY
339.0,small_family,28.312104510038008,6.5,6.5,0.0,0.0,-21.812104510038008,Fall,CHARGE_PRIORITY
340.0,apartment,16.45046960454378,3.6399999999999997,3.3599999999999994,0.27999999999999997,0.0,-12.810469604543782,Fall,CHARGE_PRIORITY
340.0,family_house,28.799902501437288,10.08,9.697462504604662,0.38253749539533766,0.0,-18.719902501437286,Fall,CHARGE_PRIORITY
340.0,luxury_house,31.8215456998278,18.0,16.748977602101217,1.2510223978987844,0.0,-13.821545699827801,Fall,CHARGE_PRIORITY
340.0,small_family,34.67510479697172,6.5,6.5,0.0,0.0,-28.175104796971723,Fall,CHARGE_PRIORITY
341.0,apartment,18.34811470445883,3.6399999999999997,3.3599999999999994,0.27999999999999997,0.0,-14.70811470445883,Fall,CHARGE_PRIORITY
341.0,family_house,30.737856458210494,10.08,9.847131384787055,0.23286861521294566,0.0,-20.657856458210496,Fall,CHARGE_PRIORITY
341.0,luxury_house,34.10806152425332,18.0,17.097150788993297,0.9028492110067039,0.0,-16.108061524253323,Fall,CHARGE_PRIORITY
341.0,small_family,38.16887746996286,6.5,6.5,0.0,3.10137243074699,-31.668877469962858,Fall,CHARGE_PRIORITY
342.0,apartment,18.995366108958216,3.6399999999999997,3.3599999999999994,0.27999999999999997,2.470627841956412,-15.355366108958219,Fall,CHARGE_PRIORITY
342.0,family_house,31.32378969622384,10.08,9.898180652593895,0.1818193474061044,0.0,-21.243789696223843,Fall,CHARGE_PRIORITY
342.0,luxury_house,34.8879494911001,18.0,17.171130258572973,0.8288697414270281,0.0,-16.887949491100102,Fall,CHARGE_PRIORITY
342.0,small_family,38.83684718318248,6.5,6.5,0.0,18.6768775147861,-32.33684718318248,Fall,CHARGE_PRIORITY
343.0,apartment,18.34811470445883,3.6399999999999997,3.3599999999999994,0.27999999999999997,8.502009779540577,-14.708114704458833,Fall,CHARGE_PRIORITY
343.0,family_house,30.737856458210494,10.08,9.847131384787055,0.23286861521294566,8.979925144502019,-20.657856458210496,Fall,CHARGE_PRIORITY
343.0,luxury_house,34.10806152425332,18.0,17.097150788993297,0.9028492110067039,0.0,-16.108061524253323,Fall,CHARGE_PRIORITY
343.0,small_family,38.168877469962865,6.5,6.5,0.0,26.4596195829092,-31.66887746996286,Fall,CHARGE_PRIORITY
344.0,apartment,16.45046960454378,3.6399999999999997,3.3599999999999994,0.27999999999999997,7.5804088721945915,-12.810469604543782,Fall,CHARGE_PRIORITY
344.0,family_house,28.79990250143729,10.08,9.697462504604662,0.38253749539533743,12.920904302565337,-18.71990250143729,Fall,CHARGE_PRIORITY
344.0,luxury_house,31.821545699827805,18.0,16.88025395884927,1.1197460411507292,0.0,-13.821545699827803,Fall,CHARGE_PRIORITY
344.0,small_family,34.67510479697172,6.5,6.5,0.0,24.971287559536442,-28.175104796971727,Fall,CHARGE_PRIORITY
345.0,apartment,13.43175218676548,3.6399999999999997,3.3599999999999994,0.27999999999999997,6.867328418909994,-9.79175218676548,Fall,CHARGE_PRIORITY
345.0,family_house,24.3898760230456,10.08,9.45937369889163,0.620626301108369,11.933126388443293,-14.3098760230456,Fall,CHARGE_PRIORITY
345.0,luxury_house,27.484976378905447,18.0,16.235718368358985,1.7642816316410141,0.0,-9.484976378905447,Fall,CHARGE_PRIORITY
345.0,small_family,28.312104510038008,6.5,6.5,0.0,19.563205527899335,-21.812104510038008,Fall,CHARGE_PRIORITY
346.0,apartment,9.497683054479115,3.6399999999999997,3.3599999999999994,0.27999999999999997,5.081897173238584,-5.857683054479114,Fall,CHARGE_PRIORITY
346.0,family_house,17.246246728194738,10.08,9.149090326296948,0.9309096737030516,7.207843071007895,-7.1662467281947375,Fall,CHARGE_PRIORITY
346.0,luxury_house,19.715307899536906,18.0,14.74137224840768,3.258627751592319,0.46290986637365594,-1.7153078995369073,Fall,CHARGE_PRIORITY
346.0,small_family,20.019681088710122,6.5,6.5,0.0,12.515255805863243,-13.51968108871012,Fall,CHARGE_PRIORITY
347.0,apartment,4.916362517693356,3.6399999999999997,3.3599999999999994,0.27999999999999997,1.8397871210982712,-1.2763625176933568,Fall,CHARGE_PRIORITY
347.0,family_house,8.927314219587672,10.08,8.36438901933521,1.7156109806647888,1.7051341006353442,1.1526857804123272,Fall,CHARGE_PRIORITY
347.0,luxury_house,10.205394328920658,18.0,12.37233546498513,5.627664535014871,0.10929636696377854,7.794605671079343,Fall,CHARGE_PRIORITY
347.0,small_family,10.362949485273898,6.5,6.5,0.0,4.307744519697298,-3.8629494852738984,Fall,CHARGE_PRIORITY
348.0,apartment,2.326261430396779e-15,3.6399999999999997,3.2148337420379485,0.425166257962051,0.0,3.6399999999999975,Fall,CHARGE_PRIORITY
348.0,family_house,4.224112170597837e-15,10.08,6.720000000000001,3.3599999999999994,0.0,10.079999999999995,Fall,CHARGE_PRIORITY
348.0,luxury_house,4.828857742674477e-15,18.0,10.5,7.499999999999999,0.0,17.999999999999996,Fall,CHARGE_PRIORITY
348.0,small_family,4.903407673047927e-15,6.5,6.5,0.0,0.0,6.499999999999995,Fall,CHARGE_PRIORITY
349.0,apartment,0.0,3.6399999999999997,2.9473410412806924,0.6926589587193074,0.0,3.6399999999999997,Fall,CHARGE_PRIORITY
349.0,family_house,0.0,10.08,6.72,3.36,0.0,10.08,Fall,CHARGE_PRIORITY
349.0,luxury_house,0.0,18.0,10.5,7.5,0.0,18.0,Fall,CHARGE_PRIORITY
349.0,small_family,0.0,6.5,6.5,0.0,0.0,6.5,Fall,CHARGE_PRIORITY
350.0,apartment,0.0,3.6399999999999997,2.8,0.8399999999999999,0.0,3.6399999999999997,Fall,CHARGE_PRIORITY
350.0,family_house,0.0,10.08,6.72,3.36,0.0,10.08,Fall,CHARGE_PRIORITY
350.0,luxury_house,0.0,18.0,10.5,7.5,0.0,18.0,Fall,CHARGE_PRIORITY
350.0,small_family,0.0,6.5,6.070054923989078,0.4299450760109216,0.0,6.5,Fall,CHARGE_PRIORITY
351.0,apartment,0.0,3.6399999999999997,2.8,0.8399999999999999,0.0,3.6399999999999997,Fall,CHARGE_PRIORITY
351.0,family_house,0.0,10.08,6.72,3.36,0.0,10.08,Fall,CHARGE_PRIORITY
351.0,luxury_house,0.0,18.0,10.5,7.5,0.0,18.0,Fall,CHARGE_PRIORITY
351.0,small_family,0.0,6.5,6.0,0.5,0.0,6.5,Fall,CHARGE_PRIORITY
352.0,apartment,0.0,3.6399999999999997,2.8,0.8399999999999999,0.0,3.6399999999999997,Fall,CHARGE_PRIORITY
352.0,family_house,0.0,10.08,6.72,3.36,0.0,10.08,Fall,CHARGE_PRIORITY
352.0,luxury_house,0.0,18.0,10.5,7.5,0.0,18.0,Fall,CHARGE_PRIORITY
352.0,small_family,0.0,6.5,6.0,0.5,0.0,6.5,Fall,CHARGE_PRIORITY
353.0,apartment,0.0,3.6399999999999997,2.8,0.8399999999999999,0.0,3.6399999999999997,Fall,CHARGE_PRIORITY
353.0,family_house,0.0,10.08,6.72,3.36,0.0,10.08,Fall,CHARGE_PRIORITY
353.0,luxury_house,0.0,18.0,9.389652487658912,8.610347512341088,0.0,18.0,Fall,CHARGE_PRIORITY
353.0,small_family,0.0,6.5,6.0,0.5,0.0,6.5,Fall,CHARGE_PRIORITY
354.0,apartment,0.0,19.872314799222426,13.598992382326646,6.273322416895778,0.0,19.872314799222426,Fall,CHARGE_PRIORITY
354.0,family_house,0.0,24.821075780541847,14.1287940146204,10.692281765921447,0.0,24.821075780541847,Fall,CHARGE_PRIORITY
354.0,luxury_house,0.0,38.31066549214073,11.661903133839983,26.648762358300747,0.0,38.31066549214073,Fall,CHARGE_PRIORITY
354.0,small_family,0.0,24.872582871097396,22.177890110237794,2.6946927608596014,0.0,24.872582871097396,Fall,CHARGE_PRIORITY
355.0,apartment,0.0,24.58568318036737,15.030971841321806,9.554711339045562,0.0,24.58568318036737,Fall,CHARGE_PRIORITY
355.0,family_house,0.0,30.096820250536318,14.83936439717805,15.257455853358268,0.0,30.096820250536318,Fall,CHARGE_PRIORITY
355.0,luxury_house,0.0,35.525499512747075,6.947428101800842,28.57807141094623,0.0,35.525499512747075,Fall,CHARGE_PRIORITY
355.0,small_family,0.0,29.250149747454948,24.337005225682653,4.913144521772295,0.0,29.250149747454948,Fall,CHARGE_PRIORITY
356.0,apartment,0.0,24.567484587529577,11.884121999938149,12.683362587591429,0.0,24.567484587529577,Fall,CHARGE_PRIORITY
356.0,family_house,0.0,21.78179251361312,12.28777870794222,9.4940138056709,0.0,21.78179251361312,Fall,CHARGE_PRIORITY
356.0,luxury_house,0.0,30.98845368424064,4.342051450293669,26.64640223394697,0.0,30.98845368424064,Fall,CHARGE_PRIORITY
356.0,small_family,0.0,24.949769861941853,10.618112186958546,14.331657674983305,0.0,24.949769861941853,Fall,CHARGE_PRIORITY
357.0,apartment,0.0,27.136074468176968,6.701809947175674,20.434264521001296,0.0,27.136074468176968,Fall,CHARGE_PRIORITY
357.0,family_house,0.0,28.95612007509632,5.760720789615003,23.195399285481315,0.0,28.95612007509632,Fall,CHARGE_PRIORITY
357.0,luxury_house,0.0,38.39711524422157,1.2338729718081094,37.16324227241346,0.0,38.39711524422157,Fall,CHARGE_PRIORITY
357.0,small_family,0.0,23.518466844069017,7.367023196897453,16.151443647171565,0.0,23.518466844069017,Fall,CHARGE_PRIORITY
358.0,apartment,0.0,3.6399999999999997,0.5599999999999999,3.0799999999999996,0.0,3.6399999999999997,Fall,CHARGE_PRIORITY
358.0,family_house,0.0,10.08,0.84,9.24,0.0,10.08,Fall,CHARGE_PRIORITY
358.0,luxury_house,0.0,18.0,0.0,18.0,0.0,18.0,Fall,CHARGE_PRIORITY
358.0,small_family,0.0,6.5,1.1343092063984745,5.365690793601526,0.0,6.5,Fall,CHARGE_PRIORITY
359.0,apartment,0.0,3.6399999999999997,0.5599999999999999,3.0799999999999996,0.0,3.6399999999999997,Fall,CHARGE_PRIORITY
359.0,family_house,0.0,10.08,0.84,9.24,0.0,10.08,Fall,CHARGE_PRIORITY
359.0,luxury_house,0.0,18.0,0.0,18.0,0.0,18.0,Fall,CHARGE_PRIORITY
359.0,small_family,0.0,6.5,1.0,5.5,0.0,6.5,Fall,CHARGE_PRIORITY
360.0,apartment,0.0,3.6399999999999997,0.5599999999999999,3.0799999999999996,0.0,3.6399999999999997,Fall,CHARGE_PRIORITY
360.0,family_house,0.0,10.08,0.3522789394878836,9.727721060512117,0.0,10.08,Fall,CHARGE_PRIORITY
360.0,luxury_house,0.0,18.0,0.0,18.0,0.0,18.0,Fall,CHARGE_PRIORITY
360.0,small_family,0.0,6.5,1.0,5.5,0.0,6.5,Fall,CHARGE_PRIORITY
361.0,apartment,4.760311114675738,3.6399999999999997,3.111974165401174,0.5280258345988257,0.0,-1.1203111146757379,Fall,CHARGE_PRIORITY
361.0,family_house,9.09462252677191,10.08,7.3694563420278,2.7105436579721993,0.0,0.9853774732280893,Fall,CHARGE_PRIORITY
361.0,luxury_house,10.812317296326722,18.0,9.655828788025286,8.344171211974714,0.0,7.187682703673279,Fall,CHARGE_PRIORITY
361.0,small_family,9.18554793617447,6.5,5.7743704279868036,0.7256295720131962,0.0,-2.6855479361744683,Fall,CHARGE_PRIORITY
362.0,apartment,9.196214893672394,3.6399999999999997,3.5082570515684455,0.13174294843155399,0.0,-5.5562148936723945,Fall,CHARGE_PRIORITY
362.0,family_house,17.56946155791866,10.08,9.257663166522459,0.8223368334775408,0.0,-7.489461557918663,Fall,CHARGE_PRIORITY
362.0,luxury_house,20.887793037107944,18.0,14.880600802935097,3.119399197064902,0.0,-2.8877930371079445,Fall,CHARGE_PRIORITY
362.0,small_family,17.745115960334335,6.5,6.399138688119104,0.10086131188089598,0.0,-11.245115960334337,Fall,CHARGE_PRIORITY
363.0,apartment,13.005411825128954,3.6399999999999997,3.5696671330455434,0.07033286695445629,0.0,-9.365411825128954,Fall,CHARGE_PRIORITY
363.0,family_house,24.846970818801307,10.08,9.859622876509201,0.22037712349079774,0.0,-14.766970818801306,Fall,CHARGE_PRIORITY
363.0,luxury_house,28.757931807464427,18.0,16.795558225983548,1.2044417740164508,0.0,-10.757931807464425,Fall,CHARGE_PRIORITY
363.0,small_family,25.095383656988098,6.5,6.5,0.0,0.0,-18.595383656988098,Fall,CHARGE_PRIORITY
364.0,apartment,15.92831143316221,3.6399999999999997,3.6167887458969075,0.023211254103092382,0.0,-12.28831143316221,Fall,CHARGE_PRIORITY
364.0,family_house,29.921674622444577,10.08,10.08,0.0,0.0,-19.84167462244458,Fall,CHARGE_PRIORITY
364.0,luxury_house,33.73176232966987,18.0,17.583449251750707,0.41655074824929184,0.0,-15.731762329669873,Fall,CHARGE_PRIORITY
364.0,small_family,30.735442429500466,6.5,6.5,0.0,0.0,-24.235442429500466,Fall,CHARGE_PRIORITY
365.0,apartment,17.76572293980469,3.6399999999999997,3.6399999999999997,0.0,0.0,-14.125722939804689,Fall,CHARGE_PRIORITY
365.0,family_house,32.32778290758327,10.08,10.08,0.0,0.0,-22.24778290758327,Fall,CHARGE_PRIORITY
365.0,luxury_house,36.23775638972869,18.0,17.88146322529161,0.11853677470838941,0.0,-18.237756389728688,Fall,CHARGE_PRIORITY
365.0,small_family,34.25330660193746,6.5,6.5,0.0,0.46039912185162546,-27.75330660193746,Fall,CHARGE_PRIORITY
366.0,apartment,18.392429787344792,3.6399999999999997,3.6399999999999997,0.0,2.966748989552797,-14.752429787344793,Fall,CHARGE_PRIORITY
366.0,family_house,33.04486944476818,10.08,10.08,0.0,0.0,-22.96486944476818,Fall,CHARGE_PRIORITY
366.0,luxury_house,36.81574231028098,18.0,17.940588907827305,0.05941109217269336,0.0,-18.815742310280985,Fall,CHARGE_PRIORITY
366.0,small_family,35.32052770362897,6.5,6.5,0.0,11.804015604081249,-28.82052770362897,Fall,CHARGE_PRIORITY
367.0,apartment,17.765722939804693,3.6399999999999997,3.6399999999999997,0.0,7.518576302405562,-14.125722939804692,Fall,CHARGE_PRIORITY
367.0,family_house,32.32778290758327,10.08,10.08,0.0,6.414181582430229,-22.24778290758327,Fall,CHARGE_PRIORITY
367.0,luxury_house,36.23775638972869,18.0,17.891502031135957,0.10849796886404217,0.0,-18.237756389728688,Fall,CHARGE_PRIORITY
367.0,small_family,34.25330660193747,6.5,6.5,0.0,18.41410476335003,-27.753306601937467,Fall,CHARGE_PRIORITY
368.0,apartment,15.92831143316221,3.6399999999999997,3.6399999999999997,0.0,7.413774091051878,-12.28831143316221,Fall,CHARGE_PRIORITY
368.0,family_house,29.92167462244458,10.08,10.08,0.0,11.101788211740093,-19.841674622444582,Fall,CHARGE_PRIORITY
368.0,luxury_house,33.73176232966988,18.0,17.615931779951072,0.38406822004892804,0.0,-15.731762329669875,Fall,CHARGE_PRIORITY
368.0,small_family,30.735442429500466,6.5,6.5,0.0,20.903956656788544,-24.235442429500466,Fall,CHARGE_PRIORITY
369.0,apartment,13.005411825128954,3.6399999999999997,3.575791242237072,0.06420875776292786,5.847797367753472,-9.365411825128954,Fall,CHARGE_PRIORITY
369.0,family_house,24.846970818801307,10.08,10.08,0.0,9.315816999746627,-14.766970818801306,Fall,CHARGE_PRIORITY
369.0,luxury_house,28.757931807464427,18.0,17.109377481054747,0.8906225189452543,0.0,-10.757931807464425,Fall,CHARGE_PRIORITY
369.0,small_family,25.095383656988098,6.5,6.5,0.0,16.857003048449535,-18.595383656988098,Fall,CHARGE_PRIORITY
370.0,apartment,9.196214893672401,3.6399999999999997,3.508257051568446,0.1317429484315539,3.806976768672258,-5.556214893672401,Fall,CHARGE_PRIORITY
370.0,family_house,17.569461557918675,10.08,10.020025580781025,0.05997441921897373,6.37519706463835,-7.489461557918676,Fall,CHARGE_PRIORITY
370.0,luxury_house,20.88779303710796,18.0,16.49155512093601,1.5084448790639904,1.1308222158780548,-2.8877930371079605,Fall,CHARGE_PRIORITY
370.0,small_family,17.74511596033435,6.5,6.5,0.0,10.601681681380441,-11.245115960334351,Fall,CHARGE_PRIORITY
371.0,apartment,4.760311114675743,3.6399999999999997,3.4367434970333206,0.20325650296667913,1.4303908450201157,-1.1203111146757434,Fall,CHARGE_PRIORITY
371.0,family_house,9.09462252677192,10.08,9.353279173193418,0.7267208268065831,1.2886784869058325,0.9853774732280791,Fall,CHARGE_PRIORITY
371.0,luxury_house,10.812317296326732,18.0,14.950639963674353,3.049360036325647,0.2502853096319606,7.187682703673267,Fall,CHARGE_PRIORITY
371.0,small_family,9.18554793617448,6.5,6.5,0.0,3.317205664434235,-2.685547936174479,Fall,CHARGE_PRIORITY
372.0,apartment,2.2524230267614233e-15,3.6399999999999997,3.36,0.2799999999999999,0.0,3.6399999999999975,Fall,CHARGE_PRIORITY
372.0,family_house,4.3032769719295125e-15,10.08,8.4,1.6799999999999997,0.0,10.079999999999995,Fall,CHARGE_PRIORITY
372.0,luxury_house,5.116033776829324e-15,18.0,11.860009757247468,6.139990242752531,0.0,17.999999999999996,Fall,CHARGE_PRIORITY
372.0,small_family,4.346299892264412e-15,6.5,6.5,0.0,0.0,6.499999999999996,Fall,CHARGE_PRIORITY
373.0,apartment,0.0,3.6399999999999997,3.3599999999999994,0.27999999999999997,0.0,3.6399999999999997,Fall,CHARGE_PRIORITY
373.0,family_house,0.0,10.08,8.260698041933715,1.8193019580662853,0.0,10.08,Fall,CHARGE_PRIORITY
373.0,luxury_house,0.0,18.0,10.5,7.5,0.0,18.0,Fall,CHARGE_PRIORITY
373.0,small_family,0.0,6.5,6.457770587292789,0.042229412707211256,0.0,6.5,Fall,CHARGE_PRIORITY
374.0,apartment,0.0,3.6399999999999997,3.3599999999999994,0.27999999999999997,0.0,3.6399999999999997,Fall,CHARGE_PRIORITY
374.0,family_house,0.0,10.08,7.56,2.52,0.0,10.08,Fall,CHARGE_PRIORITY
374.0,luxury_house,0.0,18.0,10.5,7.5,0.0,18.0,Fall,CHARGE_PRIORITY
374.0,small_family,0.0,6.5,6.0,0.5,0.0,6.5,Fall,CHARGE_PRIORITY
375.0,apartment,0.0,3.6399999999999997,3.3599999999999994,0.27999999999999997,0.0,3.6399999999999997,Fall,CHARGE_PRIORITY
375.0,family_house,0.0,10.08,7.56,2.52,0.0,10.08,Fall,CHARGE_PRIORITY
375.0,luxury_house,0.0,18.0,10.29049595170076,7.709504048299239,0.0,18.0,Fall,CHARGE_PRIORITY
375.0,small_family,0.0,6.5,6.0,0.5,0.0,6.5,Fall,CHARGE_PRIORITY
376.0,apartment,0.0,3.6399999999999997,3.3599999999999994,0.27999999999999997,0.0,3.6399999999999997,Fall,CHARGE_PRIORITY
376.0,family_house,0.0,10.08,7.56,2.52,0.0,10.08,Fall,CHARGE_PRIORITY
376.0,luxury_house,0.0,18.0,9.0,9.0,0.0,18.0,Fall,CHARGE_PRIORITY
376.0,small_family,0.0,6.5,5.993277629892498,0.5067223701075014,0.0,6.5,Fall,CHARGE_PRIORITY
377.0,apartment,0.0,3.6399999999999997,3.3375881241137644,0.3024118758862351,0.0,3.6399999999999997,Fall,CHARGE_PRIORITY
377.0,family_house,0.0,10.08,7.56,2.52,0.0,10.08,Fall,CHARGE_PRIORITY
377.0,luxury_house,0.0,18.0,9.0,9.0,0.0,18.0,Fall,CHARGE_PRIORITY
377.0,small_family,0.0,6.5,5.5,1.0,0.0,6.5,Fall,CHARGE_PRIORITY
378.0,apartment,0.0,21.64639384082083,16.146331841906314,5.50006199891452,0.0,21.64639384082083,Fall,CHARGE_PRIORITY
378.0,family_house,0.0,23.918444036367767,16.38529944485031,7.5331445915174555,0.0,23.918444036367767,Fall,CHARGE_PRIORITY
378.0,luxury_house,0.0,34.90888522564647,13.27329464516813,21.63559058047834,0.0,34.90888522564647,Fall,CHARGE_PRIORITY
378.0,small_family,0.0,31.235016685459435,26.02407812449622,5.210938560963215,0.0,31.235016685459435,Fall,CHARGE_PRIORITY
379.0,apartment,0.0,24.73148629854785,14.045696166370885,10.685790132176967,0.0,24.73148629854785,Fall,CHARGE_PRIORITY
379.0,family_house,0.0,23.864008448032926,14.294260418284129,9.569748029748798,0.0,23.864008448032926,Fall,CHARGE_PRIORITY
379.0,luxury_house,0.0,42.84289665922874,11.478210025428112,31.36468663380063,0.0,42.84289665922874,Fall,CHARGE_PRIORITY
379.0,small_family,0.0,26.48622711162799,18.65235621549644,7.833870896131547,0.0,26.48622711162799,Fall,CHARGE_PRIORITY
380.0,apartment,0.0,23.54295241405285,10.844234244308499,12.69871816974435,0.0,23.54295241405285,Fall,CHARGE_PRIORITY
380.0,family_house,0.0,28.692418162174153,14.44726029255631,14.245157869617842,0.0,28.692418162174153,Fall,CHARGE_PRIORITY
380.0,luxury_house,0.0,34.65611843601561,2.2432401624003884,32.41287827361522,0.0,34.65611843601561,Fall,CHARGE_PRIORITY
380.0,small_family,0.0,30.264045919621513,16.83273252765007,13.431313391971445,0.0,30.264045919621513,Fall,CHARGE_PRIORITY
381.0,apartment,0.0,22.070679772153852,1.763847523971013,20.30683224818284,0.0,22.070679772153852,Fall,CHARGE_PRIORITY
381.0,family_house,0.0,34.319895263433274,7.036342188621521,27.28355307481175,0.0,34.319895263433274,Fall,CHARGE_PRIORITY
381.0,luxury_house,0.0,40.72890498370647,0.15380997355753845,40.575095010148935,0.0,40.72890498370647,Fall,CHARGE_PRIORITY
381.0,small_family,0.0,26.688846455002842,2.6055215775286182,24.083324877474222,0.0,26.688846455002842,Fall,CHARGE_PRIORITY
382.0,apartment,0.0,3.6399999999999997,0.0,3.6399999999999997,0.0,3.6399999999999997,Fall,CHARGE_PRIORITY
382.0,family_house,0.0,10.08,0.0,10.08,0.0,10.08,Fall,CHARGE_PRIORITY
382.0,luxury_house,0.0,18.0,0.0,18.0,0.0,18.0,Fall,CHARGE_PRIORITY
382.0,small_family,0.0,6.5,-5.2662502028650513e-17,6.5,0.0,6.5,Fall,CHARGE_PRIORITY
383.0,apartment,0.0,3.6399999999999997,0.0,3.6399999999999997,0.0,3.6399999999999997,Fall,CHARGE_PRIORITY
383.0,family_house,0.0,10.08,0.0,10.08,0.0,10.08,Fall,CHARGE_PRIORITY
383.0,luxury_house,0.0,18.0,0.0,18.0,0.0,18.0,Fall,CHARGE_PRIORITY
383.0,small_family,0.0,6.5,0.0,6.5,0.0,6.5,Fall,CHARGE_PRIORITY
384.0,apartment,0.0,3.6399999999999997,0.0,3.6399999999999997,0.0,3.6399999999999997,Fall,CHARGE_PRIORITY
384.0,family_house,0.0,10.08,0.0,10.08,0.0,10.08,Fall,CHARGE_PRIORITY
384.0,luxury_house,0.0,18.0,0.0,18.0,0.0,18.0,Fall,CHARGE_PRIORITY
384.0,small_family,0.0,6.5,0.0,6.5,0.0,6.5,Fall,CHARGE_PRIORITY
385.0,apartment,4.285794835608966,3.6399999999999997,2.6291555730881218,1.010844426911878,0.0,-0.6457948356089662,Fall,CHARGE_PRIORITY
385.0,family_house,8.217299211377492,10.08,6.772930255279779,3.30706974472022,0.0,1.862700788622507,Fall,CHARGE_PRIORITY
385.0,luxury_house,11.724823089682316,18.0,10.552340780714083,7.447659219285916,0.0,6.275176910317684,Fall,CHARGE_PRIORITY
385.0,small_family,9.69799294393886,6.5,5.473828804691854,1.0261711953081465,0.0,-3.197992943938861,Fall,CHARGE_PRIORITY
386.0,apartment,8.279519835782024,3.6399999999999997,3.3667591768977614,0.273240823102238,0.0,-4.639519835782024,Fall,CHARGE_PRIORITY
386.0,family_house,15.874603061228626,10.08,9.381044656816362,0.6989553431836381,0.0,-5.794603061228626,Fall,CHARGE_PRIORITY
386.0,luxury_house,22.650618861989074,18.0,15.088111681817821,2.9118883181821786,0.0,-4.650618861989074,Fall,CHARGE_PRIORITY
386.0,small_family,18.735083695439393,6.5,6.287678859023222,0.212321140976778,0.0,-12.235083695439394,Fall,CHARGE_PRIORITY
387.0,apartment,11.709009241700002,3.6399999999999997,3.5037523649433244,0.13624763505667511,0.0,-8.069009241700002,Fall,CHARGE_PRIORITY
387.0,family_house,22.450078946478982,10.08,9.66667219441239,0.41332780558760973,0.0,-12.370078946478982,Fall,CHARGE_PRIORITY
387.0,luxury_house,31.878968909024856,18.0,16.63760367402274,1.3623963259772611,0.0,-13.878968909024856,Fall,CHARGE_PRIORITY
387.0,small_family,26.495409454285443,6.5,6.406839344038659,0.0931606559613416,0.0,-19.995409454285443,Fall,CHARGE_PRIORITY
388.0,apartment,14.340549017848794,3.6399999999999997,3.5989885357043936,0.0410114642956059,0.0,-10.700549017848795,Fall,CHARGE_PRIORITY
388.0,family_house,26.784080083221177,10.08,9.76256458187197,0.3174354181280301,0.0,-16.70408008322118,Fall,CHARGE_PRIORITY
388.0,luxury_house,35.98734379684156,18.0,17.017658804780933,0.9823411952190675,0.0,-17.987343796841557,Fall,CHARGE_PRIORITY
388.0,small_family,32.45011684455631,6.5,6.498274400091665,0.0017255999083350404,0.0,-25.950116844556312,Fall,CHARGE_PRIORITY
389.0,apartment,15.994804077308967,3.6399999999999997,3.635889149203321,0.004110850796678722,0.0,-12.354804077308966,Fall,CHARGE_PRIORITY
389.0,family_house,29.118971635676523,10.08,9.822845056655778,0.2571549433442223,0.0,-19.038971635676525,Fall,CHARGE_PRIORITY
389.0,luxury_house,37.61073441114522,18.0,17.25040598077252,0.749594019227481,0.0,-19.61073441114522,Fall,CHARGE_PRIORITY
389.0,small_family,35.81987397769312,6.5,6.5,0.0,2.8554677259274275,-29.319873977693124,Fall,CHARGE_PRIORITY
390.0,apartment,16.55903967156405,3.6399999999999997,3.6399999999999997,0.0,4.788324278969888,-12.91903967156405,Fall,CHARGE_PRIORITY
390.0,family_house,29.863968289172078,10.08,9.843405604025492,0.23659439597450793,0.23833103866514171,-19.78396828917208,Fall,CHARGE_PRIORITY
390.0,luxury_house,38.09086913374651,18.0,17.329791708146182,0.6702082918538197,0.0,-20.090869133746505,Fall,CHARGE_PRIORITY
390.0,small_family,36.36071629008692,6.5,6.5,0.0,23.389769109013013,-29.86071629008692,Fall,CHARGE_PRIORITY
391.0,apartment,15.994804077308967,3.6399999999999997,3.6399999999999997,0.0,7.159391904366963,-12.35480407730897,Fall,CHARGE_PRIORITY
391.0,family_house,29.118971635676523,10.08,9.822845056655778,0.2571549433442223,4.854856909236082,-19.038971635676525,Fall,CHARGE_PRIORITY
391.0,luxury_house,37.61073441114522,18.0,17.25040598077252,0.749594019227481,0.0,-19.61073441114522,Fall,CHARGE_PRIORITY
391.0,small_family,35.81987397769313,6.5,6.5,0.0,24.023109931307225,-29.319873977693128,Fall,CHARGE_PRIORITY
392.0,apartment,14.340549017848794,3.6399999999999997,3.6088660580201335,0.03113394197986627,6.4669520791764565,-10.700549017848795,Fall,CHARGE_PRIORITY
392.0,family_house,26.78408008322118,10.08,9.76256458187197,0.31743541812803,6.1693281172607675,-16.704080083221182,Fall,CHARGE_PRIORITY
392.0,luxury_house,35.98734379684156,18.0,17.017658804780933,0.982341195219067,0.0,-17.98734379684156,Fall,CHARGE_PRIORITY
392.0,small_family,32.45011684455632,6.5,6.5,0.0,21.511441702200948,-25.950116844556316,Fall,CHARGE_PRIORITY
393.0,apartment,11.709009241700002,3.6399999999999997,3.5619648744737815,0.07803512552621811,6.007798461475028,-8.069009241700002,Fall,CHARGE_PRIORITY
393.0,family_house,22.450078946478982,10.08,9.66667219441239,0.41332780558760973,5.615989600387371,-12.370078946478982,Fall,CHARGE_PRIORITY
393.0,luxury_house,31.878968909024856,18.0,16.647411515582355,1.352588484417646,0.0,-13.878968909024856,Fall,CHARGE_PRIORITY
393.0,small_family,26.495409454285443,6.5,6.5,0.0,16.921756633920218,-19.995409454285443,Fall,CHARGE_PRIORITY
394.0,apartment,8.279519835782029,3.6399999999999997,3.3926483221888986,0.24735167781110098,3.920114627040035,-4.63951983578203,Fall,CHARGE_PRIORITY
394.0,family_house,15.874603061228639,10.08,9.541702802012747,0.5382971979872537,4.087963038265958,-5.794603061228639,Fall,CHARGE_PRIORITY
394.0,luxury_house,22.65061886198909,18.0,16.16489585407309,1.835104145926909,0.033005403798223476,-4.650618861989091,Fall,CHARGE_PRIORITY
394.0,small_family,18.73508369543941,6.5,6.379656079631598,0.12034392036840152,11.551238511158369,-12.235083695439409,Fall,CHARGE_PRIORITY
395.0,apartment,4.2857948356089715,3.6399999999999997,3.2351041304829913,0.4048958695170085,1.4889553099555002,-0.6457948356089713,Fall,CHARGE_PRIORITY
395.0,family_house,8.217299211377501,10.08,9.396172862243388,0.6838271377566122,0.9005333672734953,1.862700788622498,Fall,CHARGE_PRIORITY
395.0,luxury_house,11.724823089682328,18.0,15.602994465190166,2.3970055348098342,0.0038850867109609943,6.275176910317672,Fall,CHARGE_PRIORITY
395.0,small_family,9.697992943938871,6.5,6.1489135351771464,0.35108646482285377,4.060405383170144,-3.197992943938872,Fall,CHARGE_PRIORITY
396.0,apartment,2.027897493073495e-15,3.6399999999999997,3.0799999999999996,0.5599999999999998,0.0,3.6399999999999975,Fall,CHARGE_PRIORITY
396.0,family_house,3.888156365333683e-15,10.08,9.24,0.8399999999999999,0.0,10.079999999999997,Fall,CHARGE_PRIORITY
396.0,luxury_house,5.547801577608318e-15,18.0,14.418306383238082,3.581693616761918,0.0,17.999999999999993,Fall,CHARGE_PRIORITY
396.0,small_family,4.5887720558755254e-15,6.5,6.0,0.49999999999999994,0.0,6.499999999999996,Fall,CHARGE_PRIORITY
397.0,apartment,0.0,3.6399999999999997,3.0799999999999996,0.5599999999999999,0.0,3.6399999999999997,Fall,CHARGE_PRIORITY
397.0,family_house,0.0,10.08,9.24,0.84,0.0,10.08,Fall,CHARGE_PRIORITY
397.0,luxury_house,0.0,18.0,12.664301154794208,5.335698845205792,0.0,18.0,Fall,CHARGE_PRIORITY
397.0,small_family,0.0,6.5,6.0,0.5,0.0,6.5,Fall,CHARGE_PRIORITY
398.0,apartment,0.0,3.6399999999999997,3.0799999999999996,0.5599999999999999,0.0,3.6399999999999997,Fall,CHARGE_PRIORITY
398.0,family_house,0.0,10.08,9.24,0.84,0.0,10.08,Fall,CHARGE_PRIORITY
398.0,luxury_house,0.0,18.0,10.735808977024895,7.264191022975105,0.0,18.0,Fall,CHARGE_PRIORITY
398.0,small_family,0.0,6.5,6.0,0.5,0.0,6.5,Fall,CHARGE_PRIORITY
399.0,apartment,0.0,3.6399999999999997,3.0799999999999996,0.5599999999999999,0.0,3.6399999999999997,Fall,CHARGE_PRIORITY
399.0,family_house,0.0,10.08,8.185145371780196,1.8948546282198038,0.0,10.08,Fall,CHARGE_PRIORITY
399.0,luxury_house,0.0,18.0,10.5,7.5,0.0,18.0,Fall,CHARGE_PRIORITY
399.0,small_family,0.0,6.5,6.0,0.5,0.0,6.5,Fall,CHARGE_PRIORITY
400.0,apartment,0.0,3.6399999999999997,2.812577947841648,0.8274220521583519,0.0,3.6399999999999997,Fall,CHARGE_PRIORITY
400.0,family_house,0.0,10.08,7.276188755453133,2.803811244546866,0.0,10.08,Fall,CHARGE_PRIORITY
400.0,luxury_house,0.0,18.0,10.5,7.5,0.0,18.0,Fall,CHARGE_PRIORITY
400.0,small_family,0.0,6.5,6.0,0.5,0.0,6.5,Fall,CHARGE_PRIORITY
401.0,apartment,0.0,3.6399999999999997,2.6450188445092633,0.9949811554907363,0.0,3.6399999999999997,Fall,CHARGE_PRIORITY
401.0,family_house,0.0,10.08,6.427587344265941,3.652412655734059,0.0,10.08,Fall,CHARGE_PRIORITY
401.0,luxury_house,0.0,18.0,10.5,7.5,0.0,18.0,Fall,CHARGE_PRIORITY
401.0,small_family,0.0,6.5,5.5640074057376605,0.9359925942623397,0.0,6.5,Fall,CHARGE_PRIORITY
402.0,apartment,0.0,19.013740080450688,9.058479729447134,9.955260351003554,0.0,19.013740080450688,Fall,CHARGE_PRIORITY
402.0,family_house,0.0,29.470869283065504,12.870668192411303,16.6002010906542,0.0,29.470869283065504,Fall,CHARGE_PRIORITY
402.0,luxury_house,0.0,34.706513527970564,19.07024688835911,15.63626663961145,0.0,34.706513527970564,Fall,CHARGE_PRIORITY
402.0,small_family,0.0,25.982909039939496,20.84569742565466,5.137211614284837,0.0,25.982909039939496,Fall,CHARGE_PRIORITY
403.0,apartment,0.0,19.53231710347044,6.960906955776547,12.571410147693895,0.0,19.53231710347044,Fall,CHARGE_PRIORITY
403.0,family_house,0.0,21.05549642942286,9.173705352756123,11.881791076666737,0.0,21.05549642942286,Fall,CHARGE_PRIORITY
403.0,luxury_house,0.0,34.07911695078472,14.722077566637628,19.357039384147097,0.0,34.07911695078472,Fall,CHARGE_PRIORITY
403.0,small_family,0.0,20.935113140359856,15.340771997824664,5.594341142535191,0.0,20.935113140359856,Fall,CHARGE_PRIORITY
404.0,apartment,0.0,23.72609321847422,6.665176671910199,17.06091654656402,0.0,23.72609321847422,Fall,CHARGE_PRIORITY
404.0,family_house,0.0,31.939585935980276,10.45455243481172,21.485033501168555,0.0,31.939585935980276,Fall,CHARGE_PRIORITY
404.0,luxury_house,0.0,33.79049417650337,6.386901431159372,27.403592745344003,0.0,33.79049417650337,Fall,CHARGE_PRIORITY
404.0,small_family,0.0,31.731747183281797,16.68233452391702,15.049412659364776,0.0,31.731747183281797,Fall,CHARGE_PRIORITY
405.0,apartment,0.0,20.719432846254143,5.123035753440775,15.596397092813369,0.0,20.719432846254143,Fall,CHARGE_PRIORITY
405.0,family_house,0.0,26.471531821712485,6.204368097848308,20.267163723864176,0.0,26.471531821712485,Fall,CHARGE_PRIORITY
405.0,luxury_house,0.0,41.44470265332717,0.7553458127349866,40.68935684059218,0.0,41.44470265332717,Fall,CHARGE_PRIORITY
405.0,small_family,0.0,26.886270032484195,4.2627829699494315,22.623487062534764,0.0,26.886270032484195,Fall,CHARGE_PRIORITY
406.0,apartment,0.0,3.6399999999999997,0.8399999999999999,2.8,0.0,3.6399999999999997,Fall,CHARGE_PRIORITY
406.0,family_house,0.0,10.08,0.84,9.24,0.0,10.08,Fall,CHARGE_PRIORITY
406.0,luxury_house,0.0,18.0,0.0,18.0,0.0,18.0,Fall,CHARGE_PRIORITY
406.0,small_family,0.0,6.5,0.6468702139466502,5.8531297860533495,0.0,6.5,Fall,CHARGE_PRIORITY
407.0,apartment,0.0,3.6399999999999997,0.6516503147461878,2.988349685253812,0.0,3.6399999999999997,Fall,CHARGE_PRIORITY
407.0,family_house,0.0,10.08,0.18269348905925442,9.897306510940744,0.0,10.08,Fall,CHARGE_PRIORITY
407.0,luxury_house,0.0,18.0,0.0,18.0,0.0,18.0,Fall,CHARGE_PRIORITY
407.0,small_family,0.0,6.5,0.11055324762090356,6.389446752379096,0.0,6.5,Fall,CHARGE_PRIORITY
408.0,apartment,0.0,3.6399999999999997,0.5469543975059713,3.0930456024940285,0.0,3.6399999999999997,Fall,CHARGE_PRIORITY
408.0,family_house,0.0,10.08,0.0,10.08,0.0,10.08,Fall,CHARGE_PRIORITY
408.0,luxury_house,0.0,18.0,0.0,18.0,0.0,18.0,Fall,CHARGE_PRIORITY
408.0,small_family,0.0,6.5,0.0,6.5,0.0,6.5,Fall,CHARGE_PRIORITY
409.0,apartment,4.69589847284511,3.6399999999999997,2.7602677119340977,0.8797322880659018,0.0,-1.0558984728451106,Fall,CHARGE_PRIORITY
409.0,family_house,12.661889392994695,10.08,9.316795487979396,0.7632045120206032,0.0,-2.581889392994696,Fall,CHARGE_PRIORITY
409.0,luxury_house,11.680424423766652,18.0,10.512381981389986,7.487618018610013,0.0,6.319575576233348,Fall,CHARGE_PRIORITY
409.0,small_family,8.077559320155826,6.5,5.104813401558863,1.3951865984411373,0.0,-1.5775593201558262,Fall,CHARGE_PRIORITY
410.0,apartment,9.071779225104974,3.6399999999999997,3.459161857271452,0.18083814272854776,0.0,-5.4317792251049735,Fall,CHARGE_PRIORITY
410.0,family_house,24.46089194861838,10.08,9.739771584783604,0.34022841521639485,0.0,-14.38089194861838,Fall,CHARGE_PRIORITY
410.0,luxury_house,22.564847225867634,18.0,15.018624105411128,2.981375894588872,0.0,-4.564847225867635,Fall,CHARGE_PRIORITY
410.0,small_family,15.604646321440962,6.5,6.023401648813104,0.47659835118689575,0.0,-9.104646321440962,Fall,CHARGE_PRIORITY
411.0,apartment,12.829433214997945,3.6399999999999997,3.5659657645785834,0.07403423542141624,0.0,-9.189433214997944,Fall,CHARGE_PRIORITY
411.0,family_house,34.592925141478965,10.08,9.946783753289669,0.13321624671033028,0.0,-24.512925141478966,Fall,CHARGE_PRIORITY
411.0,luxury_house,31.801550476294597,18.0,16.15838926896365,1.8416107310363503,0.0,-13.801550476294597,Fall,CHARGE_PRIORITY
411.0,small_family,22.06830246381724,6.5,6.329111405369299,0.17088859463070116,0.0,-15.568302463817242,Fall,CHARGE_PRIORITY
412.0,apartment,15.712782532929635,3.6399999999999997,3.6122555138498673,0.02774448615013214,0.0,-12.072782532929637,Fall,CHARGE_PRIORITY
412.0,family_house,40.50668943258638,10.08,10.08,0.0,0.0,-30.42668943258638,Fall,CHARGE_PRIORITY
412.0,luxury_house,36.010020732655484,18.0,16.645124418614692,1.3548755813853068,0.0,-18.010020732655484,Fall,CHARGE_PRIORITY
412.0,small_family,27.02804026287853,6.5,6.492895376908955,0.007104623091045759,0.0,-20.52804026287853,Fall,CHARGE_PRIORITY
413.0,apartment,17.52533168784305,3.6399999999999997,3.6399999999999997,0.0,0.0,-13.885331687843053,Fall,CHARGE_PRIORITY
413.0,family_house,42.41081977479345,10.08,10.08,0.0,0.0,-32.330819774793454,Fall,CHARGE_PRIORITY
413.0,luxury_house,37.856857821395515,18.0,16.83489786379783,1.1651021362021687,0.0,-19.856857821395515,Fall,CHARGE_PRIORITY
413.0,small_family,29.62194392481512,6.5,6.5,0.0,2.0522625878997043,-23.12194392481512,Fall,CHARGE_PRIORITY
414.0,apartment,18.14355845020995,3.6399999999999997,3.6399999999999997,0.0,3.971065838308562,-14.503558450209951,Fall,CHARGE_PRIORITY
414.0,family_house,42.995426549599415,10.08,10.08,0.0,0.0,-32.91542654959942,Fall,CHARGE_PRIORITY
414.0,luxury_house,38.414797645660016,18.0,16.899626051875238,1.1003739481247603,0.0,-20.414797645660016,Fall,CHARGE_PRIORITY
414.0,small_family,30.3846835195236,6.5,6.5,0.0,10.465979886916793,-23.8846835195236,Fall,CHARGE_PRIORITY
415.0,apartment,17.525331687843053,3.6399999999999997,3.6399999999999997,0.0,8.926799675048816,-13.885331687843054,Fall,CHARGE_PRIORITY
415.0,family_house,42.41081977479345,10.08,10.08,0.0,16.69083578082398,-32.330819774793454,Fall,CHARGE_PRIORITY
415.0,luxury_house,37.856857821395515,18.0,16.83489786379783,1.1651021362021687,0.0,-19.856857821395515,Fall,CHARGE_PRIORITY
415.0,small_family,29.621943924815124,6.5,6.5,0.0,15.938503008761764,-23.121943924815124,Fall,CHARGE_PRIORITY
416.0,apartment,15.712782532929635,3.6399999999999997,3.6262440249499055,0.013755975050094016,9.124490766280084,-12.072782532929637,Fall,CHARGE_PRIORITY
416.0,family_house,40.50668943258638,10.08,10.08,0.0,23.667269143925136,-30.42668943258638,Fall,CHARGE_PRIORITY
416.0,luxury_house,36.01002073265549,18.0,16.645124418614692,1.3548755813853064,0.0,-18.010020732655487,Fall,CHARGE_PRIORITY
416.0,small_family,27.028040262878534,6.5,6.5,0.0,16.117076524282385,-20.528040262878534,Fall,CHARGE_PRIORITY
417.0,apartment,12.829433214997945,3.6399999999999997,3.5659657645785834,0.07403423542141624,7.193210726673113,-9.189433214997944,Fall,CHARGE_PRIORITY
417.0,family_house,34.592925141478965,10.08,10.08,0.0,21.421847531567295,-24.512925141478966,Fall,CHARGE_PRIORITY
417.0,luxury_house,31.801550476294597,18.0,16.34323846299961,1.6567615370003899,0.0,-13.801550476294597,Fall,CHARGE_PRIORITY
417.0,small_family,22.06830246381724,6.5,6.5,0.0,12.609027619410266,-15.568302463817242,Fall,CHARGE_PRIORITY
418.0,apartment,9.07177922510498,3.6399999999999997,3.505639788825788,0.13436021117421132,4.67631757699554,-5.43177922510498,Fall,CHARGE_PRIORITY
418.0,family_house,24.4608919486184,10.08,10.068327185640932,0.011672814359067973,14.474397429679833,-14.380891948618402,Fall,CHARGE_PRIORITY
418.0,luxury_house,22.564847225867652,18.0,15.94981302593762,2.0501869740623797,0.03490427758263537,-4.564847225867652,Fall,CHARGE_PRIORITY
418.0,small_family,15.604646321440972,6.5,6.348569319389204,0.15143068061079573,8.51076274639884,-9.104646321440972,Fall,CHARGE_PRIORITY
419.0,apartment,4.695898472845116,3.6399999999999997,3.4353887021456466,0.20461129785435317,1.7453334260352988,-1.055898472845116,Fall,CHARGE_PRIORITY
419.0,family_house,12.66188939299471,10.08,9.498700808686133,0.5812991913138673,3.134444050010118,-2.58188939299471,Fall,CHARGE_PRIORITY
419.0,luxury_house,11.680424423766665,18.0,14.892552202023916,3.107447797976083,0.004350684847472586,6.319575576233335,Fall,CHARGE_PRIORITY
419.0,small_family,8.077559320155835,6.5,5.846007804971343,0.6539921950286569,2.794433318423764,-1.5775593201558356,Fall,CHARGE_PRIORITY
420.0,apartment,2.2219450781192525e-15,3.6399999999999997,3.36,0.2799999999999999,0.0,3.6399999999999975,Fall,CHARGE_PRIORITY
420.0,family_house,5.991190605832954e-15,10.08,9.24,0.8399999999999999,0.0,10.079999999999993,Fall,CHARGE_PRIORITY
420.0,luxury_house,5.5267935856815665e-15,18.0,13.5,4.499999999999999,0.0,17.999999999999993,Fall,CHARGE_PRIORITY
420.0,small_family,3.822036033875839e-15,6.5,5.5,0.9999999999999999,0.0,6.4999999999999964,Fall,CHARGE_PRIORITY
421.0,apartment,0.0,3.6399999999999997,3.3599999999999994,0.27999999999999997,0.0,3.6399999999999997,Fall,CHARGE_PRIORITY
421.0,family_house,0.0,10.08,9.24,0.84,0.0,10.08,Fall,CHARGE_PRIORITY
421.0,luxury_house,0.0,18.0,12.572610427887582,5.427389572112418,0.0,18.0,Fall,CHARGE_PRIORITY
421.0,small_family,0.0,6.5,5.5,1.0,0.0,6.5,Fall,CHARGE_PRIORITY
422.0,apartment,0.0,3.6399999999999997,3.2787333719070038,0.3612666280929958,0.0,3.6399999999999997,Fall,CHARGE_PRIORITY
422.0,family_house,0.0,10.08,9.24,0.84,0.0,10.08,Fall,CHARGE_PRIORITY
422.0,luxury_house,0.0,18.0,12.0,6.0,0.0,18.0,Fall,CHARGE_PRIORITY
422.0,small_family,0.0,6.5,5.477277335427466,1.0227226645725342,0.0,6.5,Fall,CHARGE_PRIORITY
423.0,apartment,0.0,3.6399999999999997,3.0799999999999996,0.5599999999999999,0.0,3.6399999999999997,Fall,CHARGE_PRIORITY
423.0,family_house,0.0,10.08,9.24,0.84,0.0,10.08,Fall,CHARGE_PRIORITY
423.0,luxury_house,0.0,18.0,12.0,6.0,0.0,18.0,Fall,CHARGE_PRIORITY
423.0,small_family,0.0,6.5,5.0,1.5,0.0,6.5,Fall,CHARGE_PRIORITY
424.0,apartment,0.0,3.6399999999999997,2.8691765673014915,0.7708234326985082,0.0,3.6399999999999997,Fall,CHARGE_PRIORITY
424.0,family_house,0.0,10.08,9.24,0.84,0.0,10.08,Fall,CHARGE_PRIORITY
424.0,luxury_house,0.0,18.0,12.0,6.0,0.0,18.0,Fall,CHARGE_PRIORITY
424.0,small_family,0.0,6.5,5.0,1.5,0.0,6.5,Fall,CHARGE_PRIORITY
425.0,apartment,0.0,3.6399999999999997,2.5199999999999996,1.1199999999999999,0.0,3.6399999999999997,Fall,CHARGE_PRIORITY
425.0,family_house,0.0,10.08,9.24,0.84,0.0,10.08,Fall,CHARGE_PRIORITY
425.0,luxury_house,0.0,18.0,12.0,6.0,0.0,18.0,Fall,CHARGE_PRIORITY
425.0,small_family,0.0,6.5,4.523406171777727,1.9765938282222733,0.0,6.5,Fall,CHARGE_PRIORITY
426.0,apartment,0.0,23.902347815890828,12.819786142907518,11.08256167298331,0.0,23.902347815890828,Fall,CHARGE_PRIORITY
426.0,family_house,0.0,26.488272247944767,22.67015583194158,3.818116416003185,0.0,26.488272247944767,Fall,CHARGE_PRIORITY
426.0,luxury_house,0.0,35.03824802698736,18.466723375996697,16.571524650990668,0.0,35.03824802698736,Fall,CHARGE_PRIORITY
426.0,small_family,0.0,26.75154384912097,17.683729952936382,9.067813896184589,0.0,26.75154384912097,Fall,CHARGE_PRIORITY
427.0,apartment,0.0,21.590379312649656,9.578675764706865,12.011703547942792,0.0,21.590379312649656,Fall,CHARGE_PRIORITY
427.0,family_house,0.0,26.90348911951954,25.336506186102653,1.5669829334168872,0.0,26.90348911951954,Fall,CHARGE_PRIORITY
427.0,luxury_house,0.0,31.598264998379243,15.813629923333984,15.784635075045255,0.0,31.598264998379243,Fall,CHARGE_PRIORITY
427.0,small_family,0.0,19.17830995471698,6.933952493150686,12.244357461566295,0.0,19.17830995471698,Fall,CHARGE_PRIORITY
428.0,apartment,0.0,23.136289668813898,8.8398889059219,14.296400762891999,0.0,23.136289668813898,Fall,CHARGE_PRIORITY
428.0,family_house,0.0,27.43135647818307,23.029727054575943,4.401629423607128,0.0,27.43135647818307,Fall,CHARGE_PRIORITY
428.0,luxury_house,0.0,34.52640058109763,5.848460051382941,28.67794052971469,0.0,34.52640058109763,Fall,CHARGE_PRIORITY
428.0,small_family,0.0,30.32010264278024,15.380838756604213,14.939263886176027,0.0,30.32010264278024,Fall,CHARGE_PRIORITY
429.0,apartment,0.0,23.167642958431546,5.6139842472702695,17.553658711161276,0.0,23.167642958431546,Fall,CHARGE_PRIORITY
429.0,family_house,0.0,29.136464983331663,11.401552379831605,17.734912603500057,0.0,29.136464983331663,Fall,CHARGE_PRIORITY
429.0,luxury_house,0.0,33.79020197654662,0.01626065113672984,33.773941325409886,0.0,33.79020197654662,Fall,CHARGE_PRIORITY
429.0,small_family,0.0,24.269313393149847,7.81844852485242,16.450864868297426,0.0,24.269313393149847,Fall,CHARGE_PRIORITY
430.0,apartment,0.0,3.6399999999999997,0.27999999999999997,3.3599999999999994,0.0,3.6399999999999997,Fall,CHARGE_PRIORITY
430.0,family_house,0.0,10.08,1.6966764928788844,8.383323507121116,0.0,10.08,Fall,CHARGE_PRIORITY
430.0,luxury_house,0.0,18.0,0.0,18.0,0.0,18.0,Fall,CHARGE_PRIORITY
430.0,small_family,0.0,6.5,1.5,5.0,0.0,6.5,Fall,CHARGE_PRIORITY
431.0,apartment,0.0,3.6399999999999997,0.25122003351946764,3.388779966480532,0.0,3.6399999999999997,Fall,CHARGE_PRIORITY
431.0,family_house,0.0,10.08,0.979779717352911,9.100220282647088,0.0,10.08,Fall,CHARGE_PRIORITY
431.0,luxury_house,0.0,18.0,0.0,18.0,0.0,18.0,Fall,CHARGE_PRIORITY
431.0,small_family,0.0,6.5,1.5,5.0,0.0,6.5,Fall,CHARGE_PRIORITY
432.0,apartment,0.0,3.6399999999999997,0.0,3.6399999999999997,0.0,3.6399999999999997,Fall,CHARGE_PRIORITY
432.0,family_house,0.0,10.08,0.3250720978177704,9.75492790218223,0.0,10.08,Fall,CHARGE_PRIORITY
432.0,luxury_house,0.0,18.0,0.0,18.0,0.0,18.0,Fall,CHARGE_PRIORITY
432.0,small_family,0.0,6.5,1.4097716453975961,5.090228354602404,0.0,6.5,Fall,CHARGE_PRIORITY
433.0,apartment,5.862226226497377,3.6399999999999997,3.4344675410111565,0.20553245898884334,0.0,-2.2222262264973773,Fall,CHARGE_PRIORITY
433.0,family_house,10.843357592860304,10.08,8.038549247194226,2.0414507528057735,0.0,-0.7633575928603045,Fall,CHARGE_PRIORITY
433.0,luxury_house,11.07775711199304,18.0,9.726142806946442,8.273857193053558,0.0,6.922242888006959,Fall,CHARGE_PRIORITY
433.0,small_family,9.027568196654821,6.5,5.62486337537263,0.8751366246273693,0.0,-2.527568196654821,Fall,CHARGE_PRIORITY
434.0,apartment,11.324951423445851,3.6399999999999997,3.6399999999999997,0.0,0.0,-7.684951423445851,Fall,CHARGE_PRIORITY
434.0,family_house,20.94775828526286,10.08,9.598881223084616,0.48111877691538363,0.0,-10.867758285262862,Fall,CHARGE_PRIORITY
434.0,luxury_house,21.40058338366296,18.0,13.120566096667776,4.879433903332224,0.0,-3.40058338366296,Fall,CHARGE_PRIORITY
434.0,small_family,17.439922539469443,6.5,6.329836420100599,0.17016357989940073,0.0,-10.939922539469443,Fall,CHARGE_PRIORITY
435.0,apartment,16.015899896253615,3.6399999999999997,3.6399999999999997,0.0,0.0,-12.375899896253614,Fall,CHARGE_PRIORITY
435.0,family_house,29.624603868332116,10.08,9.86735959386697,0.2126404061330298,0.0,-19.544603868332118,Fall,CHARGE_PRIORITY
435.0,luxury_house,27.747631274310322,18.0,15.160795584551886,2.8392044154481137,0.0,-9.74763127431032,Fall,CHARGE_PRIORITY
435.0,small_family,24.663774982053923,6.5,6.466459138670857,0.033540861329142524,0.0,-18.163774982053923,Fall,CHARGE_PRIORITY
436.0,apartment,19.615391258657695,3.6399999999999997,3.6399999999999997,0.0,0.0,-15.975391258657696,Fall,CHARGE_PRIORITY
436.0,family_house,34.37589104198636,10.08,10.008355445106881,0.07164455489311805,0.0,-24.29589104198636,Fall,CHARGE_PRIORITY
436.0,luxury_house,30.387851154211003,18.0,15.982319215292808,2.017680784707192,0.0,-12.387851154211003,Fall,CHARGE_PRIORITY
436.0,small_family,30.206831918426715,6.5,6.5,0.0,0.0,-23.706831918426715,Fall,CHARGE_PRIORITY
437.0,apartment,21.878126122750988,3.6399999999999997,3.6399999999999997,0.0,0.0,-18.238126122750987,Fall,CHARGE_PRIORITY
437.0,family_house,36.03422298317319,10.08,10.08,0.0,0.0,-25.95422298317319,Fall,CHARGE_PRIORITY
437.0,luxury_house,32.047562755000456,18.0,16.315612151327333,1.6843878486726669,0.0,-14.047562755000454,Fall,CHARGE_PRIORITY
437.0,small_family,33.53915522432481,6.5,6.5,0.0,0.948961748489376,-27.039155224324812,Fall,CHARGE_PRIORITY
438.0,apartment,22.649902846891706,3.6399999999999997,3.6399999999999997,0.0,3.997654365178954,-19.009902846891706,Fall,CHARGE_PRIORITY
438.0,family_house,36.5998491258631,10.08,10.08,0.0,0.0,-26.519849125863107,Fall,CHARGE_PRIORITY
438.0,luxury_house,32.49014688148395,18.0,16.36588553805472,1.6341144619452814,0.0,-14.49014688148395,Fall,CHARGE_PRIORITY
438.0,small_family,34.5025027029381,6.5,6.5,0.0,13.701733569856234,-28.002502702938102,Fall,CHARGE_PRIORITY
439.0,apartment,21.87812612275099,3.6399999999999997,3.6399999999999997,0.0,6.783003214914009,-18.23812612275099,Fall,CHARGE_PRIORITY
439.0,family_house,36.03422298317319,10.08,10.08,0.0,14.018879459142973,-25.95422298317319,Fall,CHARGE_PRIORITY
439.0,luxury_house,32.047562755000456,18.0,16.319344116961794,1.6806558830382075,0.0,-14.047562755000454,Fall,CHARGE_PRIORITY
439.0,small_family,33.539155224324816,6.5,6.5,0.0,20.231036239845345,-27.039155224324816,Fall,CHARGE_PRIORITY
440.0,apartment,19.615391258657695,3.6399999999999997,3.6399999999999997,0.0,10.580283309528188,-15.975391258657696,Fall,CHARGE_PRIORITY
440.0,family_house,34.37589104198636,10.08,10.08,0.0,17.042692988334025,-24.29589104198636,Fall,CHARGE_PRIORITY
440.0,luxury_house,30.387851154211006,18.0,16.069727483871613,1.9302725161283854,0.0,-12.387851154211006,Fall,CHARGE_PRIORITY
440.0,small_family,30.20683191842672,6.5,6.5,0.0,18.80690811080647,-23.70683191842672,Fall,CHARGE_PRIORITY
441.0,apartment,16.015899896253615,3.6399999999999997,3.6399999999999997,0.0,9.268451210271245,-12.375899896253614,Fall,CHARGE_PRIORITY
441.0,family_house,29.624603868332116,10.08,9.876913770165737,0.20308622983426294,16.81927326473198,-19.544603868332118,Fall,CHARGE_PRIORITY
441.0,luxury_house,27.747631274310322,18.0,15.561171149179918,2.438828850820082,0.0,-9.74763127431032,Fall,CHARGE_PRIORITY
441.0,small_family,24.663774982053923,6.5,6.5,0.0,14.713514203542445,-18.163774982053923,Fall,CHARGE_PRIORITY
442.0,apartment,11.324951423445858,3.6399999999999997,3.6399999999999997,0.0,6.090623950130829,-7.68495142344586,Fall,CHARGE_PRIORITY
442.0,family_house,20.94775828526288,10.08,9.683610223065774,0.3963897769342267,10.37012747998557,-10.86775828526288,Fall,CHARGE_PRIORITY
442.0,luxury_house,21.400583383662976,18.0,14.383107879607193,3.6168921203928073,3.541925765555252,-3.400583383662977,Fall,CHARGE_PRIORITY
442.0,small_family,17.439922539469457,6.5,6.5,0.0,9.37889940256237,-10.939922539469457,Fall,CHARGE_PRIORITY
443.0,apartment,5.862226226497384,3.6399999999999997,3.6399999999999997,0.0,2.279936376091637,-2.222226226497384,Fall,CHARGE_PRIORITY
443.0,family_house,10.843357592860317,10.08,9.4696295486632,0.6103704513368006,2.5316849543281967,-0.7633575928603167,Fall,CHARGE_PRIORITY
443.0,luxury_house,11.077757111993051,18.0,13.190149910258356,4.809850089741644,0.7778256313029135,6.922242888006948,Fall,CHARGE_PRIORITY
443.0,small_family,9.027568196654832,6.5,6.5,0.0,3.1666088906852385,-2.527568196654831,Fall,CHARGE_PRIORITY
444.0,apartment,2.7738131022444448e-15,3.6399999999999997,3.6399999999999997,0.0,0.0,3.6399999999999966,Fall,CHARGE_PRIORITY
444.0,family_house,5.130721026671923e-15,10.08,9.24,0.8399999999999999,0.0,10.079999999999995,Fall,CHARGE_PRIORITY
444.0,luxury_house,5.241631188137776e-15,18.0,10.716589534730776,7.283410465269224,0.0,17.999999999999996,Fall,CHARGE_PRIORITY
444.0,small_family,4.2715490630678074e-15,6.5,6.043681235658938,0.4563187643410624,0.0,6.499999999999996,Fall,CHARGE_PRIORITY
445.0,apartment,0.0,3.6399999999999997,3.6399999999999997,0.0,0.0,3.6399999999999997,Fall,CHARGE_PRIORITY
445.0,family_house,0.0,10.08,9.24,0.84,0.0,10.08,Fall,CHARGE_PRIORITY
445.0,luxury_house,0.0,18.0,9.137244725649376,8.862755274350624,0.0,18.0,Fall,CHARGE_PRIORITY
445.0,small_family,0.0,6.5,6.0,0.5,0.0,6.5,Fall,CHARGE_PRIORITY
446.0,apartment,0.0,3.6399999999999997,3.6399999999999997,0.0,0.0,3.6399999999999997,Fall,CHARGE_PRIORITY
446.0,family_house,0.0,10.08,9.24,0.84,0.0,10.08,Fall,CHARGE_PRIORITY
446.0,luxury_house,0.0,18.0,7.6529436029117734,10.347056397088227,0.0,18.0,Fall,CHARGE_PRIORITY
446.0,small_family,0.0,6.5,6.0,0.5,0.0,6.5,Fall,CHARGE_PRIORITY
447.0,apartment,0.0,3.6399999999999997,3.6399999999999997,0.0,0.0,3.6399999999999997,Fall,CHARGE_PRIORITY
447.0,family_house,0.0,10.08,8.647477571174488,1.432522428825513,0.0,10.08,Fall,CHARGE_PRIORITY
447.0,luxury_house,0.0,18.0,7.5,10.5,0.0,18.0,Fall,CHARGE_PRIORITY
447.0,small_family,0.0,6.5,6.0,0.5,0.0,6.5,Fall,CHARGE_PRIORITY
448.0,apartment,0.0,3.6399999999999997,3.6399999999999997,0.0,0.0,3.6399999999999997,Fall,CHARGE_PRIORITY
448.0,family_house,0.0,10.08,8.142793371364126,1.937206628635873,0.0,10.08,Fall,CHARGE_PRIORITY
448.0,luxury_house,0.0,18.0,7.5,10.5,0.0,18.0,Fall,CHARGE_PRIORITY
448.0,small_family,0.0,6.5,6.0,0.5,0.0,6.5,Fall,CHARGE_PRIORITY
449.0,apartment,0.0,3.6399999999999997,3.6399999999999997,0.0,0.0,3.6399999999999997,Fall,CHARGE_PRIORITY
449.0,family_house,0.0,10.08,7.56,2.52,0.0,10.08,Fall,CHARGE_PRIORITY
449.0,luxury_house,0.0,18.0,7.5,10.5,0.0,18.0,Fall,CHARGE_PRIORITY
449.0,small_family,0.0,6.5,5.935943077823874,0.5640569221761259,0.0,6.5,Fall,CHARGE_PRIORITY
450.0,apartment,0.0,23.655557324312447,21.350615468667478,2.3049418556449712,0.0,23.655557324312447,Fall,CHARGE_PRIORITY
450.0,family_house,0.0,27.842610445596208,19.948114907043806,7.894495538552402,0.0,27.842610445596208,Fall,CHARGE_PRIORITY
450.0,luxury_house,0.0,34.32899354565618,11.71600446284782,22.61298908280836,0.0,34.32899354565618,Fall,CHARGE_PRIORITY
450.0,small_family,0.0,22.011377450352633,18.267357037566384,3.7440204127862486,0.0,22.011377450352633,Fall,CHARGE_PRIORITY
451.0,apartment,0.0,24.293180750450944,18.556160774573936,5.737019975877008,0.0,24.293180750450944,Fall,CHARGE_PRIORITY
451.0,family_house,0.0,24.97509392671371,16.56956697875207,8.40552694796164,0.0,24.97509392671371,Fall,CHARGE_PRIORITY
451.0,luxury_house,0.0,40.84496269877049,13.156409671130884,27.6885530276396,0.0,40.84496269877049,Fall,CHARGE_PRIORITY
451.0,small_family,0.0,30.009592112362053,19.394245172207782,10.615346940154273,0.0,30.009592112362053,Fall,CHARGE_PRIORITY
452.0,apartment,0.0,26.40650536368274,15.405405466070931,11.001099897611812,0.0,26.40650536368274,Fall,CHARGE_PRIORITY
452.0,family_house,0.0,26.88888218859249,14.633906170103328,12.25497601848916,0.0,26.88888218859249,Fall,CHARGE_PRIORITY
452.0,luxury_house,0.0,35.00764238703502,8.673157451343965,26.33448493569105,0.0,35.00764238703502,Fall,CHARGE_PRIORITY
452.0,small_family,0.0,28.845690831839484,15.308155983471561,13.537534848367924,0.0,28.845690831839484,Fall,CHARGE_PRIORITY
453.0,apartment,0.0,25.69895209518154,3.6296673393829404,22.0692847557986,0.0,25.69895209518154,Fall,CHARGE_PRIORITY
453.0,family_house,0.0,26.693407520470036,6.033032681984111,20.660374838485925,0.0,26.693407520470036,Fall,CHARGE_PRIORITY
453.0,luxury_house,0.0,42.47604377394928,1.8770142680440807,40.5990295059052,0.0,42.47604377394928,Fall,CHARGE_PRIORITY
453.0,small_family,0.0,21.370314845330668,5.067201770993595,16.303113074337073,0.0,21.370314845330668,Fall,CHARGE_PRIORITY
454.0,apartment,0.0,3.6399999999999997,0.1932709932074982,3.4467290067925016,0.0,3.6399999999999997,Fall,CHARGE_PRIORITY
454.0,family_house,0.0,10.08,1.151788143341173,8.928211856658827,0.0,10.08,Fall,CHARGE_PRIORITY
454.0,luxury_house,0.0,18.0,0.0,18.0,0.0,18.0,Fall,CHARGE_PRIORITY
454.0,small_family,0.0,6.5,2.0,4.5,0.0,6.5,Fall,CHARGE_PRIORITY
455.0,apartment,0.0,3.6399999999999997,0.0,3.6399999999999997,0.0,3.6399999999999997,Fall,CHARGE_PRIORITY
455.0,family_house,0.0,10.08,0.84,9.24,0.0,10.08,Fall,CHARGE_PRIORITY
455.0,luxury_house,0.0,18.0,0.0,18.0,0.0,18.0,Fall,CHARGE_PRIORITY
455.0,small_family,0.0,6.5,0.8300261023835349,5.669973897616465,0.0,6.5,Fall,CHARGE_PRIORITY
456.0,apartment,0.0,3.6399999999999997,0.0,3.6399999999999997,0.0,3.6399999999999997,Fall,CHARGE_PRIORITY
456.0,family_house,0.0,10.08,0.41832398002745164,9.661676019972548,0.0,10.08,Fall,CHARGE_PRIORITY
456.0,luxury_house,0.0,18.0,0.0,18.0,0.0,18.0,Fall,CHARGE_PRIORITY
456.0,small_family,0.0,6.5,0.0,6.5,0.0,6.5,Fall,CHARGE_PRIORITY
457.0,apartment,4.349030284037803,3.6399999999999997,2.989378758095282,0.6506212419047177,0.0,-0.7090302840378038,Fall,CHARGE_PRIORITY
457.0,family_house,8.786930747155566,10.08,7.257906115051299,2.8220938849487003,0.0,1.2930692528444334,Fall,CHARGE_PRIORITY
457.0,luxury_house,10.880393910064114,18.0,9.663958232279827,8.336041767720173,0.0,7.119606089935886,Fall,CHARGE_PRIORITY
457.0,small_family,8.818420082873702,6.5,5.505501967460374,0.9944980325396264,0.0,-2.3184200828737023,Fall,CHARGE_PRIORITY
458.0,apartment,8.401681341330793,3.6399999999999997,3.5167804142857886,0.12321958571421082,0.0,-4.761681341330792,Fall,CHARGE_PRIORITY
458.0,family_house,16.975046684982118,10.08,9.358279917576633,0.7217200824233663,0.0,-6.895046684982121,Fall,CHARGE_PRIORITY
458.0,luxury_house,21.01930695585845,18.0,14.775012724866185,3.2249872751338153,0.0,-3.0193069558584504,Fall,CHARGE_PRIORITY
458.0,small_family,17.03587941022779,6.5,6.144800564702791,0.35519943529720904,0.0,-10.535879410227787,Fall,CHARGE_PRIORITY
459.0,apartment,11.881771699646986,3.6399999999999997,3.617773704523672,0.022226295476327762,0.0,-8.241771699646987,Fall,CHARGE_PRIORITY
459.0,family_house,24.006341243818166,10.08,9.81775321236651,0.2622467876334895,0.0,-13.926341243818168,Fall,CHARGE_PRIORITY
459.0,luxury_house,28.746738894354657,18.0,16.574360830331756,1.4256391696682433,0.0,-10.746738894354657,Fall,CHARGE_PRIORITY
459.0,small_family,24.09237170889671,6.5,6.3080702970577915,0.19192970294220868,0.0,-17.59237170889671,Fall,CHARGE_PRIORITY
460.0,apartment,14.55213895218837,3.6399999999999997,3.6399999999999997,0.0,0.0,-10.912138952188371,Fall,CHARGE_PRIORITY
460.0,family_house,29.280661763489274,10.08,9.947600283775898,0.13239971622410074,0.0,-19.200661763489272,Fall,CHARGE_PRIORITY
460.0,luxury_house,33.208392415418224,18.0,17.514213668034415,0.4857863319655831,0.0,-15.20839241541822,Fall,CHARGE_PRIORITY
460.0,small_family,29.50700869013105,6.5,6.377307516349613,0.12269248365038682,0.0,-23.00700869013105,Fall,CHARGE_PRIORITY
461.0,apartment,16.23080198368479,3.6399999999999997,3.6399999999999997,0.0,0.0,-12.590801983684788,Fall,CHARGE_PRIORITY
461.0,family_house,31.7301713149574,10.08,10.02922556521072,0.05077443478928112,0.0,-21.6501713149574,Fall,CHARGE_PRIORITY
461.0,luxury_house,35.49404486153654,18.0,17.940314663048063,0.059685336951936785,0.0,-17.494044861536537,Fall,CHARGE_PRIORITY
461.0,small_family,32.44569872760786,6.5,6.420831851932361,0.07916814806763872,2.0117351130485615,-25.945698727607862,Fall,CHARGE_PRIORITY
462.0,apartment,16.803362682661586,3.6399999999999997,3.6399999999999997,0.0,2.1955163024110522,-13.163362682661589,Fall,CHARGE_PRIORITY
462.0,family_house,32.42617639778568,10.08,10.057066428633341,0.022933571366657968,0.0,-22.346176397785683,Fall,CHARGE_PRIORITY
462.0,luxury_house,36.18172030499436,18.0,17.991123462949034,0.00887653705096536,0.0,-18.181720304994354,Fall,CHARGE_PRIORITY
462.0,small_family,33.25555290276757,6.5,6.435677192263436,0.0643228077365634,15.07793100624554,-26.75555290276757,Fall,CHARGE_PRIORITY
463.0,apartment,16.230801983684792,3.6399999999999997,3.6399999999999997,0.0,4.679494767168826,-12.590801983684791,Fall,CHARGE_PRIORITY
463.0,family_house,31.7301713149574,10.08,10.02922556521072,0.05077443478928112,5.41412833415755,-21.6501713149574,Fall,CHARGE_PRIORITY
463.0,luxury_house,35.49404486153654,18.0,17.940314663048063,0.059685336951936785,0.0,-17.494044861536537,Fall,CHARGE_PRIORITY
463.0,small_family,32.44569872760787,6.5,6.420831851932362,0.07916814806763867,16.65464313916999,-25.94569872760787,Fall,CHARGE_PRIORITY
464.0,apartment,14.55213895218837,3.6399999999999997,3.6399999999999997,0.0,5.503261576007647,-10.912138952188371,Fall,CHARGE_PRIORITY
464.0,family_house,29.280661763489277,10.08,9.947600283775898,0.13239971622410052,10.141286425120821,-19.20066176348928,Fall,CHARGE_PRIORITY
464.0,luxury_house,33.208392415418224,18.0,17.723345053144367,0.2766549468556314,0.0,-15.208392415418224,Fall,CHARGE_PRIORITY
464.0,small_family,29.507008690131055,6.5,6.377307516349613,0.12269248365038682,16.61065416979993,-23.007008690131055,Fall,CHARGE_PRIORITY
465.0,apartment,11.881771699646986,3.6399999999999997,3.6399999999999997,0.0,4.339251388740463,-8.241771699646987,Fall,CHARGE_PRIORITY
465.0,family_house,24.006341243818166,10.08,9.81775321236651,0.2622467876334895,10.468125963096389,-13.926341243818168,Fall,CHARGE_PRIORITY
465.0,luxury_house,28.746738894354657,18.0,16.786469391218198,1.2135306087818014,0.0,-10.746738894354657,Fall,CHARGE_PRIORITY
465.0,small_family,24.09237170889671,6.5,6.3080702970577915,0.19192970294220862,13.855192842172562,-17.59237170889671,Fall,CHARGE_PRIORITY
466.0,apartment,8.401681341330798,3.6399999999999997,3.6399999999999997,0.0,2.8222837784482264,-4.761681341330799,Fall,CHARGE_PRIORITY
466.0,family_house,16.975046684982132,10.08,9.648533214316672,0.4314667856833287,6.560699458562743,-6.895046684982135,Fall,CHARGE_PRIORITY
466.0,luxury_house,21.019306955858465,18.0,15.817607341824347,2.1823926581756528,1.4372284338643406,-3.0193069558584655,Fall,CHARGE_PRIORITY
466.0,small_family,17.0358794102278,6.5,6.217838596131719,0.2821614038682816,9.804316672674512,-10.535879410227802,Fall,CHARGE_PRIORITY
467.0,apartment,4.349030284037808,3.6399999999999997,3.6346109350516347,0.0053890649483647746,1.0557375808648446,-0.7090302840378089,Fall,CHARGE_PRIORITY
467.0,family_house,8.786930747155576,10.08,9.451472352844208,0.6285276471557912,1.1689067284033687,1.2930692528444236,Fall,CHARGE_PRIORITY
467.0,luxury_house,10.880393910064125,18.0,13.941225679514398,4.058774320485602,0.3093292075309746,7.119606089935875,Fall,CHARGE_PRIORITY
467.0,small_family,8.818420082873713,6.5,6.11276155487457,0.3872384451254299,3.145640119028851,-2.318420082873712,Fall,CHARGE_PRIORITY
468.0,apartment,2.0578184324233597e-15,3.6399999999999997,3.36,0.2799999999999999,0.0,3.6399999999999975,Fall,CHARGE_PRIORITY
468.0,family_house,4.1576873176280495e-15,10.08,9.24,0.8399999999999999,0.0,10.079999999999995,Fall,CHARGE_PRIORITY
468.0,luxury_house,5.14824539675755e-15,18.0,12.0,5.999999999999999,0.0,17.999999999999996,Fall,CHARGE_PRIORITY
468.0,small_family,4.172587038079153e-15,6.5,6.0,0.49999999999999994,0.0,6.499999999999996,Fall,CHARGE_PRIORITY
469.0,apartment,0.0,3.6399999999999997,3.3599999999999994,0.27999999999999997,0.0,3.6399999999999997,Fall,CHARGE_PRIORITY
469.0,family_house,0.0,10.08,9.24,0.84,0.0,10.08,Fall,CHARGE_PRIORITY
469.0,luxury_house,0.0,18.0,11.146637716130154,6.853362283869846,0.0,18.0,Fall,CHARGE_PRIORITY
469.0,small_family,0.0,6.5,6.0,0.5,0.0,6.5,Fall,CHARGE_PRIORITY
470.0,apartment,0.0,3.6399999999999997,3.3599999999999994,0.27999999999999997,0.0,3.6399999999999997,Fall,CHARGE_PRIORITY
470.0,family_house,0.0,10.08,8.599713213050466,1.480286786949533,0.0,10.08,Fall,CHARGE_PRIORITY
470.0,luxury_house,0.0,18.0,10.5,7.5,0.0,18.0,Fall,CHARGE_PRIORITY
470.0,small_family,0.0,6.5,5.838222510929518,0.6617774890704822,0.0,6.5,Fall,CHARGE_PRIORITY
471.0,apartment,0.0,3.6399999999999997,3.208478310894664,0.43152168910533567,0.0,3.6399999999999997,Fall,CHARGE_PRIORITY
471.0,family_house,0.0,10.08,7.9588057867461695,2.1211942132538297,0.0,10.08,Fall,CHARGE_PRIORITY
471.0,luxury_house,0.0,18.0,10.091161559966281,7.90883844003372,0.0,18.0,Fall,CHARGE_PRIORITY
471.0,small_family,0.0,6.5,5.5,1.0,0.0,6.5,Fall,CHARGE_PRIORITY
472.0,apartment,0.0,3.6399999999999997,2.9802993499612067,0.6597006500387929,0.0,3.6399999999999997,Fall,CHARGE_PRIORITY
472.0,family_house,0.0,10.08,6.096798768677366,3.983201231322634,0.0,10.08,Fall,CHARGE_PRIORITY
472.0,luxury_house,0.0,18.0,9.0,9.0,0.0,18.0,Fall,CHARGE_PRIORITY
472.0,small_family,0.0,6.5,5.5,1.0,0.0,6.5,Fall,CHARGE_PRIORITY
473.0,apartment,0.0,3.6399999999999997,2.8,0.8399999999999999,0.0,3.6399999999999997,Fall,CHARGE_PRIORITY
473.0,family_house,0.0,10.08,5.88,4.2,0.0,10.08,Fall,CHARGE_PRIORITY
473.0,luxury_house,0.0,18.0,8.040047210814318,9.959952789185682,0.0,18.0,Fall,CHARGE_PRIORITY
473.0,small_family,0.0,6.5,5.5,1.0,0.0,6.5,Fall,CHARGE_PRIORITY
474.0,apartment,0.0,20.652322812103492,13.858724489330633,6.7935983227728585,0.0,20.652322812103492,Fall,CHARGE_PRIORITY
474.0,family_house,0.0,22.63986945605216,12.915147955400935,9.724721500651228,0.0,22.63986945605216,Fall,CHARGE_PRIORITY
474.0,luxury_house,0.0,40.04659447544572,14.672870640267206,25.37372383517852,0.0,40.04659447544572,Fall,CHARGE_PRIORITY
474.0,small_family,0.0,24.53201317461601,18.16834568591429,6.36366748870172,0.0,24.53201317461601,Fall,CHARGE_PRIORITY
475.0,apartment,0.0,27.97469810841921,13.232012111972189,14.742685996447022,0.0,27.97469810841921,Fall,CHARGE_PRIORITY
475.0,family_house,0.0,26.181711750982924,15.586109903060027,10.595601847922897,0.0,26.181711750982924,Fall,CHARGE_PRIORITY
475.0,luxury_house,0.0,34.911373861441156,8.212887022310555,26.6984868391306,0.0,34.911373861441156,Fall,CHARGE_PRIORITY
475.0,small_family,0.0,27.04962661104267,23.003435461226495,4.046191149816171,0.0,27.04962661104267,Fall,CHARGE_PRIORITY
476.0,apartment,0.0,17.968847454449833,6.064543266584164,11.90430418786567,0.0,17.968847454449833,Fall,CHARGE_PRIORITY
476.0,family_house,0.0,35.86233070240165,17.58282475419807,18.279505948203578,0.0,35.86233070240165,Fall,CHARGE_PRIORITY
476.0,luxury_house,0.0,39.83767668035904,3.350086357250841,36.4875903231082,0.0,39.83767668035904,Fall,CHARGE_PRIORITY
476.0,small_family,0.0,25.546675222708636,14.528788544754985,11.017886677953651,0.0,25.546675222708636,Fall,CHARGE_PRIORITY
477.0,apartment,0.0,25.388589886232996,3.063370865733921,22.325219020499077,0.0,25.388589886232996,Fall,CHARGE_PRIORITY
477.0,family_house,0.0,27.123810254310452,1.9030664275700766,25.220743826740375,0.0,27.123810254310452,Fall,CHARGE_PRIORITY
477.0,luxury_house,0.0,40.0843805967204,0.8408456272898903,39.24353496943051,0.0,40.0843805967204,Fall,CHARGE_PRIORITY
477.0,small_family,0.0,24.076911995998895,4.583700107822307,19.49321188817659,0.0,24.076911995998895,Fall,CHARGE_PRIORITY
478.0,apartment,0.0,3.6399999999999997,0.27999999999999997,3.3599999999999994,0.0,3.6399999999999997,Fall,CHARGE_PRIORITY
478.0,family_house,0.0,10.08,0.0,10.08,0.0,10.08,Fall,CHARGE_PRIORITY
478.0,luxury_house,0.0,18.0,0.0,18.0,0.0,18.0,Fall,CHARGE_PRIORITY
478.0,small_family,0.0,6.5,0.49999999999999994,6.0,0.0,6.5,Fall,CHARGE_PRIORITY
479.0,apartment,0.0,3.6399999999999997,0.27999999999999997,3.3599999999999994,0.0,3.6399999999999997,Fall,CHARGE_PRIORITY
479.0,family_house,0.0,10.08,0.0,10.08,0.0,10.08,Fall,CHARGE_PRIORITY
479.0,luxury_house,0.0,18.0,0.0,18.0,0.0,18.0,Fall,CHARGE_PRIORITY
479.0,small_family,0.0,6.5,0.3262530450206167,6.173746954979383,0.0,6.5,Fall,CHARGE_PRIORITY
480.0,apartment,0.0,3.6399999999999997,0.27999999999999997,3.3599999999999994,0.0,3.6399999999999997,Fall,CHARGE_PRIORITY
480.0,family_house,0.0,10.08,0.0,10.08,0.0,10.08,Fall,CHARGE_PRIORITY
480.0,luxury_house,0.0,18.0,0.0,18.0,0.0,18.0,Fall,CHARGE_PRIORITY
480.0,small_family,0.0,6.5,0.0,6.5,0.0,6.5,Fall,CHARGE_PRIORITY
481.0,apartment,5.0032210872837934,3.6399999999999997,3.3657835245557823,0.27421647544421734,0.0,-1.3632210872837935,Fall,CHARGE_PRIORITY
481.0,family_house,6.839214846528271,10.08,5.803739649291153,4.276260350708847,0.0,3.2407851534717294,Fall,CHARGE_PRIORITY
481.0,luxury_house,9.74160969676981,18.0,8.767448727092829,9.232551272907171,0.0,8.25839030323019,Fall,CHARGE_PRIORITY
481.0,small_family,6.280359635059396,6.5,4.611720105437211,1.8882798945627888,0.0,0.21964036494060385,Fall,CHARGE_PRIORITY
482.0,apartment,9.665480925682976,3.6399999999999997,3.6399999999999997,0.0,0.0,-6.025480925682976,Fall,CHARGE_PRIORITY
482.0,family_house,13.212348503602565,10.08,8.25686707053313,1.823132929466871,0.0,-3.1323485036025653,Fall,CHARGE_PRIORITY
482.0,luxury_house,18.81934479147596,18.0,14.376504652989217,3.623495347010782,0.0,-0.8193447914759576,Fall,CHARGE_PRIORITY
482.0,small_family,12.132723139774516,6.5,5.867032788023025,0.632967211976975,0.0,-5.632723139774516,Fall,CHARGE_PRIORITY
483.0,apartment,13.669054211959326,3.6399999999999997,3.6399999999999997,0.0,0.0,-10.029054211959327,Fall,CHARGE_PRIORITY
483.0,family_house,18.68508244459462,10.08,9.271260396290456,0.8087396037095427,0.0,-8.60508244459462,Fall,CHARGE_PRIORITY
483.0,luxury_house,26.61457263908077,18.0,16.016867240010964,1.983132759989036,0.0,-8.61457263908077,Fall,CHARGE_PRIORITY
483.0,small_family,17.15826161278701,6.5,6.226169527844319,0.2738304721556809,0.0,-10.658261612787006,Fall,CHARGE_PRIORITY
484.0,apartment,16.74110404287078,3.6399999999999997,3.6399999999999997,0.0,0.0,-13.101104042870782,Fall,CHARGE_PRIORITY
484.0,family_house,22.85861865167379,10.08,9.690544793696908,0.3894552063030913,0.0,-12.778618651673792,Fall,CHARGE_PRIORITY
484.0,luxury_house,31.27192962973976,18.0,16.58252024417693,1.4174797558230687,0.0,-13.271929629739757,Fall,CHARGE_PRIORITY
484.0,small_family,21.014492912256056,6.5,6.439267381589135,0.06073261841086591,0.0,-14.514492912256056,Fall,CHARGE_PRIORITY
485.0,apartment,18.67227529924312,3.6399999999999997,3.6399999999999997,0.0,0.0,-15.032275299243118,Fall,CHARGE_PRIORITY
485.0,family_house,25.03405595746539,10.08,9.814956080518897,0.2650439194811023,0.0,-14.954055957465393,Fall,CHARGE_PRIORITY
485.0,luxury_house,33.804446808407995,18.0,16.843348184940208,1.1566518150597933,0.0,-15.804446808407995,Fall,CHARGE_PRIORITY
485.0,small_family,23.4386212478464,6.5,6.489939101866037,0.010060898133963214,0.36570411108863743,-16.9386212478464,Fall,CHARGE_PRIORITY
486.0,apartment,19.330961851365956,3.6399999999999997,3.6399999999999997,0.0,1.6856230921956394,-15.690961851365957,Fall,CHARGE_PRIORITY
486.0,family_house,25.703229458411336,10.08,9.835238334943156,0.24476166505684338,0.0,-15.623229458411336,Fall,CHARGE_PRIORITY
486.0,luxury_house,34.573624407763454,18.0,16.908374468070758,1.0916255319292434,0.0,-16.573624407763454,Fall,CHARGE_PRIORITY
486.0,small_family,24.1328325907181,6.5,6.5,0.0,3.776852346730544,-17.6328325907181,Fall,CHARGE_PRIORITY
487.0,apartment,18.67227529924312,3.6399999999999997,3.6399999999999997,0.0,3.9360545831334015,-15.03227529924312,Fall,CHARGE_PRIORITY
487.0,family_house,25.03405595746539,10.08,9.814956080518897,0.2650439194811023,2.8397966227968783,-14.954055957465393,Fall,CHARGE_PRIORITY
487.0,luxury_house,33.804446808407995,18.0,16.843348184940208,1.1566518150597933,0.0,-15.804446808407995,Fall,CHARGE_PRIORITY
487.0,small_family,23.438621247846402,6.5,6.497161383879455,0.002838616120545867,6.167493852432975,-16.938621247846402,Fall,CHARGE_PRIORITY
488.0,apartment,16.74110404287078,3.6399999999999997,3.6399999999999997,0.0,7.068058306565089,-13.101104042870782,Fall,CHARGE_PRIORITY
488.0,family_house,22.858618651673794,10.08,9.755491519367125,0.32450848063287574,5.847172211664549,-12.778618651673796,Fall,CHARGE_PRIORITY
488.0,luxury_house,31.27192962973976,18.0,16.65270076928289,1.3472992307171097,0.0,-13.27192962973976,Fall,CHARGE_PRIORITY
488.0,small_family,21.01449291225606,6.5,6.439267381589135,0.06073261841086591,8.471724604966187,-14.51449291225606,Fall,CHARGE_PRIORITY
489.0,apartment,13.669054211959326,3.6399999999999997,3.6399999999999997,0.0,6.36643155534253,-10.029054211959327,Fall,CHARGE_PRIORITY
489.0,family_house,18.68508244459462,10.08,9.492652319704556,0.5873476802954436,5.781157924601241,-8.60508244459462,Fall,CHARGE_PRIORITY
489.0,luxury_house,26.61457263908077,18.0,16.287212838085484,1.7127871619145156,0.0,-8.61457263908077,Fall,CHARGE_PRIORITY
489.0,small_family,17.15826161278701,6.5,6.358660315180603,0.14133968481939724,8.183659152260692,-10.658261612787006,Fall,CHARGE_PRIORITY
490.0,apartment,9.665480925682983,3.6399999999999997,3.6399999999999997,0.0,4.608339920066225,-6.0254809256829835,Fall,CHARGE_PRIORITY
490.0,family_house,13.212348503602575,10.08,9.14509638404218,0.9349036159578191,3.5765241890242305,-3.1323485036025756,Fall,CHARGE_PRIORITY
490.0,luxury_house,18.819344791475974,18.0,15.279693892758024,2.7203061072419765,0.0,-0.8193447914759723,Fall,CHARGE_PRIORITY
490.0,small_family,12.132723139774525,6.5,6.253611141006709,0.24638885899329122,5.099912055917462,-5.632723139774525,Fall,CHARGE_PRIORITY
491.0,apartment,5.003221087283799,3.6399999999999997,3.6399999999999997,0.0,1.5750842667832057,-1.3632210872837993,Fall,CHARGE_PRIORITY
491.0,family_house,6.839214846528278,10.08,8.233337560597775,1.8466624394022255,0.6357931380953434,3.240785153471722,Fall,CHARGE_PRIORITY
491.0,luxury_house,9.741609696769821,18.0,14.42123734779684,3.57876265220316,0.0,8.258390303230179,Fall,CHARGE_PRIORITY
491.0,small_family,6.280359635059403,6.5,5.651617513471089,0.8483824865289115,1.4340039623513878,0.2196403649405968,Fall,CHARGE_PRIORITY
492.0,apartment,2.367360055571491e-15,3.6399999999999997,3.6399999999999997,0.0,0.0,3.6399999999999975,Fall,CHARGE_PRIORITY
492.0,family_house,3.2360920608312414e-15,10.08,6.8143132178676655,3.265686782132334,0.0,10.079999999999997,Fall,CHARGE_PRIORITY
492.0,luxury_house,4.6094100721862894e-15,18.0,13.5,4.499999999999999,0.0,17.999999999999996,Fall,CHARGE_PRIORITY
492.0,small_family,2.9716601116131778e-15,6.5,5.0,1.4999999999999998,0.0,6.499999999999997,Fall,CHARGE_PRIORITY
493.0,apartment,0.0,3.6399999999999997,3.6399999999999997,0.0,0.0,3.6399999999999997,Fall,CHARGE_PRIORITY
493.0,family_house,0.0,10.08,6.72,3.36,0.0,10.08,Fall,CHARGE_PRIORITY
493.0,luxury_house,0.0,18.0,12.208973069106449,5.791026930893552,0.0,18.0,Fall,CHARGE_PRIORITY
493.0,small_family,0.0,6.5,5.0,1.5,0.0,6.5,Fall,CHARGE_PRIORITY
494.0,apartment,0.0,3.6399999999999997,3.6399999999999997,0.0,0.0,3.6399999999999997,Fall,CHARGE_PRIORITY
494.0,family_house,0.0,10.08,6.680030599443635,3.399969400556365,0.0,10.08,Fall,CHARGE_PRIORITY
494.0,luxury_house,0.0,18.0,10.803236742312174,7.196763257687826,0.0,18.0,Fall,CHARGE_PRIORITY
494.0,small_family,0.0,6.5,5.0,1.5,0.0,6.5,Fall,CHARGE_PRIORITY
495.0,apartment,0.0,3.6399999999999997,3.6399999999999997,0.0,0.0,3.6399999999999997,Fall,CHARGE_PRIORITY
495.0,family_house,0.0,10.08,4.805196191431632,5.274803808568368,0.0,10.08,Fall,CHARGE_PRIORITY
495.0,luxury_house,0.0,18.0,9.0,9.0,0.0,18.0,Fall,CHARGE_PRIORITY
495.0,small_family,0.0,6.5,5.0,1.5,0.0,6.5,Fall,CHARGE_PRIORITY
496.0,apartment,0.0,3.6399999999999997,3.6399999999999997,0.0,0.0,3.6399999999999997,Fall,CHARGE_PRIORITY
496.0,family_house,0.0,10.08,4.2,5.88,0.0,10.08,Fall,CHARGE_PRIORITY
496.0,luxury_house,0.0,18.0,7.680918627903424,10.319081372096576,0.0,18.0,Fall,CHARGE_PRIORITY
496.0,small_family,0.0,6.5,5.0,1.5,0.0,6.5,Fall,CHARGE_PRIORITY
497.0,apartment,0.0,3.6399999999999997,3.6399999999999997,0.0,0.0,3.6399999999999997,Fall,CHARGE_PRIORITY
497.0,family_house,0.0,10.08,4.2,5.88,0.0,10.08,Fall,CHARGE_PRIORITY
497.0,luxury_house,0.0,18.0,6.872968524232768,11.127031475767232,0.0,18.0,Fall,CHARGE_PRIORITY
497.0,small_family,0.0,6.5,4.7353453021525675,1.7646546978474327,0.0,6.5,Fall,CHARGE_PRIORITY
498.0,apartment,0.0,26.457610163908914,23.306026279592817,3.1515838843160964,0.0,26.457610163908914,Fall,CHARGE_PRIORITY
498.0,family_house,0.0,27.798477502400967,9.412174947202272,18.386302555198696,0.0,27.798477502400967,Fall,CHARGE_PRIORITY
498.0,luxury_house,0.0,35.09277862576457,8.630079896262384,26.46269872950219,0.0,35.09277862576457,Fall,CHARGE_PRIORITY
498.0,small_family,0.0,26.270385782858877,16.339771476895574,9.9306143059633,0.0,26.270385782858877,Fall,CHARGE_PRIORITY
499.0,apartment,0.0,18.662195436216113,8.6963284993421,9.965866936874015,0.0,18.662195436216113,Fall,CHARGE_PRIORITY
499.0,family_house,0.0,28.46169408407758,8.127281531119573,20.334412552958007,0.0,28.46169408407758,Fall,CHARGE_PRIORITY
499.0,luxury_house,0.0,33.85266329487639,8.015163247118483,25.83750004775791,0.0,33.85266329487639,Fall,CHARGE_PRIORITY
499.0,small_family,0.0,22.06503769701609,9.391472781118104,12.67356491589799,0.0,22.06503769701609,Fall,CHARGE_PRIORITY
500.0,apartment,0.0,24.869120638162073,10.906156294763246,13.962964343398825,0.0,24.869120638162073,Fall,CHARGE_PRIORITY
500.0,family_house,0.0,26.80639507695775,9.229054420562345,17.577340656395403,0.0,26.80639507695775,Fall,CHARGE_PRIORITY
500.0,luxury_house,0.0,33.694639918064446,1.8140315079051474,31.8806084101593,0.0,33.694639918064446,Fall,CHARGE_PRIORITY
500.0,small_family,0.0,18.882685783112848,7.229811570385016,11.65287421272783,0.0,18.882685783112848,Fall,CHARGE_PRIORITY
501.0,apartment,0.0,16.838399981406134,5.575587672611242,11.262812308794892,0.0,16.838399981406134,Fall,CHARGE_PRIORITY
501.0,family_house,0.0,29.33927058012536,4.070993979801404,25.268276600323954,0.0,29.33927058012536,Fall,CHARGE_PRIORITY
501.0,luxury_house,0.0,39.784728467441354,0.3014716838268267,39.48325678361453,0.0,39.784728467441354,Fall,CHARGE_PRIORITY
501.0,small_family,0.0,23.886342051610633,4.4798242657338045,19.40651778587683,0.0,23.886342051610633,Fall,CHARGE_PRIORITY
502.0,apartment,0.0,3.6399999999999997,0.7939388643790283,2.8460611356209715,0.0,3.6399999999999997,Fall,CHARGE_PRIORITY
502.0,family_house,0.0,10.08,0.028819015036244018,10.051180984963755,0.0,10.08,Fall,CHARGE_PRIORITY
502.0,luxury_house,0.0,18.0,0.0,18.0,0.0,18.0,Fall,CHARGE_PRIORITY
502.0,small_family,0.0,6.5,1.0580506109499672,5.441949389050032,0.0,6.5,Fall,CHARGE_PRIORITY
503.0,apartment,0.0,3.6399999999999997,0.41606772097428635,3.223932279025713,0.0,3.6399999999999997,Fall,CHARGE_PRIORITY
503.0,family_house,0.0,10.08,0.0,10.08,0.0,10.08,Fall,CHARGE_PRIORITY
503.0,luxury_house,0.0,18.0,0.0,18.0,0.0,18.0,Fall,CHARGE_PRIORITY
503.0,small_family,0.0,6.5,0.6333859653176375,5.866614034682362,0.0,6.5,Fall,CHARGE_PRIORITY
504.0,apartment,0.0,3.6399999999999997,0.27999999999999997,3.3599999999999994,0.0,3.6399999999999997,Fall,CHARGE_PRIORITY
504.0,family_house,0.0,10.08,0.0,10.08,0.0,10.08,Fall,CHARGE_PRIORITY
504.0,luxury_house,0.0,18.0,0.0,18.0,0.0,18.0,Fall,CHARGE_PRIORITY
504.0,small_family,0.0,6.5,0.5,6.0,0.0,6.5,Fall,CHARGE_PRIORITY
505.0,apartment,4.2437203809947475,3.6399999999999997,2.706613057057623,0.9333869429423767,0.0,-0.6037203809947476,Fall,CHARGE_PRIORITY
505.0,family_house,9.955526336655884,10.08,7.651131041373772,2.4288689586262273,0.0,0.12447366334411514,Fall,CHARGE_PRIORITY
505.0,luxury_house,12.008072373396562,18.0,10.804758325047679,7.195241674952321,0.0,5.991927626603438,Fall,CHARGE_PRIORITY
505.0,small_family,8.079660401942812,6.5,5.000450752646719,1.499549247353281,0.0,-1.5796604019428122,Fall,CHARGE_PRIORITY
506.0,apartment,8.198238231104222,3.6399999999999997,3.5088430729961835,0.13115692700381604,0.0,-4.558238231104221,Fall,CHARGE_PRIORITY
506.0,family_house,19.23260000575383,10.08,9.57320483848679,0.5067951615132091,0.0,-9.152600005753833,Fall,CHARGE_PRIORITY
506.0,luxury_house,23.197814458824013,18.0,15.330061299093847,2.6699387009061524,0.0,-5.197814458824013,Fall,CHARGE_PRIORITY
506.0,small_family,15.60870529976335,6.5,5.995517320298795,0.5044826797012053,0.0,-9.10870529976335,Fall,CHARGE_PRIORITY
507.0,apartment,11.594059693993206,3.6399999999999997,3.6399999999999997,0.0,0.0,-7.954059693993205,Fall,CHARGE_PRIORITY
507.0,family_house,27.19900376783394,10.08,10.08,0.0,0.0,-17.11900376783394,Fall,CHARGE_PRIORITY
507.0,luxury_house,32.245636106866385,18.0,16.632213565094897,1.3677864349051014,0.0,-14.245636106866387,Fall,CHARGE_PRIORITY
507.0,small_family,22.074042726010145,6.5,6.355315623741806,0.14468437625819408,0.0,-15.574042726010143,Fall,CHARGE_PRIORITY
508.0,apartment,14.199765148826113,3.6399999999999997,3.6399999999999997,0.0,0.0,-10.559765148826113,Fall,CHARGE_PRIORITY
508.0,family_house,31.953782567042484,10.08,10.08,0.0,0.0,-21.873782567042486,Fall,CHARGE_PRIORITY
508.0,luxury_house,36.87526705375274,18.0,17.079119568334807,0.920880431665193,0.0,-18.87526705375274,Fall,CHARGE_PRIORITY
508.0,small_family,27.03507061955973,6.5,6.483039939137251,0.016960060862749038,0.0,-20.53507061955973,Fall,CHARGE_PRIORITY
509.0,apartment,15.837780074987949,3.6399999999999997,3.6399999999999997,0.0,0.0,-12.19778007498795,Fall,CHARGE_PRIORITY
509.0,family_house,33.79413229815874,10.08,10.08,0.0,0.0,-23.71413229815874,Fall,CHARGE_PRIORITY
509.0,luxury_house,38.36049440725655,18.0,17.31895655510984,0.681043444890161,0.0,-20.360494407256557,Fall,CHARGE_PRIORITY
509.0,small_family,30.111357514854483,6.5,6.5,0.0,0.4959378468248832,-23.611357514854483,Fall,CHARGE_PRIORITY
510.0,apartment,16.396476462208444,3.6399999999999997,3.6399999999999997,0.0,2.945125592033923,-12.756476462208445,Fall,CHARGE_PRIORITY
510.0,family_house,34.421841319349475,10.08,10.08,0.0,0.0,-24.341841319349477,Fall,CHARGE_PRIORITY
510.0,luxury_house,38.86707779874493,18.0,17.40076048491104,0.5992395150889613,0.0,-20.867077798744926,Fall,CHARGE_PRIORITY
510.0,small_family,31.032466473300673,6.5,6.5,0.0,11.479557631726063,-24.532466473300673,Fall,CHARGE_PRIORITY
511.0,apartment,15.837780074987952,3.6399999999999997,3.6399999999999997,0.0,5.311040576222844,-12.197780074987953,Fall,CHARGE_PRIORITY
511.0,family_house,33.79413229815874,10.08,10.08,0.0,10.900458447458531,-23.71413229815874,Fall,CHARGE_PRIORITY
511.0,luxury_house,38.36049440725655,18.0,17.31895655510984,0.681043444890161,0.0,-20.360494407256557,Fall,CHARGE_PRIORITY
511.0,small_family,30.11135751485449,6.5,6.5,0.0,18.118997855623647,-23.61135751485449,Fall,CHARGE_PRIORITY
512.0,apartment,14.199765148826113,3.6399999999999997,3.6399999999999997,0.0,7.180975415706172,-10.559765148826113,Fall,CHARGE_PRIORITY
512.0,family_house,31.953782567042488,10.08,10.08,0.0,12.64,-21.87378256704249,Fall,CHARGE_PRIORITY
512.0,luxury_house,36.87526705375274,18.0,17.079119568334807,0.920880431665193,0.0,-18.87526705375274,Fall,CHARGE_PRIORITY
512.0,small_family,27.035070619559733,6.5,6.5,0.0,17.95661943047242,-20.535070619559733,Fall,CHARGE_PRIORITY
513.0,apartment,11.594059693993206,3.6399999999999997,3.6399999999999997,0.0,5.657718045289199,-7.954059693993205,Fall,CHARGE_PRIORITY
513.0,family_house,27.19900376783394,10.08,10.08,0.0,12.010763642178848,-17.11900376783394,Fall,CHARGE_PRIORITY
513.0,luxury_house,32.245636106866385,18.0,16.6975940188853,1.3024059811147004,0.0,-14.245636106866387,Fall,CHARGE_PRIORITY
513.0,small_family,22.074042726010145,6.5,6.5,0.0,14.019256403248145,-15.574042726010143,Fall,CHARGE_PRIORITY
514.0,apartment,8.198238231104227,3.6399999999999997,3.6399999999999997,0.0,3.6725703907944265,-4.5582382311042275,Fall,CHARGE_PRIORITY
514.0,family_house,19.232600005753845,10.08,10.08,0.0,7.610669874747169,-9.152600005753847,Fall,CHARGE_PRIORITY
514.0,luxury_house,23.19781445882403,18.0,16.20038024245552,1.79961975754448,0.7113406805312739,-5.1978144588240305,Fall,CHARGE_PRIORITY
514.0,small_family,15.608705299763363,6.5,6.291612206417928,0.20838779358207243,8.887985004082614,-9.108705299763363,Fall,CHARGE_PRIORITY
515.0,apartment,4.243720380994752,3.6399999999999997,3.6399999999999997,0.0,1.3608169842640576,-0.6037203809947524,Fall,CHARGE_PRIORITY
515.0,family_house,9.955526336655895,10.08,10.08,0.0,1.8826713517567957,0.1244736633441042,Fall,CHARGE_PRIORITY
515.0,luxury_house,12.008072373396574,18.0,15.62136253622454,2.3786374637754593,0.16945201223247497,5.991927626603426,Fall,CHARGE_PRIORITY
515.0,small_family,8.07966040194282,6.5,6.139981745305587,0.3600182546944133,2.9124928990020207,-1.5796604019428213,Fall,CHARGE_PRIORITY
516.0,apartment,2.0079892416738487e-15,3.6399999999999997,3.6399999999999997,0.0,0.0,3.639999999999998,Fall,CHARGE_PRIORITY
516.0,family_house,4.7106284072655605e-15,10.08,10.045785377923977,0.03421462207602255,0.0,10.079999999999995,Fall,CHARGE_PRIORITY
516.0,luxury_house,5.681825844842604e-15,18.0,13.936553726543446,4.063446273456554,0.0,17.999999999999993,Fall,CHARGE_PRIORITY
516.0,small_family,3.823030196837904e-15,6.5,5.5,0.9999999999999999,0.0,6.4999999999999964,Fall,CHARGE_PRIORITY
517.0,apartment,0.0,3.6399999999999997,3.6399999999999997,0.0,0.0,3.6399999999999997,Fall,CHARGE_PRIORITY
517.0,family_house,0.0,10.08,9.24,0.84,0.0,10.08,Fall,CHARGE_PRIORITY
517.0,luxury_house,0.0,18.0,12.249808925211362,5.750191074788638,0.0,18.0,Fall,CHARGE_PRIORITY
517.0,small_family,0.0,6.5,5.5,1.0,0.0,6.5,Fall,CHARGE_PRIORITY
518.0,apartment,0.0,3.6399999999999997,3.2712530012738843,0.3687469987261154,0.0,3.6399999999999997,Fall,CHARGE_PRIORITY
518.0,family_house,0.0,10.08,8.613305253154406,1.4666947468455929,0.0,10.08,Fall,CHARGE_PRIORITY
518.0,luxury_house,0.0,18.0,12.0,6.0,0.0,18.0,Fall,CHARGE_PRIORITY
518.0,small_family,0.0,6.5,5.051300135746824,1.4486998642531757,0.0,6.5,Fall,CHARGE_PRIORITY
519.0,apartment,0.0,3.6399999999999997,2.8,0.8399999999999999,0.0,3.6399999999999997,Fall,CHARGE_PRIORITY
519.0,family_house,0.0,10.08,7.755261799643429,2.324738200356571,0.0,10.08,Fall,CHARGE_PRIORITY
519.0,luxury_house,0.0,18.0,12.0,6.0,0.0,18.0,Fall,CHARGE_PRIORITY
519.0,small_family,0.0,6.5,5.0,1.5,0.0,6.5,Fall,CHARGE_PRIORITY
520.0,apartment,0.0,3.6399999999999997,2.690058763012786,0.9499412369872136,0.0,3.6399999999999997,Fall,CHARGE_PRIORITY
520.0,family_house,0.0,10.08,6.72,3.36,0.0,10.08,Fall,CHARGE_PRIORITY
520.0,luxury_house,0.0,18.0,12.0,6.0,0.0,18.0,Fall,CHARGE_PRIORITY
520.0,small_family,0.0,6.5,4.628259972426319,1.8717400275736815,0.0,6.5,Fall,CHARGE_PRIORITY
521.0,apartment,0.0,3.6399999999999997,2.3381190012105364,1.3018809987894633,0.0,3.6399999999999997,Fall,CHARGE_PRIORITY
521.0,family_house,0.0,10.08,6.72,3.36,0.0,10.08,Fall,CHARGE_PRIORITY
521.0,luxury_house,0.0,18.0,12.0,6.0,0.0,18.0,Fall,CHARGE_PRIORITY
521.0,small_family,0.0,6.5,4.5,2.0,0.0,6.5,Fall,CHARGE_PRIORITY
522.0,apartment,0.0,19.565752304177114,9.917823916708759,9.647928387468353,0.0,19.565752304177114,Fall,CHARGE_PRIORITY
522.0,family_house,0.0,20.842091888929318,14.452737800294756,6.38935408863456,0.0,20.842091888929318,Fall,CHARGE_PRIORITY
522.0,luxury_house,0.0,31.914113897136804,15.66659488215562,16.247519014981183,0.0,31.914113897136804,Fall,CHARGE_PRIORITY
522.0,small_family,0.0,30.19847387814334,16.92402422220825,13.27444965593509,0.0,30.19847387814334,Fall,CHARGE_PRIORITY
523.0,apartment,0.0,23.602632504059592,10.950664487782008,12.651968016277582,0.0,23.602632504059592,Fall,CHARGE_PRIORITY
523.0,family_house,0.0,26.785724110716608,15.808020037139693,10.977704073576914,0.0,26.785724110716608,Fall,CHARGE_PRIORITY
523.0,luxury_house,0.0,32.08069428164469,18.526233093940053,13.554461187704636,0.0,32.08069428164469,Fall,CHARGE_PRIORITY
523.0,small_family,0.0,25.80983629786564,15.679760740005683,10.130075557859957,0.0,25.80983629786564,Fall,CHARGE_PRIORITY
524.0,apartment,0.0,23.621139637497134,5.7329282266437005,17.888211410853433,0.0,23.621139637497134,Fall,CHARGE_PRIORITY
524.0,family_house,0.0,29.259690654348393,13.563650567335017,15.696040087013376,0.0,29.259690654348393,Fall,CHARGE_PRIORITY
524.0,luxury_house,0.0,36.645479084653836,5.76884432333782,30.87663476131602,0.0,36.645479084653836,Fall,CHARGE_PRIORITY
524.0,small_family,0.0,23.0583490795762,10.267118572961907,12.791230506614294,0.0,23.0583490795762,Fall,CHARGE_PRIORITY
525.0,apartment,0.0,20.997148898519644,2.8919875677548905,18.10516133076475,0.0,20.997148898519644,Fall,CHARGE_PRIORITY
525.0,family_house,0.0,29.14134074220196,6.863412113409182,22.27792862879278,0.0,29.14134074220196,Fall,CHARGE_PRIORITY
525.0,luxury_house,0.0,34.18240408688139,0.0,34.18240408688139,0.0,34.18240408688139,Fall,CHARGE_PRIORITY
525.0,small_family,0.0,25.902603279842875,3.210626626746402,22.69197665309647,0.0,25.902603279842875,Fall,CHARGE_PRIORITY
526.0,apartment,0.0,3.6399999999999997,0.4769937093168561,3.1630062906831435,0.0,3.6399999999999997,Fall,CHARGE_PRIORITY
526.0,family_house,0.0,10.08,2.349894537980733,7.730105462019267,0.0,10.08,Fall,CHARGE_PRIORITY
526.0,luxury_house,0.0,18.0,0.0,18.0,0.0,18.0,Fall,CHARGE_PRIORITY
526.0,small_family,0.0,6.5,1.0,5.5,0.0,6.5,Fall,CHARGE_PRIORITY
527.0,apartment,0.0,3.6399999999999997,0.27999999999999997,3.3599999999999994,0.0,3.6399999999999997,Fall,CHARGE_PRIORITY
527.0,family_house,0.0,10.08,1.68,8.4,0.0,10.08,Fall,CHARGE_PRIORITY
527.0,luxury_house,0.0,18.0,0.0,18.0,0.0,18.0,Fall,CHARGE_PRIORITY
527.0,small_family,0.0,6.5,1.0,5.5,0.0,6.5,Fall,CHARGE_PRIORITY
528.0,apartment,0.0,3.6399999999999997,0.27999999999999997,3.3599999999999994,0.0,3.6399999999999997,Fall,CHARGE_PRIORITY
528.0,family_house,0.0,10.08,0.8730195924206676,9.206980407579332,0.0,10.08,Fall,CHARGE_PRIORITY
528.0,luxury_house,0.0,18.0,0.0,18.0,0.0,18.0,Fall,CHARGE_PRIORITY
528.0,small_family,0.0,6.5,1.0,5.5,0.0,6.5,Fall,CHARGE_PRIORITY
529.0,apartment,6.14056994964807,3.6399999999999997,3.272035649140198,0.367964350859802,0.0,-2.5005699496480704,Fall,CHARGE_PRIORITY
529.0,family_house,8.371914694489288,10.08,6.642909353318571,3.437090646681428,0.0,1.708085305510712,Fall,CHARGE_PRIORITY
529.0,luxury_house,11.243312709064163,18.0,10.081430146893199,7.918569853106801,0.0,6.756687290935837,Fall,CHARGE_PRIORITY
529.0,small_family,8.50757572600334,6.5,5.444666513515204,1.055333486484796,0.0,-2.00757572600334,Fall,CHARGE_PRIORITY
530.0,apartment,11.862670204999269,3.6399999999999997,3.630883618982007,0.009116381017993003,0.0,-8.222670204999268,Fall,CHARGE_PRIORITY
530.0,family_house,16.173297237792315,10.08,8.779984691309302,1.3000153086906978,0.0,-6.093297237792315,Fall,CHARGE_PRIORITY
530.0,luxury_house,21.72041223745837,18.0,15.200716927306862,2.799283072693138,0.0,-3.720412237458368,Fall,CHARGE_PRIORITY
530.0,small_family,16.43537422571319,6.5,6.206392691690948,0.2936073083090522,0.0,-9.935374225713192,Fall,CHARGE_PRIORITY
531.0,apartment,16.776349089869193,3.6399999999999997,3.6399999999999997,0.0,0.0,-13.136349089869194,Fall,CHARGE_PRIORITY
531.0,family_house,22.87249630197721,10.08,9.751078139978267,0.32892186002173307,0.0,-12.792496301977213,Fall,CHARGE_PRIORITY
531.0,luxury_house,30.04989240323942,18.0,17.11699157512668,0.8830084248733197,0.0,-12.049892403239419,Fall,CHARGE_PRIORITY
531.0,small_family,23.243129132680806,6.5,6.303476753535021,0.19652324646497887,0.0,-16.743129132680806,Fall,CHARGE_PRIORITY
532.0,apartment,20.546747508492246,3.6399999999999997,3.6399999999999997,0.0,0.0,-16.906747508492245,Fall,CHARGE_PRIORITY
532.0,family_house,27.678696339377108,10.08,9.865940330818734,0.21405966918126507,0.0,-17.59869633937711,Fall,CHARGE_PRIORITY
532.0,luxury_house,34.17337795426323,18.0,17.69683139914324,0.30316860085676023,0.0,-16.173377954263234,Fall,CHARGE_PRIORITY
532.0,small_family,28.466903200343246,6.5,6.371681597478586,0.1283184025214137,0.0,-21.966903200343246,Fall,CHARGE_PRIORITY
533.0,apartment,22.91691903951726,3.6399999999999997,3.6399999999999997,0.0,0.38316281042491324,-19.27691903951726,Fall,CHARGE_PRIORITY
533.0,family_house,29.613316114697774,10.08,9.938145722529212,0.14185427747078805,0.0,-19.533316114697776,Fall,CHARGE_PRIORITY
533.0,luxury_house,36.269769270307265,18.0,17.922433794034774,0.07756620596522779,0.0,-18.26976927030726,Fall,CHARGE_PRIORITY
533.0,small_family,31.464027348687658,6.5,6.4145569547868675,0.08544304521313228,1.5213748648163037,-24.964027348687658,Fall,CHARGE_PRIORITY
534.0,apartment,23.72534040999854,3.6399999999999997,3.6399999999999997,0.0,6.543116714289611,-20.08534040999854,Fall,CHARGE_PRIORITY
534.0,family_house,30.093541909939344,10.08,9.962773636989679,0.11722636301031975,0.0,-20.013541909939345,Fall,CHARGE_PRIORITY
534.0,luxury_house,36.98480930795738,18.0,17.972611825174543,0.0273881748254583,0.0,-18.984809307957377,Fall,CHARGE_PRIORITY
534.0,small_family,32.25733232576778,6.5,6.4291809407141844,0.070819059285816,11.743628821101442,-25.75733232576778,Fall,CHARGE_PRIORITY
535.0,apartment,22.916919039517264,3.6399999999999997,3.6399999999999997,0.0,14.974385004539288,-19.276919039517264,Fall,CHARGE_PRIORITY
535.0,family_house,29.613316114697774,10.08,9.938145722529212,0.14185427747078816,7.584803360404765,-19.533316114697776,Fall,CHARGE_PRIORITY
535.0,luxury_house,36.269769270307265,18.0,17.922433794034774,0.07756620596522779,0.0,-18.26976927030726,Fall,CHARGE_PRIORITY
535.0,small_family,31.46402734868766,6.5,6.4145569547868675,0.08544304521313217,15.929711149067145,-24.96402734868766,Fall,CHARGE_PRIORITY
536.0,apartment,20.546747508492246,3.6399999999999997,3.6399999999999997,0.0,13.539589819393452,-16.906747508492245,Fall,CHARGE_PRIORITY
536.0,family_house,27.67869633937711,10.08,9.865940330818734,0.21405966918126496,12.113331016068981,-17.598696339377113,Fall,CHARGE_PRIORITY
536.0,luxury_house,34.17337795426324,18.0,17.77531925051452,0.22468074948547834,0.0,-16.173377954263238,Fall,CHARGE_PRIORITY
536.0,small_family,28.46690320034325,6.5,6.371681597478586,0.12831840252141363,17.497031412253044,-21.96690320034325,Fall,CHARGE_PRIORITY
537.0,apartment,16.776349089869193,3.6399999999999997,3.6399999999999997,0.0,10.695362093316945,-13.136349089869194,Fall,CHARGE_PRIORITY
537.0,family_house,22.87249630197721,10.08,9.751078139978267,0.32892186002173307,10.162673718069527,-12.792496301977213,Fall,CHARGE_PRIORITY
537.0,luxury_house,30.04989240323942,18.0,17.435868177473363,0.5641318225266365,0.0,-12.049892403239419,Fall,CHARGE_PRIORITY
537.0,small_family,23.243129132680806,6.5,6.303476753535021,0.19652324646497887,15.011901773567237,-16.743129132680806,Fall,CHARGE_PRIORITY
538.0,apartment,11.862670204999276,3.6399999999999997,3.6399999999999997,0.0,6.988692354555596,-8.222670204999277,Fall,CHARGE_PRIORITY
538.0,family_house,16.17329723779233,10.08,9.60138681849484,0.47861318150515963,6.615408650820582,-6.093297237792329,Fall,CHARGE_PRIORITY
538.0,luxury_house,21.720412237458383,18.0,16.557016334254385,1.442983665745614,0.9134096690939817,-3.7204122374583846,Fall,CHARGE_PRIORITY
538.0,small_family,16.435374225713204,6.5,6.214590470357092,0.2854095296429079,9.503030406355418,-9.935374225713204,Fall,CHARGE_PRIORITY
539.0,apartment,6.140569949648077,3.6399999999999997,3.6399999999999997,0.0,2.6721840202446177,-2.500569949648077,Fall,CHARGE_PRIORITY
539.0,family_house,8.371914694489297,10.08,9.427067582550945,0.6529324174490548,1.3984674787978526,1.708085305510703,Fall,CHARGE_PRIORITY
539.0,luxury_house,11.243312709064176,18.0,15.805970961681496,2.194029038318505,0.20839032362727683,6.756687290935824,Fall,CHARGE_PRIORITY
539.0,small_family,8.507575726003349,6.5,6.111080201251847,0.3889197987481532,2.989682871526427,-2.00757572600335,Fall,CHARGE_PRIORITY
540.0,apartment,2.9055162191786063e-15,3.6399999999999997,3.6399999999999997,0.0,0.0,3.6399999999999966,Fall,CHARGE_PRIORITY
540.0,family_house,3.961315338784218e-15,10.08,9.24,0.8399999999999999,0.0,10.079999999999995,Fall,CHARGE_PRIORITY
540.0,luxury_house,5.3199666645528785e-15,18.0,13.766803168186959,4.233196831813041,0.0,17.999999999999993,Fall,CHARGE_PRIORITY
540.0,small_family,4.025505687661715e-15,6.5,6.0,0.49999999999999994,0.0,6.4999999999999964,Fall,CHARGE_PRIORITY
541.0,apartment,0.0,3.6399999999999997,3.6399999999999997,0.0,0.0,3.6399999999999997,Fall,CHARGE_PRIORITY
541.0,family_house,0.0,10.08,6.992457638474828,3.087542361525172,0.0,10.08,Fall,CHARGE_PRIORITY
541.0,luxury_house,0.0,18.0,13.224868696407107,4.775131303592892,0.0,18.0,Fall,CHARGE_PRIORITY
541.0,small_family,0.0,6.5,6.0,0.5,0.0,6.5,Fall,CHARGE_PRIORITY
542.0,apartment,0.0,3.6399999999999997,3.6399999999999997,0.0,0.0,3.6399999999999997,Fall,CHARGE_PRIORITY
542.0,family_house,0.0,10.08,5.88,4.199999999999999,0.0,10.08,Fall,CHARGE_PRIORITY
542.0,luxury_house,0.0,18.0,9.590649033379222,8.409350966620778,0.0,18.0,Fall,CHARGE_PRIORITY
542.0,small_family,0.0,6.5,6.0,0.5,0.0,6.5,Fall,CHARGE_PRIORITY
543.0,apartment,0.0,3.6399999999999997,3.6399999999999997,0.0,0.0,3.6399999999999997,Fall,CHARGE_PRIORITY
543.0,family_house,0.0,10.08,5.88,4.2,0.0,10.08,Fall,CHARGE_PRIORITY
543.0,luxury_house,0.0,18.0,9.0,9.0,0.0,18.0,Fall,CHARGE_PRIORITY
543.0,small_family,0.0,6.5,6.0,0.5,0.0,6.5,Fall,CHARGE_PRIORITY
544.0,apartment,0.0,3.6399999999999997,3.4240274277252216,0.21597257227477806,0.0,3.6399999999999997,Fall,CHARGE_PRIORITY
544.0,family_house,0.0,10.08,5.88,4.2,0.0,10.08,Fall,CHARGE_PRIORITY
544.0,luxury_house,0.0,18.0,8.64493841182777,9.35506158817223,0.0,18.0,Fall,CHARGE_PRIORITY
544.0,small_family,0.0,6.5,5.7248397067442935,0.7751602932557063,0.0,6.5,Fall,CHARGE_PRIORITY
545.0,apartment,0.0,3.6399999999999997,3.3599999999999994,0.27999999999999997,0.0,3.6399999999999997,Fall,CHARGE_PRIORITY
545.0,family_house,0.0,10.08,5.408415478379582,4.671584521620418,0.0,10.08,Fall,CHARGE_PRIORITY
545.0,luxury_house,0.0,18.0,7.5,10.5,0.0,18.0,Fall,CHARGE_PRIORITY
545.0,small_family,0.0,6.5,5.5,1.0,0.0,6.5,Fall,CHARGE_PRIORITY
546.0,apartment,0.0,15.930690494652197,14.83907850463924,1.091611990012957,0.0,15.930690494652197,Fall,CHARGE_PRIORITY
546.0,family_house,0.0,30.823262078106037,15.138009416021522,15.685252662084515,0.0,30.823262078106037,Fall,CHARGE_PRIORITY
546.0,luxury_house,0.0,33.33938163757835,10.123564241891415,23.215817395686933,0.0,33.33938163757835,Fall,CHARGE_PRIORITY
546.0,small_family,0.0,25.54987600903739,19.110169412294436,6.439706596742954,0.0,25.54987600903739,Fall,CHARGE_PRIORITY
547.0,apartment,0.0,29.227785661345774,20.179576413236944,9.048209248108831,0.0,29.227785661345774,Fall,CHARGE_PRIORITY
547.0,family_house,0.0,28.256182464102764,10.730286208101669,17.525896256001097,0.0,28.256182464102764,Fall,CHARGE_PRIORITY
547.0,luxury_house,0.0,37.9378085365706,12.381197712894416,25.55661082367618,0.0,37.9378085365706,Fall,CHARGE_PRIORITY
547.0,small_family,0.0,29.801529300969765,21.51344773409847,8.288081566871297,0.0,29.801529300969765,Fall,CHARGE_PRIORITY
548.0,apartment,0.0,21.38220030858271,11.411052293511387,9.971148015071323,0.0,21.38220030858271,Fall,CHARGE_PRIORITY
548.0,family_house,0.0,26.23613978299676,9.400326813645313,16.835812969351448,0.0,26.23613978299676,Fall,CHARGE_PRIORITY
548.0,luxury_house,0.0,32.26440301879274,6.973259695246078,25.29114332354666,0.0,32.26440301879274,Fall,CHARGE_PRIORITY
548.0,small_family,0.0,30.16137799993999,13.664002982673626,16.497375017266364,0.0,30.16137799993999,Fall,CHARGE_PRIORITY
549.0,apartment,0.0,22.09199948290997,6.832662483503677,15.259336999406294,0.0,22.09199948290997,Fall,CHARGE_PRIORITY
549.0,family_house,0.0,28.388264750768144,4.766665771830503,23.62159897893764,0.0,28.388264750768144,Fall,CHARGE_PRIORITY
549.0,luxury_house,0.0,41.40718695468072,0.44432273993138793,40.96286421474933,0.0,41.40718695468072,Fall,CHARGE_PRIORITY
549.0,small_family,0.0,23.07877230660199,1.9674782500459669,21.111294056556027,0.0,23.07877230660199,Fall,CHARGE_PRIORITY
550.0,apartment,0.0,3.6399999999999997,0.2578949355057181,3.3821050644942816,0.0,3.6399999999999997,Fall,CHARGE_PRIORITY
550.0,family_house,0.0,10.08,0.5972853678615725,9.482714632138427,0.0,10.08,Fall,CHARGE_PRIORITY
550.0,luxury_house,0.0,18.0,0.0,18.0,0.0,18.0,Fall,CHARGE_PRIORITY
550.0,small_family,0.0,6.5,0.0,6.5,0.0,6.5,Fall,CHARGE_PRIORITY
551.0,apartment,0.0,3.6399999999999997,0.0,3.6399999999999997,0.0,3.6399999999999997,Fall,CHARGE_PRIORITY
551.0,family_house,0.0,10.08,0.0,10.08,0.0,10.08,Fall,CHARGE_PRIORITY
551.0,luxury_house,0.0,18.0,0.0,18.0,0.0,18.0,Fall,CHARGE_PRIORITY
551.0,small_family,0.0,6.5,0.0,6.5,0.0,6.5,Fall,CHARGE_PRIORITY
552.0,apartment,0.0,3.6399999999999997,0.0,3.6399999999999997,0.0,3.6399999999999997,Fall,CHARGE_PRIORITY
552.0,family_house,0.0,10.08,0.0,10.08,0.0,10.08,Fall,CHARGE_PRIORITY
552.0,luxury_house,0.0,18.0,0.0,18.0,0.0,18.0,Fall,CHARGE_PRIORITY
552.0,small_family,0.0,6.5,0.0,6.5,0.0,6.5,Fall,CHARGE_PRIORITY
553.0,apartment,7.358609919492612,3.6399999999999997,3.543222288753151,0.09677771124684889,0.0,-3.7186099194926125,Fall,CHARGE_PRIORITY
553.0,family_house,9.897056269632598,10.08,7.391946384124302,2.688053615875698,0.0,0.1829437303674014,Fall,CHARGE_PRIORITY
553.0,luxury_house,10.417242085862373,18.0,9.375517877276137,8.624482122723863,0.0,7.582757914137626,Fall,CHARGE_PRIORITY
553.0,small_family,8.904741643227531,6.5,5.885534387033628,0.6144656129663724,0.0,-2.4047416432275304,Fall,CHARGE_PRIORITY
554.0,apartment,14.21574273364967,3.6399999999999997,3.6399999999999997,0.0,0.0,-10.57574273364967,Fall,CHARGE_PRIORITY
554.0,family_house,19.11964451014854,10.08,9.369676886175004,0.7103231138249961,0.0,-9.039644510148541,Fall,CHARGE_PRIORITY
554.0,luxury_house,20.124566338879742,18.0,13.630467528564768,4.369532471435231,0.0,-2.1245663388797413,Fall,CHARGE_PRIORITY
554.0,small_family,17.202639859250453,6.5,6.344267339881482,0.15573266011851744,0.0,-10.702639859250453,Fall,CHARGE_PRIORITY
555.0,apartment,20.104096173134145,3.6399999999999997,3.6399999999999997,0.0,0.0,-16.464096173134145,Fall,CHARGE_PRIORITY
555.0,family_house,27.039260574004363,10.08,9.81664104332253,0.2633589566774688,0.0,-16.959260574004364,Fall,CHARGE_PRIORITY
555.0,luxury_house,28.140113370144498,18.0,15.674691931282458,2.3253080687175425,0.0,-10.140113370144496,Fall,CHARGE_PRIORITY
555.0,small_family,24.32820659757199,6.5,6.486867541142501,0.013132458857499252,0.0,-17.82820659757199,Fall,CHARGE_PRIORITY
556.0,apartment,24.622388682009316,3.6399999999999997,3.6399999999999997,0.0,0.0,-20.982388682009315,Fall,CHARGE_PRIORITY
556.0,family_house,31.64655465826469,10.08,10.056006380962666,0.023993619037334213,0.0,-21.566554658264693,Fall,CHARGE_PRIORITY
556.0,luxury_house,31.798090259583766,18.0,16.879042345980732,1.1209576540192696,0.0,-13.798090259583766,Fall,CHARGE_PRIORITY
556.0,small_family,29.79584626053131,6.5,6.5,0.0,0.0,-23.29584626053131,Fall,CHARGE_PRIORITY
557.0,apartment,27.462706092626753,3.6399999999999997,3.6399999999999997,0.0,0.0,-23.822706092626756,Fall,CHARGE_PRIORITY
557.0,family_house,33.23611786731962,10.08,10.08,0.0,0.0,-23.156117867319622,Fall,CHARGE_PRIORITY
557.0,luxury_house,33.15905980681606,18.0,17.37262102725459,0.6273789727454121,0.0,-15.159059806816062,Fall,CHARGE_PRIORITY
557.0,small_family,33.140046765975214,6.5,6.5,0.0,0.6179904938608556,-26.64004676597521,Fall,CHARGE_PRIORITY
558.0,apartment,28.431485467299346,3.6399999999999997,3.6399999999999997,0.0,9.514770479464403,-24.791485467299346,Fall,CHARGE_PRIORITY
558.0,family_house,33.70303754913631,10.08,10.08,0.0,0.06897553798635936,-23.623037549136313,Fall,CHARGE_PRIORITY
558.0,luxury_house,33.62326117458838,18.0,17.45631803465678,0.5436819653432223,0.0,-15.623261174588379,Fall,CHARGE_PRIORITY
558.0,small_family,34.167996312850015,6.5,6.5,0.0,7.962103115165492,-27.667996312850015,Fall,CHARGE_PRIORITY
559.0,apartment,27.462706092626757,3.6399999999999997,3.6399999999999997,0.0,17.34480112474731,-23.82270609262676,Fall,CHARGE_PRIORITY
559.0,family_house,33.23611786731962,10.08,10.08,0.0,12.54017947741358,-23.156117867319622,Fall,CHARGE_PRIORITY
559.0,luxury_house,33.15905980681606,18.0,17.37262102725459,0.6273789727454121,0.0,-15.159059806816062,Fall,CHARGE_PRIORITY
559.0,small_family,33.14004676597522,6.5,6.5,0.0,13.620498019650915,-26.640046765975217,Fall,CHARGE_PRIORITY
560.0,apartment,24.622388682009316,3.6399999999999997,3.6399999999999997,0.0,18.919159313814543,-20.982388682009315,Fall,CHARGE_PRIORITY
560.0,family_house,31.64655465826469,10.08,10.08,0.0,15.57937603170059,-21.566554658264693,Fall,CHARGE_PRIORITY
560.0,luxury_house,31.798090259583766,18.0,17.091675876725326,0.908324123274673,0.0,-13.798090259583768,Fall,CHARGE_PRIORITY
560.0,small_family,29.795846260531313,6.5,6.5,0.0,17.28420689649643,-23.295846260531313,Fall,CHARGE_PRIORITY
561.0,apartment,20.104096173134145,3.6399999999999997,3.6399999999999997,0.0,14.981555579571179,-16.464096173134145,Fall,CHARGE_PRIORITY
561.0,family_house,27.039260574004363,10.08,10.08,0.0,13.149749800156188,-16.959260574004364,Fall,CHARGE_PRIORITY
561.0,luxury_house,28.140113370144498,18.0,16.08708984823687,1.9129101517631266,0.0,-10.140113370144496,Fall,CHARGE_PRIORITY
561.0,small_family,24.32820659757199,6.5,6.5,0.0,15.585610421313532,-17.82820659757199,Fall,CHARGE_PRIORITY
562.0,apartment,14.21574273364968,3.6399999999999997,3.6399999999999997,0.0,9.773458530360276,-10.57574273364968,Fall,CHARGE_PRIORITY
562.0,family_house,19.119644510148557,10.08,9.755911023173244,0.3240889768267553,8.068125735580395,-9.039644510148557,Fall,CHARGE_PRIORITY
562.0,luxury_house,20.124566338879756,18.0,14.81691641183956,3.1830835881604402,0.29382900358425434,-2.1245663388797564,Fall,CHARGE_PRIORITY
562.0,small_family,17.202639859250468,6.5,6.5,0.0,10.301838671466378,-10.702639859250468,Fall,CHARGE_PRIORITY
563.0,apartment,7.35860991949262,3.6399999999999997,3.6399999999999997,0.0,3.7085010609279854,-3.718609919492621,Fall,CHARGE_PRIORITY
563.0,family_house,9.897056269632609,10.08,9.268782725076738,0.8112172749232616,2.1504491761611586,0.18294373036739064,Fall,CHARGE_PRIORITY
563.0,luxury_house,10.417242085862386,18.0,12.785860852489023,5.214139147510977,0.06783824832479257,7.5827579141376145,Fall,CHARGE_PRIORITY
563.0,small_family,8.90474164322754,6.5,6.5,0.0,2.9208145465235087,-2.40474164322754,Fall,CHARGE_PRIORITY
564.0,apartment,3.481852767253263e-15,3.6399999999999997,3.6399999999999997,0.0,0.0,3.639999999999996,Fall,CHARGE_PRIORITY
564.0,family_house,4.682962290037736e-15,10.08,8.4,1.6799999999999997,0.0,10.079999999999995,Fall,CHARGE_PRIORITY
564.0,luxury_house,4.929097150227529e-15,18.0,9.000000000000002,8.999999999999998,0.0,17.999999999999996,Fall,CHARGE_PRIORITY
564.0,small_family,4.213431568103149e-15,6.5,6.220599356203235,0.27940064379676516,0.0,6.499999999999996,Fall,CHARGE_PRIORITY
565.0,apartment,0.0,3.6399999999999997,3.6399999999999997,0.0,0.0,3.6399999999999997,Fall,CHARGE_PRIORITY
565.0,family_house,0.0,10.08,8.4,1.68,0.0,10.08,Fall,CHARGE_PRIORITY
565.0,luxury_house,0.0,18.0,9.0,9.0,0.0,18.0,Fall,CHARGE_PRIORITY
565.0,small_family,0.0,6.5,6.0,0.5,0.0,6.5,Fall,CHARGE_PRIORITY
566.0,apartment,0.0,3.6399999999999997,3.6399999999999997,0.0,0.0,3.6399999999999997,Fall,CHARGE_PRIORITY
566.0,family_house,0.0,10.08,8.4,1.68,0.0,10.08,Fall,CHARGE_PRIORITY
566.0,luxury_house,0.0,18.0,9.0,9.0,0.0,18.0,Fall,CHARGE_PRIORITY
566.0,small_family,0.0,6.5,6.0,0.5,0.0,6.5,Fall,CHARGE_PRIORITY
567.0,apartment,0.0,3.6399999999999997,3.6399999999999997,0.0,0.0,3.6399999999999997,Fall,CHARGE_PRIORITY
567.0,family_house,0.0,10.08,8.4,1.68,0.0,10.08,Fall,CHARGE_PRIORITY
567.0,luxury_house,0.0,18.0,8.790379498212703,9.209620501787297,0.0,18.0,Fall,CHARGE_PRIORITY
567.0,small_family,0.0,6.5,6.0,0.5,0.0,6.5,Fall,CHARGE_PRIORITY
568.0,apartment,0.0,3.6399999999999997,3.6399999999999997,0.0,0.0,3.6399999999999997,Fall,CHARGE_PRIORITY
568.0,family_house,0.0,10.08,7.687945555776846,2.3920544442231533,0.0,10.08,Fall,CHARGE_PRIORITY
568.0,luxury_house,0.0,18.0,7.5,10.5,0.0,18.0,Fall,CHARGE_PRIORITY
568.0,small_family,0.0,6.5,6.0,0.5,0.0,6.5,Fall,CHARGE_PRIORITY
569.0,apartment,0.0,3.6399999999999997,3.6399999999999997,0.0,0.0,3.6399999999999997,Fall,CHARGE_PRIORITY
569.0,family_house,0.0,10.08,6.906698981452764,3.1733010185472352,0.0,10.08,Fall,CHARGE_PRIORITY
569.0,luxury_house,0.0,18.0,7.5,10.5,0.0,18.0,Fall,CHARGE_PRIORITY
569.0,small_family,0.0,6.5,6.0,0.5,0.0,6.5,Fall,CHARGE_PRIORITY
570.0,apartment,0.0,25.179306972931617,24.663892927218985,0.5154140457126299,0.0,25.179306972931617,Fall,CHARGE_PRIORITY
570.0,family_house,0.0,27.020308229769036,16.330926471596513,10.689381758172525,0.0,27.020308229769036,Fall,CHARGE_PRIORITY
570.0,luxury_house,0.0,34.69276642030309,13.257549361016423,21.43521705928666,0.0,34.69276642030309,Fall,CHARGE_PRIORITY
570.0,small_family,0.0,28.11593954595814,24.381231001836177,3.7347085441219616,0.0,28.11593954595814,Fall,CHARGE_PRIORITY
571.0,apartment,0.0,21.397399188109517,17.797336977849753,3.600062210259766,0.0,21.397399188109517,Fall,CHARGE_PRIORITY
571.0,family_house,0.0,26.712591392686843,15.907962451578321,10.804628941108522,0.0,26.712591392686843,Fall,CHARGE_PRIORITY
571.0,luxury_house,0.0,37.07274739080211,14.26124627438786,22.811501116414245,0.0,37.07274739080211,Fall,CHARGE_PRIORITY
571.0,small_family,0.0,30.344943411134988,23.54585842031424,6.799084990820749,0.0,30.344943411134988,Fall,CHARGE_PRIORITY
572.0,apartment,0.0,24.549157887804178,16.700980037934997,7.848177849869179,0.0,24.549157887804178,Fall,CHARGE_PRIORITY
572.0,family_house,0.0,31.899656656065783,13.948101091950711,17.951555564115072,0.0,31.899656656065783,Fall,CHARGE_PRIORITY
572.0,luxury_house,0.0,39.99917709518877,5.97755447051006,34.02162262467871,0.0,39.99917709518877,Fall,CHARGE_PRIORITY
572.0,small_family,0.0,26.90184203966986,15.003390807424955,11.898451232244902,0.0,26.90184203966986,Fall,CHARGE_PRIORITY
573.0,apartment,0.0,22.462439529958562,6.13452246568375,16.32791706427481,0.0,22.462439529958562,Fall,CHARGE_PRIORITY
573.0,family_house,0.0,21.731702921967283,2.146532599841658,19.585170322125624,0.0,21.731702921967283,Fall,CHARGE_PRIORITY
573.0,luxury_house,0.0,35.99589452340625,0.2985875634930833,35.69730695991317,0.0,35.99589452340625,Fall,CHARGE_PRIORITY
573.0,small_family,0.0,21.965323905825652,4.075187696590098,17.890136209235557,0.0,21.965323905825652,Fall,CHARGE_PRIORITY
574.0,apartment,0.0,3.6399999999999997,0.5599999999999999,3.0799999999999996,0.0,3.6399999999999997,Fall,CHARGE_PRIORITY
574.0,family_house,0.0,10.08,0.84,9.24,0.0,10.08,Fall,CHARGE_PRIORITY
574.0,luxury_house,0.0,18.0,5.2662502028650513e-17,18.0,0.0,18.0,Fall,CHARGE_PRIORITY
574.0,small_family,0.0,6.5,0.8891310975218863,5.6108689024781135,0.0,6.5,Fall,CHARGE_PRIORITY
575.0,apartment,0.0,3.6399999999999997,0.5599999999999999,3.0799999999999996,0.0,3.6399999999999997,Fall,CHARGE_PRIORITY
575.0,family_house,0.0,10.08,0.5457807565389577,9.534219243461042,0.0,10.08,Fall,CHARGE_PRIORITY
575.0,luxury_house,0.0,18.0,0.0,18.0,0.0,18.0,Fall,CHARGE_PRIORITY
575.0,small_family,0.0,6.5,0.5,6.0,0.0,6.5,Fall,CHARGE_PRIORITY
576.0,apartment,0.0,3.6399999999999997,0.5599999999999999,3.0799999999999996,0.0,3.6399999999999997,Fall,CHARGE_PRIORITY
576.0,family_house,0.0,10.08,0.0,10.08,0.0,10.08,Fall,CHARGE_PRIORITY
576.0,luxury_house,0.0,18.0,0.0,18.0,0.0,18.0,Fall,CHARGE_PRIORITY
576.0,small_family,0.0,6.5,0.5,6.0,0.0,6.5,Fall,CHARGE_PRIORITY
577.0,apartment,5.19935895697332,3.6399999999999997,2.8787395694078994,0.7612604305921001,0.0,-1.5593589569733206,Fall,CHARGE_PRIORITY
577.0,family_house,9.104843495648682,10.08,7.141751064637984,2.938248935362015,0.0,0.975156504351318,Fall,CHARGE_PRIORITY
577.0,luxury_house,11.336675709547704,18.0,10.203008138592933,7.796991861407067,0.0,6.663324290452296,Fall,CHARGE_PRIORITY
577.0,small_family,8.05625550892406,6.5,5.3216094563800125,1.1783905436199875,0.0,-1.55625550892406,Fall,CHARGE_PRIORITY
578.0,apartment,10.044390193375845,3.6399999999999997,3.405756897226057,0.23424310277394295,0.0,-6.4043901933758445,Fall,CHARGE_PRIORITY
578.0,family_house,17.5892069535342,10.08,8.776560054235931,1.3034399457640686,0.0,-7.5092069535342025,Fall,CHARGE_PRIORITY
578.0,luxury_house,21.90077570423215,18.0,15.40530300686507,2.5946969931349293,0.0,-3.9007757042321494,Fall,CHARGE_PRIORITY
578.0,small_family,15.563490518506661,6.5,6.275803206526699,0.22419679347330113,0.0,-9.063490518506661,Fall,CHARGE_PRIORITY
579.0,apartment,14.204912837239439,3.6399999999999997,3.6211791277824785,0.0188208722175211,0.0,-10.564912837239438,Fall,CHARGE_PRIORITY
579.0,family_house,24.874895025075226,10.08,9.62507270212105,0.4549272978789498,0.0,-14.794895025075226,Fall,CHARGE_PRIORITY
579.0,luxury_house,30.612122564933426,18.0,16.658957898438953,1.3410421015610487,0.0,-12.612122564933427,Fall,CHARGE_PRIORITY
579.0,small_family,22.0100993691372,6.5,6.412108793524043,0.08789120647595738,0.0,-15.5100993691372,Fall,CHARGE_PRIORITY
580.0,apartment,17.397394145973546,3.6399999999999997,3.6399999999999997,0.0,0.0,-13.757394145973548,Fall,CHARGE_PRIORITY
580.0,family_house,29.468308451270488,10.08,9.8684988924398,0.21150110756020013,0.0,-19.38830845127049,Fall,CHARGE_PRIORITY
580.0,luxury_house,35.69408114268024,18.0,17.1073575495476,0.8926424504524012,0.0,-17.69408114268024,Fall,CHARGE_PRIORITY
580.0,small_family,26.95675632117003,6.5,6.5,0.0,0.0,-20.45675632117003,Fall,CHARGE_PRIORITY
581.0,apartment,19.404271794212754,3.6399999999999997,3.6399999999999997,0.0,0.0,-15.764271794212757,Fall,CHARGE_PRIORITY
581.0,family_house,31.799053782644783,10.08,9.940999427209396,0.1390005727906034,0.0,-21.719053782644785,Fall,CHARGE_PRIORITY
581.0,luxury_house,37.84954894134542,18.0,17.177419323193078,0.8225806768069202,0.0,-19.849548941345418,Fall,CHARGE_PRIORITY
581.0,small_family,29.985587798131675,6.5,6.5,0.0,0.5886954731348246,-23.485587798131675,Fall,CHARGE_PRIORITY
582.0,apartment,20.088780386751694,3.6399999999999997,3.6399999999999997,0.0,4.74754492606408,-16.448780386751693,Fall,CHARGE_PRIORITY
582.0,family_house,32.35638405418997,10.08,9.965728009471,0.11427199052899983,0.0,-22.27638405418997,Fall,CHARGE_PRIORITY
582.0,luxury_house,38.47921285003893,18.0,17.201316089451314,0.7986839105486848,0.0,-20.479212850038927,Fall,CHARGE_PRIORITY
582.0,small_family,30.902260081360623,6.5,6.5,0.0,11.398142647466356,-24.402260081360627,Fall,CHARGE_PRIORITY
583.0,apartment,19.404271794212757,3.6399999999999997,3.6399999999999997,0.0,9.046090102735874,-15.76427179421276,Fall,CHARGE_PRIORITY
583.0,family_house,31.799053782644783,10.08,9.940999427209396,0.1390005727906034,8.373476441679514,-21.719053782644785,Fall,CHARGE_PRIORITY
583.0,luxury_house,37.84954894134542,18.0,17.177419323193078,0.8225806768069202,0.0,-19.849548941345418,Fall,CHARGE_PRIORITY
583.0,small_family,29.98558779813168,6.5,6.5,0.0,14.33412784603846,-23.48558779813168,Fall,CHARGE_PRIORITY
584.0,apartment,17.397394145973546,3.6399999999999997,3.6399999999999997,0.0,10.944924621467365,-13.757394145973548,Fall,CHARGE_PRIORITY
584.0,family_house,29.468308451270495,10.08,9.8684988924398,0.21150110756020002,13.188223744391566,-19.388308451270497,Fall,CHARGE_PRIORITY
584.0,luxury_house,35.69408114268024,18.0,17.1073575495476,0.8926424504524011,0.0,-17.694081142680243,Fall,CHARGE_PRIORITY
584.0,small_family,26.956756321170033,6.5,6.5,0.0,13.997726359731072,-20.456756321170033,Fall,CHARGE_PRIORITY
585.0,apartment,14.204912837239439,3.6399999999999997,3.6399999999999997,0.0,8.62820778789837,-10.564912837239438,Fall,CHARGE_PRIORITY
585.0,family_house,24.874895025075226,10.08,9.753167196793958,0.3268328032060407,13.222772544151857,-14.794895025075226,Fall,CHARGE_PRIORITY
585.0,luxury_house,30.612122564933426,18.0,16.995905362606255,1.0040946373937436,0.0,-12.612122564933427,Fall,CHARGE_PRIORITY
585.0,small_family,22.0100993691372,6.5,6.5,0.0,11.95902149564643,-15.5100993691372,Fall,CHARGE_PRIORITY
586.0,apartment,10.044390193375852,3.6399999999999997,3.6399999999999997,0.0,5.609003628702921,-6.4043901933758525,Fall,CHARGE_PRIORITY
586.0,family_house,17.589206953534216,10.08,9.6028640047355,0.4771359952644997,7.983229520136185,-7.509206953534218,Fall,CHARGE_PRIORITY
586.0,luxury_house,21.900775704232167,18.0,16.54347697582326,1.4565230241767386,0.38249840438148186,-3.9007757042321654,Fall,CHARGE_PRIORITY
586.0,small_family,15.563490518506672,6.5,6.421681985787903,0.07831801421209655,8.150296638500361,-9.063490518506674,Fall,CHARGE_PRIORITY
587.0,apartment,5.1993589569733265,3.6399999999999997,3.6399999999999997,0.0,2.197931146480053,-1.5593589569733268,Fall,CHARGE_PRIORITY
587.0,family_house,9.10484349564869,10.08,9.364541291457495,0.7154587085425045,1.7013196571052167,0.975156504351308,Fall,CHARGE_PRIORITY
587.0,luxury_house,11.336675709547716,18.0,15.630856748889155,2.3691432511108443,0.0895797185139886,6.663324290452284,Fall,CHARGE_PRIORITY
587.0,small_family,8.05625550892407,6.5,6.150842287552756,0.3491577124472443,2.559684277784191,-1.5562555089240693,Fall,CHARGE_PRIORITY
588.0,apartment,2.4601660599409587e-15,3.6399999999999997,3.38413216207776,0.25586783792223994,0.0,3.639999999999997,Fall,CHARGE_PRIORITY
588.0,family_house,4.308113199037206e-15,10.08,7.6365833094071585,2.4434166905928407,0.0,10.079999999999995,Fall,CHARGE_PRIORITY
588.0,luxury_house,5.364142973006405e-15,18.0,13.943537918525067,4.056462081474933,0.0,17.999999999999996,Fall,CHARGE_PRIORITY
588.0,small_family,3.811955769409873e-15,6.5,6.0,0.49999999999999994,0.0,6.4999999999999964,Fall,CHARGE_PRIORITY
589.0,apartment,0.0,3.6399999999999997,3.1485838085249163,0.49141619147508314,0.0,3.6399999999999997,Fall,CHARGE_PRIORITY
589.0,family_house,0.0,10.08,7.56,2.52,0.0,10.08,Fall,CHARGE_PRIORITY
589.0,luxury_house,0.0,18.0,13.5,4.5,0.0,18.0,Fall,CHARGE_PRIORITY
589.0,small_family,0.0,6.5,6.0,0.5,0.0,6.5,Fall,CHARGE_PRIORITY
590.0,apartment,0.0,3.6399999999999997,2.86463948825519,0.7753605117448097,0.0,3.6399999999999997,Fall,CHARGE_PRIORITY
590.0,family_house,0.0,10.08,6.841461127805506,3.238538872194493,0.0,10.08,Fall,CHARGE_PRIORITY
590.0,luxury_house,0.0,18.0,13.208788633681458,4.791211366318543,0.0,18.0,Fall,CHARGE_PRIORITY
590.0,small_family,0.0,6.5,6.0,0.5,0.0,6.5,Fall,CHARGE_PRIORITY
591.0,apartment,0.0,3.6399999999999997,2.7331901974265427,0.9068098025734568,0.0,3.6399999999999997,Fall,CHARGE_PRIORITY
591.0,family_house,0.0,10.08,6.078771739471037,4.001228260528963,0.0,10.08,Fall,CHARGE_PRIORITY
591.0,luxury_house,0.0,18.0,11.322082917004256,6.677917082995744,0.0,18.0,Fall,CHARGE_PRIORITY
591.0,small_family,0.0,6.5,6.0,0.5,0.0,6.5,Fall,CHARGE_PRIORITY
592.0,apartment,0.0,3.6399999999999997,2.5199999999999996,1.1199999999999999,0.0,3.6399999999999997,Fall,CHARGE_PRIORITY
592.0,family_house,0.0,10.08,5.88,4.2,0.0,10.08,Fall,CHARGE_PRIORITY
592.0,luxury_house,0.0,18.0,10.5,7.5,0.0,18.0,Fall,CHARGE_PRIORITY
592.0,small_family,0.0,6.5,5.623599229688239,0.8764007703117609,0.0,6.5,Fall,CHARGE_PRIORITY
593.0,apartment,0.0,3.6399999999999997,2.5199999999999996,1.1199999999999999,0.0,3.6399999999999997,Fall,CHARGE_PRIORITY
593.0,family_house,0.0,10.08,5.88,4.2,0.0,10.08,Fall,CHARGE_PRIORITY
593.0,luxury_house,0.0,18.0,10.5,7.5,0.0,18.0,Fall,CHARGE_PRIORITY
593.0,small_family,0.0,6.5,5.5,1.0,0.0,6.5,Fall,CHARGE_PRIORITY
594.0,apartment,0.0,25.008803038728935,13.566011356888486,11.442791681840449,0.0,25.008803038728935,Fall,CHARGE_PRIORITY
594.0,family_house,0.0,26.43037198076312,14.951675283585118,11.478696697178002,0.0,26.43037198076312,Fall,CHARGE_PRIORITY
594.0,luxury_house,0.0,34.49818850899301,15.316559161556254,19.181629347436754,0.0,34.49818850899301,Fall,CHARGE_PRIORITY
594.0,small_family,0.0,28.264462110875083,20.334019633285312,7.930442477589772,0.0,28.264462110875083,Fall,CHARGE_PRIORITY
595.0,apartment,0.0,18.687767290732904,11.940941571355362,6.746825719377544,0.0,18.687767290732904,Fall,CHARGE_PRIORITY
595.0,family_house,0.0,27.488401019973303,13.855235549284775,13.633165470688528,0.0,27.488401019973303,Fall,CHARGE_PRIORITY
595.0,luxury_house,0.0,33.30049582751791,12.57404161827727,20.726454209240647,0.0,33.30049582751791,Fall,CHARGE_PRIORITY
595.0,small_family,0.0,25.033131987142706,17.327524710167395,7.70560727697531,0.0,25.033131987142706,Fall,CHARGE_PRIORITY
596.0,apartment,0.0,21.92385377380233,10.548738408425141,11.375115365377187,0.0,21.92385377380233,Fall,CHARGE_PRIORITY
596.0,family_house,0.0,28.508508567690082,15.231232086123782,13.277276481566298,0.0,28.508508567690082,Fall,CHARGE_PRIORITY
596.0,luxury_house,0.0,32.24998630144606,4.07915189653033,28.170834404915723,0.0,32.24998630144606,Fall,CHARGE_PRIORITY
596.0,small_family,0.0,21.890516188811354,8.090959617839738,13.799556570971617,0.0,21.890516188811354,Fall,CHARGE_PRIORITY
597.0,apartment,0.0,23.39505157029225,7.184428340177763,16.210623230114486,0.0,23.39505157029225,Fall,CHARGE_PRIORITY
597.0,family_house,0.0,31.976803355247718,6.921962056629756,25.054841298617962,0.0,31.976803355247718,Fall,CHARGE_PRIORITY
597.0,luxury_house,0.0,37.96954262858776,0.0,37.96954262858776,0.0,37.96954262858776,Fall,CHARGE_PRIORITY
597.0,small_family,0.0,29.503622414865177,6.788847442703464,22.714774972161713,0.0,29.503622414865177,Fall,CHARGE_PRIORITY
598.0,apartment,0.0,3.6399999999999997,0.7264886003433674,2.913511399656632,0.0,3.6399999999999997,Fall,CHARGE_PRIORITY
598.0,family_house,0.0,10.08,0.0,10.08,0.0,10.08,Fall,CHARGE_PRIORITY
598.0,luxury_house,0.0,18.0,0.0,18.0,0.0,18.0,Fall,CHARGE_PRIORITY
598.0,small_family,0.0,6.5,0.4208983791584603,6.07910162084154,0.0,6.5,Fall,CHARGE_PRIORITY
599.0,apartment,0.0,3.6399999999999997,0.46841521205211534,3.1715847879478845,0.0,3.6399999999999997,Fall,CHARGE_PRIORITY
599.0,family_house,0.0,10.08,0.0,10.08,0.0,10.08,Fall,CHARGE_PRIORITY
599.0,luxury_house,0.0,18.0,0.0,18.0,0.0,18.0,Fall,CHARGE_PRIORITY
599.0,small_family,0.0,6.5,0.0,6.5,0.0,6.5,Fall,CHARGE_PRIORITY
600.0,apartment,0.0,3.6399999999999997,0.27999999999999997,3.3599999999999994,0.0,3.6399999999999997,Fall,CHARGE_PRIORITY
600.0,family_house,0.0,10.08,0.0,10.08,0.0,10.08,Fall,CHARGE_PRIORITY
600.0,luxury_house,0.0,18.0,0.0,18.0,0.0,18.0,Fall,CHARGE_PRIORITY
600.0,small_family,0.0,6.5,0.0,6.5,0.0,6.5,Fall,CHARGE_PRIORITY
601.0,apartment,4.810258831387316,3.6399999999999997,3.1635494383819163,0.4764505616180836,0.0,-1.1702588313873163,Fall,CHARGE_PRIORITY
601.0,family_house,10.782450755563298,10.08,8.298260549949438,1.7817394500505617,0.0,-0.7024507555632983,Fall,CHARGE_PRIORITY
601.0,luxury_house,14.251694328362678,18.0,12.69534228077615,5.304657719223851,0.0,3.748305671637322,Fall,CHARGE_PRIORITY
601.0,small_family,7.581183889258036,6.5,5.09724637474293,1.4027536252570696,0.0,-1.0811838892580363,Fall,CHARGE_PRIORITY
602.0,apartment,9.292706472744161,3.6399999999999997,3.5299193479651345,0.11008065203486489,0.0,-5.652706472744161,Fall,CHARGE_PRIORITY
602.0,family_house,20.83009531097733,10.08,9.264991496867385,0.8150085031326154,0.0,-10.750095310977333,Fall,CHARGE_PRIORITY
602.0,luxury_house,27.532159240285893,18.0,15.75959455830253,2.2404054416974706,0.0,-9.532159240285894,Fall,CHARGE_PRIORITY
602.0,small_family,14.64572262496188,6.5,6.340011889398471,0.15998811060152873,0.0,-8.14572262496188,Fall,CHARGE_PRIORITY
603.0,apartment,13.141871524907042,3.6399999999999997,3.6399999999999997,0.0,0.0,-9.501871524907042,Fall,CHARGE_PRIORITY
603.0,family_house,29.458203294308362,10.08,9.62328270620726,0.45671729379273984,0.0,-19.378203294308364,Fall,CHARGE_PRIORITY
603.0,luxury_house,36.995073672001155,18.0,16.69554926981588,1.304450730184119,0.0,-18.99507367200116,Fall,CHARGE_PRIORITY
603.0,small_family,20.712179566975585,6.5,6.5,0.0,0.0,-14.212179566975585,Fall,CHARGE_PRIORITY
604.0,apartment,16.09543975061706,3.6399999999999997,3.6399999999999997,0.0,0.0,-12.45543975061706,Fall,CHARGE_PRIORITY
604.0,family_house,35.374901676191676,10.08,9.877832174924354,0.20216782507564623,0.0,-25.294901676191678,Fall,CHARGE_PRIORITY
604.0,luxury_house,39.95542748092027,18.0,17.097918281101645,0.902081718898354,0.0,-21.95542748092027,Fall,CHARGE_PRIORITY
604.0,small_family,25.367135699995004,6.5,6.5,0.0,0.0,-18.867135699995004,Fall,CHARGE_PRIORITY
605.0,apartment,17.952130356294354,3.6399999999999997,3.6399999999999997,0.0,0.0,-14.312130356294356,Fall,CHARGE_PRIORITY
605.0,family_house,37.37420659313021,10.08,9.95140935116369,0.12859064883631022,0.0,-27.294206593130212,Fall,CHARGE_PRIORITY
605.0,luxury_house,40.85022386845923,18.0,17.166891187259218,0.8331088127407833,0.0,-22.85022386845923,Fall,CHARGE_PRIORITY
605.0,small_family,28.210771362820857,6.5,6.5,0.0,0.5931014454374255,-21.710771362820857,Fall,CHARGE_PRIORITY
606.0,apartment,18.585412945488326,3.6399999999999997,3.6399999999999997,0.0,2.165711054559929,-14.945412945488325,Fall,CHARGE_PRIORITY
606.0,family_house,37.987102239391525,10.08,9.97650515578076,0.10349484421923971,0.0,-27.90710223939153,Fall,CHARGE_PRIORITY
606.0,luxury_house,41.021321240672286,18.0,17.190416561094867,0.8095834389051326,0.0,-23.02132124067229,Fall,CHARGE_PRIORITY
606.0,small_family,29.064834901283003,6.5,6.5,0.0,7.844292627656204,-22.564834901283003,Fall,CHARGE_PRIORITY
607.0,apartment,17.952130356294358,3.6399999999999997,3.6399999999999997,0.0,5.631264774506557,-14.31213035629436,Fall,CHARGE_PRIORITY
607.0,family_house,37.37420659313021,10.08,9.95140935116369,0.12859064883631022,11.249079162257551,-27.294206593130212,Fall,CHARGE_PRIORITY
607.0,luxury_house,40.85022386845923,18.0,17.166891187259218,0.8331088127407833,0.0,-22.85022386845923,Fall,CHARGE_PRIORITY
607.0,small_family,28.210771362820864,6.5,6.5,0.0,14.552675983448808,-21.710771362820864,Fall,CHARGE_PRIORITY
608.0,apartment,16.09543975061706,3.6399999999999997,3.6399999999999997,0.0,5.693551876177739,-12.45543975061706,Fall,CHARGE_PRIORITY
608.0,family_house,35.37490167619168,10.08,9.877832174924354,0.20216782507564612,19.324981219818778,-25.29490167619168,Fall,CHARGE_PRIORITY
608.0,luxury_house,39.95542748092027,18.0,17.097918281101645,0.902081718898354,0.0,-21.95542748092027,Fall,CHARGE_PRIORITY
608.0,small_family,25.367135699995007,6.5,6.5,0.0,13.121392948148666,-18.867135699995007,Fall,CHARGE_PRIORITY
609.0,apartment,13.141871524907042,3.6399999999999997,3.6399999999999997,0.0,5.443362699125906,-9.501871524907042,Fall,CHARGE_PRIORITY
609.0,family_house,29.458203294308362,10.08,9.76078779003143,0.3192122099685698,17.919455802419662,-19.378203294308364,Fall,CHARGE_PRIORITY
609.0,luxury_house,36.995073672001155,18.0,16.988198232193678,1.0118017678063231,0.0,-18.99507367200116,Fall,CHARGE_PRIORITY
609.0,small_family,20.712179566975585,6.5,6.5,0.0,10.254813931491878,-14.212179566975585,Fall,CHARGE_PRIORITY
610.0,apartment,9.292706472744168,3.6399999999999997,3.6399999999999997,0.0,3.5209982719387725,-5.6527064727441685,Fall,CHARGE_PRIORITY
610.0,family_house,20.83009531097735,10.08,9.560970145578453,0.5190298544215455,10.70272628263718,-10.75009531097735,Fall,CHARGE_PRIORITY
610.0,luxury_house,27.532159240285914,18.0,16.845208280547435,1.154791719452566,2.5428760813344944,-9.532159240285916,Fall,CHARGE_PRIORITY
610.0,small_family,14.645722624961893,6.5,6.5,0.0,7.029803606891972,-8.145722624961893,Fall,CHARGE_PRIORITY
611.0,apartment,4.810258831387321,3.6399999999999997,3.6399999999999997,0.0,1.2823574821312853,-1.1702588313873217,Fall,CHARGE_PRIORITY
611.0,family_house,10.782450755563309,10.08,8.847752546482033,1.2322474535179664,2.298666759109495,-0.7024507555633098,Fall,CHARGE_PRIORITY
611.0,luxury_house,14.251694328362694,18.0,16.148411268162082,1.8515887318379185,0.5669640100844249,3.748305671637306,Fall,CHARGE_PRIORITY
611.0,small_family,7.581183889258045,6.5,6.5,0.0,2.2509101395436755,-1.081183889258045,Fall,CHARGE_PRIORITY
612.0,apartment,2.276056647452406e-15,3.6399999999999997,3.5519752393212256,0.08802476067877407,0.0,3.6399999999999975,Fall,CHARGE_PRIORITY
612.0,family_house,5.101901909704537e-15,10.08,8.4,1.6799999999999997,0.0,10.079999999999995,Fall,CHARGE_PRIORITY
612.0,luxury_house,6.7434341374462695e-15,18.0,13.5,4.5,0.0,17.999999999999993,Fall,CHARGE_PRIORITY
612.0,small_family,3.5871674667719085e-15,6.5,6.5,0.0,0.0,6.4999999999999964,Fall,CHARGE_PRIORITY
613.0,apartment,0.0,3.6399999999999997,3.3599999999999994,0.27999999999999997,0.0,3.6399999999999997,Fall,CHARGE_PRIORITY
613.0,family_house,0.0,10.08,8.4,1.68,0.0,10.08,Fall,CHARGE_PRIORITY
613.0,luxury_house,0.0,18.0,13.5,4.5,0.0,18.0,Fall,CHARGE_PRIORITY
613.0,small_family,0.0,6.5,6.5,0.0,0.0,6.5,Fall,CHARGE_PRIORITY
614.0,apartment,0.0,3.6399999999999997,3.3599999999999994,0.27999999999999997,0.0,3.6399999999999997,Fall,CHARGE_PRIORITY
614.0,family_house,0.0,10.08,8.4,1.68,0.0,10.08,Fall,CHARGE_PRIORITY
614.0,luxury_house,0.0,18.0,13.5,4.5,0.0,18.0,Fall,CHARGE_PRIORITY
614.0,small_family,0.0,6.5,6.177536374630168,0.32246362536983225,0.0,6.5,Fall,CHARGE_PRIORITY
615.0,apartment,0.0,3.6399999999999997,3.160163496088256,0.47983650391174365,0.0,3.6399999999999997,Fall,CHARGE_PRIORITY
615.0,family_house,0.0,10.08,8.4,1.68,0.0,10.08,Fall,CHARGE_PRIORITY
615.0,luxury_house,0.0,18.0,13.5,4.5,0.0,18.0,Fall,CHARGE_PRIORITY
615.0,small_family,0.0,6.5,5.6456121806891675,0.8543878193108323,0.0,6.5,Fall,CHARGE_PRIORITY
616.0,apartment,0.0,3.6399999999999997,3.0799999999999996,0.5599999999999999,0.0,3.6399999999999997,Fall,CHARGE_PRIORITY
616.0,family_house,0.0,10.08,8.4,1.68,0.0,10.08,Fall,CHARGE_PRIORITY
616.0,luxury_house,0.0,18.0,13.5,4.5,0.0,18.0,Fall,CHARGE_PRIORITY
616.0,small_family,0.0,6.5,5.0,1.5,0.0,6.5,Fall,CHARGE_PRIORITY
617.0,apartment,0.0,3.6399999999999997,3.0799999999999996,0.5599999999999999,0.0,3.6399999999999997,Fall,CHARGE_PRIORITY
617.0,family_house,0.0,10.08,8.4,1.68,0.0,10.08,Fall,CHARGE_PRIORITY
617.0,luxury_house,0.0,18.0,13.5,4.5,0.0,18.0,Fall,CHARGE_PRIORITY
617.0,small_family,0.0,6.5,5.0,1.5,0.0,6.5,Fall,CHARGE_PRIORITY
618.0,apartment,0.0,24.497592700530365,20.5017514848444,3.9958412156859637,0.0,24.497592700530365,Fall,CHARGE_PRIORITY
618.0,family_house,0.0,24.369085919265935,17.601694975339072,6.767390943926863,0.0,24.369085919265935,Fall,CHARGE_PRIORITY
618.0,luxury_house,0.0,33.59299172773735,21.912374496120336,11.68061723161701,0.0,33.59299172773735,Fall,CHARGE_PRIORITY
618.0,small_family,0.0,24.34709307595878,15.600715877620129,8.746377198338653,0.0,24.34709307595878,Fall,CHARGE_PRIORITY
619.0,apartment,0.0,27.838112553618586,16.62661429912701,11.211498254491575,0.0,27.838112553618586,Fall,CHARGE_PRIORITY
619.0,family_house,0.0,28.507627741027967,22.47949551624005,6.028132224787914,0.0,28.507627741027967,Fall,CHARGE_PRIORITY
619.0,luxury_house,0.0,36.64007519188144,24.718961562447493,11.92111362943394,0.0,36.64007519188144,Fall,CHARGE_PRIORITY
619.0,small_family,0.0,25.35666841300136,15.246246108221955,10.110422304779405,0.0,25.35666841300136,Fall,CHARGE_PRIORITY
620.0,apartment,0.0,19.311549953836266,7.797222965460744,11.514326988375524,0.0,19.311549953836266,Fall,CHARGE_PRIORITY
620.0,family_house,0.0,22.465855422674707,13.24566946331123,9.220185959363475,0.0,22.465855422674707,Fall,CHARGE_PRIORITY
620.0,luxury_house,0.0,41.74571081185513,12.914960418009183,28.830750393845953,0.0,41.74571081185513,Fall,CHARGE_PRIORITY
620.0,small_family,0.0,29.84360280826828,12.625937887273615,17.217664920994665,0.0,29.84360280826828,Fall,CHARGE_PRIORITY
621.0,apartment,0.0,21.111992045280957,0.9646074470709671,20.147384598209992,0.0,21.111992045280957,Fall,CHARGE_PRIORITY
621.0,family_house,0.0,20.96245162406498,8.383103922409102,12.579347701655875,0.0,20.96245162406498,Fall,CHARGE_PRIORITY
621.0,luxury_house,0.0,28.02657002827421,1.556838323913261,26.46973170436095,0.0,28.02657002827421,Fall,CHARGE_PRIORITY
621.0,small_family,0.0,28.605007552018414,3.2371330796377595,25.367874472380656,0.0,28.605007552018414,Fall,CHARGE_PRIORITY
622.0,apartment,0.0,3.6399999999999997,0.27999999999999997,3.3599999999999994,0.0,3.6399999999999997,Fall,CHARGE_PRIORITY
622.0,family_house,0.0,10.08,2.0596763458416643,8.020323654158336,0.0,10.08,Fall,CHARGE_PRIORITY
622.0,luxury_house,0.0,18.0,0.0,18.0,0.0,18.0,Fall,CHARGE_PRIORITY
622.0,small_family,0.0,6.5,0.0,6.5,0.0,6.5,Fall,CHARGE_PRIORITY
623.0,apartment,0.0,3.6399999999999997,0.27999999999999997,3.3599999999999994,0.0,3.6399999999999997,Fall,CHARGE_PRIORITY
623.0,family_house,0.0,10.08,1.68,8.4,0.0,10.08,Fall,CHARGE_PRIORITY
623.0,luxury_house,0.0,18.0,0.0,18.0,0.0,18.0,Fall,CHARGE_PRIORITY
623.0,small_family,0.0,6.5,0.0,6.5,0.0,6.5,Fall,CHARGE_PRIORITY
624.0,apartment,0.0,3.6399999999999997,0.27999999999999997,3.3599999999999994,0.0,3.6399999999999997,Fall,CHARGE_PRIORITY
624.0,family_house,0.0,10.08,1.4263628995484363,8.653637100451563,0.0,10.08,Fall,CHARGE_PRIORITY
624.0,luxury_house,0.0,18.0,0.0,18.0,0.0,18.0,Fall,CHARGE_PRIORITY
624.0,small_family,0.0,6.5,0.0,6.5,0.0,6.5,Fall,CHARGE_PRIORITY
625.0,apartment,5.904991198188349,3.6399999999999997,3.480475840766819,0.15952415923318075,0.0,-2.2649911981883495,Fall,CHARGE_PRIORITY
625.0,family_house,9.467201528451877,10.08,7.458905190765474,2.621094809234526,0.0,0.6127984715481216,Fall,CHARGE_PRIORITY
625.0,luxury_house,13.94033793771368,18.0,12.439063857326218,5.560936142673781,0.0,4.05966206228632,Fall,CHARGE_PRIORITY
625.0,small_family,6.73475494017867,6.5,5.221658993191077,1.278341006808923,0.0,-0.2347549401786696,Fall,CHARGE_PRIORITY
626.0,apartment,11.407567004679512,3.6399999999999997,3.627112227686962,0.012887772313037782,0.0,-7.767567004679513,Fall,CHARGE_PRIORITY
626.0,family_house,18.28922891803002,10.08,9.276940110789974,0.8030598892100259,0.0,-8.209228918030021,Fall,CHARGE_PRIORITY
626.0,luxury_house,26.930664882469863,18.0,16.32540037070984,1.6745996292901608,0.0,-8.930664882469863,Fall,CHARGE_PRIORITY
626.0,small_family,13.010547460892932,6.5,6.1297857812387,0.3702142187612999,0.0,-6.510547460892931,Fall,CHARGE_PRIORITY
627.0,apartment,16.132735971697596,3.6399999999999997,3.6399999999999997,0.0,0.0,-12.492735971697595,Fall,CHARGE_PRIORITY
627.0,family_house,25.86487558122427,10.08,9.822331006509405,0.257668993490594,0.0,-15.784875581224268,Fall,CHARGE_PRIORITY
627.0,luxury_house,35.937788622329386,18.0,17.393964851353694,0.6060351486463054,0.0,-17.937788622329386,Fall,CHARGE_PRIORITY
627.0,small_family,18.399692673093625,6.5,6.440525627753454,0.05947437224654589,0.0,-11.899692673093623,Fall,CHARGE_PRIORITY
628.0,apartment,19.758485642851234,3.6399999999999997,3.6399999999999997,0.0,0.0,-16.118485642851233,Fall,CHARGE_PRIORITY
628.0,family_house,30.86874415166974,10.08,10.078827228546942,0.0011727714530578304,0.0,-20.788744151669743,Fall,CHARGE_PRIORITY
628.0,luxury_house,39.14744244709188,18.0,17.594878866899784,0.405121133100218,0.0,-21.147442447091887,Fall,CHARGE_PRIORITY
628.0,small_family,22.53492923655281,6.5,6.5,0.0,0.0,-16.03492923655281,Fall,CHARGE_PRIORITY
629.0,apartment,22.03772716988594,3.6399999999999997,3.6399999999999997,0.0,1.3083738557669504,-18.397727169885943,Fall,CHARGE_PRIORITY
629.0,family_house,33.46342156782277,10.08,10.08,0.0,0.0,-23.383421567822776,Fall,CHARGE_PRIORITY
629.0,luxury_house,40.50423259231677,18.0,17.721178697039527,0.2788213029604736,0.0,-22.50423259231677,Fall,CHARGE_PRIORITY
629.0,small_family,25.13444761327229,6.5,6.5,0.0,0.0,-18.63444761327229,Fall,CHARGE_PRIORITY
630.0,apartment,22.815134009359028,3.6399999999999997,3.6399999999999997,0.0,5.738789453636091,-19.17513400935903,Fall,CHARGE_PRIORITY
630.0,family_house,33.99049195194611,10.08,10.08,0.0,0.1764959813641841,-23.910491951946113,Fall,CHARGE_PRIORITY
630.0,luxury_house,40.945334157132976,18.0,17.764257217069243,0.235742782930757,0.0,-22.94533415713298,Fall,CHARGE_PRIORITY
630.0,small_family,26.021094921785867,6.5,6.5,0.0,0.5125052199162257,-19.521094921785867,Fall,CHARGE_PRIORITY
631.0,apartment,22.037727169885944,3.6399999999999997,3.6399999999999997,0.0,9.373264308607254,-18.397727169885947,Fall,CHARGE_PRIORITY
631.0,family_house,33.46342156782277,10.08,10.08,0.0,9.105866706175997,-23.383421567822776,Fall,CHARGE_PRIORITY
631.0,luxury_house,40.50423259231677,18.0,17.721178697039527,0.2788213029604736,0.0,-22.50423259231677,Fall,CHARGE_PRIORITY
631.0,small_family,25.134447613272293,6.5,6.5,0.0,4.485551451442713,-18.634447613272293,Fall,CHARGE_PRIORITY
632.0,apartment,19.758485642851234,3.6399999999999997,3.6399999999999997,0.0,8.910435938792071,-16.118485642851233,Fall,CHARGE_PRIORITY
632.0,family_house,30.868744151669745,10.08,10.08,0.0,14.552622709842675,-20.788744151669746,Fall,CHARGE_PRIORITY
632.0,luxury_house,39.14744244709189,18.0,17.594878866899784,0.405121133100218,0.0,-21.14744244709189,Fall,CHARGE_PRIORITY
632.0,small_family,22.534929236552813,6.5,6.5,0.0,8.02354356664086,-16.034929236552813,Fall,CHARGE_PRIORITY
633.0,apartment,16.132735971697596,3.6399999999999997,3.6399999999999997,0.0,7.618747172751046,-12.492735971697595,Fall,CHARGE_PRIORITY
633.0,family_house,25.86487558122427,10.08,10.08,0.0,12.363932884752318,-15.784875581224268,Fall,CHARGE_PRIORITY
633.0,luxury_house,35.937788622329386,18.0,17.393964851353694,0.6060351486463054,0.0,-17.937788622329386,Fall,CHARGE_PRIORITY
633.0,small_family,18.399692673093625,6.5,6.5,0.0,7.1768498705381685,-11.899692673093623,Fall,CHARGE_PRIORITY
634.0,apartment,11.407567004679521,3.6399999999999997,3.6399999999999997,0.0,5.510668470448045,-7.767567004679521,Fall,CHARGE_PRIORITY
634.0,family_house,18.289228918030034,10.08,9.887798578456675,0.19220142154332454,7.94104742700907,-8.209228918030036,Fall,CHARGE_PRIORITY
634.0,luxury_house,26.930664882469884,18.0,17.13212860853462,0.8678713914653781,2.8217912447199707,-8.930664882469884,Fall,CHARGE_PRIORITY
634.0,small_family,13.01054746089294,6.5,6.5,0.0,5.237052388852295,-6.510547460892941,Fall,CHARGE_PRIORITY
635.0,apartment,5.904991198188356,3.6399999999999997,3.6399999999999997,0.0,2.042163894340335,-2.2649911981883566,Fall,CHARGE_PRIORITY
635.0,family_house,9.467201528451888,10.08,9.163399966114127,0.9166000338858726,1.6794845989780454,0.6127984715481112,Fall,CHARGE_PRIORITY
635.0,luxury_house,13.940337937713695,18.0,16.827213845685833,1.172786154314168,0.6426008066567881,4.059662062286305,Fall,CHARGE_PRIORITY
635.0,small_family,6.734754940178677,6.5,6.318866578215907,0.18113342178409275,1.2638120674843787,-0.23475494017867737,Fall,CHARGE_PRIORITY
636.0,apartment,2.7940480836679453e-15,3.6399999999999997,3.6399999999999997,0.0,0.0,3.639999999999997,Fall,CHARGE_PRIORITY
636.0,family_house,4.479569130667736e-15,10.08,8.4,1.6799999999999997,0.0,10.079999999999995,Fall,CHARGE_PRIORITY
636.0,luxury_house,6.59611050944535e-15,18.0,16.5,1.4999999999999998,0.0,17.999999999999993,Fall,CHARGE_PRIORITY
636.0,small_family,3.1866650606274508e-15,6.5,6.0,0.49999999999999994,0.0,6.4999999999999964,Fall,CHARGE_PRIORITY
637.0,apartment,0.0,3.6399999999999997,3.6399999999999997,0.0,0.0,3.6399999999999997,Fall,CHARGE_PRIORITY
637.0,family_house,0.0,10.08,8.4,1.68,0.0,10.08,Fall,CHARGE_PRIORITY
637.0,luxury_house,0.0,18.0,16.152669150007192,1.8473308499928096,0.0,18.0,Fall,CHARGE_PRIORITY
637.0,small_family,0.0,6.5,5.95122777665855,0.54877222334145,0.0,6.5,Fall,CHARGE_PRIORITY
638.0,apartment,0.0,3.6399999999999997,3.6399999999999997,0.0,0.0,3.6399999999999997,Fall,CHARGE_PRIORITY
638.0,family_house,0.0,10.08,8.07235783116447,2.007642168835529,0.0,10.08,Fall,CHARGE_PRIORITY
638.0,luxury_house,0.0,18.0,13.401456053114005,4.598543946885995,0.0,18.0,Fall,CHARGE_PRIORITY
638.0,small_family,0.0,6.5,5.237924070676688,1.262075929323312,0.0,6.5,Fall,CHARGE_PRIORITY
639.0,apartment,0.0,3.6399999999999997,3.6399999999999997,0.0,0.0,3.6399999999999997,Fall,CHARGE_PRIORITY
639.0,family_house,0.0,10.08,7.56,2.52,0.0,10.08,Fall,CHARGE_PRIORITY
639.0,luxury_house,0.0,18.0,12.0,6.0,0.0,18.0,Fall,CHARGE_PRIORITY
639.0,small_family,0.0,6.5,5.0,1.5,0.0,6.5,Fall,CHARGE_PRIORITY
640.0,apartment,0.0,3.6399999999999997,3.372457912927585,0.26754208707241467,0.0,3.6399999999999997,Fall,CHARGE_PRIORITY
640.0,family_house,0.0,10.08,7.258552407750118,2.8214475922498816,0.0,10.08,Fall,CHARGE_PRIORITY
640.0,luxury_house,0.0,18.0,11.457998449899048,6.542001550100952,0.0,18.0,Fall,CHARGE_PRIORITY
640.0,small_family,0.0,6.5,5.0,1.5,0.0,6.5,Fall,CHARGE_PRIORITY
641.0,apartment,0.0,3.6399999999999997,3.3599999999999994,0.27999999999999997,0.0,3.6399999999999997,Fall,CHARGE_PRIORITY
641.0,family_house,0.0,10.08,6.72,3.36,0.0,10.08,Fall,CHARGE_PRIORITY
641.0,luxury_house,0.0,18.0,10.5,7.5,0.0,18.0,Fall,CHARGE_PRIORITY
641.0,small_family,0.0,6.5,5.0,1.5,0.0,6.5,Fall,CHARGE_PRIORITY
642.0,apartment,0.0,26.818505183632972,23.692283627966443,3.1262215556665307,0.0,26.818505183632972,Fall,CHARGE_PRIORITY
642.0,family_house,0.0,31.10636206046764,18.613476798591346,12.492885261876294,0.0,31.10636206046764,Fall,CHARGE_PRIORITY
642.0,luxury_house,0.0,35.938868888491236,20.965577180315847,14.973291708175386,0.0,35.938868888491236,Fall,CHARGE_PRIORITY
642.0,small_family,0.0,29.259086946375106,20.062262784839888,9.196824161535218,0.0,29.259086946375106,Fall,CHARGE_PRIORITY
643.0,apartment,0.0,22.579752829364324,17.69858863316956,4.8811641961947645,0.0,22.579752829364324,Fall,CHARGE_PRIORITY
643.0,family_house,0.0,29.034129919222153,17.607464781457754,11.4266651377644,0.0,29.034129919222153,Fall,CHARGE_PRIORITY
643.0,luxury_house,0.0,33.47158334830166,19.350283731048094,14.12129961725356,0.0,33.47158334830166,Fall,CHARGE_PRIORITY
643.0,small_family,0.0,31.924299162526477,23.860169419872623,8.064129742653854,0.0,31.924299162526477,Fall,CHARGE_PRIORITY
644.0,apartment,0.0,26.121086316010086,13.674809644301163,12.446276671708922,0.0,26.121086316010086,Fall,CHARGE_PRIORITY
644.0,family_house,0.0,29.18086546981398,14.227000322089456,14.953865147724525,0.0,29.18086546981398,Fall,CHARGE_PRIORITY
644.0,luxury_house,0.0,32.79610293429461,9.094266337050591,23.701836597244018,0.0,32.79610293429461,Fall,CHARGE_PRIORITY
644.0,small_family,0.0,23.036982496347324,4.869429781286751,18.167552715060573,0.0,23.036982496347324,Fall,CHARGE_PRIORITY
645.0,apartment,0.0,27.1031994542767,3.9239309841973653,23.179268470079336,0.0,27.1031994542767,Fall,CHARGE_PRIORITY
645.0,family_house,0.0,29.05462122758638,1.8576073788201124,27.197013848766268,0.0,29.05462122758638,Fall,CHARGE_PRIORITY
645.0,luxury_house,0.0,37.43530486866822,1.6740792371058577,35.76122563156236,0.0,37.43530486866822,Fall,CHARGE_PRIORITY
645.0,small_family,0.0,18.91152746209831,3.064435553909124,15.847091908189185,0.0,18.91152746209831,Fall,CHARGE_PRIORITY
646.0,apartment,0.0,3.6399999999999997,0.33431496662704696,3.305685033372953,0.0,3.6399999999999997,Fall,CHARGE_PRIORITY
646.0,family_house,0.0,10.08,0.0,10.08,0.0,10.08,Fall,CHARGE_PRIORITY
646.0,luxury_house,0.0,18.0,0.0,18.0,0.0,18.0,Fall,CHARGE_PRIORITY
646.0,small_family,0.0,6.5,0.5,6.0,0.0,6.5,Fall,CHARGE_PRIORITY
647.0,apartment,0.0,3.6399999999999997,0.27999999999999997,3.3599999999999994,0.0,3.6399999999999997,Fall,CHARGE_PRIORITY
647.0,family_house,0.0,10.08,0.0,10.08,0.0,10.08,Fall,CHARGE_PRIORITY
647.0,luxury_house,0.0,18.0,0.0,18.0,0.0,18.0,Fall,CHARGE_PRIORITY
647.0,small_family,0.0,6.5,0.5,6.0,0.0,6.5,Fall,CHARGE_PRIORITY
648.0,apartment,0.0,3.6399999999999997,0.27999999999999997,3.3599999999999994,0.0,3.6399999999999997,Fall,CHARGE_PRIORITY
648.0,family_house,0.0,10.08,0.0,10.08,0.0,10.08,Fall,CHARGE_PRIORITY
648.0,luxury_house,0.0,18.0,0.0,18.0,0.0,18.0,Fall,CHARGE_PRIORITY
648.0,small_family,0.0,6.5,0.5,6.0,0.0,6.5,Fall,CHARGE_PRIORITY
649.0,apartment,5.644643724030893,3.6399999999999997,3.145133694304489,0.4948663056955107,0.0,-2.0046437240308936,Fall,CHARGE_PRIORITY
649.0,family_house,7.587483883886355,10.08,6.268043475759599,3.8119565242404008,0.0,2.492516116113645,Fall,CHARGE_PRIORITY
649.0,luxury_house,12.983366045558933,18.0,11.533117642812387,6.466882357187614,0.0,5.016633954441068,Fall,CHARGE_PRIORITY
649.0,small_family,7.949383284784478,6.5,5.7374597754495,0.7625402245505004,0.0,-1.4493832847844776,Fall,CHARGE_PRIORITY
650.0,apartment,10.904614306483888,3.6399999999999997,3.546338583503786,0.0936614164962136,0.0,-7.264614306483887,Fall,CHARGE_PRIORITY
650.0,family_house,14.65789327999583,10.08,8.99867807818345,1.0813219218165493,0.0,-4.577893279995831,Fall,CHARGE_PRIORITY
650.0,luxury_house,25.081937151139886,18.0,14.926513099615018,3.073486900384981,0.0,-7.081937151139888,Fall,CHARGE_PRIORITY
650.0,small_family,15.357029235687907,6.5,6.5,0.0,0.0,-8.857029235687907,Fall,CHARGE_PRIORITY
651.0,apartment,15.4214534446772,3.6399999999999997,3.623522551984446,0.01647744801555373,0.0,-11.781453444677199,Fall,CHARGE_PRIORITY
651.0,family_house,20.72939147238756,10.08,9.631642178648287,0.4483578213517122,0.0,-10.64939147238756,Fall,CHARGE_PRIORITY
651.0,luxury_house,33.20184436604711,18.0,16.5399400923431,1.4600599076568979,0.0,-15.201844366047112,Fall,CHARGE_PRIORITY
651.0,small_family,21.71811902286997,6.5,6.5,0.0,0.0,-15.21811902286997,Fall,CHARGE_PRIORITY
652.0,apartment,18.887346015772554,3.6399999999999997,3.6399999999999997,0.0,0.0,-15.247346015772553,Fall,CHARGE_PRIORITY
652.0,family_house,25.03378930858041,10.08,9.887864335065006,0.19213566493499412,0.0,-14.953789308580408,Fall,CHARGE_PRIORITY
652.0,luxury_house,35.96723440773423,18.0,17.230658353818527,0.7693416461814729,0.0,-17.96723440773423,Fall,CHARGE_PRIORITY
652.0,small_family,26.5991548895321,6.5,6.5,0.0,0.0,-20.0991548895321,Fall,CHARGE_PRIORITY
653.0,apartment,21.06609716870809,3.6399999999999997,3.6399999999999997,0.0,0.0,-17.42609716870809,Fall,CHARGE_PRIORITY
653.0,family_house,27.025345954299702,10.08,9.962598771856175,0.11740122814382481,0.0,-16.945345954299704,Fall,CHARGE_PRIORITY
653.0,luxury_house,37.34771559029567,18.0,17.387926714750336,0.6120732852496626,0.0,-19.34771559029567,Fall,CHARGE_PRIORITY
653.0,small_family,29.64464160012554,6.5,6.5,0.0,0.4488971235372854,-23.14464160012554,Fall,CHARGE_PRIORITY
654.0,apartment,21.80922861296778,3.6399999999999997,3.6399999999999997,0.0,2.3353779016617016,-18.16922861296778,Fall,CHARGE_PRIORITY
654.0,family_house,27.696487490547824,10.08,9.988089296496277,0.09191070350372188,0.0,-17.616487490547826,Fall,CHARGE_PRIORITY
654.0,luxury_house,37.81857201352142,18.0,17.419249377730804,0.5807506222691972,0.0,-19.81857201352142,Fall,CHARGE_PRIORITY
654.0,small_family,30.54928660376349,6.5,6.5,0.0,6.577124839240032,-24.04928660376349,Fall,CHARGE_PRIORITY
655.0,apartment,21.066097168708094,3.6399999999999997,3.6399999999999997,0.0,11.417873361508978,-17.426097168708093,Fall,CHARGE_PRIORITY
655.0,family_house,27.025345954299702,10.08,9.962598771856175,0.11740122814382481,4.789460215858445,-16.945345954299704,Fall,CHARGE_PRIORITY
655.0,luxury_house,37.34771559029567,18.0,17.387926714750336,0.6120732852496626,0.0,-19.34771559029567,Fall,CHARGE_PRIORITY
655.0,small_family,29.644641600125542,6.5,6.5,0.0,10.638886947755951,-23.144641600125546,Fall,CHARGE_PRIORITY
656.0,apartment,18.887346015772554,3.6399999999999997,3.6399999999999997,0.0,10.89114835959574,-15.247346015772553,Fall,CHARGE_PRIORITY
656.0,family_house,25.03378930858041,10.08,9.887864335065006,0.192135664934994,6.2961307764435865,-14.953789308580411,Fall,CHARGE_PRIORITY
656.0,luxury_house,35.96723440773423,18.0,17.296093313527912,0.7039066864720875,0.0,-17.96723440773423,Fall,CHARGE_PRIORITY
656.0,small_family,26.599154889532105,6.5,6.5,0.0,10.916915721624601,-20.099154889532105,Fall,CHARGE_PRIORITY
657.0,apartment,15.4214534446772,3.6399999999999997,3.6399999999999997,0.0,9.478407029738296,-11.781453444677199,Fall,CHARGE_PRIORITY
657.0,family_house,20.72939147238756,10.08,9.768979014485591,0.31102098551440804,5.121871602265189,-10.64939147238756,Fall,CHARGE_PRIORITY
657.0,luxury_house,33.20184436604711,18.0,17.112481770365964,0.8875182296340371,0.0,-15.201844366047112,Fall,CHARGE_PRIORITY
657.0,small_family,21.71811902286997,6.5,6.5,0.0,9.368948387837063,-15.21811902286997,Fall,CHARGE_PRIORITY
658.0,apartment,10.904614306483895,3.6399999999999997,3.6399999999999997,0.0,6.721743169654692,-7.264614306483895,Fall,CHARGE_PRIORITY
658.0,family_house,14.657893279995843,10.08,9.56815915556684,0.5118408444331584,3.6614771265973483,-4.577893279995843,Fall,CHARGE_PRIORITY
658.0,luxury_house,25.081937151139908,18.0,16.287871201047214,1.7121287989527851,2.976546222982856,-7.081937151139907,Fall,CHARGE_PRIORITY
658.0,small_family,15.35702923568792,6.5,6.5,0.0,5.892613890592732,-8.85702923568792,Fall,CHARGE_PRIORITY
659.0,apartment,5.6446437240308995,3.6399999999999997,3.6399999999999997,0.0,2.3989396192481327,-2.0046437240309,Fall,CHARGE_PRIORITY
659.0,family_house,7.587483883886362,10.08,8.850812325757685,1.2291876742423142,0.8107037144100171,2.492516116113637,Fall,CHARGE_PRIORITY
659.0,luxury_house,12.983366045558947,18.0,15.234017012883362,2.765982987116639,0.6670236440217754,5.016633954441053,Fall,CHARGE_PRIORITY
659.0,small_family,7.949383284784487,6.5,6.5,0.0,1.8443366261547274,-1.4493832847844867,Fall,CHARGE_PRIORITY
660.0,apartment,2.6708602012743856e-15,3.6399999999999997,3.4044470400318834,0.2355529599681161,0.0,3.639999999999997,Fall,CHARGE_PRIORITY
660.0,family_house,3.590148417518079e-15,10.08,8.4,1.6799999999999997,0.0,10.079999999999997,Fall,CHARGE_PRIORITY
660.0,luxury_house,6.14330280971171e-15,18.0,12.0,5.999999999999999,0.0,17.999999999999993,Fall,CHARGE_PRIORITY
660.0,small_family,3.761387339579505e-15,6.5,6.5,0.0,0.0,6.4999999999999964,Fall,CHARGE_PRIORITY
661.0,apartment,0.0,3.6399999999999997,3.3599999999999994,0.27999999999999997,0.0,3.6399999999999997,Fall,CHARGE_PRIORITY
661.0,family_house,0.0,10.08,7.705822557384664,2.374177442615336,0.0,10.08,Fall,CHARGE_PRIORITY
661.0,luxury_house,0.0,18.0,12.0,6.0,0.0,18.0,Fall,CHARGE_PRIORITY
661.0,small_family,0.0,6.5,6.5,0.0,0.0,6.5,Fall,CHARGE_PRIORITY
662.0,apartment,0.0,3.6399999999999997,3.3599999999999994,0.27999999999999997,0.0,3.6399999999999997,Fall,CHARGE_PRIORITY
662.0,family_house,0.0,10.08,7.56,2.52,0.0,10.08,Fall,CHARGE_PRIORITY
662.0,luxury_house,0.0,18.0,10.631400724880177,7.3685992751198235,0.0,18.0,Fall,CHARGE_PRIORITY
662.0,small_family,0.0,6.5,6.5,0.0,0.0,6.5,Fall,CHARGE_PRIORITY
663.0,apartment,0.0,3.6399999999999997,3.3599999999999994,0.27999999999999997,0.0,3.6399999999999997,Fall,CHARGE_PRIORITY
663.0,family_house,0.0,10.08,7.343917378929044,2.7360826210709557,0.0,10.08,Fall,CHARGE_PRIORITY
663.0,luxury_house,0.0,18.0,10.5,7.5,0.0,18.0,Fall,CHARGE_PRIORITY
663.0,small_family,0.0,6.5,6.5,0.0,0.0,6.5,Fall,CHARGE_PRIORITY
664.0,apartment,0.0,3.6399999999999997,3.3599999999999994,0.27999999999999997,0.0,3.6399999999999997,Fall,CHARGE_PRIORITY
664.0,family_house,0.0,10.08,6.488784903212852,3.5912150967871477,0.0,10.08,Fall,CHARGE_PRIORITY
664.0,luxury_house,0.0,18.0,10.5,7.5,0.0,18.0,Fall,CHARGE_PRIORITY
664.0,small_family,0.0,6.5,6.360183938886541,0.13981606111345934,0.0,6.5,Fall,CHARGE_PRIORITY
665.0,apartment,0.0,3.6399999999999997,3.3599999999999994,0.27999999999999997,0.0,3.6399999999999997,Fall,CHARGE_PRIORITY
665.0,family_house,0.0,10.08,5.448772266361001,4.631227733638999,0.0,10.08,Fall,CHARGE_PRIORITY
665.0,luxury_house,0.0,18.0,10.5,7.5,0.0,18.0,Fall,CHARGE_PRIORITY
665.0,small_family,0.0,6.5,6.0,0.5,0.0,6.5,Fall,CHARGE_PRIORITY
666.0,apartment,0.0,30.664802535439353,23.382512034044634,7.282290501394719,0.0,30.664802535439353,Fall,CHARGE_PRIORITY
666.0,family_house,0.0,23.619891867368768,8.33624969978497,15.2836421675838,0.0,23.619891867368768,Fall,CHARGE_PRIORITY
666.0,luxury_house,0.0,38.17900514874939,22.73437252515002,15.444632623599368,0.0,38.17900514874939,Fall,CHARGE_PRIORITY
666.0,small_family,0.0,25.146162775377256,24.271205835280536,0.8749569400967216,0.0,25.146162775377256,Fall,CHARGE_PRIORITY
667.0,apartment,0.0,22.75004273126348,15.394767416807282,7.355275314456198,0.0,22.75004273126348,Fall,CHARGE_PRIORITY
667.0,family_house,0.0,31.734245077631073,12.962900624120024,18.77134445351105,0.0,31.734245077631073,Fall,CHARGE_PRIORITY
667.0,luxury_house,0.0,34.03425165171023,18.962561527981926,15.071690123728304,0.0,34.03425165171023,Fall,CHARGE_PRIORITY
667.0,small_family,0.0,24.342419064640506,21.940255807823444,2.4021632568170626,0.0,24.342419064640506,Fall,CHARGE_PRIORITY
668.0,apartment,0.0,20.57537412387494,7.908264645202728,12.667109478672213,0.0,20.57537412387494,Fall,CHARGE_PRIORITY
668.0,family_house,0.0,28.241011051285803,9.287282043590345,18.953729007695458,0.0,28.241011051285803,Fall,CHARGE_PRIORITY
668.0,luxury_house,0.0,35.324794212048204,6.580916460858134,28.74387775119007,0.0,35.324794212048204,Fall,CHARGE_PRIORITY
668.0,small_family,0.0,30.028838285863287,12.712455080431722,17.316383205431563,0.0,30.028838285863287,Fall,CHARGE_PRIORITY
669.0,apartment,0.0,25.452636699249773,3.758605304858197,21.694031394391576,0.0,25.452636699249773,Fall,CHARGE_PRIORITY
669.0,family_house,0.0,26.83265584142803,2.183746604283379,24.64890923714465,0.0,26.83265584142803,Fall,CHARGE_PRIORITY
669.0,luxury_house,0.0,32.86882132149724,-1.0532500405730103e-16,32.86882132149724,0.0,32.86882132149724,Fall,CHARGE_PRIORITY
669.0,small_family,0.0,27.44161760130441,2.2243329821084292,25.217284619195983,0.0,27.44161760130441,Fall,CHARGE_PRIORITY
670.0,apartment,0.0,3.6399999999999997,0.5599999999999999,3.0799999999999996,0.0,3.6399999999999997,Fall,CHARGE_PRIORITY
670.0,family_house,0.0,10.08,0.0,10.08,0.0,10.08,Fall,CHARGE_PRIORITY
670.0,luxury_house,0.0,18.0,0.0,18.0,0.0,18.0,Fall,CHARGE_PRIORITY
670.0,small_family,0.0,6.5,0.0,6.5,0.0,6.5,Fall,CHARGE_PRIORITY
671.0,apartment,0.0,3.6399999999999997,0.5599999999999999,3.0799999999999996,0.0,3.6399999999999997,Fall,CHARGE_PRIORITY
671.0,family_house,0.0,10.08,0.0,10.08,0.0,10.08,Fall,CHARGE_PRIORITY
671.0,luxury_house,0.0,18.0,0.0,18.0,0.0,18.0,Fall,CHARGE_PRIORITY
671.0,small_family,0.0,6.5,0.0,6.5,0.0,6.5,Fall,CHARGE_PRIORITY
672.0,apartment,0.0,3.6399999999999997,0.40706935469103844,3.2329306453089615,0.0,3.6399999999999997,Fall,CHARGE_PRIORITY
672.0,family_house,0.0,10.08,0.0,10.08,0.0,10.08,Fall,CHARGE_PRIORITY
672.0,luxury_house,0.0,18.0,0.0,18.0,0.0,18.0,Fall,CHARGE_PRIORITY
672.0,small_family,0.0,6.5,0.0,6.5,0.0,6.5,Fall,CHARGE_PRIORITY
673.0,apartment,4.330032049889389,3.6399999999999997,2.722648866989081,0.9173511330109185,0.0,-0.6900320498893894,Fall,CHARGE_PRIORITY
673.0,family_house,9.83182860541804,10.08,7.809894051395502,2.2701059486044977,0.0,0.24817139458195936,Fall,CHARGE_PRIORITY
673.0,luxury_house,12.23225223626088,18.0,11.002530682827269,6.997469317172732,0.0,5.76774776373912,Fall,CHARGE_PRIORITY
673.0,small_family,8.476999354113989,6.5,5.541239163038158,0.9587608369618417,0.0,-1.976999354113989,Fall,CHARGE_PRIORITY
674.0,apartment,8.364979571295112,3.6399999999999997,3.4521578715230836,0.1878421284769161,0.0,-4.724979571295112,Fall,CHARGE_PRIORITY
674.0,family_house,18.993634339241837,10.08,9.47973034574659,0.6002696542534085,0.0,-8.913634339241836,Fall,CHARGE_PRIORITY
674.0,luxury_house,23.63089669737319,18.0,16.75048146523526,1.2495185347647408,0.0,-5.630896697373187,Fall,CHARGE_PRIORITY
674.0,small_family,16.376305211148903,6.5,6.190427189287921,0.3095728107120792,0.0,-9.876305211148905,Fall,CHARGE_PRIORITY
675.0,apartment,11.829867558699428,3.6399999999999997,3.606310709251849,0.033689290748150746,0.0,-8.18986755869943,Fall,CHARGE_PRIORITY
675.0,family_house,26.861055281311152,10.08,10.036751656982279,0.04324834301772007,0.0,-16.78105528131115,Fall,CHARGE_PRIORITY
675.0,luxury_house,32.84599625107364,18.0,17.840116110552675,0.15988388944732668,0.0,-14.845996251073641,Fall,CHARGE_PRIORITY
675.0,small_family,23.15959293116798,6.5,6.438882616480393,0.06111738351960694,0.0,-16.65959293116798,Fall,CHARGE_PRIORITY
676.0,apartment,14.488569621758861,3.6399999999999997,3.6399999999999997,0.0,0.0,-10.848569621758863,Fall,CHARGE_PRIORITY
676.0,family_house,32.09286367220189,10.08,10.08,0.0,0.0,-22.012863672201888,Fall,CHARGE_PRIORITY
676.0,luxury_house,39.067086933237036,18.0,18.0,0.0,0.0,-21.067086933237036,Fall,CHARGE_PRIORITY
676.0,small_family,28.364592665964878,6.5,6.5,0.0,0.0,-21.864592665964878,Fall,CHARGE_PRIORITY
677.0,apartment,16.159899608588816,3.6399999999999997,3.6399999999999997,0.0,0.0,-12.519899608588815,Fall,CHARGE_PRIORITY
677.0,family_house,34.564423999032556,10.08,10.08,0.0,0.0,-24.484423999032554,Fall,CHARGE_PRIORITY
677.0,luxury_house,41.29594273830198,18.0,18.0,0.0,0.0,-23.29594273830198,Fall,CHARGE_PRIORITY
677.0,small_family,31.278791542557602,6.5,6.5,0.0,1.6512203924634377,-24.778791542557602,Fall,CHARGE_PRIORITY
678.0,apartment,16.729959142590225,3.6399999999999997,3.6399999999999997,0.0,3.4623834671668132,-13.089959142590226,Fall,CHARGE_PRIORITY
678.0,family_house,35.2193059692317,10.08,10.08,0.0,0.06530232586801732,-25.139305969231703,Fall,CHARGE_PRIORITY
678.0,luxury_house,41.90607753470079,18.0,18.0,0.0,0.0,-23.906077534700792,Fall,CHARGE_PRIORITY
678.0,small_family,32.09997839274158,6.5,6.5,0.0,10.638387352205399,-25.599978392741583,Fall,CHARGE_PRIORITY
679.0,apartment,16.15989960858882,3.6399999999999997,3.6399999999999997,0.0,5.859641320515714,-12.519899608588819,Fall,CHARGE_PRIORITY
679.0,family_house,34.564423999032556,10.08,10.08,0.0,8.330738005519247,-24.484423999032554,Fall,CHARGE_PRIORITY
679.0,luxury_house,41.29594273830198,18.0,18.0,0.0,0.0,-23.29594273830198,Fall,CHARGE_PRIORITY
679.0,small_family,31.278791542557606,6.5,6.5,0.0,13.130381453668367,-24.778791542557606,Fall,CHARGE_PRIORITY
680.0,apartment,14.488569621758861,3.6399999999999997,3.6399999999999997,0.0,5.9051861226250075,-10.848569621758863,Fall,CHARGE_PRIORITY
680.0,family_house,32.09286367220189,10.08,10.08,0.0,13.300202113988941,-22.01286367220189,Fall,CHARGE_PRIORITY
680.0,luxury_house,39.067086933237036,18.0,18.0,0.0,0.0,-21.06708693323704,Fall,CHARGE_PRIORITY
680.0,small_family,28.36459266596488,6.5,6.5,0.0,15.843943033634083,-21.86459266596488,Fall,CHARGE_PRIORITY
681.0,apartment,11.829867558699428,3.6399999999999997,3.6399999999999997,0.0,4.958945445362802,-8.18986755869943,Fall,CHARGE_PRIORITY
681.0,family_house,26.861055281311152,10.08,10.08,0.0,12.555021861828003,-16.78105528131115,Fall,CHARGE_PRIORITY
681.0,luxury_house,32.84599625107364,18.0,18.0,0.0,0.0,-14.845996251073641,Fall,CHARGE_PRIORITY
681.0,small_family,23.15959293116798,6.5,6.5,0.0,13.402713185824197,-16.65959293116798,Fall,CHARGE_PRIORITY
682.0,apartment,8.364979571295118,3.6399999999999997,3.6399999999999997,0.0,4.079443614952657,-4.724979571295118,Fall,CHARGE_PRIORITY
682.0,family_house,18.99363433924185,10.08,10.08,0.0,7.9102191859554445,-8.913634339241852,Fall,CHARGE_PRIORITY
682.0,luxury_house,23.630896697373206,18.0,18.0,0.0,0.7343445322805495,-5.630896697373205,Fall,CHARGE_PRIORITY
682.0,small_family,16.376305211148917,6.5,6.5,0.0,8.817807712226159,-9.876305211148917,Fall,CHARGE_PRIORITY
683.0,apartment,4.330032049889394,3.6399999999999997,3.6399999999999997,0.0,1.4604221976793021,-0.6900320498893944,Fall,CHARGE_PRIORITY
683.0,family_house,9.831828605418051,10.08,10.08,0.0,1.663526727154666,0.24817139458194837,Fall,CHARGE_PRIORITY
683.0,luxury_house,12.232252236260894,18.0,18.0,0.0,0.17388481089724972,5.767747763739107,Fall,CHARGE_PRIORITY
683.0,small_family,8.476999354114,6.5,6.304623500303908,0.19537649969609244,2.7645113951827094,-1.9769993541139987,Fall,CHARGE_PRIORITY
684.0,apartment,2.0488290913839117e-15,3.6399999999999997,3.1625276957640907,0.477472304235909,0.0,3.6399999999999975,Fall,CHARGE_PRIORITY
684.0,family_house,4.652098699545555e-15,10.08,9.178805036542977,0.9011949634570219,0.0,10.079999999999995,Fall,CHARGE_PRIORITY
684.0,luxury_house,5.787900400283967e-15,18.0,15.620643634636119,2.3793563653638814,0.0,17.999999999999993,Fall,CHARGE_PRIORITY
684.0,small_family,4.011037951738726e-15,6.5,6.0,0.49999999999999994,0.0,6.499999999999996,Fall,CHARGE_PRIORITY
685.0,apartment,0.0,3.6399999999999997,3.0799999999999996,0.5599999999999999,0.0,3.6399999999999997,Fall,CHARGE_PRIORITY
685.0,family_house,0.0,10.08,8.4,1.68,0.0,10.08,Fall,CHARGE_PRIORITY
685.0,luxury_house,0.0,18.0,15.0,3.0,0.0,18.0,Fall,CHARGE_PRIORITY
685.0,small_family,0.0,6.5,5.697305607381128,0.8026943926188725,0.0,6.5,Fall,CHARGE_PRIORITY
686.0,apartment,0.0,3.6399999999999997,3.0799999999999996,0.5599999999999999,0.0,3.6399999999999997,Fall,CHARGE_PRIORITY
686.0,family_house,0.0,10.08,8.4,1.68,0.0,10.08,Fall,CHARGE_PRIORITY
686.0,luxury_house,0.0,18.0,14.071381402201187,3.9286185977988124,0.0,18.0,Fall,CHARGE_PRIORITY
686.0,small_family,0.0,6.5,5.5,1.0,0.0,6.5,Fall,CHARGE_PRIORITY
687.0,apartment,0.0,3.6399999999999997,3.0799999999999996,0.5599999999999999,0.0,3.6399999999999997,Fall,CHARGE_PRIORITY
687.0,family_house,0.0,10.08,7.874586748903118,2.205413251096881,0.0,10.08,Fall,CHARGE_PRIORITY
687.0,luxury_house,0.0,18.0,13.5,4.5,0.0,18.0,Fall,CHARGE_PRIORITY
687.0,small_family,0.0,6.5,5.5,1.0,0.0,6.5,Fall,CHARGE_PRIORITY
688.0,apartment,0.0,3.6399999999999997,3.0058848764562054,0.6341151235437944,0.0,3.6399999999999997,Fall,CHARGE_PRIORITY
688.0,family_house,0.0,10.08,7.56,2.52,0.0,10.08,Fall,CHARGE_PRIORITY
688.0,luxury_house,0.0,18.0,12.925325488126582,5.074674511873417,0.0,18.0,Fall,CHARGE_PRIORITY
688.0,small_family,0.0,6.5,5.5,1.0,0.0,6.5,Fall,CHARGE_PRIORITY
689.0,apartment,0.0,3.6399999999999997,2.8,0.8399999999999999,0.0,3.6399999999999997,Fall,CHARGE_PRIORITY
689.0,family_house,0.0,10.08,7.56,2.52,0.0,10.08,Fall,CHARGE_PRIORITY
689.0,luxury_house,0.0,18.0,12.0,6.0,0.0,18.0,Fall,CHARGE_PRIORITY
689.0,small_family,0.0,6.5,5.159660500264872,1.3403394997351281,0.0,6.5,Fall,CHARGE_PRIORITY
690.0,apartment,0.0,22.20059288421698,12.400125628043385,9.800467256173595,0.0,22.20059288421698,Fall,CHARGE_PRIORITY
690.0,family_house,0.0,26.00688809858828,17.94753041903809,8.059357679550187,0.0,26.00688809858828,Fall,CHARGE_PRIORITY
690.0,luxury_house,0.0,40.0135956796907,20.813280957764935,19.20031472192577,0.0,40.0135956796907,Fall,CHARGE_PRIORITY
690.0,small_family,0.0,27.131573267702066,21.312732092681834,5.81884117502023,0.0,27.131573267702066,Fall,CHARGE_PRIORITY
691.0,apartment,0.0,24.526806864972095,9.661190060871805,14.86561680410029,0.0,24.526806864972095,Fall,CHARGE_PRIORITY
691.0,family_house,0.0,29.61555520107588,20.06440003772563,9.55115516335025,0.0,29.61555520107588,Fall,CHARGE_PRIORITY
691.0,luxury_house,0.0,40.42164095157299,10.053265561795651,30.36837538977734,0.0,40.42164095157299,Fall,CHARGE_PRIORITY
691.0,small_family,0.0,29.28801587090071,22.72361950340195,6.564396367498764,0.0,29.28801587090071,Fall,CHARGE_PRIORITY
692.0,apartment,0.0,25.03170561327384,8.483427009757978,16.54827860351586,0.0,25.03170561327384,Fall,CHARGE_PRIORITY
692.0,family_house,0.0,31.226682269161667,15.075101123429617,16.151581145732052,0.0,31.226682269161667,Fall,CHARGE_PRIORITY
692.0,luxury_house,0.0,36.077163586041905,2.0110110759462647,34.06615251009564,0.0,36.077163586041905,Fall,CHARGE_PRIORITY
692.0,small_family,0.0,21.15937171787473,8.720480875510981,12.43889084236375,0.0,21.15937171787473,Fall,CHARGE_PRIORITY
693.0,apartment,0.0,22.822899205175826,4.0183475750840465,18.80455163009178,0.0,22.822899205175826,Fall,CHARGE_PRIORITY
693.0,family_house,0.0,29.027563289944567,3.154846749196852,25.872716540747714,0.0,29.027563289944567,Fall,CHARGE_PRIORITY
693.0,luxury_house,0.0,41.309945265957886,0.0,41.309945265957886,0.0,41.309945265957886,Fall,CHARGE_PRIORITY
693.0,small_family,0.0,26.594574308565477,6.651276697818892,19.943297610746583,0.0,26.594574308565477,Fall,CHARGE_PRIORITY
694.0,apartment,0.0,3.6399999999999997,0.27999999999999997,3.3599999999999994,0.0,3.6399999999999997,Fall,CHARGE_PRIORITY
694.0,family_house,0.0,10.08,0.84,9.24,0.0,10.08,Fall,CHARGE_PRIORITY
694.0,luxury_house,0.0,18.0,0.0,18.0,0.0,18.0,Fall,CHARGE_PRIORITY
694.0,small_family,0.0,6.5,1.0,5.5,0.0,6.5,Fall,CHARGE_PRIORITY
695.0,apartment,0.0,3.6399999999999997,0.21146704573314906,3.4285329542668506,0.0,3.6399999999999997,Fall,CHARGE_PRIORITY
695.0,family_house,0.0,10.08,0.84,9.24,0.0,10.08,Fall,CHARGE_PRIORITY
695.0,luxury_house,0.0,18.0,0.0,18.0,0.0,18.0,Fall,CHARGE_PRIORITY
695.0,small_family,0.0,6.5,0.7387314311268848,5.761268568873115,0.0,6.5,Fall,CHARGE_PRIORITY
696.0,apartment,0.0,3.6399999999999997,0.0,3.6399999999999997,0.0,3.6399999999999997,Fall,CHARGE_PRIORITY
696.0,family_house,0.0,10.08,0.003855243954701759,10.076144756045299,0.0,10.08,Fall,CHARGE_PRIORITY
696.0,luxury_house,0.0,18.0,0.0,18.0,0.0,18.0,Fall,CHARGE_PRIORITY
696.0,small_family,0.0,6.5,0.5,6.0,0.0,6.5,Fall,CHARGE_PRIORITY
697.0,apartment,4.849068091995281,3.6399999999999997,3.2055895845284477,0.4344104154715519,0.0,-1.2090680919952805,Fall,CHARGE_PRIORITY
697.0,family_house,7.903072167089751,10.08,6.377798530901771,3.7022014690982292,0.0,2.176927832910249,Fall,CHARGE_PRIORITY
697.0,luxury_house,13.315097087132054,18.0,11.95250727583768,6.0474927241623195,0.0,4.684902912867947,Fall,CHARGE_PRIORITY
697.0,small_family,6.568957007689411,6.5,5.216797286793443,1.283202713206557,0.0,-0.06895700768941104,Fall,CHARGE_PRIORITY
698.0,apartment,9.367680206984993,3.6399999999999997,3.5697185973101067,0.07028140268989308,0.0,-5.727680206984993,Fall,CHARGE_PRIORITY
698.0,family_house,15.267563026436608,10.08,8.81009188733466,1.2699081126653395,0.0,-5.187563026436609,Fall,CHARGE_PRIORITY
698.0,luxury_house,25.722792312014388,18.0,16.55295580725981,1.4470441927401891,0.0,-7.722792312014389,Fall,CHARGE_PRIORITY
698.0,small_family,12.690250451019518,6.5,6.408041701301249,0.09195829869875088,0.0,-6.1902504510195175,Fall,CHARGE_PRIORITY
699.0,apartment,13.247900396692183,3.6399999999999997,3.6399999999999997,0.0,0.0,-9.607900396692182,Fall,CHARGE_PRIORITY
699.0,family_house,21.591594696372674,10.08,9.554066951332235,0.525933048667765,0.0,-11.511594696372676,Fall,CHARGE_PRIORITY
699.0,luxury_house,34.86463940057112,18.0,17.8905902737283,0.1094097262717002,0.0,-16.864639400571125,Fall,CHARGE_PRIORITY
699.0,small_family,17.946724297743096,6.5,6.5,0.0,0.0,-11.446724297743096,Fall,CHARGE_PRIORITY
700.0,apartment,16.225298067555347,3.6399999999999997,3.6399999999999997,0.0,0.0,-12.585298067555348,Fall,CHARGE_PRIORITY
700.0,family_house,25.947383469963924,10.08,9.813437579886681,0.26656242011331865,0.0,-15.867383469963926,Fall,CHARGE_PRIORITY
700.0,luxury_house,38.83548340514407,18.0,18.0,0.0,0.0,-20.83548340514407,Fall,CHARGE_PRIORITY
700.0,small_family,21.98015854193967,6.5,6.5,0.0,0.0,-15.48015854193967,Fall,CHARGE_PRIORITY
701.0,apartment,18.09696848868746,3.6399999999999997,3.6399999999999997,0.0,0.0,-14.456968488687462,Fall,CHARGE_PRIORITY
701.0,family_house,27.997222358544427,10.08,9.976484773187892,0.10351522681210779,0.0,-17.917222358544425,Fall,CHARGE_PRIORITY
701.0,luxury_house,40.741892470715996,18.0,18.0,0.0,0.0,-22.741892470716,Fall,CHARGE_PRIORITY
701.0,small_family,24.5156813054325,6.5,6.5,0.0,0.0,-18.0156813054325,Fall,CHARGE_PRIORITY
702.0,apartment,18.73536041396999,3.6399999999999997,3.6399999999999997,0.0,2.397494994348706,-15.095360413969988,Fall,CHARGE_PRIORITY
702.0,family_house,28.56154326052465,10.08,10.032097134460617,0.04790286553938283,0.0,-18.481543260524653,Fall,CHARGE_PRIORITY
702.0,luxury_house,41.33248248991919,18.0,18.0,0.0,0.0,-23.33248248991919,Fall,CHARGE_PRIORITY
702.0,small_family,25.380500902039042,6.5,6.5,0.0,3.0463589206647237,-18.880500902039042,Fall,CHARGE_PRIORITY
703.0,apartment,18.096968488687462,3.6399999999999997,3.6399999999999997,0.0,6.62206528427553,-14.456968488687462,Fall,CHARGE_PRIORITY
703.0,family_house,27.997222358544427,10.08,9.976484773187892,0.10351522681210779,6.14357218722024,-17.917222358544425,Fall,CHARGE_PRIORITY
703.0,luxury_house,40.741892470715996,18.0,18.0,0.0,0.0,-22.741892470716,Fall,CHARGE_PRIORITY
703.0,small_family,24.515681305432505,6.5,6.5,0.0,5.896018940998083,-18.01568130543251,Fall,CHARGE_PRIORITY
704.0,apartment,16.225298067555347,3.6399999999999997,3.6399999999999997,0.0,6.352151263963588,-12.585298067555348,Fall,CHARGE_PRIORITY
704.0,family_house,25.947383469963928,10.08,9.813437579886681,0.2665624201133183,9.084666280474615,-15.86738346996393,Fall,CHARGE_PRIORITY
704.0,luxury_house,38.835483405144075,18.0,18.0,0.0,0.0,-20.835483405144075,Fall,CHARGE_PRIORITY
704.0,small_family,21.980158541939673,6.5,6.5,0.0,5.182801438105196,-15.480158541939671,Fall,CHARGE_PRIORITY
705.0,apartment,13.247900396692183,3.6399999999999997,3.6399999999999997,0.0,5.656777971018926,-9.607900396692182,Fall,CHARGE_PRIORITY
705.0,family_house,21.591594696372674,10.08,9.554066951332235,0.525933048667765,7.3608151499413275,-11.511594696372676,Fall,CHARGE_PRIORITY
705.0,luxury_house,34.86463940057112,18.0,18.0,0.0,0.0,-16.864639400571125,Fall,CHARGE_PRIORITY
705.0,small_family,17.946724297743096,6.5,6.5,0.0,4.713913839894619,-11.446724297743096,Fall,CHARGE_PRIORITY
706.0,apartment,9.367680206985,3.6399999999999997,3.6399999999999997,0.0,3.671905657903097,-5.727680206985,Fall,CHARGE_PRIORITY
706.0,family_house,15.26756302643662,10.08,9.21604856723031,0.8639514327696909,4.46679139617429,-5.187563026436623,Fall,CHARGE_PRIORITY
706.0,luxury_house,25.72279231201441,18.0,18.0,0.0,1.7797898714941411,-7.722792312014408,Fall,CHARGE_PRIORITY
706.0,small_family,12.690250451019528,6.5,6.5,0.0,3.250427941875728,-6.190250451019528,Fall,CHARGE_PRIORITY
707.0,apartment,4.849068091995286,3.6399999999999997,3.6399999999999997,0.0,1.3604728931996937,-1.209068091995286,Fall,CHARGE_PRIORITY
707.0,family_house,7.903072167089759,10.08,8.822417821855657,1.2575821781443421,1.0966293549766761,2.1769278329102404,Fall,CHARGE_PRIORITY
707.0,luxury_house,13.315097087132068,18.0,18.0,0.0,0.4101598332901839,4.6849029128679325,Fall,CHARGE_PRIORITY
707.0,small_family,6.568957007689418,6.5,6.5,0.0,0.9590024474892187,-0.06895700768941854,Fall,CHARGE_PRIORITY
708.0,apartment,2.2944199161840376e-15,3.6399999999999997,3.6399999999999997,0.0,0.0,3.6399999999999975,Fall,CHARGE_PRIORITY
708.0,family_house,3.739474438221215e-15,10.08,8.4,1.6799999999999997,0.0,10.079999999999997,Fall,CHARGE_PRIORITY
708.0,luxury_house,6.300267054008114e-15,18.0,16.55486896963278,1.4451310303672198,0.0,17.999999999999993,Fall,CHARGE_PRIORITY
708.0,small_family,3.1082149190438623e-15,6.5,6.5,0.0,0.0,6.4999999999999964,Fall,CHARGE_PRIORITY
709.0,apartment,0.0,3.6399999999999997,3.4276648645641976,0.21233513543580185,0.0,3.6399999999999997,Fall,CHARGE_PRIORITY
709.0,family_house,0.0,10.08,8.091378744573142,1.988621255426859,0.0,10.08,Fall,CHARGE_PRIORITY
709.0,luxury_house,0.0,18.0,15.863827816962397,2.136172183037603,0.0,18.0,Fall,CHARGE_PRIORITY
709.0,small_family,0.0,6.5,6.5,0.0,0.0,6.5,Fall,CHARGE_PRIORITY
710.0,apartment,0.0,3.6399999999999997,3.3599999999999994,0.27999999999999997,0.0,3.6399999999999997,Fall,CHARGE_PRIORITY
710.0,family_house,0.0,10.08,7.054596486836907,3.025403513163093,0.0,10.08,Fall,CHARGE_PRIORITY
710.0,luxury_house,0.0,18.0,12.237082048348064,5.762917951651935,0.0,18.0,Fall,CHARGE_PRIORITY
710.0,small_family,0.0,6.5,6.5,0.0,0.0,6.5,Fall,CHARGE_PRIORITY
711.0,apartment,0.0,3.6399999999999997,3.3599999999999994,0.27999999999999997,0.0,3.6399999999999997,Fall,CHARGE_PRIORITY
711.0,family_house,0.0,10.08,6.20117858797959,3.878821412020409,0.0,10.08,Fall,CHARGE_PRIORITY
711.0,luxury_house,0.0,18.0,12.0,6.0,0.0,18.0,Fall,CHARGE_PRIORITY
711.0,small_family,0.0,6.5,5.9164443009804515,0.5835556990195486,0.0,6.5,Fall,CHARGE_PRIORITY
712.0,apartment,0.0,3.6399999999999997,3.3599999999999994,0.27999999999999997,0.0,3.6399999999999997,Fall,CHARGE_PRIORITY
712.0,family_house,0.0,10.08,5.88,4.2,0.0,10.08,Fall,CHARGE_PRIORITY
712.0,luxury_house,0.0,18.0,11.220962534177756,6.779037465822243,0.0,18.0,Fall,CHARGE_PRIORITY
712.0,small_family,0.0,6.5,5.5,1.0,0.0,6.5,Fall,CHARGE_PRIORITY
713.0,apartment,0.0,3.6399999999999997,3.3599999999999994,0.27999999999999997,0.0,3.6399999999999997,Fall,CHARGE_PRIORITY
713.0,family_house,0.0,10.08,5.88,4.2,0.0,10.08,Fall,CHARGE_PRIORITY
713.0,luxury_house,0.0,18.0,10.5,7.5,0.0,18.0,Fall,CHARGE_PRIORITY
713.0,small_family,0.0,6.5,5.5,1.0,0.0,6.5,Fall,CHARGE_PRIORITY
714.0,apartment,0.0,20.251169125523777,17.140635379050106,3.1105337464736715,0.0,20.251169125523777,Fall,CHARGE_PRIORITY
714.0,family_house,0.0,26.910070799949526,9.269294653453313,17.640776146496215,0.0,26.910070799949526,Fall,CHARGE_PRIORITY
714.0,luxury_house,0.0,34.49953246511515,17.087578308346682,17.411954156768473,0.0,34.49953246511515,Fall,CHARGE_PRIORITY
714.0,small_family,0.0,27.160829553622836,19.120027058640183,8.040802494982652,0.0,27.160829553622836,Fall,CHARGE_PRIORITY
715.0,apartment,0.0,23.940757408609432,17.33171502830884,6.609042380300594,0.0,23.940757408609432,Fall,CHARGE_PRIORITY
715.0,family_house,0.0,26.167087419863993,9.850806900677778,16.316280519186215,0.0,26.167087419863993,Fall,CHARGE_PRIORITY
715.0,luxury_house,0.0,39.011866492883236,13.778030718616753,25.23383577426648,0.0,39.011866492883236,Fall,CHARGE_PRIORITY
715.0,small_family,0.0,26.327757618680828,15.797415861053986,10.53034175762684,0.0,26.327757618680828,Fall,CHARGE_PRIORITY
716.0,apartment,0.0,17.6327984359525,5.201489693042255,12.431308742910243,0.0,17.6327984359525,Fall,CHARGE_PRIORITY
716.0,family_house,0.0,29.24991025066307,9.966946616251146,19.282963634411924,0.0,29.24991025066307,Fall,CHARGE_PRIORITY
716.0,luxury_house,0.0,36.24138956406254,11.572263416005141,24.669126148057398,0.0,36.24138956406254,Fall,CHARGE_PRIORITY
716.0,small_family,0.0,24.77188573940848,10.13243332780046,14.63945241160802,0.0,24.77188573940848,Fall,CHARGE_PRIORITY
717.0,apartment,0.0,19.77128523919318,3.558978312116527,16.21230692707665,0.0,19.77128523919318,Fall,CHARGE_PRIORITY
717.0,family_house,0.0,24.9618977919099,4.438544367674121,20.52335342423578,0.0,24.9618977919099,Fall,CHARGE_PRIORITY
717.0,luxury_house,0.0,41.50219764106389,1.6671088341294247,39.83508880693446,0.0,41.50219764106389,Fall,CHARGE_PRIORITY
717.0,small_family,0.0,22.988791924201667,2.0730017838880137,20.915790140313653,0.0,22.988791924201667,Fall,CHARGE_PRIORITY
718.0,apartment,0.0,3.6399999999999997,0.5599999999999999,3.0799999999999996,0.0,3.6399999999999997,Fall,CHARGE_PRIORITY
718.0,family_house,0.0,10.08,1.503099310253728,8.576900689746271,0.0,10.08,Fall,CHARGE_PRIORITY
718.0,luxury_house,0.0,18.0,0.0,18.0,0.0,18.0,Fall,CHARGE_PRIORITY
718.0,small_family,0.0,6.5,0.0,6.5,0.0,6.5,Fall,CHARGE_PRIORITY
719.0,apartment,0.0,3.6399999999999997,0.5599999999999999,3.0799999999999996,0.0,3.6399999999999997,Fall,CHARGE_PRIORITY
719.0,family_house,0.0,10.08,0.84,9.24,0.0,10.08,Fall,CHARGE_PRIORITY
719.0,luxury_house,0.0,18.0,0.0,18.0,0.0,18.0,Fall,CHARGE_PRIORITY
719.0,small_family,0.0,6.5,0.0,6.5,0.0,6.5,Fall,CHARGE_PRIORITY
