time,household_type,generation_kwh,load_kwh,self_consumed_kwh,grid_import,grid_export,net_load_kwh,season,strategy
0.0,apartment,0.0,3.6399999999999997,3.6399999999999997,0.0,0.0,3.6399999999999997,Winter,PRODUCE_PRIORITY
0.0,family_house,0.0,10.08,10.08,0.0,0.0,10.08,Winter,PRODUCE_PRIORITY
0.0,luxury_house,0.0,18.0,18.0,0.0,0.0,18.0,Winter,PRODUCE_PRIORITY
0.0,small_family,0.0,6.5,6.5,0.0,0.0,6.5,Winter,PRODUCE_PRIORITY
1.0,apartment,6.407080168626253,3.6399999999999997,3.6399999999999997,0.0,6.407080168626253,-2.7670801686262534,Winter,PRODUCE_PRIORITY
1.0,family_house,11.327976062864591,10.08,10.08,0.0,11.327976062864591,-1.247976062864591,Winter,PRODUCE_PRIORITY
1.0,luxury_house,10.88280818027284,18.0,18.0,0.0,10.88280818027284,7.117191819727161,Winter,PRODUCE_PRIORITY
1.0,small_family,10.562449982459448,6.5,6.5,0.0,10.562449982459448,-4.062449982459449,Winter,PRODUCE_PRIORITY
2.0,apartment,12.377528411961231,3.6399999999999997,3.6399999999999997,0.0,12.377528411961231,-8.737528411961232,Winter,PRODUCE_PRIORITY
2.0,family_house,21.883969277410532,10.08,10.08,0.0,21.883969277410532,-11.803969277410532,Winter,PRODUCE_PRIORITY
2.0,luxury_house,21.023970967750948,18.0,18.0,0.0,21.023970967750948,-3.023970967750947,Winter,PRODUCE_PRIORITY
2.0,small_family,20.40508645388819,6.5,6.5,0.0,20.40508645388819,-13.905086453888194,Winter,PRODUCE_PRIORITY
3.0,apartment,17.504468548853897,3.6399999999999997,3.6399999999999997,0.0,17.504468548853897,-13.864468548853896,Winter,PRODUCE_PRIORITY
3.0,family_house,30.948606150670123,10.08,10.08,0.0,30.948606150670123,-20.868606150670125,Winter,PRODUCE_PRIORITY
3.0,luxury_house,28.52811938224338,18.0,18.0,0.0,28.52811938224338,-10.528119382243379,Winter,PRODUCE_PRIORITY
3.0,small_family,28.857150004484215,6.5,6.5,0.0,28.857150004484215,-22.357150004484218,Winter,PRODUCE_PRIORITY
4.0,apartment,21.43850808164418,3.6399999999999997,3.6399999999999997,0.0,21.43850808164418,-17.79850808164418,Winter,PRODUCE_PRIORITY
4.0,family_house,36.60162515893884,10.08,10.08,0.0,36.60162515893884,-26.521625158938836,Winter,PRODUCE_PRIORITY
4.0,luxury_house,31.477497034340146,18.0,18.0,0.0,31.477497034340146,-13.477497034340146,Winter,PRODUCE_PRIORITY
4.0,small_family,35.34264647096981,6.5,6.5,0.0,35.34264647096981,-28.842646470969807,Winter,PRODUCE_PRIORITY
5.0,apartment,23.911548717480144,3.6399999999999997,3.6399999999999997,0.0,23.911548717480144,-20.271548717480144,Winter,PRODUCE_PRIORITY
5.0,family_house,38.297584615789845,10.08,10.08,0.0,38.297584615789845,-28.21758461578985,Winter,PRODUCE_PRIORITY
5.0,luxury_house,33.26290481370547,18.0,12.457796189455474,5.542203810544526,33.26290481370547,-15.26290481370547,Winter,PRODUCE_PRIORITY
5.0,small_family,38.9314242119178,6.5,6.5,0.0,38.9314242119178,-32.4314242119178,Winter,PRODUCE_PRIORITY
6.0,apartment,24.755056823922466,3.6399999999999997,3.6399999999999997,0.0,24.755056823922466,-21.115056823922465,Winter,PRODUCE_PRIORITY
6.0,family_house,38.801948790124875,10.08,10.08,0.0,38.801948790124875,-28.72194879012488,Winter,PRODUCE_PRIORITY
6.0,luxury_house,33.84700199525136,18.0,0.0,18.0,33.84700199525136,-15.84700199525136,Winter,PRODUCE_PRIORITY
6.0,small_family,39.794669003612306,6.5,6.5,0.0,39.794669003612306,-33.294669003612306,Winter,PRODUCE_PRIORITY
7.0,apartment,23.911548717480148,3.6399999999999997,3.6399999999999997,0.0,23.911548717480148,-20.27154871748015,Winter,PRODUCE_PRIORITY
7.0,family_house,38.297584615789845,10.08,6.283347142091618,3.7966528579083825,38.297584615789845,-28.21758461578985,Winter,PRODUCE_PRIORITY
7.0,luxury_house,33.26290481370547,18.0,0.0,18.0,33.26290481370547,-15.26290481370547,Winter,PRODUCE_PRIORITY
7.0,small_family,38.93142421191781,6.5,6.5,0.0,38.93142421191781,-32.43142421191781,Winter,PRODUCE_PRIORITY
8.0,apartment,21.43850808164418,3.6399999999999997,3.6399999999999997,0.0,21.43850808164418,-17.79850808164418,Winter,PRODUCE_PRIORITY
8.0,family_house,36.60162515893884,10.08,0.0,10.08,36.60162515893884,-26.52162515893884,Winter,PRODUCE_PRIORITY
8.0,luxury_house,31.47749703434015,18.0,0.0,18.0,31.47749703434015,-13.47749703434015,Winter,PRODUCE_PRIORITY
8.0,small_family,35.34264647096981,6.5,6.5,0.0,35.34264647096981,-28.84264647096981,Winter,PRODUCE_PRIORITY
9.0,apartment,17.504468548853897,3.6399999999999997,3.6399999999999997,0.0,17.504468548853897,-13.864468548853896,Winter,PRODUCE_PRIORITY
9.0,family_house,30.948606150670123,10.08,0.0,10.08,30.948606150670123,-20.868606150670125,Winter,PRODUCE_PRIORITY
9.0,luxury_house,28.52811938224338,18.0,0.0,18.0,28.52811938224338,-10.528119382243379,Winter,PRODUCE_PRIORITY
9.0,small_family,28.857150004484215,6.5,3.164414373283407,3.335585626716593,28.857150004484215,-22.357150004484218,Winter,PRODUCE_PRIORITY
10.0,apartment,12.37752841196124,3.6399999999999997,3.6399999999999997,0.0,12.37752841196124,-8.737528411961241,Winter,PRODUCE_PRIORITY
10.0,family_house,21.88396927741055,10.08,0.0,10.08,21.88396927741055,-11.80396927741055,Winter,PRODUCE_PRIORITY
10.0,luxury_house,21.023970967750962,18.0,0.0,18.0,21.023970967750962,-3.0239709677509627,Winter,PRODUCE_PRIORITY
10.0,small_family,20.40508645388821,6.5,0.0,6.5,20.40508645388821,-13.90508645388821,Winter,PRODUCE_PRIORITY
11.0,apartment,6.40708016862626,3.6399999999999997,3.6399999999999997,0.0,6.40708016862626,-2.7670801686262605,Winter,PRODUCE_PRIORITY
11.0,family_house,11.327976062864604,10.08,0.0,10.08,11.327976062864604,-1.2479760628646037,Winter,PRODUCE_PRIORITY
11.0,luxury_house,10.882808180272852,18.0,0.0,18.0,10.882808180272852,7.117191819727148,Winter,PRODUCE_PRIORITY
11.0,small_family,10.56244998245946,6.5,0.0,6.5,10.56244998245946,-4.06244998245946,Winter,PRODUCE_PRIORITY
12.0,apartment,3.031620110212749e-15,3.6399999999999997,3.6399999999999997,0.0,3.031620110212749e-15,3.6399999999999966,Winter,PRODUCE_PRIORITY
12.0,family_house,5.3600265856439656e-15,10.08,0.0,10.08,5.3600265856439656e-15,10.079999999999995,Winter,PRODUCE_PRIORITY
12.0,luxury_house,5.1493877502046166e-15,18.0,0.0,18.0,5.1493877502046166e-15,17.999999999999993,Winter,PRODUCE_PRIORITY
12.0,small_family,4.997804762415839e-15,6.5,0.0,6.5,4.997804762415839e-15,6.499999999999995,Winter,PRODUCE_PRIORITY
13.0,apartment,0.0,3.6399999999999997,2.0115314986267174,1.628468501373282,0.0,3.6399999999999997,Winter,PRODUCE_PRIORITY
13.0,family_house,0.0,10.08,0.0,10.08,0.0,10.08,Winter,PRODUCE_PRIORITY
13.0,luxury_house,0.0,18.0,0.0,18.0,0.0,18.0,Winter,PRODUCE_PRIORITY
13.0,small_family,0.0,6.5,0.0,6.5,0.0,6.5,Winter,PRODUCE_PRIORITY
14.0,apartment,0.0,3.6399999999999997,0.0,3.6399999999999997,0.0,3.6399999999999997,Winter,PRODUCE_PRIORITY
14.0,family_house,0.0,10.08,0.0,10.08,0.0,10.08,Winter,PRODUCE_PRIORITY
14.0,luxury_house,0.0,18.0,0.0,18.0,0.0,18.0,Winter,PRODUCE_PRIORITY
14.0,small_family,0.0,6.5,0.0,6.5,0.0,6.5,Winter,PRODUCE_PRIORITY
15.0,apartment,0.0,3.6399999999999997,0.0,3.6399999999999997,0.0,3.6399999999999997,Winter,PRODUCE_PRIORITY
15.0,family_house,0.0,10.08,0.0,10.08,0.0,10.08,Winter,PRODUCE_PRIORITY
15.0,luxury_house,0.0,18.0,0.0,18.0,0.0,18.0,Winter,PRODUCE_PRIORITY
15.0,small_family,0.0,6.5,0.0,6.5,0.0,6.5,Winter,PRODUCE_PRIORITY
16.0,apartment,0.0,3.6399999999999997,0.0,3.6399999999999997,0.0,3.6399999999999997,Winter,PRODUCE_PRIORITY
16.0,family_house,0.0,10.08,0.0,10.08,0.0,10.08,Winter,PRODUCE_PRIORITY
16.0,luxury_house,0.0,18.0,0.0,18.0,0.0,18.0,Winter,PRODUCE_PRIORITY
16.0,small_family,0.0,6.5,0.0,6.5,0.0,6.5,Winter,PRODUCE_PRIORITY
17.0,apartment,0.0,3.6399999999999997,0.0,3.6399999999999997,0.0,3.6399999999999997,Winter,PRODUCE_PRIORITY
17.0,family_house,0.0,10.08,0.0,10.08,0.0,10.08,Winter,PRODUCE_PRIORITY
17.0,luxury_house,0.0,18.0,0.0,18.0,0.0,18.0,Winter,PRODUCE_PRIORITY
17.0,small_family,0.0,6.5,0.0,6.5,0.0,6.5,Winter,PRODUCE_PRIORITY
18.0,apartment,0.0,20.237002719203314,0.0,20.237002719203314,0.0,20.237002719203314,Winter,PRODUCE_PRIORITY
18.0,family_house,0.0,30.26873002053663,0.0,30.26873002053663,0.0,30.26873002053663,Winter,PRODUCE_PRIORITY
18.0,luxury_house,0.0,35.125292624639506,0.0,35.125292624639506,0.0,35.125292624639506,Winter,PRODUCE_PRIORITY
18.0,small_family,0.0,23.76958009405795,0.0,23.76958009405795,0.0,23.76958009405795,Winter,PRODUCE_PRIORITY
19.0,apartment,0.0,21.197251167979935,0.0,21.197251167979935,0.0,21.197251167979935,Winter,PRODUCE_PRIORITY
19.0,family_house,0.0,27.176749165901743,0.0,27.176749165901743,0.0,27.176749165901743,Winter,PRODUCE_PRIORITY
19.0,luxury_house,0.0,30.718244884018183,0.0,30.718244884018183,0.0,30.718244884018183,Winter,PRODUCE_PRIORITY
19.0,small_family,0.0,17.692156147755338,0.0,17.692156147755338,0.0,17.692156147755338,Winter,PRODUCE_PRIORITY
20.0,apartment,0.0,21.39393371724784,0.0,21.39393371724784,0.0,21.39393371724784,Winter,PRODUCE_PRIORITY
20.0,family_house,0.0,31.28839272751324,0.0,31.28839272751324,0.0,31.28839272751324,Winter,PRODUCE_PRIORITY
20.0,luxury_house,0.0,35.54707218439808,0.0,35.54707218439808,0.0,35.54707218439808,Winter,PRODUCE_PRIORITY
20.0,small_family,0.0,24.085242429086666,0.0,24.085242429086666,0.0,24.085242429086666,Winter,PRODUCE_PRIORITY
21.0,apartment,0.0,23.512700965582905,0.0,23.512700965582905,0.0,23.512700965582905,Winter,PRODUCE_PRIORITY
21.0,family_house,0.0,27.378412386840836,0.0,27.378412386840836,0.0,27.378412386840836,Winter,PRODUCE_PRIORITY
21.0,luxury_house,0.0,31.894539985279273,0.0,31.894539985279273,0.0,31.894539985279273,Winter,PRODUCE_PRIORITY
21.0,small_family,0.0,28.0462431781724,0.0,28.0462431781724,0.0,28.0462431781724,Winter,PRODUCE_PRIORITY
22.0,apartment,0.0,3.6399999999999997,0.0,3.6399999999999997,0.0,3.6399999999999997,Winter,PRODUCE_PRIORITY
22.0,family_house,0.0,10.08,0.0,10.08,0.0,10.08,Winter,PRODUCE_PRIORITY
22.0,luxury_house,0.0,18.0,0.0,18.0,0.0,18.0,Winter,PRODUCE_PRIORITY
22.0,small_family,0.0,6.5,0.0,6.5,0.0,6.5,Winter,PRODUCE_PRIORITY
23.0,apartment,0.0,3.6399999999999997,0.0,3.6399999999999997,0.0,3.6399999999999997,Winter,PRODUCE_PRIORITY
23.0,family_house,0.0,10.08,0.0,10.08,0.0,10.08,Winter,PRODUCE_PRIORITY
23.0,luxury_house,0.0,18.0,0.0,18.0,0.0,18.0,Winter,PRODUCE_PRIORITY
23.0,small_family,0.0,6.5,0.0,6.5,0.0,6.5,Winter,PRODUCE_PRIORITY
24.0,apartment,0.0,3.6399999999999997,0.0,3.6399999999999997,0.0,3.6399999999999997,Winter,PRODUCE_PRIORITY
24.0,family_house,0.0,10.08,0.0,10.08,0.0,10.08,Winter,PRODUCE_PRIORITY
24.0,luxury_house,0.0,18.0,0.0,18.0,0.0,18.0,Winter,PRODUCE_PRIORITY
24.0,small_family,0.0,6.5,0.0,6.5,0.0,6.5,Winter,PRODUCE_PRIORITY
25.0,apartment,5.987493585544577,3.6399999999999997,0.0,3.6399999999999997,5.987493585544577,-2.3474935855445773,Winter,PRODUCE_PRIORITY
25.0,family_house,9.682974504816396,10.08,0.0,10.08,9.682974504816396,0.39702549518360264,Winter,PRODUCE_PRIORITY
25.0,luxury_house,11.853053996599744,18.0,0.0,18.0,11.853053996599744,6.146946003400256,Winter,PRODUCE_PRIORITY
25.0,small_family,9.073621491669059,6.5,0.0,6.5,9.073621491669059,-2.573621491669059,Winter,PRODUCE_PRIORITY
26.0,apartment,11.566949378035282,3.6399999999999997,0.0,3.6399999999999997,11.566949378035282,-7.926949378035283,Winter,PRODUCE_PRIORITY
26.0,family_house,18.706070299001517,10.08,0.0,10.08,18.706070299001517,-8.626070299001519,Winter,PRODUCE_PRIORITY
26.0,luxury_house,22.898341951429103,18.0,0.0,18.0,22.898341951429103,-4.898341951429101,Winter,PRODUCE_PRIORITY
26.0,small_family,17.528890673549366,6.5,0.0,6.5,17.528890673549366,-11.028890673549366,Winter,PRODUCE_PRIORITY
27.0,apartment,16.358136685700536,3.6399999999999997,0.0,3.6399999999999997,16.358136685700536,-12.718136685700538,Winter,PRODUCE_PRIORITY
27.0,family_house,26.45437831555249,10.08,0.0,10.08,26.45437831555249,-16.37437831555249,Winter,PRODUCE_PRIORITY
27.0,luxury_house,31.730347131419254,18.0,0.0,18.0,31.730347131419254,-13.730347131419254,Winter,PRODUCE_PRIORITY
27.0,small_family,24.789594923888778,6.5,0.0,6.5,24.789594923888778,-18.289594923888778,Winter,PRODUCE_PRIORITY
28.0,apartment,20.034544011334336,3.6399999999999997,0.0,3.6399999999999997,20.034544011334336,-16.39454401133434,Winter,PRODUCE_PRIORITY
28.0,family_house,30.50218217789345,10.08,0.0,10.08,30.50218217789345,-20.42218217789345,Winter,PRODUCE_PRIORITY
28.0,luxury_house,35.265661974415124,18.0,0.0,18.0,35.265661974415124,-17.265661974415124,Winter,PRODUCE_PRIORITY
28.0,small_family,30.360929246907745,6.5,0.0,6.5,30.360929246907745,-23.860929246907745,Winter,PRODUCE_PRIORITY
29.0,apartment,22.345630271245113,3.6399999999999997,0.0,3.6399999999999997,22.345630271245113,-18.705630271245113,Winter,PRODUCE_PRIORITY
29.0,family_house,31.92136622167508,10.08,0.0,10.08,31.92136622167508,-21.84136622167508,Winter,PRODUCE_PRIORITY
29.0,luxury_house,37.48805379186637,18.0,0.0,18.0,37.48805379186637,-19.48805379186637,Winter,PRODUCE_PRIORITY
29.0,small_family,33.755716325930365,6.5,0.0,6.5,33.755716325930365,-27.25571632593036,Winter,PRODUCE_PRIORITY
30.0,apartment,23.13389875607057,3.6399999999999997,0.0,3.6399999999999997,23.13389875607057,-19.49389875607057,Winter,PRODUCE_PRIORITY
30.0,family_house,32.34190648724556,10.08,0.0,10.08,32.34190648724556,-22.26190648724556,Winter,PRODUCE_PRIORITY
30.0,luxury_house,38.073960761025674,18.0,0.0,18.0,38.073960761025674,-20.073960761025674,Winter,PRODUCE_PRIORITY
30.0,small_family,34.78046993134526,6.5,0.0,6.5,34.78046993134526,-28.280469931345262,Winter,PRODUCE_PRIORITY
31.0,apartment,22.345630271245113,3.6399999999999997,0.0,3.6399999999999997,22.345630271245113,-18.705630271245116,Winter,PRODUCE_PRIORITY
31.0,family_house,31.92136622167508,10.08,0.0,10.08,31.92136622167508,-21.84136622167508,Winter,PRODUCE_PRIORITY
31.0,luxury_house,37.48805379186637,18.0,0.0,18.0,37.48805379186637,-19.48805379186637,Winter,PRODUCE_PRIORITY
31.0,small_family,33.755716325930365,6.5,0.0,6.5,33.755716325930365,-27.25571632593037,Winter,PRODUCE_PRIORITY
32.0,apartment,20.034544011334336,3.6399999999999997,0.0,3.6399999999999997,20.034544011334336,-16.39454401133434,Winter,PRODUCE_PRIORITY
32.0,family_house,30.502182177893452,10.08,0.0,10.08,30.502182177893452,-20.42218217789345,Winter,PRODUCE_PRIORITY
32.0,luxury_house,35.265661974415124,18.0,0.0,18.0,35.265661974415124,-17.265661974415128,Winter,PRODUCE_PRIORITY
32.0,small_family,30.360929246907748,6.5,0.0,6.5,30.360929246907748,-23.860929246907748,Winter,PRODUCE_PRIORITY
33.0,apartment,16.358136685700536,3.6399999999999997,0.0,3.6399999999999997,16.358136685700536,-12.718136685700538,Winter,PRODUCE_PRIORITY
33.0,family_house,26.45437831555249,10.08,0.0,10.08,26.45437831555249,-16.37437831555249,Winter,PRODUCE_PRIORITY
33.0,luxury_house,31.730347131419254,18.0,0.0,18.0,31.730347131419254,-13.730347131419254,Winter,PRODUCE_PRIORITY
33.0,small_family,24.789594923888778,6.5,0.0,6.5,24.789594923888778,-18.289594923888778,Winter,PRODUCE_PRIORITY
34.0,apartment,11.566949378035291,3.6399999999999997,0.0,3.6399999999999997,11.566949378035291,-7.926949378035291,Winter,PRODUCE_PRIORITY
34.0,family_house,18.706070299001535,10.08,0.0,10.08,18.706070299001535,-8.626070299001535,Winter,PRODUCE_PRIORITY
34.0,luxury_house,22.898341951429117,18.0,0.0,18.0,22.898341951429117,-4.898341951429118,Winter,PRODUCE_PRIORITY
34.0,small_family,17.52889067354938,6.5,0.0,6.5,17.52889067354938,-11.02889067354938,Winter,PRODUCE_PRIORITY
35.0,apartment,5.987493585544583,3.6399999999999997,0.0,3.6399999999999997,5.987493585544583,-2.347493585544584,Winter,PRODUCE_PRIORITY
35.0,family_house,9.682974504816407,10.08,0.0,10.08,9.682974504816407,0.3970254951835923,Winter,PRODUCE_PRIORITY
35.0,luxury_house,11.853053996599757,18.0,0.0,18.0,11.853053996599757,6.1469460034002426,Winter,PRODUCE_PRIORITY
35.0,small_family,9.07362149166907,6.5,0.0,6.5,9.07362149166907,-2.5736214916690696,Winter,PRODUCE_PRIORITY
36.0,apartment,2.8330855063420753e-15,3.6399999999999997,0.0,3.6399999999999997,2.8330855063420753e-15,3.639999999999997,Winter,PRODUCE_PRIORITY
36.0,family_house,4.581665823259517e-15,10.08,0.0,10.08,4.581665823259517e-15,10.079999999999995,Winter,PRODUCE_PRIORITY
36.0,luxury_house,5.608476235319842e-15,18.0,0.0,18.0,5.608476235319842e-15,17.999999999999993,Winter,PRODUCE_PRIORITY
36.0,small_family,4.293339971193226e-15,6.5,0.0,6.5,4.293339971193226e-15,6.499999999999996,Winter,PRODUCE_PRIORITY
37.0,apartment,0.0,3.6399999999999997,0.0,3.6399999999999997,0.0,3.6399999999999997,Winter,PRODUCE_PRIORITY
37.0,family_house,0.0,10.08,0.0,10.08,0.0,10.08,Winter,PRODUCE_PRIORITY
37.0,luxury_house,0.0,18.0,0.0,18.0,0.0,18.0,Winter,PRODUCE_PRIORITY
37.0,small_family,0.0,6.5,0.0,6.5,0.0,6.5,Winter,PRODUCE_PRIORITY
38.0,apartment,0.0,3.6399999999999997,0.0,3.6399999999999997,0.0,3.6399999999999997,Winter,PRODUCE_PRIORITY
38.0,family_house,0.0,10.08,0.0,10.08,0.0,10.08,Winter,PRODUCE_PRIORITY
38.0,luxury_house,0.0,18.0,0.0,18.0,0.0,18.0,Winter,PRODUCE_PRIORITY
38.0,small_family,0.0,6.5,0.0,6.5,0.0,6.5,Winter,PRODUCE_PRIORITY
39.0,apartment,0.0,3.6399999999999997,0.0,3.6399999999999997,0.0,3.6399999999999997,Winter,PRODUCE_PRIORITY
39.0,family_house,0.0,10.08,0.0,10.08,0.0,10.08,Winter,PRODUCE_PRIORITY
39.0,luxury_house,0.0,18.0,0.0,18.0,0.0,18.0,Winter,PRODUCE_PRIORITY
39.0,small_family,0.0,6.5,0.0,6.5,0.0,6.5,Winter,PRODUCE_PRIORITY
40.0,apartment,0.0,3.6399999999999997,0.0,3.6399999999999997,0.0,3.6399999999999997,Winter,PRODUCE_PRIORITY
40.0,family_house,0.0,10.08,0.0,10.08,0.0,10.08,Winter,PRODUCE_PRIORITY
40.0,luxury_house,0.0,18.0,0.0,18.0,0.0,18.0,Winter,PRODUCE_PRIORITY
40.0,small_family,0.0,6.5,0.0,6.5,0.0,6.5,Winter,PRODUCE_PRIORITY
41.0,apartment,0.0,3.6399999999999997,0.0,3.6399999999999997,0.0,3.6399999999999997,Winter,PRODUCE_PRIORITY
41.0,family_house,0.0,10.08,0.0,10.08,0.0,10.08,Winter,PRODUCE_PRIORITY
41.0,luxury_house,0.0,18.0,0.0,18.0,0.0,18.0,Winter,PRODUCE_PRIORITY
41.0,small_family,0.0,6.5,0.0,6.5,0.0,6.5,Winter,PRODUCE_PRIORITY
42.0,apartment,0.0,23.88329422740404,0.0,23.88329422740404,0.0,23.88329422740404,Winter,PRODUCE_PRIORITY
42.0,family_house,0.0,33.43855565375693,0.0,33.43855565375693,0.0,33.43855565375693,Winter,PRODUCE_PRIORITY
42.0,luxury_house,0.0,34.305014797444386,0.0,34.305014797444386,0.0,34.305014797444386,Winter,PRODUCE_PRIORITY
42.0,small_family,0.0,20.870253490240938,0.0,20.870253490240938,0.0,20.870253490240938,Winter,PRODUCE_PRIORITY
43.0,apartment,0.0,17.06253242239557,0.0,17.06253242239557,0.0,17.06253242239557,Winter,PRODUCE_PRIORITY
43.0,family_house,0.0,23.92687834393931,0.0,23.92687834393931,0.0,23.92687834393931,Winter,PRODUCE_PRIORITY
43.0,luxury_house,0.0,38.2686959385915,0.0,38.2686959385915,0.0,38.2686959385915,Winter,PRODUCE_PRIORITY
43.0,small_family,0.0,27.960600152265357,0.0,27.960600152265357,0.0,27.960600152265357,Winter,PRODUCE_PRIORITY
44.0,apartment,0.0,18.086656187615006,0.0,18.086656187615006,0.0,18.086656187615006,Winter,PRODUCE_PRIORITY
44.0,family_house,0.0,30.90939256750332,0.0,30.90939256750332,0.0,30.90939256750332,Winter,PRODUCE_PRIORITY
44.0,luxury_house,0.0,31.62925520210151,0.0,31.62925520210151,0.0,31.62925520210151,Winter,PRODUCE_PRIORITY
44.0,small_family,0.0,24.29916178927259,0.0,24.29916178927259,0.0,24.29916178927259,Winter,PRODUCE_PRIORITY
45.0,apartment,0.0,25.669459942130526,0.0,25.669459942130526,0.0,25.669459942130526,Winter,PRODUCE_PRIORITY
45.0,family_house,0.0,26.703749774137936,0.0,26.703749774137936,0.0,26.703749774137936,Winter,PRODUCE_PRIORITY
45.0,luxury_house,0.0,38.28797753895144,0.0,38.28797753895144,0.0,38.28797753895144,Winter,PRODUCE_PRIORITY
45.0,small_family,0.0,27.716232319798706,0.0,27.716232319798706,0.0,27.716232319798706,Winter,PRODUCE_PRIORITY
46.0,apartment,0.0,3.6399999999999997,0.0,3.6399999999999997,0.0,3.6399999999999997,Winter,PRODUCE_PRIORITY
46.0,family_house,0.0,10.08,0.0,10.08,0.0,10.08,Winter,PRODUCE_PRIORITY
46.0,luxury_house,0.0,18.0,0.0,18.0,0.0,18.0,Winter,PRODUCE_PRIORITY
46.0,small_family,0.0,6.5,0.0,6.5,0.0,6.5,Winter,PRODUCE_PRIORITY
47.0,apartment,0.0,3.6399999999999997,0.0,3.6399999999999997,0.0,3.6399999999999997,Winter,PRODUCE_PRIORITY
47.0,family_house,0.0,10.08,0.0,10.08,0.0,10.08,Winter,PRODUCE_PRIORITY
47.0,luxury_house,0.0,18.0,0.0,18.0,0.0,18.0,Winter,PRODUCE_PRIORITY
47.0,small_family,0.0,6.5,0.0,6.5,0.0,6.5,Winter,PRODUCE_PRIORITY
48.0,apartment,0.0,3.6399999999999997,0.0,3.6399999999999997,0.0,3.6399999999999997,Winter,PRODUCE_PRIORITY
48.0,family_house,0.0,10.08,0.0,10.08,0.0,10.08,Winter,PRODUCE_PRIORITY
48.0,luxury_house,0.0,18.0,0.0,18.0,0.0,18.0,Winter,PRODUCE_PRIORITY
48.0,small_family,0.0,6.5,0.0,6.5,0.0,6.5,Winter,PRODUCE_PRIORITY
49.0,apartment,4.9395644478441065,3.6399999999999997,0.0,3.6399999999999997,4.9395644478441065,-1.2995644478441069,Winter,PRODUCE_PRIORITY
49.0,family_house,8.966624425576784,10.08,0.0,10.08,8.966624425576784,1.1133755744232152,Winter,PRODUCE_PRIORITY
49.0,luxury_house,12.129583948530517,18.0,0.0,18.0,12.129583948530517,5.870416051469483,Winter,PRODUCE_PRIORITY
49.0,small_family,8.784581769173325,6.5,0.0,6.5,8.784581769173325,-2.2845817691733257,Winter,PRODUCE_PRIORITY
50.0,apartment,9.542505741583847,3.6399999999999997,0.0,3.6399999999999997,9.542505741583847,-5.902505741583846,Winter,PRODUCE_PRIORITY
50.0,family_house,17.322188214597993,10.08,0.0,10.08,17.322188214597993,-7.242188214597995,Winter,PRODUCE_PRIORITY
50.0,luxury_house,23.432556796053916,18.0,0.0,18.0,23.432556796053916,-5.432556796053918,Winter,PRODUCE_PRIORITY
50.0,small_family,16.970508807985258,6.5,0.0,6.5,16.970508807985258,-10.470508807985258,Winter,PRODUCE_PRIORITY
51.0,apartment,13.49514103877101,3.6399999999999997,0.0,3.6399999999999997,13.49514103877101,-9.85514103877101,Winter,PRODUCE_PRIORITY
51.0,family_house,24.497273503063877,10.08,0.0,10.08,24.497273503063877,-14.417273503063878,Winter,PRODUCE_PRIORITY
51.0,luxury_house,31.82146083232267,18.0,0.0,18.0,31.82146083232267,-13.821460832322671,Winter,PRODUCE_PRIORITY
51.0,small_family,23.999923716624828,6.5,0.0,6.5,23.999923716624828,-17.499923716624828,Winter,PRODUCE_PRIORITY
52.0,apartment,16.528104775940953,3.6399999999999997,0.0,3.6399999999999997,16.528104775940953,-12.888104775940953,Winter,PRODUCE_PRIORITY
52.0,family_house,28.97691297788586,10.08,0.0,10.08,28.97691297788586,-18.89691297788586,Winter,PRODUCE_PRIORITY
52.0,luxury_house,36.16763849151257,18.0,0.0,18.0,36.16763849151257,-18.16763849151257,Winter,PRODUCE_PRIORITY
52.0,small_family,29.393783485725614,6.5,0.0,6.5,29.393783485725614,-22.893783485725614,Winter,PRODUCE_PRIORITY
53.0,apartment,18.434705486615112,3.6399999999999997,0.0,3.6399999999999997,18.434705486615112,-14.794705486615113,Winter,PRODUCE_PRIORITY
53.0,family_house,30.985541002885192,10.08,0.0,10.08,30.985541002885192,-20.905541002885194,Winter,PRODUCE_PRIORITY
53.0,luxury_house,38.42524552208647,18.0,0.0,18.0,38.42524552208647,-20.42524552208647,Winter,PRODUCE_PRIORITY
53.0,small_family,32.76802816280856,6.5,0.0,6.5,32.76802816280856,-26.26802816280856,Winter,PRODUCE_PRIORITY
54.0,apartment,19.085011483167698,3.6399999999999997,0.0,3.6399999999999997,19.085011483167698,-15.445011483167697,Winter,PRODUCE_PRIORITY
54.0,family_house,31.514173650845663,10.08,0.0,10.08,31.514173650845663,-21.434173650845665,Winter,PRODUCE_PRIORITY
54.0,luxury_house,38.98820492734168,18.0,0.0,18.0,38.98820492734168,-20.988204927341677,Winter,PRODUCE_PRIORITY
54.0,small_family,33.78285431432215,6.5,0.0,6.5,33.78285431432215,-27.282854314322147,Winter,PRODUCE_PRIORITY
55.0,apartment,18.434705486615115,3.6399999999999997,0.0,3.6399999999999997,18.434705486615115,-14.794705486615117,Winter,PRODUCE_PRIORITY
55.0,family_house,30.985541002885192,10.08,0.0,10.08,30.985541002885192,-20.905541002885194,Winter,PRODUCE_PRIORITY
55.0,luxury_house,38.42524552208647,18.0,0.0,18.0,38.42524552208647,-20.42524552208647,Winter,PRODUCE_PRIORITY
55.0,small_family,32.76802816280856,6.5,0.0,6.5,32.76802816280856,-26.268028162808566,Winter,PRODUCE_PRIORITY
56.0,apartment,16.528104775940953,3.6399999999999997,0.0,3.6399999999999997,16.528104775940953,-12.888104775940953,Winter,PRODUCE_PRIORITY
56.0,family_house,28.976912977885863,10.08,0.0,10.08,28.976912977885863,-18.896912977885865,Winter,PRODUCE_PRIORITY
56.0,luxury_house,36.16763849151257,18.0,0.0,18.0,36.16763849151257,-18.16763849151257,Winter,PRODUCE_PRIORITY
56.0,small_family,29.393783485725617,6.5,0.0,6.5,29.393783485725617,-22.893783485725617,Winter,PRODUCE_PRIORITY
57.0,apartment,13.49514103877101,3.6399999999999997,0.0,3.6399999999999997,13.49514103877101,-9.85514103877101,Winter,PRODUCE_PRIORITY
57.0,family_house,24.497273503063877,10.08,0.0,10.08,24.497273503063877,-14.417273503063878,Winter,PRODUCE_PRIORITY
57.0,luxury_house,31.82146083232267,18.0,0.0,18.0,31.82146083232267,-13.821460832322671,Winter,PRODUCE_PRIORITY
57.0,small_family,23.999923716624828,6.5,0.0,6.5,23.999923716624828,-17.499923716624828,Winter,PRODUCE_PRIORITY
58.0,apartment,9.542505741583854,3.6399999999999997,0.0,3.6399999999999997,9.542505741583854,-5.902505741583854,Winter,PRODUCE_PRIORITY
58.0,family_house,17.322188214598008,10.08,0.0,10.08,17.322188214598008,-7.242188214598009,Winter,PRODUCE_PRIORITY
58.0,luxury_house,23.432556796053934,18.0,0.0,18.0,23.432556796053934,-5.432556796053934,Winter,PRODUCE_PRIORITY
58.0,small_family,16.970508807985272,6.5,0.0,6.5,16.970508807985272,-10.47050880798527,Winter,PRODUCE_PRIORITY
59.0,apartment,4.939564447844112,3.6399999999999997,0.0,3.6399999999999997,4.939564447844112,-1.2995644478441122,Winter,PRODUCE_PRIORITY
59.0,family_house,8.966624425576795,10.08,0.0,10.08,8.966624425576795,1.1133755744232052,Winter,PRODUCE_PRIORITY
59.0,luxury_house,12.12958394853053,18.0,0.0,18.0,12.12958394853053,5.87041605146947,Winter,PRODUCE_PRIORITY
59.0,small_family,8.784581769173336,6.5,0.0,6.5,8.784581769173336,-2.284581769173336,Winter,PRODUCE_PRIORITY
60.0,apartment,2.33723982245518e-15,3.6399999999999997,0.0,3.6399999999999997,2.33723982245518e-15,3.6399999999999975,Winter,PRODUCE_PRIORITY
60.0,family_house,4.242712470247089e-15,10.08,0.0,10.08,4.242712470247089e-15,10.079999999999995,Winter,PRODUCE_PRIORITY
60.0,luxury_house,5.739321135225198e-15,18.0,0.0,18.0,5.739321135225198e-15,17.999999999999993,Winter,PRODUCE_PRIORITY
60.0,small_family,4.1565758583202234e-15,6.5,0.0,6.5,4.1565758583202234e-15,6.499999999999996,Winter,PRODUCE_PRIORITY
61.0,apartment,0.0,3.6399999999999997,0.0,3.6399999999999997,0.0,3.6399999999999997,Winter,PRODUCE_PRIORITY
61.0,family_house,0.0,10.08,0.0,10.08,0.0,10.08,Winter,PRODUCE_PRIORITY
61.0,luxury_house,0.0,18.0,0.0,18.0,0.0,18.0,Winter,PRODUCE_PRIORITY
61.0,small_family,0.0,6.5,0.0,6.5,0.0,6.5,Winter,PRODUCE_PRIORITY
62.0,apartment,0.0,3.6399999999999997,0.0,3.6399999999999997,0.0,3.6399999999999997,Winter,PRODUCE_PRIORITY
62.0,family_house,0.0,10.08,0.0,10.08,0.0,10.08,Winter,PRODUCE_PRIORITY
62.0,luxury_house,0.0,18.0,0.0,18.0,0.0,18.0,Winter,PRODUCE_PRIORITY
62.0,small_family,0.0,6.5,0.0,6.5,0.0,6.5,Winter,PRODUCE_PRIORITY
63.0,apartment,0.0,3.6399999999999997,0.0,3.6399999999999997,0.0,3.6399999999999997,Winter,PRODUCE_PRIORITY
63.0,family_house,0.0,10.08,0.0,10.08,0.0,10.08,Winter,PRODUCE_PRIORITY
63.0,luxury_house,0.0,18.0,0.0,18.0,0.0,18.0,Winter,PRODUCE_PRIORITY
63.0,small_family,0.0,6.5,0.0,6.5,0.0,6.5,Winter,PRODUCE_PRIORITY
64.0,apartment,0.0,3.6399999999999997,0.0,3.6399999999999997,0.0,3.6399999999999997,Winter,PRODUCE_PRIORITY
64.0,family_house,0.0,10.08,0.0,10.08,0.0,10.08,Winter,PRODUCE_PRIORITY
64.0,luxury_house,0.0,18.0,0.0,18.0,0.0,18.0,Winter,PRODUCE_PRIORITY
64.0,small_family,0.0,6.5,0.0,6.5,0.0,6.5,Winter,PRODUCE_PRIORITY
65.0,apartment,0.0,3.6399999999999997,0.0,3.6399999999999997,0.0,3.6399999999999997,Winter,PRODUCE_PRIORITY
65.0,family_house,0.0,10.08,0.0,10.08,0.0,10.08,Winter,PRODUCE_PRIORITY
65.0,luxury_house,0.0,18.0,0.0,18.0,0.0,18.0,Winter,PRODUCE_PRIORITY
65.0,small_family,0.0,6.5,0.0,6.5,0.0,6.5,Winter,PRODUCE_PRIORITY
66.0,apartment,0.0,20.706892365417403,0.0,20.706892365417403,0.0,20.706892365417403,Winter,PRODUCE_PRIORITY
66.0,family_house,0.0,29.21957761424195,0.0,29.21957761424195,0.0,29.21957761424195,Winter,PRODUCE_PRIORITY
66.0,luxury_house,0.0,36.34016080684566,0.0,36.34016080684566,0.0,36.34016080684566,Winter,PRODUCE_PRIORITY
66.0,small_family,0.0,23.3542690995544,0.0,23.3542690995544,0.0,23.3542690995544,Winter,PRODUCE_PRIORITY
67.0,apartment,0.0,18.492041486121295,0.0,18.492041486121295,0.0,18.492041486121295,Winter,PRODUCE_PRIORITY
67.0,family_house,0.0,33.93748400911835,0.0,33.93748400911835,0.0,33.93748400911835,Winter,PRODUCE_PRIORITY
67.0,luxury_house,0.0,39.84798412406103,0.0,39.84798412406103,0.0,39.84798412406103,Winter,PRODUCE_PRIORITY
67.0,small_family,0.0,23.98892514626926,0.0,23.98892514626926,0.0,23.98892514626926,Winter,PRODUCE_PRIORITY
68.0,apartment,0.0,22.35728366565828,0.0,22.35728366565828,0.0,22.35728366565828,Winter,PRODUCE_PRIORITY
68.0,family_house,0.0,29.179397851688027,0.0,29.179397851688027,0.0,29.179397851688027,Winter,PRODUCE_PRIORITY
68.0,luxury_house,0.0,38.739200967628776,0.0,38.739200967628776,0.0,38.739200967628776,Winter,PRODUCE_PRIORITY
68.0,small_family,0.0,23.342612303971787,0.0,23.342612303971787,0.0,23.342612303971787,Winter,PRODUCE_PRIORITY
69.0,apartment,0.0,19.701006158702935,0.0,19.701006158702935,0.0,19.701006158702935,Winter,PRODUCE_PRIORITY
69.0,family_house,0.0,28.65956189128844,0.0,28.65956189128844,0.0,28.65956189128844,Winter,PRODUCE_PRIORITY
69.0,luxury_house,0.0,39.22529509844253,0.0,39.22529509844253,0.0,39.22529509844253,Winter,PRODUCE_PRIORITY
69.0,small_family,0.0,24.28194384979711,0.0,24.28194384979711,0.0,24.28194384979711,Winter,PRODUCE_PRIORITY
70.0,apartment,0.0,3.6399999999999997,0.0,3.6399999999999997,0.0,3.6399999999999997,Winter,PRODUCE_PRIORITY
70.0,family_house,0.0,10.08,0.0,10.08,0.0,10.08,Winter,PRODUCE_PRIORITY
70.0,luxury_house,0.0,18.0,0.0,18.0,0.0,18.0,Winter,PRODUCE_PRIORITY
70.0,small_family,0.0,6.5,0.0,6.5,0.0,6.5,Winter,PRODUCE_PRIORITY
71.0,apartment,0.0,3.6399999999999997,0.0,3.6399999999999997,0.0,3.6399999999999997,Winter,PRODUCE_PRIORITY
71.0,family_house,0.0,10.08,0.0,10.08,0.0,10.08,Winter,PRODUCE_PRIORITY
71.0,luxury_house,0.0,18.0,0.0,18.0,0.0,18.0,Winter,PRODUCE_PRIORITY
71.0,small_family,0.0,6.5,0.0,6.5,0.0,6.5,Winter,PRODUCE_PRIORITY
72.0,apartment,0.0,3.6399999999999997,0.0,3.6399999999999997,0.0,3.6399999999999997,Winter,PRODUCE_PRIORITY
72.0,family_house,0.0,10.08,0.0,10.08,0.0,10.08,Winter,PRODUCE_PRIORITY
72.0,luxury_house,0.0,18.0,0.0,18.0,0.0,18.0,Winter,PRODUCE_PRIORITY
72.0,small_family,0.0,6.5,0.0,6.5,0.0,6.5,Winter,PRODUCE_PRIORITY
73.0,apartment,5.484486778432489,3.6399999999999997,0.0,3.6399999999999997,5.484486778432489,-1.8444867784324894,Winter,PRODUCE_PRIORITY
73.0,family_house,9.853079806774335,10.08,0.0,10.08,9.853079806774335,0.22692019322566392,Winter,PRODUCE_PRIORITY
73.0,luxury_house,12.053606993328833,18.0,0.0,18.0,12.053606993328833,5.946393006671168,Winter,PRODUCE_PRIORITY
73.0,small_family,8.005475053039373,6.5,0.0,6.5,8.005475053039373,-1.5054750530393721,Winter,PRODUCE_PRIORITY
74.0,apartment,10.595214846457743,3.6399999999999997,0.0,3.6399999999999997,10.595214846457743,-6.955214846457744,Winter,PRODUCE_PRIORITY
74.0,family_house,19.034688507701265,10.08,0.0,10.08,19.034688507701265,-8.954688507701267,Winter,PRODUCE_PRIORITY
74.0,luxury_house,23.285780589589688,18.0,0.0,18.0,23.285780589589688,-5.285780589589688,Winter,PRODUCE_PRIORITY
74.0,small_family,15.465390210887154,6.5,0.0,6.5,15.465390210887154,-8.965390210887156,Winter,PRODUCE_PRIORITY
75.0,apartment,14.983896532117315,3.6399999999999997,0.0,3.6399999999999997,14.983896532117315,-11.343896532117315,Winter,PRODUCE_PRIORITY
75.0,family_house,26.919114643138425,10.08,0.0,10.08,26.919114643138425,-16.839114643138426,Winter,PRODUCE_PRIORITY
75.0,luxury_house,31.403016843767553,18.0,0.0,18.0,31.403016843767553,-13.403016843767551,Winter,PRODUCE_PRIORITY
75.0,small_family,21.871364583628722,6.5,0.0,6.5,21.871364583628722,-15.371364583628722,Winter,PRODUCE_PRIORITY
76.0,apartment,18.351450431172896,3.6399999999999997,0.0,3.6399999999999997,18.351450431172896,-14.711450431172896,Winter,PRODUCE_PRIORITY
76.0,family_house,32.1030303749399,10.08,0.0,10.08,32.1030303749399,-22.0230303749399,Winter,PRODUCE_PRIORITY
76.0,luxury_house,34.81484627522185,18.0,0.0,18.0,34.81484627522185,-16.814846275221853,Winter,PRODUCE_PRIORITY
76.0,small_family,26.78684160413491,6.5,0.0,6.5,26.78684160413491,-20.28684160413491,Winter,PRODUCE_PRIORITY
77.0,apartment,20.4683833105498,3.6399999999999997,0.0,3.6399999999999997,20.4683833105498,-16.8283833105498,Winter,PRODUCE_PRIORITY
77.0,family_house,34.378942279566466,10.08,0.0,10.08,34.378942279566466,-24.298942279566468,Winter,PRODUCE_PRIORITY
77.0,luxury_house,36.40326452041344,18.0,0.0,18.0,36.40326452041344,-18.403264520413437,Winter,PRODUCE_PRIORITY
77.0,small_family,29.79289367871746,6.5,0.0,6.5,29.79289367871746,-23.29289367871746,Winter,PRODUCE_PRIORITY
78.0,apartment,21.19042969291549,3.6399999999999997,0.0,3.6399999999999997,21.19042969291549,-17.550429692915493,Winter,PRODUCE_PRIORITY
78.0,family_house,35.027281163166954,10.08,0.0,10.08,35.027281163166954,-24.947281163166956,Winter,PRODUCE_PRIORITY
78.0,luxury_house,36.699699595669195,18.0,0.0,18.0,36.699699595669195,-18.69969959566919,Winter,PRODUCE_PRIORITY
78.0,small_family,30.599654429683792,6.5,0.0,6.5,30.599654429683792,-24.099654429683792,Winter,PRODUCE_PRIORITY
79.0,apartment,20.468383310549804,3.6399999999999997,0.0,3.6399999999999997,20.468383310549804,-16.828383310549803,Winter,PRODUCE_PRIORITY
79.0,family_house,34.378942279566466,10.08,0.0,10.08,34.378942279566466,-24.298942279566468,Winter,PRODUCE_PRIORITY
79.0,luxury_house,36.40326452041344,18.0,0.0,18.0,36.40326452041344,-18.403264520413437,Winter,PRODUCE_PRIORITY
79.0,small_family,29.792893678717466,6.5,0.0,6.5,29.792893678717466,-23.292893678717462,Winter,PRODUCE_PRIORITY
80.0,apartment,18.351450431172896,3.6399999999999997,0.0,3.6399999999999997,18.351450431172896,-14.711450431172896,Winter,PRODUCE_PRIORITY
80.0,family_house,32.103030374939905,10.08,0.0,10.08,32.103030374939905,-22.023030374939907,Winter,PRODUCE_PRIORITY
80.0,luxury_house,34.81484627522185,18.0,0.0,18.0,34.81484627522185,-16.814846275221857,Winter,PRODUCE_PRIORITY
80.0,small_family,26.786841604134914,6.5,0.0,6.5,26.786841604134914,-20.286841604134914,Winter,PRODUCE_PRIORITY
81.0,apartment,14.983896532117315,3.6399999999999997,0.0,3.6399999999999997,14.983896532117315,-11.343896532117315,Winter,PRODUCE_PRIORITY
81.0,family_house,26.919114643138425,10.08,0.0,10.08,26.919114643138425,-16.839114643138426,Winter,PRODUCE_PRIORITY
81.0,luxury_house,31.403016843767553,18.0,0.0,18.0,31.403016843767553,-13.403016843767551,Winter,PRODUCE_PRIORITY
81.0,small_family,21.871364583628722,6.5,0.0,6.5,21.871364583628722,-15.371364583628722,Winter,PRODUCE_PRIORITY
82.0,apartment,10.595214846457752,3.6399999999999997,0.0,3.6399999999999997,10.595214846457752,-6.955214846457752,Winter,PRODUCE_PRIORITY
82.0,family_house,19.034688507701283,10.08,0.0,10.08,19.034688507701283,-8.954688507701283,Winter,PRODUCE_PRIORITY
82.0,luxury_house,23.285780589589706,18.0,0.0,18.0,23.285780589589706,-5.285780589589706,Winter,PRODUCE_PRIORITY
82.0,small_family,15.465390210887167,6.5,0.0,6.5,15.465390210887167,-8.965390210887167,Winter,PRODUCE_PRIORITY
83.0,apartment,5.484486778432495,3.6399999999999997,0.0,3.6399999999999997,5.484486778432495,-1.8444867784324956,Winter,PRODUCE_PRIORITY
83.0,family_house,9.853079806774346,10.08,0.0,10.08,9.853079806774346,0.22692019322565293,Winter,PRODUCE_PRIORITY
83.0,luxury_house,12.053606993328845,18.0,0.0,18.0,12.053606993328845,5.946393006671155,Winter,PRODUCE_PRIORITY
83.0,small_family,8.005475053039381,6.5,0.0,6.5,8.005475053039381,-1.505475053039381,Winter,PRODUCE_PRIORITY
84.0,apartment,2.5950791895985985e-15,3.6399999999999997,0.0,3.6399999999999997,2.5950791895985985e-15,3.639999999999997,Winter,PRODUCE_PRIORITY
84.0,family_house,4.662154070744654e-15,10.08,0.0,10.08,4.662154070744654e-15,10.079999999999995,Winter,PRODUCE_PRIORITY
84.0,luxury_house,5.7033713329377164e-15,18.0,0.0,18.0,5.7033713329377164e-15,17.999999999999993,Winter,PRODUCE_PRIORITY
84.0,small_family,3.787928123865554e-15,6.5,0.0,6.5,3.787928123865554e-15,6.4999999999999964,Winter,PRODUCE_PRIORITY
85.0,apartment,0.0,3.6399999999999997,0.0,3.6399999999999997,0.0,3.6399999999999997,Winter,PRODUCE_PRIORITY
85.0,family_house,0.0,10.08,0.0,10.08,0.0,10.08,Winter,PRODUCE_PRIORITY
85.0,luxury_house,0.0,18.0,0.0,18.0,0.0,18.0,Winter,PRODUCE_PRIORITY
85.0,small_family,0.0,6.5,0.0,6.5,0.0,6.5,Winter,PRODUCE_PRIORITY
86.0,apartment,0.0,3.6399999999999997,0.0,3.6399999999999997,0.0,3.6399999999999997,Winter,PRODUCE_PRIORITY
86.0,family_house,0.0,10.08,0.0,10.08,0.0,10.08,Winter,PRODUCE_PRIORITY
86.0,luxury_house,0.0,18.0,0.0,18.0,0.0,18.0,Winter,PRODUCE_PRIORITY
86.0,small_family,0.0,6.5,0.0,6.5,0.0,6.5,Winter,PRODUCE_PRIORITY
87.0,apartment,0.0,3.6399999999999997,0.0,3.6399999999999997,0.0,3.6399999999999997,Winter,PRODUCE_PRIORITY
87.0,family_house,0.0,10.08,0.0,10.08,0.0,10.08,Winter,PRODUCE_PRIORITY
87.0,luxury_house,0.0,18.0,0.0,18.0,0.0,18.0,Winter,PRODUCE_PRIORITY
87.0,small_family,0.0,6.5,0.0,6.5,0.0,6.5,Winter,PRODUCE_PRIORITY
88.0,apartment,0.0,3.6399999999999997,0.0,3.6399999999999997,0.0,3.6399999999999997,Winter,PRODUCE_PRIORITY
88.0,family_house,0.0,10.08,0.0,10.08,0.0,10.08,Winter,PRODUCE_PRIORITY
88.0,luxury_house,0.0,18.0,0.0,18.0,0.0,18.0,Winter,PRODUCE_PRIORITY
88.0,small_family,0.0,6.5,0.0,6.5,0.0,6.5,Winter,PRODUCE_PRIORITY
89.0,apartment,0.0,3.6399999999999997,0.0,3.6399999999999997,0.0,3.6399999999999997,Winter,PRODUCE_PRIORITY
89.0,family_house,0.0,10.08,0.0,10.08,0.0,10.08,Winter,PRODUCE_PRIORITY
89.0,luxury_house,0.0,18.0,0.0,18.0,0.0,18.0,Winter,PRODUCE_PRIORITY
89.0,small_family,0.0,6.5,0.0,6.5,0.0,6.5,Winter,PRODUCE_PRIORITY
90.0,apartment,0.0,24.762151789919933,0.0,24.762151789919933,0.0,24.762151789919933,Winter,PRODUCE_PRIORITY
90.0,family_house,0.0,31.10392290594631,0.0,31.10392290594631,0.0,31.10392290594631,Winter,PRODUCE_PRIORITY
90.0,luxury_house,0.0,39.12792162759524,0.0,39.12792162759524,0.0,39.12792162759524,Winter,PRODUCE_PRIORITY
90.0,small_family,0.0,31.280068106904327,0.0,31.280068106904327,0.0,31.280068106904327,Winter,PRODUCE_PRIORITY
91.0,apartment,0.0,21.948151690290373,0.0,21.948151690290373,0.0,21.948151690290373,Winter,PRODUCE_PRIORITY
91.0,family_house,0.0,21.489951749722024,0.0,21.489951749722024,0.0,21.489951749722024,Winter,PRODUCE_PRIORITY
91.0,luxury_house,0.0,31.66048847872954,0.0,31.66048847872954,0.0,31.66048847872954,Winter,PRODUCE_PRIORITY
91.0,small_family,0.0,25.144433112544935,0.0,25.144433112544935,0.0,25.144433112544935,Winter,PRODUCE_PRIORITY
92.0,apartment,0.0,27.750960119032257,0.0,27.750960119032257,0.0,27.750960119032257,Winter,PRODUCE_PRIORITY
92.0,family_house,0.0,27.728501961441182,0.0,27.728501961441182,0.0,27.728501961441182,Winter,PRODUCE_PRIORITY
92.0,luxury_house,0.0,33.877525337450734,0.0,33.877525337450734,0.0,33.877525337450734,Winter,PRODUCE_PRIORITY
92.0,small_family,0.0,30.061091398842436,0.0,30.061091398842436,0.0,30.061091398842436,Winter,PRODUCE_PRIORITY
93.0,apartment,0.0,21.728556925326547,0.0,21.728556925326547,0.0,21.728556925326547,Winter,PRODUCE_PRIORITY
93.0,family_house,0.0,23.06458952797579,0.0,23.06458952797579,0.0,23.06458952797579,Winter,PRODUCE_PRIORITY
93.0,luxury_house,0.0,34.7262886167311,0.0,34.7262886167311,0.0,34.7262886167311,Winter,PRODUCE_PRIORITY
93.0,small_family,0.0,27.97795254701256,0.0,27.97795254701256,0.0,27.97795254701256,Winter,PRODUCE_PRIORITY
94.0,apartment,0.0,3.6399999999999997,0.0,3.6399999999999997,0.0,3.6399999999999997,Winter,PRODUCE_PRIORITY
94.0,family_house,0.0,10.08,0.0,10.08,0.0,10.08,Winter,PRODUCE_PRIORITY
94.0,luxury_house,0.0,18.0,0.0,18.0,0.0,18.0,Winter,PRODUCE_PRIORITY
94.0,small_family,0.0,6.5,0.0,6.5,0.0,6.5,Winter,PRODUCE_PRIORITY
95.0,apartment,0.0,3.6399999999999997,0.0,3.6399999999999997,0.0,3.6399999999999997,Winter,PRODUCE_PRIORITY
95.0,family_house,0.0,10.08,0.0,10.08,0.0,10.08,Winter,PRODUCE_PRIORITY
95.0,luxury_house,0.0,18.0,0.0,18.0,0.0,18.0,Winter,PRODUCE_PRIORITY
95.0,small_family,0.0,6.5,0.0,6.5,0.0,6.5,Winter,PRODUCE_PRIORITY
96.0,apartment,0.0,3.6399999999999997,0.0,3.6399999999999997,0.0,3.6399999999999997,Winter,PRODUCE_PRIORITY
96.0,family_house,0.0,10.08,0.0,10.08,0.0,10.08,Winter,PRODUCE_PRIORITY
96.0,luxury_house,0.0,18.0,0.0,18.0,0.0,18.0,Winter,PRODUCE_PRIORITY
96.0,small_family,0.0,6.5,0.0,6.5,0.0,6.5,Winter,PRODUCE_PRIORITY
97.0,apartment,6.599536246497739,3.6399999999999997,0.0,3.6399999999999997,6.599536246497739,-2.9595362464977395,Winter,PRODUCE_PRIORITY
97.0,family_house,8.866182044987877,10.08,0.0,10.08,8.866182044987877,1.2138179550121235,Winter,PRODUCE_PRIORITY
97.0,luxury_house,10.378964624292987,18.0,0.0,18.0,10.378964624292987,7.621035375707013,Winter,PRODUCE_PRIORITY
97.0,small_family,9.796923934012355,6.5,0.0,6.5,9.796923934012355,-3.296923934012355,Winter,PRODUCE_PRIORITY
98.0,apartment,12.74932500404597,3.6399999999999997,0.0,3.6399999999999997,12.74932500404597,-9.109325004045969,Winter,PRODUCE_PRIORITY
98.0,family_house,17.12814843566843,10.08,0.0,10.08,17.12814843566843,-7.04814843566843,Winter,PRODUCE_PRIORITY
98.0,luxury_house,20.050619961490423,18.0,0.0,18.0,20.050619961490423,-2.0506199614904235,Winter,PRODUCE_PRIORITY
98.0,small_family,18.926203692104064,6.5,0.0,6.5,18.926203692104064,-12.426203692104066,Winter,PRODUCE_PRIORITY
99.0,apartment,18.03026833182423,3.6399999999999997,0.0,3.6399999999999997,18.03026833182423,-14.390268331824231,Winter,PRODUCE_PRIORITY
99.0,family_house,24.22285981606181,10.08,0.0,10.08,24.22285981606181,-14.142859816061812,Winter,PRODUCE_PRIORITY
99.0,luxury_house,27.7367621300527,18.0,0.0,18.0,27.7367621300527,-9.736762130052698,Winter,PRODUCE_PRIORITY
99.0,small_family,26.76569394560932,6.5,0.0,6.5,26.76569394560932,-20.26569394560932,Winter,PRODUCE_PRIORITY
100.0,apartment,22.082478669215906,3.6399999999999997,0.0,3.6399999999999997,22.082478669215906,-18.442478669215905,Winter,PRODUCE_PRIORITY
100.0,family_house,29.44072999749139,10.08,0.0,10.08,29.44072999749139,-19.36072999749139,Winter,PRODUCE_PRIORITY
100.0,luxury_house,32.05591748805353,18.0,0.0,18.0,32.05591748805353,-14.055917488053531,Winter,PRODUCE_PRIORITY
100.0,small_family,32.781146389121915,6.5,0.0,6.5,32.781146389121915,-26.28114638912192,Winter,PRODUCE_PRIORITY
101.0,apartment,24.629804578321966,3.6399999999999997,0.0,3.6399999999999997,24.629804578321966,-20.989804578321966,Winter,PRODUCE_PRIORITY
101.0,family_house,32.18030173380825,10.08,0.0,10.08,32.18030173380825,-22.100301733808248,Winter,PRODUCE_PRIORITY
101.0,luxury_house,33.87360416356759,18.0,0.0,18.0,33.87360416356759,-15.873604163567595,Winter,PRODUCE_PRIORITY
101.0,small_family,36.40183563673408,6.5,0.0,6.5,36.40183563673408,-29.901835636734077,Winter,PRODUCE_PRIORITY
102.0,apartment,25.498650008091943,3.6399999999999997,0.0,3.6399999999999997,25.498650008091943,-21.858650008091942,Winter,PRODUCE_PRIORITY
102.0,family_house,32.92134846042099,10.08,0.0,10.08,32.92134846042099,-22.84134846042099,Winter,PRODUCE_PRIORITY
102.0,luxury_house,34.36301192697968,18.0,0.0,18.0,34.36301192697968,-16.363011926979684,Winter,PRODUCE_PRIORITY
102.0,small_family,37.54484863627337,6.5,0.0,6.5,37.54484863627337,-31.04484863627337,Winter,PRODUCE_PRIORITY
103.0,apartment,24.62980457832197,3.6399999999999997,0.0,3.6399999999999997,24.62980457832197,-20.98980457832197,Winter,PRODUCE_PRIORITY
103.0,family_house,32.18030173380825,10.08,0.0,10.08,32.18030173380825,-22.100301733808248,Winter,PRODUCE_PRIORITY
103.0,luxury_house,33.87360416356759,18.0,0.0,18.0,33.87360416356759,-15.873604163567595,Winter,PRODUCE_PRIORITY
103.0,small_family,36.401835636734084,6.5,0.0,6.5,36.401835636734084,-29.90183563673408,Winter,PRODUCE_PRIORITY
104.0,apartment,22.082478669215906,3.6399999999999997,0.0,3.6399999999999997,22.082478669215906,-18.442478669215905,Winter,PRODUCE_PRIORITY
104.0,family_house,29.440729997491392,10.08,0.0,10.08,29.440729997491392,-19.360729997491394,Winter,PRODUCE_PRIORITY
104.0,luxury_house,32.05591748805353,18.0,0.0,18.0,32.05591748805353,-14.055917488053534,Winter,PRODUCE_PRIORITY
104.0,small_family,32.78114638912192,6.5,0.0,6.5,32.78114638912192,-26.281146389121922,Winter,PRODUCE_PRIORITY
105.0,apartment,18.03026833182423,3.6399999999999997,0.0,3.6399999999999997,18.03026833182423,-14.390268331824231,Winter,PRODUCE_PRIORITY
105.0,family_house,24.22285981606181,10.08,0.0,10.08,24.22285981606181,-14.142859816061812,Winter,PRODUCE_PRIORITY
105.0,luxury_house,27.7367621300527,18.0,0.0,18.0,27.7367621300527,-9.736762130052698,Winter,PRODUCE_PRIORITY
105.0,small_family,26.76569394560932,6.5,0.0,6.5,26.76569394560932,-20.26569394560932,Winter,PRODUCE_PRIORITY
106.0,apartment,12.749325004045978,3.6399999999999997,0.0,3.6399999999999997,12.749325004045978,-9.109325004045978,Winter,PRODUCE_PRIORITY
106.0,family_house,17.128148435668443,10.08,0.0,10.08,17.128148435668443,-7.048148435668444,Winter,PRODUCE_PRIORITY
106.0,luxury_house,20.05061996149044,18.0,0.0,18.0,20.05061996149044,-2.0506199614904386,Winter,PRODUCE_PRIORITY
106.0,small_family,18.92620369210408,6.5,0.0,6.5,18.92620369210408,-12.42620369210408,Winter,PRODUCE_PRIORITY
107.0,apartment,6.599536246497747,3.6399999999999997,0.0,3.6399999999999997,6.599536246497747,-2.959536246497747,Winter,PRODUCE_PRIORITY
107.0,family_house,8.866182044987886,10.08,0.0,10.08,8.866182044987886,1.213817955012114,Winter,PRODUCE_PRIORITY
107.0,luxury_house,10.378964624292998,18.0,0.0,18.0,10.378964624292998,7.621035375707002,Winter,PRODUCE_PRIORITY
107.0,small_family,9.796923934012366,6.5,0.0,6.5,9.796923934012366,-3.2969239340123666,Winter,PRODUCE_PRIORITY
108.0,apartment,3.1226840114988426e-15,3.6399999999999997,0.0,3.6399999999999997,3.1226840114988426e-15,3.6399999999999966,Winter,PRODUCE_PRIORITY
108.0,family_house,4.1951864314124185e-15,10.08,0.0,10.08,4.1951864314124185e-15,10.079999999999995,Winter,PRODUCE_PRIORITY
108.0,luxury_house,4.910985511351855e-15,18.0,0.0,18.0,4.910985511351855e-15,17.999999999999996,Winter,PRODUCE_PRIORITY
108.0,small_family,4.635582954309213e-15,6.5,0.0,6.5,4.635582954309213e-15,6.499999999999996,Winter,PRODUCE_PRIORITY
109.0,apartment,0.0,3.6399999999999997,0.0,3.6399999999999997,0.0,3.6399999999999997,Winter,PRODUCE_PRIORITY
109.0,family_house,0.0,10.08,0.0,10.08,0.0,10.08,Winter,PRODUCE_PRIORITY
109.0,luxury_house,0.0,18.0,0.0,18.0,0.0,18.0,Winter,PRODUCE_PRIORITY
109.0,small_family,0.0,6.5,0.0,6.5,0.0,6.5,Winter,PRODUCE_PRIORITY
110.0,apartment,0.0,3.6399999999999997,0.0,3.6399999999999997,0.0,3.6399999999999997,Winter,PRODUCE_PRIORITY
110.0,family_house,0.0,10.08,0.0,10.08,0.0,10.08,Winter,PRODUCE_PRIORITY
110.0,luxury_house,0.0,18.0,0.0,18.0,0.0,18.0,Winter,PRODUCE_PRIORITY
110.0,small_family,0.0,6.5,0.0,6.5,0.0,6.5,Winter,PRODUCE_PRIORITY
111.0,apartment,0.0,3.6399999999999997,0.0,3.6399999999999997,0.0,3.6399999999999997,Winter,PRODUCE_PRIORITY
111.0,family_house,0.0,10.08,0.0,10.08,0.0,10.08,Winter,PRODUCE_PRIORITY
111.0,luxury_house,0.0,18.0,0.0,18.0,0.0,18.0,Winter,PRODUCE_PRIORITY
111.0,small_family,0.0,6.5,0.0,6.5,0.0,6.5,Winter,PRODUCE_PRIORITY
112.0,apartment,0.0,3.6399999999999997,0.0,3.6399999999999997,0.0,3.6399999999999997,Winter,PRODUCE_PRIORITY
112.0,family_house,0.0,10.08,0.0,10.08,0.0,10.08,Winter,PRODUCE_PRIORITY
112.0,luxury_house,0.0,18.0,0.0,18.0,0.0,18.0,Winter,PRODUCE_PRIORITY
112.0,small_family,0.0,6.5,0.0,6.5,0.0,6.5,Winter,PRODUCE_PRIORITY
113.0,apartment,0.0,3.6399999999999997,0.0,3.6399999999999997,0.0,3.6399999999999997,Winter,PRODUCE_PRIORITY
113.0,family_house,0.0,10.08,0.0,10.08,0.0,10.08,Winter,PRODUCE_PRIORITY
113.0,luxury_house,0.0,18.0,0.0,18.0,0.0,18.0,Winter,PRODUCE_PRIORITY
113.0,small_family,0.0,6.5,0.0,6.5,0.0,6.5,Winter,PRODUCE_PRIORITY
114.0,apartment,0.0,28.75878457241894,0.0,28.75878457241894,0.0,28.75878457241894,Winter,PRODUCE_PRIORITY
114.0,family_house,0.0,26.28229867264645,0.0,26.28229867264645,0.0,26.28229867264645,Winter,PRODUCE_PRIORITY
114.0,luxury_house,0.0,33.27362186790851,0.0,33.27362186790851,0.0,33.27362186790851,Winter,PRODUCE_PRIORITY
114.0,small_family,0.0,21.845435644836734,0.0,21.845435644836734,0.0,21.845435644836734,Winter,PRODUCE_PRIORITY
115.0,apartment,0.0,23.579685188299486,0.0,23.579685188299486,0.0,23.579685188299486,Winter,PRODUCE_PRIORITY
115.0,family_house,0.0,30.191566292961177,0.0,30.191566292961177,0.0,30.191566292961177,Winter,PRODUCE_PRIORITY
115.0,luxury_house,0.0,38.783784310018625,0.0,38.783784310018625,0.0,38.783784310018625,Winter,PRODUCE_PRIORITY
115.0,small_family,0.0,22.55946441484104,0.0,22.55946441484104,0.0,22.55946441484104,Winter,PRODUCE_PRIORITY
116.0,apartment,0.0,25.04971045817749,0.0,25.04971045817749,0.0,25.04971045817749,Winter,PRODUCE_PRIORITY
116.0,family_house,0.0,32.25006606586275,0.0,32.25006606586275,0.0,32.25006606586275,Winter,PRODUCE_PRIORITY
116.0,luxury_house,0.0,31.286673129923955,0.0,31.286673129923955,0.0,31.286673129923955,Winter,PRODUCE_PRIORITY
116.0,small_family,0.0,23.579352696952117,0.0,23.579352696952117,0.0,23.579352696952117,Winter,PRODUCE_PRIORITY
117.0,apartment,0.0,20.173841199790058,0.0,20.173841199790058,0.0,20.173841199790058,Winter,PRODUCE_PRIORITY
117.0,family_house,0.0,28.74309768108334,0.0,28.74309768108334,0.0,28.74309768108334,Winter,PRODUCE_PRIORITY
117.0,luxury_house,0.0,30.931879704958746,0.0,30.931879704958746,0.0,30.931879704958746,Winter,PRODUCE_PRIORITY
117.0,small_family,0.0,23.707525026595988,0.0,23.707525026595988,0.0,23.707525026595988,Winter,PRODUCE_PRIORITY
118.0,apartment,0.0,3.6399999999999997,0.0,3.6399999999999997,0.0,3.6399999999999997,Winter,PRODUCE_PRIORITY
118.0,family_house,0.0,10.08,0.0,10.08,0.0,10.08,Winter,PRODUCE_PRIORITY
118.0,luxury_house,0.0,18.0,0.0,18.0,0.0,18.0,Winter,PRODUCE_PRIORITY
118.0,small_family,0.0,6.5,0.0,6.5,0.0,6.5,Winter,PRODUCE_PRIORITY
119.0,apartment,0.0,3.6399999999999997,0.0,3.6399999999999997,0.0,3.6399999999999997,Winter,PRODUCE_PRIORITY
119.0,family_house,0.0,10.08,0.0,10.08,0.0,10.08,Winter,PRODUCE_PRIORITY
119.0,luxury_house,0.0,18.0,0.0,18.0,0.0,18.0,Winter,PRODUCE_PRIORITY
119.0,small_family,0.0,6.5,0.0,6.5,0.0,6.5,Winter,PRODUCE_PRIORITY
120.0,apartment,0.0,3.6399999999999997,0.0,3.6399999999999997,0.0,3.6399999999999997,Winter,PRODUCE_PRIORITY
120.0,family_house,0.0,10.08,0.0,10.08,0.0,10.08,Winter,PRODUCE_PRIORITY
120.0,luxury_house,0.0,18.0,0.0,18.0,0.0,18.0,Winter,PRODUCE_PRIORITY
120.0,small_family,0.0,6.5,0.0,6.5,0.0,6.5,Winter,PRODUCE_PRIORITY
121.0,apartment,5.046504132035496,3.6399999999999997,0.0,3.6399999999999997,5.046504132035496,-1.4065041320354958,Winter,PRODUCE_PRIORITY
121.0,family_house,9.429988225713021,10.08,0.0,10.08,9.429988225713021,0.6500117742869775,Winter,PRODUCE_PRIORITY
121.0,luxury_house,15.5384137479191,18.0,0.0,18.0,15.5384137479191,2.4615862520809006,Winter,PRODUCE_PRIORITY
121.0,small_family,8.417506972284707,6.5,0.0,6.5,8.417506972284707,-1.917506972284707,Winter,PRODUCE_PRIORITY
122.0,apartment,9.749097347215166,3.6399999999999997,0.0,3.6399999999999997,9.749097347215166,-6.109097347215166,Winter,PRODUCE_PRIORITY
122.0,family_house,18.217338337636072,10.08,0.0,10.08,18.217338337636072,-8.137338337636072,Winter,PRODUCE_PRIORITY
122.0,luxury_house,30.017910277360347,18.0,0.0,18.0,30.017910277360347,-12.017910277360347,Winter,PRODUCE_PRIORITY
122.0,small_family,16.261374754996197,6.5,0.0,6.5,16.261374754996197,-9.761374754996195,Winter,PRODUCE_PRIORITY
123.0,apartment,13.787305689327255,3.6399999999999997,0.0,3.6399999999999997,13.787305689327255,-10.147305689327254,Winter,PRODUCE_PRIORITY
123.0,family_house,25.76320694742427,10.08,0.0,10.08,25.76320694742427,-15.68320694742427,Winter,PRODUCE_PRIORITY
123.0,luxury_house,38.330495092130874,18.0,0.0,18.0,38.330495092130874,-20.33049509213087,Winter,PRODUCE_PRIORITY
123.0,small_family,22.997056721347093,6.5,0.0,6.5,22.997056721347093,-16.497056721347093,Winter,PRODUCE_PRIORITY
124.0,apartment,16.885931933311632,3.6399999999999997,0.0,3.6399999999999997,16.885931933311632,-13.245931933311631,Winter,PRODUCE_PRIORITY
124.0,family_house,30.83922101401324,10.08,0.0,10.08,30.83922101401324,-20.759221014013242,Winter,PRODUCE_PRIORITY
124.0,luxury_house,41.05840522793563,18.0,0.0,18.0,41.05840522793563,-23.058405227935634,Winter,PRODUCE_PRIORITY
124.0,small_family,28.165527276571318,6.5,0.0,6.5,28.165527276571318,-21.665527276571318,Winter,PRODUCE_PRIORITY
125.0,apartment,18.83380982136275,3.6399999999999997,0.0,3.6399999999999997,18.83380982136275,-15.193809821362748,Winter,PRODUCE_PRIORITY
125.0,family_house,33.01242070392266,10.08,0.0,10.08,33.01242070392266,-22.93242070392266,Winter,PRODUCE_PRIORITY
125.0,luxury_house,42.1033382120426,18.0,0.0,18.0,42.1033382120426,-24.1033382120426,Winter,PRODUCE_PRIORITY
125.0,small_family,30.907162136037062,6.5,0.0,6.5,30.907162136037062,-24.407162136037062,Winter,PRODUCE_PRIORITY
126.0,apartment,19.498194694430335,3.6399999999999997,0.0,3.6399999999999997,19.498194694430335,-15.858194694430336,Winter,PRODUCE_PRIORITY
126.0,family_house,33.65283350411033,10.08,0.0,10.08,33.65283350411033,-23.572833504110335,Winter,PRODUCE_PRIORITY
126.0,luxury_house,42.459745393554705,18.0,0.0,18.0,42.459745393554705,-24.4597453935547,Winter,PRODUCE_PRIORITY
126.0,small_family,31.715239320230932,6.5,0.0,6.5,31.715239320230932,-25.215239320230932,Winter,PRODUCE_PRIORITY
127.0,apartment,18.83380982136275,3.6399999999999997,0.0,3.6399999999999997,18.83380982136275,-15.19380982136275,Winter,PRODUCE_PRIORITY
127.0,family_house,33.01242070392266,10.08,0.0,10.08,33.01242070392266,-22.93242070392266,Winter,PRODUCE_PRIORITY
127.0,luxury_house,42.1033382120426,18.0,0.0,18.0,42.1033382120426,-24.1033382120426,Winter,PRODUCE_PRIORITY
127.0,small_family,30.907162136037066,6.5,0.0,6.5,30.907162136037066,-24.407162136037066,Winter,PRODUCE_PRIORITY
128.0,apartment,16.885931933311632,3.6399999999999997,0.0,3.6399999999999997,16.885931933311632,-13.245931933311631,Winter,PRODUCE_PRIORITY
128.0,family_house,30.839221014013244,10.08,0.0,10.08,30.839221014013244,-20.759221014013246,Winter,PRODUCE_PRIORITY
128.0,luxury_house,41.05840522793564,18.0,0.0,18.0,41.05840522793564,-23.058405227935634,Winter,PRODUCE_PRIORITY
128.0,small_family,28.16552727657132,6.5,0.0,6.5,28.16552727657132,-21.66552727657132,Winter,PRODUCE_PRIORITY
129.0,apartment,13.787305689327255,3.6399999999999997,0.0,3.6399999999999997,13.787305689327255,-10.147305689327254,Winter,PRODUCE_PRIORITY
129.0,family_house,25.76320694742427,10.08,0.0,10.08,25.76320694742427,-15.68320694742427,Winter,PRODUCE_PRIORITY
129.0,luxury_house,38.330495092130874,18.0,0.0,18.0,38.330495092130874,-20.33049509213087,Winter,PRODUCE_PRIORITY
129.0,small_family,22.997056721347093,6.5,0.0,6.5,22.997056721347093,-16.497056721347093,Winter,PRODUCE_PRIORITY
130.0,apartment,9.749097347215173,3.6399999999999997,0.0,3.6399999999999997,9.749097347215173,-6.109097347215173,Winter,PRODUCE_PRIORITY
130.0,family_house,18.217338337636086,10.08,0.0,10.08,18.217338337636086,-8.137338337636086,Winter,PRODUCE_PRIORITY
130.0,luxury_house,30.01791027736037,18.0,0.0,18.0,30.01791027736037,-12.01791027736037,Winter,PRODUCE_PRIORITY
130.0,small_family,16.261374754996208,6.5,0.0,6.5,16.261374754996208,-9.76137475499621,Winter,PRODUCE_PRIORITY
131.0,apartment,5.046504132035501,3.6399999999999997,0.0,3.6399999999999997,5.046504132035501,-1.4065041320355018,Winter,PRODUCE_PRIORITY
131.0,family_house,9.429988225713032,10.08,0.0,10.08,9.429988225713032,0.6500117742869673,Winter,PRODUCE_PRIORITY
131.0,luxury_house,15.538413747919117,18.0,0.0,18.0,15.538413747919117,2.4615862520808838,Winter,PRODUCE_PRIORITY
131.0,small_family,8.417506972284716,6.5,0.0,6.5,8.417506972284716,-1.917506972284716,Winter,PRODUCE_PRIORITY
132.0,apartment,2.3878401721686012e-15,3.6399999999999997,0.0,3.6399999999999997,2.3878401721686012e-15,3.6399999999999975,Winter,PRODUCE_PRIORITY
132.0,family_house,4.4619610168340766e-15,10.08,0.0,10.08,4.4619610168340766e-15,10.079999999999995,Winter,PRODUCE_PRIORITY
132.0,luxury_house,7.352267547652358e-15,18.0,0.0,18.0,7.352267547652358e-15,17.999999999999993,Winter,PRODUCE_PRIORITY
132.0,small_family,3.982888108688334e-15,6.5,0.0,6.5,3.982888108688334e-15,6.4999999999999964,Winter,PRODUCE_PRIORITY
133.0,apartment,0.0,3.6399999999999997,0.0,3.6399999999999997,0.0,3.6399999999999997,Winter,PRODUCE_PRIORITY
133.0,family_house,0.0,10.08,0.0,10.08,0.0,10.08,Winter,PRODUCE_PRIORITY
133.0,luxury_house,0.0,18.0,0.0,18.0,0.0,18.0,Winter,PRODUCE_PRIORITY
133.0,small_family,0.0,6.5,0.0,6.5,0.0,6.5,Winter,PRODUCE_PRIORITY
134.0,apartment,0.0,3.6399999999999997,0.0,3.6399999999999997,0.0,3.6399999999999997,Winter,PRODUCE_PRIORITY
134.0,family_house,0.0,10.08,0.0,10.08,0.0,10.08,Winter,PRODUCE_PRIORITY
134.0,luxury_house,0.0,18.0,0.0,18.0,0.0,18.0,Winter,PRODUCE_PRIORITY
134.0,small_family,0.0,6.5,0.0,6.5,0.0,6.5,Winter,PRODUCE_PRIORITY
135.0,apartment,0.0,3.6399999999999997,0.0,3.6399999999999997,0.0,3.6399999999999997,Winter,PRODUCE_PRIORITY
135.0,family_house,0.0,10.08,0.0,10.08,0.0,10.08,Winter,PRODUCE_PRIORITY
135.0,luxury_house,0.0,18.0,0.0,18.0,0.0,18.0,Winter,PRODUCE_PRIORITY
135.0,small_family,0.0,6.5,0.0,6.5,0.0,6.5,Winter,PRODUCE_PRIORITY
136.0,apartment,0.0,3.6399999999999997,0.0,3.6399999999999997,0.0,3.6399999999999997,Winter,PRODUCE_PRIORITY
136.0,family_house,0.0,10.08,0.0,10.08,0.0,10.08,Winter,PRODUCE_PRIORITY
136.0,luxury_house,0.0,18.0,0.0,18.0,0.0,18.0,Winter,PRODUCE_PRIORITY
136.0,small_family,0.0,6.5,0.0,6.5,0.0,6.5,Winter,PRODUCE_PRIORITY
137.0,apartment,0.0,3.6399999999999997,0.0,3.6399999999999997,0.0,3.6399999999999997,Winter,PRODUCE_PRIORITY
137.0,family_house,0.0,10.08,0.0,10.08,0.0,10.08,Winter,PRODUCE_PRIORITY
137.0,luxury_house,0.0,18.0,0.0,18.0,0.0,18.0,Winter,PRODUCE_PRIORITY
137.0,small_family,0.0,6.5,0.0,6.5,0.0,6.5,Winter,PRODUCE_PRIORITY
138.0,apartment,0.0,27.054267628480464,0.0,27.054267628480464,0.0,27.054267628480464,Winter,PRODUCE_PRIORITY
138.0,family_house,0.0,29.952325851137577,0.0,29.952325851137577,0.0,29.952325851137577,Winter,PRODUCE_PRIORITY
138.0,luxury_house,0.0,32.70786451603845,0.0,32.70786451603845,0.0,32.70786451603845,Winter,PRODUCE_PRIORITY
138.0,small_family,0.0,24.563317705699216,0.0,24.563317705699216,0.0,24.563317705699216,Winter,PRODUCE_PRIORITY
139.0,apartment,0.0,17.894351225365526,0.0,17.894351225365526,0.0,17.894351225365526,Winter,PRODUCE_PRIORITY
139.0,family_house,0.0,26.242451390692274,0.0,26.242451390692274,0.0,26.242451390692274,Winter,PRODUCE_PRIORITY
139.0,luxury_house,0.0,38.08522350793364,0.0,38.08522350793364,0.0,38.08522350793364,Winter,PRODUCE_PRIORITY
139.0,small_family,0.0,18.359816412654954,0.0,18.359816412654954,0.0,18.359816412654954,Winter,PRODUCE_PRIORITY
140.0,apartment,0.0,26.578041445078114,0.0,26.578041445078114,0.0,26.578041445078114,Winter,PRODUCE_PRIORITY
140.0,family_house,0.0,28.878616931703156,0.0,28.878616931703156,0.0,28.878616931703156,Winter,PRODUCE_PRIORITY
140.0,luxury_house,0.0,36.4509031182091,0.0,36.4509031182091,0.0,36.4509031182091,Winter,PRODUCE_PRIORITY
140.0,small_family,0.0,24.013515127673987,0.0,24.013515127673987,0.0,24.013515127673987,Winter,PRODUCE_PRIORITY
141.0,apartment,0.0,28.337086712781186,0.0,28.337086712781186,0.0,28.337086712781186,Winter,PRODUCE_PRIORITY
141.0,family_house,0.0,23.96751543617017,0.0,23.96751543617017,0.0,23.96751543617017,Winter,PRODUCE_PRIORITY
141.0,luxury_house,0.0,38.403703127312816,0.0,38.403703127312816,0.0,38.403703127312816,Winter,PRODUCE_PRIORITY
141.0,small_family,0.0,24.564176594817386,0.0,24.564176594817386,0.0,24.564176594817386,Winter,PRODUCE_PRIORITY
142.0,apartment,0.0,3.6399999999999997,0.0,3.6399999999999997,0.0,3.6399999999999997,Winter,PRODUCE_PRIORITY
142.0,family_house,0.0,10.08,0.0,10.08,0.0,10.08,Winter,PRODUCE_PRIORITY
142.0,luxury_house,0.0,18.0,0.0,18.0,0.0,18.0,Winter,PRODUCE_PRIORITY
142.0,small_family,0.0,6.5,0.0,6.5,0.0,6.5,Winter,PRODUCE_PRIORITY
143.0,apartment,0.0,3.6399999999999997,0.0,3.6399999999999997,0.0,3.6399999999999997,Winter,PRODUCE_PRIORITY
143.0,family_house,0.0,10.08,0.0,10.08,0.0,10.08,Winter,PRODUCE_PRIORITY
143.0,luxury_house,0.0,18.0,0.0,18.0,0.0,18.0,Winter,PRODUCE_PRIORITY
143.0,small_family,0.0,6.5,0.0,6.5,0.0,6.5,Winter,PRODUCE_PRIORITY
144.0,apartment,0.0,3.6399999999999997,0.0,3.6399999999999997,0.0,3.6399999999999997,Winter,PRODUCE_PRIORITY
144.0,family_house,0.0,10.08,0.0,10.08,0.0,10.08,Winter,PRODUCE_PRIORITY
144.0,luxury_house,0.0,18.0,0.0,18.0,0.0,18.0,Winter,PRODUCE_PRIORITY
144.0,small_family,0.0,6.5,0.0,6.5,0.0,6.5,Winter,PRODUCE_PRIORITY
145.0,apartment,6.2992553793405595,3.6399999999999997,0.0,3.6399999999999997,6.2992553793405595,-2.65925537934056,Winter,PRODUCE_PRIORITY
145.0,family_house,9.283752281060144,10.08,0.0,10.08,9.283752281060144,0.796247718939855,Winter,PRODUCE_PRIORITY
145.0,luxury_house,9.971346586132531,18.0,0.0,18.0,9.971346586132531,8.028653413867469,Winter,PRODUCE_PRIORITY
145.0,small_family,9.62711148076459,6.5,0.0,6.5,9.62711148076459,-3.12711148076459,Winter,PRODUCE_PRIORITY
146.0,apartment,12.169226914590777,3.6399999999999997,0.0,3.6399999999999997,12.169226914590777,-8.529226914590776,Winter,PRODUCE_PRIORITY
146.0,family_house,17.934832186292084,10.08,0.0,10.08,17.934832186292084,-7.854832186292085,Winter,PRODUCE_PRIORITY
146.0,luxury_house,19.26316238084949,18.0,0.0,18.0,19.26316238084949,-1.2631623808494905,Winter,PRODUCE_PRIORITY
146.0,small_family,18.598151223669024,6.5,0.0,6.5,18.598151223669024,-12.098151223669023,Winter,PRODUCE_PRIORITY
147.0,apartment,17.209885746209974,3.6399999999999997,0.0,3.6399999999999997,17.209885746209974,-13.569885746209975,Winter,PRODUCE_PRIORITY
147.0,family_house,25.36368291673978,10.08,0.0,10.08,25.36368291673978,-15.28368291673978,Winter,PRODUCE_PRIORITY
147.0,luxury_house,27.242225493192553,18.0,0.0,18.0,27.242225493192553,-9.242225493192553,Winter,PRODUCE_PRIORITY
147.0,small_family,26.301757695578516,6.5,0.0,6.5,26.301757695578516,-19.801757695578516,Winter,PRODUCE_PRIORITY
148.0,apartment,21.077719304905873,3.6399999999999997,0.0,3.6399999999999997,21.077719304905873,-17.437719304905876,Winter,PRODUCE_PRIORITY
148.0,family_house,30.058062053119926,10.08,0.0,10.08,30.058062053119926,-19.978062053119928,Winter,PRODUCE_PRIORITY
148.0,luxury_house,32.34297138790598,18.0,0.0,18.0,32.34297138790598,-14.342971387905981,Winter,PRODUCE_PRIORITY
148.0,small_family,32.21294284624404,6.5,0.0,6.5,32.21294284624404,-25.71294284624404,Winter,PRODUCE_PRIORITY
149.0,apartment,23.50914112555053,3.6399999999999997,0.0,3.6399999999999997,23.50914112555053,-19.86914112555053,Winter,PRODUCE_PRIORITY
149.0,family_house,32.46089416570448,10.08,0.0,10.08,32.46089416570448,-22.380894165704483,Winter,PRODUCE_PRIORITY
149.0,luxury_house,34.22821602333848,18.0,0.0,18.0,34.22821602333848,-16.228216023338486,Winter,PRODUCE_PRIORITY
149.0,small_family,35.9288691763431,6.5,0.0,6.5,35.9288691763431,-29.4288691763431,Winter,PRODUCE_PRIORITY
150.0,apartment,24.338453829181557,3.6399999999999997,0.0,3.6399999999999997,24.338453829181557,-20.698453829181556,Winter,PRODUCE_PRIORITY
150.0,family_house,33.18267635964549,10.08,0.0,10.08,33.18267635964549,-23.102676359645493,Winter,PRODUCE_PRIORITY
150.0,luxury_house,34.87123786033174,18.0,0.0,18.0,34.87123786033174,-16.871237860331743,Winter,PRODUCE_PRIORITY
150.0,small_family,37.16722127476064,6.5,0.0,6.5,37.16722127476064,-30.667221274760646,Winter,PRODUCE_PRIORITY
151.0,apartment,23.50914112555053,3.6399999999999997,0.0,3.6399999999999997,23.50914112555053,-19.869141125550534,Winter,PRODUCE_PRIORITY
151.0,family_house,32.46089416570448,10.08,0.0,10.08,32.46089416570448,-22.380894165704483,Winter,PRODUCE_PRIORITY
151.0,luxury_house,34.22821602333848,18.0,0.0,18.0,34.22821602333848,-16.228216023338486,Winter,PRODUCE_PRIORITY
151.0,small_family,35.928869176343106,6.5,0.0,6.5,35.928869176343106,-29.428869176343106,Winter,PRODUCE_PRIORITY
152.0,apartment,21.077719304905873,3.6399999999999997,0.0,3.6399999999999997,21.077719304905873,-17.437719304905876,Winter,PRODUCE_PRIORITY
152.0,family_house,30.058062053119933,10.08,0.0,10.08,30.058062053119933,-19.978062053119935,Winter,PRODUCE_PRIORITY
152.0,luxury_house,32.34297138790598,18.0,0.0,18.0,32.34297138790598,-14.342971387905983,Winter,PRODUCE_PRIORITY
152.0,small_family,32.21294284624404,6.5,0.0,6.5,32.21294284624404,-25.712942846244044,Winter,PRODUCE_PRIORITY
153.0,apartment,17.209885746209974,3.6399999999999997,0.0,3.6399999999999997,17.209885746209974,-13.569885746209975,Winter,PRODUCE_PRIORITY
153.0,family_house,25.36368291673978,10.08,0.0,10.08,25.36368291673978,-15.28368291673978,Winter,PRODUCE_PRIORITY
153.0,luxury_house,27.242225493192553,18.0,0.0,18.0,27.242225493192553,-9.242225493192553,Winter,PRODUCE_PRIORITY
153.0,small_family,26.301757695578516,6.5,0.0,6.5,26.301757695578516,-19.801757695578516,Winter,PRODUCE_PRIORITY
154.0,apartment,12.169226914590785,3.6399999999999997,0.0,3.6399999999999997,12.169226914590785,-8.529226914590785,Winter,PRODUCE_PRIORITY
154.0,family_house,17.9348321862921,10.08,0.0,10.08,17.9348321862921,-7.854832186292098,Winter,PRODUCE_PRIORITY
154.0,luxury_house,19.263162380849504,18.0,0.0,18.0,19.263162380849504,-1.2631623808495054,Winter,PRODUCE_PRIORITY
154.0,small_family,18.59815122366904,6.5,0.0,6.5,18.59815122366904,-12.098151223669039,Winter,PRODUCE_PRIORITY
155.0,apartment,6.299255379340567,3.6399999999999997,0.0,3.6399999999999997,6.299255379340567,-2.6592553793405673,Winter,PRODUCE_PRIORITY
155.0,family_house,9.283752281060154,10.08,0.0,10.08,9.283752281060154,0.7962477189398449,Winter,PRODUCE_PRIORITY
155.0,luxury_house,9.971346586132542,18.0,0.0,18.0,9.971346586132542,8.028653413867458,Winter,PRODUCE_PRIORITY
155.0,small_family,9.6271114807646,6.5,0.0,6.5,9.6271114807646,-3.127111480764601,Winter,PRODUCE_PRIORITY
156.0,apartment,2.9806009578102832e-15,3.6399999999999997,0.0,3.6399999999999997,2.9806009578102832e-15,3.6399999999999966,Winter,PRODUCE_PRIORITY
156.0,family_house,4.392766966037506e-15,10.08,0.0,10.08,4.392766966037506e-15,10.079999999999995,Winter,PRODUCE_PRIORITY
156.0,luxury_house,4.718114030232608e-15,18.0,0.0,18.0,4.718114030232608e-15,17.999999999999996,Winter,PRODUCE_PRIORITY
156.0,small_family,4.5552332732249406e-15,6.5,0.0,6.5,4.5552332732249406e-15,6.499999999999996,Winter,PRODUCE_PRIORITY
157.0,apartment,0.0,3.6399999999999997,0.0,3.6399999999999997,0.0,3.6399999999999997,Winter,PRODUCE_PRIORITY
157.0,family_house,0.0,10.08,0.0,10.08,0.0,10.08,Winter,PRODUCE_PRIORITY
157.0,luxury_house,0.0,18.0,0.0,18.0,0.0,18.0,Winter,PRODUCE_PRIORITY
157.0,small_family,0.0,6.5,0.0,6.5,0.0,6.5,Winter,PRODUCE_PRIORITY
158.0,apartment,0.0,3.6399999999999997,0.0,3.6399999999999997,0.0,3.6399999999999997,Winter,PRODUCE_PRIORITY
158.0,family_house,0.0,10.08,0.0,10.08,0.0,10.08,Winter,PRODUCE_PRIORITY
158.0,luxury_house,0.0,18.0,0.0,18.0,0.0,18.0,Winter,PRODUCE_PRIORITY
158.0,small_family,0.0,6.5,0.0,6.5,0.0,6.5,Winter,PRODUCE_PRIORITY
159.0,apartment,0.0,3.6399999999999997,0.0,3.6399999999999997,0.0,3.6399999999999997,Winter,PRODUCE_PRIORITY
159.0,family_house,0.0,10.08,0.0,10.08,0.0,10.08,Winter,PRODUCE_PRIORITY
159.0,luxury_house,0.0,18.0,0.0,18.0,0.0,18.0,Winter,PRODUCE_PRIORITY
159.0,small_family,0.0,6.5,0.0,6.5,0.0,6.5,Winter,PRODUCE_PRIORITY
160.0,apartment,0.0,3.6399999999999997,0.0,3.6399999999999997,0.0,3.6399999999999997,Winter,PRODUCE_PRIORITY
160.0,family_house,0.0,10.08,0.0,10.08,0.0,10.08,Winter,PRODUCE_PRIORITY
160.0,luxury_house,0.0,18.0,0.0,18.0,0.0,18.0,Winter,PRODUCE_PRIORITY
160.0,small_family,0.0,6.5,0.0,6.5,0.0,6.5,Winter,PRODUCE_PRIORITY
161.0,apartment,0.0,3.6399999999999997,0.0,3.6399999999999997,0.0,3.6399999999999997,Winter,PRODUCE_PRIORITY
161.0,family_house,0.0,10.08,0.0,10.08,0.0,10.08,Winter,PRODUCE_PRIORITY
161.0,luxury_house,0.0,18.0,0.0,18.0,0.0,18.0,Winter,PRODUCE_PRIORITY
161.0,small_family,0.0,6.5,0.0,6.5,0.0,6.5,Winter,PRODUCE_PRIORITY
162.0,apartment,0.0,21.640507395287752,0.0,21.640507395287752,0.0,21.640507395287752,Winter,PRODUCE_PRIORITY
162.0,family_house,0.0,31.063598801958303,0.0,31.063598801958303,0.0,31.063598801958303,Winter,PRODUCE_PRIORITY
162.0,luxury_house,0.0,35.88462413014085,0.0,35.88462413014085,0.0,35.88462413014085,Winter,PRODUCE_PRIORITY
162.0,small_family,0.0,35.539229223615116,0.0,35.539229223615116,0.0,35.539229223615116,Winter,PRODUCE_PRIORITY
163.0,apartment,0.0,20.753440627511026,0.0,20.753440627511026,0.0,20.753440627511026,Winter,PRODUCE_PRIORITY
163.0,family_house,0.0,31.180142884344857,0.0,31.180142884344857,0.0,31.180142884344857,Winter,PRODUCE_PRIORITY
163.0,luxury_house,0.0,43.67918765760311,0.0,43.67918765760311,0.0,43.67918765760311,Winter,PRODUCE_PRIORITY
163.0,small_family,0.0,29.424042727030184,0.0,29.424042727030184,0.0,29.424042727030184,Winter,PRODUCE_PRIORITY
164.0,apartment,0.0,20.83722582835839,0.0,20.83722582835839,0.0,20.83722582835839,Winter,PRODUCE_PRIORITY
164.0,family_house,0.0,28.411409592911312,0.0,28.411409592911312,0.0,28.411409592911312,Winter,PRODUCE_PRIORITY
164.0,luxury_house,0.0,32.78665962380663,0.0,32.78665962380663,0.0,32.78665962380663,Winter,PRODUCE_PRIORITY
164.0,small_family,0.0,22.66790026952467,0.0,22.66790026952467,0.0,22.66790026952467,Winter,PRODUCE_PRIORITY
165.0,apartment,0.0,22.65875506633405,0.0,22.65875506633405,0.0,22.65875506633405,Winter,PRODUCE_PRIORITY
165.0,family_house,0.0,28.439737651287295,0.0,28.439737651287295,0.0,28.439737651287295,Winter,PRODUCE_PRIORITY
165.0,luxury_house,0.0,37.18298253034436,0.0,37.18298253034436,0.0,37.18298253034436,Winter,PRODUCE_PRIORITY
165.0,small_family,0.0,22.963589087033213,0.0,22.963589087033213,0.0,22.963589087033213,Winter,PRODUCE_PRIORITY
166.0,apartment,0.0,3.6399999999999997,0.0,3.6399999999999997,0.0,3.6399999999999997,Winter,PRODUCE_PRIORITY
166.0,family_house,0.0,10.08,0.0,10.08,0.0,10.08,Winter,PRODUCE_PRIORITY
166.0,luxury_house,0.0,18.0,0.0,18.0,0.0,18.0,Winter,PRODUCE_PRIORITY
166.0,small_family,0.0,6.5,0.0,6.5,0.0,6.5,Winter,PRODUCE_PRIORITY
167.0,apartment,0.0,3.6399999999999997,0.0,3.6399999999999997,0.0,3.6399999999999997,Winter,PRODUCE_PRIORITY
167.0,family_house,0.0,10.08,0.0,10.08,0.0,10.08,Winter,PRODUCE_PRIORITY
167.0,luxury_house,0.0,18.0,0.0,18.0,0.0,18.0,Winter,PRODUCE_PRIORITY
167.0,small_family,0.0,6.5,0.0,6.5,0.0,6.5,Winter,PRODUCE_PRIORITY
168.0,apartment,0.0,3.6399999999999997,0.0,3.6399999999999997,0.0,3.6399999999999997,Winter,PRODUCE_PRIORITY
168.0,family_house,0.0,10.08,0.0,10.08,0.0,10.08,Winter,PRODUCE_PRIORITY
168.0,luxury_house,0.0,18.0,0.0,18.0,0.0,18.0,Winter,PRODUCE_PRIORITY
168.0,small_family,0.0,6.5,0.0,6.5,0.0,6.5,Winter,PRODUCE_PRIORITY
169.0,apartment,5.276598099780781,3.6399999999999997,0.0,3.6399999999999997,5.276598099780781,-1.6365980997807812,Winter,PRODUCE_PRIORITY
169.0,family_house,9.712883727526165,10.08,0.0,10.08,9.712883727526165,0.3671162724738344,Winter,PRODUCE_PRIORITY
169.0,luxury_house,8.776984661557393,18.0,0.0,18.0,8.776984661557393,9.22301533844261,Winter,PRODUCE_PRIORITY
169.0,small_family,9.703929774458558,6.5,0.0,6.5,9.703929774458558,-3.203929774458558,Winter,PRODUCE_PRIORITY
170.0,apartment,10.193604759052157,3.6399999999999997,0.0,3.6399999999999997,10.193604759052157,-6.553604759052156,Winter,PRODUCE_PRIORITY
170.0,family_house,18.763850480320713,10.08,0.0,10.08,18.763850480320713,-8.683850480320713,Winter,PRODUCE_PRIORITY
170.0,luxury_house,16.955832323082603,18.0,0.0,18.0,16.955832323082603,1.044167676917397,Winter,PRODUCE_PRIORITY
170.0,small_family,18.746552771289945,6.5,0.0,6.5,18.746552771289945,-12.246552771289947,Winter,PRODUCE_PRIORITY
171.0,apartment,14.41593409972249,3.6399999999999997,0.0,3.6399999999999997,14.41593409972249,-10.77593409972249,Winter,PRODUCE_PRIORITY
171.0,family_house,26.53609183161047,10.08,0.0,10.08,26.53609183161047,-16.456091831610472,Winter,PRODUCE_PRIORITY
171.0,luxury_house,23.979168032627523,18.0,0.0,18.0,23.979168032627523,-5.9791680326275225,Winter,PRODUCE_PRIORITY
171.0,small_family,26.51162917690118,6.5,0.0,6.5,26.51162917690118,-20.01162917690118,Winter,PRODUCE_PRIORITY
172.0,apartment,17.65584135495424,3.6399999999999997,0.0,3.6399999999999997,17.65584135495424,-14.015841354954242,Winter,PRODUCE_PRIORITY
172.0,family_house,32.312855592197984,10.08,0.0,10.08,32.312855592197984,-22.232855592197986,Winter,PRODUCE_PRIORITY
172.0,luxury_house,28.163792187227173,18.0,0.0,18.0,28.163792187227173,-10.163792187227173,Winter,PRODUCE_PRIORITY
172.0,small_family,32.469981866645334,6.5,0.0,6.5,32.469981866645334,-25.96998186664533,Winter,PRODUCE_PRIORITY
173.0,apartment,19.692532199503265,3.6399999999999997,0.0,3.6399999999999997,19.692532199503265,-16.05253219950327,Winter,PRODUCE_PRIORITY
173.0,family_house,34.5737537195732,10.08,0.0,10.08,34.5737537195732,-24.4937537195732,Winter,PRODUCE_PRIORITY
173.0,luxury_house,30.489787879728752,18.0,0.0,18.0,30.489787879728752,-12.489787879728752,Winter,PRODUCE_PRIORITY
173.0,small_family,35.83913896566255,6.5,0.0,6.5,35.83913896566255,-29.33913896566255,Winter,PRODUCE_PRIORITY
174.0,apartment,20.387209518104317,3.6399999999999997,0.0,3.6399999999999997,20.387209518104317,-16.747209518104317,Winter,PRODUCE_PRIORITY
174.0,family_house,35.08786008503698,10.08,0.0,10.08,35.08786008503698,-25.007860085036985,Winter,PRODUCE_PRIORITY
174.0,luxury_house,31.283141694358562,18.0,0.0,18.0,31.283141694358562,-13.283141694358562,Winter,PRODUCE_PRIORITY
174.0,small_family,36.821197454276636,6.5,0.0,6.5,36.821197454276636,-30.32119745427664,Winter,PRODUCE_PRIORITY
175.0,apartment,19.69253219950327,3.6399999999999997,0.0,3.6399999999999997,19.69253219950327,-16.052532199503272,Winter,PRODUCE_PRIORITY
175.0,family_house,34.5737537195732,10.08,0.0,10.08,34.5737537195732,-24.4937537195732,Winter,PRODUCE_PRIORITY
175.0,luxury_house,30.489787879728752,18.0,0.0,18.0,30.489787879728752,-12.489787879728752,Winter,PRODUCE_PRIORITY
175.0,small_family,35.839138965662556,6.5,0.0,6.5,35.839138965662556,-29.339138965662556,Winter,PRODUCE_PRIORITY
176.0,apartment,17.65584135495424,3.6399999999999997,0.0,3.6399999999999997,17.65584135495424,-14.015841354954242,Winter,PRODUCE_PRIORITY
176.0,family_house,32.31285559219799,10.08,0.0,10.08,32.31285559219799,-22.23285559219799,Winter,PRODUCE_PRIORITY
176.0,luxury_house,28.163792187227177,18.0,0.0,18.0,28.163792187227177,-10.163792187227175,Winter,PRODUCE_PRIORITY
176.0,small_family,32.469981866645334,6.5,0.0,6.5,32.469981866645334,-25.969981866645334,Winter,PRODUCE_PRIORITY
177.0,apartment,14.41593409972249,3.6399999999999997,0.0,3.6399999999999997,14.41593409972249,-10.77593409972249,Winter,PRODUCE_PRIORITY
177.0,family_house,26.53609183161047,10.08,0.0,10.08,26.53609183161047,-16.456091831610472,Winter,PRODUCE_PRIORITY
177.0,luxury_house,23.979168032627523,18.0,0.0,18.0,23.979168032627523,-5.9791680326275225,Winter,PRODUCE_PRIORITY
177.0,small_family,26.51162917690118,6.5,0.0,6.5,26.51162917690118,-20.01162917690118,Winter,PRODUCE_PRIORITY
178.0,apartment,10.193604759052164,3.6399999999999997,0.0,3.6399999999999997,10.193604759052164,-6.553604759052164,Winter,PRODUCE_PRIORITY
178.0,family_house,18.763850480320727,10.08,0.0,10.08,18.763850480320727,-8.683850480320729,Winter,PRODUCE_PRIORITY
178.0,luxury_house,16.955832323082614,18.0,0.0,18.0,16.955832323082614,1.0441676769173842,Winter,PRODUCE_PRIORITY
178.0,small_family,18.746552771289963,6.5,0.0,6.5,18.746552771289963,-12.246552771289961,Winter,PRODUCE_PRIORITY
179.0,apartment,5.276598099780787,3.6399999999999997,0.0,3.6399999999999997,5.276598099780787,-1.6365980997807874,Winter,PRODUCE_PRIORITY
179.0,family_house,9.712883727526176,10.08,0.0,10.08,9.712883727526176,0.3671162724738241,Winter,PRODUCE_PRIORITY
179.0,luxury_house,8.776984661557401,18.0,0.0,18.0,8.776984661557401,9.223015338442599,Winter,PRODUCE_PRIORITY
179.0,small_family,9.703929774458569,6.5,0.0,6.5,9.703929774458569,-3.203929774458569,Winter,PRODUCE_PRIORITY
180.0,apartment,2.4967130879892903e-15,3.6399999999999997,0.0,3.6399999999999997,2.4967130879892903e-15,3.639999999999997,Winter,PRODUCE_PRIORITY
180.0,family_house,4.595817886080858e-15,10.08,0.0,10.08,4.595817886080858e-15,10.079999999999995,Winter,PRODUCE_PRIORITY
180.0,luxury_house,4.152981156268468e-15,18.0,0.0,18.0,4.152981156268468e-15,17.999999999999996,Winter,PRODUCE_PRIORITY
180.0,small_family,4.591581169281436e-15,6.5,0.0,6.5,4.591581169281436e-15,6.499999999999996,Winter,PRODUCE_PRIORITY
181.0,apartment,0.0,3.6399999999999997,0.0,3.6399999999999997,0.0,3.6399999999999997,Winter,PRODUCE_PRIORITY
181.0,family_house,0.0,10.08,0.0,10.08,0.0,10.08,Winter,PRODUCE_PRIORITY
181.0,luxury_house,0.0,18.0,0.0,18.0,0.0,18.0,Winter,PRODUCE_PRIORITY
181.0,small_family,0.0,6.5,0.0,6.5,0.0,6.5,Winter,PRODUCE_PRIORITY
182.0,apartment,0.0,3.6399999999999997,0.0,3.6399999999999997,0.0,3.6399999999999997,Winter,PRODUCE_PRIORITY
182.0,family_house,0.0,10.08,0.0,10.08,0.0,10.08,Winter,PRODUCE_PRIORITY
182.0,luxury_house,0.0,18.0,0.0,18.0,0.0,18.0,Winter,PRODUCE_PRIORITY
182.0,small_family,0.0,6.5,0.0,6.5,0.0,6.5,Winter,PRODUCE_PRIORITY
183.0,apartment,0.0,3.6399999999999997,0.0,3.6399999999999997,0.0,3.6399999999999997,Winter,PRODUCE_PRIORITY
183.0,family_house,0.0,10.08,0.0,10.08,0.0,10.08,Winter,PRODUCE_PRIORITY
183.0,luxury_house,0.0,18.0,0.0,18.0,0.0,18.0,Winter,PRODUCE_PRIORITY
183.0,small_family,0.0,6.5,0.0,6.5,0.0,6.5,Winter,PRODUCE_PRIORITY
184.0,apartment,0.0,3.6399999999999997,0.0,3.6399999999999997,0.0,3.6399999999999997,Winter,PRODUCE_PRIORITY
184.0,family_house,0.0,10.08,0.0,10.08,0.0,10.08,Winter,PRODUCE_PRIORITY
184.0,luxury_house,0.0,18.0,0.0,18.0,0.0,18.0,Winter,PRODUCE_PRIORITY
184.0,small_family,0.0,6.5,0.0,6.5,0.0,6.5,Winter,PRODUCE_PRIORITY
185.0,apartment,0.0,3.6399999999999997,0.0,3.6399999999999997,0.0,3.6399999999999997,Winter,PRODUCE_PRIORITY
185.0,family_house,0.0,10.08,0.0,10.08,0.0,10.08,Winter,PRODUCE_PRIORITY
185.0,luxury_house,0.0,18.0,0.0,18.0,0.0,18.0,Winter,PRODUCE_PRIORITY
185.0,small_family,0.0,6.5,0.0,6.5,0.0,6.5,Winter,PRODUCE_PRIORITY
186.0,apartment,0.0,26.48987378604146,0.0,26.48987378604146,0.0,26.48987378604146,Winter,PRODUCE_PRIORITY
186.0,family_house,0.0,22.095396697457076,0.0,22.095396697457076,0.0,22.095396697457076,Winter,PRODUCE_PRIORITY
186.0,luxury_house,0.0,35.659717884492444,0.0,35.659717884492444,0.0,35.659717884492444,Winter,PRODUCE_PRIORITY
186.0,small_family,0.0,24.85304995030736,0.0,24.85304995030736,0.0,24.85304995030736,Winter,PRODUCE_PRIORITY
187.0,apartment,0.0,22.536512624035268,0.0,22.536512624035268,0.0,22.536512624035268,Winter,PRODUCE_PRIORITY
187.0,family_house,0.0,25.79920842730447,0.0,25.79920842730447,0.0,25.79920842730447,Winter,PRODUCE_PRIORITY
187.0,luxury_house,0.0,36.20487496210018,0.0,36.20487496210018,0.0,36.20487496210018,Winter,PRODUCE_PRIORITY
187.0,small_family,0.0,25.698427993312027,0.0,25.698427993312027,0.0,25.698427993312027,Winter,PRODUCE_PRIORITY
188.0,apartment,0.0,25.291187296256386,0.0,25.291187296256386,0.0,25.291187296256386,Winter,PRODUCE_PRIORITY
188.0,family_house,0.0,27.314954236185446,0.0,27.314954236185446,0.0,27.314954236185446,Winter,PRODUCE_PRIORITY
188.0,luxury_house,0.0,36.71930202053915,0.0,36.71930202053915,0.0,36.71930202053915,Winter,PRODUCE_PRIORITY
188.0,small_family,0.0,34.09818088900715,0.0,34.09818088900715,0.0,34.09818088900715,Winter,PRODUCE_PRIORITY
189.0,apartment,0.0,25.586656428244552,0.0,25.586656428244552,0.0,25.586656428244552,Winter,PRODUCE_PRIORITY
189.0,family_house,0.0,27.196350756806428,0.0,27.196350756806428,0.0,27.196350756806428,Winter,PRODUCE_PRIORITY
189.0,luxury_house,0.0,34.27300022587045,0.0,34.27300022587045,0.0,34.27300022587045,Winter,PRODUCE_PRIORITY
189.0,small_family,0.0,23.818480906394896,0.0,23.818480906394896,0.0,23.818480906394896,Winter,PRODUCE_PRIORITY
190.0,apartment,0.0,3.6399999999999997,0.0,3.6399999999999997,0.0,3.6399999999999997,Winter,PRODUCE_PRIORITY
190.0,family_house,0.0,10.08,0.0,10.08,0.0,10.08,Winter,PRODUCE_PRIORITY
190.0,luxury_house,0.0,18.0,0.0,18.0,0.0,18.0,Winter,PRODUCE_PRIORITY
190.0,small_family,0.0,6.5,0.0,6.5,0.0,6.5,Winter,PRODUCE_PRIORITY
191.0,apartment,0.0,3.6399999999999997,0.0,3.6399999999999997,0.0,3.6399999999999997,Winter,PRODUCE_PRIORITY
191.0,family_house,0.0,10.08,0.0,10.08,0.0,10.08,Winter,PRODUCE_PRIORITY
191.0,luxury_house,0.0,18.0,0.0,18.0,0.0,18.0,Winter,PRODUCE_PRIORITY
191.0,small_family,0.0,6.5,0.0,6.5,0.0,6.5,Winter,PRODUCE_PRIORITY
192.0,apartment,0.0,3.6399999999999997,0.0,3.6399999999999997,0.0,3.6399999999999997,Winter,PRODUCE_PRIORITY
192.0,family_house,0.0,10.08,0.0,10.08,0.0,10.08,Winter,PRODUCE_PRIORITY
192.0,luxury_house,0.0,18.0,0.0,18.0,0.0,18.0,Winter,PRODUCE_PRIORITY
192.0,small_family,0.0,6.5,0.0,6.5,0.0,6.5,Winter,PRODUCE_PRIORITY
193.0,apartment,6.485539919026106,3.6399999999999997,0.0,3.6399999999999997,6.485539919026106,-2.8455399190261064,Winter,PRODUCE_PRIORITY
193.0,family_house,9.254667871676197,10.08,0.0,10.08,9.254667871676197,0.825332128323803,Winter,PRODUCE_PRIORITY
193.0,luxury_house,13.357440050094674,18.0,0.0,18.0,13.357440050094674,4.642559949905327,Winter,PRODUCE_PRIORITY
193.0,small_family,7.59321090672651,6.5,0.0,6.5,7.59321090672651,-1.0932109067265103,Winter,PRODUCE_PRIORITY
194.0,apartment,12.529101010432056,3.6399999999999997,0.0,3.6399999999999997,12.529101010432056,-8.889101010432055,Winter,PRODUCE_PRIORITY
194.0,family_house,17.878645421959444,10.08,0.0,10.08,17.878645421959444,-7.798645421959446,Winter,PRODUCE_PRIORITY
194.0,luxury_house,25.80459263498878,18.0,0.0,18.0,25.80459263498878,-7.80459263498878,Winter,PRODUCE_PRIORITY
194.0,small_family,14.668957038533938,6.5,0.0,6.5,14.668957038533938,-8.168957038533938,Winter,PRODUCE_PRIORITY
195.0,apartment,17.718824573295468,3.6399999999999997,0.0,3.6399999999999997,17.718824573295468,-14.078824573295467,Winter,PRODUCE_PRIORITY
195.0,family_house,25.2842228325947,10.08,0.0,10.08,25.2842228325947,-15.204222832594702,Winter,PRODUCE_PRIORITY
195.0,luxury_house,34.676787174184405,18.0,0.0,18.0,34.676787174184405,-16.676787174184405,Winter,PRODUCE_PRIORITY
195.0,small_family,20.745037989762974,6.5,0.0,6.5,20.745037989762974,-14.245037989762974,Winter,PRODUCE_PRIORITY
196.0,apartment,21.701039523230882,3.6399999999999997,0.0,3.6399999999999997,21.701039523230882,-18.061039523230882,Winter,PRODUCE_PRIORITY
196.0,family_house,30.966722241342474,10.08,0.0,10.08,30.966722241342474,-20.886722241342476,Winter,PRODUCE_PRIORITY
196.0,luxury_house,38.55251428446655,18.0,0.0,18.0,38.55251428446655,-20.55251428446655,Winter,PRODUCE_PRIORITY
196.0,small_family,25.407378884785878,6.5,0.0,6.5,25.407378884785878,-18.907378884785878,Winter,PRODUCE_PRIORITY
197.0,apartment,24.20436449232157,3.6399999999999997,0.0,3.6399999999999997,24.20436449232157,-20.56436449232157,Winter,PRODUCE_PRIORITY
197.0,family_house,34.15163517643881,10.08,0.0,10.08,34.15163517643881,-24.07163517643881,Winter,PRODUCE_PRIORITY
197.0,luxury_house,40.69264089904645,18.0,0.0,18.0,40.69264089904645,-22.692640899046452,Winter,PRODUCE_PRIORITY
197.0,small_family,28.33824889648948,6.5,0.0,6.5,28.33824889648948,-21.83824889648948,Winter,PRODUCE_PRIORITY
198.0,apartment,25.058202020864115,3.6399999999999997,0.0,3.6399999999999997,25.058202020864115,-21.418202020864115,Winter,PRODUCE_PRIORITY
198.0,family_house,35.07579054769453,10.08,0.0,10.08,35.07579054769453,-24.995790547694533,Winter,PRODUCE_PRIORITY
198.0,luxury_house,41.364955631431584,18.0,0.0,18.0,41.364955631431584,-23.364955631431584,Winter,PRODUCE_PRIORITY
198.0,small_family,28.330594158927894,6.5,0.0,6.5,28.330594158927894,-21.830594158927894,Winter,PRODUCE_PRIORITY
199.0,apartment,24.204364492321574,3.6399999999999997,0.0,3.6399999999999997,24.204364492321574,-20.564364492321573,Winter,PRODUCE_PRIORITY
199.0,family_house,34.15163517643881,10.08,0.0,10.08,34.15163517643881,-24.07163517643881,Winter,PRODUCE_PRIORITY
199.0,luxury_house,40.69264089904645,18.0,0.0,18.0,40.69264089904645,-22.692640899046452,Winter,PRODUCE_PRIORITY
199.0,small_family,27.396921359510372,6.5,0.0,6.5,27.396921359510372,-20.896921359510372,Winter,PRODUCE_PRIORITY
200.0,apartment,21.701039523230882,3.6399999999999997,0.0,3.6399999999999997,21.701039523230882,-18.061039523230882,Winter,PRODUCE_PRIORITY
200.0,family_house,30.966722241342477,10.08,0.0,10.08,30.966722241342477,-20.88672224134248,Winter,PRODUCE_PRIORITY
200.0,luxury_house,38.552514284466554,18.0,0.0,18.0,38.552514284466554,-20.552514284466554,Winter,PRODUCE_PRIORITY
200.0,small_family,24.56340770385404,6.5,0.0,6.5,24.56340770385404,-18.063407703854043,Winter,PRODUCE_PRIORITY
201.0,apartment,17.718824573295468,3.6399999999999997,0.0,3.6399999999999997,17.718824573295468,-14.078824573295467,Winter,PRODUCE_PRIORITY
201.0,family_house,25.2842228325947,10.08,0.0,10.08,25.2842228325947,-15.204222832594702,Winter,PRODUCE_PRIORITY
201.0,luxury_house,34.676787174184405,18.0,0.0,18.0,34.676787174184405,-16.676787174184405,Winter,PRODUCE_PRIORITY
201.0,small_family,20.055938406130593,6.5,0.0,6.5,20.055938406130593,-13.555938406130592,Winter,PRODUCE_PRIORITY
202.0,apartment,12.529101010432065,3.6399999999999997,0.0,3.6399999999999997,12.529101010432065,-8.889101010432066,Winter,PRODUCE_PRIORITY
202.0,family_house,17.878645421959458,10.08,0.0,10.08,17.878645421959458,-7.79864542195946,Winter,PRODUCE_PRIORITY
202.0,luxury_house,25.8045926349888,18.0,0.0,18.0,25.8045926349888,-7.8045926349888,Winter,PRODUCE_PRIORITY
202.0,small_family,14.181690050034666,6.5,0.0,6.5,14.181690050034666,-7.681690050034666,Winter,PRODUCE_PRIORITY
203.0,apartment,6.485539919026113,3.6399999999999997,0.0,3.6399999999999997,6.485539919026113,-2.8455399190261135,Winter,PRODUCE_PRIORITY
203.0,family_house,9.254667871676206,10.08,0.0,10.08,9.254667871676206,0.8253321283237927,Winter,PRODUCE_PRIORITY
203.0,luxury_house,13.357440050094688,18.0,0.0,18.0,13.357440050094688,4.642559949905312,Winter,PRODUCE_PRIORITY
203.0,small_family,7.340982953379788,6.5,0.0,6.5,7.340982953379788,-0.8409829533797878,Winter,PRODUCE_PRIORITY
204.0,apartment,3.0687446897238977e-15,3.6399999999999997,0.0,3.6399999999999997,3.0687446897238977e-15,3.6399999999999966,Winter,PRODUCE_PRIORITY
204.0,family_house,4.379005177818624e-15,10.08,0.0,10.08,4.379005177818624e-15,10.079999999999995,Winter,PRODUCE_PRIORITY
204.0,luxury_house,6.320302354748076e-15,18.0,0.0,18.0,6.320302354748076e-15,17.999999999999993,Winter,PRODUCE_PRIORITY
204.0,small_family,3.473512265254962e-15,6.5,0.0,6.5,3.473512265254962e-15,6.4999999999999964,Winter,PRODUCE_PRIORITY
205.0,apartment,0.0,3.6399999999999997,0.0,3.6399999999999997,0.0,3.6399999999999997,Winter,PRODUCE_PRIORITY
205.0,family_house,0.0,10.08,0.0,10.08,0.0,10.08,Winter,PRODUCE_PRIORITY
205.0,luxury_house,0.0,18.0,0.0,18.0,0.0,18.0,Winter,PRODUCE_PRIORITY
205.0,small_family,0.0,6.5,0.0,6.5,0.0,6.5,Winter,PRODUCE_PRIORITY
206.0,apartment,0.0,3.6399999999999997,0.0,3.6399999999999997,0.0,3.6399999999999997,Winter,PRODUCE_PRIORITY
206.0,family_house,0.0,10.08,0.0,10.08,0.0,10.08,Winter,PRODUCE_PRIORITY
206.0,luxury_house,0.0,18.0,0.0,18.0,0.0,18.0,Winter,PRODUCE_PRIORITY
206.0,small_family,0.0,6.5,0.0,6.5,0.0,6.5,Winter,PRODUCE_PRIORITY
207.0,apartment,0.0,3.6399999999999997,0.0,3.6399999999999997,0.0,3.6399999999999997,Winter,PRODUCE_PRIORITY
207.0,family_house,0.0,10.08,0.0,10.08,0.0,10.08,Winter,PRODUCE_PRIORITY
207.0,luxury_house,0.0,18.0,0.0,18.0,0.0,18.0,Winter,PRODUCE_PRIORITY
207.0,small_family,0.0,6.5,0.0,6.5,0.0,6.5,Winter,PRODUCE_PRIORITY
208.0,apartment,0.0,3.6399999999999997,0.0,3.6399999999999997,0.0,3.6399999999999997,Winter,PRODUCE_PRIORITY
208.0,family_house,0.0,10.08,0.0,10.08,0.0,10.08,Winter,PRODUCE_PRIORITY
208.0,luxury_house,0.0,18.0,0.0,18.0,0.0,18.0,Winter,PRODUCE_PRIORITY
208.0,small_family,0.0,6.5,0.0,6.5,0.0,6.5,Winter,PRODUCE_PRIORITY
209.0,apartment,0.0,3.6399999999999997,0.0,3.6399999999999997,0.0,3.6399999999999997,Winter,PRODUCE_PRIORITY
209.0,family_house,0.0,10.08,0.0,10.08,0.0,10.08,Winter,PRODUCE_PRIORITY
209.0,luxury_house,0.0,18.0,0.0,18.0,0.0,18.0,Winter,PRODUCE_PRIORITY
209.0,small_family,0.0,6.5,0.0,6.5,0.0,6.5,Winter,PRODUCE_PRIORITY
210.0,apartment,0.0,27.6542938823987,0.0,27.6542938823987,0.0,27.6542938823987,Winter,PRODUCE_PRIORITY
210.0,family_house,0.0,27.272904206293564,0.0,27.272904206293564,0.0,27.272904206293564,Winter,PRODUCE_PRIORITY
210.0,luxury_house,0.0,38.69092560805409,0.0,38.69092560805409,0.0,38.69092560805409,Winter,PRODUCE_PRIORITY
210.0,small_family,0.0,24.515224680436578,0.0,24.515224680436578,0.0,24.515224680436578,Winter,PRODUCE_PRIORITY
211.0,apartment,0.0,25.768408524978074,0.0,25.768408524978074,0.0,25.768408524978074,Winter,PRODUCE_PRIORITY
211.0,family_house,0.0,24.121742514907048,0.0,24.121742514907048,0.0,24.121742514907048,Winter,PRODUCE_PRIORITY
211.0,luxury_house,0.0,35.663579283974684,0.0,35.663579283974684,0.0,35.663579283974684,Winter,PRODUCE_PRIORITY
211.0,small_family,0.0,27.910961039851014,0.0,27.910961039851014,0.0,27.910961039851014,Winter,PRODUCE_PRIORITY
212.0,apartment,0.0,24.617869382511742,0.0,24.617869382511742,0.0,24.617869382511742,Winter,PRODUCE_PRIORITY
212.0,family_house,0.0,21.09459296069379,0.0,21.09459296069379,0.0,21.09459296069379,Winter,PRODUCE_PRIORITY
212.0,luxury_house,0.0,38.66041490155074,0.0,38.66041490155074,0.0,38.66041490155074,Winter,PRODUCE_PRIORITY
212.0,small_family,0.0,27.073395299015594,0.0,27.073395299015594,0.0,27.073395299015594,Winter,PRODUCE_PRIORITY
213.0,apartment,0.0,23.941225331204066,0.0,23.941225331204066,0.0,23.941225331204066,Winter,PRODUCE_PRIORITY
213.0,family_house,0.0,24.345539871884444,0.0,24.345539871884444,0.0,24.345539871884444,Winter,PRODUCE_PRIORITY
213.0,luxury_house,0.0,33.69708135468697,0.0,33.69708135468697,0.0,33.69708135468697,Winter,PRODUCE_PRIORITY
213.0,small_family,0.0,31.30312692669785,0.0,31.30312692669785,0.0,31.30312692669785,Winter,PRODUCE_PRIORITY
214.0,apartment,0.0,3.6399999999999997,0.0,3.6399999999999997,0.0,3.6399999999999997,Winter,PRODUCE_PRIORITY
214.0,family_house,0.0,10.08,0.0,10.08,0.0,10.08,Winter,PRODUCE_PRIORITY
214.0,luxury_house,0.0,18.0,0.0,18.0,0.0,18.0,Winter,PRODUCE_PRIORITY
214.0,small_family,0.0,6.5,0.0,6.5,0.0,6.5,Winter,PRODUCE_PRIORITY
215.0,apartment,0.0,3.6399999999999997,0.0,3.6399999999999997,0.0,3.6399999999999997,Winter,PRODUCE_PRIORITY
215.0,family_house,0.0,10.08,0.0,10.08,0.0,10.08,Winter,PRODUCE_PRIORITY
215.0,luxury_house,0.0,18.0,0.0,18.0,0.0,18.0,Winter,PRODUCE_PRIORITY
215.0,small_family,0.0,6.5,0.0,6.5,0.0,6.5,Winter,PRODUCE_PRIORITY
216.0,apartment,0.0,3.6399999999999997,0.0,3.6399999999999997,0.0,3.6399999999999997,Winter,PRODUCE_PRIORITY
216.0,family_house,0.0,10.08,0.0,10.08,0.0,10.08,Winter,PRODUCE_PRIORITY
216.0,luxury_house,0.0,18.0,0.0,18.0,0.0,18.0,Winter,PRODUCE_PRIORITY
216.0,small_family,0.0,6.5,0.0,6.5,0.0,6.5,Winter,PRODUCE_PRIORITY
217.0,apartment,5.986928207302496,3.6399999999999997,0.0,3.6399999999999997,5.986928207302496,-2.3469282073024966,Winter,PRODUCE_PRIORITY
217.0,family_house,11.985308082971999,10.08,0.0,10.08,11.985308082971999,-1.9053080829719993,Winter,PRODUCE_PRIORITY
217.0,luxury_house,13.395576643657986,18.0,0.0,18.0,13.395576643657986,4.604423356342014,Winter,PRODUCE_PRIORITY
217.0,small_family,9.044257488129793,6.5,0.0,6.5,9.044257488129793,-2.544257488129793,Winter,PRODUCE_PRIORITY
218.0,apartment,11.565857151143987,3.6399999999999997,0.0,3.6399999999999997,11.565857151143987,-7.925857151143987,Winter,PRODUCE_PRIORITY
218.0,family_house,23.15383722674755,10.08,0.0,10.08,23.15383722674755,-13.073837226747553,Winter,PRODUCE_PRIORITY
218.0,luxury_house,25.878266876287768,18.0,0.0,18.0,25.878266876287768,-7.878266876287769,Winter,PRODUCE_PRIORITY
218.0,small_family,17.472163774785724,6.5,0.0,6.5,17.472163774785724,-10.972163774785725,Winter,PRODUCE_PRIORITY
219.0,apartment,16.356592043617677,3.6399999999999997,0.0,3.6399999999999997,16.356592043617677,-12.716592043617679,Winter,PRODUCE_PRIORITY
219.0,family_house,32.744470627045445,10.08,0.0,10.08,32.744470627045445,-22.66447062704545,Winter,PRODUCE_PRIORITY
219.0,luxury_house,34.0506752128764,18.0,0.0,18.0,34.0506752128764,-16.0506752128764,Winter,PRODUCE_PRIORITY
219.0,small_family,24.709370974305873,6.5,0.0,6.5,24.709370974305873,-18.209370974305873,Winter,PRODUCE_PRIORITY
220.0,apartment,20.03265221886522,3.6399999999999997,0.0,3.6399999999999997,20.03265221886522,-16.392652218865223,Winter,PRODUCE_PRIORITY
220.0,family_house,38.597574774589155,10.08,0.0,10.08,38.597574774589155,-28.517574774589153,Winter,PRODUCE_PRIORITY
220.0,luxury_house,36.30951292099294,18.0,0.0,18.0,36.30951292099294,-18.309512920992937,Winter,PRODUCE_PRIORITY
220.0,small_family,30.262675376093302,6.5,0.0,6.5,30.262675376093302,-23.762675376093302,Winter,PRODUCE_PRIORITY
221.0,apartment,22.34352025092017,3.6399999999999997,0.0,3.6399999999999997,22.34352025092017,-18.70352025092017,Winter,PRODUCE_PRIORITY
221.0,family_house,40.87436022798625,10.08,0.0,10.08,40.87436022798625,-30.794360227986257,Winter,PRODUCE_PRIORITY
221.0,luxury_house,37.72947766597573,18.0,0.0,18.0,37.72947766597573,-19.729477665975732,Winter,PRODUCE_PRIORITY
221.0,small_family,33.51255018722271,6.5,0.0,6.5,33.51255018722271,-27.012550187222708,Winter,PRODUCE_PRIORITY
222.0,apartment,23.13171430228798,3.6399999999999997,0.0,3.6399999999999997,23.13171430228798,-19.491714302287978,Winter,PRODUCE_PRIORITY
222.0,family_house,41.61072792533376,10.08,0.0,10.08,41.61072792533376,-31.53072792533376,Winter,PRODUCE_PRIORITY
222.0,luxury_house,38.213801197056895,18.0,0.0,18.0,38.213801197056895,-20.2138011970569,Winter,PRODUCE_PRIORITY
222.0,small_family,34.30925712304282,6.5,0.0,6.5,34.30925712304282,-27.809257123042816,Winter,PRODUCE_PRIORITY
223.0,apartment,22.343520250920175,3.6399999999999997,0.0,3.6399999999999997,22.343520250920175,-18.703520250920175,Winter,PRODUCE_PRIORITY
223.0,family_house,40.87436022798625,10.08,0.0,10.08,40.87436022798625,-30.794360227986257,Winter,PRODUCE_PRIORITY
223.0,luxury_house,37.72947766597573,18.0,0.0,18.0,37.72947766597573,-19.729477665975732,Winter,PRODUCE_PRIORITY
223.0,small_family,33.512550187222715,6.5,0.0,6.5,33.512550187222715,-27.012550187222715,Winter,PRODUCE_PRIORITY
224.0,apartment,20.03265221886522,3.6399999999999997,0.0,3.6399999999999997,20.03265221886522,-16.392652218865223,Winter,PRODUCE_PRIORITY
224.0,family_house,38.597574774589155,10.08,0.0,10.08,38.597574774589155,-28.517574774589157,Winter,PRODUCE_PRIORITY
224.0,luxury_house,36.30951292099294,18.0,0.0,18.0,36.30951292099294,-18.30951292099294,Winter,PRODUCE_PRIORITY
224.0,small_family,30.262675376093306,6.5,0.0,6.5,30.262675376093306,-23.762675376093306,Winter,PRODUCE_PRIORITY
225.0,apartment,16.356592043617677,3.6399999999999997,0.0,3.6399999999999997,16.356592043617677,-12.716592043617679,Winter,PRODUCE_PRIORITY
225.0,family_house,32.744470627045445,10.08,0.0,10.08,32.744470627045445,-22.66447062704545,Winter,PRODUCE_PRIORITY
225.0,luxury_house,34.0506752128764,18.0,0.0,18.0,34.0506752128764,-16.0506752128764,Winter,PRODUCE_PRIORITY
225.0,small_family,24.709370974305873,6.5,0.0,6.5,24.709370974305873,-18.209370974305873,Winter,PRODUCE_PRIORITY
226.0,apartment,11.565857151143996,3.6399999999999997,0.0,3.6399999999999997,11.565857151143996,-7.925857151143996,Winter,PRODUCE_PRIORITY
226.0,family_house,23.153837226747573,10.08,0.0,10.08,23.153837226747573,-13.073837226747571,Winter,PRODUCE_PRIORITY
226.0,luxury_house,25.87826687628779,18.0,0.0,18.0,25.87826687628779,-7.878266876287787,Winter,PRODUCE_PRIORITY
226.0,small_family,17.472163774785738,6.5,0.0,6.5,17.472163774785738,-10.97216377478574,Winter,PRODUCE_PRIORITY
227.0,apartment,5.986928207302503,3.6399999999999997,0.0,3.6399999999999997,5.986928207302503,-2.3469282073025033,Winter,PRODUCE_PRIORITY
227.0,family_house,11.985308082972011,10.08,0.0,10.08,11.985308082972011,-1.9053080829720124,Winter,PRODUCE_PRIORITY
227.0,luxury_house,13.395576643658002,18.0,0.0,18.0,13.395576643658002,4.604423356341998,Winter,PRODUCE_PRIORITY
227.0,small_family,9.044257488129803,6.5,0.0,6.5,9.044257488129803,-2.5442574881298037,Winter,PRODUCE_PRIORITY
228.0,apartment,2.832817987908802e-15,3.6399999999999997,0.0,3.6399999999999997,2.832817987908802e-15,3.6399999999999966,Winter,PRODUCE_PRIORITY
228.0,family_house,5.671054529543045e-15,10.08,0.0,10.08,5.671054529543045e-15,10.079999999999995,Winter,PRODUCE_PRIORITY
228.0,luxury_house,6.338347339505359e-15,18.0,0.0,18.0,6.338347339505359e-15,17.999999999999993,Winter,PRODUCE_PRIORITY
228.0,small_family,4.279445888193936e-15,6.5,0.0,6.5,4.279445888193936e-15,6.499999999999996,Winter,PRODUCE_PRIORITY
229.0,apartment,0.0,3.6399999999999997,0.0,3.6399999999999997,0.0,3.6399999999999997,Winter,PRODUCE_PRIORITY
229.0,family_house,0.0,10.08,0.0,10.08,0.0,10.08,Winter,PRODUCE_PRIORITY
229.0,luxury_house,0.0,18.0,0.0,18.0,0.0,18.0,Winter,PRODUCE_PRIORITY
229.0,small_family,0.0,6.5,0.0,6.5,0.0,6.5,Winter,PRODUCE_PRIORITY
230.0,apartment,0.0,3.6399999999999997,0.0,3.6399999999999997,0.0,3.6399999999999997,Winter,PRODUCE_PRIORITY
230.0,family_house,0.0,10.08,0.0,10.08,0.0,10.08,Winter,PRODUCE_PRIORITY
230.0,luxury_house,0.0,18.0,0.0,18.0,0.0,18.0,Winter,PRODUCE_PRIORITY
230.0,small_family,0.0,6.5,0.0,6.5,0.0,6.5,Winter,PRODUCE_PRIORITY
231.0,apartment,0.0,3.6399999999999997,0.0,3.6399999999999997,0.0,3.6399999999999997,Winter,PRODUCE_PRIORITY
231.0,family_house,0.0,10.08,0.0,10.08,0.0,10.08,Winter,PRODUCE_PRIORITY
231.0,luxury_house,0.0,18.0,0.0,18.0,0.0,18.0,Winter,PRODUCE_PRIORITY
231.0,small_family,0.0,6.5,0.0,6.5,0.0,6.5,Winter,PRODUCE_PRIORITY
232.0,apartment,0.0,3.6399999999999997,0.0,3.6399999999999997,0.0,3.6399999999999997,Winter,PRODUCE_PRIORITY
232.0,family_house,0.0,10.08,0.0,10.08,0.0,10.08,Winter,PRODUCE_PRIORITY
232.0,luxury_house,0.0,18.0,0.0,18.0,0.0,18.0,Winter,PRODUCE_PRIORITY
232.0,small_family,0.0,6.5,0.0,6.5,0.0,6.5,Winter,PRODUCE_PRIORITY
233.0,apartment,0.0,3.6399999999999997,0.0,3.6399999999999997,0.0,3.6399999999999997,Winter,PRODUCE_PRIORITY
233.0,family_house,0.0,10.08,0.0,10.08,0.0,10.08,Winter,PRODUCE_PRIORITY
233.0,luxury_house,0.0,18.0,0.0,18.0,0.0,18.0,Winter,PRODUCE_PRIORITY
233.0,small_family,0.0,6.5,0.0,6.5,0.0,6.5,Winter,PRODUCE_PRIORITY
234.0,apartment,0.0,24.138054190931513,0.0,24.138054190931513,0.0,24.138054190931513,Winter,PRODUCE_PRIORITY
234.0,family_house,0.0,28.938641361729815,0.0,28.938641361729815,0.0,28.938641361729815,Winter,PRODUCE_PRIORITY
234.0,luxury_house,0.0,37.70483655834312,0.0,37.70483655834312,0.0,37.70483655834312,Winter,PRODUCE_PRIORITY
234.0,small_family,0.0,23.210117885092785,0.0,23.210117885092785,0.0,23.210117885092785,Winter,PRODUCE_PRIORITY
235.0,apartment,0.0,22.073029878042416,0.0,22.073029878042416,0.0,22.073029878042416,Winter,PRODUCE_PRIORITY
235.0,family_house,0.0,29.393601605382255,0.0,29.393601605382255,0.0,29.393601605382255,Winter,PRODUCE_PRIORITY
235.0,luxury_house,0.0,37.222630561104864,0.0,37.222630561104864,0.0,37.222630561104864,Winter,PRODUCE_PRIORITY
235.0,small_family,0.0,20.83676927389181,0.0,20.83676927389181,0.0,20.83676927389181,Winter,PRODUCE_PRIORITY
236.0,apartment,0.0,26.063673606963974,0.0,26.063673606963974,0.0,26.063673606963974,Winter,PRODUCE_PRIORITY
236.0,family_house,0.0,25.125977954792702,0.0,25.125977954792702,0.0,25.125977954792702,Winter,PRODUCE_PRIORITY
236.0,luxury_house,0.0,36.42645774969036,0.0,36.42645774969036,0.0,36.42645774969036,Winter,PRODUCE_PRIORITY
236.0,small_family,0.0,27.02903373481647,0.0,27.02903373481647,0.0,27.02903373481647,Winter,PRODUCE_PRIORITY
237.0,apartment,0.0,23.7652023650155,0.0,23.7652023650155,0.0,23.7652023650155,Winter,PRODUCE_PRIORITY
237.0,family_house,0.0,27.84879699998822,0.0,27.84879699998822,0.0,27.84879699998822,Winter,PRODUCE_PRIORITY
237.0,luxury_house,0.0,37.99038360153926,0.0,37.99038360153926,0.0,37.99038360153926,Winter,PRODUCE_PRIORITY
237.0,small_family,0.0,30.951580404225634,0.0,30.951580404225634,0.0,30.951580404225634,Winter,PRODUCE_PRIORITY
238.0,apartment,0.0,3.6399999999999997,0.0,3.6399999999999997,0.0,3.6399999999999997,Winter,PRODUCE_PRIORITY
238.0,family_house,0.0,10.08,0.0,10.08,0.0,10.08,Winter,PRODUCE_PRIORITY
238.0,luxury_house,0.0,18.0,0.0,18.0,0.0,18.0,Winter,PRODUCE_PRIORITY
238.0,small_family,0.0,6.5,0.0,6.5,0.0,6.5,Winter,PRODUCE_PRIORITY
239.0,apartment,0.0,3.6399999999999997,0.0,3.6399999999999997,0.0,3.6399999999999997,Winter,PRODUCE_PRIORITY
239.0,family_house,0.0,10.08,0.0,10.08,0.0,10.08,Winter,PRODUCE_PRIORITY
239.0,luxury_house,0.0,18.0,0.0,18.0,0.0,18.0,Winter,PRODUCE_PRIORITY
239.0,small_family,0.0,6.5,0.0,6.5,0.0,6.5,Winter,PRODUCE_PRIORITY
240.0,apartment,0.0,3.6399999999999997,0.0,3.6399999999999997,0.0,3.6399999999999997,Winter,PRODUCE_PRIORITY
240.0,family_house,0.0,10.08,0.0,10.08,0.0,10.08,Winter,PRODUCE_PRIORITY
240.0,luxury_house,0.0,18.0,0.0,18.0,0.0,18.0,Winter,PRODUCE_PRIORITY
240.0,small_family,0.0,6.5,0.0,6.5,0.0,6.5,Winter,PRODUCE_PRIORITY
241.0,apartment,5.855534445951945,3.6399999999999997,0.0,3.6399999999999997,5.855534445951945,-2.215534445951946,Winter,PRODUCE_PRIORITY
241.0,family_house,9.375890120660829,10.08,0.0,10.08,9.375890120660829,0.704109879339171,Winter,PRODUCE_PRIORITY
241.0,luxury_house,12.118897028415997,18.0,0.0,18.0,12.118897028415997,5.881102971584004,Winter,PRODUCE_PRIORITY
241.0,small_family,9.190995965172158,6.5,0.0,6.5,9.190995965172158,-2.6909959651721587,Winter,PRODUCE_PRIORITY
242.0,apartment,11.312023896140468,3.6399999999999997,0.0,3.6399999999999997,11.312023896140468,-7.672023896140469,Winter,PRODUCE_PRIORITY
242.0,family_house,18.112828823989645,10.08,0.0,10.08,18.112828823989645,-8.032828823989647,Winter,PRODUCE_PRIORITY
242.0,luxury_house,23.411911251769713,18.0,0.0,18.0,23.411911251769713,-5.411911251769711,Winter,PRODUCE_PRIORITY
242.0,small_family,17.755640744156818,6.5,0.0,6.5,17.755640744156818,-11.255640744156818,Winter,PRODUCE_PRIORITY
243.0,apartment,15.997617611810394,3.6399999999999997,0.0,3.6399999999999997,15.997617611810394,-12.357617611810394,Winter,PRODUCE_PRIORITY
243.0,family_house,25.615408175828478,10.08,0.0,10.08,25.615408175828478,-15.53540817582848,Winter,PRODUCE_PRIORITY
243.0,luxury_house,32.94024826275583,18.0,0.0,18.0,32.94024826275583,-14.94024826275583,Winter,PRODUCE_PRIORITY
243.0,small_family,25.110267949010893,6.5,0.0,6.5,25.110267949010893,-18.610267949010893,Winter,PRODUCE_PRIORITY
244.0,apartment,19.59300012454854,3.6399999999999997,0.0,3.6399999999999997,19.59300012454854,-15.95300012454854,Winter,PRODUCE_PRIORITY
244.0,family_house,31.372339791948104,10.08,0.0,10.08,31.372339791948104,-21.292339791948105,Winter,PRODUCE_PRIORITY
244.0,luxury_house,37.242636706593,18.0,0.0,18.0,37.242636706593,-19.242636706592997,Winter,PRODUCE_PRIORITY
244.0,small_family,30.75367188981968,6.5,0.0,6.5,30.75367188981968,-24.25367188981968,Winter,PRODUCE_PRIORITY
245.0,apartment,21.853152057762337,3.6399999999999997,0.0,3.6399999999999997,21.853152057762337,-18.213152057762336,Winter,PRODUCE_PRIORITY
245.0,family_house,34.38488038212122,10.08,0.0,10.08,34.38488038212122,-24.30488038212122,Winter,PRODUCE_PRIORITY
245.0,luxury_house,38.81635269421345,18.0,0.0,18.0,38.81635269421345,-20.816352694213446,Winter,PRODUCE_PRIORITY
245.0,small_family,34.03091829494594,6.5,0.0,6.5,34.03091829494594,-27.530918294945945,Winter,PRODUCE_PRIORITY
246.0,apartment,22.62404779228094,3.6399999999999997,0.0,3.6399999999999997,22.62404779228094,-18.98404779228094,Winter,PRODUCE_PRIORITY
246.0,family_house,35.21945844767039,10.08,0.0,10.08,35.21945844767039,-25.139458447670393,Winter,PRODUCE_PRIORITY
246.0,luxury_house,39.33901702487394,18.0,0.0,18.0,39.33901702487394,-21.33901702487394,Winter,PRODUCE_PRIORITY
246.0,small_family,35.09029438659893,6.5,0.0,6.5,35.09029438659893,-28.590294386598924,Winter,PRODUCE_PRIORITY
247.0,apartment,21.85315205776234,3.6399999999999997,0.0,3.6399999999999997,21.85315205776234,-18.21315205776234,Winter,PRODUCE_PRIORITY
247.0,family_house,34.38488038212122,10.08,0.0,10.08,34.38488038212122,-24.30488038212122,Winter,PRODUCE_PRIORITY
247.0,luxury_house,38.81635269421345,18.0,0.0,18.0,38.81635269421345,-20.816352694213446,Winter,PRODUCE_PRIORITY
247.0,small_family,34.03091829494595,6.5,0.0,6.5,34.03091829494595,-27.53091829494595,Winter,PRODUCE_PRIORITY
248.0,apartment,19.59300012454854,3.6399999999999997,0.0,3.6399999999999997,19.59300012454854,-15.95300012454854,Winter,PRODUCE_PRIORITY
248.0,family_house,31.37233979194811,10.08,0.0,10.08,31.37233979194811,-21.292339791948113,Winter,PRODUCE_PRIORITY
248.0,luxury_house,37.242636706593,18.0,0.0,18.0,37.242636706593,-19.242636706593,Winter,PRODUCE_PRIORITY
248.0,small_family,30.753671889819685,6.5,0.0,6.5,30.753671889819685,-24.253671889819685,Winter,PRODUCE_PRIORITY
249.0,apartment,15.997617611810394,3.6399999999999997,0.0,3.6399999999999997,15.997617611810394,-12.357617611810394,Winter,PRODUCE_PRIORITY
249.0,family_house,25.615408175828478,10.08,0.0,10.08,25.615408175828478,-15.53540817582848,Winter,PRODUCE_PRIORITY
249.0,luxury_house,32.94024826275583,18.0,0.0,18.0,32.94024826275583,-14.94024826275583,Winter,PRODUCE_PRIORITY
249.0,small_family,25.110267949010893,6.5,0.0,6.5,25.110267949010893,-18.610267949010893,Winter,PRODUCE_PRIORITY
250.0,apartment,11.312023896140477,3.6399999999999997,0.0,3.6399999999999997,11.312023896140477,-7.672023896140477,Winter,PRODUCE_PRIORITY
250.0,family_house,18.11282882398966,10.08,0.0,10.08,18.11282882398966,-8.032828823989659,Winter,PRODUCE_PRIORITY
250.0,luxury_house,23.41191125176973,18.0,0.0,18.0,23.41191125176973,-5.4119112517697285,Winter,PRODUCE_PRIORITY
250.0,small_family,17.755640744156832,6.5,0.0,6.5,17.755640744156832,-11.255640744156832,Winter,PRODUCE_PRIORITY
251.0,apartment,5.855534445951952,3.6399999999999997,0.0,3.6399999999999997,5.855534445951952,-2.2155344459519526,Winter,PRODUCE_PRIORITY
251.0,family_house,9.375890120660838,10.08,0.0,10.08,9.375890120660838,0.7041098793391609,Winter,PRODUCE_PRIORITY
251.0,luxury_house,12.11889702841601,18.0,0.0,18.0,12.11889702841601,5.88110297158399,Winter,PRODUCE_PRIORITY
251.0,small_family,9.190995965172169,6.5,0.0,6.5,9.190995965172169,-2.690995965172169,Winter,PRODUCE_PRIORITY
252.0,apartment,2.7706467712573594e-15,3.6399999999999997,0.0,3.6399999999999997,2.7706467712573594e-15,3.639999999999997,Winter,PRODUCE_PRIORITY
252.0,family_house,4.436363568560568e-15,10.08,0.0,10.08,4.436363568560568e-15,10.079999999999995,Winter,PRODUCE_PRIORITY
252.0,luxury_house,5.734264435280337e-15,18.0,0.0,18.0,5.734264435280337e-15,17.999999999999993,Winter,PRODUCE_PRIORITY
252.0,small_family,4.348877720828396e-15,6.5,0.0,6.5,4.348877720828396e-15,6.499999999999996,Winter,PRODUCE_PRIORITY
253.0,apartment,0.0,3.6399999999999997,0.0,3.6399999999999997,0.0,3.6399999999999997,Winter,PRODUCE_PRIORITY
253.0,family_house,0.0,10.08,0.0,10.08,0.0,10.08,Winter,PRODUCE_PRIORITY
253.0,luxury_house,0.0,18.0,0.0,18.0,0.0,18.0,Winter,PRODUCE_PRIORITY
253.0,small_family,0.0,6.5,0.0,6.5,0.0,6.5,Winter,PRODUCE_PRIORITY
254.0,apartment,0.0,3.6399999999999997,0.0,3.6399999999999997,0.0,3.6399999999999997,Winter,PRODUCE_PRIORITY
254.0,family_house,0.0,10.08,0.0,10.08,0.0,10.08,Winter,PRODUCE_PRIORITY
254.0,luxury_house,0.0,18.0,0.0,18.0,0.0,18.0,Winter,PRODUCE_PRIORITY
254.0,small_family,0.0,6.5,0.0,6.5,0.0,6.5,Winter,PRODUCE_PRIORITY
255.0,apartment,0.0,3.6399999999999997,0.0,3.6399999999999997,0.0,3.6399999999999997,Winter,PRODUCE_PRIORITY
255.0,family_house,0.0,10.08,0.0,10.08,0.0,10.08,Winter,PRODUCE_PRIORITY
255.0,luxury_house,0.0,18.0,0.0,18.0,0.0,18.0,Winter,PRODUCE_PRIORITY
255.0,small_family,0.0,6.5,0.0,6.5,0.0,6.5,Winter,PRODUCE_PRIORITY
256.0,apartment,0.0,3.6399999999999997,0.0,3.6399999999999997,0.0,3.6399999999999997,Winter,PRODUCE_PRIORITY
256.0,family_house,0.0,10.08,0.0,10.08,0.0,10.08,Winter,PRODUCE_PRIORITY
256.0,luxury_house,0.0,18.0,0.0,18.0,0.0,18.0,Winter,PRODUCE_PRIORITY
256.0,small_family,0.0,6.5,0.0,6.5,0.0,6.5,Winter,PRODUCE_PRIORITY
257.0,apartment,0.0,3.6399999999999997,0.0,3.6399999999999997,0.0,3.6399999999999997,Winter,PRODUCE_PRIORITY
257.0,family_house,0.0,10.08,0.0,10.08,0.0,10.08,Winter,PRODUCE_PRIORITY
257.0,luxury_house,0.0,18.0,0.0,18.0,0.0,18.0,Winter,PRODUCE_PRIORITY
257.0,small_family,0.0,6.5,0.0,6.5,0.0,6.5,Winter,PRODUCE_PRIORITY
258.0,apartment,0.0,24.28754150840814,0.0,24.28754150840814,0.0,24.28754150840814,Winter,PRODUCE_PRIORITY
258.0,family_house,0.0,28.948441348324543,0.0,28.948441348324543,0.0,28.948441348324543,Winter,PRODUCE_PRIORITY
258.0,luxury_house,0.0,39.24338669244777,0.0,39.24338669244777,0.0,39.24338669244777,Winter,PRODUCE_PRIORITY
258.0,small_family,0.0,30.441519847638034,0.0,30.441519847638034,0.0,30.441519847638034,Winter,PRODUCE_PRIORITY
259.0,apartment,0.0,27.569778634438286,0.0,27.569778634438286,0.0,27.569778634438286,Winter,PRODUCE_PRIORITY
259.0,family_house,0.0,29.3314328745089,0.0,29.3314328745089,0.0,29.3314328745089,Winter,PRODUCE_PRIORITY
259.0,luxury_house,0.0,35.53414117251137,0.0,35.53414117251137,0.0,35.53414117251137,Winter,PRODUCE_PRIORITY
259.0,small_family,0.0,27.54096412151019,0.0,27.54096412151019,0.0,27.54096412151019,Winter,PRODUCE_PRIORITY
260.0,apartment,0.0,22.361927887941725,0.0,22.361927887941725,0.0,22.361927887941725,Winter,PRODUCE_PRIORITY
260.0,family_house,0.0,30.104300144426055,0.0,30.104300144426055,0.0,30.104300144426055,Winter,PRODUCE_PRIORITY
260.0,luxury_house,0.0,37.58930534863257,0.0,37.58930534863257,0.0,37.58930534863257,Winter,PRODUCE_PRIORITY
260.0,small_family,0.0,24.09495776670229,0.0,24.09495776670229,0.0,24.09495776670229,Winter,PRODUCE_PRIORITY
261.0,apartment,0.0,27.229178762519233,0.0,27.229178762519233,0.0,27.229178762519233,Winter,PRODUCE_PRIORITY
261.0,family_house,0.0,28.730875429809128,0.0,28.730875429809128,0.0,28.730875429809128,Winter,PRODUCE_PRIORITY
261.0,luxury_house,0.0,35.077287790812136,0.0,35.077287790812136,0.0,35.077287790812136,Winter,PRODUCE_PRIORITY
261.0,small_family,0.0,22.5521470648616,0.0,22.5521470648616,0.0,22.5521470648616,Winter,PRODUCE_PRIORITY
262.0,apartment,0.0,3.6399999999999997,0.0,3.6399999999999997,0.0,3.6399999999999997,Winter,PRODUCE_PRIORITY
262.0,family_house,0.0,10.08,0.0,10.08,0.0,10.08,Winter,PRODUCE_PRIORITY
262.0,luxury_house,0.0,18.0,0.0,18.0,0.0,18.0,Winter,PRODUCE_PRIORITY
262.0,small_family,0.0,6.5,0.0,6.5,0.0,6.5,Winter,PRODUCE_PRIORITY
263.0,apartment,0.0,3.6399999999999997,0.0,3.6399999999999997,0.0,3.6399999999999997,Winter,PRODUCE_PRIORITY
263.0,family_house,0.0,10.08,0.0,10.08,0.0,10.08,Winter,PRODUCE_PRIORITY
263.0,luxury_house,0.0,18.0,0.0,18.0,0.0,18.0,Winter,PRODUCE_PRIORITY
263.0,small_family,0.0,6.5,0.0,6.5,0.0,6.5,Winter,PRODUCE_PRIORITY
264.0,apartment,0.0,3.6399999999999997,0.0,3.6399999999999997,0.0,3.6399999999999997,Winter,PRODUCE_PRIORITY
264.0,family_house,0.0,10.08,0.0,10.08,0.0,10.08,Winter,PRODUCE_PRIORITY
264.0,luxury_house,0.0,18.0,0.0,18.0,0.0,18.0,Winter,PRODUCE_PRIORITY
264.0,small_family,0.0,6.5,0.0,6.5,0.0,6.5,Winter,PRODUCE_PRIORITY
265.0,apartment,6.991803693680527,3.6399999999999997,0.0,3.6399999999999997,6.991803693680527,-3.3518036936805276,Winter,PRODUCE_PRIORITY
265.0,family_house,8.995722929242456,10.08,0.0,10.08,8.995722929242456,1.084277070757544,Winter,PRODUCE_PRIORITY
265.0,luxury_house,12.627259041991042,18.0,0.0,18.0,12.627259041991042,5.372740958008958,Winter,PRODUCE_PRIORITY
265.0,small_family,8.335000976250049,6.5,0.0,6.5,8.335000976250049,-1.8350009762500492,Winter,PRODUCE_PRIORITY
266.0,apartment,13.507127520138644,3.6399999999999997,0.0,3.6399999999999997,13.507127520138644,-9.867127520138645,Winter,PRODUCE_PRIORITY
266.0,family_house,17.37840220699207,10.08,0.0,10.08,17.37840220699207,-7.298402206992073,Winter,PRODUCE_PRIORITY
266.0,luxury_house,24.39399124780261,18.0,0.0,18.0,24.39399124780261,-6.393991247802611,Winter,PRODUCE_PRIORITY
266.0,small_family,16.10198541020904,6.5,0.0,6.5,16.10198541020904,-9.601985410209037,Winter,PRODUCE_PRIORITY
267.0,apartment,19.101962927682948,3.6399999999999997,0.0,3.6399999999999997,19.101962927682948,-15.461962927682947,Winter,PRODUCE_PRIORITY
267.0,family_house,24.576772093502722,10.08,0.0,10.08,24.576772093502722,-14.496772093502722,Winter,PRODUCE_PRIORITY
267.0,luxury_house,33.5821169536389,18.0,0.0,18.0,33.5821169536389,-15.582116953638904,Winter,PRODUCE_PRIORITY
267.0,small_family,22.77164614825133,6.5,0.0,6.5,22.77164614825133,-16.27164614825133,Winter,PRODUCE_PRIORITY
268.0,apartment,23.39503112919195,3.6399999999999997,0.0,3.6399999999999997,23.39503112919195,-19.755031129191952,Winter,PRODUCE_PRIORITY
268.0,family_house,29.539986113670302,10.08,0.0,10.08,29.539986113670302,-19.459986113670304,Winter,PRODUCE_PRIORITY
268.0,luxury_house,37.04722505947631,18.0,0.0,18.0,37.04722505947631,-19.047225059476315,Winter,PRODUCE_PRIORITY
268.0,small_family,27.889456833214847,6.5,0.0,6.5,27.889456833214847,-21.389456833214847,Winter,PRODUCE_PRIORITY
269.0,apartment,26.09376662136347,3.6399999999999997,0.0,3.6399999999999997,26.09376662136347,-22.45376662136347,Winter,PRODUCE_PRIORITY
269.0,family_house,31.46785391477822,10.08,0.0,10.08,31.46785391477822,-21.387853914778223,Winter,PRODUCE_PRIORITY
269.0,luxury_house,38.552288641051234,18.0,0.0,18.0,38.552288641051234,-20.552288641051234,Winter,PRODUCE_PRIORITY
269.0,small_family,30.766610115200418,6.5,0.0,6.5,30.766610115200418,-24.266610115200418,Winter,PRODUCE_PRIORITY
270.0,apartment,27.01425504027729,3.6399999999999997,0.0,3.6399999999999997,27.01425504027729,-23.374255040277294,Winter,PRODUCE_PRIORITY
270.0,family_house,32.013500720032745,10.08,0.0,10.08,32.013500720032745,-21.93350072003275,Winter,PRODUCE_PRIORITY
270.0,luxury_house,39.06563780053256,18.0,0.0,18.0,39.06563780053256,-21.06563780053256,Winter,PRODUCE_PRIORITY
270.0,small_family,31.434295238873965,6.5,0.0,6.5,31.434295238873965,-24.934295238873965,Winter,PRODUCE_PRIORITY
271.0,apartment,26.09376662136347,3.6399999999999997,0.0,3.6399999999999997,26.09376662136347,-22.453766621363474,Winter,PRODUCE_PRIORITY
271.0,family_house,31.46785391477822,10.08,0.0,10.08,31.46785391477822,-21.387853914778223,Winter,PRODUCE_PRIORITY
271.0,luxury_house,38.552288641051234,18.0,0.0,18.0,38.552288641051234,-20.552288641051234,Winter,PRODUCE_PRIORITY
271.0,small_family,30.766610115200425,6.5,0.0,6.5,30.766610115200425,-24.266610115200425,Winter,PRODUCE_PRIORITY
272.0,apartment,23.39503112919195,3.6399999999999997,0.0,3.6399999999999997,23.39503112919195,-19.755031129191952,Winter,PRODUCE_PRIORITY
272.0,family_house,29.539986113670306,10.08,0.0,10.08,29.539986113670306,-19.459986113670308,Winter,PRODUCE_PRIORITY
272.0,luxury_house,37.04722505947632,18.0,0.0,18.0,37.04722505947632,-19.047225059476315,Winter,PRODUCE_PRIORITY
272.0,small_family,27.88945683321485,6.5,0.0,6.5,27.88945683321485,-21.38945683321485,Winter,PRODUCE_PRIORITY
273.0,apartment,19.101962927682948,3.6399999999999997,0.0,3.6399999999999997,19.101962927682948,-15.461962927682947,Winter,PRODUCE_PRIORITY
273.0,family_house,24.576772093502722,10.08,0.0,10.08,24.576772093502722,-14.496772093502722,Winter,PRODUCE_PRIORITY
273.0,luxury_house,33.5821169536389,18.0,0.0,18.0,33.5821169536389,-15.582116953638904,Winter,PRODUCE_PRIORITY
273.0,small_family,22.77164614825133,6.5,0.0,6.5,22.77164614825133,-16.27164614825133,Winter,PRODUCE_PRIORITY
274.0,apartment,13.507127520138654,3.6399999999999997,0.0,3.6399999999999997,13.507127520138654,-9.867127520138656,Winter,PRODUCE_PRIORITY
274.0,family_house,17.378402206992085,10.08,0.0,10.08,17.378402206992085,-7.298402206992087,Winter,PRODUCE_PRIORITY
274.0,luxury_house,24.393991247802628,18.0,0.0,18.0,24.393991247802628,-6.39399124780263,Winter,PRODUCE_PRIORITY
274.0,small_family,16.10198541020905,6.5,0.0,6.5,16.10198541020905,-9.60198541020905,Winter,PRODUCE_PRIORITY
275.0,apartment,6.991803693680535,3.6399999999999997,0.0,3.6399999999999997,6.991803693680535,-3.351803693680535,Winter,PRODUCE_PRIORITY
275.0,family_house,8.995722929242465,10.08,0.0,10.08,8.995722929242465,1.084277070757534,Winter,PRODUCE_PRIORITY
275.0,luxury_house,12.627259041991056,18.0,0.0,18.0,12.627259041991056,5.372740958008944,Winter,PRODUCE_PRIORITY
275.0,small_family,8.335000976250058,6.5,0.0,6.5,8.335000976250058,-1.835000976250059,Winter,PRODUCE_PRIORITY
276.0,apartment,3.308292096642584e-15,3.6399999999999997,0.0,3.6399999999999997,3.308292096642584e-15,3.6399999999999966,Winter,PRODUCE_PRIORITY
276.0,family_house,4.256480927417629e-15,10.08,0.0,10.08,4.256480927417629e-15,10.079999999999995,Winter,PRODUCE_PRIORITY
276.0,luxury_house,5.974804660010004e-15,18.0,0.0,18.0,5.974804660010004e-15,17.999999999999993,Winter,PRODUCE_PRIORITY
276.0,small_family,3.943848978505977e-15,6.5,0.0,6.5,3.943848978505977e-15,6.4999999999999964,Winter,PRODUCE_PRIORITY
277.0,apartment,0.0,3.6399999999999997,0.0,3.6399999999999997,0.0,3.6399999999999997,Winter,PRODUCE_PRIORITY
277.0,family_house,0.0,10.08,0.0,10.08,0.0,10.08,Winter,PRODUCE_PRIORITY
277.0,luxury_house,0.0,18.0,0.0,18.0,0.0,18.0,Winter,PRODUCE_PRIORITY
277.0,small_family,0.0,6.5,0.0,6.5,0.0,6.5,Winter,PRODUCE_PRIORITY
278.0,apartment,0.0,3.6399999999999997,0.0,3.6399999999999997,0.0,3.6399999999999997,Winter,PRODUCE_PRIORITY
278.0,family_house,0.0,10.08,0.0,10.08,0.0,10.08,Winter,PRODUCE_PRIORITY
278.0,luxury_house,0.0,18.0,0.0,18.0,0.0,18.0,Winter,PRODUCE_PRIORITY
278.0,small_family,0.0,6.5,0.0,6.5,0.0,6.5,Winter,PRODUCE_PRIORITY
279.0,apartment,0.0,3.6399999999999997,0.0,3.6399999999999997,0.0,3.6399999999999997,Winter,PRODUCE_PRIORITY
279.0,family_house,0.0,10.08,0.0,10.08,0.0,10.08,Winter,PRODUCE_PRIORITY
279.0,luxury_house,0.0,18.0,0.0,18.0,0.0,18.0,Winter,PRODUCE_PRIORITY
279.0,small_family,0.0,6.5,0.0,6.5,0.0,6.5,Winter,PRODUCE_PRIORITY
280.0,apartment,0.0,3.6399999999999997,0.0,3.6399999999999997,0.0,3.6399999999999997,Winter,PRODUCE_PRIORITY
280.0,family_house,0.0,10.08,0.0,10.08,0.0,10.08,Winter,PRODUCE_PRIORITY
280.0,luxury_house,0.0,18.0,0.0,18.0,0.0,18.0,Winter,PRODUCE_PRIORITY
280.0,small_family,0.0,6.5,0.0,6.5,0.0,6.5,Winter,PRODUCE_PRIORITY
281.0,apartment,0.0,3.6399999999999997,0.0,3.6399999999999997,0.0,3.6399999999999997,Winter,PRODUCE_PRIORITY
281.0,family_house,0.0,10.08,0.0,10.08,0.0,10.08,Winter,PRODUCE_PRIORITY
281.0,luxury_house,0.0,18.0,0.0,18.0,0.0,18.0,Winter,PRODUCE_PRIORITY
281.0,small_family,0.0,6.5,0.0,6.5,0.0,6.5,Winter,PRODUCE_PRIORITY
282.0,apartment,0.0,25.33441323687286,0.0,25.33441323687286,0.0,25.33441323687286,Winter,PRODUCE_PRIORITY
282.0,family_house,0.0,27.70608836197796,0.0,27.70608836197796,0.0,27.70608836197796,Winter,PRODUCE_PRIORITY
282.0,luxury_house,0.0,35.269617569097136,0.0,35.269617569097136,0.0,35.269617569097136,Winter,PRODUCE_PRIORITY
282.0,small_family,0.0,21.62790908857657,0.0,21.62790908857657,0.0,21.62790908857657,Winter,PRODUCE_PRIORITY
283.0,apartment,0.0,22.150774169124592,0.0,22.150774169124592,0.0,22.150774169124592,Winter,PRODUCE_PRIORITY
283.0,family_house,0.0,27.182631932903643,0.0,27.182631932903643,0.0,27.182631932903643,Winter,PRODUCE_PRIORITY
283.0,luxury_house,0.0,35.161169567402204,0.0,35.161169567402204,0.0,35.161169567402204,Winter,PRODUCE_PRIORITY
283.0,small_family,0.0,26.485557514039005,0.0,26.485557514039005,0.0,26.485557514039005,Winter,PRODUCE_PRIORITY
284.0,apartment,0.0,21.434745604008636,0.0,21.434745604008636,0.0,21.434745604008636,Winter,PRODUCE_PRIORITY
284.0,family_house,0.0,29.408386553171816,0.0,29.408386553171816,0.0,29.408386553171816,Winter,PRODUCE_PRIORITY
284.0,luxury_house,0.0,30.14165703647146,0.0,30.14165703647146,0.0,30.14165703647146,Winter,PRODUCE_PRIORITY
284.0,small_family,0.0,22.61240148164103,0.0,22.61240148164103,0.0,22.61240148164103,Winter,PRODUCE_PRIORITY
285.0,apartment,0.0,20.344559458612007,0.0,20.344559458612007,0.0,20.344559458612007,Winter,PRODUCE_PRIORITY
285.0,family_house,0.0,29.044170115576602,0.0,29.044170115576602,0.0,29.044170115576602,Winter,PRODUCE_PRIORITY
285.0,luxury_house,0.0,38.20682766043205,0.0,38.20682766043205,0.0,38.20682766043205,Winter,PRODUCE_PRIORITY
285.0,small_family,0.0,22.66377255204085,0.0,22.66377255204085,0.0,22.66377255204085,Winter,PRODUCE_PRIORITY
286.0,apartment,0.0,3.6399999999999997,0.0,3.6399999999999997,0.0,3.6399999999999997,Winter,PRODUCE_PRIORITY
286.0,family_house,0.0,10.08,0.0,10.08,0.0,10.08,Winter,PRODUCE_PRIORITY
286.0,luxury_house,0.0,18.0,0.0,18.0,0.0,18.0,Winter,PRODUCE_PRIORITY
286.0,small_family,0.0,6.5,0.0,6.5,0.0,6.5,Winter,PRODUCE_PRIORITY
287.0,apartment,0.0,3.6399999999999997,0.0,3.6399999999999997,0.0,3.6399999999999997,Winter,PRODUCE_PRIORITY
287.0,family_house,0.0,10.08,0.0,10.08,0.0,10.08,Winter,PRODUCE_PRIORITY
287.0,luxury_house,0.0,18.0,0.0,18.0,0.0,18.0,Winter,PRODUCE_PRIORITY
287.0,small_family,0.0,6.5,0.0,6.5,0.0,6.5,Winter,PRODUCE_PRIORITY
288.0,apartment,0.0,3.6399999999999997,0.0,3.6399999999999997,0.0,3.6399999999999997,Winter,PRODUCE_PRIORITY
288.0,family_house,0.0,10.08,0.0,10.08,0.0,10.08,Winter,PRODUCE_PRIORITY
288.0,luxury_house,0.0,18.0,0.0,18.0,0.0,18.0,Winter,PRODUCE_PRIORITY
288.0,small_family,0.0,6.5,0.0,6.5,0.0,6.5,Winter,PRODUCE_PRIORITY
289.0,apartment,7.225847210903394,3.6399999999999997,0.0,3.6399999999999997,7.225847210903394,-3.585847210903395,Winter,PRODUCE_PRIORITY
289.0,family_house,9.344722340482969,10.08,0.0,10.08,9.344722340482969,0.7352776595170314,Winter,PRODUCE_PRIORITY
289.0,luxury_house,13.05829940130994,18.0,0.0,18.0,13.05829940130994,4.94170059869006,Winter,PRODUCE_PRIORITY
289.0,small_family,10.234227306432949,6.5,0.0,6.5,10.234227306432949,-3.73422730643295,Winter,PRODUCE_PRIORITY
290.0,apartment,13.95926487566084,3.6399999999999997,0.0,3.6399999999999997,13.95926487566084,-10.31926487566084,Winter,PRODUCE_PRIORITY
290.0,family_house,18.052617296345854,10.08,0.0,10.08,18.052617296345854,-7.972617296345854,Winter,PRODUCE_PRIORITY
290.0,luxury_house,25.226697278280696,18.0,0.0,18.0,25.226697278280696,-7.226697278280698,Winter,PRODUCE_PRIORITY
290.0,small_family,19.771008934792782,6.5,0.0,6.5,19.771008934792782,-13.271008934792782,Winter,PRODUCE_PRIORITY
291.0,apartment,19.74138170791794,3.6399999999999997,0.0,3.6399999999999997,19.74138170791794,-16.10138170791794,Winter,PRODUCE_PRIORITY
291.0,family_house,25.530256216823428,10.08,0.0,10.08,25.530256216823428,-15.450256216823428,Winter,PRODUCE_PRIORITY
291.0,luxury_house,33.85520552377141,18.0,0.0,18.0,33.85520552377141,-15.855205523771408,Winter,PRODUCE_PRIORITY
291.0,small_family,27.960428977383604,6.5,0.0,6.5,27.960428977383604,-21.460428977383604,Winter,PRODUCE_PRIORITY
292.0,apartment,24.178156000956225,3.6399999999999997,0.0,3.6399999999999997,24.178156000956225,-20.538156000956228,Winter,PRODUCE_PRIORITY
292.0,family_house,30.55018595162973,10.08,0.0,10.08,30.55018595162973,-20.47018595162973,Winter,PRODUCE_PRIORITY
292.0,luxury_house,36.260725031626144,18.0,0.0,18.0,36.260725031626144,-18.26072503162614,Winter,PRODUCE_PRIORITY
292.0,small_family,34.24439199195933,6.5,0.0,6.5,34.24439199195933,-27.744391991959333,Winter,PRODUCE_PRIORITY
293.0,apartment,26.967228918821334,3.6399999999999997,0.0,3.6399999999999997,26.967228918821334,-23.327228918821334,Winter,PRODUCE_PRIORITY
293.0,family_house,33.151464267810056,10.08,0.0,10.08,33.151464267810056,-23.07146426781006,Winter,PRODUCE_PRIORITY
293.0,luxury_house,37.5821959917506,18.0,0.0,18.0,37.5821959917506,-19.582195991750602,Winter,PRODUCE_PRIORITY
293.0,small_family,37.9625043624153,6.5,0.0,6.5,37.9625043624153,-31.462504362415302,Winter,PRODUCE_PRIORITY
294.0,apartment,27.918529751321685,3.6399999999999997,0.0,3.6399999999999997,27.918529751321685,-24.27852975132169,Winter,PRODUCE_PRIORITY
294.0,family_house,34.038711858899084,10.08,0.0,10.08,34.038711858899084,-23.958711858899086,Winter,PRODUCE_PRIORITY
294.0,luxury_house,37.81464873879716,18.0,0.0,18.0,37.81464873879716,-19.814648738797164,Winter,PRODUCE_PRIORITY
294.0,small_family,38.93954710531297,6.5,0.0,6.5,38.93954710531297,-32.43954710531297,Winter,PRODUCE_PRIORITY
295.0,apartment,26.967228918821338,3.6399999999999997,0.0,3.6399999999999997,26.967228918821338,-23.327228918821337,Winter,PRODUCE_PRIORITY
295.0,family_house,33.151464267810056,10.08,0.0,10.08,33.151464267810056,-23.07146426781006,Winter,PRODUCE_PRIORITY
295.0,luxury_house,37.5821959917506,18.0,0.0,18.0,37.5821959917506,-19.582195991750602,Winter,PRODUCE_PRIORITY
295.0,small_family,37.96250436241531,6.5,0.0,6.5,37.96250436241531,-31.46250436241531,Winter,PRODUCE_PRIORITY
296.0,apartment,24.178156000956225,3.6399999999999997,0.0,3.6399999999999997,24.178156000956225,-20.538156000956228,Winter,PRODUCE_PRIORITY
296.0,family_house,30.550185951629732,10.08,0.0,10.08,30.550185951629732,-20.470185951629734,Winter,PRODUCE_PRIORITY
296.0,luxury_house,36.260725031626144,18.0,0.0,18.0,36.260725031626144,-18.260725031626144,Winter,PRODUCE_PRIORITY
296.0,small_family,34.24439199195933,6.5,0.0,6.5,34.24439199195933,-27.744391991959336,Winter,PRODUCE_PRIORITY
297.0,apartment,19.74138170791794,3.6399999999999997,0.0,3.6399999999999997,19.74138170791794,-16.10138170791794,Winter,PRODUCE_PRIORITY
297.0,family_house,25.530256216823428,10.08,0.0,10.08,25.530256216823428,-15.450256216823428,Winter,PRODUCE_PRIORITY
297.0,luxury_house,33.85520552377141,18.0,0.0,18.0,33.85520552377141,-15.855205523771408,Winter,PRODUCE_PRIORITY
297.0,small_family,27.960428977383604,6.5,0.0,6.5,27.960428977383604,-21.460428977383604,Winter,PRODUCE_PRIORITY
298.0,apartment,13.959264875660852,3.6399999999999997,0.0,3.6399999999999997,13.959264875660852,-10.319264875660851,Winter,PRODUCE_PRIORITY
298.0,family_house,18.05261729634587,10.08,0.0,10.08,18.05261729634587,-7.972617296345868,Winter,PRODUCE_PRIORITY
298.0,luxury_house,25.226697278280717,18.0,0.0,18.0,25.226697278280717,-7.226697278280716,Winter,PRODUCE_PRIORITY
298.0,small_family,19.7710089347928,6.5,0.0,6.5,19.7710089347928,-13.2710089347928,Winter,PRODUCE_PRIORITY
299.0,apartment,7.225847210903402,3.6399999999999997,0.0,3.6399999999999997,7.225847210903402,-3.585847210903403,Winter,PRODUCE_PRIORITY
299.0,family_house,9.344722340482978,10.08,0.0,10.08,9.344722340482978,0.7352776595170211,Winter,PRODUCE_PRIORITY
299.0,luxury_house,13.058299401309954,18.0,0.0,18.0,13.058299401309954,4.941700598690046,Winter,PRODUCE_PRIORITY
299.0,small_family,10.234227306432961,6.5,0.0,6.5,10.234227306432961,-3.7342273064329614,Winter,PRODUCE_PRIORITY
300.0,apartment,3.419033809685625e-15,3.6399999999999997,0.0,3.6399999999999997,3.419033809685625e-15,3.639999999999996,Winter,PRODUCE_PRIORITY
300.0,family_house,4.42161599764042e-15,10.08,0.0,10.08,4.42161599764042e-15,10.079999999999995,Winter,PRODUCE_PRIORITY
300.0,luxury_house,6.178758814981141e-15,18.0,0.0,18.0,6.178758814981141e-15,17.999999999999993,Winter,PRODUCE_PRIORITY
300.0,small_family,4.8425005615815415e-15,6.5,0.0,6.5,4.8425005615815415e-15,6.499999999999995,Winter,PRODUCE_PRIORITY
301.0,apartment,0.0,3.6399999999999997,0.0,3.6399999999999997,0.0,3.6399999999999997,Winter,PRODUCE_PRIORITY
301.0,family_house,0.0,10.08,0.0,10.08,0.0,10.08,Winter,PRODUCE_PRIORITY
301.0,luxury_house,0.0,18.0,0.0,18.0,0.0,18.0,Winter,PRODUCE_PRIORITY
301.0,small_family,0.0,6.5,0.0,6.5,0.0,6.5,Winter,PRODUCE_PRIORITY
302.0,apartment,0.0,3.6399999999999997,0.0,3.6399999999999997,0.0,3.6399999999999997,Winter,PRODUCE_PRIORITY
302.0,family_house,0.0,10.08,0.0,10.08,0.0,10.08,Winter,PRODUCE_PRIORITY
302.0,luxury_house,0.0,18.0,0.0,18.0,0.0,18.0,Winter,PRODUCE_PRIORITY
302.0,small_family,0.0,6.5,0.0,6.5,0.0,6.5,Winter,PRODUCE_PRIORITY
303.0,apartment,0.0,3.6399999999999997,0.0,3.6399999999999997,0.0,3.6399999999999997,Winter,PRODUCE_PRIORITY
303.0,family_house,0.0,10.08,0.0,10.08,0.0,10.08,Winter,PRODUCE_PRIORITY
303.0,luxury_house,0.0,18.0,0.0,18.0,0.0,18.0,Winter,PRODUCE_PRIORITY
303.0,small_family,0.0,6.5,0.0,6.5,0.0,6.5,Winter,PRODUCE_PRIORITY
304.0,apartment,0.0,3.6399999999999997,0.0,3.6399999999999997,0.0,3.6399999999999997,Winter,PRODUCE_PRIORITY
304.0,family_house,0.0,10.08,0.0,10.08,0.0,10.08,Winter,PRODUCE_PRIORITY
304.0,luxury_house,0.0,18.0,0.0,18.0,0.0,18.0,Winter,PRODUCE_PRIORITY
304.0,small_family,0.0,6.5,0.0,6.5,0.0,6.5,Winter,PRODUCE_PRIORITY
305.0,apartment,0.0,3.6399999999999997,0.0,3.6399999999999997,0.0,3.6399999999999997,Winter,PRODUCE_PRIORITY
305.0,family_house,0.0,10.08,0.0,10.08,0.0,10.08,Winter,PRODUCE_PRIORITY
305.0,luxury_house,0.0,18.0,0.0,18.0,0.0,18.0,Winter,PRODUCE_PRIORITY
305.0,small_family,0.0,6.5,0.0,6.5,0.0,6.5,Winter,PRODUCE_PRIORITY
306.0,apartment,0.0,25.80977230117673,0.0,25.80977230117673,0.0,25.80977230117673,Winter,PRODUCE_PRIORITY
306.0,family_house,0.0,25.608996290958217,0.0,25.608996290958217,0.0,25.608996290958217,Winter,PRODUCE_PRIORITY
306.0,luxury_house,0.0,33.03496908753438,0.0,33.03496908753438,0.0,33.03496908753438,Winter,PRODUCE_PRIORITY
306.0,small_family,0.0,21.678445663655342,0.0,21.678445663655342,0.0,21.678445663655342,Winter,PRODUCE_PRIORITY
307.0,apartment,0.0,25.64015144922785,0.0,25.64015144922785,0.0,25.64015144922785,Winter,PRODUCE_PRIORITY
307.0,family_house,0.0,30.582113769961328,0.0,30.582113769961328,0.0,30.582113769961328,Winter,PRODUCE_PRIORITY
307.0,luxury_house,0.0,36.17725812851497,0.0,36.17725812851497,0.0,36.17725812851497,Winter,PRODUCE_PRIORITY
307.0,small_family,0.0,27.019053444673567,0.0,27.019053444673567,0.0,27.019053444673567,Winter,PRODUCE_PRIORITY
308.0,apartment,0.0,20.42352845927958,0.0,20.42352845927958,0.0,20.42352845927958,Winter,PRODUCE_PRIORITY
308.0,family_house,0.0,27.46239437262917,0.0,27.46239437262917,0.0,27.46239437262917,Winter,PRODUCE_PRIORITY
308.0,luxury_house,0.0,33.666264642333616,0.0,33.666264642333616,0.0,33.666264642333616,Winter,PRODUCE_PRIORITY
308.0,small_family,0.0,20.96721650103106,0.0,20.96721650103106,0.0,20.96721650103106,Winter,PRODUCE_PRIORITY
309.0,apartment,0.0,19.902614308776457,0.0,19.902614308776457,0.0,19.902614308776457,Winter,PRODUCE_PRIORITY
309.0,family_house,0.0,28.718214211964117,0.0,28.718214211964117,0.0,28.718214211964117,Winter,PRODUCE_PRIORITY
309.0,luxury_house,0.0,39.439800990207814,0.0,39.439800990207814,0.0,39.439800990207814,Winter,PRODUCE_PRIORITY
309.0,small_family,0.0,24.92896162538271,0.0,24.92896162538271,0.0,24.92896162538271,Winter,PRODUCE_PRIORITY
310.0,apartment,0.0,3.6399999999999997,0.0,3.6399999999999997,0.0,3.6399999999999997,Winter,PRODUCE_PRIORITY
310.0,family_house,0.0,10.08,0.0,10.08,0.0,10.08,Winter,PRODUCE_PRIORITY
310.0,luxury_house,0.0,18.0,0.0,18.0,0.0,18.0,Winter,PRODUCE_PRIORITY
310.0,small_family,0.0,6.5,0.0,6.5,0.0,6.5,Winter,PRODUCE_PRIORITY
311.0,apartment,0.0,3.6399999999999997,0.0,3.6399999999999997,0.0,3.6399999999999997,Winter,PRODUCE_PRIORITY
311.0,family_house,0.0,10.08,0.0,10.08,0.0,10.08,Winter,PRODUCE_PRIORITY
311.0,luxury_house,0.0,18.0,0.0,18.0,0.0,18.0,Winter,PRODUCE_PRIORITY
311.0,small_family,0.0,6.5,0.0,6.5,0.0,6.5,Winter,PRODUCE_PRIORITY
312.0,apartment,0.0,3.6399999999999997,0.0,3.6399999999999997,0.0,3.6399999999999997,Winter,PRODUCE_PRIORITY
312.0,family_house,0.0,10.08,0.0,10.08,0.0,10.08,Winter,PRODUCE_PRIORITY
312.0,luxury_house,0.0,18.0,0.0,18.0,0.0,18.0,Winter,PRODUCE_PRIORITY
312.0,small_family,0.0,6.5,0.0,6.5,0.0,6.5,Winter,PRODUCE_PRIORITY
313.0,apartment,6.052136698375507,3.6399999999999997,0.0,3.6399999999999997,6.052136698375507,-2.4121366983755075,Winter,PRODUCE_PRIORITY
313.0,family_house,10.753011880107744,10.08,0.0,10.08,10.753011880107744,-0.6730118801077438,Winter,PRODUCE_PRIORITY
313.0,luxury_house,12.494577902957557,18.0,0.0,18.0,12.494577902957557,5.505422097042444,Winter,PRODUCE_PRIORITY
313.0,small_family,5.980567640972848,6.5,0.0,6.5,5.980567640972848,0.5194323590271521,Winter,PRODUCE_PRIORITY
314.0,apartment,11.69183028238551,3.6399999999999997,0.0,3.6399999999999997,11.69183028238551,-8.05183028238551,Winter,PRODUCE_PRIORITY
314.0,family_house,20.77322377077848,10.08,0.0,10.08,20.77322377077848,-10.693223770778479,Winter,PRODUCE_PRIORITY
314.0,luxury_house,24.137670970094824,18.0,0.0,18.0,24.137670970094824,-6.137670970094823,Winter,PRODUCE_PRIORITY
314.0,small_family,11.553569480568722,6.5,0.0,6.5,11.553569480568722,-5.053569480568722,Winter,PRODUCE_PRIORITY
315.0,apartment,16.534744954314046,3.6399999999999997,0.0,3.6399999999999997,16.534744954314046,-12.894744954314048,Winter,PRODUCE_PRIORITY
315.0,family_house,29.377774790846097,10.08,0.0,10.08,29.377774790846097,-19.2977747908461,Winter,PRODUCE_PRIORITY
315.0,luxury_house,33.65674076154934,18.0,0.0,18.0,33.65674076154934,-15.656740761549337,Winter,PRODUCE_PRIORITY
315.0,small_family,16.33921465324017,6.5,0.0,6.5,16.33921465324017,-9.839214653240168,Winter,PRODUCE_PRIORITY
316.0,apartment,20.250844082564083,3.6399999999999997,0.0,3.6399999999999997,20.250844082564083,-16.610844082564082,Winter,PRODUCE_PRIORITY
316.0,family_house,34.81726793739034,10.08,0.0,10.08,34.81726793739034,-24.73726793739034,Winter,PRODUCE_PRIORITY
316.0,luxury_house,39.068626547345715,18.0,0.0,18.0,39.068626547345715,-21.068626547345715,Winter,PRODUCE_PRIORITY
316.0,small_family,20.011369349122194,6.5,0.0,6.5,20.011369349122194,-13.511369349122193,Winter,PRODUCE_PRIORITY
317.0,apartment,22.586881652689552,3.6399999999999997,0.0,3.6399999999999997,22.586881652689552,-18.94688165268955,Winter,PRODUCE_PRIORITY
317.0,family_house,37.12620287658834,10.08,0.0,10.08,37.12620287658834,-27.04620287658834,Winter,PRODUCE_PRIORITY
317.0,luxury_house,41.64025404731512,18.0,0.0,18.0,41.64025404731512,-23.640254047315118,Winter,PRODUCE_PRIORITY
317.0,small_family,22.15503312595007,6.5,0.0,6.5,22.15503312595007,-15.655033125950071,Winter,PRODUCE_PRIORITY
318.0,apartment,23.383660564771024,3.6399999999999997,0.0,3.6399999999999997,23.383660564771024,-19.743660564771023,Winter,PRODUCE_PRIORITY
318.0,family_house,37.73034989900255,10.08,0.0,10.08,37.73034989900255,-27.650349899002553,Winter,PRODUCE_PRIORITY
318.0,luxury_house,42.169467302574596,18.0,0.0,18.0,42.169467302574596,-24.169467302574596,Winter,PRODUCE_PRIORITY
318.0,small_family,22.795473349852124,6.5,0.0,6.5,22.795473349852124,-16.295473349852124,Winter,PRODUCE_PRIORITY
319.0,apartment,22.586881652689556,3.6399999999999997,0.0,3.6399999999999997,22.586881652689556,-18.946881652689555,Winter,PRODUCE_PRIORITY
319.0,family_house,37.12620287658834,10.08,0.0,10.08,37.12620287658834,-27.04620287658834,Winter,PRODUCE_PRIORITY
319.0,luxury_house,41.64025404731512,18.0,0.0,18.0,41.64025404731512,-23.640254047315118,Winter,PRODUCE_PRIORITY
319.0,small_family,22.155033125950077,6.5,0.0,6.5,22.155033125950077,-15.655033125950075,Winter,PRODUCE_PRIORITY
320.0,apartment,20.250844082564083,3.6399999999999997,0.0,3.6399999999999997,20.250844082564083,-16.610844082564082,Winter,PRODUCE_PRIORITY
320.0,family_house,34.81726793739034,10.08,0.0,10.08,34.81726793739034,-24.737267937390342,Winter,PRODUCE_PRIORITY
320.0,luxury_house,39.06862654734572,18.0,0.0,18.0,39.06862654734572,-21.06862654734572,Winter,PRODUCE_PRIORITY
320.0,small_family,20.011369349122194,6.5,0.0,6.5,20.011369349122194,-13.511369349122194,Winter,PRODUCE_PRIORITY
321.0,apartment,16.534744954314046,3.6399999999999997,0.0,3.6399999999999997,16.534744954314046,-12.894744954314048,Winter,PRODUCE_PRIORITY
321.0,family_house,29.377774790846097,10.08,0.0,10.08,29.377774790846097,-19.2977747908461,Winter,PRODUCE_PRIORITY
321.0,luxury_house,33.65674076154934,18.0,0.0,18.0,33.65674076154934,-15.656740761549337,Winter,PRODUCE_PRIORITY
321.0,small_family,16.33921465324017,6.5,0.0,6.5,16.33921465324017,-9.839214653240168,Winter,PRODUCE_PRIORITY
322.0,apartment,11.691830282385519,3.6399999999999997,0.0,3.6399999999999997,11.691830282385519,-8.051830282385518,Winter,PRODUCE_PRIORITY
322.0,family_house,20.773223770778493,10.08,0.0,10.08,20.773223770778493,-10.693223770778497,Winter,PRODUCE_PRIORITY
322.0,luxury_house,24.13767097009484,18.0,0.0,18.0,24.13767097009484,-6.137670970094842,Winter,PRODUCE_PRIORITY
322.0,small_family,11.553569480568733,6.5,0.0,6.5,11.553569480568733,-5.053569480568732,Winter,PRODUCE_PRIORITY
323.0,apartment,6.052136698375514,3.6399999999999997,0.0,3.6399999999999997,6.052136698375514,-2.4121366983755146,Winter,PRODUCE_PRIORITY
323.0,family_house,10.753011880107755,10.08,0.0,10.08,10.753011880107755,-0.6730118801077556,Winter,PRODUCE_PRIORITY
323.0,luxury_house,12.49457790295757,18.0,0.0,18.0,12.49457790295757,5.5054220970424295,Winter,PRODUCE_PRIORITY
323.0,small_family,5.980567640972854,6.5,0.0,6.5,5.980567640972854,0.5194323590271452,Winter,PRODUCE_PRIORITY
324.0,apartment,2.863672506299502e-15,3.6399999999999997,0.0,3.6399999999999997,2.863672506299502e-15,3.639999999999997,Winter,PRODUCE_PRIORITY
324.0,family_house,5.087972399771116e-15,10.08,0.0,10.08,5.087972399771116e-15,10.079999999999995,Winter,PRODUCE_PRIORITY
324.0,luxury_house,5.912024298479723e-15,18.0,0.0,18.0,5.912024298479723e-15,17.999999999999993,Winter,PRODUCE_PRIORITY
324.0,small_family,2.829808376621008e-15,6.5,0.0,6.5,2.829808376621008e-15,6.499999999999997,Winter,PRODUCE_PRIORITY
325.0,apartment,0.0,3.6399999999999997,0.0,3.6399999999999997,0.0,3.6399999999999997,Winter,PRODUCE_PRIORITY
325.0,family_house,0.0,10.08,0.0,10.08,0.0,10.08,Winter,PRODUCE_PRIORITY
325.0,luxury_house,0.0,18.0,0.0,18.0,0.0,18.0,Winter,PRODUCE_PRIORITY
325.0,small_family,0.0,6.5,0.0,6.5,0.0,6.5,Winter,PRODUCE_PRIORITY
326.0,apartment,0.0,3.6399999999999997,0.0,3.6399999999999997,0.0,3.6399999999999997,Winter,PRODUCE_PRIORITY
326.0,family_house,0.0,10.08,0.0,10.08,0.0,10.08,Winter,PRODUCE_PRIORITY
326.0,luxury_house,0.0,18.0,0.0,18.0,0.0,18.0,Winter,PRODUCE_PRIORITY
326.0,small_family,0.0,6.5,0.0,6.5,0.0,6.5,Winter,PRODUCE_PRIORITY
327.0,apartment,0.0,3.6399999999999997,0.0,3.6399999999999997,0.0,3.6399999999999997,Winter,PRODUCE_PRIORITY
327.0,family_house,0.0,10.08,0.0,10.08,0.0,10.08,Winter,PRODUCE_PRIORITY
327.0,luxury_house,0.0,18.0,0.0,18.0,0.0,18.0,Winter,PRODUCE_PRIORITY
327.0,small_family,0.0,6.5,0.0,6.5,0.0,6.5,Winter,PRODUCE_PRIORITY
328.0,apartment,0.0,3.6399999999999997,0.0,3.6399999999999997,0.0,3.6399999999999997,Winter,PRODUCE_PRIORITY
328.0,family_house,0.0,10.08,0.0,10.08,0.0,10.08,Winter,PRODUCE_PRIORITY
328.0,luxury_house,0.0,18.0,0.0,18.0,0.0,18.0,Winter,PRODUCE_PRIORITY
328.0,small_family,0.0,6.5,0.0,6.5,0.0,6.5,Winter,PRODUCE_PRIORITY
329.0,apartment,0.0,3.6399999999999997,0.0,3.6399999999999997,0.0,3.6399999999999997,Winter,PRODUCE_PRIORITY
329.0,family_house,0.0,10.08,0.0,10.08,0.0,10.08,Winter,PRODUCE_PRIORITY
329.0,luxury_house,0.0,18.0,0.0,18.0,0.0,18.0,Winter,PRODUCE_PRIORITY
329.0,small_family,0.0,6.5,0.0,6.5,0.0,6.5,Winter,PRODUCE_PRIORITY
330.0,apartment,0.0,19.310600969970405,0.0,19.310600969970405,0.0,19.310600969970405,Winter,PRODUCE_PRIORITY
330.0,family_house,0.0,28.260616250286446,0.0,28.260616250286446,0.0,28.260616250286446,Winter,PRODUCE_PRIORITY
330.0,luxury_house,0.0,44.70556432224978,0.0,44.70556432224978,0.0,44.70556432224978,Winter,PRODUCE_PRIORITY
330.0,small_family,0.0,27.712330235537717,0.0,27.712330235537717,0.0,27.712330235537717,Winter,PRODUCE_PRIORITY
331.0,apartment,0.0,32.0829702988986,0.0,32.0829702988986,0.0,32.0829702988986,Winter,PRODUCE_PRIORITY
331.0,family_house,0.0,28.613542464375662,0.0,28.613542464375662,0.0,28.613542464375662,Winter,PRODUCE_PRIORITY
331.0,luxury_house,0.0,37.519303159370345,0.0,37.519303159370345,0.0,37.519303159370345,Winter,PRODUCE_PRIORITY
331.0,small_family,0.0,22.74268173383665,0.0,22.74268173383665,0.0,22.74268173383665,Winter,PRODUCE_PRIORITY
332.0,apartment,0.0,24.233164527366633,0.0,24.233164527366633,0.0,24.233164527366633,Winter,PRODUCE_PRIORITY
332.0,family_house,0.0,32.70534437599804,0.0,32.70534437599804,0.0,32.70534437599804,Winter,PRODUCE_PRIORITY
332.0,luxury_house,0.0,34.12110716555367,0.0,34.12110716555367,0.0,34.12110716555367,Winter,PRODUCE_PRIORITY
332.0,small_family,0.0,27.8248270384329,0.0,27.8248270384329,0.0,27.8248270384329,Winter,PRODUCE_PRIORITY
333.0,apartment,0.0,21.786504288219582,0.0,21.786504288219582,0.0,21.786504288219582,Winter,PRODUCE_PRIORITY
333.0,family_house,0.0,26.823742121590683,0.0,26.823742121590683,0.0,26.823742121590683,Winter,PRODUCE_PRIORITY
333.0,luxury_house,0.0,33.92003244171499,0.0,33.92003244171499,0.0,33.92003244171499,Winter,PRODUCE_PRIORITY
333.0,small_family,0.0,25.718067082575885,0.0,25.718067082575885,0.0,25.718067082575885,Winter,PRODUCE_PRIORITY
334.0,apartment,0.0,3.6399999999999997,0.0,3.6399999999999997,0.0,3.6399999999999997,Winter,PRODUCE_PRIORITY
334.0,family_house,0.0,10.08,0.0,10.08,0.0,10.08,Winter,PRODUCE_PRIORITY
334.0,luxury_house,0.0,18.0,0.0,18.0,0.0,18.0,Winter,PRODUCE_PRIORITY
334.0,small_family,0.0,6.5,0.0,6.5,0.0,6.5,Winter,PRODUCE_PRIORITY
335.0,apartment,0.0,3.6399999999999997,0.0,3.6399999999999997,0.0,3.6399999999999997,Winter,PRODUCE_PRIORITY
335.0,family_house,0.0,10.08,0.0,10.08,0.0,10.08,Winter,PRODUCE_PRIORITY
335.0,luxury_house,0.0,18.0,0.0,18.0,0.0,18.0,Winter,PRODUCE_PRIORITY
335.0,small_family,0.0,6.5,0.0,6.5,0.0,6.5,Winter,PRODUCE_PRIORITY
336.0,apartment,0.0,3.6399999999999997,0.0,3.6399999999999997,0.0,3.6399999999999997,Winter,PRODUCE_PRIORITY
336.0,family_house,0.0,10.08,0.0,10.08,0.0,10.08,Winter,PRODUCE_PRIORITY
336.0,luxury_house,0.0,18.0,0.0,18.0,0.0,18.0,Winter,PRODUCE_PRIORITY
336.0,small_family,0.0,6.5,0.0,6.5,0.0,6.5,Winter,PRODUCE_PRIORITY
337.0,apartment,6.171655420046659,3.6399999999999997,0.0,3.6399999999999997,6.171655420046659,-2.531655420046659,Winter,PRODUCE_PRIORITY
337.0,family_house,9.474835088150446,10.08,0.0,10.08,9.474835088150446,0.6051649118495543,Winter,PRODUCE_PRIORITY
337.0,luxury_house,11.513502972496866,18.0,0.0,18.0,11.513502972496866,6.486497027503134,Winter,PRODUCE_PRIORITY
337.0,small_family,10.258295704304397,6.5,0.0,6.5,10.258295704304397,-3.7582957043043965,Winter,PRODUCE_PRIORITY
338.0,apartment,11.92272272235995,3.6399999999999997,0.0,3.6399999999999997,11.92272272235995,-8.282722722359951,Winter,PRODUCE_PRIORITY
338.0,family_house,18.30397582294875,10.08,0.0,10.08,18.30397582294875,-8.223975822948752,Winter,PRODUCE_PRIORITY
338.0,luxury_house,22.242379744381356,18.0,0.0,18.0,22.242379744381356,-4.242379744381357,Winter,PRODUCE_PRIORITY
338.0,small_family,19.817505508995644,6.5,0.0,6.5,19.817505508995644,-13.317505508995646,Winter,PRODUCE_PRIORITY
339.0,apartment,16.861276174375316,3.6399999999999997,0.0,3.6399999999999997,16.861276174375316,-13.221276174375316,Winter,PRODUCE_PRIORITY
339.0,family_house,25.885730854163363,10.08,0.0,10.08,25.885730854163363,-15.805730854163365,Winter,PRODUCE_PRIORITY
339.0,luxury_house,29.724074841236522,18.0,0.0,18.0,29.724074841236522,-11.724074841236524,Winter,PRODUCE_PRIORITY
339.0,small_family,28.026185063225178,6.5,0.0,6.5,28.026185063225178,-21.526185063225178,Winter,PRODUCE_PRIORITY
340.0,apartment,20.65076151968336,3.6399999999999997,0.0,3.6399999999999997,20.65076151968336,-17.01076151968336,Winter,PRODUCE_PRIORITY
340.0,family_house,30.883875354160683,10.08,0.0,10.08,30.883875354160683,-20.803875354160684,Winter,PRODUCE_PRIORITY
340.0,luxury_house,32.80849027639877,18.0,0.0,18.0,32.80849027639877,-14.80849027639877,Winter,PRODUCE_PRIORITY
340.0,small_family,34.324926420856585,6.5,0.0,6.5,34.324926420856585,-27.82492642085659,Winter,PRODUCE_PRIORITY
341.0,apartment,23.03293159442197,3.6399999999999997,0.0,3.6399999999999997,23.03293159442197,-19.39293159442197,Winter,PRODUCE_PRIORITY
341.0,family_house,33.276047660627256,10.08,0.0,10.08,33.276047660627256,-23.19604766062726,Winter,PRODUCE_PRIORITY
341.0,luxury_house,34.4890804532039,18.0,0.0,18.0,34.4890804532039,-16.489080453203897,Winter,PRODUCE_PRIORITY
341.0,small_family,37.529166256062574,6.5,0.0,6.5,37.529166256062574,-31.029166256062574,Winter,PRODUCE_PRIORITY
342.0,apartment,23.845445444719903,3.6399999999999997,0.0,3.6399999999999997,23.845445444719903,-20.205445444719906,Winter,PRODUCE_PRIORITY
342.0,family_house,33.88548063467674,10.08,0.0,10.08,33.88548063467674,-23.80548063467674,Winter,PRODUCE_PRIORITY
342.0,luxury_house,34.86360490406244,18.0,0.0,18.0,34.86360490406244,-16.86360490406244,Winter,PRODUCE_PRIORITY
342.0,small_family,38.312934075211245,6.5,0.0,6.5,38.312934075211245,-31.812934075211242,Winter,PRODUCE_PRIORITY
343.0,apartment,23.032931594421974,3.6399999999999997,0.0,3.6399999999999997,23.032931594421974,-19.392931594421977,Winter,PRODUCE_PRIORITY
343.0,family_house,33.276047660627256,10.08,0.0,10.08,33.276047660627256,-23.19604766062726,Winter,PRODUCE_PRIORITY
343.0,luxury_house,34.4890804532039,18.0,0.0,18.0,34.4890804532039,-16.489080453203897,Winter,PRODUCE_PRIORITY
343.0,small_family,37.52916625606258,6.5,0.0,6.5,37.52916625606258,-31.02916625606258,Winter,PRODUCE_PRIORITY
344.0,apartment,20.65076151968336,3.6399999999999997,0.0,3.6399999999999997,20.65076151968336,-17.01076151968336,Winter,PRODUCE_PRIORITY
344.0,family_house,30.883875354160686,10.08,0.0,10.08,30.883875354160686,-20.803875354160688,Winter,PRODUCE_PRIORITY
344.0,luxury_house,32.80849027639877,18.0,0.0,18.0,32.80849027639877,-14.808490276398771,Winter,PRODUCE_PRIORITY
344.0,small_family,34.32492642085659,6.5,0.0,6.5,34.32492642085659,-27.824926420856592,Winter,PRODUCE_PRIORITY
345.0,apartment,16.861276174375316,3.6399999999999997,0.0,3.6399999999999997,16.861276174375316,-13.221276174375316,Winter,PRODUCE_PRIORITY
345.0,family_house,25.885730854163363,10.08,0.0,10.08,25.885730854163363,-15.805730854163365,Winter,PRODUCE_PRIORITY
345.0,luxury_house,29.724074841236522,18.0,0.0,18.0,29.724074841236522,-11.724074841236524,Winter,PRODUCE_PRIORITY
345.0,small_family,28.026185063225178,6.5,0.0,6.5,28.026185063225178,-21.526185063225178,Winter,PRODUCE_PRIORITY
346.0,apartment,11.92272272235996,3.6399999999999997,0.0,3.6399999999999997,11.92272272235996,-8.28272272235996,Winter,PRODUCE_PRIORITY
346.0,family_house,18.303975822948765,10.08,0.0,10.08,18.303975822948765,-8.223975822948766,Winter,PRODUCE_PRIORITY
346.0,luxury_house,22.242379744381374,18.0,0.0,18.0,22.242379744381374,-4.242379744381374,Winter,PRODUCE_PRIORITY
346.0,small_family,19.817505508995662,6.5,0.0,6.5,19.817505508995662,-13.317505508995662,Winter,PRODUCE_PRIORITY
347.0,apartment,6.171655420046665,3.6399999999999997,0.0,3.6399999999999997,6.171655420046665,-2.531655420046666,Winter,PRODUCE_PRIORITY
347.0,family_house,9.474835088150456,10.08,0.0,10.08,9.474835088150456,0.6051649118495435,Winter,PRODUCE_PRIORITY
347.0,luxury_house,11.513502972496878,18.0,0.0,18.0,11.513502972496878,6.4864970275031215,Winter,PRODUCE_PRIORITY
347.0,small_family,10.258295704304409,6.5,0.0,6.5,10.258295704304409,-3.7582957043044085,Winter,PRODUCE_PRIORITY
348.0,apartment,2.9202248438119063e-15,3.6399999999999997,0.0,3.6399999999999997,2.9202248438119063e-15,3.6399999999999966,Winter,PRODUCE_PRIORITY
348.0,family_house,4.483181080648946e-15,10.08,0.0,10.08,4.483181080648946e-15,10.079999999999995,Winter,PRODUCE_PRIORITY
348.0,luxury_house,5.447811831875311e-15,18.0,0.0,18.0,5.447811831875311e-15,17.999999999999993,Winter,PRODUCE_PRIORITY
348.0,small_family,4.853888937735313e-15,6.5,0.0,6.5,4.853888937735313e-15,6.499999999999996,Winter,PRODUCE_PRIORITY
349.0,apartment,0.0,3.6399999999999997,0.0,3.6399999999999997,0.0,3.6399999999999997,Winter,PRODUCE_PRIORITY
349.0,family_house,0.0,10.08,0.0,10.08,0.0,10.08,Winter,PRODUCE_PRIORITY
349.0,luxury_house,0.0,18.0,0.0,18.0,0.0,18.0,Winter,PRODUCE_PRIORITY
349.0,small_family,0.0,6.5,0.0,6.5,0.0,6.5,Winter,PRODUCE_PRIORITY
350.0,apartment,0.0,3.6399999999999997,0.0,3.6399999999999997,0.0,3.6399999999999997,Winter,PRODUCE_PRIORITY
350.0,family_house,0.0,10.08,0.0,10.08,0.0,10.08,Winter,PRODUCE_PRIORITY
350.0,luxury_house,0.0,18.0,0.0,18.0,0.0,18.0,Winter,PRODUCE_PRIORITY
350.0,small_family,0.0,6.5,0.0,6.5,0.0,6.5,Winter,PRODUCE_PRIORITY
351.0,apartment,0.0,3.6399999999999997,0.0,3.6399999999999997,0.0,3.6399999999999997,Winter,PRODUCE_PRIORITY
351.0,family_house,0.0,10.08,0.0,10.08,0.0,10.08,Winter,PRODUCE_PRIORITY
351.0,luxury_house,0.0,18.0,0.0,18.0,0.0,18.0,Winter,PRODUCE_PRIORITY
351.0,small_family,0.0,6.5,0.0,6.5,0.0,6.5,Winter,PRODUCE_PRIORITY
352.0,apartment,0.0,3.6399999999999997,0.0,3.6399999999999997,0.0,3.6399999999999997,Winter,PRODUCE_PRIORITY
352.0,family_house,0.0,10.08,0.0,10.08,0.0,10.08,Winter,PRODUCE_PRIORITY
352.0,luxury_house,0.0,18.0,0.0,18.0,0.0,18.0,Winter,PRODUCE_PRIORITY
352.0,small_family,0.0,6.5,0.0,6.5,0.0,6.5,Winter,PRODUCE_PRIORITY
353.0,apartment,0.0,3.6399999999999997,0.0,3.6399999999999997,0.0,3.6399999999999997,Winter,PRODUCE_PRIORITY
353.0,family_house,0.0,10.08,0.0,10.08,0.0,10.08,Winter,PRODUCE_PRIORITY
353.0,luxury_house,0.0,18.0,0.0,18.0,0.0,18.0,Winter,PRODUCE_PRIORITY
353.0,small_family,0.0,6.5,0.0,6.5,0.0,6.5,Winter,PRODUCE_PRIORITY
354.0,apartment,0.0,23.798978120446826,0.0,23.798978120446826,0.0,23.798978120446826,Winter,PRODUCE_PRIORITY
354.0,family_house,0.0,27.06991038837343,0.0,27.06991038837343,0.0,27.06991038837343,Winter,PRODUCE_PRIORITY
354.0,luxury_house,0.0,37.24530057337695,0.0,37.24530057337695,0.0,37.24530057337695,Winter,PRODUCE_PRIORITY
354.0,small_family,0.0,21.406908785732515,0.0,21.406908785732515,0.0,21.406908785732515,Winter,PRODUCE_PRIORITY
355.0,apartment,0.0,23.26660811215892,0.0,23.26660811215892,0.0,23.26660811215892,Winter,PRODUCE_PRIORITY
355.0,family_house,0.0,23.748596398426116,0.0,23.748596398426116,0.0,23.748596398426116,Winter,PRODUCE_PRIORITY
355.0,luxury_house,0.0,32.9740495619869,0.0,32.9740495619869,0.0,32.9740495619869,Winter,PRODUCE_PRIORITY
355.0,small_family,0.0,26.762643510554618,0.0,26.762643510554618,0.0,26.762643510554618,Winter,PRODUCE_PRIORITY
356.0,apartment,0.0,23.982193997377514,0.0,23.982193997377514,0.0,23.982193997377514,Winter,PRODUCE_PRIORITY
356.0,family_house,0.0,25.828680488796657,0.0,25.828680488796657,0.0,25.828680488796657,Winter,PRODUCE_PRIORITY
356.0,luxury_house,0.0,37.25513348806978,0.0,37.25513348806978,0.0,37.25513348806978,Winter,PRODUCE_PRIORITY
356.0,small_family,0.0,24.571518125608577,0.0,24.571518125608577,0.0,24.571518125608577,Winter,PRODUCE_PRIORITY
357.0,apartment,0.0,26.31601556438255,0.0,26.31601556438255,0.0,26.31601556438255,Winter,PRODUCE_PRIORITY
357.0,family_house,0.0,29.06900919272256,0.0,29.06900919272256,0.0,29.06900919272256,Winter,PRODUCE_PRIORITY
357.0,luxury_house,0.0,35.135652068053865,0.0,35.135652068053865,0.0,35.135652068053865,Winter,PRODUCE_PRIORITY
357.0,small_family,0.0,28.286997316447074,0.0,28.286997316447074,0.0,28.286997316447074,Winter,PRODUCE_PRIORITY
358.0,apartment,0.0,3.6399999999999997,0.0,3.6399999999999997,0.0,3.6399999999999997,Winter,PRODUCE_PRIORITY
358.0,family_house,0.0,10.08,0.0,10.08,0.0,10.08,Winter,PRODUCE_PRIORITY
358.0,luxury_house,0.0,18.0,0.0,18.0,0.0,18.0,Winter,PRODUCE_PRIORITY
358.0,small_family,0.0,6.5,0.0,6.5,0.0,6.5,Winter,PRODUCE_PRIORITY
359.0,apartment,0.0,3.6399999999999997,0.0,3.6399999999999997,0.0,3.6399999999999997,Winter,PRODUCE_PRIORITY
359.0,family_house,0.0,10.08,0.0,10.08,0.0,10.08,Winter,PRODUCE_PRIORITY
359.0,luxury_house,0.0,18.0,0.0,18.0,0.0,18.0,Winter,PRODUCE_PRIORITY
359.0,small_family,0.0,6.5,0.0,6.5,0.0,6.5,Winter,PRODUCE_PRIORITY
360.0,apartment,0.0,3.6399999999999997,0.0,3.6399999999999997,0.0,3.6399999999999997,Winter,PRODUCE_PRIORITY
360.0,family_house,0.0,10.08,0.0,10.08,0.0,10.08,Winter,PRODUCE_PRIORITY
360.0,luxury_house,0.0,18.0,0.0,18.0,0.0,18.0,Winter,PRODUCE_PRIORITY
360.0,small_family,0.0,6.5,0.0,6.5,0.0,6.5,Winter,PRODUCE_PRIORITY
361.0,apartment,4.531888910669745,3.6399999999999997,0.0,3.6399999999999997,4.531888910669745,-0.8918889106697455,Winter,PRODUCE_PRIORITY
361.0,family_house,8.443588853522675,10.08,0.0,10.08,8.443588853522675,1.636411146477325,Winter,PRODUCE_PRIORITY
361.0,luxury_house,12.895810570261308,18.0,0.0,18.0,12.895810570261308,5.1041894297386925,Winter,PRODUCE_PRIORITY
361.0,small_family,8.774743246765635,6.5,0.0,6.5,8.774743246765635,-2.274743246765634,Winter,PRODUCE_PRIORITY
362.0,apartment,8.754937081377879,3.6399999999999997,0.0,3.6399999999999997,8.754937081377879,-5.114937081377878,Winter,PRODUCE_PRIORITY
362.0,family_house,16.31176108036811,10.08,0.0,10.08,16.31176108036811,-6.231761080368112,Winter,PRODUCE_PRIORITY
362.0,luxury_house,24.91279296149391,18.0,0.0,18.0,24.91279296149391,-6.912792961493908,Winter,PRODUCE_PRIORITY
362.0,small_family,16.95150224221303,6.5,0.0,6.5,16.95150224221303,-10.451502242213031,Winter,PRODUCE_PRIORITY
363.0,apartment,12.38135075820772,3.6399999999999997,0.0,3.6399999999999997,12.38135075820772,-8.74135075820772,Winter,PRODUCE_PRIORITY
363.0,family_house,23.068313746046197,10.08,0.0,10.08,23.068313746046197,-12.988313746046197,Winter,PRODUCE_PRIORITY
363.0,luxury_house,32.65532206452295,18.0,0.0,18.0,32.65532206452295,-14.655322064522947,Winter,PRODUCE_PRIORITY
363.0,small_family,23.973044373535608,6.5,0.0,6.5,23.973044373535608,-17.473044373535608,Winter,PRODUCE_PRIORITY
364.0,apartment,15.163995842015266,3.6399999999999997,0.0,3.6399999999999997,15.163995842015266,-11.523995842015266,Winter,PRODUCE_PRIORITY
364.0,family_house,27.062726155579547,10.08,0.0,10.08,27.062726155579547,-16.98272615557955,Winter,PRODUCE_PRIORITY
364.0,luxury_house,34.91063516124275,18.0,0.0,18.0,34.91063516124275,-16.91063516124275,Winter,PRODUCE_PRIORITY
364.0,small_family,29.36086314813072,6.5,0.0,6.5,29.36086314813072,-22.86086314813072,Winter,PRODUCE_PRIORITY
365.0,apartment,16.913239668877463,3.6399999999999997,0.0,3.6399999999999997,16.913239668877463,-13.273239668877462,Winter,PRODUCE_PRIORITY
365.0,family_house,28.70593758752022,10.08,0.0,10.08,28.70593758752022,-18.62593758752022,Winter,PRODUCE_PRIORITY
365.0,luxury_house,36.1692322620194,18.0,0.0,18.0,36.1692322620194,-18.169232262019396,Winter,PRODUCE_PRIORITY
365.0,small_family,32.74778762030123,6.5,0.0,6.5,32.74778762030123,-26.247787620301235,Winter,PRODUCE_PRIORITY
366.0,apartment,17.509874162755757,3.6399999999999997,0.0,3.6399999999999997,17.509874162755757,-13.869874162755758,Winter,PRODUCE_PRIORITY
366.0,family_house,29.15415453413684,10.08,0.0,10.08,29.15415453413684,-19.07415453413684,Winter,PRODUCE_PRIORITY
366.0,luxury_house,36.598516294746595,18.0,0.0,18.0,36.598516294746595,-18.598516294746595,Winter,PRODUCE_PRIORITY
366.0,small_family,33.860730592438316,6.5,0.0,6.5,33.860730592438316,-27.360730592438316,Winter,PRODUCE_PRIORITY
367.0,apartment,16.913239668877466,3.6399999999999997,0.0,3.6399999999999997,16.913239668877466,-13.273239668877466,Winter,PRODUCE_PRIORITY
367.0,family_house,28.70593758752022,10.08,0.0,10.08,28.70593758752022,-18.62593758752022,Winter,PRODUCE_PRIORITY
367.0,luxury_house,36.1692322620194,18.0,0.0,18.0,36.1692322620194,-18.169232262019396,Winter,PRODUCE_PRIORITY
367.0,small_family,32.74778762030124,6.5,0.0,6.5,32.74778762030124,-26.247787620301242,Winter,PRODUCE_PRIORITY
368.0,apartment,15.163995842015266,3.6399999999999997,0.0,3.6399999999999997,15.163995842015266,-11.523995842015266,Winter,PRODUCE_PRIORITY
368.0,family_house,27.06272615557955,10.08,0.0,10.08,27.06272615557955,-16.982726155579552,Winter,PRODUCE_PRIORITY
368.0,luxury_house,34.91063516124275,18.0,0.0,18.0,34.91063516124275,-16.91063516124275,Winter,PRODUCE_PRIORITY
368.0,small_family,29.360863148130722,6.5,0.0,6.5,29.360863148130722,-22.860863148130722,Winter,PRODUCE_PRIORITY
369.0,apartment,12.38135075820772,3.6399999999999997,0.0,3.6399999999999997,12.38135075820772,-8.74135075820772,Winter,PRODUCE_PRIORITY
369.0,family_house,23.068313746046197,10.08,0.0,10.08,23.068313746046197,-12.988313746046197,Winter,PRODUCE_PRIORITY
369.0,luxury_house,32.65532206452295,18.0,0.0,18.0,32.65532206452295,-14.655322064522947,Winter,PRODUCE_PRIORITY
369.0,small_family,23.973044373535608,6.5,0.0,6.5,23.973044373535608,-17.473044373535608,Winter,PRODUCE_PRIORITY
370.0,apartment,8.754937081377884,3.6399999999999997,0.0,3.6399999999999997,8.754937081377884,-5.114937081377885,Winter,PRODUCE_PRIORITY
370.0,family_house,16.311761080368125,10.08,0.0,10.08,16.311761080368125,-6.231761080368124,Winter,PRODUCE_PRIORITY
370.0,luxury_house,24.912792961493928,18.0,0.0,18.0,24.912792961493928,-6.912792961493928,Winter,PRODUCE_PRIORITY
370.0,small_family,16.951502242213046,6.5,0.0,6.5,16.951502242213046,-10.451502242213046,Winter,PRODUCE_PRIORITY
371.0,apartment,4.531888910669751,3.6399999999999997,0.0,3.6399999999999997,4.531888910669751,-0.8918889106697508,Winter,PRODUCE_PRIORITY
371.0,family_house,8.443588853522684,10.08,0.0,10.08,8.443588853522684,1.6364111464773163,Winter,PRODUCE_PRIORITY
371.0,luxury_house,12.895810570261322,18.0,0.0,18.0,12.895810570261322,5.104189429738678,Winter,PRODUCE_PRIORITY
371.0,small_family,8.774743246765643,6.5,0.0,6.5,8.774743246765643,-2.2747432467656443,Winter,PRODUCE_PRIORITY
372.0,apartment,2.144341134689178e-15,3.6399999999999997,0.0,3.6399999999999997,2.144341134689178e-15,3.6399999999999975,Winter,PRODUCE_PRIORITY
372.0,family_house,3.9952291991058366e-15,10.08,0.0,10.08,3.9952291991058366e-15,10.079999999999997,Winter,PRODUCE_PRIORITY
372.0,luxury_house,6.101874431622845e-15,18.0,0.0,18.0,6.101874431622845e-15,17.999999999999993,Winter,PRODUCE_PRIORITY
372.0,small_family,4.151920592333075e-15,6.5,0.0,6.5,4.151920592333075e-15,6.499999999999996,Winter,PRODUCE_PRIORITY
373.0,apartment,0.0,3.6399999999999997,0.0,3.6399999999999997,0.0,3.6399999999999997,Winter,PRODUCE_PRIORITY
373.0,family_house,0.0,10.08,0.0,10.08,0.0,10.08,Winter,PRODUCE_PRIORITY
373.0,luxury_house,0.0,18.0,0.0,18.0,0.0,18.0,Winter,PRODUCE_PRIORITY
373.0,small_family,0.0,6.5,0.0,6.5,0.0,6.5,Winter,PRODUCE_PRIORITY
374.0,apartment,0.0,3.6399999999999997,0.0,3.6399999999999997,0.0,3.6399999999999997,Winter,PRODUCE_PRIORITY
374.0,family_house,0.0,10.08,0.0,10.08,0.0,10.08,Winter,PRODUCE_PRIORITY
374.0,luxury_house,0.0,18.0,0.0,18.0,0.0,18.0,Winter,PRODUCE_PRIORITY
374.0,small_family,0.0,6.5,0.0,6.5,0.0,6.5,Winter,PRODUCE_PRIORITY
375.0,apartment,0.0,3.6399999999999997,0.0,3.6399999999999997,0.0,3.6399999999999997,Winter,PRODUCE_PRIORITY
375.0,family_house,0.0,10.08,0.0,10.08,0.0,10.08,Winter,PRODUCE_PRIORITY
375.0,luxury_house,0.0,18.0,0.0,18.0,0.0,18.0,Winter,PRODUCE_PRIORITY
375.0,small_family,0.0,6.5,0.0,6.5,0.0,6.5,Winter,PRODUCE_PRIORITY
376.0,apartment,0.0,3.6399999999999997,0.0,3.6399999999999997,0.0,3.6399999999999997,Winter,PRODUCE_PRIORITY
376.0,family_house,0.0,10.08,0.0,10.08,0.0,10.08,Winter,PRODUCE_PRIORITY
376.0,luxury_house,0.0,18.0,0.0,18.0,0.0,18.0,Winter,PRODUCE_PRIORITY
376.0,small_family,0.0,6.5,0.0,6.5,0.0,6.5,Winter,PRODUCE_PRIORITY
377.0,apartment,0.0,3.6399999999999997,0.0,3.6399999999999997,0.0,3.6399999999999997,Winter,PRODUCE_PRIORITY
377.0,family_house,0.0,10.08,0.0,10.08,0.0,10.08,Winter,PRODUCE_PRIORITY
377.0,luxury_house,0.0,18.0,0.0,18.0,0.0,18.0,Winter,PRODUCE_PRIORITY
377.0,small_family,0.0,6.5,0.0,6.5,0.0,6.5,Winter,PRODUCE_PRIORITY
378.0,apartment,0.0,19.738114079290522,0.0,19.738114079290522,0.0,19.738114079290522,Winter,PRODUCE_PRIORITY
378.0,family_house,0.0,30.016799106906372,0.0,30.016799106906372,0.0,30.016799106906372,Winter,PRODUCE_PRIORITY
378.0,luxury_house,0.0,36.232965339163435,0.0,36.232965339163435,0.0,36.232965339163435,Winter,PRODUCE_PRIORITY
378.0,small_family,0.0,23.337483359202803,0.0,23.337483359202803,0.0,23.337483359202803,Winter,PRODUCE_PRIORITY
379.0,apartment,0.0,25.977785604388984,0.0,25.977785604388984,0.0,25.977785604388984,Winter,PRODUCE_PRIORITY
379.0,family_house,0.0,27.82760738172862,0.0,27.82760738172862,0.0,27.82760738172862,Winter,PRODUCE_PRIORITY
379.0,luxury_house,0.0,32.870719832641235,0.0,32.870719832641235,0.0,32.870719832641235,Winter,PRODUCE_PRIORITY
379.0,small_family,0.0,27.097276342521045,0.0,27.097276342521045,0.0,27.097276342521045,Winter,PRODUCE_PRIORITY
380.0,apartment,0.0,15.04504363269727,0.0,15.04504363269727,0.0,15.04504363269727,Winter,PRODUCE_PRIORITY
380.0,family_house,0.0,29.869672364362057,0.0,29.869672364362057,0.0,29.869672364362057,Winter,PRODUCE_PRIORITY
380.0,luxury_house,0.0,39.588392240218184,0.0,39.588392240218184,0.0,39.588392240218184,Winter,PRODUCE_PRIORITY
380.0,small_family,0.0,27.423487708977763,0.0,27.423487708977763,0.0,27.423487708977763,Winter,PRODUCE_PRIORITY
381.0,apartment,0.0,19.732031032492717,0.0,19.732031032492717,0.0,19.732031032492717,Winter,PRODUCE_PRIORITY
381.0,family_house,0.0,25.57926971658962,0.0,25.57926971658962,0.0,25.57926971658962,Winter,PRODUCE_PRIORITY
381.0,luxury_house,0.0,30.399685287001297,0.0,30.399685287001297,0.0,30.399685287001297,Winter,PRODUCE_PRIORITY
381.0,small_family,0.0,24.97033621317,0.0,24.97033621317,0.0,24.97033621317,Winter,PRODUCE_PRIORITY
382.0,apartment,0.0,3.6399999999999997,0.0,3.6399999999999997,0.0,3.6399999999999997,Winter,PRODUCE_PRIORITY
382.0,family_house,0.0,10.08,0.0,10.08,0.0,10.08,Winter,PRODUCE_PRIORITY
382.0,luxury_house,0.0,18.0,0.0,18.0,0.0,18.0,Winter,PRODUCE_PRIORITY
382.0,small_family,0.0,6.5,0.0,6.5,0.0,6.5,Winter,PRODUCE_PRIORITY
383.0,apartment,0.0,3.6399999999999997,0.0,3.6399999999999997,0.0,3.6399999999999997,Winter,PRODUCE_PRIORITY
383.0,family_house,0.0,10.08,0.0,10.08,0.0,10.08,Winter,PRODUCE_PRIORITY
383.0,luxury_house,0.0,18.0,0.0,18.0,0.0,18.0,Winter,PRODUCE_PRIORITY
383.0,small_family,0.0,6.5,0.0,6.5,0.0,6.5,Winter,PRODUCE_PRIORITY
384.0,apartment,0.0,3.6399999999999997,0.0,3.6399999999999997,0.0,3.6399999999999997,Winter,PRODUCE_PRIORITY
384.0,family_house,0.0,10.08,0.0,10.08,0.0,10.08,Winter,PRODUCE_PRIORITY
384.0,luxury_house,0.0,18.0,0.0,18.0,0.0,18.0,Winter,PRODUCE_PRIORITY
384.0,small_family,0.0,6.5,0.0,6.5,0.0,6.5,Winter,PRODUCE_PRIORITY
385.0,apartment,6.018407112688859,3.6399999999999997,0.0,3.6399999999999997,6.018407112688859,-2.3784071126888597,Winter,PRODUCE_PRIORITY
385.0,family_house,10.818380880832127,10.08,0.0,10.08,10.818380880832127,-0.7383808808321276,Winter,PRODUCE_PRIORITY
385.0,luxury_house,11.721238402317654,18.0,0.0,18.0,11.721238402317654,6.2787615976823465,Winter,PRODUCE_PRIORITY
385.0,small_family,9.091713537332387,6.5,0.0,6.5,9.091713537332387,-2.591713537332388,Winter,PRODUCE_PRIORITY
386.0,apartment,11.626669726535983,3.6399999999999997,0.0,3.6399999999999997,11.626669726535983,-7.986669726535983,Winter,PRODUCE_PRIORITY
386.0,family_house,20.89950698285526,10.08,0.0,10.08,20.89950698285526,-10.819506982855263,Winter,PRODUCE_PRIORITY
386.0,luxury_house,22.643693777779674,18.0,0.0,18.0,22.643693777779674,-4.643693777779675,Winter,PRODUCE_PRIORITY
386.0,small_family,17.56384182186259,6.5,0.0,6.5,17.56384182186259,-11.063841821862587,Winter,PRODUCE_PRIORITY
387.0,apartment,16.442594012499875,3.6399999999999997,0.0,3.6399999999999997,16.442594012499875,-12.802594012499876,Winter,PRODUCE_PRIORITY
387.0,family_house,29.556366222065122,10.08,0.0,10.08,29.556366222065122,-19.476366222065124,Winter,PRODUCE_PRIORITY
387.0,luxury_house,30.79906194134299,18.0,0.0,18.0,30.79906194134299,-12.799061941342993,Winter,PRODUCE_PRIORITY
387.0,small_family,24.83902331185385,6.5,0.0,6.5,24.83902331185385,-18.33902331185385,Winter,PRODUCE_PRIORITY
388.0,apartment,20.13798268918327,3.6399999999999997,0.0,3.6399999999999997,20.13798268918327,-16.49798268918327,Winter,PRODUCE_PRIORITY
388.0,family_house,34.36045360623784,10.08,0.0,10.08,34.36045360623784,-24.280453606237838,Winter,PRODUCE_PRIORITY
388.0,luxury_house,33.66395678586516,18.0,0.0,18.0,33.66395678586516,-15.663956785865162,Winter,PRODUCE_PRIORITY
388.0,small_family,30.42146641156912,6.5,0.0,6.5,30.42146641156912,-23.92146641156912,Winter,PRODUCE_PRIORITY
389.0,apartment,22.46100112518873,3.6399999999999997,0.0,3.6399999999999997,22.46100112518873,-18.821001125188733,Winter,PRODUCE_PRIORITY
389.0,family_house,36.0170047609178,10.08,0.0,10.08,36.0170047609178,-25.937004760917798,Winter,PRODUCE_PRIORITY
389.0,luxury_house,34.77874321332511,18.0,0.0,18.0,34.77874321332511,-16.778743213325107,Winter,PRODUCE_PRIORITY
389.0,small_family,33.538931471038325,6.5,0.0,6.5,33.538931471038325,-27.038931471038325,Winter,PRODUCE_PRIORITY
390.0,apartment,23.25333945307197,3.6399999999999997,0.0,3.6399999999999997,23.25333945307197,-19.613339453071973,Winter,PRODUCE_PRIORITY
390.0,family_house,36.46500399477021,10.08,0.0,10.08,36.46500399477021,-26.38500399477021,Winter,PRODUCE_PRIORITY
390.0,luxury_house,35.15897610351232,18.0,0.0,18.0,35.15897610351232,-17.158976103512323,Winter,PRODUCE_PRIORITY
390.0,small_family,34.35968077503868,6.5,0.0,6.5,34.35968077503868,-27.859680775038683,Winter,PRODUCE_PRIORITY
391.0,apartment,22.461001125188734,3.6399999999999997,0.0,3.6399999999999997,22.461001125188734,-18.821001125188737,Winter,PRODUCE_PRIORITY
391.0,family_house,36.0170047609178,10.08,0.0,10.08,36.0170047609178,-25.937004760917798,Winter,PRODUCE_PRIORITY
391.0,luxury_house,34.77874321332511,18.0,0.0,18.0,34.77874321332511,-16.778743213325107,Winter,PRODUCE_PRIORITY
391.0,small_family,33.53893147103833,6.5,0.0,6.5,33.53893147103833,-27.03893147103833,Winter,PRODUCE_PRIORITY
392.0,apartment,20.13798268918327,3.6399999999999997,0.0,3.6399999999999997,20.13798268918327,-16.49798268918327,Winter,PRODUCE_PRIORITY
392.0,family_house,34.36045360623784,10.08,0.0,10.08,34.36045360623784,-24.280453606237838,Winter,PRODUCE_PRIORITY
392.0,luxury_house,33.66395678586516,18.0,0.0,18.0,33.66395678586516,-15.663956785865164,Winter,PRODUCE_PRIORITY
392.0,small_family,30.421466411569124,6.5,0.0,6.5,30.421466411569124,-23.921466411569124,Winter,PRODUCE_PRIORITY
393.0,apartment,16.442594012499875,3.6399999999999997,0.0,3.6399999999999997,16.442594012499875,-12.802594012499876,Winter,PRODUCE_PRIORITY
393.0,family_house,29.556366222065122,10.08,0.0,10.08,29.556366222065122,-19.476366222065124,Winter,PRODUCE_PRIORITY
393.0,luxury_house,30.79906194134299,18.0,0.0,18.0,30.79906194134299,-12.799061941342993,Winter,PRODUCE_PRIORITY
393.0,small_family,24.83902331185385,6.5,0.0,6.5,24.83902331185385,-18.33902331185385,Winter,PRODUCE_PRIORITY
394.0,apartment,11.626669726535992,3.6399999999999997,0.0,3.6399999999999997,11.626669726535992,-7.986669726535992,Winter,PRODUCE_PRIORITY
394.0,family_house,20.89950698285528,10.08,0.0,10.08,20.89950698285528,-10.819506982855279,Winter,PRODUCE_PRIORITY
394.0,luxury_house,22.643693777779692,18.0,0.0,18.0,22.643693777779692,-4.643693777779694,Winter,PRODUCE_PRIORITY
394.0,small_family,17.563841821862603,6.5,0.0,6.5,17.563841821862603,-11.063841821862601,Winter,PRODUCE_PRIORITY
395.0,apartment,6.018407112688866,3.6399999999999997,0.0,3.6399999999999997,6.018407112688866,-2.3784071126888664,Winter,PRODUCE_PRIORITY
395.0,family_house,10.81838088083214,10.08,0.0,10.08,10.81838088083214,-0.7383808808321399,Winter,PRODUCE_PRIORITY
395.0,luxury_house,11.721238402317667,18.0,0.0,18.0,11.721238402317667,6.278761597682333,Winter,PRODUCE_PRIORITY
395.0,small_family,9.091713537332398,6.5,0.0,6.5,9.091713537332398,-2.591713537332398,Winter,PRODUCE_PRIORITY
396.0,apartment,2.847712773069145e-15,3.6399999999999997,0.0,3.6399999999999997,2.847712773069145e-15,3.639999999999997,Winter,PRODUCE_PRIORITY
396.0,family_house,5.118902866062292e-15,10.08,0.0,10.08,5.118902866062292e-15,10.079999999999995,Winter,PRODUCE_PRIORITY
396.0,luxury_house,5.5461054211661444e-15,18.0,0.0,18.0,5.5461054211661444e-15,17.999999999999993,Winter,PRODUCE_PRIORITY
396.0,small_family,4.301900533574888e-15,6.5,0.0,6.5,4.301900533574888e-15,6.499999999999996,Winter,PRODUCE_PRIORITY
397.0,apartment,0.0,3.6399999999999997,0.0,3.6399999999999997,0.0,3.6399999999999997,Winter,PRODUCE_PRIORITY
397.0,family_house,0.0,10.08,0.0,10.08,0.0,10.08,Winter,PRODUCE_PRIORITY
397.0,luxury_house,0.0,18.0,0.0,18.0,0.0,18.0,Winter,PRODUCE_PRIORITY
397.0,small_family,0.0,6.5,0.0,6.5,0.0,6.5,Winter,PRODUCE_PRIORITY
398.0,apartment,0.0,3.6399999999999997,0.0,3.6399999999999997,0.0,3.6399999999999997,Winter,PRODUCE_PRIORITY
398.0,family_house,0.0,10.08,0.0,10.08,0.0,10.08,Winter,PRODUCE_PRIORITY
398.0,luxury_house,0.0,18.0,0.0,18.0,0.0,18.0,Winter,PRODUCE_PRIORITY
398.0,small_family,0.0,6.5,0.0,6.5,0.0,6.5,Winter,PRODUCE_PRIORITY
399.0,apartment,0.0,3.6399999999999997,0.0,3.6399999999999997,0.0,3.6399999999999997,Winter,PRODUCE_PRIORITY
399.0,family_house,0.0,10.08,0.0,10.08,0.0,10.08,Winter,PRODUCE_PRIORITY
399.0,luxury_house,0.0,18.0,0.0,18.0,0.0,18.0,Winter,PRODUCE_PRIORITY
399.0,small_family,0.0,6.5,0.0,6.5,0.0,6.5,Winter,PRODUCE_PRIORITY
400.0,apartment,0.0,3.6399999999999997,0.0,3.6399999999999997,0.0,3.6399999999999997,Winter,PRODUCE_PRIORITY
400.0,family_house,0.0,10.08,0.0,10.08,0.0,10.08,Winter,PRODUCE_PRIORITY
400.0,luxury_house,0.0,18.0,0.0,18.0,0.0,18.0,Winter,PRODUCE_PRIORITY
400.0,small_family,0.0,6.5,0.0,6.5,0.0,6.5,Winter,PRODUCE_PRIORITY
401.0,apartment,0.0,3.6399999999999997,0.0,3.6399999999999997,0.0,3.6399999999999997,Winter,PRODUCE_PRIORITY
401.0,family_house,0.0,10.08,0.0,10.08,0.0,10.08,Winter,PRODUCE_PRIORITY
401.0,luxury_house,0.0,18.0,0.0,18.0,0.0,18.0,Winter,PRODUCE_PRIORITY
401.0,small_family,0.0,6.5,0.0,6.5,0.0,6.5,Winter,PRODUCE_PRIORITY
402.0,apartment,0.0,24.932312081633903,0.0,24.932312081633903,0.0,24.932312081633903,Winter,PRODUCE_PRIORITY
402.0,family_house,0.0,29.581119953939005,0.0,29.581119953939005,0.0,29.581119953939005,Winter,PRODUCE_PRIORITY
402.0,luxury_house,0.0,35.81970623014473,0.0,35.81970623014473,0.0,35.81970623014473,Winter,PRODUCE_PRIORITY
402.0,small_family,0.0,23.766338196388656,0.0,23.766338196388656,0.0,23.766338196388656,Winter,PRODUCE_PRIORITY
403.0,apartment,0.0,21.526420600205462,0.0,21.526420600205462,0.0,21.526420600205462,Winter,PRODUCE_PRIORITY
403.0,family_house,0.0,27.97886265813606,0.0,27.97886265813606,0.0,27.97886265813606,Winter,PRODUCE_PRIORITY
403.0,luxury_house,0.0,32.658746212155876,0.0,32.658746212155876,0.0,32.658746212155876,Winter,PRODUCE_PRIORITY
403.0,small_family,0.0,25.36322922528876,0.0,25.36322922528876,0.0,25.36322922528876,Winter,PRODUCE_PRIORITY
404.0,apartment,0.0,20.549936546465535,0.0,20.549936546465535,0.0,20.549936546465535,Winter,PRODUCE_PRIORITY
404.0,family_house,0.0,22.2189749637975,0.0,22.2189749637975,0.0,22.2189749637975,Winter,PRODUCE_PRIORITY
404.0,luxury_house,0.0,36.7941470614609,0.0,36.7941470614609,0.0,36.7941470614609,Winter,PRODUCE_PRIORITY
404.0,small_family,0.0,24.45747133310985,0.0,24.45747133310985,0.0,24.45747133310985,Winter,PRODUCE_PRIORITY
405.0,apartment,0.0,23.329337466960926,0.0,23.329337466960926,0.0,23.329337466960926,Winter,PRODUCE_PRIORITY
405.0,family_house,0.0,27.94697701976717,0.0,27.94697701976717,0.0,27.94697701976717,Winter,PRODUCE_PRIORITY
405.0,luxury_house,0.0,35.61800511439573,0.0,35.61800511439573,0.0,35.61800511439573,Winter,PRODUCE_PRIORITY
405.0,small_family,0.0,30.761997875394727,0.0,30.761997875394727,0.0,30.761997875394727,Winter,PRODUCE_PRIORITY
406.0,apartment,0.0,3.6399999999999997,0.0,3.6399999999999997,0.0,3.6399999999999997,Winter,PRODUCE_PRIORITY
406.0,family_house,0.0,10.08,0.0,10.08,0.0,10.08,Winter,PRODUCE_PRIORITY
406.0,luxury_house,0.0,18.0,0.0,18.0,0.0,18.0,Winter,PRODUCE_PRIORITY
406.0,small_family,0.0,6.5,0.0,6.5,0.0,6.5,Winter,PRODUCE_PRIORITY
407.0,apartment,0.0,3.6399999999999997,0.0,3.6399999999999997,0.0,3.6399999999999997,Winter,PRODUCE_PRIORITY
407.0,family_house,0.0,10.08,0.0,10.08,0.0,10.08,Winter,PRODUCE_PRIORITY
407.0,luxury_house,0.0,18.0,0.0,18.0,0.0,18.0,Winter,PRODUCE_PRIORITY
407.0,small_family,0.0,6.5,0.0,6.5,0.0,6.5,Winter,PRODUCE_PRIORITY
408.0,apartment,0.0,3.6399999999999997,0.0,3.6399999999999997,0.0,3.6399999999999997,Winter,PRODUCE_PRIORITY
408.0,family_house,0.0,10.08,0.0,10.08,0.0,10.08,Winter,PRODUCE_PRIORITY
408.0,luxury_house,0.0,18.0,0.0,18.0,0.0,18.0,Winter,PRODUCE_PRIORITY
408.0,small_family,0.0,6.5,0.0,6.5,0.0,6.5,Winter,PRODUCE_PRIORITY
409.0,apartment,5.744479388394546,3.6399999999999997,0.0,3.6399999999999997,5.744479388394546,-2.1044793883945467,Winter,PRODUCE_PRIORITY
409.0,family_house,10.052479901111937,10.08,0.0,10.08,10.052479901111937,0.02752009888806306,Winter,PRODUCE_PRIORITY
409.0,luxury_house,12.937704891906225,18.0,0.0,18.0,12.937704891906225,5.062295108093775,Winter,PRODUCE_PRIORITY
409.0,small_family,9.624458697042861,6.5,0.0,6.5,9.624458697042861,-3.1244586970428614,Winter,PRODUCE_PRIORITY
410.0,apartment,11.097481999671047,3.6399999999999997,0.0,3.6399999999999997,11.097481999671047,-7.457481999671047,Winter,PRODUCE_PRIORITY
410.0,family_house,19.419899909471596,10.08,0.0,10.08,19.419899909471596,-9.339899909471596,Winter,PRODUCE_PRIORITY
410.0,luxury_house,24.993726575997282,18.0,0.0,18.0,24.993726575997282,-6.993726575997282,Winter,PRODUCE_PRIORITY
410.0,small_family,18.593026439052267,6.5,0.0,6.5,18.593026439052267,-12.093026439052268,Winter,PRODUCE_PRIORITY
411.0,apartment,15.694209552126093,3.6399999999999997,0.0,3.6399999999999997,15.694209552126093,-12.054209552126094,Winter,PRODUCE_PRIORITY
411.0,family_house,27.46388583190278,10.08,0.0,10.08,27.46388583190278,-17.38388583190278,Winter,PRODUCE_PRIORITY
411.0,luxury_house,34.24169011110555,18.0,0.0,18.0,34.24169011110555,-16.24169011110555,Winter,PRODUCE_PRIORITY
411.0,small_family,26.294510155669258,6.5,0.0,6.5,26.294510155669258,-19.794510155669258,Winter,PRODUCE_PRIORITY
412.0,apartment,19.22140265951132,3.6399999999999997,0.0,3.6399999999999997,19.22140265951132,-15.581402659511319,Winter,PRODUCE_PRIORITY
412.0,family_house,32.58397943979734,10.08,0.0,10.08,32.58397943979734,-22.50397943979734,Winter,PRODUCE_PRIORITY
412.0,luxury_house,37.15109993854841,18.0,0.0,18.0,37.15109993854841,-19.151099938548413,Winter,PRODUCE_PRIORITY
412.0,small_family,32.20406645890997,6.5,0.0,6.5,32.20406645890997,-25.704066458909974,Winter,PRODUCE_PRIORITY
413.0,apartment,21.43868894052064,3.6399999999999997,0.0,3.6399999999999997,21.43868894052064,-17.798688940520638,Winter,PRODUCE_PRIORITY
413.0,family_house,34.69624202444124,10.08,0.0,10.08,34.69624202444124,-24.616242024441245,Winter,PRODUCE_PRIORITY
413.0,luxury_house,38.66814601424137,18.0,0.0,18.0,38.66814601424137,-20.668146014241373,Winter,PRODUCE_PRIORITY
413.0,small_family,35.08660844114864,6.5,0.0,6.5,35.08660844114864,-28.58660844114864,Winter,PRODUCE_PRIORITY
414.0,apartment,22.194963999342097,3.6399999999999997,0.0,3.6399999999999997,22.194963999342097,-18.5549639993421,Winter,PRODUCE_PRIORITY
414.0,family_house,35.355774031086014,10.08,0.0,10.08,35.355774031086014,-25.275774031086012,Winter,PRODUCE_PRIORITY
414.0,luxury_house,39.185582179321194,18.0,0.0,18.0,39.185582179321194,-21.185582179321194,Winter,PRODUCE_PRIORITY
414.0,small_family,35.76927392160253,6.5,0.0,6.5,35.76927392160253,-29.269273921602533,Winter,PRODUCE_PRIORITY
415.0,apartment,21.438688940520642,3.6399999999999997,0.0,3.6399999999999997,21.438688940520642,-17.79868894052064,Winter,PRODUCE_PRIORITY
415.0,family_house,34.69624202444124,10.08,0.0,10.08,34.69624202444124,-24.616242024441245,Winter,PRODUCE_PRIORITY
415.0,luxury_house,38.66814601424137,18.0,0.0,18.0,38.66814601424137,-20.668146014241373,Winter,PRODUCE_PRIORITY
415.0,small_family,35.08660844114864,6.5,0.0,6.5,35.08660844114864,-28.586608441148645,Winter,PRODUCE_PRIORITY
416.0,apartment,19.22140265951132,3.6399999999999997,0.0,3.6399999999999997,19.22140265951132,-15.581402659511319,Winter,PRODUCE_PRIORITY
416.0,family_house,32.583979439797346,10.08,0.0,10.08,32.583979439797346,-22.503979439797344,Winter,PRODUCE_PRIORITY
416.0,luxury_house,37.15109993854841,18.0,0.0,18.0,37.15109993854841,-19.151099938548413,Winter,PRODUCE_PRIORITY
416.0,small_family,32.20406645890998,6.5,0.0,6.5,32.20406645890998,-25.704066458909978,Winter,PRODUCE_PRIORITY
417.0,apartment,15.694209552126093,3.6399999999999997,0.0,3.6399999999999997,15.694209552126093,-12.054209552126094,Winter,PRODUCE_PRIORITY
417.0,family_house,27.46388583190278,10.08,0.0,10.08,27.46388583190278,-17.38388583190278,Winter,PRODUCE_PRIORITY
417.0,luxury_house,34.24169011110555,18.0,0.0,18.0,34.24169011110555,-16.24169011110555,Winter,PRODUCE_PRIORITY
417.0,small_family,26.294510155669258,6.5,0.0,6.5,26.294510155669258,-19.794510155669258,Winter,PRODUCE_PRIORITY
418.0,apartment,11.097481999671055,3.6399999999999997,0.0,3.6399999999999997,11.097481999671055,-7.457481999671055,Winter,PRODUCE_PRIORITY
418.0,family_house,19.41989990947161,10.08,0.0,10.08,19.41989990947161,-9.339899909471612,Winter,PRODUCE_PRIORITY
418.0,luxury_house,24.9937265759973,18.0,0.0,18.0,24.9937265759973,-6.993726575997302,Winter,PRODUCE_PRIORITY
418.0,small_family,18.59302643905228,6.5,0.0,6.5,18.59302643905228,-12.093026439052283,Winter,PRODUCE_PRIORITY
419.0,apartment,5.744479388394553,3.6399999999999997,0.0,3.6399999999999997,5.744479388394553,-2.1044793883945534,Winter,PRODUCE_PRIORITY
419.0,family_house,10.052479901111948,10.08,0.0,10.08,10.052479901111948,0.02752009888805218,Winter,PRODUCE_PRIORITY
419.0,luxury_house,12.93770489190624,18.0,0.0,18.0,12.93770489190624,5.06229510809376,Winter,PRODUCE_PRIORITY
419.0,small_family,9.624458697042872,6.5,0.0,6.5,9.624458697042872,-3.124458697042872,Winter,PRODUCE_PRIORITY
420.0,apartment,2.7180991618985033e-15,3.6399999999999997,0.0,3.6399999999999997,2.7180991618985033e-15,3.639999999999997,Winter,PRODUCE_PRIORITY
420.0,family_house,4.756503652779274e-15,10.08,0.0,10.08,4.756503652779274e-15,10.079999999999995,Winter,PRODUCE_PRIORITY
420.0,luxury_house,6.121697450011842e-15,18.0,0.0,18.0,6.121697450011842e-15,17.999999999999993,Winter,PRODUCE_PRIORITY
420.0,small_family,4.553978063009495e-15,6.5,0.0,6.5,4.553978063009495e-15,6.499999999999996,Winter,PRODUCE_PRIORITY
421.0,apartment,0.0,3.6399999999999997,0.0,3.6399999999999997,0.0,3.6399999999999997,Winter,PRODUCE_PRIORITY
421.0,family_house,0.0,10.08,0.0,10.08,0.0,10.08,Winter,PRODUCE_PRIORITY
421.0,luxury_house,0.0,18.0,0.0,18.0,0.0,18.0,Winter,PRODUCE_PRIORITY
421.0,small_family,0.0,6.5,0.0,6.5,0.0,6.5,Winter,PRODUCE_PRIORITY
422.0,apartment,0.0,3.6399999999999997,0.0,3.6399999999999997,0.0,3.6399999999999997,Winter,PRODUCE_PRIORITY
422.0,family_house,0.0,10.08,0.0,10.08,0.0,10.08,Winter,PRODUCE_PRIORITY
422.0,luxury_house,0.0,18.0,0.0,18.0,0.0,18.0,Winter,PRODUCE_PRIORITY
422.0,small_family,0.0,6.5,0.0,6.5,0.0,6.5,Winter,PRODUCE_PRIORITY
423.0,apartment,0.0,3.6399999999999997,0.0,3.6399999999999997,0.0,3.6399999999999997,Winter,PRODUCE_PRIORITY
423.0,family_house,0.0,10.08,0.0,10.08,0.0,10.08,Winter,PRODUCE_PRIORITY
423.0,luxury_house,0.0,18.0,0.0,18.0,0.0,18.0,Winter,PRODUCE_PRIORITY
423.0,small_family,0.0,6.5,0.0,6.5,0.0,6.5,Winter,PRODUCE_PRIORITY
424.0,apartment,0.0,3.6399999999999997,0.0,3.6399999999999997,0.0,3.6399999999999997,Winter,PRODUCE_PRIORITY
424.0,family_house,0.0,10.08,0.0,10.08,0.0,10.08,Winter,PRODUCE_PRIORITY
424.0,luxury_house,0.0,18.0,0.0,18.0,0.0,18.0,Winter,PRODUCE_PRIORITY
424.0,small_family,0.0,6.5,0.0,6.5,0.0,6.5,Winter,PRODUCE_PRIORITY
425.0,apartment,0.0,3.6399999999999997,0.0,3.6399999999999997,0.0,3.6399999999999997,Winter,PRODUCE_PRIORITY
425.0,family_house,0.0,10.08,0.0,10.08,0.0,10.08,Winter,PRODUCE_PRIORITY
425.0,luxury_house,0.0,18.0,0.0,18.0,0.0,18.0,Winter,PRODUCE_PRIORITY
425.0,small_family,0.0,6.5,0.0,6.5,0.0,6.5,Winter,PRODUCE_PRIORITY
426.0,apartment,0.0,24.340005331943132,0.0,24.340005331943132,0.0,24.340005331943132,Winter,PRODUCE_PRIORITY
426.0,family_house,0.0,31.03546519697904,0.0,31.03546519697904,0.0,31.03546519697904,Winter,PRODUCE_PRIORITY
426.0,luxury_house,0.0,38.626614550943934,0.0,38.626614550943934,0.0,38.626614550943934,Winter,PRODUCE_PRIORITY
426.0,small_family,0.0,30.48544055008441,0.0,30.48544055008441,0.0,30.48544055008441,Winter,PRODUCE_PRIORITY
427.0,apartment,0.0,22.64988048363477,0.0,22.64988048363477,0.0,22.64988048363477,Winter,PRODUCE_PRIORITY
427.0,family_house,0.0,30.047794711579687,0.0,30.047794711579687,0.0,30.047794711579687,Winter,PRODUCE_PRIORITY
427.0,luxury_house,0.0,37.93374115202581,0.0,37.93374115202581,0.0,37.93374115202581,Winter,PRODUCE_PRIORITY
427.0,small_family,0.0,29.538602620980313,0.0,29.538602620980313,0.0,29.538602620980313,Winter,PRODUCE_PRIORITY
428.0,apartment,0.0,20.865170526493166,0.0,20.865170526493166,0.0,20.865170526493166,Winter,PRODUCE_PRIORITY
428.0,family_house,0.0,30.996315801858383,0.0,30.996315801858383,0.0,30.996315801858383,Winter,PRODUCE_PRIORITY
428.0,luxury_house,0.0,33.46941225957782,0.0,33.46941225957782,0.0,33.46941225957782,Winter,PRODUCE_PRIORITY
428.0,small_family,0.0,23.74948306228548,0.0,23.74948306228548,0.0,23.74948306228548,Winter,PRODUCE_PRIORITY
429.0,apartment,0.0,24.382686548344566,0.0,24.382686548344566,0.0,24.382686548344566,Winter,PRODUCE_PRIORITY
429.0,family_house,0.0,28.878501204308908,0.0,28.878501204308908,0.0,28.878501204308908,Winter,PRODUCE_PRIORITY
429.0,luxury_house,0.0,34.9786270478664,0.0,34.9786270478664,0.0,34.9786270478664,Winter,PRODUCE_PRIORITY
429.0,small_family,0.0,29.06744358318215,0.0,29.06744358318215,0.0,29.06744358318215,Winter,PRODUCE_PRIORITY
430.0,apartment,0.0,3.6399999999999997,0.0,3.6399999999999997,0.0,3.6399999999999997,Winter,PRODUCE_PRIORITY
430.0,family_house,0.0,10.08,0.0,10.08,0.0,10.08,Winter,PRODUCE_PRIORITY
430.0,luxury_house,0.0,18.0,0.0,18.0,0.0,18.0,Winter,PRODUCE_PRIORITY
430.0,small_family,0.0,6.5,0.0,6.5,0.0,6.5,Winter,PRODUCE_PRIORITY
431.0,apartment,0.0,3.6399999999999997,0.0,3.6399999999999997,0.0,3.6399999999999997,Winter,PRODUCE_PRIORITY
431.0,family_house,0.0,10.08,0.0,10.08,0.0,10.08,Winter,PRODUCE_PRIORITY
431.0,luxury_house,0.0,18.0,0.0,18.0,0.0,18.0,Winter,PRODUCE_PRIORITY
431.0,small_family,0.0,6.5,0.0,6.5,0.0,6.5,Winter,PRODUCE_PRIORITY
432.0,apartment,0.0,3.6399999999999997,0.0,3.6399999999999997,0.0,3.6399999999999997,Winter,PRODUCE_PRIORITY
432.0,family_house,0.0,10.08,0.0,10.08,0.0,10.08,Winter,PRODUCE_PRIORITY
432.0,luxury_house,0.0,18.0,0.0,18.0,0.0,18.0,Winter,PRODUCE_PRIORITY
432.0,small_family,0.0,6.5,0.0,6.5,0.0,6.5,Winter,PRODUCE_PRIORITY
433.0,apartment,5.605236054779237,3.6399999999999997,0.0,3.6399999999999997,5.605236054779237,-1.9652360547792367,Winter,PRODUCE_PRIORITY
433.0,family_house,8.091507297040424,10.08,0.0,10.08,8.091507297040424,1.9884927029595758,Winter,PRODUCE_PRIORITY
433.0,luxury_house,12.811503668533888,18.0,0.0,18.0,12.811503668533888,5.188496331466112,Winter,PRODUCE_PRIORITY
433.0,small_family,9.06930687779818,6.5,0.0,6.5,9.06930687779818,-2.56930687779818,Winter,PRODUCE_PRIORITY
434.0,apartment,10.828484535515821,3.6399999999999997,0.0,3.6399999999999997,10.828484535515821,-7.188484535515822,Winter,PRODUCE_PRIORITY
434.0,family_house,15.631591743635592,10.08,0.0,10.08,15.631591743635592,-5.551591743635594,Winter,PRODUCE_PRIORITY
434.0,luxury_house,24.74992453406805,18.0,0.0,18.0,24.74992453406805,-6.7499245340680485,Winter,PRODUCE_PRIORITY
434.0,small_family,17.52055547961267,6.5,0.0,6.5,17.52055547961267,-11.020555479612673,Winter,PRODUCE_PRIORITY
435.0,apartment,15.313789690073804,3.6399999999999997,0.0,3.6399999999999997,15.313789690073804,-11.673789690073804,Winter,PRODUCE_PRIORITY
435.0,family_house,22.106409045328757,10.08,0.0,10.08,22.106409045328757,-12.026409045328759,Winter,PRODUCE_PRIORITY
435.0,luxury_house,32.8400749068111,18.0,0.0,18.0,32.8400749068111,-14.840074906811097,Winter,PRODUCE_PRIORITY
435.0,small_family,24.777807179578495,6.5,0.0,6.5,24.777807179578495,-18.277807179578495,Winter,PRODUCE_PRIORITY
436.0,apartment,18.75548538448728,3.6399999999999997,0.0,3.6399999999999997,18.75548538448728,-15.11548538448728,Winter,PRODUCE_PRIORITY
436.0,family_house,27.074711103151024,10.08,0.0,10.08,27.074711103151024,-16.994711103151026,Winter,PRODUCE_PRIORITY
436.0,luxury_house,36.69837915096451,18.0,0.0,18.0,36.69837915096451,-18.698379150964517,Winter,PRODUCE_PRIORITY
436.0,small_family,30.34649226751845,6.5,0.0,6.5,30.34649226751845,-23.84649226751845,Winter,PRODUCE_PRIORITY
437.0,apartment,20.919025744853037,3.6399999999999997,0.0,3.6399999999999997,20.919025744853037,-17.279025744853037,Winter,PRODUCE_PRIORITY
437.0,family_house,29.891445844868052,10.08,0.0,10.08,29.891445844868052,-19.81144584486805,Winter,PRODUCE_PRIORITY
437.0,luxury_house,39.01522515784769,18.0,0.0,18.0,39.01522515784769,-21.015225157847688,Winter,PRODUCE_PRIORITY
437.0,small_family,33.84711405737667,6.5,0.0,6.5,33.84711405737667,-27.34711405737667,Winter,PRODUCE_PRIORITY
438.0,apartment,21.656969071031646,3.6399999999999997,0.0,3.6399999999999997,21.656969071031646,-18.016969071031646,Winter,PRODUCE_PRIORITY
438.0,family_house,30.79154095867001,10.08,0.0,10.08,30.79154095867001,-20.71154095867001,Winter,PRODUCE_PRIORITY
438.0,luxury_house,39.68600967105427,18.0,0.0,18.0,39.68600967105427,-21.686009671054276,Winter,PRODUCE_PRIORITY
438.0,small_family,35.00299804361062,6.5,0.0,6.5,35.00299804361062,-28.502998043610617,Winter,PRODUCE_PRIORITY
439.0,apartment,20.919025744853037,3.6399999999999997,0.0,3.6399999999999997,20.919025744853037,-17.27902574485304,Winter,PRODUCE_PRIORITY
439.0,family_house,29.891445844868052,10.08,0.0,10.08,29.891445844868052,-19.81144584486805,Winter,PRODUCE_PRIORITY
439.0,luxury_house,39.01522515784769,18.0,0.0,18.0,39.01522515784769,-21.015225157847688,Winter,PRODUCE_PRIORITY
439.0,small_family,33.84711405737668,6.5,0.0,6.5,33.84711405737668,-27.347114057376675,Winter,PRODUCE_PRIORITY
440.0,apartment,18.75548538448728,3.6399999999999997,0.0,3.6399999999999997,18.75548538448728,-15.11548538448728,Winter,PRODUCE_PRIORITY
440.0,family_house,27.07471110315103,10.08,0.0,10.08,27.07471110315103,-16.994711103151033,Winter,PRODUCE_PRIORITY
440.0,luxury_house,36.69837915096452,18.0,0.0,18.0,36.69837915096452,-18.69837915096452,Winter,PRODUCE_PRIORITY
440.0,small_family,30.346492267518453,6.5,0.0,6.5,30.346492267518453,-23.846492267518453,Winter,PRODUCE_PRIORITY
441.0,apartment,15.313789690073804,3.6399999999999997,0.0,3.6399999999999997,15.313789690073804,-11.673789690073804,Winter,PRODUCE_PRIORITY
441.0,family_house,22.106409045328757,10.08,0.0,10.08,22.106409045328757,-12.026409045328759,Winter,PRODUCE_PRIORITY
441.0,luxury_house,32.8400749068111,18.0,0.0,18.0,32.8400749068111,-14.840074906811097,Winter,PRODUCE_PRIORITY
441.0,small_family,24.777807179578495,6.5,0.0,6.5,24.777807179578495,-18.277807179578495,Winter,PRODUCE_PRIORITY
442.0,apartment,10.828484535515829,3.6399999999999997,0.0,3.6399999999999997,10.828484535515829,-7.188484535515829,Winter,PRODUCE_PRIORITY
442.0,family_house,15.631591743635607,10.08,0.0,10.08,15.631591743635607,-5.551591743635607,Winter,PRODUCE_PRIORITY
442.0,luxury_house,24.749924534068068,18.0,0.0,18.0,24.749924534068068,-6.749924534068068,Winter,PRODUCE_PRIORITY
442.0,small_family,17.520555479612685,6.5,0.0,6.5,17.520555479612685,-11.020555479612685,Winter,PRODUCE_PRIORITY
443.0,apartment,5.605236054779242,3.6399999999999997,0.0,3.6399999999999997,5.605236054779242,-1.965236054779243,Winter,PRODUCE_PRIORITY
443.0,family_house,8.091507297040433,10.08,0.0,10.08,8.091507297040433,1.988492702959567,Winter,PRODUCE_PRIORITY
443.0,luxury_house,12.811503668533902,18.0,0.0,18.0,12.811503668533902,5.188496331466098,Winter,PRODUCE_PRIORITY
443.0,small_family,9.06930687779819,6.5,0.0,6.5,9.06930687779819,-2.5693068777981902,Winter,PRODUCE_PRIORITY
444.0,apartment,2.652213785207213e-15,3.6399999999999997,0.0,3.6399999999999997,2.652213785207213e-15,3.639999999999997,Winter,PRODUCE_PRIORITY
444.0,family_house,3.828635758884305e-15,10.08,0.0,10.08,3.828635758884305e-15,10.079999999999997,Winter,PRODUCE_PRIORITY
444.0,luxury_house,6.061983171956998e-15,18.0,0.0,18.0,6.061983171956998e-15,17.999999999999993,Winter,PRODUCE_PRIORITY
444.0,small_family,4.291298437478257e-15,6.5,0.0,6.5,4.291298437478257e-15,6.499999999999996,Winter,PRODUCE_PRIORITY
445.0,apartment,0.0,3.6399999999999997,0.0,3.6399999999999997,0.0,3.6399999999999997,Winter,PRODUCE_PRIORITY
445.0,family_house,0.0,10.08,0.0,10.08,0.0,10.08,Winter,PRODUCE_PRIORITY
445.0,luxury_house,0.0,18.0,0.0,18.0,0.0,18.0,Winter,PRODUCE_PRIORITY
445.0,small_family,0.0,6.5,0.0,6.5,0.0,6.5,Winter,PRODUCE_PRIORITY
446.0,apartment,0.0,3.6399999999999997,0.0,3.6399999999999997,0.0,3.6399999999999997,Winter,PRODUCE_PRIORITY
446.0,family_house,0.0,10.08,0.0,10.08,0.0,10.08,Winter,PRODUCE_PRIORITY
446.0,luxury_house,0.0,18.0,0.0,18.0,0.0,18.0,Winter,PRODUCE_PRIORITY
446.0,small_family,0.0,6.5,0.0,6.5,0.0,6.5,Winter,PRODUCE_PRIORITY
447.0,apartment,0.0,3.6399999999999997,0.0,3.6399999999999997,0.0,3.6399999999999997,Winter,PRODUCE_PRIORITY
447.0,family_house,0.0,10.08,0.0,10.08,0.0,10.08,Winter,PRODUCE_PRIORITY
447.0,luxury_house,0.0,18.0,0.0,18.0,0.0,18.0,Winter,PRODUCE_PRIORITY
447.0,small_family,0.0,6.5,0.0,6.5,0.0,6.5,Winter,PRODUCE_PRIORITY
448.0,apartment,0.0,3.6399999999999997,0.0,3.6399999999999997,0.0,3.6399999999999997,Winter,PRODUCE_PRIORITY
448.0,family_house,0.0,10.08,0.0,10.08,0.0,10.08,Winter,PRODUCE_PRIORITY
448.0,luxury_house,0.0,18.0,0.0,18.0,0.0,18.0,Winter,PRODUCE_PRIORITY
448.0,small_family,0.0,6.5,0.0,6.5,0.0,6.5,Winter,PRODUCE_PRIORITY
449.0,apartment,0.0,3.6399999999999997,0.0,3.6399999999999997,0.0,3.6399999999999997,Winter,PRODUCE_PRIORITY
449.0,family_house,0.0,10.08,0.0,10.08,0.0,10.08,Winter,PRODUCE_PRIORITY
449.0,luxury_house,0.0,18.0,0.0,18.0,0.0,18.0,Winter,PRODUCE_PRIORITY
449.0,small_family,0.0,6.5,0.0,6.5,0.0,6.5,Winter,PRODUCE_PRIORITY
450.0,apartment,0.0,20.949211651185188,0.0,20.949211651185188,0.0,20.949211651185188,Winter,PRODUCE_PRIORITY
450.0,family_house,0.0,27.94925926563989,0.0,27.94925926563989,0.0,27.94925926563989,Winter,PRODUCE_PRIORITY
450.0,luxury_house,0.0,31.50334080937487,0.0,31.50334080937487,0.0,31.50334080937487,Winter,PRODUCE_PRIORITY
450.0,small_family,0.0,26.779846146599535,0.0,26.779846146599535,0.0,26.779846146599535,Winter,PRODUCE_PRIORITY
451.0,apartment,0.0,22.773046231246596,0.0,22.773046231246596,0.0,22.773046231246596,Winter,PRODUCE_PRIORITY
451.0,family_house,0.0,24.318226473627224,0.0,24.318226473627224,0.0,24.318226473627224,Winter,PRODUCE_PRIORITY
451.0,luxury_house,0.0,34.66687401259331,0.0,34.66687401259331,0.0,34.66687401259331,Winter,PRODUCE_PRIORITY
451.0,small_family,0.0,23.88084050402661,0.0,23.88084050402661,0.0,23.88084050402661,Winter,PRODUCE_PRIORITY
452.0,apartment,0.0,21.46283857244718,0.0,21.46283857244718,0.0,21.46283857244718,Winter,PRODUCE_PRIORITY
452.0,family_house,0.0,24.1202679954849,0.0,24.1202679954849,0.0,24.1202679954849,Winter,PRODUCE_PRIORITY
452.0,luxury_house,0.0,37.35180874311249,0.0,37.35180874311249,0.0,37.35180874311249,Winter,PRODUCE_PRIORITY
452.0,small_family,0.0,26.217421429206752,0.0,26.217421429206752,0.0,26.217421429206752,Winter,PRODUCE_PRIORITY
453.0,apartment,0.0,15.84674913746618,0.0,15.84674913746618,0.0,15.84674913746618,Winter,PRODUCE_PRIORITY
453.0,family_house,0.0,32.26488752149026,0.0,32.26488752149026,0.0,32.26488752149026,Winter,PRODUCE_PRIORITY
453.0,luxury_house,0.0,35.19711146032273,0.0,35.19711146032273,0.0,35.19711146032273,Winter,PRODUCE_PRIORITY
453.0,small_family,0.0,24.587664493167637,0.0,24.587664493167637,0.0,24.587664493167637,Winter,PRODUCE_PRIORITY
454.0,apartment,0.0,3.6399999999999997,0.0,3.6399999999999997,0.0,3.6399999999999997,Winter,PRODUCE_PRIORITY
454.0,family_house,0.0,10.08,0.0,10.08,0.0,10.08,Winter,PRODUCE_PRIORITY
454.0,luxury_house,0.0,18.0,0.0,18.0,0.0,18.0,Winter,PRODUCE_PRIORITY
454.0,small_family,0.0,6.5,0.0,6.5,0.0,6.5,Winter,PRODUCE_PRIORITY
455.0,apartment,0.0,3.6399999999999997,0.0,3.6399999999999997,0.0,3.6399999999999997,Winter,PRODUCE_PRIORITY
455.0,family_house,0.0,10.08,0.0,10.08,0.0,10.08,Winter,PRODUCE_PRIORITY
455.0,luxury_house,0.0,18.0,0.0,18.0,0.0,18.0,Winter,PRODUCE_PRIORITY
455.0,small_family,0.0,6.5,0.0,6.5,0.0,6.5,Winter,PRODUCE_PRIORITY
456.0,apartment,0.0,3.6399999999999997,0.0,3.6399999999999997,0.0,3.6399999999999997,Winter,PRODUCE_PRIORITY
456.0,family_house,0.0,10.08,0.0,10.08,0.0,10.08,Winter,PRODUCE_PRIORITY
456.0,luxury_house,0.0,18.0,0.0,18.0,0.0,18.0,Winter,PRODUCE_PRIORITY
456.0,small_family,0.0,6.5,0.0,6.5,0.0,6.5,Winter,PRODUCE_PRIORITY
457.0,apartment,6.294316311175409,3.6399999999999997,0.0,3.6399999999999997,6.294316311175409,-2.6543163111754096,Winter,PRODUCE_PRIORITY
457.0,family_house,11.359755088995339,10.08,0.0,10.08,11.359755088995339,-1.2797550889953386,Winter,PRODUCE_PRIORITY
457.0,luxury_house,16.620332836905444,18.0,0.0,18.0,16.620332836905444,1.3796671630945552,Winter,PRODUCE_PRIORITY
457.0,small_family,9.078272166279966,6.5,0.0,6.5,9.078272166279966,-2.578272166279967,Winter,PRODUCE_PRIORITY
458.0,apartment,12.159685367593735,3.6399999999999997,0.0,3.6399999999999997,12.159685367593735,-8.519685367593734,Winter,PRODUCE_PRIORITY
458.0,family_house,21.945361641558538,10.08,0.0,10.08,21.945361641558538,-11.86536164155854,Winter,PRODUCE_PRIORITY
458.0,luxury_house,32.10801745737445,18.0,0.0,18.0,32.10801745737445,-14.108017457374451,Winter,PRODUCE_PRIORITY
458.0,small_family,17.53787508698205,6.5,0.0,6.5,17.53787508698205,-11.037875086982051,Winter,PRODUCE_PRIORITY
459.0,apartment,17.19639196104074,3.6399999999999997,0.0,3.6399999999999997,17.19639196104074,-13.556391961040738,Winter,PRODUCE_PRIORITY
459.0,family_house,31.035428064674385,10.08,0.0,10.08,31.035428064674385,-20.955428064674383,Winter,PRODUCE_PRIORITY
459.0,luxury_house,41.82166079165889,18.0,0.0,18.0,41.82166079165889,-23.821660791658893,Winter,PRODUCE_PRIORITY
459.0,small_family,24.80230080321525,6.5,0.0,6.5,24.80230080321525,-18.30230080321525,Winter,PRODUCE_PRIORITY
460.0,apartment,21.06119286072419,3.6399999999999997,0.0,3.6399999999999997,21.06119286072419,-17.421192860724194,Winter,PRODUCE_PRIORITY
460.0,family_house,36.19227862025531,10.08,0.0,10.08,36.19227862025531,-26.112278620255307,Winter,PRODUCE_PRIORITY
460.0,luxury_house,44.998155846525,18.0,0.0,18.0,44.998155846525,-26.998155846525002,Winter,PRODUCE_PRIORITY
460.0,small_family,30.37649070744936,6.5,0.0,6.5,30.37649070744936,-23.87649070744936,Winter,PRODUCE_PRIORITY
461.0,apartment,23.490708272216143,3.6399999999999997,0.0,3.6399999999999997,23.490708272216143,-19.850708272216146,Winter,PRODUCE_PRIORITY
461.0,family_house,38.04075141686287,10.08,0.0,10.08,38.04075141686287,-27.960751416862873,Winter,PRODUCE_PRIORITY
461.0,luxury_house,46.2223495384819,18.0,0.0,18.0,46.2223495384819,-28.222349538481904,Winter,PRODUCE_PRIORITY
461.0,small_family,33.61672798737067,6.5,0.0,6.5,33.61672798737067,-27.116727987370677,Winter,PRODUCE_PRIORITY
462.0,apartment,24.319370735187473,3.6399999999999997,0.0,3.6399999999999997,24.319370735187473,-20.679370735187472,Winter,PRODUCE_PRIORITY
462.0,family_house,38.53605549693725,10.08,0.0,10.08,38.53605549693725,-28.456055496937257,Winter,PRODUCE_PRIORITY
462.0,luxury_house,46.52969171884617,18.0,0.0,18.0,46.52969171884617,-28.529691718846177,Winter,PRODUCE_PRIORITY
462.0,small_family,34.612117090734145,6.5,0.0,6.5,34.612117090734145,-28.11211709073414,Winter,PRODUCE_PRIORITY
463.0,apartment,23.490708272216146,3.6399999999999997,0.0,3.6399999999999997,23.490708272216146,-19.85070827221615,Winter,PRODUCE_PRIORITY
463.0,family_house,38.04075141686287,10.08,0.0,10.08,38.04075141686287,-27.960751416862873,Winter,PRODUCE_PRIORITY
463.0,luxury_house,46.2223495384819,18.0,0.0,18.0,46.2223495384819,-28.222349538481904,Winter,PRODUCE_PRIORITY
463.0,small_family,33.61672798737068,6.5,0.0,6.5,33.61672798737068,-27.11672798737068,Winter,PRODUCE_PRIORITY
464.0,apartment,21.06119286072419,3.6399999999999997,0.0,3.6399999999999997,21.06119286072419,-17.421192860724194,Winter,PRODUCE_PRIORITY
464.0,family_house,36.19227862025531,10.08,0.0,10.08,36.19227862025531,-26.11227862025531,Winter,PRODUCE_PRIORITY
464.0,luxury_house,44.998155846525,18.0,0.0,18.0,44.998155846525,-26.998155846525002,Winter,PRODUCE_PRIORITY
464.0,small_family,30.376490707449364,6.5,0.0,6.5,30.376490707449364,-23.876490707449364,Winter,PRODUCE_PRIORITY
465.0,apartment,17.19639196104074,3.6399999999999997,0.0,3.6399999999999997,17.19639196104074,-13.556391961040738,Winter,PRODUCE_PRIORITY
465.0,family_house,31.035428064674385,10.08,0.0,10.08,31.035428064674385,-20.955428064674383,Winter,PRODUCE_PRIORITY
465.0,luxury_house,41.82166079165889,18.0,0.0,18.0,41.82166079165889,-23.821660791658893,Winter,PRODUCE_PRIORITY
465.0,small_family,24.80230080321525,6.5,0.0,6.5,24.80230080321525,-18.30230080321525,Winter,PRODUCE_PRIORITY
466.0,apartment,12.159685367593744,3.6399999999999997,0.0,3.6399999999999997,12.159685367593744,-8.519685367593743,Winter,PRODUCE_PRIORITY
466.0,family_house,21.945361641558556,10.08,0.0,10.08,21.945361641558556,-11.865361641558557,Winter,PRODUCE_PRIORITY
466.0,luxury_house,32.10801745737447,18.0,0.0,18.0,32.10801745737447,-14.108017457374475,Winter,PRODUCE_PRIORITY
466.0,small_family,17.537875086982066,6.5,0.0,6.5,17.537875086982066,-11.037875086982066,Winter,PRODUCE_PRIORITY
467.0,apartment,6.294316311175416,3.6399999999999997,0.0,3.6399999999999997,6.294316311175416,-2.654316311175417,Winter,PRODUCE_PRIORITY
467.0,family_house,11.35975508899535,10.08,0.0,10.08,11.35975508899535,-1.2797550889953506,Winter,PRODUCE_PRIORITY
467.0,luxury_house,16.62033283690546,18.0,0.0,18.0,16.62033283690546,1.379667163094537,Winter,PRODUCE_PRIORITY
467.0,small_family,9.078272166279977,6.5,0.0,6.5,9.078272166279977,-2.5782721662799775,Winter,PRODUCE_PRIORITY
468.0,apartment,2.9782639528125152e-15,3.6399999999999997,0.0,3.6399999999999997,2.9782639528125152e-15,3.6399999999999966,Winter,PRODUCE_PRIORITY
468.0,family_house,5.375063378093155e-15,10.08,0.0,10.08,5.375063378093155e-15,10.079999999999995,Winter,PRODUCE_PRIORITY
468.0,luxury_house,7.864196161228193e-15,18.0,0.0,18.0,7.864196161228193e-15,17.999999999999993,Winter,PRODUCE_PRIORITY
468.0,small_family,4.2955405178237366e-15,6.5,0.0,6.5,4.2955405178237366e-15,6.499999999999996,Winter,PRODUCE_PRIORITY
469.0,apartment,0.0,3.6399999999999997,0.0,3.6399999999999997,0.0,3.6399999999999997,Winter,PRODUCE_PRIORITY
469.0,family_house,0.0,10.08,0.0,10.08,0.0,10.08,Winter,PRODUCE_PRIORITY
469.0,luxury_house,0.0,18.0,0.0,18.0,0.0,18.0,Winter,PRODUCE_PRIORITY
469.0,small_family,0.0,6.5,0.0,6.5,0.0,6.5,Winter,PRODUCE_PRIORITY
470.0,apartment,0.0,3.6399999999999997,0.0,3.6399999999999997,0.0,3.6399999999999997,Winter,PRODUCE_PRIORITY
470.0,family_house,0.0,10.08,0.0,10.08,0.0,10.08,Winter,PRODUCE_PRIORITY
470.0,luxury_house,0.0,18.0,0.0,18.0,0.0,18.0,Winter,PRODUCE_PRIORITY
470.0,small_family,0.0,6.5,0.0,6.5,0.0,6.5,Winter,PRODUCE_PRIORITY
471.0,apartment,0.0,3.6399999999999997,0.0,3.6399999999999997,0.0,3.6399999999999997,Winter,PRODUCE_PRIORITY
471.0,family_house,0.0,10.08,0.0,10.08,0.0,10.08,Winter,PRODUCE_PRIORITY
471.0,luxury_house,0.0,18.0,0.0,18.0,0.0,18.0,Winter,PRODUCE_PRIORITY
471.0,small_family,0.0,6.5,0.0,6.5,0.0,6.5,Winter,PRODUCE_PRIORITY
472.0,apartment,0.0,3.6399999999999997,0.0,3.6399999999999997,0.0,3.6399999999999997,Winter,PRODUCE_PRIORITY
472.0,family_house,0.0,10.08,0.0,10.08,0.0,10.08,Winter,PRODUCE_PRIORITY
472.0,luxury_house,0.0,18.0,0.0,18.0,0.0,18.0,Winter,PRODUCE_PRIORITY
472.0,small_family,0.0,6.5,0.0,6.5,0.0,6.5,Winter,PRODUCE_PRIORITY
473.0,apartment,0.0,3.6399999999999997,0.0,3.6399999999999997,0.0,3.6399999999999997,Winter,PRODUCE_PRIORITY
473.0,family_house,0.0,10.08,0.0,10.08,0.0,10.08,Winter,PRODUCE_PRIORITY
473.0,luxury_house,0.0,18.0,0.0,18.0,0.0,18.0,Winter,PRODUCE_PRIORITY
473.0,small_family,0.0,6.5,0.0,6.5,0.0,6.5,Winter,PRODUCE_PRIORITY
474.0,apartment,0.0,19.575443259981242,0.0,19.575443259981242,0.0,19.575443259981242,Winter,PRODUCE_PRIORITY
474.0,family_house,0.0,26.143454173171804,0.0,26.143454173171804,0.0,26.143454173171804,Winter,PRODUCE_PRIORITY
474.0,luxury_house,0.0,34.861251788961326,0.0,34.861251788961326,0.0,34.861251788961326,Winter,PRODUCE_PRIORITY
474.0,small_family,0.0,29.236014204389665,0.0,29.236014204389665,0.0,29.236014204389665,Winter,PRODUCE_PRIORITY
475.0,apartment,0.0,22.867114754646046,0.0,22.867114754646046,0.0,22.867114754646046,Winter,PRODUCE_PRIORITY
475.0,family_house,0.0,28.102343972835595,0.0,28.102343972835595,0.0,28.102343972835595,Winter,PRODUCE_PRIORITY
475.0,luxury_house,0.0,36.35516084046708,0.0,36.35516084046708,0.0,36.35516084046708,Winter,PRODUCE_PRIORITY
475.0,small_family,0.0,22.36146608566935,0.0,22.36146608566935,0.0,22.36146608566935,Winter,PRODUCE_PRIORITY
476.0,apartment,0.0,19.480029852950437,0.0,19.480029852950437,0.0,19.480029852950437,Winter,PRODUCE_PRIORITY
476.0,family_house,0.0,30.6132457574968,0.0,30.6132457574968,0.0,30.6132457574968,Winter,PRODUCE_PRIORITY
476.0,luxury_house,0.0,37.22533588460225,0.0,37.22533588460225,0.0,37.22533588460225,Winter,PRODUCE_PRIORITY
476.0,small_family,0.0,21.013599654882373,0.0,21.013599654882373,0.0,21.013599654882373,Winter,PRODUCE_PRIORITY
477.0,apartment,0.0,20.2737674382911,0.0,20.2737674382911,0.0,20.2737674382911,Winter,PRODUCE_PRIORITY
477.0,family_house,0.0,27.990253716286013,0.0,27.990253716286013,0.0,27.990253716286013,Winter,PRODUCE_PRIORITY
477.0,luxury_house,0.0,38.452305854600596,0.0,38.452305854600596,0.0,38.452305854600596,Winter,PRODUCE_PRIORITY
477.0,small_family,0.0,23.540403321294036,0.0,23.540403321294036,0.0,23.540403321294036,Winter,PRODUCE_PRIORITY
478.0,apartment,0.0,3.6399999999999997,0.0,3.6399999999999997,0.0,3.6399999999999997,Winter,PRODUCE_PRIORITY
478.0,family_house,0.0,10.08,0.0,10.08,0.0,10.08,Winter,PRODUCE_PRIORITY
478.0,luxury_house,0.0,18.0,0.0,18.0,0.0,18.0,Winter,PRODUCE_PRIORITY
478.0,small_family,0.0,6.5,0.0,6.5,0.0,6.5,Winter,PRODUCE_PRIORITY
479.0,apartment,0.0,3.6399999999999997,0.0,3.6399999999999997,0.0,3.6399999999999997,Winter,PRODUCE_PRIORITY
479.0,family_house,0.0,10.08,0.0,10.08,0.0,10.08,Winter,PRODUCE_PRIORITY
479.0,luxury_house,0.0,18.0,0.0,18.0,0.0,18.0,Winter,PRODUCE_PRIORITY
479.0,small_family,0.0,6.5,0.0,6.5,0.0,6.5,Winter,PRODUCE_PRIORITY
480.0,apartment,0.0,3.6399999999999997,0.0,3.6399999999999997,0.0,3.6399999999999997,Winter,PRODUCE_PRIORITY
480.0,family_house,0.0,10.08,0.0,10.08,0.0,10.08,Winter,PRODUCE_PRIORITY
480.0,luxury_house,0.0,18.0,0.0,18.0,0.0,18.0,Winter,PRODUCE_PRIORITY
480.0,small_family,0.0,6.5,0.0,6.5,0.0,6.5,Winter,PRODUCE_PRIORITY
481.0,apartment,5.451793347087605,3.6399999999999997,0.0,3.6399999999999997,5.451793347087605,-1.811793347087606,Winter,PRODUCE_PRIORITY
481.0,family_house,7.485454700986239,10.08,0.0,10.08,7.485454700986239,2.594545299013761,Winter,PRODUCE_PRIORITY
481.0,luxury_house,13.676869002614513,18.0,0.0,18.0,13.676869002614513,4.323130997385488,Winter,PRODUCE_PRIORITY
481.0,small_family,7.237304246641271,6.5,0.0,6.5,7.237304246641271,-0.7373042466412708,Winter,PRODUCE_PRIORITY
482.0,apartment,10.53205598708568,3.6399999999999997,0.0,3.6399999999999997,10.53205598708568,-6.892055987085682,Winter,PRODUCE_PRIORITY
482.0,family_house,14.460788034399044,10.08,0.0,10.08,14.460788034399044,-4.380788034399045,Winter,PRODUCE_PRIORITY
482.0,luxury_house,26.421681984795534,18.0,0.0,18.0,26.421681984795534,-8.421681984795535,Winter,PRODUCE_PRIORITY
482.0,small_family,13.981398169084704,6.5,0.0,6.5,13.981398169084704,-7.481398169084704,Winter,PRODUCE_PRIORITY
483.0,apartment,14.894576416609329,3.6399999999999997,0.0,3.6399999999999997,14.894576416609329,-11.254576416609329,Winter,PRODUCE_PRIORITY
483.0,family_house,20.450642560849705,10.08,0.0,10.08,20.450642560849705,-10.370642560849706,Winter,PRODUCE_PRIORITY
483.0,luxury_house,35.516360878497096,18.0,0.0,18.0,35.516360878497096,-17.516360878497093,Winter,PRODUCE_PRIORITY
483.0,small_family,19.772682911657952,6.5,0.0,6.5,19.772682911657952,-13.272682911657954,Winter,PRODUCE_PRIORITY
484.0,apartment,18.242056077792387,3.6399999999999997,0.0,3.6399999999999997,18.242056077792387,-14.602056077792387,Winter,PRODUCE_PRIORITY
484.0,family_house,24.358232727510437,10.08,0.0,10.08,24.358232727510437,-14.278232727510437,Winter,PRODUCE_PRIORITY
484.0,luxury_house,37.74014897633695,18.0,0.0,18.0,37.74014897633695,-19.740148976336947,Winter,PRODUCE_PRIORITY
484.0,small_family,24.216491989705187,6.5,0.0,6.5,24.216491989705187,-17.716491989705187,Winter,PRODUCE_PRIORITY
485.0,apartment,20.34636976369693,3.6399999999999997,0.0,3.6399999999999997,20.34636976369693,-16.706369763696934,Winter,PRODUCE_PRIORITY
485.0,family_house,26.567928381385283,10.08,0.0,10.08,26.567928381385283,-16.48792838138528,Winter,PRODUCE_PRIORITY
485.0,luxury_house,38.402304272786324,18.0,0.0,18.0,38.402304272786324,-20.402304272786324,Winter,PRODUCE_PRIORITY
485.0,small_family,26.861357922690438,6.5,0.0,6.5,26.861357922690438,-20.361357922690438,Winter,PRODUCE_PRIORITY
486.0,apartment,21.064111974171364,3.6399999999999997,0.0,3.6399999999999997,21.064111974171364,-17.424111974171367,Winter,PRODUCE_PRIORITY
486.0,family_house,27.22293397280853,10.08,0.0,10.08,27.22293397280853,-17.14293397280853,Winter,PRODUCE_PRIORITY
486.0,luxury_house,38.62815311335338,18.0,0.0,18.0,38.62815311335338,-20.62815311335338,Winter,PRODUCE_PRIORITY
486.0,small_family,27.667819309190747,6.5,0.0,6.5,27.667819309190747,-21.167819309190747,Winter,PRODUCE_PRIORITY
487.0,apartment,20.346369763696934,3.6399999999999997,0.0,3.6399999999999997,20.346369763696934,-16.706369763696934,Winter,PRODUCE_PRIORITY
487.0,family_house,26.567928381385283,10.08,0.0,10.08,26.567928381385283,-16.48792838138528,Winter,PRODUCE_PRIORITY
487.0,luxury_house,38.402304272786324,18.0,0.0,18.0,38.402304272786324,-20.402304272786324,Winter,PRODUCE_PRIORITY
487.0,small_family,26.86135792269044,6.5,0.0,6.5,26.86135792269044,-20.36135792269044,Winter,PRODUCE_PRIORITY
488.0,apartment,18.242056077792387,3.6399999999999997,0.0,3.6399999999999997,18.242056077792387,-14.602056077792387,Winter,PRODUCE_PRIORITY
488.0,family_house,24.35823272751044,10.08,0.0,10.08,24.35823272751044,-14.27823272751044,Winter,PRODUCE_PRIORITY
488.0,luxury_house,37.74014897633695,18.0,0.0,18.0,37.74014897633695,-19.740148976336947,Winter,PRODUCE_PRIORITY
488.0,small_family,24.21649198970519,6.5,0.0,6.5,24.21649198970519,-17.71649198970519,Winter,PRODUCE_PRIORITY
489.0,apartment,14.894576416609329,3.6399999999999997,0.0,3.6399999999999997,14.894576416609329,-11.254576416609329,Winter,PRODUCE_PRIORITY
489.0,family_house,20.450642560849705,10.08,0.0,10.08,20.450642560849705,-10.370642560849706,Winter,PRODUCE_PRIORITY
489.0,luxury_house,35.516360878497096,18.0,0.0,18.0,35.516360878497096,-17.516360878497093,Winter,PRODUCE_PRIORITY
489.0,small_family,19.772682911657952,6.5,0.0,6.5,19.772682911657952,-13.272682911657954,Winter,PRODUCE_PRIORITY
490.0,apartment,10.53205598708569,3.6399999999999997,0.0,3.6399999999999997,10.53205598708569,-6.892055987085689,Winter,PRODUCE_PRIORITY
490.0,family_house,14.460788034399057,10.08,0.0,10.08,14.460788034399057,-4.380788034399058,Winter,PRODUCE_PRIORITY
490.0,luxury_house,26.421681984795555,18.0,0.0,18.0,26.421681984795555,-8.421681984795555,Winter,PRODUCE_PRIORITY
490.0,small_family,13.981398169084715,6.5,0.0,6.5,13.981398169084715,-7.481398169084715,Winter,PRODUCE_PRIORITY
491.0,apartment,5.451793347087612,3.6399999999999997,0.0,3.6399999999999997,5.451793347087612,-1.8117933470876124,Winter,PRODUCE_PRIORITY
491.0,family_house,7.4854547009862475,10.08,0.0,10.08,7.4854547009862475,2.5945452990137525,Winter,PRODUCE_PRIORITY
491.0,luxury_house,13.676869002614527,18.0,0.0,18.0,13.676869002614527,4.323130997385473,Winter,PRODUCE_PRIORITY
491.0,small_family,7.237304246641279,6.5,0.0,6.5,7.237304246641279,-0.7373042466412791,Winter,PRODUCE_PRIORITY
492.0,apartment,2.5796097306050395e-15,3.6399999999999997,0.0,3.6399999999999997,2.5796097306050395e-15,3.639999999999997,Winter,PRODUCE_PRIORITY
492.0,family_house,3.541871555895028e-15,10.08,0.0,10.08,3.541871555895028e-15,10.079999999999997,Winter,PRODUCE_PRIORITY
492.0,luxury_house,6.471445654153828e-15,18.0,0.0,18.0,6.471445654153828e-15,17.999999999999993,Winter,PRODUCE_PRIORITY
492.0,small_family,3.4244549030748502e-15,6.5,0.0,6.5,3.4244549030748502e-15,6.4999999999999964,Winter,PRODUCE_PRIORITY
493.0,apartment,0.0,3.6399999999999997,0.0,3.6399999999999997,0.0,3.6399999999999997,Winter,PRODUCE_PRIORITY
493.0,family_house,0.0,10.08,0.0,10.08,0.0,10.08,Winter,PRODUCE_PRIORITY
493.0,luxury_house,0.0,18.0,0.0,18.0,0.0,18.0,Winter,PRODUCE_PRIORITY
493.0,small_family,0.0,6.5,0.0,6.5,0.0,6.5,Winter,PRODUCE_PRIORITY
494.0,apartment,0.0,3.6399999999999997,0.0,3.6399999999999997,0.0,3.6399999999999997,Winter,PRODUCE_PRIORITY
494.0,family_house,0.0,10.08,0.0,10.08,0.0,10.08,Winter,PRODUCE_PRIORITY
494.0,luxury_house,0.0,18.0,0.0,18.0,0.0,18.0,Winter,PRODUCE_PRIORITY
494.0,small_family,0.0,6.5,0.0,6.5,0.0,6.5,Winter,PRODUCE_PRIORITY
495.0,apartment,0.0,3.6399999999999997,0.0,3.6399999999999997,0.0,3.6399999999999997,Winter,PRODUCE_PRIORITY
495.0,family_house,0.0,10.08,0.0,10.08,0.0,10.08,Winter,PRODUCE_PRIORITY
495.0,luxury_house,0.0,18.0,0.0,18.0,0.0,18.0,Winter,PRODUCE_PRIORITY
495.0,small_family,0.0,6.5,0.0,6.5,0.0,6.5,Winter,PRODUCE_PRIORITY
496.0,apartment,0.0,3.6399999999999997,0.0,3.6399999999999997,0.0,3.6399999999999997,Winter,PRODUCE_PRIORITY
496.0,family_house,0.0,10.08,0.0,10.08,0.0,10.08,Winter,PRODUCE_PRIORITY
496.0,luxury_house,0.0,18.0,0.0,18.0,0.0,18.0,Winter,PRODUCE_PRIORITY
496.0,small_family,0.0,6.5,0.0,6.5,0.0,6.5,Winter,PRODUCE_PRIORITY
497.0,apartment,0.0,3.6399999999999997,0.0,3.6399999999999997,0.0,3.6399999999999997,Winter,PRODUCE_PRIORITY
497.0,family_house,0.0,10.08,0.0,10.08,0.0,10.08,Winter,PRODUCE_PRIORITY
497.0,luxury_house,0.0,18.0,0.0,18.0,0.0,18.0,Winter,PRODUCE_PRIORITY
497.0,small_family,0.0,6.5,0.0,6.5,0.0,6.5,Winter,PRODUCE_PRIORITY
498.0,apartment,0.0,21.080721278399302,0.0,21.080721278399302,0.0,21.080721278399302,Winter,PRODUCE_PRIORITY
498.0,family_house,0.0,34.4686210684327,0.0,34.4686210684327,0.0,34.4686210684327,Winter,PRODUCE_PRIORITY
498.0,luxury_house,0.0,37.15128809283232,0.0,37.15128809283232,0.0,37.15128809283232,Winter,PRODUCE_PRIORITY
498.0,small_family,0.0,24.54617767954844,0.0,24.54617767954844,0.0,24.54617767954844,Winter,PRODUCE_PRIORITY
499.0,apartment,0.0,19.790048311994667,0.0,19.790048311994667,0.0,19.790048311994667,Winter,PRODUCE_PRIORITY
499.0,family_house,0.0,30.131265920460923,0.0,30.131265920460923,0.0,30.131265920460923,Winter,PRODUCE_PRIORITY
499.0,luxury_house,0.0,30.039080076534677,0.0,30.039080076534677,0.0,30.039080076534677,Winter,PRODUCE_PRIORITY
499.0,small_family,0.0,21.217246327061492,0.0,21.217246327061492,0.0,21.217246327061492,Winter,PRODUCE_PRIORITY
500.0,apartment,0.0,25.828060768393186,0.0,25.828060768393186,0.0,25.828060768393186,Winter,PRODUCE_PRIORITY
500.0,family_house,0.0,25.85608383935579,0.0,25.85608383935579,0.0,25.85608383935579,Winter,PRODUCE_PRIORITY
500.0,luxury_house,0.0,28.81474318665367,0.0,28.81474318665367,0.0,28.81474318665367,Winter,PRODUCE_PRIORITY
500.0,small_family,0.0,21.619430665833068,0.0,21.619430665833068,0.0,21.619430665833068,Winter,PRODUCE_PRIORITY
501.0,apartment,0.0,22.563732034544834,0.0,22.563732034544834,0.0,22.563732034544834,Winter,PRODUCE_PRIORITY
501.0,family_house,0.0,34.26629400990393,0.0,34.26629400990393,0.0,34.26629400990393,Winter,PRODUCE_PRIORITY
501.0,luxury_house,0.0,36.1690956407727,0.0,36.1690956407727,0.0,36.1690956407727,Winter,PRODUCE_PRIORITY
501.0,small_family,0.0,27.807326920615644,0.0,27.807326920615644,0.0,27.807326920615644,Winter,PRODUCE_PRIORITY
502.0,apartment,0.0,3.6399999999999997,0.0,3.6399999999999997,0.0,3.6399999999999997,Winter,PRODUCE_PRIORITY
502.0,family_house,0.0,10.08,0.0,10.08,0.0,10.08,Winter,PRODUCE_PRIORITY
502.0,luxury_house,0.0,18.0,0.0,18.0,0.0,18.0,Winter,PRODUCE_PRIORITY
502.0,small_family,0.0,6.5,0.0,6.5,0.0,6.5,Winter,PRODUCE_PRIORITY
503.0,apartment,0.0,3.6399999999999997,0.0,3.6399999999999997,0.0,3.6399999999999997,Winter,PRODUCE_PRIORITY
503.0,family_house,0.0,10.08,0.0,10.08,0.0,10.08,Winter,PRODUCE_PRIORITY
503.0,luxury_house,0.0,18.0,0.0,18.0,0.0,18.0,Winter,PRODUCE_PRIORITY
503.0,small_family,0.0,6.5,0.0,6.5,0.0,6.5,Winter,PRODUCE_PRIORITY
504.0,apartment,0.0,3.6399999999999997,0.0,3.6399999999999997,0.0,3.6399999999999997,Winter,PRODUCE_PRIORITY
504.0,family_house,0.0,10.08,0.0,10.08,0.0,10.08,Winter,PRODUCE_PRIORITY
504.0,luxury_house,0.0,18.0,0.0,18.0,0.0,18.0,Winter,PRODUCE_PRIORITY
504.0,small_family,0.0,6.5,0.0,6.5,0.0,6.5,Winter,PRODUCE_PRIORITY
505.0,apartment,5.891486212780384,3.6399999999999997,0.0,3.6399999999999997,5.891486212780384,-2.251486212780384,Winter,PRODUCE_PRIORITY
505.0,family_house,8.368039364756116,10.08,0.0,10.08,8.368039364756116,1.7119606352438832,Winter,PRODUCE_PRIORITY
505.0,luxury_house,12.147766443219641,18.0,0.0,18.0,12.147766443219641,5.85223355678036,Winter,PRODUCE_PRIORITY
505.0,small_family,8.57019591532779,6.5,0.0,6.5,8.57019591532779,-2.07019591532779,Winter,PRODUCE_PRIORITY
506.0,apartment,11.38147737630109,3.6399999999999997,0.0,3.6399999999999997,11.38147737630109,-7.7414773763010905,Winter,PRODUCE_PRIORITY
506.0,family_house,16.165810675643,10.08,0.0,10.08,16.165810675643,-6.085810675643002,Winter,PRODUCE_PRIORITY
506.0,luxury_house,23.467682678467092,18.0,0.0,18.0,23.467682678467092,-5.467682678467093,Winter,PRODUCE_PRIORITY
506.0,small_family,16.556347141944386,6.5,0.0,6.5,16.556347141944386,-10.056347141944386,Winter,PRODUCE_PRIORITY
507.0,apartment,16.095839665407556,3.6399999999999997,0.0,3.6399999999999997,16.095839665407556,-12.455839665407556,Winter,PRODUCE_PRIORITY
507.0,family_house,22.861908704250105,10.08,0.0,10.08,22.861908704250105,-12.781908704250107,Winter,PRODUCE_PRIORITY
507.0,luxury_house,32.15114827761532,18.0,0.0,18.0,32.15114827761532,-14.151148277615317,Winter,PRODUCE_PRIORITY
507.0,small_family,23.414210671494786,6.5,0.0,6.5,23.414210671494786,-16.914210671494786,Winter,PRODUCE_PRIORITY
508.0,apartment,19.713297080949214,3.6399999999999997,0.0,3.6399999999999997,19.713297080949214,-16.073297080949214,Winter,PRODUCE_PRIORITY
508.0,family_house,27.768363544196323,10.08,0.0,10.08,27.768363544196323,-17.688363544196324,Winter,PRODUCE_PRIORITY
508.0,luxury_house,35.69249510954247,18.0,0.0,18.0,35.69249510954247,-17.69249510954247,Winter,PRODUCE_PRIORITY
508.0,small_family,28.676434437595447,6.5,0.0,6.5,28.676434437595447,-22.176434437595447,Winter,PRODUCE_PRIORITY
509.0,apartment,21.98732587818794,3.6399999999999997,0.0,3.6399999999999997,21.98732587818794,-18.347325878187938,Winter,PRODUCE_PRIORITY
509.0,family_house,29.980506397152535,10.08,0.0,10.08,29.980506397152535,-19.900506397152537,Winter,PRODUCE_PRIORITY
509.0,luxury_house,37.401560852004614,18.0,0.0,18.0,37.401560852004614,-19.40156085200461,Winter,PRODUCE_PRIORITY
509.0,small_family,31.98440658682257,6.5,0.0,6.5,31.98440658682257,-25.48440658682257,Winter,PRODUCE_PRIORITY
510.0,apartment,22.762954752602184,3.6399999999999997,0.0,3.6399999999999997,22.762954752602184,-19.122954752602183,Winter,PRODUCE_PRIORITY
510.0,family_house,30.61478998468314,10.08,0.0,10.08,30.61478998468314,-20.53478998468314,Winter,PRODUCE_PRIORITY
510.0,luxury_house,37.7332120087563,18.0,0.0,18.0,37.7332120087563,-19.7332120087563,Winter,PRODUCE_PRIORITY
510.0,small_family,33.11269428388878,6.5,0.0,6.5,33.11269428388878,-26.61269428388878,Winter,PRODUCE_PRIORITY
511.0,apartment,21.987325878187942,3.6399999999999997,0.0,3.6399999999999997,21.987325878187942,-18.34732587818794,Winter,PRODUCE_PRIORITY
511.0,family_house,29.980506397152535,10.08,0.0,10.08,29.980506397152535,-19.900506397152537,Winter,PRODUCE_PRIORITY
511.0,luxury_house,37.401560852004614,18.0,0.0,18.0,37.401560852004614,-19.40156085200461,Winter,PRODUCE_PRIORITY
511.0,small_family,31.984406586822576,6.5,0.0,6.5,31.984406586822576,-25.484406586822576,Winter,PRODUCE_PRIORITY
512.0,apartment,19.713297080949214,3.6399999999999997,0.0,3.6399999999999997,19.713297080949214,-16.073297080949214,Winter,PRODUCE_PRIORITY
512.0,family_house,27.768363544196326,10.08,0.0,10.08,27.768363544196326,-17.688363544196328,Winter,PRODUCE_PRIORITY
512.0,luxury_house,35.69249510954248,18.0,0.0,18.0,35.69249510954248,-17.692495109542474,Winter,PRODUCE_PRIORITY
512.0,small_family,28.676434437595454,6.5,0.0,6.5,28.676434437595454,-22.176434437595454,Winter,PRODUCE_PRIORITY
513.0,apartment,16.095839665407556,3.6399999999999997,0.0,3.6399999999999997,16.095839665407556,-12.455839665407556,Winter,PRODUCE_PRIORITY
513.0,family_house,22.861908704250105,10.08,0.0,10.08,22.861908704250105,-12.781908704250107,Winter,PRODUCE_PRIORITY
513.0,luxury_house,32.15114827761532,18.0,0.0,18.0,32.15114827761532,-14.151148277615317,Winter,PRODUCE_PRIORITY
513.0,small_family,23.414210671494786,6.5,0.0,6.5,23.414210671494786,-16.914210671494786,Winter,PRODUCE_PRIORITY
514.0,apartment,11.381477376301099,3.6399999999999997,0.0,3.6399999999999997,11.381477376301099,-7.7414773763010984,Winter,PRODUCE_PRIORITY
514.0,family_house,16.165810675643016,10.08,0.0,10.08,16.165810675643016,-6.085810675643016,Winter,PRODUCE_PRIORITY
514.0,luxury_house,23.46768267846711,18.0,0.0,18.0,23.46768267846711,-5.467682678467111,Winter,PRODUCE_PRIORITY
514.0,small_family,16.5563471419444,6.5,0.0,6.5,16.5563471419444,-10.056347141944398,Winter,PRODUCE_PRIORITY
515.0,apartment,5.89148621278039,3.6399999999999997,0.0,3.6399999999999997,5.89148621278039,-2.2514862127803905,Winter,PRODUCE_PRIORITY
515.0,family_house,8.368039364756125,10.08,0.0,10.08,8.368039364756125,1.7119606352438743,Winter,PRODUCE_PRIORITY
515.0,luxury_house,12.147766443219654,18.0,0.0,18.0,12.147766443219654,5.852233556780346,Winter,PRODUCE_PRIORITY
515.0,small_family,8.5701959153278,6.5,0.0,6.5,8.5701959153278,-2.0701959153278,Winter,PRODUCE_PRIORITY
516.0,apartment,2.7876579676910294e-15,3.6399999999999997,0.0,3.6399999999999997,2.7876579676910294e-15,3.639999999999997,Winter,PRODUCE_PRIORITY
516.0,family_house,3.9594816599096635e-15,10.08,0.0,10.08,3.9594816599096635e-15,10.079999999999995,Winter,PRODUCE_PRIORITY
516.0,luxury_house,5.7479244951181024e-15,18.0,0.0,18.0,5.7479244951181024e-15,17.999999999999993,Winter,PRODUCE_PRIORITY
516.0,small_family,4.055135506590925e-15,6.5,0.0,6.5,4.055135506590925e-15,6.499999999999996,Winter,PRODUCE_PRIORITY
517.0,apartment,0.0,3.6399999999999997,0.0,3.6399999999999997,0.0,3.6399999999999997,Winter,PRODUCE_PRIORITY
517.0,family_house,0.0,10.08,0.0,10.08,0.0,10.08,Winter,PRODUCE_PRIORITY
517.0,luxury_house,0.0,18.0,0.0,18.0,0.0,18.0,Winter,PRODUCE_PRIORITY
517.0,small_family,0.0,6.5,0.0,6.5,0.0,6.5,Winter,PRODUCE_PRIORITY
518.0,apartment,0.0,3.6399999999999997,0.0,3.6399999999999997,0.0,3.6399999999999997,Winter,PRODUCE_PRIORITY
518.0,family_house,0.0,10.08,0.0,10.08,0.0,10.08,Winter,PRODUCE_PRIORITY
518.0,luxury_house,0.0,18.0,0.0,18.0,0.0,18.0,Winter,PRODUCE_PRIORITY
518.0,small_family,0.0,6.5,0.0,6.5,0.0,6.5,Winter,PRODUCE_PRIORITY
519.0,apartment,0.0,3.6399999999999997,0.0,3.6399999999999997,0.0,3.6399999999999997,Winter,PRODUCE_PRIORITY
519.0,family_house,0.0,10.08,0.0,10.08,0.0,10.08,Winter,PRODUCE_PRIORITY
519.0,luxury_house,0.0,18.0,0.0,18.0,0.0,18.0,Winter,PRODUCE_PRIORITY
519.0,small_family,0.0,6.5,0.0,6.5,0.0,6.5,Winter,PRODUCE_PRIORITY
520.0,apartment,0.0,3.6399999999999997,0.0,3.6399999999999997,0.0,3.6399999999999997,Winter,PRODUCE_PRIORITY
520.0,family_house,0.0,10.08,0.0,10.08,0.0,10.08,Winter,PRODUCE_PRIORITY
520.0,luxury_house,0.0,18.0,0.0,18.0,0.0,18.0,Winter,PRODUCE_PRIORITY
520.0,small_family,0.0,6.5,0.0,6.5,0.0,6.5,Winter,PRODUCE_PRIORITY
521.0,apartment,0.0,3.6399999999999997,0.0,3.6399999999999997,0.0,3.6399999999999997,Winter,PRODUCE_PRIORITY
521.0,family_house,0.0,10.08,0.0,10.08,0.0,10.08,Winter,PRODUCE_PRIORITY
521.0,luxury_house,0.0,18.0,0.0,18.0,0.0,18.0,Winter,PRODUCE_PRIORITY
521.0,small_family,0.0,6.5,0.0,6.5,0.0,6.5,Winter,PRODUCE_PRIORITY
522.0,apartment,0.0,18.36376890386119,0.0,18.36376890386119,0.0,18.36376890386119,Winter,PRODUCE_PRIORITY
522.0,family_house,0.0,29.946491239404004,0.0,29.946491239404004,0.0,29.946491239404004,Winter,PRODUCE_PRIORITY
522.0,luxury_house,0.0,34.22821260447347,0.0,34.22821260447347,0.0,34.22821260447347,Winter,PRODUCE_PRIORITY
522.0,small_family,0.0,25.052220483324483,0.0,25.052220483324483,0.0,25.052220483324483,Winter,PRODUCE_PRIORITY
523.0,apartment,0.0,25.69709844916608,0.0,25.69709844916608,0.0,25.69709844916608,Winter,PRODUCE_PRIORITY
523.0,family_house,0.0,32.56813835783282,0.0,32.56813835783282,0.0,32.56813835783282,Winter,PRODUCE_PRIORITY
523.0,luxury_house,0.0,37.87726561979606,0.0,37.87726561979606,0.0,37.87726561979606,Winter,PRODUCE_PRIORITY
523.0,small_family,0.0,26.247767846905724,0.0,26.247767846905724,0.0,26.247767846905724,Winter,PRODUCE_PRIORITY
524.0,apartment,0.0,18.862852415107678,0.0,18.862852415107678,0.0,18.862852415107678,Winter,PRODUCE_PRIORITY
524.0,family_house,0.0,33.62564124756205,0.0,33.62564124756205,0.0,33.62564124756205,Winter,PRODUCE_PRIORITY
524.0,luxury_house,0.0,27.45382996001604,0.0,27.45382996001604,0.0,27.45382996001604,Winter,PRODUCE_PRIORITY
524.0,small_family,0.0,29.54779931993265,0.0,29.54779931993265,0.0,29.54779931993265,Winter,PRODUCE_PRIORITY
525.0,apartment,0.0,23.490002177556157,0.0,23.490002177556157,0.0,23.490002177556157,Winter,PRODUCE_PRIORITY
525.0,family_house,0.0,28.37589158156273,0.0,28.37589158156273,0.0,28.37589158156273,Winter,PRODUCE_PRIORITY
525.0,luxury_house,0.0,37.00480803877129,0.0,37.00480803877129,0.0,37.00480803877129,Winter,PRODUCE_PRIORITY
525.0,small_family,0.0,23.2932523139337,0.0,23.2932523139337,0.0,23.2932523139337,Winter,PRODUCE_PRIORITY
526.0,apartment,0.0,3.6399999999999997,0.0,3.6399999999999997,0.0,3.6399999999999997,Winter,PRODUCE_PRIORITY
526.0,family_house,0.0,10.08,0.0,10.08,0.0,10.08,Winter,PRODUCE_PRIORITY
526.0,luxury_house,0.0,18.0,0.0,18.0,0.0,18.0,Winter,PRODUCE_PRIORITY
526.0,small_family,0.0,6.5,0.0,6.5,0.0,6.5,Winter,PRODUCE_PRIORITY
527.0,apartment,0.0,3.6399999999999997,0.0,3.6399999999999997,0.0,3.6399999999999997,Winter,PRODUCE_PRIORITY
527.0,family_house,0.0,10.08,0.0,10.08,0.0,10.08,Winter,PRODUCE_PRIORITY
527.0,luxury_house,0.0,18.0,0.0,18.0,0.0,18.0,Winter,PRODUCE_PRIORITY
527.0,small_family,0.0,6.5,0.0,6.5,0.0,6.5,Winter,PRODUCE_PRIORITY
528.0,apartment,0.0,3.6399999999999997,0.0,3.6399999999999997,0.0,3.6399999999999997,Winter,PRODUCE_PRIORITY
528.0,family_house,0.0,10.08,0.0,10.08,0.0,10.08,Winter,PRODUCE_PRIORITY
528.0,luxury_house,0.0,18.0,0.0,18.0,0.0,18.0,Winter,PRODUCE_PRIORITY
528.0,small_family,0.0,6.5,0.0,6.5,0.0,6.5,Winter,PRODUCE_PRIORITY
529.0,apartment,6.302098473451217,3.6399999999999997,0.0,3.6399999999999997,6.302098473451217,-2.6620984734512168,Winter,PRODUCE_PRIORITY
529.0,family_house,8.469048971638216,10.08,0.0,10.08,8.469048971638216,1.6109510283617832,Winter,PRODUCE_PRIORITY
529.0,luxury_house,13.868752542475569,18.0,0.0,18.0,13.868752542475569,4.131247457524431,Winter,PRODUCE_PRIORITY
529.0,small_family,9.332592498107632,6.5,0.0,6.5,9.332592498107632,-2.8325924981076316,Winter,PRODUCE_PRIORITY
530.0,apartment,12.174719350646884,3.6399999999999997,0.0,3.6399999999999997,12.174719350646884,-8.534719350646885,Winter,PRODUCE_PRIORITY
530.0,family_house,16.360946251624455,10.08,0.0,10.08,16.360946251624455,-6.2809462516244565,Winter,PRODUCE_PRIORITY
530.0,luxury_house,26.792372518378663,18.0,0.0,18.0,26.792372518378663,-8.792372518378661,Winter,PRODUCE_PRIORITY
530.0,small_family,18.029184240307547,6.5,0.0,6.5,18.029184240307547,-11.529184240307545,Winter,PRODUCE_PRIORITY
531.0,apartment,17.217653223770988,3.6399999999999997,0.0,3.6399999999999997,17.217653223770988,-13.577653223770987,Winter,PRODUCE_PRIORITY
531.0,family_house,23.137872082304565,10.08,0.0,10.08,23.137872082304565,-13.057872082304565,Winter,PRODUCE_PRIORITY
531.0,luxury_house,36.39375831015739,18.0,0.0,18.0,36.39375831015739,-18.393758310157384,Winter,PRODUCE_PRIORITY
531.0,small_family,25.497116871166206,6.5,0.0,6.5,25.497116871166206,-18.997116871166206,Winter,PRODUCE_PRIORITY
532.0,apartment,21.087232483212375,3.6399999999999997,0.0,3.6399999999999997,21.087232483212375,-17.447232483212375,Winter,PRODUCE_PRIORITY
532.0,family_house,27.612534811761922,10.08,0.0,10.08,27.612534811761922,-17.532534811761924,Winter,PRODUCE_PRIORITY
532.0,luxury_house,39.95360805049656,18.0,0.0,18.0,39.95360805049656,-21.953608050496562,Winter,PRODUCE_PRIORITY
532.0,small_family,31.227463123232763,6.5,0.0,6.5,31.227463123232763,-24.727463123232763,Winter,PRODUCE_PRIORITY
533.0,apartment,23.5197516972222,3.6399999999999997,0.0,3.6399999999999997,23.5197516972222,-19.879751697222204,Winter,PRODUCE_PRIORITY
533.0,family_house,29.858618576758197,10.08,0.0,10.08,29.858618576758197,-19.7786185767582,Winter,PRODUCE_PRIORITY
533.0,luxury_house,40.818955698249425,18.0,0.0,18.0,40.818955698249425,-22.81895569824942,Winter,PRODUCE_PRIORITY
533.0,small_family,34.63899740453375,6.5,0.0,6.5,34.63899740453375,-28.138997404533743,Winter,PRODUCE_PRIORITY
534.0,apartment,24.34943870129377,3.6399999999999997,0.0,3.6399999999999997,24.34943870129377,-20.70943870129377,Winter,PRODUCE_PRIORITY
534.0,family_house,30.425060201371576,10.08,0.0,10.08,30.425060201371576,-20.345060201371574,Winter,PRODUCE_PRIORITY
534.0,luxury_house,40.98895004884907,18.0,0.0,18.0,40.98895004884907,-22.988950048849066,Winter,PRODUCE_PRIORITY
534.0,small_family,35.71982420456015,6.5,0.0,6.5,35.71982420456015,-29.219824204560148,Winter,PRODUCE_PRIORITY
535.0,apartment,23.519751697222205,3.6399999999999997,0.0,3.6399999999999997,23.519751697222205,-19.879751697222204,Winter,PRODUCE_PRIORITY
535.0,family_house,29.858618576758197,10.08,0.0,10.08,29.858618576758197,-19.7786185767582,Winter,PRODUCE_PRIORITY
535.0,luxury_house,40.818955698249425,18.0,0.0,18.0,40.818955698249425,-22.81895569824942,Winter,PRODUCE_PRIORITY
535.0,small_family,34.638997404533754,6.5,0.0,6.5,34.638997404533754,-28.13899740453375,Winter,PRODUCE_PRIORITY
536.0,apartment,21.087232483212375,3.6399999999999997,0.0,3.6399999999999997,21.087232483212375,-17.447232483212375,Winter,PRODUCE_PRIORITY
536.0,family_house,27.612534811761925,10.08,0.0,10.08,27.612534811761925,-17.532534811761927,Winter,PRODUCE_PRIORITY
536.0,luxury_house,39.95360805049656,18.0,0.0,18.0,39.95360805049656,-21.953608050496562,Winter,PRODUCE_PRIORITY
536.0,small_family,31.227463123232766,6.5,0.0,6.5,31.227463123232766,-24.727463123232766,Winter,PRODUCE_PRIORITY
537.0,apartment,17.217653223770988,3.6399999999999997,0.0,3.6399999999999997,17.217653223770988,-13.577653223770987,Winter,PRODUCE_PRIORITY
537.0,family_house,23.137872082304565,10.08,0.0,10.08,23.137872082304565,-13.057872082304565,Winter,PRODUCE_PRIORITY
537.0,luxury_house,36.39375831015739,18.0,0.0,18.0,36.39375831015739,-18.393758310157384,Winter,PRODUCE_PRIORITY
537.0,small_family,25.497116871166206,6.5,0.0,6.5,25.497116871166206,-18.997116871166206,Winter,PRODUCE_PRIORITY
538.0,apartment,12.174719350646892,3.6399999999999997,0.0,3.6399999999999997,12.174719350646892,-8.534719350646892,Winter,PRODUCE_PRIORITY
538.0,family_house,16.36094625162447,10.08,0.0,10.08,16.36094625162447,-6.280946251624471,Winter,PRODUCE_PRIORITY
538.0,luxury_house,26.004990944539074,18.0,0.0,18.0,26.004990944539074,-8.004990944539076,Winter,PRODUCE_PRIORITY
538.0,small_family,18.02918424030756,6.5,0.0,6.5,18.02918424030756,-11.52918424030756,Winter,PRODUCE_PRIORITY
539.0,apartment,6.302098473451224,3.6399999999999997,0.0,3.6399999999999997,6.302098473451224,-2.6620984734512243,Winter,PRODUCE_PRIORITY
539.0,family_house,8.469048971638227,10.08,0.0,10.08,8.469048971638227,1.610951028361773,Winter,PRODUCE_PRIORITY
539.0,luxury_house,13.461173848330612,18.0,0.0,18.0,13.461173848330612,4.538826151669389,Winter,PRODUCE_PRIORITY
539.0,small_family,9.332592498107642,6.5,0.0,6.5,9.332592498107642,-2.832592498107642,Winter,PRODUCE_PRIORITY
540.0,apartment,2.98194621665741e-15,3.6399999999999997,0.0,3.6399999999999997,2.98194621665741e-15,3.6399999999999966,Winter,PRODUCE_PRIORITY
540.0,family_house,4.007276091614756e-15,10.08,0.0,10.08,4.007276091614756e-15,10.079999999999995,Winter,PRODUCE_PRIORITY
540.0,luxury_house,6.369385784417133e-15,18.0,0.0,18.0,6.369385784417133e-15,17.999999999999993,Winter,PRODUCE_PRIORITY
540.0,small_family,4.415876554226109e-15,6.5,0.0,6.5,4.415876554226109e-15,6.499999999999996,Winter,PRODUCE_PRIORITY
541.0,apartment,0.0,3.6399999999999997,0.0,3.6399999999999997,0.0,3.6399999999999997,Winter,PRODUCE_PRIORITY
541.0,family_house,0.0,10.08,0.0,10.08,0.0,10.08,Winter,PRODUCE_PRIORITY
541.0,luxury_house,0.0,18.0,0.0,18.0,0.0,18.0,Winter,PRODUCE_PRIORITY
541.0,small_family,0.0,6.5,0.0,6.5,0.0,6.5,Winter,PRODUCE_PRIORITY
542.0,apartment,0.0,3.6399999999999997,0.0,3.6399999999999997,0.0,3.6399999999999997,Winter,PRODUCE_PRIORITY
542.0,family_house,0.0,10.08,0.0,10.08,0.0,10.08,Winter,PRODUCE_PRIORITY
542.0,luxury_house,0.0,18.0,0.0,18.0,0.0,18.0,Winter,PRODUCE_PRIORITY
542.0,small_family,0.0,6.5,0.0,6.5,0.0,6.5,Winter,PRODUCE_PRIORITY
543.0,apartment,0.0,3.6399999999999997,0.0,3.6399999999999997,0.0,3.6399999999999997,Winter,PRODUCE_PRIORITY
543.0,family_house,0.0,10.08,0.0,10.08,0.0,10.08,Winter,PRODUCE_PRIORITY
543.0,luxury_house,0.0,18.0,0.0,18.0,0.0,18.0,Winter,PRODUCE_PRIORITY
543.0,small_family,0.0,6.5,0.0,6.5,0.0,6.5,Winter,PRODUCE_PRIORITY
544.0,apartment,0.0,3.6399999999999997,0.0,3.6399999999999997,0.0,3.6399999999999997,Winter,PRODUCE_PRIORITY
544.0,family_house,0.0,10.08,0.0,10.08,0.0,10.08,Winter,PRODUCE_PRIORITY
544.0,luxury_house,0.0,18.0,0.0,18.0,0.0,18.0,Winter,PRODUCE_PRIORITY
544.0,small_family,0.0,6.5,0.0,6.5,0.0,6.5,Winter,PRODUCE_PRIORITY
545.0,apartment,0.0,3.6399999999999997,0.0,3.6399999999999997,0.0,3.6399999999999997,Winter,PRODUCE_PRIORITY
545.0,family_house,0.0,10.08,0.0,10.08,0.0,10.08,Winter,PRODUCE_PRIORITY
545.0,luxury_house,0.0,18.0,0.0,18.0,0.0,18.0,Winter,PRODUCE_PRIORITY
545.0,small_family,0.0,6.5,0.0,6.5,0.0,6.5,Winter,PRODUCE_PRIORITY
546.0,apartment,0.0,26.126226648732548,0.0,26.126226648732548,0.0,26.126226648732548,Winter,PRODUCE_PRIORITY
546.0,family_house,0.0,27.23124955249701,0.0,27.23124955249701,0.0,27.23124955249701,Winter,PRODUCE_PRIORITY
546.0,luxury_house,0.0,30.237307961953626,0.0,30.237307961953626,0.0,30.237307961953626,Winter,PRODUCE_PRIORITY
546.0,small_family,0.0,24.226093779343163,0.0,24.226093779343163,0.0,24.226093779343163,Winter,PRODUCE_PRIORITY
547.0,apartment,0.0,19.84320896566479,0.0,19.84320896566479,0.0,19.84320896566479,Winter,PRODUCE_PRIORITY
547.0,family_house,0.0,28.105329498687556,0.0,28.105329498687556,0.0,28.105329498687556,Winter,PRODUCE_PRIORITY
547.0,luxury_house,0.0,35.58205522187065,0.0,35.58205522187065,0.0,35.58205522187065,Winter,PRODUCE_PRIORITY
547.0,small_family,0.0,24.72720463026298,0.0,24.72720463026298,0.0,24.72720463026298,Winter,PRODUCE_PRIORITY
548.0,apartment,0.0,21.411769467188137,0.0,21.411769467188137,0.0,21.411769467188137,Winter,PRODUCE_PRIORITY
548.0,family_house,0.0,26.787381342812104,0.0,26.787381342812104,0.0,26.787381342812104,Winter,PRODUCE_PRIORITY
548.0,luxury_house,0.0,32.32721636678522,0.0,32.32721636678522,0.0,32.32721636678522,Winter,PRODUCE_PRIORITY
548.0,small_family,0.0,20.850863228132678,0.0,20.850863228132678,0.0,20.850863228132678,Winter,PRODUCE_PRIORITY
549.0,apartment,0.0,18.162272837543874,0.0,18.162272837543874,0.0,18.162272837543874,Winter,PRODUCE_PRIORITY
549.0,family_house,0.0,26.210778085335647,0.0,26.210778085335647,0.0,26.210778085335647,Winter,PRODUCE_PRIORITY
549.0,luxury_house,0.0,31.47083505222027,0.0,31.47083505222027,0.0,31.47083505222027,Winter,PRODUCE_PRIORITY
549.0,small_family,0.0,22.271921708138564,0.0,22.271921708138564,0.0,22.271921708138564,Winter,PRODUCE_PRIORITY
550.0,apartment,0.0,3.6399999999999997,0.0,3.6399999999999997,0.0,3.6399999999999997,Winter,PRODUCE_PRIORITY
550.0,family_house,0.0,10.08,0.0,10.08,0.0,10.08,Winter,PRODUCE_PRIORITY
550.0,luxury_house,0.0,18.0,0.0,18.0,0.0,18.0,Winter,PRODUCE_PRIORITY
550.0,small_family,0.0,6.5,0.0,6.5,0.0,6.5,Winter,PRODUCE_PRIORITY
551.0,apartment,0.0,3.6399999999999997,0.0,3.6399999999999997,0.0,3.6399999999999997,Winter,PRODUCE_PRIORITY
551.0,family_house,0.0,10.08,0.0,10.08,0.0,10.08,Winter,PRODUCE_PRIORITY
551.0,luxury_house,0.0,18.0,0.0,18.0,0.0,18.0,Winter,PRODUCE_PRIORITY
551.0,small_family,0.0,6.5,0.0,6.5,0.0,6.5,Winter,PRODUCE_PRIORITY
552.0,apartment,0.0,3.6399999999999997,0.0,3.6399999999999997,0.0,3.6399999999999997,Winter,PRODUCE_PRIORITY
552.0,family_house,0.0,10.08,0.0,10.08,0.0,10.08,Winter,PRODUCE_PRIORITY
552.0,luxury_house,0.0,18.0,0.0,18.0,0.0,18.0,Winter,PRODUCE_PRIORITY
552.0,small_family,0.0,6.5,0.0,6.5,0.0,6.5,Winter,PRODUCE_PRIORITY
553.0,apartment,5.879903840074817,3.6399999999999997,0.0,3.6399999999999997,5.879903840074817,-2.2399038400748177,Winter,PRODUCE_PRIORITY
553.0,family_house,11.707103643336545,10.08,0.0,10.08,11.707103643336545,-1.6271036433365462,Winter,PRODUCE_PRIORITY
553.0,luxury_house,12.016664125973382,18.0,0.0,18.0,12.016664125973382,5.9833358740266185,Winter,PRODUCE_PRIORITY
553.0,small_family,7.4023272167186995,6.5,0.0,6.5,7.4023272167186995,-0.9023272167186994,Winter,PRODUCE_PRIORITY
554.0,apartment,11.359101950449066,3.6399999999999997,0.0,3.6399999999999997,11.359101950449066,-7.719101950449066,Winter,PRODUCE_PRIORITY
554.0,family_house,22.616387520283226,10.08,0.0,10.08,22.616387520283226,-12.53638752028323,Winter,PRODUCE_PRIORITY
554.0,luxury_house,23.214412450238086,18.0,0.0,18.0,23.214412450238086,-5.214412450238086,Winter,PRODUCE_PRIORITY
554.0,small_family,14.300198066542137,6.5,0.0,6.5,14.300198066542137,-7.800198066542136,Winter,PRODUCE_PRIORITY
555.0,apartment,16.064196034703752,3.6399999999999997,0.0,3.6399999999999997,16.064196034703752,-12.424196034703751,Winter,PRODUCE_PRIORITY
555.0,family_house,31.984401963070162,10.08,0.0,10.08,31.984401963070162,-21.904401963070164,Winter,PRODUCE_PRIORITY
555.0,luxury_house,32.241703021722785,18.0,0.0,18.0,32.241703021722785,-14.241703021722786,Winter,PRODUCE_PRIORITY
555.0,small_family,20.22353405032541,6.5,0.0,6.5,20.22353405032541,-13.723534050325407,Winter,PRODUCE_PRIORITY
556.0,apartment,19.67454170653252,3.6399999999999997,0.0,3.6399999999999997,19.67454170653252,-16.03454170653252,Winter,PRODUCE_PRIORITY
556.0,family_house,37.24375583067113,10.08,0.0,10.08,37.24375583067113,-27.163755830671125,Winter,PRODUCE_PRIORITY
556.0,luxury_house,35.34309668214278,18.0,0.0,18.0,35.34309668214278,-17.34309668214278,Winter,PRODUCE_PRIORITY
556.0,small_family,24.768669609549207,6.5,0.0,6.5,24.768669609549207,-18.268669609549207,Winter,PRODUCE_PRIORITY
557.0,apartment,21.944099874778566,3.6399999999999997,0.0,3.6399999999999997,21.944099874778566,-18.304099874778565,Winter,PRODUCE_PRIORITY
557.0,family_house,39.694330806642014,10.08,0.0,10.08,39.694330806642014,-29.61433080664202,Winter,PRODUCE_PRIORITY
557.0,luxury_house,36.19016012604725,18.0,0.0,18.0,36.19016012604725,-18.19016012604725,Winter,PRODUCE_PRIORITY
557.0,small_family,27.53165863350998,6.5,0.0,6.5,27.53165863350998,-21.03165863350998,Winter,PRODUCE_PRIORITY
558.0,apartment,22.718203900898136,3.6399999999999997,0.0,3.6399999999999997,22.718203900898136,-19.07820390089814,Winter,PRODUCE_PRIORITY
558.0,family_house,40.500831611097105,10.08,0.0,10.08,40.500831611097105,-30.420831611097107,Winter,PRODUCE_PRIORITY
558.0,luxury_house,36.47907769224116,18.0,0.0,18.0,36.47907769224116,-18.479077692241162,Winter,PRODUCE_PRIORITY
558.0,small_family,28.36176566881417,6.5,0.0,6.5,28.36176566881417,-21.86176566881417,Winter,PRODUCE_PRIORITY
559.0,apartment,21.94409987477857,3.6399999999999997,0.0,3.6399999999999997,21.94409987477857,-18.30409987477857,Winter,PRODUCE_PRIORITY
559.0,family_house,39.694330806642014,10.08,0.0,10.08,39.694330806642014,-29.61433080664202,Winter,PRODUCE_PRIORITY
559.0,luxury_house,36.19016012604725,18.0,0.0,18.0,36.19016012604725,-18.19016012604725,Winter,PRODUCE_PRIORITY
559.0,small_family,27.531658633509984,6.5,0.0,6.5,27.531658633509984,-21.031658633509984,Winter,PRODUCE_PRIORITY
560.0,apartment,19.67454170653252,3.6399999999999997,0.0,3.6399999999999997,19.67454170653252,-16.03454170653252,Winter,PRODUCE_PRIORITY
560.0,family_house,37.24375583067113,10.08,0.0,10.08,37.24375583067113,-27.16375583067113,Winter,PRODUCE_PRIORITY
560.0,luxury_house,35.34309668214278,18.0,0.0,18.0,35.34309668214278,-17.34309668214278,Winter,PRODUCE_PRIORITY
560.0,small_family,24.76866960954921,6.5,0.0,6.5,24.76866960954921,-18.26866960954921,Winter,PRODUCE_PRIORITY
561.0,apartment,16.064196034703752,3.6399999999999997,0.0,3.6399999999999997,16.064196034703752,-12.424196034703751,Winter,PRODUCE_PRIORITY
561.0,family_house,31.984401963070162,10.08,0.0,10.08,31.984401963070162,-21.904401963070164,Winter,PRODUCE_PRIORITY
561.0,luxury_house,32.241703021722785,18.0,0.0,18.0,32.241703021722785,-14.241703021722786,Winter,PRODUCE_PRIORITY
561.0,small_family,20.22353405032541,6.5,0.0,6.5,20.22353405032541,-13.723534050325407,Winter,PRODUCE_PRIORITY
562.0,apartment,11.359101950449075,3.6399999999999997,0.0,3.6399999999999997,11.359101950449075,-7.719101950449074,Winter,PRODUCE_PRIORITY
562.0,family_house,22.616387520283247,10.08,0.0,10.08,22.616387520283247,-12.536387520283247,Winter,PRODUCE_PRIORITY
562.0,luxury_house,23.214412450238104,18.0,0.0,18.0,23.214412450238104,-5.214412450238104,Winter,PRODUCE_PRIORITY
562.0,small_family,14.300198066542148,6.5,0.0,6.5,14.300198066542148,-7.800198066542147,Winter,PRODUCE_PRIORITY
563.0,apartment,5.8799038400748245,3.6399999999999997,0.0,3.6399999999999997,5.8799038400748245,-2.2399038400748243,Winter,PRODUCE_PRIORITY
563.0,family_house,11.70710364333656,10.08,0.0,10.08,11.70710364333656,-1.6271036433365589,Winter,PRODUCE_PRIORITY
563.0,luxury_house,12.016664125973394,18.0,0.0,18.0,12.016664125973394,5.983335874026605,Winter,PRODUCE_PRIORITY
563.0,small_family,7.402327216718708,6.5,0.0,6.5,7.402327216718708,-0.9023272167187082,Winter,PRODUCE_PRIORITY
564.0,apartment,2.7821775689611812e-15,3.6399999999999997,0.0,3.6399999999999997,2.7821775689611812e-15,3.639999999999997,Winter,PRODUCE_PRIORITY
564.0,family_house,5.539417316998201e-15,10.08,0.0,10.08,5.539417316998201e-15,10.079999999999995,Winter,PRODUCE_PRIORITY
564.0,luxury_house,5.685891180254108e-15,18.0,0.0,18.0,5.685891180254108e-15,17.999999999999993,Winter,PRODUCE_PRIORITY
564.0,small_family,3.5025383578728e-15,6.5,0.0,6.5,3.5025383578728e-15,6.4999999999999964,Winter,PRODUCE_PRIORITY
565.0,apartment,0.0,3.6399999999999997,0.0,3.6399999999999997,0.0,3.6399999999999997,Winter,PRODUCE_PRIORITY
565.0,family_house,0.0,10.08,0.0,10.08,0.0,10.08,Winter,PRODUCE_PRIORITY
565.0,luxury_house,0.0,18.0,0.0,18.0,0.0,18.0,Winter,PRODUCE_PRIORITY
565.0,small_family,0.0,6.5,0.0,6.5,0.0,6.5,Winter,PRODUCE_PRIORITY
566.0,apartment,0.0,3.6399999999999997,0.0,3.6399999999999997,0.0,3.6399999999999997,Winter,PRODUCE_PRIORITY
566.0,family_house,0.0,10.08,0.0,10.08,0.0,10.08,Winter,PRODUCE_PRIORITY
566.0,luxury_house,0.0,18.0,0.0,18.0,0.0,18.0,Winter,PRODUCE_PRIORITY
566.0,small_family,0.0,6.5,0.0,6.5,0.0,6.5,Winter,PRODUCE_PRIORITY
567.0,apartment,0.0,3.6399999999999997,0.0,3.6399999999999997,0.0,3.6399999999999997,Winter,PRODUCE_PRIORITY
567.0,family_house,0.0,10.08,0.0,10.08,0.0,10.08,Winter,PRODUCE_PRIORITY
567.0,luxury_house,0.0,18.0,0.0,18.0,0.0,18.0,Winter,PRODUCE_PRIORITY
567.0,small_family,0.0,6.5,0.0,6.5,0.0,6.5,Winter,PRODUCE_PRIORITY
568.0,apartment,0.0,3.6399999999999997,0.0,3.6399999999999997,0.0,3.6399999999999997,Winter,PRODUCE_PRIORITY
568.0,family_house,0.0,10.08,0.0,10.08,0.0,10.08,Winter,PRODUCE_PRIORITY
568.0,luxury_house,0.0,18.0,0.0,18.0,0.0,18.0,Winter,PRODUCE_PRIORITY
568.0,small_family,0.0,6.5,0.0,6.5,0.0,6.5,Winter,PRODUCE_PRIORITY
569.0,apartment,0.0,3.6399999999999997,0.0,3.6399999999999997,0.0,3.6399999999999997,Winter,PRODUCE_PRIORITY
569.0,family_house,0.0,10.08,0.0,10.08,0.0,10.08,Winter,PRODUCE_PRIORITY
569.0,luxury_house,0.0,18.0,0.0,18.0,0.0,18.0,Winter,PRODUCE_PRIORITY
569.0,small_family,0.0,6.5,0.0,6.5,0.0,6.5,Winter,PRODUCE_PRIORITY
570.0,apartment,0.0,21.978693586395938,0.0,21.978693586395938,0.0,21.978693586395938,Winter,PRODUCE_PRIORITY
570.0,family_house,0.0,27.049686878416008,0.0,27.049686878416008,0.0,27.049686878416008,Winter,PRODUCE_PRIORITY
570.0,luxury_house,0.0,35.802017683867696,0.0,35.802017683867696,0.0,35.802017683867696,Winter,PRODUCE_PRIORITY
570.0,small_family,0.0,30.742089688484345,0.0,30.742089688484345,0.0,30.742089688484345,Winter,PRODUCE_PRIORITY
571.0,apartment,0.0,25.82850278449299,0.0,25.82850278449299,0.0,25.82850278449299,Winter,PRODUCE_PRIORITY
571.0,family_house,0.0,29.058901402634255,0.0,29.058901402634255,0.0,29.058901402634255,Winter,PRODUCE_PRIORITY
571.0,luxury_house,0.0,38.587687200316,0.0,38.587687200316,0.0,38.587687200316,Winter,PRODUCE_PRIORITY
571.0,small_family,0.0,20.80400646048871,0.0,20.80400646048871,0.0,20.80400646048871,Winter,PRODUCE_PRIORITY
572.0,apartment,0.0,25.43350304081019,0.0,25.43350304081019,0.0,25.43350304081019,Winter,PRODUCE_PRIORITY
572.0,family_house,0.0,24.938497411078416,0.0,24.938497411078416,0.0,24.938497411078416,Winter,PRODUCE_PRIORITY
572.0,luxury_house,0.0,35.08434768458545,0.0,35.08434768458545,0.0,35.08434768458545,Winter,PRODUCE_PRIORITY
572.0,small_family,0.0,26.520933549151835,0.0,26.520933549151835,0.0,26.520933549151835,Winter,PRODUCE_PRIORITY
573.0,apartment,0.0,23.95110058848444,0.0,23.95110058848444,0.0,23.95110058848444,Winter,PRODUCE_PRIORITY
573.0,family_house,0.0,28.0797325730135,0.0,28.0797325730135,0.0,28.0797325730135,Winter,PRODUCE_PRIORITY
573.0,luxury_house,0.0,34.14285802335474,0.0,34.14285802335474,0.0,34.14285802335474,Winter,PRODUCE_PRIORITY
573.0,small_family,0.0,25.20991103009495,0.0,25.20991103009495,0.0,25.20991103009495,Winter,PRODUCE_PRIORITY
574.0,apartment,0.0,3.6399999999999997,0.0,3.6399999999999997,0.0,3.6399999999999997,Winter,PRODUCE_PRIORITY
574.0,family_house,0.0,10.08,0.0,10.08,0.0,10.08,Winter,PRODUCE_PRIORITY
574.0,luxury_house,0.0,18.0,0.0,18.0,0.0,18.0,Winter,PRODUCE_PRIORITY
574.0,small_family,0.0,6.5,0.0,6.5,0.0,6.5,Winter,PRODUCE_PRIORITY
575.0,apartment,0.0,3.6399999999999997,0.0,3.6399999999999997,0.0,3.6399999999999997,Winter,PRODUCE_PRIORITY
575.0,family_house,0.0,10.08,0.0,10.08,0.0,10.08,Winter,PRODUCE_PRIORITY
575.0,luxury_house,0.0,18.0,0.0,18.0,0.0,18.0,Winter,PRODUCE_PRIORITY
575.0,small_family,0.0,6.5,0.0,6.5,0.0,6.5,Winter,PRODUCE_PRIORITY
576.0,apartment,0.0,3.6399999999999997,0.0,3.6399999999999997,0.0,3.6399999999999997,Winter,PRODUCE_PRIORITY
576.0,family_house,0.0,10.08,0.0,10.08,0.0,10.08,Winter,PRODUCE_PRIORITY
576.0,luxury_house,0.0,18.0,0.0,18.0,0.0,18.0,Winter,PRODUCE_PRIORITY
576.0,small_family,0.0,6.5,0.0,6.5,0.0,6.5,Winter,PRODUCE_PRIORITY
577.0,apartment,6.451540175541356,3.6399999999999997,0.0,3.6399999999999997,6.451540175541356,-2.811540175541357,Winter,PRODUCE_PRIORITY
577.0,family_house,10.352996270713312,10.08,0.0,10.08,10.352996270713312,-0.27299627071331367,Winter,PRODUCE_PRIORITY
577.0,luxury_house,11.236562520210079,18.0,0.0,18.0,11.236562520210079,6.763437479789922,Winter,PRODUCE_PRIORITY
577.0,small_family,8.192364818318698,6.5,0.0,6.5,8.192364818318698,-1.6923648183186981,Winter,PRODUCE_PRIORITY
578.0,apartment,12.46341854979381,3.6399999999999997,0.0,3.6399999999999997,12.46341854979381,-8.82341854979381,Winter,PRODUCE_PRIORITY
578.0,family_house,20.0004529547128,10.08,0.0,10.08,20.0004529547128,-9.920452954712799,Winter,PRODUCE_PRIORITY
578.0,luxury_house,21.70737187396539,18.0,0.0,18.0,21.70737187396539,-3.7073718739653887,Winter,PRODUCE_PRIORITY
578.0,small_family,15.826433512791962,6.5,0.0,6.5,15.826433512791962,-9.32643351279196,Winter,PRODUCE_PRIORITY
579.0,apartment,17.625935546650823,3.6399999999999997,0.0,3.6399999999999997,17.625935546650823,-13.985935546650822,Winter,PRODUCE_PRIORITY
579.0,family_house,28.284911822159888,10.08,0.0,10.08,28.284911822159888,-18.20491182215989,Winter,PRODUCE_PRIORITY
579.0,luxury_house,29.406687311611485,18.0,0.0,18.0,29.406687311611485,-11.406687311611483,Winter,PRODUCE_PRIORITY
579.0,small_family,22.38195691778646,6.5,0.0,6.5,22.38195691778646,-15.881956917786463,Winter,PRODUCE_PRIORITY
580.0,apartment,21.587274164239297,3.6399999999999997,0.0,3.6399999999999997,21.587274164239297,-17.9472741642393,Winter,PRODUCE_PRIORITY
580.0,family_house,33.49474876762476,10.08,0.0,10.08,33.49474876762476,-23.414748767624765,Winter,PRODUCE_PRIORITY
580.0,luxury_house,32.93394313462235,18.0,0.0,18.0,32.93394313462235,-14.93394313462235,Winter,PRODUCE_PRIORITY
580.0,small_family,27.41218694676646,6.5,0.0,6.5,27.41218694676646,-20.91218694676646,Winter,PRODUCE_PRIORITY
581.0,apartment,24.077475722192176,3.6399999999999997,0.0,3.6399999999999997,24.077475722192176,-20.437475722192175,Winter,PRODUCE_PRIORITY
581.0,family_house,35.84520357462918,10.08,0.0,10.08,35.84520357462918,-25.76520357462918,Winter,PRODUCE_PRIORITY
581.0,luxury_house,34.64100646561898,18.0,0.0,18.0,34.64100646561898,-16.64100646561898,Winter,PRODUCE_PRIORITY
581.0,small_family,30.323276790149194,6.5,0.0,6.5,30.323276790149194,-23.823276790149194,Winter,PRODUCE_PRIORITY
582.0,apartment,24.926837099587623,3.6399999999999997,0.0,3.6399999999999997,24.926837099587623,-21.286837099587625,Winter,PRODUCE_PRIORITY
582.0,family_house,36.54526655620262,10.08,0.0,10.08,36.54526655620262,-26.465266556202625,Winter,PRODUCE_PRIORITY
582.0,luxury_house,35.133564175409276,18.0,0.0,18.0,35.133564175409276,-17.13356417540928,Winter,PRODUCE_PRIORITY
582.0,small_family,31.110756729542718,6.5,0.0,6.5,31.110756729542718,-24.610756729542718,Winter,PRODUCE_PRIORITY
583.0,apartment,24.07747572219218,3.6399999999999997,0.0,3.6399999999999997,24.07747572219218,-20.43747572219218,Winter,PRODUCE_PRIORITY
583.0,family_house,35.84520357462918,10.08,0.0,10.08,35.84520357462918,-25.76520357462918,Winter,PRODUCE_PRIORITY
583.0,luxury_house,34.64100646561898,18.0,0.0,18.0,34.64100646561898,-16.64100646561898,Winter,PRODUCE_PRIORITY
583.0,small_family,30.323276790149198,6.5,0.0,6.5,30.323276790149198,-23.823276790149198,Winter,PRODUCE_PRIORITY
584.0,apartment,21.587274164239297,3.6399999999999997,0.0,3.6399999999999997,21.587274164239297,-17.9472741642393,Winter,PRODUCE_PRIORITY
584.0,family_house,33.49474876762477,10.08,0.0,10.08,33.49474876762477,-23.41474876762477,Winter,PRODUCE_PRIORITY
584.0,luxury_house,32.93394313462235,18.0,0.0,18.0,32.93394313462235,-14.933943134622353,Winter,PRODUCE_PRIORITY
584.0,small_family,27.412186946766465,6.5,0.0,6.5,27.412186946766465,-20.912186946766465,Winter,PRODUCE_PRIORITY
585.0,apartment,17.625935546650823,3.6399999999999997,0.0,3.6399999999999997,17.625935546650823,-13.985935546650822,Winter,PRODUCE_PRIORITY
585.0,family_house,28.284911822159888,10.08,0.0,10.08,28.284911822159888,-18.20491182215989,Winter,PRODUCE_PRIORITY
585.0,luxury_house,29.406687311611485,18.0,0.0,18.0,29.406687311611485,-11.406687311611483,Winter,PRODUCE_PRIORITY
585.0,small_family,22.38195691778646,6.5,0.0,6.5,22.38195691778646,-15.881956917786463,Winter,PRODUCE_PRIORITY
586.0,apartment,12.463418549793818,3.6399999999999997,0.0,3.6399999999999997,12.463418549793818,-8.823418549793818,Winter,PRODUCE_PRIORITY
586.0,family_house,20.000452954712813,10.08,0.0,10.08,20.000452954712813,-9.920452954712815,Winter,PRODUCE_PRIORITY
586.0,luxury_house,21.707371873965403,18.0,0.0,18.0,21.707371873965403,-3.707371873965405,Winter,PRODUCE_PRIORITY
586.0,small_family,15.826433512791972,6.5,0.0,6.5,15.826433512791972,-9.326433512791972,Winter,PRODUCE_PRIORITY
587.0,apartment,6.451540175541363,3.6399999999999997,0.0,3.6399999999999997,6.451540175541363,-2.811540175541364,Winter,PRODUCE_PRIORITY
587.0,family_house,10.352996270713325,10.08,0.0,10.08,10.352996270713325,-0.27299627071332455,Winter,PRODUCE_PRIORITY
587.0,luxury_house,11.23656252021009,18.0,0.0,18.0,11.23656252021009,6.763437479789911,Winter,PRODUCE_PRIORITY
587.0,small_family,8.192364818318708,6.5,0.0,6.5,8.192364818318708,-1.6923648183187072,Winter,PRODUCE_PRIORITY
588.0,apartment,3.0526571266877473e-15,3.6399999999999997,0.0,3.6399999999999997,3.0526571266877473e-15,3.6399999999999966,Winter,PRODUCE_PRIORITY
588.0,family_house,4.8986981384972516e-15,10.08,0.0,10.08,4.8986981384972516e-15,10.079999999999995,Winter,PRODUCE_PRIORITY
588.0,luxury_house,5.316772696670599e-15,18.0,0.0,18.0,5.316772696670599e-15,17.999999999999993,Winter,PRODUCE_PRIORITY
588.0,small_family,3.876358228671816e-15,6.5,0.0,6.5,3.876358228671816e-15,6.4999999999999964,Winter,PRODUCE_PRIORITY
589.0,apartment,0.0,3.6399999999999997,0.0,3.6399999999999997,0.0,3.6399999999999997,Winter,PRODUCE_PRIORITY
589.0,family_house,0.0,10.08,0.0,10.08,0.0,10.08,Winter,PRODUCE_PRIORITY
589.0,luxury_house,0.0,18.0,0.0,18.0,0.0,18.0,Winter,PRODUCE_PRIORITY
589.0,small_family,0.0,6.5,0.0,6.5,0.0,6.5,Winter,PRODUCE_PRIORITY
590.0,apartment,0.0,3.6399999999999997,0.0,3.6399999999999997,0.0,3.6399999999999997,Winter,PRODUCE_PRIORITY
590.0,family_house,0.0,10.08,0.0,10.08,0.0,10.08,Winter,PRODUCE_PRIORITY
590.0,luxury_house,0.0,18.0,0.0,18.0,0.0,18.0,Winter,PRODUCE_PRIORITY
590.0,small_family,0.0,6.5,0.0,6.5,0.0,6.5,Winter,PRODUCE_PRIORITY
591.0,apartment,0.0,3.6399999999999997,0.0,3.6399999999999997,0.0,3.6399999999999997,Winter,PRODUCE_PRIORITY
591.0,family_house,0.0,10.08,0.0,10.08,0.0,10.08,Winter,PRODUCE_PRIORITY
591.0,luxury_house,0.0,18.0,0.0,18.0,0.0,18.0,Winter,PRODUCE_PRIORITY
591.0,small_family,0.0,6.5,0.0,6.5,0.0,6.5,Winter,PRODUCE_PRIORITY
592.0,apartment,0.0,3.6399999999999997,0.0,3.6399999999999997,0.0,3.6399999999999997,Winter,PRODUCE_PRIORITY
592.0,family_house,0.0,10.08,0.0,10.08,0.0,10.08,Winter,PRODUCE_PRIORITY
592.0,luxury_house,0.0,18.0,0.0,18.0,0.0,18.0,Winter,PRODUCE_PRIORITY
592.0,small_family,0.0,6.5,0.0,6.5,0.0,6.5,Winter,PRODUCE_PRIORITY
593.0,apartment,0.0,3.6399999999999997,0.0,3.6399999999999997,0.0,3.6399999999999997,Winter,PRODUCE_PRIORITY
593.0,family_house,0.0,10.08,0.0,10.08,0.0,10.08,Winter,PRODUCE_PRIORITY
593.0,luxury_house,0.0,18.0,0.0,18.0,0.0,18.0,Winter,PRODUCE_PRIORITY
593.0,small_family,0.0,6.5,0.0,6.5,0.0,6.5,Winter,PRODUCE_PRIORITY
594.0,apartment,0.0,30.085425998311862,0.0,30.085425998311862,0.0,30.085425998311862,Winter,PRODUCE_PRIORITY
594.0,family_house,0.0,25.068162134116204,0.0,25.068162134116204,0.0,25.068162134116204,Winter,PRODUCE_PRIORITY
594.0,luxury_house,0.0,34.14813945756175,0.0,34.14813945756175,0.0,34.14813945756175,Winter,PRODUCE_PRIORITY
594.0,small_family,0.0,23.895606559002,0.0,23.895606559002,0.0,23.895606559002,Winter,PRODUCE_PRIORITY
595.0,apartment,0.0,26.66064532799656,0.0,26.66064532799656,0.0,26.66064532799656,Winter,PRODUCE_PRIORITY
595.0,family_house,0.0,26.821517284086937,0.0,26.821517284086937,0.0,26.821517284086937,Winter,PRODUCE_PRIORITY
595.0,luxury_house,0.0,30.81150324876256,0.0,30.81150324876256,0.0,30.81150324876256,Winter,PRODUCE_PRIORITY
595.0,small_family,0.0,28.770135236542583,0.0,28.770135236542583,0.0,28.770135236542583,Winter,PRODUCE_PRIORITY
596.0,apartment,0.0,25.800875029938318,0.0,25.800875029938318,0.0,25.800875029938318,Winter,PRODUCE_PRIORITY
596.0,family_house,0.0,31.4837453866312,0.0,31.4837453866312,0.0,31.4837453866312,Winter,PRODUCE_PRIORITY
596.0,luxury_house,0.0,39.65496689775838,0.0,39.65496689775838,0.0,39.65496689775838,Winter,PRODUCE_PRIORITY
596.0,small_family,0.0,25.32332199420562,0.0,25.32332199420562,0.0,25.32332199420562,Winter,PRODUCE_PRIORITY
597.0,apartment,0.0,26.239644384319647,0.0,26.239644384319647,0.0,26.239644384319647,Winter,PRODUCE_PRIORITY
597.0,family_house,0.0,25.14995387890277,0.0,25.14995387890277,0.0,25.14995387890277,Winter,PRODUCE_PRIORITY
597.0,luxury_house,0.0,42.196968430613666,0.0,42.196968430613666,0.0,42.196968430613666,Winter,PRODUCE_PRIORITY
597.0,small_family,0.0,26.479030911335506,0.0,26.479030911335506,0.0,26.479030911335506,Winter,PRODUCE_PRIORITY
598.0,apartment,0.0,3.6399999999999997,0.0,3.6399999999999997,0.0,3.6399999999999997,Winter,PRODUCE_PRIORITY
598.0,family_house,0.0,10.08,0.0,10.08,0.0,10.08,Winter,PRODUCE_PRIORITY
598.0,luxury_house,0.0,18.0,0.0,18.0,0.0,18.0,Winter,PRODUCE_PRIORITY
598.0,small_family,0.0,6.5,0.0,6.5,0.0,6.5,Winter,PRODUCE_PRIORITY
599.0,apartment,0.0,3.6399999999999997,0.0,3.6399999999999997,0.0,3.6399999999999997,Winter,PRODUCE_PRIORITY
599.0,family_house,0.0,10.08,0.0,10.08,0.0,10.08,Winter,PRODUCE_PRIORITY
599.0,luxury_house,0.0,18.0,0.0,18.0,0.0,18.0,Winter,PRODUCE_PRIORITY
599.0,small_family,0.0,6.5,0.0,6.5,0.0,6.5,Winter,PRODUCE_PRIORITY
600.0,apartment,0.0,3.6399999999999997,0.0,3.6399999999999997,0.0,3.6399999999999997,Winter,PRODUCE_PRIORITY
600.0,family_house,0.0,10.08,0.0,10.08,0.0,10.08,Winter,PRODUCE_PRIORITY
600.0,luxury_house,0.0,18.0,0.0,18.0,0.0,18.0,Winter,PRODUCE_PRIORITY
600.0,small_family,0.0,6.5,0.0,6.5,0.0,6.5,Winter,PRODUCE_PRIORITY
601.0,apartment,5.839336099740596,3.6399999999999997,0.0,3.6399999999999997,5.839336099740596,-2.199336099740596,Winter,PRODUCE_PRIORITY
601.0,family_house,8.25351355654885,10.08,0.0,10.08,8.25351355654885,1.8264864434511496,Winter,PRODUCE_PRIORITY
601.0,luxury_house,10.013153431195011,18.0,0.0,18.0,10.013153431195011,7.986846568804989,Winter,PRODUCE_PRIORITY
601.0,small_family,10.266677147380621,6.5,0.0,6.5,10.266677147380621,-3.766677147380621,Winter,PRODUCE_PRIORITY
602.0,apartment,11.28073109424304,3.6399999999999997,0.0,3.6399999999999997,11.28073109424304,-7.64073109424304,Winter,PRODUCE_PRIORITY
602.0,family_house,15.94456380379495,10.08,0.0,10.08,15.94456380379495,-5.864563803794949,Winter,PRODUCE_PRIORITY
602.0,luxury_house,19.34392700357252,18.0,0.0,18.0,19.34392700357252,-1.3439270035725195,Winter,PRODUCE_PRIORITY
602.0,small_family,17.679480078950554,6.5,0.0,6.5,17.679480078950554,-11.179480078950553,Winter,PRODUCE_PRIORITY
603.0,apartment,15.953362906962397,3.6399999999999997,0.0,3.6399999999999997,15.953362906962397,-12.313362906962396,Winter,PRODUCE_PRIORITY
603.0,family_house,22.549018377449965,10.08,0.0,10.08,22.549018377449965,-12.469018377449967,Winter,PRODUCE_PRIORITY
603.0,luxury_house,29.521069007415875,18.0,0.0,18.0,29.521069007415875,-11.521069007415877,Winter,PRODUCE_PRIORITY
603.0,small_family,25.002560503356836,6.5,0.0,6.5,25.002560503356836,-18.502560503356836,Winter,PRODUCE_PRIORITY
604.0,apartment,19.538799401751007,3.6399999999999997,0.0,3.6399999999999997,19.538799401751007,-15.898799401751006,Winter,PRODUCE_PRIORITY
604.0,family_house,27.240517332135035,10.08,0.0,10.08,27.240517332135035,-17.160517332135036,Winter,PRODUCE_PRIORITY
604.0,luxury_house,33.61337685748924,18.0,0.0,18.0,33.61337685748924,-15.613376857489241,Winter,PRODUCE_PRIORITY
604.0,small_family,30.621757748144184,6.5,0.0,6.5,30.621757748144184,-24.121757748144184,Winter,PRODUCE_PRIORITY
605.0,apartment,21.79269900670299,3.6399999999999997,0.0,3.6399999999999997,21.79269900670299,-18.15269900670299,Winter,PRODUCE_PRIORITY
605.0,family_house,29.583533326155685,10.08,0.0,10.08,29.583533326155685,-19.503533326155686,Winter,PRODUCE_PRIORITY
605.0,luxury_house,35.751250120853136,18.0,0.0,18.0,35.751250120853136,-17.751250120853136,Winter,PRODUCE_PRIORITY
605.0,small_family,33.83596211950388,6.5,0.0,6.5,33.83596211950388,-27.335962119503883,Winter,PRODUCE_PRIORITY
606.0,apartment,22.561462188486082,3.6399999999999997,0.0,3.6399999999999997,22.561462188486082,-18.921462188486085,Winter,PRODUCE_PRIORITY
606.0,family_house,30.344917941656192,10.08,0.0,10.08,30.344917941656192,-20.264917941656197,Winter,PRODUCE_PRIORITY
606.0,luxury_house,36.3068940618007,18.0,0.0,18.0,36.3068940618007,-18.306894061800698,Winter,PRODUCE_PRIORITY
606.0,small_family,34.61042831161806,6.5,0.0,6.5,34.61042831161806,-28.110428311618058,Winter,PRODUCE_PRIORITY
607.0,apartment,21.792699006702993,3.6399999999999997,0.0,3.6399999999999997,21.792699006702993,-18.152699006702992,Winter,PRODUCE_PRIORITY
607.0,family_house,29.583533326155685,10.08,0.0,10.08,29.583533326155685,-19.503533326155686,Winter,PRODUCE_PRIORITY
607.0,luxury_house,35.751250120853136,18.0,0.0,18.0,35.751250120853136,-17.751250120853136,Winter,PRODUCE_PRIORITY
607.0,small_family,33.83596211950389,6.5,0.0,6.5,33.83596211950389,-27.335962119503886,Winter,PRODUCE_PRIORITY
608.0,apartment,19.538799401751007,3.6399999999999997,0.0,3.6399999999999997,19.538799401751007,-15.898799401751006,Winter,PRODUCE_PRIORITY
608.0,family_house,27.24051733213504,10.08,0.0,10.08,27.24051733213504,-17.16051733213504,Winter,PRODUCE_PRIORITY
608.0,luxury_house,33.61337685748924,18.0,0.0,18.0,33.61337685748924,-15.613376857489245,Winter,PRODUCE_PRIORITY
608.0,small_family,30.62175774814419,6.5,0.0,6.5,30.62175774814419,-24.12175774814419,Winter,PRODUCE_PRIORITY
609.0,apartment,15.953362906962397,3.6399999999999997,0.0,3.6399999999999997,15.953362906962397,-12.313362906962396,Winter,PRODUCE_PRIORITY
609.0,family_house,22.549018377449965,10.08,0.0,10.08,22.549018377449965,-12.469018377449967,Winter,PRODUCE_PRIORITY
609.0,luxury_house,29.521069007415875,18.0,0.0,18.0,29.521069007415875,-11.521069007415877,Winter,PRODUCE_PRIORITY
609.0,small_family,25.002560503356836,6.5,0.0,6.5,25.002560503356836,-18.502560503356836,Winter,PRODUCE_PRIORITY
610.0,apartment,11.280731094243048,3.6399999999999997,0.0,3.6399999999999997,11.280731094243048,-7.640731094243049,Winter,PRODUCE_PRIORITY
610.0,family_house,15.944563803794962,10.08,0.0,10.08,15.944563803794962,-5.864563803794962,Winter,PRODUCE_PRIORITY
610.0,luxury_house,20.99873224982484,18.0,0.0,18.0,20.99873224982484,-2.9987322498248408,Winter,PRODUCE_PRIORITY
610.0,small_family,17.679480078950565,6.5,0.0,6.5,17.679480078950565,-11.179480078950567,Winter,PRODUCE_PRIORITY
611.0,apartment,5.839336099740603,3.6399999999999997,0.0,3.6399999999999997,5.839336099740603,-2.199336099740603,Winter,PRODUCE_PRIORITY
611.0,family_house,8.253513556548858,10.08,0.0,10.08,8.253513556548858,1.8264864434511405,Winter,PRODUCE_PRIORITY
611.0,luxury_house,10.86974365852635,18.0,0.0,18.0,10.86974365852635,7.13025634147365,Winter,PRODUCE_PRIORITY
611.0,small_family,9.151572303886052,6.5,0.0,6.5,9.151572303886052,-2.6515723038860517,Winter,PRODUCE_PRIORITY
612.0,apartment,2.7629822453213517e-15,3.6399999999999997,0.0,3.6399999999999997,2.7629822453213517e-15,3.639999999999997,Winter,PRODUCE_PRIORITY
612.0,family_house,3.905291805223647e-15,10.08,0.0,10.08,3.905291805223647e-15,10.079999999999997,Winter,PRODUCE_PRIORITY
612.0,luxury_house,5.143206047180055e-15,18.0,0.0,18.0,5.143206047180055e-15,17.999999999999996,Winter,PRODUCE_PRIORITY
612.0,small_family,4.330223737855238e-15,6.5,0.0,6.5,4.330223737855238e-15,6.499999999999996,Winter,PRODUCE_PRIORITY
613.0,apartment,0.0,3.6399999999999997,0.0,3.6399999999999997,0.0,3.6399999999999997,Winter,PRODUCE_PRIORITY
613.0,family_house,0.0,10.08,0.0,10.08,0.0,10.08,Winter,PRODUCE_PRIORITY
613.0,luxury_house,0.0,18.0,0.0,18.0,0.0,18.0,Winter,PRODUCE_PRIORITY
613.0,small_family,0.0,6.5,0.0,6.5,0.0,6.5,Winter,PRODUCE_PRIORITY
614.0,apartment,0.0,3.6399999999999997,0.0,3.6399999999999997,0.0,3.6399999999999997,Winter,PRODUCE_PRIORITY
614.0,family_house,0.0,10.08,0.0,10.08,0.0,10.08,Winter,PRODUCE_PRIORITY
614.0,luxury_house,0.0,18.0,0.0,18.0,0.0,18.0,Winter,PRODUCE_PRIORITY
614.0,small_family,0.0,6.5,0.0,6.5,0.0,6.5,Winter,PRODUCE_PRIORITY
615.0,apartment,0.0,3.6399999999999997,0.0,3.6399999999999997,0.0,3.6399999999999997,Winter,PRODUCE_PRIORITY
615.0,family_house,0.0,10.08,0.0,10.08,0.0,10.08,Winter,PRODUCE_PRIORITY
615.0,luxury_house,0.0,18.0,0.0,18.0,0.0,18.0,Winter,PRODUCE_PRIORITY
615.0,small_family,0.0,6.5,0.0,6.5,0.0,6.5,Winter,PRODUCE_PRIORITY
616.0,apartment,0.0,3.6399999999999997,0.0,3.6399999999999997,0.0,3.6399999999999997,Winter,PRODUCE_PRIORITY
616.0,family_house,0.0,10.08,0.0,10.08,0.0,10.08,Winter,PRODUCE_PRIORITY
616.0,luxury_house,0.0,18.0,0.0,18.0,0.0,18.0,Winter,PRODUCE_PRIORITY
616.0,small_family,0.0,6.5,0.0,6.5,0.0,6.5,Winter,PRODUCE_PRIORITY
617.0,apartment,0.0,3.6399999999999997,0.0,3.6399999999999997,0.0,3.6399999999999997,Winter,PRODUCE_PRIORITY
617.0,family_house,0.0,10.08,0.0,10.08,0.0,10.08,Winter,PRODUCE_PRIORITY
617.0,luxury_house,0.0,18.0,0.0,18.0,0.0,18.0,Winter,PRODUCE_PRIORITY
617.0,small_family,0.0,6.5,0.0,6.5,0.0,6.5,Winter,PRODUCE_PRIORITY
618.0,apartment,0.0,17.49789758793801,0.0,17.49789758793801,0.0,17.49789758793801,Winter,PRODUCE_PRIORITY
618.0,family_house,0.0,28.033011249427027,0.0,28.033011249427027,0.0,28.033011249427027,Winter,PRODUCE_PRIORITY
618.0,luxury_house,0.0,39.99275499194243,0.0,39.99275499194243,0.0,39.99275499194243,Winter,PRODUCE_PRIORITY
618.0,small_family,0.0,28.61058002039762,0.0,28.61058002039762,0.0,28.61058002039762,Winter,PRODUCE_PRIORITY
619.0,apartment,0.0,20.802825050190183,0.0,20.802825050190183,0.0,20.802825050190183,Winter,PRODUCE_PRIORITY
619.0,family_house,0.0,32.43938941238907,0.0,32.43938941238907,0.0,32.43938941238907,Winter,PRODUCE_PRIORITY
619.0,luxury_house,0.0,34.93089908676904,0.0,34.93089908676904,0.0,34.93089908676904,Winter,PRODUCE_PRIORITY
619.0,small_family,0.0,27.229192919437466,0.0,27.229192919437466,0.0,27.229192919437466,Winter,PRODUCE_PRIORITY
620.0,apartment,0.0,21.482052854722994,0.0,21.482052854722994,0.0,21.482052854722994,Winter,PRODUCE_PRIORITY
620.0,family_house,0.0,26.749835214251075,0.0,26.749835214251075,0.0,26.749835214251075,Winter,PRODUCE_PRIORITY
620.0,luxury_house,0.0,34.11657455480498,0.0,34.11657455480498,0.0,34.11657455480498,Winter,PRODUCE_PRIORITY
620.0,small_family,0.0,24.246564793880367,0.0,24.246564793880367,0.0,24.246564793880367,Winter,PRODUCE_PRIORITY
621.0,apartment,0.0,29.779474447488298,0.0,29.779474447488298,0.0,29.779474447488298,Winter,PRODUCE_PRIORITY
621.0,family_house,0.0,27.216900239270146,0.0,27.216900239270146,0.0,27.216900239270146,Winter,PRODUCE_PRIORITY
621.0,luxury_house,0.0,34.9761248112913,0.0,34.9761248112913,0.0,34.9761248112913,Winter,PRODUCE_PRIORITY
621.0,small_family,0.0,30.0367377588587,0.0,30.0367377588587,0.0,30.0367377588587,Winter,PRODUCE_PRIORITY
622.0,apartment,0.0,3.6399999999999997,0.0,3.6399999999999997,0.0,3.6399999999999997,Winter,PRODUCE_PRIORITY
622.0,family_house,0.0,10.08,0.0,10.08,0.0,10.08,Winter,PRODUCE_PRIORITY
622.0,luxury_house,0.0,18.0,0.0,18.0,0.0,18.0,Winter,PRODUCE_PRIORITY
622.0,small_family,0.0,6.5,0.0,6.5,0.0,6.5,Winter,PRODUCE_PRIORITY
623.0,apartment,0.0,3.6399999999999997,0.0,3.6399999999999997,0.0,3.6399999999999997,Winter,PRODUCE_PRIORITY
623.0,family_house,0.0,10.08,0.0,10.08,0.0,10.08,Winter,PRODUCE_PRIORITY
623.0,luxury_house,0.0,18.0,0.0,18.0,0.0,18.0,Winter,PRODUCE_PRIORITY
623.0,small_family,0.0,6.5,0.0,6.5,0.0,6.5,Winter,PRODUCE_PRIORITY
624.0,apartment,0.0,3.6399999999999997,0.0,3.6399999999999997,0.0,3.6399999999999997,Winter,PRODUCE_PRIORITY
624.0,family_house,0.0,10.08,0.0,10.08,0.0,10.08,Winter,PRODUCE_PRIORITY
624.0,luxury_house,0.0,18.0,0.0,18.0,0.0,18.0,Winter,PRODUCE_PRIORITY
624.0,small_family,0.0,6.5,0.0,6.5,0.0,6.5,Winter,PRODUCE_PRIORITY
625.0,apartment,5.304726875163307,3.6399999999999997,0.0,3.6399999999999997,5.304726875163307,-1.664726875163307,Winter,PRODUCE_PRIORITY
625.0,family_house,9.36272437450625,10.08,0.0,10.08,9.36272437450625,0.7172756254937493,Winter,PRODUCE_PRIORITY
625.0,luxury_house,11.99457518902152,18.0,0.0,18.0,11.99457518902152,6.005424810978481,Winter,PRODUCE_PRIORITY
625.0,small_family,9.452663994115985,6.5,0.0,6.5,9.452663994115985,-2.9526639941159853,Winter,PRODUCE_PRIORITY
626.0,apartment,10.247945380259887,3.6399999999999997,0.0,3.6399999999999997,10.247945380259887,-6.607945380259888,Winter,PRODUCE_PRIORITY
626.0,family_house,18.0873945555235,10.08,0.0,10.08,18.0873945555235,-8.007394555523499,Winter,PRODUCE_PRIORITY
626.0,luxury_house,23.171739900883935,18.0,0.0,18.0,23.171739900883935,-5.171739900883935,Winter,PRODUCE_PRIORITY
626.0,small_family,18.261144558298813,6.5,0.0,6.5,18.261144558298813,-11.761144558298813,Winter,PRODUCE_PRIORITY
627.0,apartment,14.492783343222243,3.6399999999999997,0.0,3.6399999999999997,14.492783343222243,-10.852783343222242,Winter,PRODUCE_PRIORITY
627.0,family_house,25.579438688414616,10.08,0.0,10.08,25.579438688414616,-15.49943868841462,Winter,PRODUCE_PRIORITY
627.0,luxury_house,30.67142710481653,18.0,0.0,18.0,30.67142710481653,-12.67142710481653,Winter,PRODUCE_PRIORITY
627.0,small_family,25.82515829880183,6.5,0.0,6.5,25.82515829880183,-19.32515829880183,Winter,PRODUCE_PRIORITY
628.0,apartment,17.749962071800887,3.6399999999999997,0.0,3.6399999999999997,17.749962071800887,-14.109962071800888,Winter,PRODUCE_PRIORITY
628.0,family_house,30.81710168087409,10.08,0.0,10.08,30.81710168087409,-20.73710168087409,Winter,PRODUCE_PRIORITY
628.0,luxury_house,34.79761727786151,18.0,0.0,18.0,34.79761727786151,-16.797617277861512,Winter,PRODUCE_PRIORITY
628.0,small_family,31.629230179333472,6.5,0.0,6.5,31.629230179333472,-25.129230179333472,Winter,PRODUCE_PRIORITY
629.0,apartment,19.797510218385547,3.6399999999999997,0.0,3.6399999999999997,19.797510218385547,-16.157510218385546,Winter,PRODUCE_PRIORITY
629.0,family_house,32.98774979352438,10.08,0.0,10.08,32.98774979352438,-22.90774979352438,Winter,PRODUCE_PRIORITY
629.0,luxury_house,36.745717813588506,18.0,0.0,18.0,36.745717813588506,-18.745717813588506,Winter,PRODUCE_PRIORITY
629.0,small_family,34.5227471580553,6.5,0.0,6.5,34.5227471580553,-28.0227471580553,Winter,PRODUCE_PRIORITY
630.0,apartment,20.495890760519778,3.6399999999999997,0.0,3.6399999999999997,20.495890760519778,-16.85589076051978,Winter,PRODUCE_PRIORITY
630.0,family_house,33.72811744164243,10.08,0.0,10.08,33.72811744164243,-23.648117441642434,Winter,PRODUCE_PRIORITY
630.0,luxury_house,37.336442776276996,18.0,0.0,18.0,37.336442776276996,-19.336442776276996,Winter,PRODUCE_PRIORITY
630.0,small_family,35.24318962418342,6.5,0.0,6.5,35.24318962418342,-28.743189624183422,Winter,PRODUCE_PRIORITY
631.0,apartment,19.79751021838555,3.6399999999999997,0.0,3.6399999999999997,19.79751021838555,-16.15751021838555,Winter,PRODUCE_PRIORITY
631.0,family_house,32.98774979352438,10.08,0.0,10.08,32.98774979352438,-22.90774979352438,Winter,PRODUCE_PRIORITY
631.0,luxury_house,36.745717813588506,18.0,0.0,18.0,36.745717813588506,-18.745717813588506,Winter,PRODUCE_PRIORITY
631.0,small_family,34.5227471580553,6.5,0.0,6.5,34.5227471580553,-28.022747158055306,Winter,PRODUCE_PRIORITY
632.0,apartment,17.749962071800887,3.6399999999999997,0.0,3.6399999999999997,17.749962071800887,-14.109962071800888,Winter,PRODUCE_PRIORITY
632.0,family_house,30.817101680874092,10.08,0.0,10.08,30.817101680874092,-20.737101680874094,Winter,PRODUCE_PRIORITY
632.0,luxury_house,34.79761727786151,18.0,0.0,18.0,34.79761727786151,-16.797617277861516,Winter,PRODUCE_PRIORITY
632.0,small_family,31.629230179333476,6.5,0.0,6.5,31.629230179333476,-25.129230179333476,Winter,PRODUCE_PRIORITY
633.0,apartment,14.492783343222243,3.6399999999999997,0.0,3.6399999999999997,14.492783343222243,-10.852783343222242,Winter,PRODUCE_PRIORITY
633.0,family_house,25.579438688414616,10.08,0.0,10.08,25.579438688414616,-15.49943868841462,Winter,PRODUCE_PRIORITY
633.0,luxury_house,30.67142710481653,18.0,0.0,18.0,30.67142710481653,-12.67142710481653,Winter,PRODUCE_PRIORITY
633.0,small_family,28.853982026143306,6.5,0.0,6.5,28.853982026143306,-22.353982026143306,Winter,PRODUCE_PRIORITY
634.0,apartment,10.247945380259896,3.6399999999999997,0.0,3.6399999999999997,10.247945380259896,-6.6079453802598955,Winter,PRODUCE_PRIORITY
634.0,family_house,18.087394555523513,10.08,0.0,10.08,18.087394555523513,-8.007394555523513,Winter,PRODUCE_PRIORITY
634.0,luxury_house,23.171739900883953,18.0,0.0,18.0,23.171739900883953,-5.171739900883953,Winter,PRODUCE_PRIORITY
634.0,small_family,20.4028463549207,6.5,0.0,6.5,20.4028463549207,-13.902846354920701,Winter,PRODUCE_PRIORITY
635.0,apartment,5.304726875163313,3.6399999999999997,0.0,3.6399999999999997,5.304726875163313,-1.6647268751633133,Winter,PRODUCE_PRIORITY
635.0,family_house,9.36272437450626,10.08,0.0,10.08,9.36272437450626,0.717275625493739,Winter,PRODUCE_PRIORITY
635.0,luxury_house,11.994575189021532,18.0,0.0,18.0,11.994575189021532,6.005424810978468,Winter,PRODUCE_PRIORITY
635.0,small_family,10.56129042190805,6.5,0.0,6.5,10.56129042190805,-4.0612904219080495,Winter,PRODUCE_PRIORITY
636.0,apartment,2.510022701554436e-15,3.6399999999999997,0.0,3.6399999999999997,2.510022701554436e-15,3.639999999999997,Winter,PRODUCE_PRIORITY
636.0,family_house,4.430133969467424e-15,10.08,0.0,10.08,4.430133969467424e-15,10.079999999999995,Winter,PRODUCE_PRIORITY
636.0,luxury_house,5.675439420058504e-15,18.0,0.0,18.0,5.675439420058504e-15,17.999999999999993,Winter,PRODUCE_PRIORITY
636.0,small_family,4.997256096409773e-15,6.5,0.0,6.5,4.997256096409773e-15,6.499999999999995,Winter,PRODUCE_PRIORITY
637.0,apartment,0.0,3.6399999999999997,0.0,3.6399999999999997,0.0,3.6399999999999997,Winter,PRODUCE_PRIORITY
637.0,family_house,0.0,10.08,0.0,10.08,0.0,10.08,Winter,PRODUCE_PRIORITY
637.0,luxury_house,0.0,18.0,0.0,18.0,0.0,18.0,Winter,PRODUCE_PRIORITY
637.0,small_family,0.0,6.5,0.0,6.5,0.0,6.5,Winter,PRODUCE_PRIORITY
638.0,apartment,0.0,3.6399999999999997,0.0,3.6399999999999997,0.0,3.6399999999999997,Winter,PRODUCE_PRIORITY
638.0,family_house,0.0,10.08,0.0,10.08,0.0,10.08,Winter,PRODUCE_PRIORITY
638.0,luxury_house,0.0,18.0,0.0,18.0,0.0,18.0,Winter,PRODUCE_PRIORITY
638.0,small_family,0.0,6.5,0.0,6.5,0.0,6.5,Winter,PRODUCE_PRIORITY
639.0,apartment,0.0,3.6399999999999997,0.0,3.6399999999999997,0.0,3.6399999999999997,Winter,PRODUCE_PRIORITY
639.0,family_house,0.0,10.08,0.0,10.08,0.0,10.08,Winter,PRODUCE_PRIORITY
639.0,luxury_house,0.0,18.0,0.0,18.0,0.0,18.0,Winter,PRODUCE_PRIORITY
639.0,small_family,0.0,6.5,0.0,6.5,0.0,6.5,Winter,PRODUCE_PRIORITY
640.0,apartment,0.0,3.6399999999999997,0.0,3.6399999999999997,0.0,3.6399999999999997,Winter,PRODUCE_PRIORITY
640.0,family_house,0.0,10.08,0.0,10.08,0.0,10.08,Winter,PRODUCE_PRIORITY
640.0,luxury_house,0.0,18.0,0.0,18.0,0.0,18.0,Winter,PRODUCE_PRIORITY
640.0,small_family,0.0,6.5,0.0,6.5,0.0,6.5,Winter,PRODUCE_PRIORITY
641.0,apartment,0.0,3.6399999999999997,0.0,3.6399999999999997,0.0,3.6399999999999997,Winter,PRODUCE_PRIORITY
641.0,family_house,0.0,10.08,0.0,10.08,0.0,10.08,Winter,PRODUCE_PRIORITY
641.0,luxury_house,0.0,18.0,0.0,18.0,0.0,18.0,Winter,PRODUCE_PRIORITY
641.0,small_family,0.0,6.5,0.0,6.5,0.0,6.5,Winter,PRODUCE_PRIORITY
642.0,apartment,0.0,22.651188718409234,0.0,22.651188718409234,0.0,22.651188718409234,Winter,PRODUCE_PRIORITY
642.0,family_house,0.0,25.763093861457158,0.0,25.763093861457158,0.0,25.763093861457158,Winter,PRODUCE_PRIORITY
642.0,luxury_house,0.0,41.215340552058336,0.0,41.215340552058336,0.0,41.215340552058336,Winter,PRODUCE_PRIORITY
642.0,small_family,0.0,27.82594224625381,0.0,27.82594224625381,0.0,27.82594224625381,Winter,PRODUCE_PRIORITY
643.0,apartment,0.0,24.710495936980607,0.0,24.710495936980607,0.0,24.710495936980607,Winter,PRODUCE_PRIORITY
643.0,family_house,0.0,25.897100669297078,0.0,25.897100669297078,0.0,25.897100669297078,Winter,PRODUCE_PRIORITY
643.0,luxury_house,0.0,33.080297971286804,0.0,33.080297971286804,0.0,33.080297971286804,Winter,PRODUCE_PRIORITY
643.0,small_family,0.0,18.338420925977438,0.0,18.338420925977438,0.0,18.338420925977438,Winter,PRODUCE_PRIORITY
644.0,apartment,0.0,22.228853094766116,0.0,22.228853094766116,0.0,22.228853094766116,Winter,PRODUCE_PRIORITY
644.0,family_house,0.0,27.446263459213014,0.0,27.446263459213014,0.0,27.446263459213014,Winter,PRODUCE_PRIORITY
644.0,luxury_house,0.0,35.411841543566084,0.0,35.411841543566084,0.0,35.411841543566084,Winter,PRODUCE_PRIORITY
644.0,small_family,0.0,28.056502881264446,0.0,28.056502881264446,0.0,28.056502881264446,Winter,PRODUCE_PRIORITY
645.0,apartment,0.0,25.151529759235345,0.0,25.151529759235345,0.0,25.151529759235345,Winter,PRODUCE_PRIORITY
645.0,family_house,0.0,27.639539208737062,0.0,27.639539208737062,0.0,27.639539208737062,Winter,PRODUCE_PRIORITY
645.0,luxury_house,0.0,32.24665488637667,0.0,32.24665488637667,0.0,32.24665488637667,Winter,PRODUCE_PRIORITY
645.0,small_family,0.0,19.482640237463183,0.0,19.482640237463183,0.0,19.482640237463183,Winter,PRODUCE_PRIORITY
646.0,apartment,0.0,3.6399999999999997,0.0,3.6399999999999997,0.0,3.6399999999999997,Winter,PRODUCE_PRIORITY
646.0,family_house,0.0,10.08,0.0,10.08,0.0,10.08,Winter,PRODUCE_PRIORITY
646.0,luxury_house,0.0,18.0,0.0,18.0,0.0,18.0,Winter,PRODUCE_PRIORITY
646.0,small_family,0.0,6.5,0.0,6.5,0.0,6.5,Winter,PRODUCE_PRIORITY
647.0,apartment,0.0,3.6399999999999997,0.0,3.6399999999999997,0.0,3.6399999999999997,Winter,PRODUCE_PRIORITY
647.0,family_house,0.0,10.08,0.0,10.08,0.0,10.08,Winter,PRODUCE_PRIORITY
647.0,luxury_house,0.0,18.0,0.0,18.0,0.0,18.0,Winter,PRODUCE_PRIORITY
647.0,small_family,0.0,6.5,0.0,6.5,0.0,6.5,Winter,PRODUCE_PRIORITY
648.0,apartment,0.0,3.6399999999999997,0.0,3.6399999999999997,0.0,3.6399999999999997,Winter,PRODUCE_PRIORITY
648.0,family_house,0.0,10.08,0.0,10.08,0.0,10.08,Winter,PRODUCE_PRIORITY
648.0,luxury_house,0.0,18.0,0.0,18.0,0.0,18.0,Winter,PRODUCE_PRIORITY
648.0,small_family,0.0,6.5,0.0,6.5,0.0,6.5,Winter,PRODUCE_PRIORITY
649.0,apartment,4.633408826512589,3.6399999999999997,0.0,3.6399999999999997,4.633408826512589,-0.9934088265125895,Winter,PRODUCE_PRIORITY
649.0,family_house,9.798747934288224,10.08,0.0,10.08,9.798747934288224,0.28125206571177513,Winter,PRODUCE_PRIORITY
649.0,luxury_house,14.592836187727869,18.0,0.0,18.0,14.592836187727869,3.407163812272132,Winter,PRODUCE_PRIORITY
649.0,small_family,8.842468637018642,6.5,0.0,6.5,8.842468637018642,-2.3424686370186416,Winter,PRODUCE_PRIORITY
650.0,apartment,8.95105849856847,3.6399999999999997,0.0,3.6399999999999997,8.95105849856847,-5.311058498568469,Winter,PRODUCE_PRIORITY
650.0,family_house,18.92972739005131,10.08,0.0,10.08,18.92972739005131,-8.849727390051308,Winter,PRODUCE_PRIORITY
650.0,luxury_house,28.191194705064117,18.0,0.0,18.0,28.191194705064117,-10.191194705064117,Winter,PRODUCE_PRIORITY
650.0,small_family,17.082337649294804,6.5,0.0,6.5,17.082337649294804,-10.582337649294804,Winter,PRODUCE_PRIORITY
651.0,apartment,12.658708326270485,3.6399999999999997,0.0,3.6399999999999997,12.658708326270485,-9.018708326270486,Winter,PRODUCE_PRIORITY
651.0,family_house,26.770677207036016,10.08,0.0,10.08,26.770677207036016,-16.690677207036018,Winter,PRODUCE_PRIORITY
651.0,luxury_house,36.35679641412401,18.0,0.0,18.0,36.35679641412401,-18.35679641412401,Winter,PRODUCE_PRIORITY
651.0,small_family,24.158073580669253,6.5,0.0,6.5,24.158073580669253,-17.658073580669253,Winter,PRODUCE_PRIORITY
652.0,apartment,15.503688101041782,3.6399999999999997,0.0,3.6399999999999997,15.503688101041782,-11.863688101041781,Winter,PRODUCE_PRIORITY
652.0,family_house,31.23024713278982,10.08,0.0,10.08,31.23024713278982,-21.150247132789822,Winter,PRODUCE_PRIORITY
652.0,luxury_house,38.234943549462,18.0,0.0,18.0,38.234943549462,-20.234943549462002,Winter,PRODUCE_PRIORITY
652.0,small_family,29.587476720625304,6.5,0.0,6.5,29.587476720625304,-23.087476720625304,Winter,PRODUCE_PRIORITY
653.0,apartment,17.29211715278307,3.6399999999999997,0.0,3.6399999999999997,17.29211715278307,-13.652117152783072,Winter,PRODUCE_PRIORITY
653.0,family_house,33.02739504364581,10.08,0.0,10.08,33.02739504364581,-22.94739504364581,Winter,PRODUCE_PRIORITY
653.0,luxury_house,39.4155961959481,18.0,0.0,18.0,39.4155961959481,-21.415596195948098,Winter,PRODUCE_PRIORITY
653.0,small_family,32.69215832437979,6.5,0.0,6.5,32.69215832437979,-26.192158324379786,Winter,PRODUCE_PRIORITY
654.0,apartment,17.90211699713694,3.6399999999999997,0.0,3.6399999999999997,17.90211699713694,-14.26211699713694,Winter,PRODUCE_PRIORITY
654.0,family_house,33.48695178147888,10.08,0.0,10.08,33.48695178147888,-23.40695178147888,Winter,PRODUCE_PRIORITY
654.0,luxury_house,39.818294826845026,18.0,0.0,18.0,39.818294826845026,-21.818294826845023,Winter,PRODUCE_PRIORITY
654.0,small_family,33.563203356144946,6.5,0.0,6.5,33.563203356144946,-27.063203356144946,Winter,PRODUCE_PRIORITY
655.0,apartment,17.292117152783074,3.6399999999999997,0.0,3.6399999999999997,17.292117152783074,-13.652117152783076,Winter,PRODUCE_PRIORITY
655.0,family_house,33.02739504364581,10.08,0.0,10.08,33.02739504364581,-22.94739504364581,Winter,PRODUCE_PRIORITY
655.0,luxury_house,39.4155961959481,18.0,0.0,18.0,39.4155961959481,-21.415596195948098,Winter,PRODUCE_PRIORITY
655.0,small_family,32.69215832437979,6.5,0.0,6.5,32.69215832437979,-26.19215832437979,Winter,PRODUCE_PRIORITY
656.0,apartment,15.503688101041782,3.6399999999999997,0.0,3.6399999999999997,15.503688101041782,-11.863688101041781,Winter,PRODUCE_PRIORITY
656.0,family_house,31.230247132789824,10.08,0.0,10.08,31.230247132789824,-21.150247132789826,Winter,PRODUCE_PRIORITY
656.0,luxury_house,38.234943549462,18.0,0.0,18.0,38.234943549462,-20.234943549462006,Winter,PRODUCE_PRIORITY
656.0,small_family,29.587476720625308,6.5,0.0,6.5,29.587476720625308,-23.087476720625308,Winter,PRODUCE_PRIORITY
657.0,apartment,12.658708326270485,3.6399999999999997,0.0,3.6399999999999997,12.658708326270485,-9.018708326270486,Winter,PRODUCE_PRIORITY
657.0,family_house,26.770677207036016,10.08,0.0,10.08,26.770677207036016,-16.690677207036018,Winter,PRODUCE_PRIORITY
657.0,luxury_house,36.35679641412401,18.0,0.0,18.0,36.35679641412401,-18.35679641412401,Winter,PRODUCE_PRIORITY
657.0,small_family,24.158073580669253,6.5,0.0,6.5,24.158073580669253,-17.658073580669253,Winter,PRODUCE_PRIORITY
658.0,apartment,8.951058498568475,3.6399999999999997,0.0,3.6399999999999997,8.951058498568475,-5.311058498568476,Winter,PRODUCE_PRIORITY
658.0,family_house,18.929727390051323,10.08,0.0,10.08,18.929727390051323,-8.849727390051324,Winter,PRODUCE_PRIORITY
658.0,luxury_house,28.191194705064138,18.0,0.0,18.0,28.191194705064138,-10.191194705064138,Winter,PRODUCE_PRIORITY
658.0,small_family,17.082337649294818,6.5,0.0,6.5,17.082337649294818,-10.582337649294818,Winter,PRODUCE_PRIORITY
659.0,apartment,4.633408826512595,3.6399999999999997,0.0,3.6399999999999997,4.633408826512595,-0.9934088265125949,Winter,PRODUCE_PRIORITY
659.0,family_house,9.798747934288235,10.08,0.0,10.08,9.798747934288235,0.2812520657117642,Winter,PRODUCE_PRIORITY
659.0,luxury_house,14.592836187727885,18.0,0.0,18.0,14.592836187727885,3.407163812272115,Winter,PRODUCE_PRIORITY
659.0,small_family,8.842468637018651,6.5,0.0,6.5,8.842468637018651,-2.3424686370186514,Winter,PRODUCE_PRIORITY
660.0,apartment,2.192377027850518e-15,3.6399999999999997,0.0,3.6399999999999997,2.192377027850518e-15,3.6399999999999975,Winter,PRODUCE_PRIORITY
660.0,family_house,4.636446011391664e-15,10.08,0.0,10.08,4.636446011391664e-15,10.079999999999995,Winter,PRODUCE_PRIORITY
660.0,luxury_house,6.904851271939317e-15,18.0,0.0,18.0,6.904851271939317e-15,17.999999999999993,Winter,PRODUCE_PRIORITY
660.0,small_family,4.1839660248326415e-15,6.5,0.0,6.5,4.1839660248326415e-15,6.499999999999996,Winter,PRODUCE_PRIORITY
661.0,apartment,0.0,3.6399999999999997,0.0,3.6399999999999997,0.0,3.6399999999999997,Winter,PRODUCE_PRIORITY
661.0,family_house,0.0,10.08,0.0,10.08,0.0,10.08,Winter,PRODUCE_PRIORITY
661.0,luxury_house,0.0,18.0,0.0,18.0,0.0,18.0,Winter,PRODUCE_PRIORITY
661.0,small_family,0.0,6.5,0.0,6.5,0.0,6.5,Winter,PRODUCE_PRIORITY
662.0,apartment,0.0,3.6399999999999997,0.0,3.6399999999999997,0.0,3.6399999999999997,Winter,PRODUCE_PRIORITY
662.0,family_house,0.0,10.08,0.0,10.08,0.0,10.08,Winter,PRODUCE_PRIORITY
662.0,luxury_house,0.0,18.0,0.0,18.0,0.0,18.0,Winter,PRODUCE_PRIORITY
662.0,small_family,0.0,6.5,0.0,6.5,0.0,6.5,Winter,PRODUCE_PRIORITY
663.0,apartment,0.0,3.6399999999999997,0.0,3.6399999999999997,0.0,3.6399999999999997,Winter,PRODUCE_PRIORITY
663.0,family_house,0.0,10.08,0.0,10.08,0.0,10.08,Winter,PRODUCE_PRIORITY
663.0,luxury_house,0.0,18.0,0.0,18.0,0.0,18.0,Winter,PRODUCE_PRIORITY
663.0,small_family,0.0,6.5,0.0,6.5,0.0,6.5,Winter,PRODUCE_PRIORITY
664.0,apartment,0.0,3.6399999999999997,0.0,3.6399999999999997,0.0,3.6399999999999997,Winter,PRODUCE_PRIORITY
664.0,family_house,0.0,10.08,0.0,10.08,0.0,10.08,Winter,PRODUCE_PRIORITY
664.0,luxury_house,0.0,18.0,0.0,18.0,0.0,18.0,Winter,PRODUCE_PRIORITY
664.0,small_family,0.0,6.5,0.0,6.5,0.0,6.5,Winter,PRODUCE_PRIORITY
665.0,apartment,0.0,3.6399999999999997,0.0,3.6399999999999997,0.0,3.6399999999999997,Winter,PRODUCE_PRIORITY
665.0,family_house,0.0,10.08,0.0,10.08,0.0,10.08,Winter,PRODUCE_PRIORITY
665.0,luxury_house,0.0,18.0,0.0,18.0,0.0,18.0,Winter,PRODUCE_PRIORITY
665.0,small_family,0.0,6.5,0.0,6.5,0.0,6.5,Winter,PRODUCE_PRIORITY
666.0,apartment,0.0,26.765172304383224,0.0,26.765172304383224,0.0,26.765172304383224,Winter,PRODUCE_PRIORITY
666.0,family_house,0.0,27.198439895457337,0.0,27.198439895457337,0.0,27.198439895457337,Winter,PRODUCE_PRIORITY
666.0,luxury_house,0.0,39.11609748923757,0.0,39.11609748923757,0.0,39.11609748923757,Winter,PRODUCE_PRIORITY
666.0,small_family,0.0,25.476244669487812,0.0,25.476244669487812,0.0,25.476244669487812,Winter,PRODUCE_PRIORITY
667.0,apartment,0.0,21.79523716679538,0.0,21.79523716679538,0.0,21.79523716679538,Winter,PRODUCE_PRIORITY
667.0,family_house,0.0,33.30324419985988,0.0,33.30324419985988,0.0,33.30324419985988,Winter,PRODUCE_PRIORITY
667.0,luxury_house,0.0,40.516589213362316,0.0,40.516589213362316,0.0,40.516589213362316,Winter,PRODUCE_PRIORITY
667.0,small_family,0.0,27.482934256178467,0.0,27.482934256178467,0.0,27.482934256178467,Winter,PRODUCE_PRIORITY
668.0,apartment,0.0,18.08386183220307,0.0,18.08386183220307,0.0,18.08386183220307,Winter,PRODUCE_PRIORITY
668.0,family_house,0.0,25.067102532582098,0.0,25.067102532582098,0.0,25.067102532582098,Winter,PRODUCE_PRIORITY
668.0,luxury_house,0.0,34.68235443229473,0.0,34.68235443229473,0.0,34.68235443229473,Winter,PRODUCE_PRIORITY
668.0,small_family,0.0,30.617026368853274,0.0,30.617026368853274,0.0,30.617026368853274,Winter,PRODUCE_PRIORITY
669.0,apartment,0.0,18.177799537227916,0.0,18.177799537227916,0.0,18.177799537227916,Winter,PRODUCE_PRIORITY
669.0,family_house,0.0,31.56404169543151,0.0,31.56404169543151,0.0,31.56404169543151,Winter,PRODUCE_PRIORITY
669.0,luxury_house,0.0,38.29980722761987,0.0,38.29980722761987,0.0,38.29980722761987,Winter,PRODUCE_PRIORITY
669.0,small_family,0.0,23.195482761788,0.0,23.195482761788,0.0,23.195482761788,Winter,PRODUCE_PRIORITY
670.0,apartment,0.0,3.6399999999999997,0.0,3.6399999999999997,0.0,3.6399999999999997,Winter,PRODUCE_PRIORITY
670.0,family_house,0.0,10.08,0.0,10.08,0.0,10.08,Winter,PRODUCE_PRIORITY
670.0,luxury_house,0.0,18.0,0.0,18.0,0.0,18.0,Winter,PRODUCE_PRIORITY
670.0,small_family,0.0,6.5,0.0,6.5,0.0,6.5,Winter,PRODUCE_PRIORITY
671.0,apartment,0.0,3.6399999999999997,0.0,3.6399999999999997,0.0,3.6399999999999997,Winter,PRODUCE_PRIORITY
671.0,family_house,0.0,10.08,0.0,10.08,0.0,10.08,Winter,PRODUCE_PRIORITY
671.0,luxury_house,0.0,18.0,0.0,18.0,0.0,18.0,Winter,PRODUCE_PRIORITY
671.0,small_family,0.0,6.5,0.0,6.5,0.0,6.5,Winter,PRODUCE_PRIORITY
672.0,apartment,0.0,3.6399999999999997,0.0,3.6399999999999997,0.0,3.6399999999999997,Winter,PRODUCE_PRIORITY
672.0,family_house,0.0,10.08,0.0,10.08,0.0,10.08,Winter,PRODUCE_PRIORITY
672.0,luxury_house,0.0,18.0,0.0,18.0,0.0,18.0,Winter,PRODUCE_PRIORITY
672.0,small_family,0.0,6.5,0.0,6.5,0.0,6.5,Winter,PRODUCE_PRIORITY
673.0,apartment,6.357888416301467,3.6399999999999997,0.0,3.6399999999999997,6.357888416301467,-2.717888416301467,Winter,PRODUCE_PRIORITY
673.0,family_house,9.316172401757937,10.08,0.0,10.08,9.316172401757937,0.7638275982420624,Winter,PRODUCE_PRIORITY
673.0,luxury_house,16.866061019371777,18.0,0.0,18.0,16.866061019371777,1.1339389806282243,Winter,PRODUCE_PRIORITY
673.0,small_family,7.69145651416099,6.5,0.0,6.5,7.69145651416099,-1.1914565141609894,Winter,PRODUCE_PRIORITY
674.0,apartment,12.28249724393938,3.6399999999999997,0.0,3.6399999999999997,12.28249724393938,-8.64249724393938,Winter,PRODUCE_PRIORITY
674.0,family_house,17.9974630500389,10.08,0.0,10.08,17.9974630500389,-7.917463050038899,Winter,PRODUCE_PRIORITY
674.0,luxury_house,32.58272785275705,18.0,0.0,18.0,32.58272785275705,-14.582727852757053,Winter,PRODUCE_PRIORITY
674.0,small_family,14.85875297761478,6.5,0.0,6.5,14.85875297761478,-8.35875297761478,Winter,PRODUCE_PRIORITY
675.0,apartment,17.370074182189235,3.6399999999999997,0.0,3.6399999999999997,17.370074182189235,-13.730074182189236,Winter,PRODUCE_PRIORITY
675.0,family_house,25.452256333673663,10.08,0.0,10.08,25.452256333673663,-15.372256333673665,Winter,PRODUCE_PRIORITY
675.0,luxury_house,42.25922241983344,18.0,0.0,18.0,42.25922241983344,-24.259222419833442,Winter,PRODUCE_PRIORITY
675.0,small_family,21.01344998089444,6.5,0.0,6.5,21.01344998089444,-14.513449980894439,Winter,PRODUCE_PRIORITY
676.0,apartment,21.273909270327714,3.6399999999999997,0.0,3.6399999999999997,21.273909270327714,-17.633909270327717,Winter,PRODUCE_PRIORITY
676.0,family_house,30.53204484270216,10.08,0.0,10.08,30.53204484270216,-20.45204484270216,Winter,PRODUCE_PRIORITY
676.0,luxury_house,44.583875281192846,18.0,0.0,18.0,44.583875281192846,-26.583875281192846,Winter,PRODUCE_PRIORITY
676.0,small_family,25.736115094344143,6.5,0.0,6.5,25.736115094344143,-19.236115094344143,Winter,PRODUCE_PRIORITY
677.0,apartment,23.7279625984907,3.6399999999999997,0.0,3.6399999999999997,23.7279625984907,-20.0879625984907,Winter,PRODUCE_PRIORITY
677.0,family_house,32.835799085662075,10.08,0.0,10.08,32.835799085662075,-22.75579908566208,Winter,PRODUCE_PRIORITY
677.0,luxury_house,45.67498523673278,18.0,0.0,18.0,45.67498523673278,-27.67498523673278,Winter,PRODUCE_PRIORITY
677.0,small_family,28.440363968452168,6.5,0.0,6.5,28.440363968452168,-21.940363968452168,Winter,PRODUCE_PRIORITY
678.0,apartment,24.564994487878764,3.6399999999999997,0.0,3.6399999999999997,24.564994487878764,-20.924994487878763,Winter,PRODUCE_PRIORITY
678.0,family_house,33.332745235132826,10.08,0.0,10.08,33.332745235132826,-23.252745235132828,Winter,PRODUCE_PRIORITY
678.0,luxury_house,46.00489394207436,18.0,0.0,18.0,46.00489394207436,-28.00489394207436,Winter,PRODUCE_PRIORITY
678.0,small_family,29.302526657091384,6.5,0.0,6.5,29.302526657091384,-22.802526657091384,Winter,PRODUCE_PRIORITY
679.0,apartment,23.727962598490706,3.6399999999999997,0.0,3.6399999999999997,23.727962598490706,-20.087962598490705,Winter,PRODUCE_PRIORITY
679.0,family_house,32.835799085662075,10.08,0.0,10.08,32.835799085662075,-22.75579908566208,Winter,PRODUCE_PRIORITY
679.0,luxury_house,45.67498523673278,18.0,0.0,18.0,45.67498523673278,-27.67498523673278,Winter,PRODUCE_PRIORITY
679.0,small_family,28.440363968452175,6.5,0.0,6.5,28.440363968452175,-21.940363968452175,Winter,PRODUCE_PRIORITY
680.0,apartment,21.273909270327714,3.6399999999999997,0.0,3.6399999999999997,21.273909270327714,-17.633909270327717,Winter,PRODUCE_PRIORITY
680.0,family_house,30.532044842702167,10.08,0.0,10.08,30.532044842702167,-20.452044842702165,Winter,PRODUCE_PRIORITY
680.0,luxury_house,44.583875281192846,18.0,0.0,18.0,44.583875281192846,-26.58387528119285,Winter,PRODUCE_PRIORITY
680.0,small_family,25.736115094344143,6.5,0.0,6.5,25.736115094344143,-19.236115094344143,Winter,PRODUCE_PRIORITY
681.0,apartment,17.370074182189235,3.6399999999999997,0.0,3.6399999999999997,17.370074182189235,-13.730074182189236,Winter,PRODUCE_PRIORITY
681.0,family_house,25.030289044122956,10.08,0.0,10.08,25.030289044122956,-14.950289044122957,Winter,PRODUCE_PRIORITY
681.0,luxury_house,42.25922241983344,18.0,0.0,18.0,42.25922241983344,-24.259222419833442,Winter,PRODUCE_PRIORITY
681.0,small_family,21.01344998089444,6.5,0.0,6.5,21.01344998089444,-14.513449980894439,Winter,PRODUCE_PRIORITY
682.0,apartment,12.282497243939389,3.6399999999999997,0.0,3.6399999999999997,12.282497243939389,-8.642497243939388,Winter,PRODUCE_PRIORITY
682.0,family_house,17.699087118158698,10.08,0.0,10.08,17.699087118158698,-7.619087118158699,Winter,PRODUCE_PRIORITY
682.0,luxury_house,32.58272785275708,18.0,0.0,18.0,32.58272785275708,-14.582727852757078,Winter,PRODUCE_PRIORITY
682.0,small_family,14.858752977614792,6.5,0.0,6.5,14.858752977614792,-8.358752977614792,Winter,PRODUCE_PRIORITY
683.0,apartment,6.357888416301474,3.6399999999999997,0.0,3.6399999999999997,6.357888416301474,-2.7178884163014745,Winter,PRODUCE_PRIORITY
683.0,family_house,9.161721654216324,10.08,0.0,10.08,9.161721654216324,0.9182783457836752,Winter,PRODUCE_PRIORITY
683.0,luxury_house,16.866061019371795,18.0,0.0,18.0,16.866061019371795,1.1339389806282059,Winter,PRODUCE_PRIORITY
683.0,small_family,7.691456514160998,6.5,0.0,6.5,7.691456514160998,-1.1914565141609978,Winter,PRODUCE_PRIORITY
684.0,apartment,3.00834418706531e-15,3.6399999999999997,0.0,3.6399999999999997,3.00834418706531e-15,3.6399999999999966,Winter,PRODUCE_PRIORITY
684.0,family_house,4.335026077416638e-15,10.08,0.0,10.08,4.335026077416638e-15,10.079999999999995,Winter,PRODUCE_PRIORITY
684.0,luxury_house,7.980466674473648e-15,18.0,0.0,18.0,7.980466674473648e-15,17.999999999999993,Winter,PRODUCE_PRIORITY
684.0,small_family,3.6393448546714296e-15,6.5,0.0,6.5,3.6393448546714296e-15,6.4999999999999964,Winter,PRODUCE_PRIORITY
685.0,apartment,0.0,3.6399999999999997,0.0,3.6399999999999997,0.0,3.6399999999999997,Winter,PRODUCE_PRIORITY
685.0,family_house,0.0,10.08,0.0,10.08,0.0,10.08,Winter,PRODUCE_PRIORITY
685.0,luxury_house,0.0,18.0,0.0,18.0,0.0,18.0,Winter,PRODUCE_PRIORITY
685.0,small_family,0.0,6.5,0.0,6.5,0.0,6.5,Winter,PRODUCE_PRIORITY
686.0,apartment,0.0,3.6399999999999997,0.0,3.6399999999999997,0.0,3.6399999999999997,Winter,PRODUCE_PRIORITY
686.0,family_house,0.0,10.08,0.0,10.08,0.0,10.08,Winter,PRODUCE_PRIORITY
686.0,luxury_house,0.0,18.0,0.0,18.0,0.0,18.0,Winter,PRODUCE_PRIORITY
686.0,small_family,0.0,6.5,0.0,6.5,0.0,6.5,Winter,PRODUCE_PRIORITY
687.0,apartment,0.0,3.6399999999999997,0.0,3.6399999999999997,0.0,3.6399999999999997,Winter,PRODUCE_PRIORITY
687.0,family_house,0.0,10.08,0.0,10.08,0.0,10.08,Winter,PRODUCE_PRIORITY
687.0,luxury_house,0.0,18.0,0.0,18.0,0.0,18.0,Winter,PRODUCE_PRIORITY
687.0,small_family,0.0,6.5,0.0,6.5,0.0,6.5,Winter,PRODUCE_PRIORITY
688.0,apartment,0.0,3.6399999999999997,0.0,3.6399999999999997,0.0,3.6399999999999997,Winter,PRODUCE_PRIORITY
688.0,family_house,0.0,10.08,0.0,10.08,0.0,10.08,Winter,PRODUCE_PRIORITY
688.0,luxury_house,0.0,18.0,0.0,18.0,0.0,18.0,Winter,PRODUCE_PRIORITY
688.0,small_family,0.0,6.5,0.0,6.5,0.0,6.5,Winter,PRODUCE_PRIORITY
689.0,apartment,0.0,3.6399999999999997,0.0,3.6399999999999997,0.0,3.6399999999999997,Winter,PRODUCE_PRIORITY
689.0,family_house,0.0,10.08,0.0,10.08,0.0,10.08,Winter,PRODUCE_PRIORITY
689.0,luxury_house,0.0,18.0,0.0,18.0,0.0,18.0,Winter,PRODUCE_PRIORITY
689.0,small_family,0.0,6.5,0.0,6.5,0.0,6.5,Winter,PRODUCE_PRIORITY
690.0,apartment,0.0,19.29451669067296,0.0,19.29451669067296,0.0,19.29451669067296,Winter,PRODUCE_PRIORITY
690.0,family_house,0.0,25.54968263260774,0.0,25.54968263260774,0.0,25.54968263260774,Winter,PRODUCE_PRIORITY
690.0,luxury_house,0.0,32.462891836475194,0.0,32.462891836475194,0.0,32.462891836475194,Winter,PRODUCE_PRIORITY
690.0,small_family,0.0,29.628359989951775,0.0,29.628359989951775,0.0,29.628359989951775,Winter,PRODUCE_PRIORITY
691.0,apartment,0.0,29.519228539774826,0.0,29.519228539774826,0.0,29.519228539774826,Winter,PRODUCE_PRIORITY
691.0,family_house,0.0,21.886520723791197,0.0,21.886520723791197,0.0,21.886520723791197,Winter,PRODUCE_PRIORITY
691.0,luxury_house,0.0,34.209967642314936,0.0,34.209967642314936,0.0,34.209967642314936,Winter,PRODUCE_PRIORITY
691.0,small_family,0.0,29.33322041648126,0.0,29.33322041648126,0.0,29.33322041648126,Winter,PRODUCE_PRIORITY
692.0,apartment,0.0,24.443924987615738,0.0,24.443924987615738,0.0,24.443924987615738,Winter,PRODUCE_PRIORITY
692.0,family_house,0.0,25.24440826497583,0.0,25.24440826497583,0.0,25.24440826497583,Winter,PRODUCE_PRIORITY
692.0,luxury_house,0.0,34.86300190904681,0.0,34.86300190904681,0.0,34.86300190904681,Winter,PRODUCE_PRIORITY
692.0,small_family,0.0,21.30214357143665,0.0,21.30214357143665,0.0,21.30214357143665,Winter,PRODUCE_PRIORITY
693.0,apartment,0.0,19.9433457355452,0.0,19.9433457355452,0.0,19.9433457355452,Winter,PRODUCE_PRIORITY
693.0,family_house,0.0,27.73360239331129,0.0,27.73360239331129,0.0,27.73360239331129,Winter,PRODUCE_PRIORITY
693.0,luxury_house,0.0,32.310904463140524,0.0,32.310904463140524,0.0,32.310904463140524,Winter,PRODUCE_PRIORITY
693.0,small_family,0.0,28.945887841975097,0.0,28.945887841975097,0.0,28.945887841975097,Winter,PRODUCE_PRIORITY
694.0,apartment,0.0,3.6399999999999997,0.0,3.6399999999999997,0.0,3.6399999999999997,Winter,PRODUCE_PRIORITY
694.0,family_house,0.0,10.08,0.0,10.08,0.0,10.08,Winter,PRODUCE_PRIORITY
694.0,luxury_house,0.0,18.0,0.0,18.0,0.0,18.0,Winter,PRODUCE_PRIORITY
694.0,small_family,0.0,6.5,0.0,6.5,0.0,6.5,Winter,PRODUCE_PRIORITY
695.0,apartment,0.0,3.6399999999999997,0.0,3.6399999999999997,0.0,3.6399999999999997,Winter,PRODUCE_PRIORITY
695.0,family_house,0.0,10.08,0.0,10.08,0.0,10.08,Winter,PRODUCE_PRIORITY
695.0,luxury_house,0.0,18.0,0.0,18.0,0.0,18.0,Winter,PRODUCE_PRIORITY
695.0,small_family,0.0,6.5,0.0,6.5,0.0,6.5,Winter,PRODUCE_PRIORITY
696.0,apartment,0.0,3.6399999999999997,0.0,3.6399999999999997,0.0,3.6399999999999997,Winter,PRODUCE_PRIORITY
696.0,family_house,0.0,10.08,0.0,10.08,0.0,10.08,Winter,PRODUCE_PRIORITY
696.0,luxury_house,0.0,18.0,0.0,18.0,0.0,18.0,Winter,PRODUCE_PRIORITY
696.0,small_family,0.0,6.5,0.0,6.5,0.0,6.5,Winter,PRODUCE_PRIORITY
697.0,apartment,7.086795382654159,3.6399999999999997,0.0,3.6399999999999997,7.086795382654159,-3.4467953826541597,Winter,PRODUCE_PRIORITY
697.0,family_house,4.749605183650688,10.08,0.0,10.08,4.749605183650688,5.330394816349311,Winter,PRODUCE_PRIORITY
697.0,luxury_house,16.591693630095214,18.0,0.0,18.0,16.591693630095214,1.4083063699047869,Winter,PRODUCE_PRIORITY
697.0,small_family,8.391659881647776,6.5,0.0,6.5,8.391659881647776,-1.8916598816477763,Winter,PRODUCE_PRIORITY
698.0,apartment,13.690637371463545,3.6399999999999997,0.0,3.6399999999999997,13.690637371463545,-10.050637371463544,Winter,PRODUCE_PRIORITY
698.0,family_house,9.175532623129266,10.08,0.0,10.08,9.175532623129266,0.9044673768707332,Winter,PRODUCE_PRIORITY
698.0,luxury_house,32.05269075836958,18.0,0.0,18.0,32.05269075836958,-14.052690758369577,Winter,PRODUCE_PRIORITY
698.0,small_family,16.211442010234904,6.5,0.0,6.5,16.211442010234904,-9.711442010234904,Winter,PRODUCE_PRIORITY
699.0,apartment,19.36148504825569,3.6399999999999997,0.0,3.6399999999999997,19.36148504825569,-15.721485048255692,Winter,PRODUCE_PRIORITY
699.0,family_house,12.976162677626192,10.08,0.0,10.08,12.976162677626192,-2.896162677626192,Winter,PRODUCE_PRIORITY
699.0,luxury_house,41.514654576052706,18.0,0.0,18.0,41.514654576052706,-23.514654576052703,Winter,PRODUCE_PRIORITY
699.0,small_family,22.926441156499163,6.5,0.0,6.5,22.926441156499163,-16.426441156499163,Winter,PRODUCE_PRIORITY
700.0,apartment,23.712879515376088,3.6399999999999997,0.0,3.6399999999999997,23.712879515376088,-20.07287951537609,Winter,PRODUCE_PRIORITY
700.0,family_house,15.796855505180428,10.08,0.0,10.08,15.796855505180428,-5.716855505180429,Winter,PRODUCE_PRIORITY
700.0,luxury_house,44.486494757573034,18.0,0.0,18.0,44.486494757573034,-26.48649475757303,Winter,PRODUCE_PRIORITY
700.0,small_family,28.079041225683394,6.5,0.0,6.5,28.079041225683394,-21.579041225683394,Winter,PRODUCE_PRIORITY
701.0,apartment,26.448280430909847,3.6399999999999997,0.0,3.6399999999999997,26.448280430909847,-22.808280430909846,Winter,PRODUCE_PRIORITY
701.0,family_house,17.15768261723006,10.08,0.0,10.08,17.15768261723006,-7.0776826172300575,Winter,PRODUCE_PRIORITY
701.0,luxury_house,45.76393927430029,18.0,0.0,18.0,45.76393927430029,-27.763939274300295,Winter,PRODUCE_PRIORITY
701.0,small_family,30.97001376554345,6.5,0.0,6.5,30.97001376554345,-24.47001376554345,Winter,PRODUCE_PRIORITY
702.0,apartment,27.381274742927094,3.6399999999999997,0.0,3.6399999999999997,27.381274742927094,-23.741274742927093,Winter,PRODUCE_PRIORITY
702.0,family_house,17.621835403014078,10.08,0.0,10.08,17.621835403014078,-7.541835403014079,Winter,PRODUCE_PRIORITY
702.0,luxury_house,45.96726903601328,18.0,0.0,18.0,45.96726903601328,-27.967269036013274,Winter,PRODUCE_PRIORITY
702.0,small_family,31.780308115158853,6.5,0.0,6.5,31.780308115158853,-25.280308115158853,Winter,PRODUCE_PRIORITY
703.0,apartment,26.44828043090985,3.6399999999999997,0.0,3.6399999999999997,26.44828043090985,-22.808280430909853,Winter,PRODUCE_PRIORITY
703.0,family_house,17.15768261723006,10.08,0.0,10.08,17.15768261723006,-7.0776826172300575,Winter,PRODUCE_PRIORITY
703.0,luxury_house,45.76393927430029,18.0,0.0,18.0,45.76393927430029,-27.763939274300295,Winter,PRODUCE_PRIORITY
703.0,small_family,30.970013765543456,6.5,0.0,6.5,30.970013765543456,-24.470013765543456,Winter,PRODUCE_PRIORITY
704.0,apartment,23.712879515376088,3.6399999999999997,0.0,3.6399999999999997,23.712879515376088,-20.07287951537609,Winter,PRODUCE_PRIORITY
704.0,family_house,15.796855505180432,10.08,0.0,10.08,15.796855505180432,-5.7168555051804315,Winter,PRODUCE_PRIORITY
704.0,luxury_house,44.486494757573034,18.0,0.0,18.0,44.486494757573034,-26.486494757573034,Winter,PRODUCE_PRIORITY
704.0,small_family,28.079041225683397,6.5,0.0,6.5,28.079041225683397,-21.579041225683397,Winter,PRODUCE_PRIORITY
705.0,apartment,19.36148504825569,3.6399999999999997,0.0,3.6399999999999997,19.36148504825569,-15.721485048255692,Winter,PRODUCE_PRIORITY
705.0,family_house,12.976162677626192,10.08,0.0,10.08,12.976162677626192,-2.896162677626192,Winter,PRODUCE_PRIORITY
705.0,luxury_house,41.514654576052706,18.0,0.0,18.0,41.514654576052706,-23.514654576052703,Winter,PRODUCE_PRIORITY
705.0,small_family,22.926441156499163,6.5,0.0,6.5,22.926441156499163,-16.426441156499163,Winter,PRODUCE_PRIORITY
706.0,apartment,13.690637371463556,3.6399999999999997,0.0,3.6399999999999997,13.690637371463556,-10.050637371463555,Winter,PRODUCE_PRIORITY
706.0,family_house,10.572933455663572,10.08,0.0,10.08,10.572933455663572,-0.4929334556635736,Winter,PRODUCE_PRIORITY
706.0,luxury_house,32.0526907583696,18.0,0.0,18.0,32.0526907583696,-14.052690758369604,Winter,PRODUCE_PRIORITY
706.0,small_family,16.21144201023492,6.5,0.0,6.5,16.21144201023492,-9.711442010234917,Winter,PRODUCE_PRIORITY
707.0,apartment,7.086795382654167,3.6399999999999997,0.0,3.6399999999999997,7.086795382654167,-3.4467953826541677,Winter,PRODUCE_PRIORITY
707.0,family_house,5.472953081854684,10.08,0.0,10.08,5.472953081854684,4.607046918145316,Winter,PRODUCE_PRIORITY
707.0,luxury_house,14.87864801361404,18.0,0.0,18.0,14.87864801361404,3.1213519863859602,Winter,PRODUCE_PRIORITY
707.0,small_family,8.391659881647787,6.5,0.0,6.5,8.391659881647787,-1.8916598816477856,Winter,PRODUCE_PRIORITY
708.0,apartment,3.353239047049993e-15,3.6399999999999997,0.0,3.6399999999999997,3.353239047049993e-15,3.639999999999996,Winter,PRODUCE_PRIORITY
708.0,family_house,2.5896218228152704e-15,10.08,0.0,10.08,2.5896218228152704e-15,10.079999999999997,Winter,PRODUCE_PRIORITY
708.0,luxury_house,7.040088050048631e-15,18.0,0.0,18.0,7.040088050048631e-15,17.999999999999993,Winter,PRODUCE_PRIORITY
708.0,small_family,3.9706581134794225e-15,6.5,0.0,6.5,3.9706581134794225e-15,6.499999999999996,Winter,PRODUCE_PRIORITY
709.0,apartment,0.0,3.6399999999999997,0.0,3.6399999999999997,0.0,3.6399999999999997,Winter,PRODUCE_PRIORITY
709.0,family_house,0.0,10.08,0.0,10.08,0.0,10.08,Winter,PRODUCE_PRIORITY
709.0,luxury_house,0.0,18.0,0.0,18.0,0.0,18.0,Winter,PRODUCE_PRIORITY
709.0,small_family,0.0,6.5,0.0,6.5,0.0,6.5,Winter,PRODUCE_PRIORITY
710.0,apartment,0.0,3.6399999999999997,0.0,3.6399999999999997,0.0,3.6399999999999997,Winter,PRODUCE_PRIORITY
710.0,family_house,0.0,10.08,0.0,10.08,0.0,10.08,Winter,PRODUCE_PRIORITY
710.0,luxury_house,0.0,18.0,0.0,18.0,0.0,18.0,Winter,PRODUCE_PRIORITY
710.0,small_family,0.0,6.5,0.0,6.5,0.0,6.5,Winter,PRODUCE_PRIORITY
711.0,apartment,0.0,3.6399999999999997,0.0,3.6399999999999997,0.0,3.6399999999999997,Winter,PRODUCE_PRIORITY
711.0,family_house,0.0,10.08,0.0,10.08,0.0,10.08,Winter,PRODUCE_PRIORITY
711.0,luxury_house,0.0,18.0,0.0,18.0,0.0,18.0,Winter,PRODUCE_PRIORITY
711.0,small_family,0.0,6.5,0.0,6.5,0.0,6.5,Winter,PRODUCE_PRIORITY
712.0,apartment,0.0,3.6399999999999997,0.0,3.6399999999999997,0.0,3.6399999999999997,Winter,PRODUCE_PRIORITY
712.0,family_house,0.0,10.08,0.0,10.08,0.0,10.08,Winter,PRODUCE_PRIORITY
712.0,luxury_house,0.0,18.0,0.0,18.0,0.0,18.0,Winter,PRODUCE_PRIORITY
712.0,small_family,0.0,6.5,0.0,6.5,0.0,6.5,Winter,PRODUCE_PRIORITY
713.0,apartment,0.0,3.6399999999999997,0.0,3.6399999999999997,0.0,3.6399999999999997,Winter,PRODUCE_PRIORITY
713.0,family_house,0.0,10.08,0.0,10.08,0.0,10.08,Winter,PRODUCE_PRIORITY
713.0,luxury_house,0.0,18.0,0.0,18.0,0.0,18.0,Winter,PRODUCE_PRIORITY
713.0,small_family,0.0,6.5,0.0,6.5,0.0,6.5,Winter,PRODUCE_PRIORITY
714.0,apartment,0.0,21.16765526265352,0.0,21.16765526265352,0.0,21.16765526265352,Winter,PRODUCE_PRIORITY
714.0,family_house,0.0,27.210186496822928,0.0,27.210186496822928,0.0,27.210186496822928,Winter,PRODUCE_PRIORITY
714.0,luxury_house,0.0,32.13840377405251,0.0,32.13840377405251,0.0,32.13840377405251,Winter,PRODUCE_PRIORITY
714.0,small_family,0.0,29.678948534828816,0.0,29.678948534828816,0.0,29.678948534828816,Winter,PRODUCE_PRIORITY
715.0,apartment,0.0,22.37852283972031,0.0,22.37852283972031,0.0,22.37852283972031,Winter,PRODUCE_PRIORITY
715.0,family_house,0.0,29.318094205953482,0.0,29.318094205953482,0.0,29.318094205953482,Winter,PRODUCE_PRIORITY
715.0,luxury_house,0.0,37.92517475394688,0.0,37.92517475394688,0.0,37.92517475394688,Winter,PRODUCE_PRIORITY
715.0,small_family,0.0,24.538304275481646,0.0,24.538304275481646,0.0,24.538304275481646,Winter,PRODUCE_PRIORITY
716.0,apartment,0.0,24.493685640618565,0.0,24.493685640618565,0.0,24.493685640618565,Winter,PRODUCE_PRIORITY
716.0,family_house,0.0,25.455426804217115,0.0,25.455426804217115,0.0,25.455426804217115,Winter,PRODUCE_PRIORITY
716.0,luxury_house,0.0,36.38325555383775,0.0,36.38325555383775,0.0,36.38325555383775,Winter,PRODUCE_PRIORITY
716.0,small_family,0.0,25.7333431497571,0.0,25.7333431497571,0.0,25.7333431497571,Winter,PRODUCE_PRIORITY
717.0,apartment,0.0,17.92471097162524,0.0,17.92471097162524,0.0,17.92471097162524,Winter,PRODUCE_PRIORITY
717.0,family_house,0.0,25.219805319692323,0.0,25.219805319692323,0.0,25.219805319692323,Winter,PRODUCE_PRIORITY
717.0,luxury_house,0.0,36.93677177894473,0.0,36.93677177894473,0.0,36.93677177894473,Winter,PRODUCE_PRIORITY
717.0,small_family,0.0,20.91301539099052,0.0,20.91301539099052,0.0,20.91301539099052,Winter,PRODUCE_PRIORITY
718.0,apartment,0.0,3.6399999999999997,0.0,3.6399999999999997,0.0,3.6399999999999997,Winter,PRODUCE_PRIORITY
718.0,family_house,0.0,10.08,0.0,10.08,0.0,10.08,Winter,PRODUCE_PRIORITY
718.0,luxury_house,0.0,18.0,0.0,18.0,0.0,18.0,Winter,PRODUCE_PRIORITY
718.0,small_family,0.0,6.5,0.0,6.5,0.0,6.5,Winter,PRODUCE_PRIORITY
719.0,apartment,0.0,3.6399999999999997,0.0,3.6399999999999997,0.0,3.6399999999999997,Winter,PRODUCE_PRIORITY
719.0,family_house,0.0,10.08,0.0,10.08,0.0,10.08,Winter,PRODUCE_PRIORITY
719.0,luxury_house,0.0,18.0,0.0,18.0,0.0,18.0,Winter,PRODUCE_PRIORITY
719.0,small_family,0.0,6.5,0.0,6.5,0.0,6.5,Winter,PRODUCE_PRIORITY
