time,generation_kw,load_kw,generation_kwh,load_kwh,solar_used_kwh,battery_charge_kwh,battery_discharge_kwh,self_consumed_kwh,net_load_kwh,grid_import,grid_export,curtailed_kwh,unmet_load_kwh,total_soc_kwh
0.0,0.0,38.22,0.0,38.22,0.0,0.0,38.22,38.22,38.22,0.0,0.0,0.0,0.0,265.71258260945484
1.0,36.25625313364408,38.22,36.25625313364408,38.22,29.542626632862724,6.713626500781358,8.677373367137275,38.22,1.9637468663559159,0.0,0.0,0.0,0.0,262.934933290816
2.0,70.04170253252155,38.22,70.04170253252155,38.22,35.516380291082896,34.52532224143866,2.7036197089171,38.22,-31.821702532521563,0.0,0.0,0.0,0.0,292.8386644587143
3.0,98.2518811943795,38.22,98.2518811943795,38.22,36.957573676376086,61.29430751800341,1.2624263236239155,38.22,-60.03188119437949,0.0,0.0,0.0,0.0,349.6568360796814
4.0,118.1242622823248,38.22,118.1242622823248,38.22,37.71393790095584,77.89396046532208,0.50606209904416,38.22,-79.90426228232481,0.0,2.516363916046888,0.0,0.0,423.0200991019844
5.0,128.76628111795557,38.22,128.76628111795557,38.22,38.00162628621228,54.768447686699425,0.21837371378772463,38.22,-90.54628111795557,0.0,35.99620714504386,0.0,0.0,474.74782457694977
6.0,132.0601910969018,38.22,132.0601910969018,38.22,38.099751436918126,37.8675559396212,0.12024856308187104,38.22,-93.84019109690182,0.0,56.092883720362494,0.0,0.0,510.54538931996154
7.0,128.76628111795557,38.22,128.76628111795557,38.22,38.00162628621228,23.0883429669798,0.21837371378772463,38.22,-90.54628111795557,0.0,67.6763118647635,0.0,0.0,532.2187285668377
8.0,118.1242622823248,38.22,118.1242622823248,38.22,37.71393790095584,10.576428212745535,0.5060620990441596,38.22,-79.90426228232482,0.0,69.83389616862344,0.0,0.0,541.7189730751445
9.0,98.2518811943795,38.22,98.2518811943795,38.22,36.957573676376086,4.914012062265486,1.2624263236239155,38.22,-60.03188119437949,0.0,56.38029545573792,0.0,0.0,545.0501000580998
10.0,70.04170253252161,38.22,70.04170253252161,38.22,35.5163802910829,0.6039723319464873,2.7036197089170946,38.22,-31.821702532521616,0.0,33.92134990949222,0.0,0.0,542.7732131195355
11.0,36.25625313364412,38.22,36.25625313364412,38.22,29.542626632862742,0.0,8.677373367137259,38.22,1.9637468663558753,0.0,6.713626500781382,0.0,0.0,533.6264584702561
12.0,1.7155269362656722e-14,38.22,1.7155269362656722e-14,38.22,1.7155269362656722e-14,0.0,37.79980828378758,37.7998082837876,38.219999999999985,0.42019171621240203,0.0,0.0,0.0,493.78196203876644
13.0,0.0,38.22,0.0,38.22,0.0,0.0,35.59037490171869,35.59037490171869,38.22,2.6296250982813074,0.0,0.0,0.0,456.26641288252563
14.0,0.0,38.22,0.0,38.22,0.0,0.0,34.62515376733391,34.62515376733391,38.22,3.594846232666085,0.0,0.0,0.0,419.768296136414
15.0,0.0,38.22,0.0,38.22,0.0,0.0,33.72,33.72,38.22,4.5,0.0,0.0,0.0,384.2242952361214
16.0,0.0,38.22,0.0,38.22,0.0,0.0,33.72,33.72,38.22,4.5,0.0,0.0,0.0,348.6802943358288
17.0,0.0,38.22,0.0,38.22,0.0,0.0,33.72,33.72,38.22,4.5,0.0,0.0,0.0,313.1362934355363
18.0,0.0,102.46222319502846,0.0,102.46222319502846,0.0,0.0,85.20290964531178,85.20290964531178,102.46222319502846,17.25931354971668,0.0,0.0,0.0,223.32454085129814
19.0,0.0,121.41628857781248,0.0,121.41628857781248,0.0,0.0,100.08840691570782,100.08840691570782,121.41628857781248,21.327881662104666,0.0,0.0,0.0,117.82209644083642
20.0,0.0,109.70990052768975,0.0,109.70990052768975,0.0,0.0,73.21200483060873,73.21200483060873,109.70990052768975,36.49789569708102,0.0,0.0,0.0,40.64986733017859
21.0,0.0,123.6405090171181,0.0,123.6405090171181,0.0,0.0,32.488212487726805,32.488212487726805,123.6405090171181,91.15229652939131,0.0,0.0,0.0,6.404284473931302
22.0,0.0,38.22,0.0,38.22,0.0,0.0,2.811726027922865,2.811726027922865,38.22,35.40827397207713,0.0,0.0,0.0,3.4404650057264856
23.0,0.0,38.22,0.0,38.22,0.0,0.0,1.6251231511040067,1.6251231511040067,38.22,36.59487684889599,0.0,0.0,0.0,1.7274347938069379
24.0,0.0,38.22,0.0,38.22,0.0,0.0,0.6123364673742886,0.6123364673742886,38.22,37.60766353262571,0.0,0.0,0.0,1.0819754833788924
25.0,36.16845205285634,38.22,36.16845205285634,38.22,27.913907178581866,8.254544874274469,0.0,27.913907178581866,2.051547947143664,10.306092821418133,0.0,0.0,0.0,8.912924338611559
26.0,69.8720838695036,38.22,69.8720838695036,38.22,34.825503594969085,35.04658027453451,0.0,34.825503594969085,-31.652083869503603,3.3944964050309134,0.0,0.0,0.0,42.16102969884904
27.0,97.90712051135361,38.22,97.90712051135361,38.22,36.79912268990951,61.1079978214441,0.0,36.79912268990951,-59.68712051135361,1.42087731009049,0.0,0.0,0.0,100.13316660936025
28.0,117.42265303244582,38.22,117.42265303244582,38.22,37.55406828684179,79.86858474560402,0.0,37.55406828684179,-79.20265303244582,0.6659317131582083,0.0,0.0,0.0,175.90315899644682
29.0,127.9529380116974,38.22,127.9529380116974,38.22,37.8422667994724,87.8825391926698,0.0,37.8422667994724,-89.7329380116974,0.3777332005276013,2.228132019555194,0.0,0.0,259.2758561188024
30.0,131.2248751977039,38.22,131.2248751977039,38.22,37.88185608555883,76.31517296353047,0.0,37.88185608555883,-93.00487519770392,0.3381439144411664,17.027846148614614,0.0,0.0,331.6747860971399
31.0,127.9529380116974,38.22,127.9529380116974,38.22,37.8422667994724,49.50362255173852,0.0,37.8422667994724,-89.7329380116974,0.3777332005276013,40.607048660486484,0.0,0.0,378.63804600497093
32.0,117.42265303244584,38.22,117.42265303244584,38.22,37.55406828684179,29.860800888436348,0.172128598793704,37.726196885635495,-79.20265303244584,0.49380311436450364,50.00778385716769,0.0,0.0,406.78504960002863
33.0,97.90712051135361,38.22,97.90712051135361,38.22,36.79912268990951,18.029472880503768,0.4411503362449227,37.24027302615443,-59.68712051135361,0.9797269738455672,43.07852494094033,0.0,0.0,423.4242961100562
34.0,69.87208386950365,38.22,69.87208386950365,38.22,34.82550359496909,5.540035254657597,0.9897548379035198,35.81525843287261,-31.652083869503656,2.4047415671273873,29.506545019876967,0.0,0.0,427.63674182244563
35.0,36.168452052856374,38.22,36.168452052856374,38.22,27.91390717858188,0.09945974094609744,6.7556170603537185,34.6695242389356,2.051547947143624,3.5504757610644004,8.155085133328397,0.0,0.0,420.61005198064
36.0,1.7113724772108602e-14,38.22,1.7113724772108602e-14,38.22,1.7113724772108602e-14,0.0,33.43999999999998,33.44,38.219999999999985,4.779999999999999,0.0,0.0,0.0,385.36119699529644
37.0,0.0,38.22,0.0,38.22,0.0,0.0,32.00927770422237,32.00927770422237,38.22,6.210722295777627,0.0,0.0,0.0,351.6204557279004
38.0,0.0,38.22,0.0,38.22,0.0,0.0,29.92317749979116,29.92317749979116,38.22,8.29682250020884,0.0,0.0,0.0,320.0786571516195
39.0,0.0,38.22,0.0,38.22,0.0,0.0,27.08553967430666,27.08553967430666,38.22,11.134460325693341,0.0,0.0,0.0,291.5279914763981
40.0,0.0,38.22,0.0,38.22,0.0,0.0,26.84459228052495,26.84459228052495,38.22,11.37540771947505,0.0,0.0,0.0,263.2313066547206
41.0,0.0,38.22,0.0,38.22,0.0,0.0,26.1,26.1,38.22,12.12,0.0,0.0,0.0,235.71949101125568
42.0,0.0,103.56831257490146,0.0,103.56831257490146,0.0,0.0,70.28414768609296,70.28414768609296,103.56831257490146,33.2841648888085,0.0,0.0,0.0,161.63349431402006
43.0,0.0,118.0675131381726,0.0,118.0675131381726,0.0,0.0,71.35512678541356,71.35512678541356,118.0675131381726,46.71238635275904,0.0,0.0,0.0,86.41858652335483
44.0,0.0,119.12694750743987,0.0,119.12694750743987,0.0,0.0,54.979094094524186,54.979094094524186,119.12694750743987,64.14785341291568,0.0,0.0,0.0,28.465532846218466
45.0,0.0,110.10390419612861,0.0,110.10390419612861,0.0,0.0,22.323606146545774,22.323606146545774,110.10390419612861,87.78029804958284,0.0,0.0,0.0,4.934385842345389
46.0,0.0,38.22,0.0,38.22,0.0,0.0,1.8635969576468312,1.8635969576468312,38.22,36.356403042353165,0.0,0.0,0.0,2.969982166770612
47.0,0.0,38.22,0.0,38.22,0.0,0.0,1.3399999999999999,1.3399999999999999,38.22,36.88,0.0,0.0,0.0,1.5574981452287355
48.0,0.0,38.22,0.0,38.22,0.0,0.0,1.2546792239377254,1.2546792239377254,38.22,36.96532077606227,0.0,0.0,0.0,0.23495011838351276
49.0,30.2983550042714,38.22,30.2983550042714,38.22,24.56550703307158,5.732847971199818,0.22289325318542952,24.78840028625701,7.921644995728601,13.431599713742989,0.0,0.0,0.0,5.43865712054004
50.0,58.531927185400754,38.22,58.531927185400754,38.22,31.893253077910522,26.638674107490232,2.6331251014325257e-17,31.893253077910522,-20.311927185400755,6.326746922089477,0.0,0.0,0.0,30.710322328526697
51.0,82.5154496134315,38.22,82.5154496134315,38.22,35.52057127563351,46.994878337798,0.0,35.52057127563351,-44.29544961343151,2.699428724366495,0.0,0.0,0.0,75.29357850151155
52.0,96.70011925394888,38.22,96.70011925394888,38.22,36.79012977623084,59.90998947771806,0.0,36.79012977623084,-58.48011925394889,1.4298702237691605,0.0,0.0,0.0,132.12918490540468
53.0,104.30686095488005,38.22,104.30686095488005,38.22,37.21376408736953,64.52428903921815,0.0,37.21376408736953,-66.08686095488005,1.0062359126304679,2.568807828292378,0.0,0.0,193.34230023549478
54.0,106.69255843009613,38.22,106.69255843009613,38.22,37.33136655076024,50.314695986732914,0.0,37.33136655076024,-68.47255843009613,0.8886334492397646,19.046495892602984,0.0,0.0,241.0750119645975
55.0,104.30686095488005,38.22,104.30686095488005,38.22,37.21376408736953,36.779759954909544,0.0,37.21376408736953,-66.08686095488005,1.0062359126304679,30.313336912600985,0.0,0.0,275.96735594012733
56.0,96.7001192539489,38.22,96.7001192539489,38.22,36.79012977623084,27.870087320379316,0.07884133449939834,36.868971110730236,-58.4801192539489,1.3510288892697615,32.039902157338744,0.0,0.0,302.3241362325855
57.0,82.5154496134315,38.22,82.5154496134315,38.22,35.52057127563351,19.55197443272878,0.6709066034004993,36.191477879034004,-44.29544961343151,2.028522120965996,27.442903905069223,0.0,0.0,320.1655701661617
58.0,58.5319271854008,38.22,58.5319271854008,38.22,31.893253077910533,4.468856994538258,2.5448872504604676,34.438140328371,-20.311927185400798,3.7818596716290003,22.16981711295201,0.0,0.0,321.72255345833014
59.0,30.298355004271432,38.22,30.298355004271432,38.22,24.565507033071597,0.027438091329025693,7.373988332353727,31.939495365425326,7.921644995728567,6.280504634574674,5.705409879870809,0.0,0.0,313.97571732738953
60.0,1.43361874551054e-14,38.22,1.43361874551054e-14,38.22,1.43361874551054e-14,0.0,28.421487455949126,28.42148745594914,38.219999999999985,9.798512544050858,0.0,0.0,0.0,284.0168390438216
61.0,0.0,38.22,0.0,38.22,0.0,0.0,23.968336739461183,23.968336739461183,38.22,14.251663260538814,0.0,0.0,0.0,258.7519937696246
62.0,0.0,38.22,0.0,38.22,0.0,0.0,22.69297488948136,22.69297488948136,38.22,15.527025110518638,0.0,0.0,0.0,234.8314979243683
63.0,0.0,38.22,0.0,38.22,0.0,0.0,21.08370636969185,21.08370636969185,38.22,17.13629363030815,0.0,0.0,0.0,212.6073200422262
64.0,0.0,38.22,0.0,38.22,0.0,0.0,20.84,20.84,38.22,17.38,0.0,0.0,0.0,190.64003122958988
65.0,0.0,38.22,0.0,38.22,0.0,0.0,20.57469155239797,20.57469155239797,38.22,17.64530844760203,0.0,0.0,0.0,168.95240207592218
66.0,0.0,106.6438513901224,0.0,106.6438513901224,0.0,0.0,50.08050434961759,50.08050434961759,106.6438513901224,56.56334704050482,0.0,0.0,0.0,116.16291537100182
67.0,0.0,116.05375857373924,0.0,116.05375857373924,0.0,0.0,49.79615295561954,49.79615295561954,116.05375857373924,66.2576056181197,0.0,0.0,0.0,63.67316135304072
68.0,0.0,115.58223625667766,0.0,115.58223625667766,0.0,0.0,43.534827114197476,43.534827114197476,115.58223625667766,72.04740914248018,0.0,0.0,0.0,17.78342427886761
69.0,0.0,104.11962829885512,0.0,104.11962829885512,0.0,0.0,12.613737486413106,12.613737486413106,104.11962829885512,91.50589081244202,0.0,0.0,0.0,4.487377524030072
70.0,0.0,38.22,0.0,38.22,0.0,0.0,1.0990476313836623,1.0990476313836623,38.22,37.12095236861634,0.0,0.0,0.0,3.3288795999682304
71.0,0.0,38.22,0.0,38.22,0.0,0.0,0.78,0.78,38.22,37.44,0.0,0.0,0.0,2.5066874083244515
72.0,0.0,38.22,0.0,38.22,0.0,0.0,0.78,0.78,38.22,37.44,0.0,0.0,0.0,1.6844952166806728
73.0,36.48360806294775,38.22,36.48360806294775,38.22,29.178351165011065,7.305256897936688,0.18030121904131668,29.35865238405238,1.7363919370522456,8.861347615947617,0.0,0.0,0.0,8.424816251363021
74.0,70.48091852841864,38.22,70.48091852841864,38.22,34.23146267810218,36.24945585031646,0.0,34.23146267810218,-32.26091852841864,3.9885373218978173,0.0,0.0,0.0,42.81406957997773
75.0,98.3848325288596,38.22,98.3848325288596,38.22,36.36765208479451,62.0171804440651,0.0,36.36765208479451,-60.164832528859606,1.8523479152054898,0.0,0.0,0.0,101.64873285944724
76.0,115.5225719134268,38.22,115.5225719134268,38.22,37.47012131818433,78.05245059524246,0.0,37.47012131818433,-77.3025719134268,0.7498786818156647,0.0,0.0,0.0,175.69578911106663
77.0,123.99966500098151,38.22,123.99966500098151,38.22,37.72000900292742,85.86423567216524,0.0,37.72000900292742,-85.77966500098151,0.4999909970725829,0.4154203258888516,0.0,0.0,257.15375539312294
78.0,126.51952877732926,38.22,126.51952877732926,38.22,37.75528550092639,75.92037505135836,0.0,37.75528550092639,-88.29952877732926,0.46471449907360807,12.8438682250445,0.0,0.0,329.1781471860775
79.0,123.99966500098152,38.22,123.99966500098152,38.22,37.72000900292742,49.32506840838564,0.0,37.72000900292742,-85.77966500098152,0.4999909970725829,36.95458758966846,0.0,0.0,375.97201576031205
80.0,115.5225719134268,38.22,115.5225719134268,38.22,37.47012131818433,35.66421516255011,0.14646222578761764,37.616583543971956,-77.3025719134268,0.6034164560280465,42.38823543269236,0.0,0.0,409.6516762815476
81.0,98.3848325288596,38.22,98.3848325288596,38.22,36.36765208479451,22.61613613670715,0.940343426122096,37.307995510916605,-60.164832528859606,0.9120044890833939,39.40104430735794,0.0,0.0,430.1160178977743
82.0,70.4809185284187,38.22,70.4809185284187,38.22,34.23146267810219,5.8970857963498835,1.445890139174025,35.677352817276216,-32.2609185284187,2.5426471827237873,30.352370053966624,0.0,0.0,434.1863826712198
83.0,36.483608062947795,38.22,36.483608062947795,38.22,29.17835116501108,0.16088471295013695,4.062765384022146,33.24111654903323,1.7363919370522056,4.978883450966773,7.144372184986577,0.0,0.0,430.05648057384104
84.0,1.7262846255358657e-14,38.22,1.7262846255358657e-14,38.22,1.7262846255358657e-14,0.0,30.599999999999984,30.6,38.219999999999985,7.619999999999999,0.0,0.0,0.0,397.8012484401236
85.0,0.0,38.22,0.0,38.22,0.0,0.0,30.140375873580265,30.140375873580265,38.22,8.079624126419734,0.0,0.0,0.0,366.0305026754233
86.0,0.0,38.22,0.0,38.22,0.0,0.0,28.411024855771366,28.411024855771366,38.22,9.808975144228633,0.0,0.0,0.0,336.0826529407919
87.0,0.0,38.22,0.0,38.22,0.0,0.0,28.080000000000002,28.080000000000002,38.22,10.14,0.0,0.0,0.0,306.48373404161583
88.0,0.0,38.22,0.0,38.22,0.0,0.0,27.99563810771842,27.99563810771842,38.22,10.22436189228158,0.0,0.0,0.0,276.9737403848837
89.0,0.0,38.22,0.0,38.22,0.0,0.0,27.58,27.58,38.22,10.64,0.0,0.0,0.0,247.9018677624024
90.0,0.0,99.31872258775525,0.0,99.31872258775525,0.0,0.0,73.218482178974,73.218482178974,99.31872258775525,26.100240408781243,0.0,0.0,0.0,170.72281092706703
91.0,0.0,112.78605885503667,0.0,112.78605885503667,0.0,0.0,75.21346357852417,75.21346357852417,112.78605885503667,37.57259527651251,0.0,0.0,0.0,91.44085905431535
92.0,0.0,117.48921215451173,0.0,117.48921215451173,0.0,0.0,58.40632414185378,58.40632414185378,117.48921215451173,59.08288801265795,0.0,0.0,0.0,29.87518770553626
93.0,0.0,113.31313138328171,0.0,113.31313138328171,0.0,0.0,20.98254305454066,20.98254305454066,113.31313138328171,92.33058832874106,0.0,0.0,0.0,7.7576453205712195
94.0,0.0,38.22,0.0,38.22,0.0,0.0,2.4,2.4,38.22,35.82,0.0,0.0,0.0,5.227823192436516
95.0,0.0,38.22,0.0,38.22,0.0,0.0,2.2436246196174796,2.2436246196174796,38.22,35.97637538038252,0.0,0.0,0.0,2.8628351882964713
96.0,0.0,38.22,0.0,38.22,0.0,0.0,1.6431507351666914,1.6431507351666914,38.22,36.57684926483331,0.0,0.0,0.0,1.1308022342608457
97.0,27.468030257229124,38.22,27.468030257229124,38.22,23.977058372991227,3.4909718842378976,0.6005897504367319,24.57764812342796,10.751969742770875,13.642351876572041,0.0,0.0,0.0,3.8095517712238776
98.0,53.064159645494335,38.22,53.064159645494335,38.22,32.90845652316637,20.15570312232797,0.15477632524916052,33.06323284841553,-14.844159645494338,5.156767151584471,0.0,0.0,0.0,22.767782111954887
99.0,74.03429469096424,38.22,74.03429469096424,38.22,35.5970632077869,38.43723148317735,0.011779997115084428,35.60884320490199,-35.814294690964246,2.6111567950980143,0.0,0.0,0.0,59.220124436108655
100.0,87.97618427315292,38.22,87.97618427315292,38.22,36.40362238305881,51.57256189009412,0.0,36.40362238305881,-49.75618427315293,1.8163776169411894,0.0,0.0,0.0,108.14615253891738
101.0,96.74042245370728,38.22,96.74042245370728,38.22,36.7131918353392,60.02723061836807,0.0,36.7131918353392,-58.52042245370728,1.5068081646607947,0.0,0.0,0.0,165.09298365478958
102.0,99.6767837253125,38.22,99.6767837253125,38.22,36.818780210524615,58.793037432250685,0.0,36.818780210524615,-61.45678372531251,1.401219789475381,4.064966082537209,0.0,0.0,220.8689563084245
103.0,96.74042245370728,38.22,96.74042245370728,38.22,36.7131918353392,43.08450786296893,0.0,36.7131918353392,-58.52042245370729,1.5068081646607947,16.942722755399156,0.0,0.0,261.74250932274913
104.0,87.97618427315294,38.22,87.97618427315294,38.22,36.40362238305881,31.735020782981007,0.0,36.40362238305881,-49.75618427315294,1.816377616941189,19.837541107113122,0.0,0.0,291.84899350284917
105.0,74.03429469096424,38.22,74.03429469096424,38.22,35.5970632077869,21.72183356546532,0.3141052924817339,35.91116850026864,-35.814294690964246,2.308831499731365,16.715397917712025,0.0,0.0,312.12503815965397
106.0,53.06415964549438,38.22,53.06415964549438,38.22,32.90845652316638,4.934261638666984,2.059535054579775,34.96799157774615,-14.84415964549438,3.252008422253849,15.221441483661017,0.0,0.0,314.6351491999916
107.0,27.468030257229156,38.22,27.468030257229156,38.22,23.977058372991245,0.06724395348596723,9.33151958800819,33.308577960999436,10.751969742770845,4.911422039000566,3.4237279307519444,0.0,0.0,304.8626571060313
108.0,1.299697065185976e-14,38.22,1.299697065185976e-14,38.22,1.299697065185976e-14,0.0,31.787543439838274,31.787543439838284,38.219999999999985,6.432456560161714,0.0,0.0,0.0,271.3556442755538
109.0,0.0,38.22,0.0,38.22,0.0,0.0,28.98968392258465,28.98968392258465,38.22,9.230316077415349,0.0,0.0,0.0,240.79783432764316
110.0,0.0,38.22,0.0,38.22,0.0,0.0,25.02848820581911,25.02848820581911,38.22,13.191511794180892,0.0,0.0,0.0,214.41549128729332
111.0,0.0,38.22,0.0,38.22,0.0,0.0,23.333118338112197,23.333118338112197,38.22,14.886881661887802,0.0,0.0,0.0,189.82022499973422
112.0,0.0,38.22,0.0,38.22,0.0,0.0,20.34517136222822,20.34517136222822,38.22,17.874828637771778,0.0,0.0,0.0,168.37453136937697
113.0,0.0,38.22,0.0,38.22,0.0,0.0,19.02,19.02,38.22,19.2,0.0,0.0,0.0,148.32569100390944
114.0,0.0,113.42241660011246,0.0,113.42241660011246,0.0,0.0,55.409548435868345,55.409548435868345,113.42241660011246,58.01286816424412,0.0,0.0,0.0,89.91889861098802
115.0,0.0,110.12433459360781,0.0,110.12433459360781,0.0,0.0,39.136940191013686,39.136940191013686,110.12433459360781,70.98739440259413,0.0,0.0,0.0,48.66494139319184
116.0,0.0,109.22000435252127,0.0,109.22000435252127,0.0,0.0,32.11944347845445,32.11944347845445,109.22000435252127,77.10056087406683,0.0,0.0,0.0,14.808075203539355
117.0,0.0,113.90464225817465,0.0,113.90464225817465,0.0,0.0,10.857474451474499,10.857474451474499,113.90464225817465,103.04716780670014,0.0,0.0,0.0,3.363292235623775
118.0,0.0,38.22,0.0,38.22,0.0,0.0,1.0,1.0,38.22,37.22,0.0,0.0,0.0,2.3091996822343157
119.0,0.0,38.22,0.0,38.22,0.0,0.0,0.5607809769079,0.5607809769079,38.22,37.6592190230921,0.0,0.0,0.0,1.7180846303932318
120.0,0.0,38.22,0.0,38.22,0.0,0.0,0.5,0.5,38.22,37.72,0.0,0.0,0.0,1.1910383536985019
121.0,32.395545816029724,38.22,32.395545816029724,38.22,27.000757543631675,5.394788272398051,0.2394190099758311,27.240176553607505,5.824454183970274,10.979823446392494,0.0,0.0,0.0,6.056614088685918
122.0,62.58338872086776,38.22,62.58338872086776,38.22,35.12742442649858,27.455964294369185,0.0,35.12742442649858,-24.36338872086776,3.0925755735014238,0.0,0.0,0.0,32.10362884662522
123.0,87.72257178491404,38.22,87.72257178491404,38.22,36.81283811047601,50.90973367443803,0.0,36.81283811047601,-49.50257178491404,1.4071618895239908,0.0,0.0,0.0,80.4008428917644
124.0,104.88317965561191,38.22,104.88317965561191,38.22,37.488990507842324,67.3941891477696,0.0,37.488990507842324,-66.66317965561191,0.7310094921576766,0.0,0.0,0.0,144.3365845219106
125.0,113.85424906356374,38.22,113.85424906356374,38.22,37.57769746297296,76.27655160059079,0.0,37.57769746297296,-75.63424906356374,0.6423025370270399,0.0,0.0,0.0,216.69887505827927
126.0,116.87399592755128,38.22,116.87399592755128,38.22,37.607953753414066,69.84909710124373,0.0,37.607953753414066,-78.65399592755128,0.6120462465859352,9.416945072893476,0.0,0.0,282.9635468621377
127.0,113.85424906356376,38.22,113.85424906356376,38.22,37.57769746297296,48.31201019805449,0.0,37.57769746297296,-75.63424906356376,0.6423025370270399,27.964541402536312,0.0,0.0,328.7963440322781
128.0,104.88317965561193,38.22,104.88317965561193,38.22,37.488990507842324,36.215951956105286,0.0,37.488990507842324,-66.66317965561193,0.7310094921576765,31.178237191664316,0.0,0.0,363.15381277603507
129.0,87.72257178491404,38.22,87.72257178491404,38.22,36.81283811047601,22.841498069107583,0.5350400099431236,37.34787812041913,-49.50257178491404,0.8721218795808673,28.068235605330447,0.0,0.0,384.259178806404
130.0,62.58338872086781,38.22,62.58338872086781,38.22,35.127424426498585,6.914702195389101,1.6596516361706546,36.787076062669236,-24.36338872086781,1.4329239373307627,20.541262098980127,0.0,0.0,389.0696148592547
131.0,32.39554581602976,38.22,32.39554581602976,38.22,27.000757543631693,0.19941587726617355,7.959565731625275,34.96032327525697,5.8244541839702375,3.2596767247430325,5.195372395131896,0.0,0.0,380.86867840546313
132.0,1.5328509335361056e-14,38.22,1.5328509335361056e-14,38.22,1.5328509335361056e-14,0.0,32.592994093931274,32.592994093931296,38.219999999999985,5.627005906068707,0.0,0.0,0.0,346.51264603838354
133.0,0.0,38.22,0.0,38.22,0.0,0.0,32.02648275399281,32.02648275399281,38.22,6.193517246007188,0.0,0.0,0.0,312.75376905614377
134.0,0.0,38.22,0.0,38.22,0.0,0.0,31.28421397348115,31.28421397348115,38.22,6.935786026518846,0.0,0.0,0.0,279.7773120680548
135.0,0.0,38.22,0.0,38.22,0.0,0.0,29.915260415147472,29.915260415147472,38.22,8.304739584852529,0.0,0.0,0.0,248.24385883174136
136.0,0.0,38.22,0.0,38.22,0.0,0.0,25.491228727581678,25.491228727581678,38.22,12.728771272418323,0.0,0.0,0.0,221.37374445325005
137.0,0.0,38.22,0.0,38.22,0.0,0.0,24.232674232220713,24.232674232220713,38.22,13.987325767779286,0.0,0.0,0.0,195.83026299635358
138.0,0.0,112.89572771379294,0.0,112.89572771379294,0.0,0.0,74.00399488141379,74.00399488141379,112.89572771379294,38.89173283237915,0.0,0.0,0.0,117.82320307078359
139.0,0.0,110.45825823988777,0.0,110.45825823988777,0.0,0.0,60.461414958135734,60.461414958135734,110.45825823988777,49.99684328175203,0.0,0.0,0.0,54.09127579602262
140.0,0.0,101.44572585277368,0.0,101.44572585277368,0.0,0.0,34.221953932482236,34.221953932482236,101.44572585277368,67.22377192029144,0.0,0.0,0.0,18.018168993355957
141.0,0.0,107.97104757473568,0.0,107.97104757473568,0.0,0.0,12.459908414899658,12.459908414899658,107.97104757473568,95.51113915983602,0.0,0.0,0.0,4.884272317295559
142.0,0.0,38.22,0.0,38.22,0.0,0.0,1.153458523859587,1.153458523859587,38.22,37.066541476140415,0.0,0.0,0.0,3.66842027665157
143.0,0.0,38.22,0.0,38.22,0.0,0.0,0.5203747932488425,0.5203747932488425,38.22,37.69962520675116,0.0,0.0,0.0,3.119897082116385
144.0,0.0,38.22,0.0,38.22,0.0,0.0,0.27999999999999997,0.27999999999999997,38.22,37.94,0.0,0.0,0.0,2.8247511671673364
145.0,30.546009068401048,38.22,30.546009068401048,38.22,25.039080797083557,5.506928271317493,0.0006451613024253122,25.039725958385983,7.67399093159895,13.180274041614018,0.0,0.0,0.0,8.048401982003808
146.0,59.01035809845731,38.22,59.01035809845731,38.22,32.920437961988824,26.089920136468486,0.0,32.920437961988824,-20.79035809845731,5.2995620380111745,0.0,0.0,0.0,32.79947346294324
147.0,82.59493475336015,38.22,82.59493475336015,38.22,36.229825845548206,46.36510890781194,0.0,36.229825845548206,-44.37493475336015,1.9901741544517928,0.0,0.0,0.0,76.78527789607753
148.0,98.16521097145653,38.22,98.16521097145653,38.22,37.22810679911472,60.93710417234182,0.0,37.22810679911472,-59.94521097145654,0.9918932008852807,0.0,0.0,0.0,134.5952908559425
149.0,106.48936106752765,38.22,106.48936106752765,38.22,37.55665036299462,66.56967383622862,0.0,37.55665036299462,-68.26936106752765,0.6633496370053807,2.363036868304416,0.0,0.0,197.74882858104286
150.0,108.75282403525568,38.22,108.75282403525568,38.22,37.66871045429937,55.25447766810435,0.0,37.66871045429937,-70.53282403525569,0.5512895457006267,15.829635912851966,0.0,0.0,250.16782868727856
151.0,106.48936106752767,38.22,106.48936106752767,38.22,37.55665036299462,41.31378641697531,0.0,37.55665036299462,-68.26936106752767,0.6633496370053807,27.618924287557732,0.0,0.0,289.3615278402892
152.0,98.16521097145655,38.22,98.16521097145655,38.22,37.22810679911472,29.977962812786988,0.0,37.22810679911472,-59.94521097145655,0.9918932008852802,30.959141359554838,0.0,0.0,317.80112047035965
153.0,82.59493475336015,38.22,82.59493475336015,38.22,36.229825845548206,20.431147568910728,0.4756436180459711,36.70546946359418,-44.37493475336015,1.5145305364058217,25.933961338901213,0.0,0.0,336.68243653314113
154.0,59.01035809845735,38.22,59.01035809845735,38.22,32.92043796198883,6.508886444395459,2.610095081514239,35.53053304350307,-20.790358098457357,2.689466956496928,19.581033692073063,0.0,0.0,340.10602660278386
155.0,30.546009068401084,38.22,30.546009068401084,38.22,25.039080797083574,0.14228594327912109,8.530444955247273,33.56952575233085,7.673990931598915,4.650474247669153,5.364642328038389,0.0,0.0,331.2491323962953
156.0,1.4453369232362968e-14,38.22,1.4453369232362968e-14,38.22,1.4453369232362968e-14,0.0,29.802268960895013,29.802268960895027,38.219999999999985,8.417731039104972,0.0,0.0,0.0,299.834782610506
157.0,0.0,38.22,0.0,38.22,0.0,0.0,25.80695259637712,25.80695259637712,38.22,12.41304740362288,0.0,0.0,0.0,272.6318660529901
158.0,0.0,38.22,0.0,38.22,0.0,0.0,24.157381214679138,24.157381214679138,38.22,14.062618785320863,0.0,0.0,0.0,247.16775040520645
159.0,0.0,38.22,0.0,38.22,0.0,0.0,23.452521169220226,23.452521169220226,38.22,14.76747883077977,0.0,0.0,0.0,222.44662248252274
160.0,0.0,38.22,0.0,38.22,0.0,0.0,22.8,22.8,38.22,15.42,0.0,0.0,0.0,198.41331226524306
161.0,0.0,38.22,0.0,38.22,0.0,0.0,22.23531813904721,22.23531813904721,38.22,15.984681860952792,0.0,0.0,0.0,174.97522899262782
162.0,0.0,104.09589046638095,0.0,104.09589046638095,0.0,0.0,48.3791497712607,48.3791497712607,104.09589046638095,55.71674069512025,0.0,0.0,0.0,123.97912747942854
163.0,0.0,119.0480080460315,0.0,119.0480080460315,0.0,0.0,58.66090810334046,58.66090810334046,119.0480080460315,60.38709994269104,0.0,0.0,0.0,62.145101072633935
164.0,0.0,117.38236242239023,0.0,117.38236242239023,0.0,0.0,39.9759357956375,39.9759357956375,117.38236242239023,77.40642662675273,0.0,0.0,0.0,20.006764835677295
165.0,0.0,121.55993533763716,0.0,121.55993533763716,0.0,0.0,17.141327138138895,17.141327138138895,121.55993533763716,104.41860819949827,0.0,0.0,0.0,1.938219544152427
166.0,0.0,38.22,0.0,38.22,0.0,0.0,1.1800487538109827,1.1800487538109827,38.22,37.03995124618902,0.0,0.0,0.0,0.6943389401237581
167.0,0.0,38.22,0.0,38.22,0.0,0.0,0.5,0.5,38.22,37.72,0.0,0.0,0.0,0.16729266342902815
168.0,0.0,38.22,0.0,38.22,0.0,0.0,0.158707755681505,0.158707755681505,38.22,38.061292244318494,0.0,0.0,0.0,0.0
169.0,35.40948575354501,38.22,35.40948575354501,38.22,29.485131755319912,5.9243539982251,0.0,29.485131755319912,2.810514246454989,8.734868244680088,0.0,0.0,0.0,5.620335689854935
170.0,68.4058735699279,38.22,68.4058735699279,38.22,36.50107857157295,31.90479499835496,0.0,36.50107857157295,-30.185873569927907,1.7189214284270513,0.0,0.0,0.0,35.88788183251985
171.0,94.55248722286925,38.22,94.55248722286925,38.22,37.80382333702309,56.74866388584616,0.0,37.80382333702309,-56.332487222869254,0.4161766629769079,0.0,0.0,0.0,89.72439144770448
172.0,112.14701588728693,38.22,112.14701588728693,38.22,38.22,73.92701588728693,0.0,38.22,-73.92701588728693,0.0,0.0,0.0,0.0,159.85771669468855
173.0,121.60090463427981,38.22,121.60090463427981,38.22,38.22,83.37062101657239,0.0,38.22,-83.38090463427982,0.0,0.010283617707429027,0.0,0.0,238.95003240120994
174.0,124.43374171819103,38.22,124.43374171819103,38.22,38.22,79.31317511376051,0.0,38.22,-86.21374171819103,0.0,6.900566604430525,0.0,0.0,314.1931169469902
175.0,121.60090463427983,38.22,121.60090463427983,38.22,38.22,54.79398563864039,0.0,38.22,-83.38090463427983,0.0,28.586918995639437,0.0,0.0,366.17525595598806
176.0,112.14701588728693,38.22,112.14701588728693,38.22,38.22,40.806886348592656,0.0,38.22,-73.92701588728693,0.0,33.12012953869427,0.0,0.0,404.8880674803434
177.0,94.55248722286925,38.22,94.55248722286925,38.22,37.80382333702309,26.657613667127162,0.4161766629769079,38.22,-56.332487222869254,0.0,30.091050218719,0.0,0.0,429.7390116108916
178.0,68.40587356992796,38.22,68.40587356992796,38.22,36.501078571572954,7.549598404522524,1.6953319289117657,38.19641050048472,-30.18587356992796,0.02358949951528179,24.355196593832485,0.0,0.0,435.1141527624617
179.0,35.40948575354505,38.22,35.40948575354505,38.22,29.48513175531993,0.0,7.605020060632052,37.090151815951984,2.8105142464549493,1.129848184048019,5.924353998225121,0.0,0.0,427.09775774817194
180.0,1.675460682205815e-14,38.22,1.675460682205815e-14,38.22,1.675460682205815e-14,0.0,33.93999999999998,33.94,38.219999999999985,4.279999999999999,0.0,0.0,0.0,391.3218564861337
181.0,0.0,38.22,0.0,38.22,0.0,0.0,33.94,33.94,38.22,4.28,0.0,0.0,0.0,355.54595522409545
182.0,0.0,38.22,0.0,38.22,0.0,0.0,33.53421494425805,33.53421494425805,38.22,4.685785055741943,0.0,0.0,0.0,320.1977889675915
183.0,0.0,38.22,0.0,38.22,0.0,0.0,32.58501114130712,32.58501114130712,38.22,5.634988858692877,0.0,0.0,0.0,285.8501713714271
184.0,0.0,38.22,0.0,38.22,0.0,0.0,30.44549313837865,30.44549313837865,38.22,7.77450686162135,0.0,0.0,0.0,253.7578037699923
185.0,0.0,38.22,0.0,38.22,0.0,0.0,29.599999999999998,29.599999999999998,38.22,8.62,0.0,0.0,0.0,222.5566641896643
186.0,0.0,110.33131986858845,0.0,110.33131986858845,0.0,0.0,74.20822657688434,74.20822657688434,110.33131986858845,36.1230932917041,0.0,0.0,0.0,144.3343251547327
187.0,0.0,112.83025750428769,0.0,112.83025750428769,0.0,0.0,68.48296141541326,68.48296141541326,112.83025750428769,44.34729608887442,0.0,0.0,0.0,72.14694549268788
188.0,0.0,117.92475614293701,0.0,117.92475614293701,0.0,0.0,48.89362786451471,48.89362786451471,117.92475614293701,69.03112827842229,0.0,0.0,0.0,20.608536452507526
189.0,0.0,112.02737331693112,0.0,112.02737331693112,0.0,0.0,14.582947755860248,14.582947755860248,112.02737331693112,97.44442556107087,0.0,0.0,0.0,5.236759816587703
190.0,0.0,38.22,0.0,38.22,0.0,0.0,1.98344445205286,1.98344445205286,38.22,36.23655554794714,0.0,0.0,0.0,3.1460257896171466
191.0,0.0,38.22,0.0,38.22,0.0,0.0,1.0722929384164672,1.0722929384164672,38.22,37.14770706158353,0.0,0.0,0.0,2.015729788180246
192.0,0.0,38.22,0.0,38.22,0.0,0.0,0.5,0.5,38.22,37.72,0.0,0.0,0.0,1.488683511485516
193.0,33.72424964743518,38.22,33.72424964743518,38.22,26.018048018034854,7.706201629400327,0.0,26.018048018034854,4.49575035256482,12.201951981965147,0.0,0.0,0.0,8.799428288707261
194.0,65.15024741335529,38.22,65.15024741335529,38.22,32.852332162419195,32.297915250936086,0.0,32.852332162419195,-26.93024741335529,5.367667837580801,0.0,0.0,0.0,39.439921049121295
195.0,90.51353676196574,38.22,90.51353676196574,38.22,35.140670846691094,55.37286591527464,0.0,35.140670846691094,-52.29353676196573,3.079329153308902,0.0,0.0,0.0,91.97123410813292
196.0,108.03518297833381,38.22,108.03518297833381,38.22,36.3518783197609,71.68330465857291,0.0,36.3518783197609,-69.81518297833381,1.8681216802390974,0.0,0.0,0.0,159.97598798678763
197.0,118.04426907425302,38.22,118.04426907425302,38.22,36.695181281296755,79.859294137355,0.0,36.695181281296755,-79.82426907425302,1.5248187187032418,1.489793655601261,0.0,0.0,235.7371665289996
198.0,121.24951369704485,38.22,121.24951369704485,38.22,36.77685203385783,62.644255274253986,0.0,36.77685203385783,-83.02951369704485,1.44314796614217,21.82840638893303,0.0,0.0,295.1667252264972
199.0,118.04426907425302,38.22,118.04426907425302,38.22,36.695181281296755,45.99321926588226,0.0,36.695181281296755,-79.82426907425302,1.5248187187032418,35.35586852707401,0.0,0.0,338.7997241676148
200.0,108.03518297833382,38.22,108.03518297833382,38.22,36.3518783197609,31.372954172817796,0.10385643067237726,36.45573475043328,-69.81518297833382,1.7642652495667193,40.31035048575512,0.0,0.0,368.45324751167783
201.0,90.51353676196574,38.22,90.51353676196574,38.22,35.140670846691094,18.186554387281618,0.8342079123146705,35.97487875900577,-52.29353676196573,2.245121240994232,37.18631152799302,0.0,0.0,384.8271955596298
202.0,65.15024741335533,38.22,65.15024741335533,38.22,32.8523321624192,5.900724534745318,1.2984446580554312,34.15077682047463,-26.93024741335534,4.069223179525365,26.397190716190817,0.0,0.0,389.05643352709495
203.0,33.724249647435215,38.22,33.724249647435215,38.22,26.018048018034868,0.11121913306430536,5.830735286326742,31.848783304361607,4.495750352564781,6.371216695638391,7.594982496336046,0.0,0.0,383.01581061495455
204.0,1.595720839168474e-14,38.22,1.595720839168474e-14,38.22,1.595720839168474e-14,0.0,29.039999999999985,29.040000000000003,38.219999999999985,9.18,0.0,0.0,0.0,352.40496286452463
205.0,0.0,38.22,0.0,38.22,0.0,0.0,27.543528934042513,27.543528934042513,38.22,10.676471065957488,0.0,0.0,0.0,323.37153412108336
206.0,0.0,38.22,0.0,38.22,0.0,0.0,27.019813123673675,27.019813123673675,38.22,11.200186876326324,0.0,0.0,0.0,294.8901503134441
207.0,0.0,38.22,0.0,38.22,0.0,0.0,26.7,26.7,38.22,11.52,0.0,0.0,0.0,266.74587913794556
208.0,0.0,38.22,0.0,38.22,0.0,0.0,25.921022979491717,25.921022979491717,38.22,12.298977020508282,0.0,0.0,0.0,239.42272183902628
209.0,0.0,38.22,0.0,38.22,0.0,0.0,24.615256317458154,24.615256317458154,38.22,13.604743682541844,0.0,0.0,0.0,213.47596345502077
210.0,0.0,117.03250233522678,0.0,117.03250233522678,0.0,0.0,72.27879056698139,72.27879056698139,117.03250233522678,44.7537117682454,0.0,0.0,0.0,137.28742855036938
211.0,0.0,118.11617859750582,0.0,118.11617859750582,0.0,0.0,63.39817984746627,63.39817984746627,118.11617859750582,54.717998750039555,0.0,0.0,0.0,70.45987927470946
212.0,0.0,106.85564014112353,0.0,106.85564014112353,0.0,0.0,46.18593763158209,46.18593763158209,106.85564014112353,60.66970250954143,0.0,0.0,0.0,21.775626345948748
213.0,0.0,127.1971940569627,0.0,127.1971940569627,0.0,0.0,17.91313629830093,17.91313629830093,127.1971940569627,109.28405775866177,0.0,0.0,0.0,2.893522766059304
214.0,0.0,38.22,0.0,38.22,0.0,0.0,1.5,1.5,38.22,36.72,0.0,0.0,0.0,1.3123839359751144
215.0,0.0,38.22,0.0,38.22,0.0,0.0,0.9229396484227974,0.9229396484227974,38.22,37.2970603515772,0.0,0.0,0.0,0.3395201253447575
216.0,0.0,38.22,0.0,38.22,0.0,0.0,0.3220970722665884,0.3220970722665884,38.22,37.89790292773341,0.0,0.0,0.0,0.0
217.0,31.306971322634876,38.22,31.306971322634876,38.22,26.477206666480495,4.829764656154381,0.0,26.477206666480495,6.913028677365121,11.742793333519502,0.0,0.0,0.0,4.581917062808344
218.0,60.48042428684851,38.22,60.48042428684851,38.22,33.29045081826614,27.18997346858238,0.0,33.29045081826614,-22.260424286848515,4.929549181733865,0.0,0.0,0.0,30.376590766889045
219.0,84.7091616519521,38.22,84.7091616519521,38.22,35.31175442129797,49.39740723065414,0.0,35.31175442129797,-46.48916165195211,2.90824557870203,0.0,0.0,0.0,77.2390859736103
220.0,100.85759770124076,38.22,100.85759770124076,38.22,36.327681021352895,64.52991667988788,0.0,36.327681021352895,-62.63759770124077,1.8923189786471029,0.0,0.0,0.0,138.45754015241118
221.0,109.39066864692656,38.22,109.39066864692656,38.22,36.72570036881121,71.07956319316085,0.0,36.72570036881121,-71.17066864692656,1.4942996311887904,1.5854050849544983,0.0,0.0,205.88953458648894
222.0,111.97961111453218,38.22,111.97961111453218,38.22,36.83807970975386,62.90889318099628,0.0,36.83807970975386,-73.75961111453218,1.3819202902461378,12.232638223782029,0.0,0.0,265.570150846144
223.0,109.39066864692657,38.22,109.39066864692657,38.22,36.72570036881121,49.32188346739843,0.0,36.72570036881121,-71.17066864692657,1.4942996311887904,23.343084810716935,0.0,0.0,312.3609979200586
224.0,100.85759770124078,38.22,100.85759770124078,38.22,36.327681021352895,39.47737302011597,0.06853979099995522,36.39622081235285,-62.63759770124078,1.8237791876471467,25.05254365977191,0.0,0.0,349.7402750718487
225.0,84.7091616519521,38.22,84.7091616519521,38.22,35.31175442129797,24.62944967894222,0.44274242868773406,35.754496849985706,-46.48916165195211,2.4655031500142957,24.767957551711916,0.0,0.0,372.63913112528746
226.0,60.48042428684856,38.22,60.48042428684856,38.22,33.29045081826614,7.944957884546745,1.0796212122984037,34.37007203056454,-22.26042428684856,3.8499279694354565,19.245015584035677,0.0,0.0,379.03835929370666
227.0,31.30697132263491,38.22,31.30697132263491,38.22,26.477206666480516,0.0651565923614979,6.131142973849798,32.60834964033032,6.913028677365086,5.611650359669686,4.7646080637929,0.0,0.0,372.6373801121367
228.0,1.4813431602792577e-14,38.22,1.4813431602792577e-14,38.22,1.4813431602792577e-14,0.0,30.179999999999986,30.18,38.219999999999985,8.04,0.0,0.0,0.0,340.82486685084285
229.0,0.0,38.22,0.0,38.22,0.0,0.0,30.160530583163943,30.160530583163943,38.22,8.059469416836055,0.0,0.0,0.0,309.0328761568547
230.0,0.0,38.22,0.0,38.22,0.0,0.0,27.381713099355444,27.381713099355444,38.22,10.838286900644556,0.0,0.0,0.0,280.1700162797775
231.0,0.0,38.22,0.0,38.22,0.0,0.0,27.09516484496785,27.09516484496785,38.22,11.124835155032148,0.0,0.0,0.0,251.609204783837
232.0,0.0,38.22,0.0,38.22,0.0,0.0,26.337856423952466,26.337856423952466,38.22,11.88214357604753,0.0,0.0,0.0,223.84666645510794
233.0,0.0,38.22,0.0,38.22,0.0,0.0,25.524971857581107,25.524971857581107,38.22,12.695028142418892,0.0,0.0,0.0,196.9409836945562
234.0,0.0,105.46820799682793,0.0,105.46820799682793,0.0,0.0,65.03251925289997,65.03251925289997,105.46820799682793,40.43568874392795,0.0,0.0,0.0,128.39068942191764
235.0,0.0,112.90188773956937,0.0,112.90188773956937,0.0,0.0,57.83852291028565,57.83852291028565,112.90188773956937,55.063364829283735,0.0,0.0,0.0,67.42353312313988
236.0,0.0,117.18126041611474,0.0,117.18126041611474,0.0,0.0,47.245567735746306,47.245567735746306,117.18126041611474,69.93569268036843,0.0,0.0,0.0,17.622331992232375
237.0,0.0,115.06380015952396,0.0,115.06380015952396,0.0,0.0,14.56233559672524,14.56233559672524,115.06380015952396,100.50146456279872,0.0,0.0,0.0,2.2722824797660413
238.0,0.0,38.22,0.0,38.22,0.0,0.0,0.2799999999999999,0.2799999999999999,38.22,37.94,0.0,0.0,0.0,1.9771365648169925
239.0,0.0,38.22,0.0,38.22,0.0,0.0,0.27999999999999997,0.27999999999999997,38.22,37.94,0.0,0.0,0.0,1.6819906498679438
240.0,0.0,38.22,0.0,38.22,0.0,0.0,0.27999999999999997,0.27999999999999997,38.22,37.94,0.0,0.0,0.0,1.386844734918895
241.0,33.18674895415642,38.22,33.18674895415642,38.22,26.939647961606106,6.247100992550317,0.0,26.939647961606106,5.033251045843577,11.280352038393893,0.0,0.0,0.0,7.313365107786168
242.0,64.11187581078282,38.22,64.11187581078282,38.22,33.913684664463894,30.19819114631893,0.0,33.913684664463894,-25.891875810782828,4.306315335536104,0.0,0.0,0.0,35.96188467963584
243.0,90.0873643982443,38.22,90.0873643982443,38.22,35.61633747999226,54.47102691825204,0.0,35.61633747999226,-51.867364398244305,2.6036625200077386,0.0,0.0,0.0,87.6376381446415
244.0,106.7226782708208,38.22,106.7226782708208,38.22,36.31801914274209,70.4046591280787,0.0,36.31801914274209,-68.5026782708208,1.9019808572579127,0.0,0.0,0.0,154.42936236438942
245.0,115.46763471786862,38.22,115.46763471786862,38.22,36.54157947981297,78.90312543819273,0.0,36.54157947981297,-77.24763471786862,1.678420520187032,0.022929799862919875,0.0,0.0,229.28343963158747
246.0,118.18402390397831,38.22,118.18402390397831,38.22,36.617831747513584,70.67560375067197,0.0,36.617831747513584,-79.96402390397832,1.602168252486416,10.890588405792755,0.0,0.0,296.33220448948623
247.0,115.46763471786862,38.22,115.46763471786862,38.22,36.54157947981297,47.3086093063941,0.0,36.54157947981297,-77.24763471786862,1.678420520187032,31.61744593166156,0.0,0.0,341.2130919924594
248.0,106.72267827082081,38.22,106.72267827082081,38.22,36.31801914274209,33.09988219656439,0.0,36.31801914274209,-68.50267827082081,1.9019808572579122,37.304776931514326,0.0,0.0,372.6143973997796
249.0,90.0873643982443,38.22,90.0873643982443,38.22,35.61633747999226,21.85222037467208,0.34604852382913537,35.96238600382139,-51.867364398244305,2.257613996178603,32.618806543579964,0.0,0.0,392.98046672247045
250.0,64.11187581078288,38.22,64.11187581078288,38.22,33.9136846644639,5.684457992621795,1.391048582682243,35.304733247146146,-25.891875810782878,2.915266752853857,24.51373315369718,0.0,0.0,396.9069231261322
251.0,33.18674895415646,38.22,33.18674895415646,38.22,26.939647961606124,0.10772220308080133,6.9357409432193196,33.87538890482544,5.0332510458435396,4.3446110951745585,6.139378789469537,0.0,0.0,389.6982045005383
252.0,1.5702880699801564e-14,38.22,1.5702880699801564e-14,38.22,1.5702880699801564e-14,0.0,31.080641050680175,31.08064105068019,38.219999999999985,7.139358949319809,0.0,0.0,0.0,356.93633221444554
253.0,0.0,38.22,0.0,38.22,0.0,0.0,30.7,30.7,38.22,7.52,0.0,0.0,0.0,324.57569082538913
254.0,0.0,38.22,0.0,38.22,0.0,0.0,29.94469264341455,29.94469264341455,38.22,8.275307356585449,0.0,0.0,0.0,293.01121329642973
255.0,0.0,38.22,0.0,38.22,0.0,0.0,28.578256507037764,28.578256507037764,38.22,9.641743492962235,0.0,0.0,0.0,262.88708592350736
256.0,0.0,38.22,0.0,38.22,0.0,0.0,27.95178876547478,27.95178876547478,38.22,10.26821123452522,0.0,0.0,0.0,233.42331353190522
257.0,0.0,38.22,0.0,38.22,0.0,0.0,26.819998564840198,26.819998564840198,38.22,11.400001435159803,0.0,0.0,0.0,205.15255276279117
258.0,0.0,112.73399544957414,0.0,112.73399544957414,0.0,0.0,73.89583090544872,73.89583090544872,112.73399544957414,38.83816454412542,0.0,0.0,0.0,127.25950767883099
259.0,0.0,106.71307710736282,0.0,106.71307710736282,0.0,0.0,47.28211560398953,47.28211560398953,106.71307710736282,59.43096150337329,0.0,0.0,0.0,77.41978171216604
260.0,0.0,113.79457487111182,0.0,113.79457487111182,0.0,0.0,46.99272276194563,46.99272276194563,113.79457487111182,66.80185210916619,0.0,0.0,0.0,27.885102585303787
261.0,0.0,106.89599372379733,0.0,106.89599372379733,0.0,0.0,20.66944297850467,20.66944297850467,106.89599372379733,86.22655074529266,0.0,0.0,0.0,6.097596658953959
262.0,0.0,38.22,0.0,38.22,0.0,0.0,2.9418477215659595,2.9418477215659595,38.22,35.27815227843404,0.0,0.0,0.0,2.996616882445532
263.0,0.0,38.22,0.0,38.22,0.0,0.0,1.394143178850039,1.394143178850039,38.22,36.82585682114996,0.0,0.0,0.0,1.5270609392609964
264.0,0.0,38.22,0.0,38.22,0.0,0.0,0.5,0.5,38.22,37.72,0.0,0.0,0.0,1.0000146625662665
265.0,32.38662369619183,38.22,32.38662369619183,38.22,26.140983627944006,6.245640068247825,0.0,26.140983627944006,5.833376303808167,12.079016372055992,0.0,0.0,0.0,6.9251490809480485
266.0,62.56615250891443,38.22,62.56615250891443,38.22,32.62733383734579,29.938818671568637,0.0,32.62733383734579,-24.346152508914425,5.592666162654212,0.0,0.0,0.0,35.32760631802809
267.0,88.27564302270572,38.22,88.27564302270572,38.22,34.57808469451089,53.69755832819483,0.0,34.57808469451089,-50.05564302270572,3.6419153054891105,0.0,0.0,0.0,86.26958305007979
268.0,103.94409961701895,38.22,103.94409961701895,38.22,35.326845423509205,68.61725419350974,0.0,35.326845423509205,-65.72409961701895,2.893154576490797,0.0,0.0,0.0,151.36562606154905
269.0,112.10294612983219,38.22,112.10294612983219,38.22,35.678987945620214,74.81706604166138,0.0,35.678987945620214,-73.88294612983219,2.5410120543797863,1.60689214255059,0.0,0.0,222.3433270244155
270.0,114.52450498342819,38.22,114.52450498342819,38.22,35.7953636395606,66.67775114546008,0.0,35.7953636395606,-76.30450498342819,2.4246363604393983,12.051390198407502,0.0,0.0,285.59939588768196
271.0,112.10294612983219,38.22,112.10294612983219,38.22,35.678987945620214,43.933575346937765,0.0,35.678987945620214,-73.88294612983219,2.5410120543797863,32.49038283727422,0.0,0.0,327.27844504296564
272.0,103.94409961701895,38.22,103.94409961701895,38.22,35.326845423509205,36.00265929545262,0.01094625151195644,35.33779167502116,-65.72409961701895,2.8822083249788397,32.614594898057135,0.0,0.0,361.42202823975833
273.0,88.27564302270572,38.22,88.27564302270572,38.22,34.57808469451089,21.941048150668276,0.21694209524037966,34.79502678975127,-50.05564302270572,3.424973210248731,31.756510177526557,0.0,0.0,382.00845711490985
274.0,62.56615250891448,38.22,62.56615250891448,38.22,32.627333837345795,7.846507618769111,1.271150763433087,33.89848460077888,-24.346152508914475,4.321515399221119,22.09231105279957,0.0,0.0,388.1123972868921
275.0,32.38662369619187,38.22,32.38662369619187,38.22,26.14098362794402,0.1707283213643241,6.520507094023049,32.66149072196707,5.833376303808131,5.558509278032927,6.074911746883522,0.0,0.0,381.40114642174177
276.0,1.5324287681001442e-14,38.22,1.5324287681001442e-14,38.22,1.5324287681001442e-14,0.0,30.295111118884247,30.295111118884265,38.219999999999985,7.924888881115736,0.0,0.0,0.0,349.4672953872196
277.0,0.0,38.22,0.0,38.22,0.0,0.0,28.400109833236584,28.400109833236584,38.22,9.819890166763416,0.0,0.0,0.0,319.5309510965622
278.0,0.0,38.22,0.0,38.22,0.0,0.0,27.7,27.7,38.22,10.52,0.0,0.0,0.0,290.3325873676742
279.0,0.0,38.22,0.0,38.22,0.0,0.0,27.12071803629811,27.12071803629811,38.22,11.099281963701888,0.0,0.0,0.0,261.74484044303716
280.0,0.0,38.22,0.0,38.22,0.0,0.0,24.7,24.7,38.22,13.52,0.0,0.0,0.0,235.7087543743175
281.0,0.0,38.22,0.0,38.22,0.0,0.0,24.411247569359475,24.411247569359475,38.22,13.808752430640524,0.0,0.0,0.0,209.97704009250913
282.0,0.0,110.52334717160491,0.0,110.52334717160491,0.0,0.0,71.06990323203966,71.06990323203966,110.52334717160491,39.45344393956524,0.0,0.0,0.0,135.0627843255066
283.0,0.0,118.55026063910978,0.0,118.55026063910978,0.0,0.0,67.13700253481548,67.13700253481548,118.55026063910978,51.4132581042943,0.0,0.0,0.0,64.29416989666832
284.0,0.0,112.54621881302178,0.0,112.54621881302178,0.0,0.0,45.55237123979934,45.55237123979934,112.54621881302178,66.99384757322244,0.0,0.0,0.0,16.277754583563635
285.0,0.0,117.0919157620163,0.0,117.0919157620163,0.0,0.0,13.771510030685679,13.771510030685679,117.0919157620163,103.32040573133062,0.0,0.0,0.0,1.7613084112896096
286.0,0.0,38.22,0.0,38.22,0.0,0.0,0.5359283442867995,0.5359283442867995,38.22,37.6840716557132,0.0,0.0,0.0,1.1963903344265516
287.0,0.0,38.22,0.0,38.22,0.0,0.0,0.27999999999999997,0.27999999999999997,38.22,37.94,0.0,0.0,0.0,0.9012444194775029
288.0,0.0,38.22,0.0,38.22,0.0,0.0,0.27999999999999997,0.27999999999999997,38.22,37.94,0.0,0.0,0.0,0.6060985045284542
289.0,33.4568491848685,38.22,33.4568491848685,38.22,27.28714648610395,6.1697026987645565,0.0,27.28714648610395,4.763150815131493,10.932853513896049,0.0,0.0,0.0,6.459192408783569
290.0,64.6336693878457,38.22,64.6336693878457,38.22,34.02345479345835,30.61021459438735,0.0,34.02345479345835,-26.4136693878457,4.196545206541652,0.0,0.0,0.0,35.49859174422093
291.0,85.4829902705595,38.22,85.4829902705595,38.22,34.012633816218795,51.4703564543407,1.1860342000913975,35.198668016310194,-47.2629902705595,3.021331983689808,0.0,0.0,0.0,83.07746943877885
292.0,101.8435867339259,38.22,101.8435867339259,38.22,34.37955989327445,67.46402684065146,0.0,34.37955989327445,-63.6235867339259,3.8404401067255534,0.0,0.0,0.0,147.07946492173645
293.0,111.76848544079833,38.22,111.76848544079833,38.22,35.11021926803241,73.91356948859924,0.0,35.11021926803241,-73.54848544079833,3.109780731967592,2.7446966841666915,0.0,0.0,217.20003379486658
294.0,114.38073441974464,38.22,114.38073441974464,38.22,35.18889288528556,63.89633217951962,0.0,35.18889288528556,-76.16073441974464,3.0311071147144375,15.295509354939469,0.0,0.0,277.8174169402644
295.0,111.76848544079833,38.22,111.76848544079833,38.22,35.11021926803241,49.14091947406367,0.0,35.11021926803241,-73.54848544079834,3.109780731967592,27.517346698702255,0.0,0.0,324.4365864961539
296.0,103.45179579244738,38.22,103.45179579244738,38.22,34.87955989327445,36.20244738619211,0.0,34.87955989327445,-65.23179579244739,3.340440106725553,32.36978851298083,0.0,0.0,358.7812436799868
297.0,86.79608746825929,38.22,86.79608746825929,38.22,34.512633816218795,21.31292919925168,0.0,34.512633816218795,-48.57608746825929,3.7073661837812053,30.97052445278881,0.0,0.0,379.00046364385
298.0,62.74435354281699,38.22,62.74435354281699,38.22,33.02345479345835,6.070990614439559,1.0109916491844297,34.03444644264278,-24.52435354281699,4.185553557357218,23.64990813491908,0.0,0.0,383.694232273446
299.0,32.47886733905373,38.22,32.47886733905373,38.22,26.30916464028915,0.24655043659433978,7.168420811524461,33.47758545181361,5.741132660946269,4.742414548186386,5.923152262170239,0.0,0.0,376.37195155778016
300.0,1.5367934346156133e-14,38.22,1.5367934346156133e-14,38.22,1.5367934346156133e-14,0.0,32.63074660870431,32.63074660870432,38.219999999999985,5.589253391295676,0.0,0.0,0.0,341.9761245460066
301.0,0.0,38.22,0.0,38.22,0.0,0.0,30.181926260577995,30.181926260577995,38.22,8.038073739422005,0.0,0.0,0.0,310.1615808277815
302.0,0.0,38.22,0.0,38.22,0.0,0.0,28.61668411133056,28.61668411133056,38.22,9.60331588866944,0.0,0.0,0.0,279.9969472033295
303.0,0.0,38.22,0.0,38.22,0.0,0.0,28.25187973787327,28.25187973787327,38.22,9.968120262126728,0.0,0.0,0.0,250.21685115238276
304.0,0.0,38.22,0.0,38.22,0.0,0.0,27.362587642814304,27.362587642814304,38.22,10.857412357185694,0.0,0.0,0.0,221.37415127662575
305.0,0.0,38.22,0.0,38.22,0.0,0.0,25.759999999999998,25.759999999999998,38.22,12.46,0.0,0.0,0.0,194.2207271013133
306.0,0.0,115.77267656579055,0.0,115.77267656579055,0.0,0.0,74.94015364573437,74.94015364573437,115.77267656579055,40.832522920056185,0.0,0.0,0.0,115.2268691934827
307.0,0.0,101.92306597949484,0.0,101.92306597949484,0.0,0.0,54.33289108366518,54.33289108366518,101.92306597949484,47.59017489582965,0.0,0.0,0.0,57.954973298070655
308.0,0.0,119.13591923173296,0.0,119.13591923173296,0.0,0.0,35.24914376964898,35.24914376964898,119.13591923173296,83.88677546208397,0.0,0.0,0.0,20.799113337129185
309.0,0.0,111.98760778944472,0.0,111.98760778944472,0.0,0.0,16.023276793936233,16.023276793936233,111.98760778944472,95.96433099550849,0.0,0.0,0.0,3.909096587742866
310.0,0.0,38.22,0.0,38.22,0.0,0.0,1.8999771756379313,1.8999771756379313,38.22,36.32002282436207,0.0,0.0,0.0,1.9063447952929848
311.0,0.0,38.22,0.0,38.22,0.0,0.0,0.789087701429207,0.789087701429207,38.22,37.430912298570796,0.0,0.0,0.0,1.0745733252452523
312.0,0.0,38.22,0.0,38.22,0.0,0.0,0.27999999999999997,0.27999999999999997,38.22,37.94,0.0,0.0,0.0,0.7794274102962035
313.0,27.227427064541434,38.22,27.227427064541434,38.22,24.17608348689017,3.0513435776512643,0.15477138385296133,24.33085487074313,10.992572935458565,13.889145129256868,0.0,0.0,0.0,3.5110427358304706
314.0,52.59934997008505,38.22,52.59934997008505,38.22,30.335274477023873,22.264075493061174,0.03807689094627023,30.373351367970145,-14.37934997008505,7.846648632029855,0.0,0.0,0.0,24.59246273543068
315.0,74.07997141419668,38.22,74.07997141419668,38.22,32.71346836293281,41.36650305126388,0.0,32.71346836293281,-35.859971414196686,5.506531637067193,0.0,0.0,0.0,63.836173278920334
316.0,88.70400216004725,38.22,88.70400216004725,38.22,33.521275538010094,55.18272662203715,0.0,33.521275538010094,-50.48400216004725,4.698724461989902,0.0,0.0,0.0,116.18710436613443
317.0,97.39134414361192,38.22,97.39134414361192,38.22,33.94131513859614,62.44576515002935,0.0,33.94131513859614,-59.17134414361192,4.2786848614038595,1.004263854986426,0.0,0.0,175.42835879795211
318.0,100.14232265186511,38.22,100.14232265186511,38.22,34.08458282412746,60.089858438808356,0.0,34.08458282412746,-61.922322651865116,4.135417175872541,5.967881388929303,0.0,0.0,232.4346038810693
319.0,97.39134414361193,38.22,97.39134414361193,38.22,33.94131513859614,51.14848123440594,0.0,33.94131513859614,-59.171344143611925,4.2786848614038595,12.301547770609846,0.0,0.0,280.9583137488004
320.0,88.70400216004725,38.22,88.70400216004725,38.22,33.5212755380101,36.34352442557913,0.0,33.5212755380101,-50.48400216004726,4.698724461989901,18.83920219645803,0.0,0.0,315.4368083636382
321.0,74.07997141419668,38.22,74.07997141419668,38.22,32.71346836293281,20.09038893442845,0.13962066406820406,32.85308902700101,-35.859971414196686,5.366910972998989,21.27611411683543,0.0,0.0,334.3490516947757
322.0,52.59934997008509,38.22,52.59934997008509,38.22,30.33527447702388,6.65060527748715,1.6470169350398502,31.98229141206373,-14.37934997008509,6.237708587936269,15.613470215574061,0.0,0.0,338.92226155692254
323.0,27.227427064541466,38.22,27.227427064541466,38.22,24.176083486890185,0.1710927595466124,6.617166657455399,30.79325014434558,10.992572935458535,7.426749855654417,2.8802508181046687,0.0,0.0,332.109468302161
324.0,1.2883125115619219e-14,38.22,1.2883125115619219e-14,38.22,1.2883125115619219e-14,0.0,27.65110518498826,27.651105184988275,38.219999999999985,10.568894815011724,0.0,0.0,0.0,302.9626442336762
325.0,0.0,38.22,0.0,38.22,0.0,0.0,25.43291653235113,25.43291653235113,38.22,12.78708346764887,0.0,0.0,0.0,276.1539963059492
326.0,0.0,38.22,0.0,38.22,0.0,0.0,24.48,24.48,38.22,13.74,0.0,0.0,0.0,250.34981059897527
327.0,0.0,38.22,0.0,38.22,0.0,0.0,23.334291377811237,23.334291377811237,38.22,14.885708622188762,0.0,0.0,0.0,225.75330781900456
328.0,0.0,38.22,0.0,38.22,0.0,0.0,22.263857257597245,22.263857257597245,38.22,15.956142742402756,0.0,0.0,0.0,202.28514167404543
329.0,0.0,38.22,0.0,38.22,0.0,0.0,21.228231866296472,21.228231866296472,38.22,16.991768133703527,0.0,0.0,0.0,179.9086205421575
330.0,0.0,106.27737663574706,0.0,106.27737663574706,0.0,0.0,60.60124751475689,60.60124751475689,106.27737663574706,45.67612912099016,0.0,0.0,0.0,116.02929681074075
331.0,0.0,109.5312748813294,0.0,109.5312748813294,0.0,0.0,54.74780083492864,54.74780083492864,109.5312748813294,54.783474046400755,0.0,0.0,0.0,58.320047636193216
332.0,0.0,124.43975425083794,0.0,124.43975425083794,0.0,0.0,36.44006757814944,36.44006757814944,124.43975425083794,87.99968667268848,0.0,0.0,0.0,19.908843757057205
333.0,0.0,121.06869307219392,0.0,121.06869307219392,0.0,0.0,15.533500783056523,15.533500783056523,121.06869307219392,105.5351922891374,0.0,0.0,0.0,3.535096253567981
334.0,0.0,38.22,0.0,38.22,0.0,0.0,2.1172904905530303,2.1172904905530303,38.22,36.10270950944697,0.0,0.0,0.0,1.303276114113715
335.0,0.0,38.22,0.0,38.22,0.0,0.0,0.7442124170770466,0.7442124170770466,38.22,37.475787582922955,0.0,0.0,0.0,0.5188073471328294
336.0,0.0,38.22,0.0,38.22,0.0,0.0,0.49218386513081036,0.49218386513081036,38.22,37.72781613486919,0.0,0.0,0.0,0.0
337.0,28.393479610911697,38.22,28.393479610911697,38.22,25.419092753144362,2.9743868577673367,0.0,25.419092753144362,9.826520389088301,12.800907246855637,0.0,0.0,0.0,2.821751133904821
338.0,54.85199050878339,38.22,54.85199050878339,38.22,32.49527490698877,22.35671560179462,0.0,32.49527490698877,-16.63199050878339,5.72472509301123,0.0,0.0,0.0,24.031193824592716
339.0,77.57242890068177,38.22,77.57242890068177,38.22,35.23321914117358,42.33920975950819,0.0,35.23321914117358,-39.35242890068177,2.986780858826419,0.0,0.0,0.0,64.19769497609545
340.0,93.2805653614439,38.22,93.2805653614439,38.22,36.208805079276196,57.071760282167716,0.0,36.208805079276196,-55.06056536144391,2.0111949207238062,0.0,0.0,0.0,118.34072074613063
341.0,101.83241280446775,38.22,101.83241280446775,38.22,36.45174888749956,64.27312253918852,0.0,36.45174888749956,-63.61241280446776,1.76825111250044,1.1075413777796856,0.0,0.0,179.31555861261282
342.0,104.35361974461837,38.22,104.35361974461837,38.22,36.524832275019385,62.060517201183,0.0,36.524832275019385,-66.13361974461837,1.6951677249806165,5.7682702684159874,0.0,0.0,238.19133474975175
343.0,101.83241280446776,38.22,101.83241280446776,38.22,36.45174888749956,52.382503253911985,0.0,36.45174888749956,-63.612412804467766,1.76825111250044,12.998160663056224,0.0,0.0,287.8857406968147
344.0,93.28056536144392,38.22,93.28056536144392,38.22,36.208805079276196,38.89052125147317,0.02867415774736337,36.23747923702356,-55.06056536144392,1.982520762976442,18.181239030694563,0.0,0.0,324.75030344440967
345.0,77.57242890068177,38.22,77.57242890068177,38.22,35.23321914117358,26.209113687618085,0.6611809788872582,35.89440012006084,-39.35242890068177,2.3255998799391606,16.130096071890105,0.0,0.0,348.91750591027227
346.0,54.85199050878343,38.22,54.85199050878343,38.22,32.495274906988776,10.54755407340602,2.5855604239459757,35.080835330934754,-16.63199050878343,3.1391646690652477,11.809161528388634,0.0,0.0,356.19837430577724
347.0,27.024517559530867,38.22,27.024517559530867,38.22,24.050130701763518,0.1325367600677272,8.950498276842504,33.000628978606024,11.195482440469133,5.219371021393977,2.8418500976996204,0.0,0.0,346.88945613368634
348.0,1.2787114995602984e-14,38.22,1.2787114995602984e-14,38.22,1.2787114995602984e-14,0.0,27.967087118667727,27.96708711866774,38.219999999999985,10.252912881332257,0.0,0.0,0.0,317.40955786190443
349.0,0.0,38.22,0.0,38.22,0.0,0.0,27.04,27.04,38.22,11.18,0.0,0.0,0.0,288.90689521825345
350.0,0.0,38.22,0.0,38.22,0.0,0.0,25.86940180046043,25.86940180046043,38.22,12.350598199539567,0.0,0.0,0.0,261.6381514197482
351.0,0.0,38.22,0.0,38.22,0.0,0.0,24.329438098969874,24.329438098969874,38.22,13.890561901030125,0.0,0.0,0.0,235.9926718914743
352.0,0.0,38.22,0.0,38.22,0.0,0.0,23.86,23.86,38.22,14.36,0.0,0.0,0.0,210.84202356760176
353.0,0.0,38.22,0.0,38.22,0.0,0.0,23.327653035875763,23.327653035875763,38.22,14.892346964124236,0.0,0.0,0.0,186.25251821443211
354.0,0.0,121.88774944073481,0.0,121.88774944073481,0.0,0.0,75.26266818270045,75.26266818270045,121.88774944073481,46.62508125803436,0.0,0.0,0.0,106.91870013482574
355.0,0.0,106.16755010329568,0.0,106.16755010329568,0.0,0.0,52.890993468178536,52.890993468178536,106.16755010329568,53.27655663511715,0.0,0.0,0.0,51.16669777864819
356.0,0.0,115.8086264142968,0.0,115.8086264142968,0.0,0.0,40.92558580379341,40.92558580379341,115.8086264142968,74.88304061050339,0.0,0.0,0.0,8.027342539768167
357.0,0.0,113.09160770213177,0.0,113.09160770213177,0.0,0.0,7.615405795208453,7.615405795208453,113.09160770213177,105.47620190692332,0.0,0.0,0.0,-1.1102230246251565e-16
358.0,0.0,38.22,0.0,38.22,0.0,0.0,-1.0532500405730103e-16,-1.0532500405730103e-16,38.22,38.22,0.0,0.0,0.0,0.0
359.0,0.0,38.22,0.0,38.22,0.0,0.0,0.0,0.0,38.22,38.22,0.0,0.0,0.0,0.0
360.0,0.0,38.22,0.0,38.22,0.0,0.0,0.0,0.0,38.22,38.22,0.0,0.0,0.0,0.0
361.0,31.67436124628607,38.22,31.67436124628607,38.22,23.923614090987478,7.750747155298595,0.0,23.923614090987478,6.545638753713927,14.296385909012521,0.0,0.0,0.0,7.353004373644309
362.0,61.19016711799463,38.22,61.19016711799463,38.22,33.04423959629098,28.14592752170365,0.0,33.04423959629098,-22.97016711799463,5.1757604037090195,0.0,0.0,0.0,34.05457572162485
363.0,86.53596422214423,38.22,86.53596422214423,38.22,35.114389790962505,51.421574431181725,0.0,35.114389790962505,-48.31596422214423,3.1056102090374926,0.0,0.0,0.0,82.8373645439483
364.0,104.3549263053931,38.22,104.3549263053931,38.22,35.79941986815484,68.55550643723826,0.0,35.79941986815484,-66.13492630539311,2.4205801318451594,0.0,0.0,0.0,147.87482849035072
365.0,113.52287118287175,38.22,113.52287118287175,38.22,36.04256401122889,76.61956898297409,0.0,36.04256401122889,-75.30287118287177,2.177435988771107,0.860738188668777,0.0,0.0,220.56253388832744
366.0,116.53979141590705,38.22,116.53979141590705,38.22,36.07158092768785,62.29112534268836,0.0,36.07158092768785,-78.31979141590705,2.1484190723121546,18.17708514553084,0.0,0.0,279.657084117707
367.0,113.52287118287177,38.22,113.52287118287177,38.22,36.04256401122889,34.26565525667614,0.0,36.04256401122889,-75.30287118287177,2.177435988771107,43.21465191496674,0.0,0.0,312.1643389564724
368.0,104.3549263053931,38.22,104.3549263053931,38.22,35.79941986815484,24.06380010038166,0.1254840758983911,35.924903944053234,-66.13492630539311,2.2950960559467677,44.49170633685661,0.0,0.0,334.8609923693573
369.0,86.53596422214423,38.22,86.53596422214423,38.22,35.114389790962505,14.172707912046828,0.32096237912023173,35.43535217008274,-48.31596422214423,2.784647829917261,37.24886651913489,0.0,0.0,347.9680795999157
370.0,61.190167117994676,38.22,61.190167117994676,38.22,33.044239596290986,4.525050485099678,1.3830748413542513,34.42731443764524,-22.970167117994677,3.7926855623547597,23.62087703660401,0.0,0.0,350.80303052691335
371.0,31.674361246286107,38.22,31.674361246286107,38.22,23.923614090987495,0.0,9.366125928472053,33.28974001945954,6.545638753713892,4.930259980540453,7.7507471552986145,0.0,0.0,340.930266931603
372.0,1.498726846006875e-14,38.22,1.498726846006875e-14,38.22,1.498726846006875e-14,0.0,31.216581714047248,31.216581714047262,38.219999999999985,7.003418285952737,0.0,0.0,0.0,308.0251006045522
373.0,0.0,38.22,0.0,38.22,0.0,0.0,29.72,29.72,38.22,8.5,0.0,0.0,0.0,276.69746991781744
374.0,0.0,38.22,0.0,38.22,0.0,0.0,28.9356263002036,28.9356263002036,38.22,9.284373699796397,0.0,0.0,0.0,246.19664170711266
375.0,0.0,38.22,0.0,38.22,0.0,0.0,25.059486833427545,25.059486833427545,38.22,13.160513166572454,0.0,0.0,0.0,219.78162324423548
376.0,0.0,38.22,0.0,38.22,0.0,0.0,22.093829646930974,22.093829646930974,38.22,16.126170353069025,0.0,0.0,0.0,196.49268193755026
377.0,0.0,38.22,0.0,38.22,0.0,0.0,21.11898322904087,21.11898322904087,38.22,17.101016770959127,0.0,0.0,0.0,174.2313189806614
378.0,0.0,119.93862437383358,0.0,119.93862437383358,0.0,0.0,61.095013025801144,61.095013025801144,119.93862437383358,58.84361134803244,0.0,0.0,0.0,109.83152070093236
379.0,0.0,117.66467942423161,0.0,117.66467942423161,0.0,0.0,46.505607153345025,46.505607153345025,117.66467942423161,71.15907227088658,0.0,0.0,0.0,60.810306509735774
380.0,0.0,108.09434237871135,0.0,108.09434237871135,0.0,0.0,36.43126663591966,36.43126663591966,108.09434237871135,71.66307574279168,0.0,0.0,0.0,22.40837963826698
381.0,0.0,109.93378633847091,0.0,109.93378633847091,0.0,0.0,17.898052224652556,17.898052224652556,109.93378633847091,92.03573411381835,0.0,0.0,0.0,3.5421760680850642
382.0,0.0,38.22,0.0,38.22,0.0,0.0,1.06,1.06,38.22,37.16,0.0,0.0,0.0,2.424837961492237
383.0,0.0,38.22,0.0,38.22,0.0,0.0,0.5997622323120688,0.5997622323120688,38.22,37.62023776768793,0.0,0.0,0.0,1.7926330586078458
384.0,0.0,38.22,0.0,38.22,0.0,0.0,0.5599999999999999,0.5599999999999999,38.22,37.66,0.0,0.0,0.0,1.2023412287097484
385.0,38.0422238222559,38.22,38.0422238222559,38.22,30.686421622066536,7.35580220018936,0.07154853857539833,30.757970160641936,0.17777617774410273,7.462029839358064,0.0,0.0,0.0,8.10524913807439
386.0,73.49193295877241,38.22,73.49193295877241,38.22,35.09970410451599,38.39222885425641,0.0,35.09970410451599,-35.2719329587724,3.1202958954840074,0.0,0.0,0.0,44.52731542704046
387.0,101.88903018176792,38.22,101.88903018176792,38.22,36.12800258890377,65.76102759286415,0.0,36.12800258890377,-63.66903018176793,2.0919974110962287,0.0,0.0,0.0,106.91370396702966
388.0,119.3441431101586,38.22,119.3441431101586,38.22,36.66279052165089,82.6813525885077,0.0,36.66279052165089,-81.1241431101586,1.5572094783491073,0.0,0.0,0.0,185.35212222797256
389.0,128.46391918504622,38.22,128.46391918504622,38.22,36.92612198583881,91.34811003272047,0.0,36.92612198583881,-90.24391918504624,1.2938780141611903,0.1896871664869515,0.0,0.0,272.01254852449506
390.0,131.2829139242105,38.22,131.2829139242105,38.22,36.99182115539864,78.56165282663245,0.0,36.99182115539864,-93.0629139242105,1.228178844601362,15.729439942179413,0.0,0.0,346.5426764283642
391.0,128.46391918504625,38.22,128.46391918504625,38.22,36.92612198583881,54.5854726997946,0.005325827726071486,36.93144781356488,-90.24391918504625,1.288552186435119,36.95232449941284,0.0,0.0,398.3213887795049
392.0,119.34414311015861,38.22,119.34414311015861,38.22,36.66279052165089,39.329131883075085,0.016380632336758863,36.67917115398765,-81.12414311015861,1.5408288460123478,43.352220705432636,0.0,0.0,435.61501262123824
393.0,101.88903018176792,38.22,101.88903018176792,38.22,36.12800258890377,25.06742306869212,0.11588806699840276,36.24389065590217,-63.66903018176793,1.976109344097826,40.69360452417204,0.0,0.0,459.2739014632229
394.0,73.49193295877247,38.22,73.49193295877247,38.22,35.09970410451599,5.703514969788546,0.5982656176626754,35.69796972217867,-35.27193295877246,2.52203027782133,32.68871388446792,0.0,0.0,464.0541035227152
395.0,38.04222382225594,38.22,38.04222382225594,38.22,30.68642162206655,0.06259702712495763,3.95693703767681,34.64335865974336,0.17777617774406074,3.5766413402566397,7.293205173064431,0.0,0.0,459.94251041121015
396.0,1.8000332092222503e-14,38.22,1.8000332092222503e-14,38.22,1.8000332092222503e-14,0.0,33.217868090543675,33.217868090543696,38.21999999999998,5.0021319094563035,0.0,0.0,0.0,424.92780301749474
397.0,0.0,38.22,0.0,38.22,0.0,0.0,32.88,32.88,38.22,5.34,0.0,0.0,0.0,390.2692398620493
398.0,0.0,38.22,0.0,38.22,0.0,0.0,32.4863629155612,32.4863629155612,38.22,5.7336370844387945,0.0,0.0,0.0,356.0256066260487
399.0,0.0,38.22,0.0,38.22,0.0,0.0,32.32,32.32,38.22,5.9,0.0,0.0,0.0,321.9573353005014
400.0,0.0,38.22,0.0,38.22,0.0,0.0,31.332549323912794,31.332549323912794,38.22,6.887450676087206,0.0,0.0,0.0,288.929928379457
401.0,0.0,38.22,0.0,38.22,0.0,0.0,29.663384907029887,29.663384907029887,38.22,8.55661509297011,0.0,0.0,0.0,257.66197524063153
402.0,0.0,115.48512143403846,0.0,115.48512143403846,0.0,0.0,92.32240046299243,92.32240046299243,115.48512143403846,23.162720971046042,0.0,0.0,0.0,160.3456204015516
403.0,0.0,117.89497488531728,0.0,117.89497488531728,0.0,0.0,83.57821510425127,83.57821510425127,117.89497488531728,34.31675978106601,0.0,0.0,0.0,72.24644623457785
404.0,0.0,113.03866243468448,0.0,113.03866243468448,0.0,0.0,49.62229461415474,49.62229461415474,113.03866243468448,63.41636782052975,0.0,0.0,0.0,19.939954999699435
405.0,0.0,120.20179484883268,0.0,120.20179484883268,0.0,0.0,17.464522381510616,17.464522381510616,120.20179484883268,102.73727246732206,0.0,0.0,0.0,1.5307320088455396
406.0,0.0,38.22,0.0,38.22,0.0,0.0,0.6217533184875771,0.6217533184875771,38.22,37.59824668151242,0.0,0.0,0.0,0.8753464657825993
407.0,0.0,38.22,0.0,38.22,0.0,0.0,0.5,0.5,38.22,37.72,0.0,0.0,0.0,0.3483001890878694
408.0,0.0,38.22,0.0,38.22,0.0,0.0,0.33042657209549753,0.33042657209549753,38.22,37.8895734279045,0.0,0.0,0.0,0.0
409.0,39.14926302424834,38.22,39.14926302424834,38.22,29.605676158902654,9.543586865345688,0.0,29.605676158902654,-0.9292630242483426,8.614323841097345,0.0,0.0,0.0,9.053841462647712
410.0,75.63056847061029,38.22,75.63056847061029,38.22,34.95423402525528,40.67633444535501,0.0,34.95423402525528,-37.41056847061029,3.2657659747447183,0.0,0.0,0.0,47.642800576872816
411.0,106.88401102270626,38.22,106.88401102270626,38.22,36.553600314751634,70.33041070795463,0.0,36.553600314751634,-68.66401102270626,1.666399685248365,0.0,0.0,0.0,114.36408656054238
412.0,127.08941750379803,38.22,127.08941750379803,38.22,37.38270163316038,89.70671587063765,0.0,37.38270163316038,-88.86941750379803,0.8372983668396197,0.0,0.0,0.0,199.46734962997928
413.0,137.0752035484152,38.22,137.0752035484152,38.22,37.78586569581171,98.29093118280412,0.0,37.78586569581171,-98.85520354841522,0.4341343041882946,0.998406669799389,0.0,0.0,292.714314392938
414.0,140.07633177721365,38.22,140.07633177721365,38.22,37.86530877133243,73.22260151866281,0.0,37.86530877133243,-101.85633177721365,0.3546912286675685,28.988421487218407,0.0,0.0,362.17937349350154
415.0,137.07520354841523,38.22,137.07520354841523,38.22,37.78586569581171,47.251931759546736,0.00996377910549384,37.7958294749172,-98.85520354841522,0.42417052508280073,52.03740609305679,0.0,0.0,406.9959892090475
416.0,127.08941750379803,38.22,127.08941750379803,38.22,37.38270163316038,33.830737722353504,0.10047438367162721,37.483176016832005,-88.86941750379803,0.7368239831679918,55.875978148284155,0.0,0.0,438.984735747337
417.0,106.88401102270626,38.22,106.88401102270626,38.22,36.553600314751634,21.906379355693726,0.15698304568221388,36.71058336043385,-68.66401102270626,1.509416639566151,48.4240313522609,0.0,0.0,459.60147730338025
418.0,75.63056847061034,38.22,75.63056847061034,38.22,34.95423402525528,7.407637306224701,0.8804277486111436,35.83466177386643,-37.41056847061035,2.385338226133571,33.26869713913036,0.0,0.0,465.70092676020306
419.0,39.149263024248384,38.22,39.149263024248384,38.22,29.60567615890267,0.0,4.7155936360200945,34.32126979492276,-0.9292630242483859,3.898730205077235,9.543586865345716,0.0,0.0,460.73025462366354
420.0,1.8524146719045526e-14,38.22,1.8524146719045526e-14,38.22,1.8524146719045526e-14,0.0,32.219999999999985,32.22,38.21999999999998,5.999999999999999,0.0,0.0,0.0,426.7673925534552
421.0,0.0,38.22,0.0,38.22,0.0,0.0,31.509702409536008,31.509702409536008,38.22,6.710297590463992,0.0,0.0,0.0,393.5532498840454
422.0,0.0,38.22,0.0,38.22,0.0,0.0,30.72,30.72,38.22,7.5,0.0,0.0,0.0,361.1715266439212
423.0,0.0,38.22,0.0,38.22,0.0,0.0,30.634521674860938,30.634521674860938,38.22,7.5854783251390625,0.0,0.0,0.0,328.8799054698023
424.0,0.0,38.22,0.0,38.22,0.0,0.0,30.22,30.22,38.22,8.0,0.0,0.0,0.0,297.0252285063728
425.0,0.0,38.22,0.0,38.22,0.0,0.0,29.87142822970317,29.87142822970317,38.22,8.34857177029683,0.0,0.0,0.0,265.537978450335
426.0,0.0,109.83648096333637,0.0,109.83648096333637,0.0,0.0,88.187091085393,88.187091085393,109.83648096333637,21.64938987794336,0.0,0.0,0.0,172.58062243214425
427.0,0.0,133.47413534193066,0.0,133.47413534193066,0.0,0.0,96.95347176628133,96.95347176628133,133.47413534193066,36.520663575649344,0.0,0.0,0.0,70.38268981805186
428.0,0.0,107.28678382105092,0.0,107.28678382105092,0.0,0.0,47.1029493765477,47.1029493765477,107.28678382105092,60.183834444503226,0.0,0.0,0.0,20.73182163755223
429.0,0.0,107.80275633195662,0.0,107.80275633195662,0.0,0.0,14.43897711159231,14.43897711159231,107.80275633195662,93.36377922036431,0.0,0.0,0.0,5.511803385661926
430.0,0.0,38.22,0.0,38.22,0.0,0.0,2.2593584755806413,2.2593584755806413,38.22,35.96064152441936,0.0,0.0,0.0,3.1302304411150104
431.0,0.0,38.22,0.0,38.22,0.0,0.0,0.78,0.78,38.22,37.44,0.0,0.0,0.0,2.308038249471232
432.0,0.0,38.22,0.0,38.22,0.0,0.0,0.5146685135391517,0.5146685135391517,38.22,37.70533148646085,0.0,0.0,0.0,1.7655300018855895
433.0,34.911383772026504,38.22,34.911383772026504,38.22,28.464055252009103,6.447328520017401,0.0,28.464055252009103,3.3086162279734945,9.755944747990895,0.0,0.0,0.0,7.882002885870835
434.0,67.44361443377893,38.22,67.44361443377893,38.22,35.75432138020329,31.68929305357565,0.0,35.75432138020329,-29.223614433778938,2.465678619796712,0.0,0.0,0.0,37.945105932826216
435.0,94.1787144720503,38.22,94.1787144720503,38.22,37.06860832758314,57.11010614446716,0.0,37.06860832758314,-55.95871447205031,1.1513916724168565,0.0,0.0,0.0,92.12450978197424
436.0,113.1302523503234,38.22,113.1302523503234,38.22,37.64745508704317,75.48279726328025,0.0,37.64745508704317,-74.9102523503234,0.5725449129568331,0.0,0.0,0.0,163.73377883578124
437.0,124.19188386902681,38.22,124.19188386902681,38.22,37.754718116408206,85.38165026647933,0.0,37.754718116408206,-85.97188386902681,0.46528188359179334,1.0555154861392846,0.0,0.0,244.73392440358037
438.0,127.54870435131225,38.22,127.54870435131225,38.22,37.791219019356205,77.58565282583083,0.0,37.791219019356205,-89.32870435131225,0.4287809806437961,12.171832506125206,0.0,0.0,318.33813740779175
439.0,124.19188386902682,38.22,124.19188386902682,38.22,37.754718116408206,53.55902716591833,0.0,37.754718116408206,-85.97188386902683,0.46528188359179334,32.87813858670028,0.0,0.0,369.14869193993223
440.0,113.13025235032342,38.22,113.13025235032342,38.22,37.64745508704317,34.175157340979794,0.00024779673635966226,37.64770288377953,-74.91025235032342,0.5722971162204731,41.30763992230046,0.0,0.0,401.5698317168736
441.0,94.1787144720503,38.22,94.1787144720503,38.22,37.06860832758314,23.69376496254492,0.4088579051396317,37.477466232722776,-55.95871447205031,0.7425337672772248,33.41634118192225,0.0,0.0,423.6167367315723
442.0,67.44361443377899,38.22,67.44361443377899,38.22,35.754321380203294,6.871193383171019,1.0517567054235706,36.806078085626865,-29.223614433778987,1.4139219143731372,24.818099670404678,0.0,0.0,429.02667422069743
443.0,34.91138377202655,38.22,34.91138377202655,38.22,28.46405525200912,0.08882947641326117,6.900043696712705,35.364098948721825,3.308616227973456,2.855901051278175,6.358499043604161,0.0,0.0,421.83766058257856
444.0,1.6518921307851123e-14,38.22,1.6518921307851123e-14,38.22,1.6518921307851123e-14,0.0,34.052371599543605,34.05237159954362,38.219999999999985,4.167628400456376,0.0,0.0,0.0,385.9433092542489
445.0,0.0,38.22,0.0,38.22,0.0,0.0,33.54,33.54,38.22,4.68,0.0,0.0,0.0,350.5890450135664
446.0,0.0,38.22,0.0,38.22,0.0,0.0,32.764449090428734,32.764449090428734,38.22,5.455550909571267,0.0,0.0,0.0,316.05228321143744
447.0,0.0,38.22,0.0,38.22,0.0,0.0,31.280489619477258,31.280489619477258,38.22,6.93951038052274,0.0,0.0,0.0,283.0797520371702
448.0,0.0,38.22,0.0,38.22,0.0,0.0,30.08,30.08,38.22,8.14,0.0,0.0,0.0,251.37264803121525
449.0,0.0,38.22,0.0,38.22,0.0,0.0,30.08,30.08,38.22,8.14,0.0,0.0,0.0,219.6655440252603
450.0,0.0,107.46395541218789,0.0,107.46395541218789,0.0,0.0,77.22762354549957,77.22762354549957,107.46395541218789,30.23633186668832,0.0,0.0,0.0,138.2604811299847
451.0,0.0,116.21899102646218,0.0,116.21899102646218,0.0,0.0,71.9568338830054,71.9568338830054,116.21899102646218,44.26215714345677,0.0,0.0,0.0,62.41131836842632
452.0,0.0,111.4261976916643,0.0,111.4261976916643,0.0,0.0,34.64894745804343,34.64894745804343,111.4261976916643,76.77725023362086,0.0,0.0,0.0,25.888120870120094
453.0,0.0,124.26509321302763,0.0,124.26509321302763,0.0,0.0,23.07546696468504,23.07546696468504,124.26509321302763,101.18962624834258,0.0,0.0,0.0,1.564442976661109
454.0,0.0,38.22,0.0,38.22,0.0,0.0,0.8519146431771218,0.8519146431771218,38.22,37.36808535682288,0.0,0.0,0.0,0.666446095164666
455.0,0.0,38.22,0.0,38.22,0.0,0.0,0.4944022074295952,0.4944022074295952,38.22,37.725597792570404,0.0,0.0,0.0,0.14530040993381865
456.0,0.0,38.22,0.0,38.22,0.0,0.0,0.1378440721041067,0.1378440721041067,38.22,38.08215592789589,0.0,0.0,0.0,0.0
457.0,39.19001825422762,38.22,39.19001825422762,38.22,30.51153380812316,8.678484446104456,0.0,30.51153380812316,-0.9700182542276183,7.708466191876837,0.0,0.0,0.0,8.23313324641046
458.0,75.70930152899696,38.22,75.70930152899696,38.22,35.718602203536136,39.990699325460824,0.0,35.718602203536136,-37.48930152899696,2.5013977964638645,0.0,0.0,0.0,46.17164177383509
459.0,105.85531242150678,38.22,105.85531242150678,38.22,36.52602689150319,69.32928553000359,0.0,36.52602689150319,-67.63531242150678,1.693973108496809,0.0,0.0,0.0,111.94317702192465
460.0,123.94522519169772,38.22,123.94522519169772,38.22,36.901879452209634,87.04334573948809,0.0,36.901879452209634,-85.72522519169773,1.3181205477903686,0.0,0.0,0.0,194.51974533141336
461.0,131.73603318644064,38.22,131.73603318644064,38.22,37.1166566898237,90.22241955895589,0.0,37.1166566898237,-93.51603318644064,1.1033433101762993,4.396956937661047,0.0,0.0,280.1122478767008
462.0,133.79095208459782,38.22,133.79095208459782,38.22,37.189913205863725,64.89124716967115,0.0,37.189913205863725,-95.57095208459782,1.0300867941362726,31.709791709062948,0.0,0.0,341.6734902562355
463.0,131.73603318644064,38.22,131.73603318644064,38.22,37.1166566898237,47.78308349460432,0.0,37.1166566898237,-93.51603318644065,1.1033433101762993,46.83629300201263,0.0,0.0,387.0045034969198
464.0,123.94522519169773,38.22,123.94522519169773,38.22,36.901879452209634,38.80113935337583,0.0,36.901879452209634,-85.72522519169773,1.3181205477903681,48.24220638611227,0.0,0.0,423.81449634679797
465.0,105.85531242150678,38.22,105.85531242150678,38.22,36.52602689150319,28.182003440017397,0.03419131532556077,36.56021820682875,-67.63531242150678,1.6597817931712482,41.14728208998619,0.0,0.0,450.51425150506935
466.0,75.70930152899702,38.22,75.70930152899702,38.22,35.718602203536136,9.066290809859233,0.3963543993957261,36.11495660293186,-37.48930152899702,2.1050433970681355,30.924408515601645,0.0,0.0,458.69749595074546
467.0,39.19001825422766,38.22,39.19001825422766,38.22,30.51153380812318,0.0,4.953662849012225,35.46519665713541,-0.9700182542276626,2.754803342864593,8.67848444610448,0.0,0.0,453.47587682959966
468.0,1.854343075663359e-14,38.22,1.854343075663359e-14,38.22,1.854343075663359e-14,0.0,34.759999999999984,34.76,38.21999999999998,3.4599999999999995,0.0,0.0,0.0,416.83561967378205
469.0,0.0,38.22,0.0,38.22,0.0,0.0,34.76,34.76,38.22,3.46,0.0,0.0,0.0,380.19536251796444
470.0,0.0,38.22,0.0,38.22,0.0,0.0,33.335236660251695,33.335236660251695,38.22,4.884763339748303,0.0,0.0,0.0,345.0569377889178
471.0,0.0,38.22,0.0,38.22,0.0,0.0,33.07301161847536,33.07301161847536,38.22,5.1469883815246344,0.0,0.0,0.0,310.19492252371987
472.0,0.0,38.22,0.0,38.22,0.0,0.0,31.58,31.58,38.22,6.64,0.0,0.0,0.0,276.90667968768076
473.0,0.0,38.22,0.0,38.22,0.0,0.0,30.79680999101509,30.79680999101509,38.22,7.423190008984912,0.0,0.0,0.0,244.44399160800162
474.0,0.0,109.23465937670497,0.0,109.23465937670497,0.0,0.0,77.52759858625932,77.52759858625932,109.23465937670497,31.707060790445652,0.0,0.0,0.0,162.72272725605848
475.0,0.0,117.13273816951289,0.0,117.13273816951289,0.0,0.0,83.69461217206938,83.69461217206938,117.13273816951289,33.438125997443514,0.0,0.0,0.0,74.5008598066613
476.0,0.0,107.22376024993098,0.0,107.22376024993098,0.0,0.0,41.84970754121265,41.84970754121265,107.22376024993098,65.37405270871832,0.0,0.0,0.0,30.387394725942322
477.0,0.0,116.16506242257996,0.0,116.16506242257996,0.0,0.0,22.09938415289816,22.09938415289816,116.16506242257996,94.0656782696818,0.0,0.0,0.0,7.092598455879337
478.0,0.0,38.22,0.0,38.22,0.0,0.0,3.2002026527807437,3.2002026527807437,38.22,35.01979734721925,0.0,0.0,0.0,3.7192886702459593
479.0,0.0,38.22,0.0,38.22,0.0,0.0,1.7890820428510235,1.7890820428510235,38.22,36.43091795714898,0.0,0.0,0.0,1.833430611473893
480.0,0.0,38.22,0.0,38.22,0.0,0.0,0.78,0.78,38.22,37.44,0.0,0.0,0.0,1.0112384198301143
481.0,28.55367700475964,38.22,28.55367700475964,38.22,23.923170321591954,4.6305066831676855,0.0,23.923170321591954,9.66632299524036,14.296829678408045,0.0,0.0,0.0,5.404122771662579
482.0,55.16146810882724,38.22,55.16146810882724,38.22,31.078924572570468,24.08254353625677,0.0,31.078924572570468,-16.94146810882724,7.14107542742953,0.0,0.0,0.0,28.250829599083737
483.0,76.9732240545596,38.22,76.9732240545596,38.22,34.13449157761649,42.838732476943115,0.0,34.13449157761649,-38.7532240545596,4.085508422383514,0.0,0.0,0.0,68.89121960961378
484.0,91.91082851513411,38.22,91.91082851513411,38.22,35.81948348254622,56.0913450325879,0.0,35.81948348254622,-53.690828515134115,2.4005165174537852,0.0,0.0,0.0,122.10414180721858
485.0,100.67180190037145,38.22,100.67180190037145,38.22,36.61998809689217,62.61566563101932,0.0,36.61998809689217,-62.45180190037144,1.6000119031078262,1.4361481724599527,0.0,0.0,181.5065779876822
486.0,103.51759493821544,38.22,103.51759493821544,38.22,36.88119336659801,57.95414002451762,0.0,36.88119336659801,-65.29759493821544,1.338806633401989,8.682261547099804,0.0,0.0,236.48670268182283
487.0,100.67180190037145,38.22,100.67180190037145,38.22,36.61998809689217,44.209654190526734,0.010648752094824231,36.630636848986995,-62.45180190037145,1.5893631510130017,19.842159612952543,0.0,0.0,278.4164384546784
488.0,91.91082851513413,38.22,91.91082851513413,38.22,35.81948348254622,31.80055866767914,0.0,35.81948348254622,-53.69082851513413,2.400516517453784,24.290786364908772,0.0,0.0,308.5850973313811
489.0,76.9732240545596,38.22,76.9732240545596,38.22,34.13449157761649,20.72340582867895,0.411572959286928,34.546064536903415,-38.7532240545596,3.673935463096586,22.115326648264165,0.0,0.0,327.8112103282107
490.0,55.161468108827286,38.22,55.161468108827286,38.22,31.078924572570475,7.186960259342731,1.4221957211572382,32.501120293727716,-16.941468108827284,5.7188797062722845,16.895583276914074,0.0,0.0,333.13023357086774
491.0,28.55367700475967,38.22,28.55367700475967,38.22,23.923170321591968,0.15843574358898838,5.706704883415362,29.62987520500733,9.666322995240328,8.590124794992668,4.472070939578714,0.0,0.0,327.26514379262545
492.0,1.351066307114882e-14,38.22,1.351066307114882e-14,38.22,1.351066307114882e-14,0.0,25.762074900206045,25.76207490020606,38.219999999999985,12.457925099793941,0.0,0.0,0.0,300.1095324804567
493.0,0.0,38.22,0.0,38.22,0.0,0.0,25.53104233245761,25.53104233245761,38.22,12.688957667542393,0.0,0.0,0.0,273.1974508775421
494.0,0.0,38.22,0.0,38.22,0.0,0.0,22.747044690176494,22.747044690176494,38.22,15.472955309823504,0.0,0.0,0.0,249.2199604580098
495.0,0.0,38.22,0.0,38.22,0.0,0.0,22.141825857387868,22.141825857387868,38.22,16.07817414261213,0.0,0.0,0.0,225.88042670329108
496.0,0.0,38.22,0.0,38.22,0.0,0.0,21.036978172876008,21.036978172876008,38.22,17.18302182712399,0.0,0.0,0.0,203.7055046654459
497.0,0.0,38.22,0.0,38.22,0.0,0.0,18.835535694185044,18.835535694185044,38.22,19.384464305814955,0.0,0.0,0.0,183.85110675110406
498.0,0.0,114.41952049840515,0.0,114.41952049840515,0.0,0.0,65.4335668957006,65.4335668957006,114.41952049840515,48.98595360270455,0.0,0.0,0.0,114.87807114463499
499.0,0.0,111.47905304437339,0.0,111.47905304437339,0.0,0.0,54.98871021487383,54.98871021487383,111.47905304437339,56.49034282949957,0.0,0.0,0.0,56.914881186645566
500.0,0.0,105.8549760604474,0.0,105.8549760604474,0.0,0.0,39.205949286023895,39.205949286023895,105.8549760604474,66.64902677442349,0.0,0.0,0.0,15.588181995682971
501.0,0.0,117.4544378850051,0.0,117.4544378850051,0.0,0.0,10.770569724683375,10.770569724683375,117.4544378850051,106.68386816032172,0.0,0.0,0.0,4.235004653132261
502.0,0.0,38.22,0.0,38.22,0.0,0.0,0.8566139308283383,0.8566139308283383,38.22,37.36338606917166,0.0,0.0,0.0,3.332054287516436
503.0,0.0,38.22,0.0,38.22,0.0,0.0,0.78,0.78,38.22,37.44,0.0,0.0,0.0,2.5098620958726574
504.0,0.0,38.22,0.0,38.22,0.0,0.0,0.78,0.78,38.22,37.44,0.0,0.0,0.0,1.6876699042288787
505.0,34.87822329129621,38.22,34.87822329129621,38.22,28.131615400229652,6.746607891066554,0.09556674485234593,28.227182145081997,3.341776708703793,9.992817854918,0.0,0.0,0.0,7.987327934878991
506.0,67.37955330427982,38.22,67.37955330427982,38.22,34.41428237776392,32.965270926515906,0.0,34.41428237776392,-29.159553304279825,3.8057176222360822,0.0,0.0,0.0,39.26092987857482
507.0,93.84392894926921,38.22,93.84392894926921,38.22,36.20822305251137,57.63570589675785,0.0,36.20822305251137,-55.623928949269214,2.011776947488631,0.0,0.0,0.0,93.9389614341805
508.0,107.85150556620599,38.22,107.85150556620599,38.22,36.92829681041163,70.92320875579436,0.0,36.92829681041163,-69.63150556620599,1.2917031895883713,0.0,0.0,0.0,161.22262502495258
509.0,114.71315204851041,38.22,114.71315204851041,38.22,37.21949033406791,75.86344074452569,0.0,37.21949033406791,-76.49315204851041,1.0005096659320833,1.6302209699168055,0.0,0.0,233.19300419192894
510.0,116.81163146976456,38.22,116.81163146976456,38.22,37.302018617160144,60.583441168447855,0.0,37.302018617160144,-78.59163146976456,0.9179813828398578,18.92617168415656,0.0,0.0,290.6675029668613
511.0,114.71315204851041,38.22,114.71315204851041,38.22,37.21949033406791,40.67955405142636,0.0,37.21949033406791,-76.49315204851041,1.0005096659320831,36.814107663016145,0.0,0.0,329.2595164675926
512.0,107.851505566206,38.22,107.851505566206,38.22,36.92829681041163,35.18492281425387,0.049232840487910656,36.97752965089954,-69.631505566206,1.2424703491004598,35.7382859415405,0.0,0.0,362.58696911413125
513.0,93.84392894926921,38.22,93.84392894926921,38.22,36.20822305251137,27.25277700619833,0.27110141597353704,36.479324468484904,-55.623928949269214,1.7406755315150937,30.382928890559516,0.0,0.0,388.1554575016156
514.0,67.37955330427988,38.22,67.37955330427988,38.22,34.414282377763925,5.830831625599296,1.1747263861548454,35.58900876391877,-29.15955330427988,2.6309912360812304,27.134439300916657,0.0,0.0,392.44879974265046
515.0,34.878223291296244,38.22,34.878223291296244,38.22,28.13161540022967,0.15467569243393187,6.045221978181451,34.17683737841112,3.3417767087037538,4.043162621588879,6.5919321986326445,0.0,0.0,386.22331451788955
516.0,1.6503230856412953e-14,38.22,1.6503230856412953e-14,38.22,1.6503230856412953e-14,0.0,32.60826041468478,32.60826041468479,38.219999999999985,5.6117395853152034,0.0,0.0,0.0,351.85119003578603
517.0,0.0,38.22,0.0,38.22,0.0,0.0,31.160917457974158,31.160917457974158,38.22,7.05908254202584,0.0,0.0,0.0,319.0046989865519
518.0,0.0,38.22,0.0,38.22,0.0,0.0,30.867133027315287,30.867133027315287,38.22,7.352866972684711,0.0,0.0,0.0,286.46788391797696
519.0,0.0,38.22,0.0,38.22,0.0,0.0,27.717400707292676,27.717400707292676,38.22,10.502599292707325,0.0,0.0,0.0,257.251178233108
520.0,0.0,38.22,0.0,38.22,0.0,0.0,25.815174782765048,25.815174782765048,38.22,12.40482521723495,0.0,0.0,0.0,230.03959473014805
521.0,0.0,38.22,0.0,38.22,0.0,0.0,24.34,24.34,38.22,13.879999999999999,0.0,0.0,0.0,204.3829819806486
522.0,0.0,111.42797558830887,0.0,111.42797558830887,0.0,0.0,74.72688467623486,74.72688467623486,111.42797558830887,36.701090912074015,0.0,0.0,0.0,125.61392930543651
523.0,0.0,124.11517728178177,0.0,124.11517728178177,0.0,0.0,75.27718132152313,75.27718132152313,124.11517728178177,48.837995960258645,0.0,0.0,0.0,46.26481303427086
524.0,0.0,105.46318091769322,0.0,105.46318091769322,0.0,0.0,32.42676316309316,32.42676316309316,105.46318091769322,73.03641775460007,0.0,0.0,0.0,12.084003453530705
525.0,0.0,123.36078011219277,0.0,123.36078011219277,0.0,0.0,10.58365351516419,10.58365351516419,123.36078011219277,112.77712659702858,0.0,0.0,0.0,0.9278530955419524
526.0,0.0,38.22,0.0,38.22,0.0,0.0,0.84,0.84,38.22,37.38,0.0,0.0,0.0,0.042415350694806175
527.0,0.0,38.22,0.0,38.22,0.0,0.0,0.04023873478511787,0.04023873478511787,38.22,38.17976126521488,0.0,0.0,0.0,0.0
528.0,0.0,38.22,0.0,38.22,0.0,0.0,0.0,0.0,38.22,38.22,0.0,0.0,0.0,0.0
529.0,30.99148542375397,38.22,30.99148542375397,38.22,25.814992769457476,5.176492654296497,0.0,25.814992769457476,7.228514576246028,12.405007230542525,0.0,0.0,0.0,4.910852123612258
530.0,59.87095233173034,38.22,59.87095233173034,38.22,33.62259061753234,26.248361714197998,0.0,33.62259061753234,-21.650952331730338,4.59740938246766,0.0,0.0,0.0,29.81223448306045
531.0,83.84095539531862,38.22,83.84095539531862,38.22,36.37999625281467,47.46095914250394,0.0,36.37999625281467,-45.62095539531861,1.840003747185328,0.0,0.0,0.0,74.83765373101177
532.0,98.92235018504469,38.22,98.92235018504469,38.22,37.03911734390826,61.88323284113644,0.0,37.03911734390826,-60.70235018504469,1.1808826560917431,0.0,0.0,0.0,133.54524315676895
533.0,106.36831986164253,38.22,106.36831986164253,38.22,37.124266681028956,69.24405318061358,0.0,37.124266681028956,-68.14831986164253,1.0957333189710423,0.0,0.0,0.0,199.2359198985386
534.0,108.57098034561503,38.22,108.57098034561503,38.22,37.148404995917545,64.50594726709122,0.0,37.148404995917545,-70.35098034561503,1.071595004082456,6.916628082606271,0.0,0.0,260.43163469575524
535.0,106.36831986164255,38.22,106.36831986164255,38.22,37.124266681028956,42.44291126075828,0.0,37.124266681028956,-68.14831986164255,1.0957333189710423,26.801141919855308,0.0,0.0,300.6965157294767
536.0,98.9223501850447,38.22,98.9223501850447,38.22,37.03911734390826,33.24279691195279,0.014379378724147518,37.0534967226324,-60.7023501850447,1.1665032773675954,28.640435929183653,0.0,0.0,332.218244744296
537.0,83.84095539531862,38.22,83.84095539531862,38.22,36.37999625281467,21.02073666816195,0.560921723625052,36.94091797643972,-45.62095539531861,1.2790820235602762,26.440222474341994,0.0,0.0,351.5690031221917
538.0,59.87095233173038,38.22,59.87095233173038,38.22,33.622590617532346,6.580314426949488,2.7044524533093184,36.32704307084167,-21.650952331730384,1.8929569291583346,19.668047287248548,0.0,0.0,354.9608943229303
539.0,30.991485423754007,38.22,30.991485423754007,38.22,25.814992769457493,0.11197158888210135,9.27937929010681,35.09437205956431,7.228514576245994,3.125627940435696,5.064521065414412,0.0,0.0,345.285795289381
540.0,1.4664154026991467e-14,38.22,1.4664154026991467e-14,38.22,1.4664154026991467e-14,0.0,30.929792582310295,30.92979258231031,38.219999999999985,7.29020741768969,0.0,0.0,0.0,312.6829312504872
541.0,0.0,38.22,0.0,38.22,0.0,0.0,28.692717620383526,28.692717620383526,38.22,9.527282379616473,0.0,0.0,0.0,282.43815127033434
542.0,0.0,38.22,0.0,38.22,0.0,0.0,26.34336285504552,26.34336285504552,38.22,11.87663714495448,0.0,0.0,0.0,254.66980865359437
543.0,0.0,38.22,0.0,38.22,0.0,0.0,24.738021126026265,24.738021126026265,38.22,13.481978873973734,0.0,0.0,0.0,228.59364479905895
544.0,0.0,38.22,0.0,38.22,0.0,0.0,23.8,23.8,38.22,14.42,0.0,0.0,0.0,203.50624202838983
545.0,0.0,38.22,0.0,38.22,0.0,0.0,23.485387919293427,23.485387919293427,38.22,14.73461208070657,0.0,0.0,0.0,178.75046950919986
546.0,0.0,127.25239955777357,0.0,127.25239955777357,0.0,0.0,68.92356074485498,68.92356074485498,127.25239955777357,58.32883881291859,0.0,0.0,0.0,106.09865737496212
547.0,0.0,109.19964109357268,0.0,109.19964109357268,0.0,0.0,56.665849018467775,56.665849018467775,109.19964109357268,52.533792075104905,0.0,0.0,0.0,46.36760789310381
548.0,0.0,98.94528159871197,0.0,98.94528159871197,0.0,0.0,30.95819939378137,30.95819939378137,98.94528159871197,67.9870822049306,0.0,0.0,0.0,13.734800445772777
549.0,0.0,121.27308422854502,0.0,121.27308422854502,0.0,0.0,11.206926155710583,11.206926155710583,121.27308422854502,110.06615807283443,0.0,0.0,0.0,1.9216630386526865
550.0,0.0,38.22,0.0,38.22,0.0,0.0,1.0955910172758039,1.0955910172758039,38.22,37.1244089827242,0.0,0.0,0.0,0.7668087057818787
551.0,0.0,38.22,0.0,38.22,0.0,0.0,0.27999999999999997,0.27999999999999997,38.22,37.94,0.0,0.0,0.0,0.4716627908328299
552.0,0.0,38.22,0.0,38.22,0.0,0.0,0.27999999999999997,0.27999999999999997,38.22,37.94,0.0,0.0,0.0,0.17651687588378118
553.0,28.082887525277854,38.22,28.082887525277854,38.22,23.403367497096617,4.679520028181236,0.0,23.403367497096617,10.137112474722146,14.816632502903383,0.0,0.0,0.0,4.6158993695121895
554.0,54.251972674873954,38.22,54.251972674873954,38.22,32.3939957766768,21.85797689819715,0.0,32.3939957766768,-16.031972674873952,5.8260042233231975,0.0,0.0,0.0,25.3521969820058
555.0,76.34057137366577,38.22,76.34057137366577,38.22,34.7876225358947,41.55294883777106,0.0,34.7876225358947,-38.12057137366576,3.4323774641053006,0.0,0.0,0.0,64.77278552914672
556.0,91.23212712860038,38.22,91.23212712860038,38.22,35.61639678846508,55.61573034013531,0.0,35.61639678846508,-53.01212712860038,2.6036032115349212,0.0,0.0,0.0,117.5345000117143
557.0,99.76297033917176,38.22,99.76297033917176,38.22,36.137386063600154,62.65340405551877,0.0,36.137386063600154,-61.54297033917177,2.082613936399848,0.9721802200528464,0.0,0.0,176.97273800519528
558.0,102.5767032709005,38.22,102.5767032709005,38.22,36.312714948570175,58.12405631484024,0.0,36.312714948570175,-64.3567032709005,1.9072850514298225,8.139932007490081,0.0,0.0,232.11405944603172
559.0,99.76297033917177,38.22,99.76297033917177,38.22,36.137386063600154,40.390838229456946,0.002133769144294539,36.13951983274445,-61.542970339171774,2.0804801672555535,23.23474604611468,0.0,0.0,270.42992387841207
560.0,91.2321271286004,38.22,91.2321271286004,38.22,35.61639678846508,28.106601304645974,0.0,35.61639678846508,-53.01212712860039,2.6036032115349204,27.509129035489337,0.0,0.0,297.09418710109446
561.0,76.34057137366577,38.22,76.34057137366577,38.22,34.7876225358947,18.832872443611002,0.0,34.7876225358947,-38.12057137366576,3.4323774641053006,22.72007639416006,0.0,0.0,314.960618642664
562.0,54.25197267487399,38.22,54.25197267487399,38.22,32.39399577667681,3.8259719726276487,1.313547124910665,33.70754290158747,-16.031972674873995,4.512457098412524,18.032004925569534,0.0,0.0,317.20565410901077
563.0,28.082887525277883,38.22,28.082887525277883,38.22,23.403367497096635,0.09019915672966983,9.04639603060882,32.44976352770546,10.137112474722114,5.770236472294545,4.58932087145158,0.0,0.0,307.7554858516217
564.0,1.3287900936742813e-14,38.22,1.3287900936742813e-14,38.22,1.3287900936742813e-14,0.0,31.099999999999987,31.1,38.219999999999985,7.119999999999999,0.0,0.0,0.0,274.9732074412095
565.0,0.0,38.22,0.0,38.22,0.0,0.0,29.954749503388037,29.954749503388037,38.22,8.265250496611962,0.0,0.0,0.0,243.39812905104156
566.0,0.0,38.22,0.0,38.22,0.0,0.0,26.941850697107892,26.941850697107892,38.22,11.278149302892107,0.0,0.0,0.0,214.9989248566895
567.0,0.0,38.22,0.0,38.22,0.0,0.0,21.711360832627925,21.711360832627925,38.22,16.508639167372074,0.0,0.0,0.0,192.11314107906483
568.0,0.0,38.22,0.0,38.22,0.0,0.0,20.281479004848514,20.281479004848514,38.22,17.938520995151485,0.0,0.0,0.0,170.73458508832937
569.0,0.0,38.22,0.0,38.22,0.0,0.0,17.932248924202348,17.932248924202348,38.22,20.28775107579765,0.0,0.0,0.0,151.83233503180153
570.0,0.0,111.5548014116193,0.0,111.5548014116193,0.0,0.0,47.5583373930618,47.5583373930618,111.5548014116193,63.996464018557496,0.0,0.0,0.0,101.70144573419158
571.0,0.0,129.4525078782275,0.0,129.4525078782275,0.0,0.0,58.296598620414024,58.296598620414024,129.4525078782275,71.15590925781346,0.0,0.0,0.0,40.251435240478905
572.0,0.0,117.84501598152521,0.0,117.84501598152521,0.0,0.0,32.65425449354245,32.65425449354245,117.84501598152521,85.19076148798277,0.0,0.0,0.0,5.830828742351496
573.0,0.0,114.01622610922692,0.0,114.01622610922692,0.0,0.0,4.401109352118935,4.401109352118935,114.01622610922692,109.615116757108,0.0,0.0,0.0,1.1916521476302182
574.0,0.0,38.22,0.0,38.22,0.0,0.0,0.27999999999999997,0.27999999999999997,38.22,37.94,0.0,0.0,0.0,0.8965062326811695
575.0,0.0,38.22,0.0,38.22,0.0,0.0,0.27999999999999997,0.27999999999999997,38.22,37.94,0.0,0.0,0.0,0.6013603177321207
576.0,0.0,38.22,0.0,38.22,0.0,0.0,0.27999999999999997,0.27999999999999997,38.22,37.94,0.0,0.0,0.0,0.306214402783072
577.0,30.78709645223034,38.22,30.78709645223034,38.22,25.037782742361344,5.749313709868997,0.0,25.037782742361344,7.432903547769658,13.182217257638655,0.0,0.0,0.0,5.7604922945886265
578.0,59.476103159323664,38.22,59.476103159323664,38.22,33.16676724659765,26.309335912726016,0.0,33.16676724659765,-21.25610315932367,5.05323275340235,0.0,0.0,0.0,30.71971985779237
579.0,82.88388807045673,38.22,82.88388807045673,38.22,35.94139297645803,46.9424950939987,0.0,35.94139297645803,-44.663888070456736,2.2786070235419658,0.0,0.0,0.0,75.25328092228712
580.0,98.35494226058648,38.22,98.35494226058648,38.22,36.88011759923282,61.47482466135366,0.0,36.88011759923282,-60.13494226058648,1.3398824007671837,0.0,0.0,0.0,133.57342032909716
581.0,107.39358223922021,38.22,107.39358223922021,38.22,37.278246162319505,69.30935870911992,0.0,37.278246162319505,-69.17358223922021,0.9417538376804977,0.805977367780784,0.0,0.0,199.32605133503117
582.0,110.24195595421573,38.22,110.24195595421573,38.22,37.37970560578019,58.76500088488426,0.0,37.37970560578019,-72.02195595421573,0.8402943942198111,14.09724946355128,0.0,0.0,255.07542618444452
583.0,107.39358223922022,38.22,107.39358223922022,38.22,37.278246162319505,40.62364391858226,0.01832849084579835,37.2965746531653,-69.17358223922022,0.9234253468346993,29.491692158318454,0.0,0.0,293.5950787502394
584.0,98.35494226058648,38.22,98.35494226058648,38.22,36.88011759923282,30.222447126741947,0.01337657375785739,36.89349417299067,-60.13494226058649,1.3265058270093255,31.252377534611725,0.0,0.0,322.2525094188062
585.0,82.88388807045673,38.22,82.88388807045673,38.22,35.94139297645803,17.920979222219493,0.3083982263161015,36.249791202774134,-44.663888070456736,1.9702087972258642,29.021515871779208,0.0,0.0,338.9287628177978
586.0,59.95519178178887,38.22,59.95519178178887,38.22,33.44676724659766,4.604331958916074,2.1241034401964596,35.570870686794116,-21.73519178178887,2.649129313205883,21.904092576275136,0.0,0.0,341.0578140269617
587.0,31.0350909718022,38.22,31.0350909718022,38.22,25.285777261933188,0.03995105906830532,8.402777181526538,33.68855444345972,7.184909028197796,4.531445556540275,5.709362650800711,0.0,0.0,332.23841007460123
588.0,1.4684786741566678e-14,38.22,1.4684786741566678e-14,38.22,1.4684786741566678e-14,0.0,30.712502649974326,30.71250264997434,38.219999999999985,7.507497350025659,0.0,0.0,0.0,299.8645897353092
589.0,0.0,38.22,0.0,38.22,0.0,0.0,28.285997865407516,28.285997865407516,38.22,9.934002134592482,0.0,0.0,0.0,270.048530020193
590.0,0.0,38.22,0.0,38.22,0.0,0.0,26.546800813107225,26.546800813107225,38.22,11.673199186892772,0.0,0.0,0.0,242.06574496678343
591.0,0.0,38.22,0.0,38.22,0.0,0.0,23.259999999999998,23.259999999999998,38.22,14.959999999999999,0.0,0.0,0.0,217.5475521749446
592.0,0.0,38.22,0.0,38.22,0.0,0.0,23.259999999999998,23.259999999999998,38.22,14.959999999999999,0.0,0.0,0.0,193.02935938310577
593.0,0.0,38.22,0.0,38.22,0.0,0.0,21.754250324215082,21.754250324215082,38.22,16.46574967578492,0.0,0.0,0.0,170.09836611178042
594.0,0.0,107.4889944577919,0.0,107.4889944577919,0.0,0.0,55.883372157267175,55.883372157267175,107.4889944577919,51.60562230052473,0.0,0.0,0.0,111.19211966251324
595.0,0.0,103.13545068820856,0.0,103.13545068820856,0.0,0.0,47.07926168483642,47.07926168483642,103.13545068820856,56.056189003372154,0.0,0.0,0.0,61.566220501453444
596.0,0.0,104.48803573002573,0.0,104.48803573002573,0.0,0.0,35.67110189961839,35.67110189961839,104.48803573002573,68.81693383040734,0.0,0.0,0.0,23.965577617869084
597.0,0.0,110.16085442929742,0.0,110.16085442929742,0.0,0.0,14.415374447830049,14.415374447830049,110.16085442929742,95.74547998146735,0.0,0.0,0.0,8.770438758090734
598.0,0.0,38.22,0.0,38.22,0.0,0.0,2.498171065443557,2.498171065443557,38.22,35.72182893455644,0.0,0.0,0.0,6.137135240913667
599.0,0.0,38.22,0.0,38.22,0.0,0.0,1.4110424318218304,1.4110424318218304,38.22,36.80895756817817,0.0,0.0,0.0,4.64976592101372
600.0,0.0,38.22,0.0,38.22,0.0,0.0,0.9325808724764018,0.9325808724764018,38.22,37.2874191275236,0.0,0.0,0.0,3.6667393679028994
601.0,32.32964715584604,38.22,32.32964715584604,38.22,25.36545884454676,6.9641883112992815,0.03538728489802709,25.400846129444787,5.890352844153957,12.819153870555212,0.0,0.0,0.0,10.236247029815459
602.0,62.45608228528923,38.22,62.45608228528923,38.22,33.11372802265739,29.342354262631833,0.0,33.11372802265739,-24.23608228528923,5.106271977342606,0.0,0.0,0.0,38.07284844425558
603.0,88.32623862054605,38.22,88.32623862054605,38.22,36.134171424741886,52.192067195804164,0.0,36.134171424741886,-50.10623862054605,2.08582857525811,0.0,0.0,0.0,87.5865908836451
604.0,107.14467576172268,38.22,107.14467576172268,38.22,37.3696859191497,69.77498984257298,0.0,37.3696859191497,-68.92467576172268,0.8503140808502997,0.0,0.0,0.0,153.78095836893834
605.0,117.46394148839029,38.22,117.46394148839029,38.22,37.799227712809525,79.66471377558076,0.0,37.799227712809525,-79.24394148839029,0.42077228719047194,0.0,0.0,0.0,229.3575417718065
606.0,120.61988762853187,38.22,120.61988762853187,38.22,37.863338745096215,61.15755776090416,0.0,37.863338745096215,-82.39988762853187,0.3566612549037826,21.598991122531498,0.0,0.0,287.37669536913586
607.0,117.4639414883903,38.22,117.4639414883903,38.22,37.799227712809525,40.60215132682504,0.0019822711524084546,37.80120998396194,-79.2439414883903,0.41879001603806343,39.06256244875574,0.0,0.0,325.8931887005537
608.0,107.1446757617227,38.22,107.1446757617227,38.22,37.3696859191497,27.580121374998104,0.13625130047042885,37.50593721962013,-68.9246757617227,0.7140627803798701,42.194868467574885,0.0,0.0,351.91436772600485
609.0,88.32623862054605,38.22,88.32623862054605,38.22,36.134171424741886,18.501209178451496,0.6679133815561623,36.802084806298055,-50.10623862054605,1.4179151937019474,33.69085801735267,0.0,0.0,368.7621133455332
610.0,62.45608228528928,38.22,62.45608228528928,38.22,33.1137280226574,6.911526091801767,1.9252070603701605,35.03893508302756,-24.236082285289275,3.181064916972439,22.430828170830107,0.0,0.0,373.28961628679684
611.0,32.32964715584608,38.22,32.32964715584608,38.22,25.36545884454678,0.10407023157496048,7.824629439282591,33.19008828382937,5.89035284415392,5.029911716170631,6.860118079724341,0.0,0.0,365.1404623523365
612.0,1.5297328251592636e-14,38.22,1.5297328251592636e-14,38.22,1.5297328251592636e-14,0.0,28.2620814866003,28.262081486600316,38.219999999999985,9.957918513399683,0.0,0.0,0.0,335.349612714025
613.0,0.0,38.22,0.0,38.22,0.0,0.0,26.74,26.74,38.22,11.48,0.0,0.0,0.0,307.1631778363909
614.0,0.0,38.22,0.0,38.22,0.0,0.0,25.719884192047726,25.719884192047726,38.22,12.500115807952275,0.0,0.0,0.0,280.0520394355141
615.0,0.0,38.22,0.0,38.22,0.0,0.0,24.498081422252834,24.498081422252834,38.22,13.721918577747164,0.0,0.0,0.0,254.22879423598872
616.0,0.0,38.22,0.0,38.22,0.0,0.0,24.4,24.4,38.22,13.82,0.0,0.0,0.0,228.5089359332859
617.0,0.0,38.22,0.0,38.22,0.0,0.0,23.909458336937956,23.909458336937956,38.22,14.310541663062045,0.0,0.0,0.0,203.30615394474407
618.0,0.0,116.65809704960064,0.0,116.65809704960064,0.0,0.0,71.67377863489676,71.67377863489676,116.65809704960064,44.98431841470388,0.0,0.0,0.0,127.75535761241484
619.0,0.0,117.33906298968397,0.0,117.33906298968397,0.0,0.0,63.95104795124467,63.95104795124467,117.33906298968397,53.388015038439306,0.0,0.0,0.0,60.34503418555557
620.0,0.0,115.14616457423561,0.0,115.14616457423561,0.0,0.0,38.337207353104596,38.337207353104596,115.14616457423561,76.80895722113101,0.0,0.0,0.0,19.934069396900373
621.0,0.0,109.98415514252629,0.0,109.98415514252629,0.0,0.0,18.059014557505165,18.059014557505165,109.98415514252629,91.92514058502113,0.0,0.0,0.0,0.8981966302823272
622.0,0.0,38.22,0.0,38.22,0.0,0.0,0.84,0.84,38.22,37.38,0.0,0.0,0.0,0.012758885435181
623.0,0.0,38.22,0.0,38.22,0.0,0.0,0.012104141514096176,0.012104141514096176,38.22,38.207895858485905,0.0,0.0,0.0,0.0
624.0,0.0,38.22,0.0,38.22,0.0,0.0,0.0,0.0,38.22,38.22,0.0,0.0,0.0,0.0
625.0,31.433039328661955,38.22,31.433039328661955,38.22,25.089880200229597,6.343159128432357,0.0,25.089880200229597,6.7869606713380435,13.130119799770402,0.0,0.0,0.0,6.017649122020431
626.0,60.72396897262915,38.22,60.72396897262915,38.22,32.711697376544,28.012271596085156,0.0,32.711697376544,-22.503968972629156,5.508302623455999,0.0,0.0,0.0,32.592423325681224
627.0,85.30336350756448,38.22,85.30336350756448,38.22,35.94077683054634,49.36258667701815,0.0,35.94077683054634,-47.08336350756449,2.279223169453659,0.0,0.0,0.0,79.42188485473916
628.0,100.56443721299594,38.22,100.56443721299594,38.22,36.722935057902816,63.84150215509312,0.0,36.722935057902816,-62.344437212995935,1.4970649420971807,0.0,0.0,0.0,139.98725167173188
629.0,109.39653335357443,38.22,109.39653335357443,38.22,37.035365704469754,72.36116764910469,0.0,37.035365704469754,-71.17653335357444,1.1846342955302442,0.0,0.0,0.0,208.63508284787065
630.0,112.40899687055081,38.22,112.40899687055081,38.22,37.12903686411538,65.45920392434466,0.0,37.12903686411538,-74.18899687055081,1.0909631358846221,9.82075608209077,0.0,0.0,270.73513631457905
631.0,109.39653335357444,38.22,109.39653335357444,38.22,37.035365704469754,42.450024746887024,0.0,37.035365704469754,-71.17653335357444,1.1846342955302442,29.91114290221767,0.0,0.0,311.00676579378177
632.0,100.56443721299594,38.22,100.56443721299594,38.22,36.722935057902816,27.376522846566544,0.03780070236100791,36.76073576026383,-62.34443721299594,1.4592642397361724,36.46497930852658,0.0,0.0,336.9385703381461
633.0,85.30336350756448,38.22,85.30336350756448,38.22,35.94077683054634,17.08288225626538,0.28093021703273424,36.22170704757907,-47.08336350756449,1.9982929524209252,32.27970442075277,0.0,0.0,352.8486889674323
634.0,60.7239689726292,38.22,60.7239689726292,38.22,32.71169737654401,4.604284971506593,2.809671944424809,35.521369320968816,-22.503968972629202,2.698630679031182,23.4079866245786,0.0,0.0,354.2550429452801
635.0,31.43303932866199,38.22,31.43303932866199,38.22,25.08988020022961,0.09353184750682797,9.429600216293553,34.519480416523166,6.786960671338009,3.7005195834768343,6.24962728092555,0.0,0.0,344.40410367741094
636.0,1.48730828467707e-14,38.22,1.48730828467707e-14,38.22,1.48730828467707e-14,0.0,29.541968837988897,29.54196883798891,38.219999999999985,8.678031162011088,0.0,0.0,0.0,313.2641343128234
637.0,0.0,38.22,0.0,38.22,0.0,0.0,27.55052640296612,27.55052640296612,38.22,10.669473597033878,0.0,0.0,0.0,284.2233295894971
638.0,0.0,38.22,0.0,38.22,0.0,0.0,23.71476672581812,23.71476672581812,38.22,14.505233274181881,0.0,0.0,0.0,259.2257705784441
639.0,0.0,38.22,0.0,38.22,0.0,0.0,22.072494751649682,22.072494751649682,38.22,16.147505248350317,0.0,0.0,0.0,235.95931822600224
640.0,0.0,38.22,0.0,38.22,0.0,0.0,20.454084463352945,20.454084463352945,38.22,17.765915536647054,0.0,0.0,0.0,214.39882010678286
641.0,0.0,38.22,0.0,38.22,0.0,0.0,19.355782544569166,19.355782544569166,38.22,18.864217455430833,0.0,0.0,0.0,193.99603386152683
642.0,0.0,113.889176083997,0.0,113.889176083997,0.0,0.0,65.30996265145865,65.30996265145865,113.889176083997,48.57921343253835,0.0,0.0,0.0,125.15328856848052
643.0,0.0,111.3367021262033,0.0,111.3367021262033,0.0,0.0,58.77802167685853,58.77802167685853,111.3367021262033,52.55868044934478,0.0,0.0,0.0,63.1958136159397
644.0,0.0,115.65283980000083,0.0,115.65283980000083,0.0,0.0,43.561910047683156,43.561910047683156,115.65283980000083,72.09092975231768,0.0,0.0,0.0,17.277528623255403
645.0,0.0,108.43174627461192,0.0,108.43174627461192,0.0,0.0,12.50161305489068,12.50161305489068,108.43174627461192,95.93013321972124,0.0,0.0,0.0,4.099671396738682
646.0,0.0,38.22,0.0,38.22,0.0,0.0,1.3400531438039187,1.3400531438039187,38.22,36.87994685619608,0.0,0.0,0.0,2.6871313567088366
647.0,0.0,38.22,0.0,38.22,0.0,0.0,1.06,1.06,38.22,37.16,0.0,0.0,0.0,1.569793250116009
648.0,0.0,38.22,0.0,38.22,0.0,0.0,0.5164869773099565,0.5164869773099565,38.22,37.703513022690046,0.0,0.0,0.0,1.025368173410953
649.0,32.85641548680842,38.22,32.85641548680842,38.22,26.93282315635416,5.923592330454262,0.07665953790922608,27.009482694263387,5.363584513191577,11.210517305736612,0.0,0.0,0.0,6.564175033716639
650.0,63.47372055598473,38.22,63.47372055598473,38.22,35.327676810235765,28.14604374574896,0.0,35.327676810235765,-25.253720555984728,2.892323189764232,0.0,0.0,0.0,33.265856641507796
651.0,88.95981384127289,38.22,88.95981384127289,38.22,36.77961967795065,52.18019416332224,0.0,36.77961967795065,-50.73981384127289,1.4403803220493523,0.0,0.0,0.0,82.76833533328451
652.0,106.62475378542305,38.22,106.62475378542305,38.22,37.31782596904641,69.30692781637664,0.0,37.31782596904641,-68.40475378542305,0.9021740309535875,0.0,0.0,0.0,148.5186601918736
653.0,116.30375132856,38.22,116.30375132856,38.22,37.505811936906476,76.80896735831169,0.0,37.505811936906476,-78.08375132856,0.7141880630935273,1.9889720333418435,0.0,0.0,221.386044665211
654.0,119.40872172110122,38.22,119.40872172110122,38.22,37.533532380561184,62.86584769559878,0.0,37.533532380561184,-81.18872172110122,0.6864676194388178,19.00934164494126,0.0,0.0,281.02582439181293
655.0,116.30375132856001,38.22,116.30375132856001,38.22,37.505811936906476,49.9819829695506,0.0,37.505811936906476,-78.08375132856001,0.7141880630935273,28.815956422102936,0.0,0.0,328.4428968384708
656.0,106.62475378542307,38.22,106.62475378542307,38.22,37.31782596904641,34.774629532268335,0.10671373932080064,37.42453970836721,-68.40475378542307,0.7954602916327865,34.53229828410832,0.0,0.0,361.3205209136655
657.0,88.95981384127289,38.22,88.95981384127289,38.22,36.77961967795065,22.302943549608194,0.2416958844236429,37.02131556237429,-50.73981384127289,1.198684437625709,29.87725061371405,0.0,0.0,382.22418112458644
658.0,63.47372055598478,38.22,63.47372055598478,38.22,35.32767681023577,7.575485461477207,1.043731924507449,36.37140873474322,-25.253720555984778,1.8485912652567775,20.570558284271797,0.0,0.0,388.3107276071562
659.0,32.85641548680846,38.22,32.85641548680846,38.22,26.93282315635418,0.0,8.653063677111925,35.585886833466105,5.363584513191539,2.6341131665338953,5.92359233045428,0.0,0.0,379.1895976211077
660.0,1.5546577741772054e-14,38.22,1.5546577741772054e-14,38.22,1.5546577741772054e-14,0.0,33.43999999999998,33.44,38.219999999999985,4.779999999999999,0.0,0.0,0.0,343.9407426357642
661.0,0.0,38.22,0.0,38.22,0.0,0.0,33.15293373899543,33.15293373899543,38.22,5.067066261004568,0.0,0.0,0.0,308.9944820584749
662.0,0.0,38.22,0.0,38.22,0.0,0.0,31.37731296016829,31.37731296016829,38.22,6.84268703983171,0.0,0.0,0.0,275.91989012179096
663.0,0.0,38.22,0.0,38.22,0.0,0.0,30.48578856860832,30.48578856860832,38.22,7.734211431391679,0.0,0.0,0.0,243.7850474074154
664.0,0.0,38.22,0.0,38.22,0.0,0.0,28.851451025807417,28.851451025807417,38.22,9.368548974192581,0.0,0.0,0.0,213.3729477266311
665.0,0.0,38.22,0.0,38.22,0.0,0.0,28.7,28.7,38.22,9.52,0.0,0.0,0.0,183.12049144435363
666.0,0.0,107.59952581657028,0.0,107.59952581657028,0.0,0.0,68.50414077435391,68.50414077435391,107.59952581657028,39.095385042216364,0.0,0.0,0.0,110.9107867777639
667.0,0.0,119.96806343185571,0.0,119.96806343185571,0.0,0.0,56.04103149428643,56.04103149428643,119.96806343185571,63.927031937569275,0.0,0.0,0.0,51.83835279537239
668.0,0.0,118.76300165665785,0.0,118.76300165665785,0.0,0.0,36.041533538711995,36.041533538711995,118.76300165665785,82.72146811794585,0.0,0.0,0.0,13.8472406794796
669.0,0.0,105.07828068742687,0.0,105.07828068742687,0.0,0.0,10.314425165321097,10.314425165321097,105.07828068742687,94.76385552210577,0.0,0.0,0.0,2.9748819202217844
670.0,0.0,38.22,0.0,38.22,0.0,0.0,0.7799999999999998,0.7799999999999998,38.22,37.44,0.0,0.0,0.0,2.152689728578006
671.0,0.0,38.22,0.0,38.22,0.0,0.0,0.78,0.78,38.22,37.44,0.0,0.0,0.0,1.3304975369342273
672.0,0.0,38.22,0.0,38.22,0.0,0.0,0.7220196069478485,0.7220196069478485,38.22,37.49798039305215,0.0,0.0,0.0,0.5694220458493156
673.0,30.277029483088118,38.22,30.277029483088118,38.22,23.315295555137165,6.961733927950952,0.0,23.315295555137165,7.942970516911882,14.904704444862833,0.0,0.0,0.0,7.173902748767983
674.0,58.49072944206074,38.22,58.49072944206074,38.22,31.091416257232073,27.399313184828667,0.0,31.091416257232073,-20.270729442060738,7.128583742767927,0.0,0.0,0.0,33.16717354527017
675.0,82.07929057386771,38.22,82.07929057386771,38.22,33.73188225122937,48.347408322638344,0.0,33.73188225122937,-43.85929057386772,4.48811774877063,0.0,0.0,0.0,79.03355232498556
676.0,99.62721069223811,38.22,99.62721069223811,38.22,34.47884638433648,65.14836430790164,0.0,34.47884638433648,-61.40721069223812,3.7411536156635234,0.0,0.0,0.0,140.83871743920207
677.0,109.56076982995447,38.22,109.56076982995447,38.22,34.83631403103523,71.8032053946944,0.0,34.83631403103523,-71.34076982995447,3.383685968964774,2.921250404224848,0.0,0.0,208.95721914363918
678.0,112.29685456180326,38.22,112.29685456180326,38.22,34.95823958834792,57.76439420548892,0.0,34.95823958834792,-74.07685456180326,3.261760411652074,19.574220767966416,0.0,0.0,263.75733514839243
679.0,109.56076982995448,38.22,109.56076982995448,38.22,34.83631403103523,38.649913760126864,0.0,34.83631403103523,-71.34076982995448,3.383685968964774,36.07454203879239,0.0,0.0,300.4238628037175
680.0,99.62721069223812,38.22,99.62721069223812,38.22,34.47884638433648,22.98629689587404,0.0,34.47884638433648,-61.407210692238124,3.7411536156635234,42.16206741202761,0.0,0.0,322.23057875286355
681.0,82.07929057386771,38.22,82.07929057386771,38.22,33.73188225122937,12.12423202723611,0.17831522640160902,33.91019747763098,-43.85929057386772,4.309802522369021,36.22317629540223,0.0,0.0,333.5446744264857
682.0,58.49072944206078,38.22,58.49072944206078,38.22,31.09141625723208,2.528737673415654,2.0777035369418826,33.169119794173966,-20.270729442060784,5.050880205826036,24.870575511413048,0.0,0.0,333.7535537959649
683.0,30.27702948308815,38.22,30.27702948308815,38.22,23.315295555137176,0.035495021324817244,8.326605243869004,31.64190079900618,7.942970516911848,6.578099200993818,6.926238906626156,0.0,0.0,325.0102147472837
684.0,1.432609691820271e-14,38.22,1.432609691820271e-14,38.22,1.432609691820271e-14,0.0,29.879999999999985,29.88,38.219999999999985,8.34,0.0,0.0,0.0,293.5139292520067
685.0,0.0,38.22,0.0,38.22,0.0,0.0,28.220786574393472,28.220786574393472,38.22,9.999213425606527,0.0,0.0,0.0,263.76660827314527
686.0,0.0,38.22,0.0,38.22,0.0,0.0,23.230276583685264,23.230276583685264,38.22,14.989723416314737,0.0,0.0,0.0,239.2797467131051
687.0,0.0,38.22,0.0,38.22,0.0,0.0,20.84881236488292,20.84881236488292,38.22,17.371187635117078,0.0,0.0,0.0,217.30316885226793
688.0,0.0,38.22,0.0,38.22,0.0,0.0,20.4,20.4,38.22,17.82,0.0,0.0,0.0,195.79968076312295
689.0,0.0,38.22,0.0,38.22,0.0,0.0,19.7558908749728,19.7558908749728,38.22,18.4641091250272,0.0,0.0,0.0,174.97514330623935
690.0,0.0,116.46091322357509,0.0,116.46091322357509,0.0,0.0,59.513547620246285,59.513547620246285,116.46091322357509,56.947365603328805,0.0,0.0,0.0,112.24235593394873
691.0,0.0,107.06491292254705,0.0,107.06491292254705,0.0,0.0,45.82722649177896,45.82722649177896,107.06491292254705,61.2376864307681,0.0,0.0,0.0,63.93621774647235
692.0,0.0,118.17029213139176,0.0,118.17029213139176,0.0,0.0,41.44483460959897,41.44483460959897,118.17029213139176,76.72545752179279,0.0,0.0,0.0,20.249526208036315
693.0,0.0,110.68440545008959,0.0,110.68440545008959,0.0,0.0,14.707824430599992,14.707824430599992,110.68440545008959,95.9765810194896,0.0,0.0,0.0,4.746117999181292
694.0,0.0,38.22,0.0,38.22,0.0,0.0,1.8634377370517692,1.8634377370517692,38.22,36.35656226294823,0.0,0.0,0.0,2.781882156850116
695.0,0.0,38.22,0.0,38.22,0.0,0.0,0.7204990597505866,0.7204990597505866,38.22,37.49950094024941,0.0,0.0,0.0,2.0224094632429153
696.0,0.0,38.22,0.0,38.22,0.0,0.0,0.27999999999999997,0.27999999999999997,38.22,37.94,0.0,0.0,0.0,1.7272635482938665
697.0,34.573588065658086,38.22,34.573588065658086,38.22,27.826709337302553,6.746878728355532,0.0,27.826709337302553,3.646411934341915,10.393290662697448,0.0,0.0,0.0,8.127914711857049
698.0,66.79104324019731,38.22,66.79104324019731,38.22,33.3215463090423,33.46949693115501,0.0,33.3215463090423,-28.571043240197305,4.898453690957703,0.0,0.0,0.0,39.879867444596734
699.0,92.97995147735358,38.22,92.97995147735358,38.22,34.7819600327908,58.19799144456279,0.0,34.7819600327908,-54.75995147735359,3.4380399672092024,0.0,0.0,0.0,95.09132990814015
700.0,109.09068194073483,38.22,109.09068194073483,38.22,35.24112237945019,73.84955956128464,0.0,35.24112237945019,-70.87068194073483,2.9788776205498078,0.0,0.0,0.0,165.15117363231752
701.0,116.99518589061185,38.22,116.99518589061185,38.22,35.49503300924299,80.5304638403254,0.0,35.49503300924299,-78.77518589061185,2.7249669907570087,0.9696890410434573,0.0,0.0,241.54907966189504
702.0,119.39785951761793,38.22,119.39785951761793,38.22,35.58163719658975,69.45777349525514,0.0,35.58163719658975,-81.17785951761793,2.6383628034102435,14.358448825773035,0.0,0.0,307.4425092966193
703.0,116.99518589061185,38.22,116.99518589061185,38.22,35.49503300924299,48.758979275802844,0.0,35.49503300924299,-78.77518589061185,2.724966990757008,32.74117360556602,0.0,0.0,353.6993385655646
704.0,109.09068194073484,38.22,109.09068194073484,38.22,35.24112237945019,32.654614295982384,0.0,35.24112237945019,-70.87068194073484,2.9788776205498073,41.194945265302266,0.0,0.0,384.6782257524446
705.0,92.97995147735358,38.22,92.97995147735358,38.22,34.7819600327908,21.282751849025257,0.05524886423378558,34.83720889702458,-54.75995147735359,3.3827911029754167,36.915239595537535,0.0,0.0,404.8105795517965
706.0,66.79104324019735,38.22,66.79104324019735,38.22,33.321546309042304,6.1255072542473705,0.9712962482691068,34.29284255731141,-28.57104324019736,3.9271574426885896,27.343989676907686,0.0,0.0,409.59790983355265
707.0,34.57358806565812,38.22,34.57358806565812,38.22,27.826709337302564,0.09340088932981577,5.67741098205431,33.50412031935687,3.646411934341877,4.715879680643125,6.653477839025742,0.0,0.0,403.70200105856793
708.0,1.6737463735109478e-14,38.22,1.6737463735109478e-14,38.22,1.6737463735109478e-14,0.0,32.42643699548521,32.42643699548523,38.219999999999985,5.7935630045147715,0.0,0.0,0.0,369.52153528867444
709.0,0.0,38.22,0.0,38.22,0.0,0.0,31.993711439351337,31.993711439351337,38.22,6.226288560648661,0.0,0.0,0.0,335.79720230516307
710.0,0.0,38.22,0.0,38.22,0.0,0.0,30.422535304391406,30.422535304391406,38.22,7.797464695608593,0.0,0.0,0.0,303.72903438557614
711.0,0.0,38.22,0.0,38.22,0.0,0.0,26.543056618219076,26.543056618219076,38.22,11.676943381780923,0.0,0.0,0.0,275.7501960601166
712.0,0.0,38.22,0.0,38.22,0.0,0.0,24.86,24.86,38.22,13.36,0.0,0.0,0.0,249.54545518285465
713.0,0.0,38.22,0.0,38.22,0.0,0.0,24.66179581675157,24.66179581675157,38.22,13.558204183248426,0.0,0.0,0.0,223.54963985920548
714.0,0.0,109.00961147791229,0.0,109.00961147791229,0.0,0.0,69.83838374764488,69.83838374764488,109.00961147791229,39.17122773026741,0.0,0.0,0.0,149.93351961005754
715.0,0.0,114.53254392149582,0.0,114.53254392149582,0.0,0.0,67.71761366784521,67.71761366784521,114.53254392149582,46.814930253650594,0.0,0.0,0.0,78.5528873094776
716.0,0.0,102.89865613003597,0.0,102.89865613003597,0.0,0.0,43.8130172627467,43.8130172627467,102.89865613003597,59.08563886728928,0.0,0.0,0.0,32.369912071292454
717.0,0.0,106.61229628945254,0.0,106.61229628945254,0.0,0.0,22.27407744062383,22.27407744062383,106.61229628945254,84.33821884882872,0.0,0.0,0.0,8.890972907510717
718.0,0.0,38.22,0.0,38.22,0.0,0.0,2.1933715454484584,2.1933715454484584,38.22,36.02662845455154,0.0,0.0,0.0,6.578956294637166
719.0,0.0,38.22,0.0,38.22,0.0,0.0,1.8399999999999999,1.8399999999999999,38.22,36.38,0.0,0.0,0.0,4.63942599640056
