time,generation_kw,load_kw,generation_kwh,load_kwh,solar_used_kwh,battery_charge_kwh,battery_discharge_kwh,self_consumed_kwh,net_load_kwh,grid_import,grid_export,curtailed_kwh,unmet_load_kwh,total_soc_kwh
0.0,0.0,38.22,0.0,38.22,0.0,0.0,38.22,38.22,38.22,0.0,0.0,0.0,0.0,265.71258260945484
1.0,26.06983166089695,38.22,26.06983166089695,38.22,22.959410037350434,3.1104216235465136,15.260589962649565,38.22,12.15016833910305,0.0,0.0,0.0,0.0,252.57731341364973
2.0,50.363047376537594,38.22,50.363047376537594,38.22,32.678630540433296,17.684416836104297,5.541369459566705,38.22,-12.143047376537593,0.0,0.0,0.0,0.0,263.51310801891617
3.0,70.43211402909793,38.22,70.43211402909793,38.22,35.75153505847349,34.68057897062444,2.468464941526508,38.22,-32.21211402909793,0.0,0.0,0.0,0.0,293.81200354190344
4.0,84.1805134711531,38.22,84.1805134711531,38.22,36.99086941474473,46.677174656291086,1.22913058525527,38.22,-45.9605134711531,0.0,0.5124694001172894,0.0,0.0,336.7982421414527
5.0,92.48754362806685,38.22,92.48754362806685,38.22,37.4955024588722,40.20918279604605,0.7244975411277971,38.22,-54.26754362806685,0.0,14.782858373148594,0.0,0.0,374.1803348252698
6.0,95.18573201621464,38.22,95.18573201621464,38.22,37.60060551111854,34.144840303451815,0.6193944888814601,38.22,-56.96573201621464,0.0,23.440286201644284,0.0,0.0,405.92007541741623
7.0,92.0629018454376,38.22,92.0629018454376,38.22,37.2155024588722,20.28692748590477,1.0044975411277968,38.22,-53.84290184543759,0.0,34.560471900660616,0.0,0.0,424.10711131405515
8.0,83.79979006439,38.22,83.79979006439,38.22,36.71086941474473,14.999017069774368,1.509130585255269,38.22,-45.57979006438999,0.0,32.08990357987089,0.0,0.0,436.7456649833148
9.0,70.12125466919669,38.22,70.12125466919669,38.22,35.47153505847349,8.491866997498986,2.7484649415265077,38.22,-31.90125466919669,0.0,26.157852613224208,0.0,0.0,441.9046209449933
10.0,50.143236615156155,38.22,50.143236615156155,38.22,32.45881977905182,1.610894524292779,4.84987388959631,37.30869366864813,-11.923236615156155,0.9113063313518639,16.073522311811548,0.0,0.0,438.3206337232095
11.0,25.95604923816895,38.22,25.95604923816895,38.22,22.845627614622426,0.0,14.123088647023762,36.968716261646186,12.263950761831047,1.2512837383538113,3.1104216235465256,0.0,0.0,423.4335911495225
12.0,1.228155084392786e-14,38.22,1.228155084392786e-14,38.22,1.228155084392786e-14,0.0,36.719999999999985,36.72,38.219999999999985,1.4999999999999998,0.0,0.0,0.0,384.72731258906157
13.0,0.0,38.22,0.0,38.22,0.0,0.0,34.91517316445399,34.91517316445399,38.22,3.3048268355460118,0.0,0.0,0.0,347.92348855610715
14.0,0.0,38.22,0.0,38.22,0.0,0.0,33.72,33.72,38.22,4.5,0.0,0.0,0.0,312.37948765581456
15.0,0.0,38.22,0.0,38.22,0.0,0.0,32.21625001242508,32.21625001242508,38.22,6.003749987574922,0.0,0.0,0.0,278.42057841958416
16.0,0.0,38.22,0.0,38.22,0.0,0.0,31.125679272105383,31.125679272105383,38.22,7.094320727894616,0.0,0.0,0.0,245.61123167966923
17.0,0.0,38.22,0.0,38.22,0.0,0.0,29.782253163090655,29.782253163090655,38.22,8.437746836909346,0.0,0.0,0.0,214.21798039729572
18.0,0.0,119.14126297583643,0.0,119.14126297583643,0.0,0.0,84.73487159673377,84.73487159673377,119.14126297583643,34.40639137910265,0.0,0.0,0.0,124.8995832347666
19.0,0.0,102.26263271060421,0.0,102.26263271060421,0.0,0.0,56.60858376635496,56.60858376635496,102.26263271060421,45.65404894424925,0.0,0.0,0.0,65.22889662872836
20.0,0.0,103.04302819621306,0.0,103.04302819621306,0.0,0.0,43.440916630937714,43.440916630937714,103.04302819621306,59.60211156527534,0.0,0.0,0.0,19.438149895644578
21.0,0.0,120.05838420196584,0.0,120.05838420196584,0.0,0.0,15.545073530519456,15.545073530519456,120.05838420196584,104.51331067144638,0.0,0.0,0.0,3.0522036452324213
22.0,0.0,38.22,0.0,38.22,0.0,0.0,1.28,1.28,38.22,36.94,0.0,0.0,0.0,1.7029651768939125
23.0,0.0,38.22,0.0,38.22,0.0,0.0,1.16457547851238,1.16457547851238,38.22,37.05542452148762,0.0,0.0,0.0,0.47539483713404573
24.0,0.0,38.22,0.0,38.22,0.0,0.0,0.4509991419685133,0.4509991419685133,38.22,37.76900085803149,0.0,0.0,0.0,0.0
25.0,28.56712172714359,38.22,28.56712172714359,38.22,23.923278239267567,4.643843487876021,0.0,23.923278239267567,9.65287827285641,14.296721760732432,0.0,0.0,0.0,4.405536755708624
26.0,55.18744131798313,38.22,55.18744131798313,38.22,31.27487082998336,23.91257048799977,0.0,31.27487082998336,-16.96744131798313,6.945129170016639,0.0,0.0,0.0,27.090992991129628
27.0,78.03007523381811,38.22,78.03007523381811,38.22,34.206461107756475,43.823614126061635,0.0,34.206461107756475,-39.81007523381811,4.013538892243522,0.0,0.0,0.0,68.66572377273486
28.0,92.7506706052183,38.22,92.7506706052183,38.22,35.34042657258354,57.41024403263476,0.0,35.34042657258354,-54.5306706052183,2.8795734274164593,0.0,0.0,0.0,123.12986342349963
29.0,100.63874560736073,38.22,100.63874560736073,38.22,35.894409958939654,64.74433564842107,0.0,35.894409958939654,-62.41874560736073,2.3255900410603436,0.0,0.0,0.0,184.55173329653317
30.0,103.11594756438383,38.22,103.11594756438383,38.22,36.05120396802372,60.76337573404105,0.0,36.05120396802372,-64.89594756438383,2.168796031976278,6.301367862319067,0.0,0.0,242.1969329885858
31.0,100.63874560736073,38.22,100.63874560736073,38.22,35.894409958939654,39.79395183095958,0.022159998710302498,35.91656995764996,-62.418745607360734,2.303430042350041,24.9503838174615,0.0,0.0,279.9254317644202
32.0,92.7506706052183,38.22,92.7506706052183,38.22,35.34042657258354,26.547328667763136,0.01122683410691145,35.35165340669045,-54.53067060521831,2.868346593309547,30.862915364871633,0.0,0.0,305.0986049571544
33.0,78.03007523381811,38.22,78.03007523381811,38.22,34.206461107756475,18.601360766937393,0.26931597828600407,34.475777086042484,-39.81007523381811,3.744222913957518,25.222253359124238,0.0,0.0,322.46152127053995
34.0,55.18744131798317,38.22,55.18744131798317,38.22,31.274870829983367,5.978943858951555,1.9582346891585416,33.23310551914191,-16.967441317983173,4.98689448085809,17.93362662904825,0.0,0.0,326.06948484587804
35.0,28.765571811134716,38.22,28.765571811134716,38.22,24.12172832325868,0.19583733822931254,7.372382086778741,31.494110410037422,9.454428188865283,6.725889589962579,4.448006149646724,0.0,0.0,318.4840993993755
36.0,1.3610924740949956e-14,38.22,1.3610924740949956e-14,38.22,1.3610924740949956e-14,0.0,27.44337183503065,27.443371835030664,38.219999999999985,10.776628164969335,0.0,0.0,0.0,289.5562455081717
37.0,0.0,38.22,0.0,38.22,0.0,0.0,25.924046307293825,25.924046307293825,38.22,12.295953692706172,0.0,0.0,0.0,262.22990134192975
38.0,0.0,38.22,0.0,38.22,0.0,0.0,23.921285532817308,23.921285532817308,38.22,14.298714467182691,0.0,0.0,0.0,237.014652394284
39.0,0.0,38.22,0.0,38.22,0.0,0.0,21.848173230985328,21.848173230985328,38.22,16.37182676901467,0.0,0.0,0.0,213.98465568633947
40.0,0.0,38.22,0.0,38.22,0.0,0.0,21.593378629245592,21.593378629245592,38.22,16.626621370754407,0.0,0.0,0.0,191.22323607073258
41.0,0.0,38.22,0.0,38.22,0.0,0.0,20.61024698878719,20.61024698878719,38.22,17.60975301121281,0.0,0.0,0.0,169.49812819633448
42.0,0.0,117.5834401482119,0.0,117.5834401482119,0.0,0.0,59.64287843986001,59.64287843986001,117.5834401482119,57.940561708351886,0.0,0.0,0.0,106.62901417016528
43.0,0.0,106.19527779506545,0.0,106.19527779506545,0.0,0.0,43.45373100803463,43.45373100803463,106.19527779506545,62.74154678703081,0.0,0.0,0.0,60.8247598976073
44.0,0.0,106.91121822006508,0.0,106.91121822006508,0.0,0.0,37.19775635445705,37.19775635445705,106.91121822006508,69.71346186560802,0.0,0.0,0.0,21.614881921578668
45.0,0.0,112.70810853804537,0.0,112.70810853804537,0.0,0.0,16.71449192249152,16.71449192249152,112.70810853804537,95.99361661555385,0.0,0.0,0.0,3.9962604523920815
46.0,0.0,38.22,0.0,38.22,0.0,0.0,1.5395046066203735,1.5395046066203735,38.22,36.68049539337962,0.0,0.0,0.0,2.373480110644776
47.0,0.0,38.22,0.0,38.22,0.0,0.0,0.36319391090637404,0.36319391090637404,38.22,37.856806089093624,0.0,0.0,0.0,1.9906401137219722
48.0,0.0,38.22,0.0,38.22,0.0,0.0,0.27999999999999997,0.27999999999999997,38.22,37.94,0.0,0.0,0.0,1.6954941987729235
49.0,22.989288632214667,38.22,22.989288632214667,38.22,20.765280415945067,2.2240082162695978,0.0,20.765280415945067,15.230711367785334,17.45471958405493,0.0,0.0,0.0,3.805373648275006
50.0,43.35280009953351,38.22,43.35280009953351,38.22,30.167877356961878,13.184922742571636,0.24140518528608174,30.409282542247958,-5.132800099533513,7.810717457752041,0.0,0.0,0.0,16.05922623207943
51.0,61.310117867609975,38.22,61.310117867609975,38.22,35.074284199604556,26.235833668005416,0.0,35.074284199604556,-23.090117867609973,3.145715800395444,0.0,0.0,0.0,40.94872344334752
52.0,75.08925242276914,38.22,75.08925242276914,38.22,36.4113707591227,38.67788166364643,0.0,36.4113707591227,-36.86925242276914,1.8086292408773001,0.0,0.0,0.0,77.6417837816231
53.0,83.71276575192203,38.22,83.71276575192203,38.22,36.85410368176559,46.858662070156456,0.0,36.85410368176559,-45.49276575192204,1.3658963182344124,0.0,0.0,0.0,122.09581385657364
54.0,86.47338356448093,38.22,86.47338356448093,38.22,36.945613751246015,46.82365114731579,0.0,36.945613751246015,-48.25338356448093,1.2743862487539885,2.7041186659191188,0.0,0.0,166.5166296537759
55.0,83.71276575192205,38.22,83.71276575192205,38.22,36.85410368176559,39.72374247102288,0.0,36.85410368176559,-45.49276575192205,1.3658963182344122,7.134919599133575,0.0,0.0,204.20188067209517
56.0,75.08925242276915,38.22,75.08925242276915,38.22,36.4113707591227,26.006228262847255,0.1539469885526929,36.565317747675394,-36.869252422769144,1.6546822523246065,12.671653400799189,0.0,0.0,228.71128069609745
57.0,61.310117867609975,38.22,61.310117867609975,38.22,35.074284199604556,14.113249151053788,0.5835952599237766,35.65787945952833,-23.090117867609973,2.5621205404716676,12.12258451695163,0.0,0.0,241.48512102924875
58.0,43.352800099533546,38.22,43.352800099533546,38.22,30.16787735696189,5.031918098093596,4.39098180325878,34.55885916022067,-5.132800099533548,3.6611408397793306,8.153004644478063,0.0,0.0,241.63031646518453
59.0,22.44106064856349,38.22,22.44106064856349,38.22,20.48528041594508,0.22197036119042934,11.448136657093464,31.933417073038544,15.778939351436511,6.2865829269614535,1.7338098714279768,0.0,0.0,229.773500439081
60.0,1.0618373575193757e-14,38.22,1.0618373575193757e-14,38.22,1.0618373575193757e-14,0.0,25.009217609121585,25.009217609121595,38.21999999999999,13.210782390878403,0.0,0.0,0.0,203.4114703912094
61.0,0.0,38.22,0.0,38.22,0.0,0.0,20.25032566722259,20.25032566722259,38.22,17.96967433277741,0.0,0.0,0.0,182.06575290167862
62.0,0.0,38.22,0.0,38.22,0.0,0.0,17.028568373136917,17.028568373136917,38.22,21.191431626863082,0.0,0.0,0.0,164.11606578467175
63.0,0.0,38.22,0.0,38.22,0.0,0.0,15.681448529389723,15.681448529389723,38.22,22.538551470610276,0.0,0.0,0.0,147.58636766348195
64.0,0.0,38.22,0.0,38.22,0.0,0.0,14.381433295919852,14.381433295919852,38.22,23.838566704080147,0.0,0.0,0.0,132.4270059191856
65.0,0.0,38.22,0.0,38.22,0.0,0.0,13.18,13.18,38.22,25.04,0.0,0.0,0.0,118.53406606551252
66.0,0.0,121.14807385919202,0.0,121.14807385919202,0.0,0.0,43.05081403840938,43.05081403840938,121.14807385919202,78.09725982078265,0.0,0.0,0.0,73.15452357027078
67.0,0.0,111.61100218022138,0.0,111.61100218022138,0.0,0.0,29.46313776850843,29.46313776850843,111.61100218022138,82.14786441171294,0.0,0.0,0.0,42.097649448998304
68.0,0.0,115.27227271509595,0.0,115.27227271509595,0.0,0.0,24.178383017955703,24.178383017955703,115.27227271509595,91.09388969714026,0.0,0.0,0.0,16.611395956773023
69.0,0.0,122.90444934027184,0.0,122.90444934027184,0.0,0.0,13.50352789059372,13.50352789059372,122.90444934027184,109.40092144967812,0.0,0.0,0.0,2.377427762811302
70.0,0.0,38.22,0.0,38.22,0.0,0.0,1.490621963725956,1.490621963725956,38.22,36.72937803627404,0.0,0.0,0.0,0.8061742509289983
71.0,0.0,38.22,0.0,38.22,0.0,0.0,0.7648040471747246,0.7648040471747246,38.22,37.45519595282528,0.0,0.0,0.0,0.0
72.0,0.0,38.22,0.0,38.22,0.0,0.0,0.0,0.0,38.22,38.22,0.0,0.0,0.0,0.0
73.0,25.61722062122343,38.22,25.61722062122343,38.22,22.387869393263212,3.229351227960219,0.0,22.387869393263212,12.602779378776567,15.832130606736786,0.0,0.0,0.0,3.063631573504777
74.0,49.4886699915692,38.22,49.4886699915692,38.22,29.70668106641209,19.78198892515711,0.0,29.70668106641209,-11.268669991569203,8.513318933587907,0.0,0.0,0.0,21.830474069021562
75.0,69.97148370252759,38.22,69.97148370252759,38.22,32.05630090655421,37.91518279597339,0.0,32.05630090655421,-31.751483702527597,6.16369909344579,0.0,0.0,0.0,57.799974730093695
76.0,84.79676439014979,38.22,84.79676439014979,38.22,33.29330863156175,51.50345575858803,0.0,33.29330863156175,-46.57676439014978,4.926691368438246,0.0,0.0,0.0,106.66044300014971
77.0,92.77815791290136,38.22,92.77815791290136,38.22,34.01230055456297,56.09921708495856,0.0,34.01230055456297,-54.55815791290137,4.207699445437033,2.666640273379841,0.0,0.0,159.88083328235993
78.0,95.31168124641184,38.22,95.31168124641184,38.22,34.256140115974446,51.17161884699776,0.0,34.256140115974446,-57.09168124641183,3.9638598840255517,9.883922283439624,0.0,0.0,208.42649341671358
79.0,92.77815791290138,38.22,92.77815791290138,38.22,34.01230055456297,45.26431498716831,0.0,34.01230055456297,-54.55815791290138,4.207699445437033,13.501542371170096,0.0,0.0,251.36799304273774
80.0,84.79676439014979,38.22,84.79676439014979,38.22,33.29330863156176,37.97201482715862,0.004090501913036726,33.29739913347479,-46.5767643901498,4.922600866525208,13.531440931429419,0.0,0.0,287.3870975349834
81.0,69.97148370252759,38.22,69.97148370252759,38.22,32.05630090655421,25.563835208066372,0.10385429657240866,32.16015520312662,-31.751483702527597,6.059844796873381,12.351347587907012,0.0,0.0,311.5296089903372
82.0,49.48866999156924,38.22,49.48866999156924,38.22,29.706681066412095,9.787317187650038,0.8765343402885992,30.583215406700695,-11.268669991569242,7.6367845932993035,9.994671737507106,0.0,0.0,319.89072501809517
83.0,25.61722062122346,38.22,25.61722062122346,38.22,22.387869393263234,0.3682671379804639,6.258422807446658,28.64629220070989,12.602779378776539,9.573707799290109,2.8610840899797645,0.0,0.0,313.64313702382583
84.0,1.2121228259846981e-14,38.22,1.2121228259846981e-14,38.22,1.2121228259846981e-14,0.0,25.664095898443964,25.664095898443975,38.219999999999985,12.555904101556026,0.0,0.0,0.0,286.59080464780305
85.0,0.0,38.22,0.0,38.22,0.0,0.0,24.26,24.26,38.22,13.959999999999999,0.0,0.0,0.0,261.01851930257476
86.0,0.0,38.22,0.0,38.22,0.0,0.0,24.02351252463843,24.02351252463843,38.22,14.19648747536157,0.0,0.0,0.0,235.69551364409497
87.0,0.0,38.22,0.0,38.22,0.0,0.0,23.42,23.42,38.22,14.799999999999999,0.0,0.0,0.0,211.00866604371384
88.0,0.0,38.22,0.0,38.22,0.0,0.0,23.225753590664922,23.225753590664922,38.22,14.994246409335076,0.0,0.0,0.0,186.52657213693544
89.0,0.0,38.22,0.0,38.22,0.0,0.0,21.383797106736857,21.383797106736857,38.22,16.836202893263142,0.0,0.0,0.0,163.98607084353304
90.0,0.0,107.17097580612976,0.0,107.17097580612976,0.0,0.0,63.73507353076544,63.73507353076544,107.17097580612976,43.43590227536432,0.0,0.0,0.0,96.80340444502352
91.0,0.0,110.71832357427223,0.0,110.71832357427223,0.0,0.0,50.54733470022197,50.54733470022197,110.71832357427223,60.17098887405027,0.0,0.0,0.0,43.52183534383491
92.0,0.0,104.57226907906715,0.0,104.57226907906715,0.0,0.0,27.323459432398412,27.323459432398412,104.57226907906715,77.24880964666875,0.0,0.0,0.0,14.720380223304744
93.0,0.0,113.7742016995819,0.0,113.7742016995819,0.0,0.0,12.38987556608483,12.38987556608483,113.7742016995819,101.38432613349707,0.0,0.0,0.0,1.660304651672707
94.0,0.0,38.22,0.0,38.22,0.0,0.0,1.4270606238338204,1.4270606238338204,38.22,36.79293937616618,0.0,0.0,0.0,0.1560506748541597
95.0,0.0,38.22,0.0,38.22,0.0,0.0,0.14804266888365258,0.14804266888365258,38.22,38.071957331116344,0.0,0.0,0.0,0.0
96.0,0.0,38.22,0.0,38.22,0.0,0.0,0.0,0.0,38.22,38.22,0.0,0.0,0.0,0.0
97.0,27.42820782459993,38.22,27.42820782459993,38.22,22.973512110605952,4.454695713993978,0.0,22.973512110605952,10.791792175400069,15.246487889394047,0.0,0.0,0.0,4.2260954217632944
98.0,52.98722861320995,38.22,52.98722861320995,38.22,31.58631517389241,21.400913439317538,0.0,31.58631517389241,-14.767228613209948,6.633684826107592,0.0,0.0,0.0,24.528784564668623
99.0,74.2444933945075,38.22,74.2444933945075,38.22,34.63821140991521,39.6062819845923,0.0,34.63821140991521,-36.02449339450751,3.5817885900847943,0.0,0.0,0.0,62.10260278133029
100.0,88.92193625942897,38.22,88.92193625942897,38.22,35.57987213172948,53.342064127699494,0.0,35.57987213172948,-50.701936259428976,2.640127868270517,0.0,0.0,0.0,112.70732810281825
101.0,97.19401595796974,38.22,97.19401595796974,38.22,36.06939988489186,59.916640283146506,0.0,36.06939988489186,-58.97401595796975,2.1506001151081393,1.2079757899313779,0.0,0.0,169.54924401473994
102.0,99.77602126984159,38.22,99.77602126984159,38.22,36.21506934021668,51.21330259698186,0.0,36.21506934021668,-61.556021269841594,2.0049306597833176,12.347649332643048,0.0,0.0,218.13444882650364
103.0,97.19401595796975,38.22,97.19401595796975,38.22,36.06939988489186,38.54011200475486,0.0,36.06939988489186,-58.974015957969755,2.1506001151081393,22.584504068323035,0.0,0.0,254.6968093904107
104.0,88.92193625942899,38.22,88.92193625942899,38.22,35.57987213172948,28.20698992127892,0.062446519838142756,35.64231865156763,-50.70193625942898,2.5776813484323733,25.13507420642058,0.0,0.0,281.3904852054607
105.0,74.2444933945075,38.22,74.2444933945075,38.22,34.63821140991521,19.37088719365675,0.1582464203828971,34.7964578302981,-36.02449339450751,3.4235421697018973,20.23539479093555,0.0,0.0,299.6005159811773
106.0,52.987228613209986,38.22,52.987228613209986,38.22,31.586315173892416,6.221344068925876,2.100140207296705,33.68645538118912,-14.767228613209987,4.533544618810879,15.179569370391695,0.0,0.0,303.28885903720766
107.0,27.428207824599962,38.22,27.428207824599962,38.22,22.97351211060597,0.18062925579463496,9.131042666929904,32.104554777535874,10.791792175400039,6.1154452224641265,4.274066458199355,0.0,0.0,293.8352549154271
108.0,1.2978127983371325e-14,38.22,1.2978127983371325e-14,38.22,1.2978127983371325e-14,0.0,29.174235359153972,29.174235359153982,38.219999999999985,9.045764640846016,0.0,0.0,0.0,263.0829106725114
109.0,0.0,38.22,0.0,38.22,0.0,0.0,26.372640047480644,26.372640047480644,38.22,11.847359952519355,0.0,0.0,0.0,235.2837071852414
110.0,0.0,38.22,0.0,38.22,0.0,0.0,23.36153003665156,23.36153003665156,38.22,14.858469963348439,0.0,0.0,0.0,210.6584923378228
111.0,0.0,38.22,0.0,38.22,0.0,0.0,21.36211728404114,21.36211728404114,38.22,16.85788271595886,0.0,0.0,0.0,188.14084358408277
112.0,0.0,38.22,0.0,38.22,0.0,0.0,20.96,20.96,38.22,17.259999999999998,0.0,0.0,0.0,166.0470636650397
113.0,0.0,38.22,0.0,38.22,0.0,0.0,19.99586630975626,19.99586630975626,38.22,18.224133690243743,0.0,0.0,0.0,144.96956988935446
114.0,0.0,117.83393406473184,0.0,117.83393406473184,0.0,0.0,52.60179309155284,52.60179309155284,117.83393406473184,65.232140973179,0.0,0.0,0.0,89.52241149661546
115.0,0.0,135.55007311239584,0.0,135.55007311239584,0.0,0.0,51.32949546035225,51.32949546035225,135.55007311239584,84.22057765204357,0.0,0.0,0.0,35.416372562620076
116.0,0.0,119.5396704074894,0.0,119.5396704074894,0.0,0.0,27.690284022305974,27.690284022305974,119.5396704074894,91.84938638518342,0.0,0.0,0.0,6.228250373468208
117.0,0.0,111.97804584340179,0.0,111.97804584340179,0.0,0.0,5.908637105386164,5.908637105386164,111.97804584340179,106.06940873801562,0.0,0.0,0.0,0.0
118.0,0.0,38.22,0.0,38.22,0.0,0.0,0.0,0.0,38.22,38.22,0.0,0.0,0.0,0.0
119.0,0.0,38.22,0.0,38.22,0.0,0.0,0.0,0.0,38.22,38.22,0.0,0.0,0.0,0.0
120.0,0.0,38.22,0.0,38.22,0.0,0.0,0.0,0.0,38.22,38.22,0.0,0.0,0.0,0.0
121.0,23.57692858882796,38.22,23.57692858882796,38.22,20.691809189953666,2.8851193988742936,0.0,20.691809189953666,14.64307141117204,17.528190810046333,0.0,0.0,0.0,2.7370645865935805
122.0,45.547128457044,38.22,45.547128457044,38.22,29.7179510437947,15.829177413249305,0.0,29.7179510437947,-7.3271284570440045,8.5020489562053,0.0,0.0,0.0,17.753940820421633
123.0,64.41336679110118,38.22,64.41336679110118,38.22,33.848845819402705,30.564520971698485,0.0,33.848845819402705,-26.19336679110119,4.371154180597294,0.0,0.0,0.0,46.749991379186646
124.0,77.20039582969365,38.22,77.20039582969365,38.22,35.27694768929304,41.92344814040061,0.0,35.27694768929304,-38.98039582969365,2.9430523107069626,0.0,0.0,0.0,86.52206642667157
125.0,84.50048569670248,38.22,84.50048569670248,38.22,36.01717514976837,47.33358360345157,0.0,36.01717514976837,-46.28048569670249,2.202824850231628,1.1497269434825466,0.0,0.0,131.42664662814371
126.0,86.91692118831769,38.22,86.91692118831769,38.22,36.26445883558407,44.123158865126854,0.0,36.26445883558407,-48.69692118831768,1.9555411644159242,6.52930348760675,0.0,0.0,173.28555050071904
127.0,84.5004856967025,38.22,84.5004856967025,38.22,36.01717514976837,36.70610818184849,0.0046747043946802295,36.02184985416305,-46.28048569670249,2.1981501458369475,11.777202365085628,0.0,0.0,208.10309469818228
128.0,77.20039582969365,38.22,77.20039582969365,38.22,35.27694768929304,28.26851090541264,-8.228515941976643e-19,35.27694768929304,-38.980395829693656,2.9430523107069613,13.654937234987976,0.0,0.0,234.92095885490608
129.0,64.41336679110118,38.22,64.41336679110118,38.22,33.848845819402705,15.836265875522841,0.2505700288971319,34.099415848299834,-26.19336679110119,4.120584151700163,14.728255096175642,0.0,0.0,249.68043579293885
130.0,45.54712845704404,38.22,45.54712845704404,38.22,29.71795104379471,4.474393047086103,2.7951386131335165,32.51308965692822,-7.327128457044041,5.706910343071774,11.35478436616323,0.0,0.0,250.9788829478274
131.0,23.576928588827986,38.22,23.576928588827986,38.22,20.691809189953684,0.0014528935780439012,9.552265842660134,30.244075032613818,14.643071411172013,7.975924967386182,2.883666505296259,0.0,0.0,240.91128899095418
132.0,1.1155829015054454e-14,38.22,1.1155829015054454e-14,38.22,1.1155829015054454e-14,0.0,24.453446555634194,24.453446555634205,38.219999999999985,13.766553444365796,0.0,0.0,0.0,215.13509307195304
133.0,0.0,38.22,0.0,38.22,0.0,0.0,21.02781177482892,21.02781177482892,38.22,17.192188225171083,0.0,0.0,0.0,192.9698332660307
134.0,0.0,38.22,0.0,38.22,0.0,0.0,18.99610333537338,18.99610333537338,38.22,19.22389666462662,0.0,0.0,0.0,172.94618219679694
135.0,0.0,38.22,0.0,38.22,0.0,0.0,18.0,18.0,38.22,20.22,0.0,0.0,0.0,153.97251623578666
136.0,0.0,38.22,0.0,38.22,0.0,0.0,17.20530270271663,17.20530270271663,38.22,21.014697297283373,0.0,0.0,0.0,135.8365347780415
137.0,0.0,38.22,0.0,38.22,0.0,0.0,15.605813632974169,15.605813632974169,38.22,22.61418636702583,0.0,0.0,0.0,119.38656283793975
138.0,0.0,119.10138934320025,0.0,119.10138934320025,0.0,0.0,52.18854993300453,52.18854993300453,119.10138934320025,66.91283941019572,0.0,0.0,0.0,64.37500098136567
139.0,0.0,125.9639617635017,0.0,125.9639617635017,0.0,0.0,37.049321359848975,37.049321359848975,125.9639617635017,88.91464040365273,0.0,0.0,0.0,25.321587227815815
140.0,0.0,104.62843385911972,0.0,104.62843385911972,0.0,0.0,20.51935353283847,20.51935353283847,104.62843385911972,84.10908032628126,0.0,0.0,0.0,3.6922894684850776
141.0,0.0,122.11312435460964,0.0,122.11312435460964,0.0,0.0,3.3278946723999425,3.3278946723999425,122.11312435460964,118.7852296822097,0.0,0.0,0.0,0.1843804758438421
142.0,0.0,38.22,0.0,38.22,0.0,0.0,0.1749186779196592,0.1749186779196592,38.22,38.04508132208034,0.0,0.0,0.0,0.0
143.0,0.0,38.22,0.0,38.22,0.0,0.0,0.0,0.0,38.22,38.22,0.0,0.0,0.0,0.0
144.0,0.0,38.22,0.0,38.22,0.0,0.0,0.0,0.0,38.22,38.22,0.0,0.0,0.0,0.0
145.0,23.931757222131896,38.22,23.931757222131896,38.22,20.7375510388639,3.194206183267998,0.0,20.7375510388639,14.288242777868103,17.4824489611361,0.0,0.0,0.0,3.030290056596028
146.0,46.232604738674254,38.22,46.232604738674254,38.22,29.444369697832737,16.78823504084152,0.0,29.444369697832737,-8.012604738674257,8.775630302167263,0.0,0.0,0.0,18.957008243588763
147.0,65.38277664526777,38.22,65.38277664526777,38.22,33.04643551476177,32.336341130506,0.0,33.04643551476177,-27.162776645267773,5.173564485238228,0.0,0.0,0.0,49.63395499416367
148.0,79.5497533183109,38.22,79.5497533183109,38.22,34.78337323125022,44.76638008706069,0.0,34.78337323125022,-41.329753318310914,3.436626768749778,0.0,0.0,0.0,92.10307209693926
149.0,87.83629476675824,38.22,87.83629476675824,38.22,35.37076958534736,52.46552518141088,0.0,35.37076958534736,-49.616294766758244,2.8492304146526375,0.0,0.0,0.0,141.8762395599924
150.0,90.65261430422298,38.22,90.65261430422298,38.22,35.5348309722858,49.352719822824994,0.0,35.5348309722858,-52.43261430422298,2.685169027714197,5.7650635091121885,0.0,0.0,188.696340569273
151.0,87.83629476675824,38.22,87.83629476675824,38.22,35.37076958534736,37.4367169170385,0.0,35.37076958534736,-49.61629476675825,2.8492304146526375,15.028808264372383,0.0,0.0,224.21192864231256
152.0,79.54975331831092,38.22,79.54975331831092,38.22,34.78337323125022,27.004743110435292,0.10639270567741155,34.88976593692763,-41.32975331831092,3.330234063072365,17.761636976625407,0.0,0.0,249.71872964053767
153.0,65.38277664526777,38.22,65.38277664526777,38.22,33.04643551476177,14.76820947792351,1.0631759411467994,34.10961145590857,-27.162776645267773,4.110388544091428,17.56813165258249,0.0,0.0,262.60839747184934
154.0,46.23260473867429,38.22,46.23260473867429,38.22,29.444369697832744,5.145147912672665,1.790627538199702,31.23499723603245,-8.012604738674293,6.985002763967552,11.643087128168883,0.0,0.0,265.6020262086909
155.0,23.931757222131925,38.22,23.931757222131925,38.22,20.737551038863916,0.0,7.478673748414952,28.21622478727887,14.288242777868076,10.00377521272113,3.194206183268008,0.0,0.0,257.7188119012575
156.0,1.1323722281892439e-14,38.22,1.1323722281892439e-14,38.22,1.1323722281892439e-14,0.0,24.14225033527623,24.14225033527624,38.21999999999999,14.07774966472376,0.0,0.0,0.0,232.27064560077864
157.0,0.0,38.22,0.0,38.22,0.0,0.0,22.688626989652498,22.688626989652498,38.22,15.531373010347501,0.0,0.0,0.0,208.35473284435483
158.0,0.0,38.22,0.0,38.22,0.0,0.0,20.50474753234653,20.50474753234653,38.22,17.71525246765347,0.0,0.0,0.0,186.74083116137746
159.0,0.0,38.22,0.0,38.22,0.0,0.0,18.24,18.24,38.22,19.98,0.0,0.0,0.0,167.5141829875537
160.0,0.0,38.22,0.0,38.22,0.0,0.0,17.827857267175155,17.827857267175155,38.22,20.392142732824844,0.0,0.0,0.0,148.72197139933422
161.0,0.0,38.22,0.0,38.22,0.0,0.0,17.008937941715608,17.008937941715608,38.22,21.21106205828439,0.0,0.0,0.0,130.79297657390836
162.0,0.0,116.88871166860449,0.0,116.88871166860449,0.0,0.0,56.87897832334353,56.87897832334353,116.88871166860449,60.009733345260955,0.0,0.0,0.0,70.83726907887144
163.0,0.0,110.75050149931917,0.0,110.75050149931917,0.0,0.0,40.42506064544979,40.42506064544979,110.75050149931917,70.32544085386938,0.0,0.0,0.0,28.225513682185507
164.0,0.0,95.96297034453022,0.0,95.96297034453022,0.0,0.0,21.301146310548198,21.301146310548198,95.96297034453022,74.66182403398201,0.0,0.0,0.0,5.772133977577287
165.0,0.0,109.32102002904652,0.0,109.32102002904652,0.0,0.0,5.308872775667518,5.308872775667518,109.32102002904652,104.012147253379,0.0,0.0,0.0,0.17609071785412445
166.0,0.0,38.22,0.0,38.22,0.0,0.0,0.16705432296993328,0.16705432296993328,38.22,38.05294567703007,0.0,0.0,0.0,0.0
167.0,0.0,38.22,0.0,38.22,0.0,0.0,0.0,0.0,38.22,38.22,0.0,0.0,0.0,0.0
168.0,0.0,38.22,0.0,38.22,0.0,0.0,0.0,0.0,38.22,38.22,0.0,0.0,0.0,0.0
169.0,30.86165547436085,38.22,30.86165547436085,38.22,26.13385824278586,4.727797231574991,0.0,26.13385824278586,7.358344525639149,12.08614175721414,0.0,0.0,0.0,4.485182270164651
170.0,59.6201401294411,38.22,59.6201401294411,38.22,33.79154273743837,25.828597392002735,0.0,33.79154273743837,-21.400140129441102,4.428457262561631,0.0,0.0,0.0,28.988341228028702
171.0,83.72257230770867,38.22,83.72257230770867,38.22,35.97678897819588,47.745783329512804,0.0,35.97678897819588,-45.502572307708675,2.2432110218041252,0.0,0.0,0.0,74.28396842507615
172.0,98.35824705008693,38.22,98.35824705008693,38.22,36.93399564078292,61.42425140930402,0.0,36.93399564078292,-60.13824705008693,1.2860043592170836,0.0,0.0,0.0,132.5561298323386
173.0,106.54750106068494,38.22,106.54750106068494,38.22,37.40373342022428,69.07813771777028,0.0,37.40373342022428,-68.32750106068494,0.8162665797757255,0.06562992269040047,0.0,0.0,198.0894053456205
174.0,109.31835687886286,38.22,109.31835687886286,38.22,37.5103991858681,60.6204538569498,0.0,37.5103991858681,-71.09835687886286,0.7096008141318965,11.18750383604496,0.0,0.0,255.59901743995061
175.0,106.54750106068495,38.22,106.54750106068495,38.22,37.40373342022428,44.48581993358585,0.0,37.40373342022428,-68.32750106068495,0.8162665797757255,24.657947706874825,0.0,0.0,297.80197181102614
176.0,98.35824705008694,38.22,98.35824705008694,38.22,36.93399564078292,33.90565801589446,0.15700957816498562,37.091005218947906,-60.138247050086946,1.1289947810520973,27.51859339340957,0.0,0.0,329.8022006529632
177.0,83.72257230770867,38.22,83.72257230770867,38.22,35.97678897819588,24.433748679936546,0.17987482818104789,36.15666380637692,-45.502572307708675,2.063336193623077,23.31203464957626,0.0,0.0,352.79248521745495
178.0,59.62014012944115,38.22,59.62014012944115,38.22,33.79154273743838,6.4159715547611995,1.2177078716560266,35.0092506090944,-21.400140129441148,3.2107493909055993,19.412625837241574,0.0,0.0,357.59563347250776
179.0,30.861655474360884,38.22,30.861655474360884,38.22,26.13385824278588,0.10908284524546608,7.434312231356359,33.568170474142235,7.358344525639114,4.651829525857761,4.61871438632954,0.0,0.0,349.862665383251
180.0,1.4602722754847345e-14,38.22,1.4602722754847345e-14,38.22,1.4602722754847345e-14,0.0,30.556041031404366,30.556041031404384,38.219999999999985,7.663958968595618,0.0,0.0,0.0,317.6537700709849
181.0,0.0,38.22,0.0,38.22,0.0,0.0,29.259999999999998,29.259999999999998,38.22,8.96,0.0,0.0,0.0,286.8110219588093
182.0,0.0,38.22,0.0,38.22,0.0,0.0,28.71487590670762,28.71487590670762,38.22,9.505124093292382,0.0,0.0,0.0,256.54288509404637
183.0,0.0,38.22,0.0,38.22,0.0,0.0,27.015960824903832,27.015960824903832,38.22,11.204039175096169,0.0,0.0,0.0,228.0655619658539
184.0,0.0,38.22,0.0,38.22,0.0,0.0,26.400236934914844,26.400236934914844,38.22,11.819763065085153,0.0,0.0,0.0,200.2372688050428
185.0,0.0,38.22,0.0,38.22,0.0,0.0,24.686197296014658,24.686197296014658,38.22,13.533802703985343,0.0,0.0,0.0,174.21573206381072
186.0,0.0,114.00940757458143,0.0,114.00940757458143,0.0,0.0,61.726310848842616,61.726310848842616,114.00940757458143,52.28309672573882,0.0,0.0,0.0,109.1504874498427
187.0,0.0,107.05043810535773,0.0,107.05043810535773,0.0,0.0,47.65256785347524,47.65256785347524,107.05043810535773,59.397870251882495,0.0,0.0,0.0,58.920270525608494
188.0,0.0,106.51717573423707,0.0,106.51717573423707,0.0,0.0,34.82475384519577,34.82475384519577,106.51717573423707,71.6924218890413,0.0,0.0,0.0,22.211756823766677
189.0,0.0,113.65241890689703,0.0,113.65241890689703,0.0,0.0,12.89980818923665,12.89980818923665,113.65241890689703,100.75261071766037,0.0,0.0,0.0,8.614165071339952
190.0,0.0,38.22,0.0,38.22,0.0,0.0,1.6199999999999999,1.6199999999999999,38.22,36.6,0.0,0.0,0.0,6.906535134849028
191.0,0.0,38.22,0.0,38.22,0.0,0.0,1.6199999999999999,1.6199999999999999,38.22,36.6,0.0,0.0,0.0,5.198905198358103
192.0,0.0,38.22,0.0,38.22,0.0,0.0,1.573377262598998,1.573377262598998,38.22,36.646622737401,0.0,0.0,0.0,3.5404199421802063
193.0,28.029683715389567,38.22,28.029683715389567,38.22,23.876709454675616,4.152974260713951,0.05481698000830268,23.931526434683917,10.190316284610432,14.288473565316082,0.0,0.0,0.0,7.4224950901271605
194.0,54.14919080681781,38.22,54.14919080681781,38.22,31.5016753387871,22.647515468030715,0.0,31.5016753387871,-15.929190806817815,6.7183246612129,0.0,0.0,0.0,28.907814756988564
195.0,76.22284333651687,38.22,76.22284333651687,38.22,34.862527137765674,41.3603161987512,0.0,34.862527137765674,-38.002843336516875,3.357472862234322,0.0,0.0,0.0,68.14565593683194
196.0,91.21632996161117,38.22,91.21632996161117,38.22,36.29368094004353,54.922649021567636,0.0,36.29368094004353,-52.99632996161117,1.9263190599564712,0.0,0.0,0.0,120.24985574828355
197.0,99.24637240479368,38.22,99.24637240479368,38.22,36.87176193448734,61.311756740573784,0.0,36.87176193448734,-61.02637240479368,1.3482380655126642,1.0628537297325602,0.0,0.0,178.41529534220192
198.0,99.40547742298207,38.22,99.40547742298207,38.22,36.71016051153031,56.40090051925941,0.27999999999999997,36.99016051153031,-61.185477422982075,1.2298394884696853,6.294416392192349,0.0,0.0,231.6267417448828
199.0,96.92366300428341,38.22,96.92366300428341,38.22,36.59176193448734,45.021015585914924,0.2808372084424977,36.872599142929836,-58.70366300428342,1.3474008570701663,15.310885483881162,0.0,0.0,274.04139888237825
200.0,89.1338456841395,38.22,89.1338456841395,38.22,36.01368094004353,27.252489859347197,0.4364482323553017,36.45012917239883,-50.913845684139496,1.7698708276011685,25.867674884748773,0.0,0.0,299.4353240105662
201.0,74.5225020441255,38.22,74.5225020441255,38.22,34.58252713776568,17.793839458261107,0.8819924224482945,35.46451956021397,-36.302502044125504,2.755480439786028,22.146135448098722,0.0,0.0,315.38634066816206
202.0,52.946867948636424,38.22,52.946867948636424,38.22,31.221675338787104,5.803622632156457,2.496512992302719,33.71818833108983,-14.726867948636421,4.501811668910174,15.921569977692858,0.0,0.0,318.2605847728505
203.0,27.407315607270693,38.22,27.407315607270693,38.22,23.596709454675633,0.09443704034573247,7.193725997726382,30.790435452402015,10.812684392729306,7.429564547597986,3.7161691122493288,0.0,0.0,310.7673226104163
204.0,1.2968242471635028e-14,38.22,1.2968242471635028e-14,38.22,1.2968242471635028e-14,0.0,26.596215026441392,26.596215026441406,38.219999999999985,11.623784973558593,0.0,0.0,0.0,282.73245040269956
205.0,0.0,38.22,0.0,38.22,0.0,0.0,24.12953261787584,24.12953261787584,38.22,14.09046738212416,0.0,0.0,0.0,257.2976897534286
206.0,0.0,38.22,0.0,38.22,0.0,0.0,22.72393660704717,22.72393660704717,38.22,15.496063392952829,0.0,0.0,0.0,233.344557392246
207.0,0.0,38.22,0.0,38.22,0.0,0.0,22.46,22.46,38.22,15.76,0.0,0.0,0.0,209.66963864311873
208.0,0.0,38.22,0.0,38.22,0.0,0.0,21.370499553382047,21.370499553382047,38.22,16.849500446617952,0.0,0.0,0.0,187.14315420168595
209.0,0.0,38.22,0.0,38.22,0.0,0.0,18.557205475049393,18.557205475049393,38.22,19.662794524950606,0.0,0.0,0.0,167.5821420987183
210.0,0.0,113.18455892019476,0.0,113.18455892019476,0.0,0.0,51.75356869534189,51.75356869534189,113.18455892019476,61.43099022485286,0.0,0.0,0.0,113.02909072562854
211.0,0.0,117.81597999841978,0.0,117.81597999841978,0.0,0.0,47.45998117853985,47.45998117853985,117.81597999841978,70.35599881987993,0.0,0.0,0.0,63.001877981325755
212.0,0.0,110.10263232486888,0.0,110.10263232486888,0.0,0.0,38.4788228309632,38.4788228309632,110.10263232486888,71.62380949390568,0.0,0.0,0.0,22.441637372015116
213.0,0.0,109.68801575906299,0.0,109.68801575906299,0.0,0.0,17.057549223352638,17.057549223352638,109.68801575906299,92.63046653571035,0.0,0.0,0.0,4.461401756604937
214.0,0.0,38.22,0.0,38.22,0.0,0.0,2.0494811795488888,2.0494811795488888,38.22,36.17051882045111,0.0,0.0,0.0,2.3010589069306073
215.0,0.0,38.22,0.0,38.22,0.0,0.0,1.1834911487376583,1.1834911487376583,38.22,37.03650885126234,0.0,0.0,0.0,1.053549700043904
216.0,0.0,38.22,0.0,38.22,0.0,0.0,0.48058528325242617,0.48058528325242617,38.22,37.739414716747575,0.0,0.0,0.0,0.5469683316989573
217.0,23.081414215766493,38.22,23.081414215766493,38.22,20.848640378296015,2.2327738374704773,0.0,20.848640378296015,15.138585784233507,17.371359621703984,0.0,0.0,0.0,2.6651635796313515
218.0,44.58986819656899,38.22,44.58986819656899,38.22,30.09674709422823,14.493121102340758,0.0,30.09674709422823,-6.369868196568991,8.123252905771768,0.0,0.0,0.0,16.41454550604548
219.0,62.82268642883897,38.22,62.82268642883897,38.22,33.783134656126734,29.039551772712233,0.0,33.783134656126734,-24.60268642883897,4.4368653438732615,0.0,0.0,0.0,43.96388325569077
220.0,75.21813821208546,38.22,75.21813821208546,38.22,35.19978644628693,40.01835176579853,0.0,35.19978644628693,-36.998138212085465,3.0202135537130688,0.0,0.0,0.0,81.92862519141411
221.0,82.20300316162763,38.22,82.20300316162763,38.22,35.77574495731466,46.42725820431298,0.0,35.77574495731466,-43.983003161627636,2.444255042685339,0.0,0.0,0.0,125.97338962412452
222.0,84.53839224484652,38.22,84.53839224484652,38.22,35.96396965905108,46.59472235396536,0.0,35.96396965905108,-46.318392244846514,2.2560303409489157,1.9797002318300692,0.0,0.0,170.1770244986324
223.0,82.20300316162763,38.22,82.20300316162763,38.22,35.77574495731466,35.618550724208696,0.0,35.77574495731466,-43.98300316162764,2.444255042685339,10.808707480104287,0.0,0.0,203.9677486714542
224.0,75.21813821208546,38.22,75.21813821208546,38.22,35.19978644628693,27.231257556992208,0.02411160818577146,35.223898054472706,-36.99813821208547,2.9961019455272964,12.78709420880633,0.0,0.0,229.7761720340457
225.0,62.82268642883897,38.22,62.82268642883897,38.22,33.783134656126734,18.055048787472998,0.5273212659326614,34.3104559220594,-24.60268642883897,3.9095440779406005,10.984502985239237,0.0,0.0,246.34884984454496
226.0,44.58986819656902,38.22,44.58986819656902,38.22,30.096747094228242,5.275553246096312,2.818835703848653,32.9155827980769,-6.369868196569025,5.304417201923105,9.217567856244472,0.0,0.0,248.3823653724375
227.0,23.081414215766518,38.22,23.081414215766518,38.22,20.848640378296032,0.06616392892149298,9.114464688448813,29.963105066744845,15.13858578423348,8.256894933255154,2.1666099085489945,0.0,0.0,238.83764463051367
228.0,1.0921367872266117e-14,38.22,1.0921367872266117e-14,38.22,1.0921367872266117e-14,0.0,25.499835229616078,25.49983522961609,38.219999999999985,12.72016477038391,0.0,0.0,0.0,211.95845820231713
229.0,0.0,38.22,0.0,38.22,0.0,0.0,22.68565431698124,22.68565431698124,38.22,15.534345683018762,0.0,0.0,0.0,188.04567891801977
230.0,0.0,38.22,0.0,38.22,0.0,0.0,20.645755617347696,20.645755617347696,38.22,17.574244382652303,0.0,0.0,0.0,166.28314166267495
231.0,0.0,38.22,0.0,38.22,0.0,0.0,18.96352881153175,18.96352881153175,38.22,19.25647118846825,0.0,0.0,0.0,146.29382715645286
232.0,0.0,38.22,0.0,38.22,0.0,0.0,17.66,17.66,38.22,20.56,0.0,0.0,0.0,127.67855266359501
233.0,0.0,38.22,0.0,38.22,0.0,0.0,15.492621851224861,15.492621851224861,38.22,22.727378148775138,0.0,0.0,0.0,111.34789533774006
234.0,0.0,100.97134529472419,0.0,100.97134529472419,0.0,0.0,46.23734727843582,46.23734727843582,100.97134529472419,54.73399801628836,0.0,0.0,0.0,62.609451883058455
235.0,0.0,110.87193662676272,0.0,110.87193662676272,0.0,0.0,35.55822701635575,35.55822701635575,110.87193662676272,75.31370961040696,0.0,0.0,0.0,25.12778957338595
236.0,0.0,107.26453242705625,0.0,107.26453242705625,0.0,0.0,17.189396781472002,17.189396781472002,107.26453242705625,90.07513564558424,0.0,0.0,0.0,7.008574428779564
237.0,0.0,113.97314591834088,0.0,113.97314591834088,0.0,0.0,4.677880907145528,4.677880907145528,113.97314591834088,109.29526501119535,0.0,0.0,0.0,2.0776549989147317
238.0,0.0,38.22,0.0,38.22,0.0,0.0,1.06,1.06,38.22,37.16,0.0,0.0,0.0,0.9603168923219043
239.0,0.0,38.22,0.0,38.22,0.0,0.0,0.642534526435926,0.642534526435926,38.22,37.577465473564075,0.0,0.0,0.0,0.2830260327101717
240.0,0.0,38.22,0.0,38.22,0.0,0.0,0.2685020701456383,0.2685020701456383,38.22,37.95149792985436,0.0,0.0,0.0,0.0
241.0,28.093176792289682,38.22,28.093176792289682,38.22,24.017642438821397,4.075534353468284,0.0,24.017642438821397,10.126823207710316,14.202357561178601,0.0,0.0,0.0,3.8663913717664604
242.0,54.27185001235458,38.22,54.27185001235458,38.22,31.73911821366927,22.532731798685305,0.0,31.73911821366927,-16.051850012354574,6.480881786330732,0.0,0.0,0.0,25.24281768863092
243.0,75.41712467773226,38.22,75.41712467773226,38.22,34.93217975300952,40.48494492472275,0.0,34.93217975300952,-37.19712467773226,3.2878202469904814,0.0,0.0,0.0,63.65020876121031
244.0,89.45292533940382,38.22,89.45292533940382,38.22,36.44737678301605,53.00554855638777,0.0,36.44737678301605,-51.23292533940382,1.7726232169839546,0.0,0.0,0.0,113.93568738066091
245.0,97.7585718898199,38.22,97.7585718898199,38.22,37.052599679452165,60.41180153527683,0.0,37.052599679452165,-59.53857188981991,1.1674003205478336,0.29417067509092076,0.0,0.0,171.24735450232043
246.0,100.33606817193997,38.22,100.33606817193997,38.22,37.156756118423274,54.41184506442165,0.0,37.156756118423274,-62.11606817193998,1.0632438815767253,8.767466989095054,0.0,0.0,222.86696313104952
247.0,97.75857188981992,38.22,97.75857188981992,38.22,37.052599679452165,42.57685500088179,0.0,37.052599679452165,-59.53857188981992,1.1674003205478336,18.129117209485962,0.0,0.0,263.2589143539046
248.0,89.45292533940383,38.22,89.45292533940383,38.22,36.44737678301605,30.4255952145757,0.2998516687120238,36.74722845172807,-51.23292533940383,1.47277154827193,22.579953341812082,0.0,0.0,291.80709695610744
249.0,75.41712467773226,38.22,75.41712467773226,38.22,34.93217975300952,20.270862515530073,0.7092480214822829,35.6414277744918,-37.19712467773226,2.578572225508198,20.214082409192674,0.0,0.0,310.29011260371834
250.0,54.27185001235461,38.22,54.27185001235461,38.22,31.739118213669276,5.275836425690401,1.4207036658101881,33.159821879479466,-16.051850012354617,5.060178120520535,17.25689537299494,0.0,0.0,313.79765734931374
251.0,28.093176792289714,38.22,28.093176792289714,38.22,24.01764243882141,0.025945597146488253,6.843475761569721,30.861118200391136,10.126823207710286,7.358881799608865,4.049588756321812,0.0,0.0,306.60861466441264
252.0,1.3292769480287056e-14,38.22,1.3292769480287056e-14,38.22,1.3292769480287056e-14,0.0,27.30527354073673,27.305273540736746,38.219999999999985,10.914726459263253,0.0,0.0,0.0,277.8263291568598
253.0,0.0,38.22,0.0,38.22,0.0,0.0,25.36607713920981,25.36607713920981,38.22,12.853922860790188,0.0,0.0,0.0,251.08813613571616
254.0,0.0,38.22,0.0,38.22,0.0,0.0,23.5403258202097,23.5403258202097,38.22,14.6796741797903,0.0,0.0,0.0,226.27445398427147
255.0,0.0,38.22,0.0,38.22,0.0,0.0,22.233351934463187,22.233351934463187,38.22,15.986648065536814,0.0,0.0,0.0,202.8384432732667
256.0,0.0,38.22,0.0,38.22,0.0,0.0,20.54421382278528,20.54421382278528,38.22,17.675786177214718,0.0,0.0,0.0,181.18294046742793
257.0,0.0,38.22,0.0,38.22,0.0,0.0,20.237366317483207,20.237366317483207,38.22,17.98263368251679,0.0,0.0,0.0,159.8508833319542
258.0,0.0,103.36729530924916,0.0,103.36729530924916,0.0,0.0,52.212688037310464,52.212688037310464,103.36729530924916,51.15460727193869,0.0,0.0,0.0,104.81387767937832
259.0,0.0,120.50972236178349,0.0,120.50972236178349,0.0,0.0,54.000373043311235,54.000373043311235,120.50972236178349,66.50934931847225,0.0,0.0,0.0,47.89248657417103
260.0,0.0,114.4071461719552,0.0,114.4071461719552,0.0,0.0,31.384588789171747,31.384588789171747,114.4071461719552,83.02255738278346,0.0,0.0,0.0,14.810225240314768
261.0,0.0,101.87355159325885,0.0,101.87355159325885,0.0,0.0,12.556596977500512,12.556596977500512,101.87355159325885,89.31695461575835,0.0,0.0,0.0,1.5744098704188803
262.0,0.0,38.22,0.0,38.22,0.0,0.0,0.27999999999999997,0.27999999999999997,38.22,37.94,0.0,0.0,0.0,1.2792639554698315
263.0,0.0,38.22,0.0,38.22,0.0,0.0,0.27999999999999997,0.27999999999999997,38.22,37.94,0.0,0.0,0.0,0.9841180405207828
264.0,0.0,38.22,0.0,38.22,0.0,0.0,0.27999999999999997,0.27999999999999997,38.22,37.94,0.0,0.0,0.0,0.688972125571734
265.0,26.69332759691709,38.22,26.69332759691709,38.22,23.51694813262152,3.176379464295571,0.0,23.51694813262152,11.52667240308291,14.703051867378482,0.0,0.0,0.0,3.7023502716195806
266.0,51.56754903091385,38.22,51.56754903091385,38.22,32.356675949370256,19.210873081543596,0.0,32.356675949370256,-13.347549030913854,5.863324050629743,0.0,0.0,0.0,21.927384705048194
267.0,72.92752721785794,38.22,72.92752721785794,38.22,35.45251774657508,37.47500947128286,0.0,35.45251774657508,-34.707527217857944,2.7674822534249195,0.0,0.0,0.0,57.47930028473906
268.0,87.77993444243491,38.22,87.77993444243491,38.22,36.429666512148444,51.35026793028647,0.0,36.429666512148444,-49.559934442434916,1.790333487851559,0.0,0.0,0.0,106.19444182062075
269.0,96.45754171666144,38.22,96.45754171666144,38.22,36.97931196993911,59.478229746722334,0.0,36.97931196993911,-58.23754171666145,1.240688030060892,0.0,0.0,0.0,162.6204449789475
270.0,99.24341460288274,38.22,99.24341460288274,38.22,37.153552030092364,56.02239730523913,0.0,37.153552030092364,-61.02341460288274,1.0664479699076372,6.067465267551246,0.0,0.0,215.76795761917796
271.0,96.45754171666145,38.22,96.45754171666145,38.22,36.97931196993911,43.34074143232838,0.0,36.97931196993911,-58.237541716661454,1.240688030060892,16.13748831439397,0.0,0.0,256.8845951411538
272.0,87.77993444243492,38.22,87.77993444243492,38.22,36.429666512148444,34.1450935751984,0.038799449485033444,36.46846596163348,-49.55993444243492,1.751534038366525,17.20517435508808,0.0,0.0,289.23657691553865
273.0,72.92752721785794,38.22,72.92752721785794,38.22,35.45251774657508,23.473958213022694,0.09629673608497524,35.548814482660056,-34.707527217857944,2.671185517339944,14.001051258260166,0.0,0.0,311.40442333894606
274.0,51.567549030913895,38.22,51.567549030913895,38.22,32.35667594937026,9.765007495217361,2.006374327666138,34.3630502770364,-13.347549030913894,3.856949722963597,9.445865586326267,0.0,0.0,318.5534186168922
275.0,26.69332759691712,38.22,26.69332759691712,38.22,23.51694813262154,0.12423771340572531,9.335229334955613,32.85217746757715,11.52667240308288,5.3678225324228475,3.052141750889855,0.0,0.0,308.83108513442863
276.0,1.263040677211657e-14,38.22,1.263040677211657e-14,38.22,1.263040677211657e-14,0.0,28.9543239565469,28.954323956546915,38.219999999999985,9.265676043453086,0.0,0.0,0.0,278.3105478634065
277.0,0.0,38.22,0.0,38.22,0.0,0.0,25.27852472433482,25.27852472433482,38.22,12.941475275665182,0.0,0.0,0.0,251.66464319081385
278.0,0.0,38.22,0.0,38.22,0.0,0.0,24.733470872363025,24.733470872363025,38.22,13.486529127636974,0.0,0.0,0.0,225.59327572478088
279.0,0.0,38.22,0.0,38.22,0.0,0.0,23.68079623015747,23.68079623015747,38.22,14.53920376984253,0.0,0.0,0.0,200.6315247602387
280.0,0.0,38.22,0.0,38.22,0.0,0.0,23.333975596698373,23.333975596698373,38.22,14.886024403301624,0.0,0.0,0.0,176.03535484278757
281.0,0.0,38.22,0.0,38.22,0.0,0.0,23.3,23.3,38.22,14.92,0.0,0.0,0.0,151.47499834881316
282.0,0.0,104.26855588073916,0.0,104.26855588073916,0.0,0.0,57.114777436203966,57.114777436203966,104.26855588073916,47.15377844453519,0.0,0.0,0.0,91.27073676481422
283.0,0.0,114.21427118704167,0.0,114.21427118704167,0.0,0.0,47.020732478291244,47.020732478291244,114.21427118704167,67.19353870875044,0.0,0.0,0.0,41.70653280452949
284.0,0.0,117.21911910853372,0.0,117.21911910853372,0.0,0.0,24.15557506555004,24.15557506555004,117.21911910853372,93.06354404298368,0.0,0.0,0.0,16.24432100509308
285.0,0.0,121.62521046242038,0.0,121.62521046242038,0.0,0.0,9.899189007031275,9.899189007031275,121.62521046242038,111.7260214553891,0.0,0.0,0.0,5.809659588186611
286.0,0.0,38.22,0.0,38.22,0.0,0.0,0.8399999999999999,0.8399999999999999,38.22,37.38,0.0,0.0,0.0,4.924221843339465
287.0,0.0,38.22,0.0,38.22,0.0,0.0,0.8399999999999999,0.8399999999999999,38.22,37.38,0.0,0.0,0.0,4.038784098492319
288.0,0.0,38.22,0.0,38.22,0.0,0.0,0.8399999999999999,0.8399999999999999,38.22,37.38,0.0,0.0,0.0,3.1533463536451727
289.0,25.723829512766294,38.22,25.723829512766294,38.22,22.610360637631636,3.1134688751346555,0.07862181992719974,22.688982457558836,12.496170487233707,15.531017542441163,0.0,0.0,0.0,6.024167599566352
290.0,49.6946225548758,38.22,49.6946225548758,38.22,31.364514790090038,18.330107764785765,0.0,31.364514790090038,-11.4746225548758,6.855485209909964,0.0,0.0,0.0,23.41363468748464
291.0,69.18699885532433,38.22,69.18699885532433,38.22,34.6843340632857,34.50266479203864,0.0,34.6843340632857,-30.966998855324334,3.5356659367143046,0.0,0.0,0.0,56.145736513927204
292.0,82.48730892799985,38.22,82.48730892799985,38.22,35.997287954367664,46.49002097363219,0.0,35.997287954367664,-44.267308927999856,2.222712045632337,0.0,0.0,0.0,100.25004293763014
293.0,90.28487133944682,38.22,90.28487133944682,38.22,36.5758618793511,52.716886585053324,0.0,36.5758618793511,-52.06487133944682,1.6441381206488959,0.9921228750423894,0.0,0.0,150.26167276609343
294.0,92.76425314091662,38.22,92.76425314091662,38.22,36.74456185553595,50.501390448824246,0.0,36.74456185553595,-54.54425314091663,1.4754381444640512,5.5183008365564294,0.0,0.0,198.17149841322072
295.0,90.28487133944682,38.22,90.28487133944682,38.22,36.5758618793511,40.416256654702636,0.0080513963922645,36.58391327574337,-52.064871339446825,1.6360867242566313,13.292752805393086,0.0,0.0,236.50523915427857
296.0,82.48730892799986,38.22,82.48730892799986,38.22,35.997287954367664,32.91646416325054,0.05774228788465441,36.055030242252315,-44.26730892799986,2.1649697577476816,13.573556810381664,0.0,0.0,267.6716732211578
297.0,69.18699885532433,38.22,69.18699885532433,38.22,34.6843340632857,21.552427737565687,0.43663415463078353,35.12096821791648,-30.966998855324334,3.0990317820835207,12.95023705447295,0.0,0.0,287.65784863727515
298.0,49.694622554875835,38.22,49.694622554875835,38.22,31.364514790090045,5.647176462362938,2.226178318263206,33.59069310835325,-11.47462255487584,4.62930689164675,12.682931302422856,0.0,0.0,290.6686326404645
299.0,25.723829512766322,38.22,25.723829512766322,38.22,22.610360637631654,0.10967485010258238,8.518622086811234,31.12898272444289,12.496170487233679,7.091017275557111,3.0037940250320845,0.0,0.0,281.7932632321263
300.0,1.2171672089332903e-14,38.22,1.2171672089332903e-14,38.22,1.2171672089332903e-14,0.0,27.85999999999999,27.86,38.219999999999985,10.36,0.0,0.0,0.0,252.426244694696
301.0,0.0,38.22,0.0,38.22,0.0,0.0,25.460470532153735,25.460470532153735,38.22,12.759529467846264,0.0,0.0,0.0,225.58855230096097
302.0,0.0,38.22,0.0,38.22,0.0,0.0,21.863358376887543,21.863358376887543,38.22,16.356641623112456,0.0,0.0,0.0,202.54254904379874
303.0,0.0,38.22,0.0,38.22,0.0,0.0,20.9,20.9,38.22,17.32,0.0,0.0,0.0,180.51201467795903
304.0,0.0,38.22,0.0,38.22,0.0,0.0,20.781104878235514,20.781104878235514,38.22,17.438895121764485,0.0,0.0,0.0,158.60680677460562
305.0,0.0,38.22,0.0,38.22,0.0,0.0,18.489494620255652,18.489494620255652,38.22,19.730505379744347,0.0,0.0,0.0,139.11716817945967
306.0,0.0,112.39006626912973,0.0,112.39006626912973,0.0,0.0,60.02929418196324,60.02929418196324,112.39006626912973,52.360772087166495,0.0,0.0,0.0,75.84073619702698
307.0,0.0,118.79672340754654,0.0,118.79672340754654,0.0,0.0,47.63340886562804,47.63340886562804,118.79672340754654,71.1633145419185,0.0,0.0,0.0,25.63071461921299
308.0,0.0,108.57994559163294,0.0,108.57994559163294,0.0,0.0,19.165478204990883,19.165478204990883,108.57994559163294,89.41446738664206,0.0,0.0,0.0,5.428526761184112
309.0,0.0,105.65723794878116,0.0,105.65723794878116,0.0,0.0,3.7458814217280074,3.7458814217280074,105.65723794878116,101.91135652705314,0.0,0.0,0.0,1.4800210486606968
310.0,0.0,38.22,0.0,38.22,0.0,0.0,0.5,0.5,38.22,37.72,0.0,0.0,0.0,0.9529747719659669
311.0,0.0,38.22,0.0,38.22,0.0,0.0,0.5,0.5,38.22,37.72,0.0,0.0,0.0,0.425928495271237
312.0,0.0,38.22,0.0,38.22,0.0,0.0,0.40407124962760976,0.40407124962760976,38.22,37.81592875037239,0.0,0.0,0.0,0.0
313.0,26.780901734096894,38.22,26.780901734096894,38.22,23.651026347683583,3.1298753864133118,0.0,23.651026347683583,11.439098265903107,14.568973652316417,0.0,0.0,0.0,2.9692605040697067
314.0,51.73672927254776,38.22,51.73672927254776,38.22,32.60548983552086,19.1312394370269,0.0,32.60548983552086,-13.516729272547764,5.614510164479135,0.0,0.0,0.0,21.11874782898244
315.0,73.06539748522937,38.22,73.06539748522937,38.22,35.7361687411708,37.32922874405857,0.0,35.7361687411708,-34.84539748522936,2.483831258829202,0.0,0.0,0.0,56.53236366757796
316.0,87.59313317472485,38.22,87.59313317472485,38.22,36.90657755697752,50.686555617747345,0.0,36.90657755697752,-49.37313317472486,1.3134224430224832,0.0,0.0,0.0,104.61785241784331
317.0,95.07142974390689,38.22,95.07142974390689,38.22,37.35448823262542,57.01052119406643,0.0,37.35448823262542,-56.8514297439069,0.8655117673745755,0.7064203172150445,0.0,0.0,158.70278168780897
318.0,97.31434100760733,38.22,97.31434100760733,38.22,37.47907622794409,50.297117747691836,0.0,37.47907622794409,-59.094341007607326,0.7409237720559111,9.5381470319714,0.0,0.0,206.41881723512427
319.0,95.0714297439069,38.22,95.0714297439069,38.22,37.35448823262542,42.76408373639608,0.003895551793760221,37.35838378441918,-56.851429743906905,0.8616162155808151,14.952857774885397,0.0,0.0,246.9842829601397
320.0,87.59313317472487,38.22,87.59313317472487,38.22,36.90657755697752,33.114505631061924,0.06994695572121834,36.97652451269874,-49.37313317472487,1.2434754873012641,17.572049986685425,0.0,0.0,278.32573081036986
321.0,73.06539748522937,38.22,73.06539748522937,38.22,35.7361687411708,21.858428836559426,0.5178353614643731,36.25400410263517,-34.84539748522936,1.965995897364829,15.470799907499138,0.0,0.0,298.51661077083816
322.0,51.736729272547805,38.22,51.736729272547805,38.22,32.60548983552087,7.221289706765069,1.9953289097509888,34.60081874527186,-13.516729272547805,3.6191812547281375,11.909949730261863,0.0,0.0,303.2640663606991
323.0,26.780901734096922,38.22,26.780901734096922,38.22,23.651026347683597,0.09955970867921143,8.907203307343092,32.55822965502669,11.439098265903077,5.6617703449733074,3.0303156777341123,0.0,0.0,293.9695003156855
324.0,1.267184398039576e-14,38.22,1.267184398039576e-14,38.22,1.267184398039576e-14,0.0,30.03191676150082,30.031916761500835,38.219999999999985,8.188083238499164,0.0,0.0,0.0,262.31308049337537
325.0,0.0,38.22,0.0,38.22,0.0,0.0,27.032723293761098,27.032723293761098,38.22,11.187276706238901,0.0,0.0,0.0,233.818088171584
326.0,0.0,38.22,0.0,38.22,0.0,0.0,23.80505182289106,23.80505182289106,38.22,14.41494817710894,0.0,0.0,0.0,208.72536031202435
327.0,0.0,38.22,0.0,38.22,0.0,0.0,22.3886971002564,22.3886971002564,38.22,15.831302899743596,0.0,0.0,0.0,185.1256014185519
328.0,0.0,38.22,0.0,38.22,0.0,0.0,21.771372570466283,21.771372570466283,38.22,16.448627429533715,0.0,0.0,0.0,162.17655971495583
329.0,0.0,38.22,0.0,38.22,0.0,0.0,20.811863528687393,20.811863528687393,38.22,17.408136471312606,0.0,0.0,0.0,140.23892934720877
330.0,0.0,104.7100339081602,0.0,104.7100339081602,0.0,0.0,49.81918978708432,49.81918978708432,104.7100339081602,54.89084412107588,0.0,0.0,0.0,87.72489237674696
331.0,0.0,110.37604530257968,0.0,110.37604530257968,0.0,0.0,43.2100079551332,43.2100079551332,110.37604530257968,67.16603734744648,0.0,0.0,0.0,42.17754475934174
332.0,0.0,118.0048487904989,0.0,118.0048487904989,0.0,0.0,29.53492364731032,29.53492364731032,118.0048487904989,88.46992514318858,0.0,0.0,0.0,11.045001677785669
333.0,0.0,103.094869484213,0.0,103.094869484213,0.0,0.0,6.801488770871242,6.801488770871242,103.094869484213,96.29338071334176,0.0,0.0,0.0,3.8756030124482628
334.0,0.0,38.22,0.0,38.22,0.0,0.0,2.1018531731201593,2.1018531731201593,38.22,36.11814682687984,0.0,0.0,0.0,1.6600552343442958
335.0,0.0,38.22,0.0,38.22,0.0,0.0,1.0334618663396422,1.0334618663396422,38.22,37.186538133660356,0.0,0.0,0.0,0.5706907768237057
336.0,0.0,38.22,0.0,38.22,0.0,0.0,0.5414048083241229,0.5414048083241229,38.22,37.678595191675875,0.0,0.0,0.0,0.0
337.0,24.236030849931737,38.22,24.236030849931737,38.22,21.582560538460314,2.653470311471425,0.0,21.582560538460314,13.983969150068262,16.637439461539685,0.0,0.0,0.0,2.5173029663658357
338.0,46.82041624937533,38.22,46.82041624937533,38.22,30.888268173302997,15.932148076072327,0.0,30.888268173302997,-8.600416249375327,7.331731826697002,0.0,0.0,0.0,17.63186574820328
339.0,66.21406765582024,38.22,66.21406765582024,38.22,34.30386229557467,31.91020536024557,0.0,34.30386229557467,-27.99406765582024,3.9161377044253314,0.0,0.0,0.0,47.90454461083023
340.0,79.58762667144138,38.22,79.58762667144138,38.22,35.45437316701724,44.13325350442415,0.0,35.45437316701724,-41.367626671441386,2.765626832982762,0.0,0.0,0.0,89.77302509910672
341.0,87.78710091930235,38.22,87.78710091930235,38.22,36.00140590374654,51.305505288841026,0.0,36.00140590374654,-49.56710091930235,2.218594096253465,0.4801897267147841,0.0,0.0,138.4457010646725
342.0,90.36063514796163,38.22,90.36063514796163,38.22,36.136306217083025,49.46791090795327,0.0,36.136306217083025,-52.14063514796164,2.083693782916975,4.756418022925343,0.0,0.0,185.3750819324986
343.0,87.78710091930235,38.22,87.78710091930235,38.22,36.00140590374654,38.25126108289958,0.023944369639615992,36.02535027338615,-49.567100919302355,2.194649726613849,13.534433932656233,0.0,0.0,221.63817486948233
344.0,79.5876266714414,38.22,79.5876266714414,38.22,35.45437316701724,28.391150097878544,0.07043435513999192,35.52480752215723,-41.36762667144139,2.6951924778427694,15.74210340654561,0.0,0.0,248.49814045052904
345.0,66.21406765582024,38.22,66.21406765582024,38.22,34.30386229557467,17.04411639634188,0.35206098672993313,34.6559232823046,-27.99406765582024,3.5640767176953982,14.866088963903689,0.0,0.0,264.2965041413165
346.0,46.82041624937536,38.22,46.82041624937536,38.22,30.888268173303008,5.217034753693621,2.252362648318862,33.14063082162187,-8.600416249375362,5.079369178378132,10.715113322378734,0.0,0.0,266.8716191823693
347.0,24.236030849931765,38.22,24.236030849931765,38.22,21.58256053846033,0.10748103637917628,9.716912771461327,31.29947330992166,13.983969150068233,6.920526690078341,2.545989275092259,0.0,0.0,256.73105925210706
348.0,1.1467694578908845e-14,38.22,1.1467694578908845e-14,38.22,1.1467694578908845e-14,0.0,27.208619464538415,27.20861946453843,38.219999999999985,11.011380535461571,0.0,0.0,0.0,228.05065608652959
349.0,0.0,38.22,0.0,38.22,0.0,0.0,24.643478980926673,24.643478980926673,38.22,13.576521019073327,0.0,0.0,0.0,202.0741484031251
350.0,0.0,38.22,0.0,38.22,0.0,0.0,22.025495690528505,22.025495690528505,38.22,16.194504309471494,0.0,0.0,0.0,178.85723741102737
351.0,0.0,38.22,0.0,38.22,0.0,0.0,20.080018859909288,20.080018859909288,38.22,18.139981140090715,0.0,0.0,0.0,157.6910390588771
352.0,0.0,38.22,0.0,38.22,0.0,0.0,19.360150051883412,19.360150051883412,38.22,18.859849948116587,0.0,0.0,0.0,137.28364905668423
353.0,0.0,38.22,0.0,38.22,0.0,0.0,18.316496486680723,18.316496486680723,38.22,19.90350351331928,0.0,0.0,0.0,117.97636650588987
354.0,0.0,106.08819865762189,0.0,106.08819865762189,0.0,0.0,43.67247809377431,43.67247809377431,106.08819865762189,62.41572056384758,0.0,0.0,0.0,71.94153255917807
355.0,0.0,113.38893036348064,0.0,113.38893036348064,0.0,0.0,28.736949006379678,28.736949006379678,113.38893036348064,84.65198135710096,0.0,0.0,0.0,41.65012860442061
356.0,0.0,105.41645864804815,0.0,105.41645864804815,0.0,0.0,21.6952480704432,21.6952480704432,105.41645864804815,83.72121057760495,0.0,0.0,0.0,18.781329169429387
357.0,0.0,115.2575573354481,0.0,115.2575573354481,0.0,0.0,12.432318659225094,12.432318659225094,115.2575573354481,102.825238676223,0.0,0.0,0.0,5.676514649375381
358.0,0.0,38.22,0.0,38.22,0.0,0.0,1.8646420174963563,1.8646420174963563,38.22,36.35535798250364,0.0,0.0,0.0,3.711009383995373
359.0,0.0,38.22,0.0,38.22,0.0,0.0,0.8940430076053164,0.8940430076053164,38.22,37.32595699239468,0.0,0.0,0.0,2.768605307268693
360.0,0.0,38.22,0.0,38.22,0.0,0.0,0.78,0.78,38.22,37.44,0.0,0.0,0.0,1.9464131156249145
361.0,27.805075595320876,38.22,27.805075595320876,38.22,23.96829872385607,3.8367768714648047,0.11991035126555322,24.088209075121625,10.414924404679123,14.131790924878375,0.0,0.0,0.0,5.4599026435867435
362.0,53.71528123888064,38.22,53.71528123888064,38.22,31.922516526400145,21.7927647124805,0.0,31.922516526400145,-15.495281238880647,6.297483473599853,0.0,0.0,0.0,26.134334544661602
363.0,75.55252957220668,38.22,75.55252957220668,38.22,34.657364855013135,40.89516471719355,0.0,34.657364855013135,-37.33252957220669,3.5626351449868623,0.0,0.0,0.0,64.93089428288778
364.0,87.49491562023672,38.22,87.49491562023672,38.22,35.89680248157353,51.5981131386632,0.0,35.89680248157353,-49.274915620236726,2.323197518426471,0.0,0.0,0.0,113.88116242845832
365.0,93.44949008278294,38.22,93.44949008278294,38.22,36.32324739671286,57.126242686070086,0.0,36.32324739671286,-55.229490082782945,1.896752603287141,0.0,0.0,0.0,168.07587474511334
366.0,95.47608865941048,38.22,95.47608865941048,38.22,36.468699815754704,48.04179813282404,0.0,36.468699815754704,-57.25608865941048,1.7513001842452927,10.965590710831732,0.0,0.0,213.65232624203787
367.0,93.44949008278296,38.22,93.44949008278296,38.22,36.32324739671286,34.29280514256622,0.0,36.32324739671286,-55.22949008278295,1.896752603287141,22.833437543503873,0.0,0.0,246.18533772409123
368.0,87.49491562023674,38.22,87.49491562023674,38.22,35.89680248157353,29.889169029270384,0.0,35.89680248157353,-49.27491562023673,2.32319751842647,21.70894410939282,0.0,0.0,274.5406931747687
369.0,75.55252957220668,38.22,75.55252957220668,38.22,34.657364855013135,23.024824301219212,0.5610617315567819,35.21842658656992,-37.33252957220669,3.0015734134300804,17.870340415974336,0.0,0.0,295.79254843665717
370.0,53.715281238880685,38.22,53.715281238880685,38.22,31.922516526400155,5.49159112733363,2.0417969082344545,33.96431343463461,-15.495281238880688,4.255686565365391,16.301173585146902,0.0,0.0,298.8500863023774
371.0,27.805075595320908,38.22,27.805075595320908,38.22,23.96829872385609,0.17755441505364217,7.168594528882886,31.136893252738975,10.414924404679093,7.0831067472610245,3.659222456411175,0.0,0.0,291.46216709927006
372.0,1.3156449446899013e-14,38.22,1.3156449446899013e-14,38.22,1.3156449446899013e-14,0.0,28.075579083217264,28.075579083217278,38.219999999999985,10.144420916782723,0.0,0.0,0.0,261.86790825555386
373.0,0.0,38.22,0.0,38.22,0.0,0.0,26.99640514937113,26.99640514937113,38.22,11.223594850628867,0.0,0.0,0.0,233.4111986193169
374.0,0.0,38.22,0.0,38.22,0.0,0.0,24.87834574435507,24.87834574435507,38.22,13.341654255644931,0.0,0.0,0.0,207.18711962954387
375.0,0.0,38.22,0.0,38.22,0.0,0.0,23.275674791859977,23.275674791859977,38.22,14.94432520814002,0.0,0.0,0.0,182.6524041563295
376.0,0.0,38.22,0.0,38.22,0.0,0.0,21.552615555328003,21.552615555328003,38.22,16.667384444671995,0.0,0.0,0.0,159.93395259339243
377.0,0.0,38.22,0.0,38.22,0.0,0.0,20.191675733069125,20.191675733069125,38.22,18.028324266930873,0.0,0.0,0.0,138.6500575627096
378.0,0.0,116.0220054671196,0.0,116.0220054671196,0.0,0.0,53.58495786465649,53.58495786465649,116.0220054671196,62.43704760246311,0.0,0.0,0.0,82.16655250388725
379.0,0.0,134.5908258113042,0.0,134.5908258113042,0.0,0.0,52.70378401695706,52.70378401695706,134.5908258113042,81.88704179434714,0.0,0.0,0.0,26.61188623616637
380.0,0.0,120.1598487448903,0.0,120.1598487448903,0.0,0.0,22.936509933656758,22.936509933656758,120.1598487448903,97.22333881123355,0.0,0.0,0.0,2.4346819143554117
381.0,0.0,121.75469636555941,0.0,121.75469636555941,0.0,0.0,2.309742068214631,2.309742068214631,121.75469636555941,119.4449542973448,0.0,0.0,0.0,0.0
382.0,0.0,38.22,0.0,38.22,0.0,0.0,0.0,0.0,38.22,38.22,0.0,0.0,0.0,0.0
383.0,0.0,38.22,0.0,38.22,0.0,0.0,0.0,0.0,38.22,38.22,0.0,0.0,0.0,0.0
384.0,0.0,38.22,0.0,38.22,0.0,0.0,0.0,0.0,38.22,38.22,0.0,0.0,0.0,0.0
385.0,27.535827356707156,38.22,27.535827356707156,38.22,22.852086806971418,4.683740549735737,0.0,22.852086806971418,10.684172643292843,15.367913193028581,0.0,0.0,0.0,4.443386431936226
386.0,53.19513358416098,38.22,53.19513358416098,38.22,30.897387992145973,22.297745592015005,0.0,30.897387992145973,-14.975133584160977,7.322612007854026,0.0,0.0,0.0,25.596885259260326
387.0,74.19603464335323,38.22,74.19603464335323,38.22,34.61623357576456,39.57980106758867,0.0,34.61623357576456,-35.97603464335323,3.6037664242354386,0.0,0.0,0.0,63.14558147224359
388.0,88.17116944060616,38.22,88.17116944060616,38.22,35.95988263768858,52.211286802917584,0.0,35.95988263768858,-49.951169440606165,2.2601173623114175,0.0,0.0,0.0,112.6775572318967
389.0,96.40019099107057,38.22,96.40019099107057,38.22,36.59855252506346,58.95324785104761,0.0,36.59855252506346,-58.18019099107057,1.6214474749365397,0.8483906149595057,0.0,0.0,168.60551883401791
390.0,98.95685615432797,38.22,98.95685615432797,38.22,36.812275116961565,54.79407599767207,0.0,36.812275116961565,-60.73685615432797,1.4077248830384366,7.350505039694336,0.0,0.0,220.58774356511995
391.0,96.40019099107057,38.22,96.40019099107057,38.22,36.59855252506346,38.52628664230436,0.0,36.59855252506346,-58.18019099107058,1.6214474749365397,21.275351823702756,0.0,0.0,257.1369882385807
392.0,88.17116944060618,38.22,88.17116944060618,38.22,35.95988263768858,24.8376574463557,0.012066953125142499,35.97194959081372,-49.95116944060617,2.2480504091862743,27.373629356561892,0.0,0.0,280.687339335207
393.0,74.19603464335323,38.22,74.19603464335323,38.22,34.61623357576456,13.155858783148002,0.3459912154510395,34.9622247912156,-35.97603464335323,3.2577752087843987,26.423942284440667,0.0,0.0,292.80337607054554
394.0,53.19513358416102,38.22,53.19513358416102,38.22,30.897387992145983,2.810870245489763,2.6085293675616894,33.505917359707674,-14.97513358416102,4.714082640292326,19.486875346525274,0.0,0.0,292.72037034378434
395.0,27.535827356707188,38.22,27.535827356707188,38.22,22.852086806971432,0.056928430175630707,8.377166244633122,31.22925305160455,10.684172643292811,6.990746948395445,4.6268121195601255,0.0,0.0,283.9440688377029
396.0,1.3029050014811725e-14,38.22,1.3029050014811725e-14,38.22,1.3029050014811725e-14,0.0,26.387752243580273,26.387752243580284,38.219999999999985,11.832247756419715,0.0,0.0,0.0,256.1289356970589
397.0,0.0,38.22,0.0,38.22,0.0,0.0,24.418237682919884,24.418237682919884,38.22,13.801762317080117,0.0,0.0,0.0,230.38985318859918
398.0,0.0,38.22,0.0,38.22,0.0,0.0,21.907082647050814,21.907082647050814,38.22,16.31291735294919,0.0,0.0,0.0,207.29776050385547
399.0,0.0,38.22,0.0,38.22,0.0,0.0,18.3697358294842,18.3697358294842,38.22,19.8502641705158,0.0,0.0,0.0,187.93435875826464
400.0,0.0,38.22,0.0,38.22,0.0,0.0,17.047850825398395,17.047850825398395,38.22,21.172149174601604,0.0,0.0,0.0,169.96434615191782
401.0,0.0,38.22,0.0,38.22,0.0,0.0,16.644509082593263,16.644509082593263,38.22,21.575490917406736,0.0,0.0,0.0,152.41949307313305
402.0,0.0,118.79229010232412,0.0,118.79229010232412,0.0,0.0,49.406606936883826,49.406606936883826,118.79229010232412,69.3856831654403,0.0,0.0,0.0,100.34035661272378
403.0,0.0,102.37928871163614,0.0,102.37928871163614,0.0,0.0,38.98366571862203,38.98366571862203,102.37928871163614,63.39562299301411,0.0,0.0,0.0,59.24796487490035
404.0,0.0,108.40037116197134,0.0,108.40037116197134,0.0,0.0,34.20399738801255,34.20399738801255,108.40037116197134,74.19637377395878,0.0,0.0,0.0,23.193785932043777
405.0,0.0,100.86791791515927,0.0,100.86791791515927,0.0,0.0,15.500021038089749,15.500021038089749,100.86791791515927,85.36789687706953,0.0,0.0,0.0,6.8553291784134105
406.0,0.0,38.22,0.0,38.22,0.0,0.0,3.190564868769708,3.190564868769708,38.22,35.029435131230294,0.0,0.0,0.0,3.4921785091372426
407.0,0.0,38.22,0.0,38.22,0.0,0.0,1.7139219354038793,1.7139219354038793,38.22,36.50607806459612,0.0,0.0,0.0,1.6855461599371624
408.0,0.0,38.22,0.0,38.22,0.0,0.0,1.207782377377549,1.207782377377549,38.22,37.01221762262245,0.0,0.0,0.0,0.41243174982846975
409.0,25.501117384592224,38.22,25.501117384592224,38.22,21.915735223168834,3.585382161423388,0.023270544044157754,21.939005767212993,12.718882615407777,16.280994232787005,0.0,0.0,0.0,3.789294616308821
410.0,49.26437576201353,38.22,49.26437576201353,38.22,30.092823497658628,19.1715522643549,0.0,30.092823497658628,-11.04437576201353,8.12717650234137,0.0,0.0,0.0,21.977026047204824
411.0,69.21756256518297,38.22,69.21756256518297,38.22,34.62077541698979,34.59678714819319,0.0,34.62077541698979,-30.997562565182967,3.599224583010215,0.0,0.0,0.0,54.79842018090436
412.0,82.90348553422326,38.22,82.90348553422326,38.22,36.56936995136593,46.334115582857336,0.0,36.56936995136593,-44.683485534223266,1.6506300486340701,0.0,0.0,0.0,98.75482176430316
413.0,90.09545715081174,38.22,90.09545715081174,38.22,37.174293652298495,52.92116349851325,0.0,37.174293652298495,-51.87545715081175,1.0457063477015036,0.0,0.0,0.0,148.96024568874319
414.0,92.4270524215507,38.22,92.4270524215507,38.22,37.32577992991085,53.06331608633848,0.0,37.32577992991085,-54.2070524215507,0.8942200700891475,2.0379564053013675,0.0,0.0,199.30052739902766
415.0,90.09545715081175,38.22,90.09545715081175,38.22,37.174293652298495,37.22597727762227,0.0,37.174293652298495,-51.875457150811755,1.0457063477015036,15.695186220890985,0.0,0.0,234.61619029591583
416.0,82.90348553422328,38.22,82.90348553422328,38.22,36.56936995136593,24.720336806470282,0.16078840757186874,36.7301583589378,-44.68348553422327,1.4898416410622002,21.61377877638706,0.0,0.0,257.89847508330473
417.0,69.21756256518297,38.22,69.21756256518297,38.22,34.62077541698979,15.147626964529453,1.1557733371175278,35.77654875410731,-30.997562565182967,2.4434512458926876,19.44916018366373,0.0,0.0,271.0504837215917
418.0,49.264375762013564,38.22,49.264375762013564,38.22,30.09282349765864,4.902690615895704,3.1200188953762105,33.212842393034855,-11.04437576201357,5.007157606965149,14.268861648459223,0.0,0.0,272.4127957403505
419.0,25.50111738459225,38.22,25.50111738459225,38.22,21.91573522316885,0.21252695780905884,7.109933177559391,29.02566840072824,12.71888261540775,9.19433159927176,3.372855203614343,0.0,0.0,265.1198888980474
420.0,1.2066292017788466e-14,38.22,1.2066292017788466e-14,38.22,1.2066292017788466e-14,0.0,24.32109290181088,24.32109290181089,38.219999999999985,13.898907098189108,0.0,0.0,0.0,239.48320597995533
421.0,0.0,38.22,0.0,38.22,0.0,0.0,20.3716784616481,20.3716784616481,38.22,17.8483215383519,0.0,0.0,0.0,218.00957141348763
422.0,0.0,38.22,0.0,38.22,0.0,0.0,18.108177021762057,18.108177021762057,38.22,20.111822978237942,0.0,0.0,0.0,198.92187685939012
423.0,0.0,38.22,0.0,38.22,0.0,0.0,17.347672355723827,17.347672355723827,38.22,20.872327644276172,0.0,0.0,0.0,180.63582461058147
424.0,0.0,38.22,0.0,38.22,0.0,0.0,16.12,16.12,38.22,22.099999999999998,0.0,0.0,0.0,163.64385264994337
425.0,0.0,38.22,0.0,38.22,0.0,0.0,16.12,16.12,38.22,22.099999999999998,0.0,0.0,0.0,146.6518806893053
426.0,0.0,115.94109225591885,0.0,115.94109225591885,0.0,0.0,60.872550779248094,60.872550779248094,115.94109225591885,55.068541476670745,0.0,0.0,0.0,82.48657820707813
427.0,0.0,117.17179790495243,0.0,117.17179790495243,0.0,0.0,42.64049819715748,42.64049819715748,117.17179790495243,74.53129970779494,0.0,0.0,0.0,37.53954658463774
428.0,0.0,111.1867334736462,0.0,111.1867334736462,0.0,0.0,29.3757436736113,29.3757436736113,111.1867334736462,81.8109898000349,0.0,0.0,0.0,6.574793928006537
429.0,0.0,104.92029630077593,0.0,104.92029630077593,0.0,0.0,6.045015389458135,6.045015389458135,104.92029630077593,98.87528091131779,0.0,0.0,0.0,0.20278822085403148
430.0,0.0,38.22,0.0,38.22,0.0,0.0,0.19238179816559856,0.19238179816559856,38.22,38.0276182018344,0.0,0.0,0.0,0.0
431.0,0.0,38.22,0.0,38.22,0.0,0.0,0.0,0.0,38.22,38.22,0.0,0.0,0.0,0.0
432.0,0.0,38.22,0.0,38.22,0.0,0.0,0.0,0.0,38.22,38.22,0.0,0.0,0.0,0.0
433.0,28.233928616526754,38.22,28.233928616526754,38.22,23.406560052533223,4.827368563993532,0.0,23.406560052533223,9.986071383473243,14.813439947466776,0.0,0.0,0.0,4.579643930194757
434.0,54.54376165661035,38.22,54.54376165661035,38.22,30.475076194742357,24.06868546186799,0.0,30.475076194742357,-16.32376165661035,7.744923805257641,0.0,0.0,0.0,27.413203833900134
435.0,76.23835521267026,38.22,76.23835521267026,38.22,33.45418659386677,42.784168618803484,0.0,33.45418659386677,-38.01835521267026,4.765813406133229,0.0,0.0,0.0,68.00183002353592
436.0,91.45550357230555,38.22,91.45550357230555,38.22,35.06173314518795,56.3937704271176,0.0,35.06173314518795,-53.235503572305554,3.1582668548120503,0.0,0.0,0.0,121.50165814183738
437.0,99.25874044033004,38.22,99.25874044033004,38.22,35.84639764927366,62.37988248306258,0.0,35.84639764927366,-61.038740440330045,2.3736023507263364,1.0324603079937984,0.0,0.0,180.68041078787266
438.0,101.63137190225808,38.22,101.63137190225808,38.22,36.086831204132736,56.341204366714415,0.0,36.086831204132736,-63.411371902258075,2.1331687958672667,9.203336331410929,0.0,0.0,234.13037036262529
439.0,99.25874044033004,38.22,99.25874044033004,38.22,35.84639764927366,41.135638247868386,0.020657192067115245,35.867054841340774,-61.038740440330045,2.3529451586592214,22.276704543188004,0.0,0.0,273.13328873069406
440.0,91.45550357230556,38.22,91.45550357230556,38.22,35.06173314518795,29.975421726372417,0.012455852604029927,35.07418899779198,-53.23550357230556,3.1458110022080192,26.418348700745195,0.0,0.0,301.55734105304805
441.0,76.23835521267026,38.22,76.23835521267026,38.22,33.45418659386677,18.21472061100743,0.39159583491438177,33.84578242878115,-38.01835521267026,4.374217571218847,24.569448007796055,0.0,0.0,318.42456402184564
442.0,54.54376165661039,38.22,54.54376165661039,38.22,30.475076194742364,6.46621705351925,1.5504030027909546,32.02547919753332,-16.323761656610394,6.19452080246668,17.602468408348777,0.0,0.0,322.9246878820942
443.0,28.233928616526786,38.22,28.233928616526786,38.22,23.406560052533237,0.1692981016765057,5.717385312402921,29.12394536493616,9.986071383473213,9.09605463506384,4.658070462317043,0.0,0.0,317.0586448808841
444.0,1.3359368625244803e-14,38.22,1.3359368625244803e-14,38.22,1.3359368625244803e-14,0.0,24.462650671606905,24.462650671606916,38.219999999999985,13.757349328393081,0.0,0.0,0.0,291.27274697177563
445.0,0.0,38.22,0.0,38.22,0.0,0.0,23.759999999999998,23.759999999999998,38.22,14.46,0.0,0.0,0.0,266.2275079032421
446.0,0.0,38.22,0.0,38.22,0.0,0.0,23.15788803988876,23.15788803988876,38.22,15.062111960111238,0.0,0.0,0.0,241.8169505681685
447.0,0.0,38.22,0.0,38.22,0.0,0.0,22.88694070022661,22.88694070022661,38.22,15.333059299773389,0.0,0.0,0.0,217.6919968061935
448.0,0.0,38.22,0.0,38.22,0.0,0.0,21.81946217257361,21.81946217257361,38.22,16.40053782742639,0.0,0.0,0.0,194.69226421112066
449.0,0.0,38.22,0.0,38.22,0.0,0.0,21.253001096847562,21.253001096847562,38.22,16.966998903152437,0.0,0.0,0.0,172.28963401775562
450.0,0.0,123.9754553069731,0.0,123.9754553069731,0.0,0.0,74.22740618634907,74.22740618634907,123.9754553069731,49.74804912062402,0.0,0.0,0.0,94.04707789931034
451.0,0.0,112.27085238552135,0.0,112.27085238552135,0.0,0.0,50.0226854680366,50.0226854680366,112.27085238552135,62.248166917484745,0.0,0.0,0.0,41.31853764690982
452.0,0.0,111.66821304511556,0.0,111.66821304511556,0.0,0.0,31.00136966402074,31.00136966402074,111.66821304511556,80.66684338109482,0.0,0.0,0.0,8.640224739191659
453.0,0.0,107.29422802702912,0.0,107.29422802702912,0.0,0.0,8.196836901473983,8.196836901473983,107.29422802702912,99.09739112555513,0.0,0.0,0.0,0.0
454.0,0.0,38.22,0.0,38.22,0.0,0.0,0.0,0.0,38.22,38.22,0.0,0.0,0.0,0.0
455.0,0.0,38.22,0.0,38.22,0.0,0.0,0.0,0.0,38.22,38.22,0.0,0.0,0.0,0.0
456.0,0.0,38.22,0.0,38.22,0.0,0.0,0.0,0.0,38.22,38.22,0.0,0.0,0.0,0.0
457.0,25.98624052370053,38.22,25.98624052370053,38.22,22.244422315556935,3.741818208143597,0.0,22.244422315556935,12.233759476299468,15.975577684443065,0.0,0.0,0.0,3.5498004384071313
458.0,50.20156170000381,38.22,50.20156170000381,38.22,30.53946116649988,19.66210053350393,0.0,30.53946116649988,-11.981561700003809,7.68053883350012,0.0,0.0,0.0,22.202906819132405
459.0,69.66106581681453,38.22,69.66106581681453,38.22,34.49426780049608,35.16679801631845,0.0,34.49426780049608,-31.441065816814532,3.725732199503917,0.0,0.0,0.0,55.565060743129656
460.0,83.51907412368281,38.22,83.51907412368281,38.22,35.74644663049648,47.772627493186334,0.0,35.74644663049648,-45.299074123682814,2.473553369503518,0.0,0.0,0.0,100.88615454990432
461.0,91.99631256990929,38.22,91.99631256990929,38.22,36.284140375754774,55.71217219415452,0.0,36.284140375754774,-53.776312569909294,1.9358596242452255,0.0,0.0,0.0,153.73936180861295
462.0,94.67717220262648,38.22,94.67717220262648,38.22,36.457139716406274,53.855333687601615,0.0,36.457139716406274,-56.45717220262648,1.7628602835937275,4.364698798618594,0.0,0.0,204.83101738897778
463.0,91.99631256990929,38.22,91.99631256990929,38.22,36.284140375754774,40.348310268553384,0.0,36.284140375754774,-53.776312569909294,1.9358596242452255,15.363861925601139,0.0,0.0,243.10878544531442
464.0,83.51907412368283,38.22,83.51907412368283,38.22,35.746446630496486,27.273290182941743,0.030485342474269872,35.77693197297075,-45.29907412368282,2.443068027029247,20.499337310244595,0.0,0.0,268.9503659522666
465.0,69.66106581681453,38.22,69.66106581681453,38.22,34.49426780049608,15.586455328381494,0.409233835210949,34.90350163570703,-31.441065816814532,3.316498364292968,19.580342687936955,0.0,0.0,283.3056054598217
466.0,50.20156170000384,38.22,50.20156170000384,38.22,30.53946116649989,3.9066037937320193,3.0814845978665657,33.62094576436645,-11.981561700003848,4.5990542356335435,15.755496739771939,0.0,0.0,283.7635652630406
467.0,25.98624052370056,38.22,25.98624052370056,38.22,22.244422315556946,0.023902535649920842,9.04423994576549,31.288662261322436,12.23375947629944,6.931337738677562,3.7179156724936915,0.0,0.0,274.25277522149383
468.0,1.2295836369621606e-14,38.22,1.2295836369621606e-14,38.22,1.2295836369621606e-14,0.0,25.810472455570736,25.81047245557075,38.219999999999985,12.40952754442925,0.0,0.0,0.0,247.04614840661296
469.0,0.0,38.22,0.0,38.22,0.0,0.0,22.81500015824636,22.81500015824636,38.22,15.40499984175364,0.0,0.0,0.0,222.99702663422613
470.0,0.0,38.22,0.0,38.22,0.0,0.0,21.14,21.14,38.22,17.08,0.0,0.0,0.0,200.71351005557295
471.0,0.0,38.22,0.0,38.22,0.0,0.0,18.078501859801843,18.078501859801843,38.22,20.141498140198156,0.0,0.0,0.0,181.65709586871836
472.0,0.0,38.22,0.0,38.22,0.0,0.0,17.146319538704198,17.146319538704198,38.22,21.0736804612958,0.0,0.0,0.0,163.58328812493406
473.0,0.0,38.22,0.0,38.22,0.0,0.0,15.950914712519928,15.950914712519928,38.22,22.26908528748007,0.0,0.0,0.0,146.76954770671642
474.0,0.0,110.58279048059107,0.0,110.58279048059107,0.0,0.0,53.998836265680545,53.998836265680545,110.58279048059107,56.58395421491053,0.0,0.0,0.0,89.84977650736586
475.0,0.0,121.64600104470334,0.0,121.64600104470334,0.0,0.0,48.11938516043233,48.11938516043233,121.64600104470334,73.52661588427101,0.0,0.0,0.0,39.12749093607487
476.0,0.0,110.37162066804328,0.0,110.37162066804328,0.0,0.0,24.975640577760768,24.975640577760768,110.37162066804328,85.3959800902825,0.0,0.0,0.0,12.80085418692562
477.0,0.0,111.9633170225379,0.0,111.9633170225379,0.0,0.0,10.35705586773468,10.35705586773468,111.9633170225379,101.60626115480322,0.0,0.0,0.0,1.8835587217078822
478.0,0.0,38.22,0.0,38.22,0.0,0.0,1.2913340019478416,1.2913340019478416,38.22,36.92866599805216,0.0,0.0,0.0,0.522373166316052
479.0,0.0,38.22,0.0,38.22,0.0,0.0,0.470090758923383,0.470090758923383,38.22,37.749909241076615,0.0,0.0,0.0,0.026853997917714256
480.0,0.0,38.22,0.0,38.22,0.0,0.0,0.02547593931041879,0.02547593931041879,38.22,38.19452406068958,0.0,0.0,0.0,0.0
481.0,24.398451327580315,38.22,24.398451327580315,38.22,21.59547881702106,2.802972510559254,0.0,21.59547881702106,13.821548672419684,16.62452118297894,0.0,0.0,0.0,2.6591332056622816
482.0,47.134188517533254,38.22,47.134188517533254,38.22,30.20570404667691,16.928484470856347,0.0,30.20570404667691,-8.914188517533258,8.01429595332309,0.0,0.0,0.0,18.718903684471186
483.0,65.96141294801195,38.22,65.96141294801195,38.22,34.18154816395806,31.779864784053892,0.0,34.18154816395806,-27.741412948011952,4.038451836041939,0.0,0.0,0.0,48.86793061940681
484.0,79.33538376307102,38.22,79.33538376307102,38.22,35.63292966789367,43.70245409517735,0.0,35.63292966789367,-41.11538376307102,2.5870703321063293,0.0,0.0,0.0,90.32771890332084
485.0,86.97177705751541,38.22,86.97177705751541,38.22,36.13571648306771,50.8360605744477,0.0,36.13571648306771,-48.751777057515405,2.0842835169322913,0.0,0.0,0.0,138.55504050898358
486.0,89.47539026902052,38.22,89.47539026902052,38.22,36.273941701150015,50.96053790430086,0.0,36.273941701150015,-51.255390269020516,1.946058298849987,2.2409106635696467,0.0,0.0,186.90045167846395
487.0,86.97177705751541,38.22,86.97177705751541,38.22,36.13571648306771,37.43988881306505,9.050434332846802e-05,36.13580698741104,-48.75177705751541,2.0841930125889627,13.396171761382652,0.0,0.0,222.4189534763327
488.0,79.33538376307104,38.22,79.33538376307104,38.22,35.63292966789367,23.98667144377233,0.03742304416506505,35.67035271205874,-41.11538376307104,2.5496472879412635,19.715782651405032,0.0,0.0,245.13526069868513
489.0,65.96141294801195,38.22,65.96141294801195,38.22,34.18154816395806,15.40224290772611,0.679877928040276,34.86142609199834,-27.741412948011952,3.358573908001663,16.37762187632778,0.0,0.0,259.03045703660075
490.0,47.134188517533296,38.22,47.134188517533296,38.22,30.205704046676917,4.621949916309264,3.1876486025770023,33.39335264925392,-8.914188517533296,4.826647350746079,12.306534554547111,0.0,0.0,260.0551470718306
491.0,24.398451327580343,38.22,24.398451327580343,38.22,21.595478817021075,0.015901023635600198,8.851425938755163,30.446904755776238,13.821548672419658,7.773095244223759,2.787071486923665,0.0,0.0,250.74000993845547
492.0,1.1544546619681008e-14,38.22,1.1544546619681008e-14,38.22,1.1544546619681008e-14,0.0,24.73134046755611,24.73134046755612,38.219999999999985,13.48865953244388,0.0,0.0,0.0,224.6708881162652
493.0,0.0,38.22,0.0,38.22,0.0,0.0,22.74,22.74,38.22,15.48,0.0,0.0,0.0,200.70082345218887
494.0,0.0,38.22,0.0,38.22,0.0,0.0,20.003450722255646,20.003450722255646,38.22,18.216549277744356,0.0,0.0,0.0,179.61533500376618
495.0,0.0,38.22,0.0,38.22,0.0,0.0,18.176780582057162,18.176780582057162,38.22,20.043219417942836,0.0,0.0,0.0,160.4553259476256
496.0,0.0,38.22,0.0,38.22,0.0,0.0,17.34,17.34,38.22,20.88,0.0,0.0,0.0,142.17736107185237
497.0,0.0,38.22,0.0,38.22,0.0,0.0,16.808076469450782,16.808076469450782,38.22,21.411923530549217,0.0,0.0,0.0,124.4600928286037
498.0,0.0,111.78258142796888,0.0,111.78258142796888,0.0,0.0,47.90450273885537,47.90450273885537,111.78258142796888,63.878078689113515,0.0,0.0,0.0,73.96431321775128
499.0,0.0,102.64820914880507,0.0,102.64820914880507,0.0,0.0,33.00618086794329,33.00618086794329,102.64820914880507,69.64202828086177,0.0,0.0,0.0,39.17274374902661
500.0,0.0,114.52640011294008,0.0,114.52640011294008,0.0,0.0,24.676171119344712,24.676171119344712,114.52640011294008,89.85022899359537,0.0,0.0,0.0,13.161775525961295
501.0,0.0,121.15234846474632,0.0,121.15234846474632,0.0,0.0,10.805128422124987,10.805128422124987,121.15234846474632,110.34722004262133,0.0,0.0,0.0,1.772170117782541
502.0,0.0,38.22,0.0,38.22,0.0,0.0,1.358927779722223,1.358927779722223,38.22,36.86107222027778,0.0,0.0,0.0,0.3397344645832736
503.0,0.0,38.22,0.0,38.22,0.0,0.0,0.32230041232228546,0.32230041232228546,38.22,37.897699587677714,0.0,0.0,0.0,0.0
504.0,0.0,38.22,0.0,38.22,0.0,0.0,0.0,0.0,38.22,38.22,0.0,0.0,0.0,0.0
505.0,23.91592542138706,38.22,23.91592542138706,38.22,21.34636049332713,2.5695649280599273,0.0,21.34636049332713,14.304074578612942,16.87363950667287,0.0,0.0,0.0,2.437703330506823
506.0,46.20202004824205,38.22,46.20202004824205,38.22,29.75603112148228,16.44598892675977,0.0,29.75603112148228,-7.982020048242051,8.46396887851772,0.0,0.0,0.0,18.039738345247514
507.0,65.33952336125756,38.22,65.33952336125756,38.22,33.29043851785619,32.049084843401374,0.0,33.29043851785619,-27.119523361257563,4.929561482143808,0.0,0.0,0.0,48.44416985398626
508.0,79.35704076204114,38.22,79.35704076204114,38.22,35.03074878083518,44.32629198120595,0.0,35.03074878083518,-41.13704076204114,3.1892512191648144,0.0,0.0,0.0,90.49578272106676
509.0,87.01161599827596,38.22,87.01161599827596,38.22,35.82150227171644,51.190113726559524,0.0,35.82150227171644,-48.79161599827596,2.398497728283562,0.0,0.0,0.0,139.05898863876013
510.0,89.42251591339638,38.22,89.42251591339638,38.22,36.04873386796547,51.73841321565236,0.0,36.04873386796547,-51.20251591339638,2.171266132034533,1.6353688297785578,0.0,0.0,188.1423571240855
511.0,87.01161599827597,38.22,87.01161599827597,38.22,35.82150227171644,36.34798738758439,0.0,35.82150227171644,-48.791615998275965,2.398497728283562,14.842126338975135,0.0,0.0,222.62508567643752
512.0,79.78614241835331,38.22,79.78614241835331,38.22,35.45985043714735,26.862401071214336,0.12454415990056922,35.58439459704792,-41.56614241835331,2.6356054029520783,17.46389090999162,0.0,0.0,247.97771584671347
513.0,65.68988339650687,38.22,65.68988339650687,38.22,33.6407985531055,16.38806119038173,0.5816414601243626,34.222440013229864,-27.46988339650687,3.997559986770138,15.66102365301964,0.0,0.0,262.91169185359877
514.0,46.44976200502363,38.22,46.44976200502363,38.22,30.00377307826383,6.859870452959027,1.8954541496052677,31.899227227869098,-8.22976200502363,6.320772772130902,9.586118473800774,0.0,0.0,267.42155227472114
515.0,24.04416609475914,38.22,24.04416609475914,38.22,21.474601166699205,0.05782337056082387,7.474303004338965,28.94890417103817,14.175833905240857,9.27109582896183,2.5117415574991133,0.0,0.0,259.597801201959
516.0,1.1376910472121699e-14,38.22,1.1376910472121699e-14,38.22,1.1376910472121699e-14,0.0,23.619842698814832,23.619842698814843,38.219999999999985,14.600157301185156,0.0,0.0,0.0,234.7003009009079
517.0,0.0,38.22,0.0,38.22,0.0,0.0,22.46598562173484,22.46598562173484,38.22,15.75401437826516,0.0,0.0,0.0,211.01907275248254
518.0,0.0,38.22,0.0,38.22,0.0,0.0,20.22502426326038,20.22502426326038,38.22,17.99497573673962,0.0,0.0,0.0,189.70002528445863
519.0,0.0,38.22,0.0,38.22,0.0,0.0,20.168980788005104,20.168980788005104,38.22,18.051019211994895,0.0,0.0,0.0,168.44005282636738
520.0,0.0,38.22,0.0,38.22,0.0,0.0,19.407725251708477,19.407725251708477,38.22,18.81227474829152,0.0,0.0,0.0,147.9825141603129
521.0,0.0,38.22,0.0,38.22,0.0,0.0,18.78,18.78,38.22,19.44,0.0,0.0,0.0,128.18665600765883
522.0,0.0,119.5574829186223,0.0,119.5574829186223,0.0,0.0,53.11113689096382,53.11113689096382,119.5574829186223,66.44634602765849,0.0,0.0,0.0,72.20260210884565
523.0,0.0,101.29611892951283,0.0,101.29611892951283,0.0,0.0,35.22363651198575,35.22363651198575,101.29611892951283,66.07248241752707,0.0,0.0,0.0,35.07362915826438
524.0,0.0,109.36476972268511,0.0,109.36476972268511,0.0,0.0,21.130586552152607,21.130586552152607,109.36476972268511,88.2341831705325,0.0,0.0,0.0,12.800035224888859
525.0,0.0,121.48541263809582,0.0,121.48541263809582,0.0,0.0,9.214971876528049,9.214971876528049,121.48541263809582,112.27044076156777,0.0,0.0,0.0,3.0866019901473467
526.0,0.0,38.22,0.0,38.22,0.0,0.0,1.064872342295715,1.064872342295715,38.22,37.155127657704284,0.0,0.0,0.0,1.9641279838230417
527.0,0.0,38.22,0.0,38.22,0.0,0.0,1.0,1.0,38.22,37.22,0.0,0.0,0.0,0.9100354304335818
528.0,0.0,38.22,0.0,38.22,0.0,0.0,0.6793686782064131,0.6793686782064131,38.22,37.54063132179358,0.0,0.0,0.0,0.1939179657301615
529.0,25.982918414694197,38.22,25.982918414694197,38.22,23.378289137843318,2.60462927685088,0.18396673528013613,23.562255873123455,12.237081585305802,14.657744126876546,0.0,0.0,0.0,2.4709682925618175
530.0,50.19514387822988,38.22,50.19514387822988,38.22,31.30169095747897,18.89345292075091,0.0,31.30169095747897,-11.975143878229881,6.91830904252103,0.0,0.0,0.0,20.394871520981905
531.0,70.1877228127001,38.22,70.1877228127001,38.22,34.79214789160045,35.39557492109966,0.0,34.79214789160045,-31.967722812700107,3.4278521083995512,0.0,0.0,0.0,53.97406227352478
532.0,82.67144127919187,38.22,82.67144127919187,38.22,36.04973310687143,46.62170817232043,0.0,36.04973310687143,-44.45144127919186,2.170266893128572,0.0,0.0,0.0,98.20329814319032
533.0,89.90090987838754,38.22,89.90090987838754,38.22,36.616244342107024,52.97460016192138,0.0,36.616244342107024,-51.68090987838753,1.603755657892978,0.31006537435912884,0.0,0.0,148.4594165377092
534.0,92.31838779013171,38.22,92.31838779013171,38.22,36.807308754664284,50.52182839364484,0.0,36.807308754664284,-54.09838779013171,1.4126912453357188,4.989250641822586,0.0,0.0,196.38863132173427
535.0,89.90090987838754,38.22,89.90090987838754,38.22,36.616244342107024,43.810400486262225,0.0,36.616244342107024,-51.68090987838754,1.603755657892978,9.474265050018293,0.0,0.0,237.95082654395534
536.0,82.67144127919187,38.22,82.67144127919187,38.22,36.04973310687143,36.08698504837363,0.006338721530723013,36.05607182840215,-44.45144127919187,2.1639281715978473,10.534723123946815,0.0,0.0,272.1792649371825
537.0,70.1877228127001,38.22,70.1877228127001,38.22,34.79214789160045,22.041166406094884,0.3728181530293593,35.16496604462981,-31.967722812700107,3.0550339553701917,13.354408515004774,0.0,0.0,292.6963665373201
538.0,50.19514387822992,38.22,50.19514387822992,38.22,31.30169095747898,6.449119581865185,2.449678062711306,33.75136902019028,-11.97514387822992,4.468630979809714,12.444333338885755,0.0,0.0,296.2323511676606
539.0,25.982918414694225,38.22,25.982918414694225,38.22,23.378289137843336,0.11735237221770128,7.8713354139164355,31.24962455175977,12.237081585305774,6.97037544824023,2.4872769046331915,0.0,0.0,288.04656535813007
540.0,1.2294264456643018e-14,38.22,1.2294264456643018e-14,38.22,1.2294264456643018e-14,0.0,27.472546873436652,27.472546873436663,38.219999999999985,10.747453126563336,0.0,0.0,0.0,259.08795827619764
541.0,0.0,38.22,0.0,38.22,0.0,0.0,25.24,25.24,38.22,12.98,0.0,0.0,0.0,232.48266222864765
542.0,0.0,38.22,0.0,38.22,0.0,0.0,22.5054851501678,22.5054851501678,38.22,15.714514849832199,0.0,0.0,0.0,208.75979792143872
543.0,0.0,38.22,0.0,38.22,0.0,0.0,19.8239423446593,19.8239423446593,38.22,18.396057655340698,0.0,0.0,0.0,187.86352791711138
544.0,0.0,38.22,0.0,38.22,0.0,0.0,18.75913188652442,18.75913188652442,38.22,19.46086811347558,0.0,0.0,0.0,168.08966668747522
545.0,0.0,38.22,0.0,38.22,0.0,0.0,18.62,18.62,38.22,19.6,0.0,0.0,0.0,148.46246334336348
546.0,0.0,109.90860102429762,0.0,109.90860102429762,0.0,0.0,56.146755999978545,56.146755999978545,109.90860102429762,53.76184502431908,0.0,0.0,0.0,89.27858594681113
547.0,0.0,114.29869467626959,0.0,114.29869467626959,0.0,0.0,48.02506703510072,48.02506703510072,114.29869467626959,66.27362764116887,0.0,0.0,0.0,38.65572040908184
548.0,0.0,103.08020209368317,0.0,103.08020209368317,0.0,0.0,25.492734277147672,25.492734277147672,103.08020209368317,77.58746781653551,0.0,0.0,0.0,11.784019042004243
549.0,0.0,111.38060617050186,0.0,111.38060617050186,0.0,0.0,9.17701052629294,9.17701052629294,111.38060617050186,102.20359564420892,0.0,0.0,0.0,2.1106005838621686
550.0,0.0,38.22,0.0,38.22,0.0,0.0,1.8076239771090534,1.8076239771090534,38.22,36.412376022890946,0.0,0.0,0.0,0.205197610263276
551.0,0.0,38.22,0.0,38.22,0.0,0.0,0.19466754565664862,0.19466754565664862,38.22,38.02533245434335,0.0,0.0,0.0,0.0
552.0,0.0,38.22,0.0,38.22,0.0,0.0,0.0,0.0,38.22,38.22,0.0,0.0,0.0,0.0
553.0,26.909945874708377,38.22,26.909945874708377,38.22,24.120143790688445,2.789802084019929,0.0,24.120143790688445,11.310054125291623,14.099856209311552,0.0,0.0,0.0,2.6466386419762227
554.0,51.98602340884358,38.22,51.98602340884358,38.22,32.766647674411686,19.219375734431893,0.0,32.766647674411686,-13.766023408843582,5.453352325588312,0.0,0.0,0.0,20.879739400189088
555.0,72.93568002351998,38.22,72.93568002351998,38.22,35.19137120098475,37.744308822535224,0.0,35.19137120098475,-34.71568002351997,3.0286287990152503,0.0,0.0,0.0,56.687134776588906
556.0,86.84561749531241,38.22,86.84561749531241,38.22,36.423759850458154,50.421857644854256,0.0,36.423759850458154,-48.62561749531241,1.796240149541844,0.0,0.0,0.0,104.52150898094276
557.0,94.50072438390941,38.22,94.50072438390941,38.22,36.88494529185522,57.61577909205419,0.0,36.88494529185522,-56.28072438390941,1.335054708144782,0.0,0.0,0.0,159.18063630974257
558.0,96.98772065631775,38.22,96.98772065631775,38.22,37.0172175677361,57.07328097348763,0.0,37.0172175677361,-58.76772065631774,1.202782432263902,2.897222115094019,0.0,0.0,213.32510473423443
559.0,94.50072438390941,38.22,94.50072438390941,38.22,36.88494529185522,46.68874341441469,0.0030264371113533526,36.88797172896657,-56.280724383909416,1.3320282710334288,10.927035677639509,0.0,0.0,257.6147456736332
560.0,86.84561749531242,38.22,86.84561749531242,38.22,36.423759850458154,34.59050115118186,0.06352379004727005,36.487283640505424,-48.62561749531242,1.7327163594945731,15.831356493672402,0.0,0.0,290.3632164329046
561.0,72.93568002351998,38.22,72.93568002351998,38.22,35.19137120098475,23.571786668901236,0.5994339435771178,35.790805144561865,-34.71568002351997,2.4291948554381326,14.17252215363399,0.0,0.0,312.0935178947274
562.0,51.98602340884362,38.22,51.98602340884362,38.22,32.76664767441169,6.815716589019525,1.5929923899078087,34.35964006431951,-13.76602340884362,3.860359935680495,12.4036591454124,0.0,0.0,316.88031297116817
563.0,26.909945874708406,38.22,26.909945874708406,38.22,24.120143790688466,0.14446316067014947,7.521057338995718,31.641201129684184,11.310054125291593,6.578798870315818,2.645338923349791,0.0,0.0,309.08947222422904
564.0,1.2732903433607935e-14,38.22,1.2732903433607935e-14,38.22,1.2732903433607935e-14,0.0,28.919999999999987,28.92,38.219999999999985,9.299999999999999,0.0,0.0,0.0,278.60511558020585
565.0,0.0,38.22,0.0,38.22,0.0,0.0,28.60701596377582,28.60701596377582,38.22,9.61298403622418,0.0,0.0,0.0,248.45067307809634
566.0,0.0,38.22,0.0,38.22,0.0,0.0,27.70017463405457,27.70017463405457,38.22,10.519825365945431,0.0,0.0,0.0,219.25212526875183
567.0,0.0,38.22,0.0,38.22,0.0,0.0,24.107349568195026,24.107349568195026,38.22,14.112650431804973,0.0,0.0,0.0,193.84074760696086
568.0,0.0,38.22,0.0,38.22,0.0,0.0,22.3690825052254,22.3690825052254,38.22,15.850917494774599,0.0,0.0,0.0,170.2616643120483
569.0,0.0,38.22,0.0,38.22,0.0,0.0,21.357252704699107,21.357252704699107,38.22,16.862747295300892,0.0,0.0,0.0,147.7491432751681
570.0,0.0,115.73515668957631,0.0,115.73515668957631,0.0,0.0,58.19427490393129,58.19427490393129,115.73515668957631,57.540881785645034,0.0,0.0,0.0,86.40699144903502
571.0,0.0,116.1099101526971,0.0,116.1099101526971,0.0,0.0,49.39642135183396,49.39642135183396,116.1099101526971,66.71348880086313,0.0,0.0,0.0,34.33859153797872
572.0,0.0,108.12558880910639,0.0,108.12558880910639,0.0,0.0,29.616970945544956,29.616970945544956,108.12558880910639,78.50861786356144,0.0,0.0,0.0,3.119563010327795
573.0,0.0,123.07847140231065,0.0,123.07847140231065,0.0,0.0,2.9594773251141615,2.9594773251141615,123.07847140231065,120.11899407719649,0.0,0.0,0.0,-1.1102230246251565e-16
574.0,0.0,38.22,0.0,38.22,0.0,0.0,-1.0532500405730103e-16,-1.0532500405730103e-16,38.22,38.22,0.0,0.0,0.0,0.0
575.0,0.0,38.22,0.0,38.22,0.0,0.0,0.0,0.0,38.22,38.22,0.0,0.0,0.0,0.0
576.0,0.0,38.22,0.0,38.22,0.0,0.0,0.0,0.0,38.22,38.22,0.0,0.0,0.0,0.0
577.0,27.254878133914,38.22,27.254878133914,38.22,22.222974639012197,5.031903494901806,0.0,22.222974639012197,10.965121866085997,15.997025360987804,0.0,0.0,0.0,4.773682803015352
578.0,52.65238136381748,38.22,52.65238136381748,38.22,29.86582982549258,22.7865515383249,0.0,29.86582982549258,-14.43238136381748,8.35417017450742,0.0,0.0,0.0,26.390903667591424
579.0,73.77177883376461,38.22,73.77177883376461,38.22,33.44929032038077,40.322488513383846,0.0,33.44929032038077,-35.551778833764615,4.770709679619233,0.0,0.0,0.0,64.64417505607237
580.0,89.08654551048646,38.22,89.08654551048646,38.22,35.120829101795735,53.965716408690724,0.0,35.120829101795735,-50.86654551048646,3.0991708982042656,0.0,0.0,0.0,115.84054888032782
581.0,97.87845559050724,38.22,97.87845559050724,38.22,35.87617791029438,60.86927606205807,0.0,35.87617791029438,-59.658455590507245,2.3438220897056206,1.1330016181547902,0.0,0.0,173.58621444482824
582.0,100.62571003997662,38.22,100.62571003997662,38.22,36.070884787932144,52.51630296092663,0.0,36.070884787932144,-62.405710039976626,2.1491152120678585,12.03852229111785,0.0,0.0,223.4075539392201
583.0,97.87845559050724,38.22,97.87845559050724,38.22,35.87617791029438,35.32308660176013,0.006246548598612123,35.88242445889299,-59.65845559050725,2.3375755411070083,26.679191078452735,0.0,0.0,256.9113917935396
584.0,89.08654551048647,38.22,89.08654551048647,38.22,35.120829101795735,24.408529486774416,0.06176512570989941,35.18259422750563,-50.866545510486475,3.037405772494365,29.557186921916323,0.0,0.0,280.00224988854603
585.0,73.77177883376461,38.22,73.77177883376461,38.22,33.44929032038077,15.187205438630535,0.46393414090512874,33.91322446128589,-35.551778833764615,4.3067755387141045,25.135283074753314,0.0,0.0,293.92106850904554
586.0,52.65238136381752,38.22,52.65238136381752,38.22,29.86582982549259,5.554774509502785,2.251950022687754,32.11777984818034,-14.432381363817521,6.102220151819657,17.231777028822147,0.0,0.0,296.81702656112714
587.0,27.254878133914033,38.22,27.254878133914033,38.22,22.22297463901221,0.06744700318187491,6.317565513222563,28.540540152234772,10.965121866085967,9.679459847765226,4.964456491719947,0.0,0.0,290.2217136435114
588.0,1.2896114060936968e-14,38.22,1.2896114060936968e-14,38.22,1.2896114060936968e-14,0.0,24.364574254849895,24.364574254849906,38.219999999999985,13.855425745150091,0.0,0.0,0.0,264.5391973549696
589.0,0.0,38.22,0.0,38.22,0.0,0.0,22.54,22.54,38.22,15.68,0.0,0.0,0.0,240.77995120157115
590.0,0.0,38.22,0.0,38.22,0.0,0.0,21.52608105828474,21.52608105828474,38.22,16.69391894171526,0.0,0.0,0.0,218.08946945437532
591.0,0.0,38.22,0.0,38.22,0.0,0.0,19.00329300735343,19.00329300735343,38.22,19.216706992646568,0.0,0.0,0.0,198.05823980544608
592.0,0.0,38.22,0.0,38.22,0.0,0.0,18.711212158331467,18.711212158331467,38.22,19.508787841668532,0.0,0.0,0.0,178.33489040445855
593.0,0.0,38.22,0.0,38.22,0.0,0.0,18.27022244344518,18.27022244344518,38.22,19.949777556554817,0.0,0.0,0.0,159.07638497805402
594.0,0.0,119.37292465306223,0.0,119.37292465306223,0.0,0.0,64.65320349588661,64.65320349588661,119.37292465306223,54.719721157175606,0.0,0.0,0.0,90.92592462026654
595.0,0.0,113.60268129377515,0.0,113.60268129377515,0.0,0.0,39.1452709913554,39.1452709913554,113.60268129377515,74.45741030241975,0.0,0.0,0.0,49.66318596786638
596.0,0.0,126.04963541193128,0.0,126.04963541193128,0.0,0.0,30.20468439708959,30.20468439708959,126.04963541193128,95.84495101484168,0.0,0.0,0.0,17.82465306741544
597.0,0.0,120.83650451751807,0.0,120.83650451751807,0.0,0.0,13.090621522462552,13.090621522462552,120.83650451751807,107.74588299505551,0.0,0.0,0.0,4.025926401347869
598.0,0.0,38.22,0.0,38.22,0.0,0.0,1.6199999999999997,1.6199999999999997,38.22,36.6,0.0,0.0,0.0,2.318296464856945
599.0,0.0,38.22,0.0,38.22,0.0,0.0,1.1196016636583368,1.1196016636583368,38.22,37.10039833634166,0.0,0.0,0.0,1.1381326884322414
600.0,0.0,38.22,0.0,38.22,0.0,0.0,0.5747598808873998,0.5747598808873998,38.22,37.6452401191126,0.0,0.0,0.0,0.5322825780018203
601.0,26.3751721832025,38.22,26.3751721832025,38.22,22.1391451630484,4.2360270201541015,0.04325472690168486,22.182399889950087,11.844827816797498,16.03760011004991,0.0,0.0,0.0,4.505336176586743
602.0,50.95291996915265,38.22,50.95291996915265,38.22,31.23659230888952,19.71632766026313,0.0,31.23659230888952,-12.732919969152652,6.983407691110479,0.0,0.0,0.0,23.20988692676974
603.0,72.0583104628866,38.22,72.0583104628866,38.22,34.73075830680948,37.327552156077125,0.0,34.73075830680948,-33.8383104628866,3.4892416931905252,0.0,0.0,0.0,58.62191221434955
604.0,87.39073410275127,38.22,87.39073410275127,38.22,36.168274232918534,51.22245986983273,0.0,36.168274232918534,-49.17073410275127,2.0517257670814635,0.0,0.0,0.0,107.21580437792257
605.0,96.0874376369512,38.22,96.0874376369512,38.22,36.81981504782812,58.9984882249806,0.0,36.81981504782812,-57.86743763695119,1.4001849521718777,0.26913436414246794,0.0,0.0,163.18668476719157
606.0,98.89310763037949,38.22,98.89310763037949,38.22,37.0080826342936,53.52603235057716,0.0,37.0080826342936,-60.6731076303795,1.2119173657063957,8.35899264550873,0.0,0.0,213.96593766909558
607.0,96.0874376369512,38.22,96.0874376369512,38.22,36.81981504782812,34.621717008962605,0.010738611904545826,36.830553659732665,-57.867437636951195,1.3894463402673316,24.645905580160466,0.0,0.0,246.79966285448748
608.0,87.39073410275128,38.22,87.39073410275128,38.22,36.168274232918534,24.63463710874605,0.045619396962132006,36.21389362988067,-49.17073410275128,2.00610637011933,26.58782276108669,0.0,0.0,270.12204456646236
609.0,72.0583104628866,38.22,72.0583104628866,38.22,34.73075830680948,14.79520401418608,0.49748809576287206,35.228246402572346,-33.8383104628866,2.9917535974276532,22.532348141891045,0.0,0.0,283.6336090088271
610.0,50.95291996915269,38.22,50.95291996915269,38.22,31.236592308889527,5.681499550987061,1.9088647979179956,33.14545710680753,-12.732919969152691,5.074542893192476,14.0348281092761,0.0,0.0,287.01143257181735
611.0,26.375172183202533,38.22,26.375172183202533,38.22,22.13914516304842,0.09677057678372608,8.633321587655209,30.772466750703625,11.844827816797467,7.447533249296373,4.139256443370388,0.0,0.0,278.00291720519095
612.0,1.2479866069486811e-14,38.22,1.2479866069486811e-14,38.22,1.2479866069486811e-14,0.0,27.866264165399752,27.866264165399762,38.219999999999985,10.353735834600236,0.0,0.0,0.0,248.62929565765953
613.0,0.0,38.22,0.0,38.22,0.0,0.0,24.077815689344252,24.077815689344252,38.22,14.142184310655747,0.0,0.0,0.0,223.24904943763784
614.0,0.0,38.22,0.0,38.22,0.0,0.0,21.25927474535191,21.25927474535191,38.22,16.96072525464809,0.0,0.0,0.0,200.8398062381018
615.0,0.0,38.22,0.0,38.22,0.0,0.0,20.96,20.96,38.22,17.259999999999998,0.0,0.0,0.0,178.74602631905873
616.0,0.0,38.22,0.0,38.22,0.0,0.0,20.96,20.96,38.22,17.259999999999998,0.0,0.0,0.0,156.65224640001566
617.0,0.0,38.22,0.0,38.22,0.0,0.0,19.902539630893624,19.902539630893624,38.22,18.317460369106374,0.0,0.0,0.0,135.67312758155208
618.0,0.0,106.24303510696276,0.0,106.24303510696276,0.0,0.0,52.92635154977893,52.92635154977893,106.24303510696276,53.31668355718383,0.0,0.0,0.0,79.88385453485742
619.0,0.0,109.63355502743987,0.0,109.63355502743987,0.0,0.0,37.77998422162029,37.77998422162029,109.63355502743987,71.85357080581957,0.0,0.0,0.0,40.06025449967618
620.0,0.0,109.88314004653142,0.0,109.88314004653142,0.0,0.0,27.48669845991553,27.48669845991553,109.88314004653142,82.3964415866159,0.0,0.0,0.0,11.086730335817684
621.0,0.0,106.77273232576681,0.0,106.77273232576681,0.0,0.0,9.669757833625534,9.669757833625534,106.77273232576681,97.10297449214127,0.0,0.0,0.0,0.8939106103136145
622.0,0.0,38.22,0.0,38.22,0.0,0.0,0.8400943860766907,0.8400943860766907,38.22,37.379905613923306,0.0,0.0,0.0,0.008373373805884876
623.0,0.0,38.22,0.0,38.22,0.0,0.0,0.007943679877976647,0.007943679877976647,38.22,38.212056320122024,0.0,0.0,0.0,0.0
624.0,0.0,38.22,0.0,38.22,0.0,0.0,0.0,0.0,38.22,38.22,0.0,0.0,0.0,0.0
625.0,25.997884875429193,38.22,25.997884875429193,38.22,23.52239479145207,2.475490083977124,0.0,23.52239479145207,12.222115124570806,14.69760520854793,0.0,0.0,0.0,2.3484560971587616
626.0,50.22405686013403,38.22,50.22405686013403,38.22,31.274201136585134,18.949855723548893,0.0,31.274201136585134,-12.004056860134028,6.945798863414864,0.0,0.0,0.0,20.32586772255653
627.0,70.24745598420513,38.22,70.24745598420513,38.22,34.29818038272585,35.94927560147927,0.0,34.29818038272585,-32.027455984205126,3.9218196172741453,0.0,0.0,0.0,54.430345062694755
628.0,83.13024423476284,38.22,83.13024423476284,38.22,35.811487432547985,47.31875680221486,0.0,35.811487432547985,-44.91024423476284,2.4085125674520116,0.0,0.0,0.0,99.32085932547012
629.0,90.41263808177182,38.22,90.41263808177182,38.22,36.4294475432524,53.98319053851942,0.0,36.4294475432524,-52.192638081771825,1.7905524567476019,0.0,0.0,0.0,150.533810564842
630.0,92.72204245331145,38.22,92.72204245331145,38.22,36.56792648101946,53.11505916110467,0.0,36.56792648101946,-54.502042453311454,1.6520735189805387,3.039056811187323,0.0,0.0,200.92318006594695
631.0,90.41263808177183,38.22,90.41263808177183,38.22,36.4294475432524,44.5689934447079,0.014727605102373763,36.44417514835477,-52.19263808177183,1.7758248516452282,9.414197093811529,0.0,0.0,243.1895154989965
632.0,83.13024423476286,38.22,83.13024423476286,38.22,35.81148743254799,36.253154226226016,0.15242403687704875,35.963911469425035,-44.91024423476285,2.256088530574962,11.065602575988843,0.0,0.0,277.4216083728369
633.0,70.24745598420513,38.22,70.24745598420513,38.22,34.29818038272585,24.24626948826161,0.4958980030628959,34.79407838578875,-32.027455984205126,3.425921614211249,11.703006113217663,0.0,0.0,299.90091688411314
634.0,50.22405686013407,38.22,50.22405686013407,38.22,31.27420113658514,7.68149995732994,2.029688269211764,33.30388940579691,-12.00405686013407,4.916110594203093,11.268355766218985,0.0,0.0,305.04874830732973
635.0,25.997884875429225,38.22,25.997884875429225,38.22,23.52239479145209,0.11713949554139974,6.534408094394318,30.05680288584641,12.222115124570776,8.163197114153592,2.3583505884357345,0.0,0.0,298.2720056771831
636.0,1.2301346094791563e-14,38.22,1.2301346094791563e-14,38.22,1.2301346094791563e-14,0.0,25.972869735181625,25.972869735181636,38.219999999999985,12.247130264818363,0.0,0.0,0.0,270.89419709917365
637.0,0.0,38.22,0.0,38.22,0.0,0.0,24.419999999999998,24.419999999999998,38.22,13.799999999999999,0.0,0.0,0.0,245.15325694540303
638.0,0.0,38.22,0.0,38.22,0.0,0.0,24.06526025063609,24.06526025063609,38.22,14.154739749363909,0.0,0.0,0.0,219.78624531982817
639.0,0.0,38.22,0.0,38.22,0.0,0.0,22.958432315210768,22.958432315210768,38.22,15.261567684789233,0.0,0.0,0.0,195.58593277886857
640.0,0.0,38.22,0.0,38.22,0.0,0.0,21.79958633095254,21.79958633095254,38.22,16.42041366904746,0.0,0.0,0.0,172.60715116044085
641.0,0.0,38.22,0.0,38.22,0.0,0.0,21.653187710910935,21.653187710910935,38.22,16.566812289089064,0.0,0.0,0.0,149.78268723722547
642.0,0.0,106.0269392380713,0.0,106.0269392380713,0.0,0.0,56.120777901223164,56.120777901223164,106.0269392380713,49.90616133684813,0.0,0.0,0.0,90.62619316112237
643.0,0.0,110.16298969820429,0.0,110.16298969820429,0.0,0.0,48.50714380121784,48.50714380121784,110.16298969820429,61.655845896986435,0.0,0.0,0.0,39.49517409406695
644.0,0.0,122.63142007891565,0.0,122.63142007891565,0.0,0.0,25.852569478870222,25.852569478870222,122.63142007891565,96.77885060004543,0.0,0.0,0.0,12.244173120406217
645.0,0.0,115.63534819949109,0.0,115.63534819949109,0.0,0.0,10.080582237792186,10.080582237792186,115.63534819949109,105.5547659616989,0.0,0.0,0.0,1.618306449719416
646.0,0.0,38.22,0.0,38.22,0.0,0.0,0.951830271565132,0.951830271565132,38.22,37.26816972843487,0.0,0.0,0.0,0.614989248371943
647.0,0.0,38.22,0.0,38.22,0.0,0.0,0.27999999999999997,0.27999999999999997,38.22,37.94,0.0,0.0,0.0,0.3198433334228943
648.0,0.0,38.22,0.0,38.22,0.0,0.0,0.27999999999999997,0.27999999999999997,38.22,37.94,0.0,0.0,0.0,0.024697418473845545
649.0,27.758676516322286,38.22,27.758676516322286,38.22,24.157845290395127,3.60083122592716,0.0,24.157845290395127,10.461323483677715,14.062154709604874,0.0,0.0,0.0,3.4407458616096984
650.0,53.62564510143911,38.22,53.62564510143911,38.22,32.745302239707584,20.88034286173153,0.0,32.745302239707584,-15.405645101439113,5.474697760292418,0.0,0.0,0.0,23.24957839210267
651.0,75.83811459346154,38.22,75.83811459346154,38.22,35.409841800874716,40.42827279258682,0.0,35.409841800874716,-37.61811459346154,2.81015819912528,0.0,0.0,0.0,61.60320555945979
652.0,91.17509460928117,38.22,91.17509460928117,38.22,36.711401704260886,54.46369290502028,0.0,36.711401704260886,-52.955094609281176,1.5085982957391129,0.0,0.0,0.0,113.2720013686048
653.0,99.6302263199268,38.22,99.6302263199268,38.22,37.19047835282269,62.439747967104125,0.0,37.19047835282269,-61.410226319926814,1.029521647177311,0.0,0.0,0.0,172.50754739948002
654.0,102.29817182804396,38.22,102.29817182804396,38.22,37.34253556485062,56.7226129216226,0.0,37.34253556485062,-64.07817182804396,0.87746443514938,8.233023341570748,0.0,0.0,226.31934290000763
655.0,99.63022631992682,38.22,99.63022631992682,38.22,37.19047835282269,42.25509038140575,0.0,37.19047835282269,-61.41022631992682,1.029521647177311,20.18465758569838,0.0,0.0,266.40604140246217
656.0,91.17509460928117,38.22,91.17509460928117,38.22,36.711401704260886,31.269680046640453,0.03326746019128868,36.744669164452176,-52.95509460928118,1.4753308355478234,23.19401285837984,0.0,0.0,296.03599761603556
657.0,75.83811459346154,38.22,75.83811459346154,38.22,35.409841800874716,19.92004355317345,0.5455386142680045,35.95538041514273,-37.61811459346154,2.2646195848572757,20.50822923941337,0.0,0.0,314.3587620404837
658.0,53.625645101439154,38.22,53.625645101439154,38.22,32.74530223970759,7.452798897957145,1.955599126589705,34.700901366297295,-15.405645101439156,3.519098633702706,13.427543963774422,0.0,0.0,319.3677254019518
659.0,27.758676516322314,38.22,27.758676516322314,38.22,24.157845290395144,0.017273243357798507,7.308423984214279,31.466269274609424,10.461323483677685,6.753730725390576,3.583557982569373,0.0,0.0,311.6803569406553
660.0,1.3134494925137872e-14,38.22,1.3134494925137872e-14,38.22,1.3134494925137872e-14,0.0,28.853491943164116,28.85349194316413,38.219999999999985,9.36650805683587,0.0,0.0,0.0,281.2661059440832
661.0,0.0,38.22,0.0,38.22,0.0,0.0,27.830266686404645,27.830266686404645,38.22,10.389733313595354,0.0,0.0,0.0,251.93042907110134
662.0,0.0,38.22,0.0,38.22,0.0,0.0,25.92841967561932,25.92841967561932,38.22,12.291580324380678,0.0,0.0,0.0,224.59947496987428
663.0,0.0,38.22,0.0,38.22,0.0,0.0,24.50588681698232,24.50588681698232,38.22,13.71411318301768,0.0,0.0,0.0,198.7680021618883
664.0,0.0,38.22,0.0,38.22,0.0,0.0,23.48,23.48,38.22,14.74,0.0,0.0,0.0,174.01790900830377
665.0,0.0,38.22,0.0,38.22,0.0,0.0,23.48,23.48,38.22,14.74,0.0,0.0,0.0,149.2678158547193
666.0,0.0,103.52513050979701,0.0,103.52513050979701,0.0,0.0,56.979189083492315,56.979189083492315,103.52513050979701,46.545941426304694,0.0,0.0,0.0,89.20647694364003
667.0,0.0,99.70268994690548,0.0,99.70268994690548,0.0,0.0,39.57508928800406,39.57508928800406,99.70268994690548,60.12760065890142,0.0,0.0,0.0,47.490670025431974
668.0,0.0,120.46459545858272,0.0,120.46459545858272,0.0,0.0,29.595382490926543,29.595382490926543,120.46459545858272,90.86921296765618,0.0,0.0,0.0,16.294397727033502
669.0,0.0,125.09129404016589,0.0,125.09129404016589,0.0,0.0,13.094345857357283,13.094345857357283,125.09129404016589,111.99694818280861,0.0,0.0,0.0,2.491745267287068
670.0,0.0,38.22,0.0,38.22,0.0,0.0,1.0971592999000808,1.0971592999000808,38.22,37.12284070009992,0.0,0.0,0.0,1.3352378193803998
671.0,0.0,38.22,0.0,38.22,0.0,0.0,0.27999999999999997,0.27999999999999997,38.22,37.94,0.0,0.0,0.0,1.040091904431351
672.0,0.0,38.22,0.0,38.22,0.0,0.0,0.27999999999999997,0.27999999999999997,38.22,37.94,0.0,0.0,0.0,0.7449459894823023
673.0,25.71891807458788,38.22,25.71891807458788,38.22,21.710736202492694,4.008181872095188,0.0,21.710736202492694,12.50108192541212,16.50926379750731,0.0,0.0,0.0,4.5474411870878475
674.0,49.6851343849143,38.22,49.6851343849143,38.22,31.083161684163244,18.601972700751052,0.0,31.083161684163244,-11.465134384914297,7.136838315836756,0.0,0.0,0.0,22.194821999081977
675.0,70.26539089547562,38.22,70.26539089547562,38.22,34.13853060480144,36.12686029067418,0.0,34.13853060480144,-32.04539089547562,4.08146939519856,0.0,0.0,0.0,56.46777096784891
676.0,85.03275738832133,38.22,85.03275738832133,38.22,35.08646662618447,49.946290762136876,0.0,35.08646662618447,-46.81275738832134,3.1335333738155358,0.0,0.0,0.0,103.85098281346282
677.0,93.09114036086106,38.22,93.09114036086106,38.22,35.55324707377897,56.25828936991163,0.0,35.55324707377897,-54.87114036086107,2.6667529262210317,1.279603917170471,0.0,0.0,157.22228231559075
678.0,95.6695166146095,38.22,95.6695166146095,38.22,35.71245719178887,49.58566650570661,0.0,35.71245719178887,-57.449516614609514,2.5075428082111255,10.37139291711402,0.0,0.0,204.2633759522574
679.0,93.09114036086108,38.22,93.09114036086108,38.22,35.55324707377897,35.021924526613304,0.0,35.55324707377897,-54.87114036086108,2.6667529262210317,22.5159687604688,0.0,0.0,237.48809081624108
680.0,85.03275738832134,38.22,85.03275738832134,38.22,35.08646662618447,27.651067513541744,0.0,35.08646662618447,-46.812757388321344,3.133533373815535,22.295223248595136,0.0,0.0,263.7201967396053
681.0,70.26539089547562,38.22,70.26539089547562,38.22,34.13853060480144,16.401797925740876,0.2053955603163269,34.343926165117765,-32.04539089547562,3.876073834882234,19.725062364933304,0.0,0.0,279.06380255912654
682.0,49.685134384914335,38.22,49.685134384914335,38.22,31.08316168416325,4.829382543587309,2.2930669117311857,33.37622859589444,-11.465134384914338,4.843771404105561,13.772590157163775,0.0,0.0,281.2282523620449
683.0,25.718918074587908,38.22,25.718918074587908,38.22,21.710736202492708,0.09961884757729489,9.920494761907237,31.631230964399947,12.501081925412091,6.588769035600053,3.9085630245179046,0.0,0.0,270.86563944444697
684.0,1.2169348157938281e-14,38.22,1.2169348157938281e-14,38.22,1.2169348157938281e-14,0.0,28.894241868042467,28.894241868042478,38.219999999999985,9.325758131957521,0.0,0.0,0.0,240.40843425550943
685.0,0.0,38.22,0.0,38.22,0.0,0.0,26.685743099785256,26.685743099785256,38.22,11.534256900214745,0.0,0.0,0.0,212.27919117236164
686.0,0.0,38.22,0.0,38.22,0.0,0.0,22.812382047230386,22.812382047230386,38.22,15.407617952769614,0.0,0.0,0.0,188.2328291313007
687.0,0.0,38.22,0.0,38.22,0.0,0.0,19.80545020453586,19.80545020453586,38.22,18.41454979546414,0.0,0.0,0.0,167.35605155417372
688.0,0.0,38.22,0.0,38.22,0.0,0.0,19.23875877050166,19.23875877050166,38.22,18.981241229498337,0.0,0.0,0.0,147.07661919773176
689.0,0.0,38.22,0.0,38.22,0.0,0.0,16.978139536962157,16.978139536962157,38.22,21.241860463037845,0.0,0.0,0.0,129.18008874141276
690.0,0.0,106.24740995859506,0.0,106.24740995859506,0.0,0.0,47.02486795951911,47.02486795951911,106.24740995859506,59.22254199907595,0.0,0.0,0.0,79.61152560116108
691.0,0.0,111.35468916227893,0.0,111.35468916227893,0.0,0.0,39.85680277063384,39.85680277063384,111.35468916227893,71.49788639164508,0.0,0.0,0.0,37.59876659872356
692.0,0.0,111.51498395768598,0.0,111.51498395768598,0.0,0.0,26.163002397933102,26.163002397933102,111.51498395768598,85.35198155975289,0.0,0.0,0.0,10.020540596751694
693.0,0.0,107.68416562516542,0.0,107.68416562516542,0.0,0.0,8.444691759890299,8.444691759890299,107.68416562516542,99.23947386527513,0.0,0.0,0.0,1.1190538969819974
694.0,0.0,38.22,0.0,38.22,0.0,0.0,0.5,0.5,38.22,37.72,0.0,0.0,0.0,0.5920076202872675
695.0,0.0,38.22,0.0,38.22,0.0,0.0,0.5,0.5,38.22,37.72,0.0,0.0,0.0,0.06496134359253758
696.0,0.0,38.22,0.0,38.22,0.0,0.0,0.061627741685161164,0.061627741685161164,38.22,38.15837225831484,0.0,0.0,0.0,0.0
697.0,27.616818480281747,38.22,27.616818480281747,38.22,24.36986410031027,3.246954379971476,0.0,24.36986410031027,10.603181519718254,13.850135899689729,0.0,0.0,0.0,3.0803313898109015
698.0,53.35159642008271,38.22,53.35159642008271,38.22,31.50317116186873,21.848425258213982,0.0,31.50317116186873,-15.131596420082712,6.716828838131272,0.0,0.0,0.0,23.80756752098349
699.0,74.60676173372839,38.22,74.60676173372839,38.22,34.52010832358652,40.086653410141864,0.0,34.52010832358652,-36.386761733728385,3.6998916764134786,0.0,0.0,0.0,61.83710608592475
700.0,87.49827329811615,38.22,87.49827329811615,38.22,35.726509421805574,51.77176387631058,0.0,35.726509421805574,-49.278273298116154,2.4934905781944243,0.0,0.0,0.0,110.95211378599552
701.0,94.57112536146082,38.22,94.57112536146082,38.22,36.191117372957976,57.12011531536649,0.0,36.191117372957976,-56.35112536146082,2.0288826270420226,1.2598926731363504,0.0,0.0,165.14101316840308
702.0,96.83057113179494,38.22,96.83057113179494,38.22,36.343197127175486,56.81115065240898,0.0,36.343197127175486,-58.610571131794934,1.8768028728245134,3.6762233522104664,0.0,0.0,219.03680293537502
703.0,94.57112536146082,38.22,94.57112536146082,38.22,36.191117372957976,44.66337792785528,0.0,36.191117372957976,-56.351125361460824,2.0288826270420226,13.716630060647566,0.0,0.0,261.40820361004927
704.0,87.49827329811616,38.22,87.49827329811616,38.22,35.726509421805574,35.607807931118465,0.01873267242612142,35.7452420942317,-49.27827329811616,2.4747579057683025,16.163955945192118,0.0,0.0,295.1689903039825
705.0,73.0312809742466,38.22,73.0312809742466,38.22,33.02010832358652,22.496227471377527,2.015848630811583,35.0359569543981,-34.81128097424661,3.1840430456018955,17.514945179282556,0.0,0.0,314.3858945447247
706.0,52.23756329142425,38.22,52.23756329142425,38.22,30.389138033210234,5.222310775568091,2.9433694448821273,33.33250747809236,-14.017563291424253,4.887492521907638,16.626114482645924,0.0,0.0,316.23762974101106
707.0,27.040152499137843,38.22,27.040152499137843,38.22,23.79319811916635,0.033726560236487735,6.026280994884487,29.81947911405084,11.179847500862156,8.40052088594916,3.2132278197350033,0.0,0.0,309.91736764406795
708.0,1.2794512936019988e-14,38.22,1.2794512936019988e-14,38.22,1.2794512936019988e-14,0.0,26.210519692591916,26.21051969259193,38.219999999999985,12.00948030740807,0.0,0.0,0.0,282.289054015639
709.0,0.0,38.22,0.0,38.22,0.0,0.0,25.108867887702342,25.108867887702342,38.22,13.111132112297657,0.0,0.0,0.0,255.82198335117226
710.0,0.0,38.22,0.0,38.22,0.0,0.0,24.36,24.36,38.22,13.86,0.0,0.0,0.0,230.14428875060503
711.0,0.0,38.22,0.0,38.22,0.0,0.0,22.201227546368276,22.201227546368276,38.22,16.018772453631723,0.0,0.0,0.0,206.74214011787328
712.0,0.0,38.22,0.0,38.22,0.0,0.0,20.944731575019063,20.944731575019063,38.22,17.275268424980936,0.0,0.0,0.0,184.6644545319046
713.0,0.0,38.22,0.0,38.22,0.0,0.0,20.4,20.4,38.22,17.82,0.0,0.0,0.0,163.16096644275962
714.0,0.0,115.2462120592521,0.0,115.2462120592521,0.0,0.0,64.35556749133433,64.35556749133433,115.2462120592521,50.89064456791778,0.0,0.0,0.0,95.32424198099132
715.0,0.0,106.78110448538669,0.0,106.78110448538669,0.0,0.0,46.997293201293836,46.997293201293836,106.78110448538669,59.783811284092856,0.0,0.0,0.0,45.7847451880464
716.0,0.0,121.63358244039169,0.0,121.63358244039169,0.0,0.0,34.85078707708488,34.85078707708488,121.63358244039169,86.78279536330682,0.0,0.0,0.0,9.048790050329607
717.0,0.0,107.10676754604485,0.0,107.10676754604485,0.0,0.0,7.5573805846420425,7.5573805846420425,107.10676754604485,99.54938696140282,0.0,0.0,0.0,1.0826114529283486
718.0,0.0,38.22,0.0,38.22,0.0,0.0,0.33787191083541335,0.33787191083541335,38.22,37.88212808916459,0.0,0.0,0.0,0.7264631877172718
719.0,0.0,38.22,0.0,38.22,0.0,0.0,0.27999999999999997,0.27999999999999997,38.22,37.94,0.0,0.0,0.0,0.43131727276822307
