time,generation_kw,load_kw,generation_kwh,load_kwh,solar_used_kwh,battery_charge_kwh,battery_discharge_kwh,self_consumed_kwh,net_load_kwh,grid_import,grid_export,curtailed_kwh,unmet_load_kwh,total_soc_kwh
0.0,0.0,38.22,0.0,38.22,0.0,0.0,38.22,38.22,38.22,0.0,0.0,0.0,0.0,265.71258260945484
1.0,22.136367838412966,38.22,22.136367838412966,38.22,19.45293587599814,2.6834319624148257,18.767064124001863,38.22,16.083632161587037,0.0,0.0,0.0,0.0,248.47608715155985
2.0,42.7641787907156,38.22,42.7641787907156,38.22,27.31204569022878,15.452133100486817,10.907954309771222,38.22,-4.544178790715596,0.0,0.0,0.0,0.0,251.63727433260289
3.0,60.47768162957787,38.22,60.47768162957787,38.22,31.024497559613884,29.45318406996399,7.195502440386116,38.22,-22.257681629577874,0.0,0.0,0.0,0.0,271.99429259387847
4.0,72.84595702086935,38.22,72.84595702086935,38.22,33.30107159342024,36.20780810211696,4.918928406579764,38.22,-34.62595702086936,0.0,3.3370773253321655,0.0,0.0,301.1590295953433
5.0,79.26497760407301,38.22,79.26497760407301,38.22,34.42812344333611,31.83086181568402,3.791876556663884,38.22,-41.04497760407302,0.0,13.005992345052878,0.0,0.0,327.3594477206851
6.0,81.35561964603383,38.22,81.35561964603383,38.22,34.77508117875948,26.10056655983547,3.44491882124052,38.22,-43.13561964603383,0.0,20.47997190743888,0.0,0.0,348.489356009156
7.0,79.26497760407302,38.22,79.26497760407302,38.22,34.42812344333611,18.765638696294996,3.791876556663884,38.22,-41.04497760407302,0.0,26.071215464441906,0.0,0.0,362.29501517583
8.0,72.84595702086936,38.22,72.84595702086936,38.22,33.30107159342024,11.11833719387369,4.896446111733181,38.197517705153416,-34.625957020869365,0.022482294846581263,28.42654823357544,0.0,0.0,367.68148858930107
9.0,60.47768162957787,38.22,60.47768162957787,38.22,31.024497559613884,5.06895751818926,5.260561582909355,36.28505914252324,-22.257681629577874,1.9349408574767621,24.38422655177473,0.0,0.0,366.94520513414335
10.0,42.764178790715626,38.22,42.764178790715626,38.22,27.312045690228786,0.9446056903360577,6.971493320800923,34.28353901102971,-4.5441787907156295,3.93646098897029,14.507527410150786,0.0,0.0,360.49273758034803
11.0,22.13636783841299,38.22,22.13636783841299,38.22,19.452935875998154,0.0,13.62473502743684,33.07767090343499,16.083632161587012,5.142329096565005,2.6834319624148346,0.0,0.0,346.13100584602233
12.0,1.0474202934842998e-14,38.22,1.0474202934842998e-14,38.22,1.0474202934842998e-14,0.0,28.638563954224235,28.638563954224246,38.21999999999999,9.581436045775751,0.0,0.0,0.0,315.9433088421068
13.0,0.0,38.22,0.0,38.22,0.0,0.0,27.44501951258742,27.44501951258742,38.22,10.774980487412577,0.0,0.0,0.0,287.01371814626
14.0,0.0,38.22,0.0,38.22,0.0,0.0,25.896211100167324,25.896211100167324,38.22,12.323788899832676,0.0,0.0,0.0,259.7167148645721
15.0,0.0,38.22,0.0,38.22,0.0,0.0,23.105564896329565,23.105564896329565,38.22,15.114435103670434,0.0,0.0,0.0,235.36131096549423
16.0,0.0,38.22,0.0,38.22,0.0,0.0,22.86,22.86,38.22,15.36,0.0,0.0,0.0,211.2647551950112
17.0,0.0,38.22,0.0,38.22,0.0,0.0,21.804124000787397,21.804124000787397,38.22,16.415875999212602,0.0,0.0,0.0,188.2811904526008
18.0,0.0,106.67077730022454,0.0,106.67077730022454,0.0,0.0,64.35031067534449,64.35031067534449,106.67077730022454,42.320466624880055,0.0,0.0,0.0,120.45000716142192
19.0,0.0,108.86583327053198,0.0,108.86583327053198,0.0,0.0,49.745007477110136,49.745007477110136,108.86583327053198,59.12082579342185,0.0,0.0,0.0,68.01416521149713
20.0,0.0,105.08368260745394,0.0,105.08368260745394,0.0,0.0,43.42553724005957,43.42553724005957,105.08368260745394,61.65814536739438,0.0,0.0,0.0,22.239629779813665
21.0,0.0,113.6003056933209,0.0,113.6003056933209,0.0,0.0,17.01469046483504,17.01469046483504,113.6003056933209,96.58561522848586,0.0,0.0,0.0,4.3045712626044
22.0,0.0,38.22,0.0,38.22,0.0,0.0,1.9618650986755346,1.9618650986755346,38.22,36.25813490132447,0.0,0.0,0.0,2.236583871335841
23.0,0.0,38.22,0.0,38.22,0.0,0.0,0.7463222266916872,0.7463222266916872,38.22,37.47367777330831,0.0,0.0,0.0,1.4498911697510928
24.0,0.0,38.22,0.0,38.22,0.0,0.0,0.5,0.5,38.22,37.72,0.0,0.0,0.0,0.9228448930563629
25.0,19.555274786398282,38.22,19.555274786398282,38.22,18.111203277765554,1.4440715086327272,0.0,18.111203277765554,18.664725213601717,20.108796722234445,0.0,0.0,0.0,2.292811414486839
26.0,37.77788991272308,38.22,37.77788991272308,38.22,26.025094095734573,11.752795816988513,0.0,26.025094095734573,0.44211008727691475,12.194905904265427,0.0,0.0,0.0,13.442492511461785
27.0,52.56124517881471,38.22,52.56124517881471,38.22,30.490471576686563,22.070773602128146,0.0,30.490471576686563,-14.34124517881471,7.729528423313435,0.0,0.0,0.0,34.38066680285493
28.0,61.80413030771942,38.22,61.80413030771942,38.22,32.48573878503771,29.318391522681708,0.0,32.48573878503771,-23.584130307719416,5.734261214962289,0.0,0.0,0.0,62.19453516612884
29.0,67.34643190049894,38.22,67.34643190049894,38.22,33.55562311112321,32.685138921432205,0.0,33.55562311112321,-29.12643190049894,4.664376888876792,1.1056698679435244,0.0,0.0,93.20238055535235
30.0,69.15773789563498,38.22,69.15773789563498,38.22,33.89764766117936,31.76009023445562,0.0,33.89764766117936,-30.937737895634985,4.322352338820638,3.5,0.0,0.0,123.33264770535763
31.0,67.34643190049894,38.22,67.34643190049894,38.22,33.55562311112321,29.483113165087747,0.0,33.55562311112321,-29.126431900498943,4.664376888876791,4.307695624287986,0.0,0.0,151.3027847396096
32.0,61.804130307719426,38.22,61.804130307719426,38.22,32.48573878503771,20.91618963558947,0.06711908378107234,32.55285786881878,-23.584130307719423,5.667142131181215,8.402201887092243,0.0,0.0,171.07487477934663
33.0,52.56124517881471,38.22,52.56124517881471,38.22,30.490471576686563,14.473704818757726,0.35970316918133227,30.850174745867896,-14.34124517881471,7.369825254132103,7.597068783370419,0.0,0.0,184.4266763697507
34.0,37.77788991272311,38.22,37.77788991272311,38.22,26.02509409573458,3.570786545699786,2.197948104720886,28.223042200455467,0.4421100872768855,9.996957799544532,8.182009271288747,0.0,0.0,185.4973811966368
35.0,19.555274786398304,38.22,19.555274786398304,38.22,18.111203277765572,0.0,6.845898203703723,24.957101481469294,18.664725213601695,13.262898518530706,1.444071508632733,0.0,0.0,178.28117087885045
36.0,9.252914392031483e-15,38.22,9.252914392031483e-15,38.22,9.252914392031483e-15,0.0,20.824369943608243,20.824369943608254,38.21999999999999,17.395630056391745,0.0,0.0,0.0,156.3303575922657
37.0,0.0,38.22,0.0,38.22,0.0,0.0,16.022725453734957,16.022725453734957,38.22,22.197274546265042,0.0,0.0,0.0,139.44092200647995
38.0,0.0,38.22,0.0,38.22,0.0,0.0,13.874312848539672,13.874312848539672,38.22,24.34568715146033,0.0,0.0,0.0,124.81611214943858
39.0,0.0,38.22,0.0,38.22,0.0,0.0,13.525642196006944,13.525642196006944,38.22,24.694357803993057,0.0,0.0,0.0,110.5588334308174
40.0,0.0,38.22,0.0,38.22,0.0,0.0,12.914705730263112,12.914705730263112,38.22,25.305294269736887,0.0,0.0,0.0,96.94553829133088
41.0,0.0,38.22,0.0,38.22,0.0,0.0,12.54748334686599,12.54748334686599,38.22,25.67251665313401,0.0,0.0,0.0,83.71932953162118
42.0,0.0,106.43124461652627,0.0,106.43124461652627,0.0,0.0,33.082201660794034,33.082201660794034,106.43124461652627,73.34904295573223,0.0,0.0,0.0,48.847627111249764
43.0,0.0,105.25534251684648,0.0,105.25534251684648,0.0,0.0,24.615508422502575,24.615508422502575,105.25534251684648,80.63983409434391,0.0,0.0,0.0,22.900602985194272
44.0,0.0,113.62531449651588,0.0,113.62531449651588,0.0,0.0,16.259734036172244,16.259734036172244,113.62531449651588,97.36558046034364,0.0,0.0,0.0,5.761338417571963
45.0,0.0,107.908667797346,0.0,107.908667797346,0.0,0.0,3.4357351726559484,3.4357351726559484,107.908667797346,104.47293262469005,0.0,0.0,0.0,2.139755556657077
46.0,0.0,38.22,0.0,38.22,0.0,0.0,1.2516689879775857,1.2516689879775857,38.22,36.96833101202241,0.0,0.0,0.0,0.8203805971213824
47.0,0.0,38.22,0.0,38.22,0.0,0.0,0.5,0.5,38.22,37.72,0.0,0.0,0.0,0.29333432042665253
48.0,0.0,38.22,0.0,38.22,0.0,0.0,0.2782813705337629,0.2782813705337629,38.22,37.94171862946624,0.0,0.0,0.0,0.0
49.0,17.647407127218155,38.22,17.647407127218155,38.22,16.045717371324457,1.6016897558936993,0.0,16.045717371324457,20.572592872781843,22.17428262867554,0.0,0.0,0.0,1.519496320074957
50.0,34.09217262243558,38.22,34.09217262243558,38.22,27.01491314205428,7.077259480381299,0.0,27.01491314205428,4.127827377564422,11.20508685794572,0.0,0.0,0.0,8.233574185082352
51.0,48.21361289341313,38.22,48.21361289341313,38.22,32.332213225498315,15.881399667914817,0.0,32.332213225498315,-9.993612893413133,5.887786774501685,0.0,0.0,0.0,23.299992799698117
52.0,59.04937512246712,38.22,59.04937512246712,38.22,34.54837560855479,24.50099951391233,0.0,34.54837560855479,-20.82937512246712,3.6716243914452096,0.0,0.0,0.0,46.5436818240905
53.0,65.86102002063129,38.22,65.86102002063129,38.22,35.72853923351063,30.132480787120652,0.0,35.72853923351063,-27.64102002063128,2.491460766489369,0.0,0.0,0.0,75.12986307565986
54.0,68.18434524487117,38.22,68.18434524487117,38.22,36.07666360389594,26.57152365592828,0.0,36.07666360389594,-29.96434524487117,2.1433363961040652,5.53615798504695,0.0,0.0,100.33782377179315
55.0,65.86102002063129,38.22,65.86102002063129,38.22,35.72853923351063,22.909898032641852,0.0,35.72853923351063,-27.641020020631288,2.491460766489369,7.222582754478806,0.0,0.0,122.0720613954008
56.0,59.049375122467126,38.22,59.049375122467126,38.22,34.54837560855479,16.8350748872494,0.15951461433896424,34.70789022289376,-20.829375122467127,3.5121097771062435,7.665924626662933,0.0,0.0,137.87507259523244
57.0,47.495015104664574,38.22,47.495015104664574,38.22,31.832213225498315,7.2043815730391545,0.8689835021302197,32.701196727628535,-9.275015104664572,5.518803272371465,8.458420306127103,0.0,0.0,143.79376002774382
58.0,33.58404725306584,38.22,33.58404725306584,38.22,26.514913142054294,1.3657224819520408,3.330782759786615,29.84569590184091,4.635952746934161,8.37430409815909,5.703411629059503,0.0,0.0,141.57844483209476
59.0,17.38438208143288,38.22,17.38438208143288,38.22,15.782692325539175,0.0,10.506376169422138,26.289068494961313,20.83561791856712,11.930931505038687,1.6016897558937042,0.0,0.0,130.5037519487984
60.0,8.225719194176103e-15,38.22,8.225719194176103e-15,38.22,8.225719194176103e-15,0.0,20.904582836658506,20.904582836658513,38.21999999999999,17.315417163341486,0.0,0.0,0.0,108.46838684896356
61.0,0.0,38.22,0.0,38.22,0.0,0.0,17.238912857350996,17.238912857350996,38.22,20.981087142649002,0.0,0.0,0.0,90.29697717750005
62.0,0.0,38.22,0.0,38.22,0.0,0.0,13.409844519824235,13.409844519824235,38.22,24.810155480175762,0.0,0.0,0.0,76.16175992704288
63.0,0.0,38.22,0.0,38.22,0.0,0.0,8.737836441773485,8.737836441773485,38.22,29.482163558226514,0.0,0.0,0.0,66.95127160103439
64.0,0.0,38.22,0.0,38.22,0.0,0.0,6.208973834469929,6.208973834469929,38.22,32.01102616553007,0.0,0.0,0.0,60.406438517929644
65.0,0.0,38.22,0.0,38.22,0.0,0.0,5.7360063417744,5.7360063417744,38.22,32.4839936582256,0.0,0.0,0.0,54.36015694687053
66.0,0.0,116.5317057131526,0.0,116.5317057131526,0.0,0.0,21.407797311350542,21.407797311350542,116.5317057131526,95.12390840180207,0.0,0.0,0.0,31.794357216505027
67.0,0.0,106.19302593838525,0.0,106.19302593838525,0.0,0.0,14.527204031749534,14.527204031749534,106.19302593838525,91.66582190663571,0.0,0.0,0.0,16.481339625068507
68.0,0.0,118.51428648695376,0.0,118.51428648695376,0.0,0.0,10.728571283546978,10.728571283546978,118.51428648695376,107.7857152034068,0.0,0.0,0.0,5.172432526573637
69.0,0.0,114.432069926046,0.0,114.432069926046,0.0,0.0,3.93104752636226,3.93104752636226,114.432069926046,110.50102239968373,0.0,0.0,0.0,1.0287446020151225
70.0,0.0,38.22,0.0,38.22,0.0,0.0,0.27999999999999997,0.27999999999999997,38.22,37.94,0.0,0.0,0.0,0.7335986870660738
71.0,0.0,38.22,0.0,38.22,0.0,0.0,0.27999999999999997,0.27999999999999997,38.22,37.94,0.0,0.0,0.0,0.43845277211702505
72.0,0.0,38.22,0.0,38.22,0.0,0.0,0.27999999999999997,0.27999999999999997,38.22,37.94,0.0,0.0,0.0,0.1433068571679763
73.0,17.2525965086753,38.22,17.2525965086753,38.22,16.20505182169089,1.0475446869844107,0.13595282189136967,16.34100464358226,20.9674034913247,21.87899535641774,0.0,0.0,0.0,0.9937881485036639
74.0,33.32945707654817,38.22,33.32945707654817,38.22,26.717436096433605,6.61202098011456,0.0,26.717436096433605,4.890542923451834,11.502563903566394,0.0,0.0,0.0,7.266502018697936
75.0,47.134970224186354,38.22,47.134970224186354,38.22,32.40250704331081,14.732463180875543,0.0,32.40250704331081,-8.914970224186353,5.817492956689189,0.0,0.0,0.0,21.24294377753871
76.0,56.924693930775895,38.22,56.924693930775895,38.22,34.32579878272764,22.59889514804826,0.0,34.32579878272764,-18.7046939307759,3.8942012172723612,0.0,0.0,0.0,42.682138158886886
77.0,62.86175972149404,38.22,62.86175972149404,38.22,35.24115969255455,27.62060002893949,0.0,35.24115969255455,-24.64175972149404,2.97884030744545,0.0,0.0,0.0,68.88534008847532
78.0,64.7970730550441,38.22,64.7970730550441,38.22,35.499473662520785,29.29759939252331,0.0,35.499473662520785,-26.577073055044096,2.720526337479214,0.0,0.0,0.0,96.67948330513705
79.0,62.861759721494046,38.22,62.861759721494046,38.22,35.24115969255455,24.883449407092257,0.0018586358855560922,35.24301832844011,-24.641759721494044,2.9769816715598942,2.7371506218472375,0.0,0.0,120.28403698128402
80.0,56.9246939307759,38.22,56.9246939307759,38.22,34.32579878272764,14.244434325176398,0.15196795377226124,34.4777667364999,-18.704693930775907,3.7422332635000988,8.354460822871868,0.0,0.0,133.63730562733113
81.0,46.702698559037714,38.22,46.702698559037714,38.22,31.97023537816217,8.322122142227919,0.9117480153918389,32.88198339355401,-8.482698559037713,5.338016606445992,6.410341038647624,0.0,0.0,140.57129711440697
82.0,33.02379485080679,38.22,33.02379485080679,38.22,26.411773870692212,2.610728119271537,3.760947114212322,30.172720984904537,5.196205149193213,8.047279015095464,4.001292860843035,0.0,0.0,139.08366493012792
83.0,17.094374097894715,38.22,17.094374097894715,38.22,16.0468294109103,0.0006572997666630664,9.377908468687265,25.424737879597565,21.125625902105284,12.795262120402434,1.046887387217752,0.0,0.0,129.19910501622715
84.0,8.08849693194787e-15,38.22,8.08849693194787e-15,38.22,8.08849693194787e-15,0.0,19.44238656560818,19.44238656560819,38.21999999999999,18.77761343439181,0.0,0.0,0.0,108.7050301173003
85.0,0.0,38.22,0.0,38.22,0.0,0.0,15.203058828369667,15.203058828369667,38.22,23.016941171630332,0.0,0.0,0.0,92.67959901757395
86.0,0.0,38.22,0.0,38.22,0.0,0.0,11.631846250441047,11.631846250441047,38.22,26.588153749558952,0.0,0.0,0.0,80.41855650281293
87.0,0.0,38.22,0.0,38.22,0.0,0.0,9.879999999999999,9.879999999999999,38.22,28.34,0.0,0.0,0.0,70.00412207532507
88.0,0.0,38.22,0.0,38.22,0.0,0.0,9.352739019035225,9.352739019035225,38.22,28.867260980964772,0.0,0.0,0.0,60.145469521565005
89.0,0.0,38.22,0.0,38.22,0.0,0.0,7.840047090388968,7.840047090388968,38.22,30.37995290961103,0.0,0.0,0.0,51.88133426536329
90.0,0.0,114.20437251863221,0.0,114.20437251863221,0.0,0.0,19.37402714258596,19.37402714258596,114.20437251863221,94.83034537604625,0.0,0.0,0.0,31.45931652519816
91.0,0.0,117.88274116464073,0.0,117.88274116464073,0.0,0.0,10.44958405376562,10.44958405376562,117.88274116464073,107.43315711087511,0.0,0.0,0.0,20.444487788106578
92.0,0.0,111.75335001010292,0.0,111.75335001010292,0.0,0.0,8.59438175204469,8.59438175204469,111.75335001010292,103.15896825805824,0.0,0.0,0.0,11.385213982290011
93.0,0.0,121.3356779120386,0.0,121.3356779120386,0.0,0.0,8.910924278981948,8.910924278981948,121.3356779120386,112.42475363305665,0.0,0.0,0.0,1.9922750559977982
94.0,0.0,38.22,0.0,38.22,0.0,0.0,1.3695719191635343,1.3695719191635343,38.22,36.850428080836465,0.0,0.0,0.0,0.5486194946762055
95.0,0.0,38.22,0.0,38.22,0.0,0.0,0.46222575864666876,0.46222575864666876,38.22,37.75777424135333,0.0,0.0,0.0,0.06139076450195824
96.0,0.0,38.22,0.0,38.22,0.0,0.0,0.05824039293756015,0.05824039293756015,38.22,38.16175960706244,0.0,0.0,0.0,0.0
97.0,21.85355355694602,38.22,21.85355355694602,38.22,19.953332100500834,1.9002214564451876,0.0,19.953332100500834,16.366446443053977,18.266667899499165,0.0,0.0,0.0,1.8027083583267713
98.0,42.217823553690984,38.22,42.217823553690984,38.22,29.366526642732836,12.851296910958146,0.0,29.366526642732836,-3.997823553690984,8.853473357267163,0.0,0.0,0.0,13.994519096040925
99.0,59.00781598207013,38.22,59.00781598207013,38.22,33.23503588832008,25.772780093750047,0.0,33.23503588832008,-20.787815982070125,4.984964111679922,0.0,0.0,0.0,38.44472511531035
100.0,70.61601176129034,38.22,70.61601176129034,38.22,35.16633165323133,35.449680108059,0.0,35.16633165323133,-32.39601176129034,3.0536683467686654,0.0,0.0,0.0,72.07524455505946
101.0,77.17125847441041,38.22,77.17125847441041,38.22,35.85457826857995,41.30097965296682,0.0,35.85457826857995,-38.95125847441041,2.3654217314200525,0.015700552863646244,0.0,0.0,111.25679414495318
102.0,79.1880421026252,38.22,79.1880421026252,38.22,36.08932637213539,40.392418542430974,0.0,36.08932637213539,-40.968042102625205,2.130673627864608,2.7062971880588407,0.0,0.0,149.57640698402332
103.0,77.17125847441042,38.22,77.17125847441042,38.22,35.85457826857995,34.824609505583005,0.0,35.85457826857995,-38.951258474410416,2.3654217314200525,6.4920707002474645,0.0,0.0,182.6139323831011
104.0,70.61601176129034,38.22,70.61601176129034,38.22,35.16633165323134,26.618150526354484,0.0,35.16633165323134,-32.396011761290346,3.0536683467686645,8.831529581704524,0.0,0.0,207.86612721244808
105.0,59.00781598207013,38.22,59.00781598207013,38.22,33.23503588832008,16.747843395028475,0.8364535072241737,34.071489395544255,-20.787815982070125,4.148510604455748,9.02493669872157,0.0,0.0,222.8728271064557
106.0,42.21782355369102,38.22,42.21782355369102,38.22,29.366526642732847,4.8060628369708445,3.2259810197107437,32.59250766244359,-3.9978235536910174,5.62749233755641,8.045234073987327,0.0,0.0,224.03177607901839
107.0,21.853553556946046,38.22,21.853553556946046,38.22,19.95333210050085,0.0,8.203550403753004,28.156882504253858,16.366446443053952,10.063117495746143,1.9002214564451938,0.0,0.0,215.38447468706724
108.0,1.034038449639908e-14,38.22,1.034038449639908e-14,38.22,1.034038449639908e-14,0.0,21.365108761953373,21.365108761953383,38.21999999999999,16.854891238046616,0.0,0.0,0.0,192.8636726387363
109.0,0.0,38.22,0.0,38.22,0.0,0.0,20.77442732452194,20.77442732452194,38.22,17.445572675478058,0.0,0.0,0.0,170.9655034950272
110.0,0.0,38.22,0.0,38.22,0.0,0.0,19.814061343387994,19.814061343387994,38.22,18.405938656612005,0.0,0.0,0.0,150.07964898055997
111.0,0.0,38.22,0.0,38.22,0.0,0.0,19.174541309560084,19.174541309560084,38.22,19.045458690439915,0.0,0.0,0.0,129.8679077714941
112.0,0.0,38.22,0.0,38.22,0.0,0.0,18.78591268177939,18.78591268177939,38.22,19.43408731822061,0.0,0.0,0.0,110.06581710500583
113.0,0.0,38.22,0.0,38.22,0.0,0.0,16.711304785131244,16.711304785131244,38.22,21.508695214868755,0.0,0.0,0.0,92.45055517357734
114.0,0.0,114.00457499382175,0.0,114.00457499382175,0.0,0.0,37.76431935243371,37.76431935243371,114.00457499382175,76.24025564138805,0.0,0.0,0.0,52.6434673603555
115.0,0.0,113.7654674977965,0.0,113.7654674977965,0.0,0.0,24.75377126204952,24.75377126204952,113.7654674977965,89.01169623574697,0.0,0.0,0.0,26.550701404723092
116.0,0.0,112.44619659411353,0.0,112.44619659411353,0.0,0.0,13.668194555814802,13.668194555814802,112.44619659411353,98.77800203829872,0.0,0.0,0.0,12.143159305160353
117.0,0.0,112.97480012543654,0.0,112.97480012543654,0.0,0.0,9.711723059723887,9.711723059723887,112.97480012543654,103.26307706571265,0.0,0.0,0.0,1.9061043473247032
118.0,0.0,38.22,0.0,38.22,0.0,0.0,1.12,1.12,38.22,37.1,0.0,0.0,0.0,0.7255206875285083
119.0,0.0,38.22,0.0,38.22,0.0,0.0,0.44323259497855344,0.44323259497855344,38.22,37.776767405021445,0.0,0.0,0.0,0.2583125097421286
120.0,0.0,38.22,0.0,38.22,0.0,0.0,0.24505676366986803,0.24505676366986803,38.22,37.974943236330134,0.0,0.0,0.0,0.0
121.0,21.682707633960224,38.22,21.682707633960224,38.22,19.43963478404766,2.2430728499125663,0.0,19.43963478404766,16.537292366039775,18.78036521595234,0.0,0.0,0.0,2.1279657490226183
122.0,41.88777457503463,38.22,41.88777457503463,38.22,28.2578086606502,13.629965914384435,0.0,28.2578086606502,-3.6677745750346356,9.9621913393498,0.0,0.0,0.0,15.05848676499693
123.0,58.99075197562941,38.22,58.99075197562941,38.22,32.80243956405713,26.188312411572284,0.0,32.80243956405713,-20.770751975629413,5.417560435942869,0.0,0.0,0.0,39.902901353984525
124.0,70.47106529297426,38.22,70.47106529297426,38.22,34.898406286812666,35.572659006161594,0.0,34.898406286812666,-32.25106529297426,3.3215937131873314,0.0,0.0,0.0,73.65008882037621
125.0,77.21599921932113,38.22,77.21599921932113,38.22,35.701920056716,41.514079162605135,0.0,35.701920056716,-38.995999219321135,2.518079943284001,0.0,0.0,0.0,113.03380235588656
126.0,79.44860676159928,38.22,79.44860676159928,38.22,35.91974320248089,38.849530579815685,0.0,35.91974320248089,-41.22860676159928,2.30025679751911,4.679332979302703,0.0,0.0,149.8897031540604
127.0,77.21599921932113,38.22,77.21599921932113,38.22,35.701920056716,29.63963218822487,0.004671042024550864,35.70659109874055,-38.99599921932114,2.51340890125945,11.874446974380273,0.0,0.0,178.00340346077508
128.0,68.66795164838835,38.22,68.66795164838835,38.22,34.05840628681267,22.104413877335652,0.9499763462037704,35.00838263301644,-30.44795164838835,3.2116173669835595,12.50513148424003,0.0,0.0,197.97212872696988
129.0,57.51851584980088,38.22,57.51851584980088,38.22,31.96243956405713,13.435561813908603,1.7092602591242823,33.67169982318141,-19.29851584980088,4.548300176818587,12.120514471835145,0.0,0.0,208.9165033088028
130.0,40.8467464269535,38.22,40.8467464269535,38.22,27.41780866065021,4.079225265550096,3.7338090464920386,31.151617707142247,-2.6267464269535,7.068382292857751,9.349712500753194,0.0,0.0,208.8506158755304
131.0,21.143831811537822,38.22,21.143831811537822,38.22,18.900758961625247,0.09488498371235426,8.144374593289333,27.045133554914578,17.076168188462177,11.174866445085419,2.1481878662002205,0.0,0.0,200.3557070640135
132.0,1.0004567453470432e-14,38.22,1.0004567453470432e-14,38.22,1.0004567453470432e-14,0.0,21.569256436807976,21.569256436807986,38.21999999999999,16.650743563192016,0.0,0.0,0.0,177.61971447182654
133.0,0.0,38.22,0.0,38.22,0.0,0.0,18.51982008796414,18.51982008796414,38.22,19.70017991203586,0.0,0.0,0.0,158.09811002699104
134.0,0.0,38.22,0.0,38.22,0.0,0.0,15.64263245323759,15.64263245323759,38.22,22.57736754676241,0.0,0.0,0.0,141.609327642625
135.0,0.0,38.22,0.0,38.22,0.0,0.0,14.449310110430652,14.449310110430652,38.22,23.770689889569347,0.0,0.0,0.0,126.37841745360502
136.0,0.0,38.22,0.0,38.22,0.0,0.0,13.297390110358991,13.297390110358991,38.22,24.92260988964101,0.0,0.0,0.0,112.36173755876096
137.0,0.0,38.22,0.0,38.22,0.0,0.0,13.1,13.1,38.22,25.12,0.0,0.0,0.0,98.55312510935904
138.0,0.0,114.5912732949903,0.0,114.5912732949903,0.0,0.0,37.779355107401095,37.779355107401095,114.5912732949903,76.8119181875892,0.0,0.0,0.0,58.73018821879149
139.0,0.0,127.70646759589694,0.0,127.70646759589694,0.0,0.0,32.02405944624785,32.02405944624785,127.70646759589694,95.68240814964909,0.0,0.0,0.0,24.973865627200244
140.0,0.0,112.56930042023083,0.0,112.56930042023083,0.0,0.0,18.905565141768115,18.905565141768115,112.56930042023083,93.66373527846271,0.0,0.0,0.0,5.045650193643128
141.0,0.0,110.16278336047644,0.0,110.16278336047644,0.0,0.0,3.8930545864067323,3.8930545864067323,110.16278336047644,106.2697287740697,0.0,0.0,0.0,0.9420103441731089
142.0,0.0,38.22,0.0,38.22,0.0,0.0,0.5,0.5,38.22,37.72,0.0,0.0,0.0,0.414964067478379
143.0,0.0,38.22,0.0,38.22,0.0,0.0,0.3936694801078445,0.3936694801078445,38.22,37.82633051989215,0.0,0.0,0.0,0.0
144.0,0.0,38.22,0.0,38.22,0.0,0.0,0.0,0.0,38.22,38.22,0.0,0.0,0.0,0.0
145.0,17.088527708705605,38.22,17.088527708705605,38.22,15.543055876315396,1.54547183239021,0.0,15.543055876315396,21.131472291294394,22.676944123684603,0.0,0.0,0.0,1.466163314996115
146.0,33.0125004941902,38.22,33.0125004941902,38.22,24.954966349171286,8.057534145018913,0.0,24.954966349171286,5.207499505809799,13.26503365082871,0.0,0.0,0.0,9.110211381847284
147.0,46.686725926732294,38.22,46.686725926732294,38.22,30.461380762305797,16.2253451644265,0.0,30.461380762305797,-8.466725926732295,7.758619237694203,0.0,0.0,0.0,24.50292534444337
148.0,57.17932814083011,38.22,57.17932814083011,38.22,33.1491419321632,24.03018620866691,0.0,33.1491419321632,-18.959328140830106,5.070858067836804,0.0,0.0,0.0,47.29996164964946
149.0,63.54777018378223,38.22,63.54777018378223,38.22,34.34899839651085,28.033649437471027,0.0,34.34899839651085,-25.327770183782228,3.8710016034891472,1.1651223498003458,0.0,0.0,73.89501665438141
150.0,65.6483880678035,38.22,65.6483880678035,38.22,34.7422924753379,26.97318791008482,0.0,34.7422924753379,-27.428388067803496,3.477707524662103,3.9329076823807796,0.0,0.0,99.48402951985692
151.0,63.54777018378223,38.22,63.54777018378223,38.22,34.34899839651085,22.78224020623767,0.0,34.34899839651085,-25.32777018378223,3.8710016034891472,6.416531581033706,0.0,0.0,121.09716029568949
152.0,57.17932814083011,38.22,57.17932814083011,38.22,33.1491419321632,15.535995879326832,0.04677656938939284,33.19591850155259,-18.959328140830113,5.0240814984474085,8.494190329340082,0.0,0.0,135.786593271522
153.0,46.686725926732294,38.22,46.686725926732294,38.22,30.461380762305797,7.7254101612648425,0.7930845344874164,31.254465296793214,-8.466725926732295,6.965534703206786,8.499935003161657,0.0,0.0,142.27957636009214
154.0,33.01250049419023,38.22,33.01250049419023,38.22,24.9549663491713,2.1631261530809356,3.5214098815287715,28.476376230700073,5.207499505809773,9.743623769299928,5.894407991937991,0.0,0.0,140.61980607954476
155.0,17.088527708705627,38.22,17.088527708705627,38.22,15.54305587631541,0.0517653352554065,7.965758377861764,23.508814254177175,21.131472291294376,14.711185745822824,1.493706497134808,0.0,0.0,132.27226840031574
156.0,8.085730612412091e-15,38.22,8.085730612412091e-15,38.22,8.085730612412091e-15,0.0,14.540687622575739,14.540687622575746,38.21999999999999,23.679312377424253,0.0,0.0,0.0,116.94503785619638
157.0,0.0,38.22,0.0,38.22,0.0,0.0,12.059999999999999,12.059999999999999,38.22,26.16,0.0,0.0,0.0,104.2326816623195
158.0,0.0,38.22,0.0,38.22,0.0,0.0,11.31783887692152,11.31783887692152,38.22,26.90216112307848,0.0,0.0,0.0,92.3026319816948
159.0,0.0,38.22,0.0,38.22,0.0,0.0,10.93411845208959,10.93411845208959,38.22,27.285881547910407,0.0,0.0,0.0,80.77705914346888
160.0,0.0,38.22,0.0,38.22,0.0,0.0,9.461986886543691,9.461986886543691,38.22,28.758013113456308,0.0,0.0,0.0,70.80324922609445
161.0,0.0,38.22,0.0,38.22,0.0,0.0,7.020220619030928,7.020220619030928,38.22,31.199779380969073,0.0,0.0,0.0,63.40328694842281
162.0,0.0,113.79467165784202,0.0,113.79467165784202,0.0,0.0,22.25970856739302,22.25970856739302,113.79467165784202,91.534963090449,0.0,0.0,0.0,39.939493906914265
163.0,0.0,99.25132557235601,0.0,99.25132557235601,0.0,0.0,16.932211117958662,16.932211117958662,99.25132557235601,82.31911445439735,0.0,0.0,0.0,22.09137625505582
164.0,0.0,114.32108000018265,0.0,114.32108000018265,0.0,0.0,14.9010084924607,14.9010084924607,114.32108000018265,99.42007150772196,0.0,0.0,0.0,6.3843341651598955
165.0,0.0,117.74704948858783,0.0,117.74704948858783,0.0,0.0,4.951786923242946,4.951786923242946,117.74704948858783,112.79526256534488,0.0,0.0,0.0,1.1646924433982004
166.0,0.0,38.22,0.0,38.22,0.0,0.0,0.8400000000000002,0.8400000000000002,38.22,37.38,0.0,0.0,0.0,0.279254698551054
167.0,0.0,38.22,0.0,38.22,0.0,0.0,0.26492426841751593,0.26492426841751593,38.22,37.95507573158248,0.0,0.0,0.0,0.0
168.0,0.0,38.22,0.0,38.22,0.0,0.0,0.0,0.0,38.22,38.22,0.0,0.0,0.0,0.0
169.0,18.00656338478102,38.22,18.00656338478102,38.22,16.510476406932714,1.496086977848306,0.0,16.510476406932714,20.213436615218978,21.709523593067285,0.0,0.0,0.0,1.4193127283155569
170.0,34.78600923214218,38.22,34.78600923214218,38.22,26.404998000959285,8.381011231182892,0.0,26.404998000959285,3.433990767857824,11.815001999040716,0.0,0.0,0.0,9.37023810411254
171.0,49.19484603693117,38.22,49.19484603693117,38.22,31.451405326357094,17.743440710574077,0.0,31.451405326357094,-10.97484603693117,6.768594673642906,0.0,0.0,0.0,26.20314395618371
172.0,60.25113538263028,38.22,60.25113538263028,38.22,34.072149899484934,26.178985483145354,0.0,34.072149899484934,-22.031135382630286,4.147850100515067,0.0,0.0,0.0,51.03871024395056
173.0,67.12614794646173,38.22,67.12614794646173,38.22,35.1577559389004,30.807619719317067,0.0,35.1577559389004,-28.906147946461726,3.0622440610995953,1.160772288244253,0.0,0.0,80.26538452435832
174.0,69.28854265108518,38.22,69.28854265108518,38.22,35.42648127172104,26.862061379364143,0.0,35.42648127172104,-31.06854265108518,2.7935187282789626,7.0,0.0,0.0,105.74897350616882
175.0,67.12614794646173,38.22,67.12614794646173,38.22,35.1577559389004,25.04243026340185,0.0,35.1577559389004,-28.90614794646173,3.0622440610995953,6.925961744159473,0.0,0.0,129.5063088396529
176.0,60.251135382630295,38.22,60.251135382630295,38.22,34.072149899484934,18.123239641057502,0.265260828681659,34.337410728166596,-22.031135382630293,3.8825892718334067,8.055745842087855,0.0,0.0,146.4199141294719
177.0,49.19484603693117,38.22,49.19484603693117,38.22,31.451405326357094,11.09231778555648,1.0389149441944372,32.49032027055153,-10.97484603693117,5.72967972944847,6.651122925017598,0.0,0.0,155.8478982430176
178.0,34.786009232142206,38.22,34.786009232142206,38.22,26.404998000959296,4.216880631014407,2.5570001045359207,28.96199810549522,3.433990767857797,9.258001894504782,4.164130600168499,0.0,0.0,157.15306769832628
179.0,18.00656338478104,38.22,18.00656338478104,38.22,16.510476406932728,0.22812028063543893,7.868160804586271,24.378637211519,20.21343661521896,13.841362788481,1.2679666972128727,0.0,0.0,149.07571188552652
180.0,8.52011497225064e-15,38.22,8.52011497225064e-15,38.22,8.52011497225064e-15,0.0,17.98172279958018,17.981722799580186,38.21999999999999,20.238277200419812,0.0,0.0,0.0,130.12131178537555
181.0,0.0,38.22,0.0,38.22,0.0,0.0,15.914989928219008,15.914989928219008,38.22,22.30501007178099,0.0,0.0,0.0,113.34543941477166
182.0,0.0,38.22,0.0,38.22,0.0,0.0,14.01894097590445,14.01894097590445,38.22,24.20105902409555,0.0,0.0,0.0,98.56817812566442
183.0,0.0,38.22,0.0,38.22,0.0,0.0,11.615971050168815,11.615971050168815,38.22,26.604028949831186,0.0,0.0,0.0,86.32386954129393
184.0,0.0,38.22,0.0,38.22,0.0,0.0,9.209849317355188,9.209849317355188,38.22,29.010150682644813,0.0,0.0,0.0,76.61583595803083
185.0,0.0,38.22,0.0,38.22,0.0,0.0,7.866466037127039,7.866466037127039,38.22,30.35353396287296,0.0,0.0,0.0,68.32385268680413
186.0,0.0,119.040847923541,0.0,119.040847923541,0.0,0.0,31.394538554550536,31.394538554550536,119.040847923541,87.64630936899046,0.0,0.0,0.0,35.23110337935411
187.0,0.0,109.87793315638402,0.0,109.87793315638402,0.0,0.0,15.817156700525429,15.817156700525429,109.87793315638402,94.0607764558586,0.0,0.0,0.0,18.558356285536057
188.0,0.0,111.53172676643,0.0,111.53172676643,0.0,0.0,12.93747082772926,12.93747082772926,111.53172676643,98.59425593870074,0.0,0.0,0.0,4.9210646263332745
189.0,0.0,108.616804680879,0.0,108.616804680879,0.0,0.0,3.957887594557144,3.957887594557144,108.616804680879,104.65891708632185,0.0,0.0,0.0,0.7490847857580671
190.0,0.0,38.22,0.0,38.22,0.0,0.0,0.5,0.5,38.22,37.72,0.0,0.0,0.0,0.22203850906333722
191.0,0.0,38.22,0.0,38.22,0.0,0.0,0.21064422507242564,0.21064422507242564,38.22,38.00935577492758,0.0,0.0,0.0,0.0
192.0,0.0,38.22,0.0,38.22,0.0,0.0,0.0,0.0,38.22,38.22,0.0,0.0,0.0,0.0
193.0,17.467176817857688,38.22,17.467176817857688,38.22,15.704672722035816,1.7625040958218716,0.0,15.704672722035816,20.75282318214231,22.515327277964182,0.0,0.0,0.0,1.6720581984518321
194.0,33.74399440145289,38.22,33.74399440145289,38.22,23.81780635127897,9.92618805017392,0.0,23.81780635127897,4.476005598547109,14.40219364872103,0.0,0.0,0.0,11.088867014960424
195.0,47.590844074290224,38.22,47.590844074290224,38.22,28.867071006253745,18.72377306803648,0.0,28.867071006253745,-9.370844074290225,9.352928993746254,0.0,0.0,0.0,28.85179780109466
196.0,57.38766271961739,38.22,57.38766271961739,38.22,31.99350011202754,25.39416260758985,0.0,31.99350011202754,-19.167662719617386,6.22649988797246,0.0,0.0,0.0,52.942815734894026
197.0,63.5462003778868,38.22,63.5462003778868,38.22,33.4675562147146,29.483862195323354,0.0,33.4675562147146,-25.3262003778868,4.752443785285398,0.5947819678488422,0.0,0.0,80.91366336162025
198.0,65.51207039398231,38.22,65.51207039398231,38.22,33.90030874093571,27.69604982037529,0.0,33.90030874093571,-27.292070393982314,4.319691259064291,3.915711832671313,0.0,0.0,107.18844324818522
199.0,63.546200377886805,38.22,63.546200377886805,38.22,33.4675562147146,21.92646493574468,0.0,33.4675562147146,-25.326200377886806,4.752443785285398,8.152179227427522,0.0,0.0,127.98971431801644
200.0,57.38766271961739,38.22,57.38766271961739,38.22,31.99350011202754,13.959950463206253,0.19720866570878548,32.190708777736326,-19.167662719617393,6.029291222263672,11.434212144383597,0.0,0.0,141.02540997808524
201.0,47.590844074290224,38.22,47.590844074290224,38.22,28.867071006253745,9.868556904514346,0.8631914727856813,29.73026247903943,-9.370844074290225,8.489737520960572,8.855216163522133,0.0,0.0,149.47766138564643
202.0,33.743994401452916,38.22,33.743994401452916,38.22,23.817806351278982,2.7233597394392977,1.7931773449086728,25.610983696187652,4.476005598547084,12.609016303812345,7.202828310734637,0.0,0.0,150.17109239886076
203.0,17.46717681785771,38.22,17.46717681785771,38.22,15.704672722035829,0.042600279435683064,4.250246905970718,19.954919628006547,20.752823182142293,18.265080371993452,1.7199038163861966,0.0,0.0,145.73135295880334
204.0,8.264894946837098e-15,38.22,8.264894946837098e-15,38.22,8.264894946837098e-15,0.0,14.29794699870999,14.297946998709998,38.21999999999999,23.92205300129,0.0,0.0,0.0,130.65999349870597
205.0,0.0,38.22,0.0,38.22,0.0,0.0,11.893500524674913,11.893500524674913,38.22,26.326499475325086,0.0,0.0,0.0,118.12314316191251
206.0,0.0,38.22,0.0,38.22,0.0,0.0,11.262223012159184,11.262223012159184,38.22,26.957776987840816,0.0,0.0,0.0,106.25171775018411
207.0,0.0,38.22,0.0,38.22,0.0,0.0,10.783752132619506,10.783752132619506,38.22,27.436247867380494,0.0,0.0,0.0,94.88464492959218
208.0,0.0,38.22,0.0,38.22,0.0,0.0,9.870703478890134,9.870703478890134,38.22,28.349296521109867,0.0,0.0,0.0,84.48000989577866
209.0,0.0,38.22,0.0,38.22,0.0,0.0,9.04,9.04,38.22,29.18,0.0,0.0,0.0,74.95101321313794
210.0,0.0,109.60041314428571,0.0,109.60041314428571,0.0,0.0,30.411668977137477,30.411668977137477,109.60041314428571,79.18874416714824,0.0,0.0,0.0,42.89429940819208
211.0,0.0,102.80734514343385,0.0,102.80734514343385,0.0,0.0,21.914519667482477,21.914519667482477,102.80734514343385,80.89282547595137,0.0,0.0,0.0,19.794367415591942
212.0,0.0,109.43018023525556,0.0,109.43018023525556,0.0,0.0,12.359006045812261,12.359006045812261,109.43018023525556,97.07117418944331,0.0,0.0,0.0,6.7668311754059225
213.0,0.0,100.70176098001448,0.0,100.70176098001448,0.0,0.0,5.079149785526272,5.079149785526272,100.70176098001448,95.62261119448821,0.0,0.0,0.0,1.4129372089330077
214.0,0.0,38.22,0.0,38.22,0.0,0.0,0.5,0.5,38.22,37.72,0.0,0.0,0.0,0.8858909322382778
215.0,0.0,38.22,0.0,38.22,0.0,0.0,0.5,0.5,38.22,37.72,0.0,0.0,0.0,0.35884465554354783
216.0,0.0,38.22,0.0,38.22,0.0,0.0,0.3404299313088535,0.3404299313088535,38.22,37.879570068691145,0.0,0.0,0.0,0.0
217.0,19.642829985917153,38.22,19.642829985917153,38.22,18.66112886976065,0.9817011161565024,0.0,18.66112886976065,18.57717001408285,19.55887113023935,0.0,0.0,0.0,0.9313234525752212
218.0,37.94703356960542,38.22,37.94703356960542,38.22,27.79736584104918,10.14966772855624,0.0,27.79736584104918,0.27296643039457774,10.42263415895082,0.0,0.0,0.0,10.560143707418822
219.0,53.66520952596312,38.22,53.66520952596312,38.22,31.649431625389873,22.015777900573248,0.0,31.649431625389873,-15.445209525963122,6.5705683746101275,0.0,0.0,0.0,31.44614449528227
220.0,64.94496000261422,38.22,64.94496000261422,38.22,33.31466338312289,31.630296619491336,0.0,33.31466338312289,-26.724960002614228,4.905336616877109,0.0,0.0,0.0,61.45327861057733
221.0,71.46102249882864,38.22,71.46102249882864,38.22,34.30985061183916,37.15117188698948,0.0,34.30985061183916,-33.24102249882864,3.9101493881608413,0.0,0.0,0.0,96.69797488276804
222.0,73.55858025586534,38.22,73.55858025586534,38.22,34.623274337361416,38.594708751085456,0.0,34.623274337361416,-35.33858025586533,3.5967256626385824,0.34059716741846247,0.0,0.0,133.3121304680468
223.0,71.46102249882864,38.22,71.46102249882864,38.22,34.30985061183916,32.65387548320274,0.0020635373738450476,34.311914149213,-33.24102249882865,3.908085850786996,4.49729640378675,0.0,0.0,164.288141596203
224.0,64.94496000261424,38.22,64.94496000261424,38.22,33.31466338312289,26.164540972121262,0.06955315502034459,33.384216538143235,-26.724960002614235,4.835783461856762,5.46575564737008,0.0,0.0,189.0366891548411
225.0,53.66520952596312,38.22,53.66520952596312,38.22,31.649431625389873,17.2565283563968,0.06914863021968035,31.718580255609552,-15.445209525963122,6.5014197443904465,4.759249544176449,0.0,0.0,205.3347803326982
226.0,37.94703356960545,38.22,37.94703356960545,38.22,27.79736584104919,5.947411062081317,1.7197662933401596,29.51713213438935,0.27296643039454804,8.70286786561065,4.202256666474944,0.0,0.0,209.16419703055556
227.0,19.642829985917174,38.22,19.642829985917174,38.22,18.661128869760667,0.032000807881438,8.290911332735854,26.95204020249652,18.577170014082824,11.26795979750348,0.9497003082750691,0.0,0.0,200.45516776586766
228.0,9.29434263963089e-15,38.22,9.29434263963089e-15,38.22,9.29434263963089e-15,0.0,23.90018907781476,23.90018907781477,38.21999999999999,14.319810922185232,0.0,0.0,0.0,175.262156434343
229.0,0.0,38.22,0.0,38.22,0.0,0.0,20.43107948114404,20.43107948114404,38.22,17.78892051885596,0.0,0.0,0.0,153.7259076955609
230.0,0.0,38.22,0.0,38.22,0.0,0.0,17.133473582700844,17.133473582700844,38.22,21.086526417299154,0.0,0.0,0.0,135.6656407783409
231.0,0.0,38.22,0.0,38.22,0.0,0.0,15.919529200536267,15.919529200536267,38.22,22.30047079946373,0.0,0.0,0.0,118.88498359458957
232.0,0.0,38.22,0.0,38.22,0.0,0.0,15.313560593838288,15.313560593838288,38.22,22.906439406161713,0.0,0.0,0.0,102.74307340674635
233.0,0.0,38.22,0.0,38.22,0.0,0.0,14.157393608035404,14.157393608035404,38.22,24.062606391964596,0.0,0.0,0.0,87.8198702291127
234.0,0.0,109.4248028223645,0.0,109.4248028223645,0.0,0.0,31.6700120486019,31.6700120486019,109.4248028223645,77.7547907737626,0.0,0.0,0.0,54.43674636292697
235.0,0.0,119.49659168054384,0.0,119.49659168054384,0.0,0.0,30.594154839183467,30.594154839183467,119.49659168054384,88.90243684136037,0.0,0.0,0.0,22.187675569699568
236.0,0.0,109.79953028421086,0.0,109.79953028421086,0.0,0.0,11.045581703790468,11.045581703790468,109.79953028421086,98.7539485804204,0.0,0.0,0.0,10.544610147879174
237.0,0.0,102.18118516818974,0.0,102.18118516818974,0.0,0.0,5.707250506768457,5.707250506768457,102.18118516818974,96.47393466142128,0.0,0.0,0.0,4.528639888366323
238.0,0.0,38.22,0.0,38.22,0.0,0.0,1.874948700030477,1.874948700030477,38.22,36.34505129996952,0.0,0.0,0.0,2.5522704256769497
239.0,0.0,38.22,0.0,38.22,0.0,0.0,0.6823086123230705,0.6823086123230705,38.22,37.53769138767693,0.0,0.0,0.0,1.833053998313705
240.0,0.0,38.22,0.0,38.22,0.0,0.0,0.5599999999999999,0.5599999999999999,38.22,37.66,0.0,0.0,0.0,1.2427621684156076
241.0,16.07157024969949,38.22,16.07157024969949,38.22,14.55514955820818,1.5164206914913105,0.1832470275038956,14.738396585712076,22.148429750300508,23.481603414287925,0.0,0.0,0.0,2.488205824129015
242.0,31.047889546407575,38.22,31.047889546407575,38.22,24.0856611042758,6.962228442131774,0.08652831891331267,24.17218942318911,7.172110453592426,14.047810576810887,0.0,0.0,0.0,9.001946807767846
243.0,43.908346479591444,38.22,43.908346479591444,38.22,28.904685558892805,15.003660920698639,0.006389724672084485,28.911075283564887,-5.688346479591443,9.30892471643511,0.0,0.0,0.0,23.228933971652786
244.0,53.77652216216455,38.22,53.77652216216455,38.22,31.652095410240765,22.12442675192378,0.0,31.652095410240765,-15.55652216216455,6.567904589759233,0.0,0.0,0.0,44.21800811014485
245.0,59.97991672929093,38.22,59.97991672929093,38.22,33.16228240083532,26.817634328455604,0.0,33.16228240083532,-21.75991672929093,5.057717599164677,0.0,0.0,0.0,69.65944989077678
246.0,62.09577909281516,38.22,62.09577909281516,38.22,33.63153611467306,23.33055170772463,0.0,33.63153611467306,-23.875779092815158,4.588463885326937,5.133691270417463,0.0,0.0,91.79275463019904
247.0,59.979916729290935,38.22,59.979916729290935,38.22,33.16228240083532,18.88877178481313,0.0,33.16228240083532,-21.759916729290932,5.057717599164677,7.928862543642479,0.0,0.0,109.71221694313905
248.0,53.776522162164554,38.22,53.776522162164554,38.22,31.65209541024077,13.495433072529833,0.06693253149122988,31.719027941731998,-15.556522162164555,6.500972058268001,8.628993679393952,0.0,0.0,122.44455581598223
249.0,43.908346479591444,38.22,43.908346479591444,38.22,28.904685558892805,8.244382418379264,0.33997411023185,29.244659669124655,-5.688346479591443,8.975340330875344,6.759278502319374,0.0,0.0,129.90749954109933
250.0,31.047889546407596,38.22,31.047889546407596,38.22,24.08566110427581,2.6396101985622904,1.7840240744115028,25.869685178687313,7.172110453592402,12.350314821312686,4.322618243569497,0.0,0.0,130.5311271579345
251.0,16.07157024969951,38.22,16.07157024969951,38.22,14.555149558208194,0.03135341848466294,6.582211120662785,21.13736067887098,22.14842975030049,17.082639321129022,1.4850672730066516,0.0,0.0,123.62261189525974
252.0,7.604539710657721e-15,38.22,7.604539710657721e-15,38.22,7.604539710657721e-15,0.0,15.978352318333723,15.97835231833373,38.21999999999999,22.24164768166627,0.0,0.0,0.0,106.77994970107096
253.0,0.0,38.22,0.0,38.22,0.0,0.0,13.986606074727426,13.986606074727426,38.22,24.233393925272573,0.0,0.0,0.0,92.03677239050899
254.0,0.0,38.22,0.0,38.22,0.0,0.0,11.901123881879132,11.901123881879132,38.22,26.31887611812087,0.0,0.0,0.0,79.49188632965473
255.0,0.0,38.22,0.0,38.22,0.0,0.0,10.461123688158908,10.461123688158908,38.22,27.75887631184109,0.0,0.0,0.0,68.46489374988035
256.0,0.0,38.22,0.0,38.22,0.0,0.0,8.611288836362839,8.611288836362839,38.22,29.60871116363716,0.0,0.0,0.0,59.3877983123845
257.0,0.0,38.22,0.0,38.22,0.0,0.0,6.359997681335954,6.359997681335954,38.22,31.860002318664044,0.0,0.0,0.0,52.683772116914035
258.0,0.0,121.29826413099508,0.0,121.29826413099508,0.0,0.0,23.888326306169343,23.888326306169343,121.29826413099508,97.40993782482573,0.0,0.0,0.0,27.50326524464339
259.0,0.0,113.70018488434813,0.0,113.70018488434813,0.0,0.0,13.655136187746056,13.655136187746056,113.70018488434813,100.04504869660208,0.0,0.0,0.0,13.109487873621338
260.0,0.0,113.69376957175471,0.0,113.69376957175471,0.0,0.0,7.1224083750004805,7.1224083750004805,113.69376957175471,106.57136119675424,0.0,0.0,0.0,5.601810243334608
261.0,0.0,119.41833140572584,0.0,119.41833140572584,0.0,0.0,4.853669276070248,4.853669276070248,119.41833140572584,114.56466212965559,0.0,0.0,0.0,0.4855936028137495
262.0,0.0,38.22,0.0,38.22,0.0,0.0,0.46067454062957913,0.46067454062957913,38.22,37.75932545937042,0.0,0.0,0.0,0.0
263.0,0.0,38.22,0.0,38.22,0.0,0.0,0.0,0.0,38.22,38.22,0.0,0.0,0.0,0.0
264.0,0.0,38.22,0.0,38.22,0.0,0.0,0.0,0.0,38.22,38.22,0.0,0.0,0.0,0.0
265.0,20.665934825783907,38.22,20.665934825783907,38.22,18.85899564006999,1.8069391857139188,0.0,18.85899564006999,17.554065174216092,19.36100435993001,0.0,0.0,0.0,1.7142130260797903
266.0,39.9235203452627,38.22,39.9235203452627,38.22,27.199492256512293,12.724028088750408,0.0,27.199492256512293,-1.7035203452627037,11.020507743487705,0.0,0.0,0.0,13.785285957802904
267.0,56.082406154369025,38.22,56.082406154369025,38.22,31.406201765699038,24.676204388669984,0.0,31.406201765699038,-17.862406154369022,6.81379823430096,0.0,0.0,0.0,37.1951889206149
268.0,66.0780970336757,38.22,66.0780970336757,38.22,33.74955147140108,32.32854556227464,0.0,33.74955147140108,-27.858097033675712,4.470448528598927,0.0,0.0,0.0,67.8647401458099
269.0,72.11855211320078,38.22,72.11855211320078,38.22,34.90226521281914,37.21628690038165,0.0,34.90226521281914,-33.898552113200786,3.3177347871808593,0.0,0.0,0.0,103.1712099436581
270.0,74.09820028189871,38.22,74.09820028189871,38.22,35.23196965730683,36.149668895017726,0.0,35.23196965730683,-35.87820028189871,2.9880303426931705,2.716561729574154,0.0,0.0,137.46579705441758
271.0,72.11855211320079,38.22,72.11855211320079,38.22,34.90226521281914,30.07692692278569,0.004910454577285339,34.90717566739642,-33.89855211320079,3.312824332603574,7.139359977595956,0.0,0.0,165.99409920914653
272.0,66.07809703367572,38.22,66.07809703367572,38.22,33.74955147140108,23.012081989533083,0.08397409503334365,33.83352556643442,-27.85809703367572,4.386474433565581,9.316463572741558,0.0,0.0,187.73676057773335
273.0,56.082406154369025,38.22,56.082406154369025,38.22,31.406201765699038,16.126118738967367,0.5329035683764469,31.939105334075485,-17.862406154369022,6.280894665924514,8.550085649702615,0.0,0.0,202.4736104046708
274.0,39.92352034526274,38.22,39.92352034526274,38.22,27.199492256512304,3.680218755669115,2.1327638156909994,29.332256072203304,-1.703520345262735,8.887743927796697,9.043809333081317,0.0,0.0,203.71684201508796
275.0,20.66593482578393,38.22,20.66593482578393,38.22,18.858995640070006,0.0,6.193944070373412,25.052939710443418,17.55406517421607,13.167060289556582,1.8069391857139245,0.0,0.0,197.18785169439656
276.0,9.778442280304043e-15,38.22,9.778442280304043e-15,38.22,9.778442280304043e-15,0.0,19.258222512119648,19.25822251211966,38.21999999999999,18.96177748788034,0.0,0.0,0.0,176.887902752854
277.0,0.0,38.22,0.0,38.22,0.0,0.0,18.493015455315422,18.493015455315422,38.22,19.72698454468458,0.0,0.0,0.0,157.39455287168983
278.0,0.0,38.22,0.0,38.22,0.0,0.0,16.44733476663318,16.44733476663318,38.22,21.77266523336682,0.0,0.0,0.0,140.0575397710782
279.0,0.0,38.22,0.0,38.22,0.0,0.0,15.430710100399896,15.430710100399896,38.22,22.789289899600103,0.0,0.0,0.0,123.79214316073516
280.0,0.0,38.22,0.0,38.22,0.0,0.0,14.4490195726197,14.4490195726197,38.22,23.770980427380298,0.0,0.0,0.0,108.56153922545818
281.0,0.0,38.22,0.0,38.22,0.0,0.0,13.521243180825302,13.521243180825302,38.22,24.698756819174697,0.0,0.0,0.0,94.30889747598222
282.0,0.0,117.06252982662784,0.0,117.06252982662784,0.0,0.0,29.91772727585063,29.91772727585063,117.06252982662784,87.1448025507772,0.0,0.0,0.0,62.77284394017134
283.0,0.0,119.78054379200287,0.0,119.78054379200287,0.0,0.0,31.41066363233957,31.41066363233957,119.78054379200287,88.36988015966331,0.0,0.0,0.0,29.66309730830108
284.0,0.0,128.27021087731504,0.0,128.27021087731504,0.0,0.0,21.11535771993954,21.11535771993954,128.27021087731504,107.15485315737551,0.0,0.0,0.0,7.405555973558169
285.0,0.0,113.38734003846555,0.0,113.38734003846555,0.0,0.0,6.8937271546170305,6.8937271546170305,113.38734003846555,106.49361288384851,0.0,0.0,0.0,0.1389295147776477
286.0,0.0,38.22,0.0,38.22,0.0,0.0,0.13180011027581642,0.13180011027581642,38.22,38.08819988972418,0.0,0.0,0.0,-2.7755575615628914e-17
287.0,0.0,38.22,0.0,38.22,0.0,0.0,-2.6331251014325257e-17,-2.6331251014325257e-17,38.22,38.22,0.0,0.0,0.0,0.0
288.0,0.0,38.22,0.0,38.22,0.0,0.0,0.0,0.0,38.22,38.22,0.0,0.0,0.0,0.0
289.0,19.120387637064596,38.22,19.120387637064596,38.22,16.84180881994213,2.278578817122465,0.0,16.84180881994213,19.099612362935403,21.37819118005787,0.0,0.0,0.0,2.1616496670957783
290.0,36.93775245459781,38.22,36.93775245459781,38.22,25.6584448563895,11.279307598208309,0.0,25.6584448563895,1.2822475454021884,12.561555143610496,0.0,0.0,0.0,12.862140399090254
291.0,52.08270058878122,38.22,52.08270058878122,38.22,29.797082908803503,22.28561767997772,0.0,29.797082908803503,-13.862700588781225,8.422917091196496,0.0,0.0,0.0,34.00413367882436
292.0,62.44804700461527,38.22,62.44804700461527,38.22,32.34561997306307,30.1024270315522,0.0,32.34561997306307,-24.228047004615274,5.874380026936926,0.0,0.0,0.0,62.56180343444224
293.0,68.45939139918332,38.22,68.45939139918332,38.22,33.35805485261218,34.607751126968125,0.0,33.35805485261218,-30.23939139918332,4.861945147387819,0.4935854196030114,0.0,0.0,95.39359891168574
294.0,70.34705594592671,38.22,70.34705594592671,38.22,33.67547185893275,30.14261684524613,0.0,33.67547185893275,-32.12705594592671,4.544528141067248,6.528967241747827,0.0,0.0,123.98939607230682
295.0,68.45939139918332,38.22,68.45939139918332,38.22,33.35805485261218,21.118638071840696,0.0,33.35805485261218,-30.239391399183326,4.861945147387819,13.982698474730446,0.0,0.0,144.02429528863578
296.0,62.44804700461528,38.22,62.44804700461528,38.22,32.34561997306307,16.3535204723254,0.061850486638809266,32.407470459701884,-24.22804700461528,5.812529540298115,13.748906559226803,0.0,0.0,159.47341088766856
297.0,52.08270058878122,38.22,52.08270058878122,38.22,29.797082908803503,11.24278255571835,0.9329925188160386,30.730075427619543,-13.862700588781225,7.489924572380458,11.04283512425937,0.0,0.0,169.15579045544018
298.0,36.93775245459784,38.22,36.93775245459784,38.22,25.65844485638951,2.914278526991504,2.3516450708879058,28.010089927277416,1.2822475454021602,10.209910072722582,8.365029071216824,0.0,0.0,169.4416662624263
299.0,19.120387637064617,38.22,19.120387637064617,38.22,16.841808819942145,0.09228769762882433,5.754921554795647,22.596730374737792,19.099612362935382,15.623269625262207,2.186291119493649,0.0,0.0,163.46299810353173
300.0,9.047140062244102e-15,38.22,9.047140062244102e-15,38.22,9.047140062244102e-15,0.0,16.986577449359558,16.986577449359565,38.21999999999999,21.233422550640434,0.0,0.0,0.0,145.5575733065885
301.0,0.0,38.22,0.0,38.22,0.0,0.0,16.147297557453257,16.147297557453257,38.22,22.072702442546742,0.0,0.0,0.0,128.5368271939132
302.0,0.0,38.22,0.0,38.22,0.0,0.0,15.664433433687398,15.664433433687398,38.22,22.555566566312603,0.0,0.0,0.0,112.02506455839843
303.0,0.0,38.22,0.0,38.22,0.0,0.0,14.730081531969795,14.730081531969795,38.22,23.489918468030204,0.0,0.0,0.0,96.49819530472946
304.0,0.0,38.22,0.0,38.22,0.0,0.0,14.369347493604646,14.369347493604646,38.22,23.850652506395353,0.0,0.0,0.0,81.35157311465532
305.0,0.0,38.22,0.0,38.22,0.0,0.0,12.356585239580967,12.356585239580967,38.22,25.863414760419033,0.0,0.0,0.0,68.3265886282909
306.0,0.0,115.40666013488048,0.0,115.40666013488048,0.0,0.0,27.428332463472596,27.428332463472596,115.40666013488048,87.9783276714079,0.0,0.0,0.0,39.41458762665407
307.0,0.0,121.95638724629165,0.0,121.95638724629165,0.0,0.0,21.690415141208366,21.690415141208366,121.95638724629165,100.26597210508328,0.0,0.0,0.0,16.55088254638034
308.0,0.0,117.37505694357087,0.0,117.37505694357087,0.0,0.0,9.49003693588566,9.49003693588566,117.37505694357087,107.88502000768521,0.0,0.0,0.0,6.547505280872341
309.0,0.0,107.19376366219906,0.0,107.19376366219906,0.0,0.0,4.8198892592983205,4.8198892592983205,107.19376366219906,102.37387440290074,0.0,0.0,0.0,1.4668959044841419
310.0,0.0,38.22,0.0,38.22,0.0,0.0,0.27999999999999997,0.27999999999999997,38.22,37.94,0.0,0.0,0.0,1.1717499895350931
311.0,0.0,38.22,0.0,38.22,0.0,0.0,0.27999999999999997,0.27999999999999997,38.22,37.94,0.0,0.0,0.0,0.8766040745860444
312.0,0.0,38.22,0.0,38.22,0.0,0.0,0.27999999999999997,0.27999999999999997,38.22,37.94,0.0,0.0,0.0,0.5814581596369957
313.0,24.243400579334427,38.22,24.243400579334427,38.22,21.277129505362424,2.9662710739720026,0.051586833676685956,21.328716339039108,13.976599420665574,16.89128366096089,0.0,0.0,0.0,3.3411326877730594
314.0,46.83465347330096,38.22,46.83465347330096,38.22,30.27892678421508,16.55572668908588,0.0,30.27892678421508,-8.614653473300962,7.941073215784918,0.0,0.0,0.0,19.047274084797966
315.0,65.35088188747872,38.22,65.35088188747872,38.22,33.85983007254112,31.491051814937606,0.0,33.85983007254112,-27.130881887478722,4.360169927458881,0.0,0.0,0.0,48.92230897967259
316.0,77.22365510117426,38.22,77.22365510117426,38.22,35.02074486987628,42.20291023129797,0.0,35.02074486987628,-39.00365510117425,3.1992551301237158,0.0,0.0,0.0,88.95950504523012
317.0,83.8262319004341,38.22,83.8262319004341,38.22,35.62106519846414,46.137227988338665,0.0,35.62106519846414,-45.606231900434096,2.5989348015358598,2.0679387136312934,0.0,0.0,132.72912265611572
318.0,85.79556812856895,38.22,85.79556812856895,38.22,35.8179438612856,42.77164238384188,0.0,35.8179438612856,-47.57556812856895,2.4020561387144026,7.205981883441471,0.0,0.0,173.30586541585598
319.0,83.82623190043411,38.22,83.82623190043411,38.22,35.62106519846414,33.69830973760029,0.0,35.62106519846414,-45.6062319004341,2.5989348015358598,14.506856964369675,0.0,0.0,205.27488903645036
320.0,77.22365510117426,38.22,77.22365510117426,38.22,35.02074486987628,25.675925872834128,0.023101295637393715,35.04384616551368,-39.00365510117426,3.176153834486321,16.52698435846385,0.0,0.0,229.60886017028614
321.0,65.35088188747872,38.22,65.35088188747872,38.22,33.85983007254112,17.71948605703568,0.2363578247730273,34.096187897314145,-27.130881887478722,4.123812102685854,13.771565757901923,0.0,0.0,246.16989761960627
322.0,46.834653473300996,38.22,46.834653473300996,38.22,30.27892678421509,4.213211012315713,2.408594154870728,32.68752093908582,-8.614653473300999,5.53247906091418,12.342515676770192,0.0,0.0,247.62801937536605
323.0,24.243400579334452,38.22,24.243400579334452,38.22,21.27712950536244,0.09688510667742084,9.469663259650336,30.746792765012774,13.976599420665547,7.473207234987226,2.869385967294593,0.0,0.0,237.7380311327976
324.0,1.14711816930507e-14,38.22,1.14711816930507e-14,38.22,1.14711816930507e-14,0.0,26.74214598449753,26.742145984497544,38.219999999999985,11.477854015502457,0.0,0.0,0.0,209.5493341888849
325.0,0.0,38.22,0.0,38.22,0.0,0.0,23.563272774474253,23.563272774474253,38.22,14.656727225525747,0.0,0.0,0.0,184.711463823827
326.0,0.0,38.22,0.0,38.22,0.0,0.0,21.886809066770542,21.886809066770542,38.22,16.333190933229456,0.0,0.0,0.0,161.64074136908727
327.0,0.0,38.22,0.0,38.22,0.0,0.0,18.18361386801186,18.18361386801186,38.22,20.036386131988138,0.0,0.0,0.0,142.47352939710666
328.0,0.0,38.22,0.0,38.22,0.0,0.0,16.33808621705523,16.33808621705523,38.22,21.881913782944768,0.0,0.0,0.0,125.25167437907378
329.0,0.0,38.22,0.0,38.22,0.0,0.0,15.1,15.1,38.22,23.12,0.0,0.0,0.0,109.33487682289294
330.0,0.0,116.57038488219047,0.0,116.57038488219047,0.0,0.0,44.93742297139648,44.93742297139648,116.57038488219047,71.63296191079398,0.0,0.0,0.0,61.96667390023145
331.0,0.0,111.37714198859271,0.0,111.37714198859271,0.0,0.0,25.35198197143532,25.35198197143532,111.37714198859271,86.0251600171574,0.0,0.0,0.0,35.24333849047765
332.0,0.0,113.16493744718822,0.0,113.16493744718822,0.0,0.0,22.796327386484837,22.796327386484837,113.16493744718822,90.36861006070338,0.0,0.0,0.0,11.213899547755773
333.0,0.0,115.60926825654542,0.0,115.60926825654542,0.0,0.0,8.237670087978257,8.237670087978257,115.60926825654542,107.37159816856717,0.0,0.0,0.0,2.5306328507387947
334.0,0.0,38.22,0.0,38.22,0.0,0.0,1.3399999999999999,1.3399999999999999,38.22,36.88,0.0,0.0,0.0,1.1181488291969186
335.0,0.0,38.22,0.0,38.22,0.0,0.0,1.0607691189938533,1.0607691189938533,38.22,37.159230881006145,0.0,0.0,0.0,0.0
336.0,0.0,38.22,0.0,38.22,0.0,0.0,0.0,0.0,38.22,38.22,0.0,0.0,0.0,0.0
337.0,18.9259489998922,38.22,18.9259489998922,38.22,16.694369671570012,2.2315793283221868,0.0,16.694369671570012,19.2940510001078,21.525630328429987,0.0,0.0,0.0,2.1170620370540427
338.0,36.562125852051274,38.22,36.562125852051274,38.22,26.27949439271259,10.282631459338685,0.0,26.27949439271259,1.6578741479487273,11.940505607287411,0.0,0.0,0.0,11.872022762537433
339.0,51.35513965507907,38.22,51.35513965507907,38.22,30.909794381878392,20.445345273200683,0.0,30.909794381878392,-13.135139655079074,7.310205618121608,0.0,0.0,0.0,31.26818034609894
340.0,61.99796442659055,38.22,61.99796442659055,38.22,33.30937864499797,28.68858578159258,0.0,33.30937864499797,-23.777964426590554,4.910621355002026,0.0,0.0,0.0,58.484562521785264
341.0,68.53196410138159,38.22,68.53196410138159,38.22,34.50413899581608,33.887795812482814,0.0,34.50413899581608,-30.31196410138159,3.7158610041839215,0.14002929308269652,0.0,0.0,90.63334841683385
342.0,70.6673005875986,38.22,70.6673005875986,38.22,34.8859732758163,29.68255020070663,0.0,34.8859732758163,-32.447300587598605,3.334026724183698,6.098777111075673,0.0,0.0,118.79268803579015
343.0,68.53196410138159,38.22,68.53196410138159,38.22,34.50413899581608,21.72517572520263,0.0,34.50413899581608,-30.311964101381598,3.715861004183921,12.30264938036289,0.0,0.0,139.40299939350234
344.0,61.99796442659056,38.22,61.99796442659056,38.22,33.30937864499798,15.238068313153379,0.039958951564647585,33.34933759656262,-23.77796442659056,4.870662403437377,13.450517468439207,0.0,0.0,153.8169798634582
345.0,51.35513965507907,38.22,51.35513965507907,38.22,30.909794381878392,9.077316899130677,0.5601552364789971,31.46994961835739,-13.135139655079074,6.750050381642612,11.368028374070006,0.0,0.0,161.8380233332605
346.0,36.5621258520513,38.22,36.5621258520513,38.22,26.2794943927126,1.7548626695979694,2.2534927308688575,28.53298712358146,1.6578741479486983,9.68701287641854,8.52776878974073,0.0,0.0,161.1274423315543
347.0,18.92594899989222,38.22,18.92594899989222,38.22,16.694369671570026,0.1036768307187455,7.405058634674779,24.099428306244803,19.29405100010778,14.120571693755195,2.1279024976034493,0.0,0.0,153.42018164502898
348.0,8.955138078947458e-15,38.22,8.955138078947458e-15,38.22,8.955138078947458e-15,0.0,19.544808511859607,19.544808511859614,38.21999999999999,18.675191488140385,0.0,0.0,0.0,132.81814453525485
349.0,0.0,38.22,0.0,38.22,0.0,0.0,17.285016810262594,17.285016810262594,38.22,20.934983189737405,0.0,0.0,0.0,114.59813703034541
350.0,0.0,38.22,0.0,38.22,0.0,0.0,14.680524150602752,14.680524150602752,38.22,23.53947584939725,0.0,0.0,0.0,99.12350584334092
351.0,0.0,38.22,0.0,38.22,0.0,0.0,12.12366142586649,12.12366142586649,38.22,26.096338574133508,0.0,0.0,0.0,86.34404461452002
352.0,0.0,38.22,0.0,38.22,0.0,0.0,8.403876554214534,8.403876554214534,38.22,29.816123445785465,0.0,0.0,0.0,77.4855809191182
353.0,0.0,38.22,0.0,38.22,0.0,0.0,7.42,7.42,38.22,30.8,0.0,0.0,0.0,69.66421417296841
354.0,0.0,115.3340202140479,0.0,115.3340202140479,0.0,0.0,26.98602421541895,26.98602421541895,115.3340202140479,88.34799599862895,0.0,0.0,0.0,41.21844700190766
355.0,0.0,111.5507867270587,0.0,111.5507867270587,0.0,0.0,20.445058870652844,20.445058870652844,111.5507867270587,91.10572785640586,0.0,0.0,0.0,19.66746269274338
356.0,0.0,106.08894928446786,0.0,106.08894928446786,0.0,0.0,10.470608017420513,10.470608017420513,106.08894928446786,95.61834126704736,0.0,0.0,0.0,8.630472752120442
357.0,0.0,104.16226414483094,0.0,104.16226414483094,0.0,0.0,7.394440068695177,7.394440068695177,104.16226414483094,96.76782407613577,0.0,0.0,0.0,0.8360485392242092
358.0,0.0,38.22,0.0,38.22,0.0,0.0,0.5599999999999999,0.5599999999999999,38.22,37.66,0.0,0.0,0.0,0.2457567093261117
359.0,0.0,38.22,0.0,38.22,0.0,0.0,0.23314528552153713,0.23314528552153713,38.22,37.98685471447846,0.0,0.0,0.0,0.0
360.0,0.0,38.22,0.0,38.22,0.0,0.0,0.0,0.0,38.22,38.22,0.0,0.0,0.0,0.0
361.0,19.133306584189363,38.22,19.133306584189363,38.22,17.890894277609643,1.2424123065797175,0.0,17.890894277609643,19.086693415810636,20.329105722390356,0.0,0.0,0.0,1.1786558045445925
362.0,36.96270994395036,38.22,36.96270994395036,38.22,26.80677481737146,10.155935126578898,0.0,26.80677481737146,1.2572900560496416,11.41322518262854,0.0,0.0,0.0,10.813421835214523
363.0,52.27316570479747,38.22,52.27316570479747,38.22,31.430019379589865,20.843146325207606,0.0,31.430019379589865,-14.053165704797472,6.789980620410134,0.0,0.0,0.0,30.58696663276192
364.0,62.76730874415871,38.22,62.76730874415871,38.22,34.06740448484731,28.699904259311403,0.0,34.06740448484731,-24.547308744158713,4.152595515152691,0.0,0.0,0.0,57.81408645921945
365.0,68.86025132382913,38.22,68.86025132382913,38.22,34.99308410833692,33.86716721549221,0.0,34.99308410833692,-30.640251323829133,3.2269158916630807,0.0,0.0,0.0,89.94330234884085
366.0,70.86606380769119,38.22,70.86606380769119,38.22,35.25319687902294,34.83901692904907,0.0,35.25319687902294,-32.64606380769119,2.96680312097706,0.7738499996191801,0.0,0.0,122.9944958299288
367.0,68.86025132382913,38.22,68.86025132382913,38.22,34.99308410833692,28.617981833349564,0.006333039522365002,34.99941714785928,-30.640251323829137,3.2205828521407156,5.249185382142654,0.0,0.0,150.1372216093397
368.0,62.76730874415872,38.22,62.76730874415872,38.22,34.06740448484731,22.051163783044085,0.14243697535324618,34.20984146020056,-24.54730874415872,4.010158539799442,6.648740476267324,0.0,0.0,170.90665063784283
369.0,52.27316570479747,38.22,52.27316570479747,38.22,31.430019379589865,14.310482210143897,1.2272659191909723,32.657285298780835,-14.053165704797472,5.562714701219162,6.532664115063709,0.0,0.0,183.18911423120747
370.0,36.96270994395039,38.22,36.96270994395039,38.22,26.80677481737147,5.782630935814936,2.9321002753105567,29.738875092682026,1.257290056049613,8.481124907317973,4.373304190763981,0.0,0.0,185.58429455280927
371.0,19.133306584189384,38.22,19.133306584189384,38.22,17.89089427760966,0.17396170562965896,5.835146099178558,23.72604037678822,19.086693415810615,14.493959623211781,1.0684506009500643,0.0,0.0,179.59854506635685
372.0,9.053252884134172e-15,38.22,9.053252884134172e-15,38.22,9.053252884134172e-15,0.0,18.424307278466344,18.42430727846635,38.21999999999999,19.795692721533648,0.0,0.0,0.0,160.17761996276624
373.0,0.0,38.22,0.0,38.22,0.0,0.0,16.783160174862513,16.783160174862513,38.22,21.43683982513749,0.0,0.0,0.0,142.48661580010113
374.0,0.0,38.22,0.0,38.22,0.0,0.0,14.921002811420239,14.921002811420239,38.22,23.29899718857976,0.0,0.0,0.0,126.75849784747987
375.0,0.0,38.22,0.0,38.22,0.0,0.0,14.17924466665673,14.17924466665673,38.22,24.04075533334327,0.0,0.0,0.0,111.8122616316698
376.0,0.0,38.22,0.0,38.22,0.0,0.0,13.399911513410453,13.399911513410453,38.22,24.820088486589547,0.0,0.0,0.0,97.68751468930616
377.0,0.0,38.22,0.0,38.22,0.0,0.0,12.23587531868411,12.23587531868411,38.22,25.98412468131589,0.0,0.0,0.0,84.78976963167936
378.0,0.0,115.36788378646101,0.0,115.36788378646101,0.0,0.0,36.92378356885999,36.92378356885999,115.36788378646101,78.44410021760102,0.0,0.0,0.0,45.86868432877995
379.0,0.0,105.9789842222782,0.0,105.9789842222782,0.0,0.0,26.407380083437907,26.407380083437907,105.9789842222782,79.5716041388403,0.0,0.0,0.0,18.032861628302918
380.0,0.0,113.54913382165606,0.0,113.54913382165606,0.0,0.0,14.574265741700767,14.574265741700767,113.54913382165606,98.97486807995529,0.0,0.0,0.0,2.670236638857029
381.0,0.0,111.53074903594847,0.0,111.53074903594847,0.0,0.0,1.9809942184074123,1.9809942184074123,111.53074903594847,109.54975481754107,0.0,0.0,0.0,0.5820853849262027
382.0,0.0,38.22,0.0,38.22,0.0,0.0,0.5,0.5,38.22,37.72,0.0,0.0,0.0,0.05503910823147273
383.0,0.0,38.22,0.0,38.22,0.0,0.0,0.05221468271879273,0.05221468271879273,38.22,38.16778531728121,0.0,0.0,0.0,0.0
384.0,0.0,38.22,0.0,38.22,0.0,0.0,0.0,0.0,38.22,38.22,0.0,0.0,0.0,0.0
385.0,18.59473508459005,38.22,18.59473508459005,38.22,15.828812207175273,2.7659228774147744,0.0,15.828812207175273,19.62526491540995,22.391187792824727,0.0,0.0,0.0,2.623984837499215
386.0,35.922269702417935,38.22,35.922269702417935,38.22,24.51564548703615,11.406624215381788,0.0,24.51564548703615,2.2977302975820617,13.70435451296385,0.0,0.0,0.0,13.445258717770463
387.0,50.801761004383586,38.22,50.801761004383586,38.22,29.42794428910029,21.373816715283297,0.0,29.42794428910029,-12.581761004383585,8.79205571089971,0.0,0.0,0.0,33.722241651152615
388.0,61.93543256507644,38.22,61.93543256507644,38.22,31.916104256172584,30.019328308903855,0.0,31.916104256172584,-23.71543256507644,6.303895743827416,0.0,0.0,0.0,62.20107703650468
389.0,68.6115487141779,38.22,68.6115487141779,38.22,33.05847183768604,34.92017666073319,0.0,33.05847183768604,-30.3915487141779,5.161528162313957,0.6329002157586716,0.0,0.0,95.32926539951562
390.0,70.74969264155378,38.22,70.74969264155378,38.22,33.40138301661333,27.509457981440203,0.0,33.40138301661333,-32.52969264155379,4.8186169833866686,9.838851643500249,0.0,0.0,121.42702872493034
391.0,68.6115487141779,38.22,68.6115487141779,38.22,33.05847183768604,20.95872562419633,0.0028038001438619453,33.06127563782991,-30.391548714177908,5.158724362170095,14.594351252295535,0.0,0.0,141.3072662081759
392.0,61.93543256507645,38.22,61.93543256507645,38.22,31.916104256172584,15.200509155358509,0.07988913479337925,31.995993390965964,-23.715432565076448,6.224006609034036,14.818819153545354,0.0,0.0,155.643524823646
393.0,50.801761004383586,38.22,50.801761004383586,38.22,29.42794428910029,8.437739782275385,0.7827076158978943,30.210651904998183,-12.581761004383585,8.009348095001815,12.93607693300791,0.0,0.0,162.82322135898784
394.0,36.1254840431012,38.22,36.1254840431012,38.22,24.718859827719402,3.1908369299278077,2.8205822222319332,27.539442049951333,2.0945159568987943,10.680557950048664,8.215787285453995,0.0,0.0,162.87716034453575
395.0,18.69992656780362,38.22,18.69992656780362,38.22,15.934003690388836,0.047029310589478346,7.247079657645074,23.18108334803391,19.52007343219638,15.03891665196609,2.7188935668253036,0.0,0.0,155.28268356506692
396.0,8.848191680206529e-15,38.22,8.848191680206529e-15,38.22,8.848191680206529e-15,0.0,14.905138745535849,14.905138745535858,38.21999999999999,23.31486125446414,0.0,0.0,0.0,139.57128780616085
397.0,0.0,38.22,0.0,38.22,0.0,0.0,13.497143663305389,13.497143663305389,38.22,24.722856336694612,0.0,0.0,0.0,125.34404917864292
398.0,0.0,38.22,0.0,38.22,0.0,0.0,12.78,12.78,38.22,25.439999999999998,0.0,0.0,0.0,111.87274634632563
399.0,0.0,38.22,0.0,38.22,0.0,0.0,11.279974108419488,11.279974108419488,38.22,26.94002589158051,0.0,0.0,0.0,99.98260963621473
400.0,0.0,38.22,0.0,38.22,0.0,0.0,10.631411348966362,10.631411348966362,38.22,27.58858865103364,0.0,0.0,0.0,88.7761181012491
401.0,0.0,38.22,0.0,38.22,0.0,0.0,9.278884715560494,9.278884715560494,38.22,28.941115284439505,0.0,0.0,0.0,78.99531481881752
402.0,0.0,108.9472899030596,0.0,108.9472899030596,0.0,0.0,27.78555701340541,27.78555701340541,108.9472899030596,81.16173288965419,0.0,0.0,0.0,49.70676607920859
403.0,0.0,115.47103961119953,0.0,115.47103961119953,0.0,0.0,21.443546512232736,21.443546512232736,115.47103961119953,94.02749309896679,0.0,0.0,0.0,27.103283382403543
404.0,0.0,129.52045769669726,0.0,129.52045769669726,0.0,0.0,21.08663768236392,21.08663768236392,129.52045769669726,108.43382001433334,0.0,0.0,0.0,4.876015625402156
405.0,0.0,119.81993623527494,0.0,119.81993623527494,0.0,0.0,4.135424252382641,4.135424252382641,119.81993623527494,115.6845119828923,0.0,0.0,0.0,0.516895715859439
406.0,0.0,38.22,0.0,38.22,0.0,0.0,0.49037033246971395,0.49037033246971395,38.22,37.72962966753028,0.0,0.0,0.0,0.0
407.0,0.0,38.22,0.0,38.22,0.0,0.0,0.0,0.0,38.22,38.22,0.0,0.0,0.0,0.0
408.0,0.0,38.22,0.0,38.22,0.0,0.0,0.0,0.0,38.22,38.22,0.0,0.0,0.0,0.0
409.0,15.794493448763617,38.22,15.794493448763617,38.22,15.367865071139034,0.4266283776245826,0.0,15.367865071139034,22.42550655123638,22.852134928860966,0.0,0.0,0.0,0.4047352163268291
410.0,30.512618270628543,38.22,30.512618270628543,38.22,25.127702978988527,5.384915291640018,0.0,25.127702978988527,7.7073817293714555,13.092297021011474,0.0,0.0,0.0,5.513314414922525
411.0,43.15135858183599,38.22,43.15135858183599,38.22,30.51432220300665,12.637036378829341,0.0,30.51432220300665,-4.9313585818359895,7.705677796993351,0.0,0.0,0.0,17.501859764374668
412.0,52.84940511668305,38.22,52.84940511668305,38.22,32.8655668675063,19.98383824917675,0.0,32.8655668675063,-14.629405116683056,5.354433132493695,0.0,0.0,0.0,36.46019334231167
413.0,58.9458520305996,38.22,58.9458520305996,38.22,33.838392926218546,25.107459104381054,0.0,33.838392926218546,-20.7258520305996,4.3816070737814545,0.0,0.0,0.0,60.27922045112429
414.0,61.0252365412571,38.22,61.0252365412571,38.22,34.131128532197586,26.894108009059508,0.0,34.131128532197586,-22.8052365412571,4.088871467802411,0.0,0.0,0.0,85.7932115352856
415.0,58.9458520305996,38.22,58.9458520305996,38.22,33.838392926218546,25.10745910438106,0.0,33.838392926218546,-20.725852030599604,4.3816070737814545,0.0,0.0,0.0,109.61223864409823
416.0,52.84940511668306,38.22,52.84940511668306,38.22,32.8655668675063,18.171857679332092,0.11456868855412294,32.98013555606043,-14.629405116683063,5.23986444393957,1.8119805698446623,0.0,0.0,126.73081051757505
417.0,43.15135858183599,38.22,43.15135858183599,38.22,30.51432220300665,9.87807059300292,0.8262883225217778,31.340610525528426,-4.9313585818359895,6.879389474471573,2.75896578582642,0.0,0.0,135.23098673839797
418.0,30.51261827062857,38.22,30.51261827062857,38.22,25.127702978988538,2.5026053823070717,3.62400925271938,28.751712231707916,7.7073817293714315,9.46828776829208,2.882309909332958,0.0,0.0,133.78512549949804
419.0,15.794493448763635,38.22,15.794493448763635,38.22,15.36786507113905,0.0,9.08855597877601,24.45642104991506,22.425506551236364,13.763578950084938,0.4266283776245847,0.0,0.0,124.20494632120698
420.0,7.47343605974606e-15,38.22,7.47343605974606e-15,38.22,7.47343605974606e-15,0.0,16.964794233444483,16.96479423344449,38.21999999999999,21.25520576655551,0.0,0.0,0.0,106.32248304994869
421.0,0.0,38.22,0.0,38.22,0.0,0.0,14.020599010753912,14.020599010753912,38.22,24.199400989246087,0.0,0.0,0.0,91.54347403865337
422.0,0.0,38.22,0.0,38.22,0.0,0.0,10.589249560952554,10.589249560952554,38.22,27.630750439047446,0.0,0.0,0.0,80.38142493047069
423.0,0.0,38.22,0.0,38.22,0.0,0.0,10.039597652049036,10.039597652049036,38.22,28.180402347950963,0.0,0.0,0.0,69.79875980641948
424.0,0.0,38.22,0.0,38.22,0.0,0.0,9.628019875356014,9.628019875356014,38.22,28.591980124643985,0.0,0.0,0.0,59.649935751921
425.0,0.0,38.22,0.0,38.22,0.0,0.0,8.03915096536613,8.03915096536613,38.22,30.18084903463387,0.0,0.0,0.0,51.17592658375488
426.0,0.0,116.27983663948466,0.0,116.27983663948466,0.0,0.0,23.073663848820626,23.073663848820626,116.27983663948466,93.20617279066403,0.0,0.0,0.0,26.854149341301472
427.0,0.0,113.20800125678468,0.0,113.20800125678468,0.0,0.0,12.352579168271347,12.352579168271347,113.20800125678468,100.85542208851332,0.0,0.0,0.0,13.833387624872879
428.0,0.0,112.76007289299726,0.0,112.76007289299726,0.0,0.0,8.073548100781267,8.073548100781267,112.76007289299726,104.68652479221599,0.0,0.0,0.0,5.323120692407729
429.0,0.0,120.54571208857597,0.0,120.54571208857597,0.0,0.0,3.223625541606654,3.223625541606654,120.54571208857597,117.32208654696932,0.0,0.0,0.0,1.925121014084091
430.0,0.0,38.22,0.0,38.22,0.0,0.0,0.27999999999999997,0.27999999999999997,38.22,37.94,0.0,0.0,0.0,1.6299750991350423
431.0,0.0,38.22,0.0,38.22,0.0,0.0,0.27999999999999997,0.27999999999999997,38.22,37.94,0.0,0.0,0.0,1.3348291841859936
432.0,0.0,38.22,0.0,38.22,0.0,0.0,0.27999999999999997,0.27999999999999997,38.22,37.94,0.0,0.0,0.0,1.0396832692369449
433.0,17.36987613126183,38.22,17.36987613126183,38.22,16.048648942412985,1.3212271888488467,0.0,16.048648942412985,20.85012386873817,22.171351057587014,0.0,0.0,0.0,2.2931094362280775
434.0,33.55602390925569,38.22,33.55602390925569,38.22,25.312033284762787,8.243990624492909,0.0,25.312033284762787,4.663976090744303,12.907966715237212,0.0,0.0,0.0,10.114045650969524
435.0,47.45538411178526,38.22,47.45538411178526,38.22,30.423964479718524,17.031419632066736,0.0,30.423964479718524,-9.235384111785262,7.796035520281474,0.0,0.0,0.0,26.271468998000863
436.0,57.633189010578405,38.22,57.633189010578405,38.22,32.87446050823872,24.75872850233969,0.0,32.87446050823872,-19.41318901057841,5.345539491761282,0.0,0.0,0.0,49.75966120913774
437.0,63.82004937173369,38.22,63.82004937173369,38.22,33.96826863991878,29.851780731814905,0.0,33.96826863991878,-25.60004937173369,4.251731360081213,0.0,0.0,0.0,78.07954700647667
438.0,65.93027222551105,38.22,65.93027222551105,38.22,34.277543376164076,31.326879652291105,0.0,34.277543376164076,-27.710272225511048,3.942456623835924,0.32584919705586657,0.0,0.0,107.79883451264374
439.0,63.820049371733695,38.22,63.820049371733695,38.22,33.96826863991878,23.880723637350492,0.006098297645324158,33.97436693756411,-25.600049371733697,4.245633062435889,5.971057094464416,0.0,0.0,130.44765000262197
440.0,57.63318901057841,38.22,57.63318901057841,38.22,32.87446050823872,17.168373990629558,0.09774433127305344,32.972204839511775,-19.413189010578414,5.247795160488227,7.590354511710138,0.0,0.0,146.6319680904861
441.0,47.45538411178526,38.22,47.45538411178526,38.22,30.423964479718524,8.977526068758245,0.7771870751537733,31.2011515548723,-9.235384111785262,7.0188484451277,8.05389356330849,0.0,0.0,154.32957002122004
442.0,33.55602390925572,38.22,33.55602390925572,38.22,25.312033284762798,3.1095029400634364,3.228992496802689,28.541025781565487,4.663976090744277,9.678974218434512,5.134487684429487,0.0,0.0,153.87584657986702
443.0,17.36987613126185,38.22,17.36987613126185,38.22,16.048648942413,0.005178763367669259,7.719076046087327,23.767724988500326,20.850123868738148,14.452275011499673,1.3160484254811824,0.0,0.0,145.7441390069509
444.0,8.21885545451641e-15,38.22,8.21885545451641e-15,38.22,8.21885545451641e-15,0.0,16.75847261511367,16.75847261511368,38.21999999999999,21.46152738488632,0.0,0.0,0.0,128.07915781717838
445.0,0.0,38.22,0.0,38.22,0.0,0.0,14.919363245632999,14.919363245632999,38.22,23.300636754367,0.0,0.0,0.0,112.35276811864424
446.0,0.0,38.22,0.0,38.22,0.0,0.0,12.506223497943038,12.506223497943038,38.22,25.71377650205696,0.0,0.0,0.0,99.1700510584382
447.0,0.0,38.22,0.0,38.22,0.0,0.0,10.466909087595978,10.466909087595978,38.22,27.75309091240402,0.0,0.0,0.0,88.13696013219881
448.0,0.0,38.22,0.0,38.22,0.0,0.0,9.598230151594572,9.598230151594572,38.22,28.621769848405428,0.0,0.0,0.0,78.01953720368479
449.0,0.0,38.22,0.0,38.22,0.0,0.0,8.32,8.32,38.22,29.9,0.0,0.0,0.0,69.24948715948449
450.0,0.0,108.67630254133924,0.0,108.67630254133924,0.0,0.0,24.87044784462016,24.87044784462016,108.67630254133924,83.8058546967191,0.0,0.0,0.0,43.03373328700944
451.0,0.0,108.74259357363381,0.0,108.74259357363381,0.0,0.0,18.682326909506358,18.682326909506358,108.74259357363381,90.06026666412745,0.0,0.0,0.0,23.34083161171127
452.0,0.0,106.04247822710904,0.0,106.04247822710904,0.0,0.0,12.13812545329764,12.13812545329764,106.04247822710904,93.9043527738114,0.0,0.0,0.0,10.546123959283168
453.0,0.0,108.7380983212075,0.0,108.7380983212075,0.0,0.0,8.317607634305817,8.317607634305817,108.7380983212075,100.42049068690167,0.0,0.0,0.0,1.7785956899460842
454.0,0.0,38.22,0.0,38.22,0.0,0.0,0.9164940168082343,0.9164940168082343,38.22,37.30350598319176,0.0,0.0,0.0,0.81252617160253
455.0,0.0,38.22,0.0,38.22,0.0,0.0,0.27999999999999997,0.27999999999999997,38.22,37.94,0.0,0.0,0.0,0.5173802566534813
456.0,0.0,38.22,0.0,38.22,0.0,0.0,0.27999999999999997,0.27999999999999997,38.22,37.94,0.0,0.0,0.0,0.22223434170443257
457.0,16.7677754064861,38.22,16.7677754064861,38.22,14.52752547043897,2.2402499360471273,0.0,14.52752547043897,21.4522245935139,23.69247452956103,0.0,0.0,0.0,2.3475220394910736
458.0,32.3928546290792,38.22,32.3928546290792,38.22,24.217485229234477,8.175369399844724,0.0,24.217485229234477,5.827145370920796,14.002514770765522,0.0,0.0,0.0,10.103358444517017
459.0,45.81041434042391,38.22,45.81041434042391,38.22,29.848089491329226,15.962324849094685,0.0,29.848089491329226,-7.590414340423913,8.371910508670773,0.0,0.0,0.0,25.24654942690983
460.0,56.10607001975789,38.22,56.10607001975789,38.22,32.60872346393749,23.4973465558204,0.0,32.60872346393749,-17.886070019757884,5.6112765360625145,0.0,0.0,0.0,47.53808965292141
461.0,62.205543101630724,38.22,62.205543101630724,38.22,33.838645131734374,28.254142054440766,0.0,33.838645131734374,-23.985543101630725,4.381354868265625,0.11275591545558283,0.0,0.0,74.342322320716
462.0,64.25881234095071,38.22,64.25881234095071,38.22,34.130899804860626,24.161415590707445,0.0,34.130899804860626,-26.03881234095072,4.089100195139376,5.96649694538265,0.0,0.0,97.26385374887744
463.0,62.20554310163073,38.22,62.20554310163073,38.22,33.838645131734374,16.64576095441033,0.019615200150783982,33.85826033188516,-23.98554310163073,4.361739668114841,11.721137015486024,0.0,0.0,113.03473291325571
464.0,56.10607001975789,38.22,56.10607001975789,38.22,32.60872346393749,11.481134198680593,0.22023444158261207,32.8289579055201,-17.88607001975789,5.3910420944799,12.01621235713981,0.0,0.0,123.69454568534844
465.0,45.81041434042391,38.22,45.81041434042391,38.22,29.848089491329226,5.130700876709669,0.8301722727282211,30.67826176405745,-7.590414340423913,7.541738235942551,10.831623972385016,0.0,0.0,127.68687750366281
466.0,32.392854629079224,38.22,32.392854629079224,38.22,24.21748522923449,1.0892579670727378,3.245192026110053,27.462677255344545,5.827145370920772,10.757322744655456,7.0861114327719985,0.0,0.0,125.29950559525172
467.0,16.767775406486116,38.22,16.767775406486116,38.22,14.527525470438984,0.0,7.892203026566087,22.41972849700507,21.452224593513883,15.800271502994928,2.240249936047133,0.0,0.0,116.98039315511065
468.0,7.933961147349475e-15,38.22,7.933961147349475e-15,38.22,7.933961147349475e-15,0.0,15.038770556609322,15.03877055660933,38.21999999999999,23.18122944339067,0.0,0.0,0.0,101.1281370992561
469.0,0.0,38.22,0.0,38.22,0.0,0.0,13.392545306895217,13.392545306895217,38.22,24.82745469310478,0.0,0.0,0.0,87.0111548203269
470.0,0.0,38.22,0.0,38.22,0.0,0.0,10.176365842214267,10.176365842214267,38.22,28.043634157785732,0.0,0.0,0.0,76.28432336548197
471.0,0.0,38.22,0.0,38.22,0.0,0.0,7.0279180220644175,7.0279180220644175,38.22,31.19208197793558,0.0,0.0,0.0,68.87624731259228
472.0,0.0,38.22,0.0,38.22,0.0,0.0,6.7556121168209184,6.7556121168209184,38.22,31.464387883179082,0.0,0.0,0.0,61.75520688666376
473.0,0.0,38.22,0.0,38.22,0.0,0.0,6.380442497865383,6.380442497865383,38.22,31.839557502134618,0.0,0.0,0.0,55.02962996233421
474.0,0.0,120.89529511687073,0.0,120.89529511687073,0.0,0.0,20.703508502576927,20.703508502576927,120.89529511687073,100.1917866142938,0.0,0.0,0.0,33.2062158207325
475.0,0.0,123.84206900611143,0.0,123.84206900611143,0.0,0.0,15.01608590139389,15.01608590139389,123.84206900611143,108.82598310471754,0.0,0.0,0.0,17.377871491016755
476.0,0.0,108.08431545716115,0.0,108.08431545716115,0.0,0.0,8.582123893630756,8.582123893630756,108.08431545716115,99.5021915635304,0.0,0.0,0.0,8.331518602474816
477.0,0.0,116.16506835962885,0.0,116.16506835962885,0.0,0.0,6.700861141357215,6.700861141357215,116.16506835962885,109.46420721827164,0.0,0.0,0.0,1.26819077207338
478.0,0.0,38.22,0.0,38.22,0.0,0.0,0.5,0.5,38.22,37.72,0.0,0.0,0.0,0.7411444953786501
479.0,0.0,38.22,0.0,38.22,0.0,0.0,0.5,0.5,38.22,37.72,0.0,0.0,0.0,0.2140982186839202
480.0,0.0,38.22,0.0,38.22,0.0,0.0,0.20311140420780155,0.20311140420780155,38.22,38.016888595792196,0.0,0.0,0.0,0.0
481.0,20.506593932696493,38.22,20.506593932696493,38.22,18.48159544090263,2.024998491793865,0.0,18.48159544090263,17.713406067303506,19.73840455909737,0.0,0.0,0.0,1.92108224774232
482.0,39.61569737762851,38.22,39.61569737762851,38.22,27.25448031239586,12.361217065232651,0.0,27.25448031239586,-1.3956973776285095,10.965519687604141,0.0,0.0,0.0,13.647962421105523
483.0,56.025056514310506,38.22,56.025056514310506,38.22,31.38282522312767,24.642231291182835,0.0,31.38282522312767,-17.805056514310508,6.8371747768723266,0.0,0.0,0.0,37.025635673748425
484.0,67.25528941177406,38.22,67.25528941177406,38.22,33.44393793744795,33.811351474326116,0.0,33.44393793744795,-29.035289411774063,4.776062062552053,0.0,0.0,0.0,69.10190010195723
485.0,73.56598691657676,38.22,73.56598691657676,38.22,34.338651097779035,39.227335818797734,0.0,34.338651097779035,-35.34598691657676,3.881348902220966,0.0,0.0,0.0,106.31621842026931
486.0,75.59669505653041,38.22,75.59669505653041,38.22,34.566487639110065,38.53977210910345,0.0,34.566487639110065,-37.376695056530416,3.6535123608899314,2.4904353083168953,0.0,0.0,142.87825653084877
487.0,73.56598691657678,38.22,73.56598691657678,38.22,34.338651097779035,28.22149832600637,0.0,34.338651097779035,-35.34598691657677,3.8813489022209655,11.005837492791368,0.0,0.0,169.65152063869155
488.0,67.25528941177407,38.22,67.25528941177407,38.22,33.44393793744795,22.414833820760496,0.21728348698691535,33.66122142443486,-29.035289411774066,4.558778575565136,11.396517653565624,0.0,0.0,190.6870622074174
489.0,56.025056514310506,38.22,56.025056514310506,38.22,31.38282522312767,13.160703241677892,0.6275344579670229,32.0103596810947,-17.805056514310508,6.209640318905304,11.481528049504941,0.0,0.0,202.51092216425815
490.0,39.61569737762854,38.22,39.61569737762854,38.22,27.25448031239587,3.7288770385644074,2.37429955407655,29.628779866472417,-1.3956973776285397,8.59122013352758,8.632340026668263,0.0,0.0,203.54571405176026
491.0,20.506593932696518,38.22,20.506593932696518,38.22,18.481595440902645,0.06864524192648125,7.295826972724585,25.77742241362723,17.71340606730348,12.442577586372769,1.9563532498673915,0.0,0.0,195.9203597634996
492.0,9.703047397900591e-15,38.22,9.703047397900591e-15,38.22,9.703047397900591e-15,0.0,20.359004635667937,20.359004635667947,38.21999999999999,17.860995364332055,0.0,0.0,0.0,174.46008458262054
493.0,0.0,38.22,0.0,38.22,0.0,0.0,18.789626613508062,18.789626613508062,38.22,19.430373386491937,0.0,0.0,0.0,154.65407908835328
494.0,0.0,38.22,0.0,38.22,0.0,0.0,17.153122824543708,17.153122824543708,38.22,21.06687717545629,0.0,0.0,0.0,136.573100051627
495.0,0.0,38.22,0.0,38.22,0.0,0.0,15.059052128597575,15.059052128597575,38.22,23.160947871402424,0.0,0.0,0.0,120.69946534176859
496.0,0.0,38.22,0.0,38.22,0.0,0.0,13.754436027268968,13.754436027268968,38.22,24.465563972731033,0.0,0.0,0.0,106.20101674935268
497.0,0.0,38.22,0.0,38.22,0.0,0.0,12.604850473687215,12.604850473687215,38.22,25.615149526312784,0.0,0.0,0.0,92.91433772845137
498.0,0.0,112.71863136265533,0.0,112.71863136265533,0.0,0.0,34.20167443007652,34.20167443007652,112.71863136265533,78.51695693257881,0.0,0.0,0.0,56.86260739825701
499.0,0.0,108.87823588984381,0.0,108.87823588984381,0.0,0.0,24.918633772970434,24.918633772970434,108.87823588984381,83.95960211687338,0.0,0.0,0.0,30.59606109752978
500.0,0.0,112.90416477824759,0.0,112.90416477824759,0.0,0.0,20.633468896079528,20.633468896079528,112.90416477824759,92.27069588216807,0.0,0.0,0.0,8.84647518357931
501.0,0.0,110.46950940466155,0.0,110.46950940466155,0.0,0.0,6.356027351937251,6.356027351937251,110.46950940466155,104.11348205272431,0.0,0.0,0.0,2.1466340827625268
502.0,0.0,38.22,0.0,38.22,0.0,0.0,0.5,0.5,38.22,37.72,0.0,0.0,0.0,1.6195878060677968
503.0,0.0,38.22,0.0,38.22,0.0,0.0,0.5,0.5,38.22,37.72,0.0,0.0,0.0,1.092541529373067
504.0,0.0,38.22,0.0,38.22,0.0,0.0,0.5,0.5,38.22,37.72,0.0,0.0,0.0,0.565495252678337
505.0,19.030865046115476,38.22,19.030865046115476,38.22,16.532425616375917,2.4984394297395593,0.32796601627457617,16.860391632650494,19.189134953884523,21.35960836734951,0.0,0.0,0.0,2.59001647534327
506.0,36.76480808932968,38.22,36.76480808932968,38.22,26.33927879788596,10.425529291443711,0.16765586424043977,26.5069346621264,1.4551919106703262,11.713065337873598,0.0,0.0,0.0,12.303817189444404
507.0,51.99329021797411,38.22,51.99329021797411,38.22,31.03791464492308,20.955375573051032,0.029994415833664634,31.067909060756747,-13.773290217974113,7.152090939243254,0.0,0.0,0.0,32.1522151096001
508.0,62.92938720757452,38.22,62.92938720757452,38.22,33.77222381980336,29.157163387771167,0.0,33.77222381980336,-24.709387207574526,4.447776180196643,0.0,0.0,0.0,59.81312903410854
509.0,69.16253494631887,38.22,69.16253494631887,38.22,35.07818154475227,33.21919175958396,0.0,35.07818154475227,-30.94253494631888,3.1418184552477304,0.8651616419826542,0.0,0.0,91.3276214311631
510.0,71.1790108417829,38.22,71.1790108417829,38.22,35.47956032966363,30.127792416651914,0.0,35.47956032966363,-32.959010841782906,2.7404396703363716,5.571658095467361,0.0,0.0,119.90935490397369
511.0,69.16253494631889,38.22,69.16253494631889,38.22,35.07818154475227,21.202631140821133,0.0,35.07818154475227,-30.942534946318883,3.1418184552477304,12.88172226074548,0.0,0.0,140.02393694199642
512.0,62.92938720757453,38.22,62.92938720757453,38.22,33.77222381980336,13.277167558448678,0.12917467109674052,33.9013984909001,-24.709387207574533,4.318601509099899,15.879995829322496,0.0,0.0,152.48360199122519
513.0,51.99329021797411,38.22,51.99329021797411,38.22,31.03791464492308,7.651642091061539,0.7716841010878246,31.809598746010906,-13.773290217974113,6.410401253989094,13.303733481989493,0.0,0.0,158.92916058114986
514.0,36.764808089329705,38.22,36.764808089329705,38.22,26.339278797885974,2.1137897695927443,2.119298008789724,28.458576806675698,1.4551919106702973,9.761423193324301,8.311739521850983,0.0,0.0,158.70054138167419
515.0,19.030865046115498,38.22,19.030865046115498,38.22,16.53242561637593,0.0,7.005257340526367,23.537682956902298,19.1891349538845,14.6823170430977,2.4984394297395665,0.0,0.0,151.3163517844485
516.0,9.004780909572862e-15,38.22,9.004780909572862e-15,38.22,9.004780909572862e-15,0.0,17.265280446937428,17.26528044693744,38.21999999999999,20.95471955306256,0.0,0.0,0.0,133.1171482331511
517.0,0.0,38.22,0.0,38.22,0.0,0.0,16.732526259813135,16.732526259813135,38.22,21.487473740186864,0.0,0.0,0.0,115.47951690328848
518.0,0.0,38.22,0.0,38.22,0.0,0.0,15.297092851259151,15.297092851259151,38.22,22.922907148740848,0.0,0.0,0.0,99.35496524026908
519.0,0.0,38.22,0.0,38.22,0.0,0.0,12.586897298069431,12.586897298069431,38.22,25.633102701930568,0.0,0.0,0.0,86.08721052809618
520.0,0.0,38.22,0.0,38.22,0.0,0.0,10.027640536434689,10.027640536434689,38.22,28.19235946356531,0.0,0.0,0.0,75.5171493105741
521.0,0.0,38.22,0.0,38.22,0.0,0.0,8.286450961862332,8.286450961862332,38.22,29.933549038137667,0.0,0.0,0.0,66.78246305764809
522.0,0.0,108.82830174306835,0.0,108.82830174306835,0.0,0.0,20.801509994007546,20.801509994007546,108.82830174306835,88.0267917490608,0.0,0.0,0.0,44.855746273708306
523.0,0.0,109.3065099216308,0.0,109.3065099216308,0.0,0.0,22.250625954617558,22.250625954617558,109.3065099216308,87.05588396701324,0.0,0.0,0.0,21.401527146691695
524.0,0.0,117.39498898866127,0.0,117.39498898866127,0.0,0.0,15.999868910151395,15.999868910151395,117.39498898866127,101.39512007850988,0.0,0.0,0.0,4.536184473293575
525.0,0.0,125.24472028919763,0.0,125.24472028919763,0.0,0.0,2.9801590193569427,2.9801590193569427,125.24472028919763,122.26456126984068,0.0,0.0,0.0,1.394821043072987
526.0,0.0,38.22,0.0,38.22,0.0,0.0,1.207302710376549,1.207302710376549,38.22,37.01269728962345,0.0,0.0,0.0,0.12221224637815498
527.0,0.0,38.22,0.0,38.22,0.0,0.0,0.11594071695619002,0.11594071695619002,38.22,38.10405928304381,0.0,0.0,0.0,0.0
528.0,0.0,38.22,0.0,38.22,0.0,0.0,0.0,0.0,38.22,38.22,0.0,0.0,0.0,0.0
529.0,17.50129542687148,38.22,17.50129542687148,38.22,16.484792151412407,1.016503275459074,0.0,16.484792151412407,20.71870457312852,21.735207848587592,0.0,0.0,0.0,0.9643396798416641
530.0,33.80990649265985,38.22,33.80990649265985,38.22,25.075179834477094,8.734726658182757,0.0,25.075179834477094,4.41009350734015,13.144820165522907,0.0,0.0,0.0,9.250828973496224
531.0,47.81442830448573,38.22,47.81442830448573,38.22,30.012664614765438,17.801763689720293,0.0,30.012664614765438,-9.594428304485731,8.207335385234561,0.0,0.0,0.0,26.139064861775957
532.0,57.50198252538074,38.22,57.50198252538074,38.22,32.66857910276572,24.83340342261502,0.0,32.66857910276572,-19.281982525380737,5.551420897234284,0.0,0.0,0.0,49.69809992256129
533.0,63.2122872664334,38.22,63.2122872664334,38.22,33.9810740131326,29.2312132533008,0.0,33.9810740131326,-24.9922872664334,4.238925986867399,0.0,0.0,0.0,77.42926371772057
534.0,65.15996587289744,38.22,65.15996587289744,38.22,34.39666530544441,30.763300567453033,0.0,34.39666530544441,-26.93996587289744,3.8233346945555926,0.0,0.0,0.0,106.61389315897117
535.0,63.21228726643341,38.22,63.21228726643341,38.22,33.9810740131326,25.7144903561217,0.0,33.9810740131326,-24.992287266433404,4.238925986867399,3.516722897179103,0.0,0.0,131.00880067770484
536.0,57.50198252538074,38.22,57.50198252538074,38.22,32.66857910276572,18.9264594522112,0.09203080456011588,32.760609907325836,-19.28198252538074,5.459390092674165,5.906943970403822,0.0,0.0,148.8670076654786
537.0,47.81442830448573,38.22,47.81442830448573,38.22,30.012664614765438,12.367832164106016,0.5983443802865548,30.611008995051993,-9.594428304485731,7.608991004948006,5.433931525614278,0.0,0.0,159.96945311703544
538.0,33.80990649265988,38.22,33.80990649265988,38.22,25.075179834477105,4.37692480950879,2.4214623795996295,27.496642214076733,4.4100935073401235,10.723357785923266,4.357801848673982,0.0,0.0,161.56932311799068
539.0,17.5012954268715,38.22,17.5012954268715,38.22,16.48479215141242,0.0,6.353845414320995,22.838637565733414,20.7187045731285,15.381362434266583,1.0165032754590777,0.0,0.0,154.87178198136715
540.0,8.281038753141441e-15,38.22,8.281038753141441e-15,38.22,8.281038753141441e-15,0.0,16.073732056707385,16.073732056707396,38.21999999999999,22.146267943292603,0.0,0.0,0.0,137.92858071521445
541.0,0.0,38.22,0.0,38.22,0.0,0.0,14.379590655582383,14.379590655582383,38.22,23.840409344417616,0.0,0.0,0.0,122.77116128437639
542.0,0.0,38.22,0.0,38.22,0.0,0.0,13.054642866819817,13.054642866819817,38.22,25.16535713318018,0.0,0.0,0.0,109.0103594513028
543.0,0.0,38.22,0.0,38.22,0.0,0.0,11.207254002022006,11.207254002022006,38.22,27.012745997977994,0.0,0.0,0.0,97.19687646382718
544.0,0.0,38.22,0.0,38.22,0.0,0.0,10.76,10.76,38.22,27.46,0.0,0.0,0.0,85.8548405893566
545.0,0.0,38.22,0.0,38.22,0.0,0.0,9.989134491011239,9.989134491011239,38.22,28.23086550898876,0.0,0.0,0.0,75.32536830757584
546.0,0.0,112.54612362028959,0.0,112.54612362028959,0.0,0.0,28.16852618857706,28.16852618857706,112.54612362028959,84.37759743171253,0.0,0.0,0.0,45.63313461224078
547.0,0.0,114.49816303077107,0.0,114.49816303077107,0.0,0.0,20.25602656945766,20.25602656945766,114.49816303077107,94.24213646131341,0.0,0.0,0.0,24.281407844116416
548.0,0.0,125.36180630810148,0.0,125.36180630810148,0.0,0.0,18.83331436945677,18.83331436945677,125.36180630810148,106.5284919386447,0.0,0.0,0.0,4.429351411629325
549.0,0.0,112.17647354602123,0.0,112.17647354602123,0.0,0.0,4.001768086111195,4.001768086111195,112.17647354602123,108.17470545991003,0.0,0.0,0.0,0.2111174716679245
550.0,0.0,38.22,0.0,38.22,0.0,0.0,0.2002836192980125,0.2002836192980125,38.22,38.019716380701986,0.0,0.0,0.0,0.0
551.0,0.0,38.22,0.0,38.22,0.0,0.0,0.0,0.0,38.22,38.22,0.0,0.0,0.0,0.0
552.0,0.0,38.22,0.0,38.22,0.0,0.0,0.0,0.0,38.22,38.22,0.0,0.0,0.0,0.0
553.0,21.82329786036771,38.22,21.82329786036771,38.22,18.240144733564904,3.5831531268028045,0.0,18.240144733564904,16.39670213963229,19.979855266435095,0.0,0.0,0.0,3.3992775257552954
554.0,42.15937403625627,38.22,42.15937403625627,38.22,26.661593440082317,15.497780596173953,0.0,26.661593440082317,-3.93937403625627,11.558406559917684,0.0,0.0,0.0,18.101763134196858
555.0,59.188373662389935,38.22,59.188373662389935,38.22,31.21044158030648,27.977932082083456,0.0,31.21044158030648,-20.968373662389936,7.009558419693518,0.0,0.0,0.0,44.64396001446107
556.0,70.71771326471072,38.22,70.71771326471072,38.22,33.6026814382839,37.11503182642682,0.0,33.6026814382839,-32.497713264710725,4.617318561716095,0.0,0.0,0.0,79.85437081480545
557.0,76.76019997230529,38.22,76.76019997230529,38.22,34.9970822380694,39.36373424022881,0.0,34.9970822380694,-38.540199972305295,3.222917761930594,2.399383494007079,0.0,0.0,117.19808803740965
558.0,74.62137830500039,38.22,74.62137830500039,38.22,33.936919882166244,29.744410250282712,1.5,35.436919882166244,-36.4013783050004,2.7830801178337574,10.940048172551444,0.0,0.0,143.83497442213115
559.0,72.7601999723053,38.22,72.7601999723053,38.22,33.4970822380694,18.855682563594318,1.5009105151796505,34.99799275324906,-34.540199972305295,3.2220072467509433,20.407435170641573,0.0,0.0,160.1409469462006
560.0,66.71771326471074,38.22,66.71771326471074,38.22,32.10268143828391,14.249450234076988,1.566323351015916,33.66900478929983,-28.497713264710733,4.550995210700177,20.365581592349837,0.0,0.0,172.00811260916552
561.0,55.687954688159486,38.22,55.687954688159486,38.22,29.71044158030648,9.780162781178612,1.7104279172670134,31.420869497573495,-17.467954688159484,6.799130502426506,16.19735032667439,0.0,0.0,179.48344036118434
562.0,39.684204042583886,38.22,39.684204042583886,38.22,25.161593440082328,2.4645191747842228,2.7326929034670835,27.89428634354941,-1.4642040425838887,10.32571365645059,12.05809142771734,0.0,0.0,178.94097729978247
563.0,20.54205559191032,38.22,20.54205559191032,38.22,16.958902465107506,0.1082269292200207,6.059720358219104,23.01862282332661,17.67794440808968,15.20137717667339,3.4749261975827945,0.0,0.0,172.65614427471155
564.0,9.719826691492157e-15,38.22,9.719826691492157e-15,38.22,9.719826691492157e-15,0.0,17.744104433430103,17.744104433430113,38.21999999999999,20.475895566569886,0.0,0.0,0.0,153.95221592486797
565.0,0.0,38.22,0.0,38.22,0.0,0.0,15.525976803514713,15.525976803514713,38.22,22.694023196485286,0.0,0.0,0.0,137.58639939218563
566.0,0.0,38.22,0.0,38.22,0.0,0.0,13.795389696886332,13.795389696886332,38.22,24.424610303113667,0.0,0.0,0.0,123.04478184159206
567.0,0.0,38.22,0.0,38.22,0.0,0.0,12.393936848189961,12.393936848189961,38.22,25.82606315181004,0.0,0.0,0.0,109.9804253027358
568.0,0.0,38.22,0.0,38.22,0.0,0.0,11.204914294065459,11.204914294065459,38.22,27.015085705934542,0.0,0.0,0.0,98.16940858399428
569.0,0.0,38.22,0.0,38.22,0.0,0.0,10.165544543272816,10.165544543272816,38.22,28.054455456727183,0.0,0.0,0.0,87.45398377978155
570.0,0.0,114.58327265788108,0.0,114.58327265788108,0.0,0.0,33.16787252495676,33.16787252495676,114.58327265788108,81.41540013292432,0.0,0.0,0.0,52.49197633945377
571.0,0.0,122.50224558870033,0.0,122.50224558870033,0.0,0.0,31.196632004542355,31.196632004542355,122.50224558870033,91.30561358415798,0.0,0.0,0.0,19.607838852634384
572.0,0.0,122.07387015592565,0.0,122.07387015592565,0.0,0.0,13.593488269848988,13.593488269848988,122.07387015592565,108.48038188607666,0.0,0.0,0.0,5.2790440927995945
573.0,0.0,108.44904957726654,0.0,108.44904957726654,0.0,0.0,3.7285335098532464,3.7285335098532464,108.44904957726654,104.72051606741329,0.0,0.0,0.0,1.348824685000221
574.0,0.0,38.22,0.0,38.22,0.0,0.0,0.5863947650152964,0.5863947650152964,38.22,37.63360523498471,0.0,0.0,0.0,0.7307103298510349
575.0,0.0,38.22,0.0,38.22,0.0,0.0,0.27999999999999997,0.27999999999999997,38.22,37.94,0.0,0.0,0.0,0.43556441490198616
576.0,0.0,38.22,0.0,38.22,0.0,0.0,0.27999999999999997,0.27999999999999997,38.22,37.94,0.0,0.0,0.0,0.14041849995293743
577.0,17.709169679139254,38.22,17.709169679139254,38.22,15.219385205800734,2.489784473338522,0.1332126856426586,15.352597891443393,20.510830320860745,22.867402108556607,0.0,0.0,0.0,2.3620169456017504
578.0,34.211488710431794,38.22,34.211488710431794,38.22,23.28253765253172,10.928951057900077,0.0,23.28253765253172,4.008511289568202,14.93746234746828,0.0,0.0,0.0,12.730130279443049
579.0,48.38235132326669,38.22,48.38235132326669,38.22,27.98341204034893,20.39893928291776,0.0,27.98341204034893,-10.162351323266689,10.236587959651068,0.0,0.0,0.0,32.08226327509365
580.0,58.63883115342952,38.22,58.63883115342952,38.22,30.820165083832652,27.81866606959687,0.0,30.820165083832652,-20.418831153429522,7.399834916167348,0.0,0.0,0.0,58.473367149364734
581.0,64.61577051806657,38.22,64.61577051806657,38.22,32.23410045850394,32.38167005956264,0.0,32.23410045850394,-26.39577051806657,5.985899541496064,0.0,0.0,0.0,89.19331669785419
582.0,66.61295865291775,38.22,66.61295865291775,38.22,32.6181621816435,28.042779755043846,0.0,32.6181621816435,-28.392958652917752,5.6018378183565005,5.952016716230409,0.0,0.0,115.79703348237337
583.0,64.61577051806658,38.22,64.61577051806658,38.22,32.23410045850394,18.623006039586837,0.02361958741983461,32.25772004592377,-26.395770518066577,5.96227995407623,13.758664019975804,0.0,0.0,133.43947104040987
584.0,58.63883115342953,38.22,58.63883115342953,38.22,30.820165083832656,14.320762103600527,0.15952059773417113,30.979685681566824,-20.41883115342953,7.240314318433175,13.497903965996347,0.0,0.0,146.8571893892666
585.0,48.38235132326669,38.22,48.38235132326669,38.22,27.98341204034893,8.910944574356526,0.68926774216874,28.67267978251767,-10.162351323266689,9.547320217482328,11.487994708561233,0.0,0.0,154.58430168250084
586.0,34.21148871043182,38.22,34.21148871043182,38.22,23.28253765253173,2.665278553977189,1.6974288507611772,24.979966503292907,4.008511289568174,13.240033496707092,8.263672503922905,0.0,0.0,155.32355981981544
587.0,17.709169679139276,38.22,17.709169679139276,38.22,15.219385205800746,0.0,4.625865284180371,19.84525048998112,20.510830320860723,18.37474951001888,2.4897844733385295,0.0,0.0,150.4474696707781
588.0,8.379398028659224e-15,38.22,8.379398028659224e-15,38.22,8.379398028659224e-15,0.0,14.513862719733964,14.513862719733972,38.21999999999999,23.706137280266027,0.0,0.0,0.0,135.14851505698962
589.0,0.0,38.22,0.0,38.22,0.0,0.0,12.611571796584707,12.611571796584707,38.22,25.60842820341529,0.0,0.0,0.0,121.85475113967316
590.0,0.0,38.22,0.0,38.22,0.0,0.0,11.420104577018027,11.420104577018027,38.22,26.799895422981972,0.0,0.0,0.0,109.81690394610958
591.0,0.0,38.22,0.0,38.22,0.0,0.0,10.93068085049109,10.93068085049109,38.22,27.28931914950891,0.0,0.0,0.0,98.29495465813015
592.0,0.0,38.22,0.0,38.22,0.0,0.0,9.607470045969109,9.607470045969109,38.22,28.61252995403089,0.0,0.0,0.0,88.16779202576183
593.0,0.0,38.22,0.0,38.22,0.0,0.0,8.361230144481828,8.361230144481828,38.22,29.858769855518172,0.0,0.0,0.0,79.35428159328805
594.0,0.0,115.78016021307337,0.0,115.78016021307337,0.0,0.0,31.181827814051164,31.181827814051164,115.78016021307337,84.59833239902221,0.0,0.0,0.0,46.48574909342439
595.0,0.0,116.68047272011935,0.0,116.68047272011935,0.0,0.0,25.592797003226572,25.592797003226572,116.68047272011935,91.08767571689278,0.0,0.0,0.0,19.50857235191517
596.0,0.0,108.74610648682582,0.0,108.74610648682582,0.0,0.0,13.908153561645218,13.908153561645218,108.74610648682582,94.83795292518062,0.0,0.0,0.0,4.848091251187855
597.0,0.0,112.82959792011313,0.0,112.82959792011313,0.0,0.0,4.183835424468391,4.183835424468391,112.82959792011313,108.64576249564475,0.0,0.0,0.0,0.4379414856486936
598.0,0.0,38.22,0.0,38.22,0.0,0.0,0.4154677729583444,0.4154677729583444,38.22,37.804532227041655,0.0,0.0,0.0,0.0
599.0,0.0,38.22,0.0,38.22,0.0,0.0,0.0,0.0,38.22,38.22,0.0,0.0,0.0,0.0
600.0,0.0,38.22,0.0,38.22,0.0,0.0,0.0,0.0,38.22,38.22,0.0,0.0,0.0,0.0
601.0,22.059091083363988,38.22,22.059091083363988,38.22,19.893662927194192,2.1654281561697957,0.0,19.893662927194192,16.16090891663601,18.326337072805806,0.0,0.0,0.0,2.0543055248866047
602.0,42.61489156376836,38.22,42.61489156376836,38.22,28.112586887282397,14.502304676485963,0.0,28.112586887282397,-4.394891563768359,10.107413112717603,0.0,0.0,0.0,15.812399754708698
603.0,59.10510593098562,38.22,59.10510593098562,38.22,31.683847072763747,27.42125885822188,0.0,31.683847072763747,-20.885105930985624,6.536152927236253,0.0,0.0,0.0,41.8264900450235
604.0,70.45174697539365,38.22,70.45174697539365,38.22,33.65950353391964,36.79224344147401,0.0,33.65950353391964,-32.23174697539365,4.560496466080358,0.0,0.0,0.0,76.73067689575845
605.0,76.86432663366892,38.22,76.86432663366892,38.22,34.60518116572418,42.25914546794475,0.0,34.60518116572418,-38.644326633668925,3.6148188342758196,0.0,0.0,0.0,116.82122239108469
606.0,78.87028287889612,38.22,78.87028287889612,38.22,34.856108540170126,44.014174338725994,0.0,34.856108540170126,-40.65028287889613,3.3638914598298726,0.0,0.0,0.0,158.57673446371754
607.0,76.86432663366892,38.22,76.86432663366892,38.22,34.60518116572418,35.49837509323908,0.001637021160158847,34.60681818688434,-38.64432663366893,3.613181813115661,6.760770374705668,0.0,0.0,192.25172445079116
608.0,70.45174697539366,38.22,70.45174697539366,38.22,33.65950353391964,24.83970481657272,0.125725723902563,33.78522925782221,-32.23174697539366,4.434770742177793,11.952538624901294,0.0,0.0,215.68421098944341
609.0,59.10510593098562,38.22,59.10510593098562,38.22,31.683847072763747,16.7132057420477,0.45825418745549923,32.14210126021925,-20.885105930985624,6.077898739780753,10.708053116174177,0.0,0.0,231.05670780724964
610.0,42.61489156376839,38.22,42.61489156376839,38.22,28.112586887282404,4.564745496217866,1.7880691354551843,29.90065602273759,-4.394891563768392,8.319343977262411,9.93755918026812,0.0,0.0,233.50241525873398
611.0,22.059091083364017,38.22,22.059091083364017,38.22,19.893662927194207,0.060249032504472944,6.18470365163413,26.078366578828337,16.160908916635986,12.141633421171662,2.1051791236653337,0.0,0.0,227.04032244548654
612.0,1.0437638109916095e-14,38.22,1.0437638109916095e-14,38.22,1.0437638109916095e-14,0.0,21.663159956855676,21.663159956855687,38.219999999999985,16.556840043144312,0.0,0.0,0.0,204.20534685208023
613.0,0.0,38.22,0.0,38.22,0.0,0.0,20.783890099867428,20.783890099867428,38.22,17.43610990013257,0.0,0.0,0.0,182.29720306734507
614.0,0.0,38.22,0.0,38.22,0.0,0.0,18.980584079857323,18.980584079857323,38.22,19.23941592014268,0.0,0.0,0.0,162.28991072978494
615.0,0.0,38.22,0.0,38.22,0.0,0.0,18.213089100248272,18.213089100248272,38.22,20.006910899751727,0.0,0.0,0.0,143.0916291349945
616.0,0.0,38.22,0.0,38.22,0.0,0.0,16.832611075997235,16.832611075997235,38.22,21.387388924002767,0.0,0.0,0.0,125.34849914568488
617.0,0.0,38.22,0.0,38.22,0.0,0.0,16.04,16.04,38.22,22.18,0.0,0.0,0.0,108.44085458931795
618.0,0.0,123.84603298641218,0.0,123.84603298641218,0.0,0.0,47.90328649432395,47.90328649432395,123.84603298641218,75.94274649208825,0.0,0.0,0.0,57.9463570127692
619.0,0.0,102.2636822427992,0.0,102.2636822427992,0.0,0.0,33.05827561816881,33.05827561816881,102.2636822427992,69.2054066246304,0.0,0.0,0.0,23.09987485576111
620.0,0.0,108.65286700939863,0.0,108.65286700939863,0.0,0.0,16.90174947730355,16.90174947730355,108.65286700939863,91.75111753209508,0.0,0.0,0.0,5.283866592481245
621.0,0.0,109.02843284755768,0.0,109.02843284755768,0.0,0.0,4.308985638691988,4.308985638691988,109.02843284755768,104.7194472088657,0.0,0.0,0.0,0.7417969180738951
622.0,0.0,38.22,0.0,38.22,0.0,0.0,0.27999999999999997,0.27999999999999997,38.22,37.94,0.0,0.0,0.0,0.4466510031248464
623.0,0.0,38.22,0.0,38.22,0.0,0.0,0.27999999999999997,0.27999999999999997,38.22,37.94,0.0,0.0,0.0,0.15150508817579766
624.0,0.0,38.22,0.0,38.22,0.0,0.0,0.14373034672204962,0.14373034672204962,38.22,38.07626965327795,0.0,0.0,0.0,0.0
625.0,21.293623283467877,38.22,21.293623283467877,38.22,19.51681474862445,1.7768085348434242,0.0,19.51681474862445,16.926376716532122,18.703185251375547,0.0,0.0,0.0,1.6856285808395608
626.0,41.136121329543705,38.22,41.136121329543705,38.22,27.25438984079751,13.881731488746192,0.0,27.25438984079751,-2.9161213295437034,10.96561015920249,0.0,0.0,0.0,14.854995392234967
627.0,56.588690092083404,38.22,56.588690092083404,38.22,30.696879866302258,25.891810225781146,0.0,30.696879866302258,-18.368690092083405,7.523120133697742,0.0,0.0,0.0,39.418123309727044
628.0,68.4573746284683,38.22,68.4573746284683,38.22,34.25601620075045,34.20135842771786,0.0,34.25601620075045,-30.237374628468306,3.9639837992495486,0.0,0.0,0.0,71.86438082074216
629.0,74.7384433676044,38.22,74.7384433676044,38.22,35.437834014635925,39.30060935296847,0.0,35.437834014635925,-36.5184433676044,2.7821659853640734,0.0,0.0,0.0,109.14821251711115
630.0,76.81051129284747,38.22,76.81051129284747,38.22,35.776195847305495,41.03431544554197,0.0,35.776195847305495,-38.59051129284747,2.443804152694506,0.0,0.0,0.0,148.07678222723305
631.0,74.7384433676044,38.22,74.7384433676044,38.22,35.437834014635925,36.712706050848624,0.00047565281686012817,35.438309667452785,-36.518443367604405,2.781690332547213,2.5879033021198516,0.0,0.0,182.90501190181894
632.0,68.45737462846832,38.22,68.45737462846832,38.22,34.25601620075045,28.66450075904936,0.11212233862609897,34.36813853937655,-30.237374628468313,3.8518614606234474,5.5368576686685,0.0,0.0,209.98035769667095
633.0,58.09725335230012,38.22,58.09725335230012,38.22,32.196879866302254,18.77690080192587,0.17886811516202328,32.37574798146428,-19.877253352300126,5.844252018535719,7.123472684071997,0.0,0.0,227.60514632837823
634.0,42.202836640691864,38.22,42.202836640691864,38.22,28.32110515194565,4.323905777637112,1.4649606485114703,29.78606580045712,-3.982836640691865,8.433934199542879,9.557825711109103,0.0,0.0,230.16295941136212
635.0,21.845795759923096,38.22,21.845795759923096,38.22,20.06898722507966,0.09604904348976767,6.375818489504947,26.444805714584607,16.374204240076903,11.775194285415392,1.6807594913536672,0.0,0.0,223.5333767431646
636.0,1.0336713761392379e-14,38.22,1.0336713761392379e-14,38.22,1.0336713761392379e-14,0.0,21.831228244830495,21.831228244830506,38.21999999999999,16.388771755169493,0.0,0.0,0.0,200.52124161894315
637.0,0.0,38.22,0.0,38.22,0.0,0.0,20.300245222856933,20.300245222856933,38.22,17.919754777143066,0.0,0.0,0.0,179.1229042975497
638.0,0.0,38.22,0.0,38.22,0.0,0.0,18.211608340503446,18.211608340503446,38.22,20.008391659496553,0.0,0.0,0.0,159.92618356057963
639.0,0.0,38.22,0.0,38.22,0.0,0.0,17.628646847181273,17.628646847181273,38.22,20.591353152818726,0.0,0.0,0.0,141.3439581926333
640.0,0.0,38.22,0.0,38.22,0.0,0.0,16.39493951249318,16.39493951249318,38.22,21.825060487506818,0.0,0.0,0.0,124.0621745392436
641.0,0.0,38.22,0.0,38.22,0.0,0.0,15.888720442577604,15.888720442577604,38.22,22.331279557422395,0.0,0.0,0.0,107.31399263783567
642.0,0.0,110.14126312754762,0.0,110.14126312754762,0.0,0.0,42.03235305990214,42.03235305990214,110.14126312754762,68.10891006764548,0.0,0.0,0.0,63.00800227595615
643.0,0.0,115.46344956049671,0.0,115.46344956049671,0.0,0.0,34.25680993023378,34.25680993023378,115.46344956049671,81.20663963026293,0.0,0.0,0.0,26.898154025618627
644.0,0.0,107.5067865726204,0.0,107.5067865726204,0.0,0.0,17.04636222648818,17.04636222648818,107.5067865726204,90.46042434613223,0.0,0.0,0.0,8.929710540298062
645.0,0.0,115.9884860635115,0.0,115.9884860635115,0.0,0.0,8.117185805887914,8.117185805887914,115.9884860635115,107.87130025762359,0.0,0.0,0.0,0.3734454278329906
646.0,0.0,38.22,0.0,38.22,0.0,0.0,0.35428144011848667,0.35428144011848667,38.22,37.865718559881515,0.0,0.0,0.0,0.0
647.0,0.0,38.22,0.0,38.22,0.0,0.0,0.0,0.0,38.22,38.22,0.0,0.0,0.0,0.0
648.0,0.0,38.22,0.0,38.22,0.0,0.0,0.0,0.0,38.22,38.22,0.0,0.0,0.0,0.0
649.0,18.25207204472309,38.22,18.25207204472309,38.22,16.50591060353905,1.7461614411840376,0.0,16.50591060353905,19.96792795527691,21.71408939646095,0.0,0.0,0.0,1.6565541949511111
650.0,35.26029554257351,38.22,35.26029554257351,38.22,26.1653671872406,9.094928355332906,0.0,26.1653671872406,2.959704457426493,12.0546328127594,0.0,0.0,0.0,10.284760822621468
651.0,49.85998626801354,38.22,49.85998626801354,38.22,30.220701436040024,19.63928483197352,0.0,30.220701436040024,-11.639986268013544,7.999298563959974,0.0,0.0,0.0,28.916222328371536
652.0,60.16678298383828,38.22,60.16678298383828,38.22,32.39518824192712,27.77159474191116,0.0,32.39518824192712,-21.946782983838283,5.824811758072876,0.0,0.0,0.0,55.26267042025012
653.0,66.49476599924715,38.22,66.49476599924715,38.22,33.19966537473871,32.3142870432415,0.0,33.19966537473871,-28.27476599924715,5.020334625261296,0.9808135812669461,0.0,0.0,85.91869482658345
654.0,68.55823791768219,38.22,68.55823791768219,38.22,33.46986911237885,30.23528826694244,0.0,33.46986911237885,-30.33823791768219,4.750130887621147,4.853080538360894,0.0,0.0,114.60240781717441
655.0,66.49476599924715,38.22,66.49476599924715,38.22,33.19966537473871,25.208869619453235,0.0,33.19966537473871,-28.274765999247155,5.020334625261296,8.086231005055216,0.0,0.0,138.5176413878827
656.0,60.16678298383829,38.22,60.16678298383829,38.22,32.39518824192712,16.814402515282456,0.012279858078519723,32.407468100005644,-21.94678298383829,5.8125318999943545,10.957192226628708,0.0,0.0,154.45624011387247
657.0,49.85998626801354,38.22,49.85998626801354,38.22,30.220701436040024,11.092812295940877,0.9253112213652447,31.14601265740527,-11.639986268013544,7.07398734259473,8.54647253603264,0.0,0.0,164.00444219943216
658.0,35.26029554257353,38.22,35.26029554257353,38.22,26.16536718724061,2.4990563132248713,2.7860931136708262,28.951460300911435,2.959704457426466,9.268539699088564,6.595872042108052,0.0,0.0,163.4384551805062
659.0,18.25207204472311,38.22,18.25207204472311,38.22,16.505910603539068,0.0,7.998080896529739,24.503991500068807,19.96792795527689,13.716008499931192,1.746161441184042,0.0,0.0,155.0077376660677
660.0,8.636281614640467e-15,38.22,8.636281614640467e-15,38.22,8.636281614640467e-15,0.0,18.051204334187485,18.051204334187496,38.21999999999999,20.168795665812503,0.0,0.0,0.0,135.98009759768914
661.0,0.0,38.22,0.0,38.22,0.0,0.0,17.60071067037904,17.60071067037904,38.22,20.61928932962096,0.0,0.0,0.0,117.42731954568019
662.0,0.0,38.22,0.0,38.22,0.0,0.0,17.4,17.4,38.22,20.82,0.0,0.0,0.0,99.08610911670358
663.0,0.0,38.22,0.0,38.22,0.0,0.0,13.84674184675653,13.84674184675653,38.22,24.37325815324347,0.0,0.0,0.0,84.49036164733133
664.0,0.0,38.22,0.0,38.22,0.0,0.0,12.161573812439908,12.161573812439908,38.22,26.05842618756009,0.0,0.0,0.0,71.67093725414215
665.0,0.0,38.22,0.0,38.22,0.0,0.0,9.337612752894882,9.337612752894882,38.22,28.882387247105118,0.0,0.0,0.0,61.8282291848812
666.0,0.0,118.61870982694033,0.0,118.61870982694033,0.0,0.0,24.329967713434932,24.329967713434932,118.61870982694033,94.2887421135054,0.0,0.0,0.0,36.18219139394346
667.0,0.0,110.75561199674266,0.0,110.75561199674266,0.0,0.0,19.29026685020124,19.29026685020124,110.75561199674266,91.46534514654141,0.0,0.0,0.0,15.848464754250777
668.0,0.0,123.23933284257251,0.0,123.23933284257251,0.0,0.0,13.690790204681589,13.690790204681589,123.23933284257251,109.54854263789092,0.0,0.0,0.0,1.417104749478556
669.0,0.0,102.27630437175466,0.0,102.27630437175466,0.0,0.0,1.3443836074183637,1.3443836074183637,102.27630437175466,100.9319207643363,0.0,0.0,0.0,0.0
670.0,0.0,38.22,0.0,38.22,0.0,0.0,0.0,0.0,38.22,38.22,0.0,0.0,0.0,0.0
671.0,0.0,38.22,0.0,38.22,0.0,0.0,0.0,0.0,38.22,38.22,0.0,0.0,0.0,0.0
672.0,0.0,38.22,0.0,38.22,0.0,0.0,0.0,0.0,38.22,38.22,0.0,0.0,0.0,0.0
673.0,17.810887939936393,38.22,17.810887939936393,38.22,16.64616877664135,1.1647191632950413,0.0,16.64616877664135,20.409112060063606,21.57383122335865,0.0,0.0,0.0,1.1049496171373745
674.0,34.40799330065012,38.22,34.40799330065012,38.22,26.341148373171112,8.066844927479007,0.0,26.341148373171112,3.8120066993498805,11.878851626828888,0.0,0.0,0.0,8.757830667800217
675.0,47.79484443025669,38.22,47.79484443025669,38.22,30.984410385949985,16.810434044306703,0.0,30.984410385949985,-9.57484443025669,7.235589614050014,0.0,0.0,0.0,24.70560867861374
676.0,57.63751110934937,38.22,57.63751110934937,38.22,33.497926424493855,24.13958468485552,0.0,33.497926424493855,-19.417511109349373,4.722073575506148,0.0,0.0,0.0,47.60642949101214
677.0,63.65601349311819,38.22,63.65601349311819,38.22,34.625509037503946,29.030504455614242,0.0,34.625509037503946,-25.43601349311819,3.594490962496054,0.0,0.0,0.0,75.1471842020344
678.0,65.61934506600744,38.22,65.61934506600744,38.22,34.963649183633414,30.2782222825439,0.0,34.963649183633414,-27.399345066007445,3.2563508163665826,0.37747359983012974,0.0,0.0,103.8716279761447
679.0,63.656013493118195,38.22,63.656013493118195,38.22,34.625509037503946,24.61569543755699,0.0,34.625509037503946,-25.436013493118192,3.594490962496054,4.414809018057255,0.0,0.0,127.22412710765325
680.0,57.63751110934938,38.22,57.63751110934938,38.22,33.497926424493855,19.4858707128725,0.13620586677739133,33.63413229127124,-19.41751110934938,4.585867708728754,4.653713971983027,0.0,0.0,145.56647361102904
681.0,47.79484443025669,38.22,47.79484443025669,38.22,30.984410385949985,11.667338494874652,0.8382696673762675,31.822680053326252,-9.57484443025669,6.397319946673747,5.143095549432051,0.0,0.0,155.75146895970488
682.0,34.40799330065015,38.22,34.40799330065015,38.22,26.341148373171123,3.3932721476798586,2.2765313762317794,28.6176797494029,3.812006699349854,9.6023202505971,4.673572779799165,0.0,0.0,156.57093480070537
683.0,17.81088793993641,38.22,17.81088793993641,38.22,16.646168776641364,0.08646598435552211,7.538127267920868,24.184296044562235,20.40911206006359,14.035703955437766,1.0782531789395242,0.0,0.0,148.70707981629553
684.0,8.42752777214495e-15,38.22,8.42752777214495e-15,38.22,8.42752777214495e-15,0.0,18.126222082503208,18.126222082503215,38.21999999999999,20.093777917496784,0.0,0.0,0.0,129.6003640980453
685.0,0.0,38.22,0.0,38.22,0.0,0.0,16.62391534789601,16.62391534789601,38.22,21.59608465210399,0.0,0.0,0.0,112.07721872165138
686.0,0.0,38.22,0.0,38.22,0.0,0.0,14.3456583703504,14.3456583703504,38.22,23.8743416296496,0.0,0.0,0.0,96.95556705999586
687.0,0.0,38.22,0.0,38.22,0.0,0.0,13.400011614159503,13.400011614159503,38.22,24.819988385840496,0.0,0.0,0.0,82.83071460217805
688.0,0.0,38.22,0.0,38.22,0.0,0.0,11.670040344180686,11.670040344180686,38.22,26.549959655819315,0.0,0.0,0.0,70.52941197762262
689.0,0.0,38.22,0.0,38.22,0.0,0.0,9.604183540615889,9.604183540615889,38.22,28.61581645938411,0.0,0.0,0.0,60.40571362607379
690.0,0.0,124.91252024983591,0.0,124.91252024983591,0.0,0.0,26.28291322198358,26.28291322198358,124.91252024983591,98.62960702785233,0.0,0.0,0.0,32.70109051739953
691.0,0.0,109.85025196889983,0.0,109.85025196889983,0.0,0.0,17.971991920975945,17.971991920975945,109.85025196889983,91.87826004792389,0.0,0.0,0.0,13.756947663923247
692.0,0.0,107.10634978730971,0.0,107.10634978730971,0.0,0.0,9.748811060028105,9.748811060028105,107.10634978730971,97.35753872728161,0.0,0.0,0.0,3.480798521146815
693.0,0.0,102.90543840561962,0.0,102.90543840561962,0.0,0.0,1.8592624922449035,1.8592624922449035,102.90543840561962,101.04617591337473,0.0,0.0,0.0,1.520963773275134
694.0,0.0,38.22,0.0,38.22,0.0,0.0,0.5,0.5,38.22,37.72,0.0,0.0,0.0,0.9939174965804041
695.0,0.0,38.22,0.0,38.22,0.0,0.0,0.5,0.5,38.22,37.72,0.0,0.0,0.0,0.46687121988567415
696.0,0.0,38.22,0.0,38.22,0.0,0.0,0.44291292864600795,0.44291292864600795,38.22,37.77708707135399,0.0,0.0,0.0,0.0
697.0,21.498734101949506,38.22,21.498734101949506,38.22,18.081302026246142,3.4174320757033607,0.0,18.081302026246142,16.721265898050497,20.138697973753857,0.0,0.0,0.0,3.2420607324418773
698.0,41.532365003189085,38.22,41.532365003189085,38.22,25.978119794585865,15.554245208603223,0.0,25.978119794585865,-3.3123650031890883,12.241880205414136,0.0,0.0,0.0,17.998113375625987
699.0,57.897257576417815,38.22,57.897257576417815,38.22,30.566312123790343,27.330945452627475,0.0,30.566312123790343,-19.677257576417816,7.6536878762096565,0.0,0.0,0.0,43.92652484646331
700.0,69.55950172474576,38.22,69.55950172474576,38.22,32.664744895253314,36.89475682949245,0.0,32.664744895253314,-31.339501724745766,5.5552551047466885,0.0,0.0,0.0,78.92796443623793
701.0,76.47844178014549,38.22,76.47844178014549,38.22,33.81755877602966,42.66088300411584,0.0,33.81755877602966,-38.258441780145496,4.402441223970347,0.0,0.0,0.0,119.39963162232965
702.0,78.61189020330261,38.22,78.61189020330261,38.22,34.204099596266964,40.039831095270074,0.0,34.204099596266964,-40.391890203302616,4.015900403733036,4.367959511765578,0.0,0.0,157.38475063917596
703.0,76.4784417801455,38.22,76.4784417801455,38.22,33.81755877602966,26.01533620906981,0.0,33.81755877602966,-38.258441780145496,4.402441223970347,16.645546795046034,0.0,0.0,182.06506559388927
704.0,69.55950172474577,38.22,69.55950172474577,38.22,32.664744895253314,14.974043288761106,0.019533538174673237,32.684278433427984,-31.33950172474577,5.535721566572013,21.920713540731352,0.0,0.0,196.25010020909104
705.0,57.897257576417815,38.22,57.897257576417815,38.22,30.566312123790343,8.639172466247205,0.3018619751889945,30.86817409897934,-19.677257576417816,7.351825901020662,18.69177298638027,0.0,0.0,204.1277483765995
706.0,41.53236500318912,38.22,41.53236500318912,38.22,25.978119794585876,2.529064470394974,2.33132744461905,28.309447239204925,-3.3123650031891207,9.910552760795074,13.025180738208272,0.0,0.0,204.06959470047073
707.0,21.498734101949527,38.22,21.498734101949527,38.22,18.081302026246156,0.041988524170556374,7.144418496317139,25.225720522563293,16.721265898050472,12.994279477436706,3.3754435515328165,0.0,0.0,196.57855017679532
708.0,1.0172495572435016e-14,38.22,1.0172495572435016e-14,38.22,1.0172495572435016e-14,0.0,19.069168589598256,19.069168589598267,38.21999999999999,19.150831410401736,0.0,0.0,0.0,176.4778815671716
709.0,0.0,38.22,0.0,38.22,0.0,0.0,17.089030124162534,17.089030124162534,38.22,21.130969875837465,0.0,0.0,0.0,158.46446216864373
710.0,0.0,38.22,0.0,38.22,0.0,0.0,14.241298651410396,14.241298651410396,38.22,23.978701348589603,0.0,0.0,0.0,143.45281530959667
711.0,0.0,38.22,0.0,38.22,0.0,0.0,12.085237969883561,12.085237969883561,38.22,26.134762030116438,0.0,0.0,0.0,130.71385595960288
712.0,0.0,38.22,0.0,38.22,0.0,0.0,11.428484115171967,11.428484115171967,38.22,26.791515884828033,0.0,0.0,0.0,118.66717595727039
713.0,0.0,38.22,0.0,38.22,0.0,0.0,11.28,11.28,38.22,26.94,0.0,0.0,0.0,106.77701195503728
714.0,0.0,116.54523741795225,0.0,116.54523741795225,0.0,0.0,38.301755356566225,38.301755356566225,116.54523741795225,78.24348206138603,0.0,0.0,0.0,66.40341685193597
715.0,0.0,109.9349958402389,0.0,109.9349958402389,0.0,0.0,28.144316842699634,28.144316842699634,109.9349958402389,81.79067899753927,0.0,0.0,0.0,36.73670204781274
716.0,0.0,113.33572700980649,0.0,113.33572700980649,0.0,0.0,18.851388209327737,18.851388209327737,113.33572700980649,94.48433880047875,0.0,0.0,0.0,16.865594115306507
717.0,0.0,104.92702984502871,0.0,104.92702984502871,0.0,0.0,10.000747854805976,10.000747854805976,104.92702984502871,94.92628199022275,0.0,0.0,0.0,6.3238802732299115
718.0,0.0,38.22,0.0,38.22,0.0,0.0,3.0309591795390807,3.0309591795390807,38.22,35.18904082046092,0.0,0.0,0.0,3.12896877245034
719.0,0.0,38.22,0.0,38.22,0.0,0.0,1.592324451229879,1.592324451229879,38.22,36.62767554877012,0.0,0.0,0.0,1.4505114258289664
