season,strategy,generation_kwh,consumption_kwh,avg_generation_kwh_per_day,avg_consumption_kwh_per_day,avg_generation_kwh_per_step,avg_consumption_kwh_per_step,grid_import_kwh,grid_export_kwh,curtailed_kwh,unmet_load_kwh,solar_used_kwh,battery_charge_kwh,battery_discharge_kwh,self_consumed_kwh,self_consumption_ratio,self_sufficiency_ratio,avg_net_load_kwh,max_net_load_kwh,min_net_load_kwh,unmet_events,unmet_pct_time,unmet_hours,avg_soc_kwh,min_soc_kwh,max_soc_kwh,soc_full_events,soc_empty_events,avg_cloud,peak_load_kw,peak_gen_kw,inverter_failed_hours_step,inverter_failures,inverter_downtime_hours,avg_failure_duration_hours,batt_in_kwh,batt_out_kwh,batt_eff_real,net_cost,household_id,household_type,wealth_level,wealth_multiplier
Spring,LOAD_PRIORITY,302.71442864331556,372.63828983848623,10.090480954777185,12.42127632794954,0.4204367064490494,0.5175531803312309,140.24710147001156,58.56208631614331,0.0,0.0,88.59347081817646,155.55887150899582,143.79771755029827,232.39118836847473,0.7676911517233895,0.623637437980946,0.0971164738821815,3.26836414072029,-2.5307281711645513,0,0.0,0.0,2.7349213853710106,-1.3877787807814457e-17,8.0,60,201,0.557187660148511,3.26836414072029,2.810728171164551,0.0,0,0.0,0.0,155.5588715089958,143.79771755029844,0.9243941933712394,52.47944841797969,1,apartment,low,0.8
Spring,LOAD_PRIORITY,337.63781030767393,544.4985793004424,11.254593676922465,18.14995264334808,0.4689414032051027,0.7562480268061701,279.2549891787762,63.99541400926623,0.0,0.0,142.22016962846752,131.42222666994013,123.0234204931987,265.2435901216662,0.7855861577823936,0.48713366793802154,0.28730662360106746,3.49784740523818,-3.5,0,0.0,0.0,2.098167631274496,0.0,10.0,39,354,0.6675053347885713,3.49784740523818,4.0,14.0,1,14.07037741858882,14.07037741858882,131.42222666994022,123.02342049319869,0.9360929548254066,151.84536927574254,2,small_family,middle,1.0
Spring,LOAD_PRIORITY,569.3283153722801,778.5133944668078,18.97761051240934,25.950446482226926,0.7907337713503891,1.0812686034261219,290.52382198133813,62.38749971409876,0.0,0.0,253.39226131265337,253.5485543455281,234.5973111728163,487.98957248546964,0.8571320963833959,0.6268223205326948,0.2905348320757327,3.8397234855276277,-3.16,0,0.0,0.0,3.93595004593539,-2.220446049250313e-16,13.5,52,279,0.5423102757598078,3.8397234855276277,4.0,0.0,0,0.0,0.0,253.5485543455283,234.59731117281657,0.9252559604544796,161.7441167433147,3,family_house,high,1.2
Spring,LOAD_PRIORITY,599.517965863597,1265.8884471037802,19.983932195453235,42.196281570126004,0.8326638414772182,1.7581783987552504,684.1982982932641,6.994685975383848,0.0,0.0,398.81047228669564,193.71280760151757,182.87967652382042,581.6901488105161,0.9702630812282661,0.4595113812290191,0.9255145572780321,4.498717250632354,-2.5,0,0.0,0.0,2.46650942091473,0.0,18.0,10,428,0.5959212197613185,4.498717250632354,4.0,0.0,0,0.0,0.0,193.71280760151757,182.8796765238206,0.944076330254933,506.8535063421026,4,luxury_house,luxury,1.5
Spring,LOAD_PRIORITY,244.16180590132794,399.17324287981296,8.138726863377597,13.305774762660432,0.3391136193073999,0.554407281777518,188.85948977215733,23.682118717752175,0.0,0.0,80.87301450235427,139.6066726812215,129.44073860530142,210.31375310765566,0.8613704028411752,0.5268733735516912,0.21529366247011816,3.2767069996880163,-2.1974962408130874,0,0.0,0.0,2.2572329763993384,0.0,8.0,34,260,0.6070039065473752,3.2767069996880163,2.477496240813087,66.0,1,66.07923173692342,66.07923173692342,139.60667268122143,129.4407386053016,0.9271816032810066,120.33071048314105,5,apartment,low,0.8
Spring,LOAD_PRIORITY,416.5236966589644,548.4748498479305,13.88412322196548,18.282494994931017,0.5785051342485616,0.7617706247887923,221.1935562215831,75.43816653374512,0.0,0.0,155.60900023397522,185.47652989124404,171.67229339237218,327.2812936263474,0.7857447157305778,0.5967115788756568,0.18326549054023075,3.4838832675827707,-3.382887761066843,0,0.0,0.0,2.9429985844743656,-4.440892098500626e-16,10.0,46,242,0.593804555781574,3.4838832675827707,3.882887761066843,0.0,0,0.0,0.0,185.47652989124396,171.67229339237218,0.9255742141231237,98.00081728581671,6,small_family,middle,1.0
Spring,LOAD_PRIORITY,502.9490892963752,770.1764988736905,16.764969643212506,25.67254996245635,0.6985404018005211,1.0696895817690146,348.4598731401411,68.25288381307193,0.0,0.0,240.8642853673548,193.8319201159486,180.85234036619474,421.71662573354945,0.8384877012572589,0.5475584185576549,0.3711491799684934,3.7451958759344235,-3.16,0,0.0,0.0,3.00338476684334,0.0,13.5,41,333,0.5914646320842565,3.7451958759344235,4.0,0.0,0,0.0,0.0,193.83192011594858,180.85234036619505,0.933036933535048,199.91730942334107,7,family_house,high,1.2
Spring,LOAD_PRIORITY,648.5174556871025,1260.8876497342053,21.617248522903417,42.02958832447351,0.900718688454309,1.751232846853063,636.2799926717845,7.3173957541653785,0.0,0.0,389.8945344032278,251.3055255297093,234.71312265919303,624.6076570624209,0.9631316036060291,0.4953713815771675,0.8505141583987541,4.483576053714874,-2.5,0,0.0,0.0,3.4096643846328347,-5.551115123125783e-17,18.0,12,408,0.5592508893895631,4.483576053714874,4.0,0.0,0,0.0,0.0,251.30552552970937,234.71312265919295,0.9339751768866106,470.6243383250896,8,luxury_house,luxury,1.5
Spring,LOAD_PRIORITY,275.24413447357335,398.1435376333093,9.174804482452446,13.271451254443642,0.3822835201021852,0.5529771356018185,183.7875660119236,51.15828546280184,0.0,0.0,88.83974319489306,135.24610581587842,125.51622842649263,214.35597162138566,0.7787848850307338,0.5383886748371834,0.17069361549963327,3.2787851318031604,-2.394697183264663,0,0.0,0.0,2.1788434928377733,-2.220446049250313e-16,8.0,41,233,0.5973713583363669,3.2787851318031604,2.6746971832646627,0.0,0,0.0,0.0,135.24610581587845,125.51622842649279,0.9280579848810454,91.79821759242104,9,apartment,low,0.8
Spring,LOAD_PRIORITY,345.1993103122338,539.084038220973,11.506643677074461,17.969467940699097,0.4794434865447692,0.7487278308624624,236.54182927914263,30.43970480533809,0.0,0.0,145.15147495371616,169.6081305531796,157.3907339881142,302.5422089418304,0.8764276170429774,0.5612152976004401,0.26928434431769327,3.47184721268342,-2.7267849310517596,0,0.0,0.0,2.5182147891691113,-5.551115123125783e-17,10.0,24,254,0.627472060848796,3.47184721268342,3.2267849310517596,47.0,1,52.78034782501657,52.78034782501657,169.60813055317956,157.39073398811416,0.927966916885304,150.01063763455272,10,small_family,middle,1.0
Spring,LOAD_PRIORITY,531.6243089096438,779.3141410270159,17.720810296988127,25.977138034233864,0.7383670957078385,1.082380751426411,349.25671754419614,87.28898832346584,0.0,0.0,237.52022693418425,206.81509365199378,192.5371965486354,430.0574234828196,0.8089498848629837,0.55184090836087,0.3440136557185721,3.82237098143076,-3.16,0,0.0,0.0,3.223190294101595,-4.440892098500626e-16,13.5,46,328,0.5602207826527816,3.82237098143076,4.0,0.0,0,0.0,0.0,206.81509365199352,192.5371965486357,0.9309629831593281,183.38244866702786,11,family_house,high,1.2
Spring,LOAD_PRIORITY,458.4192906309285,1262.741665024636,15.28064302103095,42.09138883415453,0.636693459209623,1.7538078680897722,809.8325348717062,3.4195318083432884,0.0,0.0,348.7119753014848,106.28778352110041,104.19715485144502,452.90913015292983,0.9879800859374505,0.35867124899541003,1.1171144088801492,4.4987160210534345,-2.5,0,0.0,0.0,1.271424798304688,0.0,18.0,4,519,0.7004402681103671,4.4987160210534345,4.0,0.0,0,0.0,0.0,106.28778352110037,104.19715485144502,0.9803304895407824,604.2968225262707,12,luxury_house,luxury,1.5
Spring,LOAD_PRIORITY,283.03333814368943,377.14655148493455,9.434444604789649,12.571551716164485,0.39310185853290197,0.5238146548401869,150.34662732979234,45.14490556193347,0.0,0.0,89.05601639359791,148.83241618815808,137.7439077615443,226.7999241551422,0.8013187621028628,0.6013575445994815,0.13071279630728488,3.252101843310904,-2.6274674216806893,0,0.0,0.0,2.4888743973855743,-5.551115123125783e-17,8.0,38,194,0.5859772681431704,3.252101843310904,2.907467421680689,0.0,0,0.0,0.0,148.8324161881579,137.74390776154448,0.9254966847236086,72.12955549160412,13,apartment,low,0.8
Spring,LOAD_PRIORITY,461.56337234703096,543.4992465510675,15.385445744901032,18.116641551702248,0.6410602393708763,0.7548600646542604,194.22821327431572,96.32029320057745,0.0,0.0,158.08845554690947,207.1546235995441,191.18257772984225,349.2710332767517,0.7567130630420753,0.6426338867866932,0.11379982528338396,3.499698657689276,-3.5,0,0.0,0.0,3.3001070261384244,-4.440892098500626e-16,10.0,60,210,0.5498466415415523,3.499698657689276,4.0,0.0,0,0.0,0.0,207.15462359954407,191.18257772984225,0.9228979513362068,58.98289607521707,14,small_family,middle,1.0
Spring,LOAD_PRIORITY,494.1187962076403,775.1846570737682,16.470626540254678,25.839488569125606,0.6862761058439448,1.0766453570469003,337.11846062753114,42.11052809751838,0.0,0.0,248.55142885286335,203.4568392572586,189.51476759337368,438.06619644623703,0.8865604785901554,0.565112057428853,0.3903692512029554,3.818820465739155,-3.16,0,0.0,0.0,2.846248092763964,0.0,13.5,21,294,0.5981276548788128,3.818820465739155,4.0,0.0,0,0.0,0.0,203.4568392572586,189.51476759337402,0.9314740575210859,214.93937018288182,15,family_house,high,1.2
Spring,LOAD_PRIORITY,609.8345943776332,1247.225291469742,20.327819812587773,41.57417638232473,0.8469924921911571,1.7322573492635305,663.8139622121887,11.567441123452305,0.0,0.0,364.32741646335955,233.93973679082129,219.08391279419382,583.4113292575533,0.9566714230978548,0.4677673979574741,0.8852648570723735,4.489176145519371,-2.5,0,0.0,0.0,3.30878742927092,0.0,18.0,8,451,0.5896716630878158,4.489176145519371,4.0,0.0,0,0.0,0.0,233.93973679082126,219.08391279419382,0.9364972184699393,487.44977464803446,16,luxury_house,luxury,1.5
Spring,LOAD_PRIORITY,329.92669787553666,385.97148845534264,10.997556595851222,12.865716281844755,0.45823152482713425,0.5360715117435314,146.97372468752292,78.50326937263748,0.0,0.0,89.21944923008448,162.20397927281473,149.7783145377353,238.99776376781978,0.7243965562859075,0.6192109285695907,0.07783998691639724,3.2628493916428916,-2.5804259851500566,0,0.0,0.0,2.8442943436951262,-5.551115123125783e-17,8.0,68,191,0.5173814022658159,3.2628493916428916,2.8604259851500564,0.0,0,0.0,0.0,162.2039792728147,149.77831453773544,0.9233948218114906,39.57735108026846,17,apartment,low,0.8
Spring,LOAD_PRIORITY,318.52374683309483,539.2926911234604,10.617458227769827,17.97642303744868,0.4423940928237428,0.7490176265603616,257.3035770653532,27.031144601353894,0.0,0.0,149.02355559287884,142.46904663886212,132.96555846522847,281.9891140581073,0.8853001286772771,0.5228869567482262,0.3066235337366189,3.491807680336327,-2.9850933029852023,0,0.0,0.0,2.1336810543377864,0.0,10.0,23,313,0.6893744680631682,3.491807680336327,3.4850933029852023,0.0,0,0.0,0.0,142.46904663886212,132.96555846522847,0.9332943653527521,168.64965265779637,18,small_family,middle,1.0
Spring,LOAD_PRIORITY,463.6805568328548,763.751679370723,15.45601856109516,25.458389312357433,0.644000773378965,1.0607662213482263,339.1551789091857,25.86259846774085,0.0,0.0,241.56725671093648,196.25070165417748,183.0292437506007,424.5965004615372,0.9157090893819677,0.5559352757317332,0.4167654479692612,3.824040700971194,-3.16,0,0.0,0.0,2.781376485936642,-5.551115123125783e-17,13.5,18,318,0.6286218274863478,3.824040700971194,4.0,0.0,0,0.0,0.0,196.25070165417765,183.02924375060098,0.9326297547364962,231.0900455609225,19,family_house,high,1.2
Spring,LOAD_PRIORITY,662.606516759044,1269.8134342120163,22.08688389196813,42.32711447373388,0.9202868288320055,1.7636297697389116,630.4372727431522,6.75750932165657,0.0,0.0,405.7390509276082,250.10995650977924,233.637110541256,639.3761614688642,0.9649409495641477,0.5035197645909532,0.843342940906906,4.4633748742844315,-2.5,0,0.0,0.0,3.1984671059157512,-4.440892098500626e-16,18.0,7,385,0.5627305138162116,4.4633748742844315,4.0,0.0,0,0.0,0.0,250.10995650977924,233.63711054125594,0.9341375841314049,466.7461961678732,20,luxury_house,luxury,1.5
Spring,LOAD_PRIORITY,278.32928379805713,385.1977395660457,9.277642793268571,12.839924652201523,0.3865684497195238,0.5349968605083968,153.800773320858,35.31678748356899,0.0,0.0,88.90986369946354,154.1026326150246,142.48710254572416,231.39696624518768,0.8313784417060428,0.6007225444933135,0.14842841078887303,3.269893247813016,-2.317798924314166,0,0.0,0.0,2.5639605459670696,0.0,8.0,39,204,0.5928583848474964,3.269893247813016,2.5977989243141657,0.0,0,0.0,0.0,154.10263261502453,142.4871025457243,0.9246247135938432,83.56547125543142,21,apartment,low,0.8
Spring,LOAD_PRIORITY,432.67491022763113,534.0358791754903,14.422497007587705,17.801195972516343,0.6009373753161543,0.7417164988548477,183.77186385484282,66.11084639841994,0.0,0.0,156.1294138410483,210.4346499881629,194.13460147959916,350.26401532064745,0.80953160685091,0.6558810540247365,0.1407791235386933,3.496184525035555,-3.5,0,0.0,0.0,3.402216477505245,0.0,10.0,48,221,0.5771003287685356,3.496184525035555,4.0,0.0,0,0.0,0.0,210.4346499881629,194.13460147959918,0.9225410429818445,78.32913613255415,22,small_family,middle,1.0
Spring,LOAD_PRIORITY,502.76784758181896,778.1383152471731,16.758928252727298,25.937943841572437,0.6982886771969707,1.0807476600655181,354.3119990900685,66.35953458406689,0.0,0.0,246.55222197286696,189.85609102488507,177.27409418423753,423.8263161571045,0.842986118137024,0.5446670699186397,0.3824589828685474,3.8225941000964263,-3.16,0,0.0,0.0,2.8403948711999365,-8.673617379884035e-19,13.5,37,338,0.58593927369268,3.8225941000964263,4.0,0.0,0,0.0,0.0,189.85609102488513,177.2740941842378,0.933728769128623,206.01041819189118,23,family_house,high,1.2
Spring,LOAD_PRIORITY,655.2848043476938,1252.2289159358959,21.842826811589795,41.74096386452986,0.9101177838162414,1.7392068276887442,620.2052111561052,7.70115745398314,0.0,0.0,406.6027289299643,240.98091796374644,225.42097584982645,632.0237047797907,0.9645023058469081,0.5047189828765664,0.8290890438725029,4.486685310898805,-2.5,0,0.0,0.0,3.30669157338634,-5.551115123125783e-17,18.0,9,405,0.5561990872535034,4.486685310898805,4.0,0.0,0,0.0,0.0,240.98091796374655,225.4209758498265,0.9354308123423245,458.22286665849407,24,luxury_house,luxury,1.5
Spring,LOAD_PRIORITY,307.881803051837,364.1238770643678,10.262726768394566,12.137462568812259,0.4276136153497736,0.5057276070338441,132.75487113503308,64.86113212298307,0.0,0.0,88.55668901164078,154.46398191721318,142.8123169176939,231.36900592933466,0.7514864588810397,0.6354128924328534,0.07811399168407049,3.270919308950606,-2.3990175481641405,0,0.0,0.0,2.6397164877774135,-2.7755575615628914e-17,8.0,54,198,0.5496287962946106,3.270919308950606,2.6790175481641403,0.0,0,0.0,0.0,154.4639819172132,142.81231691769398,0.9245671071346324,41.19113444059005,25,apartment,low,0.8
Spring,LOAD_PRIORITY,476.1357379189823,534.5358683217202,15.871191263966075,17.81786227739067,0.6612996359985865,0.7424109282246113,182.27560748719705,107.0037698983917,0.0,0.0,152.98073125738995,216.15123676320064,199.27952957713313,352.2602608345231,0.7398315916677999,0.6590021020301463,0.0811112922260248,3.480236028663618,-3.5,0,0.0,0.0,3.6007086260761145,0.0,10.0,73,220,0.5197176944045291,3.480236028663618,4.0,32.0,1,31.186280896487947,31.186280896487947,216.15123676320073,199.27952957713313,0.9219448963664687,40.40331270684527,26,small_family,middle,1.0
Spring,LOAD_PRIORITY,539.4535026981523,792.2406888426856,17.981783423271743,26.40802296142285,0.749240975969656,1.1003342900592856,339.0765210636879,70.52050148979822,0.0,0.0,247.20854429638044,221.72445691197368,205.9556234826173,453.16416777899775,0.8400430537802306,0.5720031477315123,0.35109331408962957,3.8275091145721443,-3.16,0,0.0,0.0,3.3883242694636757,0.0,13.5,47,309,0.5615608728235396,3.8275091145721443,4.0,0.0,0,0.0,0.0,221.72445691197353,205.95562348261765,0.9288809468789623,190.83893945694751,27,family_house,high,1.2
Spring,LOAD_PRIORITY,671.9790497500012,1264.422183224078,22.399301658333375,42.147406107469266,0.9333042357638905,1.7561419211445528,616.7670873277694,7.95676371375218,0.0,0.0,414.96888781229904,249.0533982239499,232.6862080840096,647.6550958963086,0.9638025116069586,0.5122142781811133,0.8228376853806623,4.4615677912757485,-2.5,0,0.0,0.0,3.2588413674113665,0.0,18.0,10,388,0.5499755555879615,4.4615677912757485,4.0,0.0,0,0.0,0.0,249.05339822394993,232.6862080840096,0.9342824058749727,455.41422815345015,28,luxury_house,luxury,1.5
Spring,LOAD_PRIORITY,267.71325201374043,376.8928224928628,8.923775067124682,12.563094083095427,0.37182396113019506,0.5234622534623095,154.4601992420864,34.579935389088604,0.0,0.0,88.17905096387771,144.95426566077413,134.25357228689876,222.4326232507765,0.8308614593324655,0.5901747392788004,0.15163829233211448,3.23926494547182,-2.7151284485541702,0,0.0,0.0,2.46394920150024,-2.220446049250313e-16,8.0,37,221,0.6083875748349682,3.23926494547182,2.99512844855417,0.0,0,0.0,0.0,144.9542656607741,134.25357228689896,0.9261788307843442,84.72320758138505,29,apartment,low,0.8
Spring,LOAD_PRIORITY,528.4726621341671,552.0103885965201,17.615755404472235,18.40034628655067,0.7339898085196765,0.7666810952729446,191.25018577273363,150.29900106685702,0.0,0.0,156.60491372954925,221.56874733776075,204.15528909423728,360.76020282378647,0.6826468589063889,0.6535387925234796,0.03269128675326818,3.4923681290314126,-3.5,0,0.0,0.0,3.7067546511912615,0.0,10.0,86,206,0.4816846701837829,3.4923681290314126,4.0,0.0,0,0.0,0.0,221.56874733776084,204.1552890942373,0.9214083283280997,8.168538369378894,30,small_family,middle,1.0
Spring,LOAD_PRIORITY,408.4703807751116,783.5511491071145,13.615679359170388,26.118371636903817,0.5673199732987662,1.0882654848709923,423.7234024232215,40.56774307813299,0.0,0.0,223.1176049477116,144.78503274926703,136.7101417361813,359.8277466838929,0.8809151498355531,0.45922687637422255,0.5209455115722261,3.7675598082860198,-3.16,0,0.0,0.0,2.154874411090496,0.0,13.5,24,410,0.6348653054553677,3.7675598082860198,4.0,32.0,1,32.230494047905935,32.230494047905935,144.78503274926697,136.7101417361814,0.9442284132568499,281.28158304709643,31,family_house,high,1.2
Spring,LOAD_PRIORITY,592.56201678342,1252.1528651187969,19.752067226113997,41.73842883729323,0.8230028010880832,1.7391012015538845,677.7167947196731,6.619561551347605,0.0,0.0,385.4971100780391,200.4453451540333,188.9389603210846,574.4360703991237,0.9694108871798962,0.4587587397682667,0.9160984004658013,4.486993012199758,-2.5,0,0.0,0.0,2.5992438125215345,-8.673617379884035e-19,18.0,10,444,0.6017023164513525,4.486993012199758,4.0,0.0,0,0.0,0.0,200.4453451540332,188.93896032108464,0.9425958990262088,502.329990643542,32,luxury_house,luxury,1.5
Spring,LOAD_PRIORITY,255.36983420059278,372.40894988931933,8.512327806686425,12.413631662977311,0.3546803252786011,0.5172346526240547,156.38785672122975,29.343097516292023,0.0,0.0,88.02296960016905,138.0037670841317,127.99812356792056,216.02109316808964,0.8459146862209468,0.580064182754715,0.16255432734545364,3.2629988622060115,-2.1969237795383227,0,0.0,0.0,2.2507542946174004,0.0,8.0,35,213,0.6264435946556977,3.2629988622060115,2.4769237795383225,0.0,0,0.0,0.0,138.00376708413165,127.99812356792071,0.927497315996373,90.8821047762595,33,apartment,low,0.8
Spring,LOAD_PRIORITY,382.41869991531786,521.2504545465961,12.747289997177262,17.375015151553203,0.5311370832157193,0.7239589646480501,204.308380981443,52.607394047696324,0.0,0.0,153.68481794041196,176.1264879272096,163.25725562474122,316.94207356515324,0.8287828854481655,0.6080418171353765,0.19282188143233098,3.4719839558964005,-3.3991722188201163,0,0.0,0.0,2.798858831076013,-2.7755575615628914e-17,10.0,35,248,0.6270638743112856,3.4719839558964005,3.8991722188201163,0.0,0,0.0,0.0,176.1264879272096,163.2572556247412,0.9269318746207721,105.88463109315558,34,small_family,middle,1.0
Spring,LOAD_PRIORITY,587.7711281813575,782.3876944540953,19.592370939378586,26.079589815136508,0.8163487891407744,1.0866495756306878,284.7391669492891,70.71577426156236,0.0,0.0,258.95096715149486,258.1043867683003,238.6975603533113,497.64852750480617,0.8466705893577952,0.6360638479264893,0.2703007864899135,3.828683080081359,-3.16,0,0.0,0.0,3.9159317117932497,-5.551115123125783e-17,13.5,46,245,0.5226076170352363,3.828683080081359,4.0,0.0,0,0.0,0.0,258.10438676830034,238.69756035331167,0.9248101643758185,149.9101783765607,35,family_house,high,1.2
Spring,LOAD_PRIORITY,523.1780285827082,1282.7640002889825,17.439267619423607,42.75880000963275,0.7266361508093169,1.7816166670680313,782.6372539927229,16.189704371721813,0.0,0.0,352.9910482391725,153.99727597181382,147.13569805708707,500.1267462962596,0.9559398884756407,0.3898821187557419,1.0549805162587145,4.4856223499198755,-2.5,0,0.0,0.0,2.0662377016095217,0.0,18.0,11,493,0.6439256139772334,4.4856223499198755,4.0,13.0,1,13.924113943849294,13.924113943849294,153.99727597181385,147.1356980570871,0.955443511117803,572.4072065599926,36,luxury_house,luxury,1.5
Spring,LOAD_PRIORITY,265.7812962007587,387.97080637066654,8.85937654002529,12.932360212355551,0.36914068916772036,0.5388483421814813,175.15485243377645,42.47172687046108,0.0,0.0,80.42608347420295,142.88348585609464,132.38987046268718,212.81595393689014,0.8007183235954233,0.5485359992101215,0.16970765301376106,3.270218310200597,-2.6432771031593805,0,0.0,0.0,2.3804335960754903,-2.220446049250313e-16,8.0,42,254,0.5616910038839533,3.270218310200597,2.9232771031593803,66.0,1,65.75940454075123,65.75940454075123,142.8834858560946,132.38987046268727,0.926558234980521,93.14158514191737,37,apartment,low,0.8
Spring,LOAD_PRIORITY,419.9686519154268,538.1485969095108,13.998955063847559,17.93828656365036,0.5832897943269817,0.7474286068187651,228.34830292869327,98.12519474240298,0.0,0.0,153.97766034843653,167.86579682458722,155.82263363238107,309.8002939808176,0.7376748063643692,0.5756779740018727,0.1641388124917835,3.4384608138133412,-3.5,0,0.0,0.0,2.6872927188715092,0.0,10.0,57,250,0.5891588992676324,3.4384608138133412,4.0,0.0,0,0.0,0.0,167.86579682458733,155.82263363238107,0.9282571946160607,82.94855192835725,38,small_family,middle,1.0
Spring,LOAD_PRIORITY,438.38729241034497,781.9842678965704,14.612909747011498,26.066142263219014,0.6088712394588125,1.0860892609674588,372.8805602355136,18.51638142468018,0.0,0.0,248.16275512117414,171.70815586449066,160.94095253988257,409.10370766105666,0.9332015657016858,0.5231610461441751,0.47721802150864634,3.813060303355599,-3.16,0,0.0,0.0,2.319903483438133,0.0,13.5,13,317,0.6463317154597537,3.813060303355599,4.0,0.0,0,0.0,0.0,171.70815586449066,160.94095253988283,0.9372935824137256,262.995676894423,39,family_house,high,1.2
Spring,LOAD_PRIORITY,651.9058694952896,1254.9524531618024,21.730195649842987,41.83174843872675,0.9054248187434578,1.742989518280281,627.0843677365415,9.694674517812917,0.0,0.0,413.39860263077264,228.8125923467041,214.46948279448833,627.8680854252609,0.9631269095818406,0.5003122499528747,0.8375646995368233,4.4559261463922635,-2.5,0,0.0,0.0,3.0032609128653323,-8.881784197001252e-16,18.0,15,392,0.5556272889059367,4.4559261463922635,4.0,0.0,0,0.0,0.0,228.81259234670404,214.46948279448836,0.9373150340848263,461.5880687363745,40,luxury_house,luxury,1.5
Spring,LOAD_PRIORITY,295.88713426330463,359.4969541293238,9.862904475443488,11.983231804310794,0.41095435314347867,0.4993013251796164,130.50182896790602,55.15345297696328,0.0,0.0,89.4926230434443,151.24105824289705,139.50250211797345,228.99512516141777,0.7739272805205486,0.6369876643768173,0.0883469720361377,3.2257697674796515,-2.603235116296832,0,0.0,0.0,2.6134401480053477,0.0,8.0,50,180,0.567174664113987,3.2257697674796515,2.8832351162968317,0.0,0,0.0,0.0,151.24105824289705,139.5025021179736,0.9223851230525574,48.238264046662565,41,apartment,low,0.8
Spring,LOAD_PRIORITY,456.4559673569769,544.8818933293189,15.215198911899229,18.162729777643964,0.6339666213291346,0.7567804074018318,215.7275366478696,113.14334591654509,0.0,0.0,154.29580894808186,189.01681249234997,174.85854773336752,329.15435668144937,0.7211086725130493,0.6040838587427847,0.1228137860726974,3.49521529350428,-3.5,0,0.0,0.0,3.0742065496429984,0.0,10.0,61,249,0.5527257527568931,3.49521529350428,4.0,0.0,0,0.0,0.0,189.01681249234983,174.85854773336754,0.9250952094033682,59.96664116101164,42,small_family,middle,1.0
Spring,LOAD_PRIORITY,593.9634091015821,776.2944840876303,19.79878030338607,25.87648280292101,0.8249491793077529,1.078186783455042,294.4916165167497,93.5745689618256,0.0,0.0,250.49299183258756,249.89584830716893,231.30987573829302,481.8028675708806,0.8111659071720371,0.6206444557404499,0.2532376041472891,3.82594914455858,-3.16,0,0.0,0.0,3.9631963581420075,0.0,13.5,60,284,0.5124893140751409,3.82594914455858,4.0,0.0,0,0.0,0.0,249.89584830716893,231.30987573829333,0.9256251246478094,136.6516003219192,43,family_house,high,1.2
Spring,LOAD_PRIORITY,704.9439396863899,1268.7196818450886,23.49813132287966,42.29065606150296,0.9790888051199859,1.7621106692292898,589.6509340027019,6.301067646846929,0.0,0.0,417.5201332434349,281.12273879610814,261.548614598952,679.0687478423868,0.9632946814813186,0.5352393894093475,0.7830218641093039,4.465142593084835,-2.5,0,0.0,0.0,3.7872993194437266,-8.881784197001252e-16,18.0,10,365,0.5282826785527147,4.465142593084835,4.0,0.0,0,0.0,0.0,281.12273879610825,261.54861459895193,0.930371608212906,436.56723961986415,44,luxury_house,luxury,1.5
Spring,LOAD_PRIORITY,322.1441363528691,400.53128774030677,10.73813787842897,13.351042924676893,0.4474224116012071,0.5562934551948705,159.25536599021132,68.116875385956,0.0,0.0,88.56653687671671,165.4607240901964,152.7093848733788,241.2759217500955,0.7489688450694243,0.6023896987206953,0.10887104359366347,3.2428565022764952,-2.6828690380302382,0,0.0,0.0,2.8463267203647025,-4.440892098500626e-16,8.0,64,217,0.5287657762890021,3.2428565022764952,2.962869038030238,0.0,0,0.0,0.0,165.46072409019655,152.70938487337898,0.92293434416577,58.13633664529808,45,apartment,low,0.8
Spring,LOAD_PRIORITY,387.3986361054805,549.6784808408465,12.913287870182682,18.322616028028218,0.5380536612576118,0.7634423345011757,239.77182430146183,65.21099812742617,0.0,0.0,151.9436586888318,170.24397928922252,157.96299785055285,309.90665653938464,0.7999683727719774,0.5637962324181193,0.22538867324356388,3.4905458133146747,-3.3466382393946708,0,0.0,0.0,2.6790457484227663,0.0,10.0,36,273,0.6222074221834281,3.4905458133146747,3.8466382393946708,0.0,0,0.0,0.0,170.24397928922264,157.96299785055285,0.9278624625085509,121.13896991141283,46,small_family,middle,1.0
Spring,LOAD_PRIORITY,461.5638268614477,779.7420442802443,15.38546089538159,25.991401476008143,0.6410608706408996,1.0829750615003393,396.01847851537445,67.91359776262911,0.0,0.0,230.3474731409207,163.3027559578979,153.37609262394903,383.7235657648698,0.8313553693627209,0.4921160383483914,0.4419141908594396,3.8338632773631995,-3.16,0,0.0,0.0,2.5527444938096235,-1.1102230246251565e-16,13.5,42,393,0.6234689917542977,3.8338632773631995,4.0,0.0,0,0.0,0.0,163.3027559578979,153.37609262394926,0.9392131303864346,235.89162090016464,47,family_house,high,1.2
Spring,LOAD_PRIORITY,566.4839210978666,1249.1044035239102,18.882797369928888,41.63681345079701,0.786783223747037,1.734867227116542,695.6145714473495,4.006883531887205,0.0,0.0,387.22348584724364,175.25355171873588,166.26634622931692,553.4898320765606,0.9770618572966324,0.44310934339442165,0.9480840033695046,4.482771181336547,-2.5,0,0.0,0.0,2.3474019010435514,0.0,18.0,6,452,0.625188615254987,4.482771181336547,4.0,0.0,0,0.0,0.0,175.2535517187359,166.26634622931695,0.9487188396395955,518.1047334068136,48,luxury_house,luxury,1.5
Spring,LOAD_PRIORITY,247.76616743799923,375.9719223810342,8.258872247933308,12.532397412701139,0.3441196769972211,0.5221832255292141,174.34013055274397,37.214277772299056,0.0,0.0,83.4035793695802,127.14831029611997,118.22821245871,201.6317918282902,0.8137987277005702,0.536294813057725,0.17806354853199302,3.2643150480285823,-2.1401835423287925,0,0.0,0.0,2.0801162239579547,0.0,8.0,38,250,0.6272163035251156,3.2643150480285823,2.4201835423287923,28.0,1,27.627409123051432,27.627409123051432,127.14831029612004,118.22821245871016,0.9298449360700464,97.26224791948883,49,apartment,low,0.8
Spring,LOAD_PRIORITY,390.3716667428888,532.5094180077866,13.012388891429627,17.75031393359289,0.5421828704762345,0.7395964138997037,209.6120257591487,53.92891167738972,0.0,0.0,153.55496199436175,182.88779307113734,169.34243025427617,322.8973922486379,0.82715376078077,0.6063693548494504,0.1974135434234692,3.433778851130747,-3.5,0,0.0,0.0,2.9188667079911004,0.0,10.0,46,259,0.6185365345393088,3.433778851130747,4.0,0.0,0,0.0,0.0,182.88779307113745,169.34243025427625,0.9259362115458821,108.67299880971078,50,small_family,middle,1.0
Spring,CHARGE_PRIORITY,287.04496768122397,386.11588995165914,9.568165589374132,12.870529665055304,0.3986735662239222,0.5362720693773043,170.78212030306833,53.583299548274766,0.0,0.0,14.235351367344913,219.2263167656043,201.09841828124593,215.33376964859082,0.750174341630432,0.5576920692788637,0.13759850315338218,3.2693146962904054,-2.546057324476368,0,0.0,0.0,2.312251684107117,-1.3877787807814457e-17,8.0,49,238,0.5801090342763727,3.2693146962904054,2.8260573244763676,0.0,0,0.0,0.0,219.2263167656042,201.0984182812462,0.9173096608481534,79.86162063385396,1,apartment,low,0.8
Spring,CHARGE_PRIORITY,423.307000972821,541.0141978795475,14.1102333657607,18.033806595984917,0.5879263902400292,0.7514086081660382,213.40999413389818,67.85369289811015,0.0,0.0,29.52809988156975,325.9252081931411,298.07610386407964,327.60420374564944,0.7739163372983848,0.6055371652530788,0.16348221792600903,3.4812187331941065,-3.5,0,0.0,0.0,3.0484329865246176,-2.7755575615628914e-17,10.0,58,258,0.5870857677180582,3.4812187331941065,4.0,0.0,0,0.0,0.0,325.9252081931413,298.07610386407964,0.9145536962806557,98.9891719921245,2,small_family,middle,1.0
Spring,CHARGE_PRIORITY,515.0039466302155,773.4286259757447,17.166798221007184,25.78095419919149,0.7152832592086327,1.0742064249663121,342.0868619247927,45.613027663367234,0.0,0.0,24.863247189475928,444.52767177737235,406.47851686147607,431.34176405095195,0.8375504049499355,0.5577008007775486,0.3589231657576794,3.8038642967785967,-3.16,0,0.0,0.0,2.840118592295773,-1.1102230246251565e-16,13.5,27,302,0.5795678188262279,3.8038642967785967,4.0,0.0,0,0.0,0.0,444.52767177737206,406.4785168614733,0.9144054300067184,215.51342154656402,3,family_house,high,1.2
Spring,CHARGE_PRIORITY,616.8336062478883,1255.3334055893451,20.561120208262942,41.84444685297817,0.856713342010956,1.7435186188740905,697.158878215784,8.258778712790509,0.0,0.0,19.19032909518561,589.3844984399121,538.9841982783755,558.1745273735612,0.9049029133948425,0.44464245505480937,0.8868052768631344,4.487742768221791,-2.5,0,0.0,0.0,2.728018873816824,-2.220446049250313e-16,18.0,10,445,0.5576672647057852,4.487742768221791,4.0,36.0,1,35.709588127603894,35.709588127603894,589.3844984399121,538.9841982783754,0.9144865528446282,515.4362578203264,4,luxury_house,luxury,1.5
Spring,CHARGE_PRIORITY,251.4702887519414,385.4221493691209,8.382342958398047,12.847404978970697,0.349264289933252,0.5353085407904458,175.44374912428077,23.081664521108888,0.0,0.0,6.339052448888487,222.04957178194402,203.63934779595166,209.97840024484015,0.8350028199632353,0.5448010722490748,0.18604425085719375,3.24661259168526,-2.2505675855998093,0,0.0,0.0,2.0923300197147237,-2.220446049250313e-16,8.0,22,223,0.6321478712975922,3.24661259168526,2.530567585599809,0.0,0,0.0,0.0,222.04957178194377,203.63934779595212,0.9170895767181628,110.80931377421258,5,apartment,low,0.8
Spring,CHARGE_PRIORITY,476.70502736469837,549.2240218015803,15.890167578823279,18.30746739338601,0.6620903157843033,0.7628111413910837,214.53774744042295,113.75924258277516,0.0,0.0,32.91651567173851,330.02926911018477,301.7697586894189,334.68627436115736,0.7020825356328978,0.6093802548244519,0.10072082560678042,3.472816209534565,-3.5,0,0.0,0.0,3.186170724795641,-5.551115123125783e-17,10.0,63,230,0.5338266136670048,3.472816209534565,4.0,0.0,0,0.0,0.0,330.02926911018466,301.7697586894187,0.9143727145869261,58.519992255819574,6,small_family,middle,1.0
Spring,CHARGE_PRIORITY,550.4870432842077,782.6342961563228,18.34956810947359,26.087809871877425,0.764565337894733,1.0869920779948927,355.84516663837724,88.2912100102449,0.0,0.0,44.092673095379176,418.1031601785837,382.6964564225663,426.78912951794547,0.775293687153325,0.5453238269955639,0.32242674010015965,3.8224023110161625,-3.16,0,0.0,0.0,3.129869277683147,-1.1102230246251565e-16,13.5,49,339,0.5436157236851277,3.8224023110161625,4.0,0.0,0,0.0,0.0,418.10316017858366,382.69645642256427,0.91531586668492,187.42178596956256,7,family_house,high,1.2
Spring,CHARGE_PRIORITY,693.281549691164,1266.6361225937899,23.109384989705465,42.221204086459664,0.9628910412377277,1.7592168369358192,640.642768623424,9.654727379236208,0.0,0.0,21.91064207176595,661.7161802401617,604.0827118986003,625.9933539703661,0.9029424686827845,0.49421719687614035,0.7963257956980919,4.479231751228568,-2.5,0,0.0,0.0,3.1233017078350462,-8.881784197001252e-16,18.0,12,397,0.5298000774279644,4.479231751228568,4.0,0.0,0,0.0,0.0,661.7161802401616,604.0827118986,0.9129030390028482,471.7928218262554,8,luxury_house,luxury,1.5
Spring,CHARGE_PRIORITY,366.3131581648708,381.9495633807761,12.210438605495693,12.731652112692537,0.5087682752289873,0.5304855046955224,117.9007565648027,79.4432264169457,0.0,0.0,20.711350506387927,266.15858124153715,243.33745630958546,264.0488068159734,0.7208280700010506,0.6913185198558163,0.02171722946653517,3.2582660767377014,-2.656973674182436,0,0.0,0.0,3.2667696417027936,0.0,8.0,71,168,0.46415508698297775,3.2582660767377014,2.9369736741824357,0.0,0,0.0,0.0,266.15858124153726,243.33745630958592,0.9142574144124952,16.926663648350896,9,apartment,low,0.8
Spring,CHARGE_PRIORITY,353.0486190149116,531.8900788635781,11.768287300497054,17.729669295452602,0.4903453041873772,0.7387362206438585,249.29754065279022,46.174238756440474,0.0,0.0,16.62179487911264,290.2525853793585,265.9707433316752,282.59253821078784,0.8004351893495215,0.5312987578459207,0.2483909164564812,3.493700338615615,-3.5,0,0.0,0.0,2.2317201637129416,-5.551115123125783e-17,10.0,31,298,0.6555687607372653,3.493700338615615,4.0,0.0,0,0.0,0.0,290.25258537935827,265.9707433316752,0.9163423746391548,145.41634060879625,10,small_family,middle,1.0
Spring,CHARGE_PRIORITY,525.0311236997233,792.7618214031775,17.501037456657443,26.42539404677258,0.7292098940273934,1.101058085282191,351.0177585796572,44.02565735431661,0.0,0.0,24.35530850813278,456.65015783727387,417.3887543153875,441.74406282352027,0.8413673835385106,0.5572216659496031,0.3718481912547975,3.782203523756529,-3.16,0,0.0,0.0,3.1586590415940345,-4.440892098500626e-16,13.5,27,327,0.5717242897095944,3.782203523756529,4.0,0.0,0,0.0,0.0,456.6501578372739,417.3887543153845,0.9140230155446917,223.6402273158579,11,family_house,high,1.2
Spring,CHARGE_PRIORITY,689.3865457860227,1267.681496436852,22.979551526200755,42.2560498812284,0.9574813135916982,1.7606687450511833,639.3308976796286,2.1492833611940307,0.0,0.0,12.989128924231277,674.2481335005973,615.3614698329923,628.3505987572235,0.911463391036726,0.4956691412814385,0.8031874314594855,4.496729651402812,-2.5,0,0.0,0.0,3.037346746210982,-1.1102230246251565e-16,18.0,4,397,0.5351881041173718,4.496729651402812,4.0,0.0,0,0.0,0.0,674.248133500597,615.3614698329924,0.9126632158966852,477.5638182346468,12,luxury_house,luxury,1.5
Spring,CHARGE_PRIORITY,275.44691007343977,370.37582477100557,9.18156366911466,12.345860825700186,0.38256515287977744,0.5144108677375078,155.0472148314197,41.555662075027314,0.0,0.0,10.317535488126929,223.57371251028547,205.01107445145897,215.3286099395859,0.7817426954696094,0.5813786849417572,0.13184571485773036,3.2491399836961246,-2.59300277389632,0,0.0,0.0,2.3137312675691946,0.0,8.0,36,235,0.5970747370677871,3.2491399836961246,2.87300277389632,0.0,0,0.0,0.0,223.57371251028562,205.01107445145945,0.9169730741132092,78.88531525604019,13,apartment,low,0.8
Spring,CHARGE_PRIORITY,376.5678768462761,532.9731681100164,12.552262561542536,17.76577227033388,0.5230109400642723,0.7402405112639118,221.8272316040226,38.12215829737088,0.0,0.0,18.013733217266164,320.43198533163905,293.13220328872774,311.14593650599386,0.8262678673279691,0.5837928719926986,0.21722957119963943,3.44346322433148,-2.9415907145375746,0,0.0,0.0,2.6221245155686246,0.0,10.0,35,252,0.6327696185333693,3.44346322433148,3.4415907145375746,0.0,0,0.0,0.0,320.4319853316391,293.1322032887277,0.9148031929001817,132.06048123538315,14,small_family,middle,1.0
Spring,CHARGE_PRIORITY,445.78624355671843,781.1083304374338,14.859541451890614,26.03694434791446,0.6191475604954423,1.0848726811631024,398.4164417768853,29.66236846445895,0.0,0.0,17.767888156740927,398.35598693551856,364.9240005038077,382.6918886605486,0.8584650024353159,0.4899344607504502,0.46572512066766036,3.8391196923229227,-3.16,0,0.0,0.0,2.2510262322703083,-5.551115123125783e-17,13.5,21,381,0.6408690150989901,3.8391196923229227,4.0,0.0,0,0.0,0.0,398.35598693551884,364.92400050380667,0.9160750998399737,272.1161997146509,15,family_house,high,1.2
Spring,CHARGE_PRIORITY,606.7021689580722,1256.9954935982296,20.22340563193574,41.89984978660765,0.8426419013306559,1.7458270744419855,707.7621027169505,8.207880027225588,0.0,0.0,20.50381161062823,577.9904773202184,528.7295792706511,549.2333908812793,0.9052767881554015,0.43694141600226727,0.9031851731113301,4.495634380971744,-2.5,0,0.0,0.0,2.304406917236821,-1.1102230246251565e-16,18.0,9,455,0.5952028911849542,4.495634380971744,4.0,0.0,0,0.0,0.0,577.9904773202178,528.7295792706515,0.9147721286378999,523.4344850132098,16,luxury_house,luxury,1.5
Spring,CHARGE_PRIORITY,217.6452679344935,402.0986647679988,7.254842264483116,13.40328882559996,0.3022850943534632,0.5584703677333317,218.26667199954164,18.251020965211715,0.0,0.0,5.824373039014863,193.5698739302669,178.00761972944227,183.8319927684571,0.8446404303344952,0.45718130617151814,0.25618527337986846,3.238767377639595,-2.1675981842928653,0,0.0,0.0,1.6781011266652162,-6.938893903907228e-18,8.0,19,287,0.6816272987593996,3.238767377639595,2.447598184292865,0.0,0,0.0,0.0,193.56987393026697,178.00761972944272,0.9196039451550684,147.27408513096572,17,apartment,low,0.8
Spring,CHARGE_PRIORITY,437.09199938815357,548.0050735779585,14.569733312938451,18.26683578593195,0.6070722213724355,0.7611181577471645,220.19745415457282,81.25170493685101,0.0,0.0,28.079379269606875,327.76091518169574,299.72824015377876,327.80761942338563,0.7499739640218868,0.598183548344014,0.15404593637472888,3.4920257168976576,-3.5,0,0.0,0.0,3.048243084017578,-5.551115123125783e-17,10.0,55,259,0.5726509607744924,3.4920257168976576,4.0,0.0,0,0.0,0.0,327.7609151816958,299.72824015377876,0.9144721846643094,92.02155617276371,18,small_family,middle,1.0
Spring,CHARGE_PRIORITY,552.2476145870157,793.8187738834323,18.40825381956719,26.46062579611441,0.7670105758152996,1.1025260748381005,347.2118848161242,66.92550444677116,0.0,0.0,34.13377679246878,451.18833334777594,412.4731122748393,446.6068890673081,0.8087076834207634,0.562605601883749,0.33551549902280053,3.8374214417609034,-3.16,0,0.0,0.0,3.343144362713491,-1.1102230246251565e-16,13.5,38,318,0.5518288311155386,3.8374214417609034,4.0,0.0,0,0.0,0.0,451.1883333477761,412.47311227483704,0.9141927700442171,200.17595960999913,19,family_house,high,1.2
Spring,CHARGE_PRIORITY,638.9960393967319,1270.1306210191801,21.299867979891065,42.337687367306,0.8874944991621276,1.7640703069710835,686.1418221790502,0.36386579735687175,0.0,0.0,6.8169291823781855,631.8152444169968,577.1718696577517,583.9887988401299,0.9139161478864037,0.4597864102918208,0.8765758078089559,4.478690406718005,-2.5,0,0.0,0.0,2.5682330243461746,-1.1102230246251565e-16,18.0,2,429,0.5800886313074749,4.478690406718005,4.0,0.0,0,0.0,0.0,631.8152444169967,577.1718696577517,0.9135136810292274,514.2788874166665,20,luxury_house,luxury,1.5
Spring,CHARGE_PRIORITY,329.0004028651339,376.4088536651035,10.966680095504463,12.546961788836784,0.4569450039793526,0.5227900745348659,150.16241062733988,83.89889648932584,0.0,0.0,18.60354107334379,226.49796530246422,207.64290196441982,226.24644303776364,0.6876783160977105,0.6010656785428815,0.06584507055551339,3.2772922819473447,-2.562537617413034,0,0.0,0.0,2.690128190721607,-2.7755575615628914e-17,8.0,65,212,0.5187363917282857,3.2772922819473447,2.8425376174130337,0.0,0,0.0,0.0,226.49796530246428,207.64290196442025,0.9167539394322369,37.11280113011165,21,apartment,low,0.8
Spring,CHARGE_PRIORITY,446.78183886490217,540.0840467125485,14.892727962163406,18.002801557084947,0.6205303317568086,0.7501167315452062,204.78603575246586,82.6439498592923,0.0,0.0,28.304943647812213,335.8329453577976,306.99306731227045,335.2980109600826,0.7504736804252018,0.620825615940735,0.12958639978839778,3.3748182370027933,-3.5,0,0.0,0.0,3.0752731121755863,-5.551115123125783e-17,10.0,56,238,0.5635229871700613,3.3748182370027933,4.0,0.0,0,0.0,0.0,335.8329453577972,306.99306731227057,0.9141243334098726,79.20997194098632,22,small_family,middle,1.0
Spring,CHARGE_PRIORITY,455.97758229849603,789.1568244409132,15.199252743283202,26.305227481363772,0.6333021976368001,1.0960511450568238,414.7905556345828,50.116852804619015,0.0,0.0,26.880000000000003,378.980729493877,347.4862688063304,374.3662688063303,0.8210190222932043,0.47438767202140614,0.4627489474200236,3.827512364615102,-3.16,0,0.0,0.0,2.294177686235922,-1.1102230246251565e-16,13.5,32,377,0.6318116930960451,3.827512364615102,4.0,0.0,0,0.0,0.0,378.98072949387716,347.486268806329,0.9168969337052876,265.98774920178,23,family_house,high,1.2
Spring,CHARGE_PRIORITY,689.3126930192147,1262.0216660299468,22.97708976730716,42.067388867664896,0.9573787403044649,1.7528078694860372,633.6821505848277,2.639678871298967,0.0,0.0,17.95653029540175,668.7164838525141,610.3829851497173,628.3395154451191,0.9115449661792373,0.4978833029243803,0.7954291291815723,4.489561324102853,-2.5,0,0.0,0.0,3.5276933164890294,-4.440892098500626e-16,18.0,8,396,0.49734584319961356,4.489561324102853,4.0,51.0,1,51.65304178347287,51.65304178347287,668.7164838525143,610.3829851497173,0.912767966527856,472.8859019544517,24,luxury_house,luxury,1.5
Spring,CHARGE_PRIORITY,263.10292310418873,382.79276986046693,8.77009743680629,12.759758995348898,0.3654207265335955,0.5316566248062041,172.75865170107807,35.24516567624282,0.0,0.0,11.67403282035438,216.18372460759156,198.36008533903444,210.0341181593888,0.7982964069016265,0.5486888329577099,0.16623589827260854,3.179541110766575,-2.66909440113094,0,0.0,0.0,2.169902625521159,-2.7755575615628914e-17,8.0,40,244,0.615131589453211,3.179541110766575,2.9490944011309397,0.0,0,0.0,0.0,216.1837246075916,198.3600853390349,0.9175532788099127,97.84833966719,25,apartment,low,0.8
Spring,CHARGE_PRIORITY,436.8934362615803,533.1409163457058,14.563114542052677,17.771363878190193,0.6067964392521948,0.7404734949245915,217.4950839806085,94.71808429416882,0.0,0.0,29.445991041743945,312.7293609256675,286.1998413233533,315.64583236509725,0.7224778542475316,0.5920495364126626,0.13367705567239652,3.4912972433833573,-3.5,0,0.0,0.0,2.9886570920435034,-2.7755575615628914e-17,10.0,58,284,0.573167939407596,3.4912972433833573,4.0,0.0,0,0.0,0.0,312.7293609256675,286.19984132335304,0.9151678002865223,77.87503712070443,26,small_family,middle,1.0
Spring,CHARGE_PRIORITY,522.8851314266705,787.2031208687035,17.429504380889014,26.240104028956786,0.726229349203709,1.0933376678731994,367.31847540280256,67.77990318499499,0.0,0.0,38.86327786552093,416.2419503761546,381.02136760038013,419.8846454659011,0.8030150796605426,0.5333879329677265,0.3671083186694904,3.820443376832308,-3.16,0,0.0,0.0,3.0074249085651723,-1.1102230246251565e-16,13.5,44,362,0.5772931799617212,3.820443376832308,4.0,0.0,0,0.0,0.0,416.24195037615493,381.02136760037814,0.9153843509911767,214.48694368560643,27,family_house,high,1.2
Spring,CHARGE_PRIORITY,517.769165713863,1264.8665385951056,17.2589721904621,42.162217953170185,0.7191238412692542,1.756759081382091,797.0593864681982,8.854718095254974,0.0,0.0,12.459995877054213,496.45445174155384,455.3471562498531,467.8071521269073,0.9035052357394213,0.3698470454017254,1.0376352401128368,4.480893207873876,-2.5,0,0.0,0.0,1.6080618638800663,-1.1102230246251565e-16,18.0,5,502,0.6229613886850472,4.480893207873876,4.0,71.0,1,70.83132516278823,70.83132516278823,496.4544517415538,455.347156249853,0.9171982538428307,589.8252935654192,28,luxury_house,luxury,1.5
Spring,CHARGE_PRIORITY,342.4983726424326,381.1995792380371,11.41661242141442,12.706652641267903,0.4756921842256009,0.5294438600528293,145.66034816650068,87.54534993302309,0.0,0.0,22.867774408657837,232.0852483007517,212.67145666287854,235.53923107153636,0.6877090517374186,0.6178895358235843,0.053751675827228396,3.2684070355803794,-2.6189721155831402,0,0.0,0.0,2.906116191710133,-4.440892098500626e-16,8.0,79,208,0.4989914869111682,3.2684070355803794,2.89897211558314,0.0,0,0.0,0.0,232.08524830075154,212.67145666287902,0.9163506005658971,30.454446185154723,29,apartment,low,0.8
Spring,CHARGE_PRIORITY,459.09040180195746,558.4018823284254,15.303013393398581,18.61339607761418,0.6376255580582743,0.7755581699005908,230.15557207002513,103.52249939794817,0.0,0.0,34.917816045393025,320.65008635861625,293.3284942130072,328.24631025840023,0.714992752995954,0.5878316686356394,0.13793261184231656,3.4878681616175626,-3.5,0,0.0,0.0,3.115469375133431,-4.440892098500626e-16,10.0,69,253,0.5517737300502453,3.4878681616175626,4.0,0.0,0,0.0,0.0,320.6500863586164,293.32849421300716,0.9147931240066698,79.44642959436551,30,small_family,middle,1.0
Spring,CHARGE_PRIORITY,595.2277265075863,769.3402238545547,19.840924216919543,25.644674128485157,0.826705175704981,1.0685280886868815,304.1999241611277,90.33393359205795,0.0,0.0,43.322738076103946,461.5710548394245,421.817561617323,465.140299693427,0.7814493159157273,0.6045963609740529,0.24182291298190042,3.8182556633776246,-3.16,0,0.0,0.0,3.6389238413380616,0.0,13.5,50,293,0.5031280388584152,3.8182556633776246,4.0,0.0,0,0.0,0.0,461.5710548394244,421.81756161732045,0.9138735135028478,146.84940288799362,31,family_house,high,1.2
Spring,CHARGE_PRIORITY,610.3154200671679,1254.0607294875376,20.343847335572264,41.802024316251256,0.8476603056488443,1.7417510131771357,696.8973921859723,2.1068454171143345,0.0,0.0,12.3747043406225,595.8338703094311,544.7886329609426,557.1633373015651,0.9129104705239903,0.444287365197414,0.894090707528291,4.446899822550264,-2.5,0,0.0,0.0,2.483412843037088,-4.440892098500626e-16,18.0,6,450,0.587692280763605,4.446899822550264,4.0,0.0,0,0.0,0.0,595.8338703094304,544.7886329609427,0.9143297487905836,520.7768832640763,32,luxury_house,luxury,1.5
Spring,CHARGE_PRIORITY,235.57576033489266,395.4052926804477,7.8525253444964225,13.18017642268159,0.32718855602068425,0.5491740176117329,210.11286571023,34.84498947043076,0.0,0.0,8.4,192.3307708644619,176.89242697021774,185.29242697021772,0.7865513272961847,0.4686139270269313,0.22198546159104873,3.264075629511504,-2.6146951071876527,0,0.0,0.0,1.7199299573300355,-5.551115123125783e-17,8.0,30,253,0.6553984753429067,3.264075629511504,2.8946951071876525,0.0,0,0.0,0.0,192.3307708644618,176.8924269702182,0.9197302448024647,126.22415875928482,33,apartment,low,0.8
Spring,CHARGE_PRIORITY,418.8654948124225,553.0334022914828,13.962183160414083,18.434446743049428,0.5817576316839201,0.7681019476270595,248.69896830062905,89.11471210143657,0.0,0.0,28.153130607139538,301.5976521038464,276.18130338371435,304.3344339908539,0.7265684038431998,0.5503002761313336,0.18634431594313944,3.495330476503467,-3.5,0,0.0,0.0,2.702057060199836,-2.220446049250313e-16,10.0,56,284,0.5907635156179035,3.495330476503467,4.0,0.0,0,0.0,0.0,301.59765210384626,276.18130338371446,0.9157276306932906,106.32098533417887,34,small_family,middle,1.0
Spring,CHARGE_PRIORITY,465.9424772092309,794.286998488761,15.531415906974363,26.4762332829587,0.6471423294572651,1.1031763867899458,394.3470105064757,30.12367580360251,0.0,0.0,12.9945445537876,422.8242568518408,386.9454434284977,399.9399879822853,0.8583462713632196,0.5035207535100354,0.4560340573326807,3.8164524041121473,-3.16,0,0.0,0.0,2.3642316848028573,-1.1102230246251565e-16,13.5,15,351,0.6225752753072482,3.8164524041121473,4.0,0.0,0,0.0,0.0,422.8242568518407,386.94544342849616,0.9151448554761686,268.64894965661455,35,family_house,high,1.2
Spring,CHARGE_PRIORITY,727.8673887360853,1255.6871696921617,24.262246291202846,41.85623898973872,1.0109269288001186,1.7440099579057802,602.5692074437789,14.99939244377651,0.0,0.0,29.986159028499806,682.8818372638091,623.1318032198827,653.1179622483826,0.8973035093418564,0.520127925180997,0.7330830291056613,4.47138914324313,-2.5,0,0.0,0.0,3.6251618958437195,-1.1102230246251565e-16,18.0,15,377,0.4867341729937217,4.47138914324313,4.0,0.0,0,0.0,0.0,682.8818372638087,623.131803219883,0.9125031143259953,438.42745238343525,36,luxury_house,luxury,1.5
Spring,CHARGE_PRIORITY,257.41528548248584,388.76868613722934,8.580509516082861,12.958956204574312,0.3575212298367859,0.5399565085239296,184.96858288325646,36.37493386707771,0.0,0.0,10.690536079035056,210.34981553637311,193.10956717493784,203.8001032539729,0.7917171774472544,0.5242194408168837,0.18243527868714374,3.2726370415153485,-2.572106389403103,0,0.0,0.0,2.0470832277351243,-2.7755575615628914e-17,8.0,38,260,0.623451497211758,3.2726370415153485,2.8521063894031027,0.0,0,0.0,0.0,210.34981553637303,193.1095671749383,0.9180401070594064,105.98899668207241,37,apartment,low,0.8
Spring,CHARGE_PRIORITY,445.96560601016296,527.5123460975371,14.865520200338766,17.583744869917904,0.6193966750141152,0.7326560362465794,218.49084227403665,111.29882405247416,0.0,0.0,30.77983571328057,303.88694624440825,278.24166811021996,309.02150382350055,0.6929267630931574,0.5858090452471845,0.11325936123246423,3.4459515244059467,-3.5,0,0.0,0.0,2.8076469204580023,0.0,10.0,60,278,0.5643454962046258,3.4459515244059467,4.0,0.0,0,0.0,0.0,303.88694624440836,278.24166811021996,0.9156091485628917,63.69919005830076,38,small_family,middle,1.0
Spring,CHARGE_PRIORITY,525.5672721594408,791.3877204429834,17.51890907198136,26.37959068143278,0.7299545446658899,1.099149611726366,372.62982387667154,71.61674347932522,0.0,0.0,37.988084923667884,415.9624437564477,380.76981164264396,418.75789656631184,0.7967731606378902,0.5291437884983986,0.36919506706047583,3.8324550065635643,-3.16,0,0.0,0.0,3.0681152043127944,-4.440892098500626e-16,13.5,42,356,0.5679369267419214,3.8324550065635643,4.0,0.0,0,0.0,0.0,415.9624437564479,380.76981164264214,0.9153946885300742,215.01729877611098,39,family_house,high,1.2
Spring,CHARGE_PRIORITY,644.1989948437254,1254.5531966364279,21.47329982812418,41.81843988788093,0.8947208261718408,1.742434995328372,667.407263334672,2.892535932607786,0.0,0.0,14.319705992953143,626.9867529181644,572.8262273088026,587.1459333017557,0.9114356557544614,0.4680119861604496,0.8477141691565312,4.495736960040371,-2.5,0,0.0,0.0,2.790827539615514,-1.1102230246251565e-16,18.0,6,419,0.5633418591788646,4.495736960040371,4.0,0.0,0,0.0,0.0,626.9867529181643,572.826227308803,0.9136177513204488,497.95216516165704,40,luxury_house,luxury,1.5
Spring,CHARGE_PRIORITY,327.4976548617234,379.32520009991885,10.91658849539078,12.644173336663961,0.4548578539746158,0.5268405556943317,141.30423205051983,69.21253551387618,0.0,0.0,17.696274441344368,240.5888449065029,220.32469360805464,238.02096804939902,0.7267867861523974,0.6274852500880548,0.07198270171971582,3.2626480683299524,-2.482105769071174,0,0.0,0.0,2.789993957939147,-2.7755575615628914e-17,8.0,62,198,0.5209346198159907,3.2626480683299524,2.762105769071174,0.0,0,0.0,0.0,240.5888449065029,220.32469360805507,0.9157726896842501,43.68689207540131,41,apartment,low,0.8
Spring,CHARGE_PRIORITY,417.27147588150683,537.9911558443935,13.909049196050228,17.933038528146447,0.5795437165020928,0.7472099386727687,231.40563486426367,84.35805460924213,0.0,0.0,22.200253448390015,310.7131678238747,284.3852675317398,306.5855209801298,0.7347387461183456,0.5698709312403742,0.16766622217067598,3.479623011915769,-3.5,0,0.0,0.0,2.617765505922271,0.0,10.0,44,272,0.5920870389757255,3.479623011915769,4.0,0.0,0,0.0,0.0,310.71316782387464,284.38526753173977,0.9152662229395484,97.63197699987984,42,small_family,middle,1.0
Spring,CHARGE_PRIORITY,485.17989260110073,791.1527165541712,16.17266308670336,26.371757218472375,0.6738609619459732,1.0988232174363488,398.01607523892693,58.93542106836449,0.0,0.0,31.130046739406197,395.11442479333004,362.006594575838,393.1366413152442,0.8102904660941267,0.4969162502879754,0.42496225549037564,3.773333584934308,-3.16,0,0.0,0.0,2.4937849953042894,-1.1102230246251565e-16,13.5,34,380,0.6045159855023062,3.773333584934308,4.0,0.0,0,0.0,0.0,395.1144247933301,362.0065945758367,0.9162069817248234,245.47017746766716,43,family_house,high,1.2
Spring,CHARGE_PRIORITY,625.1510006117371,1262.223362915484,20.838366687057903,42.0741120971828,0.8682652786274127,1.753088004049283,692.9519887944557,3.9352379954326415,0.0,0.0,16.390380838995092,604.8253817773094,552.8809932820332,569.2713741210282,0.9106141933132502,0.4510068430409377,0.8848227254218706,4.4893676173248345,-2.5,0,0.0,0.0,2.6326274433000276,-1.1102230246251565e-16,18.0,6,435,0.5716503027447446,4.4893676173248345,4.0,0.0,0,0.0,0.0,604.8253817773094,552.8809932820333,0.9141167185434002,516.1722773999523,44,luxury_house,luxury,1.5
Spring,CHARGE_PRIORITY,306.20041993268217,378.1337574480075,10.20668066442274,12.60445858160025,0.4252783610176141,0.5251857742333438,159.21729165991664,68.981833792732,0.0,0.0,16.250050699336928,220.96853544061332,202.66641508875398,218.91646578809093,0.7149450214216541,0.57893922845064,0.09990741321572962,3.2680674905159948,-2.5924900589047306,0,0.0,0.0,2.475110886027146,-2.7755575615628914e-17,8.0,57,222,0.5520883328172551,3.2680674905159948,2.8724900589047304,0.0,0,0.0,0.0,220.9685354406134,202.6664150887544,0.917173183433721,57.32931833147867,45,apartment,low,0.8
Spring,CHARGE_PRIORITY,452.1707226891817,520.5735487677259,15.072357422972722,17.352451625590863,0.6280148926238635,0.7230188177329526,194.7338954739917,98.54695021722631,0.0,0.0,28.348415787217654,325.2753566847377,297.4912375065165,325.83965329373416,0.7206120098972298,0.6259243368493165,0.09500392510908921,3.4390896975177636,-3.5,0,0.0,0.0,3.023038594629079,-1.1102230246251565e-16,10.0,54,238,0.5569607972910658,3.4390896975177636,4.0,0.0,0,0.0,0.0,325.27535668473735,297.4912375065165,0.9145827723889033,57.35816640999012,46,small_family,middle,1.0
Spring,CHARGE_PRIORITY,502.08861490448896,802.3924102197867,16.736287163482967,26.74641367399289,0.6973452984784569,1.114433903083037,378.1597144434047,40.677646958147335,0.0,0.0,25.592123628335028,435.8188443180066,398.6405721480469,424.2326957763819,0.8449359001240898,0.5287097564397182,0.41708860460458,3.8330887446037942,-3.16,0,0.0,0.0,2.937109525901828,0.0,13.5,29,320,0.5787257830687835,3.8330887446037942,4.0,41.0,1,41.330830055260066,41.330830055260066,435.8188443180065,398.64057214804495,0.9146932890702784,247.00990357022093,47,family_house,high,1.2
Spring,CHARGE_PRIORITY,612.1232727452318,1264.624530603135,20.404109091507728,42.1541510201045,0.8501712121461553,1.756422959171021,705.8282613462184,1.4539864762672303,0.0,0.0,6.557619323939383,604.1116669450253,552.2386499329773,558.7962692569167,0.9128819212359698,0.44186733353212043,0.9062517470248657,4.491414833530083,-2.5,0,0.0,0.0,2.221051825132258,-2.220446049250313e-16,18.0,2,435,0.5997900237463363,4.491414833530083,4.0,0.0,0,0.0,0.0,604.1116669450256,552.238649932977,0.9141333964391568,528.0626081810233,48,luxury_house,luxury,1.5
Spring,CHARGE_PRIORITY,306.26295224613193,389.62896919688376,10.208765074871064,12.987632306562793,0.425365211452961,0.541151346106783,160.9315915623747,58.28872057088839,0.0,0.0,17.258359345878173,230.7158723293654,211.43901828863088,228.69737763450905,0.7467353656628819,0.5869619451189877,0.11578613465382197,3.2595619536069393,-2.475976373355401,0,0.0,0.0,2.54400306235186,-2.7755575615628914e-17,8.0,59,214,0.5519968602034153,3.2595619536069393,2.755976373355401,0.0,0,0.0,0.0,230.71587232936545,211.43901828863133,0.9164476468562386,68.23884515798147,49,apartment,low,0.8
Spring,CHARGE_PRIORITY,450.7324920117784,545.4252114297179,15.024416400392614,18.1808403809906,0.6260173500163588,0.7575350158746083,228.92601932511315,108.20406475557861,0.0,0.0,34.801910837724236,307.7265164184755,281.6972812668805,316.49919210460473,0.702188543568175,0.5802797257482257,0.1315176658582494,3.4820488502081783,-3.5,0,0.0,0.0,2.9684908412216644,-5.551115123125783e-17,10.0,69,283,0.5602060200723544,3.4820488502081783,4.0,0.0,0,0.0,0.0,307.7265164184752,281.6972812668805,0.9154143898467374,74.31085621381409,50,small_family,middle,1.0
Spring,PRODUCE_PRIORITY,291.55451806182066,383.71229525941135,9.718483935394023,12.79040984198038,0.40493683064141756,0.5329337434158491,379.91756206720925,291.55451806182066,0.0,0.0,0.0,0.0,3.794733192202055,3.794733192202055,0.01301551839233521,0.009889527229344056,0.12799691277443154,3.2543018314569454,-2.401450488606589,0,0.0,0.0,0.03491905797171745,0.0,3.7048540850509513,0,707,0.5735124390474645,3.2543018314569454,2.681450488606589,0.0,0,0.0,0.0,0.0,3.794733192202054,0.0,22.53910529476832,1,apartment,low,0.8
Spring,PRODUCE_PRIORITY,377.07852208430995,548.1302089758669,12.569284069476998,18.27100696586223,0.5237201695615415,0.7612919569109263,543.3867924856144,377.07852208430995,0.0,0.0,0.0,0.0,4.74341649025257,4.74341649025257,0.012579386553318469,0.008653813295777342,0.2375717873493846,3.4302926871098487,-3.5,0,0.0,0.0,0.029559607706579394,0.0,4.47295372330527,0,711,0.630461271279526,3.4302926871098487,4.0,0.0,0,0.0,0.0,0.0,4.74341649025257,0.0,68.1694244883318,2,small_family,middle,1.0
Spring,PRODUCE_PRIORITY,487.3402446293463,776.2955543241533,16.244674820978208,25.876518477471777,0.676861450874092,1.0781882698946572,769.8919420623124,487.3402446293463,0.0,0.0,0.0,0.0,6.403612261840967,6.403612261840967,0.01313992089184288,0.008248935893257798,0.40132681902056544,3.831047620129126,-3.16,0,0.0,0.0,0.031191309922610974,0.0,5.864562255152854,0,713,0.6106155480124238,3.831047620129126,4.0,0.0,0,0.0,0.0,0.0,6.403612261840968,0.0,138.81273638032263,3,family_house,high,1.2
Spring,PRODUCE_PRIORITY,649.5821646177791,1261.2103280184883,21.652738820592635,42.04034426728295,0.9021974508580265,1.7516810111367893,1252.6721783360335,649.5821646177791,0.0,0.0,0.0,0.0,8.538149682454623,8.538149682454623,0.013144064211612952,0.006769806346154074,0.8494835602787625,4.441209111710336,-2.5,0,0.0,0.0,0.029559607706579373,0.0,7.41886116991581,0,715,0.565214309683228,4.441209111710336,4.0,0.0,0,0.0,0.0,0.0,8.538149682454623,0.0,354.8801855960239,4,luxury_house,luxury,1.5
Spring,PRODUCE_PRIORITY,239.5259316837786,393.2602246187749,7.9841977227926195,13.108674153959162,0.33267490511635917,0.5461947564149651,389.46549142657284,239.5259316837786,0.0,0.0,0.0,0.0,3.794733192202055,3.794733192202055,0.015842682107638558,0.009649420293854169,0.213519851298606,3.277527935279187,-2.284328328292201,0,0.0,0.0,0.03491905797171745,0.0,3.7048540850509513,0,707,0.6496201428542511,3.277527935279187,2.5643283282922007,0.0,0,0.0,0.0,0.0,3.794733192202054,0.0,76.52578005452887,5,apartment,low,0.8
Spring,PRODUCE_PRIORITY,445.4476797286717,536.1009112772792,14.848255990955723,17.87003037590931,0.6186773329564884,0.7445845989962212,531.3574947870268,445.4476797286717,0.0,0.0,0.0,0.0,4.74341649025257,4.74341649025257,0.01064865012461587,0.008847991843459496,0.12590726603973273,3.4553579193313,-3.5,0,0.0,0.0,0.029559607706579394,0.0,4.47295372330527,0,711,0.5655448930481185,3.4553579193313,4.0,0.0,0,0.0,0.0,0.0,4.74341649025257,0.0,-2.3847906655344673,6,small_family,middle,1.0
Spring,PRODUCE_PRIORITY,526.3183411869123,769.0790929178693,17.543944706230413,25.635969763928976,0.7309976960929337,1.068165406830374,762.6754806560284,526.3183411869123,0.0,0.0,0.0,0.0,6.403612261840967,6.403612261840967,0.012166804309726387,0.008326337721060395,0.33716771073744034,3.8373818076875974,-3.16,0,0.0,0.0,0.031191309922610974,0.0,5.864562255152854,0,713,0.5541753416765502,3.8373818076875974,4.0,21.0,1,21.46480185415403,21.46480185415403,0.0,6.403612261840968,0.0,98.32010342380022,7,family_house,high,1.2
Spring,PRODUCE_PRIORITY,655.7112024696739,1260.2048878981382,21.857040082322463,42.006829596604604,0.9107100034301027,1.7502845665251918,1251.6667382156834,655.7112024696739,0.0,0.0,0.0,0.0,8.538149682454623,8.538149682454623,0.013021204533789408,0.00677520755906222,0.8395745630950889,4.487237322057049,-2.5,0,0.0,0.0,0.029559607706579373,0.0,7.41886116991581,0,715,0.56361380405427,4.487237322057049,4.0,0.0,0,0.0,0.0,0.0,8.538149682454623,0.0,348.6099714390559,8,luxury_house,luxury,1.5
Spring,PRODUCE_PRIORITY,257.213963800902,377.9017321683424,8.5737987933634,12.596724405611413,0.3572416163901416,0.5248635169004755,374.10699897614035,257.213963800902,0.0,0.0,0.0,0.0,3.794733192202055,3.794733192202055,0.014753216101204331,0.010041587188363642,0.16762190051033393,3.2733693649344837,-2.211954654015573,0,0.0,0.0,0.03491905797171745,0.0,3.7048540850509513,0,707,0.6237459916806359,3.2733693649344837,2.4919546540155726,0.0,0,0.0,0.0,0.0,3.794733192202054,0.0,49.087681811293464,9,apartment,low,0.8
Spring,PRODUCE_PRIORITY,427.9018134372416,551.8831673185372,14.263393781241385,18.396105577284573,0.594308074218391,0.7665043990535239,547.1397508282846,427.9018134372416,0.0,0.0,0.0,0.0,4.74341649025257,4.74341649025257,0.011085291862050652,0.008594964969306182,0.17219632483513295,3.484723783460647,-3.5,0,0.0,0.0,0.029559607706579394,0.0,4.47295372330527,0,711,0.5824074795041501,3.484723783460647,4.0,0.0,0,0.0,0.0,0.0,4.74341649025257,0.0,25.24318102769604,10,small_family,middle,1.0
Spring,PRODUCE_PRIORITY,478.0038534769974,777.2964614199418,15.93346178256658,25.909882047331394,0.6638942409402742,1.079578418638808,770.8928491581007,478.0038534769974,0.0,0.0,0.0,0.0,6.403612261840967,6.403612261840967,0.013396570373358138,0.008238313924835115,0.4156841776985339,3.813919445830076,-3.16,0,0.0,0.0,0.031191309922610974,0.0,5.864562255152854,0,713,0.6184169734592144,3.813919445830076,4.0,0.0,0,0.0,0.0,0.0,6.403612261840968,0.0,147.9661687392778,11,family_house,high,1.2
Spring,PRODUCE_PRIORITY,589.3545560437537,1256.149442578429,19.645151868125126,41.87164808594763,0.8185479945052135,1.7446520035811515,1247.6112928959742,589.3545560437537,0.0,0.0,0.0,0.0,8.538149682454623,8.538149682454623,0.014487288839794343,0.006797081137837256,0.9261040090759375,4.481151924209026,-2.5,0,0.0,0.0,0.029559607706579373,0.0,7.41886116991581,0,715,0.5971291955262521,4.481151924209026,4.0,20.0,1,20.16786930934299,20.16786930934299,0.0,8.538149682454623,0.0,405.2893692326022,12,luxury_house,luxury,1.5
Spring,PRODUCE_PRIORITY,336.71277048278887,375.9644682626853,11.223759016092963,12.53214894208951,0.4676566256705401,0.5221728725870629,372.1697350704832,336.71277048278887,0.0,0.0,0.0,0.0,3.794733192202055,3.794733192202055,0.011269941400681218,0.01009332932374526,0.05451624691652286,3.2740162171395712,-2.6919338547295095,0,0.0,0.0,0.03491905797171745,0.0,3.7048540850509513,0,707,0.5074546977374363,3.2740162171395712,2.9719338547295093,0.0,0,0.0,0.0,0.0,3.794733192202054,0.0,-23.91419213164761,13,apartment,low,0.8
Spring,PRODUCE_PRIORITY,394.9039542079942,537.7623718879429,13.163465140266474,17.925412396264765,0.5484777141777697,0.7468921831776985,533.0189553976904,394.9039542079942,0.0,0.0,0.0,0.0,4.74341649025257,4.74341649025257,0.012011570002548601,0.008820655252615902,0.1984144689999288,3.492299691083586,-3.5,0,0.0,0.0,0.029559607706579394,0.0,4.47295372330527,0,711,0.6147556745810354,3.492299691083586,4.0,0.0,0,0.0,0.0,0.0,4.74341649025257,0.0,44.35065776107302,14,small_family,middle,1.0
Spring,PRODUCE_PRIORITY,473.6522536727433,782.7636951189081,15.78840845575811,26.09212317063027,0.6578503523232546,1.0871717987762612,776.360082857067,473.6522536727433,0.0,0.0,0.0,0.0,6.403612261840967,6.403612261840967,0.013519649093162266,0.008180773203678292,0.4293214464530065,3.822796197894892,-3.16,0,0.0,0.0,0.031191309922610974,0.0,5.864562255152854,0,713,0.6190449616709155,3.822796197894892,4.0,0.0,0,0.0,0.0,0.0,6.403612261840968,0.0,155.98303383733128,15,family_house,high,1.2
Spring,PRODUCE_PRIORITY,525.5976887135449,1268.1254759081614,17.519922957118165,42.27084919693871,0.7299967898799236,1.7612853832057798,1259.5873262257069,525.5976887135449,0.0,0.0,0.0,0.0,8.538149682454623,8.538149682454623,0.016244648456032282,0.00673289027360646,1.0312885933258562,4.497188200002585,-2.5,0,0.0,0.0,0.029559607706579373,0.0,7.41886116991581,0,715,0.6492523569113938,4.497188200002585,4.0,0.0,0,0.0,0.0,0.0,8.538149682454623,0.0,471.6525748270897,16,luxury_house,luxury,1.5
Spring,PRODUCE_PRIORITY,295.624070626257,368.12922910306673,9.8541356875419,12.270974303435558,0.41058898698091245,0.5112905959764815,364.3344959108647,295.624070626257,0.0,0.0,0.0,0.0,3.794733192202055,3.794733192202055,0.012836347135614509,0.010308155104792363,0.10070160899556903,3.251738032341337,-2.606075918652558,0,0.0,0.0,0.03491905797171745,0.0,3.7048540850509513,0,707,0.5629933641039355,3.251738032341337,2.886075918652558,9.0,1,8.932897155374997,8.932897155374997,0.0,3.794733192202054,0.0,7.189208369517246,17,apartment,low,0.8
Spring,PRODUCE_PRIORITY,478.031341913913,529.4367502004164,15.934378063797102,17.647891673347214,0.6639324193248792,0.7353288197228006,524.6933337101639,478.031341913913,0.0,0.0,0.0,0.0,4.74341649025257,4.74341649025257,0.00992281483314706,0.008959363868218377,0.0713964003979215,3.465309854557562,-3.5,0,0.0,0.0,0.029559607706579394,0.0,4.47295372330527,0,711,0.5321360850276503,3.465309854557562,4.0,0.0,0,0.0,0.0,0.0,4.74341649025257,0.0,-36.70820743989884,18,small_family,middle,1.0
Spring,PRODUCE_PRIORITY,497.3157762803844,777.102552981509,16.57719254267948,25.90341843271697,0.6907163559449784,1.079309101363207,770.6989407196681,497.3157762803844,0.0,0.0,0.0,0.0,6.403612261840967,6.403612261840967,0.012876350534736786,0.008240369610513092,0.38859274541822864,3.8147259244352503,-3.16,0,0.0,0.0,0.031191309922610974,0.0,5.864562255152854,0,713,0.5979242057106173,3.8147259244352503,4.0,0.0,0,0.0,0.0,0.0,6.403612261840968,0.0,130.44000688740522,19,family_house,high,1.2
Spring,PRODUCE_PRIORITY,625.3155001800465,1273.4583561261843,20.84385000600155,42.44861187087281,0.8684937502500645,1.768692161286367,1264.9202064437295,625.3155001800465,0.0,0.0,0.0,0.0,8.538149682454623,8.538149682454623,0.013654146874651664,0.006704694850350172,0.9001984110363026,4.494334647636129,-2.5,0,0.0,0.0,0.029559607706579373,0.0,7.41886116991581,0,715,0.5665026565716503,4.494334647636129,4.0,0.0,0,0.0,0.0,0.0,8.538149682454623,0.0,385.9062046707553,20,luxury_house,luxury,1.5
Spring,PRODUCE_PRIORITY,338.2804531849546,383.33056855421944,11.276015106165152,12.777685618473981,0.4698339627568814,0.5324035674364159,379.53583536201745,338.2804531849546,0.0,0.0,0.0,0.0,3.794733192202055,3.794733192202055,0.011217713457795587,0.009899375378578285,0.06256960467953457,3.2464987583132783,-2.4235324978715416,0,0.0,0.0,0.03491905797171745,0.0,3.7048540850509513,0,707,0.5051614828133845,3.2464987583132783,2.7035324978715414,0.0,0,0.0,0.0,0.0,3.794733192202054,0.0,-19.800531344946023,21,apartment,low,0.8
Spring,PRODUCE_PRIORITY,373.6318210075465,547.4434561754244,12.454394033584883,18.24811520584748,0.5189330847327034,0.7603381335769784,542.7000396851718,373.6318210075465,0.0,0.0,0.0,0.0,4.74341649025257,4.74341649025257,0.012695429627651453,0.008664669267199306,0.2414050488442749,3.4714405188851707,-3.5,0,0.0,0.0,0.029559607706579394,0.0,4.47295372330527,0,711,0.6354968658968814,3.4714405188851707,4.0,0.0,0,0.0,0.0,0.0,4.74341649025257,0.0,70.75639085708696,22,small_family,middle,1.0
Spring,PRODUCE_PRIORITY,589.3808079371872,790.1043577102969,19.646026931239575,26.336811923676564,0.8185844554683156,1.0973671634865234,783.7007454484559,589.3808079371872,0.0,0.0,0.0,0.0,6.403612261840967,6.403612261840967,0.010864982665881831,0.008104767679548661,0.2787827080182079,3.8098430392627685,-3.16,0,0.0,0.0,0.031191309922610974,0.0,5.864562255152854,0,713,0.5189651488363921,3.8098430392627685,4.0,0.0,0,0.0,0.0,0.0,6.403612261840968,0.0,57.33283194287333,23,family_house,high,1.2
Spring,PRODUCE_PRIORITY,706.333613613898,1253.3854141149036,23.544453787129935,41.77951380383012,0.9810189077970806,1.7408130751595883,1244.8472644324493,706.333613613898,0.0,0.0,0.0,0.0,8.538149682454623,8.538149682454623,0.012087984371534976,0.006812070402529746,0.7597941673625077,4.473641402710589,-2.5,0,0.0,0.0,0.029559607706579373,0.0,7.41886116991581,0,715,0.518313099598418,4.473641402710589,4.0,0.0,0,0.0,0.0,0.0,8.538149682454623,0.0,297.9351960718287,24,luxury_house,luxury,1.5
Spring,PRODUCE_PRIORITY,297.9111818062317,386.8716261905538,9.93037272687439,12.89572087301846,0.4137655302864329,0.5373217030424359,383.0768929983517,297.9111818062317,0.0,0.0,0.0,0.0,3.794733192202055,3.794733192202055,0.012737800471921317,0.009808765841961636,0.12355617275600296,3.2604275557645312,-2.4827530344397153,0,0.0,0.0,0.03491905797171745,0.0,3.7048540850509513,0,707,0.5442332342361723,3.2604275557645312,2.762753034439715,58.0,1,58.20568566778423,58.20568566778423,0.0,3.794733192202054,0.0,19.187606123155263,25,apartment,low,0.8
Spring,PRODUCE_PRIORITY,501.0151058130255,537.4665839857479,16.70050352710085,17.915552799524928,0.6958543136292021,0.746481366646872,532.7231674954953,501.0151058130255,0.0,0.0,0.0,0.0,4.74341649025257,4.74341649025257,0.009467611725109884,0.008825509588105579,0.050627053017669996,3.4712265944928244,-3.5,0,0.0,0.0,0.029559607706579394,0.0,4.47295372330527,0,711,0.5096582184665165,3.4712265944928244,4.0,0.0,0,0.0,0.0,0.0,4.74341649025257,0.0,-51.37121961010149,26,small_family,middle,1.0
Spring,PRODUCE_PRIORITY,645.3652058743207,780.6915515453315,21.512173529144025,26.02305171817772,0.8963405637143343,1.0842938215907383,774.2879392834907,645.3652058743207,0.0,0.0,0.0,0.0,6.403612261840967,6.403612261840967,0.009922462821908028,0.008202486947841828,0.18795325787640382,3.78401639504865,-3.16,0,0.0,0.0,0.031191309922610974,0.0,5.864562255152854,0,713,0.47091796373214073,3.78401639504865,4.0,0.0,0,0.0,0.0,0.0,6.403612261840968,0.0,-0.11273082427067038,27,family_house,high,1.2
Spring,PRODUCE_PRIORITY,578.6901169684264,1243.31053743457,19.289670565614212,41.44368458115233,0.803736273567259,1.7268201908813472,1234.7723877521155,578.6901169684264,0.0,0.0,0.0,0.0,8.538149682454623,8.538149682454623,0.01475426905021858,0.0068672704247099235,0.9230839173140886,4.409482365839976,-2.5,0,0.0,0.0,0.029559607706579373,0.0,7.41886116991581,0,715,0.59958817270787,4.409482365839976,4.0,0.0,0,0.0,0.0,0.0,8.538149682454623,0.0,405.2581855425028,28,luxury_house,luxury,1.5
Spring,PRODUCE_PRIORITY,295.0793673650108,382.2068083347824,9.835978912167027,12.740226944492747,0.4098324546736261,0.5308427893538644,378.41207514258036,295.0793673650108,0.0,0.0,0.0,0.0,3.794733192202055,3.794733192202055,0.012860042455994562,0.009928481412288644,0.12101033468023835,3.2361150231317795,-2.472034566200102,0,0.0,0.0,0.03491905797171745,0.0,3.7048540850509513,0,707,0.5683562699987514,3.2361150231317795,2.752034566200102,0.0,0,0.0,0.0,0.0,3.794733192202054,0.0,18.23762572842554,29,apartment,low,0.8
Spring,PRODUCE_PRIORITY,482.1440140745279,547.9652278398469,16.071467135817596,18.265507594661564,0.6696444639923999,0.7610628164442318,543.2218113495942,482.1440140745279,0.0,0.0,0.0,0.0,4.74341649025257,4.74341649025257,0.009838173557661034,0.008656418782176671,0.09141835245183193,3.44285785702243,-3.5,0,0.0,0.0,0.029559607706579394,0.0,4.47295372330527,0,711,0.5293717553168684,3.44285785702243,4.0,0.0,0,0.0,0.0,0.0,4.74341649025257,0.0,-26.513254154879462,30,small_family,middle,1.0
Spring,PRODUCE_PRIORITY,475.58897861589367,769.5004422474383,15.852965953863123,25.650014741581277,0.6605402480776301,1.0687506142325531,763.0968299855974,475.58897861589367,0.0,0.0,0.0,0.0,6.403612261840967,6.403612261840967,0.01346459348254326,0.00832177853353571,0.40821036615492307,3.8023062936542624,-3.16,0,0.0,0.0,0.031191309922610974,0.0,5.864562255152854,0,713,0.6153646799152064,3.8023062936542624,4.0,0.0,0,0.0,0.0,0.0,6.403612261840968,0.0,144.2925417348937,31,family_house,high,1.2
Spring,PRODUCE_PRIORITY,649.6165221673212,1267.4094109057876,21.653884072244043,42.246980363526255,0.9022451696768351,1.7602908484802606,1258.871261223333,649.6165221673212,0.0,0.0,0.0,0.0,8.538149682454623,8.538149682454623,0.013143369035579206,0.006736694243379974,0.8580456788034254,4.496094601039407,-2.5,0,0.0,0.0,0.029559607706579373,0.0,7.41886116991581,0,715,0.568196573968546,4.496094601039407,4.0,0.0,0,0.0,0.0,0.0,8.538149682454623,0.0,359.4985759669106,32,luxury_house,luxury,1.5
Spring,PRODUCE_PRIORITY,293.0440545416284,367.33380029408596,9.768135151387613,12.244460009802866,0.4070056313078172,0.510185833741786,363.5390671018839,293.0440545416284,0.0,0.0,0.0,0.0,3.794733192202055,3.794733192202055,0.012949360798797554,0.010330476501656007,0.10318020243396894,3.273062485235356,-2.5295236919948967,0,0.0,0.0,0.03491905797171745,0.0,3.7048540850509513,0,707,0.5713335368495287,3.273062485235356,2.8095236919948965,0.0,0,0.0,0.0,0.0,3.794733192202054,0.0,8.914651238947329,33,apartment,low,0.8
Spring,PRODUCE_PRIORITY,441.15212029484496,522.8398387650617,14.705070676494833,17.427994625502055,0.6127112781872847,0.7261664427292523,518.0964222748091,441.15212029484496,0.0,0.0,0.0,0.0,4.74341649025257,4.74341649025257,0.01075233750907124,0.009072408295160587,0.11345516454196775,3.4645754213090605,-3.5,0,0.0,0.0,0.029559607706579394,0.0,4.47295372330527,0,711,0.5433981723766366,3.4645754213090605,4.0,34.0,1,34.02631224501563,34.02631224501563,0.0,4.74341649025257,0.0,-8.46459155925362,34,small_family,middle,1.0
Spring,PRODUCE_PRIORITY,536.9675036638631,772.3287711926583,17.898916788795436,25.744292373088612,0.7457881995331432,1.072678848878692,765.9251589308174,536.9675036638631,0.0,0.0,0.0,0.0,6.403612261840967,6.403612261840967,0.011925511726775875,0.008291303523436367,0.3268906493455489,3.818258975890389,-3.16,0,0.0,0.0,0.031191309922610974,0.0,5.864562255152854,0,713,0.5593236287255848,3.818258975890389,4.0,0.0,0,0.0,0.0,0.0,6.403612261840968,0.0,91.17311590063622,35,family_house,high,1.2
Spring,PRODUCE_PRIORITY,633.310513058863,1279.5273192407217,21.110350435295434,42.65091064135739,0.8795979348039763,1.7771212767232245,1270.989169558267,633.310513058863,0.0,0.0,0.0,0.0,8.538149682454623,8.538149682454623,0.013481774747770603,0.006672893617872267,0.8975233419192481,4.479460278330772,-2.5,0,0.0,0.0,0.029559607706579373,0.0,7.41886116991581,0,715,0.5869639670468115,4.479460278330772,4.0,0.0,0,0.0,0.0,0.0,8.538149682454623,0.0,383.26241541572347,36,luxury_house,luxury,1.5
Spring,PRODUCE_PRIORITY,297.97397027038437,382.55899694450005,9.93246567567948,12.751966564816668,0.41385273648664495,0.5313319402006945,378.764263752298,297.97397027038437,0.0,0.0,0.0,0.0,3.794733192202055,3.794733192202055,0.012735116388719051,0.009919341127801467,0.1174792037140496,3.2503548422456983,-2.465216086476978,0,0.0,0.0,0.03491905797171745,0.0,3.7048540850509513,0,707,0.5641220288652385,3.2503548422456983,2.7452160864769777,0.0,0,0.0,0.0,0.0,3.794733192202054,0.0,15.89662457087752,37,apartment,low,0.8
Spring,PRODUCE_PRIORITY,518.6436161264328,533.5430455201791,17.28812053754776,17.784768184005973,0.7203383557311567,0.7410320076669155,528.7996290299266,518.6436161264328,0.0,0.0,0.0,0.0,4.74341649025257,4.74341649025257,0.009145811001549549,0.008890410117946461,0.020693651935758763,3.496975865002774,-3.5,0,0.0,0.0,0.029559607706579394,0.0,4.47295372330527,0,711,0.49355320256792196,3.496975865002774,4.0,0.0,0,0.0,0.0,0.0,4.74341649025257,0.0,-70.17953274134459,38,small_family,middle,1.0
Spring,PRODUCE_PRIORITY,470.9010072977918,784.3114870858897,15.696700243259727,26.143716236196322,0.6540291768024886,1.0893215098415134,777.9078748240488,470.9010072977918,0.0,0.0,0.0,0.0,6.403612261840967,6.403612261840967,0.013598637850845379,0.00816462893541646,0.4352923330390248,3.8386192562569645,-3.16,0,0.0,0.0,0.031191309922610974,0.0,5.864562255152854,0,713,0.6172675387204519,3.8386192562569645,4.0,0.0,0,0.0,0.0,0.0,6.403612261840968,0.0,159.61999955002392,39,family_house,high,1.2
Spring,PRODUCE_PRIORITY,698.9553587242988,1266.5363904425697,23.298511957476627,42.217879681418985,0.9707713315615261,1.7590783200591245,1257.998240760115,698.9553587242988,0.0,0.0,0.0,0.0,8.538149682454623,8.538149682454623,0.012215586554823847,0.0067413378303888384,0.7883069884975986,4.434224741826853,-2.5,0,0.0,0.0,0.029559607706579373,0.0,7.41886116991581,0,715,0.5289201170672277,4.434224741826853,4.0,0.0,0,0.0,0.0,0.0,8.538149682454623,0.0,314.4388577182174,40,luxury_house,luxury,1.5
Spring,PRODUCE_PRIORITY,256.6359130593261,382.31558575010376,8.554530435310872,12.743852858336792,0.35643876813795294,0.5309938690973663,378.52085255790166,256.6359130593261,0.0,0.0,0.0,0.0,3.794733192202055,3.794733192202055,0.014786446475730903,0.009925656535180962,0.17455510095941343,3.1921974302805216,-2.1467519852226458,0,0.0,0.0,0.03491905797171745,0.0,3.7048540850509513,0,707,0.5870956972531883,3.1921974302805216,2.4267519852226456,45.0,1,45.535205398038954,45.535205398038954,0.0,3.794733192202054,0.0,52.91831766503273,41,apartment,low,0.8
Spring,PRODUCE_PRIORITY,382.06963787997614,555.6177262495862,12.735654595999204,18.52059087498621,0.5306522748333002,0.7716912864577586,550.8743097593336,382.06963787997614,0.0,0.0,0.0,0.0,4.74341649025257,4.74341649025257,0.012415057413545833,0.008537194308523201,0.24103901162445843,3.4519715331308927,-3.30227770874846,0,0.0,0.0,0.029559607706579394,0.0,4.47295372330527,0,711,0.6274042808947352,3.4519715331308927,3.80227770874846,0.0,0,0.0,0.0,0.0,4.74341649025257,0.0,69.29305822752167,42,small_family,middle,1.0
Spring,PRODUCE_PRIORITY,519.6341565690414,798.6792122200567,17.321138552301377,26.622640407335222,0.7217141063458907,1.1092766836389676,792.2755999582157,519.6341565690414,0.0,0.0,0.0,0.0,6.403612261840967,6.403612261840967,0.012323308968220509,0.008017752514230467,0.38756257729307686,3.831273901815788,-3.16,0,0.0,0.0,0.031191309922610974,0.0,5.864562255152854,0,713,0.5753987327120378,3.831273901815788,4.0,0.0,0,0.0,0.0,0.0,6.403612261840968,0.0,126.53595905652452,43,family_house,high,1.2
Spring,PRODUCE_PRIORITY,689.8665849921947,1249.4193414981803,22.995552833073155,41.64731138327268,0.9581480347113815,1.7353046409696948,1240.8811918157257,689.8665849921947,0.0,0.0,0.0,0.0,8.538149682454623,8.538149682454623,0.012376523038220826,0.00683369418006329,0.7771566062583133,4.494147042509004,-2.5,0,0.0,0.0,0.029559607706579373,0.0,7.41886116991581,0,715,0.5354743740974384,4.494147042509004,4.0,0.0,0,0.0,0.0,0.0,8.538149682454623,0.0,309.780967368819,44,luxury_house,luxury,1.5
Spring,PRODUCE_PRIORITY,248.24372697760708,397.71261397249805,8.274790899253569,13.257087132416602,0.34478295413556537,0.5523786305173584,393.91788078029595,248.24372697760708,0.0,0.0,0.0,0.0,3.794733192202055,3.794733192202055,0.015286320578583484,0.009541395115178474,0.20759567638179302,3.2450679683146713,-2.5379176567454214,0,0.0,0.0,0.03491905797171745,0.0,3.7048540850509513,0,707,0.603682841674046,3.2450679683146713,2.817917656745421,56.0,1,55.46708089477796,55.46708089477796,0.0,3.794733192202054,0.0,72.01905630537559,45,apartment,low,0.8
Spring,PRODUCE_PRIORITY,463.57303955417797,545.6823637496359,15.452434651805932,18.189412124987864,0.6438514438252472,0.7578921718744943,540.9389472593832,463.57303955417797,0.0,0.0,0.0,0.0,4.74341649025257,4.74341649025257,0.01023229585312889,0.008692632940633011,0.114040728049247,3.480073652476444,-3.5,0,0.0,0.0,0.029559607706579394,0.0,4.47295372330527,0,711,0.5474668594407549,3.480073652476444,4.0,0.0,0,0.0,0.0,0.0,4.74341649025257,0.0,-11.511525154222795,46,small_family,middle,1.0
Spring,PRODUCE_PRIORITY,514.596311916219,808.2463832836727,17.1532103972073,26.941546109455757,0.7147170998836374,1.1225644212273231,801.8427710218317,514.596311916219,0.0,0.0,0.0,0.0,6.403612261840967,6.403612261840967,0.012443952888033008,0.00792284678815998,0.4078473213436857,3.7951572144842536,-3.16,0,0.0,0.0,0.031191309922610974,0.0,5.864562255152854,0,713,0.5832246997706855,3.7951572144842536,4.0,0.0,0,0.0,0.0,0.0,6.403612261840968,0.0,138.24539754177675,47,family_house,high,1.2
Spring,PRODUCE_PRIORITY,581.9577285522216,1251.4492417181145,19.398590951740722,41.714974723937154,0.8082746229891967,1.7381239468307146,1242.9110920356602,581.9577285522216,0.0,0.0,0.0,0.0,8.538149682454623,8.538149682454623,0.014671425884652475,0.006822609657530016,0.929849323841518,4.493000746479581,-2.5,0,0.0,0.0,0.029559607706579373,0.0,7.41886116991581,0,715,0.6172584992482328,4.493000746479581,4.0,0.0,0,0.0,0.0,0.0,8.538149682454623,0.0,408.42136332974565,48,luxury_house,luxury,1.5
Spring,PRODUCE_PRIORITY,307.7825557765525,363.54725344493664,10.259418525885083,12.118241781497888,0.42747577191187847,0.5049267408957453,359.7525202527346,307.7825557765525,0.0,0.0,0.0,0.0,3.794733192202055,3.794733192202055,0.012329266623404736,0.010438074160218653,0.07745096898386694,3.260583594986255,-2.6783301600240867,0,0.0,0.0,0.03491905797171745,0.0,3.7048540850509513,0,707,0.54977397575761,3.260583594986255,2.9583301600240866,0.0,0,0.0,0.0,0.0,3.794733192202054,0.0,-7.189910009346306,49,apartment,low,0.8
Spring,PRODUCE_PRIORITY,456.00436780017986,544.5569819078914,15.200145593339329,18.151899396929714,0.633339399722472,0.7563291415387381,539.813565417639,456.00436780017986,0.0,0.0,0.0,0.0,4.74341649025257,4.74341649025257,0.010402129508397877,0.0087105971419808,0.1229897418162662,3.4966366801009467,-3.5,0,0.0,0.0,0.029559607706579394,0.0,4.47295372330527,0,711,0.5552009294258466,3.4966366801009467,4.0,0.0,0,0.0,0.0,0.0,4.74341649025257,0.0,-5.543756956932668,50,small_family,middle,1.0
Summer,LOAD_PRIORITY,229.66535498729672,396.3598520241935,7.655511832909891,13.211995067473117,0.31897965970457876,0.5504997944780465,198.92542407649069,24.169708303662823,0.0,0.0,86.93612740230299,118.55951928133092,110.49830054539987,197.43442794770286,0.8596613449103953,0.4981191383017562,0.2315201347734678,3.2633488342411057,-2.0625074607121126,0,0.0,0.0,1.8846004518078796,0.0,8.0,26,262,0.6640442489625169,3.2633488342411057,2.3425074607121124,0.0,0,0.0,0.0,118.5595192813309,110.49830054539996,0.9320069886855529,127.44133058407147,1,apartment,low,0.8
Summer,LOAD_PRIORITY,306.2606907372593,523.2545068341342,10.208689691241977,17.44181689447114,0.42536207046841573,0.7267423706029642,265.0064819434988,40.72932438694957,0.0,0.0,145.26378685104157,120.26757949926812,112.98423803959389,258.24802489063546,0.843229420886359,0.4935419026835008,0.30138030013454864,3.4447696138875608,-3.439760114345495,0,0.0,0.0,1.9464688489649307,0.0,10.0,29,340,0.7013334455673984,3.4447696138875608,3.939760114345495,0.0,0,0.0,0.0,120.26757949926812,112.9842380395939,0.9394405251190863,162.09846950936947,2,small_family,middle,1.0
Summer,LOAD_PRIORITY,352.62451969645315,794.5522059751102,11.754150656548438,26.485073532503673,0.48975627735618493,1.1035447305209862,469.0764524155295,23.42106074484007,0.0,0.0,227.89028241288008,101.31317653873299,97.58547114670066,325.47575355958077,0.923009420444606,0.4096341953517608,0.6137884531648015,3.814962783445572,-3.16,0,0.0,0.0,1.4238488855455254,0.0,13.5,11,428,0.712021901456733,3.814962783445572,4.0,0.0,0,0.0,0.0,101.31317653873298,97.5854711467008,0.9632061147484894,330.7283846412911,3,family_house,high,1.2
Summer,LOAD_PRIORITY,356.21475191282667,1265.5014633638332,11.873825063760888,42.183382112127774,0.494742710990037,1.7576409213386572,906.8542572278822,0.0,0.0,0.0,295.15779731952415,61.05695459330252,63.489408816426895,358.6472061359511,1.006828617315994,0.2834032330414142,1.2628982103486202,4.472947604356326,-2.5,0,0.0,0.0,0.7107503243851296,0.0,15.553602494585666,0,607,0.776273267047939,4.472947604356326,4.0,0.0,0,0.0,0.0,61.05695459330255,63.48940881642688,1.0398391016932762,680.1406929209116,4,luxury_house,luxury,1.5
Summer,LOAD_PRIORITY,229.51727858115748,381.8077227813948,7.65057595270525,12.726924092713158,0.3187739980293854,0.5302885038630483,182.8568318504083,22.359588396238607,0.0,0.0,87.1423657235745,120.01532446134436,111.80852520741198,198.95089093098647,0.8668231523172112,0.5210761308903551,0.2115145058336629,3.27797138592544,-2.473356039016488,0,0.0,0.0,1.960550791663826,0.0,8.0,24,241,0.6642608559480946,3.27797138592544,2.753356039016488,0.0,0,0.0,0.0,120.01532446134424,111.80852520741206,0.9316187387671855,117.01899433119148,5,apartment,low,0.8
Summer,LOAD_PRIORITY,253.43592707589477,528.5717471298117,8.44786423586316,17.61905823766039,0.35199434316096495,0.7341274265691828,313.0377721902114,34.927307918947676,0.0,0.0,141.32801208095378,77.18060707599331,74.20596285864654,215.53397493960034,0.850447596070528,0.40776673386341145,0.382133083408218,3.469271734533785,-3.5,0,0.0,0.0,1.1551856999262833,-4.440892098500626e-16,10.0,20,400,0.7527469216565711,3.469271734533785,4.0,0.0,0,0.0,0.0,77.18060707599334,74.20596285864654,0.9614586574264969,203.34375201560565,6,small_family,middle,1.0
Summer,LOAD_PRIORITY,361.7859732798749,777.1344508335271,12.059532442662496,25.904481694450904,0.5024805184442707,1.0793534039354544,442.51204984845765,21.58716775694053,0.0,0.0,220.39863752587607,119.80016799705831,114.22376345919346,334.6224009850695,0.9249181165080939,0.43058495299772803,0.5768728854911838,3.824162939128006,-3.16,0,0.0,0.0,1.7431395685410849,-2.220446049250313e-16,13.5,13,447,0.7070633545794651,3.824162939128006,4.0,0.0,0,0.0,0.0,119.80016799705825,114.22376345919358,0.9534524480967205,312.45558640509677,7,family_house,high,1.2
Summer,LOAD_PRIORITY,400.02717418255736,1265.03121616394,13.334239139418578,42.167707205464666,0.5555932974757741,1.7569878002276944,864.4872508311271,0.0,0.0,0.0,319.8135888605657,80.21358532199166,80.73037647224712,400.54396533281283,1.0012918901104944,0.3166277323554243,1.2013945027519202,4.48182409806777,-2.5,0,0.0,0.0,0.8655202635438156,0.0,15.081102920619937,0,566,0.749027317574784,4.48182409806777,4.0,0.0,0,0.0,0.0,80.21358532199162,80.73037647224712,1.0064426885817535,648.3654381233453,8,luxury_house,luxury,1.5
Summer,LOAD_PRIORITY,219.25693530296647,378.9117502564852,7.308564510098882,12.630391675216174,0.3045235212541201,0.526266319800674,205.52824912259032,39.67099773925233,0.0,0.0,79.61424134350125,99.97169622021292,93.76925979039366,173.3835011338949,0.7907777279396693,0.4575828039550942,0.22174279854655385,3.2560493103678527,-2.6496030495703646,0,0.0,0.0,1.6483084323241586,-2.7755575615628914e-17,8.0,35,308,0.6715279549480857,3.2560493103678527,2.9296030495703644,42.0,1,42.022252494464944,42.022252494464944,99.97169622021303,93.76925979039378,0.9379580754921191,118.44228887661566,9,apartment,low,0.8
Summer,LOAD_PRIORITY,290.0842517736145,534.1728003970826,9.669475059120483,17.805760013236085,0.4028947941300201,0.7419066672181702,286.2915740664155,35.92902201249885,0.0,0.0,143.98103055410502,110.1741992070106,103.90019577656211,247.88122633066712,0.8545145929676902,0.46404688922087045,0.3390118730881502,3.4751036308793606,-3.5,0,0.0,0.0,1.702369105590958,-5.551115123125783e-17,10.0,21,349,0.7163707020992888,3.4751036308793606,4.0,0.0,0,0.0,0.0,110.1741992070105,103.90019577656207,0.9430537868611146,182.38256073856263,10,small_family,middle,1.0
Summer,LOAD_PRIORITY,366.2358737436627,773.9938633471195,12.20786245812209,25.79979544490398,0.5086609357550871,1.0749914768709994,431.9771190504493,18.19714683001542,0.0,0.0,223.7827781254675,124.25594878817972,118.23396617120271,342.01674429667025,0.9338701334759358,0.44188560206101163,0.5663305411159123,3.818475394401603,-3.16,0,0.0,0.0,1.7436419323021728,0.0,13.5,13,424,0.7072630075213057,3.818475394401603,4.0,0.0,0,0.0,0.0,124.25594878817977,118.23396617120291,0.9515356594536767,307.6054071408231,11,family_house,high,1.2
Summer,LOAD_PRIORITY,432.7947897011896,1275.731245380408,14.426492990039653,42.5243748460136,0.6011038745849855,1.7718489519172331,855.4264761918961,10.809083691789441,0.0,0.0,319.79484097597015,102.19086503342999,100.50992821254162,420.3047691885117,0.971141009989281,0.32946184449937327,1.1707450773322479,4.4999665779235665,-2.5,0,0.0,0.0,1.520552866267965,0.0,18.0,10,574,0.7093845541898826,4.4999665779235665,4.0,0.0,0,0.0,0.0,102.19086503342999,100.50992821254162,0.9835510070265236,631.8416818213116,12,luxury_house,luxury,1.5
Summer,LOAD_PRIORITY,190.03347223078617,377.3217211419279,6.334449074359539,12.57739070473093,0.26393537809831413,0.5240579460304554,208.72848528459875,16.37714748336839,0.0,0.0,85.07810392451145,88.57822082290632,83.51513193281772,168.59323585732918,0.887176526736201,0.446815612276701,0.26012256793214134,3.2772841067539615,-2.173687709350524,0,0.0,0.0,1.3685373658110342,0.0,8.0,17,289,0.7220179861734664,3.2772841067539615,2.4536877093505236,0.0,0,0.0,0.0,88.57822082290636,83.51513193281784,0.9428404765522316,141.8069312284175,13,apartment,low,0.8
Summer,LOAD_PRIORITY,281.2273994521511,541.237506880075,9.374246648405036,18.041250229335834,0.39059361035020984,0.7517187595556597,306.15221961037946,40.23226719255032,0.0,0.0,134.46251745802283,106.532614801578,100.62276981167275,235.08528726969558,0.835925972105338,0.4343477388047772,0.36112514920544986,3.4751590214091275,-3.5,0,0.0,0.0,1.635373481152997,-5.551115123125783e-17,10.0,26,374,0.6935231101633988,3.4751590214091275,4.0,60.0,1,60.36099632561512,60.36099632561512,106.53261480157789,100.62276981167275,0.944525486388253,193.4051242344893,14,small_family,middle,1.0
Summer,LOAD_PRIORITY,411.6424730720968,784.9288375399622,13.721415769069893,26.164294584665406,0.5717256570445789,1.0901789410277252,423.90863337162926,42.33049872029207,0.0,0.0,222.35814989867558,146.9538244531292,138.66205426965723,361.0202041683328,0.8770236984391603,0.45994004411890727,0.5184532839831462,3.816078737382078,-3.16,0,0.0,0.0,2.2432612028927474,-4.440892098500626e-16,13.5,26,431,0.6625173887923963,3.816078737382078,4.0,0.0,0,0.0,0.0,146.95382445312913,138.6620542696574,0.9435756761395728,279.8340261804591,15,family_house,high,1.2
Summer,LOAD_PRIORITY,572.7054411308827,1263.1315538317713,19.090181371029423,42.104385127725706,0.7954242237928927,1.7543493803219046,714.763049642833,13.22740389719268,0.0,0.0,363.0012099616271,196.476827272063,185.36729422731136,548.3685041889383,0.9575053156577527,0.43413411890902076,0.9589251565290122,4.448406039346299,-2.5,0,0.0,0.0,2.6211138923154227,0.0,18.0,17,467,0.5979070263498241,4.448406039346299,4.0,0.0,0,0.0,0.0,196.476827272063,185.36729422731133,0.9434562681055094,524.1676237246514,16,luxury_house,luxury,1.5
Summer,LOAD_PRIORITY,203.159931712068,385.1454438317479,6.771997723735599,12.838181461058264,0.28216657182231664,0.5349242275440943,205.57922115545182,17.450600639759912,0.0,0.0,86.33091519016801,99.37841588214008,93.23530748612811,179.56622267629612,0.8838663271987586,0.4662296427287875,0.25275765572177766,3.2679257886943014,-2.6923625183780273,0,0.0,0.0,1.529272081962024,-1.1102230246251565e-16,8.0,15,279,0.7028165286713496,3.2679257886943014,2.972362518378027,0.0,0,0.0,0.0,99.37841588214002,93.2353074861282,0.9381846818397934,138.47887529080495,17,apartment,low,0.8
Summer,LOAD_PRIORITY,300.14455885688926,540.9181233097415,10.004818628562976,18.030604110324717,0.4168674428567906,0.7512751712635299,280.5791708845617,32.51532017954473,0.0,0.0,147.2922112531717,120.33702742417286,113.04674117200814,260.33895242517985,0.8673785505780601,0.4812908667807828,0.33440772840673927,3.494900044169886,-3.5,0,0.0,0.0,1.8207221841728982,0.0,10.0,21,329,0.7071346488599463,3.494900044169886,4.0,0.0,0,0.0,0.0,120.3370274241728,113.04674117200814,0.9394177635245441,181.170590001831,18,small_family,middle,1.0
Summer,LOAD_PRIORITY,357.88718956884424,790.2909989427257,11.929572985628141,26.343033298090855,0.49706554106783923,1.0976263874204524,454.4248818535803,16.795295418590342,0.0,0.0,224.7980009207586,116.29389322949532,111.06811616838675,335.86611708914535,0.9384692352184267,0.4249904371155395,0.600560846352613,3.833413249895333,-3.16,0,0.0,0.0,1.5885190976034544,0.0,13.5,12,428,0.7137324950061739,3.833413249895333,4.0,0.0,0,0.0,0.0,116.29389322949525,111.06811616838692,0.9550640457896121,325.70289551345394,19,family_house,high,1.2
Summer,LOAD_PRIORITY,491.78874400735543,1254.0172757922983,16.392958133578514,41.800575859743276,0.6830399222324381,1.7416906608226366,779.0684942143197,12.772475388557508,0.0,0.0,352.9599013860593,126.05636723273861,121.98888019191938,474.9487815779787,0.9657577310693292,0.3787418169960236,1.0586507385901986,4.48954653164225,-2.5,0,0.0,0.0,1.6823549325888438,-1.1102230246251565e-16,18.0,10,506,0.6724389143154406,4.48954653164225,4.0,0.0,0,0.0,0.0,126.0563672327386,121.98888019191939,0.9677327918445454,572.806142811038,20,luxury_house,luxury,1.5
Summer,LOAD_PRIORITY,181.91220323385141,389.84646925607905,6.063740107795047,12.994882308535969,0.2526558378247936,0.541453429522332,237.14560379398324,25.674195524676044,0.0,0.0,82.91925331635963,73.31875439281576,69.78161214573623,152.70086546209586,0.8394206806774592,0.3916948786364178,0.2887975916975384,3.237190002941567,-2.539324495834448,0,0.0,0.0,1.146044908241742,0.0,8.0,21,334,0.7338978233626392,3.237190002941567,2.8193244958344477,0.0,0,0.0,0.0,73.31875439281572,69.78161214573632,0.9517566511273684,154.75242687327898,21,apartment,low,0.8
Summer,LOAD_PRIORITY,277.1761147494374,534.4060967659341,9.239203824981246,17.81353655886447,0.3849668260408852,0.7422306899526863,291.6622039480941,28.796293614588095,0.0,0.0,144.5863730622304,103.79344807261887,98.15751975560954,242.74389281783996,0.8757749311742696,0.4542311442306767,0.357263863911801,3.487999054964357,-3.5,0,0.0,0.0,1.5171500261192974,-1.1102230246251565e-16,10.0,13,348,0.7295654786577567,3.487999054964357,4.0,0.0,0,0.0,0.0,103.7934480726188,98.15751975560963,0.9457005386981073,192.82998870794128,22,small_family,middle,1.0
Summer,LOAD_PRIORITY,450.826861035551,762.1064792873996,15.027562034518366,25.403549309579986,0.6261484181049319,1.0584812212324994,367.94328962347083,46.06566654805738,0.0,0.0,234.7450236334334,170.01617085406025,159.41816603049523,394.1631896639286,0.874311678675344,0.5172022550346077,0.4323328031275673,3.7820563657208734,-3.16,0,0.0,0.0,2.519790696590427,-1.3877787807814457e-17,13.5,33,361,0.636447682238786,3.7820563657208734,4.0,0.0,0,0.0,0.0,170.01617085406025,159.4181660304954,0.9376647246533858,234.4983673243515,23,family_house,high,1.2
Summer,LOAD_PRIORITY,362.72056101336506,1262.0269931672995,12.090685367112169,42.067566438909985,0.503778556963007,1.752815268287916,898.1878751145514,1.8658347675542972,0.0,0.0,305.317147490637,55.53757875517373,58.521970562110994,363.839118052748,1.0030837982723062,0.2882974136231617,1.2490367113249088,4.485076588899593,-2.5,0,0.0,0.0,0.6877743589648019,0.0,18.0,3,612,0.766708570428825,4.485076588899593,4.0,0.0,0,0.0,0.0,55.53757875517375,58.521970562111,1.0537364406916863,671.9616550451146,24,luxury_house,luxury,1.5
Summer,LOAD_PRIORITY,204.41559296767238,379.93548072802065,6.813853098922412,12.664516024267355,0.2839105457884339,0.5276881676778065,200.64279729148123,18.840831163217256,0.0,0.0,84.80664620327758,100.76811560117756,94.48603723326184,179.29268343653942,0.8770988594049864,0.47190297440234935,0.2437776218893726,3.2514675678203004,-2.076684167602479,0,0.0,0.0,1.611071602689468,0.0,8.0,19,283,0.7009797404444158,3.2514675678203004,2.356684167602479,0.0,0,0.0,0.0,100.76811560117751,94.48603723326195,0.9376580743776244,133.5253499217154,25,apartment,low,0.8
Summer,LOAD_PRIORITY,306.91995628286475,540.9590667487339,10.230665209428825,18.031968891624462,0.4262777170595344,0.7513320371510193,289.0762590521071,47.917788682585694,0.0,0.0,140.37440366123133,118.62776393904772,111.5084040353955,251.88280769662686,0.8206791462738436,0.4656226749474596,0.325054320091485,3.3844325623322358,-3.5,0,0.0,0.0,1.9183407794304805,0.0,10.0,36,375,0.6960887763136065,3.3844325623322358,4.0,19.0,1,18.56069655148829,18.56069655148829,118.62776393904772,111.50840403539553,0.9399857194702734,173.6811844747532,26,small_family,middle,1.0
Summer,LOAD_PRIORITY,421.6712726312724,788.4085193309251,14.055709087709081,26.2802839776975,0.5856545453212116,1.0950118324040625,415.109587243316,39.01119461654435,0.0,0.0,225.0124961251266,157.64758188960153,148.28643596248236,373.29893208760893,0.8852842399203174,0.47348414297248503,0.5093572870828507,3.8342674676478623,-3.16,0,0.0,0.0,2.3633209642063435,-2.220446049250313e-16,13.5,30,405,0.6619956668844176,3.8342674676478623,4.0,0.0,0,0.0,0.0,157.6475818896014,148.28643596248253,0.9406197937518993,276.2221152775971,27,family_house,high,1.2
Summer,LOAD_PRIORITY,451.04917797773817,1268.4230387287403,15.034972599257939,42.280767957624676,0.6264571916357474,1.7616986649010282,824.886029281359,3.9995910630999596,0.0,0.0,326.54231541752165,120.50727149711662,116.99469402985959,443.5370094473812,0.9833451231104389,0.3496759329536541,1.1352414732652805,4.49551946252751,-2.5,0,0.0,0.0,1.5414282711424034,-2.220446049250313e-16,18.0,6,537,0.6603931303127141,4.49551946252751,4.0,70.0,1,69.28657338246083,69.28657338246083,120.50727149711662,116.99469402985959,0.9708517384584459,615.0648900042294,28,luxury_house,luxury,1.5
Summer,LOAD_PRIORITY,218.2277787659865,387.0870062421371,7.27425929219955,12.902900208071236,0.30309413717498124,0.5376208420029681,203.87028664621624,28.373264060376442,0.0,0.0,85.52923168669739,104.32528301891269,97.68748790922345,183.21671959592084,0.8395664412292384,0.4733218026990864,0.2345267048279869,3.255632748310962,-2.6495178167428945,0,0.0,0.0,1.647647316023187,-2.220446049250313e-16,8.0,22,285,0.6807751986945356,3.255632748310962,2.9295178167428944,0.0,0,0.0,0.0,104.32528301891273,97.68748790922355,0.9363740512595989,127.36677733032337,29,apartment,low,0.8
Summer,LOAD_PRIORITY,303.32215453670227,556.3356134890569,10.110738484556743,18.54452044963523,0.42128077018986426,0.7726883520681346,300.22727685465145,40.344391542057124,0.0,0.0,146.84933448972265,116.12842850492251,109.25900214468284,256.1083366344055,0.8443443144652203,0.46034862846227464,0.35140758187827037,3.4902796718007356,-3.5,0,0.0,0.0,1.7015087759319423,0.0,10.0,23,324,0.7034397846960511,3.4902796718007356,4.0,0.0,0,0.0,0.0,116.12842850492255,109.25900214468282,0.9408462988031518,188.86050525313718,30,small_family,middle,1.0
Summer,LOAD_PRIORITY,354.4936028712492,784.1765638506417,11.81645342904164,26.139218795021392,0.49235222621006836,1.0891341164592245,466.7642235241091,32.321379253417845,0.0,0.0,210.53726808643376,111.6349555313976,106.8750722400988,317.41234032653256,0.8953965255102659,0.40477152080126244,0.5967818902491562,3.8330506506514164,-3.16,0,0.0,0.0,1.7250047312538095,0.0,13.5,18,488,0.7110313792305836,3.8330506506514164,4.0,0.0,0,0.0,0.0,111.63495553139757,106.87507224009893,0.9573620711484055,320.98392631500576,31,family_house,high,1.2
Summer,LOAD_PRIORITY,466.0499092598099,1265.541204566406,15.534996975326997,42.184706818880194,0.6472915406386248,1.7576961174533414,808.3078622280507,3.685889310974807,0.0,0.0,325.6757470194908,136.6882729293443,131.55759531886451,457.23334233835527,0.9810823546013403,0.36129470987474527,1.1104045768147168,4.472675286342636,-2.5,0,0.0,0.0,1.802200929561948,0.0,18.0,3,533,0.6927976154997386,4.472675286342636,4.0,0.0,0,0.0,0.0,136.68827292934427,131.55759531886451,0.9624643906860111,602.9135962911606,32,luxury_house,luxury,1.5
Summer,LOAD_PRIORITY,170.3549746970466,372.27194960934725,5.67849915656822,12.409064986978242,0.23660413152367582,0.5170443744574267,223.82052466341204,18.806155164262865,0.0,0.0,82.62754174227807,68.92127779050568,65.82388320365716,148.45142494593523,0.8714240673624948,0.3987714494785771,0.2804402429337509,3.2794738303125777,-2.6894709683182807,0,0.0,0.0,1.0793061933223078,-6.938893903907228e-18,8.0,15,321,0.750803801163291,3.2794738303125777,2.9694709683182805,0.0,0,0.0,0.0,68.92127779050567,65.82388320365726,0.9550589500638206,150.93985384972245,33,apartment,low,0.8
Summer,LOAD_PRIORITY,347.1958129782586,547.3086717283476,11.573193765941953,18.243622390944918,0.482216406914248,0.7601509329560383,266.49474857992743,57.04919761733724,0.0,0.0,149.3855283333837,140.76108702753766,131.42839481503648,280.81392314842014,0.8088056153085139,0.5130814431674124,0.27793452604179025,3.406638035120443,-3.5,0,0.0,0.0,2.1976839810636744,0.0,10.0,32,308,0.6608117645761663,3.406638035120443,4.0,0.0,0,0.0,0.0,140.76108702753766,131.42839481503646,0.9336983508043284,148.52678357934207,34,small_family,middle,1.0
Summer,LOAD_PRIORITY,373.37723685452886,773.3749686430003,12.445907895150961,25.779165621433343,0.5185794956312901,1.074131900893056,442.49530330326763,37.399467595926524,0.0,0.0,220.9606074514959,115.01716180710649,109.91905788823684,330.8796653397327,0.8861806041717707,0.4278386019142946,0.555552405261766,3.8171819673410994,-3.16,0,0.0,0.0,1.7917011252000072,0.0,13.5,24,453,0.6971841619318709,3.8171819673410994,4.0,2.0,1,57.72511471133608,57.72511471133608,115.01716180710645,109.91905788823695,0.9556752762912073,298.2119566411169,35,family_house,high,1.2
Summer,LOAD_PRIORITY,450.43785186607903,1275.016550900493,15.014595062202634,42.500551696683104,0.6256081275917764,1.770856320695129,833.5462757168948,5.761200297365367,0.0,0.0,327.23139089301435,117.44526067569936,114.23888429058405,441.47027518359835,0.980091422944742,0.3462467015599175,1.145248193103353,4.496164098149635,-2.5,0,0.0,0.0,1.6141067801693532,0.0,18.0,7,554,0.7066957379104052,4.496164098149635,4.0,0.0,0,0.0,0.0,117.44526067569942,114.23888429058405,0.972698971702493,619.9746265200423,36,luxury_house,luxury,1.5
Summer,LOAD_PRIORITY,245.2741513059247,374.3959209980221,8.175805043530824,12.479864033267404,0.340658543480451,0.5199943347194752,189.16163531630184,53.10771016177069,0.0,0.0,84.89755459779664,107.26888654635735,100.33673108392367,185.23428568172028,0.7552132366801338,0.4947550849056896,0.17933579123902418,3.2730541236359554,-2.6215845205414694,0,0.0,0.0,1.8472612508912138,0.0,8.0,42,272,0.6412116154105132,3.2730541236359554,2.901584520541469,0.0,0,0.0,0.0,107.26888654635731,100.33673108392375,0.9353758980295022,94.07428734163275,37,apartment,low,0.8
Summer,LOAD_PRIORITY,349.3546523052123,527.4471914267754,11.64515507684041,17.58157304755918,0.48521479486835045,0.7325655436482991,239.4818324579394,51.185012275327814,0.0,0.0,148.69266451687346,149.47697551301107,139.27269445196254,287.965358968836,0.824278013957164,0.5459605504579006,0.24735074877994873,3.454847567007733,-3.5,0,0.0,0.0,2.3554615181196747,0.0,10.0,37,305,0.6592451989687425,3.454847567007733,4.0,0.0,0,0.0,0.0,149.47697551301107,139.27269445196254,0.9317334256595237,133.54486329565952,38,small_family,middle,1.0
Summer,LOAD_PRIORITY,407.1220871180803,786.3109569183938,13.570736237269342,26.210365230613128,0.5654473432195559,1.092098551275547,422.15770522973617,35.48617099096869,0.0,0.0,232.77314912416165,138.86276700295,131.38010256449599,364.15325168865763,0.8944571252972573,0.4631160846540903,0.5266512080559909,3.82509105210543,-3.16,0,0.0,0.0,1.9902555757651352,0.0,13.5,22,394,0.6715434847861814,3.82509105210543,4.0,0.0,0,0.0,0.0,138.8627670029499,131.38010256449618,0.9461146814228845,284.6807250304303,39,family_house,high,1.2
Summer,LOAD_PRIORITY,439.90346831888724,1242.2879124852045,14.663448943962909,41.40959708284015,0.6109770393317878,1.7253998784516729,808.3449020335861,3.433440129065727,0.0,0.0,325.81835398324336,110.65167420657815,108.12465646837498,433.94301045161836,0.9864505322268836,0.3493095329113464,1.1144228391198852,4.477148992833693,-2.5,0,0.0,0.0,1.44033835212924,0.0,18.0,6,558,0.7074853468649235,4.477148992833693,4.0,0.0,0,0.0,0.0,110.65167420657815,108.12465646837497,0.9771624084649145,603.1685804090304,40,luxury_house,luxury,1.5
Summer,LOAD_PRIORITY,212.16527952941917,378.36788345716866,7.072175984313972,12.612262781905622,0.2946739993464155,0.5255109492460676,203.23677507858037,31.12726031703285,0.0,0.0,84.02157895238602,97.01644026000031,91.1095294262023,175.13110837858835,0.8254465988357176,0.4628593388487563,0.23083694989965212,3.2772242740533364,-2.7062971880588407,0,0.0,0.0,1.5893767424934468,0.0,8.0,28,305,0.689643456095822,3.2772242740533364,2.9862971880588405,0.0,0,0.0,0.0,97.01644026000027,91.10952942620239,0.9391143313652037,124.4130470236057,41,apartment,low,0.8
Summer,LOAD_PRIORITY,299.0363405566809,527.691714664048,9.96787801855603,17.589723822134935,0.41532825077316793,0.7329051592556223,295.0965672176575,61.632461779803776,0.0,0.0,141.88240056948712,95.52147820739003,90.7127468769036,232.59514744639068,0.7778156561620423,0.4407784715635929,0.3175769084824545,3.4712062718350998,-3.5,0,0.0,0.0,1.5310569136087773,0.0,10.0,34,391,0.7072462593754754,3.4712062718350998,4.0,0.0,0,0.0,0.0,95.52147820739003,90.71274687690361,0.9496581143766848,165.8532098114197,42,small_family,middle,1.0
Summer,LOAD_PRIORITY,375.8624467406624,793.0430679739429,12.528748224688746,26.434768932464763,0.5220311760286978,1.1014487055193651,453.5729583352395,28.780440417512285,0.0,0.0,220.68767649342652,126.3943298297236,118.78243314527687,339.4701096387034,0.9031764481460182,0.42806011848256564,0.5794175294906674,3.825737687410138,-3.16,0,0.0,0.0,1.8124263827707876,-1.1102230246251565e-16,13.5,17,438,0.6950727501879296,3.825737687410138,4.0,0.0,0,0.0,0.0,126.39432982972365,118.78243314527701,0.9397765968243887,314.2773223756686,43,family_house,high,1.2
Summer,LOAD_PRIORITY,487.73767293213297,1263.9805969451897,16.257922431071098,42.13268656483966,0.6774134346279624,1.7555286068683191,792.9705006208426,12.03239356188089,0.0,0.0,343.37195208665617,132.33332728359585,127.6381442376909,471.01009632434705,0.9657037429419287,0.3726402900983547,1.0781151722403568,4.47291644909779,-2.5,0,0.0,0.0,1.8008518918679202,0.0,18.0,10,517,0.6737423659878943,4.47291644909779,4.0,0.0,0,0.0,0.0,132.33332728359588,127.63814423769094,0.9645200257389209,583.8987212599392,44,luxury_house,luxury,1.5
Summer,LOAD_PRIORITY,201.33372862705116,386.45084194517455,6.711124287568372,12.881694731505819,0.27963017864868217,0.536737280479409,214.0657045723207,23.32611100366602,0.0,0.0,83.83548319605215,94.17213442733299,88.54965417680174,172.38513737285388,0.856215888656086,0.4460726143205298,0.257107101830727,3.2729703820258362,-2.185675840233673,0,0.0,0.0,1.5534374239316535,-2.220446049250313e-16,8.0,29,310,0.7054879086407305,3.2729703820258362,2.465675840233673,0.0,0,0.0,0.0,94.17213442733298,88.54965417680184,0.9402957118395817,139.55577852594112,45,apartment,low,0.8
Summer,LOAD_PRIORITY,275.08439458025396,538.9266432282711,9.169479819341799,17.96422144094237,0.3820616591392416,0.7485092267059321,290.1562384434446,20.179000732079942,0.0,0.0,146.12133831217346,108.78405553600058,102.64906647265309,248.77040478482655,0.904342120767776,0.46160346294004956,0.3664475675666905,3.491676248903844,-3.5,0,0.0,0.0,1.5885293210880282,0.0,10.0,17,340,0.7313763037367716,3.491676248903844,4.0,0.0,0,0.0,0.0,108.78405553600066,102.64906647265308,0.9436039681264016,199.45607817371146,46,small_family,middle,1.0
Summer,LOAD_PRIORITY,341.02237481073473,782.3723408280041,11.367412493691157,26.079078027600136,0.4736421872371316,1.0866282511500056,471.3700477769405,26.553767947539903,0.0,0.0,215.7693461234722,98.69926073972258,95.23294692759129,311.0022930510635,0.9119703457102126,0.3975118710381837,0.6129860639128741,3.7742335617072027,-3.16,0,0.0,0.0,1.3632806211434483,-2.220446049250313e-16,13.5,13,462,0.7200243719741967,3.7742335617072027,4.0,9.0,1,8.877123654434495,8.877123654434495,98.69926073972266,95.23294692759146,0.9648800428072898,329.6291446799195,47,family_house,high,1.2
Summer,LOAD_PRIORITY,389.4626953157716,1267.4454097221255,12.982089843859054,42.24818032407085,0.540920410160794,1.7603408468362856,878.9353367647016,0.8292813802338996,0.0,0.0,302.0185073298548,86.61490660568289,86.49156562756923,388.51007295742403,0.9975540087155839,0.30653002486521364,1.2194204366754915,4.498983174575816,-2.5,0,0.0,0.0,1.1061627812368102,0.0,18.0,1,597,0.7508365968815004,4.498983174575816,4.0,0.0,0,0.0,0.0,86.61490660568289,86.49156562756926,0.998575984400986,658.4551493313156,48,luxury_house,luxury,1.5
Summer,LOAD_PRIORITY,269.950858678566,388.5163294326296,8.9983619559522,12.950544314420988,0.374931748164675,0.5396060131008744,169.97153810395992,40.9793675392868,0.0,0.0,86.75716111116425,142.21433002811494,131.7876302175055,218.54479132866976,0.8095724992262161,0.5625112119426794,0.1646742649361995,3.2607540884430635,-2.52024120754115,0,0.0,0.0,2.352009380915159,0.0,8.0,42,237,0.6051143914344961,3.2607540884430635,2.80024120754115,0.0,0,0.0,0.0,142.214330028115,131.7876302175056,0.9266831984614483,90.59722279261182,49,apartment,low,0.8
Summer,LOAD_PRIORITY,315.780580097774,535.4937691598589,10.526019336592467,17.849792305328627,0.4385841390246861,0.7437413460553596,289.72075465712436,64.03183934748503,0.0,0.0,144.55731337221857,107.19142737807039,101.21570113051592,245.7730145027345,0.778303131961556,0.4589652180049267,0.30515720703067345,3.4819074727594406,-3.5,0,0.0,0.0,1.7186731282354233,-5.551115123125783e-17,10.0,38,356,0.6912386546649864,3.4819074727594406,4.0,0.0,0,0.0,0.0,107.19142737807036,101.21570113051594,0.9442518269070372,159.66191058010673,50,small_family,middle,1.0
Summer,CHARGE_PRIORITY,162.87847638890094,396.32760328636914,5.429282546296698,13.210920109545638,0.22622010609569573,0.5504550045644016,256.2893911791805,11.911120008883382,0.0,0.0,3.728581729708926,147.2387746503086,136.30963037747978,140.0382121071887,0.859771132514912,0.35333953766021986,0.32423489846870585,3.2658422957698714,-2.0579119064292573,0,0.0,0.0,0.955852053464395,-4.440892098500626e-16,8.0,12,368,0.7617404642241278,3.2658422957698714,2.337911906429257,0.0,0,0.0,0.0,147.23877465030859,136.30963037748012,0.9257726485514082,181.49703537639033,1,apartment,low,0.8
Summer,CHARGE_PRIORITY,282.2526609563745,553.6825166959984,9.40842203187915,18.456083889866612,0.3920175846616312,0.7690034954111089,329.34710054686803,39.60978093623619,0.0,0.0,12.13407640753336,230.50880361260488,212.20133974159697,224.33541614913034,0.794803547250894,0.40516976676058314,0.3769859107494777,3.4808067531323146,-3.5,0,0.0,0.0,1.4751540998538433,-5.551115123125783e-17,10.0,24,429,0.7242647654945282,3.4808067531323146,4.0,0.0,0,0.0,0.0,230.5088036126049,212.20133974159714,0.9205780274588755,211.36152256753846,2,small_family,middle,1.0
Summer,CHARGE_PRIORITY,359.2456066739507,782.8661823926788,11.974853555798356,26.09553941308929,0.4989522314915982,1.0873141422120538,467.56282359380464,17.736077301845583,0.0,0.0,15.41170102138491,326.0978283507202,299.8916577774892,315.30335879887406,0.8776818781949409,0.4027551143353906,0.5883619107204557,3.8361317081144755,-3.16,0,0.0,0.0,1.603451514738778,-1.1102230246251565e-16,13.5,15,479,0.710788011215608,3.8361317081144755,4.0,0.0,0,0.0,0.0,326.0978283507204,299.8916577774893,0.9196370895636685,334.70964812369243,3,family_house,high,1.2
Summer,CHARGE_PRIORITY,353.1032135629042,1263.9160536015415,11.770107118763473,42.130535120051384,0.4904211299484781,1.7554389633354743,937.585011712473,0.0,0.0,0.0,0.0,353.1032135629042,326.33104188906844,326.33104188906844,0.9241803227908987,0.25819043991029694,1.2650178333869961,4.492596741256545,-2.5,0,0.0,0.0,0.4865945088321504,-2.220446049250313e-16,14.12824196656841,0,603,0.7713462682572646,4.492596741256545,4.0,28.0,1,27.55215607147476,27.55215607147476,353.10321356290467,326.33104188906833,0.9241803227908971,703.1887587843548,4,luxury_house,luxury,1.5
Summer,CHARGE_PRIORITY,200.88021158020968,368.7692474511365,6.6960070526736555,12.292308248371217,0.27900029386140235,0.5121795103488007,207.8856822220007,27.013001317734407,0.0,0.0,6.08342800706024,167.78378225541502,154.80013722207556,160.88356522913583,0.8008930494624477,0.4362716423376751,0.23317921648739837,3.215571438679072,-2.523074285290633,0,0.0,0.0,1.3343932072766338,-5.551115123125783e-17,8.0,21,326,0.706151315884232,3.215571438679072,2.803074285290633,0.0,0,0.0,0.0,167.783782255415,154.80013722207588,0.92261680563635,131.60256048053955,5,apartment,low,0.8
Summer,CHARGE_PRIORITY,304.0276991603222,527.1751805980962,10.134256638677407,17.57250601993654,0.42226069327822524,0.7321877508306891,293.04878726532297,50.839684862920336,0.0,0.0,15.137639748588112,238.05037454881378,218.98875358418496,234.12639333277306,0.7700824430780294,0.44411497723991783,0.3099270575524637,3.485984030815915,-3.4690124388711405,0,0.0,0.0,1.5549113648154185,-5.551115123125783e-17,10.0,29,387,0.7035110671836605,3.485984030815915,3.9690124388711405,0.0,0,0.0,0.0,238.05037454881386,218.9887535841851,0.9199261038729429,174.03087407236393,6,small_family,middle,1.0
Summer,CHARGE_PRIORITY,446.21977279624633,786.8844876299308,14.873992426541545,26.229482920997693,0.6197496844392311,1.0928951217082372,418.14092486471,47.23909425497301,0.0,0.0,32.57339816233829,366.40728037893507,336.17016460288255,368.7435627652208,0.8263720822017386,0.46861206258603955,0.4731454372690061,3.81938989914158,-3.16,0,0.0,0.0,2.5547106219273825,-5.551115123125783e-17,13.5,37,431,0.64009605195122,3.81938989914158,4.0,0.0,0,0.0,0.0,366.4072803789352,336.17016460288175,0.9174767604377772,271.0905088190567,7,family_house,high,1.2
Summer,CHARGE_PRIORITY,489.49017679894024,1253.7183625129846,16.316339226631342,41.790612083766156,0.6798474677763059,1.7412755034902565,804.4834921531224,0.0,0.0,0.0,1.5556155836146024,487.9345612153257,447.6792547762477,449.2348703598623,0.91776074710563,0.35832199941572573,1.0614280357139507,4.493233976345457,-2.5,0,0.0,0.0,1.5384661291215271,-2.220446049250313e-16,17.323071714333526,0,528,0.6873540408135904,4.493233976345457,4.0,0.0,0,0.0,0.0,487.93456121532597,447.6792547762476,0.9174985548496253,603.3626191148418,8,luxury_house,luxury,1.5
Summer,CHARGE_PRIORITY,220.7740942562897,377.1423594482352,7.359136475209656,12.57141198160784,0.30663068646706904,0.5238088325669933,199.89785093104902,28.818501524677043,0.0,0.0,6.897418665327702,185.05817406628495,170.34708985185847,177.2445085171862,0.8028320039733857,0.4699671200458562,0.2171781460999243,3.2756976802578546,-2.646652394311745,0,0.0,0.0,1.6553502290331272,-5.551115123125783e-17,8.0,24,298,0.6770504343173813,3.2756976802578546,2.926652394311745,0.0,0,0.0,0.0,185.05817406628483,170.34708985185878,0.9205056232255011,123.98673682607743,9,apartment,low,0.8
Summer,CHARGE_PRIORITY,326.19908262868,550.3010361862639,10.873302754289334,18.343367872875465,0.4530542814287222,0.7643069947031443,302.38908361552217,58.11224797488097,0.0,0.0,18.903848920700355,249.18298573309863,229.0081036500414,247.91195257074173,0.7600019919520916,0.45050242734202195,0.31125271327442217,3.489124660936929,-3.5,0,0.0,0.0,1.8458989929966205,-5.551115123125783e-17,10.0,37,364,0.6811129386540341,3.489124660936929,4.0,0.0,0,0.0,0.0,249.18298573309883,229.0081036500414,0.9190358762910609,174.49078953424873,10,small_family,middle,1.0
Summer,CHARGE_PRIORITY,366.0613792934131,804.1121844448535,12.202045976447103,26.803739481495118,0.5084185823519627,1.1168224783956298,479.89117825140056,14.122626987677899,0.0,0.0,10.725168564503226,341.2135837412319,313.49583762894974,324.2210061934529,0.8857012089592128,0.40320369777419807,0.6084038960436674,3.8366988959391195,-3.16,0,0.0,0.0,1.497671251677215,-1.1102230246251565e-16,13.5,12,452,0.7077002639897516,3.8366988959391195,4.0,0.0,0,0.0,0.0,341.21358374123184,313.49583762894895,0.9187671668625498,347.2080193996403,11,family_house,high,1.2
Summer,CHARGE_PRIORITY,532.3259293942543,1269.2346028443808,17.744197646475143,42.30782009481269,0.739341568603131,1.762825837283862,783.1549567125942,2.8740792218611864,0.0,0.0,10.348312941782908,519.1035372306103,475.73133319000385,486.0796461317868,0.913124120564459,0.38297068567345416,1.0234842686807313,4.480569650870115,-2.5,0,0.0,0.0,2.0725178967953224,-2.220446049250313e-16,18.0,4,501,0.64265660914249,4.480569650870115,4.0,0.0,0,0.0,0.0,519.1035372306102,475.73133319000345,0.9164478742102296,584.7795462347706,12,luxury_house,luxury,1.5
Summer,CHARGE_PRIORITY,173.23085635887514,390.89613223275376,5.774361878629171,13.029871074425126,0.2405984116095488,0.5429112947677136,247.52712891818229,18.804843998624154,0.0,0.0,5.908589981435481,148.51742237881552,137.460413333136,143.3690033145715,0.8276181641540807,0.3667700739213362,0.30231288315816474,3.2790608147969693,-2.243870114885106,0,0.0,0.0,1.1170059271748105,-2.7755575615628914e-17,8.0,21,365,0.7465969455683409,3.2790608147969693,2.523870114885106,0.0,0,0.0,0.0,148.51742237881538,137.46041333313636,0.92555076119301,168.720987089875,13,apartment,low,0.8
Summer,CHARGE_PRIORITY,317.13081254979954,549.3213023610625,10.571027084993318,18.310710078702083,0.44045946187472157,0.7629462532792535,287.692795815811,33.4840457462727,0.0,0.0,16.029999318247356,267.6167674852795,245.59850722700415,261.6285065452515,0.8249860820577553,0.47627591615459713,0.32248679140453174,3.493044872208455,-3.0166212968303343,0,0.0,0.0,1.8993336721940093,-5.551115123125783e-17,10.0,28,343,0.6907328627103602,3.493044872208455,3.5166212968303343,0.0,0,0.0,0.0,267.6167674852793,245.59850722700415,0.9177246610323612,185.63395569021282,14,small_family,middle,1.0
Summer,CHARGE_PRIORITY,383.8268376301374,785.6991558875937,12.79422792100458,26.18997186291979,0.5330928300418575,1.091248827621658,466.1396451001882,37.929172601732375,0.0,0.0,18.480000000000004,327.41766502840505,301.0795107874055,319.55951078740554,0.8325616644225878,0.4067199364957997,0.5581559975798004,3.8300697354540594,-3.16,0,0.0,0.0,1.6758703107445014,-1.1102230246251565e-16,13.5,22,462,0.6919015159709557,3.8300697354540594,4.0,0.0,0,0.0,0.0,327.4176650284048,301.0795107874049,0.9195579314918302,315.468478483582,15,family_house,high,1.2
Summer,CHARGE_PRIORITY,388.660160941834,1268.5572949896114,12.955338698061134,42.28524316632038,0.5398057790858806,1.7618851319300157,911.0051926362733,1.6604828569029881,0.0,0.0,7.1424239444573185,379.85725414047374,350.40967840888095,357.5521023533383,0.9199607736663514,0.2818572750048837,1.2220793528441354,4.482510073749072,-2.5,0,0.0,0.0,0.8053867095308277,-2.220446049250313e-16,18.0,4,618,0.7426176487265836,4.482510073749072,4.0,0.0,0,0.0,0.0,379.85725414047363,350.4096784088808,0.9224772584685116,681.7594599059923,16,luxury_house,luxury,1.5
Summer,CHARGE_PRIORITY,219.74423534168218,378.55717439882176,7.32480784472274,12.618572479960726,0.3052003268634475,0.5257738533316969,204.2185114026007,31.21351142458343,0.0,0.0,8.662782786301062,179.8679411307977,165.67588020991997,174.33866299622102,0.7933708145978908,0.46053456330099773,0.2205735264682494,3.259511422979586,-2.2920890465245183,0,0.0,0.0,1.5435594057575321,-2.7755575615628914e-17,8.0,29,303,0.6785569176315005,3.259511422979586,2.572089046524518,0.0,0,0.0,0.0,179.8679411307977,165.67588020992042,0.9210973293425481,125.07172326982544,17,apartment,low,0.8
Summer,CHARGE_PRIORITY,339.4712221964147,533.0485953765765,11.315707406547157,17.76828651255255,0.47148780860613154,0.7403452713563562,256.9604162686861,39.63887698376359,0.0,0.0,14.956519262518672,284.8758259501324,261.13165984537176,276.0881791078905,0.8132889065575891,0.5179418565259435,0.26885746275022476,3.4802117259317096,-3.5,0,0.0,0.0,2.070346864064271,-5.551115123125783e-17,10.0,29,308,0.6688881849153459,3.4802117259317096,4.0,0.0,0,0.0,0.0,284.8758259501323,261.13165984537176,0.9166508213690375,157.04532291612736,18,small_family,middle,1.0
Summer,CHARGE_PRIORITY,323.8339589451225,796.672516312609,10.794465298170751,26.555750543753632,0.44976938742378125,1.1064896059897347,510.1617802375121,13.466324919182494,0.0,0.0,7.7625318990992005,302.60510212684073,278.7482041759976,286.5107360750968,0.8847458030911745,0.3596342665380362,0.6567202185659534,3.8279053252469764,-3.16,0,0.0,0.0,1.0545829443498658,-1.1102230246251565e-16,13.5,9,505,0.7395505548716639,3.8279053252469764,4.0,0.0,0,0.0,0.0,302.6051021268409,278.7482041759978,0.9211616136569859,370.50164275086985,19,family_house,high,1.2
Summer,CHARGE_PRIORITY,355.69503493688285,1248.4596248899206,11.856501164562761,41.61532082966402,0.4940208818567817,1.733971701236001,919.7959437642712,0.0,0.0,0.0,0.0,355.69503493688285,328.66368112564913,328.66368112564913,0.9240041295037184,0.26325535449704923,1.239950819379219,4.49044542813979,-2.5,0,0.0,0.0,0.5992322661545147,-2.220446049250313e-16,13.5014998449506,0,614,0.7768081120450158,4.49044542813979,4.0,0.0,0,0.0,0.0,355.695034936883,328.66368112564913,0.9240041295037179,689.8469578232034,20,luxury_house,luxury,1.5
Summer,CHARGE_PRIORITY,183.91581610462745,393.7124940729296,6.130527203487582,13.123749802430986,0.25543863347864926,0.5468229084346244,235.45251020450158,12.830633894459428,0.0,0.0,4.885866870747609,166.19931533942042,153.37411699768043,158.25998386842804,0.86050230600285,0.40196840651725074,0.29138427495597524,3.271652362471997,-2.1140016208496557,0,0.0,0.0,1.2808835769986164,0.0,8.0,16,315,0.7309669273777955,3.271652362471997,2.3940016208496555,0.0,0,0.0,0.0,166.1993153394206,153.37411699768074,0.9228324237344324,165.0418121483627,21,apartment,low,0.8
Summer,CHARGE_PRIORITY,331.5760490508369,541.5877570681876,11.05253496836123,18.052925235606253,0.4605222903483846,0.7522052181502605,285.08636991126775,53.83912044326492,0.0,0.0,17.94734919852463,259.7895794090473,238.55403795839516,256.5013871569198,0.7735823739114319,0.4736100175998356,0.29168292780187594,3.496788159273756,-3.5,0,0.0,0.0,1.9871173306831404,-5.551115123125783e-17,10.0,32,368,0.6698534196157995,3.496788159273756,4.0,6.0,1,6.026340747441795,6.026340747441795,259.7895794090473,238.55403795839513,0.9182586865148424,165.3595690345124,22,small_family,middle,1.0
Summer,CHARGE_PRIORITY,451.76135803327145,777.891632940806,15.058711934442382,25.929721098026864,0.6274463306017659,1.0804050457511194,423.3287285813008,68.42524538610033,0.0,0.0,31.56790715209953,351.76820549507164,322.9949972074055,354.56290435950496,0.7848455784334525,0.4557998689600067,0.4529587151493532,3.820850848410695,-3.16,0,0.0,0.0,2.2925181467573146,-5.551115123125783e-17,13.5,37,444,0.621913899986596,3.820850848410695,4.0,0.0,0,0.0,0.0,351.76820549507164,322.99499720740465,0.9182040677975085,255.91382558848534,23,family_house,high,1.2
Summer,CHARGE_PRIORITY,483.47061598227805,1257.4931028203432,16.11568719940927,41.91643676067811,0.6714869666420529,1.7465181983615878,814.2585176612336,0.8994776883400342,0.0,0.0,3.824110121106874,478.74702817283116,439.4104750380026,443.2345851591095,0.9167766778516205,0.3524747644062696,1.0750312317195347,4.4997905581586215,-2.5,0,0.0,0.0,1.5028125880874506,-2.220446049250313e-16,18.0,2,532,0.6849495835350261,4.4997905581586215,4.0,0.0,0,0.0,0.0,478.74702817283145,439.4104750380026,0.9178343659177178,609.884358326419,24,luxury_house,luxury,1.5
Summer,CHARGE_PRIORITY,225.65375790797327,384.94113628575917,7.521791930265776,12.831371209525306,0.3134079970944073,0.5346404670635544,210.61614416022962,37.20235909316492,0.0,0.0,9.24,179.21139881480835,165.08499212552954,174.32499212552955,0.772533077852057,0.45286142657437434,0.22123246996914706,3.2361764233597,-2.482516416118458,0,0.0,0.0,1.583279655434396,-1.1102230246251565e-16,8.0,33,305,0.6699124353492637,3.2361764233597,2.7625164161184577,0.0,0,0.0,0.0,179.2113988148083,165.08499212552994,0.9211746195682778,124.47998493632379,25,apartment,low,0.8
Summer,CHARGE_PRIORITY,304.37655487187317,528.9212824483717,10.145885162395773,17.630709414945724,0.4227452150998238,0.7346128922894052,274.32379817638446,28.441162019000323,0.0,0.0,15.122142141490556,260.8132507113823,239.47534213049664,254.5974842719872,0.8364556343019246,0.4813523159693212,0.31186767718958125,3.465002581351338,-2.840342124270345,0,0.0,0.0,1.989324729315016,-5.551115123125783e-17,10.0,29,372,0.6986614813684101,3.465002581351338,3.340342124270345,22.0,1,35.405242670292836,35.405242670292836,260.81325071138247,239.4753421304967,0.9181870226198805,180.14580281518806,26,small_family,middle,1.0
Summer,CHARGE_PRIORITY,360.82088202378753,786.9761852662211,12.027362734126251,26.232539508874037,0.5011401139219271,1.0930224795364183,490.18839227313924,40.55431827816226,0.0,0.0,21.442733601782617,298.82383014384266,275.3450593912994,296.787792993082,0.8225349689531437,0.37712423647569915,0.5918823656144911,3.836421604311843,-3.16,0,0.0,0.0,1.4531181802322939,-1.1102230246251565e-16,13.5,25,505,0.7049233775634286,3.836421604311843,4.0,0.0,0,0.0,0.0,298.8238301438428,275.3450593912994,0.9214293895462031,331.1424077545084,27,family_house,high,1.2
Summer,CHARGE_PRIORITY,452.0542753627643,1245.03924352597,15.068475845425477,41.50130811753233,0.6278531602260615,1.7292211715638472,833.7048184571734,6.047272013737123,0.0,0.0,13.899723722177832,432.10727962684933,397.434701346619,411.33442506879686,0.9099226519618897,0.33037868260593256,1.1013680113377862,4.480196447342317,-2.5,0,0.0,0.0,1.349832499545833,-2.465190328815662e-32,18.0,7,565,0.6994945451934041,4.480196447342317,4.0,0.0,0,0.0,0.0,432.1072796268494,397.4347013466191,0.9197593284932108,619.8360690305167,28,luxury_house,luxury,1.5
Summer,CHARGE_PRIORITY,197.64975269055577,391.9226018847437,6.588325089685193,13.064086729491457,0.27451354540354966,0.544336947062144,229.37197306486453,21.841087307809488,0.0,0.0,5.280967832054679,170.52769755069164,157.26966098782452,162.5506288198792,0.8224175674753895,0.41475186181704815,0.26982340165859436,3.2521966754171032,-2.5154712432877977,0,0.0,0.0,1.3537118302043316,-6.162975822039155e-33,8.0,18,339,0.7108768490084135,3.2521966754171032,2.7954712432877975,0.0,0,0.0,0.0,170.5276975506915,157.26966098782486,0.9222528847026418,152.37200122161988,29,apartment,low,0.8
Summer,CHARGE_PRIORITY,316.7099256280462,534.8435332734008,10.556997520934875,17.828117775780026,0.43987489670561974,0.7428382406575011,284.9935812055305,45.70266387513764,0.0,0.0,12.000000000000002,259.00726175290856,237.8499520678703,249.8499520678703,0.78889208026054,0.4671458782323021,0.3029633439518814,3.499451018700208,-3.5,0,0.0,0.0,1.752690406248684,-5.551115123125783e-17,10.0,24,364,0.6900402159487204,3.499451018700208,4.0,0.0,0,0.0,0.0,259.00726175290856,237.84995206787036,0.9183138359061834,172.612788416524,30,small_family,middle,1.0
Summer,CHARGE_PRIORITY,373.30120131875356,807.8276316548656,12.443373377291785,26.927587721828854,0.5184738907204911,1.121982821742869,480.6246515854355,17.884125976987782,0.0,0.0,9.240000000000002,346.17707534176577,317.96298006943016,327.20298006943017,0.876511993300656,0.4050405894127964,0.6035089310223779,3.8373636010315346,-3.16,0,0.0,0.0,1.6337021722386977,-1.1102230246251565e-16,13.5,11,456,0.6977912989104184,3.8373636010315346,4.0,0.0,0,0.0,0.0,346.17707534176606,317.96298006942953,0.9184980829695845,344.37277530978764,31,family_house,high,1.2
Summer,CHARGE_PRIORITY,456.9932726679519,1246.4569760391228,15.23310908893173,41.54856586797076,0.6347128787054888,1.7311902444987817,827.5918825803428,2.2753580124254134,0.0,0.0,10.808205863515843,443.90970879201063,408.05688759526424,418.86509345878005,0.9165673074647742,0.3360445659262234,1.096477365793293,4.486833739912457,-2.5,0,0.0,0.0,1.4915574221578873,-2.220446049250313e-16,18.0,4,582,0.6906211120673832,4.486833739912457,4.0,0.0,0,0.0,0.0,443.9097087920108,408.0568875952642,0.9192339782468126,618.6460897240743,32,luxury_house,luxury,1.5
Summer,CHARGE_PRIORITY,238.92849240064635,394.5052738592378,7.964283080021545,13.150175795307925,0.331845128334231,0.5479239914711636,204.73005705005522,33.30656214387916,0.0,0.0,9.207463858901098,196.41446639786608,180.5677529502815,189.7752168091826,0.7942762075062976,0.48104608324424003,0.21607886313693261,3.2777206010125943,-2.560976925150961,0,0.0,0.0,1.8664647974556803,-5.551115123125783e-17,8.0,32,297,0.6504940803407087,3.2777206010125943,2.8409769251509607,0.0,0,0.0,0.0,196.41446639786614,180.5677529502819,0.9193200290273712,123.57163685805018,33,apartment,low,0.8
Summer,CHARGE_PRIORITY,371.5539796169832,525.0110109569229,12.38513265389944,17.50036703189743,0.5160471939124767,0.7291819596623929,237.7895353832326,60.10057780384794,0.0,0.0,21.69997451615977,289.7534272969755,265.5215010575305,287.22147557369027,0.7730275850356193,0.5470770509178079,0.2131347657499162,3.4887446895127754,-3.5,0,0.0,0.0,2.378108478580768,-5.551115123125783e-17,10.0,43,298,0.6363918435934277,3.4887446895127754,4.0,0.0,0,0.0,0.0,289.7534272969754,265.5215010575305,0.9163705276396643,124.25163151396131,34,small_family,middle,1.0
Summer,CHARGE_PRIORITY,390.1710988053362,793.1393291432435,13.005703293511207,26.437977638108116,0.5419043038963003,1.1015824015878382,458.29343999883935,27.2029957043785,0.0,0.0,17.70984091701102,345.25826218394667,317.136048227393,334.84588914440405,0.858202696636598,0.4221778908708357,0.5596780976915376,3.7951383076318503,-3.16,0,0.0,0.0,1.8956335425183584,-1.1102230246251565e-16,13.5,17,457,0.6839793530896726,3.7951383076318503,4.0,0.0,0,0.0,0.0,345.258262183946,317.1360482273926,0.9185473107039782,319.23738386518886,35,family_house,high,1.2
Summer,CHARGE_PRIORITY,463.1820337321522,1251.001051081797,15.439401124405073,41.7000350360599,0.6433083801835447,1.7375014598358292,825.4141644435579,0.46310624624108065,0.0,0.0,6.017022184646284,456.7019053012648,419.5698644535929,425.5868866382392,0.9188328899741965,0.34019706559815843,1.0941930796522845,4.483374301030062,-2.5,0,0.0,0.0,1.6075177564901322,-2.220446049250313e-16,18.0,2,556,0.693373396560626,4.483374301030062,4.0,0.0,0,0.0,0.0,456.70190530126456,419.56986445359314,0.918695235520909,618.6438277110515,36,luxury_house,luxury,1.5
Summer,CHARGE_PRIORITY,210.96340719606718,391.2217503604276,7.032113573202239,13.040725012014255,0.29300473221676,0.5433635421672606,217.52041615547773,22.767572190359047,0.0,0.0,5.303495076105908,182.89233992960223,168.39783912884405,173.70133420494994,0.8233718658303321,0.44399712962002014,0.25035880995050064,3.264949383135114,-2.4955715366356226,0,0.0,0.0,1.4998303796118373,-2.220446049250313e-16,8.0,18,314,0.6914015615898995,3.264949383135114,2.7755715366356224,0.0,0,0.0,0.0,182.89233992960214,168.3978391288445,0.9207484533997609,142.64949714528515,37,apartment,low,0.8
Summer,CHARGE_PRIORITY,361.77295434362736,547.4020550800647,12.059098478120912,18.246735169335487,0.5024624365883713,0.7602806320556453,278.4227842462742,70.78293312469906,0.0,0.0,23.448352465023724,267.5416687539046,245.53091836876675,268.97927083379045,0.7435029833056632,0.4913742437347056,0.25781819546727397,3.483174190549879,-3.5,0,0.0,0.0,2.15929685799769,-5.551115123125783e-17,10.0,46,336,0.6469202321263449,3.483174190549879,4.0,0.0,0,0.0,0.0,267.5416687539046,245.53091836876666,0.9177296363304652,145.1124483724765,38,small_family,middle,1.0
Summer,CHARGE_PRIORITY,317.38569784968763,788.6983473793047,10.579523261656254,26.289944912643488,0.44081346923567727,1.0954143713601454,496.6476070527448,0.0,0.0,0.0,0.0,317.38569784968763,292.0507403265598,292.0507403265598,0.9201761210578355,0.370294601601473,0.654600902124468,3.8141904742296995,-1.758724588107969,0,0.0,0.0,0.9433471721775166,-1.1102230246251565e-16,9.481211221033487,0,465,0.7467598798761821,3.8141904742296995,2.598724588107969,0.0,0,0.0,0.0,317.38569784968763,292.05074032656,0.9201761210578362,372.4857052895586,39,family_house,high,1.2
Summer,CHARGE_PRIORITY,456.363728982017,1259.9737761462789,15.212124299400566,41.99912587154263,0.6338385124750237,1.7499635779809428,849.170952608989,11.377759206924344,0.0,0.0,17.773010572519183,427.2129592025734,393.0298129647707,410.8028235372899,0.9001653668963634,0.3260407726847777,1.1161250655059194,4.498627621814079,-2.5,0,0.0,0.0,1.4410742983276124,-2.220446049250313e-16,18.0,10,557,0.6811791712754195,4.498627621814079,4.0,19.0,1,18.757825478875596,18.757825478875596,427.2129592025735,393.029812964771,0.9199856991660366,626.6382311705098,40,luxury_house,luxury,1.5
Summer,CHARGE_PRIORITY,179.05974628016054,373.9753412815557,5.968658209338685,12.46584470938519,0.24869409205577853,0.5194101962243829,227.64020673947567,21.089752838740566,0.0,0.0,3.674072526000633,154.29592091541934,142.66106201607948,146.3351345420801,0.8172419406487998,0.39129621231339,0.2707161041686045,3.2782293950960826,-2.718173198801217,0,0.0,0.0,1.0285662561561726,0.0,8.0,13,349,0.7380704131650161,3.2782293950960826,2.998173198801217,0.0,0,0.0,0.0,154.29592091541946,142.66106201607988,0.9245938659278137,151.74937749974026,41,apartment,low,0.8
Summer,CHARGE_PRIORITY,241.7640471564221,536.2454451560059,8.058801571880737,17.874848171866862,0.335783398828364,0.7447853404944526,324.5099098737275,12.500577586037716,0.0,0.0,6.549961786797457,222.71350778358692,205.1855734954808,211.7355352822783,0.8757941380145938,0.3948481748328504,0.40900194166608844,3.471584277698501,-2.4194300718473802,0,0.0,0.0,1.1269414569660465,-5.551115123125783e-17,10.0,13,419,0.7642308101112598,3.471584277698501,2.9194300718473802,0.0,0,0.0,0.0,222.71350778358698,205.18557349548087,0.9212982882693483,232.13191257786167,42,small_family,middle,1.0
Summer,CHARGE_PRIORITY,359.2043817377047,776.3039986451392,11.973479391256824,25.876799954837974,0.498894974635701,1.0781999981182488,467.2450177673341,24.582481965438966,0.0,0.0,14.956588209250803,319.66531156301494,294.1023926685544,309.0589808778052,0.8603986938652762,0.39811592033172166,0.579305023482548,3.7511356118116446,-3.16,0,0.0,0.0,1.6362669784845851,-1.1102230246251565e-16,13.5,17,490,0.7107454117699054,3.7511356118116446,4.0,0.0,0,0.0,0.0,319.66531156301494,294.1023926685541,0.9200322400654921,328.3095295566055,43,family_house,high,1.2
Summer,CHARGE_PRIORITY,453.7834737262064,1284.049067697697,15.126115790873547,42.80163558992323,0.6302548246197311,1.783401482913468,867.8990324740271,1.6912493050592468,0.0,0.0,7.288835621828635,444.80338879931855,408.8611996018413,416.15003522366993,0.9170674106011122,0.32409200371900737,1.1531466582937369,4.492707655412542,-2.5,0,0.0,0.0,1.2508057695401058,-2.220446049250313e-16,18.0,4,555,0.6992243154079435,4.492707655412542,4.0,0.0,0,0.0,0.0,444.8033887993184,408.8611996018408,0.9191953341576414,649.402149980967,44,luxury_house,luxury,1.5
Summer,CHARGE_PRIORITY,212.70832356111492,387.2239608655587,7.0902774520371645,12.90746536218529,0.29542822716821515,0.5378110567577205,219.26439106583254,31.14294955275472,0.0,0.0,7.5600000000000005,174.0053740083602,160.39956979972624,167.95956979972624,0.7896238707906907,0.4337530390017382,0.24238282958950527,3.2567497982210907,-2.47291928525444,0,0.0,0.0,1.4614454505987355,-1.1102230246251565e-16,8.0,27,317,0.6888490882839033,3.2567497982210907,2.75291928525444,0.0,0,0.0,0.0,174.00537400836026,160.39956979972663,0.9218081379027988,136.41963870189514,45,apartment,low,0.8
Summer,CHARGE_PRIORITY,365.5999671074078,531.7289410609432,12.186665570246927,17.72429803536477,0.507777732093622,0.7385124181401989,270.09675386196614,83.26986524230955,0.0,0.0,27.91679030136024,254.41331156373803,233.71539689761678,261.632187198977,0.7156242088011824,0.4920405247774364,0.2307346860465769,3.487402085802575,-3.5,0,0.0,0.0,2.199930766854606,-5.551115123125783e-17,10.0,54,356,0.6433748468449122,3.487402085802575,4.0,0.0,0,0.0,0.0,254.41331156373835,233.71539689761678,0.9186445294906037,127.629686678396,46,small_family,middle,1.0
Summer,CHARGE_PRIORITY,351.2125458931933,794.6288174093231,11.707084863106443,26.487627246977436,0.48779520262943515,1.1036511352907266,493.96627984629134,25.75151778075897,0.0,0.0,13.440000000000001,312.0210281124343,287.2225375630319,300.6625375630319,0.8560700381542347,0.3783685300304896,0.6158559326612915,3.828036778428836,-3.16,0,0.0,0.0,1.424816126232357,-4.440892098500626e-16,13.5,16,498,0.7191203403787852,3.828036778428836,4.0,0.0,0,0.0,0.0,312.02102811243424,287.22253756303223,0.9205230150691444,347.2983438820354,47,family_house,high,1.2
Summer,CHARGE_PRIORITY,433.9898327911617,1249.815057203949,14.46632775970539,41.6605019067983,0.6027636566543912,1.7358542461165958,850.9906291579692,1.252711986439577,0.0,0.0,8.228696392752493,424.5084244119696,390.5957316532273,398.82442804597974,0.9189718235585862,0.3191067556332843,1.1330905894622045,4.473947305101045,-2.5,0,0.0,0.0,1.085488037287352,-2.220446049250313e-16,18.0,4,576,0.7120930499322365,4.473947305101045,4.0,0.0,0,0.0,0.0,424.50842441196914,390.59573165322723,0.920113027660834,637.1155310806813,48,luxury_house,luxury,1.5
Summer,CHARGE_PRIORITY,234.2226727246291,380.30856133060917,7.807422424154303,12.676952044353639,0.325309267673096,0.5282063351814016,194.37471475094998,32.99614971763542,0.0,0.0,10.3524268116288,190.87409619536484,175.5814197680304,185.93384657965922,0.7938336814995613,0.48890260563454296,0.2028970675083057,3.252347426604359,-2.5271679588546454,0,0.0,0.0,1.8834923892062028,-1.3877787807814457e-17,8.0,36,306,0.6448757080537175,3.252347426604359,2.807167958854645,51.0,1,50.98480999170242,50.98480999170242,190.87409619536467,175.5814197680307,0.9198808181300752,116.0845013173406,49,apartment,low,0.8
Summer,CHARGE_PRIORITY,335.55020660796504,535.1498516811268,11.185006886932168,17.838328389370893,0.46604195362217365,0.743263682890454,273.82998613079496,52.565469690939096,0.0,0.0,18.901858347558232,264.0828785694677,242.41800720277354,261.31986555033177,0.778780225445192,0.4883115724117611,0.27722172926828015,3.49630484054824,-2.945709236100657,0,0.0,0.0,2.031320167224268,-4.440892098500626e-16,10.0,37,360,0.6727702017340349,3.49630484054824,3.445709236100657,0.0,0,0.0,0.0,264.08287856946777,242.4180072027736,0.9179618478711972,158.06356687625103,50,small_family,middle,1.0
Summer,PRODUCE_PRIORITY,179.4901248716842,368.1638774925476,5.983004162389474,12.272129249751588,0.2492918400995614,0.5113387187396494,364.36914430034557,179.4901248716842,0.0,0.0,0.0,0.0,3.794733192202055,3.794733192202055,0.021141737992075464,0.010307184990680864,0.26204687864008813,3.2531573509687997,-1.7581776380730598,0,0.0,0.0,0.03491905797171745,0.0,3.7048540850509513,0,707,0.7374408529818803,3.2531573509687997,2.03817763807306,0.0,0,0.0,0.0,0.0,3.794733192202054,0.0,111.73574584074336,1,apartment,low,0.8
Summer,PRODUCE_PRIORITY,235.76798184327853,531.5051238184609,7.858932728109284,17.716837460615363,0.3274555303378869,0.7382015608589735,526.7617073282083,235.76798184327853,0.0,0.0,0.0,0.0,4.74341649025257,4.74341649025257,0.0201190019661179,0.008924498142510316,0.41074603052108666,3.4754466100453114,-2.8416324236894708,0,0.0,0.0,0.029559607706579394,0.0,4.47295372330527,0,711,0.7457611297629698,3.4754466100453114,3.3416324236894708,37.0,1,36.646062074249954,36.646062074249954,0.0,4.74341649025257,0.0,182.88009683720557,2,small_family,middle,1.0
Summer,PRODUCE_PRIORITY,322.55127227607807,783.4385362384189,10.751709075869268,26.114617874613963,0.44798787816121954,1.088109078108915,777.0349239765779,322.55127227607807,0.0,0.0,0.0,0.0,6.403612261840967,6.403612261840967,0.019853005745889565,0.0081737264196718,0.6401211999476956,3.8260707139370878,-3.16,0,0.0,0.0,0.031191309922610974,0.0,5.864562255152854,0,713,0.7383107454320244,3.8260707139370878,4.0,0.0,0,0.0,0.0,0.0,6.403612261840968,0.0,292.4800479339632,3,family_house,high,1.2
Summer,PRODUCE_PRIORITY,407.1595784264583,1258.2359070035516,13.57198594754861,41.941196900118385,0.5654994144811921,1.7475498708382662,1249.697757321097,407.1595784264583,0.0,0.0,0.0,0.0,8.538149682454623,8.538149682454623,0.02097003272145001,0.0067858099064967495,1.1820504563570737,4.493208173885183,-2.5,0,0.0,0.0,0.029559607706579373,0.0,7.41886116991581,0,715,0.7286238010331064,4.493208173885183,4.0,0.0,0,0.0,0.0,0.0,8.538149682454623,0.0,570.8296974070103,4,luxury_house,luxury,1.5
Summer,PRODUCE_PRIORITY,187.05693150569317,367.9161555580813,6.235231050189772,12.263871851936043,0.25980129375790717,0.5109946604973351,364.1214223658793,187.05693150569317,0.0,0.0,0.0,0.0,3.794733192202055,3.794733192202055,0.020286514707884857,0.010314124930029058,0.25119336673942805,3.2659225015135203,-2.5401873935927024,0,0.0,0.0,0.03491905797171745,0.0,3.7048540850509513,0,707,0.7263720864026785,3.2659225015135203,2.820187393592702,0.0,0,0.0,0.0,0.0,3.794733192202054,0.0,104.7398284192856,5,apartment,low,0.8
Summer,PRODUCE_PRIORITY,277.1143243074797,536.2895270674994,9.237144143582658,17.876317568916647,0.3848810059826107,0.7448465653715269,531.5461105772468,277.1143243074797,0.0,0.0,0.0,0.0,4.74341649025257,4.74341649025257,0.017117182600021007,0.008844879959133614,0.3599655593889163,3.498225833457116,-2.861106006189506,0,0.0,0.0,0.029559607706579394,0.0,4.47295372330527,0,711,0.729757089538346,3.498225833457116,3.361106006189506,0.0,0,0.0,0.0,0.0,4.74341649025257,0.0,149.25669105620338,6,small_family,middle,1.0
Summer,PRODUCE_PRIORITY,485.52741821837196,796.2190081351089,16.184247273945733,26.54063360450363,0.6743436364144055,1.1058597335209845,789.8153958732679,485.52741821837196,0.0,0.0,0.0,0.0,6.403612261840967,6.403612261840967,0.013188981757897065,0.00804252623513649,0.43151609710657907,3.829176421187437,-3.16,0,0.0,0.0,0.031191309922610974,0.0,5.864562255152854,0,713,0.6091752953041017,3.829176421187437,4.0,0.0,0,0.0,0.0,0.0,6.403612261840968,0.0,155.38687050841617,7,family_house,high,1.2
Summer,PRODUCE_PRIORITY,452.5455484477654,1271.510522805423,15.084851614925514,42.383684093514105,0.6285354839552297,1.7659868372297542,1262.9723731229685,452.5455484477654,0.0,0.0,0.0,0.0,8.538149682454623,8.538149682454623,0.018866939939505625,0.006714965805879689,1.1374513532745247,4.427188570550426,-2.5,0,0.0,0.0,0.029559607706579373,0.0,7.41886116991581,0,715,0.7099382466793203,4.427188570550426,4.0,0.0,0,0.0,0.0,0.0,8.538149682454623,0.0,539.9382862392374,8,luxury_house,luxury,1.5
Summer,PRODUCE_PRIORITY,215.127072547129,363.5672588296205,7.170902418237633,12.118908627654017,0.29878760075990135,0.5049545261522508,359.7725256374185,215.127072547129,0.0,0.0,0.0,0.0,3.794733192202055,3.794733192202055,0.01763949626270642,0.010437499802424153,0.2061669253923494,3.2221983534816663,-2.6302001573877267,0,0.0,0.0,0.03491905797171745,0.0,3.7048540850509513,0,707,0.6853109288945063,3.2221983534816663,2.9102001573877265,0.0,0,0.0,0.0,0.0,3.794733192202054,0.0,76.21502893564775,9,apartment,low,0.8
Summer,PRODUCE_PRIORITY,277.945904043755,536.1962497043775,9.264863468125165,17.87320832347925,0.3860359778385486,0.744717013478302,531.4528332141249,277.945904043755,0.0,0.0,0.0,0.0,4.74341649025257,4.74341649025257,0.017065970108722482,0.008846418625396523,0.3586810356397535,3.4519533980271375,-3.0452303695676277,0,0.0,0.0,0.029559607706579394,0.0,4.47295372330527,0,711,0.7289461299144667,3.4519533980271375,3.5452303695676277,0.0,0,0.0,0.0,0.0,4.74341649025257,0.0,148.4383112712142,10,small_family,middle,1.0
Summer,PRODUCE_PRIORITY,362.91660154144904,783.9471561895273,12.097220051381635,26.131571872984242,0.5040508354742348,1.0888154947076767,777.5435439276864,362.91660154144904,0.0,0.0,0.0,0.0,6.403612261840967,6.403612261840967,0.017644858996921926,0.008168423357725439,0.584764659233442,3.8394393980869137,-3.16,0,0.0,0.0,0.031191309922610974,0.0,5.864562255152854,0,713,0.7103529912617975,3.8394393980869137,4.0,0.0,0,0.0,0.0,0.0,6.403612261840968,0.0,256.5327165584607,11,family_house,high,1.2
Summer,PRODUCE_PRIORITY,444.28222430253527,1254.0325685532405,14.809407476751176,41.80108561844135,0.6170586448646324,1.7417119007683897,1245.494418870786,444.28222430253527,0.0,0.0,0.0,0.0,8.538149682454623,8.538149682454623,0.019217851211261933,0.006808554974218066,1.1246532559037572,4.430820697743204,-2.5,0,0.0,0.0,0.029559607706579373,0.0,7.41886116991581,0,715,0.7080733291371977,4.430820697743204,4.0,0.0,0,0.0,0.0,0.0,8.538149682454623,0.0,534.2668122808077,12,luxury_house,luxury,1.5
Summer,PRODUCE_PRIORITY,245.36798951853118,386.6561944053427,8.17893298395104,12.888539813511423,0.3407888743312933,0.5370224922296427,382.8614612131406,245.36798951853118,0.0,0.0,0.0,0.0,3.794733192202055,3.794733192202055,0.015465477789699466,0.009814230955327533,0.1962336178983494,3.2551795439293003,-2.4815711432938246,0,0.0,0.0,0.03491905797171745,0.0,3.7048540850509513,0,707,0.6410743483543045,3.2551795439293003,2.7615711432938244,0.0,0,0.0,0.0,0.0,3.794733192202054,0.0,66.31490534317743,13,apartment,low,0.8
Summer,PRODUCE_PRIORITY,337.2985002722729,545.1998928610676,11.243283342409097,18.173329762035586,0.4684701392670457,0.7572220734181495,540.456476370815,337.2985002722729,0.0,0.0,0.0,0.0,4.74341649025257,4.74341649025257,0.014062963477227458,0.008700325426258525,0.28875193415110384,3.4953600870045047,-3.5,0,0.0,0.0,0.029559607706579394,0.0,4.47295372330527,0,711,0.6703919227995775,3.4953600870045047,4.0,0.0,0,0.0,0.0,0.0,4.74341649025257,0.0,101.77370703306565,14,small_family,middle,1.0
Summer,PRODUCE_PRIORITY,357.2606170734788,784.4339628293127,11.908687235782626,26.14779876097709,0.49619530149094276,1.0894916150407121,778.0303505674717,357.2606170734788,0.0,0.0,0.0,0.0,6.403612261840967,6.403612261840967,0.017924204224626077,0.008163354170368002,0.5932963135497693,3.8335967708876684,-3.16,0,0.0,0.0,0.031191309922610974,0.0,5.864562255152854,0,713,0.7121111268306946,3.8335967708876684,4.0,0.0,0,0.0,0.0,0.0,6.403612261840968,0.0,261.9882075594728,15,family_house,high,1.2
Summer,PRODUCE_PRIORITY,498.2216175429875,1273.4840868697954,16.607387251432915,42.44946956232651,0.6919744688097048,1.7687278984302715,1264.9459371873409,498.2216175429875,0.0,0.0,0.0,0.0,8.538149682454623,8.538149682454623,0.017137252543478677,0.0067045593820031675,1.0767534296205665,4.474195123799961,-2.5,0,0.0,0.0,0.029559607706579373,0.0,7.41886116991581,0,715,0.6763693865719862,4.474195123799961,4.0,0.0,0,0.0,0.0,0.0,8.538149682454623,0.0,500.3099971018169,16,luxury_house,luxury,1.5
Summer,PRODUCE_PRIORITY,238.7829557250036,384.212271810134,7.95943185750012,12.807075727004467,0.331642994062505,0.5336281552918527,380.41753861793194,238.7829557250036,0.0,0.0,0.0,0.0,3.794733192202055,3.794733192202055,0.01589197679826148,0.009876657958695544,0.2019851612293478,3.250170981612468,-2.645150337695003,0,0.0,0.0,0.03491905797171745,0.0,3.7048540850509513,0,707,0.6507069721944747,3.250170981612468,2.925150337695003,0.0,0,0.0,0.0,0.0,3.794733192202054,0.0,70.40849381094569,17,apartment,low,0.8
Summer,PRODUCE_PRIORITY,231.47538751163734,531.6586270180196,7.715846250387911,17.72195423393399,0.321493593766163,0.7384147597472495,526.915210527767,231.47538751163734,0.0,0.0,0.0,0.0,4.74341649025257,4.74341649025257,0.020492098711851585,0.00892192141573544,0.4169211659810864,3.232476041743693,-2.7406098742856195,0,0.0,0.0,0.029559607706579394,0.0,4.47295372330527,0,711,0.7572388826683049,3.232476041743693,3.2406098742856195,41.0,1,40.31276004503044,40.31276004503044,0.0,4.74341649025257,0.0,186.85855913535164,18,small_family,middle,1.0
Summer,PRODUCE_PRIORITY,387.8391679166973,776.7319973267707,12.92797226388991,25.891066577559023,0.5386655109954129,1.0787944407316261,770.3283850649298,387.8391679166973,0.0,0.0,0.0,0.0,6.403612261840967,6.403612261840967,0.016510999382136612,0.00824430084492447,0.5401289297362131,3.8379916120792656,-3.16,0,0.0,0.0,0.031191309922610974,0.0,5.864562255152854,0,713,0.6843776673253251,3.8379916120792656,4.0,0.0,0,0.0,0.0,0.0,6.403612261840968,0.0,228.69103767366977,19,family_house,high,1.2
Summer,PRODUCE_PRIORITY,529.011952123245,1262.3217714581247,17.6337317374415,42.077392381937486,0.7347388223933958,1.7532246825807287,1253.7836217756699,529.011952123245,0.0,0.0,0.0,0.0,8.538149682454623,8.538149682454623,0.016139804872434098,0.006763845697275817,1.0184858601873328,4.464009000493935,-2.5,0,0.0,0.0,0.029559607706579373,0.0,7.41886116991581,0,715,0.6465322214338813,4.464009000493935,4.0,0.0,0,0.0,0.0,0.0,8.538149682454623,0.0,464.22695942083186,20,luxury_house,luxury,1.5
Summer,PRODUCE_PRIORITY,181.08837142298006,374.0304897418739,6.036279047432669,12.467682991395797,0.2515116269763612,0.5194867913081582,370.23575654967186,181.08837142298006,0.0,0.0,0.0,0.0,3.794733192202055,3.794733192202055,0.02095514561417335,0.010145518336809595,0.267975164331797,3.2490671692389776,-2.065774236927227,0,0.0,0.0,0.03491905797171745,0.0,3.7048540850509513,0,707,0.7204288119429342,3.2490671692389776,2.3457742369272268,63.0,1,63.147755337044586,63.147755337044586,0.0,3.794733192202054,0.0,114.69728313157185,21,apartment,low,0.8
Summer,PRODUCE_PRIORITY,288.7657140824846,539.5166490439057,9.625523802749486,17.983888301463523,0.4010634917812286,0.7493286792276468,534.7732325536531,288.7657140824846,0.0,0.0,0.0,0.0,4.74341649025257,4.74341649025257,0.016426522467614127,0.00879197425817818,0.3482651874464181,3.495568647413795,-3.5,0,0.0,0.0,0.029559607706579394,0.0,4.47295372330527,0,711,0.6887721777698759,3.495568647413795,4.0,25.0,1,24.96983135545407,24.96983135545407,0.0,4.74341649025257,0.0,141.19078174100366,22,small_family,middle,1.0
Summer,PRODUCE_PRIORITY,351.16089751991575,790.2154787179691,11.705363250663858,26.340515957265634,0.48772346877766076,1.0975214982194015,783.8118664561282,351.16089751991575,0.0,0.0,0.0,0.0,6.403612261840967,6.403612261840967,0.01823555044729259,0.008103627977814443,0.6097980294417407,3.809750026065014,-3.16,0,0.0,0.0,0.031191309922610974,0.0,5.864562255152854,0,713,0.7088686569159711,3.809750026065014,4.0,63.0,1,63.38596769880488,63.38596769880488,0.0,6.403612261840968,0.0,271.81409207417204,23,family_house,high,1.2
Summer,PRODUCE_PRIORITY,426.366564171224,1266.3114461574937,14.212218805707467,42.21038153858312,0.5921757835711444,1.7587658974409635,1257.773296475039,426.366564171224,0.0,0.0,0.0,0.0,8.538149682454623,8.538149682454623,0.02002537346954298,0.006742535344178446,1.166590113869819,4.47412347797322,-2.5,0,0.0,0.0,0.029559607706579373,0.0,7.41886116991581,0,715,0.710676662573752,4.47412347797322,4.0,0.0,0,0.0,0.0,0.0,8.538149682454623,0.0,559.6000646021776,24,luxury_house,luxury,1.5
Summer,PRODUCE_PRIORITY,160.53872888720514,396.5043833343109,5.351290962906838,13.216812777810363,0.2229704567877849,0.5507005324087652,392.70965014210884,160.53872888720514,0.0,0.0,0.0,0.0,3.794733192202055,3.794733192202055,0.023637493697039564,0.009570469714082689,0.3277300756209802,3.193413690398835,-1.3711131611891612,0,0.0,0.0,0.03491905797171745,0.0,3.7048540850509513,0,707,0.7651630598054848,3.193413690398835,1.6511131611891612,0.0,0,0.0,0.0,0.0,3.794733192202054,0.0,150.04738160809703,25,apartment,low,0.8
Summer,PRODUCE_PRIORITY,299.9865181129226,546.9051168541287,9.999550603764087,18.23017056180429,0.4166479418235036,0.7595904400751787,542.1617003638762,299.9865181129226,0.0,0.0,0.0,0.0,4.74341649025257,4.74341649025257,0.015812098890614232,0.008673198227760852,0.34294249825167517,3.486544804116018,-3.5,0,0.0,0.0,0.029559607706579394,0.0,4.47295372330527,0,711,0.70600970295259,3.486544804116018,4.0,5.0,1,17.90640250214573,17.90640250214573,0.0,4.74341649025257,0.0,136.63340897127676,26,small_family,middle,1.0
Summer,PRODUCE_PRIORITY,430.27275518003796,782.384761644629,14.342425172667932,26.079492054820964,0.5976010488611638,1.086645502284207,775.981149382788,430.27275518003796,0.0,0.0,0.0,0.0,6.403612261840967,6.403612261840967,0.014882681240557562,0.00818473540867554,0.48904445342304287,3.824672592263887,-3.16,0,0.0,0.0,0.031191309922610974,0.0,5.864562255152854,0,713,0.6544934723150114,3.824672592263887,4.0,0.0,0,0.0,0.0,0.0,6.403612261840968,0.0,194.7403823750568,27,family_house,high,1.2
Summer,PRODUCE_PRIORITY,466.0589617688882,1254.0821404117269,15.535298725629607,41.80273801372423,0.6473041135679003,1.7417807505718428,1245.5439907292725,466.0589617688882,0.0,0.0,0.0,0.0,8.538149682454623,8.538149682454623,0.018319891650723296,0.0068082858429444415,1.0944766370039427,4.489621519353008,-2.5,0,0.0,0.0,0.029559607706579373,0.0,7.41886116991581,0,715,0.6962818514102225,4.489621519353008,4.0,6.0,1,18.533345492144665,18.533345492144665,0.0,8.538149682454623,0.0,514.7049274549549,28,luxury_house,luxury,1.5
Summer,PRODUCE_PRIORITY,246.03024619949502,361.8063166997644,8.201008206649835,12.060210556658813,0.34170867527707643,0.5025087731941172,358.01158350756236,246.03024619949502,0.0,0.0,0.0,0.0,3.794733192202055,3.794733192202055,0.015423848290283277,0.01048830000210034,0.16080009791704086,3.2650918511574605,-2.3974505978583585,0,0.0,0.0,0.03491905797171745,0.0,3.7048540850509513,0,707,0.6401055956199397,3.2650918511574605,2.6774505978583583,0.0,0,0.0,0.0,0.0,3.794733192202054,0.0,47.081466051126256,29,apartment,low,0.8
Summer,PRODUCE_PRIORITY,216.05310128381146,534.8649837086618,7.201770042793715,17.82883279028873,0.3000737517830715,0.742868032928697,530.1215672184092,216.05310128381146,0.0,0.0,0.0,0.0,4.74341649025257,4.74341649025257,0.021954864161017194,0.008868437147189063,0.4427942811456256,3.4659083678915836,-3.5,0,0.0,0.0,0.029559607706579394,0.0,4.47295372330527,0,711,0.789271023376257,3.4659083678915836,4.0,0.0,0,0.0,0.0,0.0,4.74341649025257,0.0,203.14338425837656,30,small_family,middle,1.0
Summer,PRODUCE_PRIORITY,368.27163966073175,792.9658718107021,12.275721322024392,26.4321957270234,0.511488388417683,1.1013414886259751,786.562259548861,368.27163966073175,0.0,0.0,0.0,0.0,6.403612261840967,6.403612261840967,0.017388285092330924,0.008075520636491713,0.5898531002082918,3.833272676233945,-3.16,0,0.0,0.0,0.031191309922610974,0.0,5.864562255152854,0,713,0.7018443261059666,3.833272676233945,4.0,0.0,0,0.0,0.0,0.0,6.403612261840968,0.0,258.4772189669871,31,family_house,high,1.2
Summer,PRODUCE_PRIORITY,441.46007324473743,1260.4453198356218,14.715335774824581,42.014843994520724,0.6131389906176908,1.750618499771697,1251.9071701531673,441.46007324473743,0.0,0.0,0.0,0.0,8.538149682454623,8.538149682454623,0.01934070644191922,0.006773915177508936,1.1374795091540064,4.462993847319043,-2.5,0,0.0,0.0,0.029559607706579373,0.0,7.41886116991581,0,715,0.7141788003312564,4.462993847319043,4.0,0.0,0,0.0,0.0,0.0,8.538149682454623,0.0,541.6163116946117,32,luxury_house,luxury,1.5
Summer,PRODUCE_PRIORITY,177.8265935291918,378.21480261988825,5.927553117639727,12.607160087329609,0.24698137990165528,0.525298336972067,374.4200694276862,177.8265935291918,0.0,0.0,0.0,0.0,3.794733192202055,3.794733192202055,0.021339514618656383,0.010033275180971224,0.27831695707041176,3.2776269633256754,-1.7774794824168174,0,0.0,0.0,0.03491905797171745,0.0,3.7048540850509513,0,707,0.739874275826925,3.2776269633256754,2.0574794824168174,0.0,0,0.0,0.0,0.0,3.794733192202054,0.0,120.77111789449202,33,apartment,low,0.8
Summer,PRODUCE_PRIORITY,315.31694624370505,545.3945098306848,10.510564874790168,18.17981699435616,0.43794020311625703,0.75749237476484,540.6510933404322,315.31694624370505,0.0,0.0,0.0,0.0,4.74341649025257,4.74341649025257,0.015043328773666464,0.008697220827773168,0.31955217164858296,3.477221040041165,-3.2555338835981664,0,0.0,0.0,0.029559607706579394,0.0,4.47295372330527,0,711,0.6925017518176712,3.477221040041165,3.7555338835981664,0.0,0,0.0,0.0,0.0,4.74341649025257,0.0,121.70306838598964,34,small_family,middle,1.0
Summer,PRODUCE_PRIORITY,305.0487453791698,766.1757528369471,10.168291512638994,25.53919176123157,0.42367881302662475,1.0641329900513155,759.7721405751062,305.0487453791698,0.0,0.0,0.0,0.0,6.403612261840967,6.403612261840967,0.020992095062975585,0.008357889476572544,0.6404541770246908,3.826185869953698,-3.16,0,0.0,0.0,0.031191309922610974,0.0,5.864562255152854,0,713,0.7219797532496137,3.826185869953698,4.0,55.0,1,54.41998927249535,54.41998927249535,0.0,6.403612261840968,0.0,295.28523459007675,35,family_house,high,1.2
Summer,PRODUCE_PRIORITY,451.2896122738212,1261.7548158253758,15.04298707579404,42.05849386084586,0.626791128158085,1.7524372442019107,1253.216666142921,451.2896122738212,0.0,0.0,0.0,0.0,8.538149682454623,8.538149682454623,0.018919446515587152,0.00676688495686018,1.1256461160438258,4.45908099777767,-2.5,0,0.0,0.0,0.029559607706579373,0.0,7.41886116991581,0,715,0.7021811280454332,4.45908099777767,4.0,0.0,0,0.0,0.0,0.0,8.538149682454623,0.0,533.7518485607516,36,luxury_house,luxury,1.5
Summer,PRODUCE_PRIORITY,222.2324103761897,365.655946698502,7.407747012539657,12.188531556616734,0.3086561255224857,0.5078554815256973,361.8612135062999,222.2324103761897,0.0,0.0,0.0,0.0,3.794733192202055,3.794733192202055,0.017075516508948545,0.010377879059439897,0.19919935600321162,3.2720560436519963,-2.515678992021516,0,0.0,0.0,0.03491905797171745,0.0,3.7048540850509513,0,707,0.6749172014345279,3.2720560436519963,2.7956789920215157,0.0,0,0.0,0.0,0.0,3.794733192202054,0.0,71.38674079115421,37,apartment,low,0.8
Summer,PRODUCE_PRIORITY,330.66095464681473,548.807888798841,11.02203182156049,18.293596293294698,0.45925132589835377,0.7622331788872792,544.0644723085884,330.66095464681473,0.0,0.0,0.0,0.0,4.74341649025257,4.74341649025257,0.014345257350748,0.008643127380392327,0.3029818529889254,3.487619642880657,-3.281149416980055,0,0.0,0.0,0.029559607706579394,0.0,4.47295372330527,0,711,0.6775382182675127,3.487619642880657,3.781149416980055,0.0,0,0.0,0.0,0.0,4.74341649025257,0.0,110.453495049308,38,small_family,middle,1.0
Summer,PRODUCE_PRIORITY,319.1215963421634,793.9823927192635,10.63738654473878,26.466079757308783,0.4432244393641158,1.1027533232211995,787.5787804574227,319.1215963421634,0.0,0.0,0.0,0.0,6.403612261840967,6.403612261840967,0.020066370735294863,0.008065181697429855,0.6595288838570836,3.8272879660157693,-3.16,0,0.0,0.0,0.031191309922610974,0.0,5.864562255152854,0,713,0.7403074722608712,3.8272879660157693,4.0,0.0,0,0.0,0.0,0.0,6.403612261840968,0.0,303.4746486351199,39,family_house,high,1.2
Summer,PRODUCE_PRIORITY,444.6395728644914,1248.7684110386992,14.821319095483046,41.62561370128997,0.6175549623117936,1.7344005708870822,1240.2302613562447,444.6395728644914,0.0,0.0,0.0,0.0,8.538149682454623,8.538149682454623,0.019202406181369543,0.006837256297468936,1.1168456085752887,4.491934828210866,-2.5,0,0.0,0.0,0.029559607706579373,0.0,7.41886116991581,0,715,0.6957353120056818,4.491934828210866,4.0,14.0,1,13.767364854619904,13.767364854619904,0.0,8.538149682454623,0.0,529.9970804391412,40,luxury_house,luxury,1.5
Summer,PRODUCE_PRIORITY,179.1635971023403,408.1668912480162,5.972119903411343,13.60556304160054,0.24883832930880598,0.5668984600666892,404.3721580558141,179.1635971023403,0.0,0.0,0.0,0.0,3.794733192202055,3.794733192202055,0.021180269058978872,0.009297013730337684,0.31806013075788314,3.252777310589433,-2.294444779049061,0,0.0,0.0,0.03491905797171745,0.0,3.7048540850509513,0,707,0.7375329262299307,3.252777310589433,2.574444779049061,13.0,1,13.217307380583568,13.217307380583568,0.0,3.794733192202054,0.0,142.03188114975433,41,apartment,low,0.8
Summer,PRODUCE_PRIORITY,322.474629851714,543.7673098385882,10.749154328390466,18.125576994619607,0.44788143034960276,0.755232374775817,539.0238933483356,322.474629851714,0.0,0.0,0.0,0.0,4.74341649025257,4.74341649025257,0.014709425335052782,0.008723246882311858,0.30735094442621413,3.468457748228043,-3.4686070387890546,0,0.0,0.0,0.029559607706579394,0.0,4.47295372330527,0,711,0.6855215523811174,3.468457748228043,3.9686070387890546,6.0,1,56.40823563407578,56.40823563407578,0.0,4.74341649025257,0.0,114.04075314470913,42,small_family,middle,1.0
Summer,PRODUCE_PRIORITY,429.86836164059724,785.2545781075951,14.328945388019909,26.175152603586504,0.5970393911674962,1.090631358482771,778.8509658457541,429.86836164059724,0.0,0.0,0.0,0.0,6.403612261840967,6.403612261840967,0.014896681945611239,0.008154823213222386,0.4935919673152747,3.8374838861200935,-3.16,0,0.0,0.0,0.031191309922610974,0.0,5.864562255152854,0,713,0.6498719954499279,3.8374838861200935,4.0,0.0,0,0.0,0.0,0.0,6.403612261840968,0.0,197.256698907778,43,family_house,high,1.2
Summer,PRODUCE_PRIORITY,576.730040339399,1265.392618271076,19.224334677979968,42.179753942369196,0.801013944915832,1.7574897475987166,1256.8544685886213,576.730040339399,0.0,0.0,0.0,0.0,8.538149682454623,8.538149682454623,0.014804412957976005,0.0067474312392626565,0.9564758026828846,4.490982510186946,-2.5,0,0.0,0.0,0.029559607706579373,0.0,7.41886116991581,0,715,0.6128193333503194,4.490982510186946,4.0,0.0,0,0.0,0.0,0.0,8.538149682454623,0.0,423.5838151360068,44,luxury_house,luxury,1.5
Summer,PRODUCE_PRIORITY,226.14026955795362,373.80638812347775,7.538008985265121,12.460212937449258,0.31408370771938005,0.5191755390603857,370.01165493127564,226.14026955795362,0.0,0.0,0.0,0.0,3.794733192202055,3.794733192202055,0.01678043985540385,0.010151600702309449,0.20509183134100567,3.2402311905955736,-2.6353010201466804,0,0.0,0.0,0.03491905797171745,0.0,3.7048540850509513,0,707,0.6692007634178718,3.2402311905955736,2.9153010201466802,0.0,0,0.0,0.0,0.0,3.794733192202054,0.0,73.98249859629848,45,apartment,low,0.8
Summer,PRODUCE_PRIORITY,316.6657380904297,537.1206129113888,10.555524603014325,17.904020430379624,0.43981352512559685,0.7460008512658177,532.3771964211362,316.6657380904297,0.0,0.0,0.0,0.0,4.74341649025257,4.74341649025257,0.01497925389357405,0.00883119429087171,0.3061873261402209,3.4630133897326667,-3.319944630985229,0,0.0,0.0,0.029559607706579394,0.0,4.47295372330527,0,711,0.6911864050373242,3.4630133897326667,3.819944630985229,0.0,0,0.0,0.0,0.0,4.74341649025257,0.0,114.2837330344654,46,small_family,middle,1.0
Summer,PRODUCE_PRIORITY,341.68080988816297,798.9373639199355,11.389360329605433,26.63124546399785,0.47455668040022636,1.109635227666577,792.5337516580944,341.68080988816297,0.0,0.0,0.0,0.0,6.403612261840967,6.403612261840967,0.01874150399004545,0.008015161827483009,0.6350785472663505,3.8383958719862092,-3.16,0,0.0,0.0,0.031191309922610974,0.0,5.864562255152854,0,713,0.7258333955258793,3.8383958719862092,4.0,0.0,0,0.0,0.0,0.0,6.403612261840968,0.0,286.88758484422414,47,family_house,high,1.2
Summer,PRODUCE_PRIORITY,380.8521545827969,1260.3019305222472,12.695071819426564,42.01006435074157,0.5289613258094401,1.7504193479475656,1251.7637808397926,380.8521545827969,0.0,0.0,0.0,0.0,8.538149682454623,8.538149682454623,0.022418541105032497,0.006774685871437619,1.2214580221381255,4.492613537674565,-2.5,0,0.0,0.0,0.029559607706579373,0.0,7.41886116991581,0,715,0.7524076474794797,4.492613537674565,4.0,0.0,0,0.0,0.0,0.0,8.538149682454623,0.0,596.0558965053272,48,luxury_house,luxury,1.5
Summer,PRODUCE_PRIORITY,180.01311202140175,390.5483105918164,6.000437067380059,13.018277019727213,0.2500182111408358,0.5424282091553005,386.7535773996144,180.01311202140175,0.0,0.0,0.0,0.0,3.794733192202055,3.794733192202055,0.021080315481412818,0.009716424547968767,0.2924099980144649,3.2228116407225906,-2.533166968616919,0,0.0,0.0,0.03491905797171745,0.0,3.7048540850509513,0,707,0.7366758244878087,3.2228116407225906,2.813166968616919,0.0,0,0.0,0.0,0.0,3.794733192202054,0.0,128.05338223044922,49,apartment,low,0.8
Summer,PRODUCE_PRIORITY,230.49843518899382,533.7200861420314,7.683281172966461,17.790669538067714,0.3201367155402692,0.741277897419488,528.9766696517788,230.49843518899382,0.0,0.0,0.0,0.0,4.74341649025257,4.74341649025257,0.020578953112472435,0.008887461074474667,0.42114118187921884,3.4528009474084604,-2.6843653270173435,0,0.0,0.0,0.029559607706579394,0.0,4.47295372330527,0,711,0.7678835964677826,3.4528009474084604,3.1843653270173435,56.0,1,56.10282461981516,56.10282461981516,0.0,4.74341649025257,0.0,189.28391056873966,50,small_family,middle,1.0
Fall,LOAD_PRIORITY,364.6840850711759,370.3328121008617,12.156136169039197,12.344427070028724,0.5065056737099666,0.5143511279178635,116.06393216862699,96.30330323269762,0.0,0.0,89.31443085402145,179.0663509844569,164.95444907821326,254.2688799322347,0.6972305355266839,0.6865956016421886,0.007845454207896833,3.279674940566404,-2.6751409795357883,0,0.0,0.0,3.1922652053109073,-1.1102230246251565e-16,8.0,84,186,0.4665381041111705,3.279674940566404,2.955140979535788,0.0,0,0.0,0.0,179.0663509844569,164.95444907821351,0.9211917714933036,0.3749762170423878,1,apartment,low,0.8
Fall,LOAD_PRIORITY,541.3667980102372,543.625224538282,18.04555993367457,18.120840817942735,0.7518983305697738,0.7550350340809473,182.4828925855523,162.8857922012901,0.0,0.0,157.66010234424743,220.82090346469968,203.48222960848227,361.1423319527297,0.6670936106168457,0.6643222493206772,0.0031367035111733578,3.485829228009809,-3.5,0,0.0,0.0,3.7888549961371836,-2.7755575615628914e-17,10.0,96,203,0.46982529684871316,3.485829228009809,4.0,0.0,0,0.0,0.0,220.8209034646995,203.48222960848227,0.9214808309169471,-9.735043541996845,2,small_family,middle,1.0
Fall,LOAD_PRIORITY,639.7770053041562,779.3640914583732,21.325900176805206,25.97880304861244,0.8885791740335502,1.0824501270255182,274.1785426348305,114.31721561640528,0.0,0.0,258.68125842725823,266.77853126049274,246.50429039628446,505.1855488235427,0.7896275493417783,0.6482022386715585,0.19387095299196797,3.7639802791884547,-3.16,0,0.0,0.0,4.220185154541912,-2.220446049250313e-16,13.5,65,242,0.4666666598527462,3.7639802791884547,4.0,0.0,0,0.0,0.0,266.77853126049285,246.50429039628494,0.9240034767100079,102.74841292135811,3,family_house,high,1.2
Fall,LOAD_PRIORITY,754.3834066572147,1259.3734552966175,25.14611355524049,41.97911517655392,1.0477547314683537,1.7491297990230799,545.5836025332454,18.56436836555603,0.0,0.0,430.14568618424846,305.67335210741015,283.6441665791238,713.7898527633722,0.9461897577072664,0.5667817197205056,0.7013750675547263,4.487250910060874,-2.5,0,0.0,0.0,4.159593833516092,-2.220446049250313e-16,18.0,20,331,0.48058253318475186,4.487250910060874,4.0,0.0,0,0.0,0.0,305.67335210741004,283.64416657912386,0.9279322669888954,392.47977037093364,4,luxury_house,luxury,1.5
Fall,LOAD_PRIORITY,335.3471951981426,378.7418803090749,11.178239839938085,12.62472934363583,0.4657599933307536,0.5260303893181596,131.69513911022975,72.66181087986703,0.0,0.0,89.93322045487278,172.75216386340276,157.11352074397234,247.04674119884515,0.736689451220475,0.6522826073452479,0.060270395987405995,3.2632974582972842,-2.711764612384627,0,0.0,0.0,3.044111685031151,-4.440892098500626e-16,8.0,71,182,0.5094522688137396,3.2632974582972842,2.991764612384627,0.0,0,0.0,0.0,172.7521638634028,157.11352074397254,0.9094735326626882,33.375724540791964,5,apartment,low,0.8
Fall,LOAD_PRIORITY,619.1843143480994,541.8004212639842,20.639477144936645,18.060014042132806,0.8599782143723603,0.7525005850888669,142.66550984539106,198.97135619964888,0.0,0.0,161.99832594735224,258.21463220109814,237.13658547124092,399.13491141859316,0.6446140546031394,0.7366825416773174,-0.10747762928349312,3.4996645408803992,-3.5,0,0.0,0.0,4.544049281219092,0.0,10.0,110,159,0.39361670816020883,3.4996645408803992,4.0,0.0,0,0.0,0.0,258.2146322010982,237.13658547124086,0.9183700530439278,-72.07508819564072,6,small_family,middle,1.0
Fall,LOAD_PRIORITY,639.2633840202145,796.6334693948162,21.308779467340482,26.554448979827207,0.8878658111391868,1.106435374159467,281.76307925342087,103.11829787463542,0.0,0.0,259.36200348533043,276.78308266024874,255.50838665606483,514.8703901413953,0.8054119835606199,0.6463077562288844,0.21856956302027994,3.8321467143167087,-3.16,0,0.0,0.0,4.367479487121413,-1.734723475976807e-18,13.5,65,240,0.4700485862874557,3.8321467143167087,4.0,0.0,0,0.0,0.0,276.7830826602488,255.50838665606528,0.9231358513688562,118.51584135289377,7,family_house,high,1.2
Fall,LOAD_PRIORITY,755.6131135507804,1246.2957700776956,25.187103785026014,41.54319233592319,1.0494626577094173,1.7309663473301327,520.1357630183443,7.2987529775546145,0.0,0.0,441.3893286099364,306.92503196328937,284.77067844941513,726.1600070593515,0.9610209167056104,0.5826546350342519,0.6815036896207158,4.4791020521523155,-2.5,0,0.0,0.0,3.8207591674056567,0.0,18.0,8,311,0.4954891295715779,4.4791020521523155,4.0,0.0,0,0.0,0.0,306.92503196328977,284.7706784494151,0.9278183556024701,383.5329445839591,8,luxury_house,luxury,1.5
Fall,LOAD_PRIORITY,335.9502817207298,377.7006068610849,11.198342724024325,12.59002022870283,0.4665976135010136,0.5245841761959512,136.28095600859504,81.85796009810994,0.0,0.0,89.41828199929978,164.67403962332003,152.0013688531901,241.41965085248984,0.7186172001879082,0.6391825865963777,0.05798656269493766,3.2518872047467275,-2.710078151740394,0,0.0,0.0,3.0603664874517404,0.0,8.0,74,167,0.5085700705141852,3.2518872047467275,2.9900781517403936,0.0,0,0.0,0.0,164.6740396233201,152.00136885319031,0.9230439066223334,28.53855291814733,9,apartment,low,0.8
Fall,LOAD_PRIORITY,586.6983349730817,551.302346974716,19.55661116576939,18.3767448991572,0.8148587985737247,0.76569770413155,157.9286228539336,172.75443690793546,0.0,0.0,161.34083000528642,252.60306805985988,232.03289411549605,393.3737241207824,0.6704872004431899,0.7135353699824235,-0.04916109444217457,3.4704407938792836,-3.5,0,0.0,0.0,4.369293949686326,0.0,10.0,103,165,0.4276427300207378,3.4704407938792836,4.0,0.0,0,0.0,0.0,252.60306805985982,232.03289411549605,0.918567204656876,-37.03252607669171,10,small_family,middle,1.0
Fall,LOAD_PRIORITY,610.7016318820938,784.5544969717839,20.35672106273646,26.15181656572613,0.8481967109473525,1.0896590235719221,298.9700970570858,105.93701468632005,0.0,0.0,248.9263217666073,255.83829542916646,236.6580781480908,485.58439991469805,0.7951254337051588,0.6189301084742388,0.24146231262456969,3.8035780597653424,-3.16,0,0.0,0.0,4.116092333568977,0.0,13.5,63,281,0.4909873533594936,3.8035780597653424,4.0,0.0,0,0.0,0.0,255.83829542916644,236.65807814809122,0.9250299207595151,128.8842595751263,11,family_house,high,1.2
Fall,LOAD_PRIORITY,671.9154645623075,1248.9423408087055,22.39718215207692,41.63141136029018,0.9332159230032049,1.7346421400120908,610.5249353673373,14.295327352152466,0.0,0.0,380.21132269773784,277.4088145124173,258.20608274363025,638.417405441368,0.9501454261917301,0.511166436256765,0.8014262170088858,4.476689957633138,-2.5,0,0.0,0.0,3.7872329879580744,0.0,18.0,17,364,0.4760317370327722,4.476689957633138,4.0,96.0,3,96.77633812952632,32.25877937650878,277.40881451241717,258.2060827436303,0.9307782205747924,445.0279069085658,12,luxury_house,luxury,1.5
Fall,LOAD_PRIORITY,409.05969399262807,403.8605662848415,13.635323133087603,13.462018876161384,0.5681384638786501,0.560917453173391,126.92587369549355,115.04265850520665,0.0,0.0,90.7778263048406,203.23920918258082,186.15686628450743,276.93469258934806,0.677003128531991,0.6857185764307252,-0.007221010705259021,3.277171527744567,-2.6099613681024643,0,0.0,0.0,3.6726795256993165,-6.938893903907228e-18,8.0,105,159,0.40162521803927387,3.277171527744567,2.889961368102464,0.0,0,0.0,0.0,203.2392091825806,186.1568662845076,0.9159495701307959,-8.343987383065823,13,apartment,low,0.8
Fall,LOAD_PRIORITY,489.9342373505506,543.8112394518038,16.33114124501835,18.127041315060126,0.6804642185424313,0.7552933881275052,186.86810067591745,114.59081578024143,0.0,0.0,156.7050279426773,218.63839362763179,200.23811083320902,356.9431387758864,0.7285531640045226,0.6563732282100453,0.07482916958507398,3.373528559533681,-3.5,0,0.0,0.0,3.666446236700204,0.0,10.0,78,215,0.5216376634470612,3.373528559533681,4.0,0.0,0,0.0,0.0,218.63839362763196,200.23811083320896,0.9158414837891604,37.01934130472078,14,small_family,middle,1.0
Fall,LOAD_PRIORITY,769.4318236682599,782.3738742573455,25.647727455608663,26.079129141911515,1.068655310650361,1.0866303809129798,181.50767718530636,138.9541117808858,0.0,0.0,270.3264411156149,360.15127077175924,330.53975595642436,600.8661970720392,0.7809219460242943,0.7680039132727953,0.01797507026261899,3.830498343511584,-3.16,0,0.0,0.0,5.840287191670792,-2.220446049250313e-16,13.5,93,170,0.3691428139712114,3.830498343511584,4.0,0.0,0,0.0,0.0,360.15127077175936,330.5397559564239,0.9177803405999883,11.072057286182542,15,family_house,high,1.2
Fall,LOAD_PRIORITY,777.5753643345997,1263.0136526020333,25.919178811153323,42.10045508673444,1.0799657837980552,1.7541856286139352,523.9420132792119,13.14010046007288,0.0,0.0,425.417521532926,339.0177423416008,313.6541177898954,739.0716393228214,0.95048232392917,0.5851652021339612,0.6742198448158799,4.4388342432868475,-2.5,0,0.0,0.0,4.55835442314307,0.0,18.0,15,320,0.47488316082848386,4.4388342432868475,4.0,0.0,0,0.0,0.0,339.01774234160075,313.65411778989534,0.9251849641363356,381.1304195453433,16,luxury_house,luxury,1.5
Fall,LOAD_PRIORITY,343.28638312640174,379.62903297749415,11.442879437546726,12.654301099249805,0.4767866432311135,0.5272625458020752,134.2364810485393,84.8377547955952,0.0,0.0,89.94053239026934,168.5080959405372,155.4520195386855,245.39255192895484,0.7148333402976799,0.6464009088143231,0.0504759025709617,3.2278244824718345,-2.640472607988522,0,0.0,0.0,2.932184798849769,-2.220446049250313e-16,8.0,74,182,0.4978387808185061,3.2278244824718345,2.920472607988522,0.0,0,0.0,0.0,168.50809594053726,155.45201953868565,0.9225195897622699,24.323381470368787,17,apartment,low,0.8
Fall,LOAD_PRIORITY,499.0204329807732,535.7536773128721,16.63401443269244,17.858455910429072,0.6930839346955183,0.7441023296012113,175.2480998657434,121.16704227669136,0.0,0.0,156.9410932320244,220.9122974720575,203.5644842151043,360.5055774471287,0.722426485211716,0.6728942659904485,0.051018394905692876,3.4648853925381418,-3.5,0,0.0,0.0,3.729651973987347,0.0,10.0,82,214,0.513209023249155,3.4648853925381418,4.0,0.0,0,0.0,0.0,220.91229747205762,203.5644842151043,0.9214719440453623,22.385736850285326,18,small_family,middle,1.0
Fall,LOAD_PRIORITY,544.4644414085392,768.8221024565206,18.148814713617973,25.627403415217355,0.7562006130674155,1.0678084756340565,323.1265462601855,82.87573186771525,0.0,0.0,238.62105347752572,222.96765606329816,207.07450271880936,445.6955561963351,0.8185944247218657,0.5797122049070391,0.31160786256664086,3.8377925767236856,-3.16,0,0.0,0.0,3.4356587066512367,0.0,13.5,44,303,0.509177692599224,3.8377925767236856,4.0,54.0,1,54.33019073965696,54.33019073965696,222.9676560632982,207.0745027188097,0.9287199155918086,167.7567510141954,19,family_house,high,1.2
Fall,LOAD_PRIORITY,765.6127886041261,1257.1635061755583,25.520426286804202,41.90545020585194,1.0633510952835084,1.746060425243831,530.6332215711224,15.94365087086213,0.0,0.0,432.8991096204366,316.7700281128273,293.63117498399924,726.5302846044358,0.9489526499799644,0.5779123248769985,0.6827093299603224,4.497422861144268,-2.5,0,0.0,0.0,4.309785176136366,0.0,18.0,14,335,0.47797381896606306,4.497422861144268,4.0,0.0,0,0.0,0.0,316.7700281128274,293.63117498399924,0.9269537801076732,383.62563039456586,20,luxury_house,luxury,1.5
Fall,LOAD_PRIORITY,367.76197075383845,366.27789149057855,12.258732358461282,12.209263049685951,0.5107805149358867,0.5087192937369147,110.13077905685391,97.36722218624998,0.0,0.0,89.97105530692936,180.4236932606592,166.1760571267953,256.1471124337247,0.6965024467012573,0.6993245248609644,-0.002061221198972136,3.27541100143933,-2.5987528208628916,0,0.0,0.0,3.333830849971656,-2.7755575615628914e-17,8.0,81,169,0.4620357559177148,3.27541100143933,2.8787528208628914,0.0,0,0.0,0.0,180.42369326065915,166.1760571267956,0.9210323440542817,-5.032415674984549,21,apartment,low,0.8
Fall,LOAD_PRIORITY,459.4856450184243,548.9172772160669,15.31618816728081,18.297242573868896,0.6381745069700338,0.7623851072445373,216.54743479138313,112.66153346487597,0.0,0.0,154.84725536237667,191.9768561911717,177.52258706230708,332.3698424246837,0.7233519611071995,0.6055007853102337,0.12421060027450359,3.492198264971887,-3.5,0,0.0,0.0,3.150097117616368,-1.1102230246251565e-16,10.0,66,240,0.5518508353841494,3.492198264971887,4.0,0.0,0,0.0,0.0,191.97685619117178,177.52258706230705,0.9247082725718194,61.01519597514897,22,small_family,middle,1.0
Fall,LOAD_PRIORITY,625.3701554950496,781.036735163822,20.84567184983499,26.034557838794065,0.8685696604097911,1.084773243283086,277.0623233257214,100.89962381815408,0.0,0.0,255.47321067053483,268.9973210063608,248.50120116756568,503.97441183810054,0.80588177643231,0.6452633905015904,0.21620358287329478,3.771801293089771,-3.16,0,0.0,0.0,4.210927620182827,-4.440892098500626e-16,13.5,57,250,0.4842047715354225,3.771801293089771,4.0,0.0,0,0.0,0.0,268.99732100636083,248.50120116756597,0.9238054871248691,116.9870810579524,23,family_house,high,1.2
Fall,LOAD_PRIORITY,749.6043886032687,1259.684005694767,24.98681295344229,41.98946685649223,1.0411172063934289,1.7495611190205096,546.7210604471136,14.3642193997831,0.0,0.0,427.0864328206157,308.15373638286985,285.8765124270376,712.9629452476532,0.9511189583296208,0.5659855503638194,0.7084439126270807,4.496607110093083,-2.5,0,0.0,0.0,4.158603555729123,-6.938893903907228e-18,18.0,20,335,0.48553585941100325,4.496607110093083,4.0,0.0,0,0.0,0.0,308.1537363828702,285.87651242703754,0.9277074351999615,397.1129978755304,24,luxury_house,luxury,1.5
Fall,LOAD_PRIORITY,286.5879575116807,380.84793646328825,9.552931917056023,12.694931215442942,0.3980388298773343,0.5289554673101226,147.34844968684547,40.91875383986131,0.0,0.0,89.59357587077739,156.07562780104203,143.9059109056654,233.49948677644278,0.8147567985892283,0.6131042456073565,0.13091663743278822,3.2185674841728322,-2.617999096729875,0,0.0,0.0,2.5605652739978297,-2.220446049250313e-16,8.0,41,196,0.580777551279075,3.2185674841728322,2.8979990967298748,0.0,0,0.0,0.0,156.075627801042,143.90591090566554,0.922026795170801,73.68445880925893,25,apartment,low,0.8
Fall,LOAD_PRIORITY,546.4028278962254,536.1014714202536,18.213427596540846,17.870049047341787,0.7588928165225353,0.7445853769725744,173.7989426377273,166.10536288708147,0.0,0.0,152.9139378404415,227.38352716870241,209.38859094208473,362.3025287825262,0.6630685462911547,0.6758096145916279,-0.014307439549960884,3.4923638052014354,-3.5,0,0.0,0.0,3.88531410017553,-5.551115123125783e-17,10.0,99,205,0.43855248399629954,3.4923638052014354,4.0,36.0,1,35.45704932003912,35.45704932003912,227.38352716870241,209.38859094208473,0.9208608624789837,-19.145619620077866,26,small_family,middle,1.0
Fall,LOAD_PRIORITY,675.3304567084763,801.1446145091156,22.511015223615875,26.70482048363719,0.9379589676506614,1.1127008534848828,248.3191619132634,97.37413770402786,0.0,0.0,262.6115323000773,315.34478670437113,290.213920295775,552.8254525958523,0.8185999122419169,0.6900445220300012,0.17474188583422146,3.830826412535426,-3.16,0,0.0,0.0,4.976796710581177,0.0,13.5,66,215,0.4577768973427379,3.830826412535426,4.0,0.0,0,0.0,0.0,315.34478670437136,290.21392029577487,0.920306700893216,98.60264750132247,27,family_house,high,1.2
Fall,LOAD_PRIORITY,613.1966476887379,1263.753605503563,20.439888256291265,42.1251201834521,0.8516620106788027,1.7552133409771709,674.1233567940949,8.346977108939276,0.0,0.0,367.2739550519477,237.57571552785095,222.3562936575205,589.6302487094681,0.9615679585527802,0.46657057684478015,0.9035513302983683,4.4384615758039985,-2.5,0,0.0,0.0,3.0962181877329207,-1.1102230246251565e-16,18.0,12,405,0.5247371972955456,4.4384615758039985,4.0,59.0,1,59.879651140912365,59.879651140912365,237.575715527851,222.35629365752044,0.9359386466057117,498.08023819752583,28,luxury_house,luxury,1.5
Fall,LOAD_PRIORITY,305.635517580778,388.3819307107797,10.187850586025935,12.94606435702599,0.4244937744177472,0.5394193482094163,163.43554933551374,68.9968266605172,0.0,0.0,81.76826354829282,154.870427371968,143.17811782697322,224.94638137526601,0.7359955516813054,0.579188586254748,0.11492557379166912,3.2095840550384636,-2.7101730634277748,0,0.0,0.0,2.6122461999822018,-2.220446049250313e-16,8.0,54,231,0.5211163864370916,3.2095840550384636,2.9901730634277746,63.0,1,62.78707879736192,62.78707879736192,154.87042737196802,143.17811782697342,0.9245026326626452,60.479518007169816,29,apartment,low,0.8
Fall,LOAD_PRIORITY,434.58071269536674,515.8495669423351,14.486023756512225,17.194985564744503,0.6035843231880094,0.7164577318643542,175.01006905256594,78.50460691086144,0.0,0.0,156.27586193461727,199.800243849888,184.56363595515177,340.83949788976906,0.7842950410196676,0.6607342910261089,0.11287340867634489,3.4999257176149285,-3.5,0,0.0,0.0,3.26636188579454,-2.220446049250313e-16,10.0,56,217,0.5753827691350616,3.4999257176149285,4.0,0.0,0,0.0,0.0,199.80024384988815,184.56363595515182,0.9237407942996119,60.60340556964914,30,small_family,middle,1.0
Fall,LOAD_PRIORITY,620.2671849771582,781.3069178732467,20.67557283257194,26.043563929108224,0.8614822013571641,1.085148497046176,279.7776216091256,98.56927226851951,0.0,0.0,255.9756256450522,265.7222870635864,245.55367061906878,501.52929626412094,0.808569771884015,0.6419107328901,0.22366629568901178,3.790306305812831,-3.16,0,0.0,0.0,4.223374416082263,-2.220446049250313e-16,13.5,66,254,0.4889203756515989,3.790306305812831,4.0,0.0,0,0.0,0.0,265.7222870635863,245.5536706190692,0.9240988903588249,121.12087116517665,31,family_house,high,1.2
Fall,LOAD_PRIORITY,639.6522541712935,1262.1298946471895,21.321741805709785,42.07099648823965,0.888405908571241,1.7529581870099855,650.9423886000225,14.157648379333994,0.0,0.0,397.0421115194887,228.45249427247083,214.14539452767843,611.1875060471672,0.9554996516646314,0.4842508751589439,0.8645522784387443,4.484688319546367,-2.5,0,0.0,0.0,3.1164418609179423,0.0,18.0,16,417,0.5649023782758568,4.484688319546367,4.0,0.0,0,0.0,0.0,228.45249427247086,214.14539452767835,0.9373738518795566,475.4649079086163,32,luxury_house,luxury,1.5
Fall,LOAD_PRIORITY,385.385017236052,377.768739666742,12.846167241201734,12.592291322224733,0.5352569683834056,0.5246788050926973,111.71485125112113,104.06559122869683,0.0,0.0,90.7167181679923,190.6027078393629,175.33717024762865,266.0538884156209,0.6903586712419086,0.7042771422810868,-0.010578163290708289,3.2637603029553546,-2.6513059389773708,0,0.0,0.0,3.480916300850665,0.0,8.0,94,158,0.4362566660901351,3.2637603029553546,2.9313059389773706,0.0,0,0.0,0.0,190.60270783936295,175.3371702476288,0.9199091252963745,-9.872893667486295,33,apartment,low,0.8
Fall,LOAD_PRIORITY,484.9736825349305,539.2456658848912,16.165789417831018,17.974855529496374,0.6735745590762924,0.7489523137290155,195.43783064523942,125.46443852854134,0.0,0.0,155.06099143648996,204.44825256989924,188.7468438031619,343.80783523965187,0.7089206025419511,0.6375718100125481,0.07537775465272321,3.4948961516190042,-3.5,0,0.0,0.0,3.378801091091777,0.0,10.0,67,234,0.5263873447736651,3.4948961516190042,4.0,0.0,0,0.0,0.0,204.44825256989904,188.7468438031619,0.9232010615430966,33.66037830824236,34,small_family,middle,1.0
Fall,LOAD_PRIORITY,669.561557845319,789.9943751853576,22.31871859484397,26.33314583951192,0.9299466081184987,1.0972144099796635,248.73436514155256,104.30321261694748,0.0,0.0,261.2388707642957,304.019474464076,280.0211392795094,541.2600100438051,0.8083797579204003,0.6851441314589214,0.1672678018611646,3.837593514146697,-3.16,0,0.0,0.0,4.803988291387542,0.0,13.5,61,233,0.4540057038123023,3.837593514146697,4.0,0.0,0,0.0,0.0,304.0194744640761,280.02113927950955,0.921063164697358,92.67788250091169,35,family_house,high,1.2
Fall,LOAD_PRIORITY,758.1516106154271,1251.1895311957223,25.27172035384757,41.706317706524075,1.0529883480769822,1.7377632377718366,536.1294111293612,18.551879447968055,0.0,0.0,408.82212333193405,330.7776078355251,306.23799673442727,715.0601200663614,0.9431624361859676,0.5715042383570785,0.6847748896948548,4.494541495092612,-2.5,0,0.0,0.0,4.634063222474539,-1.1102230246251565e-16,18.0,22,349,0.45933681599047105,4.494541495092612,4.0,0.0,0,0.0,0.0,330.77760783552526,306.2379967344274,0.9258123569437631,385.4003668438496,36,luxury_house,luxury,1.5
Fall,LOAD_PRIORITY,365.8998854148361,388.32258605004733,12.196662847161203,12.944086201668245,0.5081942852983835,0.5393369250695101,133.08484682371926,96.46694396434455,0.0,0.0,89.53358728683631,179.89935416365523,165.70415193949174,255.23773922632807,0.697561681214943,0.657282755099475,0.03114263977112669,3.2459147938151616,-2.6337247711811123,0,0.0,0.0,3.1391239179663777,-2.220446049250313e-16,8.0,80,194,0.4647596246466097,3.2459147938151616,2.913724771181112,0.0,0,0.0,0.0,179.8993541636553,165.70415193949188,0.921093645443274,12.99338554987935,37,apartment,low,0.8
Fall,LOAD_PRIORITY,551.8322566952669,529.5222272769506,18.394408556508896,17.650740909231686,0.7664336898545373,0.7354475378846537,160.38521293478183,164.64027780558246,0.0,0.0,159.20816851200254,227.9838103776819,209.9288458301663,369.13701434216887,0.6689297515023916,0.6971133511060394,-0.030986151969883677,3.4866365137570576,-3.5,0,0.0,0.0,3.9268027800094667,0.0,10.0,92,189,0.4603145877042192,3.4866365137570576,4.0,0.0,0,0.0,0.0,227.98381037768186,209.92884583016627,0.9208059356600566,-27.88734032393785,38,small_family,middle,1.0
Fall,LOAD_PRIORITY,647.6842939812557,796.0151971239451,21.589476466041855,26.533839904131504,0.8995615194184107,1.105576662672146,279.3464911966391,108.95174130377916,0.0,0.0,254.05796255736092,284.6745901201156,262.6107433699451,516.6687059273061,0.7977168980760536,0.649068896918129,0.2060151432537352,3.8313504519415984,-3.16,0,0.0,0.0,4.548723647179961,0.0,13.5,70,261,0.46739939249714724,3.8313504519415984,4.0,0.0,0,0.0,0.0,284.67459012011557,262.6107433699457,0.92249449892644,111.45330122407805,39,family_house,high,1.2
Fall,LOAD_PRIORITY,738.3956106304697,1262.2747095750024,24.61318702101566,42.07582365250008,1.0255494592089858,1.7531593188541699,560.4155579912376,15.941658268626433,0.0,0.0,431.12444775650965,291.32950460533374,270.73470382725503,701.8591515837647,0.9505191275236471,0.5560272627343338,0.7276098596451839,4.499230971967482,-2.5,0,0.0,0.0,4.00693592450862,-2.220446049250313e-16,18.0,19,355,0.48319700676002236,4.499230971967482,4.0,0.0,0,0.0,0.0,291.3295046053338,270.7347038272551,0.9293075351019505,405.9641760516644,40,luxury_house,luxury,1.5
Fall,LOAD_PRIORITY,359.8826057850761,381.3943924530172,11.996086859502537,12.713146415100573,0.4998369524792724,0.5297144339625238,129.3780671251714,93.96612640106248,0.0,0.0,88.96760690031454,176.94887248369912,163.04871842753124,252.01632532784578,0.7002737039154132,0.6607761684878231,0.029877481483251457,3.2263210265003397,-2.7142757436587424,0,0.0,0.0,3.1227336113256285,0.0,8.0,85,210,0.4735617345570505,3.2263210265003397,2.994275743658742,0.0,0,0.0,0.0,176.9488724836993,163.04871842753138,0.9214453652003439,12.464036582922319,41,apartment,low,0.8
Fall,LOAD_PRIORITY,540.9653665523351,532.9579493347958,18.032178885077837,17.765264977826526,0.7513407868782432,0.7402193740761053,170.5294381561764,160.99883787176367,0.0,0.0,157.15218875852403,222.81433992204745,205.27632242009528,362.42851117861926,0.6699662004028801,0.680032095648408,-0.011121412802138122,3.4873697817427862,-3.5,0,0.0,0.0,3.8737433983939407,-1.1102230246251565e-16,10.0,96,208,0.47103704114032974,3.4873697817427862,4.0,0.0,0,0.0,0.0,222.81433992204737,205.27632242009523,0.9212886499671076,-17.001875467454994,42,small_family,middle,1.0
Fall,LOAD_PRIORITY,608.5088958827632,785.9842302639358,20.283629862758776,26.199474342131193,0.8451512442816156,1.0916447642554665,278.93645155208867,80.79069311028685,0.0,0.0,256.9778395477738,270.7403632247027,250.06993916407347,507.04777871184723,0.8332627216176907,0.645111898163121,0.24649351997385066,3.8351661938789814,-3.16,0,0.0,0.0,4.174585182485956,0.0,13.5,46,247,0.5036273633505695,3.8351661938789814,4.0,0.0,0,0.0,0.0,270.74036322470283,250.06993916407384,0.9236522260130329,136.49071486480835,43,family_house,high,1.2
Fall,LOAD_PRIORITY,643.0810875802003,1257.6596633319289,21.436036252673343,41.92198877773096,0.8931681771947227,1.7467495324054567,637.2712823579251,7.03770489339563,0.0,0.0,394.1118687342496,241.93151395255504,226.27651223975417,620.3883809740038,0.9647125268578723,0.49328796896483373,0.8535813552107344,4.4686385186056246,-2.5,0,0.0,0.0,3.1878144738021637,-1.1102230246251565e-16,18.0,10,413,0.5622542816219336,4.4686385186056246,4.0,0.0,0,0.0,0.0,241.93151395255518,226.27651223975425,0.9352915977871696,471.61952736438775,44,luxury_house,luxury,1.5
Fall,LOAD_PRIORITY,391.1099876758728,378.58588866958615,13.03699958919576,12.619529622319538,0.54320831621649,0.5258137342633141,111.67013313131407,108.78456193000733,0.0,0.0,90.28139174791154,192.04403399795393,176.63436379036057,266.9157555382721,0.6824570170769328,0.705033556523352,-0.017394581953175853,3.2720769372146328,-2.572107852087219,0,0.0,0.0,3.4403437166994926,0.0,8.0,88,166,0.4278821476788416,3.2720769372146328,2.8521078520872187,0.0,0,0.0,0.0,192.04403399795396,176.63436379036074,0.9197597036117383,-14.153505888521039,45,apartment,low,0.8
Fall,LOAD_PRIORITY,517.2202013528484,545.2984099315736,17.24067337842828,18.176613664385787,0.7183613907678451,0.7573589026827411,190.0962176279628,145.33825436195394,0.0,0.0,157.65023521553104,214.23171177536346,197.5519570880797,355.20219230361073,0.6867523568772814,0.6513904787438919,0.038997511914895935,3.472088791904244,-3.5,0,0.0,0.0,3.6134610448980133,-2.7755575615628914e-17,10.0,85,211,0.4933198083190427,3.472088791904244,4.0,0.0,0,0.0,0.0,214.23171177536358,197.55195708807972,0.9221415235444989,11.767734295213558,46,small_family,middle,1.0
Fall,LOAD_PRIORITY,653.3273360924791,786.8988185600821,21.7775778697493,26.229960618669402,0.907399077906221,1.0929150257778917,278.08910731317,123.5915581359712,0.0,0.0,256.4389882421381,273.2967897143698,252.37072300477388,508.809711246912,0.7787975232906672,0.6466011884195794,0.18551594787167064,3.795590552520847,-3.16,0,0.0,0.0,4.388583522125286,-4.440892098500626e-16,13.5,66,259,0.4552002080123856,3.795590552520847,4.0,0.0,0,0.0,0.0,273.2967897143698,252.37072300477428,0.9234309823709749,97.33442816250344,47,family_house,high,1.2
Fall,LOAD_PRIORITY,765.6626309002825,1265.9241809310588,25.52208769667608,42.19747269770196,1.0634203206948367,1.758228029070915,541.645770755119,19.33713269524919,0.0,0.0,440.47312108955214,305.8523771154812,283.80528908638775,724.2784101759398,0.9459497968763577,0.5721341144169071,0.6948077083760781,4.451099367308185,-2.5,0,0.0,0.0,4.025079064810534,0.0,18.0,17,321,0.4782842701874253,4.451099367308185,4.0,0.0,0,0.0,0.0,305.85237711548154,283.80528908638775,0.9279159173552233,388.83090864061495,48,luxury_house,luxury,1.5
Fall,LOAD_PRIORITY,357.7813208036679,393.1570046237071,11.92604402678893,13.105233487456903,0.4969185011162054,0.5460513953107043,144.60767139999146,95.84342758390217,0.0,0.0,90.1049613372446,171.8329318825211,158.44437188647106,248.54933322371565,0.6946962257990736,0.6321884903503212,0.049132894194498886,3.2784939134164084,-2.6859998366222784,0,0.0,0.0,2.9558556854640887,0.0,8.0,67,189,0.47663550584533126,3.2784939134164084,2.965999836622278,0.0,0,0.0,0.0,171.83293188252108,158.4443718864712,0.9220838529065931,22.196668724481654,49,apartment,low,0.8
Fall,LOAD_PRIORITY,510.51640268732774,548.5326721757997,17.017213422910924,18.28442240585999,0.7090505592879552,0.7618509335774996,202.88022231877574,148.9431862960102,0.0,0.0,154.93138614585456,206.64183024546304,190.7210637111693,345.65244985702384,0.6770643372818779,0.6301401309168424,0.05280037428954418,3.486143037197755,-3.5,0,0.0,0.0,3.532346047890154,0.0,10.0,82,241,0.4998317518134873,3.486143037197755,4.0,0.0,0,0.0,0.0,206.64183024546304,190.7210637111693,0.9229547738936401,18.111299072672608,50,small_family,middle,1.0
Fall,CHARGE_PRIORITY,331.10564596930135,384.16999620177734,11.03685486564338,12.805666540059244,0.4598689527351408,0.5335694391691352,151.47183520825834,78.75961507894917,0.0,0.0,17.92,234.4260308903522,214.778160993519,232.69816099351902,0.7027912807475768,0.6057166444390913,0.0737004864339944,3.2773422454581227,-2.6286463905199255,0,0.0,0.0,2.7117052508431434,-3.469446951953614e-18,8.0,64,208,0.515656830476149,3.2773422454581227,2.9086463905199254,0.0,0,0.0,0.0,234.42603089035214,214.77816099351944,0.9161873371220342,42.72022283513951,1,apartment,low,0.8
Fall,CHARGE_PRIORITY,509.71727987981086,553.3923599636121,16.990575995993694,18.44641199878707,0.7079406664997373,0.7686004999494612,212.2774166797473,139.98729881559814,0.0,0.0,36.14543835820748,333.5845427060053,304.9695049256574,341.1149432838649,0.6692238163169557,0.6164070340730664,0.06065983344972391,3.4976627611506026,-3.5,0,0.0,0.0,3.3087817331026335,-1.1102230246251565e-16,10.0,72,229,0.5017459084023896,3.4976627611506026,4.0,0.0,0,0.0,0.0,333.58454270600504,304.9695049256573,0.9142195332306906,33.21949357577215,2,small_family,middle,1.0
Fall,CHARGE_PRIORITY,632.034660691746,774.3707088030931,21.067822023058202,25.812356960103102,0.877825917627425,1.0755148733376292,281.5468968502021,97.30579986821596,0.0,0.0,51.64224949872934,483.08661132480063,441.1815624541616,492.823811952891,0.7797417493108807,0.6364184574008805,0.19768895571020423,3.7646042586123385,-3.16,0,0.0,0.0,4.21935014692279,-1.1102230246251565e-16,13.5,59,281,0.4841643347133931,3.7646042586123385,4.0,0.0,0,0.0,0.0,483.0866113248007,441.18156245415884,0.9132556194101037,123.5849527562572,3,family_house,high,1.2
Fall,CHARGE_PRIORITY,791.7708288464987,1254.78992102862,26.392360961549958,41.826330700954,1.0996817067312483,1.7427637792064168,539.8044175551868,10.32516456626107,0.0,0.0,31.462559387646714,749.9831048925909,683.5229440857865,714.9855034734331,0.9030207699304467,0.5698049462234446,0.6430820724751685,4.494943976802514,-2.5,0,0.0,0.0,4.139411234300131,-2.220446049250313e-16,18.0,16,335,0.4508225796554967,4.494943976802514,4.0,0.0,0,0.0,0.0,749.9831048925906,683.5229440857863,0.911384456032083,395.5606650567551,4,luxury_house,luxury,1.5
Fall,CHARGE_PRIORITY,309.350510686957,368.8667208755597,10.311683689565234,12.295557362518656,0.4296534870652181,0.512314890104944,131.61058254786832,51.41151594176511,0.0,0.0,13.16309864816603,244.7758960970259,224.09303967952536,237.2561383276914,0.766949237616677,0.6432028830481885,0.0826614030397259,3.254061302912352,-2.6153856578604517,0,0.0,0.0,2.740916928691165,-2.7755575615628914e-17,8.0,47,219,0.5474803626458412,3.254061302912352,2.8953856578604515,0.0,0,0.0,0.0,244.77589609702576,224.09303967952573,0.9155028875502446,52.43757256331264,5,apartment,low,0.8
Fall,CHARGE_PRIORITY,621.714597531131,532.6009030557016,20.723819917704365,17.753363435190053,0.8634924965710152,0.7397234764662521,160.54502187737404,220.15306506656748,0.0,0.0,59.07085469967775,342.4906777648857,312.98502647864973,372.05588117832747,0.5984351705039347,0.6985641200450919,-0.1237690201047631,3.4617338090340253,-3.5,0,0.0,0.0,4.170487647617254,-5.551115123125783e-17,10.0,116,194,0.38972418229826994,3.4617338090340253,4.0,0.0,0,0.0,0.0,342.49067776488573,312.98502647864973,0.9138497681782418,-77.7289921518802,6,small_family,middle,1.0
Fall,CHARGE_PRIORITY,638.3813668820853,771.7863459974656,21.27937889606951,25.72621153324885,0.8866407873362296,1.0719254805520355,283.8308862227641,109.5119941061858,0.0,0.0,55.694120145508386,473.1752526303911,432.261339629193,487.95545977470135,0.7643635686892332,0.6322416330701758,0.1852846932158058,3.799608477827765,-3.16,0,0.0,0.0,4.004471217337182,-1.1102230246251565e-16,13.5,61,262,0.4739564169491487,3.799608477827765,4.0,0.0,0,0.0,0.0,473.1752526303907,432.2613396291901,0.9135332780534077,114.31236997150585,7,family_house,high,1.2
Fall,CHARGE_PRIORITY,728.8506766041866,1257.6300832205056,24.295022553472887,41.921002774016856,1.0122926063947035,1.746708448917369,599.7666963806066,10.041673070564745,0.0,0.0,23.971339771848157,694.8376637617737,633.8920470680509,657.863386839899,0.902603795203941,0.5230976863683635,0.7344158425226652,4.414675457986361,-2.5,0,0.0,0.0,3.5270580664382933,-2.220446049250313e-16,18.0,10,373,0.5009305889140593,4.414675457986361,4.0,0.0,0,0.0,0.0,694.8376637617735,633.8920470680504,0.912287977649671,440.7875165219467,8,luxury_house,luxury,1.5
Fall,CHARGE_PRIORITY,374.86736982790836,382.99434832569585,12.495578994263612,12.766478277523195,0.5206491247609838,0.5319365948967998,133.20436051581123,104.20742687500831,0.0,0.0,24.013059600725278,246.6468833521748,225.77692820915937,249.78998780988462,0.6663423064124161,0.6522028037799265,0.01128747013581595,3.238901259957069,-2.5877326076119362,0,0.0,0.0,3.1215858794100377,-2.7755575615628914e-17,8.0,84,185,0.4516419388681986,3.238901259957069,2.867732607611936,0.0,0,0.0,0.0,246.64688335217485,225.77692820915976,0.9153852874223596,6.116586199350948,9,apartment,low,0.8
Fall,CHARGE_PRIORITY,559.8464723036536,528.3277674356898,18.661549076788454,17.610925581189658,0.7775645448661856,0.7337885658829025,151.40139764896566,151.41112882296636,0.0,0.0,45.91144163853123,362.5239018421561,331.01492814819306,376.9263697867243,0.6732673838878531,0.7134328214778249,-0.043775978983282955,3.48634281028252,-3.482670955857466,0,0.0,0.0,3.9900647999544714,-5.551115123125783e-17,10.0,89,180,0.45403565670911966,3.48634281028252,3.982670955857466,0.0,0,0.0,0.0,362.52390184215585,331.0149281481929,0.9130844241335512,-22.718967703945495,10,small_family,middle,1.0
Fall,CHARGE_PRIORITY,635.6928937487057,786.8047766064142,21.18976312495686,26.226825886880473,0.8829067968732024,1.092784411953353,294.5605028105752,101.93199310373831,0.0,0.0,54.55850953527363,479.20239110969374,437.6857642605654,492.24427379583904,0.7743428920418717,0.6256244095504213,0.20987761508015065,3.8074744577644406,-3.16,0,0.0,0.0,4.050232741034046,-2.7755575615628914e-17,13.5,62,278,0.47556210367283175,3.8074744577644406,4.0,0.0,0,0.0,0.0,479.20239110969374,437.6857642605629,0.9133630640844876,129.18158331456692,11,family_house,high,1.2
Fall,CHARGE_PRIORITY,850.0516487464456,1262.3673568490744,28.335054958214855,42.078911894969146,1.180627289925619,1.7532879956237144,493.16997211213203,7.973605888295655,0.0,0.0,27.889964821530526,814.1880780366193,741.3074199154121,769.1973847369427,0.9048831160686094,0.6093292737360493,0.5726607056980959,4.493119382440016,-2.5,0,0.0,0.0,4.478820780775489,0.0,18.0,12,283,0.4205097601715418,4.493119382440016,4.0,0.0,0,0.0,0.0,814.1880780366195,741.3074199154122,0.910486704377991,362.70123378463296,12,luxury_house,luxury,1.5
Fall,CHARGE_PRIORITY,372.87069002165754,376.6332345821642,12.429023000721918,12.554441152738807,0.5178759583634133,0.5231017146974503,117.44824270079957,91.7626418386165,0.0,0.0,23.930153244257244,257.17789493878377,235.2548386371074,259.1849918813647,0.695106906542615,0.6881628281394331,0.0052257563340371025,3.2736932102841703,-2.7194398163810374,0,0.0,0.0,3.320513012032354,0.0,8.0,83,173,0.4545626931279234,3.2736932102841703,2.999439816381037,0.0,0,0.0,0.0,257.1778949387839,235.25483863710795,0.9147552852203947,5.499804370844814,13,apartment,low,0.8
Fall,CHARGE_PRIORITY,548.816734733195,540.3560002494469,18.293891157773164,18.01186667498156,0.7622454649072152,0.7504944447908984,180.35024283089277,159.39089292605223,0.0,0.0,47.790833018730886,341.63500878841177,312.2149243998232,360.005757418554,0.6559671646921797,0.666238104605784,-0.011751020116316797,3.4710905895921154,-3.5,0,0.0,0.0,3.774583041420569,0.0,10.0,92,217,0.4623617165225292,3.4710905895921154,4.0,0.0,0,0.0,0.0,341.6350087884115,312.2149243998231,0.9138844567103207,-8.189121510277431,14,small_family,middle,1.0
Fall,CHARGE_PRIORITY,661.7479604534726,797.6581512641347,22.058265348449087,26.588605042137825,0.9190943895187119,1.1078585434224093,290.6174121921806,111.83714722769378,0.0,0.0,57.173949069121065,492.7368641566578,449.86679000283306,507.0407390719541,0.7662142830398705,0.6356617032852884,0.18876415390369733,3.817632380921249,-3.16,0,0.0,0.0,4.330960157552482,-1.232595164407831e-32,13.5,63,262,0.4490998253106352,3.817632380921249,4.0,0.0,0,0.0,0.0,492.73686415665753,449.86679000283016,0.9129960080677106,117.30962663921106,15,family_house,high,1.2
Fall,CHARGE_PRIORITY,708.1891589308459,1268.4228121208353,23.606305297694863,42.280760404027845,0.9835960540706193,1.7616983501678267,623.0270275463355,2.529999921045572,0.0,0.0,17.643917832249567,688.0152411775507,627.7518667422503,645.3957845744998,0.9113324829045034,0.5088175475931259,0.7781022960972077,4.494025801375988,-2.5,0,0.0,0.0,3.142389179720025,-2.220446049250313e-16,18.0,6,388,0.5194593657558951,4.494025801375988,4.0,0.0,0,0.0,0.0,688.0152411775504,627.75186674225,0.9124098263693133,464.99327073081065,16,luxury_house,luxury,1.5
Fall,CHARGE_PRIORITY,308.2416468130274,375.5262348747903,10.274721560434246,12.51754116249301,0.4281133983514269,0.5215642151038754,150.01828069411434,63.82251238138964,0.0,0.0,17.36,227.05913443163774,208.14795418067598,225.50795418067597,0.7315946969277132,0.6005118504060465,0.09345081675244855,3.260052780910658,-2.559249415444816,0,0.0,0.0,2.7098705808744468,-2.7755575615628914e-17,8.0,62,239,0.5022791057850114,3.260052780910658,2.839249415444816,65.0,1,64.6120285105049,64.6120285105049,227.05913443163797,208.14795418067632,0.9167125326259211,55.07344937733508,17,apartment,low,0.8
Fall,CHARGE_PRIORITY,547.427793247975,533.0554322173521,18.247593108265836,17.768514407245068,0.7603163795110764,0.7403547669685445,158.7690714208283,141.92394056247127,0.0,0.0,45.89476889317648,359.60908379232734,328.39159190334715,374.28636079652364,0.6837182280713661,0.7021527934526504,-0.019961612542532075,3.4931245070613572,-3.5,0,0.0,0.0,3.9744286588071374,0.0,10.0,88,192,0.46352294179339093,3.4931245070613572,4.0,0.0,0,0.0,0.0,359.60908379232706,328.3915919033472,0.9131904801742777,-8.654742940602915,18,small_family,middle,1.0
Fall,CHARGE_PRIORITY,545.5648647266182,786.1014326722199,18.185495490887273,26.203381089073996,0.7577289787869698,1.091807545378083,353.6631039074051,76.92580626205569,0.0,0.0,42.59563884867494,426.0434196158876,389.8426899161399,432.4383287648148,0.7926432890459488,0.5501050001840262,0.3340785665911134,3.818116416003185,-3.16,0,0.0,0.0,3.195427589592989,0.0,13.5,47,338,0.5479731895421486,3.818116416003185,4.0,0.0,0,0.0,0.0,426.0434196158877,389.84268991613766,0.9150304217058725,196.01410229470375,19,family_house,high,1.2
Fall,CHARGE_PRIORITY,845.4139355655004,1260.7561699869016,28.180464518850012,42.02520566623005,1.1741860216187505,1.7510502360929188,501.2214253864767,16.019447960582877,0.0,0.0,45.415560735444316,783.9789268694733,714.1191838649806,759.5347446004248,0.8984175829706064,0.602443805298463,0.5768642144741682,4.490380535410779,-2.5,0,0.0,0.0,4.750157566713091,-4.440892098500626e-16,18.0,20,312,0.3891666509206317,4.490380535410779,4.0,0.0,0,0.0,0.0,783.9789268694724,714.1191838649805,0.9108907897774106,361.49856587533293,20,luxury_house,luxury,1.5
Fall,CHARGE_PRIORITY,354.7122391969596,360.9587099852807,11.82374130656532,12.031956999509356,0.492655887773555,0.5013315416462232,110.27403410043429,82.46405238507911,0.0,0.0,18.66574561951913,253.5824411923614,232.0189302653273,250.6846758848464,0.7067268850163632,0.6944968190269434,0.008675653872668165,3.2449409344634224,-2.7189532474517595,0,0.0,0.0,3.0850099681696714,-5.551115123125783e-17,8.0,65,153,0.4811249753878056,3.2449409344634224,2.9989532474517593,0.0,0,0.0,0.0,253.58244119236136,232.01893026532764,0.9149644950744986,8.487878428754513,21,apartment,low,0.8
Fall,CHARGE_PRIORITY,544.4580415594135,536.6749493167067,18.148601385313782,17.889164977223558,0.7561917243880742,0.7453818740509816,158.58248916548553,134.1385269542376,0.0,0.0,40.6148051631025,369.7047094420734,337.4776549881186,378.09246015122113,0.694438195950426,0.7045092390330638,-0.010809850337092813,3.4738044504802774,-3.5,0,0.0,0.0,3.9305526949158622,0.0,10.0,81,176,0.4679013750960689,3.4738044504802774,4.0,0.0,0,0.0,0.0,369.7047094420732,337.4776549881187,0.9128302841946784,-1.7878073846996898,22,small_family,middle,1.0
Fall,CHARGE_PRIORITY,661.3311123331605,788.1775462136392,22.04437041110535,26.272584873787974,0.9185154337960563,1.0946910364078322,272.36396672804733,101.54551969273919,0.0,0.0,56.029338473717544,503.75625416670374,459.7842410118743,515.8135794855918,0.7799626690264333,0.6544383076675191,0.17617560261177598,3.824936637891319,-3.16,0,0.0,0.0,4.406093506449741,-1.1102230246251565e-16,13.5,63,253,0.45669639893608466,3.824936637891319,4.0,0.0,0,0.0,0.0,503.7562541667038,459.78424101187096,0.9127117275644154,112.88200732257022,23,family_house,high,1.2
Fall,CHARGE_PRIORITY,809.0600016717453,1259.651814418152,26.96866672239151,41.9883938139384,1.123694446766313,1.7495164089141002,529.5164678602241,11.08823895834028,0.0,0.0,34.22610433408801,763.7456583793171,695.90924222384,730.135346557928,0.9024489469869517,0.5796326716642615,0.6258219621477871,4.466249886643135,-2.5,0,0.0,0.0,4.350201462961852,-2.220446049250313e-16,18.0,14,322,0.4387149565521497,4.466249886643135,4.0,0.0,0,0.0,0.0,763.7456583793172,695.9092422238404,0.9111793102700878,387.15793583266185,24,luxury_house,luxury,1.5
Fall,CHARGE_PRIORITY,341.75288357851196,389.2342020437113,11.391762785950398,12.974473401457043,0.47465678274793327,0.5406030583940435,144.5861889554362,76.32587067410599,0.0,0.0,19.689682821077582,245.7373300833284,224.9583302671976,244.64801308827518,0.7158623228765572,0.6285367827486059,0.06594627564611025,3.229418573994442,-2.694243274153781,0,0.0,0.0,2.995641898021541,-4.440892098500626e-16,8.0,69,209,0.48805954097620585,3.229418573994442,2.974243274153781,40.0,1,40.235368984041074,40.235368984041074,245.73733008332846,224.95833026719797,0.915442233342877,39.746358109881754,25,apartment,low,0.8
Fall,CHARGE_PRIORITY,578.8552284337404,547.4352316615114,19.29517428112468,18.247841055383713,0.8039655950468617,0.760326710640988,160.9065562252184,160.06295138437355,0.0,0.0,48.72209601610119,370.0701810332658,337.80657942019184,386.528675436293,0.6677467118715635,0.7060719754246477,-0.04363888440587382,3.4905797679596193,-3.5,0,0.0,0.0,4.189099266369858,0.0,10.0,95,193,0.4321631484162651,3.4905797679596193,4.0,0.0,0,0.0,0.0,370.07018103326567,337.8065794201918,0.9128176133429845,-23.37673907702242,26,small_family,middle,1.0
Fall,CHARGE_PRIORITY,666.1259271415181,784.6965165020094,22.204197571383936,26.15655055006698,0.925174898807664,1.0898562729194576,260.56237895705385,97.0838873600087,0.0,0.0,55.9268947975638,513.1151449839455,468.2072427473919,524.1341375449557,0.7868394190781943,0.6679450290940772,0.16468137411179382,3.8220573719007294,-3.16,0,0.0,0.0,4.440151376189154,-1.1102230246251565e-16,13.5,62,232,0.45372750088981395,3.8220573719007294,4.0,0.0,0,0.0,0.0,513.1151449839457,468.20724274738836,0.9124798738147508,108.04628559378256,27,family_house,high,1.2
Fall,CHARGE_PRIORITY,825.7773797454881,1237.8797201682175,27.52591265818294,41.262657338940585,1.1469130274242891,1.7192773891225244,496.1363486112765,15.443382163411151,0.0,0.0,39.0462405061729,771.287757075904,702.6971310507682,741.7433715569412,0.8982364857046011,0.5992047203553382,0.5723643616982356,4.469763623918891,-2.5,0,0.0,0.0,4.623902224223359,0.0,18.0,21,309,0.40906054435381506,4.469763623918891,4.0,0.0,0,0.0,0.0,771.2877570759042,702.6971310507686,0.9110699924951804,358.2032175113874,28,luxury_house,luxury,1.5
Fall,CHARGE_PRIORITY,289.4042567816354,371.9726953909556,9.646808559387846,12.399089846365188,0.4019503566411603,0.5166287435985495,146.50937924638663,44.29725698885149,0.0,0.0,10.722831388614358,234.3841684041696,214.74048475595467,225.46331614456903,0.7790601238968236,0.6061286727177639,0.1146783869573892,3.2532781982888803,-2.672813433924417,0,0.0,0.0,2.4115340210868244,0.0,8.0,38,203,0.5766578531363739,3.2532781982888803,2.9528134339244168,8.0,1,8.508406748285886,8.508406748285886,234.38416840416934,214.74048475595515,0.9161902282822241,70.01450314482364,29,apartment,low,0.8
Fall,CHARGE_PRIORITY,501.8086758610723,560.5427989813006,16.726955862035744,18.684759966043355,0.6969564942514893,0.7785316652518064,223.77015269322928,137.00610334823207,0.0,0.0,37.0691453626252,327.73342715021505,299.7035009254462,336.7726462880713,0.6711176240829048,0.6007973822874957,0.08157517100031708,3.429779218587063,-3.5,0,0.0,0.0,3.2203366473183666,-5.551115123125783e-17,10.0,73,234,0.5087230763517026,3.429779218587063,4.0,0.0,0,0.0,0.0,327.733427150215,299.7035009254462,0.9144733984918741,44.52212150651309,30,small_family,middle,1.0
Fall,CHARGE_PRIORITY,682.5753272759343,756.3511404118708,22.752510909197813,25.211704680395695,0.9480212878832421,1.0504876950164872,221.8481152684913,102.3093311400339,0.0,0.0,58.60016359228074,521.6658325436198,475.9028615510988,534.5030251433795,0.7830681886444808,0.7066863478943339,0.10246640713324501,3.7931628035170593,-3.16,0,0.0,0.0,4.610038984731431,-1.1102230246251565e-16,13.5,67,199,0.4398584873425438,3.7931628035170593,4.0,0.0,0,0.0,0.0,521.6658325436197,475.90286155109436,0.912275314698325,74.30768842533799,31,family_house,high,1.2
Fall,CHARGE_PRIORITY,661.2037189187047,1264.0664485743787,22.040123963956823,42.135548285812625,0.9183384984982009,1.7556478452421926,666.2653369331813,8.626588785351093,0.0,0.0,19.435448387246332,633.1416817461072,578.3656632539512,597.8011116411974,0.9041103286878175,0.47291905604756845,0.8373093467439917,4.461829263054025,-2.5,0,0.0,0.0,2.989729968011395,-1.1102230246251565e-16,18.0,8,436,0.5556009207387416,4.461829263054025,4.0,0.0,0,0.0,0.0,633.1416817461072,578.3656632539511,0.913485369749955,491.93507279307,32,luxury_house,luxury,1.5
Fall,CHARGE_PRIORITY,335.33237595241343,392.58050494310805,11.177745865080448,13.086016831436934,0.46573941104501865,0.5452507013098723,151.22619069551018,72.9601834533254,0.0,0.0,18.45906268738753,243.91312981170046,222.89525156021034,241.35431424759787,0.7197465307729431,0.6147893520147528,0.07951129026485367,3.2660805394287853,-2.3934996834007367,0,0.0,0.0,2.845336368281947,-1.1102230246251565e-16,8.0,65,198,0.5094739464883242,3.2660805394287853,2.6734996834007365,0.0,0,0.0,0.0,243.91312981170063,222.89525156021077,0.9138304761711044,47.75547791363978,33,apartment,low,0.8
Fall,CHARGE_PRIORITY,514.307843128954,533.3792913152809,17.143594770965134,17.779309710509363,0.7143164487902139,0.7408045712712235,187.12001014272215,139.06385977212054,0.0,0.0,37.96279661155934,337.2811867452741,308.2964845609993,346.25928117255864,0.6732529666784413,0.6491802115502167,0.026488122481009423,3.447990016036941,-3.5,0,0.0,0.0,3.455500937113464,-5.551115123125783e-17,10.0,73,219,0.48393334603154065,3.447990016036941,4.0,10.0,1,10.126912555361915,10.126912555361915,337.28118674527406,308.29648456099926,0.9140636853659881,15.182533812133144,34,small_family,middle,1.0
Fall,CHARGE_PRIORITY,690.8361070586018,787.5999226686113,23.027870235286727,26.253330755620375,0.959494593136947,1.0938887814841822,261.747378623111,120.26378550735497,0.0,0.0,59.33842387537214,511.2338976758747,466.5141201701282,525.8525440455003,0.7611827735589008,0.6676645450443458,0.13439418834723552,3.7786162086879456,-3.16,0,0.0,0.0,4.630878631214913,-5.551115123125783e-17,13.5,65,231,0.42193886899951305,3.7786162086879456,4.0,0.0,0,0.0,0.0,511.2338976758741,466.5141201701246,0.9125257974695133,88.07312701071378,35,family_house,high,1.2
Fall,CHARGE_PRIORITY,744.9433961311144,1262.7779880579114,24.831446537703812,42.09259960193038,1.034643605737659,1.7538583167470991,586.2327380295195,4.645931091889304,0.0,0.0,17.393818106347112,722.9036469328779,659.1514319220448,676.5452500283918,0.9081834318446873,0.5357594576611873,0.7192147110094405,4.471321132714591,-2.5,0,0.0,0.0,3.670646709117265,-1.1102230246251565e-16,18.0,8,370,0.4850901033985878,4.471321132714591,4.0,0.0,0,0.0,0.0,722.9036469328779,659.1514319220452,0.9118109096816437,435.49321553943923,36,luxury_house,luxury,1.5
Fall,CHARGE_PRIORITY,358.7936224788065,370.16843654468073,11.959787415960218,12.33894788482269,0.49832447566500904,0.5141228285342788,120.02464104216608,87.53057470823329,0.0,0.0,22.123193167966722,249.13985460260653,228.0206023345479,250.14379550251462,0.6971801610472892,0.6757566848148094,0.01579835286926968,3.237460000190879,-2.6091701670746774,0,0.0,0.0,3.163760138484574,0.0,8.0,78,163,0.4751547053581768,3.237460000190879,2.889170167074677,0.0,0,0.0,0.0,249.13985460260636,228.02060233454836,0.9152313374279497,11.240963544214594,37,apartment,low,0.8
Fall,CHARGE_PRIORITY,527.0350997649236,559.0816120404476,17.56783665883079,18.636053734681585,0.7319931941179495,0.7765022389450661,228.98015207252072,170.27867320857058,0.0,0.0,42.772595769565925,313.9838307867871,287.328864198361,330.10145996792687,0.6263367660240539,0.5904351938229104,0.0445090448271167,3.4935835851956214,-3.5,0,0.0,0.0,3.416831792461986,0.0,10.0,84,259,0.46174732865165763,3.4935835851956214,4.0,60.0,1,59.988439466832276,59.988439466832276,313.9838307867866,287.3288641983611,0.915107199878309,18.48430816667701,38,small_family,middle,1.0
Fall,CHARGE_PRIORITY,684.8899306001588,768.3913796838705,22.829664353338625,25.61304598946235,0.9512360147224428,1.0672102495609312,254.67991353239609,128.74684701399605,0.0,0.0,68.97972459591318,487.1633589902496,444.73174155556114,513.7114661514743,0.7500642704752815,0.6685544368845263,0.11597423483848826,3.835941070934048,-3.16,0,0.0,0.0,4.65214023899198,-5.551115123125783e-17,13.5,74,248,0.4320003279563146,3.835941070934048,4.0,0.0,0,0.0,0.0,487.1633589902496,444.73174155555824,0.9129006386633018,75.13777283670062,39,family_house,high,1.2
Fall,CHARGE_PRIORITY,844.9614897119745,1264.2486618588905,28.165382990399152,42.14162206196302,1.1735576245999646,1.755900919248459,498.7387528456329,7.160580738340779,0.0,0.0,29.509412545328427,808.2914964283052,736.0004964679295,765.5099090132577,0.9059701753676374,0.6055058091876393,0.5823432946484949,4.493967535269639,-2.5,0,0.0,0.0,4.580233555685315,-2.220446049250313e-16,18.0,14,300,0.40275723271511166,4.493967535269639,4.0,0.0,0,0.0,0.0,808.2914964283055,736.0004964679291,0.9105632061207901,367.609541969718,40,luxury_house,luxury,1.5
Fall,CHARGE_PRIORITY,313.39883708542186,390.1987276635645,10.446627902847395,13.00662425545215,0.4352761626186415,0.5419426773105063,157.82738734047524,61.19714509603138,0.0,0.0,15.95084340435837,236.2508485850321,216.42049691873092,232.37134032308927,0.7414556559434607,0.5955204972463249,0.10666651469186485,3.279935735713251,-2.6937892185823133,0,0.0,0.0,2.6239511724921023,0.0,8.0,55,221,0.5415584484079871,3.279935735713251,2.973789218582313,0.0,0,0.0,0.0,236.25084858503212,216.4204969187313,0.9160623050242148,63.29310991892819,41,apartment,low,0.8
Fall,CHARGE_PRIORITY,545.4565046740986,533.097827441075,18.18188348913662,17.769927581369167,0.7575784787140258,0.7404136492237152,159.6438741302374,141.0878590814616,0.0,0.0,47.787557872115876,356.5810877205212,325.6663954387217,373.4539533108376,0.6846631218266803,0.7005355004042231,-0.017164829490310732,3.4958698604964153,-3.5,0,0.0,0.0,3.887933657015072,0.0,10.0,94,189,0.46786082320774985,3.4958698604964153,4.0,0.0,0,0.0,0.0,356.5810877205212,325.66639543872185,0.9133024903832547,-7.2461675756373864,42,small_family,middle,1.0
Fall,CHARGE_PRIORITY,746.2553029470133,789.1882169312405,24.875176764900445,26.306273897708017,1.0364656985375185,1.096094745737834,227.4938631959261,137.481864114568,0.0,0.0,73.94646524272548,534.8269735897198,487.7478884925889,561.6943537353144,0.7526839025694624,0.7117368730104254,0.059629047200315435,3.779843818434834,-3.16,0,0.0,0.0,5.147851155107359,-1.1102230246251565e-16,13.5,86,199,0.38637454436170515,3.779843818434834,4.0,0.0,0,0.0,0.0,534.8269735897195,487.7478884925848,0.9119732410257035,46.886719693833385,43,family_house,high,1.2
Fall,CHARGE_PRIORITY,808.719188629015,1273.7239645280927,26.957306287633834,42.457465484269754,1.1232210953180763,1.7690610618445732,544.8831745824403,11.648197166832361,0.0,0.0,29.387479472332505,767.6835119898501,699.4533104733198,728.8407899456522,0.9012285107037252,0.5722125124776808,0.6458399665264967,4.49697078299146,-2.5,0,0.0,0.0,4.310200077474901,-4.440892098500626e-16,18.0,12,330,0.44060626739468306,4.49697078299146,4.0,0.0,0,0.0,0.0,767.6835119898499,699.4533104733194,0.9111219656917257,398.1790034866811,44,luxury_house,luxury,1.5
Fall,CHARGE_PRIORITY,363.3482574006937,383.06094500984796,12.111608580023123,12.768698166994932,0.5046503575009634,0.5320290902914555,142.66320595567345,102.93955169955456,0.0,0.0,22.351707309473362,238.0569983916658,218.04603174470125,240.39773905417462,0.661617977127295,0.6275704745833443,0.027378732790492095,3.276643865024583,-2.7182836492210267,0,0.0,0.0,2.982193496178626,-2.7755575615628914e-17,8.0,79,181,0.46849216021300766,3.276643865024583,2.9982836492210265,0.0,0,0.0,0.0,238.0569983916658,218.0460317447016,0.9159404395495194,14.351807937155982,45,apartment,low,0.8
Fall,CHARGE_PRIORITY,502.06020273124295,542.2975879222286,16.735340091041433,18.076586264074287,0.6973058371267263,0.7531910943364285,199.73540945990013,131.18415441994682,0.0,0.0,40.303184919092985,330.5728633922032,302.2589935432355,342.56217846232846,0.6823129509145835,0.6316867087217354,0.05588525720970217,3.475421712668596,-3.5,0,0.0,0.0,3.3381198169748587,-5.551115123125783e-17,10.0,79,230,0.5076972493586638,3.475421712668596,4.0,0.0,0,0.0,0.0,330.57286339220326,302.2589935432356,0.9143490800835182,31.735818116972965,46,small_family,middle,1.0
Fall,CHARGE_PRIORITY,660.7784446830277,777.8650740378816,22.025948156100924,25.92883580126272,0.9177478398375385,1.0803681583859468,247.04391039261208,84.50758046470693,0.0,0.0,57.73773586939754,518.5331283489232,473.08342777587194,530.8211636452695,0.8033269969935262,0.6824077611426719,0.16262031854840814,3.8395057360760605,-3.16,0,0.0,0.0,4.729206212842172,-2.220446049250313e-16,13.5,64,241,0.46545173868134476,3.8395057360760605,4.0,0.0,0,0.0,0.0,518.5331283489231,473.08342777586836,0.9123494756877492,109.2261103762228,47,family_house,high,1.2
Fall,CHARGE_PRIORITY,814.7958188380287,1274.520720629383,27.15986062793429,42.48402402097943,1.1316608594972621,1.7701676675408098,532.9596928929966,3.0293749474691425,0.0,0.0,24.330785524282433,787.4356583662772,717.230242212104,741.5610277363864,0.9101188427720682,0.5818352073320465,0.6385068080435479,4.490310435043092,-2.5,0,0.0,0.0,4.256000646721413,-2.220446049250313e-16,18.0,12,318,0.4386517357604477,4.490310435043092,4.0,0.0,0,0.0,0.0,787.4356583662769,717.2302422121039,0.9108429807460956,396.9933322170252,48,luxury_house,luxury,1.5
Fall,CHARGE_PRIORITY,334.4833741615837,387.50474019094645,11.149445805386124,12.916824673031549,0.46456024189108847,0.5382010280429812,164.35831927371464,92.5757162382389,0.0,0.0,20.57196240358803,221.33569551975677,202.57445851364386,223.14642091723186,0.6671375564677045,0.5758546871124066,0.07364078615189273,3.22620815448728,-2.7193113688898767,0,0.0,0.0,2.7361540871401213,-2.7755575615628914e-17,8.0,72,227,0.5107158710018675,3.22620815448728,2.9993113688898765,0.0,0,0.0,0.0,221.33569551975694,202.5744585136443,0.9152362796156485,39.95059484087098,49,apartment,low,0.8
Fall,CHARGE_PRIORITY,550.3094585370238,537.605783969695,18.343648617900794,17.920192798989834,0.7643186924125331,0.7466746999579098,176.26184793852707,159.2050344102277,0.0,0.0,46.06537826798842,345.0390458588078,315.2785577631796,361.343936031168,0.6566195263875471,0.6721355067331959,-0.017643992454623374,3.459787306718183,-3.5,0,0.0,0.0,3.754473430229378,-5.551115123125783e-17,10.0,89,208,0.4615224934434664,3.459787306718183,4.0,0.0,0,0.0,0.0,345.0390458588078,315.27855776317955,0.9137474774150447,-11.088145015309664,50,small_family,middle,1.0
Fall,PRODUCE_PRIORITY,356.70449175503785,390.7836351102799,11.890149725167928,13.026121170342662,0.49542290521533033,0.5427550487642776,386.9889019180778,356.70449175503785,0.0,0.0,0.0,0.0,3.794733192202055,3.794733192202055,0.010638310646247871,0.009710573451038129,0.0473321435489472,3.27657964089279,-2.538403592452851,0,0.0,0.0,0.03491905797171745,0.0,3.7048540850509513,0,707,0.47821069733118454,3.27657964089279,2.8184035924528508,0.0,0,0.0,0.0,0.0,3.794733192202054,0.0,-30.79236614097573,1,apartment,low,0.8
Fall,PRODUCE_PRIORITY,568.6301325486087,516.2478550766284,18.95433775162029,17.208261835887615,0.7897640729841787,0.7170109098286506,511.5044385863759,568.6301325486087,0.0,0.0,0.0,0.0,4.74341649025257,4.74341649025257,0.00834183104049113,0.009188254137246709,-0.07275316315552811,3.4571816629043726,-3.5,0,0.0,0.0,0.029559607706579394,0.0,4.47295372330527,0,711,0.4442464940613284,3.4571816629043726,4.0,0.0,0,0.0,0.0,0.0,4.74341649025257,0.0,-128.13879035396593,2,small_family,middle,1.0
Fall,PRODUCE_PRIORITY,611.6389001878196,780.1325215160397,20.387963339593984,26.004417383867988,0.8494984724830827,1.0835173909944995,773.7289092541987,611.6389001878196,0.0,0.0,0.0,0.0,6.403612261840967,6.403612261840967,0.010469596129145109,0.008208364713980594,0.2340189185114167,3.8053485213856084,-3.16,0,0.0,0.0,0.031191309922610974,0.0,5.864562255152854,0,713,0.4944156230749516,3.8053485213856084,4.0,0.0,0,0.0,0.0,0.0,6.403612261840968,0.0,29.821671771611364,3,family_house,high,1.2
Fall,PRODUCE_PRIORITY,741.5797518516374,1268.7562512929103,24.719325061721246,42.29187504309701,1.0299718775717186,1.762161460129042,1260.2181016104555,741.5797518516374,0.0,0.0,0.0,0.0,8.538149682454623,8.538149682454623,0.011513461176813239,0.006729542947082175,0.7321895825573235,4.462583095958372,-2.5,0,0.0,0.0,0.029559607706579373,0.0,7.41886116991581,0,715,0.47627296988655304,4.462583095958372,4.0,0.0,0,0.0,0.0,0.0,8.538149682454623,0.0,277.741799541368,4,luxury_house,luxury,1.5
Fall,PRODUCE_PRIORITY,389.9785219554965,394.52860656265966,12.999284065183216,13.150953552088655,0.5416368360493007,0.547956398003694,390.7338733704576,389.9785219554965,0.0,0.0,0.0,0.0,3.794733192202055,3.794733192202055,0.009730620992084025,0.009618398080848339,0.006319561954393392,3.268836432449401,-2.5186532821072314,0,0.0,0.0,0.03491905797171745,0.0,3.7048540850509513,0,707,0.4295372619901979,3.268836432449401,2.798653282107231,0.0,0,0.0,0.0,0.0,3.794733192202054,0.0,-57.93026473210364,5,apartment,low,0.8
Fall,PRODUCE_PRIORITY,565.7909811087524,546.4240293291554,18.859699370291747,18.214134310971847,0.7858208070954894,0.7589222629571603,541.6806128389028,565.7909811087524,0.0,0.0,0.0,0.0,4.74341649025257,4.74341649025257,0.008383690529950007,0.00868083436242008,-0.02689854413832918,3.4813531833884284,-3.5,0,0.0,0.0,0.029559607706579394,0.0,4.47295372330527,0,711,0.44368489586245863,3.4813531833884284,4.0,6.0,1,5.428282945446265,5.428282945446265,0.0,4.74341649025257,0.0,-102.95142336870003,6,small_family,middle,1.0
Fall,PRODUCE_PRIORITY,574.8326465694092,798.5498024321262,19.161088218980307,26.618326747737537,0.7983786757908462,1.1090969478223975,792.1461901702853,574.8326465694092,0.0,0.0,0.0,0.0,6.403612261840967,6.403612261840967,0.01113995925606802,0.008019051839143435,0.3107182720315513,3.8282539094122137,-3.16,0,0.0,0.0,0.031191309922610974,0.0,5.864562255152854,0,713,0.5108830894012957,3.8282539094122137,4.0,48.0,1,48.08780461919396,48.08780461919396,0.0,6.403612261840968,0.0,76.76026071524575,7,family_house,high,1.2
Fall,PRODUCE_PRIORITY,726.0303768864088,1264.0467196988525,24.201012562880294,42.134890656628414,1.0083755234533456,1.755620444026184,1255.508570016398,726.0303768864088,0.0,0.0,0.0,0.0,8.538149682454623,8.538149682454623,0.011760044695472103,0.00675461559244326,0.7472449205728384,4.441923290633273,-2.5,0,0.0,0.0,0.029559607706579373,0.0,7.41886116991581,0,715,0.4972471746446639,4.441923290633273,4.0,0.0,0,0.0,0.0,0.0,8.538149682454623,0.0,288.2040883145304,8,luxury_house,luxury,1.5
Fall,PRODUCE_PRIORITY,405.41646221242115,381.54701193365497,13.513882073747371,12.718233731121833,0.5630784197394738,0.5299264054634096,377.7522787414529,405.41646221242115,0.0,0.0,0.0,0.0,3.794733192202055,3.794733192202055,0.009360086592176355,0.009945650400904987,-0.03315201427606404,3.2540167133795137,-2.7000660563007637,0,0.0,0.0,0.03491905797171745,0.0,3.7048540850509513,0,707,0.4044867622439417,3.2540167133795137,2.9800660563007635,5.0,1,4.5686572515387525,4.5686572515387525,0.0,3.794733192202054,0.0,-81.56060693508937,9,apartment,low,0.8
Fall,PRODUCE_PRIORITY,564.0374037466515,542.7720916585597,18.80124679155505,18.092403055285324,0.7833852829814605,0.7538501273035552,538.0286751683071,564.0374037466515,0.0,0.0,0.0,0.0,4.74341649025257,4.74341649025257,0.008409755201949635,0.00873924168753411,-0.029535155677905416,3.491726228609032,-3.5,0,0.0,0.0,0.029559607706579394,0.0,4.47295372330527,0,711,0.4461797607689199,3.491726228609032,4.0,0.0,0,0.0,0.0,0.0,4.74341649025257,0.0,-104.11215699575604,10,small_family,middle,1.0
Fall,PRODUCE_PRIORITY,534.8411398898841,793.1003639913313,17.828037996329467,26.436678799711043,0.7428349165137279,1.1015282833212934,786.6967517294903,534.8411398898841,0.0,0.0,0.0,0.0,6.403612261840967,6.403612261840967,0.011972923891306076,0.008074151207817324,0.35869336680756564,3.82423543684558,-3.16,0,0.0,0.0,0.031191309922610974,0.0,5.864562255152854,0,713,0.5648277014409477,3.82423543684558,4.0,0.0,0,0.0,0.0,0.0,6.403612261840968,0.0,108.66553789622208,11,family_house,high,1.2
Fall,PRODUCE_PRIORITY,753.0852946273292,1261.753994395507,25.102843154244304,42.05846647985024,1.0459517980935127,1.7524361033270932,1253.2158447130523,753.0852946273292,0.0,0.0,0.0,0.0,8.538149682454623,8.538149682454623,0.01133755995949941,0.0067668893622525525,0.7064843052335804,4.4847867436298925,-2.5,0,0.0,0.0,0.029559607706579373,0.0,7.41886116991581,0,715,0.4780495992909834,4.4847867436298925,4.0,0.0,0,0.0,0.0,0.0,8.538149682454623,0.0,262.1351183701929,12,luxury_house,luxury,1.5
Fall,PRODUCE_PRIORITY,440.0758680885015,386.21179760378664,14.669195602950051,12.873726586792888,0.6112164834562521,0.5364052744497037,382.4170644115846,440.0758680885015,0.0,0.0,0.0,0.0,3.794733192202055,3.794733192202055,0.008622906792605394,0.009825523755996338,-0.07481120900654847,3.2619553272266533,-2.714822939876067,0,0.0,0.0,0.03491905797171745,0.0,3.7048540850509513,0,707,0.3562545870911936,3.2619553272266533,2.994822939876067,0.0,0,0.0,0.0,0.0,3.794733192202054,0.0,-109.25548297096293,13,apartment,low,0.8
Fall,PRODUCE_PRIORITY,569.8207674268556,529.0504011813262,18.994025580895187,17.635013372710873,0.7914177325372994,0.734792223862953,524.3069846910736,569.8207674268556,0.0,0.0,0.0,0.0,4.74341649025257,4.74341649025257,0.008324400866736493,0.008965906612415206,-0.05662550867434648,3.4850612569848702,-3.5,0,0.0,0.0,0.029559607706579394,0.0,4.47295372330527,0,711,0.4441824413646635,3.4850612569848702,4.0,0.0,0,0.0,0.0,0.0,4.74341649025257,0.0,-119.60845216586483,14,small_family,middle,1.0
Fall,PRODUCE_PRIORITY,674.5967784628277,776.1144458635154,22.48655928209426,25.870481528783845,0.9369399700872607,1.0779367303659935,769.7108336016743,674.5967784628277,0.0,0.0,0.0,0.0,6.403612261840967,6.403612261840967,0.009492503472122384,0.008250860805349683,0.14099676027873273,3.7954019853165843,-3.16,0,0.0,0.0,0.031191309922610974,0.0,5.864562255152854,0,713,0.4020308965962454,3.7954019853165843,4.0,60.0,1,60.12641198251599,60.12641198251599,0.0,6.403612261840968,0.0,-29.85397541528937,15,family_house,high,1.2
Fall,PRODUCE_PRIORITY,675.4098399587235,1256.3130092241108,22.51366133195745,41.877100307470364,0.9380692221648937,1.7448791794779317,1247.774859541656,675.4098399587235,0.0,0.0,0.0,0.0,8.538149682454623,8.538149682454623,0.012641435136592646,0.006796196186591842,0.806809957313038,4.496343060087723,-2.5,0,0.0,0.0,0.029559607706579373,0.0,7.41886116991581,0,715,0.5464695323568456,4.496343060087723,4.0,0.0,0,0.0,0.0,0.0,8.538149682454623,0.0,327.96228869339086,16,luxury_house,luxury,1.5
Fall,PRODUCE_PRIORITY,300.59168009310844,390.22595813772705,10.019722669770282,13.007531937924234,0.4174884445737617,0.5419804974135098,386.43122494552495,300.59168009310844,0.0,0.0,0.0,0.0,3.794733192202055,3.794733192202055,0.012624212323596696,0.009724450957367462,0.12449205283974805,3.250674758135854,-2.350726141928607,0,0.0,0.0,0.03491905797171745,0.0,3.7048540850509513,0,707,0.5602928284638976,3.250674758135854,2.6307261419286068,0.0,0,0.0,0.0,0.0,3.794733192202054,0.0,19.29090662534611,17,apartment,low,0.8
Fall,PRODUCE_PRIORITY,528.889167558861,527.500223354609,17.6296389186287,17.583340778486967,0.7345682882761958,0.7326391991036236,522.7568068643563,528.889167558861,0.0,0.0,0.0,0.0,4.74341649025257,4.74341649025257,0.008968639898877617,0.008992254941783854,-0.001929089172572339,3.396592757470332,-3.5,0,0.0,0.0,0.029559607706579394,0.0,4.47295372330527,0,711,0.46818358561252627,3.396592757470332,4.0,21.0,1,21.029542245647125,21.029542245647125,0.0,4.74341649025257,0.0,-83.93264565470764,18,small_family,middle,1.0
Fall,PRODUCE_PRIORITY,567.3918784243707,798.0379424455799,18.91306261414569,26.601264748185997,0.7880442755894037,1.1083860311744165,791.6343301837389,567.3918784243707,0.0,0.0,0.0,0.0,6.403612261840967,6.403612261840967,0.011286048506058275,0.008024195243420578,0.3203417555850127,3.832591116821388,-3.16,0,0.0,0.0,0.031191309922610974,0.0,5.864562255152854,0,713,0.5302738934712742,3.832591116821388,4.0,23.0,1,23.204393507411645,23.204393507411645,0.0,6.403612261840968,0.0,83.0730570558706,19,family_house,high,1.2
Fall,PRODUCE_PRIORITY,681.4392927434233,1252.8645993896225,22.714643091447442,41.762153312987415,0.9464434621436434,1.7400897213744757,1244.3264497071677,681.4392927434233,0.0,0.0,0.0,0.0,8.538149682454623,8.538149682454623,0.012529582272957399,0.006814902174276683,0.7936462592308323,4.470028600195718,-2.5,0,0.0,0.0,0.029559607706579373,0.0,7.41886116991581,0,715,0.49885800093759236,4.470028600195718,4.0,34.0,1,34.5388199207144,34.5388199207144,0.0,8.538149682454623,0.0,319.94947381129487,20,luxury_house,luxury,1.5
Fall,PRODUCE_PRIORITY,325.0573445620394,388.6480064880103,10.835244818734648,12.954933549600344,0.4514685341139436,0.5397888979000143,384.85327329580826,325.0573445620394,0.0,0.0,0.0,0.0,3.794733192202055,3.794733192202055,0.011674042305719397,0.009763933247703721,0.0883203637860707,3.260137660666356,-2.5834735418684933,0,0.0,0.0,0.03491905797171745,0.0,3.7048540850509513,0,707,0.5245043192142311,3.260137660666356,2.863473541868493,0.0,0,0.0,0.0,0.0,3.794733192202054,0.0,-3.911655133979309,21,apartment,low,0.8
Fall,PRODUCE_PRIORITY,598.3058873923262,529.8677934790275,19.943529579744208,17.662259782634248,0.8309803991560086,0.7359274909430937,525.1243769887749,598.3058873923262,0.0,0.0,0.0,0.0,4.74341649025257,4.74341649025257,0.007928079248770916,0.008952075496244173,-0.09505290821291507,3.4947301235879413,-3.5,0,0.0,0.0,0.029559607706579394,0.0,4.47295372330527,0,711,0.4128616332203284,3.4947301235879413,4.0,0.0,0,0.0,0.0,0.0,4.74341649025257,0.0,-144.6320159115125,22,small_family,middle,1.0
Fall,PRODUCE_PRIORITY,538.8081689861831,775.1441223861824,17.960272299539437,25.838137412872747,0.7483446791474765,1.0765890588696978,768.7405101243414,538.8081689861831,0.0,0.0,0.0,0.0,6.403612261840967,6.403612261840967,0.011884772040279105,0.008261189212308367,0.32824437972222137,3.828545009010683,-3.16,0,0.0,0.0,0.031191309922610974,0.0,5.864562255152854,0,713,0.5540019935544959,3.828545009010683,4.0,0.0,0,0.0,0.0,0.0,6.403612261840968,0.0,91.62803050569136,23,family_house,high,1.2
Fall,PRODUCE_PRIORITY,739.9486858635514,1255.3518565522654,24.664956195451715,41.845061885075516,1.0277065081438215,1.7435442452114798,1246.8137068698106,739.9486858635514,0.0,0.0,0.0,0.0,8.538149682454623,8.538149682454623,0.011538840254159303,0.006801399653722617,0.7158377370676582,4.435313144107012,-2.5,0,0.0,0.0,0.029559607706579373,0.0,7.41886116991581,0,715,0.4817075998124736,4.435313144107012,4.0,0.0,0,0.0,0.0,0.0,8.538149682454623,0.0,269.15646287516165,24,luxury_house,luxury,1.5
Fall,PRODUCE_PRIORITY,393.7717090168986,400.36575917618677,13.125723633896621,13.345525305872892,0.5469051514123592,0.5560635544113706,396.5710259839848,393.7717090168986,0.0,0.0,0.0,0.0,3.794733192202055,3.794733192202055,0.009636886310791832,0.009478166164884564,0.009158402999011349,3.264515746516811,-2.700967280739621,0,0.0,0.0,0.03491905797171745,0.0,3.7048540850509513,0,707,0.42398856698520015,3.264515746516811,2.9809672807396206,0.0,0,0.0,0.0,0.0,3.794733192202054,0.0,-56.96626862722019,25,apartment,low,0.8
Fall,PRODUCE_PRIORITY,481.1825703287086,534.0192281469921,16.039419010956955,17.80064093823307,0.6683091254565398,0.7416933724263779,529.2758116567395,481.1825703287086,0.0,0.0,0.0,0.0,4.74341649025257,4.74341649025257,0.009857831066100785,0.008882482577850017,0.07338424696983811,3.425158169601568,-3.5,0,0.0,0.0,0.029559607706579394,0.0,4.47295372330527,0,711,0.5275530481459643,3.425158169601568,4.0,6.0,1,6.526440234207108,6.526440234207108,0.0,4.74341649025257,0.0,-36.107454553283105,26,small_family,middle,1.0
Fall,PRODUCE_PRIORITY,577.1500390673762,782.7887621543894,19.238334635579204,26.092958738479645,0.8015972764824669,1.0872066141033185,776.3851498925484,577.1500390673762,0.0,0.0,0.0,0.0,6.403612261840967,6.403612261840967,0.011095229712170935,0.008180511232962723,0.2856093376208516,3.7692171165499913,-3.16,0,0.0,0.0,0.031191309922610974,0.0,5.864562255152854,0,713,0.5235767215455532,3.7692171165499913,4.0,0.0,0,0.0,0.0,0.0,6.403612261840968,0.0,62.85382725877275,27,family_house,high,1.2
Fall,PRODUCE_PRIORITY,780.7427415272762,1267.7943690999198,26.024758050909206,42.25981230333066,1.0843649187878837,1.7608255126387775,1259.2562194174652,780.7427415272762,0.0,0.0,0.0,0.0,8.538149682454623,8.538149682454623,0.010935932194198097,0.006734648686376756,0.676460593850894,4.489888124255113,-2.5,0,0.0,0.0,0.029559607706579373,0.0,7.41886116991581,0,715,0.44598425159720834,4.489888124255113,4.0,0.0,0,0.0,0.0,0.0,8.538149682454623,0.0,241.7736971885504,28,luxury_house,luxury,1.5
Fall,PRODUCE_PRIORITY,330.7208344328744,376.40868624527434,11.024027814429148,12.54695620817581,0.45933449226788114,0.5227898420073255,372.6139530530723,330.7208344328744,0.0,0.0,0.0,0.0,3.794733192202055,3.794733192202055,0.011474128017091292,0.010081417700677987,0.06345534973944432,3.2633405628960275,-2.68548068406571,0,0.0,0.0,0.03491905797171745,0.0,3.7048540850509513,0,707,0.5162197349191606,3.2633405628960275,2.9654806840657097,0.0,0,0.0,0.0,0.0,3.794733192202054,0.0,-18.188286199782738,29,apartment,low,0.8
Fall,PRODUCE_PRIORITY,478.27035860932574,541.9640746604882,15.942345286977524,18.065469155349607,0.6642643869573969,0.7527278814729003,537.2206581702357,478.27035860932574,0.0,0.0,0.0,0.0,4.74341649025257,4.74341649025257,0.009917855883950402,0.008752271067457873,0.08846349451550342,3.4956799760737782,-3.5,0,0.0,0.0,0.029559607706579394,0.0,4.47295372330527,0,711,0.5324404942946689,3.4956799760737782,4.0,0.0,0,0.0,0.0,0.0,4.74341649025257,0.0,-27.52782912071649,30,small_family,middle,1.0
Fall,PRODUCE_PRIORITY,652.5704045413524,781.7757557821071,21.75234681804508,26.059191859403573,0.9063477840852118,1.0857996608084821,775.3721435202663,652.5704045413524,0.0,0.0,0.0,0.0,6.403612261840967,6.403612261840967,0.009812906342790143,0.008191111344243007,0.17945187672327054,3.765945022395113,-3.16,0,0.0,0.0,0.031191309922610974,0.0,5.864562255152854,0,713,0.4674231463257041,3.765945022395113,4.0,0.0,0,0.0,0.0,0.0,6.403612261840968,0.0,-5.784256447017469,31,family_house,high,1.2
Fall,PRODUCE_PRIORITY,743.9532948442234,1273.3534634441837,24.79844316147411,42.445115448139454,1.0332684650614214,1.7685464770058108,1264.8153137617292,743.9532948442234,0.0,0.0,0.0,0.0,8.538149682454623,8.538149682454623,0.01147672809788742,0.006705247150591258,0.7352780119443894,4.497054177212116,-2.5,0,0.0,0.0,0.029559607706579373,0.0,7.41886116991581,0,715,0.49230218664289965,4.497054177212116,4.0,0.0,0,0.0,0.0,0.0,8.538149682454623,0.0,279.0535199614958,32,luxury_house,luxury,1.5
Fall,PRODUCE_PRIORITY,360.1008760844822,375.63116978971334,12.003362536149407,12.521038992990444,0.5001401056728919,0.5217099580412685,371.8364365975113,360.1008760844822,0.0,0.0,0.0,0.0,3.794733192202055,3.794733192202055,0.010537972674389672,0.010102285160005308,0.021569852368376604,3.2625548866935916,-2.559215023206987,0,0.0,0.0,0.03491905797171745,0.0,3.7048540850509513,0,707,0.4732424475563175,3.2625548866935916,2.839215023206987,0.0,0,0.0,0.0,0.0,3.794733192202054,0.0,-45.21346102790051,33,apartment,low,0.8
Fall,PRODUCE_PRIORITY,625.1792729376684,545.5593672437491,20.839309097922282,18.185312241458302,0.8683045457467617,0.7577213433940959,540.8159507534965,625.1792729376684,0.0,0.0,0.0,0.0,4.74341649025257,4.74341649025257,0.007587290071156114,0.00869459269706439,-0.11058320235266557,3.4904254630301,-3.5,0,0.0,0.0,0.029559607706579394,0.0,4.47295372330527,0,711,0.3871999298443945,3.4904254630301,4.0,0.0,0,0.0,0.0,0.0,4.74341649025257,0.0,-157.04938257877927,34,small_family,middle,1.0
Fall,PRODUCE_PRIORITY,612.4509614137845,788.8398432366206,20.41503204712615,26.294661441220686,0.8506263352969229,1.0956108933841953,782.4362309747796,612.4509614137845,0.0,0.0,0.0,0.0,6.403612261840967,6.403612261840967,0.010455714278019649,0.008117759665342028,0.24498455808727218,3.833100971193908,-3.16,0,0.0,0.0,0.031191309922610974,0.0,5.864562255152854,0,713,0.5002479372930883,3.833100971193908,4.0,0.0,0,0.0,0.0,0.0,6.403612261840968,0.0,35.6213079586787,35,family_house,high,1.2
Fall,PRODUCE_PRIORITY,795.7580792552887,1256.183671179786,26.525269308509625,41.8727890393262,1.1052195545212344,1.7446995433052583,1247.6455214973316,795.7580792552887,0.0,0.0,0.0,0.0,8.538149682454623,8.538149682454623,0.010729579636118885,0.006796895930382331,0.6394799887840241,4.483476002319794,-2.5,0,0.0,0.0,0.029559607706579373,0.0,7.41886116991581,0,715,0.44681484081599115,4.483476002319794,4.0,0.0,0,0.0,0.0,0.0,8.538149682454623,0.0,219.55186979323878,36,luxury_house,luxury,1.5
Fall,PRODUCE_PRIORITY,364.93878002399845,377.5980350349546,12.164626000799949,12.58660116783182,0.5068594166999978,0.5244417153263258,373.80330184275255,364.93878002399845,0.0,0.0,0.0,0.0,3.794733192202055,3.794733192202055,0.010398273354102056,0.010049663504871716,0.017582298626328062,3.1191578075118547,-2.478431836644772,0,0.0,0.0,0.03491905797171745,0.0,3.7048540850509513,0,707,0.46616553492603735,3.1191578075118547,2.758431836644772,0.0,0,0.0,0.0,0.0,3.794733192202054,0.0,-48.09242563953421,37,apartment,low,0.8
Fall,PRODUCE_PRIORITY,501.7675877842226,543.002638201576,16.72558625947409,18.100087940052536,0.696899427478087,0.7541703308355222,538.2592217113233,501.7675877842226,0.0,0.0,0.0,0.0,4.74341649025257,4.74341649025257,0.009453413504047221,0.008735531204715246,0.0572709033574352,3.4869236042385214,-3.5,0,0.0,0.0,0.029559607706579394,0.0,4.47295372330527,0,711,0.5080172746499866,3.4869236042385214,4.0,0.0,0,0.0,0.0,0.0,4.74341649025257,0.0,-47.89641272230784,38,small_family,middle,1.0
Fall,PRODUCE_PRIORITY,739.1942264784766,782.6032447886802,24.639807549282555,26.08677482628934,1.026658647886773,1.0869489510953891,776.1996325268392,739.1942264784766,0.0,0.0,0.0,0.0,6.403612261840967,6.403612261840967,0.00866296303793902,0.008182450436389491,0.060290303208616315,3.8378083188632033,-3.16,0,0.0,0.0,0.031191309922610974,0.0,5.864562255152854,0,713,0.3840788377980314,3.8378083188632033,4.0,0.0,0,0.0,0.0,0.0,6.403612261840968,0.0,-83.12507943549952,39,family_house,high,1.2
Fall,PRODUCE_PRIORITY,701.2480637273044,1251.257980318449,23.374935457576814,41.7085993439483,0.9739556440657006,1.7378583059978459,1242.7198306359944,701.2480637273044,0.0,0.0,0.0,0.0,8.538149682454623,8.538149682454623,0.012175648139507547,0.006823652529498064,0.7639026619321453,4.415514731693953,-2.5,0,0.0,0.0,0.029559607706579373,0.0,7.41886116991581,0,715,0.4775776837458976,4.415514731693953,4.0,38.0,1,38.64779339324098,38.64779339324098,0.0,8.538149682454623,0.0,300.9166156224219,40,luxury_house,luxury,1.5
Fall,PRODUCE_PRIORITY,397.8792684956121,400.28426170794694,13.26264228318707,13.342808723598232,0.5526100951327946,0.5559503634832597,396.4895285157449,397.8792684956121,0.0,0.0,0.0,0.0,3.794733192202055,3.794733192202055,0.009537398634892443,0.009480095909868038,0.0033402683504651057,3.240648620281109,-2.6665125838659622,0,0.0,0.0,0.03491905797171745,0.0,3.7048540850509513,0,707,0.41798000627007337,3.240648620281109,2.946512583865962,0.0,0,0.0,0.0,0.0,3.794733192202054,0.0,-60.724195259242265,41,apartment,low,0.8
Fall,PRODUCE_PRIORITY,530.5723983693382,537.0225906509473,17.685746612311274,17.900753021698243,0.736906108846303,0.7458647092374269,532.2791741606948,530.5723983693382,0.0,0.0,0.0,0.0,4.74341649025257,4.74341649025257,0.008940187059920553,0.008832806240986767,0.008958600391123875,3.4993866212479126,-3.5,0,0.0,0.0,0.029559607706579394,0.0,4.47295372330527,0,711,0.4816981320543646,3.4993866212479126,4.0,0.0,0,0.0,0.0,0.0,4.74341649025257,0.0,-78.3057779118833,42,small_family,middle,1.0
Fall,PRODUCE_PRIORITY,639.4590273863109,783.0655336098864,21.31530091287703,26.10218445366288,0.8881375380365429,1.08759101890262,776.6619213480456,639.4590273863109,0.0,0.0,0.0,0.0,6.403612261840967,6.403612261840967,0.010014108781941408,0.008177619863206963,0.19945348086607714,3.83013381479077,-3.16,0,0.0,0.0,0.031191309922610974,0.0,5.864562255152854,0,713,0.46701908996345276,3.83013381479077,4.0,0.0,0,0.0,0.0,0.0,6.403612261840968,0.0,6.983316363354334,43,family_house,high,1.2
Fall,PRODUCE_PRIORITY,717.3492614978359,1269.0560542851044,23.911642049927863,42.30186847617015,0.9963184187469942,1.7625778531737561,1260.5179046026499,717.3492614978359,0.0,0.0,0.0,0.0,8.538149682454623,8.538149682454623,0.0119023607337754,0.006727953153546403,0.7662594344267623,4.494610615856306,-2.5,0,0.0,0.0,0.029559607706579373,0.0,7.41886116991581,0,715,0.5259845093443383,4.494610615856306,4.0,0.0,0,0.0,0.0,0.0,8.538149682454623,0.0,299.7740931039351,44,luxury_house,luxury,1.5
Fall,PRODUCE_PRIORITY,311.8277630330384,369.1509677516243,10.394258767767948,12.305032258387477,0.4330941153236645,0.5127096774328115,365.35623455942226,311.8277630330384,0.0,0.0,0.0,0.0,3.794733192202055,3.794733192202055,0.012169324358075197,0.010279624120490627,0.07961556210914708,3.2605635347507143,-2.6718923253593574,0,0.0,0.0,0.03491905797171745,0.0,3.7048540850509513,0,707,0.5438566242178875,3.2605635347507143,2.951892325359357,0.0,0,0.0,0.0,0.0,3.794733192202054,0.0,-6.627810810167887,45,apartment,low,0.8
Fall,PRODUCE_PRIORITY,526.5942587229197,545.7718973675537,17.553141957430658,18.19239657891846,0.731380914892944,0.7580165241216024,541.0284808773011,526.5942587229197,0.0,0.0,0.0,0.0,4.74341649025257,4.74341649025257,0.009007725419863404,0.00869120691836957,0.02663560922865841,3.4975676930926545,-3.5,0,0.0,0.0,0.029559607706579394,0.0,4.47295372330527,0,711,0.4839183131672661,3.4975676930926545,4.0,0.0,0,0.0,0.0,0.0,4.74341649025257,0.0,-68.16347219265191,46,small_family,middle,1.0
Fall,PRODUCE_PRIORITY,594.2288022253339,790.9122975354361,19.807626740844462,26.3637432511812,0.8253177808685193,1.0984893021325501,784.5086852735951,594.2288022253339,0.0,0.0,0.0,0.0,6.403612261840967,6.403612261840967,0.010776341095988634,0.008096488424563989,0.2731715212640307,3.7938910106414663,-3.16,0,0.0,0.0,0.031191309922610974,0.0,5.864562255152854,0,713,0.5109872040925282,3.7938910106414663,4.0,0.0,0,0.0,0.0,0.0,6.403612261840968,0.0,53.57559195239594,47,family_house,high,1.2
Fall,PRODUCE_PRIORITY,600.2228866059596,1271.1161870561418,20.00742955353199,42.370539568538064,0.8336428980638328,1.765439148689086,1262.5780373736875,600.2228866059596,0.0,0.0,0.0,0.0,8.538149682454623,8.538149682454623,0.014224965213730402,0.00671704897585221,0.9317962506252534,4.477747730905219,-2.5,0,0.0,0.0,0.029559607706579373,0.0,7.41886116991581,0,715,0.609946236727079,4.477747730905219,4.0,0.0,0,0.0,0.0,0.0,8.538149682454623,0.0,406.7329300849019,48,luxury_house,luxury,1.5
Fall,PRODUCE_PRIORITY,272.35168389143155,386.3234235868497,9.078389463047719,12.87744745289499,0.37826622762698825,0.5365603105372913,382.5286903946477,272.35168389143155,0.0,0.0,0.0,0.0,3.794733192202055,3.794733192202055,0.01393320995112614,0.00982268472610219,0.158294082910303,3.2093867537424425,-2.4589895405112068,0,0.0,0.0,0.03491905797171745,0.0,3.7048540850509513,0,707,0.6016024510395568,3.2093867537424425,2.7389895405112066,0.0,0,0.0,0.0,0.0,3.794733192202054,0.0,41.78000229369741,49,apartment,low,0.8
Fall,PRODUCE_PRIORITY,538.2922217903765,540.957447237032,17.943074059679216,18.03191490790107,0.7476280858199674,0.7513297878292112,536.2140307467795,538.2922217903765,0.0,0.0,0.0,0.0,4.74341649025257,4.74341649025257,0.008811972936327819,0.008768557516824683,0.0037017020092435004,3.4660646997579714,-3.5,0,0.0,0.0,0.029559607706579394,0.0,4.47295372330527,0,711,0.4627704396718064,3.4660646997579714,4.0,14.0,1,14.020263061235283,14.020263061235283,0.0,4.74341649025257,0.0,-82.30247655125424,50,small_family,middle,1.0
Winter,LOAD_PRIORITY,379.63948643996355,373.70491964558016,12.654649547998785,12.456830654852672,0.5272770644999494,0.5190346106188614,105.28160176924315,95.65370898486286,0.0,0.0,90.41384974544397,193.57192770965673,178.00946813089308,268.4233178763371,0.7070479427560434,0.7182761150988014,-0.008242453881087974,3.238951548409761,-2.5629652063050674,0,0.0,0.0,3.5472588878064255,-1.3877787807814457e-17,8.0,87,155,0.44466126030425007,3.238951548409761,2.842965206305067,0.0,0,0.0,0.0,193.57192770965682,178.00946813089325,0.9196037371591088,-7.1271367594442125,1,apartment,low,0.8
Winter,LOAD_PRIORITY,643.5295690232603,547.0444308482813,21.450985634108676,18.234814361609377,0.8937910680878615,0.759783931733724,149.81987772238804,225.04762464356043,0.0,0.0,158.47386693910863,260.0080774405912,238.75068618678466,397.2245531258933,0.6172592095943547,0.7261285020486034,-0.13400713635413739,3.467763163719706,-3.5,0,0.0,0.0,4.61008394279605,0.0,10.0,128,182,0.36990566542419945,3.467763163719706,4.0,0.0,0,0.0,0.0,260.0080774405915,238.7506861867847,0.9182433428105178,-90.17795388741334,2,small_family,middle,1.0
Winter,LOAD_PRIORITY,675.8181923238888,791.6286256306566,22.527273077462958,26.387620854355223,0.9386363782276232,1.0994842022648008,254.80969328770908,115.4610939604539,0.0,0.0,260.9393155401509,299.41778282328414,275.8796168027967,536.8189323429475,0.7943244772636643,0.6781196573270539,0.16084782403717743,3.831850556648581,-3.16,0,0.0,0.0,4.7912189532270775,-2.220446049250313e-16,13.5,71,235,0.4429499388302314,3.831850556648581,4.0,0.0,0,0.0,0.0,299.4177828232842,275.8796168027969,0.9213868802362366,87.19228540137331,3,family_house,high,1.2
Winter,LOAD_PRIORITY,823.5632416363918,1261.0025422050637,27.452108054546393,42.033418073502126,1.1438378356060996,1.7513924197292552,487.97318997354967,22.75281347344172,0.0,0.0,437.6181720240429,363.1922561389072,335.41118020747115,773.029352231514,0.9386399406262127,0.6130275922201942,0.6075545841231554,4.462024568174044,-2.5,0,0.0,0.0,4.9339462122254565,0.0,18.0,22,296,0.43060755654139626,4.462024568174044,4.0,0.0,0,0.0,0.0,363.19225613890734,335.4111802074712,0.9235086226045224,345.50236035406465,4,luxury_house,luxury,1.5
Winter,LOAD_PRIORITY,346.7921580572529,380.9952242308036,11.55973860190843,12.699840807693453,0.4816557750795179,0.5291600336538939,133.01485925954836,85.1168268264858,0.0,0.0,86.77833671362905,174.896994517138,161.20202825762627,247.9803649712553,0.7150691248627241,0.6508752582710353,0.047504258574376096,3.2224443119581743,-2.601449170357286,0,0.0,0.0,3.0576282649157758,0.0,8.0,73,195,0.4711068104114296,3.2224443119581743,2.881449170357286,36.0,1,36.26275498987475,36.26275498987475,174.8969945171381,161.2020282576265,0.9216969605605794,23.156000300824047,5,apartment,low,0.8
Winter,LOAD_PRIORITY,596.3655222914549,557.3719579325737,19.878850743048496,18.57906526441912,0.8282854476270207,0.7741277193507967,170.88589619906162,189.88795717436489,0.0,0.0,159.12836637878405,247.34919873830594,227.35769535472792,386.48606173351203,0.6480690906618661,0.6934077974914303,-0.05415772827622402,3.480224737901405,-3.5,0,0.0,0.0,4.299828735396578,0.0,10.0,113,195,0.4143842489741607,3.480224737901405,4.0,0.0,0,0.0,0.0,247.34919873830583,227.35769535472804,0.9191770036630331,-42.73473930763217,6,small_family,middle,1.0
Winter,LOAD_PRIORITY,738.0305271052415,797.1209071335768,24.601017570174715,26.57069690445256,1.0250423987572799,1.1071123710188566,246.80990344615572,162.6488271278129,0.0,0.0,260.63861445894224,314.74308551848645,289.6723892284788,550.311003687421,0.7456480233221409,0.6903733157198487,0.08206997226157663,3.830846438515276,-3.16,0,0.0,0.0,5.182577314064335,-1.1102230246251565e-16,13.5,90,227,0.38859943656552487,3.830846438515276,4.0,0.0,0,0.0,0.0,314.7430855184863,289.67238922847866,0.9203455216539297,38.723483169585194,7,family_house,high,1.2
Winter,LOAD_PRIORITY,780.7245693593725,1260.4437549093368,26.024152311979083,42.014791830311225,1.0843396796657951,1.7506163262629677,536.122442384736,30.046769432801703,0.0,0.0,401.73142908232285,348.946370844248,322.58988344227794,724.3213125246007,0.9277552429520006,0.5746557985657208,0.6662766465971726,4.487515445797609,-2.5,0,0.0,0.0,4.917435611379814,0.0,18.0,34,328,0.36891223727558137,4.487515445797609,4.0,67.0,1,67.021425043434,67.021425043434,348.9463708442481,322.589883442278,0.9244683722080196,375.0497392990305,8,luxury_house,luxury,1.5
Winter,LOAD_PRIORITY,396.10438594109945,396.71964606006657,13.203479531369982,13.22398820200222,0.5501449804737493,0.5509995084167592,124.094800303333,107.46271970514968,0.0,0.0,90.52612952176821,198.1155367141816,182.09871623496542,272.62484575673363,0.68826515290662,0.6871977439591082,0.0008545279430099824,3.2651570568410464,-2.6647547004489134,0,0.0,0.0,3.4776890827546723,0.0,8.0,95,168,0.42057631428369435,3.2651570568410464,2.944754700448913,0.0,0,0.0,0.0,198.11553671418162,182.0987162349656,0.9191541423511713,-3.6453475071349573,9,apartment,low,0.8
Winter,LOAD_PRIORITY,648.6898105675947,520.6267747755087,21.62299368558649,17.35422582585029,0.9009580702327704,0.7230927427437621,117.66461945792634,224.08551815006803,0.0,0.0,160.74875651555854,263.8555359019681,242.2133988020239,402.9621553175824,0.621193903084428,0.7739942984901946,-0.17786532748900824,3.4313602439584683,-3.5,0,0.0,0.0,4.726431759702953,0.0,10.0,125,161,0.3671882233063402,3.4313602439584683,4.0,0.0,0,0.0,0.0,263.8555359019682,242.21339880202393,0.9179773241218441,-113.42850174161647,10,small_family,middle,1.0
Winter,LOAD_PRIORITY,720.5815473214284,792.3988850342303,24.01938491071428,26.413296167807676,1.000807704613095,1.1005540069919866,245.31696571345117,148.93655921882925,0.0,0.0,261.97817766598905,309.66681043661004,285.10374165479004,547.0819193207791,0.7592227713218742,0.6904122780247806,0.0997463023788915,3.8337096079026174,-3.16,0,0.0,0.0,5.041265507776328,0.0,13.5,81,228,0.3963096363583324,3.8337096079026174,4.0,0.0,0,0.0,0.0,309.66681043661026,285.10374165479027,0.9206790396840151,49.944820988142055,11,family_house,high,1.2
Winter,LOAD_PRIORITY,741.8831690201084,1275.0747156268026,24.729438967336947,42.50249052089342,1.0303932903057063,1.7709371050372258,584.6268904946628,29.269481366902145,0.0,0.0,405.5735656179926,307.0401220352136,284.87425951414696,690.4478251321395,0.9306692131108655,0.5414959740557074,0.7405438147315195,4.4951217722124,-2.5,0,0.0,0.0,4.293717050458335,-4.440892098500626e-16,18.0,29,350,0.40659058938426984,4.4951217722124,4.0,50.0,1,50.272533688394375,50.272533688394375,307.04012203521387,284.874259514147,0.9278079282468344,412.1276346407852,12,luxury_house,luxury,1.5
Winter,LOAD_PRIORITY,392.79499925370624,381.22154368827466,13.093166641790209,12.707384789609156,0.545548610074592,0.5294743662337148,123.6464531910593,120.81983855522444,0.0,0.0,90.02712676379726,181.9480339346846,167.54796373341816,257.5750904972154,0.6557494137822454,0.6756572254684401,-0.016074243840877175,3.233735464802302,-2.6949417940681477,0,0.0,0.0,3.266047126506463,-3.469446951953614e-18,8.0,92,183,0.42541730342678097,3.233735464802302,2.9749417940681475,0.0,0,0.0,0.0,181.94803393468453,167.54796373341833,0.9208561373824159,-16.003014806407535,13,apartment,low,0.8
Winter,LOAD_PRIORITY,660.5576122714346,534.3219872173372,22.018587075714485,17.810732907244574,0.9174411281547702,0.7421138711351906,121.341189997234,224.93941618725552,0.0,0.0,161.81004254089441,273.8081535432846,251.1707546792087,412.9807972201031,0.6252002695116957,0.7729062383729342,-0.1753272570195797,3.4908851892640236,-3.5,0,0.0,0.0,4.890853205853956,0.0,10.0,127,143,0.3539359621330143,3.4908851892640236,4.0,0.0,0,0.0,0.0,273.80815354328456,251.1707546792088,0.9173238686608464,-111.43958207060446,14,small_family,middle,1.0
Winter,LOAD_PRIORITY,581.9028622222322,762.6438501032885,19.396762074074406,25.42146167010962,0.8081984197531003,1.0592275695879008,301.05184572272924,102.03408194702729,0.0,0.0,233.06489871033787,246.80388156486708,228.52710567022137,461.5920043805592,0.7932458050090746,0.6052523787060547,0.25102914983480035,3.836708670003261,-3.16,0,0.0,0.0,3.9714848732142793,0.0,13.5,60,286,0.43980537116788065,3.836708670003261,4.0,59.0,1,58.89361030746248,58.89361030746248,246.80388156486694,228.52710567022163,0.9259461570103319,133.95821053972236,15,family_house,high,1.2
Winter,LOAD_PRIORITY,807.8240707259058,1261.316745409818,26.92746902419686,42.0438915136606,1.1219778760082024,1.7518288130691917,500.9616250972192,21.026592935139746,0.0,0.0,436.9924061845454,349.8050716062207,323.36271412805326,760.3551203125986,0.9412385046032957,0.6028264693065258,0.6298509370609889,4.4741934696421914,-2.5,0,0.0,0.0,4.716873081061409,0.0,18.0,25,298,0.4257075902319125,4.4741934696421914,4.0,0.0,0,0.0,0.0,349.80507160622085,323.3627141280533,0.9244083072988319,356.79728518128866,16,luxury_house,luxury,1.5
Winter,LOAD_PRIORITY,400.26558579448107,378.2654124084339,13.342186193149368,12.60884708028113,0.555924424714557,0.5253686283450472,116.27894201611244,123.3882914096275,0.0,0.0,90.02172253751297,186.85557184734057,171.96474785480854,261.9864703923215,0.6545315902497801,0.6925995922393252,-0.03055579636950983,3.2716328542659596,-2.5985111441346054,0,0.0,0.0,3.4430781390892142,0.0,8.0,105,166,0.41448928813193897,3.2716328542659596,2.878511144134605,0.0,0,0.0,0.0,186.8555718473406,171.96474785480873,0.9203083759006259,-23.84025575658042,17,apartment,low,0.8
Winter,LOAD_PRIORITY,687.6702527357925,545.0469779497065,22.922341757859748,18.16823259832355,0.9550975732441562,0.7570096915968146,120.35301833344751,239.24420160523678,0.0,0.0,163.6709710850633,284.7550800454924,261.0229885311957,424.693959616259,0.6175837298860581,0.7791878072855715,-0.19808788164734162,3.4871311031120626,-3.5,0,0.0,0.0,5.028993894841828,0.0,10.0,133,135,0.3260700847309391,3.4871311031120626,4.0,0.0,0,0.0,0.0,284.75508004549215,261.0229885311958,0.9166578818874629,-125.05501769462747,18,small_family,middle,1.0
Winter,LOAD_PRIORITY,727.8523886712773,775.7233468341346,24.261746289042573,25.857444894471154,1.010906095376774,1.0773935372696315,230.37150000099723,157.55769853083024,0.0,0.0,256.83013444894095,313.4645556915061,288.52171238419646,545.3518468331374,0.749261602106848,0.7030236347259826,0.06648744189285745,3.793972370069005,-3.16,0,0.0,0.0,5.203127508446212,-5.551115123125783e-17,13.5,90,219,0.39338475213274804,3.793972370069005,4.0,0.0,0,0.0,0.0,313.4645556915061,288.52171238419663,0.9204285050592552,30.97669632300071,19,family_house,high,1.2
Winter,LOAD_PRIORITY,890.7521286011608,1254.4140311058652,29.691737620038694,41.81380103686217,1.237155734168279,1.7422417098692573,416.7736396578187,20.91963127528846,0.0,0.0,462.52994172306563,407.30255560280676,375.11044972498075,837.6403914480464,0.9403742798386334,0.6677543224780419,0.5050859757009781,4.494667289437886,-2.5,0,0.0,0.0,5.535231587390438,0.0,18.0,28,246,0.3683105867060969,4.494667289437886,4.0,0.0,0,0.0,0.0,407.3025556028068,375.1104497249807,0.9209626715202366,293.75256159560445,20,luxury_house,luxury,1.5
Winter,LOAD_PRIORITY,362.62018235827304,382.5593555702909,12.087339411942434,12.751978519009697,0.5036391421642681,0.5313324382920707,138.482701681163,105.54331243232716,0.0,0.0,89.12737763574543,167.9494922902005,154.9492762533825,244.0766538891279,0.6730917520966256,0.63800989398175,0.027693296127802587,3.270596742170649,-2.6565762717789494,0,0.0,0.0,3.0270936057844064,0.0,8.0,75,196,0.46955719241040456,3.270596742170649,2.936576271778949,0.0,0,0.0,0.0,167.94949229020057,154.94927625338266,0.9225944904057538,8.87304507177781,21,apartment,low,0.8
Winter,LOAD_PRIORITY,657.364357296917,536.9502808280372,21.912145243230565,17.898342694267907,0.9130060518012736,0.7457642789278295,145.6496067426251,245.58045217540126,0.0,0.0,159.5174298579528,252.266475263563,231.78324422745925,391.3006740854121,0.595256906982972,0.728746567525736,-0.16724177287344427,3.4788014619948058,-3.5,0,0.0,0.0,4.55434552703944,-2.220446049250313e-16,10.0,129,178,0.35507594022212935,3.4788014619948058,4.0,0.0,0,0.0,0.0,252.26647526356302,231.78324422745928,0.9188031980281832,-111.7852019008923,22,small_family,middle,1.0
Winter,LOAD_PRIORITY,697.8554837907259,784.8152451874832,23.26184945969086,26.160508172916106,0.9692437274871193,1.0900211738715044,238.253288307387,126.82216107500014,0.0,0.0,262.2835417410198,308.749780974706,284.27841513907646,546.5619568800962,0.7832022095910048,0.6964211771262533,0.12077744638438512,3.819239528313302,-3.16,0,0.0,0.0,4.995344031943285,-4.440892098500626e-16,13.5,76,222,0.42181582705142595,3.819239528313302,4.0,0.0,0,0.0,0.0,308.7497809747058,284.2784151390765,0.9207404592859157,64.55002126304012,23,family_house,high,1.2
Winter,LOAD_PRIORITY,797.0863619023243,1258.6249634307626,26.569545396744143,41.954165447692084,1.1070643915310059,1.7480902269871703,506.32191785399993,18.522046142667087,0.0,0.0,430.5701171061655,347.9941986534917,321.7329284705972,752.3030455767628,0.9438162306294117,0.5977181983790736,0.6410258354561642,4.4797756104883915,-2.5,0,0.0,0.0,4.851633989307448,0.0,18.0,20,319,0.44483812453311156,4.4797756104883915,4.0,0.0,0,0.0,0.0,347.9941986534918,321.7329284705972,0.924535321897582,363.0715968620996,24,luxury_house,luxury,1.5
Winter,LOAD_PRIORITY,438.14863603439693,371.21716529989845,14.604954534479898,12.373905509996614,0.6085397722699958,0.5155793962498589,87.6335939617027,137.37276229087826,0.0,0.0,90.90551776826851,209.8703559752502,192.67805356992721,283.5835713381958,0.6472314370412259,0.7639290362801371,-0.09296037602013683,3.1225260184951176,-2.603757166862754,0,0.0,0.0,3.893887674054536,0.0,8.0,115,136,0.3590737527951197,3.1225260184951176,2.883757166862754,0.0,0,0.0,0.0,209.87035597525042,192.6780535699275,0.9180813206065636,-57.9102905905134,25,apartment,low,0.8
Winter,LOAD_PRIORITY,531.0915851024278,544.1242892879926,17.70305283674759,18.137476309599755,0.7376272015311497,0.7557281795666564,171.16872220561552,139.54369152960828,0.0,0.0,158.1904637658699,233.35742980694954,214.76510331650715,372.95556708237706,0.7022434125188556,0.6854234858186604,0.018100978035506764,3.4964308193858007,-3.5,0,0.0,0.0,3.957941477174231,0.0,10.0,82,204,0.4798467133639834,3.4964308193858007,4.0,0.0,0,0.0,0.0,233.35742980694965,214.76510331650724,0.9203268286515525,2.7872192775641906,26,small_family,middle,1.0
Winter,LOAD_PRIORITY,701.733496710496,774.1064762686048,23.39111655701653,25.80354920895349,0.9746298565423555,1.0751478837063955,238.29463637738803,142.17279068013508,0.0,0.0,258.03592202051,301.52478400985086,277.7759178707068,535.8118398912168,0.763554600717983,0.6921681400651364,0.1005180271640401,3.818833554096847,-3.16,0,0.0,0.0,4.931688027559966,-5.551115123125783e-17,13.5,82,228,0.4147418106049853,3.818833554096847,4.0,0.0,0,0.0,0.0,301.52478400985115,277.775917870707,0.921237432547607,50.76546567091944,27,family_house,high,1.2
Winter,LOAD_PRIORITY,688.2896452087036,1268.1479114372733,22.942988173623455,42.27159704790911,0.9559578405676439,1.7613165436628795,612.4480853716476,13.738534113808022,0.0,0.0,400.65676397764804,273.89434711724766,255.04306208797752,655.6998260656255,0.9526510105593755,0.5170531135618707,0.8053587030952354,4.456460127649276,-2.5,0,0.0,0.0,3.8517074433690577,-2.220446049250313e-16,18.0,16,401,0.5142998952381065,4.456460127649276,4.0,0.0,0,0.0,0.0,273.89434711724766,255.04306208797755,0.9311731504221212,446.97138332630846,28,luxury_house,luxury,1.5
Winter,LOAD_PRIORITY,354.5814252618123,368.50036231731286,11.81938084206041,12.283345410577095,0.49247420175251705,0.5118060587740456,112.39117595249375,83.86635507623275,0.0,0.0,86.70890005595507,184.00617012962445,169.40028630886403,256.1091863648191,0.7222859634446891,0.6950038929521741,0.0193318570215286,3.202625128836028,-2.635772610577896,0,0.0,0.0,3.239323234355921,-4.440892098500626e-16,8.0,74,173,0.4536026983954902,3.202625128836028,2.915772610577896,32.0,1,31.952795182809123,31.952795182809123,184.0061701296244,169.40028630886414,0.9206228584048511,8.81366239576083,29,apartment,low,0.8
Winter,LOAD_PRIORITY,600.745817123548,545.0654392154328,20.024860570784934,18.168847973847758,0.8343691904493723,0.7570353322436566,153.50177239496685,188.636128662119,0.0,0.0,159.2153071492721,252.894381312157,232.34835967119386,391.563666820466,0.6517959104489909,0.7183791865139767,-0.07733385820571569,3.497961380037837,-3.5,0,0.0,0.0,4.310145205480201,0.0,10.0,102,188,0.40295678536732044,3.497961380037837,4.0,7.0,1,7.477370787485899,7.477370787485899,252.8943813121569,232.34835967119395,0.9187565119701009,-54.646186499681974,30,small_family,middle,1.0
Winter,LOAD_PRIORITY,749.9192492844234,770.4321982969561,24.99730830948078,25.681073276565204,1.0415545128950325,1.0700447198568834,196.4590753753389,148.74538920949362,0.0,0.0,265.13036592339495,336.0434941515347,308.8427569982222,573.9731229216172,0.7653799038620561,0.745001473446187,0.028490206961851082,3.8279358501288288,-3.16,0,0.0,0.0,5.480242861551917,-2.220446049250313e-16,13.5,85,196,0.3690809145805362,3.8279358501288288,4.0,0.0,0,0.0,0.0,336.04349415153473,308.8427569982221,0.9190559030997137,13.473456242959912,31,family_house,high,1.2
Winter,LOAD_PRIORITY,837.1621724581196,1256.2452444446644,27.905405748603986,41.874841481488815,1.1627252395251662,1.7447850617287006,479.4883499461439,32.40499220304676,0.0,0.0,439.372825865003,365.3843543900699,337.3840686335176,776.7568944985205,0.9278451894425259,0.6183162865160883,0.5820598222035345,4.4796085889224795,-2.5,0,0.0,0.0,5.238923503219798,-5.551115123125783e-17,18.0,35,309,0.38852645801081204,4.4796085889224795,4.0,0.0,0,0.0,0.0,365.38435439007003,337.3840686335176,0.9233675842434664,330.4517694768658,32,luxury_house,luxury,1.5
Winter,LOAD_PRIORITY,420.4087395210624,391.2517228857449,14.013624650702079,13.041724096191498,0.5839010271125866,0.5434051706746458,112.99848161141858,125.19252882241439,0.0,0.0,87.63918453341115,207.57702616523684,190.6140567409152,278.25324127432634,0.6618635987237509,0.7111872612905608,-0.040495856437940916,3.2760976306764724,-2.6915572718906127,0,0.0,0.0,3.8007445901707695,0.0,8.0,103,179,0.37922726259353634,3.2760976306764724,2.9715572718906125,22.0,1,21.699601962179273,21.699601962179273,207.5770261652369,190.61405674091537,0.9182810846764008,-27.92441473160902,33,apartment,low,0.8
Winter,LOAD_PRIORITY,635.2997107037672,549.5450246202879,21.176657023458908,18.31816748734293,0.8823607093107878,0.7632569786392888,140.532227877232,204.0711952430595,0.0,0.0,161.63716338166415,269.59135207904353,247.37563336139178,409.01279674305596,0.643810771281421,0.7442753157954005,-0.11910373067149894,3.485948393672951,-3.5,0,0.0,0.0,4.644308645820192,-2.220446049250313e-16,10.0,115,167,0.3785004431716835,3.485948393672951,4.0,0.0,0,0.0,0.0,269.5913520790436,247.37563336139178,0.9175948392026381,-78.26490481082953,34,small_family,middle,1.0
Winter,LOAD_PRIORITY,686.5631643303971,793.4507680596059,22.885438811013234,26.448358935320197,0.9535599504588848,1.1020149556383416,256.90405600094437,126.22430336071302,0.0,0.0,258.3812492410488,301.95761172863524,278.1654628176128,536.5467120586616,0.7814965030667702,0.6762192862586717,0.14845500517945678,3.7995169267663647,-3.16,0,0.0,0.0,4.915462506000213,0.0,13.5,82,251,0.43255833247811587,3.7995169267663647,4.0,0.0,0,0.0,0.0,301.95761172863536,278.16546281761276,0.9212069906937659,79.07616897606655,35,family_house,high,1.2
Winter,LOAD_PRIORITY,849.5388912999581,1254.5756844595708,28.317963043331936,41.819189481985696,1.1799151268054973,1.7424662284160706,453.06010603508736,18.91979793952707,0.0,0.0,454.2024471764083,376.41664618402274,347.31313124807514,801.5155784244835,0.943471319127027,0.6388738346780167,0.5625511016105732,4.466596167256723,-2.5,0,0.0,0.0,5.01576737736483,-4.440892098500626e-16,18.0,25,269,0.39820521540568204,4.466596167256723,4.0,0.0,0,0.0,0.0,376.41664618402285,347.3131312480753,0.9226827101537922,322.76726138074116,36,luxury_house,luxury,1.5
Winter,LOAD_PRIORITY,413.11663962334643,386.8363208595748,13.770554654111548,12.894544028652493,0.5737731105879812,0.5372726678605205,109.76945626501448,119.62883017703948,0.0,0.0,91.33102900682022,202.15678043948674,185.7358355877401,277.06686459456034,0.6706746667168196,0.7162379788405087,-0.03650044272746059,3.2393027588390804,-2.697002004343606,0,0.0,0.0,3.5416619051085005,-1.1102230246251565e-16,8.0,89,157,0.39569069554082564,3.2393027588390804,2.9770020043436056,0.0,0,0.0,0.0,202.15678043948665,185.73583558774024,0.9187712387581191,-25.338854960574665,37,apartment,low,0.8
Winter,LOAD_PRIORITY,614.2404029754258,522.9494577013397,20.474680099180862,17.431648590044656,0.8531116707992025,0.7263186912518608,122.02734096118516,191.87338103839585,0.0,0.0,160.4838050657508,261.88321687127916,240.43831167440385,400.92211674015465,0.6527120567094876,0.7666555741398707,-0.12679297954734167,3.4464711725852037,-3.5,0,0.0,0.0,4.604270162204362,0.0,10.0,118,167,0.3980599753973191,3.4464711725852037,4.0,0.0,0,0.0,0.0,261.88321687127905,240.43831167440393,0.9181127166029287,-81.16553721366739,38,small_family,middle,1.0
Winter,LOAD_PRIORITY,806.394353288573,788.1906865591682,26.879811776285766,26.273022885305604,1.1199921573452403,1.0947092868877335,187.7949596251916,175.99996207672098,0.0,0.0,266.3716258146857,364.0227653971665,334.0241011192909,600.3957269339767,0.744543565422415,0.7617391795822824,-0.025282870457506927,3.744317997947778,-3.16,0,0.0,0.0,6.049918568009915,-4.440892098500626e-16,13.5,105,185,0.32328050682731857,3.744317997947778,4.0,0.0,0,0.0,0.0,364.02276539716655,334.0241011192902,0.9175912411820004,-17.553746150155177,39,family_house,high,1.2
Winter,LOAD_PRIORITY,881.4856464972161,1255.5941771137327,29.382854883240537,41.853139237124424,1.2242856201350223,1.743880801546851,438.2282528856848,32.907771576572415,0.0,0.0,451.0768711701381,397.5010037505057,366.28905305790977,817.3659242280478,0.9272594823024486,0.6509793842043361,0.5195951814118285,4.489917905050298,-2.5,0,0.0,0.0,5.578775536494633,-1.1102230246251565e-16,18.0,32,275,0.3605615205300878,4.489917905050298,4.0,0.0,0,0.0,0.0,397.50100375050573,366.28905305790965,0.92147956760334,299.0541952453484,40,luxury_house,luxury,1.5
Winter,LOAD_PRIORITY,388.7358055140893,389.39190793441793,12.957860183802977,12.979730264480597,0.5399108409917907,0.5408220943533583,114.26541482426012,97.30613901406926,0.0,0.0,90.4506006793782,200.9790658206418,184.67589243077967,275.12649311015787,0.7077467246586994,0.7065542131309395,0.0009112533615676716,3.2311786929530704,-2.5990619268495543,0,0.0,0.0,3.5663800645836305,0.0,8.0,93,150,0.4313551144713554,3.2311786929530704,2.879061926849554,0.0,0,0.0,0.0,200.9790658206418,184.67589243077987,0.9188812360964437,-1.8764639944672439,41,apartment,low,0.8
Winter,LOAD_PRIORITY,560.8685697586454,528.1314093410697,18.69561899195485,17.60438031136899,0.7789841246647853,0.7335158463070413,155.1729882127413,169.46526009381557,0.0,0.0,159.52025939728878,231.88305026754114,213.4381617310396,372.9584211283284,0.6649658070317988,0.7061848898433347,-0.045468278357744175,3.493116321722832,-3.5,0,0.0,0.0,3.9551629688792835,-1.1102230246251565e-16,10.0,92,191,0.4514574974232858,3.493116321722832,4.0,0.0,0,0.0,0.0,231.8830502675411,213.43816173103957,0.9204560725106028,-36.13899292487804,42,small_family,middle,1.0
Winter,LOAD_PRIORITY,746.2300342795284,792.9884714294526,24.874334475984277,26.43294904764842,1.0364306031660115,1.1013728769853508,249.49403431682816,177.56941608402724,0.0,0.0,252.9626847483228,315.69793344717846,290.5317523643016,543.4944371126244,0.7283202392642351,0.6853749539799908,0.06494227381933898,3.817498309355493,-3.16,0,0.0,0.0,5.235687530604011,-2.220446049250313e-16,13.5,91,222,0.3393929057500756,3.817498309355493,4.0,29.0,1,29.025060486068355,29.025060486068355,315.6979334471784,290.5317523643014,0.9202839853651188,27.30805126199658,43,family_house,high,1.2
Winter,LOAD_PRIORITY,747.0454341403389,1255.3100726680793,24.90151447134463,41.843669088935975,1.0375631029726928,1.7434862120389991,559.1242249641232,28.560846665899803,0.0,0.0,410.1156929450628,308.36889452937635,286.07015475889335,696.1858477039561,0.9319190184263567,0.5545927359797717,0.7059231090663062,4.485603577228945,-2.5,0,0.0,0.0,4.368408428595069,-2.220446049250313e-16,18.0,27,358,0.46334514112292136,4.485603577228945,4.0,0.0,0,0.0,0.0,308.368894529376,286.07015475889335,0.9276881028985937,393.63840672378257,44,luxury_house,luxury,1.5
Winter,LOAD_PRIORITY,348.0155101700782,357.24006090638727,11.600517005669273,11.90800203021291,0.4833548752362197,0.4961667512588712,114.32893073412592,91.64532076881949,0.0,0.0,87.81109839389634,168.55909100736233,155.100031778365,242.91113017226135,0.697989379995014,0.6799660977437657,0.012811876022651532,3.249679831907522,-2.638566603289689,0,0.0,0.0,3.2043968170662525,0.0,8.0,79,174,0.49092098763286063,3.249679831907522,2.9185666032896886,0.0,0,0.0,0.0,168.5590910073623,155.10003177836515,0.9201522792478201,3.2659093586568844,45,apartment,low,0.8
Winter,LOAD_PRIORITY,683.981641703321,522.0800430914766,22.799388056777367,17.40266810304922,0.9499745023657236,0.7251111709603841,125.12732846621802,266.0390126548648,0.0,0.0,160.60931991395395,257.3333091345022,236.34339471130454,396.9527146252585,0.5803558025866401,0.7603292251408779,-0.22486333140533937,3.458962789650038,-3.5,0,0.0,0.0,4.6849832786067696,-4.440892098500626e-16,10.0,138,162,0.32535356833990653,3.458962789650038,4.0,0.0,0,0.0,0.0,257.33330913450214,236.34339471130454,0.918432967369076,-145.5896150397148,46,small_family,middle,1.0
Winter,LOAD_PRIORITY,664.0279832080557,785.1610526280349,22.13426610693519,26.172035087601163,0.9222610877889663,1.0905014619833817,267.14257205512627,123.82752602342865,0.0,0.0,254.34456844903207,285.85588873559504,263.67391212387656,518.0184805729085,0.7801154374101145,0.6597607953668029,0.16824037419441545,3.817977123802326,-3.16,0,0.0,0.0,4.616705923795416,0.0,13.5,73,251,0.4508513375576301,3.817977123802326,4.0,0.0,0,0.0,0.0,285.85588873559516,263.6739121238768,0.9224015404760971,88.91215562025891,47,family_house,high,1.2
Winter,LOAD_PRIORITY,839.7335518950787,1269.8293811728988,27.99111839650262,42.32764603909663,1.166296599854276,1.763651918295693,490.06161674721784,29.35075034250397,0.0,0.0,418.85093345909104,391.53186809348364,360.91683096658994,779.7677644256811,0.9285895063570235,0.6140728636357711,0.597355318441417,4.475390021216132,-2.5,0,0.0,0.0,5.478965524561955,0.0,18.0,34,287,0.34526713316366386,4.475390021216132,4.0,59.0,1,58.258662203010566,58.258662203010566,391.53186809348364,360.9168309665899,0.9218070363570405,341.1305372521598,48,luxury_house,luxury,1.5
Winter,LOAD_PRIORITY,456.5565317576208,372.0783916928566,15.21855105858736,12.402613056428553,0.6341062941078067,0.5167755440178564,103.29214836337171,172.16313463790829,0.0,0.0,90.37452729541592,194.0188698242966,178.41171603406895,268.7862433294849,0.5887249981830938,0.7223914350591008,-0.11733075008995027,3.2683047064833426,-2.71890904748929,0,0.0,0.0,3.670934411032527,0.0,8.0,118,155,0.33214658115855583,3.2683047064833426,2.9989090474892897,0.0,0,0.0,0.0,194.0188698242966,178.41171603406914,0.9195585779653223,-77.4777099015887,49,apartment,low,0.8
Winter,LOAD_PRIORITY,518.8906821354946,540.6137837649073,17.29635607118315,18.020459458830246,0.7206815029659647,0.7508524774512602,164.68559455251977,123.96482580329003,0.0,0.0,157.51502023150886,237.41083610069563,218.41316898087865,375.9281892123875,0.7244843705137566,0.695372927035587,0.030170974485295515,3.4497479809497995,-3.5,0,0.0,0.0,4.040582334860142,-4.440892098500626e-16,10.0,90,207,0.4935813700587393,3.4497479809497995,4.0,0.0,0,0.0,0.0,237.41083610069575,218.41316898087854,0.9199797809070538,11.945852691428811,50,small_family,middle,1.0
Winter,CHARGE_PRIORITY,418.9140562428905,375.28006722370804,13.963801874763018,12.509335574123602,0.5818250781151257,0.5212223155884834,108.52535989123422,128.06397025317216,0.0,0.0,26.985921159968367,263.86416482975005,239.7687861725055,266.75470733247386,0.6367766928732677,0.710815016917642,-0.06060276252664229,3.2192989496532327,-2.7021178505965864,0,0.0,0.0,3.5087388539456916,-5.551115123125783e-17,8.0,93,174,0.38721020245729615,3.2192989496532327,2.982117850596586,0.0,0,0.0,0.0,263.8641648297501,239.7687861725059,0.9086826410369481,-33.86355330942928,1,apartment,low,0.8
Winter,CHARGE_PRIORITY,563.8637559876361,559.8903959883355,18.795458532921202,18.663013199611182,0.7831441055383834,0.7776255499837993,189.43612946471717,163.02157120708455,0.0,0.0,49.528837308693795,351.3133474718578,320.92542921492463,370.4542665236184,0.6569925138648943,0.66165497600594,-0.0055185555545841395,3.4958345970680877,-3.5,0,0.0,0.0,3.9586352095495223,-2.7755575615628914e-17,10.0,95,206,0.4469341702794381,3.4958345970680877,4.0,0.0,0,0.0,0.0,351.31334747185764,320.92542921492463,0.9135019535249305,-4.642316987838228,2,small_family,middle,1.0
Winter,CHARGE_PRIORITY,622.3109289332056,779.9653403825426,20.74369763110685,25.998844679418088,0.8643207346294521,1.0832851949757536,289.397001539909,89.82853796816677,0.0,0.0,49.30574712257756,483.17664384246126,441.2625917200561,490.5683388426337,0.7883010180836593,0.6289617159167983,0.21896446034630151,3.831127656253142,-3.16,0,0.0,0.0,4.004854634766157,-2.7755575615628914e-17,13.5,55,271,0.4858502775044149,3.831127656253142,4.0,0.0,0,0.0,0.0,483.1766438424612,441.26259172005325,0.9132531494298098,136.20206698358163,3,family_house,high,1.2
Winter,CHARGE_PRIORITY,858.8390114677413,1267.5294252589238,28.62796704892471,42.25098084196413,1.192831960371863,1.7604575350818386,489.3856048619264,7.484007886803836,0.0,0.0,33.8616749169897,817.4933286639478,744.2821454800077,778.1438203969974,0.9060415398075162,0.6139059219379011,0.5676255747099757,4.4836495055633,-2.5,0,0.0,0.0,4.953449594162979,-2.220446049250313e-16,18.0,14,295,0.38775789758364976,4.4836495055633,4.0,0.0,0,0.0,0.0,817.4933286639482,744.282145480008,0.9104443050274291,360.30359654832137,4,luxury_house,luxury,1.5
Winter,CHARGE_PRIORITY,456.8392140672222,382.6035705972846,15.22797380224074,12.75345235324282,0.6344989084266975,0.5313938480517841,96.19481297861782,144.89679547542715,0.0,0.0,32.96898361424407,278.97343497755105,253.43977400442273,286.4087576186668,0.6269355799577284,0.7485783710056665,-0.10310506037491338,3.224755534513512,-2.707498431874245,0,0.0,0.0,3.947586168230072,0.0,8.0,114,143,0.3317330719131912,3.224755534513512,2.987498431874245,0.0,0,0.0,0.0,278.9734349775513,253.43977400442304,0.908472787112569,-58.26100619392108,5,apartment,low,0.8
Winter,CHARGE_PRIORITY,572.4342601260482,526.2210042769789,19.081142004201606,17.540700142565964,0.7950475835084003,0.7308625059402485,136.40865462192292,149.74168868836483,0.0,0.0,46.45618870888196,376.2363827288016,343.356160946174,389.812349655056,0.680973129681687,0.7407768722395514,-0.06418507756815205,3.412178226457999,-3.5,0,0.0,0.0,4.249422503849094,0.0,10.0,90,173,0.4402621636633224,3.412178226457999,4.0,0.0,0,0.0,0.0,376.2363827288013,343.35616094617427,0.912607543310537,-32.46102885308616,6,small_family,middle,1.0
Winter,CHARGE_PRIORITY,698.5552447428611,795.2997028484558,23.285174824762034,26.509990094948527,0.9702156176984181,1.1045829206228552,250.26119435413648,106.90336726809474,0.0,0.0,61.48206505188773,530.1698124228785,483.5564434424317,545.0385084943194,0.7802367995890557,0.685324672626184,0.13436730292443727,3.8393310128337648,-3.16,0,0.0,0.0,4.8838925715253065,0.0,13.5,69,234,0.4306530602164416,3.8393310128337648,4.0,0.0,0,0.0,0.0,530.1698124228792,483.55644344242796,0.9120784173519275,91.4828652243171,7,family_house,high,1.2
Winter,CHARGE_PRIORITY,851.9923315313572,1254.909568920678,28.39974438437857,41.8303189640226,1.1833226826824406,1.742929956834275,484.70364700183546,10.732261057445534,0.0,0.0,45.337088098672254,795.9229823752396,724.8688338201703,770.2059219188425,0.9040056974861345,0.6137541230012938,0.5596072741518342,4.463079006938543,-2.5,0,0.0,0.0,4.924086331797305,-1.1102230246251565e-16,18.0,22,299,0.35208315728705036,4.463079006938543,4.0,24.0,1,23.503022443311252,23.503022443311252,795.9229823752393,724.8688338201704,0.9107273566306315,353.86870029967565,8,luxury_house,luxury,1.5
Winter,CHARGE_PRIORITY,387.84622455373557,383.9011913623446,12.928207485124519,12.79670637874482,0.5386753118801882,0.5331960991143675,118.54791474687653,99.83207838943237,0.0,0.0,23.45811875393233,264.55602741037086,241.8951578615358,265.35327661546813,0.6841713540483461,0.6912020139187711,-0.005479212765820707,3.2789158239261615,-2.6691594375896748,0,0.0,0.0,3.4396448375514708,0.0,8.0,82,162,0.43265639841843045,3.2789158239261615,2.9491594375896746,0.0,0,0.0,0.0,264.55602741037063,241.8951578615363,0.9143437790072212,-0.9379344903317417,9,apartment,low,0.8
Winter,CHARGE_PRIORITY,678.7177573354832,550.3122416858477,22.623925244516105,18.343741389528255,0.9426635518548377,0.7643225578970106,140.5109192222348,236.00572882039017,0.0,0.0,66.17080309776517,376.54122541732784,343.63051936584765,409.8013224636128,0.6037875361805987,0.744670555043827,-0.17834099395782715,3.4886574012463196,-3.5,0,0.0,0.0,4.770885589716969,-2.220446049250313e-16,10.0,129,171,0.33385752006584557,3.4886574012463196,4.0,0.0,0,0.0,0.0,376.54122541732767,343.63051936584753,0.9125973364138161,-107.02196652167505,10,small_family,middle,1.0
Winter,CHARGE_PRIORITY,668.2164086656234,781.8526084095471,22.273880288854112,26.061753613651568,0.9280783453689213,1.0859064005688155,278.2209805880533,122.5781867879502,0.0,0.0,61.53615869746797,484.1020631802053,442.0954691240258,503.6316278214937,0.7536953916280015,0.6441516244935046,0.15782805519989387,3.838045027186129,-3.16,0,0.0,0.0,4.3765604220245145,-1.1102230246251565e-16,13.5,71,254,0.43699827997513163,3.838045027186129,4.0,20.0,1,20.318934913507654,20.318934913507654,484.10206318020533,442.09546912402277,0.9132278144401427,98.34536733188479,11,family_house,high,1.2
Winter,CHARGE_PRIORITY,924.1998290087483,1265.581876142157,30.80666096695828,42.1860625380719,1.2836108736232617,1.7577526057529957,432.2908687260904,13.576209401616179,0.0,0.0,51.91600087192745,858.7076187352047,781.375006544139,833.2910074160665,0.9016351023455758,0.6584252059267532,0.47414173212973404,4.499300810619964,-2.5,0,0.0,0.0,5.650419417588302,-4.440892098500626e-16,18.0,24,271,0.3337437610553196,4.499300810619964,4.0,0.0,0,0.0,0.0,858.707618735205,781.3750065441386,0.9099430230921091,311.9995630831133,12,luxury_house,luxury,1.5
Winter,CHARGE_PRIORITY,359.72265249057193,377.5937279730971,11.990755083019064,12.586457599103236,0.4996147951257944,0.5244357332959682,112.43349061978671,71.51554508782382,0.0,0.0,19.791074986350694,268.41603241639746,245.36916236695976,265.16023735331044,0.7371241024646344,0.7022368691786179,0.024820938170173838,3.2437187434707275,-2.7010693582158964,0,0.0,0.0,3.316653150114837,-2.7755575615628914e-17,8.0,68,156,0.47379571512059265,3.2437187434707275,2.9810693582158962,0.0,0,0.0,0.0,268.41603241639757,245.3691623669602,0.9141375057146943,19.96112738579859,13,apartment,low,0.8
Winter,CHARGE_PRIORITY,479.7303767527514,553.4981534491224,15.991012558425046,18.449938448304078,0.6662921899343769,0.7687474353460033,215.97279961158756,114.19061029003164,0.0,0.0,37.96147530834465,327.57829115437517,299.5638785291902,337.5253538375349,0.7035730280875926,0.6098039383406186,0.10245524541162637,3.4763684267202444,-3.5,0,0.0,0.0,3.2718228018634314,-2.7755575615628914e-17,10.0,75,223,0.5318739827885847,3.4763684267202444,4.0,0.0,0,0.0,0.0,327.57829115437545,299.56387852919016,0.914480252868823,59.20805044766219,14,small_family,middle,1.0
Winter,CHARGE_PRIORITY,726.5945966913966,797.7828330328314,24.21981988971322,26.59276110109438,1.0091591620713842,1.1080317125455992,252.26644411148044,135.50953441967422,0.0,0.0,71.36220614959541,519.722856122127,474.15418277175536,545.5163889213509,0.7507850889690082,0.6837905835194891,0.09887255047421463,3.816759201246392,-3.16,0,0.0,0.0,5.124671108980986,0.0,13.5,79,241,0.3919536117591856,3.816759201246392,4.0,0.0,0,0.0,0.0,519.7228561221269,474.1541827717521,0.9123212057857489,67.24125210590351,15,family_house,high,1.2
Winter,CHARGE_PRIORITY,762.879836504246,1270.2433980225223,25.429327883474866,42.34144660075074,1.0595553284781194,1.7642269416979477,575.5283614319676,3.8754702229327256,0.0,0.0,30.72957254918215,728.2747937321311,663.9854640413726,694.7150365905549,0.9106480514335736,0.5469148965246085,0.7046716132198283,4.4984241485336245,-2.5,0,0.0,0.0,3.674877774186219,0.0,18.0,17,343,0.46829164491824854,4.4984241485336245,4.0,0.0,0,0.0,0.0,728.2747937321319,663.9854640413726,0.911723802273451,428.15834787333625,16,luxury_house,luxury,1.5
Winter,CHARGE_PRIORITY,364.4372346227171,384.48256721236055,12.147907820757236,12.816085573745351,0.5061628258648848,0.534003565572723,141.88223560238586,101.68207014367844,0.0,0.0,23.259503866378882,239.49566061265975,219.3408277435958,242.60033160997466,0.6656848108869177,0.6309787550809285,0.027840739707838177,3.2595022071403514,-2.6759167632045284,0,0.0,0.0,2.980571721746799,-5.551115123125783e-17,8.0,81,202,0.4668991983119503,3.2595022071403514,2.9559167632045282,0.0,0,0.0,0.0,239.49566061265963,219.34082774359624,0.9158446845445766,14.897813572478782,17,apartment,low,0.8
Winter,CHARGE_PRIORITY,618.7215583427978,541.2689554507016,20.624051944759927,18.042298515023386,0.8593354976983303,0.7517624381259744,144.60251049269803,189.67759935207644,0.0,0.0,57.834653761017194,371.2093052297042,338.8317911969864,396.6664449580035,0.6411065520659192,0.7328453645151494,-0.10757305957235588,3.498964982691798,-3.5,0,0.0,0.0,4.462465170688,0.0,10.0,112,163,0.3939082112226768,3.498964982691798,4.0,0.0,0,0.0,0.0,371.20930522970417,338.8317911969863,0.9127782801331376,-62.25795654734526,18,small_family,middle,1.0
Winter,CHARGE_PRIORITY,805.5208815943438,794.0420694170556,26.850696053144794,26.46806898056852,1.1187790022143664,1.1028362075236884,214.16202395364556,178.10218072380565,0.0,0.0,87.99602418084625,539.4226766896919,491.88402128256376,579.88004546341,0.7198820771916806,0.7302888194439469,-0.01594279469067816,3.8256897429862007,-3.16,0,0.0,0.0,5.643136510311706,-2.220446049250313e-16,13.5,101,196,0.32644197340002434,3.8256897429862007,4.0,0.0,0,0.0,0.0,539.4226766896921,491.88402128256007,0.9118712329654634,0.3295553138090952,19,family_house,high,1.2
Winter,CHARGE_PRIORITY,850.1879217524772,1246.8836729300492,28.33959739174924,41.56278909766831,1.1808165579895518,1.731782879069513,478.7421316508104,10.338448087611997,0.0,0.0,37.38865298405355,802.4608206808116,730.7528882951852,768.1415412792387,0.9034961819921908,0.6160490813663352,0.5509663210799609,4.468389121265955,-2.5,0,0.0,0.0,5.029644865974043,0.0,18.0,18,302,0.38224751480171754,4.468389121265955,4.0,0.0,0,0.0,0.0,802.4608206808113,730.7528882951849,0.910639958316234,349.75199545925705,20,luxury_house,luxury,1.5
Winter,CHARGE_PRIORITY,401.36234642282886,365.6927714811625,13.378744880760962,12.189759049372082,0.5574477033650401,0.5079066270571702,96.19975902886463,108.7623810353804,0.0,0.0,23.988309761308244,268.6116556261402,245.5047026909896,269.4930124522979,0.6714456770899762,0.7369383085172083,-0.049541076307869934,3.2753526373781714,-2.7105156782952133,0,0.0,0.0,3.4595236197794907,0.0,8.0,84,158,0.4128849406210777,3.2753526373781714,2.990515678295213,0.0,0,0.0,0.0,268.61165562614,245.50470269098997,0.9139763578714141,-25.736323660193875,21,apartment,low,0.8
Winter,CHARGE_PRIORITY,576.5846755079722,536.5909397545256,19.219489183599073,17.886364658484187,0.800812049316628,0.7452651941035078,148.60552684877536,156.1341772910111,0.0,0.0,48.3654802023284,372.0850180146327,339.61993270342197,387.98541290575037,0.6729027485233361,0.723056213142999,-0.055546855213120035,3.4826970032764173,-3.5,0,0.0,0.0,4.296290850383736,0.0,10.0,91,186,0.43591188865052904,3.4826970032764173,4.0,0.0,0,0.0,0.0,372.0850180146327,339.6199327034218,0.9127482060835511,-29.066614425328467,22,small_family,middle,1.0
Winter,CHARGE_PRIORITY,575.9646350556502,799.5570735470199,19.198821168521672,26.651902451567327,0.7999508820217364,1.1104959354819721,347.6750123023413,85.49133610843063,0.0,0.0,40.524799303399746,449.94849964381984,411.35726194127886,451.88206124467854,0.784565637786107,0.5651654849853623,0.3105450534602357,3.809544280097525,-3.16,0,0.0,0.0,3.493475975746272,-2.7755575615628914e-17,13.5,46,321,0.5295519805831368,3.809544280097525,4.0,0.0,0,0.0,0.0,449.94849964381984,411.35726194127636,0.9142318782414157,183.81405672916844,23,family_house,high,1.2
Winter,CHARGE_PRIORITY,756.3636495540177,1245.3186599186974,25.21212165180059,41.51062199728992,1.0505050688250246,1.7296092498870799,561.6699684712844,9.792873462007318,0.0,0.0,31.96843282149145,714.602343270519,651.6802586259216,683.6486914474131,0.9038624368721576,0.548974903734315,0.6791041810620553,4.490191859489856,-2.5,0,0.0,0.0,3.9487862359572206,-2.220446049250313e-16,18.0,15,353,0.46176571361312824,4.490191859489856,4.0,39.0,1,38.48204231500358,38.48204231500358,714.6023432705191,651.6802586259214,0.9119481131889068,412.4388902376567,24,luxury_house,luxury,1.5
Winter,CHARGE_PRIORITY,374.41048763634217,368.75368438196244,12.480349587878072,12.291789479398748,0.5200145661615864,0.5121578949749478,131.40871031106167,117.57350085463077,0.0,0.0,23.96952775158497,232.86745903012644,213.3754463193158,237.34497407090078,0.6339164684441998,0.6436409563437856,-0.007856671186638487,3.230372275323449,-2.6750113838178913,0,0.0,0.0,2.962150715954778,-1.1102230246251565e-16,8.0,85,192,0.45231026866400853,3.230372275323449,2.955011383817891,0.0,0,0.0,0.0,232.86745903012638,213.37544631931624,0.9162956782712675,-7.259618035871441,25,apartment,low,0.8
Winter,CHARGE_PRIORITY,553.8351825663063,547.1236363183772,18.46117275221021,18.237454543945905,0.7692155313420922,0.7598939393310794,165.92334059441578,140.9460452840041,0.0,0.0,48.566556796367394,364.3225804859349,332.633738927594,381.2002957239614,0.6882919462746903,0.696735199175597,-0.00932159201101281,3.457193553166175,-3.5,0,0.0,0.0,4.05636354929707,-1.1102230246251565e-16,10.0,93,191,0.45814970665346033,3.457193553166175,4.0,0.0,0,0.0,0.0,364.322580485935,332.63373892759387,0.9130198256828483,-2.4089353097918575,26,small_family,middle,1.0
Winter,CHARGE_PRIORITY,858.4657985409688,781.6881572185737,28.61552661803229,26.05627190728579,1.1923136090846789,1.0856779961369079,192.53857102449732,221.92233118353414,0.0,0.0,98.56853310544099,537.9749342519938,490.5810530886354,589.1495861940764,0.6862819546164602,0.7536887705839195,-0.106635612947771,3.798273086732654,-3.16,0,0.0,0.0,6.081289464512993,-4.440892098500626e-16,13.5,112,191,0.2644089618025292,3.798273086732654,4.0,0.0,0,0.0,0.0,537.9749342519932,490.58105308863213,0.9119031795983987,-55.32616979680773,27,family_house,high,1.2
Winter,CHARGE_PRIORITY,880.5190408265254,1291.8851971625654,29.35063469421751,43.06283990541885,1.222943112259063,1.7942849960591187,494.59564526060154,7.347255909100846,0.0,0.0,28.96795793827153,844.2038269791528,768.3215939636923,797.2895519019637,0.9054767869114609,0.6171520144770543,0.5713418838000556,4.497147646746443,-2.5,0,0.0,0.0,4.787084212613364,-2.220446049250313e-16,18.0,16,270,0.3816706224060018,4.497147646746443,4.0,0.0,0,0.0,0.0,844.2038269791526,768.3215939636924,0.9101138485867891,364.3342036272604,28,luxury_house,luxury,1.5
Winter,CHARGE_PRIORITY,332.83186113035515,385.26702791196647,11.094395371011839,12.842234263732216,0.4622664737921599,0.5350930943221757,157.72210903667883,86.52099962540609,0.0,0.0,20.704103286314826,225.60675821863424,206.84081558897282,227.5449188752877,0.6836632710056826,0.5906161243761605,0.07282662053001579,3.2180963260985083,-2.6955952438332207,0,0.0,0.0,2.751185178530015,-1.1102230246251565e-16,8.0,73,249,0.4693725209393739,3.2180963260985083,2.9755952438332205,38.0,1,38.24743160127385,38.24743160127385,225.60675821863427,206.84081558897324,0.9168201219775737,40.422682114643635,29,apartment,low,0.8
Winter,CHARGE_PRIORITY,557.4363018922929,525.1208849978088,18.58121006307643,17.50402949992696,0.774217085961518,0.7293345624969567,173.3408125692984,177.5140398216103,0.0,0.0,51.066200746435655,328.856061324247,300.7138716820748,351.7800724285105,0.6310677493273141,0.669903030861129,-0.044882523464561105,3.4477348785978474,-3.5,0,0.0,0.0,4.017985301959817,-5.551115123125783e-17,10.0,102,219,0.40911388195291715,3.4477348785978474,4.0,47.0,1,60.55047567757357,60.55047567757357,328.85606132424687,300.71387168207485,0.9144239898487859,-29.757026412475454,30,small_family,middle,1.0
Winter,CHARGE_PRIORITY,745.33474207015,778.9395898791398,24.844491402338335,25.964652995971328,1.0351871417640972,1.0818605414988054,233.56446516252987,154.67041912350277,0.0,0.0,73.7362180278628,516.9281049187846,471.6389066887471,545.3751247166099,0.7317183728774579,0.7001507328716342,0.046673399734707854,3.8397687240444967,-3.16,0,0.0,0.0,4.962199959253048,-4.440892098500626e-16,13.5,83,212,0.3747967704329937,3.8397687240444967,4.0,0.0,0,0.0,0.0,516.9281049187848,471.6389066887435,0.9123878198939158,35.96997166074493,31,family_house,high,1.2
Winter,CHARGE_PRIORITY,810.8377876239254,1260.4876831686652,27.027926254130843,42.01625610562217,1.1261635939221186,1.7506773377342573,531.4707768687956,14.576521458037739,0.0,0.0,38.436170681158785,757.8250954847289,690.5807356187106,729.0169062998693,0.8990909370864134,0.5783609915705301,0.6245137438121383,4.499906366125537,-2.5,0,0.0,0.0,4.426572664858674,-4.440892098500626e-16,18.0,19,334,0.42473291182950995,4.499906366125537,4.0,0.0,0,0.0,0.0,757.8250954847291,690.5807356187105,0.9112666494331294,385.4842133393627,32,luxury_house,luxury,1.5
Winter,CHARGE_PRIORITY,436.768836895631,370.91836061418803,14.558961229854367,12.363945353806267,0.6066233845772653,0.5151643897419278,99.00207784187916,141.4676091084334,0.0,0.0,30.749700780737946,264.55152700645965,241.16658199157092,271.91628277230893,0.6225633786168797,0.7330893038620527,-0.0914589948353375,3.16450950001801,-2.6456591444894677,0,0.0,0.0,3.7100465579242856,-2.220446049250313e-16,8.0,106,150,0.36109213060386935,3.16450950001801,2.9256591444894675,0.0,0,0.0,0.0,264.5515270064598,241.16658199157132,0.9116053296705504,-53.0692898161807,33,apartment,low,0.8
Winter,CHARGE_PRIORITY,598.2125795781606,538.534426280682,19.940419319272017,17.9511475426894,0.8308508049696675,0.7479644809453917,145.5365058826944,172.5258542401366,0.0,0.0,51.364511035136104,374.32221430288786,341.63340936285164,392.99792039798774,0.6569536211945204,0.729754498913239,-0.08288632402427555,3.46610075115864,-3.5,0,0.0,0.0,4.271774550198111,-2.7755575615628914e-17,10.0,99,170,0.4149962315374623,3.46610075115864,4.0,0.0,0,0.0,0.0,374.32221430288774,341.63340936285164,0.9126720144009793,-46.120889404102144,34,small_family,middle,1.0
Winter,CHARGE_PRIORITY,575.1140119906794,770.700567432988,19.17046706635598,25.690018914432933,0.7987694610981658,1.070417454768039,312.38856667748325,77.28167797252227,0.0,0.0,38.59287877322223,459.2394552449349,419.7191219822824,458.31200075550464,0.7969063371784659,0.5946693438698611,0.2716479936698729,3.79356301926224,-3.16,0,0.0,0.0,3.606639977255759,0.0,13.5,44,301,0.510977261769139,3.79356301926224,4.0,16.0,1,16.500172930353244,16.500172930353244,459.239455244935,419.7191219822799,0.913943950565883,164.7379148328424,35,family_house,high,1.2
Winter,CHARGE_PRIORITY,781.4397743462129,1275.2240143508434,26.047992478207096,42.507467145028116,1.0853330199252957,1.7711444643761713,568.3485436554028,10.102772803779,0.0,0.0,41.340196247956186,729.9968052944777,665.5352744474845,706.8754706954408,0.9045808696989401,0.5543147421476985,0.6858114444508759,4.488812168201686,-2.5,0,0.0,0.0,4.238967399749642,-4.440892098500626e-16,18.0,20,354,0.44558128663426494,4.488812168201686,4.0,0.0,0,0.0,0.0,729.9968052944771,665.5352744474842,0.9116961466413686,417.1689122181509,36,luxury_house,luxury,1.5
Winter,CHARGE_PRIORITY,411.49146021107595,388.6257619657459,13.716382007035865,12.954192065524863,0.5715159169598277,0.5397580027302026,116.97711959821574,116.71263382543677,0.0,0.0,25.529654282528313,269.2491721031109,246.11898808500186,271.6486423675302,0.6601562088996625,0.6989980308908954,-0.031757914229625116,3.26819981861846,-2.707284224588054,0,0.0,0.0,3.5169221105584887,0.0,8.0,90,174,0.3708321330594073,3.26819981861846,2.9872842245880538,44.0,1,44.10982517869166,44.10982517869166,269.24917210311105,246.1189880850022,0.9140937599271393,-17.30853074423129,37,apartment,low,0.8
Winter,CHARGE_PRIORITY,579.4652135397985,533.9667655332851,19.31550711799328,17.798892184442835,0.8048127965830534,0.7416205076851181,136.70961689719798,148.74132199037302,0.0,0.0,48.622297513516,382.10159403590944,348.63485112257104,397.2571486360871,0.685558234305989,0.7439735471913446,-0.06319228889793521,3.4816850966970834,-3.5,0,0.0,0.0,4.4380381276625975,-5.551115123125783e-17,10.0,95,172,0.4337145430106071,3.4816850966970834,4.0,0.0,0,0.0,0.0,382.10159403590944,348.6348511225712,0.9124140191098155,-31.33497711843725,38,small_family,middle,1.0
Winter,CHARGE_PRIORITY,649.5132460471935,788.4838790799697,21.650441534906452,26.282795969332323,0.9021017306211021,1.0951164987221802,296.0207578050358,115.92517167179365,0.0,0.0,58.302420752330185,475.2856536230697,434.16070052260375,492.4631212749339,0.7582033534681009,0.624569676490478,0.1930147681010781,3.803661389930362,-3.16,0,0.0,0.0,4.153200040566734,0.0,13.5,64,265,0.45604080483699566,3.803661389930362,4.0,0.0,0,0.0,0.0,475.2856536230695,434.1607005226006,0.9134731865206193,117.68291384916259,39,family_house,high,1.2
Winter,CHARGE_PRIORITY,828.0558814183411,1248.153569937895,27.6018627139447,41.605118997929836,1.1500776130810293,1.7335466249137432,501.54539409812276,11.86094460851778,0.0,0.0,34.945830284767716,781.2491065250556,711.6623455550047,746.6081758397723,0.9016398441140706,0.5981701241113476,0.5834690118327139,4.468196749823045,-2.5,0,0.0,0.0,4.474403047672088,-2.220446049250313e-16,18.0,17,313,0.422523535659655,4.468196749823045,4.0,0.0,0,0.0,0.0,781.2491065250562,711.6623455550047,0.9109288440922911,365.48419542592603,40,luxury_house,luxury,1.5
Winter,CHARGE_PRIORITY,391.4214899119421,371.97293060464,13.047382997064737,12.399097686821333,0.5436409582110306,0.5166290702842222,103.0260166397484,99.63913116734346,0.0,0.0,25.480579025508035,266.3017797190906,243.46633493938356,268.94691396489156,0.6871030868167111,0.723028187905286,-0.027011887926808458,3.223365782982648,-2.7056363774574947,0,0.0,0.0,3.4423039989223865,-4.440892098500626e-16,8.0,89,183,0.4274264804857018,3.223365782982648,2.9856363774574946,0.0,0,0.0,0.0,266.30177971909063,243.4663349393839,0.9142497477718895,-12.405705570797807,41,apartment,low,0.8
Winter,CHARGE_PRIORITY,638.3225851865678,534.9284067444258,21.277419506218926,17.83094689148086,0.8865591460924553,0.7429561204783692,127.40128789130728,197.1211077969792,0.0,0.0,57.02372712236144,384.1777502672272,350.5033917307571,407.52711885311857,0.6384344347364855,0.7618348805465922,-0.14360302561408617,3.4787182351712183,-3.5,0,0.0,0.0,4.604962042828684,0.0,10.0,110,153,0.3754222223340078,3.4787182351712183,4.0,0.0,0,0.0,0.0,384.1777502672271,350.5033917307572,0.9123469318224529,-81.85803109880082,42,small_family,middle,1.0
Winter,CHARGE_PRIORITY,635.8870932593612,778.8736341229871,21.19623644197871,25.96245447076624,0.8831765184157795,1.0817689362819265,280.1155862431077,94.65931428306172,0.0,0.0,52.49434539368704,488.7334335826125,446.2637024861923,498.75804787987937,0.7843500098789541,0.6403581094916401,0.19859241786614693,3.8142158907916883,-3.16,0,0.0,0.0,4.250995077831838,-2.220446049250313e-16,13.5,60,270,0.47642079589313896,3.8142158907916883,4.0,0.0,0,0.0,0.0,488.7334335826128,446.26370248618935,0.9131024640874204,124.89330682757523,43,family_house,high,1.2
Winter,CHARGE_PRIORITY,849.0824211680829,1247.4970061747413,28.30274737226943,41.583233539158044,1.1792811405112262,1.7326347307982517,475.4794816106406,4.116307567767722,0.0,0.0,30.098726413625947,814.8673871866891,741.918798150475,772.0175245641009,0.9092374371642699,0.6188532082584908,0.5533535902870259,4.488714306414321,-2.5,0,0.0,0.0,4.813080739092389,-1.1102230246251565e-16,18.0,10,306,0.4060099595536875,4.488714306414321,4.0,0.0,0,0.0,0.0,814.8673871866891,741.9187981504749,0.9104779622018405,352.9049343969895,44,luxury_house,luxury,1.5
Winter,CHARGE_PRIORITY,354.80528123316776,385.9772790882895,11.82684270777226,12.865909302942983,0.49278511282384413,0.536079554289291,137.337398986023,85.0483955374459,0.0,0.0,20.639497839148213,249.11738785657363,228.0003822631183,248.63988010226652,0.7007784079145868,0.6441826852854516,0.04329444146544691,3.2540046289241658,-2.700542315917805,0,0.0,0.0,3.0374203376316093,-5.551115123125783e-17,8.0,71,203,0.48098887298283427,3.2540046289241658,2.9805423159178046,0.0,0,0.0,0.0,249.11738785657369,228.00038226311878,0.9152327110718873,26.459493255815943,45,apartment,low,0.8
Winter,CHARGE_PRIORITY,530.6319508229029,557.429865492511,17.687731694096765,18.580995516417033,0.7369888205873651,0.7742081465173763,192.00694598147695,134.92302365695215,0.0,0.0,45.414685714257374,350.2942414516933,320.0082337967766,365.422919511034,0.688656080630533,0.6555495895222059,0.03721932593001118,3.493856834941181,-3.5,0,0.0,0.0,3.857124713315549,0.0,10.0,89,224,0.4817365033255519,3.493856834941181,4.0,0.0,0,0.0,0.0,350.29424145169344,320.00823379677684,0.9135412345649618,22.57448819485076,46,small_family,middle,1.0
Winter,CHARGE_PRIORITY,822.6080784938188,797.4904992708168,27.420269283127293,26.583016642360562,1.1425112201303038,1.10762569343169,209.37846063199913,185.95398360792376,0.0,0.0,87.19740979671042,549.4566850891847,500.9146288421072,588.1120386388177,0.7149358899023223,0.7374533479415194,-0.03488552669861402,3.7954624084653967,-3.16,0,0.0,0.0,5.755180256554058,0.0,13.5,97,183,0.2953788127190518,3.7954624084653967,4.0,0.0,0,0.0,0.0,549.4566850891847,500.91462884210335,0.9116544441729701,-10.324739773132052,47,family_house,high,1.2
Winter,CHARGE_PRIORITY,924.2406373836372,1247.471522189061,30.808021246121243,41.5823840729687,1.2836675519217184,1.7325993363736958,413.1291181385559,12.771196637664158,0.0,0.0,54.81757696674664,856.6518637792265,779.5248270837585,834.3424040505051,0.9027328709678702,0.6688268142477533,0.44893178445197746,4.48972149209464,-2.5,0,0.0,0.0,5.65434626678427,-2.220446049250313e-16,18.0,24,255,0.3313403946392412,4.48972149209464,4.0,0.0,0,0.0,0.0,856.6518637792262,779.524827083758,0.9099668839156987,298.3527616300192,48,luxury_house,luxury,1.5
Winter,CHARGE_PRIORITY,412.92986906187605,379.5234873436664,13.7643289687292,12.650782911455545,0.5735137070303834,0.5271159546439811,105.07460033539138,115.25928150907669,0.0,0.0,27.5062501855355,270.16433736726384,246.94263682273947,274.448887008275,0.6646380113693103,0.7231407176646115,-0.046397752386402286,3.2787740936621073,-2.5287478828357486,0,0.0,0.0,3.6938433437235347,-1.1102230246251565e-16,8.0,98,149,0.3959639045507521,3.2787740936621073,2.8087478828357484,0.0,0,0.0,0.0,270.16433736726395,246.94263682274,0.9140460181724276,-24.92740310662549,49,apartment,low,0.8
Winter,CHARGE_PRIORITY,561.3863259202528,537.3978048654637,18.712877530675094,17.913260162182123,0.7797032304447956,0.7463858400909219,168.21298656788315,161.73668933184993,0.0,0.0,47.567288777653786,352.0823478107491,321.61752951992685,369.1848182975806,0.6576305856620113,0.6869860929000354,-0.03331739035387377,3.4331192904769394,-3.5,0,0.0,0.0,3.9444326895161694,-1.1102230246251565e-16,10.0,93,204,0.4394301626271473,3.4331192904769394,4.0,12.0,1,12.350051384180592,12.350051384180592,352.08234781074896,321.61752951992696,0.9134724632454524,-19.403280472752584,50,small_family,middle,1.0
Winter,PRODUCE_PRIORITY,398.759019554408,383.10371822895104,13.291967318480266,12.770123940965034,0.5538319716033444,0.5320884975402098,379.30898503674905,398.759019554408,0.0,0.0,0.0,0.0,3.794733192202055,3.794733192202055,0.009516357012920905,0.009905237176357136,-0.021743474063134555,3.2427049990499985,-2.6949173491854372,0,0.0,0.0,0.03491905797171745,0.0,3.7048540850509513,0,707,0.41669310155734407,3.2427049990499985,2.974917349185437,0.0,0,0.0,0.0,0.0,3.794733192202054,0.0,-74.40137882140544,1,apartment,low,0.8
Winter,PRODUCE_PRIORITY,557.2875140499852,546.360079179311,18.57625046833284,18.212002639310366,0.7740104361805351,0.7588334433045987,541.6166626890584,557.2875140499852,0.0,0.0,0.0,0.0,4.74341649025257,4.74341649025257,0.008511614508964425,0.008681850433468107,-0.015176992875936454,3.4924944952576493,-3.5,0,0.0,0.0,0.029559607706579394,0.0,4.47295372330527,0,711,0.39744499918647447,3.4924944952576493,4.0,31.0,1,31.078981028247508,31.078981028247508,0.0,4.74341649025257,0.0,-95.34626562819295,2,small_family,middle,1.0
Winter,PRODUCE_PRIORITY,732.6876738594153,762.1236967800619,24.422922461980512,25.404123226002064,1.017621769249188,1.0585051344167526,755.720084518221,732.6876738594153,0.0,0.0,0.0,0.0,6.403612261840967,6.403612261840967,0.008739893532137765,0.008402326668093303,0.040883365167564745,3.8205001945401724,-3.16,0,0.0,0.0,0.031191309922610974,0.0,5.864562255152854,0,713,0.38705541589739517,3.8205001945401724,4.0,0.0,0,0.0,0.0,0.0,6.403612261840968,0.0,-92.62884308480807,3,family_house,high,1.2
Winter,PRODUCE_PRIORITY,801.1603630293907,1252.7216648532926,26.705345434313024,41.75738882844309,1.1127227264297093,1.7398912011851286,1244.1835151708383,801.1603630293907,0.0,0.0,0.0,0.0,8.538149682454623,8.538149682454623,0.010657229284496441,0.0068156797491440635,0.6271684747554196,4.469930739839124,-2.5,0,0.0,0.0,0.029559607706579373,0.0,7.41886116991581,0,715,0.4560378597748569,4.469930739839124,4.0,0.0,0,0.0,0.0,0.0,8.538149682454623,0.0,212.09330965167703,4,luxury_house,luxury,1.5
Winter,PRODUCE_PRIORITY,430.61745703686836,376.8195872244479,14.353915234562278,12.560652907481597,0.598079801440095,0.5233605378117332,373.02485403224586,430.61745703686836,0.0,0.0,0.0,0.0,3.794733192202055,3.794733192202055,0.008812306909975458,0.010070424470641355,-0.07471926362836175,3.2257360667161463,-2.708246101067582,0,0.0,0.0,0.03491905797171745,0.0,3.7048540850509513,0,707,0.37009040307070173,3.2257360667161463,2.9882461010675816,0.0,0,0.0,0.0,0.0,3.794733192202054,0.0,-107.78707080899716,5,apartment,low,0.8
Winter,PRODUCE_PRIORITY,599.4918895314429,529.3247327702857,19.98306298438143,17.644157759009524,0.8326276243492262,0.7351732399587301,524.5813162800331,599.4918895314429,0.0,0.0,0.0,0.0,4.74341649025257,4.74341649025257,0.007912394768109338,0.008961259878085274,-0.0974543843904962,3.4488723984621568,-3.5,0,0.0,0.0,0.029559607706579394,0.0,4.47295372330527,0,711,0.4125491200705754,3.4488723984621568,4.0,0.0,0,0.0,0.0,0.0,4.74341649025257,0.0,-146.10671336827386,6,small_family,middle,1.0
Winter,PRODUCE_PRIORITY,673.9629667455926,796.1599585706097,22.465432224853085,26.53866528568699,0.9360596760355452,1.1057777202369579,789.7563463087688,673.9629667455926,0.0,0.0,0.0,0.0,6.403612261840967,6.403612261840967,0.009501430461027397,0.008043122732946441,0.16971804420141273,3.8171739788139734,-3.16,0,0.0,0.0,0.031191309922610974,0.0,5.864562255152854,0,713,0.4333546794155457,3.8171739788139734,4.0,0.0,0,0.0,0.0,0.0,6.403612261840968,0.0,-14.249410339456745,7,family_house,high,1.2
Winter,PRODUCE_PRIORITY,823.209091803216,1252.2017079181596,27.4403030601072,41.74005693060532,1.1433459608378,1.7391690387752217,1243.663558235705,823.209091803216,0.0,0.0,0.0,0.0,8.538149682454623,8.538149682454623,0.010371787395778211,0.006818509852258285,0.5958230779374218,4.483094392830958,-2.5,0,0.0,0.0,0.029559607706579373,0.0,7.41886116991581,0,715,0.43018493094594307,4.483094392830958,4.0,0.0,0,0.0,0.0,0.0,8.538149682454623,0.0,191.85948605388444,8,luxury_house,luxury,1.5
Winter,PRODUCE_PRIORITY,346.3969126685062,390.82902378179415,11.546563755616875,13.027634126059805,0.4811068231507031,0.5428180885858253,387.03429058959216,346.3969126685062,0.0,0.0,0.0,0.0,3.794733192202055,3.794733192202055,0.01095487013140191,0.009709445719979878,0.06171126543512217,3.243411917866076,-2.7173278915428742,0,0.0,0.0,0.03491905797171745,0.0,3.7048540850509513,0,707,0.49328868100697904,3.243411917866076,2.997327891542874,0.0,0,0.0,0.0,0.0,3.794733192202054,0.0,-21.48150345946152,9,apartment,low,0.8
Winter,PRODUCE_PRIORITY,583.7518979380461,515.7870544206869,19.458396597934872,17.192901814022896,0.810766524913953,0.7163709089176207,511.0436379304343,583.7518979380461,0.0,0.0,0.0,0.0,4.74341649025257,4.74341649025257,0.008125740587752216,0.009196462861170878,-0.09439561599633238,3.4820349935557022,-3.5,0,0.0,0.0,0.029559607706579394,0.0,4.47295372330527,0,711,0.42803359868739077,3.4820349935557022,4.0,0.0,0,0.0,0.0,0.0,4.74341649025257,0.0,-142.09397969641583,10,small_family,middle,1.0
Winter,PRODUCE_PRIORITY,762.607328734603,775.7947152409081,25.420244291153434,25.859823841363603,1.0591768454647263,1.0774926600568169,769.391102979067,762.607328734603,0.0,0.0,0.0,0.0,6.403612261840967,6.403612261840967,0.00839699806251076,0.008254261257570502,0.018315814592090304,3.8380330270613974,-3.16,0,0.0,0.0,0.031191309922610974,0.0,5.864562255152854,0,713,0.35479295106508035,3.8380330270613974,4.0,20.0,1,20.504320224008644,20.504320224008644,0.0,6.403612261840968,0.0,-109.30326862684251,11,family_house,high,1.2
Winter,PRODUCE_PRIORITY,765.5658314493501,1277.3000797224458,25.51886104831167,42.57666932408153,1.0632858770129863,1.774027888503397,1268.7619300399913,765.5658314493501,0.0,0.0,0.0,0.0,8.538149682454623,8.538149682454623,0.011152730871348335,0.00668452920186926,0.7107420114904109,4.47174814939128,-2.5,0,0.0,0.0,0.029559607706579373,0.0,7.41886116991581,0,715,0.45597847285815923,4.47174814939128,4.0,0.0,0,0.0,0.0,0.0,8.538149682454623,0.0,262.5621992255784,12,luxury_house,luxury,1.5
Winter,PRODUCE_PRIORITY,407.08487602801944,368.7918743317303,13.569495867600647,12.293062477724343,0.565395661150027,0.5122109365718477,364.99714113952825,407.08487602801944,0.0,0.0,0.0,0.0,3.794733192202055,3.794733192202055,0.009321724818735014,0.010289633412011329,-0.053184724578179327,3.279516821703643,-2.5107426799565626,0,0.0,0.0,0.03491905797171745,0.0,3.7048540850509513,0,707,0.404513992676176,3.279516821703643,2.7907426799565624,0.0,0,0.0,0.0,0.0,3.794733192202054,0.0,-92.62853257057128,13,apartment,low,0.8
Winter,PRODUCE_PRIORITY,587.8663108224265,530.4080958574903,19.595543694080884,17.68026986191634,0.8164809872533701,0.7366779109131809,525.6646793672377,587.8663108224265,0.0,0.0,0.0,0.0,4.74341649025257,4.74341649025257,0.008068869406067032,0.008942956427887987,-0.07980307634018911,3.48181670468149,-3.5,0,0.0,0.0,0.029559607706579394,0.0,4.47295372330527,0,711,0.4245242018172889,3.48181670468149,4.0,0.0,0,0.0,0.0,0.0,4.74341649025257,0.0,-134.83117021475562,14,small_family,middle,1.0
Winter,PRODUCE_PRIORITY,619.4878204693539,768.9294264076933,20.64959401564513,25.630980880256445,0.8603997506518805,1.0679575366773517,762.5258141458523,619.4878204693539,0.0,0.0,0.0,0.0,6.403612261840967,6.403612261840967,0.010336946184009366,0.008327958382029347,0.20755778602547134,3.804003321469446,-3.16,0,0.0,0.0,0.031191309922610974,0.0,5.864562255152854,0,713,0.4887765077026311,3.804003321469446,4.0,0.0,0,0.0,0.0,0.0,6.403612261840968,0.0,14.355322186970625,15,family_house,high,1.2
Winter,PRODUCE_PRIORITY,836.0814241968887,1262.1144100437455,27.86938080656296,42.07048033479152,1.1612242002734565,1.7529366806163131,1253.5762603612907,836.0814241968887,0.0,0.0,0.0,0.0,8.538149682454623,8.538149682454623,0.010212103074357952,0.006764956975777408,0.5917124803428565,4.493520694995151,-2.5,0,0.0,0.0,0.029559607706579373,0.0,7.41886116991581,0,715,0.3927833036811587,4.493520694995151,4.0,0.0,0,0.0,0.0,0.0,8.538149682454623,0.0,187.70891349376814,16,luxury_house,luxury,1.5
Winter,PRODUCE_PRIORITY,400.76785038007694,370.1270417512869,13.358928346002564,12.337568058376231,0.5566220144167735,0.5140653357656763,366.3323085590849,400.76785038007694,0.0,0.0,0.0,0.0,3.794733192202055,3.794733192202055,0.009468656701387692,0.010252515391058592,-0.042556678651097225,3.2786684281428613,-2.6604061509660584,0,0.0,0.0,0.03491905797171745,0.0,3.7048540850509513,0,707,0.41375457271923444,3.2786684281428613,2.940406150966058,0.0,0,0.0,0.0,0.0,3.794733192202054,0.0,-85.94183392275556,17,apartment,low,0.8
Winter,PRODUCE_PRIORITY,577.0046555470199,541.8042825075277,19.233488518233994,18.06014275025092,0.8013953549264164,0.7525059479271218,537.0608660172752,577.0046555470199,0.0,0.0,0.0,0.0,4.74341649025257,4.74341649025257,0.008220759476811588,0.008754852339482323,-0.048889406999294574,3.435942806497533,-3.5,0,0.0,0.0,0.029559607706579394,0.0,4.47295372330527,0,711,0.42068435341047206,3.435942806497533,4.0,43.0,1,42.831855204886516,42.831855204886516,0.0,4.74341649025257,0.0,-116.5085404793615,18,small_family,middle,1.0
Winter,PRODUCE_PRIORITY,702.6528001776874,764.6560761633327,23.421760005922913,25.48853587211109,0.9759066669134546,1.0620223280046288,758.2524639014916,702.6528001776874,0.0,0.0,0.0,0.0,6.403612261840967,6.403612261840967,0.009113480029143294,0.008374499937241247,0.08611566109117398,3.6911219766154133,-3.16,0,0.0,0.0,0.031191309922610974,0.0,5.864562255152854,0,713,0.4200310809696436,3.6911219766154133,4.0,0.0,0,0.0,0.0,0.0,6.403612261840968,0.0,-63.69817223379994,19,family_house,high,1.2
Winter,PRODUCE_PRIORITY,900.3195213741437,1257.977290529875,30.010650712471456,41.93257635099584,1.2504437796863108,1.7471906812914932,1249.4391408474205,900.3195213741437,0.0,0.0,0.0,0.0,8.538149682454623,8.538149682454623,0.009483466124807532,0.006787204941401011,0.4967469016051825,4.498846680090848,-2.5,0,0.0,0.0,0.029559607706579373,0.0,7.41886116991581,0,715,0.3496916076919865,4.498846680090848,4.0,0.0,0,0.0,0.0,0.0,8.538149682454623,0.0,126.79178639883605,20,luxury_house,luxury,1.5
Winter,PRODUCE_PRIORITY,373.1092498785708,372.1453088938672,12.43697499595236,12.404843629795574,0.5182072914980149,0.5168684845748156,368.3505757016651,373.1092498785708,0.0,0.0,0.0,0.0,3.794733192202055,3.794733192202055,0.010170568522321705,0.010196912607822989,-0.0013388069231994068,3.271247949594365,-2.5746830899055486,0,0.0,0.0,0.03491905797171745,0.0,3.7048540850509513,0,707,0.45421372645029323,3.271247949594365,2.8546830899055484,0.0,0,0.0,0.0,0.0,3.794733192202054,0.0,-59.53539311446491,21,apartment,low,0.8
Winter,PRODUCE_PRIORITY,636.2867789094255,552.179694947852,21.20955929698085,18.40598983159507,0.8837316373742021,0.7669162429831278,547.4362784575994,636.2867789094255,0.0,0.0,0.0,0.0,4.74341649025257,4.74341649025257,0.007454840564788457,0.00859034936208681,-0.1168153943910744,3.4404529685037586,-3.5,0,0.0,0.0,0.029559607706579394,0.0,4.47295372330527,0,711,0.3766865031070918,3.4404529685037586,4.0,0.0,0,0.0,0.0,0.0,4.74341649025257,0.0,-162.0808921752834,22,small_family,middle,1.0
Winter,PRODUCE_PRIORITY,700.3365930267379,798.3739448604896,23.344553100891265,26.612464828682985,0.972689712537136,1.1088527011951244,791.9703325986486,700.3365930267379,0.0,0.0,0.0,0.0,6.403612261840967,6.403612261840967,0.009143620832613678,0.008020818193108688,0.13616298865798843,3.822084259276002,-3.16,0,0.0,0.0,0.031191309922610974,0.0,5.864562255152854,0,713,0.4250533749164885,3.822084259276002,4.0,0.0,0,0.0,0.0,0.0,6.403612261840968,0.0,-36.32518427507762,23,family_house,high,1.2
Winter,PRODUCE_PRIORITY,784.0071772851111,1254.1265624550583,26.13357257617037,41.804218748501945,1.0888988573404321,1.7418424478542476,1245.5884127726035,784.0071772851111,0.0,0.0,0.0,0.0,8.538149682454623,8.538149682454623,0.010890397345622322,0.0068080446886799656,0.6529435905138155,4.484577574642074,-2.5,0,0.0,0.0,0.029559607706579373,0.0,7.41886116991581,0,715,0.4453812797595449,4.484577574642074,4.0,9.0,1,8.568222739618502,8.568222739618502,0.0,8.538149682454623,0.0,228.5848500228526,24,luxury_house,luxury,1.5
Winter,PRODUCE_PRIORITY,474.2603863656817,383.52031914128133,15.808679545522724,12.78401063804271,0.6586949810634468,0.5326671099184463,379.7255859490793,474.2603863656817,0.0,0.0,0.0,0.0,3.794733192202055,3.794733192202055,0.008001370768664832,0.009894477561706841,-0.12602787114500053,3.2521332127716844,-2.5864351806077797,0,0.0,0.0,0.03491905797171745,0.0,3.7048540850509513,0,707,0.3062492847577185,3.2521332127716844,2.8664351806077795,0.0,0,0.0,0.0,0.0,3.794733192202054,0.0,-142.0401582673041,25,apartment,low,0.8
Winter,PRODUCE_PRIORITY,556.7177957131973,533.7086673210997,18.55725985710658,17.790288910703325,0.7732191607127741,0.7412620379459718,528.965250830847,556.7177957131973,0.0,0.0,0.0,0.0,4.74341649025257,4.74341649025257,0.00852032488772143,0.008887651223769142,-0.03195712276680232,3.497691689367699,-3.5,0,0.0,0.0,0.029559607706579394,0.0,4.47295372330527,0,711,0.4536797422643238,3.497691689367699,4.0,0.0,0,0.0,0.0,0.0,4.74341649025257,0.0,-104.32207801874233,26,small_family,middle,1.0
Winter,PRODUCE_PRIORITY,682.2183907793276,793.850665837241,22.740613025977588,26.461688861241367,0.9475255427490661,1.1025703692183901,787.4470535754,682.2183907793276,0.0,0.0,0.0,0.0,6.403612261840967,6.403612261840967,0.009386455053675472,0.008066519985956486,0.155044826469324,3.816178676051305,-3.16,0,0.0,0.0,0.031191309922610974,0.0,5.864562255152854,0,713,0.4143169455734295,3.816178676051305,4.0,39.0,1,55.91743016289163,55.91743016289163,0.0,6.403612261840968,0.0,-23.411261519844857,27,family_house,high,1.2
Winter,PRODUCE_PRIORITY,832.6049741228385,1249.2244894823566,27.753499137427948,41.640816316078556,1.1563957973928312,1.7350340131699398,1240.6863397999018,832.6049741228385,0.0,0.0,0.0,0.0,8.538149682454623,8.538149682454623,0.010254742582398921,0.006834760088631141,0.5786382157771084,4.475849893994619,-2.5,0,0.0,0.0,0.029559607706579373,0.0,7.41886116991581,0,715,0.3958674678797667,4.475849893994619,4.0,0.0,0,0.0,0.0,0.0,8.538149682454623,0.0,181.1702781393717,28,luxury_house,luxury,1.5
Winter,PRODUCE_PRIORITY,400.32019353640374,388.09680015671347,13.344006451213458,12.936560005223782,0.5560002688005607,0.539023333550991,384.30206696451137,400.32019353640374,0.0,0.0,0.0,0.0,3.794733192202055,3.794733192202055,0.009479244998059223,0.009777800772048989,-0.01697693524956981,3.2653630966112317,-2.6717738461330667,0,0.0,0.0,0.03491905797171745,0.0,3.7048540850509513,0,707,0.41440940762514195,3.2653630966112317,2.9517738461330665,0.0,0,0.0,0.0,0.0,3.794733192202054,0.0,-72.06162395937986,29,apartment,low,0.8
Winter,PRODUCE_PRIORITY,662.3760395806585,533.7098221916572,22.07920131935528,17.790327406388574,0.9199667216398034,0.7412636419328572,528.9664057014046,662.3760395806585,0.0,0.0,0.0,0.0,4.74341649025257,4.74341649025257,0.007161213882759957,0.008887631992182433,-0.17870307970694627,3.4780174139316937,-3.5,0,0.0,0.0,0.029559607706579394,0.0,4.47295372330527,0,711,0.35230659579920837,3.4780174139316937,4.0,0.0,0,0.0,0.0,0.0,4.74341649025257,0.0,-199.4136313465392,30,small_family,middle,1.0
Winter,PRODUCE_PRIORITY,574.3732235544304,791.8209153864425,19.145774118481015,26.394030512881418,0.7977405882700422,1.099751271370059,785.4173031246015,574.3732235544304,0.0,0.0,0.0,0.0,6.403612261840967,6.403612261840967,0.011148869757912957,0.008087197669836406,0.3020106831000167,3.8115473916867257,-3.16,0,0.0,0.0,0.031191309922610974,0.0,5.864562255152854,0,713,0.4826092805290902,3.8115473916867257,4.0,60.0,1,60.14382779289087,60.14382779289087,0.0,6.403612261840968,0.0,72.12707614446379,31,family_house,high,1.2
Winter,PRODUCE_PRIORITY,807.5308463614879,1263.6124355348625,26.91769487871626,42.12041451782875,1.121570619946511,1.7550172715761978,1255.0742858524077,807.5308463614879,0.0,0.0,0.0,0.0,8.538149682454623,8.538149682454623,0.010573156085523148,0.006756937049959145,0.6334466516296869,4.472889347332481,-2.5,0,0.0,0.0,0.029559607706579373,0.0,7.41886116991581,0,715,0.41213813358899665,4.472889347332481,4.0,0.0,0,0.0,0.0,0.0,8.538149682454623,0.0,214.52795266396663,32,luxury_house,luxury,1.5
Winter,PRODUCE_PRIORITY,426.0229449770784,382.49022119949177,14.20076483256928,12.74967403998306,0.5916985346903867,0.5312364183326275,378.6954880072897,426.0229449770784,0.0,0.0,0.0,0.0,3.794733192202055,3.794733192202055,0.008907344632355953,0.009921124729154506,-0.06046211635775918,3.2469792213987185,-2.7118416624644768,0,0.0,0.0,0.03491905797171745,0.0,3.7048540850509513,0,707,0.37681128071366576,3.2469792213987185,2.9918416624644766,0.0,0,0.0,0.0,0.0,3.794733192202054,0.0,-99.39903447390327,33,apartment,low,0.8
Winter,PRODUCE_PRIORITY,642.9261348841067,542.906894451473,21.430871162803555,18.096896481715767,0.8929529651168148,0.7540373534048237,538.1634779612205,642.9261348841067,0.0,0.0,0.0,0.0,4.74341649025257,4.74341649025257,0.007377856075344665,0.008737071749742817,-0.13891561171199115,3.4870113884921343,-3.5,0,0.0,0.0,0.029559607706579394,0.0,4.47295372330527,0,711,0.3714854817570193,3.4870113884921343,4.0,0.0,0,0.0,0.0,0.0,4.74341649025257,0.0,-175.01091292478065,34,small_family,middle,1.0
Winter,PRODUCE_PRIORITY,671.7097055073325,780.3035784900417,22.390323516911085,26.01011928300139,0.9329301465379618,1.083754970125058,773.8999662282008,671.7097055073325,0.0,0.0,0.0,0.0,6.403612261840967,6.403612261840967,0.009533303165545915,0.008206565288643863,0.150824823587096,3.823035475182718,-3.16,0,0.0,0.0,0.031191309922610974,0.0,5.864562255152854,0,713,0.44674895990270824,3.823035475182718,4.0,0.0,0,0.0,0.0,0.0,6.403612261840968,0.0,-24.11376028544862,35,family_house,high,1.2
Winter,PRODUCE_PRIORITY,879.693815853338,1259.0885669692514,29.32312719511127,41.96961889897504,1.2217969664629695,1.7487341207906268,1250.5504172867968,879.693815853338,0.0,0.0,0.0,0.0,8.538149682454623,8.538149682454623,0.009705819830246593,0.006781214528066743,0.5269371543276574,4.485830737132523,-2.5,0,0.0,0.0,0.029559607706579373,0.0,7.41886116991581,0,715,0.3652157923287685,4.485830737132523,4.0,0.0,0,0.0,0.0,0.0,8.538149682454623,0.0,146.1883786970933,36,luxury_house,luxury,1.5
Winter,PRODUCE_PRIORITY,442.04129677315507,363.37397743470274,14.734709892438502,12.112465914490091,0.6139462455182709,0.5046860797704205,359.5792442425007,442.04129677315507,0.0,0.0,0.0,0.0,3.794733192202055,3.794733192202055,0.008584567143167668,0.01044305158831567,-0.1092601657478505,3.2718711908182123,-2.7195192547403835,0,0.0,0.0,0.03491905797171745,0.0,3.7048540850509513,0,707,0.35337954714492076,3.2718711908182123,2.9995192547403833,0.0,0,0.0,0.0,0.0,3.794733192202054,0.0,-128.15273391396403,37,apartment,low,0.8
Winter,PRODUCE_PRIORITY,631.9057574576757,538.8721756873762,21.06352524858919,17.962405856245873,0.8776468853578829,0.748433577343578,534.1287591971236,631.9057574576757,0.0,0.0,0.0,0.0,4.74341649025257,4.74341649025257,0.007506525196631522,0.00880248916953626,-0.12921330801430483,3.4972099608189997,-3.5,0,0.0,0.0,0.029559607706579394,0.0,4.47295372330527,0,711,0.3807280760546689,3.4972099608189997,4.0,0.0,0,0.0,0.0,0.0,4.74341649025257,0.0,-168.11861231406544,38,small_family,middle,1.0
Winter,PRODUCE_PRIORITY,651.7270369787931,786.5180131072633,21.72423456595977,26.217267103575445,0.9051764402483238,1.0923861293156434,780.1144008454223,651.7270369787931,0.0,0.0,0.0,0.0,6.403612261840967,6.403612261840967,0.009825604737109193,0.008141723590719161,0.18720968906731963,3.8221734357921338,-3.16,0,0.0,0.0,0.031191309922610974,0.0,5.864562255152854,0,713,0.4659780713275533,3.8221734357921338,4.0,0.0,0,0.0,0.0,0.0,6.403612261840968,0.0,-1.4685326468469384,39,family_house,high,1.2
Winter,PRODUCE_PRIORITY,762.6988032276782,1256.7868494086656,25.42329344092261,41.89289498028885,1.0593038933717753,1.7455372908453688,1248.2486997262108,762.6988032276782,0.0,0.0,0.0,0.0,8.538149682454623,8.538149682454623,0.011194654621617183,0.006793633850061315,0.6862333974735934,4.497578618495725,-2.5,0,0.0,0.0,0.029559607706579373,0.0,7.41886116991581,0,715,0.40708726482684743,4.497578618495725,4.0,65.0,1,64.72676079628374,64.72676079628374,0.0,8.538149682454623,0.0,249.75760188974766,40,luxury_house,luxury,1.5
Winter,PRODUCE_PRIORITY,350.1178871867187,389.1990320217229,11.67059623955729,12.973301067390764,0.4862748433148871,0.5405542111412819,385.40429882952094,350.1178871867187,0.0,0.0,0.0,0.0,3.794733192202055,3.794733192202055,0.010838444224297273,0.009750109532621485,0.054279367826394885,3.2570832143074275,-2.709723638646562,0,0.0,0.0,0.03491905797171745,0.0,3.7048540850509513,0,707,0.48784561890940437,3.2570832143074275,2.989723638646562,0.0,0,0.0,0.0,0.0,3.794733192202054,0.0,-26.052874345906105,41,apartment,low,0.8
Winter,PRODUCE_PRIORITY,496.948116926587,529.3753200298947,16.564937230886233,17.64584400099649,0.690205717953593,0.7352435000415205,524.6319035396422,496.948116926587,0.0,0.0,0.0,0.0,4.74341649025257,4.74341649025257,0.009545094002143697,0.008960403537483955,0.04503778208792743,3.490694478107535,-3.5,0,0.0,0.0,0.029559607706579394,0.0,4.47295372330527,0,711,0.45752863636737046,3.490694478107535,4.0,70.0,1,69.99089703777545,69.99089703777545,0.0,4.74341649025257,0.0,-53.779377579196705,42,small_family,middle,1.0
Winter,PRODUCE_PRIORITY,642.6289563789126,793.3347431263752,21.420965212630417,26.44449143754584,0.8925402171929341,1.1018538098977433,786.9311308645342,642.6289563789126,0.0,0.0,0.0,0.0,6.403612261840967,6.403612261840967,0.009964711671139222,0.00807176581805254,0.20931359270480906,3.8114624454004606,-3.16,0,0.0,0.0,0.031191309922610974,0.0,5.864562255152854,0,713,0.4751160372381021,3.8114624454004606,4.0,0.0,0,0.0,0.0,0.0,6.403612261840968,0.0,11.83228740737934,43,family_house,high,1.2
Winter,PRODUCE_PRIORITY,768.8024141886367,1237.3126927604778,25.626747139621223,41.24375642534926,1.0677811308175509,1.7184898510562192,1228.7745430780233,768.8024141886367,0.0,0.0,0.0,0.0,8.538149682454623,8.538149682454623,0.011105778968534385,0.0069005593593368724,0.6507087202386682,4.442957142189211,-2.5,0,0.0,0.0,0.029559607706579373,0.0,7.41886116991581,0,715,0.4766066305137618,4.442957142189211,4.0,0.0,0,0.0,0.0,0.0,8.538149682454623,0.0,229.6587345387444,44,luxury_house,luxury,1.5
Winter,PRODUCE_PRIORITY,395.31830524926244,368.9823147835285,13.177276841642081,12.299410492784284,0.5490532017350868,0.5124754371993452,365.1875815913265,395.31830524926244,0.0,0.0,0.0,0.0,3.794733192202055,3.794733192202055,0.009599184105095611,0.010284322690176404,-0.0365777645357415,3.2481049743778994,-2.503452524820522,0,0.0,0.0,0.03491905797171745,0.0,3.7048540850509513,0,707,0.42172619746575635,3.2481049743778994,2.7834525248205217,0.0,0,0.0,0.0,0.0,3.794733192202054,0.0,-81.89578853084134,45,apartment,low,0.8
Winter,PRODUCE_PRIORITY,618.8118915211537,528.8351866880386,20.627063050705125,17.62783955626795,0.8594609604460468,0.734493314844498,524.091770197786,618.8118915211537,0.0,0.0,0.0,0.0,4.74341649025257,4.74341649025257,0.007665360920250543,0.008969555373119916,-0.12496764560154874,3.4671982444978777,-3.5,0,0.0,0.0,0.029559607706579394,0.0,4.47295372330527,0,711,0.3949627591172471,3.4671982444978777,4.0,0.0,0,0.0,0.0,0.0,4.74341649025257,0.0,-163.8618747206989,46,small_family,middle,1.0
Winter,PRODUCE_PRIORITY,614.2646585922621,797.3444862415139,20.47548861974207,26.578149541383798,0.8531453591559196,1.107422897557658,790.9408739796729,614.2646585922621,0.0,0.0,0.0,0.0,6.403612261840967,6.403612261840967,0.010424842406718324,0.008031173943430678,0.2542775384017385,3.8334463500287965,-3.16,0,0.0,0.0,0.031191309922610974,0.0,5.864562255152854,0,713,0.495684782501806,3.8334463500287965,4.0,0.0,0,0.0,0.0,0.0,6.403612261840968,0.0,40.36746275171879,47,family_house,high,1.2
Winter,PRODUCE_PRIORITY,874.9852477911608,1251.8462355811362,29.166174926372026,41.728207852704536,1.2152572885988344,1.7386753271960225,1243.3080858986816,874.9852477911608,0.0,0.0,0.0,0.0,8.538149682454623,8.538149682454623,0.00975804986885046,0.006820446025857972,0.5234180385971883,4.360798295081224,-2.5,0,0.0,0.0,0.029559607706579373,0.0,7.41886116991581,0,715,0.37159156454894215,4.360798295081224,4.0,0.0,0,0.0,0.0,0.0,8.538149682454623,0.0,144.99434141196662,48,luxury_house,luxury,1.5
Winter,PRODUCE_PRIORITY,385.046899580517,395.30541969445676,12.8348966526839,13.176847323148559,0.5347873605284958,0.5490353051311899,391.51068650225466,385.046899580517,0.0,0.0,0.0,0.0,3.794733192202055,3.794733192202055,0.009855249312060855,0.009599497004455736,0.014247944602694127,3.252522727665126,-2.6154637328431294,0,0.0,0.0,0.03491905797171745,0.0,3.7048540850509513,0,707,0.43675126646601936,3.252522727665126,2.895463732843129,0.0,0,0.0,0.0,0.0,3.794733192202054,0.0,-52.9091947457743,49,apartment,low,0.8
Winter,PRODUCE_PRIORITY,583.2936212080842,530.7830327805594,19.443120706936142,17.69276775935198,0.8101300294556726,0.7371986566396659,526.0396162903069,583.2936212080842,0.0,0.0,0.0,0.0,4.74341649025257,4.74341649025257,0.008132124744358215,0.008936639261816101,-0.07293137281600665,3.441857967673031,-3.5,0,0.0,0.0,0.029559607706579394,0.0,4.47295372330527,0,711,0.42807117776348996,3.441857967673031,4.0,0.0,0,0.0,0.0,0.0,4.74341649025257,0.0,-130.43454686954573,50,small_family,middle,1.0
