time,generation_kw,load_kw,generation_kwh,load_kwh,solar_used_kwh,battery_charge_kwh,battery_discharge_kwh,self_consumed_kwh,net_load_kwh,grid_import,grid_export,curtailed_kwh,unmet_load_kwh,total_soc_kwh
0.0,0.0,38.22,0.0,38.22,0.0,0.0,38.22,38.22,38.22,0.0,0.0,0.0,0.0,265.71258260945484
1.0,19.695335552153505,38.22,19.695335552153505,38.22,0.0,19.695335552153505,38.22,38.22,18.524664447846497,0.0,0.0,0.0,0.0,244.10980110673822
2.0,38.04846653450867,38.22,38.04846653450867,38.22,0.0,38.04846653450867,38.22,38.22,0.17153346549132892,0.0,0.0,0.0,0.0,239.91832843391535
3.0,52.92740006906811,38.22,52.92740006906811,38.22,0.0,52.92740006906811,38.22,38.22,-14.707400069068116,0.0,0.0,0.0,0.0,249.84225149813273
4.0,63.923582305115644,38.22,63.923582305115644,38.22,0.27999999999999997,62.39280328420001,37.94,38.22,-25.703582305115646,0.0,1.2507790209156349,0.0,0.0,269.0409904168084
5.0,70.14781188170868,38.22,70.14781188170868,38.22,2.26380253774329,61.0723155489871,35.95619746225671,38.22,-31.927811881708685,0.0,6.811693794978293,0.0,0.0,289.0781161582374
6.0,72.05793986245908,38.22,72.05793986245908,38.22,5.02,52.91897005996238,33.2,38.22,-33.83793986245908,0.0,14.1189698024967,0.0,0.0,304.2855864316288
7.0,70.14781188170869,38.22,70.14781188170869,38.22,6.460026130260069,45.46278594597058,31.62938502109115,38.08941115135122,-31.92781188170869,0.13058884864878162,18.224999805478042,0.0,0.0,314.07507292239643
8.0,63.92358230511565,38.22,63.92358230511565,38.22,7.8,35.89168915986965,29.0462562225697,36.8462562225697,-25.703582305115656,1.373743777430301,20.231893145246005,0.0,0.0,317.50747657913246
9.0,52.92740006906811,38.22,52.92740006906811,38.22,8.500650167367866,27.38914233408071,26.919252001739505,35.419902169107374,-14.707400069068116,2.8000978308926276,17.037607567619542,0.0,0.0,315.11571538155516
10.0,38.0484665345087,38.22,38.0484665345087,38.22,8.774076407533359,18.69734445009746,24.419839766843687,33.19391617437705,0.17153346549129955,5.026083825622951,10.57704567687788,0.0,0.0,307.1128025260664
11.0,19.695335552153526,38.22,19.695335552153526,38.22,7.929941192031859,9.667713193886863,23.151991431682074,31.081932623713936,18.524664447846472,7.138067376286065,2.0976811662348043,0.0,0.0,291.88005879917677
12.0,9.319186550790247e-15,38.22,9.319186550790247e-15,38.22,3.500339999227463e-15,5.818846551562784e-15,27.11783572563702,27.117835725637022,38.21999999999999,11.102164274362977,0.0,0.0,0.0,263.29535009674413
13.0,0.0,38.22,0.0,38.22,0.0,0.0,25.295075353474232,25.295075353474232,38.22,12.924924646525767,0.0,0.0,0.0,236.6319995292217
14.0,0.0,38.22,0.0,38.22,0.0,0.0,24.272198864349363,24.272198864349363,38.22,13.947801135650638,0.0,0.0,0.0,211.04685545192294
15.0,0.0,38.22,0.0,38.22,0.0,0.0,21.974134730892736,21.974134730892736,38.22,16.245865269107263,0.0,0.0,0.0,187.88408366491223
16.0,0.0,38.22,0.0,38.22,0.0,0.0,20.48146231360079,20.48146231360079,38.22,17.73853768639921,0.0,0.0,0.0,166.29472675761878
17.0,0.0,38.22,0.0,38.22,0.0,0.0,17.327235986457808,17.327235986457808,38.22,20.89276401354219,0.0,0.0,0.0,148.03021633347174
18.0,0.0,114.71462924908826,0.0,114.71462924908826,0.0,0.0,51.59363872334689,51.59363872334689,114.71462924908826,63.12099052574137,0.0,0.0,0.0,93.64574595292571
19.0,0.0,119.55108470658068,0.0,119.55108470658068,0.0,0.0,47.36608178847721,47.36608178847721,119.55108470658068,72.18500291810348,0.0,0.0,0.0,43.71751185645577
20.0,0.0,114.6951704107604,0.0,114.6951704107604,0.0,0.0,30.231080431368703,30.231080431368703,114.6951704107604,84.4640899793917,0.0,0.0,0.0,11.851155092832206
21.0,0.0,116.27302733171811,0.0,116.27302733171811,0.0,0.0,7.94780766441637,7.94780766441637,116.27302733171811,108.32521966730174,0.0,0.0,0.0,3.4734302179992365
22.0,0.0,38.22,0.0,38.22,0.0,0.0,0.9177347606199622,0.9177347606199622,38.22,37.302265239380034,0.0,0.0,0.0,2.5060528408430756
23.0,0.0,38.22,0.0,38.22,0.0,0.0,0.78,0.78,38.22,37.44,0.0,0.0,0.0,1.6838606491992971
24.0,0.0,38.22,0.0,38.22,0.0,0.0,0.78,0.78,38.22,37.44,0.0,0.0,0.0,0.8616684575555185
25.0,20.313839924554202,38.22,20.313839924554202,38.22,0.0,20.313839924554202,17.499377270623867,17.499377270623867,17.906160075445797,20.72062272937613,0.0,0.0,0.0,1.687105843334411
26.0,39.24332522845776,38.22,39.24332522845776,38.22,0.0,39.24332522845776,25.75740912595099,25.75740912595099,-1.0233252284577632,12.46259087404901,0.0,0.0,0.0,11.765899893265999
27.0,54.936487052311065,38.22,54.936487052311065,38.22,0.0,54.936487052311065,30.114292784411063,30.114292784411063,-16.716487052311066,8.105707215588938,0.0,0.0,0.0,32.13997583872417
28.0,66.38420128402204,38.22,66.38420128402204,38.22,0.0,66.38420128402204,32.47488402711222,32.47488402711222,-28.16420128402205,5.745115972887782,0.0,0.0,0.0,60.886025426134054
29.0,73.58053529299404,38.22,73.58053529299404,38.22,0.0,73.58053529299404,33.54579871202192,33.54579871202192,-35.360535292994044,4.674201287978081,0.0,0.0,0.0,95.33027370036983
30.0,76.03507080901986,38.22,76.03507080901986,38.22,0.5599999999999999,74.02910911414858,33.315482793463524,33.875482793463526,-37.81507080901986,4.344517206536474,1.4459616948712675,0.0,0.0,130.44285076135708
31.0,73.58053529299404,38.22,73.58053529299404,38.22,1.8399999999999999,64.07288633424035,31.705798712021917,33.54579871202192,-35.36053529299405,4.674201287978081,7.667648958753701,0.0,0.0,157.80688156293246
32.0,66.38420128402205,38.22,66.38420128402205,38.22,3.5199999999999996,52.28111600309475,29.05921389301864,32.57921389301864,-28.164201284022056,5.640786106981361,10.583085280927301,0.0,0.0,176.77400214652744
33.0,54.936487052311065,38.22,54.936487052311065,38.22,4.108582213475451,39.90923182135075,26.83519109051218,30.94377330398763,-16.716487052311066,7.276226696012368,10.918673017484863,0.0,0.0,186.3484487161769
34.0,39.24332522845779,38.22,39.24332522845779,38.22,5.650399391544383,26.190138840438507,22.30387376568973,27.954273157234116,-1.0233252284577932,10.265726842765885,7.4027869964749025,0.0,0.0,187.68424875957288
35.0,20.313839924554227,38.22,20.313839924554227,38.22,5.603533119634372,12.775593999712251,17.932804516501147,23.536337636135517,17.906160075445776,14.683662363864482,1.9347128052076001,0.0,0.0,180.90140570754153
36.0,9.611842525785876e-15,38.22,9.611842525785876e-15,38.22,3.290741905222969e-15,6.321100620562907e-15,18.839999999999996,18.840000000000003,38.21999999999999,19.38,0.0,0.0,0.0,161.0423020016841
37.0,0.0,38.22,0.0,38.22,0.0,0.0,17.531470384162702,17.531470384162702,38.22,20.688529615837297,0.0,0.0,0.0,142.56250961977037
38.0,0.0,38.22,0.0,38.22,0.0,0.0,14.142397694648356,14.142397694648356,38.22,24.077602305351643,0.0,0.0,0.0,127.65511352276927
39.0,0.0,38.22,0.0,38.22,0.0,0.0,12.842216322335725,12.842216322335725,38.22,25.377783677664276,0.0,0.0,0.0,114.11822892837861
40.0,0.0,38.22,0.0,38.22,0.0,0.0,12.350325989841462,12.350325989841462,38.22,25.869674010158537,0.0,0.0,0.0,101.09984227055443
41.0,0.0,38.22,0.0,38.22,0.0,0.0,10.879999999999999,10.879999999999999,38.22,27.34,0.0,0.0,0.0,89.6313152896771
42.0,0.0,102.89836764376874,0.0,102.89836764376874,0.0,0.0,30.262091341967302,30.262091341967302,102.89836764376874,72.63627630180144,0.0,0.0,0.0,57.73227015611773
43.0,0.0,115.84429489044096,0.0,115.84429489044096,0.0,0.0,25.350662221281098,25.350662221281098,115.84429489044096,90.49363266915987,0.0,0.0,0.0,31.010325885173824
44.0,0.0,115.5885680200871,0.0,115.5885680200871,0.0,0.0,14.408744324459951,14.408744324459951,115.5885680200871,101.17982369562715,0.0,0.0,0.0,15.822175789067945
45.0,0.0,131.58866122016263,0.0,131.58866122016263,0.0,0.0,12.92306735554244,12.92306735554244,131.58866122016263,118.6655938646202,0.0,0.0,0.0,2.2000667226402424
46.0,0.0,38.22,0.0,38.22,0.0,0.0,0.5599999999999999,0.5599999999999999,38.22,37.66,0.0,0.0,0.0,1.6097748927421451
47.0,0.0,38.22,0.0,38.22,0.0,0.0,0.5502528738093836,0.5502528738093836,38.22,37.669747126190614,0.0,0.0,0.0,1.0297574359785238
48.0,0.0,38.22,0.0,38.22,0.0,0.0,0.27999999999999997,0.27999999999999997,38.22,37.94,0.0,0.0,0.0,0.734611521029475
49.0,17.190507712759004,38.22,17.190507712759004,38.22,0.0,17.190507712759004,14.519138192626265,14.519138192626265,21.029492287240995,23.700861807373734,0.0,0.0,0.0,1.7384436226526352
50.0,33.20951073355068,38.22,33.20951073355068,38.22,0.0,33.20951073355068,23.156081989043564,23.156081989043564,5.0104892664493175,15.063918010956437,0.0,0.0,0.0,8.835098201674821
51.0,46.720610498119854,38.22,46.720610498119854,38.22,0.0,46.720610498119854,28.51957350346984,28.51957350346984,-8.500610498119856,9.70042649653016,0.0,0.0,0.0,23.095891000113717
52.0,56.32184861028996,38.22,56.32184861028996,38.22,0.0,56.32184861028996,31.500120550846454,31.500120550846454,-18.101848610289967,6.719879449153547,0.0,0.0,0.0,43.32344558850781
53.0,62.24129329137396,38.22,62.24129329137396,38.22,0.5,61.067185756630934,32.495008498056436,32.995008498056436,-24.021293291373954,5.224991501943564,0.6741075347430172,0.0,0.0,67.0041182946433
54.0,64.1547189391967,38.22,64.1547189391967,38.22,1.0,57.730631417902224,32.42379077071997,33.42379077071997,-25.934718939196696,4.7962092292800325,5.424087521294473,0.0,0.0,87.59452770264359
55.0,62.24129329137396,38.22,62.24129329137396,38.22,1.26393765978932,54.439244130484816,31.731070838267115,32.995008498056436,-24.02129329137396,5.224991501943564,6.538111501099822,0.0,0.0,105.79264388603819
56.0,56.32184861028997,38.22,56.32184861028997,38.22,2.5,45.14597022704839,29.200870402308464,31.700870402308464,-18.10184861028997,6.519129597691537,8.675878383241585,0.0,0.0,117.84145177116072
57.0,46.720610498119854,38.22,46.720610498119854,38.22,2.861144726223986,35.2683302769008,26.35319359786071,29.214338324084693,-8.500610498119856,9.005661675915306,8.591135494995068,0.0,0.0,123.52122252545
58.0,33.20951073355071,38.22,33.20951073355071,38.22,4.0,23.63081100871996,21.360543178122708,25.360543178122708,5.010489266449292,12.859456821877291,5.578699724830748,0.0,0.0,123.42338874839767
59.0,17.190507712759022,38.22,17.190507712759022,38.22,4.0,11.57719135950857,16.907884084270933,20.907884084270933,21.029492287240977,17.312115915729066,1.6133163532504535,0.0,0.0,116.58400212269602
60.0,8.133984204218504e-15,38.22,8.133984204218504e-15,38.22,2.656037117317493e-15,5.477947086901011e-15,12.80668896970303,12.806688969703032,38.21999999999999,25.413311030296967,0.0,0.0,0.0,103.08456664615713
61.0,0.0,38.22,0.0,38.22,0.0,0.0,11.07607183695158,11.07607183695158,38.22,27.143928163048418,0.0,0.0,0.0,91.40936180201975
62.0,0.0,38.22,0.0,38.22,0.0,0.0,10.54,10.54,38.22,27.68,0.0,0.0,0.0,80.29922628929484
63.0,0.0,38.22,0.0,38.22,0.0,0.0,9.571255967571199,9.571255967571199,38.22,28.6487440324288,0.0,0.0,0.0,70.21023664729361
64.0,0.0,38.22,0.0,38.22,0.0,0.0,6.816937929591369,6.816937929591369,38.22,31.40306207040863,0.0,0.0,0.0,63.024553138793195
65.0,0.0,38.22,0.0,38.22,0.0,0.0,6.68,6.68,38.22,31.54,0.0,0.0,0.0,55.98321488215161
66.0,0.0,111.67742119773733,0.0,111.67742119773733,0.0,0.0,17.894835431262273,17.894835431262273,111.67742119773733,93.78258576647505,0.0,0.0,0.0,37.120402109928186
67.0,0.0,102.84967153747039,0.0,102.84967153747039,0.0,0.0,16.16905367487809,16.16905367487809,102.84967153747039,86.68061786259229,0.0,0.0,0.0,20.07672303588471
68.0,0.0,114.48708971354027,0.0,114.48708971354027,0.0,0.0,12.275173838785228,12.275173838785228,114.48708971354027,102.21191587475504,0.0,0.0,0.0,7.137553700860092
69.0,0.0,105.50361643462463,0.0,105.50361643462463,0.0,0.0,5.347580128317878,5.347580128317878,105.50361643462463,100.15603630630675,0.0,0.0,0.0,1.5007093089467651
70.0,0.0,38.22,0.0,38.22,0.0,0.0,0.5360301659915203,0.5360301659915203,38.22,37.68396983400848,0.0,0.0,0.0,0.9356839025829875
71.0,0.0,38.22,0.0,38.22,0.0,0.0,0.5,0.5,38.22,37.72,0.0,0.0,0.0,0.4086376258882576
72.0,0.0,38.22,0.0,38.22,0.0,0.0,0.38766769063520423,0.38766769063520423,38.22,37.832332309364794,0.0,0.0,0.0,0.0
73.0,21.673648592971674,38.22,21.673648592971674,38.22,0.0,21.673648592971674,17.568429469131832,17.568429469131832,16.54635140702833,20.651570530868167,0.0,0.0,0.0,2.0426777498084374
74.0,41.870273851730126,38.22,41.870273851730126,38.22,0.0,41.870273851730126,25.082134606071772,25.082134606071772,-3.650273851730127,13.137865393928228,0.0,0.0,0.0,15.325415926373637
75.0,58.64423380233008,38.22,58.64423380233008,38.22,0.0,58.64423380233008,28.826741722591102,28.826741722591102,-20.424233802330082,9.393258277408897,0.0,0.0,0.0,40.574167273349026
76.0,70.14091221033698,38.22,70.14091221033698,38.22,0.0,70.14091221033698,30.80352879563004,30.80352879563004,-31.920912210336983,7.4164712043699605,0.0,0.0,0.0,74.64590887573165
77.0,76.4606798564246,38.22,76.4606798564246,38.22,0.5,75.46482293366958,31.370241491118758,31.870241491118758,-38.2406798564246,6.349758508881242,0.495856922755018,0.0,0.0,113.170988029426
78.0,77.530511079522,38.22,77.530511079522,38.22,1.534978121442709,72.19180694507448,29.83540686036019,31.3703849818029,-39.310511079521994,6.849615018197099,3.8037260130048107,0.0,0.0,150.20886933545475
79.0,75.57020645131968,38.22,75.57020645131968,38.22,3.885168564503225,60.797526602153454,27.183646862021103,31.068815426524328,-37.350206451319686,7.151184573475672,10.887511284663004,0.0,0.0,179.23238765447434
80.0,69.34253559670195,38.22,69.34253559670195,38.22,4.859999999999999,46.94054514869766,25.297289348849134,30.157289348849133,-31.122535596701947,8.062710651150866,17.541990448004288,0.0,0.0,197.09841451486952
81.0,57.99236202700441,38.22,57.99236202700441,38.22,5.456437133998304,36.86687910128683,23.08777005039196,28.544207184390267,-19.772362027004412,9.675792815609734,15.669045791719283,0.0,0.0,207.73676048502153
82.0,41.40933089893326,38.22,41.40933089893326,38.22,6.453459548147287,24.572637022814614,19.881257706570953,26.334717254718242,-3.1893308989332656,11.885282745281758,10.383234327971364,0.0,0.0,210.0917251171102
83.0,21.43504696319244,38.22,21.43504696319244,38.22,6.359999999999999,12.248423836986614,17.17867376269288,23.53867376269288,16.78495303680756,14.681326237307118,2.826623126205827,0.0,0.0,203.60368814834172
84.0,1.0142360908042436e-14,38.22,1.0142360908042436e-14,38.22,4.346808636908704e-15,5.7955522711337324e-15,18.787592991055792,18.7875929910558,38.21999999999999,19.432407008944203,0.0,0.0,0.0,183.79982628035782
85.0,0.0,38.22,0.0,38.22,0.0,0.0,17.813847613516796,17.813847613516796,38.22,20.406152386483203,0.0,0.0,0.0,165.02238216373516
86.0,0.0,38.22,0.0,38.22,0.0,0.0,16.412334226302043,16.412334226302043,38.22,21.807665773697956,0.0,0.0,0.0,147.72226287205123
87.0,0.0,38.22,0.0,38.22,0.0,0.0,14.421180412236524,14.421180412236524,38.22,23.798819587763475,0.0,0.0,0.0,132.52100398842677
88.0,0.0,38.22,0.0,38.22,0.0,0.0,13.784498942865667,13.784498942865667,38.22,24.43550105713433,0.0,0.0,0.0,117.99086630054718
89.0,0.0,38.22,0.0,38.22,0.0,0.0,12.54,12.54,38.22,25.68,0.0,0.0,0.0,104.77254568104337
90.0,0.0,113.8928837253135,0.0,113.8928837253135,0.0,0.0,38.433027923897924,38.433027923897924,113.8928837253135,75.45985580141557,0.0,0.0,0.0,64.2605771422534
91.0,0.0,119.95550210007448,0.0,119.95550210007448,0.0,0.0,34.63045169433096,34.63045169433096,119.95550210007448,85.32505040574353,0.0,0.0,0.0,27.75687589074573
92.0,0.0,101.81679998204152,0.0,101.81679998204152,0.0,0.0,16.413178467973648,16.413178467973648,101.81679998204152,85.40362151406786,0.0,0.0,0.0,10.455866690202484
93.0,0.0,104.5449910105624,0.0,104.5449910105624,0.0,0.0,6.637517869387155,6.637517869387155,104.5449910105624,97.90747314117523,0.0,0.0,0.0,3.4593085310920113
94.0,0.0,38.22,0.0,38.22,0.0,0.0,1.3192809305198123,1.3192809305198123,38.22,36.90071906948019,0.0,0.0,0.0,2.06866432640236
95.0,0.0,38.22,0.0,38.22,0.0,0.0,0.7995178453994275,0.7995178453994275,38.22,37.42048215460057,0.0,0.0,0.0,1.225898519264838
96.0,0.0,38.22,0.0,38.22,0.0,0.0,0.78,0.78,38.22,37.44,0.0,0.0,0.0,0.4037063276210593
97.0,19.795342981058234,38.22,19.795342981058234,38.22,0.0,19.795342981058234,16.229058451895774,16.229058451895774,18.424657018941765,21.990941548104225,0.0,0.0,0.0,2.0762879302668615
98.0,38.241666051308364,38.22,38.241666051308364,38.22,0.0,38.241666051308364,24.788408578035856,24.788408578035856,-0.021666051308364326,13.431591421964145,0.0,0.0,0.0,12.226240910285444
99.0,54.08188277750306,38.22,54.08188277750306,38.22,0.0,54.08188277750306,28.97196661055554,28.97196661055554,-15.861882777503064,9.248033389444458,0.0,0.0,0.0,32.993685567193666
100.0,64.84459916128465,38.22,64.84459916128465,38.22,0.0,64.84459916128465,31.218518917421395,31.218518917421395,-26.624599161284646,7.001481082578604,0.0,0.0,0.0,61.60346544158289
101.0,70.92611426432376,38.22,70.92611426432376,38.22,0.32616730245398085,70.59994696186978,32.01175079917006,32.33791810162404,-32.70611426432376,5.88208189837596,0.0,0.0,0.0,94.83710782919661
102.0,72.86369778033688,38.22,72.86369778033688,38.22,0.6389293004818857,68.94890348270165,32.07163086629047,32.71056016677235,-34.643697780336886,5.509439833227644,3.275864997153341,0.0,0.0,126.44131371092024
103.0,70.92611426432376,38.22,70.92611426432376,38.22,2.7311834874001453,57.85915735004728,29.61006319082436,32.34124667822451,-32.706114264323766,5.878753321775495,10.335773426876337,0.0,0.0,150.11958281334742
104.0,64.84459916128465,38.22,64.84459916128465,38.22,3.1799999999999997,47.50962782023381,28.05562795429202,31.23562795429202,-26.624599161284653,6.984372045707979,14.154971341050839,0.0,0.0,165.61794471571488
105.0,54.08188277750306,38.22,54.08188277750306,38.22,3.310268041205939,39.20288254121858,26.171869512090897,29.482137553296834,-15.861882777503064,8.737862446703165,11.568732195078546,0.0,0.0,175.2214918570294
106.0,38.754339041208745,38.22,38.754339041208745,38.22,4.9625662949536835,26.542844197210663,22.486535003345413,27.449101298299098,-0.5343390412087459,10.770898701700903,7.2489285490443995,0.0,0.0,176.69935573112232
107.0,20.060722048449982,38.22,20.060722048449982,38.22,4.684503211018514,13.050603707097611,19.201630560568823,23.88613377158734,18.159277951550017,14.33386622841266,2.325615130333857,0.0,0.0,168.83994971069086
108.0,9.492075451977513e-15,38.22,9.492075451977513e-15,38.22,2.746240565745596e-15,6.745834886231917e-15,16.432151951791365,16.43215195179137,38.21999999999999,21.78784804820863,0.0,0.0,0.0,151.5189407021435
109.0,0.0,38.22,0.0,38.22,0.0,0.0,15.392891446562631,15.392891446562631,38.22,22.82710855343737,0.0,0.0,0.0,135.29340845318953
110.0,0.0,38.22,0.0,38.22,0.0,0.0,15.223192753994764,15.223192753994764,38.22,22.996807246005236,0.0,0.0,0.0,119.24675433239128
111.0,0.0,38.22,0.0,38.22,0.0,0.0,14.259717592771699,14.259717592771699,38.22,23.960282407228302,0.0,0.0,0.0,104.21569220441397
112.0,0.0,38.22,0.0,38.22,0.0,0.0,12.547849019346968,12.547849019346968,38.22,25.67215098065303,0.0,0.0,0.0,90.98909799206508
113.0,0.0,38.22,0.0,38.22,0.0,0.0,11.062300328169238,11.062300328169238,38.22,27.157699671830763,0.0,0.0,0.0,79.32840959278413
114.0,0.0,113.85734131421403,0.0,113.85734131421403,0.0,0.0,25.10314605783309,25.10314605783309,113.85734131421403,88.75419525638094,0.0,0.0,0.0,52.86737026657429
115.0,0.0,113.17935081791204,0.0,113.17935081791204,0.0,0.0,28.68848187277044,28.68848187277044,113.17935081791204,84.4908689451416,0.0,0.0,0.0,22.627055156438466
116.0,0.0,113.55823172501982,0.0,113.55823172501982,0.0,0.0,14.173529303433337,14.173529303433337,113.55823172501982,99.38470242158648,0.0,0.0,0.0,7.686843462442089
117.0,0.0,117.90519325662069,0.0,117.90519325662069,0.0,0.0,6.490938263090053,6.490938263090053,117.90519325662069,111.41425499353063,0.0,0.0,0.0,0.8447937748081494
118.0,0.0,38.22,0.0,38.22,0.0,0.0,0.27999999999999997,0.27999999999999997,38.22,37.94,0.0,0.0,0.0,0.5496478598591007
119.0,0.0,38.22,0.0,38.22,0.0,0.0,0.27999999999999997,0.27999999999999997,38.22,37.94,0.0,0.0,0.0,0.25450194491005196
120.0,0.0,38.22,0.0,38.22,0.0,0.0,0.24144174445753827,0.24144174445753827,38.22,37.97855825554246,0.0,0.0,0.0,0.0
121.0,18.08062055236725,38.22,18.08062055236725,38.22,0.0,18.08062055236725,14.54800523785393,14.54800523785393,20.13937944763275,23.67199476214607,0.0,0.0,0.0,1.8178387485269796
122.0,34.92907669372889,38.22,34.92907669372889,38.22,0.0,34.92907669372889,23.546582406989835,23.546582406989835,3.290923306271111,14.673417593010164,0.0,0.0,0.0,10.134193251213787
123.0,49.39717398144139,38.22,49.39717398144139,38.22,0.0,49.39717398144139,28.26550438446583,28.26550438446583,-11.177173981441392,9.954495615534167,0.0,0.0,0.0,27.202009488840073
124.0,60.49893549500838,38.22,60.49893549500838,38.22,0.0,60.49893549500838,31.29990574984544,31.29990574984544,-22.27893549500838,6.920094250154561,0.0,0.0,0.0,51.6033415700859
125.0,67.0585731184882,38.22,67.0585731184882,38.22,0.0,67.0585731184882,32.9914700482927,32.9914700482927,-28.838573118488195,5.2285299517073,0.0,0.0,0.0,80.44462697541807
126.0,69.00082927693774,38.22,69.00082927693774,38.22,1.399761959767957,62.42511907049895,32.13607140994111,33.53583336970907,-30.78082927693774,4.684166630290933,5.175948246670833,0.0,0.0,105.7919012480042
127.0,67.0585731184882,38.22,67.0585731184882,38.22,1.6199999999999999,53.852841460354085,31.3714700482927,32.9914700482927,-28.838573118488203,5.228529951707299,11.585731658134115,0.0,0.0,123.81275952721855
128.0,60.49893549500838,38.22,60.49893549500838,38.22,2.1199999999999997,47.767557776695064,29.275477544795205,31.395477544795206,-22.278935495008387,6.824522455204794,10.611377718313319,0.0,0.0,138.2699809017431
129.0,49.39717398144139,38.22,49.39717398144139,38.22,2.6038459129845943,37.324846372911146,26.058479477505077,28.66232539048967,-11.177173981441392,9.557674609510329,9.468481695545652,0.0,0.0,146.21139008813506
130.0,34.929076693728916,38.22,34.929076693728916,38.22,2.62,25.621434130804673,22.238763687097794,24.858763687097795,3.2909233062710843,13.361236312902204,6.687642562924242,0.0,0.0,147.07630152097312
131.0,18.080620552367268,38.22,18.080620552367268,38.22,2.62,13.253339153171048,17.1307631757329,19.7507631757329,20.13937944763273,18.4692368242671,2.207281399196221,0.0,0.0,141.59211312156702
132.0,8.555156394029501e-15,38.22,8.555156394029501e-15,38.22,2.2841111680044696e-15,6.271045226025031e-15,14.160159651826305,14.160159651826309,38.21999999999999,24.05984034817369,0.0,0.0,0.0,126.66599427777102
133.0,0.0,38.22,0.0,38.22,0.0,0.0,13.163987294491811,13.163987294491811,38.22,25.056012705508188,0.0,0.0,0.0,112.78993329773374
134.0,0.0,38.22,0.0,38.22,0.0,0.0,12.227065002620822,12.227065002620822,38.22,25.992934997379177,0.0,0.0,0.0,99.90147512866227
135.0,0.0,38.22,0.0,38.22,0.0,0.0,11.311522737491316,11.311522737491316,38.22,26.908477262508683,0.0,0.0,0.0,87.9780832435771
136.0,0.0,38.22,0.0,38.22,0.0,0.0,10.902466341191339,10.902466341191339,38.22,27.31753365880866,0.0,0.0,0.0,76.48587465974809
137.0,0.0,38.22,0.0,38.22,0.0,0.0,10.343019389262043,10.343019389262043,38.22,27.876980610737956,0.0,0.0,0.0,65.58337494196417
138.0,0.0,116.70430337312965,0.0,116.70430337312965,0.0,0.0,29.341011299874115,29.341011299874115,116.70430337312965,87.36329207325554,0.0,0.0,0.0,34.65523342185087
139.0,0.0,110.0380243282457,0.0,110.0380243282457,0.0,0.0,15.369727864307375,15.369727864307375,110.0380243282457,94.66829646393832,0.0,0.0,0.0,18.45411773246198
140.0,0.0,115.66716760400611,0.0,115.66716760400611,0.0,0.0,13.757912388727384,13.757912388727384,115.66716760400611,101.90925521527872,0.0,0.0,0.0,3.9520047333198507
141.0,0.0,117.14118507257753,0.0,117.14118507257753,0.0,0.0,1.8167368438529043,1.8167368438529043,117.14118507257753,115.32444822872462,0.0,0.0,0.0,2.036995954746234
142.0,0.0,38.22,0.0,38.22,0.0,0.0,0.5,0.5,38.22,37.72,0.0,0.0,0.0,1.5099496780515043
143.0,0.0,38.22,0.0,38.22,0.0,0.0,0.5,0.5,38.22,37.72,0.0,0.0,0.0,0.9829034013567743
144.0,0.0,38.22,0.0,38.22,0.0,0.0,0.5,0.5,38.22,37.72,0.0,0.0,0.0,0.4558571246620444
145.0,22.63168388847502,38.22,22.63168388847502,38.22,0.0,22.63168388847502,18.501370989411935,18.501370989411935,15.588316111524978,19.718629010588064,0.0,0.0,0.0,2.4240002489823
146.0,43.721055920576454,38.22,43.721055920576454,38.22,0.0,43.721055920576454,26.173280835003553,26.173280835003553,-5.501055920576457,12.046719164996446,0.0,0.0,0.0,16.312375348017405
147.0,61.830910244151745,38.22,61.830910244151745,38.22,0.0,61.830910244151745,30.65373904480671,30.65373904480671,-23.610910244151743,7.566260955193291,0.0,0.0,0.0,42.65844913923009
148.0,73.90052028359702,38.22,73.90052028359702,38.22,0.0,73.90052028359702,32.85655740568675,32.85655740568675,-35.68052028359702,5.3634425943132475,0.0,0.0,0.0,78.13278595817408
149.0,80.57872765077994,38.22,80.57872765077994,38.22,0.5,79.68282108765719,33.37046610264758,33.87046610264758,-42.35872765077995,4.349533897352415,0.39590656312275607,0.0,0.0,118.55098764364553
150.0,82.71571377640215,38.22,82.71571377640215,38.22,1.9999505644269011,76.2985159145296,32.10827301392563,34.10822357835253,-44.49571377640215,4.111776421647467,4.417247297445648,0.0,0.0,157.08902387162632
151.0,80.57872765077995,38.22,80.57872765077995,38.22,3.678706571233132,62.262308935712326,30.210476329611897,33.88918290084503,-42.35872765077995,4.330817099154972,14.637712143834491,0.0,0.0,184.31159832360544
152.0,73.90052028359702,38.22,73.90052028359702,38.22,4.359999999999999,51.56895037684415,28.726201155570916,33.08620115557092,-35.680520283597026,5.133798844429082,17.971569906752872,0.0,0.0,202.95412551885823
153.0,61.830910244151745,38.22,61.830910244151745,38.22,4.932552636634025,41.43561944345378,26.321689629914808,31.254242266548832,-23.610910244151743,6.965757733451167,15.462738164063932,0.0,0.0,214.5179085977182
154.0,43.72105592057649,38.22,43.72105592057649,38.22,6.141522673226186,27.43815318152601,22.62717907084435,28.768701744070537,-5.50105592057649,9.451298255929462,10.141380065824293,0.0,0.0,216.69688528759664
155.0,22.631683888475045,38.22,22.631683888475045,38.22,5.999275642083635,13.736782505776702,18.93904688045956,24.938322522543196,15.588316111524952,13.281677477456803,2.89562574061471,0.0,0.0,209.76523313479316
156.0,1.0708570237695281e-14,38.22,1.0708570237695281e-14,38.22,3.4331240328683213e-15,7.275446204826959e-15,18.93332474000186,18.933324740001865,38.21999999999999,19.286675259998134,0.0,0.0,0.0,189.80775651545278
157.0,0.0,38.22,0.0,38.22,0.0,0.0,15.407872461933572,15.407872461933572,38.22,22.812127538066427,0.0,0.0,0.0,173.56643288975408
158.0,0.0,38.22,0.0,38.22,0.0,0.0,14.62,14.62,38.22,23.6,0.0,0.0,0.0,158.1555997592002
159.0,0.0,38.22,0.0,38.22,0.0,0.0,14.465862246240135,14.465862246240135,38.22,23.754137753759863,0.0,0.0,0.0,142.90724208708076
160.0,0.0,38.22,0.0,38.22,0.0,0.0,14.036629214127343,14.036629214127343,38.22,24.183370785872658,0.0,0.0,0.0,128.11133575778018
161.0,0.0,38.22,0.0,38.22,0.0,0.0,13.84,13.84,38.22,24.38,0.0,0.0,0.0,113.52269481887006
162.0,0.0,108.96616426329678,0.0,108.96616426329678,0.0,0.0,43.36381489047765,43.36381489047765,108.96616426329678,65.60234937281912,0.0,0.0,0.0,67.81322045625859
163.0,0.0,108.40220966607188,0.0,108.40220966607188,0.0,0.0,32.02519148005792,32.02519148005792,108.40220966607188,76.37701818601396,0.0,0.0,0.0,34.05570459625797
164.0,0.0,103.70157927393632,0.0,103.70157927393632,0.0,0.0,22.122102382476484,22.122102382476484,103.70157927393632,81.57947689145983,0.0,0.0,0.0,10.736961209570277
165.0,0.0,103.22981485664917,0.0,103.22981485664917,0.0,0.0,7.467077367127911,7.467077367127911,103.22981485664917,95.76273748952126,0.0,0.0,0.0,2.8659705612977717
166.0,0.0,38.22,0.0,38.22,0.0,0.0,0.8938825314809467,0.8938825314809467,38.22,37.32611746851905,0.0,0.0,0.0,1.9237356412587867
167.0,0.0,38.22,0.0,38.22,0.0,0.0,0.27999999999999997,0.27999999999999997,38.22,37.94,0.0,0.0,0.0,1.628589726309738
168.0,0.0,38.22,0.0,38.22,0.0,0.0,0.27999999999999997,0.27999999999999997,38.22,37.94,0.0,0.0,0.0,1.3334438113606892
169.0,20.309230177063927,38.22,20.309230177063927,38.22,0.0,20.309230177063927,16.242883648333105,16.242883648333105,17.91076982293607,21.977116351666897,0.0,0.0,0.0,3.4789685773253702
170.0,39.23441988015071,38.22,39.23441988015071,38.22,0.0,39.23441988015071,24.699651916098002,24.699651916098002,-1.0144198801507103,13.520348083901998,0.0,0.0,0.0,14.664288270254783
171.0,54.58463236061194,38.22,54.58463236061194,38.22,0.0,54.58463236061194,29.569516812966725,29.569516812966725,-16.364632360611942,8.650483187033275,0.0,0.0,0.0,35.27880984112227
172.0,65.95326905488848,38.22,65.95326905488848,38.22,0.0,65.95326905488848,32.02953528299476,32.02953528299476,-27.733269054888478,6.190464717005245,0.0,0.0,0.0,64.08548001499702
173.0,73.08889763432495,38.22,73.08889763432495,38.22,0.9565192625186714,71.89723502383394,32.37975787327604,33.33627713579472,-34.86889763432495,4.883722864205283,0.23514334797233616,0.0,0.0,98.1619244033467
174.0,75.28342251664793,38.22,75.28342251664793,38.22,1.56,64.81454983619507,32.17059366790058,33.730593667900585,-37.06342251664793,4.489406332099415,8.908872680452856,0.0,0.0,125.73962208015553
175.0,73.08889763432495,38.22,73.08889763432495,38.22,3.360140049733756,57.43651258857906,30.00028559248051,33.36042564221427,-34.86889763432496,4.859574357785735,12.292244996012139,0.0,0.0,148.60560462861775
176.0,65.95326905488848,38.22,65.95326905488848,38.22,4.24,44.03833639870649,27.835076209609664,32.07507620960966,-27.733269054888485,6.144923790390335,17.674932656181994,0.0,0.0,161.04329228842298
177.0,54.58463236061194,38.22,54.58463236061194,38.22,5.192653711773495,34.94028590704045,24.776485657206305,29.9691393689798,-16.364632360611942,8.250860631020199,14.451692741797999,0.0,0.0,168.07384892712005
178.0,39.23441988015074,38.22,39.23441988015074,38.22,5.74,23.159876418910347,21.35441885741179,27.09441885741179,-1.0144198801507396,11.12558114258821,10.334543461240392,0.0,0.0,167.53570297109704
179.0,20.309230177063952,38.22,20.309230177063952,38.22,5.74,11.673626101849106,17.526032132173597,23.266032132173596,17.910769822936047,14.953967867826403,2.8956040752148464,0.0,0.0,160.13621712061922
180.0,9.401493995852004e-15,38.22,9.401493995852004e-15,38.22,4.086084501713004e-15,5.315409494139e-15,16.612165492099557,16.61216549209956,38.21999999999999,21.60783450790044,0.0,0.0,0.0,142.62545717972372
181.0,0.0,38.22,0.0,38.22,0.0,0.0,14.850762436445681,14.850762436445681,38.22,23.369237563554318,0.0,0.0,0.0,126.97137908331042
182.0,0.0,38.22,0.0,38.22,0.0,0.0,12.080625455507937,12.080625455507937,38.22,26.139374544492064,0.0,0.0,0.0,114.23728175037236
183.0,0.0,38.22,0.0,38.22,0.0,0.0,11.84,11.84,38.22,26.38,0.0,0.0,0.0,101.75682591824116
184.0,0.0,38.22,0.0,38.22,0.0,0.0,11.695325428951566,11.695325428951566,38.22,26.524674571048433,0.0,0.0,0.0,89.42887047411692
185.0,0.0,38.22,0.0,38.22,0.0,0.0,10.50560147231379,10.50560147231379,38.22,27.71439852768621,0.0,0.0,0.0,78.35499419327363
186.0,0.0,116.67287087984407,0.0,116.67287087984407,0.0,0.0,25.142297147192682,25.142297147192682,116.67287087984407,91.53057373265138,0.0,0.0,0.0,51.852685995312754
187.0,0.0,114.68500235942278,0.0,114.68500235942278,0.0,0.0,23.58750001031852,23.58750001031852,114.68500235942278,91.09750234910426,0.0,0.0,0.0,26.98927788136219
188.0,0.0,104.9852631467981,0.0,104.9852631467981,0.0,0.0,16.69727028501588,16.69727028501588,104.9852631467981,88.28799286178223,0.0,0.0,0.0,9.38880961199585
189.0,0.0,130.8322746471526,0.0,130.8322746471526,0.0,0.0,8.34298505596084,8.34298505596084,130.8322746471526,122.48928959119173,0.0,0.0,0.0,0.5945311914679827
190.0,0.0,38.22,0.0,38.22,0.0,0.0,0.5,0.5,38.22,37.72,0.0,0.0,0.0,0.0674849147732528
191.0,0.0,38.22,0.0,38.22,0.0,0.0,0.0640218115157473,0.0640218115157473,38.22,38.155978188484255,0.0,0.0,0.0,0.0
192.0,0.0,38.22,0.0,38.22,0.0,0.0,0.0,0.0,38.22,38.22,0.0,0.0,0.0,0.0
193.0,19.45380430886705,38.22,19.45380430886705,38.22,0.0,19.45380430886705,16.158993175767257,16.158993175767257,18.76619569113295,22.06100682423274,0.0,0.0,0.0,1.4224248545179234
194.0,37.58186400301648,38.22,37.58186400301648,38.22,0.0,37.58186400301648,24.410868255011817,24.410868255011817,0.6381359969835196,13.809131744988182,0.0,0.0,0.0,11.344397094406368
195.0,52.65709465336352,38.22,52.65709465336352,38.22,0.0,52.65709465336352,28.591479762679494,28.591479762679494,-14.437094653363527,9.628520237320506,0.0,0.0,0.0,31.161237407691456
196.0,63.109167050179025,38.22,63.109167050179025,38.22,0.0,63.109167050179025,30.887711684523065,30.887711684523065,-24.889167050179026,7.332288315476933,0.0,0.0,0.0,58.47334326417973
197.0,68.91432344508809,38.22,68.91432344508809,38.22,0.5,68.02217180995578,31.531334019793984,32.03133401979399,-30.694323445088084,6.1886659802060136,0.39215163513230733,0.0,0.0,89.76789716870668
198.0,70.6403054160447,38.22,70.6403054160447,38.22,0.78,65.45362020013714,31.60517286066187,32.38517286066187,-32.4203054160447,5.834827139338128,4.406685215907555,0.0,0.0,118.54787608850819
199.0,71.59806439571967,38.22,71.59806439571967,38.22,2.12,60.8976497350414,31.42357337912556,33.54357337912556,-33.37806439571967,4.67642662087444,8.580414660678276,0.0,0.0,143.19710458284874
200.0,65.51534336016829,38.22,65.51534336016829,38.22,2.5875087275777746,52.510005970889104,29.861417049368583,32.44892577694635,-27.295343360168282,5.771074223053644,10.417828661701403,0.0,0.0,161.5357728825675
201.0,54.62172938357904,38.22,54.62172938357904,38.22,3.775769793110493,41.185169114468586,26.854840557871555,30.63061035098205,-16.401729383579042,7.58938964901795,9.66079047599996,0.0,0.0,172.29996749433607
202.0,38.9710705433065,38.22,38.9710705433065,38.22,4.74,27.231453031489007,23.081895466513128,27.821895466513126,-0.7510705433065046,10.39810453348687,6.999617511817496,0.0,0.0,173.8035380375913
203.0,20.172910529283136,38.22,20.172910529283136,38.22,4.74,13.54145702649238,19.141001547964873,23.88100154796487,18.047089470716863,14.338998452035128,1.891453502790757,0.0,0.0,166.4737049537675
204.0,9.545159360041196e-15,38.22,9.545159360041196e-15,38.22,3.137786209925283e-15,6.407373150115914e-15,17.85772800253449,17.857728002534493,38.21999999999999,20.362271997465506,0.0,0.0,0.0,147.65000684584146
205.0,0.0,38.22,0.0,38.22,0.0,0.0,15.511572487731465,15.511572487731465,38.22,22.708427512268532,0.0,0.0,0.0,131.29937379516292
206.0,0.0,38.22,0.0,38.22,0.0,0.0,15.104183488591865,15.104183488591865,38.22,23.115816511408134,0.0,0.0,0.0,115.37816645481021
207.0,0.0,38.22,0.0,38.22,0.0,0.0,13.435252144539998,13.435252144539998,38.22,24.78474785546,0.0,0.0,0.0,101.21616721634084
208.0,0.0,38.22,0.0,38.22,0.0,0.0,11.488085626419704,11.488085626419704,38.22,26.731914373580295,0.0,0.0,0.0,89.10666170483134
209.0,0.0,38.22,0.0,38.22,0.0,0.0,10.896288146503581,10.896288146503581,38.22,27.32371185349642,0.0,0.0,0.0,77.62096551001608
210.0,0.0,119.10881470199698,0.0,119.10881470199698,0.0,0.0,25.872983141222633,25.872983141222633,119.10881470199698,93.23583156077434,0.0,0.0,0.0,50.34844664688226
211.0,0.0,108.30286429989924,0.0,108.30286429989924,0.0,0.0,24.72209380210412,24.72209380210412,108.30286429989924,83.58077049779513,0.0,0.0,0.0,24.289071665888592
212.0,0.0,110.28331288745127,0.0,110.28331288745127,0.0,0.0,15.916219507276775,15.916219507276775,110.28331288745127,94.3670933801745,0.0,0.0,0.0,7.5119032051560835
213.0,0.0,122.61154047456775,0.0,122.61154047456775,0.0,0.0,3.398358507721496,3.398358507721496,122.61154047456775,119.21318196684625,0.0,0.0,0.0,3.9297188084191372
214.0,0.0,38.22,0.0,38.22,0.0,0.0,1.1199999999999999,1.1199999999999999,38.22,37.1,0.0,0.0,0.0,2.7491351486229423
215.0,0.0,38.22,0.0,38.22,0.0,0.0,1.1199999999999999,1.1199999999999999,38.22,37.1,0.0,0.0,0.0,1.5685514888267476
216.0,0.0,38.22,0.0,38.22,0.0,0.0,1.1199999999999999,1.1199999999999999,38.22,37.1,0.0,0.0,0.0,0.3879678290305526
217.0,16.648199053139365,38.22,16.648199053139365,38.22,0.0,16.648199053139365,14.008008430523269,14.008008430523269,21.571800946860634,24.21199156947673,0.0,0.0,0.0,1.4160988389328955
218.0,32.16185085325705,38.22,32.16185085325705,38.22,0.0,32.16185085325705,21.029576942450724,21.029576942450724,6.05814914674295,17.190423057549275,0.0,0.0,0.0,9.76038912184153
219.0,44.888059547156466,38.22,44.888059547156466,38.22,0.0,44.888059547156466,26.024450415931806,26.024450415931806,-6.668059547156465,12.195549584068193,0.0,0.0,0.0,24.91276210663883
220.0,54.0364834221633,38.22,54.0364834221633,38.22,0.0,54.0364834221633,29.269418594222323,29.269418594222323,-15.816483422163303,8.950581405777678,0.0,0.0,0.0,45.32359523241988
221.0,59.27173815333861,38.22,59.27173815333861,38.22,0.5,58.19627249184229,30.32085062460257,30.82085062460257,-21.051738153338615,7.3991493753974265,0.5754656614963269,0.0,0.0,68.57244409839949
222.0,60.939304516734,38.22,60.939304516734,38.22,1.28,54.80569698485032,29.99429396450097,31.27429396450097,-22.719304516733995,6.945706035499029,4.853607531883675,0.0,0.0,88.9489315537895
223.0,59.27173815333862,38.22,59.27173815333862,38.22,2.12,46.544455791582784,28.704709299961465,30.824709299961466,-21.05173815333862,7.395290700038533,10.607282361755832,0.0,0.0,102.84745905981605
224.0,54.03648342216331,38.22,54.03648342216331,38.22,2.12,41.25661741544513,27.339485352318064,29.459485352318065,-15.816483422163309,8.760514647681935,10.659866006718183,0.0,0.0,113.1685750125301
225.0,44.888059547156466,38.22,44.888059547156466,38.22,2.7447579309890098,33.79514280565431,24.104095046103783,26.848852977092793,-6.668059547156465,11.371147022907206,8.348158810513148,0.0,0.0,119.82151545319655
226.0,32.16185085325707,38.22,32.16185085325707,38.22,3.62,22.482609281692145,19.511927803072638,23.13192780307264,6.058149146742924,15.088072196927362,6.059241571564931,0.0,0.0,120.58301357584172
227.0,16.648199053139383,38.22,16.648199053139383,38.22,3.62,11.134456450212422,13.116113258900743,16.736113258900744,21.571800946860616,21.48388674109926,1.893742602926961,0.0,0.0,117.32048912740902
228.0,7.877381540419164e-15,38.22,7.877381540419164e-15,38.22,2.6089220858234002e-15,5.2684594545957645e-15,10.82,10.820000000000002,38.21999999999999,27.4,0.0,0.0,0.0,105.91520769973508
229.0,0.0,38.22,0.0,38.22,0.0,0.0,9.314858079558832,9.314858079558832,38.22,28.905141920441167,0.0,0.0,0.0,96.09648516219247
230.0,0.0,38.22,0.0,38.22,0.0,0.0,8.908518720223185,8.908518720223185,38.22,29.311481279776814,0.0,0.0,0.0,86.7060819174746
231.0,0.0,38.22,0.0,38.22,0.0,0.0,8.448238481068826,8.448238481068826,38.22,29.77176151893117,0.0,0.0,0.0,77.80085664532169
232.0,0.0,38.22,0.0,38.22,0.0,0.0,8.42,8.42,38.22,29.8,0.0,0.0,0.0,68.92539734578243
233.0,0.0,38.22,0.0,38.22,0.0,0.0,8.42,8.42,38.22,29.8,0.0,0.0,0.0,60.049938046243184
234.0,0.0,108.03025643844197,0.0,108.03025643844197,0.0,0.0,28.19001384249704,28.19001384249704,108.03025643844197,79.84024259594491,0.0,0.0,0.0,30.335054374921263
235.0,0.0,115.3351725639778,0.0,115.3351725639778,0.0,0.0,16.846858124738052,16.846858124738052,115.3351725639778,98.48831443923974,0.0,0.0,0.0,12.57690667762616
236.0,0.0,109.9306211680099,0.0,109.9306211680099,0.0,0.0,9.15834137250732,9.15834137250732,109.9306211680099,100.77227979550258,0.0,0.0,0.0,2.9231672354675906
237.0,0.0,114.36072569179672,0.0,114.36072569179672,0.0,0.0,2.7731599336965966,2.7731599336965966,114.36072569179672,111.58756575810013,0.0,0.0,0.0,0.0
238.0,0.0,38.22,0.0,38.22,0.0,0.0,0.0,0.0,38.22,38.22,0.0,0.0,0.0,0.0
239.0,0.0,38.22,0.0,38.22,0.0,0.0,0.0,0.0,38.22,38.22,0.0,0.0,0.0,0.0
240.0,0.0,38.22,0.0,38.22,0.0,0.0,0.0,0.0,38.22,38.22,0.0,0.0,0.0,0.0
241.0,18.499605473835715,38.22,18.499605473835715,38.22,0.0,18.499605473835715,15.873384436995634,15.873384436995634,19.720394526164288,22.346615563004367,0.0,0.0,0.0,0.8182504014265608
242.0,35.73849340667306,38.22,35.73849340667306,38.22,0.0,35.73849340667306,24.604723663728922,24.604723663728922,2.4815065933269382,13.615276336271076,0.0,0.0,0.0,8.787106201683617
243.0,50.20387620785563,38.22,50.20387620785563,38.22,0.0,50.20387620785563,29.67578205919763,29.67578205919763,-11.983876207855628,8.54421794080237,0.0,0.0,0.0,25.133664172863064
244.0,60.587960423983034,38.22,60.587960423983034,38.22,0.0,60.587960423983034,32.41407120746417,32.41407120746417,-22.367960423983035,5.805928792535828,0.0,0.0,0.0,48.44501920521761
245.0,67.1156686532422,38.22,67.1156686532422,38.22,0.0,67.1156686532422,33.439250151175,33.439250151175,-28.895668653242193,4.780749848824998,0.0,0.0,0.0,76.86846851875997
246.0,69.342148367357,38.22,69.342148367357,38.22,0.2688087019432448,69.07333966541374,33.450043390316736,33.71885209225998,-31.122148367356992,4.501147907740021,0.0,0.0,0.0,107.13775055162085
247.0,67.1156686532422,38.22,67.1156686532422,38.22,1.1068240731383134,62.19279909623797,32.33334039217398,33.44016446531229,-28.895668653242197,4.779835534687704,3.816045483865916,0.0,0.0,132.05668697963569
248.0,60.58796042398304,38.22,60.58796042398304,38.22,2.1588578798864733,52.154291786146224,30.442473635113657,32.60133151500013,-22.367960423983043,5.618668484999869,6.274810757950341,0.0,0.0,149.44540775327744
249.0,50.20387620785563,38.22,50.20387620785563,38.22,2.7070865953176275,40.63377092559691,28.31515652405832,31.022243119375947,-11.983876207855628,7.197756880624052,6.863018686941084,0.0,0.0,158.14719192713494
250.0,35.738493406673086,38.22,35.738493406673086,38.22,3.7800000000000002,27.302931436363572,23.439607384782963,27.21960738478296,2.4815065933269103,11.000392615217038,4.655561970309516,0.0,0.0,159.34151136995908
251.0,18.499605473835732,38.22,18.499605473835732,38.22,3.7800000000000002,13.515947457101579,18.643666023454205,22.423666023454203,19.720394526164267,15.796333976545794,1.203658016734155,0.0,0.0,152.5117154566365
252.0,8.753406311366191e-15,38.22,8.753406311366191e-15,38.22,2.358103452480082e-15,6.395302858886109e-15,15.730815916323467,15.730815916323468,38.21999999999999,22.48918408367653,0.0,0.0,0.0,135.92997954049955
253.0,0.0,38.22,0.0,38.22,0.0,0.0,13.402337159709994,13.402337159709994,38.22,24.817662840290005,0.0,0.0,0.0,121.8026757424344
254.0,0.0,38.22,0.0,38.22,0.0,0.0,12.137645844753912,12.137645844753912,38.22,26.082354155246087,0.0,0.0,0.0,109.00847364180078
255.0,0.0,38.22,0.0,38.22,0.0,0.0,11.48,11.48,38.22,26.74,0.0,0.0,0.0,96.90749112888979
256.0,0.0,38.22,0.0,38.22,0.0,0.0,11.48,11.48,38.22,26.74,0.0,0.0,0.0,84.80650861597879
257.0,0.0,38.22,0.0,38.22,0.0,0.0,10.539200348036253,10.539200348036253,38.22,27.680799651963746,0.0,0.0,0.0,73.69721601043418
258.0,0.0,115.26793990383058,0.0,115.26793990383058,0.0,0.0,28.242403344361758,28.242403344361758,115.26793990383058,87.02553655946883,0.0,0.0,0.0,43.92710895532087
259.0,0.0,111.57971512114919,0.0,111.57971512114919,0.0,0.0,27.62167271892418,27.62167271892418,111.57971512114919,83.95804240222502,0.0,0.0,0.0,14.811309430142096
260.0,0.0,110.49162668828664,0.0,110.49162668828664,0.0,0.0,11.582140564288345,11.582140564288345,110.49162668828664,98.9094861239983,0.0,0.0,0.0,2.6026613090157564
261.0,0.0,106.99577205552127,0.0,106.99577205552127,0.0,0.0,2.469101314345535,2.469101314345535,106.99577205552127,104.52667074117574,0.0,0.0,0.0,0.0
262.0,0.0,38.22,0.0,38.22,0.0,0.0,0.0,0.0,38.22,38.22,0.0,0.0,0.0,0.0
263.0,0.0,38.22,0.0,38.22,0.0,0.0,0.0,0.0,38.22,38.22,0.0,0.0,0.0,0.0
264.0,0.0,38.22,0.0,38.22,0.0,0.0,0.0,0.0,38.22,38.22,0.0,0.0,0.0,0.0
265.0,20.683148914930964,38.22,20.683148914930964,38.22,0.0,20.683148914930964,17.11846683677891,17.11846683677891,17.536851085069035,21.101533163221088,0.0,0.0,0.0,1.5773095085935405
266.0,39.95677541182907,38.22,39.95677541182907,38.22,0.0,39.95677541182907,27.06267917150195,27.06267917150195,-1.7367754118290746,11.15732082849805,0.0,0.0,0.0,10.957066396302979
267.0,56.5074136961045,38.22,56.5074136961045,38.22,0.0,56.5074136961045,32.1938028142252,32.1938028142252,-18.2874136961045,6.026197185774801,0.0,0.0,0.0,30.62945817406475
268.0,69.20716511990682,38.22,69.20716511990682,38.22,0.0,69.20716511990682,34.10121107139112,34.10121107139112,-30.987165119906816,4.118788928608879,0.0,0.0,0.0,60.339307176828854
269.0,77.01680191725612,38.22,77.01680191725612,38.22,0.0,77.01680191725612,35.13511753124553,35.13511753124553,-38.79680191725612,3.084882468754473,0.0,0.0,0.0,96.36819507284514
270.0,79.31598298982757,38.22,79.31598298982757,38.22,1.5,72.93376463927531,33.96089720338607,35.46089720338607,-41.09598298982758,2.759102796613934,4.882218350552268,0.0,0.0,129.7613106015586
271.0,77.01680191725612,38.22,77.01680191725612,38.22,2.2800000000000002,62.98730595981778,32.855117531245526,35.13511753124553,-38.796801917256126,3.0848824687544725,11.749495957438342,0.0,0.0,154.8839810244139
272.0,69.20716511990682,38.22,69.20716511990682,38.22,2.813790590496585,54.764214208879636,31.366189270607343,34.17997986110393,-30.987165119906827,4.040020138896072,11.629160320530607,0.0,0.0,173.77500983688708
273.0,56.5074136961045,38.22,56.5074136961045,38.22,3.12,43.03821112080626,29.332734570075704,32.452734570075705,-18.2874136961045,5.767265429924294,10.349202575298243,0.0,0.0,183.68522482430149
274.0,39.956775411829106,38.22,39.956775411829106,38.22,3.5207526293730416,29.79127747103959,26.658760077543157,30.1795127069162,-1.7367754118291052,8.040487293083801,6.6447453114164725,0.0,0.0,183.84691170833082
275.0,20.68314891493099,38.22,20.68314891493099,38.22,3.5720866586747353,15.176458141915994,23.592671151468277,27.164757810143012,17.53685108506901,11.055242189856989,1.9346041143402586,0.0,0.0,173.3757050958002
276.0,9.78658742246923e-15,38.22,9.78658742246923e-15,38.22,2.39167281802306e-15,7.394914604446169e-15,21.79506281472462,21.795062814724623,38.21999999999999,16.42493718527538,0.0,0.0,0.0,150.40169168214348
277.0,0.0,38.22,0.0,38.22,0.0,0.0,16.772544717192783,16.772544717192783,38.22,21.447455282807216,0.0,0.0,0.0,132.72187719435885
278.0,0.0,38.22,0.0,38.22,0.0,0.0,14.200413483295545,14.200413483295545,38.22,24.019586516704454,0.0,0.0,0.0,117.75332708656575
279.0,0.0,38.22,0.0,38.22,0.0,0.0,12.879999999999999,12.879999999999999,38.22,25.34,0.0,0.0,0.0,104.1766149989095
280.0,0.0,38.22,0.0,38.22,0.0,0.0,12.235695597495015,12.235695597495015,38.22,25.984304402504982,0.0,0.0,0.0,91.27905938404982
281.0,0.0,38.22,0.0,38.22,0.0,0.0,10.955464401835572,10.955464401835572,38.22,27.264535598164425,0.0,0.0,0.0,79.73098593915162
282.0,0.0,114.91341462230328,0.0,114.91341462230328,0.0,0.0,37.188862295595946,37.188862295595946,114.91341462230328,77.72455232670734,0.0,0.0,0.0,40.53048312433789
283.0,0.0,118.25134124579802,0.0,118.25134124579802,0.0,0.0,24.00634160742372,24.00634160742372,118.25134124579802,94.2449996383743,0.0,0.0,0.0,15.22557720182899
284.0,0.0,105.65458770759145,0.0,105.65458770759145,0.0,0.0,8.410135920372202,8.410135920372202,105.65458770759145,97.24445178721925,0.0,0.0,0.0,6.360515555171441
285.0,0.0,107.05079768291728,0.0,107.05079768291728,0.0,0.0,5.493750203233785,5.493750203233785,107.05079768291728,101.55704747968349,0.0,0.0,0.0,0.569594375760877
286.0,0.0,38.22,0.0,38.22,0.0,0.0,0.5,0.5,38.22,37.72,0.0,0.0,0.0,0.042548099066147094
287.0,0.0,38.22,0.0,38.22,0.0,0.0,0.04036467094785241,0.04036467094785241,38.22,38.17963532905215,0.0,0.0,0.0,0.0
288.0,0.0,38.22,0.0,38.22,0.0,0.0,0.0,0.0,38.22,38.22,0.0,0.0,0.0,0.0
289.0,18.76402283078505,38.22,18.76402283078505,38.22,0.0,18.76402283078505,15.913123592074507,15.913123592074507,19.45597716921495,22.306876407925493,0.0,0.0,0.0,1.0272099842324265
290.0,36.24930851466598,38.22,36.24930851466598,38.22,0.0,36.24930851466598,25.220515598156073,25.220515598156073,1.9706914853340218,12.999484401843926,0.0,0.0,0.0,8.831565853317281
291.0,51.26426372808715,38.22,51.26426372808715,38.22,0.0,51.26426372808715,29.853364006503938,29.853364006503938,-13.04426372808715,8.366635993496063,0.0,0.0,0.0,25.996907946129596
292.0,62.07636136307515,38.22,62.07636136307515,38.22,0.0,62.07636136307515,32.31686243363272,32.31686243363272,-23.85636136307515,5.903137566367278,0.0,0.0,0.0,50.822751134823385
293.0,68.73819397456687,38.22,68.73819397456687,38.22,0.0,68.73819397456687,33.56963234447108,33.56963234447108,-30.518193974566866,4.65036765552892,0.0,0.0,0.0,80.64802822232251
294.0,70.8808054629963,38.22,70.8808054629963,38.22,0.5750342744199144,68.52965844760998,33.39638079543924,33.97141506985916,-32.660805462996315,4.24858493014084,1.7761127409664192,0.0,0.0,110.45809430604513
295.0,68.73819397456687,38.22,68.73819397456687,38.22,1.5,60.811533995295925,32.06963234447108,33.56963234447108,-30.518193974566874,4.65036765552892,6.426659979270944,0.0,0.0,134.34462029196868
296.0,62.07636136307516,38.22,62.07636136307516,38.22,2.62,51.28438589499104,29.771664997064693,32.391664997064694,-23.85636136307516,5.8283350029353045,8.171975468084113,0.0,0.0,151.6151702659125
297.0,51.26426372808715,38.22,51.26426372808715,38.22,2.62,40.488017487453284,27.762270449410508,30.382270449410505,-13.04426372808715,7.837729550589493,8.156246240633866,0.0,0.0,160.76147368152868
298.0,36.249308514666005,38.22,36.249308514666005,38.22,3.8805074403454056,27.36884428183235,23.551164516247404,27.431671956592808,1.9706914853339943,10.78832804340719,4.99995679248825,0.0,0.0,161.9007319984219
299.0,18.76402283078507,38.22,18.76402283078507,38.22,3.6374140542893993,13.802228894987115,19.38785584214066,23.025269896430057,19.45597716921493,15.19473010356994,1.3243798815085532,0.0,0.0,154.55808155757757
300.0,8.878519928758119e-15,38.22,8.878519928758119e-15,38.22,1.8663511391123724e-15,7.012168789645746e-15,17.98446666687114,17.98446666687114,38.21999999999999,20.23553333312886,0.0,0.0,0.0,135.60078916734773
301.0,0.0,38.22,0.0,38.22,0.0,0.0,17.083227808730275,17.083227808730275,38.22,21.136772191269724,0.0,0.0,0.0,117.59348594630941
302.0,0.0,38.22,0.0,38.22,0.0,0.0,13.912024732930558,13.912024732930558,38.22,24.30797526706944,0.0,0.0,0.0,102.92892427275733
303.0,0.0,38.22,0.0,38.22,0.0,0.0,11.921572315125138,11.921572315125138,38.22,26.298427684874863,0.0,0.0,0.0,90.36248367068998
304.0,0.0,38.22,0.0,38.22,0.0,0.0,10.990750342256938,10.990750342256938,38.22,27.22924965774306,0.0,0.0,0.0,78.7772155787543
305.0,0.0,38.22,0.0,38.22,0.0,0.0,10.435276438963655,10.435276438963655,38.22,27.784723561036344,0.0,0.0,0.0,67.77746839188222
306.0,0.0,108.19831948706283,0.0,108.19831948706283,0.0,0.0,21.959707720909655,21.959707720909655,108.19831948706283,86.23861176615318,0.0,0.0,0.0,44.62990400866233
307.0,0.0,125.27485313453813,0.0,125.27485313453813,0.0,0.0,24.270103281187147,24.270103281187147,125.27485313453813,101.00474985335099,0.0,0.0,0.0,19.046968869969863
308.0,0.0,112.1151834045688,0.0,112.1151834045688,0.0,0.0,13.202332121961152,13.202332121961152,112.1151834045688,98.91285128260765,0.0,0.0,0.0,5.130488892836149
309.0,0.0,108.44162509576171,0.0,108.44162509576171,0.0,0.0,4.867209123467326,4.867209123467326,108.44162509576171,103.57441597229437,0.0,0.0,0.0,-2.220446049250313e-16
310.0,0.0,38.22,0.0,38.22,0.0,0.0,-2.1065000811460205e-16,-2.1065000811460205e-16,38.22,38.22,0.0,0.0,0.0,0.0
311.0,0.0,38.22,0.0,38.22,0.0,0.0,0.0,0.0,38.22,38.22,0.0,0.0,0.0,0.0
312.0,0.0,38.22,0.0,38.22,0.0,0.0,0.0,0.0,38.22,38.22,0.0,0.0,0.0,0.0
313.0,20.287561185740838,38.22,20.287561185740838,38.22,0.0,20.287561185740838,17.132660336127355,17.132660336127355,17.932438814259164,21.087339663872644,0.0,0.0,0.0,1.1870607750274051
314.0,39.19255860345349,38.22,39.19255860345349,38.22,0.0,39.19255860345349,25.646114068762408,25.646114068762408,-0.9725586034534923,12.573885931237593,0.0,0.0,0.0,11.335008666730586
315.0,54.956960609391885,38.22,54.956960609391885,38.22,0.0,54.956960609391885,29.96507104864049,29.96507104864049,-16.736960609391886,8.25492895135951,0.0,0.0,0.0,31.88580105432262
316.0,66.04654208117755,38.22,66.04654208117755,38.22,0.0,66.04654208117755,32.37224268560529,32.37224268560529,-27.826542081177557,5.8477573143947055,0.0,0.0,0.0,60.41971246931324
317.0,72.74250510201036,38.22,72.74250510201036,38.22,0.5,72.14539208173119,33.1476093571472,33.6476093571472,-34.52250510201036,4.572390642852797,0.09711302027916613,0.0,0.0,93.92219278252576
318.0,74.9752033370112,38.22,74.9752033370112,38.22,0.9879071520995257,70.48729618491167,33.05807966322587,34.04598681532539,-36.755203337011196,4.174013184674608,3.5,0.0,0.0,125.94603779552924
319.0,72.74250510201037,38.22,72.74250510201037,38.22,1.4739383573846583,65.08665123708494,32.179121474531236,33.65305983191589,-34.52250510201036,4.566940168084106,6.181915507540767,0.0,0.0,153.7728844292723
320.0,66.04654208117756,38.22,66.04654208117756,38.22,3.976588209250804,53.21439404085292,28.487057555328878,32.46364576457968,-27.826542081177564,5.756354235420317,8.855559831073831,0.0,0.0,174.22849603465914
321.0,54.956960609391885,38.22,54.956960609391885,38.22,4.853960143103152,38.98158533529398,25.551582032502814,30.40554217560597,-16.736960609391886,7.814457824394031,11.121415130994754,0.0,0.0,184.27594262600226
322.0,39.19255860345352,38.22,39.19255860345352,38.22,5.92,25.48377084283306,21.319861927683103,27.239861927683105,-0.9725586034535224,10.980138072316896,7.78878776062046,0.0,0.0,185.97886269868243
323.0,20.28756118574086,38.22,20.28756118574086,38.22,5.92,12.578233986299766,17.33463810835118,23.25463810835118,17.93243881425914,14.965361891648822,1.7893271994410922,0.0,0.0,179.6393102547422
324.0,9.599408288822877e-15,38.22,9.599408288822877e-15,38.22,3.6478006765829e-15,5.951607612239978e-15,18.906144760149658,18.90614476014966,38.21999999999999,19.313855239850337,0.0,0.0,0.0,159.71048384976532
325.0,0.0,38.22,0.0,38.22,0.0,0.0,18.243637384227483,18.243637384227483,38.22,19.976362615772516,0.0,0.0,0.0,140.48000153631355
326.0,0.0,38.22,0.0,38.22,0.0,0.0,14.99761017509743,14.99761017509743,38.22,23.22238982490257,0.0,0.0,0.0,124.67113233210537
327.0,0.0,38.22,0.0,38.22,0.0,0.0,13.145264993867382,13.145264993867382,38.22,25.074735006132617,0.0,0.0,0.0,110.81480638973864
328.0,0.0,38.22,0.0,38.22,0.0,0.0,12.16356023667301,12.16356023667301,38.22,26.05643976332699,0.0,0.0,0.0,97.99328812155747
329.0,0.0,38.22,0.0,38.22,0.0,0.0,11.535868120957177,11.535868120957177,38.22,26.684131879042823,0.0,0.0,0.0,85.83341543837366
330.0,0.0,112.83527025501054,0.0,112.83527025501054,0.0,0.0,31.05721142233051,31.05721142233051,112.83527025501054,81.77805883268003,0.0,0.0,0.0,53.096240149052996
331.0,0.0,116.0769395362587,0.0,116.0769395362587,0.0,0.0,30.207403179037854,30.207403179037854,116.0769395362587,85.86953635722085,0.0,0.0,0.0,21.254841400796103
332.0,0.0,116.02152506358294,0.0,116.02152506358294,0.0,0.0,18.237054139390356,18.237054139390356,116.02152506358294,97.78447092419259,0.0,0.0,0.0,2.0312984367043048
333.0,0.0,121.48110371505808,0.0,121.48110371505808,0.0,0.0,1.9270589002574927,1.9270589002574927,121.48110371505808,119.55404481480059,0.0,0.0,0.0,-1.1102230246251565e-16
334.0,0.0,38.22,0.0,38.22,0.0,0.0,-1.0532500405730103e-16,-1.0532500405730103e-16,38.22,38.22,0.0,0.0,0.0,0.0
335.0,0.0,38.22,0.0,38.22,0.0,0.0,0.0,0.0,38.22,38.22,0.0,0.0,0.0,0.0
336.0,0.0,38.22,0.0,38.22,0.0,0.0,0.0,0.0,38.22,38.22,0.0,0.0,0.0,0.0
337.0,19.16798375541685,38.22,19.16798375541685,38.22,0.0,19.16798375541685,15.976607443980045,15.976607443980045,19.05201624458315,22.243392556019952,0.0,0.0,0.0,1.3435231109415522
338.0,37.029701094492914,38.22,37.029701094492914,38.22,0.0,37.029701094492914,24.871679516037467,24.871679516037467,1.1902989055070834,13.34832048396253,0.0,0.0,0.0,10.255929902945551
339.0,51.656007829923674,38.22,51.656007829923674,38.22,0.0,51.656007829923674,29.664711542671235,29.664711542671235,-13.436007829923676,8.555288457328764,0.0,0.0,0.0,27.991770239584604
340.0,62.36645118069643,38.22,62.36645118069643,38.22,0.0,62.36645118069643,32.479284256366476,32.479284256366476,-24.146451180696427,5.740715743633526,0.0,0.0,0.0,52.92160915933863
341.0,68.73582294835967,38.22,68.73582294835967,38.22,0.0,68.73582294835967,33.76693011867043,33.76693011867043,-30.515822948359673,4.45306988132957,0.0,0.0,0.0,82.5366667792919
342.0,70.87835079604088,38.22,70.87835079604088,38.22,0.78,65.60252402448312,33.35195224122749,34.13195224122749,-32.65835079604088,4.088047758772514,4.495826771557759,0.0,0.0,109.61664113279782
343.0,68.73582294835968,38.22,68.73582294835968,38.22,1.9,58.21410718858291,31.87035873714779,33.77035873714779,-30.515822948359677,4.44964126285221,8.621715759776768,0.0,0.0,131.24908451485058
344.0,62.36645118069644,38.22,62.36645118069644,38.22,1.9,50.77098167744659,30.78108648662318,32.68108648662318,-24.146451180696435,5.5389135133768175,9.695469503249841,0.0,0.0,146.9685528070864
345.0,51.656007829923674,38.22,51.656007829923674,38.22,3.489489746045749,40.27305266705393,27.169548800248645,30.659038546294397,-13.436007829923676,7.560961453705604,7.893465416823996,0.0,0.0,156.53570616453553
346.0,37.02970109449294,38.22,37.02970109449294,38.22,4.4128772556792315,25.997417844874903,22.41738480776417,26.8302620634434,1.1902989055070545,11.389737936556601,6.619405993938812,0.0,0.0,157.5690238740785
347.0,19.167983755416873,38.22,19.167983755416873,38.22,4.430808154365118,12.92427487210344,17.366250715783025,21.797058870148142,19.052016244583125,16.422941129851857,1.8129007289483132,0.0,0.0,151.52443202485574
348.0,9.069660983750799e-15,38.22,9.069660983750799e-15,38.22,2.864034020497601e-15,6.205626963253199e-15,16.39483752668023,16.394837526680234,38.21999999999999,21.825162473319764,0.0,0.0,0.0,134.24275587395204
349.0,0.0,38.22,0.0,38.22,0.0,0.0,14.905570831521668,14.905570831521668,38.22,23.31442916847833,0.0,0.0,0.0,118.5309046564259
350.0,0.0,38.22,0.0,38.22,0.0,0.0,14.167121716011644,14.167121716011644,38.22,24.052878283988356,0.0,0.0,0.0,103.59744715261593
351.0,0.0,38.22,0.0,38.22,0.0,0.0,12.370287079044134,12.370287079044134,38.22,25.849712920955866,0.0,0.0,0.0,90.55801965930566
352.0,0.0,38.22,0.0,38.22,0.0,0.0,9.350081139022656,9.350081139022656,38.22,28.869918860977343,0.0,0.0,0.0,80.70216875707463
353.0,0.0,38.22,0.0,38.22,0.0,0.0,8.495918435901867,8.495918435901867,38.22,29.72408156409813,0.0,0.0,0.0,71.74668439958626
354.0,0.0,113.58315289814945,0.0,113.58315289814945,0.0,0.0,24.6935294335132,24.6935294335132,113.58315289814945,88.88962346463626,0.0,0.0,0.0,45.71741890681655
355.0,0.0,108.1128645076259,0.0,108.1128645076259,0.0,0.0,16.00256310455534,16.00256310455534,108.1128645076259,92.11030140307057,0.0,0.0,0.0,28.84923630315985
356.0,0.0,128.58540412672323,0.0,128.58540412672323,0.0,0.0,19.59096727054493,19.59096727054493,128.58540412672323,108.9944368561783,0.0,0.0,0.0,8.19854358958181
357.0,0.0,116.39413659010573,0.0,116.39413659010573,0.0,0.0,7.382268626160816,7.382268626160816,116.39413659010573,109.01186796394492,0.0,0.0,0.0,0.41694920362505483
358.0,0.0,38.22,0.0,38.22,0.0,0.0,0.3955527456145522,0.3955527456145522,38.22,37.82444725438545,0.0,0.0,0.0,-8.673617379884035e-19
359.0,0.0,38.22,0.0,38.22,0.0,0.0,-8.228515941976643e-19,-8.228515941976643e-19,38.22,38.22,0.0,0.0,0.0,0.0
360.0,0.0,38.22,0.0,38.22,0.0,0.0,0.0,0.0,38.22,38.22,0.0,0.0,0.0,0.0
361.0,18.723029801002927,38.22,18.723029801002927,38.22,0.0,18.723029801002927,15.608295874641117,15.608295874641117,19.496970198997072,22.611704125358884,0.0,0.0,0.0,1.309637208554884
362.0,36.1701160623372,38.22,36.1701160623372,38.22,0.0,36.1701160623372,24.829908717333872,24.829908717333872,2.0498839376627984,13.390091282666129,0.0,0.0,0.0,9.450600325161135
363.0,51.152268687966206,38.22,51.152268687966206,38.22,0.0,51.152268687966206,29.580173649232986,29.580173649232986,-12.93226868796621,8.639826350767013,0.0,0.0,0.0,26.797662515203335
364.0,61.466074086262765,38.22,61.466074086262765,38.22,0.0,61.466074086262765,32.24897889716961,32.24897889716961,-23.246074086262766,5.97102110283039,0.0,0.0,0.0,51.11609188765599
365.0,67.56935535805351,38.22,67.56935535805351,38.22,0.0,67.56935535805351,33.504710562472596,33.504710562472596,-29.349355358053515,4.715289437527407,0.0,0.0,0.0,79.90094486850981
366.0,69.52962996293623,38.22,69.52962996293623,38.22,1.5568211938716128,65.62141354953982,32.31481697583769,33.8716381697093,-31.309629962936235,4.348361830290699,2.3513952195247896,0.0,0.0,108.09207595905012
367.0,67.56935535805351,38.22,67.56935535805351,38.22,2.34,56.507769679490245,31.16937388388285,33.50937388388285,-29.349355358053522,4.7106261161171465,8.721585678563272,0.0,0.0,128.84464835925493
368.0,61.46607408626277,38.22,61.46607408626277,38.22,2.5332805600116433,48.84266660588077,29.865401860914638,32.39868242092628,-23.246074086262773,5.821317579073718,10.09012692037036,0.0,0.0,143.69997269492976
369.0,51.152268687966206,38.22,51.152268687966206,38.22,2.62,39.523781859161275,27.736697977636588,30.35669797763659,-12.93226868796621,7.8633020223634125,9.008486828804937,0.0,0.0,151.95847762666872
370.0,36.17011606233723,38.22,36.17011606233723,38.22,3.6352723597348353,26.864128584264336,23.35490653734336,26.990178897078195,2.049883937662771,11.229821102921802,5.670715118338057,0.0,0.0,152.82579466512126
371.0,18.723029801002948,38.22,18.723029801002948,38.22,3.5096459664437885,13.541793894268581,19.282016405462368,22.791662371906156,19.49697019899705,15.428337628093843,1.6715899402905785,0.0,0.0,145.347638450925
372.0,8.859123372105905e-15,38.22,8.859123372105905e-15,38.22,2.030639546463053e-15,6.828483825642852e-15,15.993457620973704,15.993457620973706,38.21999999999999,22.226542379026295,0.0,0.0,0.0,128.4890538697067
373.0,0.0,38.22,0.0,38.22,0.0,0.0,15.45349579570755,15.45349579570755,38.22,22.76650420429245,0.0,0.0,0.0,112.19963902761607
374.0,0.0,38.22,0.0,38.22,0.0,0.0,13.167963924928575,13.167963924928575,38.22,25.052036075071424,0.0,0.0,0.0,98.31938631104782
375.0,0.0,38.22,0.0,38.22,0.0,0.0,12.096690878896869,12.096690878896869,38.22,26.12330912110313,0.0,0.0,0.0,85.56835453494843
376.0,0.0,38.22,0.0,38.22,0.0,0.0,11.190328913664123,11.190328913664123,38.22,27.029671086335874,0.0,0.0,0.0,73.77271215707631
377.0,0.0,38.22,0.0,38.22,0.0,0.0,10.094831436292829,10.094831436292829,38.22,28.12516856370717,0.0,0.0,0.0,63.13182551235822
378.0,0.0,115.23922635142982,0.0,115.23922635142982,0.0,0.0,27.418086600067014,27.418086600067014,115.23922635142982,87.82113975136282,0.0,0.0,0.0,34.230624599040254
379.0,0.0,113.05942850323775,0.0,113.05942850323775,0.0,0.0,17.276269661716146,17.276269661716146,113.05942850323775,95.78315884152161,0.0,0.0,0.0,16.01983739827702
380.0,0.0,116.59059837007138,0.0,116.59059837007138,0.0,0.0,14.39327859495691,14.39327859495691,116.59059837007138,102.19731977511447,0.0,0.0,0.0,0.8479896124730337
381.0,0.0,116.08135997888012,0.0,116.08135997888012,0.0,0.0,0.8044735822734947,0.8044735822734947,116.08135997888012,115.27688639660661,0.0,0.0,0.0,0.0
382.0,0.0,38.22,0.0,38.22,0.0,0.0,0.0,0.0,38.22,38.22,0.0,0.0,0.0,0.0
383.0,0.0,38.22,0.0,38.22,0.0,0.0,0.0,0.0,38.22,38.22,0.0,0.0,0.0,0.0
384.0,0.0,38.22,0.0,38.22,0.0,0.0,0.0,0.0,38.22,38.22,0.0,0.0,0.0,0.0
385.0,20.47607321995961,38.22,20.47607321995961,38.22,0.0,20.47607321995961,16.097374853638954,16.097374853638954,17.743926780040393,22.122625146361045,0.0,0.0,0.0,2.457185711095516
386.0,39.55673588828989,38.22,39.55673588828989,38.22,0.0,39.55673588828989,25.567091876053908,25.567091876053908,-1.3367358882898919,12.652908123946089,0.0,0.0,0.0,13.033919215338909
387.0,55.94167237643012,38.22,55.94167237643012,38.22,0.0,55.94167237643012,30.82186367149344,30.82186367149344,-17.721672376430117,7.398136328506559,0.0,0.0,0.0,33.615752486165604
388.0,67.79180315926172,38.22,67.79180315926172,38.22,0.0,67.79180315926172,33.43747292747052,33.43747292747052,-29.57180315926172,4.7825270725294775,0.0,0.0,0.0,62.682512671076914
389.0,75.02346522197008,38.22,75.02346522197008,38.22,0.5,73.82304264544824,34.228412733290796,34.728412733290796,-36.803465221970086,3.491587266709206,0.7004225765218521,0.0,0.0,96.63728526358167
390.0,77.38779707284924,38.22,77.38779707284924,38.22,2.78,67.30133756630008,32.29202641088848,35.07202641088848,-39.16779707284924,3.1479735891115155,7.306459506549159,0.0,0.0,126.44615557561686
391.0,75.0234652219701,38.22,75.0234652219701,38.22,3.06,53.60427301936978,31.680538794647426,34.74053879464742,-36.80346522197009,3.4794612053525755,18.359192202600315,0.0,0.0,143.905414062429
392.0,67.79180315926172,38.22,67.79180315926172,38.22,3.06,48.121487188957545,30.52092572459576,33.58092572459576,-29.571803159261727,4.639074275404239,16.610315970304182,0.0,0.0,157.3855847070956
393.0,55.94167237643012,38.22,55.94167237643012,38.22,3.956876889573174,38.98404975133553,27.574507823265094,31.53138471283827,-17.721672376430117,6.6886152871617295,13.000745735521413,0.0,0.0,165.30301823667477
394.0,39.55673588828992,38.22,39.55673588828992,38.22,5.03780944141025,25.145746560110283,22.98061291562433,28.01842235703458,-1.3367358882899223,10.201577642965418,9.37317988676939,0.0,0.0,164.93467506857732
395.0,20.47607321995963,38.22,20.47607321995963,38.22,4.877806142204353,12.634294901893751,18.935929175267564,23.813735317471917,17.74392678004037,14.406264682528082,2.9639721758615263,0.0,0.0,156.9603976894889
396.0,9.688605998062292e-15,38.22,9.688605998062292e-15,38.22,3.3802932295423074e-15,6.308312768519984e-15,17.82906291507008,17.829062915070082,38.21999999999999,20.390937084929917,0.0,0.0,0.0,138.16691523680137
397.0,0.0,38.22,0.0,38.22,0.0,0.0,15.387657808269468,15.387657808269468,38.22,22.832342191730532,0.0,0.0,0.0,121.94689972699935
398.0,0.0,38.22,0.0,38.22,0.0,0.0,12.439516225113053,12.439516225113053,38.22,25.780483774886946,0.0,0.0,0.0,108.83449830634031
399.0,0.0,38.22,0.0,38.22,0.0,0.0,11.483670614349599,11.483670614349599,38.22,26.7363293856504,0.0,0.0,0.0,96.72964662617704
400.0,0.0,38.22,0.0,38.22,0.0,0.0,9.534165867992867,9.534165867992867,38.22,28.685834132007134,0.0,0.0,0.0,86.67975338194582
401.0,0.0,38.22,0.0,38.22,0.0,0.0,8.64,8.64,38.22,29.58,0.0,0.0,0.0,77.57239372066088
402.0,0.0,118.43346979045992,0.0,118.43346979045992,0.0,0.0,26.006206548604048,26.006206548604048,118.43346979045992,92.42726324185587,0.0,0.0,0.0,50.15944505586915
403.0,0.0,113.03578164717345,0.0,113.03578164717345,0.0,0.0,22.721842040722247,22.721842040722247,113.03578164717345,90.3139396064512,0.0,0.0,0.0,26.208520561452257
404.0,0.0,111.40826314370574,0.0,111.40826314370574,0.0,0.0,18.686169411814895,18.686169411814895,111.40826314370574,92.72209373189085,0.0,0.0,0.0,6.511568533084277
405.0,0.0,107.07196512682933,0.0,107.07196512682933,0.0,0.0,6.177416311448337,6.177416311448337,107.07196512682933,100.89454881538099,0.0,0.0,0.0,-5.551115123125783e-17
406.0,0.0,38.22,0.0,38.22,0.0,0.0,-5.2662502028650513e-17,-5.2662502028650513e-17,38.22,38.22,0.0,0.0,0.0,0.0
407.0,0.0,38.22,0.0,38.22,0.0,0.0,0.0,0.0,38.22,38.22,0.0,0.0,0.0,0.0
408.0,0.0,38.22,0.0,38.22,0.0,0.0,0.0,0.0,38.22,38.22,0.0,0.0,0.0,0.0
409.0,17.309198709664177,38.22,17.309198709664177,38.22,0.0,17.309198709664177,14.48985120197731,14.48985120197731,20.910801290335822,23.73014879802269,0.0,0.0,0.0,1.1473034667703121
410.0,33.438804132068086,38.22,33.438804132068086,38.22,0.0,33.438804132068086,23.55943019595891,23.55943019595891,4.781195867931914,14.660569804041089,0.0,0.0,0.0,8.036318521986741
411.0,47.28961031310819,38.22,47.28961031310819,38.22,0.0,47.28961031310819,28.526234413023456,28.526234413023456,-9.069610313108189,9.693765586976543,0.0,0.0,0.0,22.829890726339634
412.0,57.917707701086044,38.22,57.917707701086044,38.22,0.0,57.917707701086044,31.127767976459374,31.127767976459374,-19.697707701086046,7.092232023540625,0.0,0.0,0.0,44.96390425611086
413.0,64.29672485020576,38.22,64.29672485020576,38.22,0.5,63.1448623687692,31.945665019501185,32.445665019501185,-26.076724850205764,5.774334980498814,0.6518624814365599,0.0,0.0,71.19469293293025
414.0,66.10822193114937,38.22,66.10822193114937,38.22,0.78,60.03165515010307,32.086356930239326,32.86635693023933,-27.888221931149374,5.3536430697606745,5.296566781046305,0.0,0.0,94.32373162259958
415.0,64.29672485020576,38.22,64.29672485020576,38.22,2.46,54.39152252515058,29.985665019501184,32.445665019501185,-26.076724850205768,5.774334980498814,7.445202325055192,0.0,0.0,114.31639439226123
416.0,57.91770770108605,38.22,57.91770770108605,38.22,2.46,44.725185164417276,28.730081896079493,31.190081896079494,-19.697707701086053,7.029918103920505,10.732522536668776,0.0,0.0,126.4622651750338
417.0,47.28961031310819,38.22,47.28961031310819,38.22,2.46,36.517960768106164,26.65843321237479,29.11843321237479,-9.069610313108189,9.101566787625211,8.311649545002027,0.0,0.0,133.0057887004055
418.0,33.438804132068114,38.22,33.438804132068114,38.22,2.46,25.822097694232184,23.541218097328226,26.001218097328223,4.7811958679318876,12.218781902671775,5.156706437835926,0.0,0.0,132.6881588094414
419.0,17.309198709664194,38.22,17.309198709664194,38.22,2.46,13.36650133553036,18.812129042403647,21.272129042403648,20.910801290335804,16.947870957596354,1.482697374133835,0.0,0.0,125.53901024282966
420.0,8.190144889530495e-15,38.22,8.190144889530495e-15,38.22,1.86555503182816e-15,6.324589857702335e-15,16.141051493039864,16.141051493039868,38.21999999999999,22.07894850696013,0.0,0.0,0.0,108.52484806014053
421.0,0.0,38.22,0.0,38.22,0.0,0.0,15.35607967361111,15.35607967361111,38.22,22.86392032638889,0.0,0.0,0.0,92.3381188269318
422.0,0.0,38.22,0.0,38.22,0.0,0.0,12.272483447041797,12.272483447041797,38.22,25.947516552958202,0.0,0.0,0.0,79.40178541380965
423.0,0.0,38.22,0.0,38.22,0.0,0.0,8.216289603008594,8.216289603008594,38.22,30.003710396991405,0.0,0.0,0.0,70.74105572678705
424.0,0.0,38.22,0.0,38.22,0.0,0.0,7.5694489409008145,7.5694489409008145,38.22,30.650551059099186,0.0,0.0,0.0,62.76215596492177
425.0,0.0,38.22,0.0,38.22,0.0,0.0,7.000182948057812,7.000182948057812,38.22,31.219817051942186,0.0,0.0,0.0,55.38331524701015
426.0,0.0,116.73991387281878,0.0,116.73991387281878,0.0,0.0,29.616172267849088,29.616172267849088,116.73991387281878,87.12374160496968,0.0,0.0,0.0,24.165128599570995
427.0,0.0,110.01128960359786,0.0,110.01128960359786,0.0,0.0,12.572141178086744,12.572141178086744,110.01128960359786,97.43914842551112,0.0,0.0,0.0,10.912928203588768
428.0,0.0,118.90039158387412,0.0,118.90039158387412,0.0,0.0,6.610231563469358,6.610231563469358,118.90039158387412,112.29016002040476,0.0,0.0,0.0,3.9451323363557522
429.0,0.0,110.69569665834352,0.0,110.69569665834352,0.0,0.0,2.933073070500111,2.933073070500111,110.69569665834352,107.76262358784341,0.0,0.0,0.0,0.8534018541944277
430.0,0.0,38.22,0.0,38.22,0.0,0.0,0.5,0.5,38.22,37.72,0.0,0.0,0.0,0.3263555774996978
431.0,0.0,38.22,0.0,38.22,0.0,0.0,0.30960808559959335,0.30960808559959335,38.22,37.91039191440041,0.0,0.0,0.0,0.0
432.0,0.0,38.22,0.0,38.22,0.0,0.0,0.0,0.0,38.22,38.22,0.0,0.0,0.0,0.0
433.0,19.414116515359837,38.22,19.414116515359837,38.22,0.0,19.414116515359837,15.491907190385,15.491907190385,18.805883484640162,22.728092809615,0.0,0.0,0.0,2.08794407734306
434.0,37.50519307354239,38.22,37.50519307354239,38.22,0.0,37.50519307354239,25.29793421344763,25.29793421344763,0.7148069264576091,12.922065786552372,0.0,0.0,0.0,11.002130265840954
435.0,53.040352704025125,38.22,53.040352704025125,38.22,0.0,53.040352704025125,31.400851700378954,31.400851700378954,-14.820352704025128,6.819148299621047,0.0,0.0,0.0,28.22122305140179
436.0,64.25538223170905,38.22,64.25538223170905,38.22,0.0,64.25538223170905,34.16588823066816,34.16588823066816,-26.035382231709054,4.054111769331842,0.0,0.0,0.0,53.165222620592026
437.0,71.20614616637073,38.22,71.20614616637073,38.22,0.3114724461341294,70.8946737202366,34.89282627173382,35.20429871786794,-32.98614616637072,3.0157012821320563,0.0,0.0,0.0,83.64154715997444
438.0,73.57692230320202,38.22,73.57692230320202,38.22,1.795138424985648,67.84174768125148,33.73226893318473,35.52740735817038,-35.35692230320203,2.6925926418296235,3.9400361969649147,0.0,0.0,112.44494660433423
439.0,71.20614616637073,38.22,71.20614616637073,38.22,2.9,56.175261334340625,32.31505438659194,35.21505438659194,-32.98614616637073,3.004945613408061,12.130884832030102,0.0,0.0,131.67442060456403
440.0,64.25538223170906,38.22,64.25538223170906,38.22,3.1799999999999997,46.99171353701197,31.045458091711957,34.22545809171196,-26.03538223170906,3.9945419082880433,14.083668694697092,0.0,0.0,143.5298881928634
441.0,53.040352704025125,38.22,53.040352704025125,38.22,4.02,36.45961353416177,28.588620404682107,32.60862040468211,-14.820352704025128,5.611379595317894,12.560739169863357,0.0,0.0,147.98346272584578
442.0,37.50519307354242,38.22,37.50519307354242,38.22,4.02,24.911138003860284,25.56565656445437,29.585656564454368,0.7148069264575799,8.634343435545633,8.574055069682137,0.0,0.0,144.66767507843574
443.0,19.414116515359858,38.22,19.414116515359858,38.22,4.02,12.894953901152473,20.46103564033498,24.48103564033498,18.80588348464014,13.738964359665017,2.499162614207385,0.0,0.0,135.33307717047697
444.0,9.186122929783436e-15,38.22,9.186122929783436e-15,38.22,3.084653845874343e-15,6.1014690839090924e-15,15.82645103054469,15.826451030544694,38.21999999999999,22.393548969455306,0.0,0.0,0.0,118.65053299259687
445.0,0.0,38.22,0.0,38.22,0.0,0.0,11.89918284528494,11.89918284528494,38.22,26.32081715471506,0.0,0.0,0.0,106.1076929639624
446.0,0.0,38.22,0.0,38.22,0.0,0.0,11.28,11.28,38.22,26.94,0.0,0.0,0.0,94.2175289617293
447.0,0.0,38.22,0.0,38.22,0.0,0.0,9.3625149575483,9.3625149575483,38.22,28.8574850424517,0.0,0.0,0.0,84.34857166398021
448.0,0.0,38.22,0.0,38.22,0.0,0.0,7.375498068639654,7.375498068639654,38.22,30.844501931360345,0.0,0.0,0.0,76.57411407228881
449.0,0.0,38.22,0.0,38.22,0.0,0.0,6.859999999999999,6.859999999999999,38.22,31.36,0.0,0.0,0.0,69.34303915603712
450.0,0.0,114.73862044488459,0.0,114.73862044488459,0.0,0.0,20.57691885510033,20.57691885510033,114.73862044488459,94.16170158978426,0.0,0.0,0.0,47.65306221917669
451.0,0.0,104.46992836941345,0.0,104.46992836941345,0.0,0.0,20.257379457225532,20.257379457225532,104.46992836941345,84.21254891218791,0.0,0.0,0.0,26.299909382130632
452.0,0.0,113.76350168120118,0.0,113.76350168120118,0.0,0.0,12.41889176385045,12.41889176385045,113.76350168120118,101.34460991735072,0.0,0.0,0.0,13.20924805250618
453.0,0.0,115.22813749189686,0.0,115.22813749189686,0.0,0.0,10.652930118731089,10.652930118731089,115.22813749189686,104.57520737316578,0.0,0.0,0.0,1.980073742573445
454.0,0.0,38.22,0.0,38.22,0.0,0.0,0.7799999999999999,0.7799999999999999,38.22,37.44,0.0,0.0,0.0,1.1578815509296663
455.0,0.0,38.22,0.0,38.22,0.0,0.0,0.78,0.78,38.22,37.44,0.0,0.0,0.0,0.3356893592858876
456.0,0.0,38.22,0.0,38.22,0.0,0.0,0.3184628884877997,0.3184628884877997,38.22,37.9015371115122,0.0,0.0,0.0,0.0
457.0,18.83615098400502,38.22,18.83615098400502,38.22,0.0,18.83615098400502,16.0455182115463,16.0455182115463,19.38384901599498,22.174481788453697,0.0,0.0,0.0,0.9560805760173927
458.0,36.388649406661386,38.22,36.388649406661386,38.22,0.0,36.388649406661386,26.318984440283383,26.318984440283383,1.831350593338613,11.901015559716614,0.0,0.0,0.0,7.734738995457011
459.0,51.46132150734022,38.22,51.46132150734022,38.22,0.0,51.46132150734022,30.50518530589034,30.50518530589034,-13.241321507340224,7.71481469410966,0.0,0.0,0.0,24.399946534373793
460.0,62.353885145300524,38.22,62.353885145300524,38.22,0.0,62.353885145300524,32.445907082415374,32.445907082415374,-24.133885145300525,5.774092917584626,0.0,0.0,0.0,49.353046896740054
461.0,68.94451026476521,38.22,68.94451026476521,38.22,0.0,68.94451026476521,33.42884080308016,33.42884080308016,-30.724510264765215,4.791159196919837,0.0,0.0,0.0,79.52246011822649
462.0,70.9532950822289,38.22,70.9532950822289,38.22,0.5599999999999999,69.37212957150902,33.18875486735994,33.74875486735994,-32.7332950822289,4.471245132640058,1.021165510719875,0.0,0.0,110.35062143096094
463.0,68.94451026476521,38.22,68.94451026476521,38.22,1.9,61.252133301468476,31.52884080308016,33.42884080308016,-30.724510264765218,4.791159196919836,5.792376963296741,0.0,0.0,135.2251809564992
464.0,62.35388514530053,38.22,62.35388514530053,38.22,1.9,51.91781381538996,30.59090022503851,32.49090022503851,-24.133885145300532,5.729099774961491,8.536071329910566,0.0,0.0,152.23310366576285
465.0,51.46132150734022,38.22,51.46132150734022,38.22,1.9,42.94030494815038,29.09885223360842,30.99885223360842,-13.241321507340224,7.22114776639158,6.621016559189845,0.0,0.0,162.29697033164206
466.0,36.388649406661415,38.22,36.388649406661415,38.22,2.620184529885891,29.64319628516952,25.732681009004956,28.352865538890846,1.8313505933385847,9.867134461109153,4.125268591606004,0.0,0.0,163.29434811787692
467.0,18.83615098400504,38.22,18.83615098400504,38.22,2.430135308215505,15.18710714905818,22.701957539422317,25.13209284763782,19.383849015994958,13.087907152362177,1.218908526731354,0.0,0.0,153.7721386262232
468.0,8.912648604232622e-15,38.22,8.912648604232622e-15,38.22,1.475765178942674e-15,7.436883425289947e-15,21.378938528230265,21.378938528230268,38.21999999999999,16.84106147176973,0.0,0.0,0.0,131.23675872424465
469.0,0.0,38.22,0.0,38.22,0.0,0.0,19.0895334307993,19.0895334307993,38.22,19.1304665692007,0.0,0.0,0.0,111.11462368715998
470.0,0.0,38.22,0.0,38.22,0.0,0.0,15.916305229771016,15.916305229771016,38.22,22.303694770228983,0.0,0.0,0.0,94.33736486698463
471.0,0.0,38.22,0.0,38.22,0.0,0.0,14.66709220910619,14.66709220910619,38.22,23.55290779089381,0.0,0.0,0.0,78.87689218948924
472.0,0.0,38.22,0.0,38.22,0.0,0.0,11.755242789467596,11.755242789467596,38.22,26.4647572105324,0.0,0.0,0.0,66.4857783018263
473.0,0.0,38.22,0.0,38.22,0.0,0.0,9.9955001137018,9.9955001137018,38.22,28.224499886298197,0.0,0.0,0.0,55.94959606456974
474.0,0.0,113.30933884221297,0.0,113.30933884221297,0.0,0.0,24.24374991062497,24.24374991062497,113.30933884221297,89.065588931588,0.0,0.0,0.0,30.394439817543578
475.0,0.0,129.21758204023845,0.0,129.21758204023845,0.0,0.0,17.499108743590416,17.499108743590416,129.21758204023845,111.71847329664803,0.0,0.0,0.0,11.948759599972533
476.0,0.0,114.97340312100711,0.0,114.97340312100711,0.0,0.0,4.9231425823418995,4.9231425823418995,114.97340312100711,110.0502605386652,0.0,0.0,0.0,6.759311664651381
477.0,0.0,107.41873764905054,0.0,107.41873764905054,0.0,0.0,5.337453344939678,5.337453344939678,107.41873764905054,102.08128430411085,0.0,0.0,0.0,1.1331418396868034
478.0,0.0,38.22,0.0,38.22,0.0,0.0,0.589934211354652,0.589934211354652,38.22,37.63006578864535,0.0,0.0,0.0,0.511296580508181
479.0,0.0,38.22,0.0,38.22,0.0,0.0,0.48505852627845125,0.48505852627845125,38.22,37.73494147372155,0.0,0.0,0.0,0.0
480.0,0.0,38.22,0.0,38.22,0.0,0.0,0.0,0.0,38.22,38.22,0.0,0.0,0.0,0.0
481.0,16.09383290903125,38.22,16.09383290903125,38.22,0.0,16.09383290903125,13.557547663825494,13.557547663825494,22.12616709096875,24.662452336174507,0.0,0.0,0.0,0.9770404477525387
482.0,31.090897701628414,38.22,31.090897701628414,38.22,0.0,31.090897701628414,21.581335958884942,21.581335958884942,7.129102298371585,16.638664041115057,0.0,0.0,0.0,7.723730292227727
483.0,43.9691691959974,38.22,43.9691691959974,38.22,0.0,43.9691691959974,26.43382582522993,26.43382582522993,-5.749169195997405,11.786174174770068,0.0,0.0,0.0,21.572847777658737
484.0,53.14727061645815,38.22,53.14727061645815,38.22,0.0,53.14727061645815,29.272272158222904,29.272272158222904,-14.92727061645815,8.947727841777095,0.0,0.0,0.0,41.137091645691044
485.0,58.35523725324015,38.22,58.35523725324015,38.22,0.0,58.35523725324015,30.843144883049916,30.843144883049916,-20.135237253240152,7.376855116950083,0.0,0.0,0.0,63.98620123727997
486.0,60.0484513996103,38.22,60.0484513996103,38.22,0.84,59.01880295402716,30.48512844691349,31.32512844691349,-21.8284513996103,6.894871553086512,0.1896484455831401,0.0,0.0,87.84220698568717
487.0,58.355237253240155,38.22,58.355237253240155,38.22,2.52,49.79978143277335,28.323144883049917,30.843144883049916,-20.13523725324016,7.376855116950083,6.0354558204668045,0.0,0.0,105.23121176773164
488.0,53.14727061645816,38.22,53.14727061645816,38.22,3.02,40.33601910365585,26.39726002459601,29.417260024596015,-14.927270616458156,8.802739975403986,9.791251512802308,0.0,0.0,115.67216417940448
489.0,43.9691691959974,38.22,43.9691691959974,38.22,3.02,32.16373731181471,23.854201600890807,26.874201600890807,-5.749169195997405,11.345798399109194,8.785431884182698,0.0,0.0,121.04082829545729
490.0,31.09089770162844,38.22,31.09089770162844,38.22,3.02,22.743196761486967,20.026791274552636,23.046791274552636,7.12910229837156,15.173208725447362,5.327700940141471,0.0,0.0,121.50682765656556
491.0,16.093832909031267,38.22,16.093832909031267,38.22,3.02,11.772744936773604,15.615695785864439,18.63569578586444,22.126167090968732,19.58430421413556,1.3010879722576623,0.0,0.0,116.21504550641656
492.0,7.615073670583409e-15,38.22,7.615073670583409e-15,38.22,2.0445970473167195e-15,5.570476623266689e-15,13.02381706870606,13.023817068706062,38.21999999999999,25.196182931293936,0.0,0.0,0.0,102.48673691758697
493.0,0.0,38.22,0.0,38.22,0.0,0.0,11.420893824272483,11.420893824272483,38.22,26.799106175727516,0.0,0.0,0.0,90.44805778436967
494.0,0.0,38.22,0.0,38.22,0.0,0.0,9.817499436034351,9.817499436034351,38.22,28.40250056396565,0.0,0.0,0.0,80.09950473594066
495.0,0.0,38.22,0.0,38.22,0.0,0.0,9.051202542700205,9.051202542700205,38.22,29.168797457299796,0.0,0.0,0.0,70.55869953646062
496.0,0.0,38.22,0.0,38.22,0.0,0.0,7.2681159186090705,7.2681159186090705,38.22,30.95188408139093,0.0,0.0,0.0,62.89743266948341
497.0,0.0,38.22,0.0,38.22,0.0,0.0,5.699999999999999,5.699999999999999,38.22,32.519999999999996,0.0,0.0,0.0,56.88910511516349
498.0,0.0,115.64937920687194,0.0,115.64937920687194,0.0,0.0,25.071731378905874,25.071731378905874,115.64937920687194,90.57764782796608,0.0,0.0,0.0,30.461179768077955
499.0,0.0,125.12424379204943,0.0,125.12424379204943,0.0,0.0,17.269653238546102,17.269653238546102,125.12424379204943,107.85459055350333,0.0,0.0,0.0,12.257366889708344
500.0,0.0,107.2745200029271,0.0,107.2745200029271,0.0,0.0,9.985264322950892,9.985264322950892,107.2745200029271,97.28925567997621,0.0,0.0,0.0,1.7319741232603612
501.0,0.0,117.18134250248143,0.0,117.18134250248143,0.0,0.0,1.6430949233927863,1.6430949233927863,117.18134250248143,115.53824757908865,0.0,0.0,0.0,0.0
502.0,0.0,38.22,0.0,38.22,0.0,0.0,0.0,0.0,38.22,38.22,0.0,0.0,0.0,0.0
503.0,0.0,38.22,0.0,38.22,0.0,0.0,0.0,0.0,38.22,38.22,0.0,0.0,0.0,0.0
504.0,0.0,38.22,0.0,38.22,0.0,0.0,0.0,0.0,38.22,38.22,0.0,0.0,0.0,0.0
505.0,19.682821442146135,38.22,19.682821442146135,38.22,0.0,19.682821442146135,16.947625716675056,16.947625716675056,18.537178557853863,21.272374283324943,0.0,0.0,0.0,0.8083978950956808
506.0,38.02429113041039,38.22,38.02429113041039,38.22,0.0,38.02429113041039,26.92428116705415,26.92428116705415,0.19570886958960942,11.295718832945848,0.0,0.0,0.0,8.500723527170454
507.0,53.41382147864939,38.22,53.41382147864939,38.22,0.0,53.41382147864939,32.33655261097569,32.33655261097569,-15.193821478649388,5.883447389024309,0.0,0.0,0.0,25.087804539500954
508.0,64.51932443183537,38.22,64.51932443183537,38.22,0.0,64.51932443183537,34.34282595446658,34.34282595446658,-26.299324431835377,3.8771740455334154,0.0,0.0,0.0,50.09569292853214
509.0,71.4555286252454,38.22,71.4555286252454,38.22,0.0,71.4555286252454,35.1397532374492,35.1397532374492,-33.23552862524541,3.0802467625507974,0.0,0.0,0.0,80.84380727313449
510.0,73.69399730104676,38.22,73.69399730104676,38.22,0.5,72.2034659439855,34.866875587819,35.366875587819,-35.473997301046765,2.8531244121809967,0.9905313570612555,0.0,0.0,112.58911555847585
511.0,71.45552862524542,38.22,71.45552862524542,38.22,1.8399999999999999,65.52307383818047,33.304033925729286,35.14403392572928,-33.235528625245415,3.075966074270715,4.092454787064943,0.0,0.0,139.64422718674706
512.0,64.51932443183539,38.22,64.51932443183539,38.22,1.8399999999999999,55.51589139122122,32.6169715691455,34.456971569145495,-26.299324431835387,3.763028430854503,7.1634330406141675,0.0,0.0,157.92991928083293
513.0,53.41382147864939,38.22,53.41382147864939,38.22,2.4956965615749667,45.40685262280123,30.613559505147595,33.10925606672256,-15.193821478649388,5.110743933277438,5.511272294273188,0.0,0.0,168.73711687400444
514.0,38.02429113041042,38.22,38.02429113041042,38.22,3.9,29.88582001567952,27.161232244126868,31.061232244126867,0.19570886958957923,7.158767755873132,4.238471114730901,0.0,0.0,168.45884252200753
515.0,19.682821442146157,38.22,19.682821442146157,38.22,3.9,14.567921091192085,23.37192060151117,27.27192060151117,18.537178557853842,10.94807939848883,1.2149003509540726,0.0,0.0,157.64301848407663
516.0,9.313265284540837e-15,38.22,9.313265284540837e-15,38.22,2.4202030187818524e-15,6.893062265758984e-15,20.629877541698544,20.629877541698544,38.21999999999999,17.590122458301455,0.0,0.0,0.0,135.89721819003574
517.0,0.0,38.22,0.0,38.22,0.0,0.0,16.44575153583692,16.44575153583692,38.22,21.77424846416308,0.0,0.0,0.0,118.56187396121679
518.0,0.0,38.22,0.0,38.22,0.0,0.0,14.226582709324843,14.226582709324843,38.22,23.993417290675158,0.0,0.0,0.0,103.56573906713822
519.0,0.0,38.22,0.0,38.22,0.0,0.0,11.398444856316573,11.398444856316573,38.22,26.821555143683426,0.0,0.0,0.0,91.55072322387454
520.0,0.0,38.22,0.0,38.22,0.0,0.0,10.718635274881162,10.718635274881162,38.22,27.501364725118837,0.0,0.0,0.0,80.25228959812473
521.0,0.0,38.22,0.0,38.22,0.0,0.0,10.7,10.7,38.22,27.52,0.0,0.0,0.0,68.97349927685751
522.0,0.0,112.19132126662464,0.0,112.19132126662464,0.0,0.0,26.777044321190527,26.777044321190527,112.19132126662464,85.41427694543412,0.0,0.0,0.0,40.74801625611105
523.0,0.0,111.1986389769752,0.0,111.1986389769752,0.0,0.0,20.70538020027285,20.70538020027285,111.1986389769752,90.49325877670236,0.0,0.0,0.0,18.922629171905882
524.0,0.0,112.3466960859995,0.0,112.3466960859995,0.0,0.0,14.42203001321333,14.42203001321333,112.3466960859995,97.92466607278617,0.0,0.0,0.0,3.720474730218417
525.0,0.0,111.02363950389069,0.0,111.02363950389069,0.0,0.0,2.6608296796989794,2.6608296796989794,111.02363950389069,108.36280982419171,0.0,0.0,0.0,0.9157139790100615
526.0,0.0,38.22,0.0,38.22,0.0,0.0,0.5,0.5,38.22,37.72,0.0,0.0,0.0,0.38866770231533154
527.0,0.0,38.22,0.0,38.22,0.0,0.0,0.36872255767822404,0.36872255767822404,38.22,37.85127744232177,0.0,0.0,0.0,0.0
528.0,0.0,38.22,0.0,38.22,0.0,0.0,0.0,0.0,38.22,38.22,0.0,0.0,0.0,0.0
529.0,17.229384703867797,38.22,17.229384703867797,38.22,0.0,17.229384703867797,14.54686778352264,14.54686778352264,20.9906152961322,23.67313221647736,0.0,0.0,0.0,1.0114844984941258
530.0,33.28461531307147,38.22,33.28461531307147,38.22,0.0,33.28461531307147,23.279821340150388,23.279821340150388,4.935384686928528,14.940178659849613,0.0,0.0,0.0,8.048956809151846
531.0,46.68961989066199,38.22,46.68961989066199,38.22,0.0,46.68961989066199,28.872032289440437,28.872032289440437,-8.469619890661985,9.347967710559564,0.0,0.0,0.0,21.908825154230723
532.0,55.53204746574988,38.22,55.53204746574988,38.22,0.0,55.53204746574988,32.21733064330187,32.21733064330187,-17.31204746574988,6.002669356698127,0.0,0.0,0.0,40.631102770345436
533.0,61.01511020685217,38.22,61.01511020685217,38.22,0.0,61.01511020685217,33.73332428759384,33.73332428759384,-22.795110206852172,4.4866757124061625,0.0,0.0,0.0,62.95707281967305
534.0,62.885280798969525,38.22,62.885280798969525,38.22,0.5232919655801702,61.60660154165285,33.64592522955048,34.16921719513065,-24.66528079896953,4.050782804869351,0.7553872917365068,0.0,0.0,85.93630751552443
535.0,61.01511020685218,38.22,61.01511020685218,38.22,1.1978252966992695,54.52005233930126,32.53608970319938,33.73391499989865,-22.79511020685218,4.486085000101351,5.297232570851645,0.0,0.0,103.36252070610544
536.0,55.53204746574989,38.22,55.53204746574989,38.22,1.3399999999999999,47.14053106890937,31.11361906543789,32.45361906543789,-17.312047465749888,5.766380934562108,7.05151639684052,0.0,0.0,115.28732102653669
537.0,46.68961989066199,38.22,46.68961989066199,38.22,1.798162974431325,39.25082895925647,28.224515050893235,30.02267802532456,-8.469619890661985,8.197321974675441,5.640627956974193,0.0,0.0,122.77267575664544
538.0,33.2846153130715,38.22,33.2846153130715,38.22,3.7796906293789108,25.46797641134377,21.79636726827462,25.576057897653527,4.935384686928503,12.64394210234647,4.036948272348814,0.0,0.0,123.9583311848017
539.0,17.229384703867815,38.22,17.229384703867815,38.22,3.6375634239539782,12.272834767309371,16.129404047949407,19.766967471903385,20.99061529613218,18.453032528096614,1.3189865126044682,0.0,0.0,118.59947985072849
540.0,8.152379520800793e-15,38.22,8.152379520800793e-15,38.22,1.967895955392528e-15,6.184483565408264e-15,12.88,12.880000000000003,38.21999999999999,25.339999999999996,0.0,0.0,0.0,105.02276776307224
541.0,0.0,38.22,0.0,38.22,0.0,0.0,11.090234121132681,11.090234121132681,38.22,27.129765878867317,0.0,0.0,0.0,93.33263456064059
542.0,0.0,38.22,0.0,38.22,0.0,0.0,9.347639811591167,9.347639811591167,38.22,28.872360188408834,0.0,0.0,0.0,83.47935704347549
543.0,0.0,38.22,0.0,38.22,0.0,0.0,8.639999999999999,8.639999999999999,38.22,29.58,0.0,0.0,0.0,74.37199738219056
544.0,0.0,38.22,0.0,38.22,0.0,0.0,8.604150371191619,8.604150371191619,38.22,29.61584962880838,0.0,0.0,0.0,65.30242654767432
545.0,0.0,38.22,0.0,38.22,0.0,0.0,8.039006189062261,8.039006189062261,38.22,30.18099381093774,0.0,0.0,0.0,56.828569987132006
546.0,0.0,121.5669772864641,0.0,121.5669772864641,0.0,0.0,23.374798361686477,23.374798361686477,121.5669772864641,98.19217892477761,0.0,0.0,0.0,32.18936909709815
547.0,0.0,110.65470769555205,0.0,110.65470769555205,0.0,0.0,19.672635243156996,19.672635243156996,110.65470769555205,90.98207245239504,0.0,0.0,0.0,11.452590781739314
548.0,0.0,118.26010073203602,0.0,118.26010073203602,0.0,0.0,5.8815104625544326,5.8815104625544326,118.26010073203602,112.37859026948159,0.0,0.0,0.0,5.252934400478488
549.0,0.0,116.07145840946602,0.0,116.07145840946602,0.0,0.0,4.983371131488931,4.983371131488931,116.07145840946602,111.0880872779771,0.0,0.0,0.0,0.0
550.0,0.0,38.22,0.0,38.22,0.0,0.0,0.0,0.0,38.22,38.22,0.0,0.0,0.0,0.0
551.0,0.0,38.22,0.0,38.22,0.0,0.0,0.0,0.0,38.22,38.22,0.0,0.0,0.0,0.0
552.0,0.0,38.22,0.0,38.22,0.0,0.0,0.0,0.0,38.22,38.22,0.0,0.0,0.0,0.0
553.0,25.259164466774067,38.22,25.259164466774067,38.22,0.0,25.259164466774067,19.905563972204607,19.905563972204607,12.960835533225934,18.31443602779539,0.0,0.0,0.0,2.980640698221173
554.0,48.79695861788042,38.22,48.79695861788042,38.22,0.0,48.79695861788042,26.92858508339541,26.92858508339541,-10.57695861788042,11.291414916604587,0.0,0.0,0.0,20.88827932494482
555.0,67.39792407853018,38.22,67.39792407853018,38.22,0.0,67.39792407853018,31.05244110229364,31.05244110229364,-29.17792407853018,7.167558897706362,0.0,0.0,0.0,52.09541729103045
556.0,80.02031128280842,38.22,80.02031128280842,38.22,0.0,80.02031128280842,32.96696245731255,32.96696245731255,-41.80031128280842,5.253037542687455,0.0,0.0,0.0,93.25912047571084
557.0,87.01607801569209,38.22,87.01607801569209,38.22,0.5,85.33490781935127,33.435860780477896,33.935860780477896,-48.79607801569208,4.284139219522107,1.181170196340807,0.0,0.0,138.97043039974116
558.0,89.16875330695225,38.22,89.16875330695225,38.22,2.62,80.00631317650124,31.578138189743406,34.1981381897434,-50.948753306952256,4.021861810256595,6.542440130451018,0.0,0.0,181.5848031331748
559.0,87.01607801569209,38.22,87.01607801569209,38.22,3.96,67.58128187058597,29.97651197528955,33.93651197528955,-48.79607801569209,4.283488024710451,15.474796145106119,0.0,0.0,214.100018454901
560.0,80.02031128280844,38.22,80.02031128280844,38.22,5.46,55.154109239296616,27.64851802807624,33.10851802807624,-41.80031128280844,5.111481971923759,19.40620204351182,0.0,0.0,237.27970374342584
561.0,67.39792407853018,38.22,67.39792407853018,38.22,7.440300446833447,41.2193707465315,23.999800469625036,31.440100916458487,-29.17792407853018,6.779899083541514,18.738252885165224,0.0,0.0,251.0858213689476
562.0,48.796958617880456,38.22,48.796958617880456,38.22,8.844213579780835,25.60730153204418,20.310478505937297,29.154692085718132,-10.576958617880459,9.065307914281869,14.345443506055444,0.0,0.0,253.96991649165608
563.0,25.259164466774095,38.22,25.259164466774095,38.22,8.944606190160133,12.357126728001392,17.03300141344738,25.977607603607517,12.960835533225906,12.242392396392484,3.9574315486125675,0.0,0.0,247.73855627861755
564.0,1.1951807835902623e-14,38.22,1.1951807835902623e-14,38.22,6.008007987681714e-15,5.94379984822091e-15,20.770877711638143,20.77087771163815,38.219999999999985,17.44912228836185,0.0,0.0,0.0,225.84412875541668
565.0,0.0,38.22,0.0,38.22,0.0,0.0,17.807467232046378,17.807467232046378,38.22,20.41253276795362,0.0,0.0,0.0,207.0734101513898
566.0,0.0,38.22,0.0,38.22,0.0,0.0,16.54,16.54,38.22,21.68,0.0,0.0,0.0,189.63871931832813
567.0,0.0,38.22,0.0,38.22,0.0,0.0,16.53034102052598,16.53034102052598,38.22,21.689658979474018,0.0,0.0,0.0,172.21420994360338
568.0,0.0,38.22,0.0,38.22,0.0,0.0,16.010011491844388,16.010011491844388,38.22,22.20998850815561,0.0,0.0,0.0,155.33817605037055
569.0,0.0,38.22,0.0,38.22,0.0,0.0,15.98,15.98,38.22,22.24,0.0,0.0,0.0,138.49377704720698
570.0,0.0,115.5045110179514,0.0,115.5045110179514,0.0,0.0,56.3753923572246,56.3753923572246,115.5045110179514,59.1291186607268,0.0,0.0,0.0,79.06889576904746
571.0,0.0,109.1190247882821,0.0,109.1190247882821,0.0,0.0,40.33894680757172,40.33894680757172,109.1190247882821,68.78007798071037,0.0,0.0,0.0,36.547912327612586
572.0,0.0,106.98744945495335,0.0,106.98744945495335,0.0,0.0,20.759164153667484,20.759164153667484,106.98744945495335,86.22828530128587,0.0,0.0,0.0,14.66583197864228
573.0,0.0,112.2888328045298,0.0,112.2888328045298,0.0,0.0,11.499714572132014,11.499714572132014,112.2888328045298,100.78911823239778,0.0,0.0,0.0,2.5440684820536683
574.0,0.0,38.22,0.0,38.22,0.0,0.0,1.3215803361625125,1.3215803361625125,38.22,36.89841966383749,0.0,0.0,0.0,1.151000490998825
575.0,0.0,38.22,0.0,38.22,0.0,0.0,0.9107548023674102,0.9107548023674102,38.22,37.30924519763259,0.0,0.0,0.0,0.19098063585964864
576.0,0.0,38.22,0.0,38.22,0.0,0.0,0.1811801394911157,0.1811801394911157,38.22,38.03881986050889,0.0,0.0,0.0,0.0
577.0,18.098668872370023,38.22,18.098668872370023,38.22,0.0,18.098668872370023,14.76642294691483,14.76642294691483,20.121331127629976,23.45357705308517,0.0,0.0,0.0,1.6047284076220016
578.0,34.96394337055251,38.22,34.96394337055251,38.22,0.0,34.96394337055251,23.163929490754395,23.163929490754395,3.2560566294474933,15.056070509245606,0.0,0.0,0.0,10.357511933806439
579.0,49.44648290868023,38.22,49.44648290868023,38.22,0.0,49.44648290868023,28.171600849420077,28.171600849420077,-11.22648290868023,10.048399150579924,0.0,0.0,0.0,27.571089744177677
580.0,60.55932635075797,38.22,60.55932635075797,38.22,0.0,60.55932635075797,31.009151311389473,31.009151311389473,-22.339326350757972,7.210848688610526,0.0,0.0,0.0,52.33619571006949
581.0,67.28525980131543,38.22,67.28525980131543,38.22,0.5,65.76411856571211,32.02134597052917,32.52134597052917,-29.06525980131544,5.698654029470829,1.0211412356033285,0.0,0.0,80.9720542673319
582.0,69.51772204336562,38.22,69.51772204336562,38.22,0.8857442578375074,64.68648241238546,32.101334074978844,32.98707833281635,-31.297722043365624,5.23292166718365,3.9454953731426596,0.0,0.0,108.50126253929776
583.0,67.28525980131545,38.22,67.28525980131545,38.22,1.1946015149295297,58.667822341624195,31.32814538360196,32.522746898531494,-29.065259801315445,5.697253101468507,7.422835944761717,0.0,0.0,131.1356809674342
584.0,60.55932635075798,38.22,60.55932635075798,38.22,2.0238489207003534,49.72298191646965,29.076195169965988,31.100044090666344,-22.339326350757975,7.1199559093336555,8.81249551358797,0.0,0.0,147.65804263129698
585.0,49.44648290868023,38.22,49.44648290868023,38.22,2.568352465023723,38.12653488080534,26.03744125354809,28.60579371857181,-11.22648290868023,9.614206281428189,8.75159556285117,0.0,0.0,156.38217655057676
586.0,34.963943370552535,38.22,34.963943370552535,38.22,2.6199999999999997,26.129705308763008,22.664925432484893,25.28492543248489,3.2560566294474667,12.935074567515107,6.2142380617895245,0.0,0.0,157.28006243847238
587.0,18.098668872370045,38.22,18.098668872370045,38.22,2.6199999999999997,13.496025496572049,18.094484877129034,20.71448487712903,20.121331127629958,17.505515122870968,1.9826433757979944,0.0,0.0,151.01025465073425
588.0,8.563696266863291e-15,38.22,8.563696266863291e-15,38.22,2.177819826031372e-15,6.385876440831919e-15,13.808423455764588,13.80842345576459,38.21999999999999,24.41157654423541,0.0,0.0,0.0,136.45489831196446
589.0,0.0,38.22,0.0,38.22,0.0,0.0,12.797282584234209,12.797282584234209,38.22,25.42271741576579,0.0,0.0,0.0,122.96537803630257
590.0,0.0,38.22,0.0,38.22,0.0,0.0,11.292921007360471,11.292921007360471,38.22,26.92707899263953,0.0,0.0,0.0,111.06159409642851
591.0,0.0,38.22,0.0,38.22,0.0,0.0,10.10252718113655,10.10252718113655,38.22,28.117472818863448,0.0,0.0,0.0,100.41259542437786
592.0,0.0,38.22,0.0,38.22,0.0,0.0,8.64,8.64,38.22,29.58,0.0,0.0,0.0,91.30523576309292
593.0,0.0,38.22,0.0,38.22,0.0,0.0,8.64,8.64,38.22,29.58,0.0,0.0,0.0,82.19787610180799
594.0,0.0,118.44125678570983,0.0,118.44125678570983,0.0,0.0,34.22671261265536,34.22671261265536,118.44125678570983,84.21454417305446,0.0,0.0,0.0,46.11975320980687
595.0,0.0,106.53067633522397,0.0,106.53067633522397,0.0,0.0,17.999878229837567,17.999878229837567,106.53067633522397,88.5307981053864,0.0,0.0,0.0,27.146215605818043
596.0,0.0,106.64974456359766,0.0,106.64974456359766,0.0,0.0,15.68730997522645,15.68730997522645,106.64974456359766,90.96243458837121,0.0,0.0,0.0,10.610338978219652
597.0,0.0,118.81079186596371,0.0,118.81079186596371,0.0,0.0,7.769557358875696,7.769557358875696,118.81079186596371,111.041234507088,0.0,0.0,0.0,2.4205064230965023
598.0,0.0,38.22,0.0,38.22,0.0,0.0,0.6531656108141641,0.6531656108141641,38.22,37.566834389185836,0.0,0.0,0.0,1.732009416607214
599.0,0.0,38.22,0.0,38.22,0.0,0.0,0.5,0.5,38.22,37.72,0.0,0.0,0.0,1.204963139912484
600.0,0.0,38.22,0.0,38.22,0.0,0.0,0.5,0.5,38.22,37.72,0.0,0.0,0.0,0.6779168632177541
601.0,18.36538363969192,38.22,18.36538363969192,38.22,0.0,18.36538363969192,15.7145772680293,15.7145772680293,19.85461636030808,22.505422731970697,0.0,0.0,0.0,1.536230706590667
602.0,35.47919673457031,38.22,35.47919673457031,38.22,0.0,35.47919673457031,25.036723727401917,25.036723727401917,2.7408032654296917,13.183276272598084,0.0,0.0,0.0,8.803728034602285
603.0,50.175161204132564,38.22,50.175161204132564,38.22,0.0,50.175161204132564,29.045344575472416,29.045344575472416,-11.955161204132569,9.174655424527582,0.0,0.0,0.0,25.78758401831854
604.0,61.33194936901532,38.22,61.33194936901532,38.22,0.0,61.33194936901532,30.947332554498875,30.947332554498875,-23.11194936901532,7.272667445501123,0.0,0.0,0.0,51.35082722861865
605.0,66.29286841837293,38.22,66.29286841837293,38.22,0.0,66.29286841837293,32.07388299502903,32.07388299502903,-28.072868418372938,6.146117004970967,0.0,0.0,0.0,80.4329230536445
606.0,68.20811343968036,38.22,68.20811343968036,38.22,0.5,65.77358537188067,31.85557019614295,32.35557019614295,-29.988113439680365,5.864429803857051,1.93452806779969,0.0,0.0,109.2525056211178
607.0,66.29286841837295,38.22,66.29286841837295,38.22,2.7511922577505294,57.45995489253711,28.832008716617352,31.58320097436788,-28.07286841837294,6.6367990256321185,6.081721268085302,0.0,0.0,133.37219944695732
608.0,60.20733568083592,38.22,60.20733568083592,38.22,2.96,45.64670561027366,27.519464419290646,30.479464419290647,-21.98733568083592,7.740535580709354,11.600630070562255,0.0,0.0,147.66840415281217
609.0,49.25691797286956,38.22,49.25691797286956,38.22,2.96,37.178779073415456,25.687653498769514,28.647653498769515,-11.036917972869562,9.572346501230486,9.118138899454106,0.0,0.0,155.8621266345697
610.0,34.82990071896562,38.22,34.82990071896562,38.22,3.24,25.853595915042522,23.044986914038002,26.284986914038004,3.390099281034383,11.935013085961996,5.736304803923096,0.0,0.0,156.09745217467253
611.0,18.36538363969194,38.22,18.36538363969194,38.22,3.24,13.532857461926488,20.24554344422824,23.48554344422824,19.854616360308057,14.734456555771759,1.5925261777654545,0.0,0.0,147.59517143981668
612.0,8.689896943462153e-15,38.22,8.689896943462153e-15,38.22,2.286592825134649e-15,6.4033041183275034e-15,19.419306870240707,19.41930687024071,38.21999999999999,18.80069312975929,0.0,0.0,0.0,127.12542467591118
613.0,0.0,38.22,0.0,38.22,0.0,0.0,17.000050250678438,17.000050250678438,38.22,21.21994974932156,0.0,0.0,0.0,109.20579829942442
614.0,0.0,38.22,0.0,38.22,0.0,0.0,15.117318964555729,15.117318964555729,38.22,23.10268103544427,0.0,0.0,0.0,93.27074495167297
615.0,0.0,38.22,0.0,38.22,0.0,0.0,12.473162330511201,12.473162330511201,38.22,25.746837669488798,0.0,0.0,0.0,80.1228774218632
616.0,0.0,38.22,0.0,38.22,0.0,0.0,11.03212890340751,11.03212890340751,38.22,27.187871096592488,0.0,0.0,0.0,68.4939924967487
617.0,0.0,38.22,0.0,38.22,0.0,0.0,9.43340106520609,9.43340106520609,38.22,28.78659893479391,0.0,0.0,0.0,58.550314680778776
618.0,0.0,118.87126415249814,0.0,118.87126415249814,0.0,0.0,25.29926035175932,25.29926035175932,118.87126415249814,93.57200380073883,0.0,0.0,0.0,31.882552737728073
619.0,0.0,106.1530862388788,0.0,106.1530862388788,0.0,0.0,17.19526065990864,17.19526065990864,106.1530862388788,88.95782557897016,0.0,0.0,0.0,13.757156522527646
620.0,0.0,119.72664535283748,0.0,119.72664535283748,0.0,0.0,8.189137527358342,8.189137527358342,119.72664535283748,111.53750782547914,0.0,0.0,0.0,5.125047636257043
621.0,0.0,102.56255443369194,0.0,102.56255443369194,0.0,0.0,4.862047094230322,4.862047094230322,102.56255443369194,97.70050733946162,0.0,0.0,0.0,0.0
622.0,0.0,38.22,0.0,38.22,0.0,0.0,0.0,0.0,38.22,38.22,0.0,0.0,0.0,0.0
623.0,0.0,38.22,0.0,38.22,0.0,0.0,0.0,0.0,38.22,38.22,0.0,0.0,0.0,0.0
624.0,0.0,38.22,0.0,38.22,0.0,0.0,0.0,0.0,38.22,38.22,0.0,0.0,0.0,0.0
625.0,22.321980799263237,38.22,22.321980799263237,38.22,0.0,22.321980799263237,18.99731795650792,18.99731795650792,15.898019200736762,19.222682043492078,0.0,0.0,0.0,1.1515589713384236
626.0,43.12275549587412,38.22,43.12275549587412,38.22,0.0,43.12275549587412,27.58863061385216,27.58863061385216,-4.902755495874116,10.631369386147838,0.0,0.0,0.0,12.980426787916153
627.0,58.9546801938526,38.22,58.9546801938526,38.22,0.0,58.9546801938526,32.59484939444023,32.59484939444023,-20.734680193852604,5.625150605559767,0.0,0.0,0.0,34.55175920420315
628.0,69.5075037552532,38.22,69.5075037552532,38.22,0.0,69.5075037552532,34.79426997909312,34.79426997909312,-31.287503755253194,3.4257300209068795,0.0,0.0,0.0,63.81598622041073
629.0,76.07355234679858,38.22,76.07355234679858,38.22,0.2279532805279323,75.84559906627065,35.49190121634181,35.71985449686974,-37.85355234679858,2.500145503130256,0.0,0.0,0.0,98.35769050743711
630.0,78.19271781725881,38.22,78.19271781725881,38.22,1.0,72.76045781866046,34.986583226656705,35.986583226656705,-39.97271781725882,2.2334167733432917,4.43225999859836,0.0,0.0,130.5052247507498
631.0,76.07355234679858,38.22,76.07355234679858,38.22,1.3690670734065389,68.50268454295181,34.359103370342964,35.728170443749505,-37.85355234679858,2.4918295562504937,6.201800730440237,0.0,0.0,159.27490244445406
632.0,69.5075037552532,38.22,69.5075037552532,38.22,2.34,58.5234166615261,32.569173725265046,34.90917372526504,-31.2875037552532,3.3108262747349566,8.644087093727101,0.0,0.0,180.4641668822455
633.0,58.9546801938526,38.22,58.9546801938526,38.22,5.847126142257735,44.991897561643114,27.647431775371178,33.49455791762891,-20.734680193852604,4.725442082371087,8.115656489951752,0.0,0.0,194.00427669181408
634.0,43.122755495874145,38.22,43.122755495874145,38.22,8.18,26.009706179132674,22.598513283053563,30.778513283053563,-4.90275549587415,7.441486716946437,8.933049316741474,0.0,0.0,194.85832596181893
635.0,22.32198079926326,38.22,22.32198079926326,38.22,8.18,12.121854224014983,18.428376272501122,26.608376272501122,15.898019200736737,11.611623727498879,2.0201265752482787,0.0,0.0,186.93291240564258
636.0,1.0562028897687235e-14,38.22,1.0562028897687235e-14,38.22,4.8263652144793365e-15,5.7356636832079e-15,21.01139210546148,21.011392105461486,38.21999999999999,17.208607894538517,0.0,0.0,0.0,164.78496045092956
637.0,0.0,38.22,0.0,38.22,0.0,0.0,18.141992615737628,18.141992615737628,38.22,20.07800738426237,0.0,0.0,0.0,145.66162113103397
638.0,0.0,38.22,0.0,38.22,0.0,0.0,15.237756504306066,15.237756504306066,38.22,22.982243495693933,0.0,0.0,0.0,129.59961546948313
639.0,0.0,38.22,0.0,38.22,0.0,0.0,13.42,13.42,38.22,24.8,0.0,0.0,0.0,115.45369340299659
640.0,0.0,38.22,0.0,38.22,0.0,0.0,12.95213340976689,12.95213340976689,38.22,25.26786659023311,0.0,0.0,0.0,101.80094602525448
641.0,0.0,38.22,0.0,38.22,0.0,0.0,12.61640474669432,12.61640474669432,38.22,25.60359525330568,0.0,0.0,0.0,88.50208773121658
642.0,0.0,116.7675459701312,0.0,116.7675459701312,0.0,0.0,32.42023277320152,32.42023277320152,116.7675459701312,84.34731319692968,0.0,0.0,0.0,54.32816178583193
643.0,0.0,112.92367075801698,0.0,112.92367075801698,0.0,0.0,21.338664644564226,21.338664644564226,112.92367075801698,91.58500611345275,0.0,0.0,0.0,31.83523428472184
644.0,0.0,122.85307402872593,0.0,122.85307402872593,0.0,0.0,22.30963510074073,22.30963510074073,122.85307402872593,100.54343892798519,0.0,0.0,0.0,8.318814056194922
645.0,0.0,108.09737096006769,0.0,108.09737096006769,0.0,0.0,6.911499964222937,6.911499964222937,108.09737096006769,101.18587099584475,0.0,0.0,0.0,1.0334534111560056
646.0,0.0,38.22,0.0,38.22,0.0,0.0,0.594825739582862,0.594825739582862,38.22,37.62517426041714,0.0,0.0,0.0,0.40645202849733275
647.0,0.0,38.22,0.0,38.22,0.0,0.0,0.38559425089417104,0.38559425089417104,38.22,37.83440574910583,0.0,0.0,0.0,0.0
648.0,0.0,38.22,0.0,38.22,0.0,0.0,0.0,0.0,38.22,38.22,0.0,0.0,0.0,0.0
649.0,16.14871510970348,38.22,16.14871510970348,38.22,0.0,16.14871510970348,13.164148076880888,13.164148076880888,22.071284890296518,25.05585192311911,0.0,0.0,0.0,1.443785849995341
650.0,31.196921971694195,38.22,31.196921971694195,38.22,0.0,31.196921971694195,21.757368186381488,21.757368186381488,7.023078028305806,16.46263181361851,0.0,0.0,0.0,8.105504888509262
651.0,44.11911015666514,38.22,44.11911015666514,38.22,0.0,44.11911015666514,27.276916764562007,27.276916764562007,-5.89911015666514,10.943083235437992,0.0,0.0,0.0,21.208172978039336
652.0,54.03465389473619,38.22,54.03465389473619,38.22,0.0,54.03465389473619,30.553631679014018,30.553631679014018,-15.814653894736189,7.666368320985979,0.0,0.0,0.0,40.263591012062726
653.0,59.92970724232285,38.22,59.92970724232285,38.22,0.0,59.92970724232285,32.37721325427986,32.37721325427986,-21.70970724232285,5.84278674572014,0.0,0.0,0.0,62.989323939072406
654.0,61.76158896364583,38.22,61.76158896364583,38.22,0.31407252600063246,59.88410378620331,32.60506917357795,32.91914169957858,-23.541588963645832,5.300858300421418,1.5634126514418833,0.0,0.0,85.43161240115028
655.0,59.929707242322856,38.22,59.929707242322856,38.22,2.4,50.986537826173674,30.011557989205915,32.41155798920592,-21.709707242322853,5.808442010794084,6.5431694161491825,0.0,0.0,102.16672947022408
656.0,54.034653894736195,38.22,54.034653894736195,38.22,2.6799999999999997,40.02741168429469,27.985031125753263,30.665031125753263,-15.814653894736196,7.554968874246736,11.327242210441508,0.0,0.0,110.64125348327768
657.0,44.11911015666514,38.22,44.11911015666514,38.22,2.9274638589010977,31.883528766796587,24.69698085881848,27.624444717719577,-5.89911015666514,10.595555282280422,9.308117530967454,0.0,0.0,114.8557210927681
658.0,31.19692197169422,38.22,31.19692197169422,38.22,2.96,21.939373851748087,20.69018405132226,23.65018405132226,7.02307802830578,14.56981594867774,6.297548119946134,0.0,0.0,113.85986969885153
659.0,16.148715109703502,38.22,16.148715109703502,38.22,2.96,11.337942307645445,15.452778331125183,18.412778331125182,22.071284890296496,19.807221668874817,1.8507728020580554,0.0,0.0,108.327327632358
660.0,7.641042127177007e-15,38.22,7.641042127177007e-15,38.22,2.276299841509675e-15,5.364742285667332e-15,11.502002409145616,11.502002409145618,38.21999999999999,26.71799759085438,0.0,0.0,0.0,96.20315254380999
661.0,0.0,38.22,0.0,38.22,0.0,0.0,9.286072904465012,9.286072904465012,38.22,28.933927095534987,0.0,0.0,0.0,86.41477224498179
662.0,0.0,38.22,0.0,38.22,0.0,0.0,8.31712059810867,8.31712059810867,38.22,29.90287940189133,0.0,0.0,0.0,77.64775735687336
663.0,0.0,38.22,0.0,38.22,0.0,0.0,7.7324795020372425,7.7324795020372425,38.22,30.487520497962755,0.0,0.0,0.0,69.49700829453926
664.0,0.0,38.22,0.0,38.22,0.0,0.0,6.742153824803547,6.742153824803547,38.22,31.47784617519645,0.0,0.0,0.0,62.390154154007575
665.0,0.0,38.22,0.0,38.22,0.0,0.0,6.02,6.02,38.22,32.199999999999996,0.0,0.0,0.0,56.04451698260303
666.0,0.0,118.56882104821095,0.0,118.56882104821095,0.0,0.0,22.69388817140174,22.69388817140174,118.56882104821095,95.87493287680923,0.0,0.0,0.0,32.12305845367531
667.0,0.0,112.95397190962474,0.0,112.95397190962474,0.0,0.0,16.257399522163393,16.257399522163393,112.95397190962474,96.69657238746134,0.0,0.0,0.0,14.986254679885517
668.0,0.0,119.76553046035643,0.0,119.76553046035643,0.0,0.0,9.190339000257234,9.190339000257234,119.76553046035643,110.5751914600992,0.0,0.0,0.0,5.298786776589635
669.0,0.0,111.53532531571344,0.0,111.53532531571344,0.0,0.0,3.184778690866473,3.184778690866473,111.53532531571344,108.35054662484697,0.0,0.0,0.0,1.941735274353853
670.0,0.0,38.22,0.0,38.22,0.0,0.0,0.78,0.78,38.22,37.44,0.0,0.0,0.0,1.1195430827100745
671.0,0.0,38.22,0.0,38.22,0.0,0.0,0.7482750860191465,0.7482750860191465,38.22,37.47172491398085,0.0,0.0,0.0,0.3307918866504346
672.0,0.0,38.22,0.0,38.22,0.0,0.0,0.27999999999999997,0.27999999999999997,38.22,37.94,0.0,0.0,0.0,0.03564597170138584
673.0,21.385446400770967,38.22,21.385446400770967,38.22,0.0,21.385446400770967,17.52247903505585,17.52247903505585,16.834553599229032,20.69752096494415,0.0,0.0,0.0,1.853347125691979
674.0,41.31350997045055,38.22,41.31350997045055,38.22,0.0,41.31350997045055,27.10725146898116,27.10725146898116,-3.093509970450552,11.112748531018838,0.0,0.0,0.0,12.473232102193252
675.0,58.42612610944727,38.22,58.42612610944727,38.22,0.0,58.42612610944727,31.577382098872476,31.577382098872476,-20.20612610944727,6.6426179011275215,0.0,0.0,0.0,34.61563878606381
676.0,70.43870601205026,38.22,70.43870601205026,38.22,0.0,70.43870601205026,33.485307977217495,33.485307977217495,-32.218706012050255,4.734692022782502,0.0,0.0,0.0,66.14304892924856
677.0,77.1799071312276,38.22,77.1799071312276,38.22,0.0,77.1799071312276,34.1704972216435,34.1704972216435,-38.95990713122759,4.049502778356497,0.0,0.0,0.0,103.34347110278428
678.0,79.47920529430124,38.22,79.47920529430124,38.22,2.022570776588458,75.5541165398405,32.36983115991487,34.392401936503326,-41.25920529430124,3.8275980634966746,1.902517977872279,0.0,0.0,140.89960158295267
679.0,77.1799071312276,38.22,77.1799071312276,38.22,2.46,63.83473590682665,31.710497221643504,34.1704972216435,-38.959907131227595,4.049502778356497,10.885171224400942,0.0,0.0,168.03275038761296
680.0,70.43870601205026,38.22,70.43870601205026,38.22,3.584154821940105,53.93818581184158,29.935750694726746,33.51990551666685,-32.21870601205026,4.700094483333147,12.916365378268582,0.0,0.0,187.64795450701746
681.0,58.42612610944727,38.22,58.42612610944727,38.22,4.608589981435481,40.98643681806969,27.853888062782552,32.46247804421803,-20.20612610944727,5.757521955781967,12.831099309942097,0.0,0.0,197.17052657300016
682.0,41.31350997045058,38.22,41.31350997045058,38.22,5.346767388404613,26.99162144377308,25.021760447649342,30.368527836053953,-3.0935099704505835,7.851472163946045,8.975121138272888,0.0,0.0,196.4017756634477
683.0,21.38544640077099,38.22,21.38544640077099,38.22,5.359999999999999,13.528568496279165,21.366324525347792,26.726324525347792,16.83455359922901,11.493675474652207,2.4968779044918255,0.0,0.0,186.7140190669284
684.0,1.0118891549370908e-14,38.22,1.0118891549370908e-14,38.22,3.724573759555856e-15,6.394317789815052e-15,21.226003337919565,21.22600333791957,38.21999999999999,16.99399666208043,0.0,0.0,0.0,164.33984701020756
685.0,0.0,38.22,0.0,38.22,0.0,0.0,18.841064236573906,18.841064236573906,38.22,19.378935763426092,0.0,0.0,0.0,144.47962150050256
686.0,0.0,38.22,0.0,38.22,0.0,0.0,15.741428328378428,15.741428328378428,38.22,22.478571671621573,0.0,0.0,0.0,127.88669911984496
687.0,0.0,38.22,0.0,38.22,0.0,0.0,14.693287565566227,14.693287565566227,38.22,23.526712434433772,0.0,0.0,0.0,112.39861411217167
688.0,0.0,38.22,0.0,38.22,0.0,0.0,13.78,13.78,38.22,24.439999999999998,0.0,0.0,0.0,97.87321872646491
689.0,0.0,38.22,0.0,38.22,0.0,0.0,12.964279275846616,12.964279275846616,38.22,25.255720724153385,0.0,0.0,0.0,84.20766848173369
690.0,0.0,113.71033580390004,0.0,113.71033580390004,0.0,0.0,28.372214425264094,28.372214425264094,113.71033580390004,85.33812137863595,0.0,0.0,0.0,54.30072853289381
691.0,0.0,117.81869513068689,0.0,117.81869513068689,0.0,0.0,21.16488659638464,21.16488659638464,117.81869513068689,96.65380853430226,0.0,0.0,0.0,31.990979178312365
692.0,0.0,113.96571544028639,0.0,113.96571544028639,0.0,0.0,18.239701229770017,18.239701229770017,113.96571544028639,95.72601421051638,0.0,0.0,0.0,12.76464593596322
693.0,0.0,113.76315395028831,0.0,113.76315395028831,0.0,0.0,10.770660123795604,10.770660123795604,113.76315395028831,102.9924938264927,0.0,0.0,0.0,1.4113733043814762
694.0,0.0,38.22,0.0,38.22,0.0,0.0,0.27999999999999997,0.27999999999999997,38.22,37.94,0.0,0.0,0.0,1.1162273894324275
695.0,0.0,38.22,0.0,38.22,0.0,0.0,0.27999999999999997,0.27999999999999997,38.22,37.94,0.0,0.0,0.0,0.8210814744833788
696.0,0.0,38.22,0.0,38.22,0.0,0.0,0.27999999999999997,0.27999999999999997,38.22,37.94,0.0,0.0,0.0,0.52593555953433
697.0,16.73481773827899,38.22,16.73481773827899,38.22,0.0,16.73481773827899,14.54103815155139,14.54103815155139,21.485182261721008,23.67896184844861,0.0,0.0,0.0,1.0743776096567272
698.0,32.01406464766068,38.22,32.01406464766068,38.22,0.0,32.01406464766068,24.241296802784813,24.241296802784813,6.205935352339316,13.978703197215186,0.0,0.0,0.0,5.893015599282632
699.0,45.27472441141079,38.22,45.27472441141079,38.22,0.0,45.27472441141079,29.502799990758906,29.502799990758906,-7.054724411410788,8.717200009241092,0.0,0.0,0.0,17.745708697830334
700.0,54.131204786064636,38.22,54.131204786064636,38.22,0.0,54.131204786064636,32.147608586384806,32.147608586384806,-15.911204786064635,6.072391413615197,0.0,0.0,0.0,35.21252376153461
701.0,59.45267321948088,38.22,59.45267321948088,38.22,0.0,59.45267321948088,33.25298805033476,33.25298805033476,-21.23267321948088,4.96701194966524,0.0,0.0,0.0,56.562554787504624
702.0,61.26772700255234,38.22,61.26772700255234,38.22,0.84,60.19203729168835,32.69378733200373,33.533787332003726,-23.047727002552342,4.686212667996273,0.23568971086399093,0.0,0.0,79.20345747299926
703.0,59.452673219480886,38.22,59.452673219480886,38.22,1.3399999999999999,53.57833094741825,31.919795046010652,33.25979504601065,-21.232673219480887,4.960204953989347,4.534342272062631,0.0,0.0,96.38590691652033
704.0,54.13120478606464,38.22,54.13120478606464,38.22,1.3399999999999999,47.540171465716654,31.069769110809386,32.409769110809385,-15.91120478606464,5.810230889190613,5.251033320347984,0.0,0.0,108.73606131726929
705.0,45.27472441141079,38.22,45.27472441141079,38.22,1.3399999999999999,39.31347318125401,29.16383042067139,30.503830420671388,-7.054724411410788,7.716169579328612,4.6212512301567745,0.0,0.0,115.29072023793907
706.0,32.01406464766071,38.22,32.01406464766071,38.22,1.8809323229676753,27.257891155492526,25.22778731769301,27.108719640660684,6.205935352339291,11.111280359339315,2.875241169200505,0.0,0.0,114.55740356716039
707.0,16.57169928391583,38.22,16.57169928391583,38.22,1.6517492130280909,14.077980682309123,20.995892852882346,22.647642065910436,21.64830071608417,15.572357934089561,0.8419693885786169,0.0,0.0,105.78133440275857
708.0,7.84118435969082e-15,38.22,7.84118435969082e-15,38.22,1.0324363210991086e-15,6.808748038591712e-15,15.6474372829394,15.647437282939402,38.21999999999999,22.5725627170606,0.0,0.0,0.0,89.28748728318355
709.0,0.0,38.22,0.0,38.22,0.0,0.0,13.349928130180064,13.349928130180064,38.22,24.870071869819935,0.0,0.0,0.0,75.21542745287628
710.0,0.0,38.22,0.0,38.22,0.0,0.0,12.533072294869685,12.533072294869685,38.22,25.686927705130316,0.0,0.0,0.0,62.0044092757624
711.0,0.0,38.22,0.0,38.22,0.0,0.0,9.799554975801719,9.799554975801719,38.22,28.42044502419828,0.0,0.0,0.0,51.67477134923918
712.0,0.0,38.22,0.0,38.22,0.0,0.0,7.718233553998819,7.718233553998819,38.22,30.50176644600118,0.0,0.0,0.0,43.53903883464836
713.0,0.0,38.22,0.0,38.22,0.0,0.0,5.8,5.8,38.22,32.42,0.0,0.0,0.0,37.42530202498949
714.0,0.0,122.05774725593798,0.0,122.05774725593798,0.0,0.0,19.62288220998881,19.62288220998881,122.05774725593798,102.43486504594918,0.0,0.0,0.0,16.740968011401787
715.0,0.0,120.08161085737649,0.0,120.08161085737649,0.0,0.0,9.366243110758354,9.366243110758354,120.08161085737649,110.71536774661813,0.0,0.0,0.0,6.868080895116076
716.0,0.0,125.814869428302,0.0,125.814869428302,0.0,0.0,4.619618762547721,4.619618762547721,125.814869428302,121.19525066575427,0.0,0.0,0.0,1.9985751580162925
717.0,0.0,99.38725449106231,0.0,99.38725449106231,0.0,0.0,0.9019892048910313,0.9019892048910313,99.38725449106231,98.48526528617127,0.0,0.0,0.0,1.0477950539029766
718.0,0.0,38.22,0.0,38.22,0.0,0.0,0.84,0.84,38.22,37.38,0.0,0.0,0.0,0.16235730905583035
719.0,0.0,38.22,0.0,38.22,0.0,0.0,0.15402566741769166,0.15402566741769166,38.22,38.06597433258231,0.0,0.0,0.0,2.7755575615628914e-17
