time,household_type,generation_kwh,load_kwh,self_consumed_kwh,grid_import,grid_export,net_load_kwh,season,strategy
0.0,apartment,0.0,3.6399999999999997,3.6399999999999997,0.0,0.0,3.6399999999999997,Spring,LOAD_PRIORITY
0.0,family_house,0.0,10.08,10.08,0.0,0.0,10.08,Spring,LOAD_PRIORITY
0.0,luxury_house,0.0,18.0,18.0,0.0,0.0,18.0,Spring,LOAD_PRIORITY
0.0,small_family,0.0,6.5,6.5,0.0,0.0,6.5,Spring,LOAD_PRIORITY
1.0,apartment,0.18120850571724123,3.6399999999999997,3.6399999999999997,0.0,0.0,3.4587914942827584,Spring,LOAD_PRIORITY
1.0,family_house,0.30666054813686977,10.08,10.08,0.0,0.0,9.77333945186313,Spring,LOAD_PRIORITY
1.0,luxury_house,0.3902952430832888,18.0,18.0,0.0,0.0,17.609704756916713,Spring,LOAD_PRIORITY
1.0,small_family,0.27181275857586185,6.5,6.5,0.0,0.0,6.228187241424138,Spring,LOAD_PRIORITY
2.0,apartment,1.282347693137889,3.6399999999999997,3.6399999999999997,0.0,0.0,2.3576523068621107,Spring,LOAD_PRIORITY
2.0,family_house,2.170126865310274,10.08,10.08,0.0,0.0,7.909873134689725,Spring,LOAD_PRIORITY
2.0,luxury_house,2.7619796467585305,18.0,18.0,0.0,0.0,15.238020353241469,Spring,LOAD_PRIORITY
2.0,small_family,1.9235215397068335,6.5,6.5,0.0,0.0,4.576478460293166,Spring,LOAD_PRIORITY
3.0,apartment,0.7640006185128008,3.6399999999999997,3.6399999999999997,0.0,0.0,2.875999381487199,Spring,LOAD_PRIORITY
3.0,family_house,1.2929241236370475,10.08,10.08,0.0,0.0,8.787075876362952,Spring,LOAD_PRIORITY
3.0,luxury_house,1.6455397937198786,18.0,18.0,0.0,0.0,16.354460206280123,Spring,LOAD_PRIORITY
3.0,small_family,1.1460009277692011,6.5,6.5,0.0,0.0,5.353999072230799,Spring,LOAD_PRIORITY
4.0,apartment,0.9883709400816394,3.6399999999999997,3.6399999999999997,0.0,0.0,2.6516290599183603,Spring,LOAD_PRIORITY
4.0,family_house,1.6726277447535436,10.08,10.08,0.0,0.0,8.407372255246456,Spring,LOAD_PRIORITY
4.0,luxury_house,2.1287989478681464,18.0,18.0,0.0,0.0,15.871201052131854,Spring,LOAD_PRIORITY
4.0,small_family,1.482556410122459,6.5,6.5,0.0,0.0,5.017443589877541,Spring,LOAD_PRIORITY
5.0,apartment,1.2846784234109516,3.6399999999999997,3.6399999999999997,0.0,0.0,2.355321576589048,Spring,LOAD_PRIORITY
5.0,family_house,2.1740711780800717,10.08,10.08,0.0,0.0,7.905928821919928,Spring,LOAD_PRIORITY
5.0,luxury_house,2.766999681192819,18.0,18.0,0.0,0.0,15.23300031880718,Spring,LOAD_PRIORITY
5.0,small_family,1.9270176351164274,6.5,6.5,0.0,0.0,4.572982364883573,Spring,LOAD_PRIORITY
6.0,apartment,9.833131732210711,3.6399999999999997,3.6399999999999997,0.0,0.0,-6.193131732210712,Spring,LOAD_PRIORITY
6.0,family_house,16.64068446989505,10.08,10.08,0.0,0.0,-6.560684469895051,Spring,LOAD_PRIORITY
6.0,luxury_house,21.179052961684608,18.0,18.0,0.0,0.0,-3.179052961684609,Spring,LOAD_PRIORITY
6.0,small_family,14.749697598316065,6.5,6.5,0.0,0.0,-8.249697598316065,Spring,LOAD_PRIORITY
7.0,apartment,10.590780305655073,3.6399999999999997,3.6399999999999997,0.0,0.0,-6.950780305655072,Spring,LOAD_PRIORITY
7.0,family_house,19.416430560367637,10.08,10.08,0.0,0.0,-9.336430560367635,Spring,LOAD_PRIORITY
7.0,luxury_house,24.71182071319517,18.0,18.0,0.0,0.0,-6.71182071319517,Spring,LOAD_PRIORITY
7.0,small_family,17.210017996689494,6.5,6.5,0.0,0.0,-10.710017996689494,Spring,LOAD_PRIORITY
8.0,apartment,11.231833542731525,3.6399999999999997,3.6399999999999997,0.0,0.0,-7.591833542731526,Spring,LOAD_PRIORITY
8.0,family_house,20.59169482834113,10.08,10.08,0.0,0.0,-10.51169482834113,Spring,LOAD_PRIORITY
8.0,luxury_house,26.20761159970689,18.0,18.0,0.0,0.0,-8.20761159970689,Spring,LOAD_PRIORITY
8.0,small_family,18.25172950693873,6.5,6.5,0.0,0.0,-11.751729506938728,Spring,LOAD_PRIORITY
9.0,apartment,12.206652666144096,3.6399999999999997,3.6399999999999997,0.0,0.0,-8.566652666144096,Spring,LOAD_PRIORITY
9.0,family_house,22.37886322126418,10.08,10.08,0.0,0.0,-12.298863221264178,Spring,LOAD_PRIORITY
9.0,luxury_house,28.482189554336227,18.0,18.0,0.0,0.0,-10.482189554336227,Spring,LOAD_PRIORITY
9.0,small_family,19.83581058248416,6.5,6.5,0.0,0.0,-13.335810582484159,Spring,LOAD_PRIORITY
10.0,apartment,13.198012576329397,3.6399999999999997,3.6399999999999997,0.0,0.0,-9.558012576329398,Spring,LOAD_PRIORITY
10.0,family_house,24.19635638993723,10.08,10.08,0.0,0.0,-14.116356389937232,Spring,LOAD_PRIORITY
10.0,luxury_house,30.79536267810193,18.0,18.0,0.0,0.0,-12.795362678101931,Spring,LOAD_PRIORITY
10.0,small_family,21.44677043653527,6.5,6.5,0.0,0.0,-14.946770436535271,Spring,LOAD_PRIORITY
11.0,apartment,13.967723195297376,3.6399999999999997,3.6399999999999997,0.0,0.0,-10.327723195297375,Spring,LOAD_PRIORITY
11.0,family_house,25.60749252471186,10.08,10.08,0.0,0.0,-15.527492524711862,Spring,LOAD_PRIORITY
11.0,luxury_house,32.59135412236054,18.0,18.0,0.0,0.0,-14.591354122360546,Spring,LOAD_PRIORITY
11.0,small_family,22.69755019235824,6.5,6.5,0.0,0.0,-16.19755019235824,Spring,LOAD_PRIORITY
12.0,apartment,14.313337951053176,3.6399999999999997,3.6399999999999997,0.0,0.0,-10.673337951053176,Spring,LOAD_PRIORITY
12.0,family_house,26.24111957693082,10.08,10.08,0.0,0.0,-16.161119576930822,Spring,LOAD_PRIORITY
12.0,luxury_house,33.39778855245741,18.0,18.0,0.0,0.0,-15.397788552457412,Spring,LOAD_PRIORITY
12.0,small_family,23.25917417046141,6.5,6.5,0.0,0.0,-16.75917417046141,Spring,LOAD_PRIORITY
13.0,apartment,14.761694174305106,3.6399999999999997,3.6399999999999997,0.0,4.086335171744937,-11.121694174305105,Spring,LOAD_PRIORITY
13.0,family_house,27.063105986226027,10.08,10.08,0.0,0.0,-16.98310598622603,Spring,LOAD_PRIORITY
13.0,luxury_house,34.44395307337858,18.0,18.0,0.0,0.0,-16.44395307337858,Spring,LOAD_PRIORITY
13.0,small_family,23.987753033245795,6.5,6.5,0.0,5.090164514815154,-17.487753033245795,Spring,LOAD_PRIORITY
14.0,apartment,15.612188987097312,3.6399999999999997,3.6399999999999997,0.0,12.252188987097313,-11.972188987097311,Spring,LOAD_PRIORITY
14.0,family_house,28.622346476345072,10.08,10.08,0.0,0.0,-18.542346476345074,Spring,LOAD_PRIORITY
14.0,luxury_house,36.42844096989373,18.0,18.0,0.0,0.0,-18.428440969893728,Spring,LOAD_PRIORITY
14.0,small_family,25.36980710403313,6.5,6.5,0.0,18.86980710403313,-18.86980710403313,Spring,LOAD_PRIORITY
15.0,apartment,17.048828837410575,3.6399999999999997,3.6399999999999997,0.0,13.688828837410576,-13.408828837410574,Spring,LOAD_PRIORITY
15.0,family_house,31.256186201919387,10.08,10.08,0.0,0.0,-21.17618620191939,Spring,LOAD_PRIORITY
15.0,luxury_house,39.780600620624675,18.0,18.0,0.0,0.0,-21.780600620624675,Spring,LOAD_PRIORITY
15.0,small_family,27.704346860792185,6.5,6.5,0.0,21.204346860792185,-21.204346860792185,Spring,LOAD_PRIORITY
16.0,apartment,13.826712216085962,3.6399999999999997,3.6399999999999997,0.0,10.466712216085963,-10.186712216085962,Spring,LOAD_PRIORITY
16.0,family_house,25.3489723961576,10.08,10.08,0.0,12.36443409634731,-15.268972396157602,Spring,LOAD_PRIORITY
16.0,luxury_house,32.26232850420058,18.0,18.0,0.0,0.0,-14.262328504200582,Spring,LOAD_PRIORITY
16.0,small_family,22.46840735113969,6.5,6.5,0.0,15.968407351139689,-15.968407351139689,Spring,LOAD_PRIORITY
17.0,apartment,11.17450376518455,3.6399999999999997,3.449688941421299,0.19031105857870095,7.814503765184549,-7.534503765184549,Spring,LOAD_PRIORITY
17.0,family_house,20.486590236171672,10.08,10.08,0.0,10.406590236171672,-10.406590236171672,Spring,LOAD_PRIORITY
17.0,luxury_house,26.073842118763945,18.0,18.0,0.0,0.0,-8.073842118763945,Spring,LOAD_PRIORITY
17.0,small_family,18.158568618424894,6.5,6.5,0.0,11.658568618424894,-11.658568618424894,Spring,LOAD_PRIORITY
18.0,apartment,8.103158009687847,23.500226494876653,21.404747887485417,2.095478607391237,0.36283108694846017,15.397068485188806,Spring,LOAD_PRIORITY
18.0,family_house,14.85578968442772,31.872052543128213,31.872052543128213,0.0,0.11829216859127767,17.016262858700493,Spring,LOAD_PRIORITY
18.0,luxury_house,18.907368689271642,35.84105450426317,35.84105450426317,0.0,0.0,16.93368581499153,Spring,LOAD_PRIORITY
18.0,small_family,13.167631765742753,27.927929433568387,27.927929433568387,0.0,0.24637093364147822,14.760297667825636,Spring,LOAD_PRIORITY
19.0,apartment,0.0,20.835277399639715,19.447946913657375,1.3873304859823405,0.0,20.835277399639715,Spring,LOAD_PRIORITY
19.0,family_house,0.0,22.486007870164105,22.486007870164105,0.0,0.0,22.486007870164105,Spring,LOAD_PRIORITY
19.0,luxury_house,0.0,32.82227294751664,32.82227294751664,0.0,0.0,32.82227294751664,Spring,LOAD_PRIORITY
19.0,small_family,0.0,26.119074493283748,26.119074493283748,0.0,0.0,26.119074493283748,Spring,LOAD_PRIORITY
20.0,apartment,0.9654248037598709,20.442315562053665,19.91257709353121,0.5297384685224553,0.0,19.47689075829379,Spring,LOAD_PRIORITY
20.0,family_house,1.7699454735597637,27.837782183741645,27.837782183741645,0.0,0.0,26.067836710181883,Spring,LOAD_PRIORITY
20.0,luxury_house,2.252657875439699,33.18707432869936,33.18707432869936,0.0,0.0,30.93441645325966,Spring,LOAD_PRIORITY
20.0,small_family,1.5688153061097903,21.57585612171838,21.57585612171838,0.0,0.0,20.00704081560859,Spring,LOAD_PRIORITY
21.0,apartment,1.8139859569338441,26.121815329507264,22.26945845617091,3.852356873336354,0.0,24.307829372573416,Spring,LOAD_PRIORITY
21.0,family_house,3.3256409210453812,30.64485324438502,30.64485324438502,0.0,0.0,27.319212323339638,Spring,LOAD_PRIORITY
21.0,luxury_house,4.232633899512304,36.17389275725538,33.92847858983544,2.2454141674199333,0.0,31.941258857743076,Spring,LOAD_PRIORITY
21.0,small_family,2.947727180017497,27.117822870818177,27.117822870818177,0.0,0.0,24.170095690800682,Spring,LOAD_PRIORITY
22.0,apartment,2.233174973512095,3.6399999999999997,3.0782937433780235,0.5617062566219762,0.0,1.4068250264879045,Spring,LOAD_PRIORITY
22.0,family_house,4.094154118105508,10.08,10.08,0.0,0.0,5.985845881894491,Spring,LOAD_PRIORITY
22.0,luxury_house,5.210741604861555,18.0,16.351908505497246,1.6480914945027532,0.0,12.789258395138443,Spring,LOAD_PRIORITY
22.0,small_family,3.628909331957155,6.5,6.5,0.0,0.0,2.871090668042845,Spring,LOAD_PRIORITY
23.0,apartment,5.433034100042601,3.6399999999999997,3.3599999999999994,0.27999999999999997,0.0,-1.7930341000426018,Spring,LOAD_PRIORITY
23.0,family_house,9.960562516744771,10.08,10.08,0.0,0.0,0.11943748325522918,Spring,LOAD_PRIORITY
23.0,luxury_house,12.677079566766071,18.0,16.48083928616669,1.519160713833308,0.0,5.3229204332339295,Spring,LOAD_PRIORITY
23.0,small_family,8.828680412569229,6.5,6.5,0.0,0.0,-2.328680412569228,Spring,LOAD_PRIORITY
24.0,apartment,0.0,3.6399999999999997,2.986432672509585,0.6535673274904145,0.0,3.6399999999999997,Spring,LOAD_PRIORITY
24.0,family_house,0.0,10.08,10.08,0.0,0.0,10.08,Spring,LOAD_PRIORITY
24.0,luxury_house,0.0,18.0,9.25618397157814,8.74381602842186,0.0,18.0,Spring,LOAD_PRIORITY
24.0,small_family,0.0,6.5,6.5,0.0,0.0,6.5,Spring,LOAD_PRIORITY
25.0,apartment,1.887492949062389,3.6399999999999997,2.991873237265597,0.6481267627344026,0.0,1.7525070509376104,Spring,LOAD_PRIORITY
25.0,family_house,3.460403739947713,10.08,10.079829825131412,0.0001701748685882798,0.0,6.619596260052287,Spring,LOAD_PRIORITY
25.0,luxury_house,4.404150214478908,18.0,7.807605432338858,10.192394567661141,0.0,13.595849785521091,Spring,LOAD_PRIORITY
25.0,small_family,3.0671760422263827,6.5,6.5,0.0,0.0,3.432823957773617,Spring,LOAD_PRIORITY
26.0,apartment,1.0718307262477218,3.6399999999999997,2.78795768156193,0.8520423184380694,0.0,2.568169273752278,Spring,LOAD_PRIORITY
26.0,family_house,1.9650229981208232,10.08,9.403751916510068,0.6762480834899314,0.0,8.114977001879176,Spring,LOAD_PRIORITY
26.0,luxury_house,2.500938361244684,18.0,3.7925268311409606,14.207473168859039,0.0,15.499061638755315,Spring,LOAD_PRIORITY
26.0,small_family,1.741724930152548,6.5,6.157549411244115,0.3424505887558849,0.0,4.758275069847452,Spring,LOAD_PRIORITY
27.0,apartment,1.8023471163286926,3.6399999999999997,2.867945268456071,0.7720547315439287,0.0,1.837652883671307,Spring,LOAD_PRIORITY
27.0,family_house,3.3043030466026035,10.08,9.515358587216882,0.5646414127831163,0.0,6.775696953397396,Spring,LOAD_PRIORITY
27.0,luxury_house,4.205476604766949,18.0,4.393422843217301,13.606577156782699,0.0,13.79452339523305,Spring,LOAD_PRIORITY
27.0,small_family,2.928814064034126,6.5,6.010288345438449,0.4897116545615513,0.0,3.5711859359658744,Spring,LOAD_PRIORITY
28.0,apartment,1.8599215029494856,3.6399999999999997,2.859973834316495,0.7800261656835046,0.0,1.780078497050514,Spring,LOAD_PRIORITY
28.0,family_house,3.4098560887407237,10.08,9.308932648704518,0.7710673512954809,0.0,6.6701439112592755,Spring,LOAD_PRIORITY
28.0,luxury_house,4.339816840215466,18.0,4.339816840215466,13.660183159784532,0.0,13.660183159784532,Spring,LOAD_PRIORITY
28.0,small_family,3.022372442292914,6.5,5.697470563606057,0.8025294363939429,0.0,3.477627557707086,Spring,LOAD_PRIORITY
29.0,apartment,1.7612281860824357,3.6399999999999997,2.827076062027478,0.8129239379725213,0.0,1.878771813917564,Spring,LOAD_PRIORITY
29.0,family_house,3.228918341151132,10.08,8.938153056858521,1.141846943141478,0.0,6.851081658848868,Spring,LOAD_PRIORITY
29.0,luxury_house,4.109532434192349,18.0,4.109532434192349,13.89046756580765,0.0,13.89046756580765,Spring,LOAD_PRIORITY
29.0,small_family,2.861995802383958,6.5,5.4741078568854045,1.025892143114596,0.0,3.638004197616042,Spring,LOAD_PRIORITY
30.0,apartment,9.896059265088148,3.6399999999999997,3.3599999999999994,0.27999999999999997,0.0,-6.256059265088148,Spring,LOAD_PRIORITY
30.0,family_house,18.142775319328276,10.08,10.08,0.0,0.0,-8.062775319328276,Spring,LOAD_PRIORITY
30.0,luxury_house,23.09080495187235,18.0,18.0,0.0,0.0,-5.090804951872348,Spring,LOAD_PRIORITY
30.0,small_family,16.081096305768245,6.5,6.5,0.0,0.0,-9.581096305768243,Spring,LOAD_PRIORITY
31.0,apartment,10.07536637954509,3.6399999999999997,3.3599999999999994,0.27999999999999997,0.0,-6.435366379545089,Spring,LOAD_PRIORITY
31.0,family_house,18.471505029165996,10.08,10.08,0.0,0.0,-8.391505029165996,Spring,LOAD_PRIORITY
31.0,luxury_house,23.50918821893854,18.0,18.0,0.0,0.0,-5.509188218938541,Spring,LOAD_PRIORITY
31.0,small_family,16.37247036676077,6.5,6.5,0.0,0.0,-9.872470366760771,Spring,LOAD_PRIORITY
32.0,apartment,10.422334419498704,3.6399999999999997,3.3599999999999994,0.27999999999999997,0.0,-6.782334419498704,Spring,LOAD_PRIORITY
32.0,family_house,19.10761310241429,10.08,10.08,0.0,0.0,-9.027613102414293,Spring,LOAD_PRIORITY
32.0,luxury_house,24.318780312163646,18.0,18.0,0.0,0.0,-6.318780312163646,Spring,LOAD_PRIORITY
32.0,small_family,16.936293431685392,6.5,6.5,0.0,0.0,-10.436293431685392,Spring,LOAD_PRIORITY
33.0,apartment,11.057374769446719,3.6399999999999997,3.3599999999999994,0.27999999999999997,0.0,-7.417374769446719,Spring,LOAD_PRIORITY
33.0,family_house,20.271853743985652,10.08,10.08,0.0,0.0,-10.19185374398565,Spring,LOAD_PRIORITY
33.0,luxury_house,25.800541128709007,18.0,18.0,0.0,0.0,-7.800541128709009,Spring,LOAD_PRIORITY
33.0,small_family,17.968234000350918,6.5,6.5,0.0,0.0,-11.468234000350918,Spring,LOAD_PRIORITY
34.0,apartment,11.01633778853626,3.6399999999999997,3.3599999999999994,0.27999999999999997,0.0,-7.376337788536261,Spring,LOAD_PRIORITY
34.0,family_house,20.196619278983142,10.08,10.08,0.0,0.0,-10.116619278983142,Spring,LOAD_PRIORITY
34.0,luxury_house,25.704788173251274,18.0,18.0,0.0,0.0,-7.704788173251272,Spring,LOAD_PRIORITY
34.0,small_family,17.901548906371424,6.5,6.5,0.0,0.0,-11.401548906371422,Spring,LOAD_PRIORITY
35.0,apartment,12.11040387483319,3.6399999999999997,3.6399999999999997,0.0,0.0,-8.47040387483319,Spring,LOAD_PRIORITY
35.0,family_house,20.49452963433309,10.08,10.08,0.0,0.0,-10.414529634333089,Spring,LOAD_PRIORITY
35.0,luxury_house,26.083946807333025,18.0,18.0,0.0,0.0,-8.083946807333025,Spring,LOAD_PRIORITY
35.0,small_family,18.165605812249783,6.5,6.5,0.0,0.0,-11.665605812249783,Spring,LOAD_PRIORITY
36.0,apartment,13.923605722707492,3.6399999999999997,3.6399999999999997,0.0,0.0,-10.283605722707492,Spring,LOAD_PRIORITY
36.0,family_house,23.563025069197295,10.08,10.08,0.0,0.0,-13.483025069197295,Spring,LOAD_PRIORITY
36.0,luxury_house,29.98930463352383,18.0,18.0,0.0,0.0,-11.989304633523828,Spring,LOAD_PRIORITY
36.0,small_family,20.885408584061235,6.5,6.5,0.0,0.0,-14.385408584061235,Spring,LOAD_PRIORITY
37.0,apartment,13.178894603249983,3.6399999999999997,3.6399999999999997,0.0,0.0,-9.538894603249982,Spring,LOAD_PRIORITY
37.0,family_house,22.30274471319228,10.08,10.08,0.0,0.0,-12.22274471319228,Spring,LOAD_PRIORITY
37.0,luxury_house,28.38531145315381,18.0,18.0,0.0,0.0,-10.38531145315381,Spring,LOAD_PRIORITY
37.0,small_family,19.768341904874976,6.5,6.5,0.0,0.8363539290576296,-13.268341904874976,Spring,LOAD_PRIORITY
38.0,apartment,14.746426630773868,3.6399999999999997,3.6399999999999997,0.0,0.17972091190674155,-11.106426630773868,Spring,LOAD_PRIORITY
38.0,family_house,24.955491221309618,10.08,10.08,0.0,0.0,-14.87549122130962,Spring,LOAD_PRIORITY
38.0,luxury_house,31.76153428166679,18.0,18.0,0.0,0.0,-13.76153428166679,Spring,LOAD_PRIORITY
38.0,small_family,22.1196399461608,6.5,6.5,0.0,2.4030215301785844,-15.619639946160799,Spring,LOAD_PRIORITY
39.0,apartment,15.404086696571104,3.6399999999999997,3.6399999999999997,0.0,2.2543371091759186,-11.764086696571104,Spring,LOAD_PRIORITY
39.0,family_house,26.068454409581868,10.08,10.08,0.0,0.0,-15.98845440958187,Spring,LOAD_PRIORITY
39.0,luxury_house,33.17803288492238,18.0,18.0,0.0,0.0,-15.178032884922379,Spring,LOAD_PRIORITY
39.0,small_family,23.10613004485666,6.5,6.5,0.0,5.353020601680532,-16.60613004485666,Spring,LOAD_PRIORITY
40.0,apartment,15.082816412959527,3.6399999999999997,3.6399999999999997,0.0,4.293987582001275,-11.442816412959527,Spring,LOAD_PRIORITY
40.0,family_house,25.524766237316122,10.08,10.08,0.0,0.0,-15.444766237316124,Spring,LOAD_PRIORITY
40.0,luxury_house,32.48606612022052,18.0,18.0,0.0,0.0,-14.48606612022052,Spring,LOAD_PRIORITY
40.0,small_family,22.62422461943929,6.5,6.5,0.0,10.952719201690773,-16.12422461943929,Spring,LOAD_PRIORITY
41.0,apartment,13.99363275794507,3.6399999999999997,3.6399999999999997,0.0,6.91719736556592,-10.353632757945071,Spring,LOAD_PRIORITY
41.0,family_house,23.681532359599352,10.08,10.08,0.0,0.8434210573120675,-13.601532359599354,Spring,LOAD_PRIORITY
41.0,luxury_house,30.14013209403554,18.0,18.0,0.0,0.0,-12.14013209403554,Spring,LOAD_PRIORITY
41.0,small_family,20.990449136917604,6.5,6.5,0.0,14.490449136917604,-14.490449136917604,Spring,LOAD_PRIORITY
42.0,apartment,11.282749403194526,24.04807915668816,24.04807915668816,0.0,1.0116116182873747,12.765329753493633,Spring,LOAD_PRIORITY
42.0,family_house,19.09388360540612,29.735810372591537,29.735810372591537,0.0,0.0,10.641926767185414,Spring,LOAD_PRIORITY
42.0,luxury_house,24.30130640688052,37.34966902109169,37.34966902109169,0.0,0.0,13.048362614211172,Spring,LOAD_PRIORITY
42.0,small_family,16.924124104791787,26.449881597840516,26.449881597840516,0.0,1.745864974207938,9.525757493048726,Spring,LOAD_PRIORITY
43.0,apartment,3.8119733137092364,22.965997014373933,22.965997014373933,0.0,0.0,19.154023700664695,Spring,LOAD_PRIORITY
43.0,family_house,6.451031761661786,19.1576075595945,19.1576075595945,0.0,0.0,12.706575797932713,Spring,LOAD_PRIORITY
43.0,luxury_house,8.210404060296817,38.65284706721158,38.65284706721158,0.0,0.0,30.442443006914758,Spring,LOAD_PRIORITY
43.0,small_family,5.717959970563855,25.41882615388544,25.41882615388544,0.0,0.0,19.700866183321587,Spring,LOAD_PRIORITY
44.0,apartment,1.4285235500464855,14.877341499039288,14.877341499039286,0.0,0.0,13.4488179489928,Spring,LOAD_PRIORITY
44.0,family_house,2.41750139238636,28.081899492113553,28.081899492113553,0.0,0.0,25.664398099727194,Spring,LOAD_PRIORITY
44.0,luxury_house,3.076819953946276,37.468401115544616,36.195545721606095,1.2728553939385163,0.0,34.39158116159834,Spring,LOAD_PRIORITY
44.0,small_family,2.1427853250697284,26.483576113367626,26.483576113367626,0.0,0.0,24.340790788297898,Spring,LOAD_PRIORITY
45.0,apartment,6.540060384936827,21.501897347838096,21.42095949571989,0.0809378521182047,0.0,14.96183696290127,Spring,LOAD_PRIORITY
45.0,family_house,11.0677944975854,29.035369434686665,29.035369434686665,0.0,0.0,17.96757493710127,Spring,LOAD_PRIORITY
45.0,luxury_house,14.08628390601778,37.00669110732488,29.255184910146376,7.751506197178509,0.0,22.920407201307107,Spring,LOAD_PRIORITY
45.0,small_family,9.81009057740524,25.16415064819572,25.16415064819572,0.0,0.0,15.35406007079048,Spring,LOAD_PRIORITY
46.0,apartment,3.9873818687358407,3.6399999999999997,3.6399999999999997,0.0,0.0,-0.3473818687358408,Spring,LOAD_PRIORITY
46.0,family_house,6.747877008629883,10.08,10.08,0.0,0.0,3.332122991370116,Spring,LOAD_PRIORITY
46.0,luxury_house,8.588207101892579,18.0,14.078419625788575,3.921580374211425,0.0,9.411792898107421,Spring,LOAD_PRIORITY
46.0,small_family,5.9810728031037605,6.5,6.5,0.0,0.0,0.5189271968962393,Spring,LOAD_PRIORITY
47.0,apartment,2.889622608561888,3.6399999999999997,3.6063281761864725,0.03367182381352729,0.0,0.7503773914381114,Spring,LOAD_PRIORITY
47.0,family_house,4.890130568335502,10.08,10.08,0.0,0.0,5.189869431664497,Spring,LOAD_PRIORITY
47.0,luxury_house,6.223802541517912,18.0,12.052051363947044,5.947948636052955,0.0,11.776197458482088,Spring,LOAD_PRIORITY
47.0,small_family,4.334433912842832,6.5,6.5,0.0,0.0,2.1655660871571683,Spring,LOAD_PRIORITY
48.0,apartment,0.0,3.6399999999999997,3.323588097832661,0.3164119021673384,0.0,3.6399999999999997,Spring,LOAD_PRIORITY
48.0,family_house,0.0,10.08,10.08,0.0,0.0,10.08,Spring,LOAD_PRIORITY
48.0,luxury_house,0.0,18.0,3.081467026209335,14.918532973790665,0.0,18.0,Spring,LOAD_PRIORITY
48.0,small_family,0.0,6.5,6.5,0.0,0.0,6.5,Spring,LOAD_PRIORITY
49.0,apartment,0.0,3.6399999999999997,3.0799999999999996,0.5599999999999999,0.0,3.6399999999999997,Spring,LOAD_PRIORITY
49.0,family_house,0.0,10.08,10.08,0.0,0.0,10.08,Spring,LOAD_PRIORITY
49.0,luxury_house,0.0,18.0,0.35596463505118264,17.644035364948817,0.0,18.0,Spring,LOAD_PRIORITY
49.0,small_family,0.0,6.5,6.5,0.0,0.0,6.5,Spring,LOAD_PRIORITY
50.0,apartment,0.0,3.6399999999999997,3.0799999999999996,0.5599999999999999,0.0,3.6399999999999997,Spring,LOAD_PRIORITY
50.0,family_house,0.0,10.08,10.08,0.0,0.0,10.08,Spring,LOAD_PRIORITY
50.0,luxury_house,0.0,18.0,0.0,18.0,0.0,18.0,Spring,LOAD_PRIORITY
50.0,small_family,0.0,6.5,6.242824060639964,0.25717593936003635,0.0,6.5,Spring,LOAD_PRIORITY
51.0,apartment,1.5946805869020457,3.6399999999999997,3.3457800978170074,0.2942199021829923,0.0,2.0453194130979537,Spring,LOAD_PRIORITY
51.0,family_house,2.9235810759870837,10.08,9.846711844150288,0.23328815584971113,0.0,7.156418924012916,Spring,LOAD_PRIORITY
51.0,luxury_house,3.7209213694381065,18.0,3.7209213694381065,14.279078630561894,0.0,14.279078630561894,Spring,LOAD_PRIORITY
51.0,small_family,2.591355953715824,6.5,5.898670146725511,0.6013298532744886,0.0,3.9086440462841763,Spring,LOAD_PRIORITY
52.0,apartment,1.8733983893010213,3.6399999999999997,3.392233064883503,0.2477669351164964,0.0,1.7666016106989784,Spring,LOAD_PRIORITY
52.0,family_house,3.4345637137185383,10.08,9.526213642809878,0.5537863571901218,0.0,6.645436286281462,Spring,LOAD_PRIORITY
52.0,luxury_house,4.371262908369049,18.0,4.371262908369049,13.62873709163095,0.0,13.62873709163095,Spring,LOAD_PRIORITY
52.0,small_family,3.0442723826141593,6.5,5.968349597325256,0.5316504026747447,0.0,3.4557276173858407,Spring,LOAD_PRIORITY
53.0,apartment,2.1071241923015984,3.6399999999999997,3.4311873653835994,0.2088126346164002,0.0,1.5328758076984013,Spring,LOAD_PRIORITY
53.0,family_house,3.8630610192195975,10.08,8.995728816101284,1.0842711838987151,0.0,6.216938980780402,Spring,LOAD_PRIORITY
53.0,luxury_house,4.916623115370396,18.0,4.916623115370396,13.083376884629603,0.0,13.083376884629603,Spring,LOAD_PRIORITY
53.0,small_family,3.4240768124900973,6.5,6.026781048075399,0.4732189519246004,0.0,3.0759231875099027,Spring,LOAD_PRIORITY
54.0,apartment,10.101187559492548,3.6399999999999997,3.6399999999999997,0.0,0.0,-6.461187559492547,Spring,LOAD_PRIORITY
54.0,family_house,18.51884385906967,10.08,10.08,0.0,0.0,-8.43884385906967,Spring,LOAD_PRIORITY
54.0,luxury_house,23.569437638815945,18.0,18.0,0.0,0.0,-5.569437638815945,Spring,LOAD_PRIORITY
54.0,small_family,16.41442978417539,6.5,6.5,0.0,0.0,-9.91442978417539,Spring,LOAD_PRIORITY
55.0,apartment,10.455433579225339,3.6399999999999997,3.6399999999999997,0.0,0.0,-6.815433579225339,Spring,LOAD_PRIORITY
55.0,family_house,19.168294895246458,10.08,10.08,0.0,0.0,-9.08829489524646,Spring,LOAD_PRIORITY
55.0,luxury_house,24.396011684859126,18.0,18.0,0.0,0.0,-6.396011684859127,Spring,LOAD_PRIORITY
55.0,small_family,16.990079566241178,6.5,6.5,0.0,0.0,-10.490079566241178,Spring,LOAD_PRIORITY
56.0,apartment,10.751435016395007,3.6399999999999997,3.6399999999999997,0.0,0.0,-7.111435016395007,Spring,LOAD_PRIORITY
56.0,family_house,19.710964196724177,10.08,10.08,0.0,0.0,-9.630964196724179,Spring,LOAD_PRIORITY
56.0,luxury_house,25.08668170492168,18.0,18.0,0.0,0.0,-7.086681704921681,Spring,LOAD_PRIORITY
56.0,small_family,17.471081901641888,6.5,6.5,0.0,0.0,-10.971081901641886,Spring,LOAD_PRIORITY
57.0,apartment,11.432000451376357,3.6399999999999997,3.6399999999999997,0.0,0.0,-7.792000451376356,Spring,LOAD_PRIORITY
57.0,family_house,20.958667494189985,10.08,10.08,0.0,0.0,-10.878667494189985,Spring,LOAD_PRIORITY
57.0,luxury_house,26.674667719878165,18.0,18.0,0.0,0.0,-8.674667719878164,Spring,LOAD_PRIORITY
57.0,small_family,18.577000733486578,6.5,6.5,0.0,0.0,-12.077000733486578,Spring,LOAD_PRIORITY
58.0,apartment,12.217657327123723,3.6399999999999997,3.6399999999999997,0.0,0.0,-8.577657327123722,Spring,LOAD_PRIORITY
58.0,family_house,22.39903843306016,10.08,10.08,0.0,0.0,-12.31903843306016,Spring,LOAD_PRIORITY
58.0,luxury_house,28.50786709662202,18.0,18.0,0.0,0.0,-10.507867096622022,Spring,LOAD_PRIORITY
58.0,small_family,19.853693156576053,6.5,6.5,0.0,0.0,-13.353693156576053,Spring,LOAD_PRIORITY
59.0,apartment,13.076930428761134,3.6399999999999997,3.6399999999999997,0.0,0.15754268352215228,-9.436930428761134,Spring,LOAD_PRIORITY
59.0,family_house,23.974372452728748,10.08,10.08,0.0,0.0,-13.894372452728746,Spring,LOAD_PRIORITY
59.0,luxury_house,30.512837667109316,18.0,18.0,0.0,0.0,-12.512837667109316,Spring,LOAD_PRIORITY
59.0,small_family,21.250011946736844,6.5,6.5,0.0,0.0,-14.750011946736842,Spring,LOAD_PRIORITY
60.0,apartment,14.083828663448605,3.6399999999999997,3.6399999999999997,0.0,1.083920877454736,-10.443828663448604,Spring,LOAD_PRIORITY
60.0,family_house,25.82035254965578,10.08,10.08,0.0,0.0,-15.740352549655782,Spring,LOAD_PRIORITY
60.0,luxury_house,32.86226688138008,18.0,18.0,0.0,0.0,-14.86226688138008,Spring,LOAD_PRIORITY
60.0,small_family,22.886221578103985,6.5,6.5,0.0,0.4150642622442906,-16.386221578103985,Spring,LOAD_PRIORITY
61.0,apartment,15.186822575090844,3.6399999999999997,3.6399999999999997,0.0,2.6158424149807114,-11.546822575090843,Spring,LOAD_PRIORITY
61.0,family_house,27.842508054333212,10.08,10.08,0.0,0.0,-17.762508054333214,Spring,LOAD_PRIORITY
61.0,luxury_house,35.43591934187863,18.0,18.0,0.0,0.0,-17.43591934187863,Spring,LOAD_PRIORITY
61.0,small_family,24.678586684522617,6.5,6.5,0.0,3.490862450912443,-18.178586684522617,Spring,LOAD_PRIORITY
62.0,apartment,16.174630266042957,3.6399999999999997,3.6399999999999997,0.0,4.260192498992021,-12.534630266042956,Spring,LOAD_PRIORITY
62.0,family_house,29.65348882107876,10.08,10.08,0.0,0.0,-19.57348882107876,Spring,LOAD_PRIORITY
62.0,luxury_house,37.74080395410024,18.0,18.0,0.0,0.0,-19.740803954100237,Spring,LOAD_PRIORITY
62.0,small_family,26.283774182319807,6.5,6.5,0.0,11.139549686055888,-19.783774182319807,Spring,LOAD_PRIORITY
63.0,apartment,16.47073384475315,3.6399999999999997,3.6399999999999997,0.0,7.276240670922568,-12.830733844753146,Spring,LOAD_PRIORITY
63.0,family_house,30.196345382047436,10.08,10.08,0.0,0.9590662778006038,-20.116345382047438,Spring,LOAD_PRIORITY
63.0,luxury_house,38.43171230442401,18.0,18.0,0.0,0.0,-20.43171230442401,Spring,LOAD_PRIORITY
63.0,small_family,26.764942497723865,6.5,6.5,0.0,18.41694383822782,-20.264942497723865,Spring,LOAD_PRIORITY
64.0,apartment,13.069366114896361,3.6399999999999997,3.6399999999999997,0.0,8.670264554211233,-9.42936611489636,Spring,LOAD_PRIORITY
64.0,family_house,23.960504543976658,10.08,10.08,0.0,4.64511616491111,-13.880504543976658,Spring,LOAD_PRIORITY
64.0,luxury_house,30.49518760142484,18.0,18.0,0.0,0.0,-12.49518760142484,Spring,LOAD_PRIORITY
64.0,small_family,21.237719936706583,6.5,6.5,0.0,14.737719936706585,-14.737719936706585,Spring,LOAD_PRIORITY
65.0,apartment,9.487506360045986,3.6399999999999997,3.366128304407372,0.27387169559262764,6.127506360045987,-5.847506360045987,Spring,LOAD_PRIORITY
65.0,family_house,17.39376166008431,10.08,10.08,0.0,3.6568808300421543,-7.3137616600843085,Spring,LOAD_PRIORITY
65.0,luxury_house,22.1375148401073,18.0,18.0,0.0,0.0,-4.137514840107302,Spring,LOAD_PRIORITY
65.0,small_family,15.417197835074727,6.5,6.5,0.0,8.917197835074727,-8.917197835074727,Spring,LOAD_PRIORITY
66.0,apartment,8.331720868217914,30.24542617544803,26.975207865247434,3.270218310200597,0.0,21.913705307230117,Spring,LOAD_PRIORITY
66.0,family_house,15.274821591732843,25.69803256940814,25.69803256940814,0.0,0.5479905904491829,10.4232109776753,Spring,LOAD_PRIORITY
66.0,luxury_house,19.4406820258418,37.25448300415538,37.25448300415538,0.0,0.0,17.813800978313584,Spring,LOAD_PRIORITY
66.0,small_family,13.53904641085411,27.950132110180476,27.950132110180476,0.0,0.27600228485015,14.411085699326364,Spring,LOAD_PRIORITY
67.0,apartment,0.0,24.04027843875041,20.942312618226502,3.0979658205239073,0.0,24.04027843875041,Spring,LOAD_PRIORITY
67.0,family_house,0.0,28.091644294145077,28.091644294145077,0.0,0.0,28.091644294145077,Spring,LOAD_PRIORITY
67.0,luxury_house,0.0,36.92198691266171,36.92198691266171,0.0,0.0,36.92198691266171,Spring,LOAD_PRIORITY
67.0,small_family,0.0,22.557092534664186,22.557092534664186,0.0,0.0,22.557092534664186,Spring,LOAD_PRIORITY
68.0,apartment,0.0,23.658636291956753,20.477006759032868,3.181629532923888,0.0,23.658636291956753,Spring,LOAD_PRIORITY
68.0,family_house,0.0,26.930754848981053,26.930754848981053,0.0,0.0,26.930754848981053,Spring,LOAD_PRIORITY
68.0,luxury_house,0.0,36.26918266206409,36.12240012045105,0.1467825416130415,0.0,36.26918266206409,Spring,LOAD_PRIORITY
68.0,small_family,0.0,28.413698912094056,28.413698912094056,0.0,0.0,28.413698912094056,Spring,LOAD_PRIORITY
69.0,apartment,0.2196629696779628,28.27875902352501,22.023990316917253,6.254768706607759,0.0,28.059096053847046,Spring,LOAD_PRIORITY
69.0,family_house,0.4027154444095985,32.79086338798712,32.79086338798712,0.0,0.0,32.38814794357753,Spring,LOAD_PRIORITY
69.0,luxury_house,0.5125469292485799,39.03257679702176,28.053318396874054,10.979258400147707,0.0,38.52002986777318,Spring,LOAD_PRIORITY
69.0,small_family,0.35695232572668956,22.802250131737946,22.802250131737946,0.0,0.0,22.445297806011258,Spring,LOAD_PRIORITY
70.0,apartment,1.854506324842632,3.6399999999999997,2.7327109686844295,0.9072890313155699,0.0,1.7854936751573678,Spring,LOAD_PRIORITY
70.0,family_house,3.3999282622114917,10.08,10.08,0.0,0.0,6.6800717377885075,Spring,LOAD_PRIORITY
70.0,luxury_house,4.3271814246328075,18.0,9.180367919692046,8.819632080307954,0.0,13.672818575367193,Spring,LOAD_PRIORITY
70.0,small_family,3.013572777869277,6.5,6.5,0.0,0.0,3.4864272221307235,Spring,LOAD_PRIORITY
71.0,apartment,4.803513268853354,3.6399999999999997,3.3599999999999994,0.27999999999999997,0.0,-1.1635132688533543,Spring,LOAD_PRIORITY
71.0,family_house,8.806440992897816,10.08,10.08,0.0,0.0,1.2735590071021847,Spring,LOAD_PRIORITY
71.0,luxury_house,11.208197627324493,18.0,12.513424274674911,5.486575725325089,0.0,6.791802372675507,Spring,LOAD_PRIORITY
71.0,small_family,7.8057090618867,6.5,6.5,0.0,0.0,-1.3057090618867009,Spring,LOAD_PRIORITY
72.0,apartment,0.0,3.6399999999999997,2.4169786402825664,1.2230213597174333,0.0,3.6399999999999997,Spring,LOAD_PRIORITY
72.0,family_house,0.0,10.08,9.825087492717625,0.2549125072823739,0.0,10.08,Spring,LOAD_PRIORITY
72.0,luxury_house,0.0,18.0,1.2988300390262901,16.70116996097371,0.0,18.0,Spring,LOAD_PRIORITY
72.0,small_family,0.0,6.5,6.228494740568591,0.2715052594314096,0.0,6.5,Spring,LOAD_PRIORITY
73.0,apartment,2.0660106835088206,3.6399999999999997,2.6051728987134783,1.0348271012865211,0.0,1.5739893164911791,Spring,LOAD_PRIORITY
73.0,family_house,3.787686253099505,10.08,9.031281042183249,1.048718957816749,0.0,6.292313746900494,Spring,LOAD_PRIORITY
73.0,luxury_house,4.820691594853915,18.0,4.820691594853915,13.179308405146084,0.0,13.179308405146084,Spring,LOAD_PRIORITY
73.0,small_family,3.3572673607018335,6.5,6.223414891994099,0.2765851080059009,0.0,3.1427326392981665,Spring,LOAD_PRIORITY
74.0,apartment,1.8841977214207917,3.6399999999999997,2.4991153374954616,1.140884662504538,0.0,1.755802278579208,Spring,LOAD_PRIORITY
74.0,family_house,3.454362489271452,10.08,8.652314142401686,1.427685857598314,0.0,6.625637510728548,Spring,LOAD_PRIORITY
74.0,luxury_house,4.3964613499818475,18.0,4.3964613499818475,13.603538650018152,0.0,13.603538650018152,Spring,LOAD_PRIORITY
74.0,small_family,3.0618212973087866,6.5,5.9710494303551975,0.528950569644802,0.0,3.4381787026912134,Spring,LOAD_PRIORITY
75.0,apartment,1.7706398407353952,3.6399999999999997,2.4328732404289806,1.2071267595710191,0.0,1.8693601592646043,Spring,LOAD_PRIORITY
75.0,family_house,3.2461730413482246,10.08,8.371543260337056,1.7084567396629438,0.0,6.833826958651775,Spring,LOAD_PRIORITY
75.0,luxury_house,4.131492961715923,18.0,4.131492961715923,13.86850703828408,0.0,13.86850703828408,Spring,LOAD_PRIORITY
75.0,small_family,2.8772897411950176,6.5,5.727059398083205,0.7729406019167951,0.0,3.622710258804983,Spring,LOAD_PRIORITY
76.0,apartment,2.006813318540657,3.6399999999999997,2.276671533141271,1.3633284668587284,0.0,1.6331866814593425,Spring,LOAD_PRIORITY
76.0,family_house,3.679157750657872,10.08,8.112367180607638,1.9676328193923613,0.0,6.400842249342127,Spring,LOAD_PRIORITY
76.0,luxury_house,4.6825644099282,18.0,4.6825644099282,13.3174355900718,0.0,13.3174355900718,Spring,LOAD_PRIORITY
76.0,small_family,3.261071642628568,6.5,5.681721073080542,0.8182789269194582,0.0,3.238928357371432,Spring,LOAD_PRIORITY
77.0,apartment,2.2088935526208635,3.6399999999999997,2.4007446271840527,1.239255372815947,0.0,1.4311064473791364,Spring,LOAD_PRIORITY
77.0,family_house,4.049638179804916,10.08,7.839044973386088,2.240955026613913,0.0,6.030361820195084,Spring,LOAD_PRIORITY
77.0,luxury_house,5.154084956115347,18.0,5.154084956115347,12.845915043884652,0.0,12.845915043884652,Spring,LOAD_PRIORITY
77.0,small_family,3.5894520230089024,6.5,5.380558470388039,1.1194415296119606,0.0,2.9105479769910976,Spring,LOAD_PRIORITY
78.0,apartment,10.397239862891045,3.6399999999999997,3.3599999999999994,0.27999999999999997,0.0,-6.757239862891044,Spring,LOAD_PRIORITY
78.0,family_house,19.061606415300247,10.08,10.08,0.0,0.0,-8.981606415300249,Spring,LOAD_PRIORITY
78.0,luxury_house,24.26022634674577,18.0,18.0,0.0,0.0,-6.260226346745771,Spring,LOAD_PRIORITY
78.0,small_family,16.89551477719795,6.5,6.5,0.0,0.0,-10.395514777197947,Spring,LOAD_PRIORITY
79.0,apartment,9.195215194553077,3.6399999999999997,3.3599999999999994,0.27999999999999997,0.0,-5.555215194553077,Spring,LOAD_PRIORITY
79.0,family_house,16.85789452334731,10.08,10.08,0.0,0.0,-6.7778945233473085,Spring,LOAD_PRIORITY
79.0,luxury_house,21.455502120623848,18.0,18.0,0.0,0.0,-3.455502120623847,Spring,LOAD_PRIORITY
79.0,small_family,14.94222469114875,6.5,6.5,0.0,0.0,-8.44222469114875,Spring,LOAD_PRIORITY
80.0,apartment,10.214407445018312,3.6399999999999997,3.3599999999999994,0.27999999999999997,0.0,-6.574407445018313,Spring,LOAD_PRIORITY
80.0,family_house,18.72641364920024,10.08,10.08,0.0,0.0,-8.64641364920024,Spring,LOAD_PRIORITY
80.0,luxury_house,23.833617371709394,18.0,18.0,0.0,0.0,-5.833617371709396,Spring,LOAD_PRIORITY
80.0,small_family,16.598412098154757,6.5,6.5,0.0,0.0,-10.098412098154757,Spring,LOAD_PRIORITY
81.0,apartment,11.288504132998614,3.6399999999999997,3.3599999999999994,0.27999999999999997,0.0,-7.648504132998614,Spring,LOAD_PRIORITY
81.0,family_house,20.695590910497458,10.08,10.08,0.0,0.0,-10.61559091049746,Spring,LOAD_PRIORITY
81.0,luxury_house,26.339842976996763,18.0,18.0,0.0,0.0,-8.339842976996763,Spring,LOAD_PRIORITY
81.0,small_family,18.34381921612275,6.5,6.5,0.0,0.0,-11.843819216122748,Spring,LOAD_PRIORITY
82.0,apartment,12.064543430332066,3.6399999999999997,3.3599999999999994,0.27999999999999997,0.0,-8.424543430332065,Spring,LOAD_PRIORITY
82.0,family_house,22.118329622275454,10.08,10.08,0.0,0.0,-12.038329622275457,Spring,LOAD_PRIORITY
82.0,luxury_house,28.150601337441486,18.0,18.0,0.0,0.0,-10.150601337441488,Spring,LOAD_PRIORITY
82.0,small_family,19.60488307428961,6.5,6.5,0.0,0.0,-13.10488307428961,Spring,LOAD_PRIORITY
83.0,apartment,11.716458589802611,3.6399999999999997,3.3599999999999994,0.27999999999999997,0.0,-8.07645858980261,Spring,LOAD_PRIORITY
83.0,family_house,21.48017408130479,10.08,10.08,0.0,0.0,-11.400174081304788,Spring,LOAD_PRIORITY
83.0,luxury_house,27.338403376206095,18.0,18.0,0.0,0.0,-9.338403376206093,Spring,LOAD_PRIORITY
83.0,small_family,19.039245208429243,6.5,6.5,0.0,0.0,-12.539245208429243,Spring,LOAD_PRIORITY
84.0,apartment,12.435681896158936,3.6399999999999997,3.3599999999999994,0.27999999999999997,0.3183125941103057,-8.795681896158937,Spring,LOAD_PRIORITY
84.0,family_house,22.798750142958053,10.08,10.08,0.0,0.0,-12.718750142958053,Spring,LOAD_PRIORITY
84.0,luxury_house,29.01659109103752,18.0,18.0,0.0,0.0,-11.01659109103752,Spring,LOAD_PRIORITY
84.0,small_family,20.207983081258273,6.5,6.5,0.0,0.0,-13.707983081258273,Spring,LOAD_PRIORITY
85.0,apartment,13.137907287927604,3.6399999999999997,3.3599999999999994,0.27999999999999997,0.8148256073273004,-9.497907287927605,Spring,LOAD_PRIORITY
85.0,family_house,24.086163361200608,10.08,10.08,0.0,0.0,-14.00616336120061,Spring,LOAD_PRIORITY
85.0,luxury_house,30.655117005164414,18.0,18.0,0.0,0.0,-12.655117005164412,Spring,LOAD_PRIORITY
85.0,small_family,21.349099342882358,6.5,6.5,0.0,0.7868865899066766,-14.84909934288236,Spring,LOAD_PRIORITY
86.0,apartment,15.017036846903592,3.6399999999999997,3.3599999999999994,0.27999999999999997,0.971419737241966,-11.377036846903591,Spring,LOAD_PRIORITY
86.0,family_house,27.531234219323245,10.08,10.08,0.0,0.0,-17.451234219323247,Spring,LOAD_PRIORITY
86.0,luxury_house,35.03975264277504,18.0,18.0,0.0,0.0,-17.039752642775046,Spring,LOAD_PRIORITY
86.0,small_family,24.402684876218334,6.5,6.5,0.0,3.591214053652682,-17.902684876218334,Spring,LOAD_PRIORITY
87.0,apartment,15.41573333973517,3.6399999999999997,3.3599999999999994,0.27999999999999997,1.0575481326182254,-11.77573333973517,Spring,LOAD_PRIORITY
87.0,family_house,28.262177789514478,10.08,10.08,0.0,0.0,-18.18217778951448,Spring,LOAD_PRIORITY
87.0,luxury_house,35.970044459382066,18.0,18.0,0.0,0.0,-17.970044459382066,Spring,LOAD_PRIORITY
87.0,small_family,25.050566677069654,6.5,6.5,0.0,7.564963671117684,-18.550566677069654,Spring,LOAD_PRIORITY
88.0,apartment,12.118534961663173,3.6399999999999997,3.3599999999999994,0.27999999999999997,1.4597558269438622,-8.478534961663174,Spring,LOAD_PRIORITY
88.0,family_house,22.21731409638248,10.08,10.08,0.0,0.16144882861539278,-12.137314096382484,Spring,LOAD_PRIORITY
88.0,luxury_house,28.27658157721407,18.0,18.0,0.0,0.0,-10.27658157721407,Spring,LOAD_PRIORITY
88.0,small_family,19.692619312702654,6.5,6.5,0.0,11.039696659680313,-13.192619312702655,Spring,LOAD_PRIORITY
89.0,apartment,9.690640198681084,3.6399999999999997,3.3599999999999994,0.27999999999999997,2.0376217508444774,-6.0506401986810845,Spring,LOAD_PRIORITY
89.0,family_house,17.766173697581987,10.08,10.08,0.0,1.0774898029429099,-7.686173697581987,Spring,LOAD_PRIORITY
89.0,luxury_house,22.611493796922527,18.0,18.0,0.0,0.0,-4.611493796922527,Spring,LOAD_PRIORITY
89.0,small_family,15.747290322856761,6.5,6.5,0.0,9.247290322856761,-9.247290322856761,Spring,LOAD_PRIORITY
90.0,apartment,8.377509054200203,24.649123033006404,23.60815238452675,1.0409706484796553,0.0,16.2716139788062,Spring,LOAD_PRIORITY
90.0,family_house,15.358766599367042,19.51564447845495,19.51564447845495,0.0,0.0,4.156877879087905,Spring,LOAD_PRIORITY
90.0,luxury_house,19.547521126467142,36.59730664363293,36.59730664363293,0.0,0.0,17.04978551716579,Spring,LOAD_PRIORITY
90.0,small_family,13.61345221307533,26.408901651035467,26.408901651035467,0.0,0.6720305174364377,12.795449437960137,Spring,LOAD_PRIORITY
91.0,apartment,0.040748374787880445,20.105269058055647,17.966295427218945,2.138973630836703,0.0,20.064520683267766,Spring,LOAD_PRIORITY
91.0,family_house,0.07470535377778083,23.913791619849448,23.913791619849448,0.0,0.0,23.839086266071668,Spring,LOAD_PRIORITY
91.0,luxury_house,0.09507954117172106,39.640883146120686,39.640883146120686,0.0,0.0,39.545803604948965,Spring,LOAD_PRIORITY
91.0,small_family,0.06621610903030573,27.05837975024646,27.05837975024646,0.0,0.0,26.992163641216152,Spring,LOAD_PRIORITY
92.0,apartment,0.31356418906425654,22.935981533428432,21.748459466503178,1.1875220669252544,0.0,22.622417344364177,Spring,LOAD_PRIORITY
92.0,family_house,0.5748676799511371,20.144276063423867,20.144276063423867,0.0,0.0,19.569408383472734,Spring,LOAD_PRIORITY
92.0,luxury_house,0.7316497744832653,36.90377436416667,34.92343508532592,1.980339278840754,0.0,36.172124589683406,Spring,LOAD_PRIORITY
92.0,small_family,0.5095418072294169,24.588237118048184,24.588237118048184,0.0,0.0,24.078695310818766,Spring,LOAD_PRIORITY
93.0,apartment,1.0815387370901202,24.416506173728298,20.579145002678196,3.8373611710501034,0.0,23.334967436638177,Spring,LOAD_PRIORITY
93.0,family_house,1.9828210179985533,28.5272358008322,28.5272358008322,0.0,0.0,26.54441478283365,Spring,LOAD_PRIORITY
93.0,luxury_house,2.523590386543613,37.27260088626893,16.55665066875516,20.71595021751377,0.0,34.74901049972532,Spring,LOAD_PRIORITY
93.0,small_family,1.7575004477714449,23.55785883875246,23.55785883875246,0.0,0.0,21.80035839098101,Spring,LOAD_PRIORITY
94.0,apartment,2.570336862036889,3.6399999999999997,3.228389477006148,0.41161052299385176,0.0,1.0696631379631107,Spring,LOAD_PRIORITY
94.0,family_house,4.712284247067629,10.08,10.08,0.0,0.0,5.36771575293237,Spring,LOAD_PRIORITY
94.0,luxury_house,5.997452678086074,18.0,6.430014654914213,11.569985345085787,0.0,12.002547321913926,Spring,LOAD_PRIORITY
94.0,small_family,4.176797400809945,6.5,6.5,0.0,0.0,2.323202599190055,Spring,LOAD_PRIORITY
95.0,apartment,5.166872295981251,3.6399999999999997,3.3599999999999994,0.27999999999999997,0.0,-1.526872295981251,Spring,LOAD_PRIORITY
95.0,family_house,9.47259920929896,10.08,10.08,0.0,0.0,0.6074007907010404,Spring,LOAD_PRIORITY
95.0,luxury_house,12.056035357289584,18.0,12.056035357289584,5.943964642710417,0.0,5.943964642710417,Spring,LOAD_PRIORITY
95.0,small_family,8.396167480969533,6.5,6.5,0.0,0.0,-1.8961674809695324,Spring,LOAD_PRIORITY
96.0,apartment,0.0,3.6399999999999997,3.071030844397187,0.5689691556028122,0.0,3.6399999999999997,Spring,LOAD_PRIORITY
96.0,family_house,0.0,10.08,10.08,0.0,0.0,10.08,Spring,LOAD_PRIORITY
96.0,luxury_house,0.0,18.0,0.0,18.0,0.0,18.0,Spring,LOAD_PRIORITY
96.0,small_family,0.0,6.5,6.5,0.0,0.0,6.5,Spring,LOAD_PRIORITY
97.0,apartment,0.0,3.6399999999999997,2.8,0.8399999999999999,0.0,3.6399999999999997,Spring,LOAD_PRIORITY
97.0,family_house,0.0,10.08,10.08,0.0,0.0,10.08,Spring,LOAD_PRIORITY
97.0,luxury_house,0.0,18.0,0.0,18.0,0.0,18.0,Spring,LOAD_PRIORITY
97.0,small_family,0.0,6.5,6.261088284761238,0.23891171523876226,0.0,6.5,Spring,LOAD_PRIORITY
98.0,apartment,0.0,3.6399999999999997,2.8,0.8399999999999999,0.0,3.6399999999999997,Spring,LOAD_PRIORITY
98.0,family_house,0.0,10.08,10.08,0.0,0.0,10.08,Spring,LOAD_PRIORITY
98.0,luxury_house,0.0,18.0,0.0,18.0,0.0,18.0,Spring,LOAD_PRIORITY
98.0,small_family,0.0,6.5,5.803776503494891,0.6962234965051088,0.0,6.5,Spring,LOAD_PRIORITY
99.0,apartment,0.8527355517621925,3.6399999999999997,2.6381448206992286,1.001855179300771,0.0,2.7872644482378073,Spring,LOAD_PRIORITY
99.0,family_house,1.56334851156402,10.08,9.590692375487833,0.48930762451216675,0.0,8.51665148843598,Spring,LOAD_PRIORITY
99.0,luxury_house,1.989716287445116,18.0,1.989716287445116,16.010283712554884,0.0,16.010283712554884,Spring,LOAD_PRIORITY
99.0,small_family,1.385695271613563,6.5,5.406118901223268,1.0938810987767327,0.0,5.114304728386437,Spring,LOAD_PRIORITY
100.0,apartment,1.5521768048837203,3.6399999999999997,2.6067403353682166,1.033259664631783,0.0,2.0878231951162793,Spring,LOAD_PRIORITY
100.0,family_house,2.8456574756201536,10.08,8.231275785065725,1.8487242149342757,0.0,7.234342524379846,Spring,LOAD_PRIORITY
100.0,luxury_house,3.6217458780620135,18.0,3.6217458780620135,14.378254121937985,0.0,14.378254121937985,Spring,LOAD_PRIORITY
100.0,small_family,2.5222873079360455,6.5,4.970110503052325,1.5298894969476748,0.0,3.9777126920639545,Spring,LOAD_PRIORITY
101.0,apartment,1.6317244561166317,3.6399999999999997,2.609108108745066,1.0308918912549336,0.0,2.008275543883368,Spring,LOAD_PRIORITY
101.0,family_house,2.9914948362138247,10.08,6.936753374314447,3.1432466256855536,0.0,7.088505163786175,Spring,LOAD_PRIORITY
101.0,luxury_house,3.8073570642721406,18.0,3.8073570642721406,14.19264293572786,0.0,14.19264293572786,Spring,LOAD_PRIORITY
101.0,small_family,2.6515522411895267,6.5,4.841349662694872,1.6586503373051273,0.0,3.8484477588104733,Spring,LOAD_PRIORITY
102.0,apartment,9.096730648362174,3.6399999999999997,3.3599999999999994,0.27999999999999997,0.0,-5.456730648362175,Spring,LOAD_PRIORITY
102.0,family_house,16.677339521997318,10.08,10.08,0.0,0.0,-6.59733952199732,Spring,LOAD_PRIORITY
102.0,luxury_house,21.22570484617841,18.0,18.0,0.0,0.0,-3.2257048461784077,Spring,LOAD_PRIORITY
102.0,small_family,14.782187303588533,6.5,6.5,0.0,0.0,-8.282187303588533,Spring,LOAD_PRIORITY
103.0,apartment,9.16198240395828,3.6399999999999997,3.3599999999999994,0.27999999999999997,0.0,-5.521982403958281,Spring,LOAD_PRIORITY
103.0,family_house,16.79696774059018,10.08,10.08,0.0,0.0,-6.71696774059018,Spring,LOAD_PRIORITY
103.0,luxury_house,21.37795894256932,18.0,18.0,0.0,0.0,-3.3779589425693217,Spring,LOAD_PRIORITY
103.0,small_family,14.888221406432205,6.5,6.5,0.0,0.0,-8.388221406432205,Spring,LOAD_PRIORITY
104.0,apartment,9.45246214867926,3.6399999999999997,3.3599999999999994,0.27999999999999997,0.0,-5.812462148679259,Spring,LOAD_PRIORITY
104.0,family_house,17.32951393924531,10.08,10.08,0.0,0.0,-7.249513939245309,Spring,LOAD_PRIORITY
104.0,luxury_house,22.05574501358494,18.0,18.0,0.0,0.0,-4.055745013584938,Spring,LOAD_PRIORITY
104.0,small_family,15.360250991603797,6.5,6.5,0.0,0.0,-8.860250991603797,Spring,LOAD_PRIORITY
105.0,apartment,10.329698140871248,3.6399999999999997,3.3599999999999994,0.27999999999999997,0.0,-6.689698140871248,Spring,LOAD_PRIORITY
105.0,family_house,18.937779924930624,10.08,10.08,0.0,0.0,-8.857779924930625,Spring,LOAD_PRIORITY
105.0,luxury_house,24.102628995366246,18.0,18.0,0.0,0.0,-6.102628995366247,Spring,LOAD_PRIORITY
105.0,small_family,16.78575947891578,6.5,6.5,0.0,0.0,-10.28575947891578,Spring,LOAD_PRIORITY
106.0,apartment,11.312889379466847,3.6399999999999997,3.3599999999999994,0.27999999999999997,0.0,-7.672889379466847,Spring,LOAD_PRIORITY
106.0,family_house,20.74029719568922,10.08,10.08,0.0,0.0,-10.660297195689221,Spring,LOAD_PRIORITY
106.0,luxury_house,26.396741885422642,18.0,18.0,0.0,0.0,-8.396741885422644,Spring,LOAD_PRIORITY
106.0,small_family,18.383445241633627,6.5,6.5,0.0,0.0,-11.883445241633627,Spring,LOAD_PRIORITY
107.0,apartment,12.81241503257899,3.6399999999999997,3.3599999999999994,0.27999999999999997,0.0,-9.172415032578991,Spring,LOAD_PRIORITY
107.0,family_house,23.489427559728153,10.08,10.08,0.0,0.0,-13.409427559728151,Spring,LOAD_PRIORITY
107.0,luxury_house,29.895635076017648,18.0,18.0,0.0,0.0,-11.895635076017646,Spring,LOAD_PRIORITY
107.0,small_family,20.820174427940863,6.5,6.5,0.0,0.0,-14.320174427940861,Spring,LOAD_PRIORITY
108.0,apartment,13.217690124642719,3.6399999999999997,3.3599999999999994,0.27999999999999997,0.0,-9.577690124642718,Spring,LOAD_PRIORITY
108.0,family_house,24.232431895178316,10.08,10.08,0.0,0.0,-14.152431895178317,Spring,LOAD_PRIORITY
108.0,luxury_house,30.841276957499673,18.0,18.0,0.0,0.0,-12.841276957499675,Spring,LOAD_PRIORITY
108.0,small_family,21.478746452544414,6.5,6.5,0.0,0.0,-14.978746452544415,Spring,LOAD_PRIORITY
109.0,apartment,14.634445578017377,3.6399999999999997,3.3599999999999994,0.27999999999999997,0.0,-10.994445578017377,Spring,LOAD_PRIORITY
109.0,family_house,26.829816893031857,10.08,10.08,0.0,0.0,-16.74981689303186,Spring,LOAD_PRIORITY
109.0,luxury_house,34.14703968204054,18.0,18.0,0.0,0.0,-16.147039682040543,Spring,LOAD_PRIORITY
109.0,small_family,23.780974064278237,6.5,6.5,0.0,0.0,-17.280974064278237,Spring,LOAD_PRIORITY
110.0,apartment,15.43914394684344,3.6399999999999997,3.3599999999999994,0.27999999999999997,0.0,-11.79914394684344,Spring,LOAD_PRIORITY
110.0,family_house,28.305097235879636,10.08,10.08,0.0,0.0,-18.225097235879637,Spring,LOAD_PRIORITY
110.0,luxury_house,36.02466920930136,18.0,18.0,0.0,0.0,-18.024669209301358,Spring,LOAD_PRIORITY
110.0,small_family,25.08860891362059,6.5,6.5,0.0,1.6940305631122705,-18.58860891362059,Spring,LOAD_PRIORITY
111.0,apartment,15.48739022527436,3.6399999999999997,3.3599999999999994,0.27999999999999997,0.7349299766463532,-11.847390225274362,Spring,LOAD_PRIORITY
111.0,family_house,28.39354874633633,10.08,10.08,0.0,0.0,-18.31354874633633,Spring,LOAD_PRIORITY
111.0,luxury_house,36.13724385897351,18.0,18.0,0.0,0.0,-18.137243858973513,Spring,LOAD_PRIORITY
111.0,small_family,25.167009116070837,6.5,6.5,0.0,5.919015058300442,-18.667009116070837,Spring,LOAD_PRIORITY
112.0,apartment,12.06554888596122,3.6399999999999997,3.3599999999999994,0.27999999999999997,3.1572856915807943,-8.42554888596122,Spring,LOAD_PRIORITY
112.0,family_house,22.12017295759557,10.08,10.08,0.0,0.0,-12.040172957595574,Spring,LOAD_PRIORITY
112.0,luxury_house,28.15294740057618,18.0,18.0,0.0,0.0,-10.152947400576183,Spring,LOAD_PRIORITY
112.0,small_family,19.606516939686987,6.5,6.5,0.0,10.16411738243932,-13.106516939686987,Spring,LOAD_PRIORITY
113.0,apartment,9.314132319966355,3.6399999999999997,3.3599999999999994,0.27999999999999997,2.9912611988196853,-5.674132319966355,Spring,LOAD_PRIORITY
113.0,family_house,17.07590925327165,10.08,10.08,0.0,0.078207950162278,-6.99590925327165,Spring,LOAD_PRIORITY
113.0,luxury_house,21.732975413254827,18.0,18.0,0.0,0.0,-3.7329754132548274,Spring,LOAD_PRIORITY
113.0,small_family,15.135465019945325,6.5,6.5,0.0,8.635465019945325,-8.635465019945325,Spring,LOAD_PRIORITY
114.0,apartment,7.610925461957445,25.46404977038469,23.50536860448554,1.9586811658991496,0.40600883879014155,17.853124308427248,Spring,LOAD_PRIORITY
114.0,family_house,13.953363346921982,31.839597303966283,31.839597303966283,0.0,0.0,17.8862339570443,Spring,LOAD_PRIORITY
114.0,luxury_house,17.758826077900704,37.124398761233294,37.124398761233294,0.0,0.0,19.365572683332594,Spring,LOAD_PRIORITY
114.0,small_family,12.367753875680846,23.405888229147575,23.405888229147575,0.0,0.5341190552208713,11.038134353466729,Spring,LOAD_PRIORITY
115.0,apartment,0.0,31.205089490730273,29.1836287610559,2.021460729674374,0.0,31.205089490730273,Spring,LOAD_PRIORITY
115.0,family_house,0.0,30.895765416117683,30.895765416117683,0.0,0.0,30.895765416117683,Spring,LOAD_PRIORITY
115.0,luxury_house,0.0,39.83499737786828,39.83499737786828,0.0,0.0,39.83499737786828,Spring,LOAD_PRIORITY
115.0,small_family,0.0,33.614220827679596,33.614220827679596,0.0,0.0,33.614220827679596,Spring,LOAD_PRIORITY
116.0,apartment,0.0,26.668464951037922,24.820927439110864,1.8475375119270592,0.0,26.668464951037922,Spring,LOAD_PRIORITY
116.0,family_house,0.0,26.065961912327907,26.065961912327907,0.0,0.0,26.065961912327907,Spring,LOAD_PRIORITY
116.0,luxury_house,0.0,39.70453674234152,35.17689140799003,4.527645334351486,0.0,39.70453674234152,Spring,LOAD_PRIORITY
116.0,small_family,0.0,27.100706801782056,27.100706801782056,0.0,0.0,27.100706801782056,Spring,LOAD_PRIORITY
117.0,apartment,0.21538453779160394,20.119169440722374,13.892655296811142,6.2265141439112295,0.0,19.903784902930767,Spring,LOAD_PRIORITY
117.0,family_house,0.3644969101088682,27.52013090641601,26.894307459862006,0.6258234465540036,0.0,27.15563399630714,Spring,LOAD_PRIORITY
117.0,luxury_house,0.4639051583203777,35.344397133250006,9.026216585088045,26.31818054816196,0.0,34.880491974929626,Spring,LOAD_PRIORITY
117.0,small_family,0.3230768066874059,28.9943483630134,26.25285391302703,2.741494449986372,0.0,28.671271556325998,Spring,LOAD_PRIORITY
118.0,apartment,0.0,3.6399999999999997,2.0850026591487882,1.5549973408512117,0.0,3.6399999999999997,Spring,LOAD_PRIORITY
118.0,family_house,0.0,10.08,8.387075106859417,1.6929248931405836,0.0,10.08,Spring,LOAD_PRIORITY
118.0,luxury_house,0.0,18.0,1.5,16.5,0.0,18.0,Spring,LOAD_PRIORITY
118.0,small_family,0.0,6.5,5.546140231585257,0.9538597684147427,0.0,6.5,Spring,LOAD_PRIORITY
119.0,apartment,3.0693468571021456,3.6399999999999997,3.376621626354836,0.26337837364516337,0.0,0.570653142897854,Spring,LOAD_PRIORITY
119.0,family_house,5.1942792966344005,10.08,8.476651960539902,1.6033480394600967,0.0,4.885720703365599,Spring,LOAD_PRIORITY
119.0,luxury_house,6.610900922989237,18.0,6.652638579737442,11.347361420262558,0.0,11.389099077010762,Spring,LOAD_PRIORITY
119.0,small_family,4.604020285653219,6.5,6.208310813177418,0.2916891868225817,0.0,1.8959797143467811,Spring,LOAD_PRIORITY
120.0,apartment,0.0,3.6399999999999997,1.4744992759711606,2.165500724028839,0.0,3.6399999999999997,Spring,LOAD_PRIORITY
120.0,family_house,0.0,10.08,6.505932831667556,3.5740671683324434,0.0,10.08,Spring,LOAD_PRIORITY
120.0,luxury_house,0.0,18.0,0.0,18.0,0.0,18.0,Spring,LOAD_PRIORITY
120.0,small_family,0.0,6.5,5.22185997494598,1.2781400250540194,0.0,6.5,Spring,LOAD_PRIORITY
121.0,apartment,1.4307021423669013,3.6399999999999997,2.110486098561701,1.5295139014382988,0.0,2.209297857633098,Spring,LOAD_PRIORITY
121.0,family_house,2.4211882409286023,10.08,6.888828433720252,3.191171566279749,0.0,7.658811759071398,Spring,LOAD_PRIORITY
121.0,luxury_house,3.081512306636403,18.0,3.081512306636403,14.918487693363598,0.0,14.918487693363598,Spring,LOAD_PRIORITY
121.0,small_family,2.1460532135503523,6.5,5.236863328967116,1.2631366710328833,0.0,4.353946786449648,Spring,LOAD_PRIORITY
122.0,apartment,1.4468831350336804,3.6399999999999997,2.1216883242540865,1.5183116757459132,0.0,2.1931168649663193,Spring,LOAD_PRIORITY
122.0,family_house,2.4485714592877668,10.08,6.552567288608542,3.527432711391458,0.0,7.631428540712232,Spring,LOAD_PRIORITY
122.0,luxury_house,3.1163636754571575,18.0,3.1163636754571575,14.883636324542842,0.0,14.883636324542842,Spring,LOAD_PRIORITY
122.0,small_family,2.170324702550521,6.5,4.497855187966585,2.002144812033415,0.0,4.329675297449479,Spring,LOAD_PRIORITY
123.0,apartment,1.5568611415741067,3.6399999999999997,2.0984268791332545,1.5415731208667451,0.0,2.083138858425893,Spring,LOAD_PRIORITY
123.0,family_house,2.634688085740796,10.08,5.67947957657257,4.400520423427429,0.0,7.445311914259204,Spring,LOAD_PRIORITY
123.0,luxury_house,3.353239381851922,18.0,3.353239381851922,14.646760618148079,0.0,14.646760618148079,Spring,LOAD_PRIORITY
123.0,small_family,2.33529171236116,6.5,3.9580118663097696,2.5419881336902304,0.0,4.16470828763884,Spring,LOAD_PRIORITY
124.0,apartment,1.651202111577938,3.6399999999999997,2.1101554704445675,1.529844529555432,0.0,1.9887978884220616,Spring,LOAD_PRIORITY
124.0,family_house,2.7943420349780492,10.08,4.198008520664029,5.88199147933597,0.0,7.28565796502195,Spring,LOAD_PRIORITY
124.0,luxury_house,3.55643531724479,18.0,3.55643531724479,14.443564682755209,0.0,14.443564682755209,Spring,LOAD_PRIORITY
124.0,small_family,2.4768031673669073,6.5,3.9154160414991335,2.5845839585008665,0.0,4.023196832633093,Spring,LOAD_PRIORITY
125.0,apartment,1.7874180825394181,3.6399999999999997,2.080833816946281,1.5591661830537187,0.0,1.8525819174605813,Spring,LOAD_PRIORITY
125.0,family_house,3.0248613704513225,10.08,3.710903065249465,6.3690969347505355,0.0,7.0551386295486775,Spring,LOAD_PRIORITY
125.0,luxury_house,3.8498235623925927,18.0,3.8498235623925927,14.150176437607406,0.0,14.150176437607406,Spring,LOAD_PRIORITY
125.0,small_family,2.6811271238091274,6.5,3.8561649318678572,2.6438350681321428,0.0,3.8188728761908726,Spring,LOAD_PRIORITY
126.0,apartment,10.384872263850895,3.6399999999999997,3.6399999999999997,0.0,0.0,-6.744872263850896,Spring,LOAD_PRIORITY
126.0,family_house,17.57439921574767,10.08,10.08,0.0,0.0,-7.494399215747666,Spring,LOAD_PRIORITY
126.0,luxury_house,22.367417183678846,18.0,18.0,0.0,0.0,-4.367417183678848,Spring,LOAD_PRIORITY
126.0,small_family,15.577308395776342,6.5,6.5,0.0,0.0,-9.077308395776342,Spring,LOAD_PRIORITY
127.0,apartment,10.703565942582468,3.6399999999999997,3.6399999999999997,0.0,0.0,-7.063565942582468,Spring,LOAD_PRIORITY
127.0,family_house,18.11372697975495,10.08,10.08,0.0,0.0,-8.033726979754949,Spring,LOAD_PRIORITY
127.0,luxury_house,23.053834337869933,18.0,18.0,0.0,0.0,-5.053834337869933,Spring,LOAD_PRIORITY
127.0,small_family,16.055348913873704,6.5,6.5,0.0,0.0,-9.555348913873704,Spring,LOAD_PRIORITY
128.0,apartment,10.844637811151346,3.6399999999999997,3.6399999999999997,0.0,0.0,-7.204637811151345,Spring,LOAD_PRIORITY
128.0,family_house,18.352463988102276,10.08,10.08,0.0,0.0,-8.272463988102277,Spring,LOAD_PRIORITY
128.0,luxury_house,23.357681439402896,18.0,18.0,0.0,0.0,-5.3576814394028975,Spring,LOAD_PRIORITY
128.0,small_family,16.26695671672702,6.5,6.5,0.0,0.0,-9.766956716727018,Spring,LOAD_PRIORITY
129.0,apartment,11.458476605977719,3.6399999999999997,3.6399999999999997,0.0,0.0,-7.81847660597772,Spring,LOAD_PRIORITY
129.0,family_house,19.391268102423833,10.08,10.08,0.0,0.0,-9.311268102423833,Spring,LOAD_PRIORITY
129.0,luxury_house,24.67979576672124,18.0,18.0,0.0,0.0,-6.6797957667212415,Spring,LOAD_PRIORITY
129.0,small_family,17.187714908966576,6.5,6.5,0.0,0.0,-10.687714908966576,Spring,LOAD_PRIORITY
130.0,apartment,12.264607552250714,3.6399999999999997,3.6399999999999997,0.0,0.0,-8.624607552250716,Spring,LOAD_PRIORITY
130.0,family_house,20.755489703808898,10.08,10.08,0.0,0.0,-10.6754897038089,Spring,LOAD_PRIORITY
130.0,luxury_house,26.41607780484769,18.0,18.0,0.0,0.0,-8.41607780484769,Spring,LOAD_PRIORITY
130.0,small_family,18.39691132837607,6.5,6.5,0.0,0.0,-11.896911328376072,Spring,LOAD_PRIORITY
131.0,apartment,13.0486749920986,3.6399999999999997,3.6399999999999997,0.0,0.0,-9.4086749920986,Spring,LOAD_PRIORITY
131.0,family_house,22.082373063551476,10.08,10.08,0.0,0.0,-12.002373063551477,Spring,LOAD_PRIORITY
131.0,luxury_house,28.10483844452006,18.0,18.0,0.0,0.0,-10.104838444520059,Spring,LOAD_PRIORITY
131.0,small_family,19.573012488147903,6.5,6.5,0.0,0.0,-13.073012488147901,Spring,LOAD_PRIORITY
132.0,apartment,13.717195539499167,3.6399999999999997,3.6399999999999997,0.0,0.0,-10.077195539499167,Spring,LOAD_PRIORITY
132.0,family_house,23.213715528383208,10.08,10.08,0.0,0.0,-13.13371552838321,Spring,LOAD_PRIORITY
132.0,luxury_house,29.5447288543059,18.0,18.0,0.0,0.0,-11.544728854305903,Spring,LOAD_PRIORITY
132.0,small_family,20.575793309248752,6.5,6.5,0.0,0.0,-14.075793309248752,Spring,LOAD_PRIORITY
133.0,apartment,14.508750049632678,3.6399999999999997,3.6399999999999997,0.0,0.0,-10.868750049632677,Spring,LOAD_PRIORITY
133.0,family_house,24.553269314762993,10.08,10.08,0.0,0.0,-14.473269314762993,Spring,LOAD_PRIORITY
133.0,luxury_house,31.249615491516536,18.0,18.0,0.0,0.0,-13.249615491516535,Spring,LOAD_PRIORITY
133.0,small_family,21.763125074449015,6.5,6.5,0.0,0.0,-15.263125074449013,Spring,LOAD_PRIORITY
134.0,apartment,15.291189221836834,3.6399999999999997,3.6399999999999997,0.0,0.0,-11.651189221836834,Spring,LOAD_PRIORITY
134.0,family_house,25.877397144646952,10.08,10.08,0.0,0.0,-15.797397144646954,Spring,LOAD_PRIORITY
134.0,luxury_house,32.934869093187025,18.0,18.0,0.0,0.0,-14.934869093187027,Spring,LOAD_PRIORITY
134.0,small_family,22.93678383275525,6.5,6.5,0.0,0.0,-16.43678383275525,Spring,LOAD_PRIORITY
135.0,apartment,15.450688778413623,3.6399999999999997,3.6399999999999997,0.0,0.0,-11.810688778413622,Spring,LOAD_PRIORITY
135.0,family_house,26.147319471161516,10.08,10.08,0.0,0.0,-16.067319471161518,Spring,LOAD_PRIORITY
135.0,luxury_house,33.27840659966011,18.0,18.0,0.0,0.0,-15.27840659966011,Spring,LOAD_PRIORITY
135.0,small_family,23.17603316762043,6.5,6.5,0.0,0.7025548902551676,-16.67603316762043,Spring,LOAD_PRIORITY
136.0,apartment,11.924929238059638,3.6399999999999997,3.6399999999999997,0.0,0.0,-8.284929238059638,Spring,LOAD_PRIORITY
136.0,family_house,20.18064947979323,10.08,10.08,0.0,0.0,-10.100649479793232,Spring,LOAD_PRIORITY
136.0,luxury_house,25.684462974282294,18.0,18.0,0.0,0.0,-7.684462974282294,Spring,LOAD_PRIORITY
136.0,small_family,17.887393857089457,6.5,6.5,0.0,3.589426752201245,-11.387393857089458,Spring,LOAD_PRIORITY
137.0,apartment,9.288397638036887,3.6399999999999997,3.6399999999999997,0.0,0.12082134168382935,-5.6483976380368865,Spring,LOAD_PRIORITY
137.0,family_house,15.718826772062425,10.08,10.08,0.0,0.0,-5.6388267720624246,Spring,LOAD_PRIORITY
137.0,luxury_house,20.005779528079447,18.0,18.0,0.0,0.0,-2.005779528079448,Spring,LOAD_PRIORITY
137.0,small_family,13.932596457055329,6.5,6.5,0.0,7.432596457055329,-7.432596457055329,Spring,LOAD_PRIORITY
138.0,apartment,7.716064477979645,23.484635563016354,23.484635563016354,0.0,0.0,15.76857108503671,Spring,LOAD_PRIORITY
138.0,family_house,13.05795527042709,26.63236805629419,26.63236805629419,0.0,0.0,13.5744127858671,Spring,LOAD_PRIORITY
138.0,luxury_house,16.61921579872539,36.647689073174575,36.647689073174575,0.0,0.0,20.028473274449183,Spring,LOAD_PRIORITY
138.0,small_family,11.574096716969468,32.336696650715126,32.336696650715126,0.0,0.0,20.76259993374566,Spring,LOAD_PRIORITY
139.0,apartment,0.0,29.450959595598384,29.450959595598384,0.0,0.0,29.450959595598384,Spring,LOAD_PRIORITY
139.0,family_house,0.0,26.425482430229128,26.425482430229128,0.0,0.0,26.425482430229128,Spring,LOAD_PRIORITY
139.0,luxury_house,0.0,39.14012524911634,39.14012524911634,0.0,0.0,39.14012524911634,Spring,LOAD_PRIORITY
139.0,small_family,0.0,30.947394488557844,30.947394488557844,0.0,0.0,30.947394488557844,Spring,LOAD_PRIORITY
140.0,apartment,0.0,23.761557696952263,22.939635875668223,0.8219218212840369,0.0,23.761557696952263,Spring,LOAD_PRIORITY
140.0,family_house,0.0,22.70578253077237,22.70578253077237,0.0,0.0,22.70578253077237,Spring,LOAD_PRIORITY
140.0,luxury_house,0.0,31.882730335334994,26.88331655700144,4.999413778333557,0.0,31.882730335334994,Spring,LOAD_PRIORITY
140.0,small_family,0.0,26.2783632960601,26.2783632960601,0.0,0.0,26.2783632960601,Spring,LOAD_PRIORITY
141.0,apartment,0.3496929820368729,27.13095895158095,17.634582164352608,9.496376787228346,0.0,26.78126596954408,Spring,LOAD_PRIORITY
141.0,family_house,0.5917881234470156,30.989168257785046,30.776307237996757,0.21286101978829075,0.0,30.397380134338032,Spring,LOAD_PRIORITY
141.0,luxury_house,0.7531848843871107,38.057698748338126,8.911026570084946,29.146672178253183,0.0,37.304513863951016,Spring,LOAD_PRIORITY
141.0,small_family,0.5245394730553093,25.935298396905512,24.672044912557254,1.2632534843482577,0.0,25.410758923850207,Spring,LOAD_PRIORITY
142.0,apartment,2.3142124332876204,3.6399999999999997,3.028098046132748,0.6119019538672521,0.0,1.3257875667123795,Spring,LOAD_PRIORITY
142.0,family_house,3.916359502486742,10.08,9.483858515493072,0.596141484506929,0.0,6.163640497513258,Spring,LOAD_PRIORITY
142.0,luxury_house,4.98445754861949,18.0,4.98445754861949,13.015542451380512,0.0,13.015542451380512,Spring,LOAD_PRIORITY
142.0,small_family,3.4713186499314306,6.5,6.267024511533187,0.23297548846681304,0.0,3.0286813500685694,Spring,LOAD_PRIORITY
143.0,apartment,5.726471847164475,3.6399999999999997,3.6399999999999997,0.0,0.0,-2.0864718471644754,Spring,LOAD_PRIORITY
143.0,family_house,9.690952356739881,10.08,10.015158726123314,0.06484127387668637,0.0,0.3890476432601182,Spring,LOAD_PRIORITY
143.0,luxury_house,12.333939363123486,18.0,12.333939363123486,5.666060636876514,0.0,5.666060636876514,Spring,LOAD_PRIORITY
143.0,small_family,8.589707770746712,6.5,6.5,0.0,0.0,-2.0897077707467115,Spring,LOAD_PRIORITY
144.0,apartment,0.0,3.6399999999999997,2.721019642364974,0.9189803576350253,0.0,3.6399999999999997,Spring,LOAD_PRIORITY
144.0,family_house,0.0,10.08,6.703302200291644,3.3766977997083556,0.0,10.08,Spring,LOAD_PRIORITY
144.0,luxury_house,0.0,18.0,0.0,18.0,0.0,18.0,Spring,LOAD_PRIORITY
144.0,small_family,0.0,6.5,6.094573021117842,0.4054269788821575,0.0,6.5,Spring,LOAD_PRIORITY
145.0,apartment,2.4216384824727366,3.6399999999999997,2.983959182869935,0.6560408171300648,0.0,1.218361517527263,Spring,LOAD_PRIORITY
145.0,family_house,4.098157431876938,10.08,6.592867177286396,3.487132822713604,0.0,5.981842568123061,Spring,LOAD_PRIORITY
145.0,luxury_house,5.215836731479739,18.0,5.215836731479739,12.78416326852026,0.0,12.78416326852026,Spring,LOAD_PRIORITY
145.0,small_family,3.6324577237091042,6.5,6.0045084903567885,0.49549150964321176,0.0,2.8675422762908958,Spring,LOAD_PRIORITY
146.0,apartment,2.4878861552423444,3.6399999999999997,3.0196310066689547,0.6203689933310451,0.0,1.1521138447576553,Spring,LOAD_PRIORITY
146.0,family_house,4.210268878102429,10.08,6.6559901788930835,3.4240098211069157,0.0,5.86973112189757,Spring,LOAD_PRIORITY
146.0,luxury_house,5.358524026675819,18.0,5.358524026675819,12.64147597332418,0.0,12.64147597332418,Spring,LOAD_PRIORITY
146.0,small_family,3.731829232863517,6.5,5.7307388494377,0.7692611505622996,0.0,2.768170767136483,Spring,LOAD_PRIORITY
147.0,apartment,1.9728242510099188,3.6399999999999997,2.742289981313033,0.8977100186869666,0.0,1.667175748990081,Spring,LOAD_PRIORITY
147.0,family_house,3.338625655555247,10.08,5.9674660082482704,4.112533991751729,0.0,6.741374344444752,Spring,LOAD_PRIORITY
147.0,luxury_house,4.249159925252132,18.0,4.249159925252132,13.750840074747869,0.0,13.750840074747869,Spring,LOAD_PRIORITY
147.0,small_family,2.959236376514878,6.5,5.03505503688004,1.4649449631199598,0.0,3.5407636234851223,Spring,LOAD_PRIORITY
148.0,apartment,1.9817482791994143,3.6399999999999997,2.6198473558370527,1.020152644162947,0.0,1.6582517208005854,Spring,LOAD_PRIORITY
148.0,family_house,3.3537278571067013,10.08,5.0352958928300255,5.044704107169974,0.0,6.726272142893298,Spring,LOAD_PRIORITY
148.0,luxury_house,4.268380909044892,18.0,4.268380909044892,13.731619090955109,0.0,13.731619090955109,Spring,LOAD_PRIORITY
148.0,small_family,2.972622418799121,6.5,4.857162695292187,1.6428373047078133,0.0,3.527377581200879,Spring,LOAD_PRIORITY
149.0,apartment,2.395112509388126,3.6399999999999997,2.8739153903926926,0.7660846096073068,0.0,1.2448874906118736,Spring,LOAD_PRIORITY
149.0,family_house,4.053267323579906,10.08,5.559950492684929,4.52004950731507,0.0,6.026732676420094,Spring,LOAD_PRIORITY
149.0,luxury_house,5.158703866374426,18.0,5.158703866374426,12.841296133625576,0.0,12.841296133625576,Spring,LOAD_PRIORITY
149.0,small_family,3.592668764082189,6.5,4.934513949890409,1.5654860501095906,0.0,2.907331235917811,Spring,LOAD_PRIORITY
150.0,apartment,10.661931235840795,3.6399999999999997,3.6399999999999997,0.0,0.0,-7.021931235840795,Spring,LOAD_PRIORITY
150.0,family_house,18.043268245269036,10.08,10.08,0.0,0.0,-7.963268245269036,Spring,LOAD_PRIORITY
150.0,luxury_house,22.964159584887867,18.0,18.0,0.0,0.0,-4.964159584887867,Spring,LOAD_PRIORITY
150.0,small_family,15.992896853761192,6.5,6.5,0.0,0.0,-9.492896853761192,Spring,LOAD_PRIORITY
151.0,apartment,10.826028253077936,3.6399999999999997,3.6399999999999997,0.0,0.0,-7.186028253077936,Spring,LOAD_PRIORITY
151.0,family_house,18.320970889824196,10.08,10.08,0.0,0.0,-8.240970889824197,Spring,LOAD_PRIORITY
151.0,luxury_house,23.317599314321708,18.0,18.0,0.0,0.0,-5.317599314321708,Spring,LOAD_PRIORITY
151.0,small_family,16.239042379616905,6.5,6.5,0.0,0.0,-9.739042379616903,Spring,LOAD_PRIORITY
152.0,apartment,10.436539622441162,3.6399999999999997,3.6399999999999997,0.0,0.0,-6.796539622441163,Spring,LOAD_PRIORITY
152.0,family_house,17.661836284131198,10.08,10.08,0.0,0.0,-7.581836284131198,Spring,LOAD_PRIORITY
152.0,luxury_house,22.478700725257887,18.0,18.0,0.0,0.0,-4.478700725257887,Spring,LOAD_PRIORITY
152.0,small_family,15.654809433661741,6.5,6.5,0.0,0.0,-9.154809433661741,Spring,LOAD_PRIORITY
153.0,apartment,12.520627518293733,3.6399999999999997,3.6399999999999997,0.0,0.0,-8.880627518293734,Spring,LOAD_PRIORITY
153.0,family_house,21.18875426172786,10.08,10.08,0.0,0.0,-11.108754261727858,Spring,LOAD_PRIORITY
153.0,luxury_house,26.967505424017276,18.0,18.0,0.0,0.0,-8.967505424017276,Spring,LOAD_PRIORITY
153.0,small_family,18.7809412774406,6.5,6.5,0.0,0.0,-12.2809412774406,Spring,LOAD_PRIORITY
154.0,apartment,13.688278846616672,3.6399999999999997,3.6399999999999997,0.0,0.0,-10.048278846616673,Spring,LOAD_PRIORITY
154.0,family_house,23.16477958658206,10.08,10.08,0.0,0.0,-13.08477958658206,Spring,LOAD_PRIORITY
154.0,luxury_house,29.482446746558985,18.0,18.0,0.0,0.0,-11.482446746558985,Spring,LOAD_PRIORITY
154.0,small_family,20.53241826992501,6.5,6.5,0.0,0.0,-14.03241826992501,Spring,LOAD_PRIORITY
155.0,apartment,13.176805519747818,3.6399999999999997,3.6399999999999997,0.0,0.0,-9.536805519747817,Spring,LOAD_PRIORITY
155.0,family_house,22.29920934111169,10.08,10.08,0.0,0.0,-12.219209341111695,Spring,LOAD_PRIORITY
155.0,luxury_house,28.38081188868761,18.0,18.0,0.0,0.0,-10.38081188868761,Spring,LOAD_PRIORITY
155.0,small_family,19.765208279621724,6.5,6.5,0.0,0.0,-13.265208279621724,Spring,LOAD_PRIORITY
156.0,apartment,15.233832856360205,3.6399999999999997,3.6399999999999997,0.0,0.0,-11.593832856360205,Spring,LOAD_PRIORITY
156.0,family_house,25.780332526148044,10.08,10.08,0.0,0.0,-15.700332526148044,Spring,LOAD_PRIORITY
156.0,luxury_house,32.8113323060066,18.0,18.0,0.0,0.0,-14.811332306006598,Spring,LOAD_PRIORITY
156.0,small_family,22.850749284540306,6.5,6.5,0.0,0.0,-16.350749284540306,Spring,LOAD_PRIORITY
157.0,apartment,15.560433952709694,3.6399999999999997,3.6399999999999997,0.0,0.17406651226133363,-11.920433952709693,Spring,LOAD_PRIORITY
157.0,family_house,26.333042073816404,10.08,10.08,0.0,0.0,-16.253042073816406,Spring,LOAD_PRIORITY
157.0,luxury_house,33.51478082122088,18.0,18.0,0.0,0.0,-15.51478082122088,Spring,LOAD_PRIORITY
157.0,small_family,23.34065092906454,6.5,6.5,0.0,0.0,-16.84065092906454,Spring,LOAD_PRIORITY
158.0,apartment,16.5746117301729,3.6399999999999997,3.6399999999999997,0.0,0.9949701330902232,-12.934611730172902,Spring,LOAD_PRIORITY
158.0,family_house,28.049342927984913,10.08,10.08,0.0,0.0,-17.969342927984915,Spring,LOAD_PRIORITY
158.0,luxury_house,35.69916372652625,18.0,18.0,0.0,0.0,-17.69916372652625,Spring,LOAD_PRIORITY
158.0,small_family,24.861917595259353,6.5,6.5,0.0,0.11531026439364345,-18.361917595259353,Spring,LOAD_PRIORITY
159.0,apartment,18.25079158218551,3.6399999999999997,3.6399999999999997,0.0,2.144292886183125,-14.61079158218551,Spring,LOAD_PRIORITY
159.0,family_house,30.885954985237014,10.08,10.08,0.0,0.0,-20.805954985237015,Spring,LOAD_PRIORITY
159.0,luxury_house,39.309397253938016,18.0,18.0,0.0,0.0,-21.309397253938016,Spring,LOAD_PRIORITY
159.0,small_family,27.376187373278263,6.5,6.5,0.0,8.258878575329954,-20.876187373278263,Spring,LOAD_PRIORITY
160.0,apartment,14.315364446618771,3.6399999999999997,3.6399999999999997,0.0,3.9862202190620244,-10.67536444661877,Spring,LOAD_PRIORITY
160.0,family_house,24.226001371200997,10.08,10.08,0.0,0.0,-14.146001371200999,Spring,LOAD_PRIORITY
160.0,luxury_house,30.833092654255815,18.0,18.0,0.0,0.0,-12.833092654255815,Spring,LOAD_PRIORITY
160.0,small_family,21.473046669928156,6.5,6.5,0.0,14.973046669928156,-14.973046669928156,Spring,LOAD_PRIORITY
161.0,apartment,11.139408863747049,3.6399999999999997,3.6399999999999997,0.0,7.499408863747048,-7.499408863747048,Spring,LOAD_PRIORITY
161.0,family_house,18.85130730787962,10.08,10.08,0.0,0.0,-8.771307307879619,Spring,LOAD_PRIORITY
161.0,luxury_house,23.992572937301333,18.0,18.0,0.0,0.0,-5.9925729373013334,Spring,LOAD_PRIORITY
161.0,small_family,16.709113295620572,6.5,6.5,0.0,10.209113295620572,-10.209113295620572,Spring,LOAD_PRIORITY
162.0,apartment,9.116557153248749,28.726594755966087,28.726594755966087,0.0,0.025410871286919656,19.610037602717338,Spring,LOAD_PRIORITY
162.0,family_house,15.428019797805575,29.277292671794292,29.277292671794292,0.0,0.0,13.849272873988717,Spring,LOAD_PRIORITY
162.0,luxury_house,19.63566156084346,32.62283587033271,32.62283587033271,0.0,0.0,12.987174309489246,Spring,LOAD_PRIORITY
162.0,small_family,13.674835729873124,26.261988370511407,26.261988370511407,0.0,0.7728773864855084,12.587152640638283,Spring,LOAD_PRIORITY
163.0,apartment,0.0,24.837483267420044,24.837483267420044,0.0,0.0,24.837483267420044,Spring,LOAD_PRIORITY
163.0,family_house,0.0,29.320752528049113,29.320752528049113,0.0,0.0,29.320752528049113,Spring,LOAD_PRIORITY
163.0,luxury_house,0.0,30.03826883802889,30.03826883802889,0.0,0.0,30.03826883802889,Spring,LOAD_PRIORITY
163.0,small_family,0.0,26.55399686582112,26.55399686582112,0.0,0.0,26.55399686582112,Spring,LOAD_PRIORITY
164.0,apartment,0.0,18.6194365139903,18.6194365139903,0.0,0.0,18.6194365139903,Spring,LOAD_PRIORITY
164.0,family_house,0.0,23.2082009437066,23.2082009437066,0.0,0.0,23.2082009437066,Spring,LOAD_PRIORITY
164.0,luxury_house,0.0,32.38738119605953,32.38738119605953,0.0,0.0,32.38738119605953,Spring,LOAD_PRIORITY
164.0,small_family,0.0,21.74795169077379,21.74795169077379,0.0,0.0,21.74795169077379,Spring,LOAD_PRIORITY
165.0,apartment,0.5866596258652526,20.861049704796987,16.507373373617817,4.3536763311791695,0.0,20.274390078931734,Spring,LOAD_PRIORITY
165.0,family_house,0.9928085976181197,23.59103301968517,23.59103301968517,0.0,0.0,22.59822442206705,Spring,LOAD_PRIORITY
165.0,luxury_house,1.2635745787866979,37.14551952738829,35.47405597206999,1.6714635553183017,0.0,35.88194494860159,Spring,LOAD_PRIORITY
165.0,small_family,0.8799894387978788,27.723417777176074,25.73745341007584,1.985964367100233,0.0,26.843428338378196,Spring,LOAD_PRIORITY
166.0,apartment,2.306455884619832,3.6399999999999997,3.23981174563497,0.40018825436502925,0.0,1.3335441153801675,Spring,LOAD_PRIORITY
166.0,family_house,3.903233035510485,10.08,10.08,0.0,0.0,6.176766964489515,Spring,LOAD_PRIORITY
166.0,luxury_house,4.967751136104253,18.0,11.101900555710442,6.8980994442895565,0.0,13.032248863895745,Spring,LOAD_PRIORITY
166.0,small_family,3.4596838269297483,6.5,6.124512714237378,0.37548728576262186,0.0,3.0403161730702517,Spring,LOAD_PRIORITY
167.0,apartment,4.024726401578842,3.6399999999999997,3.6399999999999997,0.0,0.0,-0.38472640157884314,Spring,LOAD_PRIORITY
167.0,family_house,6.811075448825734,10.08,10.08,0.0,0.0,3.268924551174266,Spring,LOAD_PRIORITY
167.0,luxury_house,8.66864148032366,18.0,11.80512682724553,6.19487317275447,0.0,9.33135851967634,Spring,LOAD_PRIORITY
167.0,small_family,6.0370896023682645,6.5,6.428783015748964,0.07121698425103629,0.0,0.46291039763173586,Spring,LOAD_PRIORITY
168.0,apartment,0.0,3.6399999999999997,2.499192969705432,1.1408070302945679,0.0,3.6399999999999997,Spring,LOAD_PRIORITY
168.0,family_house,0.0,10.08,10.08,0.0,0.0,10.08,Spring,LOAD_PRIORITY
168.0,luxury_house,0.0,18.0,1.4824665412931908,16.517533458706808,0.0,18.0,Spring,LOAD_PRIORITY
168.0,small_family,0.0,6.5,5.46332582846866,1.03667417153134,0.0,6.5,Spring,LOAD_PRIORITY
169.0,apartment,2.8401995890153073,3.6399999999999997,3.3323844573135792,0.3076155426864201,0.0,0.7998004109846922,Spring,LOAD_PRIORITY
169.0,family_house,4.806491612179752,10.08,10.08,0.0,0.0,5.2735083878202484,Spring,LOAD_PRIORITY
169.0,luxury_house,6.1173529609560475,18.0,6.1173529609560475,11.882647039043952,0.0,11.882647039043952,Spring,LOAD_PRIORITY
169.0,small_family,4.260299383522961,6.5,5.983146011582222,0.5168539884177783,0.0,2.239700616477039,Spring,LOAD_PRIORITY
170.0,apartment,3.115721255410947,3.6399999999999997,3.43835432900421,0.2016456709957895,0.0,0.5242787445890527,Spring,LOAD_PRIORITY
170.0,family_house,5.272759047618526,10.08,10.08,0.0,0.0,4.807240952381474,Spring,LOAD_PRIORITY
170.0,luxury_house,6.710784242423578,18.0,6.710784242423578,11.289215757576422,0.0,11.289215757576422,Spring,LOAD_PRIORITY
170.0,small_family,4.67358188311642,6.5,6.078518896103789,0.4214811038962107,0.0,1.8264181168835796,Spring,LOAD_PRIORITY
171.0,apartment,3.4204079046799754,3.6399999999999997,3.5555415017999903,0.08445849820000934,0.0,0.21959209532002427,Spring,LOAD_PRIORITY
171.0,family_house,5.788382607919958,10.08,9.77356075714531,0.30643924285469054,0.0,4.291617392080042,Spring,LOAD_PRIORITY
171.0,luxury_house,7.367032410079947,18.0,7.367032410079947,10.632967589920053,0.0,10.632967589920053,Spring,LOAD_PRIORITY
171.0,small_family,5.130611857019963,6.5,6.183987351619991,0.3160126483800087,0.0,1.3693881429800376,Spring,LOAD_PRIORITY
172.0,apartment,3.633543128028735,3.6399999999999997,3.6375165877033595,0.0024834122966402306,0.0,0.0064568719712645994,Spring,LOAD_PRIORITY
172.0,family_house,6.149072985894782,10.08,9.707355097003513,0.3726449029964877,0.0,3.9309270141052175,Spring,LOAD_PRIORITY
172.0,luxury_house,7.8260928911388135,18.0,7.8260928911388135,10.173907108861187,0.0,10.173907108861187,Spring,LOAD_PRIORITY
172.0,small_family,5.4503146920431025,6.5,6.257764928933024,0.24223507106697634,0.0,1.0496853079568975,Spring,LOAD_PRIORITY
173.0,apartment,3.8322888588188615,3.6399999999999997,3.6399999999999997,0.0,0.0,-0.1922888588188621,Spring,LOAD_PRIORITY
173.0,family_house,6.485411914924228,10.08,9.332085054880414,0.747914945119585,0.0,3.594588085075771,Spring,LOAD_PRIORITY
173.0,luxury_house,8.254160618994472,18.0,8.254160618994472,9.745839381005528,0.0,9.745839381005528,Spring,LOAD_PRIORITY
173.0,small_family,5.748433288228292,6.5,6.326561528052683,0.1734384719473171,0.0,0.7515667117717074,Spring,LOAD_PRIORITY
174.0,apartment,12.577823520928327,3.6399999999999997,3.6399999999999997,0.0,0.0,-8.937823520928326,Spring,LOAD_PRIORITY
174.0,family_house,21.28554749695563,10.08,10.08,0.0,0.0,-11.20554749695563,Spring,LOAD_PRIORITY
174.0,luxury_house,27.090696814307165,18.0,18.0,0.0,0.0,-9.090696814307165,Spring,LOAD_PRIORITY
174.0,small_family,18.86673528139249,6.5,6.5,0.0,0.0,-12.36673528139249,Spring,LOAD_PRIORITY
175.0,apartment,12.701241563638359,3.6399999999999997,3.6399999999999997,0.0,0.0,-9.06124156363836,Spring,LOAD_PRIORITY
175.0,family_house,21.494408800003377,10.08,10.08,0.0,0.0,-11.414408800003379,Spring,LOAD_PRIORITY
175.0,luxury_house,27.35652029091339,18.0,18.0,0.0,0.0,-9.35652029091339,Spring,LOAD_PRIORITY
175.0,small_family,19.05186234545754,6.5,6.5,0.0,0.0,-12.551862345457538,Spring,LOAD_PRIORITY
176.0,apartment,12.955648858331484,3.6399999999999997,3.6399999999999997,0.0,0.0,-9.315648858331484,Spring,LOAD_PRIORITY
176.0,family_house,21.924944221791744,10.08,10.08,0.0,0.0,-11.844944221791744,Spring,LOAD_PRIORITY
176.0,luxury_house,27.904474464098584,18.0,18.0,0.0,0.0,-9.904474464098582,Spring,LOAD_PRIORITY
176.0,small_family,19.433473287497225,6.5,6.5,0.0,0.0,-12.933473287497227,Spring,LOAD_PRIORITY
177.0,apartment,13.562072868404714,3.6399999999999997,3.6399999999999997,0.0,0.0,-9.922072868404713,Spring,LOAD_PRIORITY
177.0,family_house,22.951200238838744,10.08,10.08,0.0,0.0,-12.871200238838746,Spring,LOAD_PRIORITY
177.0,luxury_house,29.210618485794765,18.0,18.0,0.0,0.0,-11.210618485794765,Spring,LOAD_PRIORITY
177.0,small_family,20.343109302607072,6.5,6.5,0.0,0.0,-13.843109302607072,Spring,LOAD_PRIORITY
178.0,apartment,14.257250061511847,3.6399999999999997,3.6399999999999997,0.0,0.0,-10.617250061511847,Spring,LOAD_PRIORITY
178.0,family_house,24.12765395025082,10.08,10.08,0.0,0.0,-14.047653950250822,Spring,LOAD_PRIORITY
178.0,luxury_house,30.707923209410136,18.0,18.0,0.0,0.0,-12.707923209410136,Spring,LOAD_PRIORITY
178.0,small_family,21.38587509226777,6.5,6.5,0.0,0.0,-14.88587509226777,Spring,LOAD_PRIORITY
179.0,apartment,15.109913540221823,3.6399999999999997,3.6399999999999997,0.0,0.0,-11.469913540221823,Spring,LOAD_PRIORITY
179.0,family_house,25.57062291422155,10.08,10.08,0.0,0.0,-15.49062291422155,Spring,LOAD_PRIORITY
179.0,luxury_house,32.544429163554696,18.0,18.0,0.0,0.0,-14.544429163554696,Spring,LOAD_PRIORITY
179.0,small_family,22.664870310332734,6.5,6.5,0.0,1.433909694032642,-16.164870310332734,Spring,LOAD_PRIORITY
180.0,apartment,15.944394611112912,3.6399999999999997,3.6399999999999997,0.0,0.9914069150011087,-12.304394611112912,Spring,LOAD_PRIORITY
180.0,family_house,26.982821649575698,10.08,10.08,0.0,0.0,-16.9028216495757,Spring,LOAD_PRIORITY
180.0,luxury_house,34.34177300855089,18.0,18.0,0.0,0.0,-16.341773008550888,Spring,LOAD_PRIORITY
180.0,small_family,23.916591916669372,6.5,6.5,0.0,3.4869149780150996,-17.416591916669372,Spring,LOAD_PRIORITY
181.0,apartment,16.781332013332406,3.6399999999999997,3.6399999999999997,0.0,3.4395679533829933,-13.141332013332406,Spring,LOAD_PRIORITY
181.0,family_house,28.399177253331764,10.08,10.08,0.0,0.2512918549487948,-18.319177253331766,Spring,LOAD_PRIORITY
181.0,luxury_house,36.144407413331336,18.0,18.0,0.0,0.0,-18.144407413331336,Spring,LOAD_PRIORITY
181.0,small_family,25.17199801999861,6.5,6.5,0.0,7.727679866865103,-18.67199801999861,Spring,LOAD_PRIORITY
182.0,apartment,17.593614331925437,3.6399999999999997,3.6399999999999997,0.0,6.94149341917803,-13.953614331925436,Spring,LOAD_PRIORITY
182.0,family_house,29.773808869412278,10.08,10.08,0.0,1.6411507391176898,-19.69380886941228,Spring,LOAD_PRIORITY
182.0,luxury_house,37.89393856107017,18.0,18.0,0.0,0.0,-19.893938561070172,Spring,LOAD_PRIORITY
182.0,small_family,26.390421497888155,6.5,6.5,0.0,14.291956630181886,-19.890421497888155,Spring,LOAD_PRIORITY
183.0,apartment,17.9360696347743,3.6399999999999997,3.6399999999999997,0.0,9.557734829712823,-14.296069634774298,Spring,LOAD_PRIORITY
183.0,family_house,30.353348612694962,10.08,10.08,0.0,2.398920047485043,-20.273348612694964,Spring,LOAD_PRIORITY
183.0,luxury_house,38.63153459797541,18.0,18.0,0.0,0.0,-20.63153459797541,Spring,LOAD_PRIORITY
183.0,small_family,26.904104452161445,6.5,6.5,0.0,20.404104452161445,-20.404104452161445,Spring,LOAD_PRIORITY
184.0,apartment,14.158010522159312,3.6399999999999997,3.6399999999999997,0.0,10.518010522159312,-10.518010522159312,Spring,LOAD_PRIORITY
184.0,family_house,23.95971011442345,10.08,10.08,0.0,5.025299051535741,-13.879710114423455,Spring,LOAD_PRIORITY
184.0,luxury_house,30.49417650926621,18.0,18.0,0.0,0.0,-12.494176509266213,Spring,LOAD_PRIORITY
184.0,small_family,21.23701578323897,6.5,6.5,0.0,14.737015783238972,-14.737015783238972,Spring,LOAD_PRIORITY
185.0,apartment,11.010384076438497,3.6399999999999997,3.6399999999999997,0.0,7.370384076438497,-7.370384076438497,Spring,LOAD_PRIORITY
185.0,family_house,18.632957667818996,10.08,10.08,0.0,7.169198804402662,-8.552957667818996,Spring,LOAD_PRIORITY
185.0,luxury_house,23.714673395405995,18.0,18.0,0.0,0.0,-5.714673395405994,Spring,LOAD_PRIORITY
185.0,small_family,16.515576114657744,6.5,6.5,0.0,10.015576114657746,-10.015576114657746,Spring,LOAD_PRIORITY
186.0,apartment,9.185039185962442,18.497758189743966,18.497758189743966,0.0,0.4783445643331092,9.312719003781524,Spring,LOAD_PRIORITY
186.0,family_house,15.543912468551824,32.189337228616914,32.189337228616914,0.0,0.10184022710253227,16.645424760065087,Spring,LOAD_PRIORITY
186.0,luxury_house,19.783161323611413,36.62097680340504,36.62097680340504,0.0,0.0,16.837815479793633,Spring,LOAD_PRIORITY
186.0,small_family,13.777558778943662,26.701335352815516,26.701335352815516,0.0,0.25255863953043656,12.923776573871853,Spring,LOAD_PRIORITY
187.0,apartment,0.0,19.023953678889164,19.023953678889164,0.0,0.0,19.023953678889164,Spring,LOAD_PRIORITY
187.0,family_house,0.0,28.78463549754987,28.78463549754987,0.0,0.0,28.78463549754987,Spring,LOAD_PRIORITY
187.0,luxury_house,0.0,34.547035483210124,34.547035483210124,0.0,0.0,34.547035483210124,Spring,LOAD_PRIORITY
187.0,small_family,0.0,24.69481344570858,24.69481344570858,0.0,0.0,24.69481344570858,Spring,LOAD_PRIORITY
188.0,apartment,0.0,22.424643245926262,21.77705663398884,0.6475866119374238,0.0,22.424643245926262,Spring,LOAD_PRIORITY
188.0,family_house,0.0,29.31812203765386,29.31812203765386,0.0,0.0,29.31812203765386,Spring,LOAD_PRIORITY
188.0,luxury_house,0.0,33.46032096600401,33.46032096600401,0.0,0.0,33.46032096600401,Spring,LOAD_PRIORITY
188.0,small_family,0.0,21.314089484652932,21.314089484652932,0.0,0.0,21.314089484652932,Spring,LOAD_PRIORITY
189.0,apartment,0.544909524622454,20.300473441094677,17.626427431312035,2.6740460097826393,0.0,19.75556391647222,Spring,LOAD_PRIORITY
189.0,family_house,0.9221545801303067,26.256265027239085,26.256265027239085,0.0,0.0,25.334110447108777,Spring,LOAD_PRIORITY
189.0,luxury_house,1.1736512838022084,39.78693486408627,39.66625039434471,0.120684469741561,0.0,38.61328358028406,Spring,LOAD_PRIORITY
189.0,small_family,0.817364286933681,27.30874557447699,27.30874557447699,0.0,0.0,26.49138128754331,Spring,LOAD_PRIORITY
190.0,apartment,2.394754456467343,3.6399999999999997,3.3526356438001557,0.2873643561998438,0.0,1.2452455435326566,Spring,LOAD_PRIORITY
190.0,family_house,4.052661387867811,10.08,10.079999999999998,0.0,0.0,6.027338612132188,Spring,LOAD_PRIORITY
190.0,luxury_house,5.157932675468123,18.0,15.808868144886414,2.1911318551135848,0.0,12.842067324531875,Spring,LOAD_PRIORITY
190.0,small_family,3.5921316847010143,6.5,6.5,0.0,0.0,2.9078683152989857,Spring,LOAD_PRIORITY
191.0,apartment,5.610591163906005,3.6399999999999997,3.6399999999999997,0.0,0.0,-1.9705911639060054,Spring,LOAD_PRIORITY
191.0,family_house,9.4948465850717,10.08,10.08,0.0,0.0,0.5851534149282993,Spring,LOAD_PRIORITY
191.0,luxury_house,12.084350199182165,18.0,16.02811673306072,1.9718832669392787,0.0,5.915649800817836,Spring,LOAD_PRIORITY
191.0,small_family,8.415886745859007,6.5,6.5,0.0,0.0,-1.9158867458590079,Spring,LOAD_PRIORITY
192.0,apartment,0.0,3.6399999999999997,3.2092766263497086,0.4307233736502911,0.0,3.6399999999999997,Spring,LOAD_PRIORITY
192.0,family_house,0.0,10.08,10.08,0.0,0.0,10.08,Spring,LOAD_PRIORITY
192.0,luxury_house,0.0,18.0,5.963526939245659,12.036473060754341,0.0,18.0,Spring,LOAD_PRIORITY
192.0,small_family,0.0,6.5,6.456320217371887,0.04367978262811256,0.0,6.5,Spring,LOAD_PRIORITY
193.0,apartment,2.5960083132914695,3.6399999999999997,3.3990788415288002,0.2409211584711993,0.0,1.0439916867085304,Spring,LOAD_PRIORITY
193.0,family_house,4.393244837877871,10.08,10.08,0.0,0.0,5.686755162122129,Spring,LOAD_PRIORITY
193.0,luxury_house,5.591402520935472,18.0,5.7270518611535755,12.272948138846425,0.0,12.408597479064529,Spring,LOAD_PRIORITY
193.0,small_family,3.8940124699372043,6.5,6.262847561936014,0.23715243806398584,0.0,2.6059875300627957,Spring,LOAD_PRIORITY
194.0,apartment,2.8199164249665407,3.6399999999999997,3.4507499442230474,0.18925005577695203,0.0,0.8200835750334587,Spring,LOAD_PRIORITY
194.0,family_house,4.772166257635685,10.08,10.08,0.0,0.0,5.3078337423643145,Spring,LOAD_PRIORITY
194.0,luxury_house,6.073666146081781,18.0,6.073666146081781,11.92633385391822,0.0,11.92633385391822,Spring,LOAD_PRIORITY
194.0,small_family,4.229874637449811,6.5,6.1507499442230475,0.3492500557769521,0.0,2.2701253625501887,Spring,LOAD_PRIORITY
195.0,apartment,2.95711015396586,3.6399999999999997,3.4824100355305827,0.15758996446941675,0.0,0.6828898460341393,Spring,LOAD_PRIORITY
195.0,family_house,5.00434026055761,10.08,9.842359402754765,0.23764059724523565,0.0,5.07565973944239,Spring,LOAD_PRIORITY
195.0,luxury_house,6.369160331618777,18.0,6.369160331618777,11.630839668381224,0.0,11.630839668381224,Spring,LOAD_PRIORITY
195.0,small_family,4.43566523094879,6.5,6.182410035530583,0.3175899644694169,0.0,2.06433476905121,Spring,LOAD_PRIORITY
196.0,apartment,3.1119639816783637,3.6399999999999997,3.518145534233468,0.1218544657665313,0.0,0.5280360183216357,Spring,LOAD_PRIORITY
196.0,family_house,5.266400584378769,10.08,9.634265235086373,0.44573476491362685,0.0,4.81359941562123,Spring,LOAD_PRIORITY
196.0,luxury_house,6.702691652845706,18.0,6.702691652845706,11.297308347154294,0.0,11.297308347154294,Spring,LOAD_PRIORITY
196.0,small_family,4.667945972517546,6.5,6.140467498709165,0.35953250129083525,0.0,1.832054027482454,Spring,LOAD_PRIORITY
197.0,apartment,3.1176260410418117,3.6399999999999997,3.519452163317341,0.12054783668265878,0.0,0.5223739589581881,Spring,LOAD_PRIORITY
197.0,family_house,5.2759825309938355,10.08,9.279330421832306,0.800669578167694,0.0,4.804017469006164,Spring,LOAD_PRIORITY
197.0,luxury_house,6.7148868576285174,18.0,6.7148868576285174,11.285113142371483,0.0,11.285113142371483,Spring,LOAD_PRIORITY
197.0,small_family,4.676439061562718,6.5,5.985226199309826,0.514773800690174,0.0,1.8235609384372822,Spring,LOAD_PRIORITY
198.0,apartment,10.771894589253758,3.6399999999999997,3.6399999999999997,0.0,0.0,-7.131894589253758,Spring,LOAD_PRIORITY
198.0,family_house,19.748473413631892,10.08,10.08,0.0,0.0,-9.66847341363189,Spring,LOAD_PRIORITY
198.0,luxury_house,25.13442070825877,18.0,18.0,0.0,0.0,-7.134420708258769,Spring,LOAD_PRIORITY
198.0,small_family,17.504328707537358,6.5,6.5,0.0,0.0,-11.004328707537358,Spring,LOAD_PRIORITY
199.0,apartment,10.711871204294185,3.6399999999999997,3.6399999999999997,0.0,0.0,-7.071871204294185,Spring,LOAD_PRIORITY
199.0,family_house,19.638430541206006,10.08,10.08,0.0,0.0,-9.558430541206008,Spring,LOAD_PRIORITY
199.0,luxury_house,24.994366143353105,18.0,18.0,0.0,0.0,-6.994366143353103,Spring,LOAD_PRIORITY
199.0,small_family,17.40679070697805,6.5,6.5,0.0,0.0,-10.906790706978052,Spring,LOAD_PRIORITY
200.0,apartment,10.665733019096784,3.6399999999999997,3.6399999999999997,0.0,0.0,-7.025733019096783,Spring,LOAD_PRIORITY
200.0,family_house,19.553843868344103,10.08,10.08,0.0,0.0,-9.473843868344105,Spring,LOAD_PRIORITY
200.0,luxury_house,24.886710377892495,18.0,18.0,0.0,0.0,-6.886710377892495,Spring,LOAD_PRIORITY
200.0,small_family,17.331816156032275,6.5,6.5,0.0,0.0,-10.831816156032275,Spring,LOAD_PRIORITY
201.0,apartment,11.093462592902913,3.6399999999999997,3.6399999999999997,0.0,0.0,-7.4534625929029135,Spring,LOAD_PRIORITY
201.0,family_house,20.338014753655344,10.08,10.08,0.0,0.0,-10.258014753655344,Spring,LOAD_PRIORITY
201.0,luxury_house,25.884746050106802,18.0,18.0,0.0,0.0,-7.884746050106802,Spring,LOAD_PRIORITY
201.0,small_family,18.026876713467235,6.5,6.5,0.0,0.0,-11.526876713467233,Spring,LOAD_PRIORITY
202.0,apartment,11.716071012278181,3.6399999999999997,3.6399999999999997,0.0,0.2590187035768655,-8.076071012278183,Spring,LOAD_PRIORITY
202.0,family_house,21.479463522510002,10.08,10.08,0.0,0.0,-11.399463522510004,Spring,LOAD_PRIORITY
202.0,luxury_house,27.33749902864909,18.0,18.0,0.0,0.0,-9.337499028649093,Spring,LOAD_PRIORITY
202.0,small_family,19.038615394952046,6.5,6.5,0.0,0.0,-12.538615394952048,Spring,LOAD_PRIORITY
203.0,apartment,12.314180196752517,3.6399999999999997,3.6399999999999997,0.0,0.7461816830627097,-8.674180196752516,Spring,LOAD_PRIORITY
203.0,family_house,22.575997027379614,10.08,10.08,0.0,0.0,-12.495997027379614,Spring,LOAD_PRIORITY
203.0,luxury_house,28.733087125755873,18.0,18.0,0.0,0.0,-10.73308712575587,Spring,LOAD_PRIORITY
203.0,small_family,20.010542819722836,6.5,6.5,0.0,0.36969931706173853,-13.510542819722836,Spring,LOAD_PRIORITY
204.0,apartment,12.776759309401333,3.6399999999999997,3.6399999999999997,0.0,0.9411149977439104,-9.136759309401333,Spring,LOAD_PRIORITY
204.0,family_house,23.42405873390244,10.08,10.08,0.0,0.0,-13.344058733902441,Spring,LOAD_PRIORITY
204.0,luxury_house,29.81243838860311,18.0,18.0,0.0,0.0,-11.812438388603109,Spring,LOAD_PRIORITY
204.0,small_family,20.762233877777163,6.5,6.5,0.0,1.896033697760938,-14.262233877777163,Spring,LOAD_PRIORITY
205.0,apartment,13.650834608562695,3.6399999999999997,3.599542113952537,0.04045788604746228,3.002690223264414,-10.010834608562694,Spring,LOAD_PRIORITY
205.0,family_house,25.02653011569828,10.08,10.08,0.0,0.0,-14.94653011569828,Spring,LOAD_PRIORITY
205.0,luxury_house,31.851947419979624,18.0,18.0,0.0,0.0,-13.851947419979624,Spring,LOAD_PRIORITY
205.0,small_family,22.18260623891438,6.5,6.5,0.0,2.896732261887053,-15.682606238914381,Spring,LOAD_PRIORITY
206.0,apartment,14.230373912093897,3.6399999999999997,3.3599999999999994,0.27999999999999997,5.502813701548823,-10.590373912093897,Spring,LOAD_PRIORITY
206.0,family_house,26.089018838838815,10.08,10.08,0.0,0.0,-16.009018838838816,Spring,LOAD_PRIORITY
206.0,luxury_house,33.20420579488576,18.0,18.0,0.0,0.0,-15.20420579488576,Spring,LOAD_PRIORITY
206.0,small_family,23.124357607152582,6.5,6.5,0.0,5.000166835997861,-16.624357607152582,Spring,LOAD_PRIORITY
207.0,apartment,14.165204599217013,3.6399999999999997,3.3599999999999994,0.27999999999999997,6.3961169951876515,-10.525204599217014,Spring,LOAD_PRIORITY
207.0,family_house,25.96954176523119,10.08,10.08,0.0,0.0,-15.889541765231193,Spring,LOAD_PRIORITY
207.0,luxury_house,33.0521440648397,18.0,18.0,0.0,0.0,-15.0521440648397,Spring,LOAD_PRIORITY
207.0,small_family,23.01845747372765,6.5,6.5,0.0,10.87697679720857,-16.51845747372765,Spring,LOAD_PRIORITY
208.0,apartment,11.26388291850078,3.6399999999999997,3.3599999999999994,0.27999999999999997,5.812147185076037,-7.6238829185007795,Spring,LOAD_PRIORITY
208.0,family_house,20.650452017251432,10.08,10.08,0.0,0.0,-10.57045201725143,Spring,LOAD_PRIORITY
208.0,luxury_house,26.28239347650182,18.0,18.0,0.0,0.0,-8.28239347650182,Spring,LOAD_PRIORITY
208.0,small_family,18.303809742563768,6.5,6.5,0.0,10.688300128912005,-11.803809742563768,Spring,LOAD_PRIORITY
209.0,apartment,8.44211364598028,3.6399999999999997,3.3599999999999994,0.27999999999999997,3.883959355221762,-4.80211364598028,Spring,LOAD_PRIORITY
209.0,family_house,15.477208350963846,10.08,10.08,0.0,0.4471738812156744,-5.397208350963847,Spring,LOAD_PRIORITY
209.0,luxury_house,19.698265173953985,18.0,18.0,0.0,0.0,-1.6982651739539865,Spring,LOAD_PRIORITY
209.0,small_family,13.718434674717955,6.5,6.5,0.0,7.218434674717955,-7.218434674717955,Spring,LOAD_PRIORITY
210.0,apartment,6.821226304484116,21.136031673226352,19.47168799069,1.6643436825363502,0.04300882108394699,14.314805368742237,Spring,LOAD_PRIORITY
210.0,family_house,12.505581558220879,24.119540477823932,24.119540477823932,0.0,0.0,11.613958919603055,Spring,LOAD_PRIORITY
210.0,luxury_house,15.916194710462937,35.638907048984656,35.638907048984656,0.0,0.0,19.72271233852172,Spring,LOAD_PRIORITY
210.0,small_family,11.084492744786688,32.29007972015981,32.29007972015981,0.0,0.0,21.205586975373123,Spring,LOAD_PRIORITY
211.0,apartment,0.0,23.323476842937623,22.691078395668953,0.6323984472686726,0.0,23.323476842937623,Spring,LOAD_PRIORITY
211.0,family_house,0.0,30.245672749820756,30.245672749820756,0.0,0.0,30.245672749820756,Spring,LOAD_PRIORITY
211.0,luxury_house,0.0,36.80396457816693,36.80396457816693,0.0,0.0,36.80396457816693,Spring,LOAD_PRIORITY
211.0,small_family,0.0,27.442865827494476,27.442865827494476,0.0,0.0,27.442865827494476,Spring,LOAD_PRIORITY
212.0,apartment,0.0,18.632190207744348,15.855760686437645,2.7764295213067034,0.0,18.632190207744348,Spring,LOAD_PRIORITY
212.0,family_house,0.0,27.103114371413472,27.103114371413472,0.0,0.0,27.103114371413472,Spring,LOAD_PRIORITY
212.0,luxury_house,0.0,36.50783334856406,33.71650968484006,2.7913236637239995,0.0,36.50783334856406,Spring,LOAD_PRIORITY
212.0,small_family,0.0,27.859494397147003,27.859494397147003,0.0,0.0,27.859494397147003,Spring,LOAD_PRIORITY
213.0,apartment,0.0,22.29977718668172,17.024046337430466,5.275730849251252,0.0,22.29977718668172,Spring,LOAD_PRIORITY
213.0,family_house,0.0,29.661273913929758,29.661273913929758,0.0,0.0,29.661273913929758,Spring,LOAD_PRIORITY
213.0,luxury_house,0.0,32.899264987312876,11.046007628432747,21.85325735888013,0.0,32.899264987312876,Spring,LOAD_PRIORITY
213.0,small_family,0.0,24.82769967113863,23.568160821383444,1.2595388497551898,0.0,24.82769967113863,Spring,LOAD_PRIORITY
214.0,apartment,1.5288759620695827,3.6399999999999997,2.9022189905173956,0.7377810094826043,0.0,2.111124037930417,Spring,LOAD_PRIORITY
214.0,family_house,2.8029392637942347,10.08,10.006231772067775,0.07376822793222693,0.0,7.277060736205765,Spring,LOAD_PRIORITY
214.0,luxury_house,3.567377244829027,18.0,4.896256617827919,13.103743382172082,0.0,14.432622755170975,Spring,LOAD_PRIORITY
214.0,small_family,2.4844234383630717,6.5,5.882218990517396,0.6177810094826044,0.0,4.015576561636928,Spring,LOAD_PRIORITY
215.0,apartment,4.508491958121143,3.6399999999999997,3.3599999999999994,0.27999999999999997,0.0,-0.8684919581211425,Spring,LOAD_PRIORITY
215.0,family_house,8.26556858988876,10.08,9.92879738249073,0.15120261750927,0.0,1.81443141011124,Spring,LOAD_PRIORITY
215.0,luxury_house,10.519814568949332,18.0,11.14316335487022,6.856836645129779,0.0,7.480185431050669,Spring,LOAD_PRIORITY
215.0,small_family,7.326299431946856,6.5,6.5,0.0,0.0,-0.8262994319468554,Spring,LOAD_PRIORITY
216.0,apartment,0.0,3.6399999999999997,2.7784106905772568,0.8615893094227428,0.0,3.6399999999999997,Spring,LOAD_PRIORITY
216.0,family_house,0.0,10.08,8.13434524018469,1.9456547598153096,0.0,10.08,Spring,LOAD_PRIORITY
216.0,luxury_house,0.0,18.0,0.1435789886208822,17.85642101137912,0.0,18.0,Spring,LOAD_PRIORITY
216.0,small_family,0.0,6.5,5.559840721943921,0.9401592780560792,0.0,6.5,Spring,LOAD_PRIORITY
217.0,apartment,1.6876852054312106,3.6399999999999997,2.9419213013578025,0.6980786986421972,0.0,1.952314794568789,Spring,LOAD_PRIORITY
217.0,family_house,3.0940895432905524,10.08,7.8173980213067145,2.2626019786932865,0.0,6.985910456709448,Spring,LOAD_PRIORITY
217.0,luxury_house,3.9379321460061574,18.0,3.9379321460061574,14.062067853993842,0.0,14.062067853993842,Spring,LOAD_PRIORITY
217.0,small_family,2.7424884588257172,6.5,5.46085957270698,1.03914042729302,0.0,3.7575115411742823,Spring,LOAD_PRIORITY
218.0,apartment,1.507749510384901,3.6399999999999997,2.896937377596225,0.7430626224037746,0.0,2.1322504896150987,Spring,LOAD_PRIORITY
218.0,family_house,2.764207435705652,10.08,7.368976603148184,2.7110233968518163,0.0,7.315792564294348,Spring,LOAD_PRIORITY
218.0,luxury_house,3.5180821908981024,18.0,3.5180821908981024,14.481917809101898,0.0,14.481917809101898,Spring,LOAD_PRIORITY
218.0,small_family,2.450092954375464,6.5,4.942343443990563,1.5576565560094369,0.0,4.049907045624536,Spring,LOAD_PRIORITY
219.0,apartment,1.420796908688842,3.6399999999999997,2.87519922717221,0.7648007728277895,0.0,2.219203091311158,Spring,LOAD_PRIORITY
219.0,family_house,2.60479433259621,10.08,6.722335779820812,3.357664220179187,0.0,7.475205667403789,Spring,LOAD_PRIORITY
219.0,luxury_house,3.3151927869406306,18.0,3.3151927869406306,14.684807213059369,0.0,14.684807213059369,Spring,LOAD_PRIORITY
219.0,small_family,2.3087949766193683,6.5,4.568786641877409,1.9312133581225912,0.0,4.191205023380633,Spring,LOAD_PRIORITY
220.0,apartment,1.5094699053737544,3.6399999999999997,2.7954208037279544,0.844579196272045,0.0,2.1305300946262453,Spring,LOAD_PRIORITY
220.0,family_house,2.767361493185216,10.08,5.6812375769185905,4.3987624230814095,0.0,7.312638506814784,Spring,LOAD_PRIORITY
220.0,luxury_house,3.5220964458720934,18.0,3.5220964458720934,14.477903554127908,0.0,14.477903554127908,Spring,LOAD_PRIORITY
220.0,small_family,2.4528885962323503,6.5,4.399949853886072,2.100050146113928,0.0,4.04711140376765,Spring,LOAD_PRIORITY
221.0,apartment,1.6383960838833493,3.6399999999999997,2.6426650349513956,0.9973349650486043,0.0,2.0016039161166503,Spring,LOAD_PRIORITY
221.0,family_house,3.0037261537861406,10.08,5.362484102524093,4.717515897475906,0.0,7.076273846213859,Spring,LOAD_PRIORITY
221.0,luxury_house,3.8229241957278153,18.0,3.8229241957278153,14.177075804272183,0.0,14.177075804272183,Spring,LOAD_PRIORITY
221.0,small_family,2.662393636310443,6.5,4.138396083883349,2.3616039161166507,0.0,3.837606363689557,Spring,LOAD_PRIORITY
222.0,apartment,9.814890200196828,3.6399999999999997,3.3599999999999994,0.27999999999999997,0.0,-6.174890200196827,Spring,LOAD_PRIORITY
222.0,family_house,17.99396536702752,10.08,10.08,0.0,0.0,-7.913965367027519,Spring,LOAD_PRIORITY
222.0,luxury_house,22.90141046712593,18.0,18.0,0.0,0.0,-4.901410467125931,Spring,LOAD_PRIORITY
222.0,small_family,15.949196575319846,6.5,6.5,0.0,0.0,-9.449196575319846,Spring,LOAD_PRIORITY
223.0,apartment,10.088532240263351,3.6399999999999997,3.3599999999999994,0.27999999999999997,0.0,-6.4485322402633525,Spring,LOAD_PRIORITY
223.0,family_house,18.49564244048281,10.08,10.08,0.0,0.0,-8.415642440482813,Spring,LOAD_PRIORITY
223.0,luxury_house,23.53990856061449,18.0,18.0,0.0,0.0,-5.539908560614489,Spring,LOAD_PRIORITY
223.0,small_family,16.393864890427945,6.5,6.5,0.0,0.0,-9.893864890427945,Spring,LOAD_PRIORITY
224.0,apartment,10.478875870678724,3.6399999999999997,3.3599999999999994,0.27999999999999997,0.0,-6.838875870678723,Spring,LOAD_PRIORITY
224.0,family_house,19.211272429577658,10.08,10.08,0.0,0.0,-9.131272429577658,Spring,LOAD_PRIORITY
224.0,luxury_house,24.45071036491702,18.0,18.0,0.0,0.0,-6.450710364917018,Spring,LOAD_PRIORITY
224.0,small_family,17.028173289852926,6.5,6.5,0.0,0.0,-10.528173289852926,Spring,LOAD_PRIORITY
225.0,apartment,11.29013275358341,3.6399999999999997,3.3599999999999994,0.27999999999999997,0.0,-7.650132753583409,Spring,LOAD_PRIORITY
225.0,family_house,20.69857671490292,10.08,10.08,0.0,0.0,-10.61857671490292,Spring,LOAD_PRIORITY
225.0,luxury_house,26.343643091694624,18.0,18.0,0.0,0.0,-8.343643091694624,Spring,LOAD_PRIORITY
225.0,small_family,18.346465724573044,6.5,6.5,0.0,0.0,-11.846465724573042,Spring,LOAD_PRIORITY
226.0,apartment,12.191488044145569,3.6399999999999997,3.3599999999999994,0.27999999999999997,0.0,-8.551488044145568,Spring,LOAD_PRIORITY
226.0,family_house,22.351061414266876,10.08,10.08,0.0,0.0,-12.271061414266878,Spring,LOAD_PRIORITY
226.0,luxury_house,28.44680543633966,18.0,18.0,0.0,0.0,-10.446805436339659,Spring,LOAD_PRIORITY
226.0,small_family,19.81116807173655,6.5,6.5,0.0,0.0,-13.31116807173655,Spring,LOAD_PRIORITY
227.0,apartment,13.108929532282101,3.6399999999999997,3.3599999999999994,0.27999999999999997,0.0,-9.4689295322821,Spring,LOAD_PRIORITY
227.0,family_house,24.03303747585052,10.08,10.08,0.0,0.0,-13.953037475850524,Spring,LOAD_PRIORITY
227.0,luxury_house,30.587502241991572,18.0,18.0,0.0,0.0,-12.587502241991572,Spring,LOAD_PRIORITY
227.0,small_family,21.302010489958413,6.5,6.5,0.0,0.0,-14.802010489958414,Spring,LOAD_PRIORITY
228.0,apartment,13.980834190725089,3.6399999999999997,3.3599999999999994,0.27999999999999997,0.0,-10.340834190725088,Spring,LOAD_PRIORITY
228.0,family_house,25.631529349662664,10.08,10.08,0.0,0.0,-15.551529349662665,Spring,LOAD_PRIORITY
228.0,luxury_house,32.62194644502521,18.0,18.0,0.0,0.0,-14.62194644502521,Spring,LOAD_PRIORITY
228.0,small_family,22.71885555992827,6.5,6.5,0.0,0.0,-16.21885555992827,Spring,LOAD_PRIORITY
229.0,apartment,14.609639537809446,3.6399999999999997,3.3599999999999994,0.27999999999999997,0.5767707680466081,-10.969639537809446,Spring,LOAD_PRIORITY
229.0,family_house,26.78433915265065,10.08,10.08,0.0,0.0,-16.70433915265065,Spring,LOAD_PRIORITY
229.0,luxury_house,34.08915892155537,18.0,18.0,0.0,0.0,-16.08915892155537,Spring,LOAD_PRIORITY
229.0,small_family,23.74066424894035,6.5,6.5,0.0,0.0,-17.24066424894035,Spring,LOAD_PRIORITY
230.0,apartment,15.447029747413474,3.6399999999999997,3.3599999999999994,0.27999999999999997,3.1320690672156797,-11.807029747413473,Spring,LOAD_PRIORITY
230.0,family_house,28.319554536924702,10.08,10.08,0.0,0.0,-18.239554536924704,Spring,LOAD_PRIORITY
230.0,luxury_house,36.04306941063144,18.0,18.0,0.0,0.0,-18.04306941063144,Spring,LOAD_PRIORITY
230.0,small_family,25.101423339546894,6.5,6.5,0.0,0.8212766695043288,-18.601423339546894,Spring,LOAD_PRIORITY
231.0,apartment,15.778541848227952,3.6399999999999997,3.3599999999999994,0.27999999999999997,6.4033693194379335,-12.138541848227952,Spring,LOAD_PRIORITY
231.0,family_house,28.927326721751243,10.08,10.08,0.0,0.0,-18.847326721751244,Spring,LOAD_PRIORITY
231.0,luxury_house,36.816597645865215,18.0,18.0,0.0,0.0,-18.81659764586522,Spring,LOAD_PRIORITY
231.0,small_family,25.640130503370422,6.5,6.5,0.0,7.784285156677935,-19.140130503370422,Spring,LOAD_PRIORITY
232.0,apartment,12.127424810321257,3.6399999999999997,3.3599999999999994,0.27999999999999997,5.4324284936286755,-8.487424810321256,Spring,LOAD_PRIORITY
232.0,family_house,22.23361215225564,10.08,10.08,0.0,0.0,-12.153612152255638,Spring,LOAD_PRIORITY
232.0,luxury_house,28.297324557416268,18.0,18.0,0.0,0.0,-10.297324557416268,Spring,LOAD_PRIORITY
232.0,small_family,19.707065316772045,6.5,6.5,0.0,13.207065316772045,-13.207065316772045,Spring,LOAD_PRIORITY
233.0,apartment,9.256248756662085,3.6399999999999997,3.3599999999999994,0.27999999999999997,5.896248756662087,-5.6162487566620864,Spring,LOAD_PRIORITY
233.0,family_house,16.969789387213822,10.08,10.08,0.0,0.016134075515015223,-6.889789387213822,Spring,LOAD_PRIORITY
233.0,luxury_house,21.597913765544867,18.0,18.0,0.0,0.0,-3.5979137655448667,Spring,LOAD_PRIORITY
233.0,small_family,15.041404229575889,6.5,6.5,0.0,8.541404229575889,-8.541404229575889,Spring,LOAD_PRIORITY
234.0,apartment,7.982840272248488,20.52214708218136,19.421872392041536,1.1002746901398226,0.3874857131908595,12.53930680993287,Spring,LOAD_PRIORITY
234.0,family_house,14.635207165788895,24.645761199191007,24.645761199191007,0.0,0.0,10.010554033402114,Spring,LOAD_PRIORITY
234.0,luxury_house,18.62662730191314,30.00061700895812,30.00061700895812,0.0,0.0,11.373989707044979,Spring,LOAD_PRIORITY
234.0,small_family,12.972115442403794,25.802820004393695,25.802820004393695,0.0,1.2218079330357177,12.830704561989903,Spring,LOAD_PRIORITY
235.0,apartment,0.0,18.81520929481531,16.03103745808523,2.7841718367300827,0.0,18.81520929481531,Spring,LOAD_PRIORITY
235.0,family_house,0.0,29.31192503346988,29.31192503346988,0.0,0.0,29.31192503346988,Spring,LOAD_PRIORITY
235.0,luxury_house,0.0,36.56941473953998,36.56941473953998,0.0,0.0,36.56941473953998,Spring,LOAD_PRIORITY
235.0,small_family,0.0,26.17538755893755,26.17538755893755,0.0,0.0,26.17538755893755,Spring,LOAD_PRIORITY
236.0,apartment,0.16415981777298558,18.105740076656442,14.885006178846314,3.2207338978101263,0.0,17.941580258883455,Spring,LOAD_PRIORITY
236.0,family_house,0.30095966591714024,27.705470129294813,27.705470129294813,0.0,0.0,27.404510463377672,Spring,LOAD_PRIORITY
236.0,luxury_house,0.38303957480363304,33.287032365294,32.86691081966294,0.4201215456310581,0.0,32.90399279049037,Spring,LOAD_PRIORITY
236.0,small_family,0.26675970388110154,28.16628985581099,28.16628985581099,0.0,0.0,27.899530151929888,Spring,LOAD_PRIORITY
237.0,apartment,1.1095046242672448,21.58348648938075,20.526423165098937,1.0570633242818124,0.0,20.473981865113508,Spring,LOAD_PRIORITY
237.0,family_house,2.0340918111566153,25.496966416654086,25.496966416654086,0.0,0.0,23.462874605497472,Spring,LOAD_PRIORITY
237.0,luxury_house,2.588844123290238,37.68805112068726,30.95067060731951,6.737380513367753,0.0,35.099206997397026,Spring,LOAD_PRIORITY
237.0,small_family,1.802945014434273,29.204641891618778,28.926255312716908,0.27838657890187024,0.0,27.401696877184506,Spring,LOAD_PRIORITY
238.0,apartment,2.6452314210092798,3.6399999999999997,3.300435951750773,0.33956404824922665,0.0,0.9947685789907201,Spring,LOAD_PRIORITY
238.0,family_house,4.849590938517013,10.08,10.08,0.0,0.0,5.2304090614829875,Spring,LOAD_PRIORITY
238.0,luxury_house,6.172206649021652,18.0,10.852932188489584,7.147067811510415,0.0,11.827793350978348,Spring,LOAD_PRIORITY
238.0,small_family,4.298501059140079,6.5,6.33065392762616,0.16934607237384003,0.0,2.2014989408599206,Spring,LOAD_PRIORITY
239.0,apartment,5.332449762415494,3.6399999999999997,3.3599999999999994,0.27999999999999997,0.0,-1.6924497624154942,Spring,LOAD_PRIORITY
239.0,family_house,9.776157897761738,10.08,10.08,0.0,0.0,0.3038421022382609,Spring,LOAD_PRIORITY
239.0,luxury_house,12.442382778969485,18.0,14.204877176232616,3.7951228237673846,0.0,5.557617221030514,Spring,LOAD_PRIORITY
239.0,small_family,8.665230863925178,6.5,6.5,0.0,0.0,-2.1652308639251774,Spring,LOAD_PRIORITY
240.0,apartment,0.0,3.6399999999999997,3.2279337321811616,0.41206626781883793,0.0,3.6399999999999997,Spring,LOAD_PRIORITY
240.0,family_house,0.0,10.08,9.821084676367175,0.25891532363282466,0.0,10.08,Spring,LOAD_PRIORITY
240.0,luxury_house,0.0,18.0,1.5300697056448693,16.46993029435513,0.0,18.0,Spring,LOAD_PRIORITY
240.0,small_family,0.0,6.5,6.149900598271743,0.35009940172825693,0.0,6.5,Spring,LOAD_PRIORITY
241.0,apartment,2.4273619455267146,3.6399999999999997,3.2812844695872023,0.3587155304127975,0.0,1.212638054473285,Spring,LOAD_PRIORITY
241.0,family_house,4.4501635667989765,10.08,9.54125265073581,0.5387473492641892,0.0,5.629836433201023,Spring,LOAD_PRIORITY
241.0,luxury_house,5.663844539562334,18.0,5.663844539562334,12.336155460437665,0.0,12.336155460437665,Spring,LOAD_PRIORITY
241.0,small_family,3.944463161480911,6.5,6.264835605208398,0.2351643947916022,0.0,2.555536838519089,Spring,LOAD_PRIORITY
242.0,apartment,2.3821291848118262,3.6399999999999997,3.1970215308019707,0.44297846919802886,0.0,1.2578708151881732,Spring,LOAD_PRIORITY
242.0,family_house,4.367236838821682,10.08,9.12787280647028,0.9521271935297196,0.0,5.712763161178318,Spring,LOAD_PRIORITY
242.0,luxury_house,5.558301431227595,18.0,5.558301431227595,12.441698568772406,0.0,12.441698568772406,Spring,LOAD_PRIORITY
242.0,small_family,3.8709599253192177,6.5,5.985594385834463,0.5144056141655367,0.0,2.6290400746807823,Spring,LOAD_PRIORITY
243.0,apartment,2.443877519666385,3.6399999999999997,3.207312919944397,0.43268708005560236,0.0,1.1961224803336143,Spring,LOAD_PRIORITY
243.0,family_house,4.480442119388373,10.08,9.104625376479785,0.9753746235202146,0.0,5.599557880611627,Spring,LOAD_PRIORITY
243.0,luxury_house,5.702380879221566,18.0,5.702380879221566,12.297619120778435,0.0,12.297619120778435,Spring,LOAD_PRIORITY
243.0,small_family,3.971300969457876,6.5,5.672510994118206,0.8274890058817939,0.0,2.528699030542124,Spring,LOAD_PRIORITY
244.0,apartment,2.603193927620338,3.6399999999999997,3.1999330782793725,0.440066921720627,0.0,1.0368060723796617,Spring,LOAD_PRIORITY
244.0,family_house,4.772522200637287,10.08,8.713645066738472,1.3663549332615272,0.0,5.307477799362713,Spring,LOAD_PRIORITY
244.0,luxury_house,6.074119164447456,18.0,6.074119164447456,11.925880835552544,0.0,11.925880835552544,Spring,LOAD_PRIORITY
244.0,small_family,4.230190132383049,6.5,5.626996204762711,0.8730037952372888,0.0,2.2698098676169507,Spring,LOAD_PRIORITY
245.0,apartment,2.8181859882555336,3.6399999999999997,3.224546497063883,0.4154535029361165,0.0,0.821814011744466,Spring,LOAD_PRIORITY
245.0,family_house,5.1666743118018115,10.08,8.188577238407166,1.8914227615928327,0.0,4.913325688198188,Spring,LOAD_PRIORITY
245.0,luxury_house,6.575767305929579,18.0,6.575767305929579,11.42423269407042,0.0,11.42423269407042,Spring,LOAD_PRIORITY
245.0,small_family,4.579552230915242,6.5,5.761366242659708,0.7386337573402915,0.0,1.920447769084758,Spring,LOAD_PRIORITY
246.0,apartment,11.019805969124764,3.6399999999999997,3.3599999999999994,0.27999999999999997,0.0,-7.379805969124765,Spring,LOAD_PRIORITY
246.0,family_house,20.20297761006207,10.08,10.08,0.0,0.0,-10.12297761006207,Spring,LOAD_PRIORITY
246.0,luxury_house,25.712880594624455,18.0,18.0,0.0,0.0,-7.712880594624455,Spring,LOAD_PRIORITY
246.0,small_family,17.90718469982774,6.5,6.5,0.0,0.0,-11.407184699827742,Spring,LOAD_PRIORITY
247.0,apartment,11.161911864327635,3.6399999999999997,3.3599999999999994,0.27999999999999997,0.0,-7.5219118643276355,Spring,LOAD_PRIORITY
247.0,family_house,20.46350508460067,10.08,10.08,0.0,0.0,-10.38350508460067,Spring,LOAD_PRIORITY
247.0,luxury_house,26.044461016764487,18.0,18.0,0.0,0.0,-8.044461016764485,Spring,LOAD_PRIORITY
247.0,small_family,18.13810677953241,6.5,6.5,0.0,0.0,-11.63810677953241,Spring,LOAD_PRIORITY
248.0,apartment,11.50772326641902,3.6399999999999997,3.3599999999999994,0.27999999999999997,0.0,-7.867723266419022,Spring,LOAD_PRIORITY
248.0,family_house,21.09749265510154,10.08,10.08,0.0,0.0,-11.01749265510154,Spring,LOAD_PRIORITY
248.0,luxury_house,26.85135428831105,18.0,18.0,0.0,0.0,-8.85135428831105,Spring,LOAD_PRIORITY
248.0,small_family,18.70005030793091,6.5,6.5,0.0,0.0,-12.200050307930908,Spring,LOAD_PRIORITY
249.0,apartment,12.161195572459592,3.6399999999999997,3.3599999999999994,0.27999999999999997,0.0,-8.521195572459591,Spring,LOAD_PRIORITY
249.0,family_house,22.295525216175918,10.08,10.08,0.0,0.0,-12.215525216175918,Spring,LOAD_PRIORITY
249.0,luxury_house,28.376123002405713,18.0,18.0,0.0,0.0,-10.376123002405715,Spring,LOAD_PRIORITY
249.0,small_family,19.761942805246836,6.5,6.5,0.0,0.0,-13.261942805246838,Spring,LOAD_PRIORITY
250.0,apartment,12.89329289786227,3.6399999999999997,3.3599999999999994,0.27999999999999997,0.7197421502781077,-9.25329289786227,Spring,LOAD_PRIORITY
250.0,family_house,23.63770364608083,10.08,10.08,0.0,0.0,-13.557703646080832,Spring,LOAD_PRIORITY
250.0,luxury_house,30.084350095011963,18.0,18.0,0.0,0.0,-12.084350095011963,Spring,LOAD_PRIORITY
250.0,small_family,20.95160095902619,6.5,6.5,0.0,0.0,-14.45160095902619,Spring,LOAD_PRIORITY
251.0,apartment,13.620526458795462,3.6399999999999997,3.3599999999999994,0.27999999999999997,2.232595358066034,-9.980526458795461,Spring,LOAD_PRIORITY
251.0,family_house,24.970965174458343,10.08,10.08,0.0,0.0,-14.890965174458344,Spring,LOAD_PRIORITY
251.0,luxury_house,31.781228403856076,18.0,18.0,0.0,0.0,-13.781228403856076,Spring,LOAD_PRIORITY
251.0,small_family,22.133355495542624,6.5,6.5,0.0,0.0,-15.633355495542624,Spring,LOAD_PRIORITY
252.0,apartment,14.414620609103775,3.6399999999999997,3.3599999999999994,0.27999999999999997,2.826094828295095,-10.774620609103774,Spring,LOAD_PRIORITY
252.0,family_house,26.42680445002359,10.08,10.08,0.0,0.0,-16.34680445002359,Spring,LOAD_PRIORITY
252.0,luxury_house,33.63411475457548,18.0,18.0,0.0,0.0,-15.634114754575476,Spring,LOAD_PRIORITY
252.0,small_family,23.423758489793638,6.5,6.5,0.0,1.3374262343273324,-16.923758489793638,Spring,LOAD_PRIORITY
253.0,apartment,15.212166244871328,3.6399999999999997,3.3599999999999994,0.27999999999999997,5.404282061261684,-11.572166244871328,Spring,LOAD_PRIORITY
253.0,family_house,27.888971448930775,10.08,10.08,0.0,0.0,-17.808971448930777,Spring,LOAD_PRIORITY
253.0,luxury_house,35.49505457136644,18.0,18.0,0.0,0.0,-17.495054571366435,Spring,LOAD_PRIORITY
253.0,small_family,24.719770147915913,6.5,6.5,0.0,3.949016822745249,-18.219770147915913,Spring,LOAD_PRIORITY
254.0,apartment,16.05559710478532,3.6399999999999997,3.3599999999999994,0.27999999999999997,6.5111142794569945,-12.41559710478532,Spring,LOAD_PRIORITY
254.0,family_house,29.435261358773083,10.08,10.08,0.0,1.476836756657652,-19.355261358773085,Spring,LOAD_PRIORITY
254.0,luxury_house,37.46305991116574,18.0,18.0,0.0,0.0,-19.463059911165743,Spring,LOAD_PRIORITY
254.0,small_family,26.090345295276144,6.5,6.5,0.0,7.304056289158996,-19.590345295276144,Spring,LOAD_PRIORITY
255.0,apartment,16.482015332686586,3.6399999999999997,3.3599999999999994,0.27999999999999997,8.277173999922146,-12.842015332686586,Spring,LOAD_PRIORITY
255.0,family_house,30.21702810992541,10.08,10.08,0.0,2.429761986564629,-20.13702810992541,Spring,LOAD_PRIORITY
255.0,luxury_house,38.4580357762687,18.0,18.0,0.0,0.0,-20.4580357762687,Spring,LOAD_PRIORITY
255.0,small_family,26.783274915615703,6.5,6.5,0.0,18.575642542334233,-20.283274915615703,Spring,LOAD_PRIORITY
256.0,apartment,13.145644894591726,3.6399999999999997,3.3599999999999994,0.27999999999999997,9.700604649393087,-9.505644894591725,Spring,LOAD_PRIORITY
256.0,family_house,24.100348973418164,10.08,10.08,0.0,3.9415271094769286,-14.020348973418164,Spring,LOAD_PRIORITY
256.0,luxury_house,30.673171420714027,18.0,18.0,0.0,0.0,-12.673171420714025,Spring,LOAD_PRIORITY
256.0,small_family,21.36167295371155,6.5,6.5,0.0,14.861672953711551,-14.861672953711551,Spring,LOAD_PRIORITY
257.0,apartment,10.361016233826899,3.6399999999999997,3.3599999999999994,0.27999999999999997,7.001016233826899,-6.721016233826899,Spring,LOAD_PRIORITY
257.0,family_house,18.99519642868265,10.08,10.08,0.0,3.8306407793777164,-8.915196428682652,Spring,LOAD_PRIORITY
257.0,luxury_house,24.175704545596098,18.0,18.0,0.0,0.0,-6.1757045455960995,Spring,LOAD_PRIORITY
257.0,small_family,16.836651379968714,6.5,6.5,0.0,10.336651379968712,-10.336651379968712,Spring,LOAD_PRIORITY
258.0,apartment,8.79307247069507,24.961955206761296,21.91635075696661,3.0456044497946855,0.15222395147196388,16.168882736066227,Spring,LOAD_PRIORITY
258.0,family_house,16.120632862940962,19.753826652207817,19.753826652207817,0.0,1.41380943514017,3.6331937892668567,Spring,LOAD_PRIORITY
258.0,luxury_house,20.517169098288495,33.39296578836772,33.39296578836772,0.0,0.0,12.87579669007922,Spring,LOAD_PRIORITY
258.0,small_family,14.288742764879487,25.25854766191232,25.25854766191232,0.0,0.8718207574897713,10.969804897032832,Spring,LOAD_PRIORITY
259.0,apartment,0.0,28.088874589076344,26.284151914297663,1.804722674778682,0.0,28.088874589076344,Spring,LOAD_PRIORITY
259.0,family_house,0.0,29.661172258371334,29.661172258371334,0.0,0.0,29.661172258371334,Spring,LOAD_PRIORITY
259.0,luxury_house,0.0,35.826021743269145,35.826021743269145,0.0,0.0,35.826021743269145,Spring,LOAD_PRIORITY
259.0,small_family,0.0,26.933653771066666,26.933653771066666,0.0,0.0,26.933653771066666,Spring,LOAD_PRIORITY
260.0,apartment,0.0,27.24355532265023,24.325576557210802,2.917978765439428,0.0,27.24355532265023,Spring,LOAD_PRIORITY
260.0,family_house,0.0,26.72869926674494,26.72869926674494,0.0,0.0,26.72869926674494,Spring,LOAD_PRIORITY
260.0,luxury_house,0.0,34.97581083924981,34.97581083924981,0.0,0.0,34.97581083924981,Spring,LOAD_PRIORITY
260.0,small_family,0.0,25.459080743310228,25.459080743310228,0.0,0.0,25.459080743310228,Spring,LOAD_PRIORITY
261.0,apartment,0.47526168778845085,18.59332720784655,14.453854536132965,4.139472671713583,0.0,18.118065520058096,Spring,LOAD_PRIORITY
261.0,family_house,0.8713130942788267,23.679382710538746,23.679382710538746,0.0,0.0,22.808069616259917,Spring,LOAD_PRIORITY
261.0,luxury_house,1.1089439381730521,31.699991773952956,28.300978577338494,3.3990131966144634,0.0,30.591047835779904,Spring,LOAD_PRIORITY
261.0,small_family,0.7723002426562328,27.900849900920605,27.277002652644576,0.6238472482760282,0.0,27.128549658264372,Spring,LOAD_PRIORITY
262.0,apartment,2.3946635374948926,3.6399999999999997,3.0811597647610696,0.5588402352389301,0.0,1.2453364625051069,Spring,LOAD_PRIORITY
262.0,family_house,4.390216485407304,10.08,10.08,0.0,0.0,5.689783514592696,Spring,LOAD_PRIORITY
262.0,luxury_house,5.5875482541547505,18.0,13.86251608471825,4.13748391528175,0.0,12.412451745845251,Spring,LOAD_PRIORITY
262.0,small_family,3.8913282484292013,6.5,6.299332942186862,0.20066705781313837,0.0,2.6086717515707987,Spring,LOAD_PRIORITY
263.0,apartment,3.7485570635267633,3.6399999999999997,3.3599999999999994,0.27999999999999997,0.0,-0.1085570635267637,Spring,LOAD_PRIORITY
263.0,family_house,6.872354616465731,10.08,10.08,0.0,0.0,3.2076453835342678,Spring,LOAD_PRIORITY
263.0,luxury_house,8.746633148229114,18.0,14.915544382743038,3.084455617256962,0.0,9.253366851770886,Spring,LOAD_PRIORITY
263.0,small_family,6.0914052282309905,6.5,6.468569632940845,0.031430367059154585,0.0,0.4085947717690096,Spring,LOAD_PRIORITY
264.0,apartment,0.0,3.6399999999999997,2.0050822172867586,1.6349177827132408,0.0,3.6399999999999997,Spring,LOAD_PRIORITY
264.0,family_house,0.0,10.08,10.08,0.0,0.0,10.08,Spring,LOAD_PRIORITY
264.0,luxury_house,0.0,18.0,9.5774311779827,8.4225688220173,0.0,18.0,Spring,LOAD_PRIORITY
264.0,small_family,0.0,6.5,5.912330444007741,0.5876695559922592,0.0,6.5,Spring,LOAD_PRIORITY
265.0,apartment,1.0019396214659038,3.6399999999999997,2.1336023345642428,1.5063976654357571,0.0,2.638060378534096,Spring,LOAD_PRIORITY
265.0,family_house,1.6955901286346067,10.08,10.08,0.0,0.0,8.384409871365392,Spring,LOAD_PRIORITY
265.0,luxury_house,2.158023800080408,18.0,4.7416341878508454,13.258365812149155,0.0,15.841976199919593,Spring,LOAD_PRIORITY
265.0,small_family,1.5029094321988559,6.5,5.7312168357229005,0.7687831642770991,0.0,4.997090567801145,Spring,LOAD_PRIORITY
266.0,apartment,1.5973747792161135,3.6399999999999997,2.3829998641329926,1.2570001358670069,0.0,2.042625220783886,Spring,LOAD_PRIORITY
266.0,family_house,2.7032496263657304,10.08,10.079999999999998,0.0,0.0,7.376750373634269,Spring,LOAD_PRIORITY
266.0,luxury_house,3.440499524465475,18.0,3.440499524465475,14.559500475534524,0.0,14.559500475534524,Spring,LOAD_PRIORITY
266.0,small_family,2.39606216882417,6.5,5.552997713971543,0.9470022860284574,0.0,4.10393783117583,Spring,LOAD_PRIORITY
267.0,apartment,1.8544441736328539,3.6399999999999997,2.5411964145432946,1.098803585456705,0.0,1.7855558263671458,Spring,LOAD_PRIORITY
267.0,family_house,3.1382901399940604,10.08,10.08,0.0,0.0,6.94170986000594,Spring,LOAD_PRIORITY
267.0,luxury_house,3.9941874509015314,18.0,3.9941874509015314,14.005812549098469,0.0,14.005812549098469,Spring,LOAD_PRIORITY
267.0,small_family,2.781666260449281,6.5,5.112801206354682,1.3871987936453176,0.0,3.718333739550719,Spring,LOAD_PRIORITY
268.0,apartment,2.3065721411912685,3.6399999999999997,2.8194290099638573,0.8205709900361422,0.0,1.3334278588087312,Spring,LOAD_PRIORITY
268.0,family_house,3.9034297774006084,10.08,9.611065520723633,0.46893447927636694,0.0,6.176570222599391,Spring,LOAD_PRIORITY
268.0,luxury_house,4.968001534873501,18.0,4.968001534873501,13.031998465126499,0.0,13.031998465126499,Spring,LOAD_PRIORITY
268.0,small_family,3.4598582117869032,6.5,5.330714696841117,1.1692853031588835,0.0,3.0401417882130968,Spring,LOAD_PRIORITY
269.0,apartment,2.28119982283086,3.6399999999999997,2.8038152755882213,0.8361847244117784,0.0,1.3588001771691398,Spring,LOAD_PRIORITY
269.0,family_house,3.8604920078676095,10.08,9.038108089611693,1.0418919103883055,0.0,6.21950799213239,Spring,LOAD_PRIORITY
269.0,luxury_house,4.913353464558775,18.0,4.913353464558775,13.086646535441226,0.0,13.086646535441226,Spring,LOAD_PRIORITY
269.0,small_family,3.4217997342462896,6.5,5.117005309056384,1.3829946909436166,0.0,3.0782002657537104,Spring,LOAD_PRIORITY
270.0,apartment,10.977742702446257,3.6399999999999997,3.6399999999999997,0.0,0.0,-7.337742702446256,Spring,LOAD_PRIORITY
270.0,family_house,18.57771841952443,10.08,10.08,0.0,0.0,-8.497718419524432,Spring,LOAD_PRIORITY
270.0,luxury_house,23.644368897576552,18.0,18.0,0.0,0.0,-5.644368897576552,Spring,LOAD_PRIORITY
270.0,small_family,16.46661405366938,6.5,6.5,0.0,0.0,-9.966614053669383,Spring,LOAD_PRIORITY
271.0,apartment,12.309726067316202,3.6399999999999997,3.6399999999999997,0.0,0.0,-8.669726067316201,Spring,LOAD_PRIORITY
271.0,family_house,20.831844113919722,10.08,10.08,0.0,0.0,-10.751844113919724,Spring,LOAD_PRIORITY
271.0,luxury_house,26.51325614498874,18.0,18.0,0.0,0.0,-8.513256144988741,Spring,LOAD_PRIORITY
271.0,small_family,18.4645891009743,6.5,6.5,0.0,0.0,-11.964589100974301,Spring,LOAD_PRIORITY
272.0,apartment,12.881552773284454,3.6399999999999997,3.6399999999999997,0.0,0.0,-9.241552773284454,Spring,LOAD_PRIORITY
272.0,family_house,21.79955084709677,10.08,10.08,0.0,0.0,-11.719550847096773,Spring,LOAD_PRIORITY
272.0,luxury_house,27.74488289630498,18.0,18.0,0.0,0.0,-9.744882896304981,Spring,LOAD_PRIORITY
272.0,small_family,19.322329159926685,6.5,6.5,0.0,0.0,-12.822329159926683,Spring,LOAD_PRIORITY
273.0,apartment,13.510757854521152,3.6399999999999997,3.6399999999999997,0.0,0.0,-9.870757854521152,Spring,LOAD_PRIORITY
273.0,family_house,22.864359446112715,10.08,10.08,0.0,0.0,-12.784359446112719,Spring,LOAD_PRIORITY
273.0,luxury_house,29.100093840507096,18.0,18.0,0.0,0.0,-11.100093840507096,Spring,LOAD_PRIORITY
273.0,small_family,20.266136781781725,6.5,6.5,0.0,0.0,-13.766136781781727,Spring,LOAD_PRIORITY
274.0,apartment,14.500539164683742,3.6399999999999997,3.6399999999999997,0.0,0.0,-10.860539164683741,Spring,LOAD_PRIORITY
274.0,family_house,24.539373971003258,10.08,10.08,0.0,0.0,-14.459373971003258,Spring,LOAD_PRIORITY
274.0,luxury_house,31.231930508549603,18.0,18.0,0.0,0.0,-13.2319305085496,Spring,LOAD_PRIORITY
274.0,small_family,21.750808747025612,6.5,6.5,0.0,0.0,-15.250808747025612,Spring,LOAD_PRIORITY
275.0,apartment,15.441609688588544,3.6399999999999997,3.6399999999999997,0.0,0.0,-11.801609688588544,Spring,LOAD_PRIORITY
275.0,family_house,26.131954857611383,10.08,10.08,0.0,0.0,-16.051954857611385,Spring,LOAD_PRIORITY
275.0,luxury_house,33.25885163695994,18.0,18.0,0.0,0.0,-15.25885163695994,Spring,LOAD_PRIORITY
275.0,small_family,23.162414532882813,6.5,6.5,0.0,0.0,-16.662414532882813,Spring,LOAD_PRIORITY
276.0,apartment,16.1602716413583,3.6399999999999997,3.6399999999999997,0.0,0.20865104959176872,-12.520271641358299,Spring,LOAD_PRIORITY
276.0,family_house,27.348152008452512,10.08,10.08,0.0,0.0,-17.268152008452514,Spring,LOAD_PRIORITY
276.0,luxury_house,34.80673891984865,18.0,18.0,0.0,0.0,-16.806738919848648,Spring,LOAD_PRIORITY
276.0,small_family,24.240407462037453,6.5,6.5,0.0,0.7884445904098435,-17.740407462037453,Spring,LOAD_PRIORITY
277.0,apartment,16.95417480389837,3.6399999999999997,3.6399999999999997,0.0,1.5658468589714154,-13.31417480389837,Spring,LOAD_PRIORITY
277.0,family_house,28.691680437366472,10.08,10.08,0.0,0.0,-18.611680437366473,Spring,LOAD_PRIORITY
277.0,luxury_house,36.516684193011876,18.0,18.0,0.0,0.0,-18.516684193011876,Spring,LOAD_PRIORITY
277.0,small_family,25.431262205847556,6.5,6.5,0.0,2.676974112125099,-18.931262205847556,Spring,LOAD_PRIORITY
278.0,apartment,17.686345660118185,3.6399999999999997,3.6399999999999997,0.0,3.105082737627517,-14.046345660118186,Spring,LOAD_PRIORITY
278.0,family_house,29.93073880943078,10.08,10.08,0.0,2.0986136725357047,-19.85073880943078,Spring,LOAD_PRIORITY
278.0,luxury_house,38.093667575639174,18.0,18.0,0.0,0.0,-20.093667575639174,Spring,LOAD_PRIORITY
278.0,small_family,26.529518490177278,6.5,6.5,0.0,8.425326192005382,-20.029518490177278,Spring,LOAD_PRIORITY
279.0,apartment,17.944988507842652,3.6399999999999997,3.6399999999999997,0.0,5.494040006939317,-14.30498850784265,Spring,LOAD_PRIORITY
279.0,family_house,30.368442090195252,10.08,10.08,0.0,4.368308317559774,-20.288442090195254,Spring,LOAD_PRIORITY
279.0,luxury_house,38.65074447843032,18.0,18.0,0.0,0.0,-20.65074447843032,Spring,LOAD_PRIORITY
279.0,small_family,26.917482761763974,6.5,6.5,0.0,20.417482761763974,-20.417482761763974,Spring,LOAD_PRIORITY
280.0,apartment,14.096974862257843,3.6399999999999997,3.6399999999999997,0.0,10.456974862257843,-10.456974862257843,Spring,LOAD_PRIORITY
280.0,family_house,23.85641899766712,10.08,10.08,0.0,6.425878244040949,-13.776418997667124,Spring,LOAD_PRIORITY
280.0,luxury_house,30.36271508793997,18.0,18.0,0.0,0.0,-12.362715087939971,Spring,LOAD_PRIORITY
280.0,small_family,21.145462293386768,6.5,6.5,0.0,14.645462293386768,-14.645462293386768,Spring,LOAD_PRIORITY
281.0,apartment,11.229848601869673,3.6399999999999997,3.6399999999999997,0.0,7.589848601869672,-7.589848601869672,Spring,LOAD_PRIORITY
281.0,family_house,19.004359172394828,10.08,10.08,0.0,7.195147835386963,-8.92435917239483,Spring,LOAD_PRIORITY
281.0,luxury_house,24.1873662194116,18.0,18.0,0.0,0.0,-6.187366219411601,Spring,LOAD_PRIORITY
281.0,small_family,16.84477290280451,6.5,6.5,0.0,10.344772902804511,-10.344772902804511,Spring,LOAD_PRIORITY
282.0,apartment,9.580279938334789,22.568476400420987,22.568476400420987,0.0,0.2500214235911271,12.988196462086199,Spring,LOAD_PRIORITY
282.0,family_house,16.212781434105025,27.4651090652121,27.4651090652121,0.0,0.16961259517814686,11.252327631107073,Spring,LOAD_PRIORITY
282.0,luxury_house,20.63444909795185,32.93520252371047,32.93520252371047,0.0,0.0,12.300753425758618,Spring,LOAD_PRIORITY
282.0,small_family,14.370419907502184,21.2997678913956,21.2997678913956,0.0,0.7776068449982877,6.9293479838934156,Spring,LOAD_PRIORITY
283.0,apartment,0.1610323546856529,18.48892169645915,18.48892169645915,0.0,0.0,18.327889341773496,Spring,LOAD_PRIORITY
283.0,family_house,0.2725162925449511,29.004189776318878,29.004189776318878,0.0,0.0,28.73167348377393,Spring,LOAD_PRIORITY
283.0,luxury_house,0.3468389177844832,34.928571542607465,34.928571542607465,0.0,0.0,34.581732624822976,Spring,LOAD_PRIORITY
283.0,small_family,0.2415485320284794,31.792588171656188,31.792588171656188,0.0,0.0,31.55103963962771,Spring,LOAD_PRIORITY
284.0,apartment,0.2184769915432354,23.409438822142487,23.409438822142487,0.0,0.0,23.190961830599253,Spring,LOAD_PRIORITY
284.0,family_house,0.3697302933808599,29.409887005969164,29.409887005969164,0.0,0.0,29.040156712588306,Spring,LOAD_PRIORITY
284.0,luxury_house,0.4705658279392762,40.75494005562428,40.75494005562428,0.0,0.0,40.28437422768501,Spring,LOAD_PRIORITY
284.0,small_family,0.3277154873148531,23.64485322479778,23.64485322479778,0.0,0.0,23.317137737482927,Spring,LOAD_PRIORITY
285.0,apartment,0.9446675886815448,24.947372549747747,22.185698393952126,2.761674155795623,0.0,24.0027049610662,Spring,LOAD_PRIORITY
285.0,family_house,1.5986682269995371,25.877114385217666,25.877114385217666,0.0,0.0,24.278446158218127,Spring,LOAD_PRIORITY
285.0,luxury_house,2.034668652544865,37.43448922315111,37.19540714120424,0.2390820819468682,0.0,35.399820570606245,Spring,LOAD_PRIORITY
285.0,small_family,1.4170013830223172,33.36623430430385,33.36623430430385,0.0,0.0,31.949232921281535,Spring,LOAD_PRIORITY
286.0,apartment,2.597569490291833,3.6399999999999997,3.239065188573782,0.4009348114262176,0.0,1.042430509708167,Spring,LOAD_PRIORITY
286.0,family_house,4.39588682972464,10.08,10.08,0.0,0.0,5.68411317027536,Spring,LOAD_PRIORITY
286.0,luxury_house,5.594765056013178,18.0,14.774793618166616,3.2252063818333836,0.0,12.405234943986823,Spring,LOAD_PRIORITY
286.0,small_family,3.8963542354377494,6.5,6.5,0.0,0.0,2.6036457645622506,Spring,LOAD_PRIORITY
287.0,apartment,5.52571315126004,3.6399999999999997,3.6399999999999997,0.0,0.0,-1.8857131512600405,Spring,LOAD_PRIORITY
287.0,family_house,9.351206871363145,10.08,10.08,0.0,0.0,0.7287931286368545,Spring,LOAD_PRIORITY
287.0,luxury_house,11.901536018098549,18.0,15.87740593301257,2.1225940669874306,0.0,6.0984639819014514,Spring,LOAD_PRIORITY
287.0,small_family,8.28856972689006,6.5,6.5,0.0,0.0,-1.7885697268900598,Spring,LOAD_PRIORITY
288.0,apartment,0.0,3.6399999999999997,2.892746860051552,0.7472531399484474,0.0,3.6399999999999997,Spring,LOAD_PRIORITY
288.0,family_house,0.0,10.08,10.08,0.0,0.0,10.08,Spring,LOAD_PRIORITY
288.0,luxury_house,0.0,18.0,6.050291828415313,11.949708171584687,0.0,18.0,Spring,LOAD_PRIORITY
288.0,small_family,0.0,6.5,5.95511449022085,0.5448855097791505,0.0,6.5,Spring,LOAD_PRIORITY
289.0,apartment,2.8552671993717493,3.6399999999999997,3.338179692066057,0.3018203079339424,0.0,0.7847328006282501,Spring,LOAD_PRIORITY
289.0,family_house,4.831990645090653,10.08,10.08,0.0,0.0,5.248009354909347,Spring,LOAD_PRIORITY
289.0,luxury_house,6.149806275569922,18.0,6.916187562412822,11.083812437587177,0.0,11.850193724430078,Spring,LOAD_PRIORITY
289.0,small_family,4.282900799057624,6.5,6.158907815239635,0.3410921847603655,0.0,2.217099200942376,Spring,LOAD_PRIORITY
290.0,apartment,3.022159616309004,3.6399999999999997,3.4023690831957705,0.23763091680422913,0.0,0.6178403836909957,Spring,LOAD_PRIORITY
290.0,family_house,5.114423966061391,10.08,9.83055515502249,0.24944484497751032,0.0,4.965576033938609,Spring,LOAD_PRIORITY
290.0,luxury_house,6.509266865896316,18.0,6.509266865896316,11.490733134103685,0.0,11.490733134103685,Spring,LOAD_PRIORITY
290.0,small_family,4.533239424463506,6.5,6.197421449917463,0.30257855008253753,0.0,1.9667605755364939,Spring,LOAD_PRIORITY
291.0,apartment,3.2104127952962145,3.6399999999999997,3.4747741520370052,0.16522584796299436,0.0,0.4295872047037853,Spring,LOAD_PRIORITY
291.0,family_house,5.433006268962824,10.08,9.305501044827137,0.7744989551728626,0.0,4.646993731037176,Spring,LOAD_PRIORITY
291.0,luxury_house,6.91473525140723,18.0,6.91473525140723,11.08526474859277,0.0,11.08526474859277,Spring,LOAD_PRIORITY
291.0,small_family,4.815619192944322,6.5,6.2408644912222035,0.2591355087777967,0.0,1.6843808070556783,Spring,LOAD_PRIORITY
292.0,apartment,3.3042926940227666,3.6399999999999997,3.5108818053933715,0.12911819460662805,0.0,0.3357073059772329,Spring,LOAD_PRIORITY
292.0,family_house,5.591879943730836,10.08,9.331979990621805,0.7480200093781939,0.0,4.488120056269164,Spring,LOAD_PRIORITY
292.0,luxury_house,7.116938110202883,18.0,7.116938110202883,10.883061889797117,0.0,10.883061889797117,Spring,LOAD_PRIORITY
292.0,small_family,4.95643904103415,6.5,6.262529083236023,0.2374709167639769,0.0,1.5435609589658499,Spring,LOAD_PRIORITY
293.0,apartment,3.206478350224968,3.6399999999999997,3.457784019142595,0.18221598085740484,0.0,0.4335216497750316,Spring,LOAD_PRIORITY
293.0,family_house,5.426347977303792,10.08,9.304391329550631,0.7756086704493679,0.0,4.653652022696207,Spring,LOAD_PRIORITY
293.0,luxury_house,6.906261062023009,18.0,6.906261062023009,11.09373893797699,0.0,11.09373893797699,Spring,LOAD_PRIORITY
293.0,small_family,4.809717525337452,6.5,6.1339935760820845,0.3660064239179158,0.0,1.6902824746625482,Spring,LOAD_PRIORITY
294.0,apartment,11.756745272791363,3.6399999999999997,3.6399999999999997,0.0,0.0,-8.116745272791364,Spring,LOAD_PRIORITY
294.0,family_house,19.896030461646923,10.08,10.08,0.0,0.0,-9.816030461646921,Spring,LOAD_PRIORITY
294.0,luxury_house,25.322220587550625,18.0,18.0,0.0,0.0,-7.3222205875506265,Spring,LOAD_PRIORITY
294.0,small_family,17.635117909187045,6.5,6.5,0.0,0.0,-11.135117909187045,Spring,LOAD_PRIORITY
295.0,apartment,11.699532410794186,3.6399999999999997,3.6399999999999997,0.0,0.0,-8.059532410794185,Spring,LOAD_PRIORITY
295.0,family_house,19.79920869519016,10.08,10.08,0.0,0.0,-9.719208695190162,Spring,LOAD_PRIORITY
295.0,luxury_house,25.19899288478748,18.0,18.0,0.0,0.0,-7.198992884787479,Spring,LOAD_PRIORITY
295.0,small_family,17.549298616191276,6.5,6.5,0.0,0.0,-11.049298616191276,Spring,LOAD_PRIORITY
296.0,apartment,11.871908443027042,3.6399999999999997,3.6399999999999997,0.0,0.0,-8.231908443027041,Spring,LOAD_PRIORITY
296.0,family_house,20.090921980507304,10.08,10.08,0.0,0.0,-10.010921980507302,Spring,LOAD_PRIORITY
296.0,luxury_house,25.57026433882747,18.0,18.0,0.0,0.0,-7.570264338827473,Spring,LOAD_PRIORITY
296.0,small_family,17.807862664540565,6.5,6.5,0.0,0.0,-11.307862664540563,Spring,LOAD_PRIORITY
297.0,apartment,12.500636058793498,3.6399999999999997,3.6399999999999997,0.0,0.0,-8.860636058793498,Spring,LOAD_PRIORITY
297.0,family_house,21.15492256103515,10.08,10.08,0.0,0.0,-11.074922561035152,Spring,LOAD_PRIORITY
297.0,luxury_house,26.92444689586292,18.0,18.0,0.0,0.0,-8.924446895862921,Spring,LOAD_PRIORITY
297.0,small_family,18.750954088190245,6.5,6.5,0.0,0.0,-12.250954088190245,Spring,LOAD_PRIORITY
298.0,apartment,13.350402647179939,3.6399999999999997,3.6399999999999997,0.0,0.0,-9.710402647179938,Spring,LOAD_PRIORITY
298.0,family_house,22.592989095227587,10.08,10.08,0.0,0.0,-12.51298909522759,Spring,LOAD_PRIORITY
298.0,luxury_house,28.754713393926018,18.0,18.0,0.0,0.0,-10.75471339392602,Spring,LOAD_PRIORITY
298.0,small_family,20.025603970769907,6.5,6.5,0.0,0.0,-13.52560397076991,Spring,LOAD_PRIORITY
299.0,apartment,14.238131897478178,3.6399999999999997,3.6399999999999997,0.0,1.410218409344738,-10.598131897478178,Spring,LOAD_PRIORITY
299.0,family_house,24.095300134193838,10.08,10.08,0.0,0.0,-14.01530013419384,Spring,LOAD_PRIORITY
299.0,luxury_house,30.66674562533761,18.0,18.0,0.0,0.0,-12.66674562533761,Spring,LOAD_PRIORITY
299.0,small_family,21.357197846217268,6.5,6.5,0.0,0.0,-14.857197846217266,Spring,LOAD_PRIORITY
300.0,apartment,15.144319115149127,3.6399999999999997,3.6399999999999997,0.0,2.313049665109726,-11.504319115149126,Spring,LOAD_PRIORITY
300.0,family_house,25.62884773332929,10.08,10.08,0.0,0.0,-15.548847733329293,Spring,LOAD_PRIORITY
300.0,luxury_house,32.61853347878274,18.0,18.0,0.0,0.0,-14.618533478782735,Spring,LOAD_PRIORITY
300.0,small_family,22.716478672723692,6.5,6.5,0.0,0.0,-16.216478672723692,Spring,LOAD_PRIORITY
301.0,apartment,16.058656110264494,3.6399999999999997,3.6399999999999997,0.0,3.730145526037896,-12.418656110264491,Spring,LOAD_PRIORITY
301.0,family_house,27.176187263524525,10.08,10.08,0.0,0.0,-17.096187263524527,Spring,LOAD_PRIORITY
301.0,luxury_house,34.58787469903121,18.0,18.0,0.0,0.0,-16.58787469903121,Spring,LOAD_PRIORITY
301.0,small_family,24.08798416539674,6.5,6.5,0.0,0.9926801688460328,-17.58798416539674,Spring,LOAD_PRIORITY
302.0,apartment,17.062816458007006,3.6399999999999997,3.6399999999999997,0.0,4.4208487133582395,-13.422816458007008,Spring,LOAD_PRIORITY
302.0,family_house,28.875535544319547,10.08,10.08,0.0,0.0,-18.79553554431955,Spring,LOAD_PRIORITY
302.0,luxury_house,36.750681601861245,18.0,18.0,0.0,0.0,-18.750681601861245,Spring,LOAD_PRIORITY
302.0,small_family,25.59422468701051,6.5,6.5,0.0,7.912581390251179,-19.09422468701051,Spring,LOAD_PRIORITY
303.0,apartment,17.45225813698923,3.6399999999999997,3.6399999999999997,0.0,6.873080966817286,-13.812258136989229,Spring,LOAD_PRIORITY
303.0,family_house,29.534590693366386,10.08,10.08,0.0,1.6837035638948827,-19.454590693366388,Spring,LOAD_PRIORITY
303.0,luxury_house,37.5894790642845,18.0,18.0,0.0,0.0,-19.589479064284497,Spring,LOAD_PRIORITY
303.0,small_family,26.178387205483848,6.5,6.5,0.0,16.609833754695796,-19.678387205483848,Spring,LOAD_PRIORITY
304.0,apartment,13.619240688570123,3.6399999999999997,3.6399999999999997,0.0,7.722216533787158,-9.979240688570123,Spring,LOAD_PRIORITY
304.0,family_house,23.047945780657134,10.08,10.08,0.0,6.700399039431228,-12.967945780657134,Spring,LOAD_PRIORITY
304.0,luxury_house,29.333749175381804,18.0,18.0,0.0,0.0,-11.333749175381806,Spring,LOAD_PRIORITY
304.0,small_family,20.42886103285519,6.5,6.5,0.0,13.928861032855187,-13.928861032855187,Spring,LOAD_PRIORITY
305.0,apartment,10.582636277747627,3.6399999999999997,3.6399999999999997,0.0,6.942636277747628,-6.942636277747628,Spring,LOAD_PRIORITY
305.0,family_house,17.909076777726753,10.08,10.08,0.0,6.4222473847371635,-7.829076777726753,Spring,LOAD_PRIORITY
305.0,luxury_house,22.793370444379505,18.0,18.0,0.0,0.0,-4.793370444379503,Spring,LOAD_PRIORITY
305.0,small_family,15.87395441662144,6.5,6.5,0.0,9.37395441662144,-9.37395441662144,Spring,LOAD_PRIORITY
306.0,apartment,8.819490976588718,26.424736588642556,26.424736588642556,0.0,0.16765829862904524,17.60524561205384,Spring,LOAD_PRIORITY
306.0,family_house,14.92529242191937,23.427370982782566,23.427370982782566,0.0,0.7193971832050865,8.502078560863197,Spring,LOAD_PRIORITY
306.0,luxury_house,18.99582671880647,37.719047096803365,37.719047096803365,0.0,0.0,18.723220377996892,Spring,LOAD_PRIORITY
306.0,small_family,13.229236464883076,24.818911600901245,24.818911600901245,0.0,0.29785141092287604,11.58967513601817,Spring,LOAD_PRIORITY
307.0,apartment,0.0,21.947665580548986,21.947665580548986,0.0,0.0,21.947665580548986,Spring,LOAD_PRIORITY
307.0,family_house,0.0,28.941135453785606,28.941135453785606,0.0,0.0,28.941135453785606,Spring,LOAD_PRIORITY
307.0,luxury_house,0.0,37.14925746673204,37.14925746673204,0.0,0.0,37.14925746673204,Spring,LOAD_PRIORITY
307.0,small_family,0.0,30.7586649064799,30.7586649064799,0.0,0.0,30.7586649064799,Spring,LOAD_PRIORITY
308.0,apartment,0.0,20.711809828223817,20.711809828223817,0.0,0.0,20.711809828223817,Spring,LOAD_PRIORITY
308.0,family_house,0.0,28.24911689302676,28.24911689302676,0.0,0.0,28.24911689302676,Spring,LOAD_PRIORITY
308.0,luxury_house,0.0,33.598050352961266,33.598050352961266,0.0,0.0,33.598050352961266,Spring,LOAD_PRIORITY
308.0,small_family,0.0,26.020968517421093,26.020968517421093,0.0,0.0,26.020968517421093,Spring,LOAD_PRIORITY
309.0,apartment,0.6027641617756561,22.077620260134697,18.953156643062197,3.124463617072498,0.0,21.47485609835904,Spring,LOAD_PRIORITY
309.0,family_house,1.0200624276203412,25.687283415314013,25.687283415314013,0.0,0.0,24.66722098769367,Spring,LOAD_PRIORITY
309.0,luxury_house,1.2982612715167976,34.1976833974466,26.063517246381977,8.134166151064626,0.0,32.8994221259298,Spring,LOAD_PRIORITY
309.0,small_family,0.9041462426634841,23.69465087588584,22.688185356729566,1.006465519156277,0.0,22.79050463322236,Spring,LOAD_PRIORITY
310.0,apartment,2.259039164756756,3.6399999999999997,3.4275444868856546,0.21245551311434518,0.0,1.3809608352432436,Spring,LOAD_PRIORITY
310.0,family_house,3.8229893557422026,10.08,10.080000000000002,0.0,0.0,6.2570106442577975,Spring,LOAD_PRIORITY
310.0,luxury_house,4.865622816399167,18.0,9.825541342721651,8.174458657278349,0.0,13.134377183600833,Spring,LOAD_PRIORITY
310.0,small_family,3.388558747135134,6.5,6.259151457327015,0.24084854267298494,0.0,3.111441252864866,Spring,LOAD_PRIORITY
311.0,apartment,5.189922675844596,3.6399999999999997,3.6399999999999997,0.0,0.0,-1.5499226758445965,Spring,LOAD_PRIORITY
311.0,family_house,8.782946066813931,10.08,10.08,0.0,0.0,1.2970539331860689,Spring,LOAD_PRIORITY
311.0,luxury_house,11.178294994126823,18.0,13.452196662751215,4.547803337248785,0.0,6.821705005873178,Spring,LOAD_PRIORITY
311.0,small_family,7.784884013766893,6.5,6.5,0.0,0.0,-1.2848840137668933,Spring,LOAD_PRIORITY
312.0,apartment,0.0,3.6399999999999997,3.294604678193867,0.34539532180613275,0.0,3.6399999999999997,Spring,LOAD_PRIORITY
312.0,family_house,0.0,10.08,10.08,0.0,0.0,10.08,Spring,LOAD_PRIORITY
312.0,luxury_house,0.0,18.0,3.6464588261672324,14.353541173832769,0.0,18.0,Spring,LOAD_PRIORITY
312.0,small_family,0.0,6.5,5.677907017290801,0.8220929827091994,0.0,6.5,Spring,LOAD_PRIORITY
313.0,apartment,1.2431377707374147,3.6399999999999997,3.181458020124955,0.4585419798750446,0.0,2.396862229262585,Spring,LOAD_PRIORITY
313.0,family_house,2.1037716120171637,10.08,9.564795696491231,0.515204303508768,0.0,7.976228387982836,Spring,LOAD_PRIORITY
313.0,luxury_house,2.6775275062036625,18.0,3.6614292835459636,14.338570716454036,0.0,15.322472493796338,Spring,LOAD_PRIORITY
313.0,small_family,1.864706656106122,6.5,5.746550968628633,0.7534490313713664,0.0,4.635293343893878,Spring,LOAD_PRIORITY
314.0,apartment,2.9544247048148167,3.6399999999999997,3.4817903164957267,0.158209683504273,0.0,0.685575295185183,Spring,LOAD_PRIORITY
314.0,family_house,4.999795654301996,10.08,9.6566496378585,0.42335036214150024,0.0,5.080204345698003,Spring,LOAD_PRIORITY
314.0,luxury_house,6.363376287293451,18.0,6.363376287293451,11.636623712706548,0.0,11.636623712706548,Spring,LOAD_PRIORITY
314.0,small_family,4.431637057222225,6.5,6.02268547474359,0.4773145252564097,0.0,2.0683629427777754,Spring,LOAD_PRIORITY
315.0,apartment,1.767902451099369,3.6399999999999997,3.2079774887152386,0.4320225112847609,0.0,1.8720975489006306,Spring,LOAD_PRIORITY
315.0,family_house,2.991834917245086,10.08,9.086619290683034,0.9933807093169671,0.0,7.088165082754914,Spring,LOAD_PRIORITY
315.0,luxury_house,3.8077898946755644,18.0,3.8077898946755644,14.192210105324435,0.0,14.192210105324435,Spring,LOAD_PRIORITY
315.0,small_family,2.6518536766490532,6.5,5.211553616576303,1.2884463834236963,0.0,3.8481463233509468,Spring,LOAD_PRIORITY
316.0,apartment,1.9588060610464686,3.6399999999999997,3.027447878895666,0.6125521211043334,0.0,1.681193938953531,Spring,LOAD_PRIORITY
316.0,family_house,3.31490256484787,10.08,8.910427941498856,1.1695720585011453,0.0,6.76509743515213,Spring,LOAD_PRIORITY
316.0,luxury_house,4.218966900715471,18.0,4.218966900715471,13.781033099284528,0.0,13.781033099284528,Spring,LOAD_PRIORITY
316.0,small_family,2.9382090915697026,6.5,5.130080419834501,1.369919580165499,0.0,3.5617909084302974,Spring,LOAD_PRIORITY
317.0,apartment,2.6111184789891544,3.6399999999999997,3.165131605687302,0.47486839431269784,0.0,1.0288815210108453,Spring,LOAD_PRIORITY
317.0,family_house,4.418815887520108,10.08,8.664703971880027,1.4152960281199731,0.0,5.6611841124798925,Spring,LOAD_PRIORITY
317.0,luxury_house,5.6239474932074085,18.0,5.6239474932074085,12.37605250679259,0.0,12.37605250679259,Spring,LOAD_PRIORITY
317.0,small_family,3.9166777184837316,6.5,5.36244858868606,1.1375514113139407,0.0,2.5833222815162684,Spring,LOAD_PRIORITY
318.0,apartment,10.716414191140196,3.6399999999999997,3.6399999999999997,0.0,0.0,-7.076414191140196,Spring,LOAD_PRIORITY
318.0,family_house,18.13547016962187,10.08,10.08,0.0,0.0,-8.055470169621868,Spring,LOAD_PRIORITY
318.0,luxury_house,23.08150748860965,18.0,18.0,0.0,0.0,-5.081507488609649,Spring,LOAD_PRIORITY
318.0,small_family,16.074621286710293,6.5,6.5,0.0,0.0,-9.574621286710293,Spring,LOAD_PRIORITY
319.0,apartment,10.777613200620202,3.6399999999999997,3.6399999999999997,0.0,0.0,-7.137613200620202,Spring,LOAD_PRIORITY
319.0,family_house,18.239037724126497,10.08,10.08,0.0,0.0,-8.159037724126497,Spring,LOAD_PRIORITY
319.0,luxury_house,23.21332073979736,18.0,18.0,0.0,0.0,-5.213320739797359,Spring,LOAD_PRIORITY
319.0,small_family,16.166419800930303,6.5,6.5,0.0,0.0,-9.666419800930303,Spring,LOAD_PRIORITY
320.0,apartment,11.813918834705925,3.6399999999999997,3.6399999999999997,0.0,0.0,-8.173918834705926,Spring,LOAD_PRIORITY
320.0,family_house,19.992785720271566,10.08,10.08,0.0,0.0,-9.912785720271568,Spring,LOAD_PRIORITY
320.0,luxury_house,25.445363643981995,18.0,18.0,0.0,0.0,-7.445363643981995,Spring,LOAD_PRIORITY
320.0,small_family,17.72087825205889,6.5,6.5,0.0,0.0,-11.220878252058888,Spring,LOAD_PRIORITY
321.0,apartment,11.744481358573669,3.6399999999999997,3.6399999999999997,0.0,0.0,-8.104481358573668,Spring,LOAD_PRIORITY
321.0,family_house,19.87527614527852,10.08,10.08,0.0,0.0,-9.79527614527852,Spring,LOAD_PRIORITY
321.0,luxury_house,25.29580600308175,18.0,18.0,0.0,0.0,-7.295806003081749,Spring,LOAD_PRIORITY
321.0,small_family,17.616722037860505,6.5,6.5,0.0,0.0,-11.116722037860505,Spring,LOAD_PRIORITY
322.0,apartment,12.52201433575054,3.6399999999999997,3.6399999999999997,0.0,0.0,-8.88201433575054,Spring,LOAD_PRIORITY
322.0,family_house,21.191101183577842,10.08,10.08,0.0,0.0,-11.11110118357784,Spring,LOAD_PRIORITY
322.0,luxury_house,26.970492415462704,18.0,18.0,0.0,0.0,-8.970492415462704,Spring,LOAD_PRIORITY
322.0,small_family,18.78302150362581,6.5,6.5,0.0,0.0,-12.283021503625813,Spring,LOAD_PRIORITY
323.0,apartment,15.006371496172907,3.6399999999999997,3.6399999999999997,0.0,0.0,-11.366371496172906,Spring,LOAD_PRIORITY
323.0,family_house,25.395397916600302,10.08,10.08,0.0,0.0,-15.315397916600306,Spring,LOAD_PRIORITY
323.0,luxury_house,32.32141553021857,18.0,18.0,0.0,0.0,-14.321415530218571,Spring,LOAD_PRIORITY
323.0,small_family,22.50955724425936,6.5,6.5,0.0,0.34158873107179066,-16.00955724425936,Spring,LOAD_PRIORITY
324.0,apartment,14.416077907157433,3.6399999999999997,3.6399999999999997,0.0,0.23481015825014784,-10.776077907157433,Spring,LOAD_PRIORITY
324.0,family_house,24.396439535189497,10.08,10.08,0.0,0.0,-14.316439535189499,Spring,LOAD_PRIORITY
324.0,luxury_house,31.050013953877546,18.0,18.0,0.0,0.0,-13.050013953877546,Spring,LOAD_PRIORITY
324.0,small_family,21.624116860736144,6.5,6.5,0.0,1.1633936046720113,-15.124116860736146,Spring,LOAD_PRIORITY
325.0,apartment,16.632344114270765,3.6399999999999997,3.6399999999999997,0.0,1.9218847945765245,-12.992344114270765,Spring,LOAD_PRIORITY
325.0,family_house,28.147043885688987,10.08,10.08,0.0,0.0,-18.06704388568899,Spring,LOAD_PRIORITY
325.0,luxury_house,35.8235103999678,18.0,18.0,0.0,0.0,-17.8235103999678,Spring,LOAD_PRIORITY
325.0,small_family,24.948516171406148,6.5,6.5,0.0,2.787064201862315,-18.448516171406148,Spring,LOAD_PRIORITY
326.0,apartment,17.43410060480614,3.6399999999999997,3.6399999999999997,0.0,3.1832539857244937,-13.79410060480614,Spring,LOAD_PRIORITY
326.0,family_house,29.503862561979616,10.08,10.08,0.0,0.0,-19.423862561979618,Spring,LOAD_PRIORITY
326.0,luxury_house,37.550370533428605,18.0,18.0,0.0,0.0,-19.55037053342861,Spring,LOAD_PRIORITY
326.0,small_family,26.151150907209207,6.5,6.5,0.0,4.674120863718244,-19.651150907209207,Spring,LOAD_PRIORITY
327.0,apartment,17.73289539321216,3.6399999999999997,3.6399999999999997,0.0,3.971834812035044,-14.09289539321216,Spring,LOAD_PRIORITY
327.0,family_house,30.00951528082058,10.08,10.08,0.0,0.8080315790630519,-19.92951528082058,Spring,LOAD_PRIORITY
327.0,luxury_house,38.19392853922619,18.0,18.0,0.0,0.0,-20.193928539226192,Spring,LOAD_PRIORITY
327.0,small_family,26.59934308981824,6.5,6.5,0.0,12.546470788358468,-20.09934308981824,Spring,LOAD_PRIORITY
328.0,apartment,13.867699817493078,3.6399999999999997,3.6399999999999997,0.0,6.223961685498436,-10.227699817493077,Spring,LOAD_PRIORITY
328.0,family_house,23.468415075757513,10.08,10.08,0.0,4.020155243031249,-13.388415075757516,Spring,LOAD_PRIORITY
328.0,luxury_house,29.868891914600475,18.0,18.0,0.0,0.0,-11.868891914600473,Spring,LOAD_PRIORITY
328.0,small_family,20.801549726239614,6.5,6.5,0.0,14.301549726239614,-14.301549726239614,Spring,LOAD_PRIORITY
329.0,apartment,10.510409517476173,3.6399999999999997,3.6399999999999997,0.0,6.870409517476172,-6.870409517476172,Spring,LOAD_PRIORITY
329.0,family_house,17.786846875728905,10.08,10.08,0.0,3.2671648126863553,-7.706846875728907,Spring,LOAD_PRIORITY
329.0,luxury_house,22.637805114564063,18.0,18.0,0.0,0.0,-4.637805114564062,Spring,LOAD_PRIORITY
329.0,small_family,15.765614276214258,6.5,6.5,0.0,9.265614276214258,-9.265614276214258,Spring,LOAD_PRIORITY
330.0,apartment,8.806182697440633,19.456946988576426,19.456946988576426,0.0,0.24676254143289844,10.650764291135793,Spring,LOAD_PRIORITY
330.0,family_house,14.902770718745689,31.922549652659676,31.922549652659676,0.0,0.0,17.019778933913987,Spring,LOAD_PRIORITY
330.0,luxury_house,18.96716273294906,31.71983436864892,31.71983436864892,0.0,0.0,12.752671635699862,Spring,LOAD_PRIORITY
330.0,small_family,13.209274046160951,21.610702898275175,21.610702898275175,0.0,1.2298364782433138,8.401428852114224,Spring,LOAD_PRIORITY
331.0,apartment,0.0,25.76535302061845,25.76535302061845,0.0,0.0,25.76535302061845,Spring,LOAD_PRIORITY
331.0,family_house,0.0,26.724916705986185,26.724916705986185,0.0,0.0,26.724916705986185,Spring,LOAD_PRIORITY
331.0,luxury_house,0.0,34.970785826139625,34.970785826139625,0.0,0.0,34.970785826139625,Spring,LOAD_PRIORITY
331.0,small_family,0.0,22.914989749835417,22.914989749835417,0.0,0.0,22.914989749835417,Spring,LOAD_PRIORITY
332.0,apartment,0.0,23.6271814021403,23.6271814021403,0.0,0.0,23.6271814021403,Spring,LOAD_PRIORITY
332.0,family_house,0.0,27.249026488736302,27.249026488736302,0.0,0.0,27.249026488736302,Spring,LOAD_PRIORITY
332.0,luxury_house,0.0,35.72763707304705,35.21391008740452,0.5137269856425304,0.0,35.72763707304705,Spring,LOAD_PRIORITY
332.0,small_family,0.0,31.401003826575245,31.401003826575245,0.0,0.0,31.401003826575245,Spring,LOAD_PRIORITY
333.0,apartment,0.0,21.568050868213337,20.366485452291762,1.2015654159215752,0.0,21.568050868213337,Spring,LOAD_PRIORITY
333.0,family_house,0.0,23.984955303327364,23.984955303327364,0.0,0.0,23.984955303327364,Spring,LOAD_PRIORITY
333.0,luxury_house,0.0,36.37376471569601,29.062599039530898,7.311165676165115,0.0,36.37376471569601,Spring,LOAD_PRIORITY
333.0,small_family,0.0,21.168098596976293,21.168098596976293,0.0,0.0,21.168098596976293,Spring,LOAD_PRIORITY
334.0,apartment,5.267279181140559,3.6399999999999997,3.6399999999999997,0.0,0.0,-1.6272791811405594,Spring,LOAD_PRIORITY
334.0,family_house,8.913857075776331,10.08,10.08,0.0,0.0,1.166142924223669,Spring,LOAD_PRIORITY
334.0,luxury_house,11.344909005533513,18.0,14.672454502766756,3.327545497233244,0.0,6.655090994466488,Spring,LOAD_PRIORITY
334.0,small_family,7.900918771710838,6.5,6.5,0.0,0.0,-1.4009187717108387,Spring,LOAD_PRIORITY
335.0,apartment,8.784325483541428,3.6399999999999997,3.6399999999999997,0.0,0.0,-5.144325483541429,Spring,LOAD_PRIORITY
335.0,family_house,14.86578158753165,10.08,10.08,0.0,0.0,-4.78578158753165,Spring,LOAD_PRIORITY
335.0,luxury_house,18.92008565685846,18.0,18.0,0.0,0.0,-0.9200856568584621,Spring,LOAD_PRIORITY
335.0,small_family,13.176488225312141,6.5,6.5,0.0,0.0,-6.676488225312141,Spring,LOAD_PRIORITY
336.0,apartment,0.0,3.6399999999999997,3.6399999999999997,0.0,0.0,3.6399999999999997,Spring,LOAD_PRIORITY
336.0,family_house,0.0,10.08,9.873306855691757,0.20669314430824226,0.0,10.08,Spring,LOAD_PRIORITY
336.0,luxury_house,0.0,18.0,6.734891081718697,11.265108918281303,0.0,18.0,Spring,LOAD_PRIORITY
336.0,small_family,0.0,6.5,6.5,0.0,0.0,6.5,Spring,LOAD_PRIORITY
337.0,apartment,0.1854789301822977,3.6399999999999997,3.486142019753244,0.15385798024675554,0.0,3.454521069817702,Spring,LOAD_PRIORITY
337.0,family_house,0.3138874203085038,10.08,9.266157285025708,0.8138427149742913,0.0,9.766112579691494,Spring,LOAD_PRIORITY
337.0,luxury_house,0.3994930803926412,18.0,1.0723506529734452,16.927649347026556,0.0,17.60050691960736,Spring,LOAD_PRIORITY
337.0,small_family,0.2782183952734465,6.5,6.125434530640236,0.37456546935976454,0.0,6.221781604726554,Spring,LOAD_PRIORITY
338.0,apartment,0.31273368637356347,3.6399999999999997,2.757963078224133,0.8820369217758673,0.0,3.3272663136264367,Spring,LOAD_PRIORITY
338.0,family_house,0.5292416230937228,10.08,8.545828948860866,1.5341710511391344,0.0,9.550758376906277,Spring,LOAD_PRIORITY
338.0,luxury_house,0.673580247573829,18.0,0.673580247573829,17.326419752426172,0.0,17.326419752426172,Spring,LOAD_PRIORITY
338.0,small_family,0.46910052956034515,6.5,5.6737740111940935,0.8262259888059064,0.0,6.030899470439655,Spring,LOAD_PRIORITY
339.0,apartment,0.13915472877359436,3.6399999999999997,2.3947178169061716,1.2452821830938279,0.0,3.500845271226405,Spring,LOAD_PRIORITY
339.0,family_house,0.23549261792454435,10.08,7.618873154481136,2.461126845518864,0.0,9.844507382075456,Spring,LOAD_PRIORITY
339.0,luxury_house,0.29971787735851096,18.0,0.29971787735851096,17.70028212264149,0.0,17.70028212264149,Spring,LOAD_PRIORITY
339.0,small_family,0.20873209316039157,6.5,5.048168944575475,1.4518310554245248,0.0,6.291267906839608,Spring,LOAD_PRIORITY
340.0,apartment,1.5599715339481137,3.6399999999999997,2.7347188108509437,0.9052811891490559,0.0,2.080028466051886,Spring,LOAD_PRIORITY
340.0,family_house,2.6399518266814233,10.08,7.926454782710218,2.1535452172897815,0.0,7.440048173318576,Spring,LOAD_PRIORITY
340.0,luxury_house,3.3599386885036298,18.0,3.3599386885036298,14.640061311496371,0.0,14.640061311496371,Spring,LOAD_PRIORITY
340.0,small_family,2.3399573009221704,6.5,5.539990146366654,0.9600098536333452,0.0,4.160042699077829,Spring,LOAD_PRIORITY
341.0,apartment,1.5356059692901807,3.6399999999999997,2.5068647526947125,1.1331352473052871,0.0,2.104394030709819,Spring,LOAD_PRIORITY
341.0,family_house,2.598717794183383,10.08,7.010559344353271,3.06944065564673,0.0,7.481282205816617,Spring,LOAD_PRIORITY
341.0,luxury_house,3.307459010778851,18.0,3.307459010778851,14.69254098922115,0.0,14.69254098922115,Spring,LOAD_PRIORITY
341.0,small_family,2.3034089539352713,6.5,5.531555912446601,0.968444087553399,0.0,4.196591046064729,Spring,LOAD_PRIORITY
342.0,apartment,10.617020321718826,3.6399999999999997,3.6399999999999997,0.0,0.0,-6.977020321718826,Spring,LOAD_PRIORITY
342.0,family_house,17.96726515983186,10.08,10.08,0.0,0.0,-7.887265159831859,Spring,LOAD_PRIORITY
342.0,luxury_house,22.867428385240547,18.0,18.0,0.0,0.0,-4.867428385240548,Spring,LOAD_PRIORITY
342.0,small_family,15.925530482578239,6.5,6.5,0.0,0.0,-9.425530482578239,Spring,LOAD_PRIORITY
343.0,apartment,10.75400621724201,3.6399999999999997,3.6399999999999997,0.0,0.0,-7.11400621724201,Spring,LOAD_PRIORITY
343.0,family_house,18.199087444563403,10.08,10.08,0.0,0.0,-8.119087444563405,Spring,LOAD_PRIORITY
343.0,luxury_house,23.16247492944433,18.0,18.0,0.0,0.0,-5.162474929444331,Spring,LOAD_PRIORITY
343.0,small_family,16.131009325863015,6.5,6.5,0.0,0.0,-9.631009325863017,Spring,LOAD_PRIORITY
344.0,apartment,11.01695839462919,3.6399999999999997,3.6399999999999997,0.0,0.0,-7.376958394629191,Spring,LOAD_PRIORITY
344.0,family_house,18.644083437064786,10.08,10.08,0.0,0.0,-8.564083437064786,Spring,LOAD_PRIORITY
344.0,luxury_house,23.72883346535518,18.0,18.0,0.0,0.0,-5.728833465355181,Spring,LOAD_PRIORITY
344.0,small_family,16.525437591943785,6.5,6.5,0.0,0.0,-10.025437591943785,Spring,LOAD_PRIORITY
345.0,apartment,11.722183494024305,3.6399999999999997,3.6399999999999997,0.0,0.0,-8.082183494024306,Spring,LOAD_PRIORITY
345.0,family_house,19.837541297579595,10.08,10.08,0.0,0.0,-9.757541297579596,Spring,LOAD_PRIORITY
345.0,luxury_house,25.247779833283122,18.0,18.0,0.0,0.0,-7.247779833283122,Spring,LOAD_PRIORITY
345.0,small_family,17.583275241036457,6.5,6.5,0.0,0.0,-11.083275241036459,Spring,LOAD_PRIORITY
346.0,apartment,12.323611711809166,3.6399999999999997,3.6399999999999997,0.0,0.0,-8.683611711809165,Spring,LOAD_PRIORITY
346.0,family_house,20.855342896907818,10.08,10.08,0.0,0.0,-10.77534289690782,Spring,LOAD_PRIORITY
346.0,luxury_house,26.543163686973585,18.0,18.0,0.0,0.0,-8.543163686973587,Spring,LOAD_PRIORITY
346.0,small_family,18.48541756771375,6.5,6.5,0.0,0.0,-11.985417567713748,Spring,LOAD_PRIORITY
347.0,apartment,13.398670010333669,3.6399999999999997,3.6399999999999997,0.0,0.3739745327778517,-9.758670010333669,Spring,LOAD_PRIORITY
347.0,family_house,22.674672325180055,10.08,10.08,0.0,0.0,-12.594672325180058,Spring,LOAD_PRIORITY
347.0,luxury_house,28.858673868410982,18.0,18.0,0.0,0.0,-10.858673868410982,Spring,LOAD_PRIORITY
347.0,small_family,20.0980050155005,6.5,6.5,0.0,0.0,-13.598005015500501,Spring,LOAD_PRIORITY
348.0,apartment,14.168546381534838,3.6399999999999997,3.6399999999999997,0.0,0.8098881831949876,-10.528546381534838,Spring,LOAD_PRIORITY
348.0,family_house,23.977540030289724,10.08,10.08,0.0,0.0,-13.897540030289724,Spring,LOAD_PRIORITY
348.0,luxury_house,30.51686912945965,18.0,18.0,0.0,0.0,-12.516869129459652,Spring,LOAD_PRIORITY
348.0,small_family,21.252819572302258,6.5,6.5,0.0,0.0,-14.752819572302256,Spring,LOAD_PRIORITY
349.0,apartment,14.679800378443208,3.6399999999999997,3.6399999999999997,0.0,0.8492154137264005,-11.039800378443207,Spring,LOAD_PRIORITY
349.0,family_house,24.84273910198081,10.08,10.08,0.0,0.0,-14.762739101980815,Spring,LOAD_PRIORITY
349.0,luxury_house,31.61803158433922,18.0,18.0,0.0,0.0,-13.618031584339219,Spring,LOAD_PRIORITY
349.0,small_family,22.01970056766481,6.5,6.5,0.0,0.5225207580074575,-15.519700567664811,Spring,LOAD_PRIORITY
350.0,apartment,15.645027778733647,3.6399999999999997,3.6399999999999997,0.0,0.9234636752872036,-12.005027778733647,Spring,LOAD_PRIORITY
350.0,family_house,26.476200856318478,10.08,10.08,0.0,0.0,-16.39620085631848,Spring,LOAD_PRIORITY
350.0,luxury_house,33.696982908041704,18.0,18.0,0.0,0.0,-15.696982908041702,Spring,LOAD_PRIORITY
350.0,small_family,23.46754166810047,6.5,6.5,0.0,4.395709800457377,-16.96754166810047,Spring,LOAD_PRIORITY
351.0,apartment,15.795911587497953,3.6399999999999997,3.6399999999999997,0.0,1.7836301344866772,-12.155911587497952,Spring,LOAD_PRIORITY
351.0,family_house,26.731542686534997,10.08,10.08,0.0,0.4441388549837607,-16.651542686535,Spring,LOAD_PRIORITY
351.0,luxury_house,34.02196341922636,18.0,18.0,0.0,0.0,-16.02196341922636,Spring,LOAD_PRIORITY
351.0,small_family,23.69386738124693,6.5,6.5,0.0,8.840236874164514,-17.19386738124693,Spring,LOAD_PRIORITY
352.0,apartment,12.180125973459537,3.6399999999999997,3.6399999999999997,0.0,3.3206112500317544,-8.540125973459537,Spring,LOAD_PRIORITY
352.0,family_house,20.612520878162297,10.08,10.08,0.0,1.231948471085117,-10.532520878162297,Spring,LOAD_PRIORITY
352.0,luxury_house,26.234117481297467,18.0,18.0,0.0,0.0,-8.234117481297465,Spring,LOAD_PRIORITY
352.0,small_family,18.27018896018931,6.5,6.5,0.0,9.677439853959896,-11.770188960189307,Spring,LOAD_PRIORITY
353.0,apartment,12.261702609317892,3.6399999999999997,3.6399999999999997,0.0,4.6565992922761765,-8.621702609317891,Spring,LOAD_PRIORITY
353.0,family_house,20.750573646537973,10.08,10.08,0.0,1.7784289410896619,-10.67057364653797,Spring,LOAD_PRIORITY
353.0,luxury_house,26.409821004684694,18.0,18.0,0.0,0.0,-8.409821004684693,Spring,LOAD_PRIORITY
353.0,small_family,16.977742074440158,6.5,6.5,0.0,10.977742074440158,-10.477742074440158,Spring,LOAD_PRIORITY
354.0,apartment,7.395110358117712,18.044259384786113,18.044259384786113,0.0,0.44201993179759824,10.6491490266684,Spring,LOAD_PRIORITY
354.0,family_house,12.514802144506897,27.572799675257773,27.572799675257773,0.0,0.0,15.057997530750876,Spring,LOAD_PRIORITY
354.0,luxury_house,15.92793000209969,33.5321669348102,33.5321669348102,0.0,0.0,17.60423693271051,Spring,LOAD_PRIORITY
354.0,small_family,10.23938357277837,26.938972662767807,26.938972662767807,0.0,0.19842231002407784,16.699589089989434,Spring,LOAD_PRIORITY
355.0,apartment,0.0,24.716879802492855,24.716879802492855,0.0,0.0,24.716879802492855,Spring,LOAD_PRIORITY
355.0,family_house,0.0,31.39445788475367,31.39445788475367,0.0,0.0,31.39445788475367,Spring,LOAD_PRIORITY
355.0,luxury_house,0.0,34.48776440156924,34.48776440156924,0.0,0.0,34.48776440156924,Spring,LOAD_PRIORITY
355.0,small_family,0.0,22.789828274664877,22.789828274664877,0.0,0.0,22.789828274664877,Spring,LOAD_PRIORITY
356.0,apartment,0.0,19.569375785962755,19.569375785962755,0.0,0.0,19.569375785962755,Spring,LOAD_PRIORITY
356.0,family_house,0.0,24.35820305819569,24.35820305819569,0.0,0.0,24.35820305819569,Spring,LOAD_PRIORITY
356.0,luxury_house,0.0,35.96514324307233,34.72774866807961,1.2373945749927189,0.0,35.96514324307233,Spring,LOAD_PRIORITY
356.0,small_family,0.0,25.523736560817376,25.523736560817376,0.0,0.0,25.523736560817376,Spring,LOAD_PRIORITY
357.0,apartment,0.0,24.162688275618294,23.902346977278604,0.26034129833968667,0.0,24.162688275618294,Spring,LOAD_PRIORITY
357.0,family_house,0.0,24.109699003968775,23.24682212546874,0.8628768785000355,0.0,24.109699003968775,Spring,LOAD_PRIORITY
357.0,luxury_house,0.0,36.80655889238951,16.506359793244794,20.300199099144717,0.0,36.80655889238951,Spring,LOAD_PRIORITY
357.0,small_family,0.0,30.178611163471516,27.659546709134126,2.5190644543373897,0.0,30.178611163471516,Spring,LOAD_PRIORITY
358.0,apartment,0.33003550960346795,3.6399999999999997,2.896697436623798,0.7433025633762016,0.0,3.309964490396532,Spring,LOAD_PRIORITY
358.0,family_house,0.5585216316366381,10.08,9.286543469303053,0.7934565306969468,0.0,9.521478368363361,Spring,LOAD_PRIORITY
358.0,luxury_house,0.7108457129920849,18.0,2.3611131822811093,15.638886817718891,0.0,17.289154287007918,Spring,LOAD_PRIORITY
358.0,small_family,0.4569722440663403,6.5,6.0,0.5,0.0,6.04302775593366,Spring,LOAD_PRIORITY
359.0,apartment,3.102671104630579,3.6399999999999997,3.5160010241455177,0.12399897585448177,0.0,0.5373288953694211,Spring,LOAD_PRIORITY
359.0,family_house,5.2506741770671335,10.08,9.677556181422261,0.40244381857773887,0.0,4.829325822932867,Spring,LOAD_PRIORITY
359.0,luxury_house,6.68267622535817,18.0,6.921824686646125,11.078175313353876,0.0,11.31732377464183,Spring,LOAD_PRIORITY
359.0,small_family,4.296006144873109,6.5,5.876441253457401,0.6235587465425997,0.0,2.203993855126891,Spring,LOAD_PRIORITY
360.0,apartment,0.0,3.6399999999999997,2.562590045022515,1.0774099549774845,0.0,3.6399999999999997,Spring,LOAD_PRIORITY
360.0,family_house,0.0,10.08,9.24,0.84,0.0,10.08,Spring,LOAD_PRIORITY
360.0,luxury_house,0.0,18.0,0.0,18.0,0.0,18.0,Spring,LOAD_PRIORITY
360.0,small_family,0.0,6.5,4.785346491168101,1.7146535088318986,0.0,6.5,Spring,LOAD_PRIORITY
361.0,apartment,0.8653237338773675,3.6399999999999997,2.4491791880138716,1.190820811986128,0.0,2.7746762661226323,Spring,LOAD_PRIORITY
361.0,family_house,1.4643940111770832,10.08,8.650380565043436,1.4296194349565627,0.0,8.615605988822916,Spring,LOAD_PRIORITY
361.0,luxury_house,1.8637741960435608,18.0,1.8637741960435608,16.13622580395644,0.0,16.13622580395644,Spring,LOAD_PRIORITY
361.0,small_family,1.1981405545994317,6.5,4.799535138649858,1.700464861350142,0.0,5.301859445400568,Spring,LOAD_PRIORITY
362.0,apartment,0.9992730381836296,3.6399999999999997,2.218070097483493,1.4219299025165069,0.0,2.64072696181637,Spring,LOAD_PRIORITY
362.0,family_house,1.6910774492338345,10.08,6.399667081800981,3.680332918199018,0.0,8.388922550766164,Spring,LOAD_PRIORITY
362.0,luxury_house,2.1522803899339715,18.0,2.1522803899339715,15.847719610066028,0.0,15.847719610066028,Spring,LOAD_PRIORITY
362.0,small_family,1.3836088221004101,6.5,4.8281893149605635,1.6718106850394368,0.0,5.116391177899589,Spring,LOAD_PRIORITY
363.0,apartment,1.2130550333396863,3.6399999999999997,2.3331834794906,1.3068165205093996,0.0,2.4269449666603133,Spring,LOAD_PRIORITY
363.0,family_house,2.0528623641133157,10.08,4.728574909408877,5.351425090591123,0.0,8.027137635886685,Spring,LOAD_PRIORITY
363.0,luxury_house,2.6127339179624016,18.0,2.6127339179624016,15.387266082037598,0.0,15.387266082037598,Spring,LOAD_PRIORITY
363.0,small_family,1.6796146615472582,6.5,4.386539281387018,2.1134607186129823,0.0,4.820385338452742,Spring,LOAD_PRIORITY
364.0,apartment,1.3464460424255331,3.6399999999999997,2.405009407459902,1.2349905925400975,0.0,2.2935539575744666,Spring,LOAD_PRIORITY
364.0,family_house,2.278600994873979,10.08,3.893555229889754,6.186444770110246,0.0,7.8013990051260205,Spring,LOAD_PRIORITY
364.0,luxury_house,2.9000376298396096,18.0,2.9000376298396096,15.099962370160391,0.0,15.099962370160391,Spring,LOAD_PRIORITY
364.0,small_family,1.8643099048968919,6.5,3.902463692052116,2.597536307947884,0.0,4.635690095103108,Spring,LOAD_PRIORITY
365.0,apartment,1.290678753229234,3.6399999999999997,2.3749808671234334,1.265019132876566,0.0,2.3493212467707654,Spring,LOAD_PRIORITY
365.0,family_house,2.184225582387935,10.08,3.4377465737299504,6.642253426270049,0.0,7.895774417612064,Spring,LOAD_PRIORITY
365.0,luxury_house,2.779923468493735,18.0,2.779923468493735,15.220076531506265,0.0,15.220076531506265,Spring,LOAD_PRIORITY
365.0,small_family,1.787093658317401,6.5,3.5424713006851505,2.9575286993148495,0.0,4.712906341682599,Spring,LOAD_PRIORITY
366.0,apartment,10.221603823729728,3.6399999999999997,3.6399999999999997,0.0,0.0,-6.581603823729729,Spring,LOAD_PRIORITY
366.0,family_house,17.29809877861954,10.08,10.08,0.0,0.0,-7.21809877861954,Spring,LOAD_PRIORITY
366.0,luxury_house,22.015762081879416,18.0,18.0,0.0,0.0,-4.015762081879414,Spring,LOAD_PRIORITY
366.0,small_family,14.152989909779624,6.5,6.0,0.5,0.0,-7.652989909779625,Spring,LOAD_PRIORITY
367.0,apartment,10.592066522004863,3.6399999999999997,3.6399999999999997,0.0,0.0,-6.952066522004863,Spring,LOAD_PRIORITY
367.0,family_house,17.925035652623613,10.08,10.08,0.0,0.0,-7.845035652623615,Spring,LOAD_PRIORITY
367.0,luxury_house,22.813681739702783,18.0,18.0,0.0,0.0,-4.8136817397027825,Spring,LOAD_PRIORITY
367.0,small_family,14.665938261237503,6.5,6.0,0.5,0.0,-8.165938261237503,Spring,LOAD_PRIORITY
368.0,apartment,11.008922418020664,3.6399999999999997,3.6399999999999997,0.0,0.0,-7.368922418020663,Spring,LOAD_PRIORITY
368.0,family_house,18.63048409203497,10.08,10.08,0.0,0.0,-8.55048409203497,Spring,LOAD_PRIORITY
368.0,luxury_house,23.711525208044506,18.0,18.0,0.0,0.0,-5.711525208044507,Spring,LOAD_PRIORITY
368.0,small_family,15.243123348028611,6.5,6.0,0.5,0.0,-8.743123348028611,Spring,LOAD_PRIORITY
369.0,apartment,11.718323804944394,3.6399999999999997,3.6399999999999997,0.0,0.0,-8.078323804944395,Spring,LOAD_PRIORITY
369.0,family_house,19.831009516059744,10.08,10.08,0.0,0.0,-9.751009516059746,Spring,LOAD_PRIORITY
369.0,luxury_house,25.239466656803312,18.0,18.0,0.0,0.0,-7.239466656803312,Spring,LOAD_PRIORITY
369.0,small_family,16.2253714222307,6.5,6.0,0.5,0.0,-9.7253714222307,Spring,LOAD_PRIORITY
370.0,apartment,12.645138415224267,3.6399999999999997,3.6399999999999997,0.0,0.0,-9.005138415224268,Spring,LOAD_PRIORITY
370.0,family_house,21.39946501037953,10.08,10.08,0.0,0.0,-11.319465010379531,Spring,LOAD_PRIORITY
370.0,luxury_house,27.23568274048304,18.0,18.0,0.0,0.0,-9.235682740483039,Spring,LOAD_PRIORITY
370.0,small_family,17.508653190310525,6.5,6.0,0.5,0.0,-11.008653190310524,Spring,LOAD_PRIORITY
371.0,apartment,13.328689924100992,3.6399999999999997,3.6399999999999997,0.0,0.0,-9.688689924100991,Spring,LOAD_PRIORITY
371.0,family_house,22.556244486940145,10.08,10.08,0.0,0.0,-12.476244486940145,Spring,LOAD_PRIORITY
371.0,luxury_house,28.707947528832907,18.0,18.0,0.0,0.0,-10.707947528832907,Spring,LOAD_PRIORITY
371.0,small_family,18.455109125678298,6.5,6.0,0.5,0.0,-11.955109125678298,Spring,LOAD_PRIORITY
372.0,apartment,13.792276298458491,3.6399999999999997,3.6399999999999997,0.0,0.0,-10.15227629845849,Spring,LOAD_PRIORITY
372.0,family_house,23.340775274314367,10.08,10.08,0.0,0.0,-13.260775274314367,Spring,LOAD_PRIORITY
372.0,luxury_house,29.706441258218288,18.0,18.0,0.0,0.0,-11.706441258218288,Spring,LOAD_PRIORITY
372.0,small_family,19.096997951711757,6.5,6.0,0.5,0.0,-12.596997951711755,Spring,LOAD_PRIORITY
373.0,apartment,15.092335425003228,3.6399999999999997,3.6399999999999997,0.0,0.9891162991519324,-11.452335425003229,Spring,LOAD_PRIORITY
373.0,family_house,25.540875334620846,10.08,10.08,0.0,0.0,-15.460875334620848,Spring,LOAD_PRIORITY
373.0,luxury_house,32.50656860769926,18.0,18.0,0.0,0.0,-14.50656860769926,Spring,LOAD_PRIORITY
373.0,small_family,20.897079819235238,6.5,6.0,0.5,0.0,-14.397079819235238,Spring,LOAD_PRIORITY
374.0,apartment,16.042459566870285,3.6399999999999997,3.6399999999999997,0.0,1.9080707025954284,-12.402459566870284,Spring,LOAD_PRIORITY
374.0,family_house,27.148777728549717,10.08,10.08,0.0,0.0,-17.06877772854972,Spring,LOAD_PRIORITY
374.0,luxury_house,34.552989836335996,18.0,18.0,0.0,0.0,-16.552989836336,Spring,LOAD_PRIORITY
374.0,small_family,22.212636323358858,6.5,6.0,0.5,1.010073213229262,-15.712636323358858,Spring,LOAD_PRIORITY
375.0,apartment,16.229653586776685,3.6399999999999997,3.6399999999999997,0.0,1.9368697825810286,-12.589653586776686,Spring,LOAD_PRIORITY
375.0,family_house,27.465567608391318,10.08,10.08,0.0,0.0,-17.38556760839132,Spring,LOAD_PRIORITY
375.0,luxury_house,34.95617695613441,18.0,18.0,0.0,0.0,-16.956176956134406,Spring,LOAD_PRIORITY
375.0,small_family,22.47182804322926,6.5,6.0,0.5,2.1871954673541816,-15.971828043229259,Spring,LOAD_PRIORITY
376.0,apartment,12.369020129134398,3.6399999999999997,3.6399999999999997,0.0,1.8169795121106553,-8.729020129134398,Spring,LOAD_PRIORITY
376.0,family_house,20.932187910842828,10.08,10.08,0.0,0.0,-10.852187910842828,Spring,LOAD_PRIORITY
376.0,luxury_house,26.640966431981777,18.0,18.0,0.0,0.0,-8.640966431981777,Spring,LOAD_PRIORITY
376.0,small_family,17.12633556341686,6.5,6.0,0.5,7.370427115318075,-10.626335563416859,Spring,LOAD_PRIORITY
377.0,apartment,9.061611247963022,3.6399999999999997,3.6399999999999997,0.0,1.4324499558055253,-5.421611247963022,Spring,LOAD_PRIORITY
377.0,family_house,15.335034419629729,10.08,10.08,0.0,0.0,-5.25503441962973,Spring,LOAD_PRIORITY
377.0,luxury_house,19.5173165340742,18.0,18.0,0.0,0.0,-1.5173165340742019,Spring,LOAD_PRIORITY
377.0,small_family,12.546846343333414,6.5,6.0,0.5,6.5468463433334145,-6.0468463433334145,Spring,LOAD_PRIORITY
378.0,apartment,7.383711097704701,28.11634985070782,28.11634985070782,0.0,0.0,20.73263875300312,Spring,LOAD_PRIORITY
378.0,family_house,12.49551108842334,27.30409458664156,27.30409458664156,0.0,0.0,14.808583498218223,Spring,LOAD_PRIORITY
378.0,luxury_house,15.903377748902432,33.44892374898469,33.44892374898469,0.0,0.0,17.545546000082258,Spring,LOAD_PRIORITY
378.0,small_family,10.223599981437278,27.15263728078552,24.583851977635824,2.5687853031496974,0.0,16.929037299348245,Spring,LOAD_PRIORITY
379.0,apartment,0.0,28.026306794611127,28.026306794611127,0.0,0.0,28.026306794611127,Spring,LOAD_PRIORITY
379.0,family_house,0.0,32.43759997595511,32.43759997595511,0.0,0.0,32.43759997595511,Spring,LOAD_PRIORITY
379.0,luxury_house,0.0,41.1330503589826,41.1330503589826,0.0,0.0,41.1330503589826,Spring,LOAD_PRIORITY
379.0,small_family,0.0,32.99386868175536,30.765171296425265,2.2286973853300944,0.0,32.99386868175536,Spring,LOAD_PRIORITY
380.0,apartment,0.0,21.97506653316832,21.845681263649684,0.1293852695186346,0.0,21.97506653316832,Spring,LOAD_PRIORITY
380.0,family_house,0.0,31.730362198556872,31.730362198556872,0.0,0.0,31.730362198556872,Spring,LOAD_PRIORITY
380.0,luxury_house,0.0,40.85317602811361,35.121542959837285,5.731633068276321,0.0,40.85317602811361,Spring,LOAD_PRIORITY
380.0,small_family,0.0,25.601243985051504,22.37827705861022,3.2229669264412832,0.0,25.601243985051504,Spring,LOAD_PRIORITY
381.0,apartment,0.0,30.715807168450286,19.844732050274427,10.871075118175861,0.0,30.715807168450286,Spring,LOAD_PRIORITY
381.0,family_house,0.0,31.04609624153096,29.088557410844004,1.9575388306869574,0.0,31.04609624153096,Spring,LOAD_PRIORITY
381.0,luxury_house,0.0,39.213655786164736,6.643933703268764,32.56972208289597,0.0,39.213655786164736,Spring,LOAD_PRIORITY
381.0,small_family,0.0,20.779137169413435,18.493443561734694,2.2856936076787404,0.0,20.779137169413435,Spring,LOAD_PRIORITY
382.0,apartment,1.8309563973880763,3.6399999999999997,2.657074959001923,0.9829250409980765,0.0,1.8090436026119234,Spring,LOAD_PRIORITY
382.0,family_house,3.098541595579822,10.08,7.800142268763071,2.2798577312369277,0.0,6.981458404420177,Spring,LOAD_PRIORITY
382.0,luxury_house,3.9435983943743183,18.0,3.9435983943743183,14.05640160562568,0.0,14.05640160562568,Spring,LOAD_PRIORITY
382.0,small_family,2.5351703963834904,6.5,6.0,0.5,0.0,3.9648296036165096,Spring,LOAD_PRIORITY
383.0,apartment,4.612041609728649,3.6399999999999997,3.6399999999999997,0.0,0.0,-0.9720416097286497,Spring,LOAD_PRIORITY
383.0,family_house,7.804993493386945,10.08,8.942496746693472,1.1375032533065275,0.0,2.275006506613055,Spring,LOAD_PRIORITY
383.0,luxury_house,9.933628082492476,18.0,9.933628082492476,8.066371917507524,0.0,8.066371917507524,Spring,LOAD_PRIORITY
383.0,small_family,6.3859037673165915,6.5,6.0,0.5,0.0,0.11409623268340852,Spring,LOAD_PRIORITY
384.0,apartment,0.0,3.6399999999999997,1.9383615069266367,1.701638493073363,0.0,3.6399999999999997,Spring,LOAD_PRIORITY
384.0,family_house,0.0,10.08,4.2045057672179,5.8754942327821,0.0,10.08,Spring,LOAD_PRIORITY
384.0,luxury_house,0.0,18.0,0.0,18.0,0.0,18.0,Spring,LOAD_PRIORITY
384.0,small_family,0.0,6.5,5.591745599067824,0.9082544009321754,0.0,6.5,Spring,LOAD_PRIORITY
385.0,apartment,2.1891797413056766,3.6399999999999997,2.7471875331111857,0.8928124668888142,0.0,1.450820258694323,Spring,LOAD_PRIORITY
385.0,family_house,3.70476571605576,10.08,6.148001813627376,3.9319981863726237,0.0,6.3752342839442395,Spring,LOAD_PRIORITY
385.0,luxury_house,4.715156365889149,18.0,4.715156365889149,13.28484363411085,0.0,13.28484363411085,Spring,LOAD_PRIORITY
385.0,small_family,3.283769611958515,6.5,5.9027041248192935,0.5972958751807065,0.0,3.216230388041485,Spring,LOAD_PRIORITY
386.0,apartment,2.3392447094412714,3.6399999999999997,2.839535205810013,0.8004647941899867,0.0,1.3007552905587285,Spring,LOAD_PRIORITY
386.0,family_house,3.958721815977536,10.08,5.729047255058803,4.350952744941198,0.0,6.121278184022464,Spring,LOAD_PRIORITY
386.0,luxury_house,5.038373220335046,18.0,5.038373220335046,12.961626779664956,0.0,12.961626779664956,Spring,LOAD_PRIORITY
386.0,small_family,3.508867064161907,6.5,5.809738553268132,0.6902614467318676,0.0,2.991132935838093,Spring,LOAD_PRIORITY
387.0,apartment,1.853737497331303,3.6399999999999997,2.5407615368192635,1.0992384631807364,0.0,1.7862625026686967,Spring,LOAD_PRIORITY
387.0,family_house,3.1370942262529744,10.08,4.491666425737488,5.588333574262512,0.0,6.942905773747025,Spring,LOAD_PRIORITY
387.0,luxury_house,3.9926653788674216,18.0,3.9926653788674216,14.007334621132578,0.0,14.007334621132578,Spring,LOAD_PRIORITY
387.0,small_family,2.7806062459969545,6.5,5.375859058444641,1.1241409415553587,0.0,3.719393754003045,Spring,LOAD_PRIORITY
388.0,apartment,2.5633370541539047,3.6399999999999997,2.9774381871716336,0.6625618128283661,0.0,1.076662945846095,Spring,LOAD_PRIORITY
388.0,family_house,4.3379550147219925,10.08,4.7334856225048645,5.346514377495135,0.0,5.742044985278007,Spring,LOAD_PRIORITY
388.0,luxury_house,5.521033655100718,18.0,5.521033655100718,12.478966344899282,0.0,12.478966344899282,Spring,LOAD_PRIORITY
388.0,small_family,3.845005581230857,6.5,5.478848300473406,1.0211516995265935,0.0,2.654994418769143,Spring,LOAD_PRIORITY
389.0,apartment,2.166053144303956,3.6399999999999997,2.732955781110127,0.9070442188898729,0.0,1.4739468556960433,Spring,LOAD_PRIORITY
389.0,family_house,3.6656283980528483,10.08,3.6656283980528483,6.414371601947152,0.0,6.414371601947152,Spring,LOAD_PRIORITY
389.0,luxury_house,4.665345233885444,18.0,4.665345233885444,13.334654766114557,0.0,13.334654766114557,Spring,LOAD_PRIORITY
389.0,small_family,3.249079716455934,6.5,5.249646044790744,1.250353955209256,0.0,3.250920283544066,Spring,LOAD_PRIORITY
390.0,apartment,11.015786270015337,3.6399999999999997,3.6399999999999997,0.0,0.0,-7.375786270015338,Spring,LOAD_PRIORITY
390.0,family_house,18.642099841564416,10.08,10.08,0.0,0.0,-8.562099841564415,Spring,LOAD_PRIORITY
390.0,luxury_house,23.726308889263798,18.0,18.0,0.0,0.0,-5.7263088892638,Spring,LOAD_PRIORITY
390.0,small_family,16.523679405023007,6.5,6.5,0.0,0.0,-10.023679405023005,Spring,LOAD_PRIORITY
391.0,apartment,11.75845539471747,3.6399999999999997,3.6399999999999997,0.0,0.0,-8.11845539471747,Spring,LOAD_PRIORITY
391.0,family_house,19.898924514137256,10.08,10.08,0.0,0.0,-9.818924514137258,Spring,LOAD_PRIORITY
391.0,luxury_house,25.32590392708378,18.0,18.0,0.0,0.0,-7.325903927083781,Spring,LOAD_PRIORITY
391.0,small_family,17.637683092076205,6.5,6.5,0.0,0.0,-11.137683092076207,Spring,LOAD_PRIORITY
392.0,apartment,12.372097643927148,3.6399999999999997,3.6399999999999997,0.0,0.0,-8.732097643927148,Spring,LOAD_PRIORITY
392.0,family_house,20.937396012799788,10.08,10.08,0.0,0.0,-10.857396012799787,Spring,LOAD_PRIORITY
392.0,luxury_house,26.647594925381547,18.0,18.0,0.0,0.0,-8.647594925381545,Spring,LOAD_PRIORITY
392.0,small_family,18.558146465890722,6.5,6.5,0.0,0.0,-12.058146465890722,Spring,LOAD_PRIORITY
393.0,apartment,12.800765407922148,3.6399999999999997,3.6399999999999997,0.0,0.0,-9.160765407922149,Spring,LOAD_PRIORITY
393.0,family_house,21.662833767252867,10.08,10.08,0.0,0.0,-11.582833767252868,Spring,LOAD_PRIORITY
393.0,luxury_house,27.570879340140014,18.0,18.0,0.0,0.0,-9.570879340140014,Spring,LOAD_PRIORITY
393.0,small_family,19.20114811188322,6.5,6.5,0.0,0.0,-12.701148111883223,Spring,LOAD_PRIORITY
394.0,apartment,13.59771101919864,3.6399999999999997,3.6399999999999997,0.0,0.0,-9.957711019198639,Spring,LOAD_PRIORITY
394.0,family_house,23.011510955566926,10.08,10.08,0.0,0.0,-12.931510955566926,Spring,LOAD_PRIORITY
394.0,luxury_house,29.287377579812453,18.0,18.0,0.0,0.0,-11.287377579812453,Spring,LOAD_PRIORITY
394.0,small_family,20.39656652879796,6.5,6.5,0.0,0.0,-13.896566528797957,Spring,LOAD_PRIORITY
395.0,apartment,14.43160563260659,3.6399999999999997,3.6399999999999997,0.0,0.0,-10.79160563260659,Spring,LOAD_PRIORITY
395.0,family_house,24.42271722441116,10.08,10.08,0.0,0.0,-14.342717224411158,Spring,LOAD_PRIORITY
395.0,luxury_house,31.083458285614196,18.0,18.0,0.0,0.0,-13.083458285614196,Spring,LOAD_PRIORITY
395.0,small_family,21.64740844890989,6.5,6.5,0.0,0.0,-15.147408448909887,Spring,LOAD_PRIORITY
396.0,apartment,15.326306378740725,3.6399999999999997,3.6399999999999997,0.0,0.0,-11.686306378740724,Spring,LOAD_PRIORITY
396.0,family_house,25.936826179407376,10.08,10.08,0.0,0.0,-15.85682617940738,Spring,LOAD_PRIORITY
396.0,luxury_house,33.010506046518486,18.0,18.0,0.0,0.0,-15.010506046518483,Spring,LOAD_PRIORITY
396.0,small_family,22.989459568111087,6.5,6.5,0.0,0.5286385778921737,-16.489459568111087,Spring,LOAD_PRIORITY
397.0,apartment,16.16837092479065,3.6399999999999997,3.6399999999999997,0.0,0.0,-12.52837092479065,Spring,LOAD_PRIORITY
397.0,family_house,27.36185848810726,10.08,10.08,0.0,0.0,-17.28185848810726,Spring,LOAD_PRIORITY
397.0,luxury_house,34.82418353031832,18.0,18.0,0.0,0.0,-16.824183530318326,Spring,LOAD_PRIORITY
397.0,small_family,24.252556387185976,6.5,6.5,0.0,1.3655812605527675,-17.752556387185976,Spring,LOAD_PRIORITY
398.0,apartment,16.344338969410096,3.6399999999999997,3.6399999999999997,0.0,0.0,-12.704338969410095,Spring,LOAD_PRIORITY
398.0,family_house,27.659650563617085,10.08,10.08,0.0,0.0,-17.579650563617086,Spring,LOAD_PRIORITY
398.0,luxury_house,35.20319162642174,18.0,18.0,0.0,0.0,-17.203191626421745,Spring,LOAD_PRIORITY
398.0,small_family,24.51650845411514,6.5,6.5,0.0,2.131068810812706,-18.01650845411514,Spring,LOAD_PRIORITY
399.0,apartment,16.93993044700809,3.6399999999999997,3.6399999999999997,0.0,1.322410101906455,-13.299930447008093,Spring,LOAD_PRIORITY
399.0,family_house,28.66757460262908,10.08,10.08,0.0,0.0,-18.587574602629083,Spring,LOAD_PRIORITY
399.0,luxury_house,36.48600403970974,18.0,18.0,0.0,0.0,-18.486004039709737,Spring,LOAD_PRIORITY
399.0,small_family,25.40989567051214,6.5,6.5,0.0,13.949200630397316,-18.90989567051214,Spring,LOAD_PRIORITY
400.0,apartment,13.361832682398857,3.6399999999999997,3.6399999999999997,0.0,6.4785973198345905,-9.721832682398857,Spring,LOAD_PRIORITY
400.0,family_house,22.61233223175191,10.08,10.08,0.0,0.0,-12.532332231751912,Spring,LOAD_PRIORITY
400.0,luxury_house,28.779331931320613,18.0,18.0,0.0,0.0,-10.77933193132061,Spring,LOAD_PRIORITY
400.0,small_family,20.042749023598287,6.5,6.5,0.0,13.542749023598285,-13.542749023598285,Spring,LOAD_PRIORITY
401.0,apartment,10.321902158418379,3.6399999999999997,3.6399999999999997,0.0,6.68190215841838,-6.68190215841838,Spring,LOAD_PRIORITY
401.0,family_house,17.467834421938793,10.08,10.08,0.0,0.0,-7.387834421938795,Spring,LOAD_PRIORITY
401.0,luxury_house,22.231789264285737,18.0,18.0,0.0,0.0,-4.231789264285737,Spring,LOAD_PRIORITY
401.0,small_family,15.48285323762757,6.5,6.5,0.0,8.98285323762757,-8.98285323762757,Spring,LOAD_PRIORITY
402.0,apartment,8.814508124111766,24.767596089105567,24.76759608910557,0.0,0.15484937623528905,15.9530879649938,Spring,LOAD_PRIORITY
402.0,family_house,14.916859902342988,29.733919726644068,29.733919726644068,0.0,0.0,14.81705982430108,Spring,LOAD_PRIORITY
402.0,luxury_house,18.985094421163804,41.91015030168109,41.91015030168109,0.0,0.0,22.925055880517288,Spring,LOAD_PRIORITY
402.0,small_family,13.221762186167648,22.380623984893393,22.380623984893397,0.0,1.4575077919144848,9.158861798725745,Spring,LOAD_PRIORITY
403.0,apartment,0.0,19.366600433356375,19.366600433356375,0.0,0.0,19.366600433356375,Spring,LOAD_PRIORITY
403.0,family_house,0.0,29.55818561859569,29.55818561859569,0.0,0.0,29.55818561859569,Spring,LOAD_PRIORITY
403.0,luxury_house,0.0,35.58607612942889,35.58607612942889,0.0,0.0,35.58607612942889,Spring,LOAD_PRIORITY
403.0,small_family,0.0,17.868426530255178,17.868426530255178,0.0,0.0,17.868426530255178,Spring,LOAD_PRIORITY
404.0,apartment,0.03271694366668676,24.52750029626492,24.52750029626492,0.0,0.0,24.49478335259823,Spring,LOAD_PRIORITY
404.0,family_house,0.055367135435931435,24.822767560545504,24.822767560545504,0.0,0.0,24.76740042510957,Spring,LOAD_PRIORITY
404.0,luxury_house,0.07046726328209454,34.95670671694456,34.84369968431111,0.11300703263344714,0.0,34.88623945366246,Spring,LOAD_PRIORITY
404.0,small_family,0.04907541550003014,24.093396588216358,24.093396588216358,0.0,0.0,24.04432117271633,Spring,LOAD_PRIORITY
405.0,apartment,0.7992990019705108,17.5252846741716,15.769677374246248,1.7556072999253516,0.0,16.725985672201087,Spring,LOAD_PRIORITY
405.0,family_house,1.3526598494885567,25.49148744770023,25.49148744770023,0.0,0.0,24.138827598211673,Spring,LOAD_PRIORITY
405.0,luxury_house,1.7215670811672539,33.710621191086865,25.02157113887153,8.689050052215341,0.0,31.989054109919614,Spring,LOAD_PRIORITY
405.0,small_family,1.1989485029557663,24.14052460220057,24.14052460220057,0.0,0.0,22.941576099244802,Spring,LOAD_PRIORITY
406.0,apartment,1.095041245786243,3.6399999999999997,3.169696924769424,0.47030307523057546,0.0,2.5449587542137566,Spring,LOAD_PRIORITY
406.0,family_house,1.8531467236382575,10.08,10.08,0.0,0.0,8.226853276361743,Spring,LOAD_PRIORITY
406.0,luxury_house,2.3585503755396005,18.0,6.856332355373289,11.14366764462671,0.0,15.6414496244604,Spring,LOAD_PRIORITY
406.0,small_family,1.6425618686793646,6.5,6.5,0.0,0.0,4.857438131320635,Spring,LOAD_PRIORITY
407.0,apartment,4.068024144525467,3.6399999999999997,3.6399999999999997,0.0,0.0,-0.4280241445254668,Spring,LOAD_PRIORITY
407.0,family_house,6.884348552273866,10.08,10.08,0.0,0.0,3.1956514477261337,Spring,LOAD_PRIORITY
407.0,luxury_house,8.761898157439465,18.0,10.301581797866222,7.698418202133778,0.0,9.238101842560535,Spring,LOAD_PRIORITY
407.0,small_family,6.1020362167882,6.5,6.5,0.0,0.0,0.39796378321180004,Spring,LOAD_PRIORITY
408.0,apartment,0.0,3.6399999999999997,2.8301916648523804,0.8098083351476195,0.0,3.6399999999999997,Spring,LOAD_PRIORITY
408.0,family_house,0.0,10.08,8.756212205982349,1.323787794017651,0.0,10.08,Spring,LOAD_PRIORITY
408.0,luxury_house,0.0,18.0,1.7370423383434546,16.262957661656547,0.0,18.0,Spring,LOAD_PRIORITY
408.0,small_family,0.0,6.5,6.373960477370112,0.12603952262988843,0.0,6.5,Spring,LOAD_PRIORITY
409.0,apartment,2.577692318268015,3.6399999999999997,3.3131360979286195,0.32686390207137994,0.0,1.0623076817319848,Spring,LOAD_PRIORITY
409.0,family_house,4.36224853860741,10.08,8.650562134651853,1.4294378653481474,0.0,5.71775146139259,Spring,LOAD_PRIORITY
409.0,luxury_house,5.55195268550034,18.0,5.55195268550034,12.44804731449966,0.0,12.44804731449966,Spring,LOAD_PRIORITY
409.0,small_family,3.866538477402022,6.5,6.297426036723232,0.20257396327676752,0.0,2.633461522597978,Spring,LOAD_PRIORITY
410.0,apartment,2.577560190388149,3.6399999999999997,3.313095443196353,0.3269045568036464,0.0,1.0624398096118508,Spring,LOAD_PRIORITY
410.0,family_house,4.362024937579944,10.08,8.272129971072156,1.8078700289278435,0.0,5.717975062420056,Spring,LOAD_PRIORITY
410.0,luxury_house,5.5516681023744745,18.0,5.5516681023744745,12.448331897625525,0.0,12.448331897625525,Spring,LOAD_PRIORITY
410.0,small_family,3.8663402855822233,6.5,6.297410791198633,0.20258920880136744,0.0,2.6336597144177767,Spring,LOAD_PRIORITY
411.0,apartment,3.049493805816733,3.6399999999999997,3.4583057864051483,0.18169421359485127,0.0,0.5905061941832667,Spring,LOAD_PRIORITY
411.0,family_house,5.160681825228318,10.08,8.440227275076106,1.639772724923894,0.0,4.919318174771682,Spring,LOAD_PRIORITY
411.0,luxury_house,6.568140504836041,18.0,6.568140504836041,11.431859495163959,0.0,11.431859495163959,Spring,LOAD_PRIORITY
411.0,small_family,4.5742407087251,6.5,6.35186466990193,0.14813533009806928,0.0,1.9257592912749006,Spring,LOAD_PRIORITY
412.0,apartment,3.3563748737465064,3.6399999999999997,3.5527307303835403,0.08726926961645942,0.0,0.2836251262534931,Spring,LOAD_PRIORITY
412.0,family_house,5.680019017109473,10.08,8.325681176043137,1.7543188239568623,0.0,4.3999809828905265,Spring,LOAD_PRIORITY
412.0,luxury_house,7.2291151126847835,18.0,7.2291151126847835,10.770884887315216,0.0,10.770884887315216,Spring,LOAD_PRIORITY
412.0,small_family,5.03456231061976,6.5,6.387274023893828,0.1127259761061723,0.0,1.4654376893802399,Spring,LOAD_PRIORITY
413.0,apartment,3.398767437360266,3.6399999999999997,3.5657745961108507,0.07422540388914878,0.0,0.24123256263973353,Spring,LOAD_PRIORITY
413.0,family_house,5.751760278609681,10.08,7.91588013930484,2.164119860695159,0.0,4.328239721390318,Spring,LOAD_PRIORITY
413.0,luxury_house,7.320422172775958,18.0,7.320422172775958,10.679577827224042,0.0,10.679577827224042,Spring,LOAD_PRIORITY
413.0,small_family,5.098151156040399,6.5,6.392165473541569,0.10783452645843083,0.0,1.4018488439596009,Spring,LOAD_PRIORITY
414.0,apartment,12.396150809113204,3.6399999999999997,3.6399999999999997,0.0,0.0,-8.756150809113205,Spring,LOAD_PRIORITY
414.0,family_house,20.978101369268497,10.08,10.08,0.0,0.0,-10.898101369268497,Spring,LOAD_PRIORITY
414.0,luxury_house,26.69940174270536,18.0,18.0,0.0,0.0,-8.699401742705358,Spring,LOAD_PRIORITY
414.0,small_family,18.594226213669806,6.5,6.5,0.0,0.0,-12.094226213669804,Spring,LOAD_PRIORITY
415.0,apartment,11.81224831788246,3.6399999999999997,3.6399999999999997,0.0,0.0,-8.17224831788246,Spring,LOAD_PRIORITY
415.0,family_house,19.98995869180109,10.08,10.08,0.0,0.0,-9.90995869180109,Spring,LOAD_PRIORITY
415.0,luxury_house,25.441765607746838,18.0,18.0,0.0,0.0,-7.44176560774684,Spring,LOAD_PRIORITY
415.0,small_family,17.718372476823692,6.5,6.5,0.0,0.0,-11.218372476823692,Spring,LOAD_PRIORITY
416.0,apartment,12.554904809543535,3.6399999999999997,3.6399999999999997,0.0,0.0,-8.914904809543534,Spring,LOAD_PRIORITY
416.0,family_house,21.246761985381365,10.08,10.08,0.0,0.0,-11.166761985381365,Spring,LOAD_PRIORITY
416.0,luxury_house,27.04133343593992,18.0,18.0,0.0,0.0,-9.041333435939917,Spring,LOAD_PRIORITY
416.0,small_family,18.8323572143153,6.5,6.5,0.0,0.0,-12.332357214315302,Spring,LOAD_PRIORITY
417.0,apartment,13.6779402369988,3.6399999999999997,3.6399999999999997,0.0,0.0,-10.037940236998802,Spring,LOAD_PRIORITY
417.0,family_house,23.147283477997973,10.08,10.08,0.0,0.0,-13.067283477997975,Spring,LOAD_PRIORITY
417.0,luxury_house,29.460178971997422,18.0,18.0,0.0,0.0,-11.46017897199742,Spring,LOAD_PRIORITY
417.0,small_family,20.516910355498204,6.5,6.5,0.0,0.0,-14.016910355498204,Spring,LOAD_PRIORITY
418.0,apartment,13.816728758527319,3.6399999999999997,3.6399999999999997,0.0,0.0,-10.176728758527318,Spring,LOAD_PRIORITY
418.0,family_house,23.38215636058469,10.08,10.08,0.0,0.0,-13.302156360584691,Spring,LOAD_PRIORITY
418.0,luxury_house,29.75910809528961,18.0,18.0,0.0,0.0,-11.759108095289609,Spring,LOAD_PRIORITY
418.0,small_family,20.725093137790974,6.5,6.5,0.0,0.0,-14.225093137790976,Spring,LOAD_PRIORITY
419.0,apartment,14.470789883198446,3.6399999999999997,3.6399999999999997,0.0,0.0,-10.830789883198445,Spring,LOAD_PRIORITY
419.0,family_house,24.489029033105062,10.08,10.08,0.0,0.0,-14.409029033105064,Spring,LOAD_PRIORITY
419.0,luxury_house,31.167855133042806,18.0,18.0,0.0,0.0,-13.167855133042806,Spring,LOAD_PRIORITY
419.0,small_family,21.706184824797667,6.5,6.5,0.0,0.0,-15.206184824797669,Spring,LOAD_PRIORITY
420.0,apartment,14.4585088398397,3.6399999999999997,3.6399999999999997,0.0,0.8186573009294864,-10.818508839839701,Spring,LOAD_PRIORITY
420.0,family_house,24.46824572895949,10.08,10.08,0.0,0.0,-14.388245728959493,Spring,LOAD_PRIORITY
420.0,luxury_house,31.141403655039355,18.0,18.0,0.0,0.0,-13.141403655039355,Spring,LOAD_PRIORITY
420.0,small_family,21.68776325975955,6.5,6.5,0.0,2.909263646596294,-15.18776325975955,Spring,LOAD_PRIORITY
421.0,apartment,15.00182917628897,3.6399999999999997,3.6399999999999997,0.0,2.228565746428923,-11.36182917628897,Spring,LOAD_PRIORITY
421.0,family_house,25.387710913719793,10.08,10.08,0.0,0.0,-15.307710913719793,Spring,LOAD_PRIORITY
421.0,luxury_house,32.311632072007015,18.0,18.0,0.0,0.0,-14.311632072007011,Spring,LOAD_PRIORITY
421.0,small_family,22.502743764433454,6.5,6.5,0.0,6.610999278596362,-16.002743764433454,Spring,LOAD_PRIORITY
422.0,apartment,16.411080229484277,3.6399999999999997,3.6399999999999997,0.0,5.773930042320844,-12.771080229484276,Spring,LOAD_PRIORITY
422.0,family_house,27.772597311434932,10.08,10.08,0.0,0.9007804256114558,-17.692597311434934,Spring,LOAD_PRIORITY
422.0,luxury_house,35.34694203273536,18.0,18.0,0.0,0.0,-17.346942032735363,Spring,LOAD_PRIORITY
422.0,small_family,24.616620344226416,6.5,6.5,0.0,12.854551622495231,-18.116620344226416,Spring,LOAD_PRIORITY
423.0,apartment,17.14420352060681,3.6399999999999997,3.6399999999999997,0.0,7.07242751525278,-13.50420352060681,Spring,LOAD_PRIORITY
423.0,family_house,29.013267496411526,10.08,10.08,0.0,1.5777722913676273,-18.933267496411528,Spring,LOAD_PRIORITY
423.0,luxury_house,36.92597681361467,18.0,18.0,0.0,0.0,-18.925976813614668,Spring,LOAD_PRIORITY
423.0,small_family,25.716305280910216,6.5,6.5,0.0,18.145802500483207,-19.216305280910216,Spring,LOAD_PRIORITY
424.0,apartment,12.960411360376842,3.6399999999999997,3.6399999999999997,0.0,7.990682957298414,-9.320411360376841,Spring,LOAD_PRIORITY
424.0,family_house,21.93300384063773,10.08,10.08,0.0,2.8265928922048635,-11.853003840637731,Spring,LOAD_PRIORITY
424.0,luxury_house,27.914732160811656,18.0,18.0,0.0,0.0,-9.914732160811656,Spring,LOAD_PRIORITY
424.0,small_family,19.44061704056526,6.5,6.5,0.0,12.940617040565263,-12.940617040565263,Spring,LOAD_PRIORITY
425.0,apartment,8.171368230273476,3.6399999999999997,3.6399999999999997,0.0,4.531368230273477,-4.531368230273477,Spring,LOAD_PRIORITY
425.0,family_house,13.828469312770498,10.08,10.08,0.0,1.2494897709234993,-3.748469312770498,Spring,LOAD_PRIORITY
425.0,luxury_house,17.599870034435178,18.0,18.0,0.0,0.0,0.4001299655648207,Spring,LOAD_PRIORITY
425.0,small_family,12.257052345410216,6.5,6.5,0.0,5.757052345410216,-5.757052345410216,Spring,LOAD_PRIORITY
426.0,apartment,5.892488554157272,23.75157240764017,23.75157240764017,0.0,0.15585226808450797,17.8590838534829,Spring,LOAD_PRIORITY
426.0,family_house,9.971903707035382,29.715185483035818,29.715185483035818,0.0,0.0,19.743281776000433,Spring,LOAD_PRIORITY
426.0,luxury_house,12.691513808954124,33.32687730113131,33.32687730113131,0.0,0.0,20.635363492177184,Spring,LOAD_PRIORITY
426.0,small_family,8.838732831235907,29.14745706411154,29.14745706411154,0.0,0.12309042295984751,20.30872423287563,Spring,LOAD_PRIORITY
427.0,apartment,0.0,25.16395688392579,25.16395688392579,0.0,0.0,25.16395688392579,Spring,LOAD_PRIORITY
427.0,family_house,0.0,29.084264808942276,29.084264808942276,0.0,0.0,29.084264808942276,Spring,LOAD_PRIORITY
427.0,luxury_house,0.0,34.764887967395,34.764887967395,0.0,0.0,34.764887967395,Spring,LOAD_PRIORITY
427.0,small_family,0.0,28.158688244689355,28.158688244689355,0.0,0.0,28.158688244689355,Spring,LOAD_PRIORITY
428.0,apartment,0.0,21.946187447264325,21.946187447264325,0.0,0.0,21.946187447264325,Spring,LOAD_PRIORITY
428.0,family_house,0.0,27.560760928469552,27.560760928469552,0.0,0.0,27.560760928469552,Spring,LOAD_PRIORITY
428.0,luxury_house,0.0,36.04349037523302,36.04349037523302,0.0,0.0,36.04349037523302,Spring,LOAD_PRIORITY
428.0,small_family,0.0,25.636294722679303,25.636294722679303,0.0,0.0,25.636294722679303,Spring,LOAD_PRIORITY
429.0,apartment,0.0,20.39499537613746,18.007568630737023,2.387426745400436,0.0,20.39499537613746,Spring,LOAD_PRIORITY
429.0,family_house,0.0,29.93453915284787,29.93453915284787,0.0,0.0,29.93453915284787,Spring,LOAD_PRIORITY
429.0,luxury_house,0.0,33.46934748279294,26.471536371393483,6.997811111399462,0.0,33.46934748279294,Spring,LOAD_PRIORITY
429.0,small_family,0.0,21.12141428899766,21.12141428899766,0.0,0.0,21.12141428899766,Spring,LOAD_PRIORITY
430.0,apartment,1.5757304532896057,3.6399999999999997,3.1572217967237375,0.4827782032762622,0.0,2.0642695467103938,Spring,LOAD_PRIORITY
430.0,family_house,2.6666207671054862,10.08,9.490303755096,0.5896962449039992,0.0,7.413379232894513,Spring,LOAD_PRIORITY
430.0,luxury_house,3.3938809763160735,18.0,6.611477878666481,11.38852212133352,0.0,14.606119023683926,Spring,LOAD_PRIORITY
430.0,small_family,2.3635956799344084,6.5,6.497207161502642,0.002792838497358341,0.0,4.1364043200655916,Spring,LOAD_PRIORITY
431.0,apartment,3.5460753853707243,3.6399999999999997,3.611100118575607,0.02889988142439237,0.0,0.0939246146292752,Spring,LOAD_PRIORITY
431.0,family_house,6.001050652165841,10.08,9.740087554347152,0.3399124456528466,0.0,4.078949347834159,Spring,LOAD_PRIORITY
431.0,luxury_house,7.637700830029252,18.0,7.793992504752311,10.206007495247688,0.0,10.362299169970747,Spring,LOAD_PRIORITY
431.0,small_family,5.319113078056086,6.5,6.371876198297066,0.1281238017029333,0.0,1.1808869219439142,Spring,LOAD_PRIORITY
432.0,apartment,0.0,3.6399999999999997,2.264324254579284,1.3756757454207156,0.0,3.6399999999999997,Spring,LOAD_PRIORITY
432.0,family_house,0.0,10.08,8.478356666224492,1.601643333775508,0.0,10.08,Spring,LOAD_PRIORITY
432.0,luxury_house,0.0,18.0,0.0,18.0,0.0,18.0,Spring,LOAD_PRIORITY
432.0,small_family,0.0,6.5,5.258986559907386,1.241013440092614,0.0,6.5,Spring,LOAD_PRIORITY
433.0,apartment,0.2985878584169015,3.6399999999999997,2.3548414840065,1.285158515993499,0.0,3.3414121415830977,Spring,LOAD_PRIORITY
433.0,family_house,0.5053025296286024,10.08,8.335363111718497,1.7446368882815038,0.0,9.574697470371397,Spring,LOAD_PRIORITY
433.0,luxury_house,0.6431123104364032,18.0,0.6431123104364032,17.356887689563596,0.0,17.356887689563596,Spring,LOAD_PRIORITY
433.0,small_family,0.4478817876253522,6.5,5.103357335605851,1.3966426643941494,0.0,6.052118212374648,Spring,LOAD_PRIORITY
434.0,apartment,0.28550122696912744,3.6399999999999997,2.3445283433974793,1.2954716566025204,0.0,3.3544987730308717,Spring,LOAD_PRIORITY
434.0,family_house,0.48315592256313883,10.08,6.167220913956644,3.9127790860433556,0.0,9.596844077436861,Spring,LOAD_PRIORITY
434.0,luxury_house,0.614925719625813,18.0,0.614925719625813,17.385074280374187,0.0,17.385074280374187,Spring,LOAD_PRIORITY
434.0,small_family,0.42825184045369125,6.5,4.286631432795173,2.2133685672048267,0.0,6.071748159546308,Spring,LOAD_PRIORITY
435.0,apartment,0.05415703475565303,3.6399999999999997,1.9849955545026088,1.655004445497391,0.0,3.5858429652443466,Spring,LOAD_PRIORITY
435.0,family_house,0.09165036650956666,10.08,2.755337968463973,7.324662031536027,0.0,9.988349633490433,Spring,LOAD_PRIORITY
435.0,luxury_house,0.11664592101217576,18.0,0.11664592101217576,17.883354078987825,0.0,17.883354078987825,Spring,LOAD_PRIORITY
435.0,small_family,0.08123555213347954,6.5,3.7984813749899033,2.701518625010097,0.0,6.41876444786652,Spring,LOAD_PRIORITY
436.0,apartment,0.09346096691993956,3.6399999999999997,1.7546368584260907,1.8853631415739087,0.0,3.5465390330800597,Spring,LOAD_PRIORITY
436.0,family_house,0.15816471324912848,10.08,1.811803927707607,8.268196072292394,0.0,9.921835286750872,Spring,LOAD_PRIORITY
436.0,luxury_house,0.20130054413525442,18.0,0.20130054413525442,17.798699455864746,0.0,17.798699455864746,Spring,LOAD_PRIORITY
436.0,small_family,0.14019145037990935,6.5,2.695832986537108,3.8041670134628918,0.0,6.35980854962009,Spring,LOAD_PRIORITY
437.0,apartment,1.6237142997765897,3.6399999999999997,2.554307699879702,1.0856923001202976,0.0,2.01628570022341,Spring,LOAD_PRIORITY
437.0,family_house,2.747824199621921,10.08,3.969853499684934,6.110146500315066,0.0,7.332175800378079,Spring,LOAD_PRIORITY
437.0,luxury_house,3.4972307995188086,18.0,3.4972307995188086,14.502769200481191,0.0,14.502769200481191,Spring,LOAD_PRIORITY
437.0,small_family,2.4355714496648844,6.5,3.5530612968064035,2.9469387031935965,0.0,4.064428550335116,Spring,LOAD_PRIORITY
438.0,apartment,10.442223609435496,3.6399999999999997,3.6399999999999997,0.0,0.0,-6.802223609435496,Spring,LOAD_PRIORITY
438.0,family_house,17.671455339044684,10.08,10.08,0.0,0.0,-7.5914553390446855,Spring,LOAD_PRIORITY
438.0,luxury_house,22.490943158784145,18.0,18.0,0.0,0.0,-4.4909431587841455,Spring,LOAD_PRIORITY
438.0,small_family,15.663335414153245,6.5,6.5,0.0,0.0,-9.163335414153245,Spring,LOAD_PRIORITY
439.0,apartment,10.66928590658042,3.6399999999999997,3.6399999999999997,0.0,0.0,-7.029285906580419,Spring,LOAD_PRIORITY
439.0,family_house,18.055714611136093,10.08,10.08,0.0,0.0,-7.975714611136093,Spring,LOAD_PRIORITY
439.0,luxury_house,22.98000041417321,18.0,18.0,0.0,0.0,-4.980000414173211,Spring,LOAD_PRIORITY
439.0,small_family,16.00392885987063,6.5,6.5,0.0,0.0,-9.50392885987063,Spring,LOAD_PRIORITY
440.0,apartment,10.957235134632315,3.6399999999999997,3.6399999999999997,0.0,0.0,-7.317235134632314,Spring,LOAD_PRIORITY
440.0,family_house,18.54301330476238,10.08,10.08,0.0,0.0,-8.46301330476238,Spring,LOAD_PRIORITY
440.0,luxury_house,23.600198751515755,18.0,18.0,0.0,0.0,-5.600198751515756,Spring,LOAD_PRIORITY
440.0,small_family,16.435852701948473,6.5,6.5,0.0,0.0,-9.935852701948473,Spring,LOAD_PRIORITY
441.0,apartment,11.614151755346516,3.6399999999999997,3.6399999999999997,0.0,0.0,-7.974151755346515,Spring,LOAD_PRIORITY
441.0,family_house,19.654718355201794,10.08,10.08,0.0,0.0,-9.574718355201794,Spring,LOAD_PRIORITY
441.0,luxury_house,25.015096088438646,18.0,18.0,0.0,0.0,-7.015096088438645,Spring,LOAD_PRIORITY
441.0,small_family,17.42122763301977,6.5,6.5,0.0,0.0,-10.921227633019774,Spring,LOAD_PRIORITY
442.0,apartment,12.361796937126945,3.6399999999999997,3.6399999999999997,0.0,0.0,-8.721796937126946,Spring,LOAD_PRIORITY
442.0,family_house,20.919964047445596,10.08,10.08,0.0,0.0,-10.839964047445598,Spring,LOAD_PRIORITY
442.0,luxury_house,26.62540878765803,18.0,18.0,0.0,0.0,-8.625408787658033,Spring,LOAD_PRIORITY
442.0,small_family,18.542695405690417,6.5,6.5,0.0,0.0,-12.042695405690418,Spring,LOAD_PRIORITY
443.0,apartment,13.249722238499558,3.6399999999999997,3.6399999999999997,0.0,0.0,-9.609722238499558,Spring,LOAD_PRIORITY
443.0,family_house,22.422606865153096,10.08,10.08,0.0,0.0,-12.342606865153098,Spring,LOAD_PRIORITY
443.0,luxury_house,28.53786328292212,18.0,18.0,0.0,0.0,-10.537863282922121,Spring,LOAD_PRIORITY
443.0,small_family,19.874583357749337,6.5,6.5,0.0,0.0,-13.374583357749337,Spring,LOAD_PRIORITY
444.0,apartment,14.292500694827677,3.6399999999999997,3.6399999999999997,0.0,0.0,-10.652500694827676,Spring,LOAD_PRIORITY
444.0,family_house,24.187308868169914,10.08,10.08,0.0,0.0,-14.107308868169916,Spring,LOAD_PRIORITY
444.0,luxury_house,30.783847650398073,18.0,18.0,0.0,0.0,-12.783847650398073,Spring,LOAD_PRIORITY
444.0,small_family,21.438751042241513,6.5,6.5,0.0,0.0,-14.938751042241515,Spring,LOAD_PRIORITY
445.0,apartment,15.373578177822841,3.6399999999999997,3.6399999999999997,0.0,0.0,-11.73357817782284,Spring,LOAD_PRIORITY
445.0,family_house,26.016824608623267,10.08,10.08,0.0,0.0,-15.93682460862327,Spring,LOAD_PRIORITY
445.0,luxury_house,33.11232222915689,18.0,18.0,0.0,0.0,-15.112322229156886,Spring,LOAD_PRIORITY
445.0,small_family,23.06036726673426,6.5,6.5,0.0,0.0,-16.56036726673426,Spring,LOAD_PRIORITY
446.0,apartment,16.437244336239445,3.6399999999999997,3.6399999999999997,0.0,0.0,-12.797244336239444,Spring,LOAD_PRIORITY
446.0,family_house,27.81687503055906,10.08,10.08,0.0,0.0,-17.736875030559062,Spring,LOAD_PRIORITY
446.0,luxury_house,35.403295493438804,18.0,18.0,0.0,0.0,-17.403295493438804,Spring,LOAD_PRIORITY
446.0,small_family,24.65586650435917,6.5,6.5,0.0,0.0,-18.15586650435917,Spring,LOAD_PRIORITY
447.0,apartment,16.507249288551602,3.6399999999999997,3.6399999999999997,0.0,0.0,-12.867249288551601,Spring,LOAD_PRIORITY
447.0,family_house,27.935344949856553,10.08,10.08,0.0,0.0,-17.855344949856555,Spring,LOAD_PRIORITY
447.0,luxury_house,35.554075390726524,18.0,18.0,0.0,0.0,-17.554075390726524,Spring,LOAD_PRIORITY
447.0,small_family,24.7608739328274,6.5,6.5,0.0,1.2152340724886581,-18.2608739328274,Spring,LOAD_PRIORITY
448.0,apartment,12.453801473904704,3.6399999999999997,3.6399999999999997,0.0,1.0655362932265375,-8.813801473904704,Spring,LOAD_PRIORITY
448.0,family_house,21.075664032761807,10.08,10.08,0.0,0.0,-10.995664032761807,Spring,LOAD_PRIORITY
448.0,luxury_house,26.82357240533321,18.0,18.0,0.0,0.0,-8.82357240533321,Spring,LOAD_PRIORITY
448.0,small_family,18.680702210857056,6.5,6.5,0.0,8.60316645652316,-12.180702210857056,Spring,LOAD_PRIORITY
449.0,apartment,7.292327237418269,3.6399999999999997,3.6399999999999997,0.0,1.4838276438440634,-3.6523272374182696,Spring,LOAD_PRIORITY
449.0,family_house,12.34086147870784,10.08,10.08,0.0,0.0,-2.2608614787078394,Spring,LOAD_PRIORITY
449.0,luxury_house,15.706550972900887,18.0,18.0,0.0,0.0,2.293449027099113,Spring,LOAD_PRIORITY
449.0,small_family,10.938490856127403,6.5,6.5,0.0,4.4384908561274035,-4.4384908561274035,Spring,LOAD_PRIORITY
450.0,apartment,7.049038323689238,26.971135875345897,26.971135875345897,0.0,0.0,19.92209755165666,Spring,LOAD_PRIORITY
450.0,family_house,11.929141778551019,31.122027446486427,31.122027446486427,0.0,0.0,19.192885667935407,Spring,LOAD_PRIORITY
450.0,luxury_house,15.182544081792205,36.9317876282654,36.9317876282654,0.0,0.0,21.749243546473192,Spring,LOAD_PRIORITY
450.0,small_family,10.573557485533858,28.950504356875378,28.95050435687538,0.0,0.010341926263410461,18.37694687134152,Spring,LOAD_PRIORITY
451.0,apartment,0.0,26.494711721703364,26.494711721703364,0.0,0.0,26.494711721703364,Spring,LOAD_PRIORITY
451.0,family_house,0.0,25.551098651886694,25.551098651886694,0.0,0.0,25.551098651886694,Spring,LOAD_PRIORITY
451.0,luxury_house,0.0,35.48293579202861,35.48293579202861,0.0,0.0,35.48293579202861,Spring,LOAD_PRIORITY
451.0,small_family,0.0,24.742106219902677,24.742106219902677,0.0,0.0,24.742106219902677,Spring,LOAD_PRIORITY
452.0,apartment,0.0,26.419418503171364,26.07171836696203,0.34770013620933593,0.0,26.419418503171364,Spring,LOAD_PRIORITY
452.0,family_house,0.0,28.316232950736715,28.316232950736715,0.0,0.0,28.316232950736715,Spring,LOAD_PRIORITY
452.0,luxury_house,0.0,34.713825498298824,31.740990067591937,2.9728354307068883,0.0,34.713825498298824,Spring,LOAD_PRIORITY
452.0,small_family,0.0,22.218736092908657,22.218736092908657,0.0,0.0,22.218736092908657,Spring,LOAD_PRIORITY
453.0,apartment,0.0,20.540231769311543,14.32430371165626,6.215928057655284,0.0,20.540231769311543,Spring,LOAD_PRIORITY
453.0,family_house,0.0,29.539136480398206,26.66703628988545,2.872100190512758,0.0,29.539136480398206,Spring,LOAD_PRIORITY
453.0,luxury_house,0.0,33.53077716573021,8.529851830511427,25.00092533521878,0.0,33.53077716573021,Spring,LOAD_PRIORITY
453.0,small_family,0.0,23.684082611589158,22.38253804811075,1.3015445634784084,0.0,23.684082611589158,Spring,LOAD_PRIORITY
454.0,apartment,0.5438778697817415,3.6399999999999997,2.173776808956211,1.4662231910437884,0.0,3.096122130218258,Spring,LOAD_PRIORITY
454.0,family_house,0.9204087027075625,10.08,7.026802900902521,3.053197099097479,0.0,9.159591297292437,Spring,LOAD_PRIORITY
454.0,luxury_house,1.1714292579914432,18.0,3.0089202815780456,14.991079718421954,0.0,16.82857074200856,Spring,LOAD_PRIORITY
454.0,small_family,0.8158168046726122,6.5,6.06275513882097,0.43724486117902983,0.0,5.684183195327388,Spring,LOAD_PRIORITY
455.0,apartment,3.4074340124845106,3.6399999999999997,3.5147721605685827,0.12522783943141713,0.0,0.23256598751548896,Spring,LOAD_PRIORITY
455.0,family_house,5.766426790358402,10.08,8.6421422634528,1.4378577365471992,0.0,4.313573209641597,Spring,LOAD_PRIORITY
455.0,luxury_house,7.33908864227433,18.0,7.33908864227433,10.66091135772567,0.0,10.66091135772567,Spring,LOAD_PRIORITY
455.0,small_family,5.1111510187267655,6.5,6.374897972816436,0.125102027183564,0.0,1.3888489812732343,Spring,LOAD_PRIORITY
456.0,apartment,0.0,3.6399999999999997,1.6799999999999997,1.9599999999999997,0.0,3.6399999999999997,Spring,LOAD_PRIORITY
456.0,family_house,0.0,10.08,5.3046242612051735,4.775375738794827,0.0,10.08,Spring,LOAD_PRIORITY
456.0,luxury_house,0.0,18.0,0.0,18.0,0.0,18.0,Spring,LOAD_PRIORITY
456.0,small_family,0.0,6.5,5.215617412928037,1.2843825870719634,0.0,6.5,Spring,LOAD_PRIORITY
457.0,apartment,1.070258438471714,3.6399999999999997,2.2562930053309227,1.383706994669077,0.0,2.5697415615282857,Spring,LOAD_PRIORITY
457.0,family_house,1.8112065881829003,10.08,4.47001173333842,5.60998826666158,0.0,8.2687934118171,Spring,LOAD_PRIORITY
457.0,luxury_house,2.3051720213236915,18.0,2.3051720213236915,15.69482797867631,0.0,15.69482797867631,Spring,LOAD_PRIORITY
457.0,small_family,1.6053876577075707,6.5,4.993965433140791,1.506034566859209,0.0,4.8946123422924295,Spring,LOAD_PRIORITY
458.0,apartment,1.9450951984873093,3.6399999999999997,2.53823792340828,1.1017620765917195,0.0,1.6949048015126904,Spring,LOAD_PRIORITY
458.0,family_house,3.2916995666708315,10.08,4.4371955297925,5.6428044702074995,0.0,6.788300433329168,Spring,LOAD_PRIORITY
458.0,luxury_house,4.189435812126512,18.0,4.189435812126512,13.810564187873487,0.0,13.810564187873487,Spring,LOAD_PRIORITY
458.0,small_family,2.9176427977309642,6.5,5.397736245455681,1.1022637545443188,0.0,3.582357202269036,Spring,LOAD_PRIORITY
459.0,apartment,2.250628408436607,3.6399999999999997,2.6781273596868815,0.9618726403131181,0.0,1.3893715915633928,Spring,LOAD_PRIORITY
459.0,family_house,3.808755768123489,10.08,4.853963140102907,5.226036859897092,0.0,6.27124423187651,Spring,LOAD_PRIORITY
459.0,luxury_house,4.847507341248076,18.0,4.847507341248076,13.152492658751923,0.0,13.152492658751923,Spring,LOAD_PRIORITY
459.0,small_family,3.37594261265491,6.5,5.32652913654009,1.1734708634599098,0.0,3.12405738734509,Spring,LOAD_PRIORITY
460.0,apartment,2.587387092640351,3.6399999999999997,2.9112679872125504,0.728732012787449,0.0,1.0526129073596486,Spring,LOAD_PRIORITY
460.0,family_house,4.378655079852901,10.08,5.328879233210751,4.751120766789248,0.0,5.701344920147099,Spring,LOAD_PRIORITY
460.0,luxury_house,5.572833737994602,18.0,5.572833737994602,12.427166262005397,0.0,12.427166262005397,Spring,LOAD_PRIORITY
460.0,small_family,3.8810806389605266,6.5,5.492723322677126,1.0072766773228745,0.0,2.6189193610394734,Spring,LOAD_PRIORITY
461.0,apartment,2.7899403090811687,3.6399999999999997,3.0514971370561934,0.588502862943806,0.0,0.8500596909188309,Spring,LOAD_PRIORITY
461.0,family_house,4.7214374461373625,10.08,5.614531205114469,4.465468794885531,0.0,5.358562553862637,Spring,LOAD_PRIORITY
461.0,luxury_house,6.009102204174825,18.0,6.009102204174825,11.990897795825175,0.0,11.990897795825175,Spring,LOAD_PRIORITY
461.0,small_family,4.184910463621753,6.5,5.609580947546828,0.8904190524531719,0.0,2.315089536378247,Spring,LOAD_PRIORITY
462.0,apartment,11.568124074106407,3.6399999999999997,3.6399999999999997,0.0,0.0,-7.9281240741064085,Spring,LOAD_PRIORITY
462.0,family_house,19.576825356180073,10.08,10.08,0.0,0.0,-9.496825356180075,Spring,LOAD_PRIORITY
462.0,luxury_house,24.91595954422919,18.0,18.0,0.0,0.0,-6.915959544229187,Spring,LOAD_PRIORITY
462.0,small_family,17.35218611115961,6.5,6.5,0.0,0.0,-10.852186111159611,Spring,LOAD_PRIORITY
463.0,apartment,11.655681999255028,3.6399999999999997,3.6399999999999997,0.0,0.0,-8.01568199925503,Spring,LOAD_PRIORITY
463.0,family_house,19.72500030643159,10.08,10.08,0.0,0.0,-9.64500030643159,Spring,LOAD_PRIORITY
463.0,luxury_house,25.104545844549293,18.0,18.0,0.0,0.0,-7.104545844549294,Spring,LOAD_PRIORITY
463.0,small_family,17.483522998882545,6.5,6.5,0.0,0.0,-10.983522998882545,Spring,LOAD_PRIORITY
464.0,apartment,11.65523745814906,3.6399999999999997,3.6399999999999997,0.0,0.0,-8.01523745814906,Spring,LOAD_PRIORITY
464.0,family_house,19.72424800609841,10.08,10.08,0.0,0.0,-9.64424800609841,Spring,LOAD_PRIORITY
464.0,luxury_house,25.103588371397976,18.0,18.0,0.0,0.0,-7.103588371397976,Spring,LOAD_PRIORITY
464.0,small_family,17.48285618722359,6.5,6.5,0.0,0.0,-10.98285618722359,Spring,LOAD_PRIORITY
465.0,apartment,12.460940103907541,3.6399999999999997,3.6399999999999997,0.0,0.0,-8.820940103907542,Spring,LOAD_PRIORITY
465.0,family_house,21.087744791228147,10.08,10.08,0.0,0.0,-11.007744791228147,Spring,LOAD_PRIORITY
465.0,luxury_house,26.838947916108552,18.0,18.0,0.0,0.0,-8.83894791610855,Spring,LOAD_PRIORITY
465.0,small_family,18.691410155861313,6.5,6.5,0.0,0.0,-12.191410155861313,Spring,LOAD_PRIORITY
466.0,apartment,13.298479625782889,3.6399999999999997,3.6399999999999997,0.0,0.0,-9.65847962578289,Spring,LOAD_PRIORITY
466.0,family_house,22.505119366709508,10.08,10.08,0.0,0.0,-12.425119366709506,Spring,LOAD_PRIORITY
466.0,luxury_house,28.64287919399392,18.0,18.0,0.0,0.0,-10.64287919399392,Spring,LOAD_PRIORITY
466.0,small_family,19.947719438674334,6.5,6.5,0.0,0.0,-13.447719438674335,Spring,LOAD_PRIORITY
467.0,apartment,13.542206764430805,3.6399999999999997,3.6399999999999997,0.0,0.0,-9.902206764430806,Spring,LOAD_PRIORITY
467.0,family_house,22.91758067826752,10.08,10.08,0.0,0.0,-12.837580678267518,Spring,LOAD_PRIORITY
467.0,luxury_house,29.167829954158663,18.0,18.0,0.0,0.0,-11.167829954158663,Spring,LOAD_PRIORITY
467.0,small_family,20.31331014664621,6.5,6.5,0.0,0.0,-13.81331014664621,Spring,LOAD_PRIORITY
468.0,apartment,14.812374523381054,3.6399999999999997,3.6399999999999997,0.0,0.0,-11.172374523381054,Spring,LOAD_PRIORITY
468.0,family_house,25.067095347260246,10.08,10.08,0.0,0.0,-14.987095347260247,Spring,LOAD_PRIORITY
468.0,luxury_house,31.90357589651304,18.0,18.0,0.0,0.0,-13.90357589651304,Spring,LOAD_PRIORITY
468.0,small_family,22.218561785071582,6.5,6.5,0.0,0.0,-15.718561785071582,Spring,LOAD_PRIORITY
469.0,apartment,15.935148401688279,3.6399999999999997,3.6399999999999997,0.0,0.0,-12.295148401688278,Spring,LOAD_PRIORITY
469.0,family_house,26.967174218241702,10.08,10.08,0.0,0.0,-16.887174218241704,Spring,LOAD_PRIORITY
469.0,luxury_house,34.32185809594399,18.0,18.0,0.0,0.0,-16.321858095943988,Spring,LOAD_PRIORITY
469.0,small_family,23.90272260253242,6.5,6.5,0.0,1.201578961119255,-17.40272260253242,Spring,LOAD_PRIORITY
470.0,apartment,16.858164462480282,3.6399999999999997,3.6399999999999997,0.0,0.8564902473639632,-13.218164462480281,Spring,LOAD_PRIORITY
470.0,family_house,28.529201398043558,10.08,10.08,0.0,0.0,-18.44920139804356,Spring,LOAD_PRIORITY
470.0,luxury_house,36.30989268841907,18.0,18.0,0.0,0.0,-18.309892688419072,Spring,LOAD_PRIORITY
470.0,small_family,25.287246693720423,6.5,6.5,0.0,5.351732810528626,-18.787246693720423,Spring,LOAD_PRIORITY
471.0,apartment,16.849538315204796,3.6399999999999997,3.6399999999999997,0.0,2.449833666165571,-13.209538315204796,Spring,LOAD_PRIORITY
471.0,family_house,28.514603302654272,10.08,10.08,0.0,0.0,-18.434603302654274,Spring,LOAD_PRIORITY
471.0,luxury_house,36.29131329428726,18.0,18.0,0.0,0.0,-18.291313294287256,Spring,LOAD_PRIORITY
471.0,small_family,25.274307472807195,6.5,6.5,0.0,13.831039849400364,-18.774307472807195,Spring,LOAD_PRIORITY
472.0,apartment,12.872615888176604,3.6399999999999997,3.6399999999999997,0.0,3.9133179197911065,-9.232615888176603,Spring,LOAD_PRIORITY
472.0,family_house,21.78442688768348,10.08,10.08,0.0,0.0,-11.704426887683482,Spring,LOAD_PRIORITY
472.0,luxury_house,27.725634220688065,18.0,18.0,0.0,0.0,-9.725634220688065,Spring,LOAD_PRIORITY
472.0,small_family,19.308923832264906,6.5,6.5,0.0,12.808923832264904,-12.808923832264904,Spring,LOAD_PRIORITY
473.0,apartment,9.704260367738165,3.6399999999999997,3.6399999999999997,0.0,6.064260367738165,-6.064260367738165,Spring,LOAD_PRIORITY
473.0,family_house,16.42259446847997,10.08,10.08,0.0,0.4394112312640271,-6.342594468479973,Spring,LOAD_PRIORITY
473.0,luxury_house,20.90148386897451,18.0,18.0,0.0,0.0,-2.901483868974511,Spring,LOAD_PRIORITY
473.0,small_family,14.556390551607247,6.5,6.5,0.0,8.056390551607247,-8.056390551607247,Spring,LOAD_PRIORITY
474.0,apartment,8.26516574452935,24.133415066654294,24.133415066654294,0.0,0.1345298416146945,15.868249322124946,Spring,LOAD_PRIORITY
474.0,family_house,13.987203567665052,26.563584649179994,26.563584649179994,0.0,0.0,12.576381081514942,Spring,LOAD_PRIORITY
474.0,luxury_house,17.80189544975552,34.23086151118966,34.23086151118966,0.0,0.0,16.428966061434142,Spring,LOAD_PRIORITY
474.0,small_family,12.397748616794024,25.654929253567126,25.654929253567126,0.0,0.7090757791261733,13.2571806367731,Spring,LOAD_PRIORITY
475.0,apartment,0.0,25.587463218833477,25.587463218833477,0.0,0.0,25.587463218833477,Spring,LOAD_PRIORITY
475.0,family_house,0.0,26.073762469230434,26.073762469230434,0.0,0.0,26.073762469230434,Spring,LOAD_PRIORITY
475.0,luxury_house,0.0,37.68883830518584,37.68883830518584,0.0,0.0,37.68883830518584,Spring,LOAD_PRIORITY
475.0,small_family,0.0,32.295937051453585,32.295937051453585,0.0,0.0,32.295937051453585,Spring,LOAD_PRIORITY
476.0,apartment,0.0,21.55511726868033,21.55511726868033,0.0,0.0,21.55511726868033,Spring,LOAD_PRIORITY
476.0,family_house,0.0,26.961726517284912,26.961726517284912,0.0,0.0,26.961726517284912,Spring,LOAD_PRIORITY
476.0,luxury_house,0.0,39.954276216089625,38.17043915740518,1.7838370586844468,0.0,39.954276216089625,Spring,LOAD_PRIORITY
476.0,small_family,0.0,21.90050066598841,21.90050066598841,0.0,0.0,21.90050066598841,Spring,LOAD_PRIORITY
477.0,apartment,0.0,23.886123685619474,22.631781262126744,1.25434242349273,0.0,23.886123685619474,Spring,LOAD_PRIORITY
477.0,family_house,0.0,32.63496354096704,32.63496354096704,0.0,0.0,32.63496354096704,Spring,LOAD_PRIORITY
477.0,luxury_house,0.0,31.71916276529921,18.851805225394163,12.867357539905047,0.0,31.71916276529921,Spring,LOAD_PRIORITY
477.0,small_family,0.0,23.72306703065217,21.80029258894931,1.922774441702861,0.0,23.72306703065217,Spring,LOAD_PRIORITY
478.0,apartment,1.5154692427766498,3.6399999999999997,3.172392270626573,0.46760772937342643,0.0,2.12453075722335,Spring,LOAD_PRIORITY
478.0,family_house,2.564640257006638,10.08,10.080000000000002,0.0,0.0,7.515359742993362,Spring,LOAD_PRIORITY
478.0,luxury_house,3.264087599826631,18.0,8.03643882863149,9.96356117136851,0.0,14.735912400173369,Spring,LOAD_PRIORITY
478.0,small_family,2.2732038641649748,6.5,6.1748618357049985,0.32513816429500186,0.0,4.226796135835025,Spring,LOAD_PRIORITY
479.0,apartment,4.2761923237707045,3.6399999999999997,3.6399999999999997,0.0,0.0,-0.6361923237707048,Spring,LOAD_PRIORITY
479.0,family_house,7.236633163304269,10.08,10.08,0.0,0.0,2.8433668366957305,Spring,LOAD_PRIORITY
479.0,luxury_house,9.210260389659979,18.0,10.878234127357866,7.1217658726421345,0.0,8.789739610340021,Spring,LOAD_PRIORITY
479.0,small_family,6.414288485656057,6.5,6.493406806588927,0.006593193411072562,0.0,0.0857115143439433,Spring,LOAD_PRIORITY
480.0,apartment,0.0,3.6399999999999997,2.8138087751607004,0.8261912248392992,0.0,3.6399999999999997,Spring,LOAD_PRIORITY
480.0,family_house,0.0,10.08,9.444016271242605,0.6359837287573942,0.0,10.08,Spring,LOAD_PRIORITY
480.0,luxury_house,0.0,18.0,0.524384284415092,17.475615715584908,0.0,18.0,Spring,LOAD_PRIORITY
480.0,small_family,0.0,6.5,6.0,0.5,0.0,6.5,Spring,LOAD_PRIORITY
481.0,apartment,1.4837470322109363,3.6399999999999997,2.880756033152633,0.7592439668473668,0.0,2.1562529677890634,Spring,LOAD_PRIORITY
481.0,family_house,2.510956516049277,10.08,8.451780250769781,1.6282197492302193,0.0,7.569043483950724,Spring,LOAD_PRIORITY
481.0,luxury_house,3.1957628386081707,18.0,3.1957628386081707,14.804237161391828,0.0,14.804237161391828,Spring,LOAD_PRIORITY
481.0,small_family,2.2256205483164044,6.5,5.66523485741377,0.8347651425862299,0.0,4.274379451683596,Spring,LOAD_PRIORITY
482.0,apartment,2.16913231100379,3.6399999999999997,2.8250359644197482,0.8149640355802512,0.0,1.4708676889962098,Spring,LOAD_PRIORITY
482.0,family_house,3.6708392955448756,10.08,7.409516373143697,2.6704836268563015,0.0,6.4091607044551235,Spring,LOAD_PRIORITY
482.0,luxury_house,4.671977285238932,18.0,4.671977285238932,13.328022714761067,0.0,13.328022714761067,Spring,LOAD_PRIORITY
482.0,small_family,3.2536984665056847,6.5,5.169387289167048,1.3306127108329522,0.0,3.2463015334943153,Spring,LOAD_PRIORITY
483.0,apartment,2.2692920464331436,3.6399999999999997,2.796487413189627,0.8435125868103728,0.0,1.3707079535668558,Spring,LOAD_PRIORITY
483.0,family_house,3.8403403862714747,10.08,7.362788895670862,2.7172111043291363,0.0,6.2396596137285245,Spring,LOAD_PRIORITY
483.0,luxury_house,4.8877059461636945,18.0,4.8877059461636945,13.112294053836305,0.0,13.112294053836305,Spring,LOAD_PRIORITY
483.0,small_family,3.403938069649716,6.5,5.07104833983833,1.4289516601616696,0.0,3.096061930350284,Spring,LOAD_PRIORITY
484.0,apartment,2.375896975091182,3.6399999999999997,2.862090446209958,0.7779095537900416,0.0,1.2641030249088177,Spring,LOAD_PRIORITY
484.0,family_house,4.020748727077385,10.08,6.460122644689346,3.6198773553106536,0.0,6.059251272922614,Spring,LOAD_PRIORITY
484.0,luxury_house,5.117316561734854,18.0,5.117316561734854,12.882683438265145,0.0,12.882683438265145,Spring,LOAD_PRIORITY
484.0,small_family,3.5638454626367735,6.5,5.144851751986203,1.3551482480137969,0.0,2.9361545373632265,Spring,LOAD_PRIORITY
485.0,apartment,2.530633478676852,3.6399999999999997,2.9573129099549855,0.6826870900450142,0.0,1.109366521323148,Spring,LOAD_PRIORITY
485.0,family_house,4.282610502376211,10.08,6.109724419425791,3.9702755805742087,0.0,5.797389497623789,Spring,LOAD_PRIORITY
485.0,luxury_house,5.45059518484245,18.0,5.45059518484245,12.54940481515755,0.0,12.54940481515755,Spring,LOAD_PRIORITY
485.0,small_family,3.7959502180152773,6.5,5.251977023699359,1.2480229763006412,0.0,2.7040497819847227,Spring,LOAD_PRIORITY
486.0,apartment,11.334663332318968,3.6399999999999997,3.6399999999999997,0.0,0.0,-7.694663332318969,Spring,LOAD_PRIORITY
486.0,family_house,19.18173794700133,10.08,10.08,0.0,0.0,-9.101737947001329,Spring,LOAD_PRIORITY
486.0,luxury_house,24.413121023456235,18.0,18.0,0.0,0.0,-6.413121023456236,Spring,LOAD_PRIORITY
486.0,small_family,17.00199499847845,6.5,6.5,0.0,0.0,-10.501994998478452,Spring,LOAD_PRIORITY
487.0,apartment,11.333989239659175,3.6399999999999997,3.6399999999999997,0.0,0.0,-7.693989239659175,Spring,LOAD_PRIORITY
487.0,family_house,19.180597174807836,10.08,10.08,0.0,0.0,-9.100597174807836,Spring,LOAD_PRIORITY
487.0,luxury_house,24.41166913157361,18.0,18.0,0.0,0.0,-6.411669131573612,Spring,LOAD_PRIORITY
487.0,small_family,17.000983859488763,6.5,6.5,0.0,0.0,-10.500983859488763,Spring,LOAD_PRIORITY
488.0,apartment,11.684096556353587,3.6399999999999997,3.6399999999999997,0.0,0.0,-8.044096556353587,Spring,LOAD_PRIORITY
488.0,family_house,19.773086479982997,10.08,10.08,0.0,0.0,-9.693086479982997,Spring,LOAD_PRIORITY
488.0,luxury_house,25.16574642906927,18.0,18.0,0.0,0.0,-7.165746429069269,Spring,LOAD_PRIORITY
488.0,small_family,17.52614483453038,6.5,6.5,0.0,0.0,-11.026144834530381,Spring,LOAD_PRIORITY
489.0,apartment,12.592041641285181,3.6399999999999997,3.6399999999999997,0.0,0.0,-8.952041641285183,Spring,LOAD_PRIORITY
489.0,family_house,21.30960893140569,10.08,10.08,0.0,0.0,-11.229608931405693,Spring,LOAD_PRIORITY
489.0,luxury_house,27.121320458152702,18.0,18.0,0.0,0.0,-9.1213204581527,Spring,LOAD_PRIORITY
489.0,small_family,18.88806246192777,6.5,6.5,0.0,0.0,-12.388062461927772,Spring,LOAD_PRIORITY
490.0,apartment,13.274479277760722,3.6399999999999997,3.6399999999999997,0.0,0.0,-9.634479277760724,Spring,LOAD_PRIORITY
490.0,family_house,22.464503393133533,10.08,10.08,0.0,0.0,-12.384503393133535,Spring,LOAD_PRIORITY
490.0,luxury_house,28.591186136715407,18.0,18.0,0.0,0.0,-10.591186136715406,Spring,LOAD_PRIORITY
490.0,small_family,19.91171891664109,6.5,6.5,0.0,0.0,-13.411718916641087,Spring,LOAD_PRIORITY
491.0,apartment,14.388869494425913,3.6399999999999997,3.6399999999999997,0.0,0.0,-10.748869494425913,Spring,LOAD_PRIORITY
491.0,family_house,24.35039452902847,10.08,10.08,0.0,0.0,-14.270394529028474,Spring,LOAD_PRIORITY
491.0,luxury_house,30.991411218763506,18.0,18.0,0.0,0.0,-12.991411218763506,Spring,LOAD_PRIORITY
491.0,small_family,21.58330424163887,6.5,6.5,0.0,0.051935494345497046,-15.083304241638873,Spring,LOAD_PRIORITY
492.0,apartment,15.366879326395631,3.6399999999999997,3.6399999999999997,0.0,0.0,-11.72687932639563,Spring,LOAD_PRIORITY
492.0,family_house,26.005488090823377,10.08,10.08,0.0,0.0,-15.92548809082338,Spring,LOAD_PRIORITY
492.0,luxury_house,33.09789393377521,18.0,18.0,0.0,0.0,-15.097893933775207,Spring,LOAD_PRIORITY
492.0,small_family,23.05031898959345,6.5,6.5,0.0,1.2731014607379576,-16.55031898959345,Spring,LOAD_PRIORITY
493.0,apartment,16.29660734319341,3.6399999999999997,3.6399999999999997,0.0,0.0,-12.65660734319341,Spring,LOAD_PRIORITY
493.0,family_house,27.578873965404235,10.08,10.08,0.0,0.0,-17.498873965404236,Spring,LOAD_PRIORITY
493.0,luxury_house,35.10038504687812,18.0,18.0,0.0,0.0,-17.100385046878117,Spring,LOAD_PRIORITY
493.0,small_family,24.44491101479012,6.5,6.5,0.0,1.8852390705995952,-17.94491101479012,Spring,LOAD_PRIORITY
494.0,apartment,17.271127763554528,3.6399999999999997,3.6399999999999997,0.0,0.7003857019957217,-13.631127763554527,Spring,LOAD_PRIORITY
494.0,family_house,29.228062369092278,10.08,10.08,0.0,0.0,-19.14806236909228,Spring,LOAD_PRIORITY
494.0,luxury_house,37.199352106117445,18.0,18.0,0.0,0.0,-19.199352106117445,Spring,LOAD_PRIORITY
494.0,small_family,25.906691645331794,6.5,6.5,0.0,6.094020887990013,-19.406691645331794,Spring,LOAD_PRIORITY
495.0,apartment,17.420551154266636,3.6399999999999997,3.6399999999999997,0.0,3.457881813293368,-13.780551154266636,Spring,LOAD_PRIORITY
495.0,family_house,29.480932722605083,10.08,10.08,0.0,0.0,-19.400932722605084,Spring,LOAD_PRIORITY
495.0,luxury_house,37.521187101497375,18.0,18.0,0.0,0.0,-19.52118710149737,Spring,LOAD_PRIORITY
495.0,small_family,26.130826731399956,6.5,6.5,0.0,14.914872433765007,-19.630826731399956,Spring,LOAD_PRIORITY
496.0,apartment,13.745411050103227,3.6399999999999997,3.6399999999999997,0.0,6.990136943463188,-10.105411050103227,Spring,LOAD_PRIORITY
496.0,family_house,23.261464854020847,10.08,10.08,0.0,0.0,-13.181464854020849,Spring,LOAD_PRIORITY
496.0,luxury_house,29.605500723299258,18.0,18.0,0.0,0.0,-11.605500723299258,Spring,LOAD_PRIORITY
496.0,small_family,20.61811657515484,6.5,6.5,0.0,14.118116575154842,-14.118116575154842,Spring,LOAD_PRIORITY
497.0,apartment,10.540484710565378,3.6399999999999997,3.6399999999999997,0.0,6.900484710565378,-6.900484710565378,Spring,LOAD_PRIORITY
497.0,family_house,17.83774335634141,10.08,10.08,0.0,0.5963305648928009,-7.757743356341411,Spring,LOAD_PRIORITY
497.0,luxury_house,22.70258245352543,18.0,18.0,0.0,0.0,-4.702582453525431,Spring,LOAD_PRIORITY
497.0,small_family,15.810727065848067,6.5,6.5,0.0,9.310727065848067,-9.310727065848067,Spring,LOAD_PRIORITY
498.0,apartment,8.553987097630111,23.401286142667086,23.401286142667086,0.0,0.3445272825869505,14.847299045036976,Spring,LOAD_PRIORITY
498.0,family_house,14.475978165220187,28.135961614687012,28.135961614687012,0.0,0.0,13.659983449466825,Spring,LOAD_PRIORITY
498.0,luxury_house,18.42397221028024,35.51350995803442,35.51350995803442,0.0,0.0,17.08953774775418,Spring,LOAD_PRIORITY
498.0,small_family,11.843982135180154,24.731823712580365,24.731823712580365,0.0,0.4613968760605468,12.887841577400211,Spring,LOAD_PRIORITY
499.0,apartment,0.0,21.0066710460167,21.0066710460167,0.0,0.0,21.0066710460167,Spring,LOAD_PRIORITY
499.0,family_house,0.0,23.443886310590894,23.443886310590894,0.0,0.0,23.443886310590894,Spring,LOAD_PRIORITY
499.0,luxury_house,0.0,34.05716633098216,34.05716633098216,0.0,0.0,34.05716633098216,Spring,LOAD_PRIORITY
499.0,small_family,0.0,24.1404854612153,24.1404854612153,0.0,0.0,24.1404854612153,Spring,LOAD_PRIORITY
500.0,apartment,0.0,26.3133385523415,26.3133385523415,0.0,0.0,26.3133385523415,Spring,LOAD_PRIORITY
500.0,family_house,0.0,25.72158902312771,25.72158902312771,0.0,0.0,25.72158902312771,Spring,LOAD_PRIORITY
500.0,luxury_house,0.0,35.333696099745104,35.333696099745104,0.0,0.0,35.333696099745104,Spring,LOAD_PRIORITY
500.0,small_family,0.0,27.15777643772577,27.15777643772577,0.0,0.0,27.15777643772577,Spring,LOAD_PRIORITY
501.0,apartment,0.0,24.490859122035292,19.5510417514016,4.939817370633693,0.0,24.490859122035292,Spring,LOAD_PRIORITY
501.0,family_house,0.0,27.653216710050334,27.653216710050334,0.0,0.0,27.653216710050334,Spring,LOAD_PRIORITY
501.0,luxury_house,0.0,36.81375754851566,29.592385331473086,7.221372217042576,0.0,36.81375754851566,Spring,LOAD_PRIORITY
501.0,small_family,0.0,32.19451508414504,31.474663698131568,0.7198513860134663,0.0,32.19451508414504,Spring,LOAD_PRIORITY
502.0,apartment,1.5235495610491687,3.6399999999999997,2.988784480322821,0.6512155196771787,0.0,2.1164504389508307,Spring,LOAD_PRIORITY
502.0,family_house,2.5783146417755165,10.08,10.08,0.0,0.0,7.501685358224483,Spring,LOAD_PRIORITY
502.0,luxury_house,3.2814913622597484,18.0,8.961615580049635,9.038384419950365,0.0,14.71850863774025,Spring,LOAD_PRIORITY
502.0,small_family,2.109530161452695,6.5,6.175794180121058,0.32420581987894204,0.0,4.390469838547304,Spring,LOAD_PRIORITY
503.0,apartment,4.38333636511027,3.6399999999999997,3.6399999999999997,0.0,0.0,-0.7433363651102702,Spring,LOAD_PRIORITY
503.0,family_house,7.417953848648149,10.08,10.08,0.0,0.0,2.6620461513518507,Spring,LOAD_PRIORITY
503.0,luxury_house,9.441032171006736,18.0,11.621631474779791,6.378368525220209,0.0,8.558967828993264,Spring,LOAD_PRIORITY
503.0,small_family,6.069234967075758,6.5,6.5,0.0,0.0,0.43076503292424206,Spring,LOAD_PRIORITY
504.0,apartment,0.0,3.6399999999999997,2.714200552295143,0.9257994477048568,0.0,3.6399999999999997,Spring,LOAD_PRIORITY
504.0,family_house,0.0,10.08,10.08,0.0,0.0,10.08,Spring,LOAD_PRIORITY
504.0,luxury_house,0.0,18.0,1.9957111550237383,16.004288844976262,0.0,18.0,Spring,LOAD_PRIORITY
504.0,small_family,0.0,6.5,5.599602614507106,0.9003973854928939,0.0,6.5,Spring,LOAD_PRIORITY
505.0,apartment,1.6772204324286333,3.6399999999999997,2.8850847817033203,0.7549152182966793,0.0,1.9627795675713664,Spring,LOAD_PRIORITY
505.0,family_house,2.83837303949461,10.08,10.080000000000002,0.0,0.0,7.24162696050539,Spring,LOAD_PRIORITY
505.0,luxury_house,3.612474777538595,18.0,3.612474777538595,14.387525222461406,0.0,14.387525222461406,Spring,LOAD_PRIORITY
505.0,small_family,2.3223052141319536,6.5,5.553797864493835,0.9462021355061652,0.0,4.177694785868047,Spring,LOAD_PRIORITY
506.0,apartment,2.5146784788442953,3.6399999999999997,3.1240397622747587,0.5159602377252412,0.0,1.1253215211557044,Spring,LOAD_PRIORITY
506.0,family_house,4.255609733428808,10.08,9.498048657624615,0.581951342375385,0.0,5.824390266571192,Spring,LOAD_PRIORITY
506.0,luxury_house,5.416230569818483,18.0,5.416230569818483,12.583769430181519,0.0,12.583769430181519,Spring,LOAD_PRIORITY
506.0,small_family,3.4818625091690247,6.5,5.370465627292256,1.1295343727077438,0.0,3.0181374908309753,Spring,LOAD_PRIORITY
507.0,apartment,2.7940522918718513,3.6399999999999997,3.2495625962485466,0.3904374037514531,0.0,0.8459477081281483,Spring,LOAD_PRIORITY
507.0,family_house,4.728396186244672,10.08,8.742099046561167,1.337900953438832,0.0,5.351603813755328,Spring,LOAD_PRIORITY
507.0,luxury_house,6.017958782493219,18.0,6.017958782493219,11.982041217506781,0.0,11.982041217506781,Spring,LOAD_PRIORITY
507.0,small_family,3.868687788745641,6.5,5.368290048709326,1.131709951290674,0.0,2.631312211254359,Spring,LOAD_PRIORITY
508.0,apartment,3.0174273662837368,3.6399999999999997,3.3526587844386477,0.287341215561352,0.0,0.6225726337162627,Spring,LOAD_PRIORITY
508.0,family_house,5.106415542941709,10.08,8.596309898974248,1.4836901010257522,0.0,4.9735844570582906,Spring,LOAD_PRIORITY
508.0,luxury_house,6.499074327380357,18.0,6.499074327380357,11.500925672619644,0.0,11.500925672619644,Spring,LOAD_PRIORITY
508.0,small_family,4.177976353315943,6.5,5.283907941505292,1.2160920584947084,0.0,2.3220236466840567,Spring,LOAD_PRIORITY
509.0,apartment,3.2264042557946087,3.6399999999999997,3.4491096565205885,0.19089034347941114,0.0,0.4135957442053908,Spring,LOAD_PRIORITY
509.0,family_house,5.460068740575491,10.08,8.294043091315293,1.7859569086847067,0.0,4.619931259424508,Spring,LOAD_PRIORITY
509.0,luxury_house,6.94917839709608,18.0,6.94917839709608,11.05082160290392,0.0,11.05082160290392,Spring,LOAD_PRIORITY
509.0,small_family,4.467328969561766,6.5,5.361387070650736,1.1386129293492644,0.0,2.0326710304382343,Spring,LOAD_PRIORITY
510.0,apartment,11.906446049074024,3.6399999999999997,3.6399999999999997,0.0,0.0,-8.266446049074025,Spring,LOAD_PRIORITY
510.0,family_house,20.149370236894505,10.08,10.08,0.0,0.0,-10.069370236894505,Spring,LOAD_PRIORITY
510.0,luxury_house,25.644653028774826,18.0,18.0,0.0,0.0,-7.644653028774826,Spring,LOAD_PRIORITY
510.0,small_family,16.485848375640956,6.5,6.0,0.5,0.0,-9.985848375640957,Spring,LOAD_PRIORITY
511.0,apartment,11.951219554092338,3.6399999999999997,3.6399999999999997,0.0,0.0,-8.311219554092338,Spring,LOAD_PRIORITY
511.0,family_house,20.225140783848573,10.08,10.08,0.0,0.0,-10.145140783848575,Spring,LOAD_PRIORITY
511.0,luxury_house,25.74108827035273,18.0,18.0,0.0,0.0,-7.74108827035273,Spring,LOAD_PRIORITY
511.0,small_family,16.54784245951247,6.5,6.0,0.5,0.0,-10.04784245951247,Spring,LOAD_PRIORITY
512.0,apartment,12.067540790769456,3.6399999999999997,3.6399999999999997,0.0,0.0,-8.427540790769458,Spring,LOAD_PRIORITY
512.0,family_house,20.421992107456003,10.08,10.08,0.0,0.0,-10.341992107456003,Spring,LOAD_PRIORITY
512.0,luxury_house,25.991626318580366,18.0,18.0,0.0,0.0,-7.9916263185803675,Spring,LOAD_PRIORITY
512.0,small_family,18.101311186154184,6.5,6.5,0.0,0.0,-11.601311186154183,Spring,LOAD_PRIORITY
513.0,apartment,12.707703276153094,3.6399999999999997,3.6399999999999997,0.0,0.0,-9.067703276153095,Spring,LOAD_PRIORITY
513.0,family_house,21.505344005797546,10.08,10.08,0.0,0.0,-11.425344005797546,Spring,LOAD_PRIORITY
513.0,luxury_house,27.370437825560515,18.0,18.0,0.0,0.0,-9.370437825560515,Spring,LOAD_PRIORITY
513.0,small_family,19.061554914229642,6.5,6.5,0.0,0.0,-12.561554914229642,Spring,LOAD_PRIORITY
514.0,apartment,13.632139988811186,3.6399999999999997,3.6399999999999997,0.0,0.0,-9.992139988811186,Spring,LOAD_PRIORITY
514.0,family_house,23.06977536568047,10.08,10.08,0.0,0.0,-12.98977536568047,Spring,LOAD_PRIORITY
514.0,luxury_house,29.361532283593327,18.0,18.0,0.0,0.0,-11.361532283593327,Spring,LOAD_PRIORITY
514.0,small_family,20.448209983216785,6.5,6.5,0.0,0.0,-13.948209983216783,Spring,LOAD_PRIORITY
515.0,apartment,14.551454651568719,3.6399999999999997,3.6399999999999997,0.0,0.0,-10.911454651568718,Spring,LOAD_PRIORITY
515.0,family_house,24.625538641116293,10.08,10.08,0.0,0.0,-14.545538641116295,Spring,LOAD_PRIORITY
515.0,luxury_house,31.34159463414801,18.0,18.0,0.0,0.0,-13.34159463414801,Spring,LOAD_PRIORITY
515.0,small_family,21.827181977353078,6.5,6.5,0.0,0.0,-15.327181977353078,Spring,LOAD_PRIORITY
516.0,apartment,15.240768441897295,3.6399999999999997,3.6399999999999997,0.0,0.8331702007521125,-11.600768441897296,Spring,LOAD_PRIORITY
516.0,family_house,25.792069670903118,10.08,10.08,0.0,0.0,-15.712069670903118,Spring,LOAD_PRIORITY
516.0,luxury_house,32.82627049024033,18.0,18.0,0.0,0.0,-14.82627049024033,Spring,LOAD_PRIORITY
516.0,small_family,22.861152662845942,6.5,6.5,0.0,0.0,-16.361152662845942,Spring,LOAD_PRIORITY
517.0,apartment,16.085733531697144,3.6399999999999997,3.6399999999999997,0.0,1.6006559711643076,-12.445733531697146,Spring,LOAD_PRIORITY
517.0,family_house,27.222010592102862,10.08,10.08,0.0,0.0,-17.142010592102864,Spring,LOAD_PRIORITY
517.0,luxury_house,34.64619529904001,18.0,18.0,0.0,0.0,-16.64619529904001,Spring,LOAD_PRIORITY
517.0,small_family,24.128600297545717,6.5,6.5,0.0,1.3422840725651368,-17.628600297545717,Spring,LOAD_PRIORITY
518.0,apartment,16.92497788160866,3.6399999999999997,3.6399999999999997,0.0,2.6205144762978483,-13.284977881608658,Spring,LOAD_PRIORITY
518.0,family_house,28.64227026118388,10.08,10.08,0.0,0.0,-18.562270261183883,Spring,LOAD_PRIORITY
518.0,luxury_house,36.45379851423404,18.0,18.0,0.0,0.0,-18.453798514234037,Spring,LOAD_PRIORITY
518.0,small_family,25.387466822412986,6.5,6.5,0.0,4.974694790897676,-18.887466822412986,Spring,LOAD_PRIORITY
519.0,apartment,17.218314473246394,3.6399999999999997,3.6399999999999997,0.0,4.55156365605658,-13.578314473246396,Spring,LOAD_PRIORITY
519.0,family_house,29.138686031647747,10.08,10.08,0.0,1.434989707660549,-19.05868603164775,Spring,LOAD_PRIORITY
519.0,luxury_house,37.085600403915315,18.0,18.0,0.0,0.0,-19.085600403915315,Spring,LOAD_PRIORITY
519.0,small_family,25.827471709869595,6.5,6.5,0.0,13.629737084670703,-19.327471709869595,Spring,LOAD_PRIORITY
520.0,apartment,13.278536903001356,3.6399999999999997,3.6399999999999997,0.0,7.6922832639643515,-9.638536903001357,Spring,LOAD_PRIORITY
520.0,family_house,22.47137014354076,10.08,10.08,0.0,3.1248704541094305,-12.39137014354076,Spring,LOAD_PRIORITY
520.0,luxury_house,28.599925637233692,18.0,18.0,0.0,0.0,-10.599925637233692,Spring,LOAD_PRIORITY
520.0,small_family,19.917805354502036,6.5,6.5,0.0,12.54172209396343,-13.417805354502036,Spring,LOAD_PRIORITY
521.0,apartment,10.266740073340623,3.6399999999999997,3.6399999999999997,0.0,6.626740073340623,-6.626740073340623,Spring,LOAD_PRIORITY
521.0,family_house,17.37448320103798,10.08,10.08,0.0,2.431494400345993,-7.294483201037979,Spring,LOAD_PRIORITY
521.0,luxury_house,22.112978619502883,18.0,18.0,0.0,0.0,-4.112978619502882,Spring,LOAD_PRIORITY
521.0,small_family,15.400110110010935,6.5,6.5,0.0,8.900110110010935,-8.900110110010935,Spring,LOAD_PRIORITY
522.0,apartment,8.620978185570074,27.350129607310784,27.350129607310784,0.0,0.0,18.729151421740713,Spring,LOAD_PRIORITY
522.0,family_house,14.589347698657049,28.74642575280363,28.74642575280363,0.0,0.0,14.15707805414658,Spring,LOAD_PRIORITY
522.0,luxury_house,18.568260707381697,39.2711612225212,39.2711612225212,0.0,0.0,20.702900515139504,Spring,LOAD_PRIORITY
522.0,small_family,12.931467278355111,24.189766335986686,24.189766335986686,0.0,0.7164299851019628,11.258299057631575,Spring,LOAD_PRIORITY
523.0,apartment,0.0,20.850047413220103,20.850047413220103,0.0,0.0,20.850047413220103,Spring,LOAD_PRIORITY
523.0,family_house,0.0,28.49291242226998,28.49291242226998,0.0,0.0,28.49291242226998,Spring,LOAD_PRIORITY
523.0,luxury_house,0.0,31.384550257959518,31.384550257959518,0.0,0.0,31.384550257959518,Spring,LOAD_PRIORITY
523.0,small_family,0.0,20.568608836063223,20.568608836063223,0.0,0.0,20.568608836063223,Spring,LOAD_PRIORITY
524.0,apartment,0.0,21.614924866157008,21.49499970432776,0.11992516182924717,0.0,21.614924866157008,Spring,LOAD_PRIORITY
524.0,family_house,0.0,27.356948686485755,27.356948686485755,0.0,0.0,27.356948686485755,Spring,LOAD_PRIORITY
524.0,luxury_house,0.0,35.97166605032166,35.97166605032166,0.0,0.0,35.97166605032166,Spring,LOAD_PRIORITY
524.0,small_family,0.0,24.421230119720697,24.421230119720697,0.0,0.0,24.421230119720697,Spring,LOAD_PRIORITY
525.0,apartment,0.31466226219008764,25.117818871607394,18.850536965976346,6.267281905631047,0.0,24.803156609417307,Spring,LOAD_PRIORITY
525.0,family_house,0.5325053667832252,29.64640117786351,29.64640117786351,0.0,0.0,29.113895811080283,Spring,LOAD_PRIORITY
525.0,luxury_house,0.6777341031786502,39.81008179603192,31.095869398944334,8.714212397087593,0.0,39.13234769285327,Spring,LOAD_PRIORITY
525.0,small_family,0.4719933932851314,26.911110792592993,26.84872807535676,0.062382717236232565,0.0,26.439117399307857,Spring,LOAD_PRIORITY
526.0,apartment,1.8688260543843922,3.6399999999999997,2.9835434299049957,0.6564565700950038,0.0,1.7711739456156075,Spring,LOAD_PRIORITY
526.0,family_house,3.162628707419741,10.08,10.08,0.0,0.0,6.917371292580259,Spring,LOAD_PRIORITY
526.0,luxury_house,4.025163809443306,18.0,9.885107310859134,8.114892689140866,0.0,13.974836190556694,Spring,LOAD_PRIORITY
526.0,small_family,2.803239081576588,6.5,6.058328849260953,0.44167115073904717,0.0,3.696760918423412,Spring,LOAD_PRIORITY
527.0,apartment,4.555748274012918,3.6399999999999997,3.6399999999999997,0.0,0.0,-0.9157482740129181,Spring,LOAD_PRIORITY
527.0,family_house,7.709727848329553,10.08,10.08,0.0,0.0,2.3702721516704464,Spring,LOAD_PRIORITY
527.0,luxury_house,9.812380897873977,18.0,11.730787653766162,6.2692123462338385,0.0,8.187619102126023,Spring,LOAD_PRIORITY
527.0,small_family,6.833622411019377,6.5,6.5,0.0,0.0,-0.3336224110193773,Spring,LOAD_PRIORITY
528.0,apartment,0.0,3.6399999999999997,2.5569897871583174,1.083010212841682,0.0,3.6399999999999997,Spring,LOAD_PRIORITY
528.0,family_house,0.0,10.08,10.08,0.0,0.0,10.08,Spring,LOAD_PRIORITY
528.0,luxury_house,0.0,18.0,0.8025288161640526,17.197471183835948,0.0,18.0,Spring,LOAD_PRIORITY
528.0,small_family,0.0,6.5,5.134438669753817,1.365561330246183,0.0,6.5,Spring,LOAD_PRIORITY
529.0,apartment,1.5858751933215078,3.6399999999999997,2.849951997431349,0.7900480025686507,0.0,2.054124806678492,Spring,LOAD_PRIORITY
529.0,family_house,2.683788788697936,10.08,9.653947292998707,0.4260527070012935,0.0,7.396211211302063,Spring,LOAD_PRIORITY
529.0,luxury_house,3.415731185615555,18.0,3.415731185615555,14.584268814384446,0.0,14.584268814384446,Spring,LOAD_PRIORITY
529.0,small_family,2.3788127899822618,6.5,5.548956797688215,0.9510432023117859,0.0,4.121187210017739,Spring,LOAD_PRIORITY
530.0,apartment,2.014040192810386,3.6399999999999997,3.0146308433886095,0.6253691566113899,0.0,1.6259598071896137,Spring,LOAD_PRIORITY
530.0,family_house,3.408375710909884,10.08,8.99232314510902,1.0876768548909788,0.0,6.671624289090116,Spring,LOAD_PRIORITY
530.0,luxury_house,4.337932722976216,18.0,4.337932722976216,13.662067277023784,0.0,13.662067277023784,Spring,LOAD_PRIORITY
530.0,small_family,3.021060289215579,6.5,5.697167759049749,0.8028322409502511,0.0,3.478939710784421,Spring,LOAD_PRIORITY
531.0,apartment,1.4317159876367198,3.6399999999999997,2.790659995244892,0.8493400047551075,0.0,2.2082840123632796,Spring,LOAD_PRIORITY
531.0,family_house,2.422903979077526,10.08,7.109216689007057,2.970783310992943,0.0,7.657096020922474,Spring,LOAD_PRIORITY
531.0,luxury_house,3.083695973371397,18.0,3.083695973371397,14.916304026628602,0.0,14.916304026628602,Spring,LOAD_PRIORITY
531.0,small_family,2.14757398145508,6.5,5.495593995720403,1.004406004279597,0.0,4.352426018544921,Spring,LOAD_PRIORITY
532.0,apartment,1.3908587199925644,3.6399999999999997,2.727617249362533,0.9123827506374667,0.0,2.2491412800074353,Spring,LOAD_PRIORITY
532.0,family_house,2.3537609107566477,10.08,5.685090742054685,4.394909257945314,0.0,7.726239089243352,Spring,LOAD_PRIORITY
532.0,luxury_house,2.9956957045993695,18.0,2.9956957045993695,15.004304295400631,0.0,15.004304295400631,Spring,LOAD_PRIORITY
532.0,small_family,2.0862880799888464,6.5,5.220951693027295,1.2790483069727052,0.0,4.413711920011154,Spring,LOAD_PRIORITY
533.0,apartment,1.7257007723885138,3.6399999999999997,2.671013362955106,0.9689866370448939,0.0,1.9142992276114856,Spring,LOAD_PRIORITY
533.0,family_house,2.9204166917344083,10.08,5.759399113157165,4.3206008868428345,0.0,7.15958330826559,Spring,LOAD_PRIORITY
533.0,luxury_house,3.7168939712983375,18.0,3.7168939712983375,14.283106028701662,0.0,14.283106028701662,Spring,LOAD_PRIORITY
533.0,small_family,2.588551158582771,6.5,4.995596599454912,1.504403400545088,0.0,3.9114488414172284,Spring,LOAD_PRIORITY
534.0,apartment,10.580469696035243,3.6399999999999997,3.6399999999999997,0.0,0.0,-6.940469696035244,Spring,LOAD_PRIORITY
534.0,family_house,17.905410254828872,10.08,10.08,0.0,0.0,-7.825410254828872,Spring,LOAD_PRIORITY
534.0,luxury_house,22.788703960691294,18.0,18.0,0.0,0.0,-4.788703960691292,Spring,LOAD_PRIORITY
534.0,small_family,15.870704544052865,6.5,6.5,0.0,0.0,-9.370704544052865,Spring,LOAD_PRIORITY
535.0,apartment,10.710270555529045,3.6399999999999997,3.6399999999999997,0.0,0.0,-7.070270555529044,Spring,LOAD_PRIORITY
535.0,family_house,18.12507324781838,10.08,10.08,0.0,0.0,-8.045073247818383,Spring,LOAD_PRIORITY
535.0,luxury_house,23.06827504267794,18.0,18.0,0.0,0.0,-5.068275042677941,Spring,LOAD_PRIORITY
535.0,small_family,16.065405833293568,6.5,6.5,0.0,0.0,-9.565405833293566,Spring,LOAD_PRIORITY
536.0,apartment,11.015598296476377,3.6399999999999997,3.6399999999999997,0.0,0.0,-7.375598296476377,Spring,LOAD_PRIORITY
536.0,family_house,18.641781732498487,10.08,10.08,0.0,0.0,-8.561781732498487,Spring,LOAD_PRIORITY
536.0,luxury_house,23.72590402317989,18.0,18.0,0.0,0.0,-5.725904023179891,Spring,LOAD_PRIORITY
536.0,small_family,16.523397444714565,6.5,6.5,0.0,0.0,-10.023397444714567,Spring,LOAD_PRIORITY
537.0,apartment,11.585771913319437,3.6399999999999997,3.6399999999999997,0.0,0.0,-7.945771913319437,Spring,LOAD_PRIORITY
537.0,family_house,19.606690930232894,10.08,10.08,0.0,0.0,-9.526690930232894,Spring,LOAD_PRIORITY
537.0,luxury_house,24.95397027484186,18.0,18.0,0.0,0.0,-6.953970274841861,Spring,LOAD_PRIORITY
537.0,small_family,17.378657869979158,6.5,6.5,0.0,0.0,-10.878657869979156,Spring,LOAD_PRIORITY
538.0,apartment,12.18150183487886,3.6399999999999997,3.6399999999999997,0.0,0.0,-8.541501834878861,Spring,LOAD_PRIORITY
538.0,family_house,20.61484925902576,10.08,10.08,0.0,0.0,-10.534849259025762,Spring,LOAD_PRIORITY
538.0,luxury_house,26.237080875123695,18.0,18.0,0.0,0.0,-8.237080875123697,Spring,LOAD_PRIORITY
538.0,small_family,18.27225275231829,6.5,6.5,0.0,0.0,-11.772252752318291,Spring,LOAD_PRIORITY
539.0,apartment,13.023796045280333,3.6399999999999997,3.6399999999999997,0.0,0.0,-9.383796045280334,Spring,LOAD_PRIORITY
539.0,family_house,22.040270230474412,10.08,10.08,0.0,0.0,-11.960270230474414,Spring,LOAD_PRIORITY
539.0,luxury_house,28.051253020603795,18.0,18.0,0.0,0.0,-10.051253020603797,Spring,LOAD_PRIORITY
539.0,small_family,19.535694067920502,6.5,6.5,0.0,0.0,-13.035694067920502,Spring,LOAD_PRIORITY
540.0,apartment,14.029341116931977,3.6399999999999997,3.6399999999999997,0.0,0.0,-10.389341116931977,Spring,LOAD_PRIORITY
540.0,family_house,23.741961890192577,10.08,10.08,0.0,0.0,-13.661961890192579,Spring,LOAD_PRIORITY
540.0,luxury_house,30.217042405699644,18.0,18.0,0.0,0.0,-12.217042405699644,Spring,LOAD_PRIORITY
540.0,small_family,21.044011675397968,6.5,6.5,0.0,0.0,-14.544011675397966,Spring,LOAD_PRIORITY
541.0,apartment,14.931106429895403,3.6399999999999997,3.6399999999999997,0.0,1.2530305440864133,-11.291106429895402,Spring,LOAD_PRIORITY
541.0,family_house,25.268026265976836,10.08,10.08,0.0,0.0,-15.18802626597684,Spring,LOAD_PRIORITY
541.0,luxury_house,32.159306156697795,18.0,18.0,0.0,0.0,-14.159306156697792,Spring,LOAD_PRIORITY
541.0,small_family,22.396659644843105,6.5,6.5,0.0,1.2582023851557524,-15.896659644843105,Spring,LOAD_PRIORITY
542.0,apartment,15.770573201149363,3.6399999999999997,3.6399999999999997,0.0,2.226041207639311,-12.130573201149362,Spring,LOAD_PRIORITY
542.0,family_house,26.68866234040661,10.08,10.08,0.0,0.0,-16.60866234040661,Spring,LOAD_PRIORITY
542.0,luxury_house,33.96738843324478,18.0,18.0,0.0,0.0,-15.967388433244778,Spring,LOAD_PRIORITY
542.0,small_family,23.65585980172404,6.5,6.5,0.0,4.794984152867073,-17.15585980172404,Spring,LOAD_PRIORITY
543.0,apartment,15.647324869925894,3.6399999999999997,3.6399999999999997,0.0,2.7709211238290523,-12.007324869925894,Spring,LOAD_PRIORITY
543.0,family_house,26.48008824141305,10.08,10.08,0.0,0.12213597398248277,-16.40008824141305,Spring,LOAD_PRIORITY
543.0,luxury_house,33.70193048907116,18.0,18.0,0.0,0.0,-15.701930489071158,Spring,LOAD_PRIORITY
543.0,small_family,23.47098730488884,6.5,6.5,0.0,8.642710972382773,-16.97098730488884,Spring,LOAD_PRIORITY
544.0,apartment,11.586046064261959,3.6399999999999997,3.6399999999999997,0.0,2.024249648297351,-7.946046064261958,Spring,LOAD_PRIORITY
544.0,family_house,19.607154877981777,10.08,10.08,0.0,0.793929573165148,-9.527154877981776,Spring,LOAD_PRIORITY
544.0,luxury_house,24.954560753794986,18.0,18.0,0.0,0.0,-6.954560753794986,Spring,LOAD_PRIORITY
544.0,small_family,17.37906909639294,6.5,6.5,0.0,7.43396753198039,-10.87906909639294,Spring,LOAD_PRIORITY
545.0,apartment,8.144367763049916,3.6399999999999997,3.6399999999999997,0.0,1.4130479058299508,-4.504367763049915,Spring,LOAD_PRIORITY
545.0,family_house,13.782776214392163,10.08,10.08,0.0,0.30856468453268027,-3.702776214392163,Spring,LOAD_PRIORITY
545.0,luxury_house,17.541715181953663,18.0,18.0,0.0,0.0,0.45828481804633725,Spring,LOAD_PRIORITY
545.0,small_family,12.216551644574873,6.5,6.5,0.0,5.716551644574872,-5.716551644574872,Spring,LOAD_PRIORITY
546.0,apartment,6.582384743595384,23.41560921915,23.41560921915,0.0,0.0,16.833224475554616,Spring,LOAD_PRIORITY
546.0,family_house,11.139420335315265,25.3677601823025,25.367760182302497,0.0,0.0,14.228339846987236,Spring,LOAD_PRIORITY
546.0,luxury_house,14.177444063128519,33.65925057906796,33.65925057906796,0.0,0.0,19.48180651593944,Spring,LOAD_PRIORITY
546.0,small_family,9.873577115393074,27.46598104377717,27.46598104377717,0.0,0.0,17.592403928384094,Spring,LOAD_PRIORITY
547.0,apartment,0.0,18.89973885618963,18.89973885618963,0.0,0.0,18.89973885618963,Spring,LOAD_PRIORITY
547.0,family_house,0.0,31.271855855757487,31.271855855757487,0.0,0.0,31.271855855757487,Spring,LOAD_PRIORITY
547.0,luxury_house,0.0,38.608108933631655,38.608108933631655,0.0,0.0,38.608108933631655,Spring,LOAD_PRIORITY
547.0,small_family,0.0,25.518991030690824,25.518991030690824,0.0,0.0,25.518991030690824,Spring,LOAD_PRIORITY
548.0,apartment,0.0,24.2259193010197,24.2259193010197,0.0,0.0,24.2259193010197,Spring,LOAD_PRIORITY
548.0,family_house,0.0,25.3119552158511,25.3119552158511,0.0,0.0,25.3119552158511,Spring,LOAD_PRIORITY
548.0,luxury_house,0.0,33.00052579633417,28.654327507294234,4.346198289039938,0.0,33.00052579633417,Spring,LOAD_PRIORITY
548.0,small_family,0.0,20.5418017804782,20.5418017804782,0.0,0.0,20.5418017804782,Spring,LOAD_PRIORITY
549.0,apartment,0.0,25.981130057639717,22.11559563621259,3.8655344214271254,0.0,25.981130057639717,Spring,LOAD_PRIORITY
549.0,family_house,0.0,24.934814845596726,23.69508200279922,1.2397328427975074,0.0,24.934814845596726,Spring,LOAD_PRIORITY
549.0,luxury_house,0.0,32.72880750888016,6.592656274090267,26.136151234789892,0.0,32.72880750888016,Spring,LOAD_PRIORITY
549.0,small_family,0.0,27.73585375838526,26.895290994721485,0.8405627636637742,0.0,27.73585375838526,Spring,LOAD_PRIORITY
550.0,apartment,0.4870205615438032,3.6399999999999997,2.1847787207125244,1.4552212792874752,0.0,3.1529794384561964,Spring,LOAD_PRIORITY
550.0,family_house,0.82418864261259,10.08,7.623704687656187,2.4562953123438116,0.0,9.255811357387408,Spring,LOAD_PRIORITY
550.0,luxury_house,1.0489673633251146,18.0,2.461553416381355,15.538446583618644,0.0,16.951032636674885,Spring,LOAD_PRIORITY
550.0,small_family,0.7305308423157048,6.5,5.6123893603562625,0.8876106396437378,0.0,5.769469157684296,Spring,LOAD_PRIORITY
551.0,apartment,3.371155956717939,3.6399999999999997,3.5159181338698176,0.1240818661301819,0.0,0.2688440432820608,Spring,LOAD_PRIORITY
551.0,family_house,5.705033157522665,10.08,8.257097148967777,1.8229028510322225,0.0,4.374966842477335,Spring,LOAD_PRIORITY
551.0,luxury_house,7.260951291392483,18.0,7.296055081398476,10.703944918601524,0.0,10.739048708607516,Spring,LOAD_PRIORITY
551.0,small_family,5.056733935076909,6.5,6.277959066934909,0.22204093306509098,0.0,1.4432660649230913,Spring,LOAD_PRIORITY
552.0,apartment,0.0,3.6399999999999997,1.8638591378690843,1.7761408621309154,0.0,3.6399999999999997,Spring,LOAD_PRIORITY
552.0,family_house,0.0,10.08,5.88,4.2,0.0,10.08,Spring,LOAD_PRIORITY
552.0,luxury_house,0.0,18.0,0.0,18.0,0.0,18.0,Spring,LOAD_PRIORITY
552.0,small_family,0.0,6.5,5.5,1.0,0.0,6.5,Spring,LOAD_PRIORITY
553.0,apartment,1.1910289543552595,3.6399999999999997,2.1649399463392283,1.4750600536607714,0.0,2.44897104564474,Spring,LOAD_PRIORITY
553.0,family_house,2.015587461216593,10.08,6.233680341936752,3.8463196580632473,0.0,8.064412538783406,Spring,LOAD_PRIORITY
553.0,luxury_house,2.565293132457482,18.0,2.565293132457482,15.434706867542518,0.0,15.434706867542518,Spring,LOAD_PRIORITY
553.0,small_family,1.7865434315328892,6.5,5.581867951213631,0.9181320487863689,0.0,4.713456568467111,Spring,LOAD_PRIORITY
554.0,apartment,2.1373281023866415,3.6399999999999997,2.7152788322379333,0.9247211677620666,0.0,1.5026718976133582,Spring,LOAD_PRIORITY
554.0,family_house,3.617016788654316,10.08,5.999901016696984,4.0800989833030155,0.0,6.4629832113456835,Spring,LOAD_PRIORITY
554.0,luxury_house,4.603475912832765,18.0,4.603475912832765,13.396524087167233,0.0,13.396524087167233,Spring,LOAD_PRIORITY
554.0,small_family,3.2059921535799623,6.5,5.728523811638453,0.7714761883615464,0.0,3.2940078464200377,Spring,LOAD_PRIORITY
555.0,apartment,0.8288628526911936,3.6399999999999997,1.9100694478099651,1.7299305521900346,0.0,2.811137147308806,Spring,LOAD_PRIORITY
555.0,family_house,1.4026909814774045,10.08,4.295127320984936,5.784872679015064,0.0,8.677309018522596,Spring,LOAD_PRIORITY
555.0,luxury_house,1.7852430673348785,18.0,1.7852430673348785,16.21475693266512,0.0,16.21475693266512,Spring,LOAD_PRIORITY
555.0,small_family,1.2432942790367905,6.5,4.882552085857474,1.617447914142526,0.0,5.256705720963209,Spring,LOAD_PRIORITY
556.0,apartment,0.851630171337448,3.6399999999999997,1.9240801054384293,1.7159198945615701,0.0,2.7883698286625513,Spring,LOAD_PRIORITY
556.0,family_house,1.4412202899556812,10.08,4.041371487958975,6.038628512041025,0.0,8.638779710044318,Spring,LOAD_PRIORITY
556.0,luxury_house,1.8342803690345033,18.0,1.8342803690345033,16.165719630965498,0.0,16.165719630965498,Spring,LOAD_PRIORITY
556.0,small_family,1.2774452570061718,6.5,4.893060079078822,1.6069399209211779,0.0,5.222554742993828,Spring,LOAD_PRIORITY
557.0,apartment,0.8668058858494883,3.6399999999999997,1.8928779604808896,1.7471220395191103,0.0,2.7731941141505114,Spring,LOAD_PRIORITY
557.0,family_house,1.4669022683606723,10.08,2.576137534330353,7.503862465669646,0.0,8.613097731639327,Spring,LOAD_PRIORITY
557.0,luxury_house,1.8669665233681283,18.0,1.8669665233681283,16.133033476631873,0.0,16.133033476631873,Spring,LOAD_PRIORITY
557.0,small_family,1.3002088287742324,6.5,4.297895451918253,2.202104548081748,0.0,5.199791171225768,Spring,LOAD_PRIORITY
558.0,apartment,10.921862220699067,3.6399999999999997,3.6399999999999997,0.0,0.0,-7.281862220699068,Spring,LOAD_PRIORITY
558.0,family_house,18.483151450413807,10.08,10.08,0.0,0.0,-8.403151450413807,Spring,LOAD_PRIORITY
558.0,luxury_house,23.5240109368903,18.0,18.0,0.0,0.0,-5.524010936890299,Spring,LOAD_PRIORITY
558.0,small_family,16.3827933310486,6.5,6.5,0.0,0.0,-9.8827933310486,Spring,LOAD_PRIORITY
559.0,apartment,10.995761565520333,3.6399999999999997,3.6399999999999997,0.0,0.0,-7.355761565520333,Spring,LOAD_PRIORITY
559.0,family_house,18.608211880111334,10.08,10.08,0.0,0.0,-8.528211880111334,Spring,LOAD_PRIORITY
559.0,luxury_house,23.683178756505335,18.0,18.0,0.0,0.0,-5.683178756505333,Spring,LOAD_PRIORITY
559.0,small_family,16.4936423482805,6.5,6.5,0.0,0.0,-9.993642348280499,Spring,LOAD_PRIORITY
560.0,apartment,11.240445440207989,3.6399999999999997,3.6399999999999997,0.0,0.0,-7.600445440207988,Spring,LOAD_PRIORITY
560.0,family_house,19.022292283428904,10.08,10.08,0.0,0.0,-8.942292283428905,Spring,LOAD_PRIORITY
560.0,luxury_house,24.210190178909517,18.0,18.0,0.0,0.0,-6.210190178909517,Spring,LOAD_PRIORITY
560.0,small_family,16.86066816031198,6.5,6.5,0.0,0.0,-10.360668160311983,Spring,LOAD_PRIORITY
561.0,apartment,11.80499623826555,3.6399999999999997,3.6399999999999997,0.0,0.0,-8.16499623826555,Spring,LOAD_PRIORITY
561.0,family_house,19.977685941680164,10.08,10.08,0.0,0.0,-9.897685941680162,Spring,LOAD_PRIORITY
561.0,luxury_house,25.426145743956575,18.0,18.0,0.0,0.0,-7.426145743956573,Spring,LOAD_PRIORITY
561.0,small_family,17.707494357398325,6.5,6.5,0.0,0.0,-11.207494357398325,Spring,LOAD_PRIORITY
562.0,apartment,12.27346386618699,3.6399999999999997,3.6399999999999997,0.0,0.0,-8.63346386618699,Spring,LOAD_PRIORITY
562.0,family_house,20.77047731200875,10.08,10.08,0.0,0.0,-10.69047731200875,Spring,LOAD_PRIORITY
562.0,luxury_house,26.43515294255659,18.0,18.0,0.0,0.0,-8.43515294255659,Spring,LOAD_PRIORITY
562.0,small_family,18.410195799280483,6.5,6.5,0.0,0.0,-11.910195799280485,Spring,LOAD_PRIORITY
563.0,apartment,13.234567364986628,3.6399999999999997,3.6399999999999997,0.0,0.0,-9.594567364986627,Spring,LOAD_PRIORITY
563.0,family_house,22.396960156131215,10.08,10.08,0.0,0.0,-12.316960156131218,Spring,LOAD_PRIORITY
563.0,luxury_house,28.50522201689428,18.0,18.0,0.0,0.0,-10.505222016894278,Spring,LOAD_PRIORITY
563.0,small_family,19.85185104747994,6.5,6.5,0.0,0.0,-13.351851047479942,Spring,LOAD_PRIORITY
564.0,apartment,14.067417812872314,3.6399999999999997,3.6399999999999997,0.0,0.0,-10.427417812872314,Spring,LOAD_PRIORITY
564.0,family_house,23.806399375630072,10.08,10.08,0.0,0.0,-13.72639937563007,Spring,LOAD_PRIORITY
564.0,luxury_house,30.29905375080191,18.0,18.0,0.0,0.0,-12.299053750801908,Spring,LOAD_PRIORITY
564.0,small_family,21.10112671930847,6.5,6.5,0.0,0.0,-14.601126719308471,Spring,LOAD_PRIORITY
565.0,apartment,15.020322885897135,3.6399999999999997,3.6399999999999997,0.0,0.0,-11.380322885897135,Spring,LOAD_PRIORITY
565.0,family_house,25.419007960749,10.08,10.08,0.0,0.0,-15.339007960749003,Spring,LOAD_PRIORITY
565.0,luxury_house,32.35146467731691,18.0,18.0,0.0,0.0,-14.351464677316908,Spring,LOAD_PRIORITY
565.0,small_family,22.530484328845706,6.5,6.5,0.0,0.0,-16.030484328845706,Spring,LOAD_PRIORITY
566.0,apartment,15.771878153118637,3.6399999999999997,3.6399999999999997,0.0,0.2691771876668507,-12.131878153118636,Spring,LOAD_PRIORITY
566.0,family_house,26.690870720662307,10.08,10.08,0.0,0.0,-16.61087072066231,Spring,LOAD_PRIORITY
566.0,luxury_house,33.970199099024754,18.0,18.0,0.0,0.0,-15.970199099024752,Spring,LOAD_PRIORITY
566.0,small_family,23.657817229677956,6.5,6.5,0.0,0.0,-17.157817229677956,Spring,LOAD_PRIORITY
567.0,apartment,15.202419536340791,3.6399999999999997,3.6399999999999997,0.0,1.740992118391104,-11.562419536340792,Spring,LOAD_PRIORITY
567.0,family_house,25.727171523038265,10.08,10.08,0.0,0.0,-15.647171523038265,Spring,LOAD_PRIORITY
567.0,luxury_house,32.74367284750325,18.0,18.0,0.0,0.0,-14.743672847503245,Spring,LOAD_PRIORITY
567.0,small_family,22.803629304511187,6.5,6.5,0.0,2.4663590189434155,-16.303629304511187,Spring,LOAD_PRIORITY
568.0,apartment,11.347153529785068,3.6399999999999997,3.6399999999999997,0.0,2.2836034151531512,-7.707153529785067,Spring,LOAD_PRIORITY
568.0,family_house,19.20287520425165,10.08,10.08,0.0,0.0,-9.12287520425165,Spring,LOAD_PRIORITY
568.0,luxury_house,24.440022987229373,18.0,18.0,0.0,0.0,-6.440022987229373,Spring,LOAD_PRIORITY
568.0,small_family,17.020730294677602,6.5,6.5,0.0,6.940755219710945,-10.520730294677602,Spring,LOAD_PRIORITY
569.0,apartment,8.114762682526239,3.6399999999999997,3.6399999999999997,0.0,1.37685005616192,-4.47476268252624,Spring,LOAD_PRIORITY
569.0,family_house,13.73267530889056,10.08,10.08,0.0,0.0,-3.652675308890561,Spring,LOAD_PRIORITY
569.0,luxury_house,17.47795039313344,18.0,18.0,0.0,0.0,0.5220496068665597,Spring,LOAD_PRIORITY
569.0,small_family,12.17214402378936,6.5,6.5,0.0,5.672144023789359,-5.672144023789359,Spring,LOAD_PRIORITY
570.0,apartment,7.003379411467777,19.902500614474746,19.90250061447475,0.0,0.29481714308816975,12.89912120300697,Spring,LOAD_PRIORITY
570.0,family_house,11.851872850176237,30.234112896992038,30.234112896992038,0.0,0.0,18.3822400468158,Spring,LOAD_PRIORITY
570.0,luxury_house,15.08420180931521,37.19020950967636,37.19020950967636,0.0,0.0,22.106007700361147,Spring,LOAD_PRIORITY
570.0,small_family,10.505069117201666,28.408333668433176,28.408333668433176,0.0,0.2337231540901773,17.903264551231512,Spring,LOAD_PRIORITY
571.0,apartment,0.0,22.950959143123093,22.950959143123093,0.0,0.0,22.950959143123093,Spring,LOAD_PRIORITY
571.0,family_house,0.0,28.653553679403718,28.653553679403718,0.0,0.0,28.653553679403718,Spring,LOAD_PRIORITY
571.0,luxury_house,0.0,35.100407139929146,35.100407139929146,0.0,0.0,35.100407139929146,Spring,LOAD_PRIORITY
571.0,small_family,0.0,29.404990190241136,29.404990190241136,0.0,0.0,29.404990190241136,Spring,LOAD_PRIORITY
572.0,apartment,0.0,24.89230132273606,24.89230132273606,0.0,0.0,24.89230132273606,Spring,LOAD_PRIORITY
572.0,family_house,0.0,29.019318666138027,29.019318666138027,0.0,0.0,29.019318666138027,Spring,LOAD_PRIORITY
572.0,luxury_house,0.0,31.72832890882809,26.654268993124433,5.074059915703659,0.0,31.72832890882809,Spring,LOAD_PRIORITY
572.0,small_family,0.0,22.48563991140421,22.48563991140421,0.0,0.0,22.48563991140421,Spring,LOAD_PRIORITY
573.0,apartment,0.0,23.518204133831805,21.068920119756015,2.449284014075789,0.0,23.518204133831805,Spring,LOAD_PRIORITY
573.0,family_house,0.0,30.709863011759396,27.2263832463382,3.4834797654211913,0.0,30.709863011759396,Spring,LOAD_PRIORITY
573.0,luxury_house,0.0,41.42697824184223,12.446749103548617,28.980229138293613,0.0,41.42697824184223,Spring,LOAD_PRIORITY
573.0,small_family,0.0,27.42342601487723,27.40248204738939,0.020943967487835113,0.0,27.42342601487723,Spring,LOAD_PRIORITY
574.0,apartment,1.3136086026387301,3.6399999999999997,3.070698638458394,0.5693013615416059,0.0,2.3263913973612693,Spring,LOAD_PRIORITY
574.0,family_house,2.2230299429270817,10.08,7.924807582217973,2.155192417782025,0.0,7.8569700570729175,Spring,LOAD_PRIORITY
574.0,luxury_house,2.8293108364526494,18.0,2.8293108364526494,15.17068916354735,0.0,15.17068916354735,Spring,LOAD_PRIORITY
574.0,small_family,1.970412903958095,6.5,5.577252072669571,0.9227479273304287,0.0,4.529587096041905,Spring,LOAD_PRIORITY
575.0,apartment,4.068621009658916,3.6399999999999997,3.6399999999999997,0.0,0.0,-0.42862100965891625,Spring,LOAD_PRIORITY
575.0,family_house,6.8853586317304725,10.08,9.015119543910156,1.0648804560898424,0.0,3.194641368269527,Spring,LOAD_PRIORITY
575.0,luxury_house,8.763183713111511,18.0,8.763183713111511,9.236816286888489,0.0,9.236816286888489,Spring,LOAD_PRIORITY
575.0,small_family,6.102931514488374,6.5,6.408368811035778,0.09163118896422151,0.0,0.39706848551162655,Spring,LOAD_PRIORITY
576.0,apartment,0.0,3.6399999999999997,2.6386950488286227,1.001304951171377,0.0,3.6399999999999997,Spring,LOAD_PRIORITY
576.0,family_house,0.0,10.08,5.686293505869182,4.393706494130818,0.0,10.08,Spring,LOAD_PRIORITY
576.0,luxury_house,0.0,18.0,0.0,18.0,0.0,18.0,Spring,LOAD_PRIORITY
576.0,small_family,0.0,6.5,4.52683679236358,1.97316320763642,0.0,6.5,Spring,LOAD_PRIORITY
577.0,apartment,1.6586016589743555,3.6399999999999997,2.8963449568702027,0.7436550431297968,0.0,1.981398341025644,Spring,LOAD_PRIORITY
577.0,family_house,2.806864345956602,10.08,4.8210926642071055,5.258907335792895,0.0,7.273135654043398,Spring,LOAD_PRIORITY
577.0,luxury_house,3.5723728039447664,18.0,3.5723728039447664,14.427627196055234,0.0,14.427627196055234,Spring,LOAD_PRIORITY
577.0,small_family,2.4879024884615335,6.5,5.086187196323265,1.4138128036767352,0.0,4.0120975115384665,Spring,LOAD_PRIORITY
578.0,apartment,2.870010683252827,3.6399999999999997,3.2832914343135196,0.35670856568648013,0.0,0.7699893167471726,Spring,LOAD_PRIORITY
578.0,family_house,4.856941156274015,10.08,5.7274509635616795,4.352549036438321,0.0,5.223058843725984,Spring,LOAD_PRIORITY
578.0,luxury_house,6.181561471621474,18.0,6.181561471621474,11.818438528378525,0.0,11.818438528378525,Spring,LOAD_PRIORITY
578.0,small_family,4.305016024879241,6.5,5.655775394184324,0.8442246058156766,0.0,2.194983975120759,Spring,LOAD_PRIORITY
579.0,apartment,3.1685331992819235,3.6399999999999997,3.3861332611518047,0.253866738848195,0.0,0.47146680071807634,Spring,LOAD_PRIORITY
579.0,family_house,5.362133106477101,10.08,6.040792719055863,4.0392072809441375,0.0,4.717866893522899,Spring,LOAD_PRIORITY
579.0,luxury_house,6.824533044607219,18.0,6.824533044607219,11.175466955392782,0.0,11.175466955392782,Spring,LOAD_PRIORITY
579.0,small_family,4.752799798922885,6.5,5.827999922662648,0.6720000773373519,0.0,1.7472002010771148,Spring,LOAD_PRIORITY
580.0,apartment,2.773020469938692,3.6399999999999997,3.1731648684285263,0.4668351315714734,0.0,0.8669795300613078,Spring,LOAD_PRIORITY
580.0,family_house,4.692803872203941,10.08,5.141736882853612,4.938263117146388,0.0,5.387196127796059,Spring,LOAD_PRIORITY
580.0,luxury_house,5.972659473714106,18.0,5.972659473714106,12.027340526285895,0.0,12.027340526285895,Spring,LOAD_PRIORITY
580.0,small_family,4.159530704908038,6.5,5.599819501887707,0.9001804981122932,0.0,2.3404692950919626,Spring,LOAD_PRIORITY
581.0,apartment,2.06078309598867,3.6399999999999997,2.7896524363015915,0.8503475636984082,0.0,1.5792169040113295,Spring,LOAD_PRIORITY
581.0,family_house,3.4874790855192876,10.08,3.565266206432661,6.514733793567339,0.0,6.592520914480712,Spring,LOAD_PRIORITY
581.0,luxury_house,4.4386097452063655,18.0,4.4386097452063655,13.561390254793633,0.0,13.561390254793633,Spring,LOAD_PRIORITY
581.0,small_family,3.0911746439830052,6.5,5.177421662007311,1.3225783379926894,0.0,3.4088253560169948,Spring,LOAD_PRIORITY
582.0,apartment,11.372509273789461,3.6399999999999997,3.6399999999999997,0.0,0.0,-7.7325092737894625,Spring,LOAD_PRIORITY
582.0,family_house,19.245784924874474,10.08,10.08,0.0,0.0,-9.165784924874474,Spring,LOAD_PRIORITY
582.0,luxury_house,24.49463535893115,18.0,18.0,0.0,0.0,-6.4946353589311485,Spring,LOAD_PRIORITY
582.0,small_family,17.058763910684192,6.5,6.5,0.0,0.0,-10.558763910684192,Spring,LOAD_PRIORITY
583.0,apartment,11.42980865012964,3.6399999999999997,3.6399999999999997,0.0,0.0,-7.789808650129641,Spring,LOAD_PRIORITY
583.0,family_house,19.34275310021939,10.08,10.08,0.0,0.0,-9.26275310021939,Spring,LOAD_PRIORITY
583.0,luxury_house,24.618049400279226,18.0,18.0,0.0,0.0,-6.618049400279226,Spring,LOAD_PRIORITY
583.0,small_family,17.14471297519446,6.5,6.5,0.0,0.0,-10.64471297519446,Spring,LOAD_PRIORITY
584.0,apartment,11.56907232413847,3.6399999999999997,3.6399999999999997,0.0,0.0,-7.929072324138469,Spring,LOAD_PRIORITY
584.0,family_house,19.57843008700356,10.08,10.08,0.0,0.0,-9.49843008700356,Spring,LOAD_PRIORITY
584.0,luxury_house,24.918001928913625,18.0,18.0,0.0,0.0,-6.918001928913624,Spring,LOAD_PRIORITY
584.0,small_family,17.3536084862077,6.5,6.5,0.0,0.0,-10.853608486207701,Spring,LOAD_PRIORITY
585.0,apartment,12.344142286962482,3.6399999999999997,3.6399999999999997,0.0,0.0,-8.704142286962481,Spring,LOAD_PRIORITY
585.0,family_house,20.890086947167276,10.08,10.08,0.0,0.0,-10.810086947167278,Spring,LOAD_PRIORITY
585.0,luxury_house,26.58738338730381,18.0,18.0,0.0,0.0,-8.58738338730381,Spring,LOAD_PRIORITY
585.0,small_family,18.51621343044372,6.5,6.5,0.0,0.0,-12.01621343044372,Spring,LOAD_PRIORITY
586.0,apartment,13.32206024415543,3.6399999999999997,3.6399999999999997,0.0,0.0,-9.68206024415543,Spring,LOAD_PRIORITY
586.0,family_house,22.54502502857073,10.08,10.08,0.0,0.0,-12.465025028570729,Spring,LOAD_PRIORITY
586.0,luxury_house,28.693668218180928,18.0,18.0,0.0,0.0,-10.693668218180928,Spring,LOAD_PRIORITY
586.0,small_family,19.98309036623315,6.5,6.5,0.0,0.0,-13.483090366233148,Spring,LOAD_PRIORITY
587.0,apartment,14.276839288961376,3.6399999999999997,3.6399999999999997,0.0,0.13560452936338618,-10.636839288961376,Spring,LOAD_PRIORITY
587.0,family_house,24.160804950550023,10.08,10.08,0.0,0.0,-14.080804950550023,Spring,LOAD_PRIORITY
587.0,luxury_house,30.750115391609114,18.0,18.0,0.0,0.0,-12.750115391609116,Spring,LOAD_PRIORITY
587.0,small_family,21.415258933442065,6.5,6.5,0.0,0.0,-14.915258933442065,Spring,LOAD_PRIORITY
588.0,apartment,15.785583430686781,3.6399999999999997,3.6399999999999997,0.0,0.9342756485143677,-12.14558343068678,Spring,LOAD_PRIORITY
588.0,family_house,26.714064267316097,10.08,10.08,0.0,0.0,-16.6340642673161,Spring,LOAD_PRIORITY
588.0,luxury_house,33.9997181584023,18.0,18.0,0.0,0.0,-15.999718158402299,Spring,LOAD_PRIORITY
588.0,small_family,23.678375146030174,6.5,6.5,0.0,0.28081940894494717,-17.178375146030174,Spring,LOAD_PRIORITY
589.0,apartment,16.043365796796845,3.6399999999999997,3.6399999999999997,0.0,0.954105061292065,-12.403365796796844,Spring,LOAD_PRIORITY
589.0,family_house,27.150311348425426,10.08,10.08,0.0,0.0,-17.070311348425427,Spring,LOAD_PRIORITY
589.0,luxury_house,34.55494171617782,18.0,18.0,0.0,0.0,-16.55494171617782,Spring,LOAD_PRIORITY
589.0,small_family,24.065048695195266,6.5,6.5,0.0,1.7001047970175465,-17.565048695195266,Spring,LOAD_PRIORITY
590.0,apartment,17.71012978989475,3.6399999999999997,3.6399999999999997,0.0,1.08231767614575,-14.07012978989475,Spring,LOAD_PRIORITY
590.0,family_house,29.9709888752065,10.08,10.08,0.0,0.0,-19.890988875206503,Spring,LOAD_PRIORITY
590.0,luxury_house,38.144894932081,18.0,18.0,0.0,0.0,-20.144894932081,Spring,LOAD_PRIORITY
590.0,small_family,26.565194684842126,6.5,6.5,0.0,3.6406477840840887,-20.065194684842126,Spring,LOAD_PRIORITY
591.0,apartment,17.48055079956192,3.6399999999999997,3.6399999999999997,0.0,3.053197390099269,-13.840550799561921,Spring,LOAD_PRIORITY
591.0,family_house,29.582470583874024,10.08,10.08,0.0,0.0,-19.502470583874025,Spring,LOAD_PRIORITY
591.0,luxury_house,37.65041710674876,18.0,18.0,0.0,0.0,-19.65041710674876,Spring,LOAD_PRIORITY
591.0,small_family,26.22082619934288,6.5,6.5,0.0,14.246195139914207,-19.72082619934288,Spring,LOAD_PRIORITY
592.0,apartment,13.631912334640218,3.6399999999999997,3.6399999999999997,0.0,7.4532596849967145,-9.991912334640217,Spring,LOAD_PRIORITY
592.0,family_house,23.069390104775756,10.08,10.08,0.0,0.0,-12.989390104775756,Spring,LOAD_PRIORITY
592.0,luxury_house,29.361041951532776,18.0,18.0,0.0,0.0,-11.361041951532778,Spring,LOAD_PRIORITY
592.0,small_family,20.44786850196033,6.5,6.5,0.0,13.947868501960329,-13.947868501960329,Spring,LOAD_PRIORITY
593.0,apartment,10.39364051205688,3.6399999999999997,3.6399999999999997,0.0,6.753640512056879,-6.753640512056879,Spring,LOAD_PRIORITY
593.0,family_house,17.589237789634716,10.08,10.08,0.0,0.0,-7.509237789634717,Spring,LOAD_PRIORITY
593.0,luxury_house,22.38630264135328,18.0,18.0,0.0,0.0,-4.386302641353279,Spring,LOAD_PRIORITY
593.0,small_family,15.590460768085318,6.5,6.5,0.0,9.090460768085318,-9.090460768085318,Spring,LOAD_PRIORITY
594.0,apartment,8.529486872759342,23.80977792215561,23.80977792215561,0.0,0.0,15.280291049396268,Spring,LOAD_PRIORITY
594.0,family_house,14.434516246208116,32.78535223231149,32.78535223231149,0.0,0.0,18.350835986103373,Spring,LOAD_PRIORITY
594.0,luxury_house,18.371202495173964,34.36085701475475,34.36085701475475,0.0,0.0,15.989654519580782,Spring,LOAD_PRIORITY
594.0,small_family,12.794230309139012,28.416937483840375,28.416937483840375,0.0,0.41683344777858844,15.622707174701361,Spring,LOAD_PRIORITY
595.0,apartment,0.0,20.609344168985995,20.609344168985995,0.0,0.0,20.609344168985995,Spring,LOAD_PRIORITY
595.0,family_house,0.0,26.437085394989648,26.437085394989648,0.0,0.0,26.437085394989648,Spring,LOAD_PRIORITY
595.0,luxury_house,0.0,39.20768308295501,39.20768308295501,0.0,0.0,39.20768308295501,Spring,LOAD_PRIORITY
595.0,small_family,0.0,27.3485686468445,27.3485686468445,0.0,0.0,27.3485686468445,Spring,LOAD_PRIORITY
596.0,apartment,0.0,26.59520418862008,26.59520418862008,0.0,0.0,26.59520418862008,Spring,LOAD_PRIORITY
596.0,family_house,0.0,30.257998710057933,30.257998710057933,0.0,0.0,30.257998710057933,Spring,LOAD_PRIORITY
596.0,luxury_house,0.0,41.195633045277724,41.195633045277724,0.0,0.0,41.195633045277724,Spring,LOAD_PRIORITY
596.0,small_family,0.0,28.00079946797554,28.00079946797554,0.0,0.0,28.00079946797554,Spring,LOAD_PRIORITY
597.0,apartment,0.0,28.43567698222759,24.713837446279623,3.721839535947968,0.0,28.43567698222759,Spring,LOAD_PRIORITY
597.0,family_house,0.0,27.00016499137721,27.00016499137721,0.0,0.0,27.00016499137721,Spring,LOAD_PRIORITY
597.0,luxury_house,0.0,39.48861863572675,26.369060354579762,13.119558281146993,0.0,39.48861863572675,Spring,LOAD_PRIORITY
597.0,small_family,0.0,25.9120439081865,23.350457802741296,2.561586105445206,0.0,25.9120439081865,Spring,LOAD_PRIORITY
598.0,apartment,1.5450092317237434,3.6399999999999997,2.9953874559149978,0.6446125440850019,0.0,2.094990768276256,Spring,LOAD_PRIORITY
598.0,family_house,2.6146310075324886,10.08,10.046719760060775,0.03328023993922691,0.0,7.4653689924675115,Spring,LOAD_PRIORITY
598.0,luxury_house,3.327712191404985,18.0,5.860313715727561,12.139686284272438,0.0,14.672287808595014,Spring,LOAD_PRIORITY
598.0,small_family,2.317513847585615,6.5,5.856540591936248,0.6434594080637515,0.0,4.182486152414384,Spring,LOAD_PRIORITY
599.0,apartment,4.361801417162046,3.6399999999999997,3.6399999999999997,0.0,0.0,-0.7218014171620462,Spring,LOAD_PRIORITY
599.0,family_house,7.381510090581924,10.08,9.855125840881827,0.224874159118173,0.0,2.698489909418076,Spring,LOAD_PRIORITY
599.0,luxury_house,9.394649206195176,18.0,10.243269851841731,7.756730148158269,0.0,8.605350793804824,Spring,LOAD_PRIORITY
599.0,small_family,6.5427021257430695,6.5,6.5,0.0,0.0,-0.04270212574306931,Spring,LOAD_PRIORITY
600.0,apartment,0.0,3.6399999999999997,2.5929002409353337,1.0470997590646658,0.0,3.6399999999999997,Spring,LOAD_PRIORITY
600.0,family_house,0.0,10.08,9.18609184128224,0.89390815871776,0.0,10.08,Spring,LOAD_PRIORITY
600.0,luxury_house,0.0,18.0,0.0,18.0,0.0,18.0,Spring,LOAD_PRIORITY
600.0,small_family,0.0,6.5,5.505912602025964,0.9940873979740366,0.0,6.5,Spring,LOAD_PRIORITY
601.0,apartment,1.9295603216052077,3.6399999999999997,2.7668841011633245,0.8731158988366752,0.0,1.710439678394792,Spring,LOAD_PRIORITY
601.0,family_house,3.2654097750241977,10.08,7.881360265347185,2.1986397346528137,0.0,6.8145902249758015,Spring,LOAD_PRIORITY
601.0,luxury_house,4.155976077303524,18.0,4.155976077303524,13.844023922696476,0.0,13.844023922696476,Spring,LOAD_PRIORITY
601.0,small_family,2.894340482407811,6.5,5.945283151139663,0.5547168488603367,0.0,3.6056595175921884,Spring,LOAD_PRIORITY
602.0,apartment,3.0620808918854,3.6399999999999997,3.3288127879382925,0.3111872120617073,0.0,0.5779191081145993,Spring,LOAD_PRIORITY
602.0,family_house,5.181983047806062,10.08,8.085360698032698,1.9946393019673025,0.0,4.898016952193937,Spring,LOAD_PRIORITY
602.0,luxury_house,6.59525115175317,18.0,6.59525115175317,11.404748848246829,0.0,11.404748848246829,Spring,LOAD_PRIORITY
602.0,small_family,4.593121337828101,6.5,6.206634051973554,0.2933659480264461,0.0,1.9068786621718998,Spring,LOAD_PRIORITY
603.0,apartment,3.209813038531579,3.6399999999999997,3.408360866901619,0.2316391330983805,0.0,0.43018696146842095,Spring,LOAD_PRIORITY
603.0,family_house,5.431991295976518,10.08,8.143329706656882,1.9366702933431172,0.0,4.648008704023482,Spring,LOAD_PRIORITY
603.0,luxury_house,6.913443467606477,18.0,6.913443467606477,11.086556532393523,0.0,11.086556532393523,Spring,LOAD_PRIORITY
603.0,small_family,4.814719557797368,6.5,6.199369900287716,0.3006300997122837,0.0,1.6852804422026322,Spring,LOAD_PRIORITY
604.0,apartment,3.3207337842809235,3.6399999999999997,3.463507667722416,0.1764923322775835,0.0,0.31926621571907615,Spring,LOAD_PRIORITY
604.0,family_house,5.61970332724464,10.08,7.900671563771672,2.179328436228327,0.0,4.46029667275536,Spring,LOAD_PRIORITY
604.0,luxury_house,7.152349689220451,18.0,7.152349689220451,10.84765031077955,0.0,10.84765031077955,Spring,LOAD_PRIORITY
604.0,small_family,4.981100676421385,6.5,6.149484771481858,0.3505152285181419,0.0,1.5188993235786148,Spring,LOAD_PRIORITY
605.0,apartment,3.4033816923226414,3.6399999999999997,3.49438873373701,0.1456112662629896,0.0,0.2366183076773581,Spring,LOAD_PRIORITY
605.0,family_house,5.759569017776777,10.08,7.919784508888389,2.160215491111611,0.0,4.320430982223222,Spring,LOAD_PRIORITY
605.0,luxury_house,7.330360568079535,18.0,7.330360568079535,10.669639431920466,0.0,10.669639431920466,Spring,LOAD_PRIORITY
605.0,small_family,5.105072538483961,6.5,6.178093662727068,0.32190633727293194,0.0,1.3949274615160383,Spring,LOAD_PRIORITY
606.0,apartment,12.20130365847146,3.6399999999999997,3.6399999999999997,0.0,0.0,-8.561303658471461,Spring,LOAD_PRIORITY
606.0,family_house,20.64836003741324,10.08,10.08,0.0,0.0,-10.568360037413242,Spring,LOAD_PRIORITY
606.0,luxury_house,26.279730956707763,18.0,18.0,0.0,0.0,-8.279730956707763,Spring,LOAD_PRIORITY
606.0,small_family,18.30195548770719,6.5,6.5,0.0,0.0,-11.80195548770719,Spring,LOAD_PRIORITY
607.0,apartment,12.295834798824151,3.6399999999999997,3.6399999999999997,0.0,0.0,-8.655834798824152,Spring,LOAD_PRIORITY
607.0,family_house,20.80833581339472,10.08,10.08,0.0,0.0,-10.728335813394718,Spring,LOAD_PRIORITY
607.0,luxury_house,26.4833364897751,18.0,18.0,0.0,0.0,-8.483336489775096,Spring,LOAD_PRIORITY
607.0,small_family,18.443752198236226,6.5,6.5,0.0,0.0,-11.943752198236226,Spring,LOAD_PRIORITY
608.0,apartment,11.5549791182089,3.6399999999999997,3.6399999999999997,0.0,0.0,-7.9149791182089,Spring,LOAD_PRIORITY
608.0,family_house,19.554580046199675,10.08,10.08,0.0,0.0,-9.474580046199677,Spring,LOAD_PRIORITY
608.0,luxury_house,24.887647331526857,18.0,18.0,0.0,0.0,-6.887647331526859,Spring,LOAD_PRIORITY
608.0,small_family,17.33246867731335,6.5,6.5,0.0,0.0,-10.83246867731335,Spring,LOAD_PRIORITY
609.0,apartment,12.0643581088713,3.6399999999999997,3.6399999999999997,0.0,0.0,-8.4243581088713,Spring,LOAD_PRIORITY
609.0,family_house,20.41660603039758,10.08,10.08,0.0,0.0,-10.336606030397583,Spring,LOAD_PRIORITY
609.0,luxury_house,25.984771311415106,18.0,18.0,0.0,0.0,-7.9847713114151055,Spring,LOAD_PRIORITY
609.0,small_family,18.096537163306948,6.5,6.5,0.0,0.0,-11.596537163306948,Spring,LOAD_PRIORITY
610.0,apartment,13.705931082413002,3.6399999999999997,3.6399999999999997,0.0,0.0,-10.065931082413002,Spring,LOAD_PRIORITY
610.0,family_house,23.194652601006624,10.08,10.08,0.0,0.0,-13.114652601006624,Spring,LOAD_PRIORITY
610.0,luxury_house,29.5204669467357,18.0,18.0,0.0,0.0,-11.520466946735699,Spring,LOAD_PRIORITY
610.0,small_family,20.558896623619503,6.5,6.5,0.0,0.0,-14.058896623619505,Spring,LOAD_PRIORITY
611.0,apartment,14.630960081181817,3.6399999999999997,3.6399999999999997,0.0,0.0,-10.990960081181816,Spring,LOAD_PRIORITY
611.0,family_house,24.760086291230763,10.08,10.08,0.0,0.0,-14.680086291230767,Spring,LOAD_PRIORITY
611.0,luxury_house,31.512837097930067,18.0,18.0,0.0,0.0,-13.512837097930065,Spring,LOAD_PRIORITY
611.0,small_family,21.94644012177272,6.5,6.5,0.0,0.0,-15.446440121772723,Spring,LOAD_PRIORITY
612.0,apartment,16.314213323200057,3.6399999999999997,3.6399999999999997,0.0,0.0,-12.674213323200059,Spring,LOAD_PRIORITY
612.0,family_house,27.608668700800102,10.08,10.08,0.0,0.0,-17.528668700800104,Spring,LOAD_PRIORITY
612.0,luxury_house,35.13830561920013,18.0,18.0,0.0,0.0,-17.138305619200132,Spring,LOAD_PRIORITY
612.0,small_family,24.47131998480009,6.5,6.5,0.0,1.170760191934146,-17.97131998480009,Spring,LOAD_PRIORITY
613.0,apartment,16.441958508162983,3.6399999999999997,3.6399999999999997,0.0,0.31445191232801206,-12.801958508162985,Spring,LOAD_PRIORITY
613.0,family_house,27.824852859968132,10.08,10.08,0.0,0.0,-17.744852859968134,Spring,LOAD_PRIORITY
613.0,luxury_house,35.41344909450489,18.0,18.0,0.0,0.0,-17.41344909450489,Spring,LOAD_PRIORITY
613.0,small_family,24.662937762244482,6.5,6.5,0.0,1.3971490586341908,-18.162937762244482,Spring,LOAD_PRIORITY
614.0,apartment,17.5697044024089,3.6399999999999997,3.6399999999999997,0.0,1.9219333185184908,-13.929704402408898,Spring,LOAD_PRIORITY
614.0,family_house,27.255567085788165,10.08,10.08,0.0,0.0,-17.175567085788167,Spring,LOAD_PRIORITY
614.0,luxury_house,37.842440251342246,18.0,18.0,0.0,0.0,-19.842440251342246,Spring,LOAD_PRIORITY
614.0,small_family,26.354556603613354,6.5,6.5,0.0,5.853737237488117,-19.854556603613354,Spring,LOAD_PRIORITY
615.0,apartment,17.80156220339094,3.6399999999999997,3.6399999999999997,0.0,4.46829747237855,-14.161562203390938,Spring,LOAD_PRIORITY
615.0,family_house,27.615243930901325,10.08,10.08,0.0,0.8139117092782674,-17.535243930901327,Spring,LOAD_PRIORITY
615.0,luxury_house,38.341826284226634,18.0,18.0,0.0,0.0,-20.341826284226634,Spring,LOAD_PRIORITY
615.0,small_family,26.70234330508641,6.5,6.5,0.0,18.964689308621203,-20.20234330508641,Spring,LOAD_PRIORITY
616.0,apartment,14.637177837575406,3.6399999999999997,3.6399999999999997,0.0,10.108057673039825,-10.997177837575405,Spring,LOAD_PRIORITY
616.0,family_house,22.706391260854154,10.08,10.08,0.0,2.5769031508878415,-12.626391260854156,Spring,LOAD_PRIORITY
616.0,luxury_house,31.52622918862395,18.0,18.0,0.0,0.0,-13.526229188623951,Spring,LOAD_PRIORITY
616.0,small_family,21.955766756363108,6.5,6.5,0.0,15.455766756363108,-15.455766756363108,Spring,LOAD_PRIORITY
617.0,apartment,9.467024476686937,3.6399999999999997,3.6399999999999997,0.0,5.827024476686937,-5.827024476686937,Spring,LOAD_PRIORITY
617.0,family_house,14.686025149732298,10.08,10.08,0.0,1.9285786492622468,-4.606025149732299,Spring,LOAD_PRIORITY
617.0,luxury_house,20.390514257479555,18.0,18.0,0.0,0.0,-2.3905142574795555,Spring,LOAD_PRIORITY
617.0,small_family,14.200536715030404,6.5,6.5,0.0,7.700536715030404,-7.700536715030404,Spring,LOAD_PRIORITY
618.0,apartment,7.034037773952142,19.280039944222576,19.280039944222576,0.0,0.6297288777198351,12.246002170270431,Spring,LOAD_PRIORITY
618.0,family_house,10.911776546771913,23.105141914937914,23.105141914937914,0.0,0.0,12.193365368166003,Spring,LOAD_PRIORITY
618.0,luxury_house,15.150235205435381,36.185624912342334,36.185624912342334,0.0,0.0,21.03538970690695,Spring,LOAD_PRIORITY
618.0,small_family,10.551056660928213,27.67222833545994,27.67222833545994,0.0,0.0692483109159483,17.12117167453173,Spring,LOAD_PRIORITY
619.0,apartment,0.0,19.620427084439143,19.620427084439143,0.0,0.0,19.620427084439143,Spring,LOAD_PRIORITY
619.0,family_house,0.0,25.31869146154757,24.342791593334507,0.97589986821306,0.0,25.31869146154757,Spring,LOAD_PRIORITY
619.0,luxury_house,0.0,36.62099781506927,36.62099781506927,0.0,0.0,36.62099781506927,Spring,LOAD_PRIORITY
619.0,small_family,0.0,28.073438666383883,28.073438666383883,0.0,0.0,28.073438666383883,Spring,LOAD_PRIORITY
620.0,apartment,0.0,21.562134197097393,21.562134197097393,0.0,0.0,21.562134197097393,Spring,LOAD_PRIORITY
620.0,family_house,0.0,27.843927281655667,25.687943645492982,2.1559836361626816,0.0,27.843927281655667,Spring,LOAD_PRIORITY
620.0,luxury_house,0.0,36.14996499727546,36.14996499727546,0.0,0.0,36.14996499727546,Spring,LOAD_PRIORITY
620.0,small_family,0.0,24.3271135705029,24.3271135705029,0.0,0.0,24.3271135705029,Spring,LOAD_PRIORITY
621.0,apartment,0.0,23.56460999487734,22.334069262602245,1.2305407322750952,0.0,23.56460999487734,Spring,LOAD_PRIORITY
621.0,family_house,0.0,26.011942101225603,22.39491550943322,3.617026591792385,0.0,26.011942101225603,Spring,LOAD_PRIORITY
621.0,luxury_house,0.0,38.36854921314293,29.76071357225603,8.607835640886897,0.0,38.36854921314293,Spring,LOAD_PRIORITY
621.0,small_family,0.0,18.82763101652094,18.82763101652094,0.0,0.0,18.82763101652094,Spring,LOAD_PRIORITY
622.0,apartment,1.341065817810913,3.6399999999999997,3.145926418044525,0.4940735819554746,0.0,2.298934182189087,Spring,LOAD_PRIORITY
622.0,family_house,2.0803713327579545,10.08,9.24,0.84,0.0,7.999628667242046,Spring,LOAD_PRIORITY
622.0,luxury_house,2.8884494537465812,18.0,9.154386372952041,8.845613627047959,0.0,15.111550546253419,Spring,LOAD_PRIORITY
622.0,small_family,2.0115987267163695,6.5,6.198408428402777,0.3015915715972227,0.0,4.488401273283631,Spring,LOAD_PRIORITY
623.0,apartment,4.121299350666774,3.6399999999999997,3.6399999999999997,0.0,0.0,-0.4812993506667745,Spring,LOAD_PRIORITY
623.0,family_house,6.3932977106497395,10.08,9.24,0.84,0.0,3.6867022893502597,Spring,LOAD_PRIORITY
623.0,luxury_house,8.876644755282284,18.0,10.58572307998494,7.414276920015062,0.0,9.123355244717716,Spring,LOAD_PRIORITY
623.0,small_family,6.1819490260001615,6.5,6.475534540461551,0.024465459538449086,0.0,0.3180509739998381,Spring,LOAD_PRIORITY
624.0,apartment,0.0,3.6399999999999997,2.707714638029177,0.9322853619708228,0.0,3.6399999999999997,Spring,LOAD_PRIORITY
624.0,family_house,0.0,10.08,9.24,0.84,0.0,10.08,Spring,LOAD_PRIORITY
624.0,luxury_house,0.0,18.0,1.0473180111053617,16.95268198889464,0.0,18.0,Spring,LOAD_PRIORITY
624.0,small_family,0.0,6.5,5.671792004656676,0.8282079953433243,0.0,6.5,Spring,LOAD_PRIORITY
625.0,apartment,1.8223843719161619,3.6399999999999997,3.08073365289728,0.5592663471027193,0.0,1.8176156280838376,Spring,LOAD_PRIORITY
625.0,family_house,2.827032166690457,10.08,9.24,0.84,0.0,7.252967833309543,Spring,LOAD_PRIORITY
625.0,luxury_house,3.9251355702809647,18.0,3.9251355702809647,14.074864429719035,0.0,14.074864429719035,Spring,LOAD_PRIORITY
625.0,small_family,2.733576557874243,6.5,5.5508578228057806,0.9491421771942196,0.0,3.766423442125757,Spring,LOAD_PRIORITY
626.0,apartment,2.7902329482646246,3.6399999999999997,3.3785332148506533,0.2614667851493462,0.0,0.849767051735375,Spring,LOAD_PRIORITY
626.0,family_house,4.3284382915387125,10.08,9.24,0.84,0.0,5.751561708461287,Spring,LOAD_PRIORITY
626.0,luxury_house,6.009732503954577,18.0,6.009732503954577,11.990267496045423,0.0,11.990267496045423,Spring,LOAD_PRIORITY
626.0,small_family,4.1853494223969365,6.5,5.78779982227598,0.7122001777240194,0.0,2.314650577603063,Spring,LOAD_PRIORITY
627.0,apartment,2.926057740581627,3.6399999999999997,3.4203254586405003,0.21967454135949938,0.0,0.713942259418373,Spring,LOAD_PRIORITY
627.0,family_house,4.539140853979189,10.08,9.24,0.84,0.0,5.54085914602081,Spring,LOAD_PRIORITY
627.0,luxury_house,6.302278210483503,18.0,6.302278210483503,11.697721789516496,0.0,11.697721789516496,Spring,LOAD_PRIORITY
627.0,small_family,4.3890866108724405,6.5,5.850488187960751,0.6495118120392491,0.0,2.1109133891275595,Spring,LOAD_PRIORITY
628.0,apartment,3.121050782134428,3.6399999999999997,3.4803233175798236,0.15967668242017585,0.0,0.5189492178655715,Spring,LOAD_PRIORITY
628.0,family_house,4.841630059464946,10.08,9.157021146256938,0.9229788537430625,0.0,5.238369940535054,Spring,LOAD_PRIORITY
628.0,luxury_house,6.722263223058768,18.0,6.722263223058768,11.277736776941232,0.0,11.277736776941232,Spring,LOAD_PRIORITY
628.0,small_family,4.681576173201642,6.5,5.940484976369736,0.559515023630264,0.0,1.818423826798358,Spring,LOAD_PRIORITY
629.0,apartment,3.1789513921642008,3.6399999999999997,3.4981388898966768,0.1418611101033227,0.0,0.46104860783579876,Spring,LOAD_PRIORITY
629.0,family_house,4.931450236562414,10.08,8.834440509402558,1.2455594905974408,0.0,5.148549763437585,Spring,LOAD_PRIORITY
629.0,luxury_house,6.846972229276741,18.0,6.846972229276741,11.15302777072326,0.0,11.15302777072326,Spring,LOAD_PRIORITY
629.0,small_family,4.768427088246301,6.5,5.967208334845016,0.5327916651549842,0.0,1.7315729117536987,Spring,LOAD_PRIORITY
630.0,apartment,11.700571946945836,3.6399999999999997,3.6399999999999997,0.0,0.0,-8.060571946945837,Spring,LOAD_PRIORITY
630.0,family_house,18.150887251031364,10.08,9.24,0.84,0.0,-8.070887251031362,Spring,LOAD_PRIORITY
630.0,luxury_house,25.201231885729495,18.0,18.0,0.0,0.0,-7.201231885729495,Spring,LOAD_PRIORITY
630.0,small_family,17.550857920418753,6.5,6.5,0.0,0.0,-11.050857920418753,Spring,LOAD_PRIORITY
631.0,apartment,11.607469777185907,3.6399999999999997,3.6399999999999997,0.0,0.0,-7.967469777185906,Spring,LOAD_PRIORITY
631.0,family_house,18.006459526147367,10.08,9.24,0.84,0.0,-7.926459526147369,Spring,LOAD_PRIORITY
631.0,luxury_house,25.000704135477342,18.0,18.0,0.0,0.0,-7.00070413547734,Spring,LOAD_PRIORITY
631.0,small_family,17.41120466577886,6.5,6.5,0.0,0.0,-10.91120466577886,Spring,LOAD_PRIORITY
632.0,apartment,11.740652204004398,3.6399999999999997,3.6399999999999997,0.0,0.0,-8.1006522040044,Spring,LOAD_PRIORITY
632.0,family_house,18.213063034417083,10.08,9.24,0.84,0.0,-8.13306303441708,Spring,LOAD_PRIORITY
632.0,luxury_house,25.287558593240245,18.0,18.0,0.0,0.0,-7.287558593240245,Spring,LOAD_PRIORITY
632.0,small_family,17.610978306006597,6.5,6.5,0.0,0.0,-11.110978306006597,Spring,LOAD_PRIORITY
633.0,apartment,12.56111345186354,3.6399999999999997,3.6399999999999997,0.0,0.0,-8.92111345186354,Spring,LOAD_PRIORITY
633.0,family_house,19.48582984199344,10.08,9.24,0.84,0.0,-9.405829841993437,Spring,LOAD_PRIORITY
633.0,luxury_house,27.054705896321465,18.0,18.0,0.0,0.0,-9.054705896321467,Spring,LOAD_PRIORITY
633.0,small_family,18.841670177795308,6.5,6.5,0.0,0.0,-12.34167017779531,Spring,LOAD_PRIORITY
634.0,apartment,13.289352783711992,3.6399999999999997,3.6399999999999997,0.0,0.0,-9.649352783711992,Spring,LOAD_PRIORITY
634.0,family_house,20.61553444652758,10.08,9.24,0.84,0.0,-10.535534446527581,Spring,LOAD_PRIORITY
634.0,luxury_house,28.623221380302752,18.0,18.0,0.0,0.0,-10.623221380302752,Spring,LOAD_PRIORITY
634.0,small_family,19.93402917556799,6.5,6.5,0.0,0.0,-13.43402917556799,Spring,LOAD_PRIORITY
635.0,apartment,14.209189529230658,3.6399999999999997,3.6399999999999997,0.0,0.0,-10.569189529230657,Spring,LOAD_PRIORITY
635.0,family_house,22.042460679960378,10.08,9.24,0.84,0.0,-11.962460679960378,Spring,LOAD_PRIORITY
635.0,luxury_house,30.60440821680449,18.0,18.0,0.0,0.0,-12.60440821680449,Spring,LOAD_PRIORITY
635.0,small_family,21.313784293845988,6.5,6.5,0.0,0.0,-14.813784293845988,Spring,LOAD_PRIORITY
636.0,apartment,15.091610425049423,3.6399999999999997,3.6399999999999997,0.0,0.44445896628251064,-11.451610425049422,Spring,LOAD_PRIORITY
636.0,family_house,23.41134437732026,10.08,9.24,0.84,0.0,-13.331344377320262,Spring,LOAD_PRIORITY
636.0,luxury_house,32.50500706933722,18.0,18.0,0.0,0.0,-14.50500706933722,Spring,LOAD_PRIORITY
636.0,small_family,22.637415637574136,6.5,6.5,0.0,0.17013542870091558,-16.137415637574136,Spring,LOAD_PRIORITY
637.0,apartment,16.061948409707774,3.6399999999999997,3.6399999999999997,0.0,2.1240512516279297,-12.421948409707776,Spring,LOAD_PRIORITY
637.0,family_house,24.916612276597956,10.08,9.24,0.84,0.0,-14.836612276597958,Spring,LOAD_PRIORITY
637.0,luxury_house,34.59496580552444,18.0,18.0,0.0,0.0,-16.59496580552444,Spring,LOAD_PRIORITY
637.0,small_family,24.09292261456166,6.5,6.5,0.0,3.7994909005274042,-17.59292261456166,Spring,LOAD_PRIORITY
638.0,apartment,17.12654351232245,3.6399999999999997,3.6399999999999997,0.0,4.195129451605111,-13.48654351232245,Spring,LOAD_PRIORITY
638.0,family_house,26.56809955116688,10.08,9.24,0.84,0.0,-16.488099551166883,Spring,LOAD_PRIORITY
638.0,luxury_house,36.88793987269451,18.0,18.0,0.0,0.0,-18.88793987269451,Spring,LOAD_PRIORITY
638.0,small_family,25.68981526848368,6.5,6.5,0.0,7.843567950085891,-19.18981526848368,Spring,LOAD_PRIORITY
639.0,apartment,16.947202912320797,3.6399999999999997,3.6399999999999997,0.0,6.21492743253987,-13.307202912320797,Spring,LOAD_PRIORITY
639.0,family_house,26.28989169731816,10.08,9.24,0.84,0.0,-16.209891697318163,Spring,LOAD_PRIORITY
639.0,luxury_house,36.50166781115249,18.0,18.0,0.0,0.0,-18.501667811152487,Spring,LOAD_PRIORITY
639.0,small_family,25.4208043684812,6.5,6.5,0.0,14.901828425504881,-18.9208043684812,Spring,LOAD_PRIORITY
640.0,apartment,12.81841492152627,3.6399999999999997,3.6399999999999997,0.0,7.367564201151811,-9.17841492152627,Spring,LOAD_PRIORITY
640.0,family_house,19.884976993649726,10.08,9.24,0.84,2.9929681584494436,-9.804976993649728,Spring,LOAD_PRIORITY
640.0,luxury_house,27.60889367713351,18.0,18.0,0.0,0.0,-9.608893677133509,Spring,LOAD_PRIORITY
640.0,small_family,19.227622382289404,6.5,6.5,0.0,12.727622382289406,-12.727622382289406,Spring,LOAD_PRIORITY
641.0,apartment,9.6372082626755,3.6399999999999997,3.6399999999999997,0.0,5.997208262675501,-5.997208262675501,Spring,LOAD_PRIORITY
641.0,family_house,14.950028202355584,10.08,9.24,0.84,2.5954673647070843,-4.870028202355585,Spring,LOAD_PRIORITY
641.0,luxury_house,20.757063950378004,18.0,18.0,0.0,0.0,-2.7570639503780026,Spring,LOAD_PRIORITY
641.0,small_family,14.45581239401325,6.5,6.5,0.0,7.95581239401325,-7.95581239401325,Spring,LOAD_PRIORITY
642.0,apartment,7.731207775664631,18.47747822138342,18.47747822138342,0.0,0.1880095471192274,10.74627044571879,Spring,LOAD_PRIORITY
642.0,family_house,11.993283857120772,31.498059255160793,28.115959124419618,3.3821001307411773,0.0,19.50477539804002,Spring,LOAD_PRIORITY
642.0,luxury_house,16.65183213220074,33.101032935979,33.101032935979,0.0,0.0,16.449200803778258,Spring,LOAD_PRIORITY
642.0,small_family,11.596811663496945,22.950368825548082,22.950368825548082,0.0,0.4720027709644712,11.353557162051137,Spring,LOAD_PRIORITY
643.0,apartment,0.0,22.19129642333276,22.19129642333276,0.0,0.0,22.19129642333276,Spring,LOAD_PRIORITY
643.0,family_house,0.0,24.326178390175926,21.648853874234238,2.6773245159416876,0.0,24.326178390175926,Spring,LOAD_PRIORITY
643.0,luxury_house,0.0,36.78480202331012,36.78480202331012,0.0,0.0,36.78480202331012,Spring,LOAD_PRIORITY
643.0,small_family,0.0,26.860712861385473,26.860712861385473,0.0,0.0,26.860712861385473,Spring,LOAD_PRIORITY
644.0,apartment,0.0,24.50931079733132,24.50931079733132,0.0,0.0,24.50931079733132,Spring,LOAD_PRIORITY
644.0,family_house,0.0,26.081137071905168,22.90815215896385,3.172984912941314,0.0,26.081137071905168,Spring,LOAD_PRIORITY
644.0,luxury_house,0.0,44.68017043110106,44.68017043110106,0.0,0.0,44.68017043110106,Spring,LOAD_PRIORITY
644.0,small_family,0.0,27.360801778578107,27.360801778578107,0.0,0.0,27.360801778578107,Spring,LOAD_PRIORITY
645.0,apartment,0.0,23.427571227436268,22.065421209768328,1.3621500176679406,0.0,23.427571227436268,Spring,LOAD_PRIORITY
645.0,family_house,0.0,28.534498836083486,27.647607857278654,0.8868909788048326,0.0,28.534498836083486,Spring,LOAD_PRIORITY
645.0,luxury_house,0.0,39.41116708985007,20.974430437695688,18.43673665215438,0.0,39.41116708985007,Spring,LOAD_PRIORITY
645.0,small_family,0.0,24.26211104612127,24.26211104612127,0.0,0.0,24.26211104612127,Spring,LOAD_PRIORITY
646.0,apartment,0.5921953434575284,3.6399999999999997,3.1711069759165427,0.4688930240834571,0.0,3.0478046565424712,Spring,LOAD_PRIORITY
646.0,family_house,1.0021767350819712,10.08,9.323514727923497,0.7564852720765024,0.0,9.07782326491803,Spring,LOAD_PRIORITY
646.0,luxury_house,1.2754976628315995,18.0,2.778813370998539,15.221186629001462,0.0,16.7245023371684,Spring,LOAD_PRIORITY
646.0,small_family,0.8882930151862927,6.5,6.358504114664304,0.14149588533569646,0.0,5.611706984813708,Spring,LOAD_PRIORITY
647.0,apartment,3.2405386786959407,3.6399999999999997,3.5785444121070675,0.06145558789293215,0.0,0.399461321304059,Spring,LOAD_PRIORITY
647.0,family_house,5.483988533177746,10.08,9.517375911761787,0.5626240882382125,0.0,4.5960114668222545,Spring,LOAD_PRIORITY
647.0,luxury_house,6.979621769498949,18.0,7.752333830133242,10.247666169866758,0.0,11.020378230501052,Spring,LOAD_PRIORITY
647.0,small_family,4.860808018043911,6.5,6.373908309080301,0.12609169091969918,0.0,1.6391919819560894,Spring,LOAD_PRIORITY
648.0,apartment,0.0,3.6399999999999997,3.0054656412966905,0.6345343587033092,0.0,3.6399999999999997,Spring,LOAD_PRIORITY
648.0,family_house,0.0,10.08,8.126146107889932,1.9538538921100685,0.0,10.08,Spring,LOAD_PRIORITY
648.0,luxury_house,0.0,18.0,0.0,18.0,0.0,18.0,Spring,LOAD_PRIORITY
648.0,small_family,0.0,6.5,5.908734634954972,0.5912653650450282,0.0,6.5,Spring,LOAD_PRIORITY
649.0,apartment,0.9588316998330642,3.6399999999999997,3.02126885380763,0.6187311461923697,0.0,2.6811683001669353,Spring,LOAD_PRIORITY
649.0,family_house,1.6226382612559547,10.08,7.336905366545887,2.7430946334541115,0.0,8.457361738744044,Spring,LOAD_PRIORITY
649.0,luxury_house,2.0651759688712152,18.0,2.0651759688712152,15.934824031128784,0.0,15.934824031128784,Spring,LOAD_PRIORITY
649.0,small_family,1.4382475497495963,6.5,5.4560000545954805,1.0439999454045195,0.0,5.061752450250404,Spring,LOAD_PRIORITY
650.0,apartment,2.564884536591142,3.6399999999999997,3.3918964315210323,0.24810356847896714,0.0,1.0751154634088576,Spring,LOAD_PRIORITY
650.0,family_house,4.340573831154241,10.08,8.16685794371808,1.9131420562819197,0.0,5.739426168845759,Spring,LOAD_PRIORITY
650.0,luxury_house,5.524366694196306,18.0,5.524366694196306,12.475633305803694,0.0,12.475633305803694,Spring,LOAD_PRIORITY
650.0,small_family,3.847326804886713,6.5,5.515883145584846,0.9841168544151544,0.0,2.652673195113287,Spring,LOAD_PRIORITY
651.0,apartment,2.3685474308163967,3.6399999999999997,3.2698873397309205,0.3701126602690793,0.0,1.2714525691836027,Spring,LOAD_PRIORITY
651.0,family_house,4.0083110367662105,10.08,8.05610367892207,2.0238963210779297,0.0,6.07168896323379,Spring,LOAD_PRIORITY
651.0,luxury_house,5.101486774066085,18.0,5.101486774066085,12.898513225933915,0.0,12.898513225933915,Spring,LOAD_PRIORITY
651.0,small_family,3.552821146224595,6.5,5.366469671624844,1.1335303283751559,0.0,2.947178853775405,Spring,LOAD_PRIORITY
652.0,apartment,3.405600815553123,3.6399999999999997,3.567877174016345,0.07212282598365438,0.0,0.23439918444687674,Spring,LOAD_PRIORITY
652.0,family_house,5.7633244570899,10.08,8.50006675357529,1.5799332464247102,0.0,4.316675542910099,Spring,LOAD_PRIORITY
652.0,luxury_house,7.335140218114418,18.0,7.335140218114418,10.664859781885582,0.0,10.664859781885582,Spring,LOAD_PRIORITY
652.0,small_family,5.108401223329684,6.5,5.964769701280648,0.5352302987193522,0.0,1.3915987766703157,Spring,LOAD_PRIORITY
653.0,apartment,3.4788148844986115,3.6399999999999997,3.5904045798457265,0.049595420154273206,0.0,0.16118511550138792,Spring,LOAD_PRIORITY
653.0,family_house,5.887225189151497,10.08,8.075574013888396,2.0044259861116034,0.0,4.192774810848503,Spring,LOAD_PRIORITY
653.0,luxury_house,7.492832058920087,18.0,7.492832058920087,10.507167941079913,0.0,10.507167941079913,Spring,LOAD_PRIORITY
653.0,small_family,5.2182223267479175,6.5,5.960729255107988,0.5392707448920123,0.0,1.281777673252083,Spring,LOAD_PRIORITY
654.0,apartment,12.5077803898449,3.6399999999999997,3.6399999999999997,0.0,0.0,-8.867780389844901,Spring,LOAD_PRIORITY
654.0,family_house,21.167012967429834,10.08,10.08,0.0,0.0,-11.087012967429834,Spring,LOAD_PRIORITY
654.0,luxury_house,26.93983468581979,18.0,18.0,0.0,0.0,-8.93983468581979,Spring,LOAD_PRIORITY
654.0,small_family,18.76167058476735,6.5,6.5,0.0,0.0,-12.261670584767351,Spring,LOAD_PRIORITY
655.0,apartment,12.668263219377597,3.6399999999999997,3.6399999999999997,0.0,0.0,-9.028263219377596,Spring,LOAD_PRIORITY
655.0,family_house,21.438599294331315,10.08,10.08,0.0,0.0,-11.358599294331315,Spring,LOAD_PRIORITY
655.0,luxury_house,27.285490010967127,18.0,18.0,0.0,0.0,-9.285490010967127,Spring,LOAD_PRIORITY
655.0,small_family,19.002394829066397,6.5,6.5,0.0,0.0,-12.502394829066395,Spring,LOAD_PRIORITY
656.0,apartment,12.529897799629463,3.6399999999999997,3.6399999999999997,0.0,0.0,-8.889897799629463,Spring,LOAD_PRIORITY
656.0,family_house,21.204442430142166,10.08,10.08,0.0,0.0,-11.124442430142167,Spring,LOAD_PRIORITY
656.0,luxury_house,26.987472183817303,18.0,18.0,0.0,0.0,-8.987472183817305,Spring,LOAD_PRIORITY
656.0,small_family,18.794846699444193,6.5,6.5,0.0,0.0,-12.294846699444193,Spring,LOAD_PRIORITY
657.0,apartment,12.516981966621387,3.6399999999999997,3.6399999999999997,0.0,0.0,-8.876981966621386,Spring,LOAD_PRIORITY
657.0,family_house,21.18258486659004,10.08,10.08,0.0,0.0,-11.10258486659004,Spring,LOAD_PRIORITY
657.0,luxury_house,26.959653466569144,18.0,18.0,0.0,0.0,-8.959653466569142,Spring,LOAD_PRIORITY
657.0,small_family,18.77547294993208,6.5,6.5,0.0,0.0,-12.27547294993208,Spring,LOAD_PRIORITY
658.0,apartment,14.670486844388245,3.6399999999999997,3.6399999999999997,0.0,0.0,-11.030486844388244,Spring,LOAD_PRIORITY
658.0,family_house,24.826977736657028,10.08,10.08,0.0,0.0,-14.746977736657028,Spring,LOAD_PRIORITY
658.0,luxury_house,31.59797166483622,18.0,18.0,0.0,0.0,-13.59797166483622,Spring,LOAD_PRIORITY
658.0,small_family,22.005730266582365,6.5,6.5,0.0,0.0,-15.505730266582365,Spring,LOAD_PRIORITY
659.0,apartment,15.659714561315171,3.6399999999999997,3.6399999999999997,0.0,0.0,-12.01971456131517,Spring,LOAD_PRIORITY
659.0,family_house,26.501055411456445,10.08,10.08,0.0,0.0,-16.421055411456447,Spring,LOAD_PRIORITY
659.0,luxury_house,33.72861597821729,18.0,18.0,0.0,0.0,-15.728615978217292,Spring,LOAD_PRIORITY
659.0,small_family,23.489571841972758,6.5,6.5,0.0,0.0,-16.989571841972758,Spring,LOAD_PRIORITY
660.0,apartment,14.947212258957084,3.6399999999999997,3.6399999999999997,0.0,0.0,-11.307212258957083,Spring,LOAD_PRIORITY
660.0,family_house,25.295282284388914,10.08,10.08,0.0,0.0,-15.215282284388916,Spring,LOAD_PRIORITY
660.0,luxury_house,32.193995634676796,18.0,18.0,0.0,0.0,-14.1939956346768,Spring,LOAD_PRIORITY
660.0,small_family,22.420818388435627,6.5,6.5,0.0,0.9927044000535529,-15.920818388435626,Spring,LOAD_PRIORITY
661.0,apartment,16.36655694583105,3.6399999999999997,3.6399999999999997,0.0,1.2246346689672336,-12.72655694583105,Spring,LOAD_PRIORITY
661.0,family_house,27.69725021602178,10.08,10.08,0.0,0.0,-17.61725021602178,Spring,LOAD_PRIORITY
661.0,luxury_house,35.251045729482264,18.0,18.0,0.0,0.0,-17.251045729482264,Spring,LOAD_PRIORITY
661.0,small_family,24.549835418746575,6.5,6.5,0.0,2.6826303247123615,-18.049835418746575,Spring,LOAD_PRIORITY
662.0,apartment,17.878635144928747,3.6399999999999997,3.6399999999999997,0.0,2.8819479857478445,-14.238635144928747,Spring,LOAD_PRIORITY
662.0,family_house,30.256151783725578,10.08,10.08,0.0,0.0,-20.17615178372558,Spring,LOAD_PRIORITY
662.0,luxury_house,38.50782954292346,18.0,18.0,0.0,0.0,-20.507829542923457,Spring,LOAD_PRIORITY
662.0,small_family,26.817952717393123,6.5,6.5,0.0,8.086834957509211,-20.317952717393123,Spring,LOAD_PRIORITY
663.0,apartment,16.845229976507767,3.6399999999999997,3.6399999999999997,0.0,6.431569294834582,-13.205229976507765,Spring,LOAD_PRIORITY
663.0,family_house,28.507312267936214,10.08,10.08,0.0,2.4312262317315083,-18.427312267936216,Spring,LOAD_PRIORITY
663.0,luxury_house,36.282033795555186,18.0,18.0,0.0,0.0,-18.282033795555186,Spring,LOAD_PRIORITY
663.0,small_family,25.267844964761643,6.5,6.5,0.0,18.3461196212435,-18.767844964761643,Spring,LOAD_PRIORITY
664.0,apartment,15.437773742667616,3.6399999999999997,3.6399999999999997,0.0,11.797773742667616,-11.797773742667616,Spring,LOAD_PRIORITY
664.0,family_house,26.125463256822123,10.08,10.08,0.0,4.8404082391134775,-16.045463256822124,Spring,LOAD_PRIORITY
664.0,luxury_house,33.25058959959179,18.0,18.0,0.0,0.0,-15.250589599591791,Spring,LOAD_PRIORITY
664.0,small_family,23.156660614001424,6.5,6.5,0.0,16.656660614001424,-16.656660614001424,Spring,LOAD_PRIORITY
665.0,apartment,12.923155811697075,3.6399999999999997,3.6399999999999997,0.0,9.283155811697075,-9.283155811697075,Spring,LOAD_PRIORITY
665.0,family_house,21.86995598902582,10.08,10.08,0.0,7.7031096288334275,-11.789955989025819,Spring,LOAD_PRIORITY
665.0,luxury_house,27.834489440578313,18.0,18.0,0.0,0.0,-9.834489440578313,Spring,LOAD_PRIORITY
665.0,small_family,19.38473371754561,6.5,6.5,0.0,12.884733717545613,-12.884733717545613,Spring,LOAD_PRIORITY
666.0,apartment,8.619453662558918,22.603619523403896,22.603619523403896,0.0,1.154268318890441,13.98416586084498,Spring,LOAD_PRIORITY
666.0,family_house,14.586767736638167,19.759876838250417,19.759876838250417,0.0,0.8042944887152267,5.173109101612249,Spring,LOAD_PRIORITY
666.0,luxury_house,18.564977119357668,37.503208800414235,37.503208800414235,0.0,0.0,18.938231681056568,Spring,LOAD_PRIORITY
666.0,small_family,12.929180493838375,23.658425347728453,23.658425347728453,0.0,0.48287938192691104,10.729244853890078,Spring,LOAD_PRIORITY
667.0,apartment,0.0,14.64394753466118,14.64394753466118,0.0,0.0,14.64394753466118,Spring,LOAD_PRIORITY
667.0,family_house,0.0,24.83885952735072,24.83885952735072,0.0,0.0,24.83885952735072,Spring,LOAD_PRIORITY
667.0,luxury_house,0.0,32.70242059539528,32.70242059539528,0.0,0.0,32.70242059539528,Spring,LOAD_PRIORITY
667.0,small_family,0.0,27.517462289498294,27.517462289498294,0.0,0.0,27.517462289498294,Spring,LOAD_PRIORITY
668.0,apartment,0.0,26.92487880606521,26.92487880606521,0.0,0.0,26.92487880606521,Spring,LOAD_PRIORITY
668.0,family_house,0.0,27.36308210192837,27.36308210192837,0.0,0.0,27.36308210192837,Spring,LOAD_PRIORITY
668.0,luxury_house,0.0,33.75943317182564,33.75943317182564,0.0,0.0,33.75943317182564,Spring,LOAD_PRIORITY
668.0,small_family,0.0,32.41720137876351,32.41720137876351,0.0,0.0,32.41720137876351,Spring,LOAD_PRIORITY
669.0,apartment,0.23603014689180493,25.483874089179047,22.501125311184193,2.9827487779948516,0.0,25.24784394228724,Spring,LOAD_PRIORITY
669.0,family_house,0.399435633201516,28.753457127674853,28.753457127674853,0.0,0.0,28.35402149447334,Spring,LOAD_PRIORITY
669.0,luxury_house,0.5083726240746568,42.225063845746696,41.38125600552766,0.8438078402190397,0.0,41.71669122167204,Spring,LOAD_PRIORITY
669.0,small_family,0.35404522033770736,28.628898977565296,28.214163898985536,0.4147350785797581,0.0,28.27485375722759,Spring,LOAD_PRIORITY
670.0,apartment,1.8374815382517389,3.6399999999999997,3.0280891495393685,0.6119108504606311,0.0,1.8025184617482608,Spring,LOAD_PRIORITY
670.0,family_house,3.1095841416567884,10.08,10.080000000000002,0.0,0.0,6.970415858343212,Spring,LOAD_PRIORITY
670.0,luxury_house,3.957652543926822,18.0,14.0518248906982,3.9481751093017996,0.0,14.042347456073179,Spring,LOAD_PRIORITY
670.0,small_family,2.756222307377608,6.5,6.212017100567508,0.28798289943249167,0.0,3.7437776926223916,Spring,LOAD_PRIORITY
671.0,apartment,2.7185279005927274,3.6399999999999997,3.2855876540741256,0.354412345925874,0.0,0.9214720994072724,Spring,LOAD_PRIORITY
671.0,family_house,4.600585677926154,10.08,10.08,0.0,0.0,5.479414322073845,Spring,LOAD_PRIORITY
671.0,luxury_house,5.855290862815105,18.0,11.798445873942828,6.20155412605717,0.0,12.144709137184893,Spring,LOAD_PRIORITY
671.0,small_family,4.077791850889091,6.5,6.313676296222238,0.18632370377776225,0.0,2.4222081491109093,Spring,LOAD_PRIORITY
672.0,apartment,0.0,3.6399999999999997,2.2399999999999998,1.4,0.0,3.6399999999999997,Spring,LOAD_PRIORITY
672.0,family_house,0.0,10.08,10.08,0.0,0.0,10.08,Spring,LOAD_PRIORITY
672.0,luxury_house,0.0,18.0,2.426823372101595,15.573176627898405,0.0,18.0,Spring,LOAD_PRIORITY
672.0,small_family,0.0,6.5,4.957702007152555,1.5422979928474447,0.0,6.5,Spring,LOAD_PRIORITY
673.0,apartment,1.2119086263112497,3.6399999999999997,2.5539537045932503,1.0860462954067494,0.0,2.4280913736887495,Spring,LOAD_PRIORITY
673.0,family_house,2.0509222906805764,10.08,10.080000000000002,0.0,0.0,8.029077709319424,Spring,LOAD_PRIORITY
673.0,luxury_house,2.6102647335934615,18.0,2.6102647335934615,15.38973526640654,0.0,15.38973526640654,Spring,LOAD_PRIORITY
673.0,small_family,1.6780273287386533,6.5,4.433781530134693,2.0662184698653068,0.0,4.821972671261346,Spring,LOAD_PRIORITY
674.0,apartment,2.261401579740239,3.6399999999999997,3.0037238060339564,0.6362761939660434,0.0,1.3785984202597608,Spring,LOAD_PRIORITY
674.0,family_house,3.826987288791173,10.08,10.080000000000002,0.0,0.0,6.253012711208827,Spring,LOAD_PRIORITY
674.0,luxury_house,4.87071109482513,18.0,4.87071109482513,13.129288905174871,0.0,13.129288905174871,Spring,LOAD_PRIORITY
674.0,small_family,3.1311714181018693,6.5,5.065585709050935,1.4344142909490654,0.0,3.3688285818981307,Spring,LOAD_PRIORITY
675.0,apartment,2.3914995158026215,3.6399999999999997,3.0637690072935175,0.5762309927064821,0.0,1.2485004841973781,Spring,LOAD_PRIORITY
675.0,family_house,4.0471530267428975,10.08,10.08,0.0,0.0,6.032846973257102,Spring,LOAD_PRIORITY
675.0,luxury_house,5.150922034036416,18.0,5.150922034036416,12.849077965963584,0.0,12.849077965963584,Spring,LOAD_PRIORITY
675.0,small_family,3.3113070218805527,6.5,4.946132282298837,1.5538677177011633,0.0,3.1886929781194473,Spring,LOAD_PRIORITY
676.0,apartment,1.93368658654794,3.6399999999999997,2.852470732252895,0.7875292677471044,0.0,1.7063134134520594,Spring,LOAD_PRIORITY
676.0,family_house,3.272392684927283,10.08,9.524318377698743,0.5556816223012576,0.0,6.807607315072717,Spring,LOAD_PRIORITY
676.0,luxury_house,4.164863417180178,18.0,4.164863417180178,13.835136582819821,0.0,13.835136582819821,Spring,LOAD_PRIORITY
676.0,small_family,2.677412196758686,6.5,4.338706098379343,2.161293901620657,0.0,3.8225878032413134,Spring,LOAD_PRIORITY
677.0,apartment,2.006586220545737,3.6399999999999997,2.8861167171749553,0.7538832828250442,0.0,1.6334137794542625,Spring,LOAD_PRIORITY
677.0,family_house,3.395761296308171,10.08,8.727073714962316,1.3529262850376835,0.0,6.684238703691828,Spring,LOAD_PRIORITY
677.0,luxury_house,4.3218780134831265,18.0,4.3218780134831265,13.678121986516874,0.0,13.678121986516874,Spring,LOAD_PRIORITY
677.0,small_family,2.778350151524867,6.5,4.23344959399774,2.2665504060022594,0.0,3.721649848475133,Spring,LOAD_PRIORITY
678.0,apartment,10.818432576936392,3.6399999999999997,3.6399999999999997,0.0,0.0,-7.178432576936391,Spring,LOAD_PRIORITY
678.0,family_house,18.30811666866159,10.08,10.08,0.0,0.0,-8.228116668661588,Spring,LOAD_PRIORITY
678.0,luxury_house,23.301239396478383,18.0,18.0,0.0,0.0,-5.301239396478383,Spring,LOAD_PRIORITY
678.0,small_family,14.97936818345039,6.5,6.0,0.5,0.0,-8.47936818345039,Spring,LOAD_PRIORITY
679.0,apartment,11.124766179651315,3.6399999999999997,3.6399999999999997,0.0,0.0,-7.484766179651315,Spring,LOAD_PRIORITY
679.0,family_house,18.82652738094838,10.08,10.08,0.0,0.0,-8.74652738094838,Spring,LOAD_PRIORITY
679.0,luxury_house,23.961034848479756,18.0,18.0,0.0,0.0,-5.9610348484797555,Spring,LOAD_PRIORITY
679.0,small_family,15.40352240259413,6.5,6.0,0.5,0.0,-8.90352240259413,Spring,LOAD_PRIORITY
680.0,apartment,12.21797518258214,3.6399999999999997,3.6399999999999997,0.0,0.0,-8.57797518258214,Spring,LOAD_PRIORITY
680.0,family_house,20.676573385908238,10.08,10.08,0.0,0.0,-10.596573385908238,Spring,LOAD_PRIORITY
680.0,luxury_house,26.315638854792304,18.0,18.0,0.0,0.0,-8.315638854792304,Spring,LOAD_PRIORITY
680.0,small_family,16.917196406652195,6.5,6.0,0.5,0.0,-10.417196406652193,Spring,LOAD_PRIORITY
681.0,apartment,13.623861033937494,3.6399999999999997,3.6399999999999997,0.0,0.0,-9.983861033937494,Spring,LOAD_PRIORITY
681.0,family_house,23.055764826663452,10.08,10.08,0.0,0.0,-12.97576482666345,Spring,LOAD_PRIORITY
681.0,luxury_house,29.34370068848076,18.0,18.0,0.0,0.0,-11.343700688480759,Spring,LOAD_PRIORITY
681.0,small_family,18.863807585451916,6.5,6.0,0.5,0.0,-12.363807585451914,Spring,LOAD_PRIORITY
682.0,apartment,14.103697289592247,3.6399999999999997,3.6399999999999997,0.0,0.0,-10.463697289592247,Spring,LOAD_PRIORITY
682.0,family_house,23.86779541315611,10.08,10.08,0.0,0.0,-13.787795413156108,Spring,LOAD_PRIORITY
682.0,luxury_house,30.377194162198684,18.0,18.0,0.0,0.0,-12.377194162198684,Spring,LOAD_PRIORITY
682.0,small_family,19.528196247127724,6.5,6.0,0.5,0.0,-13.028196247127724,Spring,LOAD_PRIORITY
683.0,apartment,13.985508220574868,3.6399999999999997,3.6399999999999997,0.0,0.0,-10.34550822057487,Spring,LOAD_PRIORITY
683.0,family_house,23.667783142511315,10.08,10.08,0.0,0.0,-13.587783142511315,Spring,LOAD_PRIORITY
683.0,luxury_house,30.122633090468945,18.0,18.0,0.0,0.0,-12.122633090468945,Spring,LOAD_PRIORITY
683.0,small_family,19.364549843872894,6.5,6.0,0.5,0.0,-12.864549843872895,Spring,LOAD_PRIORITY
684.0,apartment,15.032406210423026,3.6399999999999997,3.6399999999999997,0.0,0.0,-11.392406210423026,Spring,LOAD_PRIORITY
684.0,family_house,25.43945666379281,10.08,10.08,0.0,0.0,-15.359456663792814,Spring,LOAD_PRIORITY
684.0,luxury_house,32.37749029937267,18.0,18.0,0.0,0.0,-14.37749029937267,Spring,LOAD_PRIORITY
684.0,small_family,20.814100906739576,6.5,6.0,0.5,0.0,-14.314100906739574,Spring,LOAD_PRIORITY
685.0,apartment,17.227673147458876,3.6399999999999997,3.6399999999999997,0.0,0.47871152300078657,-13.587673147458878,Spring,LOAD_PRIORITY
685.0,family_house,29.15452378800733,10.08,10.08,0.0,0.0,-19.074523788007333,Spring,LOAD_PRIORITY
685.0,luxury_house,37.105757548372964,18.0,18.0,0.0,0.0,-19.105757548372967,Spring,LOAD_PRIORITY
685.0,small_family,23.853701281096907,6.5,6.0,0.5,0.29769337214998903,-17.353701281096907,Spring,LOAD_PRIORITY
686.0,apartment,17.883680883850722,3.6399999999999997,3.6399999999999997,0.0,4.132020788796801,-14.24368088385072,Spring,LOAD_PRIORITY
686.0,family_house,30.264690726516605,10.08,10.08,0.0,0.0,-20.184690726516607,Spring,LOAD_PRIORITY
686.0,luxury_house,38.51869728829386,18.0,18.0,0.0,0.0,-20.518697288293858,Spring,LOAD_PRIORITY
686.0,small_family,24.76201968533177,6.5,6.0,0.5,2.9024276854207502,-18.26201968533177,Spring,LOAD_PRIORITY
687.0,apartment,17.856325303235643,3.6399999999999997,3.6399999999999997,0.0,6.6065295359321095,-14.216325303235642,Spring,LOAD_PRIORITY
687.0,family_house,30.21839666701416,10.08,10.08,0.0,0.22716371223396115,-20.138396667014163,Spring,LOAD_PRIORITY
687.0,luxury_house,38.45977757619984,18.0,18.0,0.0,0.0,-20.459777576199844,Spring,LOAD_PRIORITY
687.0,small_family,24.724142727557044,6.5,6.0,0.5,14.220659829243775,-18.224142727557044,Spring,LOAD_PRIORITY
688.0,apartment,14.295703088239268,3.6399999999999997,3.6399999999999997,0.0,9.66279561550337,-10.655703088239267,Spring,LOAD_PRIORITY
688.0,family_house,24.19272830317415,10.08,10.08,0.0,4.494973095489273,-14.11272830317415,Spring,LOAD_PRIORITY
688.0,luxury_house,30.790745113130733,18.0,18.0,0.0,0.0,-12.790745113130733,Spring,LOAD_PRIORITY
688.0,small_family,19.794050429869756,6.5,6.0,0.5,13.794050429869754,-13.294050429869754,Spring,LOAD_PRIORITY
689.0,apartment,10.922857589543584,3.6399999999999997,3.6399999999999997,0.0,7.282857589543584,-7.282857589543584,Spring,LOAD_PRIORITY
689.0,family_house,18.484835920766066,10.08,10.08,0.0,5.242759159103458,-8.404835920766068,Spring,LOAD_PRIORITY
689.0,luxury_house,23.52615480824772,18.0,18.0,0.0,0.0,-5.526154808247721,Spring,LOAD_PRIORITY
689.0,small_family,15.123956662444964,6.5,6.0,0.5,9.123956662444964,-8.623956662444964,Spring,LOAD_PRIORITY
690.0,apartment,7.902972917808491,27.889437594943598,27.889437594943598,0.0,0.0,19.986464677135107,Spring,LOAD_PRIORITY
690.0,family_house,13.374261860906678,23.533611453782722,23.533611453782722,0.0,0.04643536014115601,10.159349592876042,Spring,LOAD_PRIORITY
690.0,luxury_house,17.021787822972136,28.48215395140318,28.48215395140318,0.0,0.0,11.460366128431044,Spring,LOAD_PRIORITY
690.0,small_family,10.942577886196371,26.34220695846556,25.540572244133518,0.8016347143320437,0.03998281767456269,15.39962907226919,Spring,LOAD_PRIORITY
691.0,apartment,0.0,22.598124003612412,22.598124003612412,0.0,0.0,22.598124003612412,Spring,LOAD_PRIORITY
691.0,family_house,0.0,27.011342464544303,27.011342464544303,0.0,0.0,27.011342464544303,Spring,LOAD_PRIORITY
691.0,luxury_house,0.0,36.17050173854381,36.17050173854381,0.0,0.0,36.17050173854381,Spring,LOAD_PRIORITY
691.0,small_family,0.0,25.574720955578393,22.762422781283554,2.8122981742948374,0.0,25.574720955578393,Spring,LOAD_PRIORITY
692.0,apartment,0.0,19.7429254526263,19.7429254526263,0.0,0.0,19.7429254526263,Spring,LOAD_PRIORITY
692.0,family_house,0.0,28.279997507241948,28.279997507241948,0.0,0.0,28.279997507241948,Spring,LOAD_PRIORITY
692.0,luxury_house,0.0,38.14292638197155,38.14292638197155,0.0,0.0,38.14292638197155,Spring,LOAD_PRIORITY
692.0,small_family,0.0,25.34913461584619,24.8335902766248,0.5155443392213901,0.0,25.34913461584619,Spring,LOAD_PRIORITY
693.0,apartment,0.0,19.28236524275354,15.661238749408518,3.621126493345022,0.0,19.28236524275354,Spring,LOAD_PRIORITY
693.0,family_house,0.0,30.377781722586388,30.377781722586388,0.0,0.0,30.377781722586388,Spring,LOAD_PRIORITY
693.0,luxury_house,0.0,37.860129950982895,33.06846636835722,4.791663582625671,0.0,37.860129950982895,Spring,LOAD_PRIORITY
693.0,small_family,0.0,20.163888708842602,18.012831011503753,2.15105769733885,0.0,20.163888708842602,Spring,LOAD_PRIORITY
694.0,apartment,0.5443361217542177,3.6399999999999997,2.449360046828545,1.1906399531714547,0.0,3.095663878245782,Spring,LOAD_PRIORITY
694.0,family_house,0.9211842060455993,10.08,10.08,0.0,0.0,9.1588157939544,Spring,LOAD_PRIORITY
694.0,luxury_house,1.1724162622398537,18.0,8.91531828139389,9.084681718606108,0.0,16.827583737760143,Spring,LOAD_PRIORITY
694.0,small_family,0.7536961685827631,6.5,6.0,0.5,0.0,5.7463038314172366,Spring,LOAD_PRIORITY
695.0,apartment,4.307725645497277,3.6399999999999997,3.6399999999999997,0.0,0.0,-0.667725645497278,Spring,LOAD_PRIORITY
695.0,family_house,7.289997246226163,10.08,10.08,0.0,0.0,2.7900027537738374,Spring,LOAD_PRIORITY
695.0,luxury_house,9.278178313378753,18.0,11.81124801272343,6.18875198727657,0.0,8.721821686621247,Spring,LOAD_PRIORITY
695.0,small_family,5.964543201457769,6.5,6.0,0.5,0.0,0.5354567985422309,Spring,LOAD_PRIORITY
696.0,apartment,0.0,3.6399999999999997,2.3881190885057197,1.2518809114942797,0.0,3.6399999999999997,Spring,LOAD_PRIORITY
696.0,family_house,0.0,10.08,10.08,0.0,0.0,10.08,Spring,LOAD_PRIORITY
696.0,luxury_house,0.0,18.0,2.77063317312724,15.229366826872761,0.0,18.0,Spring,LOAD_PRIORITY
696.0,small_family,0.0,6.5,5.570519864225704,0.9294801357742959,0.0,6.5,Spring,LOAD_PRIORITY
697.0,apartment,0.36544787360229947,3.6399999999999997,2.0620385289466316,1.577961471053368,0.0,3.2745521263977,Spring,LOAD_PRIORITY
697.0,family_house,0.6184502476346607,10.08,9.849664503105696,0.2303354968943041,0.0,9.46154975236534,Spring,LOAD_PRIORITY
697.0,luxury_house,0.7871184969895682,18.0,2.221525288907104,15.778474711092898,0.0,17.212881503010433,Spring,LOAD_PRIORITY
697.0,small_family,0.5060047480647224,6.5,5.042922917338256,1.457077082661744,0.0,5.993995251935278,Spring,LOAD_PRIORITY
698.0,apartment,1.484268860819928,3.6399999999999997,2.479221694287653,1.1607783057123464,0.0,2.1557311391800718,Spring,LOAD_PRIORITY
698.0,family_house,2.5118396106183396,10.08,9.281404727259567,0.7985952727404338,0.0,7.56816038938166,Spring,LOAD_PRIORITY
698.0,luxury_house,3.196886777150614,18.0,3.2536717833684454,14.746328216631555,0.0,14.803113222849387,Spring,LOAD_PRIORITY
698.0,small_family,2.0551414995968234,6.5,4.755258410536152,1.744741589463848,0.0,4.444858500403177,Spring,LOAD_PRIORITY
699.0,apartment,1.963195559139379,3.6399999999999997,2.73710530107505,0.9028946989249496,0.0,1.6768044408606206,Spring,LOAD_PRIORITY
699.0,family_house,3.3223309462358723,10.08,8.571887722154942,1.508112277845057,0.0,6.757669053764127,Spring,LOAD_PRIORITY
699.0,luxury_house,4.228421204300201,18.0,4.228421204300201,13.7715787956998,0.0,13.7715787956998,Spring,LOAD_PRIORITY
699.0,small_family,2.718270774192986,6.5,4.791819750098306,1.7081802499016936,0.0,3.7817292258070134,Spring,LOAD_PRIORITY
700.0,apartment,2.1550422684326564,3.6399999999999997,2.840407375309892,0.7995926246901078,0.0,1.4849577315673432,Spring,LOAD_PRIORITY
700.0,family_house,3.6469946081168034,10.08,7.005498761857251,3.074501238142749,0.0,6.433005391883196,Spring,LOAD_PRIORITY
700.0,luxury_house,4.641629501239568,18.0,4.641629501239568,13.358370498760431,0.0,13.358370498760431,Spring,LOAD_PRIORITY
700.0,small_family,2.9839046793682935,6.5,4.743293616403456,1.7567063835965442,0.0,3.516095320631706,Spring,LOAD_PRIORITY
701.0,apartment,3.6805811737378464,3.6399999999999997,3.6399999999999997,0.0,0.0,-0.0405811737378467,Spring,LOAD_PRIORITY
701.0,family_house,6.228675832479434,10.08,8.154337916239717,1.9256620837602831,0.0,3.8513241675205663,Spring,LOAD_PRIORITY
701.0,luxury_house,7.927405604973823,18.0,7.927405604973823,10.072594395026176,0.0,10.072594395026176,Spring,LOAD_PRIORITY
701.0,small_family,5.096189317483173,6.5,5.554224664533798,0.9457753354662014,0.0,1.4038106825168275,Spring,LOAD_PRIORITY
702.0,apartment,12.462927303640486,3.6399999999999997,3.6399999999999997,0.0,0.0,-8.822927303640487,Spring,LOAD_PRIORITY
702.0,family_house,21.09110774462236,10.08,10.08,0.0,0.0,-11.01110774462236,Spring,LOAD_PRIORITY
702.0,luxury_house,26.843228038610278,18.0,18.0,0.0,0.0,-8.843228038610278,Spring,LOAD_PRIORITY
702.0,small_family,17.25636088196375,6.5,6.0,0.5,0.0,-10.756360881963749,Spring,LOAD_PRIORITY
703.0,apartment,12.58792469562894,3.6399999999999997,3.6399999999999997,0.0,0.0,-8.94792469562894,Spring,LOAD_PRIORITY
703.0,family_house,21.302641792602824,10.08,10.08,0.0,0.0,-11.222641792602824,Spring,LOAD_PRIORITY
703.0,luxury_house,27.112453190585413,18.0,18.0,0.0,0.0,-9.112453190585414,Spring,LOAD_PRIORITY
703.0,small_family,17.429434193947763,6.5,6.0,0.5,0.0,-10.929434193947763,Spring,LOAD_PRIORITY
704.0,apartment,12.886558977566093,3.6399999999999997,3.6399999999999997,0.0,0.0,-9.246558977566094,Spring,LOAD_PRIORITY
704.0,family_house,21.80802288511185,10.08,10.08,0.0,0.0,-11.72802288511185,Spring,LOAD_PRIORITY
704.0,luxury_house,27.755665490142356,18.0,18.0,0.0,0.0,-9.755665490142354,Spring,LOAD_PRIORITY
704.0,small_family,17.842927815091514,6.5,6.0,0.5,0.0,-11.342927815091514,Spring,LOAD_PRIORITY
705.0,apartment,12.963079454014562,3.6399999999999997,3.6399999999999997,0.0,0.0,-9.323079454014561,Spring,LOAD_PRIORITY
705.0,family_house,21.937519076024643,10.08,10.08,0.0,0.0,-11.857519076024643,Spring,LOAD_PRIORITY
705.0,luxury_house,25.593772255362083,18.0,18.0,0.0,0.0,-7.593772255362083,Spring,LOAD_PRIORITY
705.0,small_family,17.948879244020162,6.5,6.0,0.5,0.0,-11.448879244020162,Spring,LOAD_PRIORITY
706.0,apartment,13.769651005650482,3.6399999999999997,3.6399999999999997,0.0,0.20061633294453018,-10.129651005650482,Spring,LOAD_PRIORITY
706.0,family_house,23.30248631725466,10.08,10.08,0.0,0.0,-13.222486317254665,Spring,LOAD_PRIORITY
706.0,luxury_house,27.18623403679711,18.0,17.078351003950353,0.9216489960496463,0.0,-9.186234036797108,Spring,LOAD_PRIORITY
706.0,small_family,19.06567062320836,6.5,6.0,0.5,0.0,-12.565670623208359,Spring,LOAD_PRIORITY
707.0,apartment,15.235987402395967,3.6399999999999997,3.6399999999999997,0.0,0.8919990309535359,-11.595987402395966,Spring,LOAD_PRIORITY
707.0,family_house,25.78397868097779,10.08,10.08,0.0,0.0,-15.70397868097779,Spring,LOAD_PRIORITY
707.0,luxury_house,30.081308461140758,18.0,16.5,1.5,0.0,-12.081308461140756,Spring,LOAD_PRIORITY
707.0,small_family,21.095982557163644,6.5,6.0,0.5,0.0,-14.595982557163646,Spring,LOAD_PRIORITY
708.0,apartment,16.166449677187313,3.6399999999999997,3.6399999999999997,0.0,1.6694678077774407,-12.526449677187312,Spring,LOAD_PRIORITY
708.0,family_house,27.358607146009298,10.08,10.08,0.0,0.0,-17.2786071460093,Spring,LOAD_PRIORITY
708.0,luxury_house,31.918375003677514,18.0,16.5,1.5,0.0,-13.918375003677514,Spring,LOAD_PRIORITY
708.0,small_family,22.38431493764397,6.5,6.0,0.5,0.11893052371948887,-15.884314937643971,Spring,LOAD_PRIORITY
709.0,apartment,16.99541239624515,3.6399999999999997,3.6399999999999997,0.0,2.9684461597297433,-13.355412396245152,Spring,LOAD_PRIORITY
709.0,family_house,28.76146713210718,10.08,10.08,0.0,0.0,-18.681467132107183,Spring,LOAD_PRIORITY
709.0,luxury_house,33.55504498745837,18.0,16.5,1.5,0.0,-15.555044987458377,Spring,LOAD_PRIORITY
709.0,small_family,23.532109471724056,6.5,6.0,0.5,4.15016783033873,-17.032109471724056,Spring,LOAD_PRIORITY
710.0,apartment,17.86038150896553,3.6399999999999997,3.6399999999999997,0.0,3.571576484071999,-14.220381508965533,Spring,LOAD_PRIORITY
710.0,family_house,30.22526101517244,10.08,10.08,0.0,0.026767515582581947,-20.14526101517244,Spring,LOAD_PRIORITY
710.0,luxury_house,35.26280451770118,18.0,16.5,1.5,0.0,-17.262804517701177,Spring,LOAD_PRIORITY
710.0,small_family,24.729759012413812,6.5,6.0,0.5,8.986218072659954,-18.229759012413812,Spring,LOAD_PRIORITY
711.0,apartment,17.75301713078125,3.6399999999999997,3.6399999999999997,0.0,7.651241406958812,-14.113017130781248,Spring,LOAD_PRIORITY
711.0,family_house,30.04356745209134,10.08,10.08,0.0,2.1668072120148247,-19.963567452091343,Spring,LOAD_PRIORITY
711.0,luxury_house,35.05082869410656,18.0,16.5,1.5,0.0,-17.050828694106563,Spring,LOAD_PRIORITY
711.0,small_family,24.581100642620193,6.5,6.0,0.5,18.581100642620193,-18.081100642620193,Spring,LOAD_PRIORITY
712.0,apartment,13.855097197439749,3.6399999999999997,3.6399999999999997,0.0,10.215097197439748,-10.215097197439748,Spring,LOAD_PRIORITY
712.0,family_house,23.447087564898037,10.08,10.08,0.0,3.5748610198928996,-13.36708756489804,Spring,LOAD_PRIORITY
712.0,luxury_house,27.354935492381042,18.0,16.5,1.5,0.0,-9.354935492381042,Spring,LOAD_PRIORITY
712.0,small_family,19.183980734916574,6.5,6.0,0.5,13.183980734916576,-12.683980734916576,Spring,LOAD_PRIORITY
713.0,apartment,10.939289997902417,3.6399999999999997,3.6399999999999997,0.0,7.299289997902417,-7.299289997902417,Spring,LOAD_PRIORITY
713.0,family_house,18.512644611834858,10.08,10.08,0.0,4.957708088730532,-8.43264461183486,Spring,LOAD_PRIORITY
713.0,luxury_house,21.598085380474004,18.0,16.5,1.5,0.0,-3.5980853804740023,Spring,LOAD_PRIORITY
713.0,small_family,15.146709227864886,6.5,6.0,0.5,9.146709227864886,-8.646709227864886,Spring,LOAD_PRIORITY
714.0,apartment,9.290945580232243,19.90421664575861,19.90421664575861,0.0,0.5031653530968685,10.613271065526366,Spring,LOAD_PRIORITY
714.0,family_house,15.72313867423918,30.15468719848931,30.154687198489313,0.0,0.16482078656193822,14.431548524250129,Spring,LOAD_PRIORITY
714.0,luxury_house,18.34366178661238,39.22735981272338,36.85678092817852,2.370578884544853,0.0,20.883698026111,Spring,LOAD_PRIORITY
714.0,small_family,12.864386188013874,25.95994840228081,22.654852106492356,3.305096295788455,0.1610014908997892,13.095562214266934,Spring,LOAD_PRIORITY
715.0,apartment,0.0,21.87437940666074,21.87437940666074,0.0,0.0,21.87437940666074,Spring,LOAD_PRIORITY
715.0,family_house,0.0,25.300966871448725,25.300966871448725,0.0,0.0,25.300966871448725,Spring,LOAD_PRIORITY
715.0,luxury_house,0.0,34.420380269628616,32.13498187794629,2.285398391682333,0.0,34.420380269628616,Spring,LOAD_PRIORITY
715.0,small_family,0.0,25.185377937648614,22.05017907310593,3.1351988645426845,0.0,25.185377937648614,Spring,LOAD_PRIORITY
716.0,apartment,0.0,30.872237580652136,30.872237580652136,0.0,0.0,30.872237580652136,Spring,LOAD_PRIORITY
716.0,family_house,0.0,28.200280355702848,28.200280355702848,0.0,0.0,28.200280355702848,Spring,LOAD_PRIORITY
716.0,luxury_house,0.0,37.33845190209941,33.9854111819277,3.3530407201717054,0.0,37.33845190209941,Spring,LOAD_PRIORITY
716.0,small_family,0.0,25.2226126019373,23.290267040614612,1.9323455613226894,0.0,25.2226126019373,Spring,LOAD_PRIORITY
717.0,apartment,0.2421179442580095,17.97655733528905,17.68992110822724,0.2866362270618128,0.0,17.734439391031042,Spring,LOAD_PRIORITY
717.0,family_house,0.4097380595135546,27.64837996811043,27.64837996811043,0.0,0.0,27.238641908596875,Spring,LOAD_PRIORITY
717.0,luxury_house,0.47802773609914695,36.91490818215875,28.256225262851135,8.65868291930761,0.0,36.4368804460596,Spring,LOAD_PRIORITY
717.0,small_family,0.3352402305110901,24.566922060486633,21.912178737310445,2.6547433231761888,0.0,24.231681829975543,Spring,LOAD_PRIORITY
718.0,apartment,1.4202070907142954,3.6399999999999997,3.1372446882159566,0.502755311784043,0.0,2.2197929092857045,Spring,LOAD_PRIORITY
718.0,family_house,2.4034273842857306,10.08,10.08,0.0,0.0,7.676572615714269,Spring,LOAD_PRIORITY
718.0,luxury_house,3.0589075800000205,18.0,12.248850482809267,5.751149517190733,0.0,14.94109241999998,Spring,LOAD_PRIORITY
718.0,small_family,1.9664405871428705,6.5,5.6638700489285725,0.8361299510714275,0.0,4.533559412857129,Spring,LOAD_PRIORITY
719.0,apartment,3.8958363203794475,3.6399999999999997,3.6399999999999997,0.0,0.0,-0.2558363203794479,Spring,LOAD_PRIORITY
719.0,family_house,6.592953772949835,10.08,10.08,0.0,0.0,3.4870462270501648,Spring,LOAD_PRIORITY
719.0,luxury_house,8.391032074663425,18.0,12.148729398049081,5.851270601950919,0.0,9.608967925336575,Spring,LOAD_PRIORITY
719.0,small_family,5.394234905140774,6.5,5.949519575428398,0.5504804245716022,0.0,1.1057650948592261,Spring,LOAD_PRIORITY
