time,household_type,generation_kwh,load_kwh,self_consumed_kwh,grid_import,grid_export,net_load_kwh,season,strategy
0.0,apartment,0.0,3.6399999999999997,3.6399999999999997,0.0,0.0,3.6399999999999997,Summer,CHARGE_PRIORITY
0.0,family_house,0.0,10.08,10.08,0.0,0.0,10.08,Summer,CHARGE_PRIORITY
0.0,luxury_house,0.0,18.0,18.0,0.0,0.0,18.0,Summer,CHARGE_PRIORITY
0.0,small_family,0.0,6.5,6.5,0.0,0.0,6.5,Summer,CHARGE_PRIORITY
1.0,apartment,0.18120850571724123,3.6399999999999997,3.6399999999999997,0.0,0.0,3.4587914942827584,Summer,CHARGE_PRIORITY
1.0,family_house,0.30666054813686977,10.08,10.08,0.0,0.0,9.77333945186313,Summer,CHARGE_PRIORITY
1.0,luxury_house,0.3902952430832888,18.0,18.0,0.0,0.0,17.609704756916713,Summer,CHARGE_PRIORITY
1.0,small_family,0.27181275857586185,6.5,6.5,0.0,0.0,6.228187241424138,Summer,CHARGE_PRIORITY
2.0,apartment,1.282347693137889,3.6399999999999997,3.6399999999999997,0.0,0.0,2.3576523068621107,Summer,CHARGE_PRIORITY
2.0,family_house,2.170126865310274,10.08,10.08,0.0,0.0,7.909873134689725,Summer,CHARGE_PRIORITY
2.0,luxury_house,2.7619796467585305,18.0,18.0,0.0,0.0,15.238020353241469,Summer,CHARGE_PRIORITY
2.0,small_family,1.9235215397068335,6.5,6.5,0.0,0.0,4.576478460293166,Summer,CHARGE_PRIORITY
3.0,apartment,0.7640006185128008,3.6399999999999997,3.6399999999999997,0.0,0.0,2.875999381487199,Summer,CHARGE_PRIORITY
3.0,family_house,1.2929241236370475,10.08,10.08,0.0,0.0,8.787075876362952,Summer,CHARGE_PRIORITY
3.0,luxury_house,1.6455397937198786,18.0,18.0,0.0,0.0,16.354460206280123,Summer,CHARGE_PRIORITY
3.0,small_family,1.1460009277692011,6.5,6.5,0.0,0.0,5.353999072230799,Summer,CHARGE_PRIORITY
4.0,apartment,0.9883709400816394,3.6399999999999997,3.6399999999999997,0.0,0.0,2.6516290599183603,Summer,CHARGE_PRIORITY
4.0,family_house,1.6726277447535436,10.08,10.08,0.0,0.0,8.407372255246456,Summer,CHARGE_PRIORITY
4.0,luxury_house,2.1287989478681464,18.0,18.0,0.0,0.0,15.871201052131854,Summer,CHARGE_PRIORITY
4.0,small_family,1.482556410122459,6.5,6.5,0.0,0.0,5.017443589877541,Summer,CHARGE_PRIORITY
5.0,apartment,1.2846784234109516,3.6399999999999997,3.6399999999999997,0.0,0.0,2.355321576589048,Summer,CHARGE_PRIORITY
5.0,family_house,2.1740711780800717,10.08,10.08,0.0,0.0,7.905928821919928,Summer,CHARGE_PRIORITY
5.0,luxury_house,2.766999681192819,18.0,18.0,0.0,0.0,15.23300031880718,Summer,CHARGE_PRIORITY
5.0,small_family,1.9270176351164274,6.5,6.5,0.0,0.0,4.572982364883573,Summer,CHARGE_PRIORITY
6.0,apartment,9.833131732210711,3.6399999999999997,3.6399999999999997,0.0,0.0,-6.193131732210712,Summer,CHARGE_PRIORITY
6.0,family_house,16.64068446989505,10.08,10.08,0.0,0.0,-6.560684469895051,Summer,CHARGE_PRIORITY
6.0,luxury_house,21.179052961684608,18.0,18.0,0.0,0.0,-3.179052961684609,Summer,CHARGE_PRIORITY
6.0,small_family,14.749697598316065,6.5,6.5,0.0,0.0,-8.249697598316065,Summer,CHARGE_PRIORITY
7.0,apartment,11.473345331126328,3.6399999999999997,3.6399999999999997,0.0,0.0,-7.833345331126328,Summer,CHARGE_PRIORITY
7.0,family_house,19.416430560367637,10.08,10.08,0.0,0.0,-9.336430560367635,Summer,CHARGE_PRIORITY
7.0,luxury_house,24.71182071319517,18.0,18.0,0.0,0.0,-6.71182071319517,Summer,CHARGE_PRIORITY
7.0,small_family,17.210017996689494,6.5,6.5,0.0,0.0,-10.710017996689494,Summer,CHARGE_PRIORITY
8.0,apartment,12.167819671292486,3.6399999999999997,3.6399999999999997,0.0,0.0,-8.527819671292487,Summer,CHARGE_PRIORITY
8.0,family_house,20.59169482834113,10.08,10.08,0.0,0.0,-10.51169482834113,Summer,CHARGE_PRIORITY
8.0,luxury_house,26.20761159970689,18.0,18.0,0.0,0.0,-8.20761159970689,Summer,CHARGE_PRIORITY
8.0,small_family,18.25172950693873,6.5,6.5,0.0,0.0,-11.751729506938728,Summer,CHARGE_PRIORITY
9.0,apartment,13.223873721656105,3.6399999999999997,3.6399999999999997,0.0,0.0,-9.583873721656104,Summer,CHARGE_PRIORITY
9.0,family_house,22.37886322126418,10.08,10.08,0.0,0.0,-12.298863221264178,Summer,CHARGE_PRIORITY
9.0,luxury_house,28.482189554336227,18.0,18.0,0.0,0.0,-10.482189554336227,Summer,CHARGE_PRIORITY
9.0,small_family,19.83581058248416,6.5,6.5,0.0,0.0,-13.335810582484159,Summer,CHARGE_PRIORITY
10.0,apartment,14.297846957690181,3.6399999999999997,3.6399999999999997,0.0,0.0,-10.65784695769018,Summer,CHARGE_PRIORITY
10.0,family_house,24.19635638993723,10.08,10.08,0.0,0.0,-14.116356389937232,Summer,CHARGE_PRIORITY
10.0,luxury_house,30.79536267810193,18.0,18.0,0.0,0.0,-12.795362678101931,Summer,CHARGE_PRIORITY
10.0,small_family,21.44677043653527,6.5,6.5,0.0,0.0,-14.946770436535271,Summer,CHARGE_PRIORITY
11.0,apartment,15.131700128238824,3.6399999999999997,3.6399999999999997,0.0,0.0,-11.491700128238824,Summer,CHARGE_PRIORITY
11.0,family_house,25.60749252471186,10.08,10.08,0.0,0.0,-15.527492524711862,Summer,CHARGE_PRIORITY
11.0,luxury_house,32.59135412236054,18.0,18.0,0.0,0.0,-14.591354122360546,Summer,CHARGE_PRIORITY
11.0,small_family,22.69755019235824,6.5,6.5,0.0,0.0,-16.19755019235824,Summer,CHARGE_PRIORITY
12.0,apartment,15.50611611364094,3.6399999999999997,3.6399999999999997,0.0,0.0,-11.86611611364094,Summer,CHARGE_PRIORITY
12.0,family_house,26.24111957693082,10.08,10.08,0.0,0.0,-16.161119576930822,Summer,CHARGE_PRIORITY
12.0,luxury_house,33.39778855245741,18.0,18.0,0.0,0.0,-15.397788552457412,Summer,CHARGE_PRIORITY
12.0,small_family,23.25917417046141,6.5,6.5,0.0,0.0,-16.75917417046141,Summer,CHARGE_PRIORITY
13.0,apartment,15.991835355497198,3.6399999999999997,3.6399999999999997,0.0,1.0956846381835892,-12.351835355497197,Summer,CHARGE_PRIORITY
13.0,family_house,27.063105986226027,10.08,10.08,0.0,0.0,-16.98310598622603,Summer,CHARGE_PRIORITY
13.0,luxury_house,34.44395307337858,18.0,18.0,0.0,0.0,-16.44395307337858,Summer,CHARGE_PRIORITY
13.0,small_family,23.987753033245795,6.5,6.5,0.0,0.0,-17.487753033245795,Summer,CHARGE_PRIORITY
14.0,apartment,16.913204736022088,3.6399999999999997,3.6399999999999997,0.0,13.273204736022088,-13.273204736022088,Summer,CHARGE_PRIORITY
14.0,family_house,28.622346476345072,10.08,10.08,0.0,0.0,-18.542346476345074,Summer,CHARGE_PRIORITY
14.0,luxury_house,36.42844096989373,18.0,18.0,0.0,0.0,-18.428440969893728,Summer,CHARGE_PRIORITY
14.0,small_family,25.36980710403313,6.5,6.5,0.0,18.074815914162215,-18.86980710403313,Summer,CHARGE_PRIORITY
15.0,apartment,18.469564573861454,3.6399999999999997,3.6399999999999997,0.0,14.829564573861456,-14.829564573861456,Summer,CHARGE_PRIORITY
15.0,family_house,31.256186201919387,10.08,10.08,0.0,0.0,-21.17618620191939,Summer,CHARGE_PRIORITY
15.0,luxury_house,39.780600620624675,18.0,18.0,0.0,0.0,-21.780600620624675,Summer,CHARGE_PRIORITY
15.0,small_family,27.704346860792185,6.5,6.5,0.0,21.204346860792185,-21.204346860792185,Summer,CHARGE_PRIORITY
16.0,apartment,14.978938234093125,3.6399999999999997,3.6399999999999997,0.0,11.338938234093126,-11.338938234093126,Summer,CHARGE_PRIORITY
16.0,family_house,25.3489723961576,10.08,10.08,0.0,0.3181662674675816,-15.268972396157602,Summer,CHARGE_PRIORITY
16.0,luxury_house,32.26232850420058,18.0,18.0,0.0,0.0,-14.262328504200582,Summer,CHARGE_PRIORITY
16.0,small_family,22.46840735113969,6.5,6.5,0.0,15.968407351139689,-15.968407351139689,Summer,CHARGE_PRIORITY
17.0,apartment,12.105712412283262,3.6399999999999997,3.6399999999999997,0.0,8.465712412283262,-8.465712412283262,Summer,CHARGE_PRIORITY
17.0,family_house,20.486590236171672,10.08,10.08,0.0,10.406590236171672,-10.406590236171672,Summer,CHARGE_PRIORITY
17.0,luxury_house,26.073842118763945,18.0,18.0,0.0,0.0,-8.073842118763945,Summer,CHARGE_PRIORITY
17.0,small_family,18.158568618424894,6.5,6.5,0.0,11.658568618424894,-11.658568618424894,Summer,CHARGE_PRIORITY
18.0,apartment,8.778421177161835,21.821002331123168,21.821002331123168,0.0,0.6902087555521313,13.042581153961331,Summer,CHARGE_PRIORITY
18.0,family_house,14.85578968442772,29.4011309213606,29.4011309213606,0.0,0.10486254410860862,14.545341236932881,Summer,CHARGE_PRIORITY
18.0,luxury_house,18.907368689271642,38.06373118139496,38.06373118139496,0.0,0.0,19.15636249212331,Summer,CHARGE_PRIORITY
18.0,small_family,13.167631765742753,25.42876481520954,25.42876481520954,0.0,0.0,12.261133049466787,Summer,CHARGE_PRIORITY
19.0,apartment,0.0,22.236078367646087,22.236078367646087,0.0,0.0,22.236078367646087,Summer,CHARGE_PRIORITY
19.0,family_house,0.0,30.361044546131165,30.361044546131165,0.0,0.0,30.361044546131165,Summer,CHARGE_PRIORITY
19.0,luxury_house,0.0,39.480941919085986,39.480941919085986,0.0,0.0,39.480941919085986,Summer,CHARGE_PRIORITY
19.0,small_family,0.0,27.473019873717448,27.473019873717448,0.0,0.0,27.473019873717448,Summer,CHARGE_PRIORITY
20.0,apartment,1.0458768707398602,25.80241570236463,25.80241570236463,0.0,0.0,24.75653883162477,Summer,CHARGE_PRIORITY
20.0,family_house,1.7699454735597637,29.14656464355703,29.14656464355703,0.0,0.0,27.37661916999727,Summer,CHARGE_PRIORITY
20.0,luxury_house,2.252657875439699,40.22121297059912,39.20091065778941,1.0203023128097133,0.0,37.968555095159424,Summer,CHARGE_PRIORITY
20.0,small_family,1.5688153061097903,19.52497709423962,19.52497709423962,0.0,0.0,17.95616178812983,Summer,CHARGE_PRIORITY
21.0,apartment,1.9651514533449979,26.103399080297514,22.269630564894417,3.8337685154031007,0.0,24.138247626952516,Summer,CHARGE_PRIORITY
21.0,family_house,3.3256409210453812,30.65971886067955,30.65971886067955,0.0,0.0,27.33407793963417,Summer,CHARGE_PRIORITY
21.0,luxury_house,4.232633899512304,33.641331199680465,20.11759616274499,13.523735036935479,0.0,29.408697300168168,Summer,CHARGE_PRIORITY
21.0,small_family,2.947727180017497,25.868578191060575,25.868578191060575,0.0,0.0,22.920851011043077,Summer,CHARGE_PRIORITY
22.0,apartment,2.4192728879714362,3.6399999999999997,3.302464369040221,0.33753563095977857,0.0,1.2207271120285632,Summer,CHARGE_PRIORITY
22.0,family_house,4.094154118105508,10.08,10.08,0.0,0.0,5.985845881894491,Summer,CHARGE_PRIORITY
22.0,luxury_house,5.210741604861555,18.0,7.580841033811071,10.419158966188931,0.0,12.789258395138443,Summer,CHARGE_PRIORITY
22.0,small_family,3.628909331957155,6.5,6.5,0.0,0.0,2.871090668042845,Summer,CHARGE_PRIORITY
23.0,apartment,5.885786941712818,3.6399999999999997,3.6399999999999997,0.0,0.0,-2.2457869417128187,Summer,CHARGE_PRIORITY
23.0,family_house,9.960562516744771,10.08,10.08,0.0,0.0,0.11943748325522918,Summer,CHARGE_PRIORITY
23.0,luxury_house,12.677079566766071,18.0,11.409371610089464,6.5906283899105365,0.0,5.3229204332339295,Summer,CHARGE_PRIORITY
23.0,small_family,8.828680412569229,6.5,6.5,0.0,0.0,-2.328680412569228,Summer,CHARGE_PRIORITY
24.0,apartment,0.0,3.6399999999999997,3.097317648221016,0.5426823517789836,0.0,3.6399999999999997,Summer,CHARGE_PRIORITY
24.0,family_house,0.0,10.08,9.995521263962369,0.0844787360376309,0.0,10.08,Summer,CHARGE_PRIORITY
24.0,luxury_house,0.0,18.0,0.0,18.0,0.0,18.0,Summer,CHARGE_PRIORITY
24.0,small_family,0.0,6.5,6.5,0.0,0.0,6.5,Summer,CHARGE_PRIORITY
25.0,apartment,2.0447840281509215,3.6399999999999997,3.0862478847187163,0.5537521152812832,0.0,1.595215971849078,Summer,CHARGE_PRIORITY
25.0,family_house,3.460403739947713,10.08,9.172740769454222,0.9072592305457783,0.0,6.619596260052287,Summer,CHARGE_PRIORITY
25.0,luxury_house,4.404150214478908,18.0,3.963735193031017,14.036264806968981,0.0,13.595849785521091,Summer,CHARGE_PRIORITY
25.0,small_family,3.0671760422263827,6.5,6.5,0.0,0.0,3.432823957773617,Summer,CHARGE_PRIORITY
26.0,apartment,1.1611499534350318,3.6399999999999997,2.841549217874316,0.7984507821256834,0.0,2.478850046564968,Summer,CHARGE_PRIORITY
26.0,family_house,1.9650229981208232,10.08,8.441158182848733,1.6388418171512658,0.0,8.114977001879176,Summer,CHARGE_PRIORITY
26.0,luxury_house,2.500938361244684,18.0,2.2508445251202156,15.749155474879785,0.0,15.499061638755315,Summer,CHARGE_PRIORITY
26.0,small_family,1.741724930152548,6.5,6.1453521591340285,0.35464784086597134,0.0,4.758275069847452,Summer,CHARGE_PRIORITY
27.0,apartment,1.9525427093560837,3.6399999999999997,2.7731761962231647,0.8668238037768348,0.0,1.687457290643916,Summer,CHARGE_PRIORITY
27.0,family_house,3.3043030466026035,10.08,8.303468185485585,1.776531814514414,0.0,6.775696953397396,Summer,CHARGE_PRIORITY
27.0,luxury_house,4.205476604766949,18.0,3.784928944290254,14.215071055709746,0.0,13.79452339523305,Summer,CHARGE_PRIORITY
27.0,small_family,2.928814064034126,6.5,5.980120419249753,0.5198795807502479,0.0,3.5711859359658744,Summer,CHARGE_PRIORITY
28.0,apartment,2.0149149615286093,3.6399999999999997,2.6564587890484797,0.9835412109515198,0.0,1.6250850384713902,Summer,CHARGE_PRIORITY
28.0,family_house,3.4098560887407237,10.08,8.021199467286515,2.0588005327134846,0.0,6.6701439112592755,Summer,CHARGE_PRIORITY
28.0,luxury_house,4.339816840215466,18.0,3.90583515619392,14.094164843806078,0.0,13.660183159784532,Summer,CHARGE_PRIORITY
28.0,small_family,3.022372442292914,6.5,5.832129039180954,0.6678709608190461,0.0,3.477627557707086,Summer,CHARGE_PRIORITY
29.0,apartment,1.9079972015893052,3.6399999999999997,2.6046447976932785,1.0353552023067212,0.0,1.7320027984106945,Summer,CHARGE_PRIORITY
29.0,family_house,3.228918341151132,10.08,7.194403669465865,2.8855963305341343,0.0,6.851081658848868,Summer,CHARGE_PRIORITY
29.0,luxury_house,4.109532434192349,18.0,3.6985791907731143,14.301420809226887,0.0,13.89046756580765,Summer,CHARGE_PRIORITY
29.0,small_family,2.861995802383958,6.5,5.594414512802822,0.905585487197178,0.0,3.638004197616042,Summer,CHARGE_PRIORITY
30.0,apartment,10.720730870512162,3.6399999999999997,3.6399999999999997,0.0,0.0,-7.080730870512161,Summer,CHARGE_PRIORITY
30.0,family_house,18.142775319328276,10.08,10.08,0.0,0.0,-8.062775319328276,Summer,CHARGE_PRIORITY
30.0,luxury_house,23.09080495187235,18.0,18.0,0.0,0.0,-5.090804951872348,Summer,CHARGE_PRIORITY
30.0,small_family,16.081096305768245,6.5,6.5,0.0,0.0,-9.581096305768243,Summer,CHARGE_PRIORITY
31.0,apartment,10.91498024450718,3.6399999999999997,3.6399999999999997,0.0,0.0,-7.27498024450718,Summer,CHARGE_PRIORITY
31.0,family_house,18.471505029165996,10.08,10.08,0.0,0.0,-8.391505029165996,Summer,CHARGE_PRIORITY
31.0,luxury_house,23.50918821893854,18.0,18.0,0.0,0.0,-5.509188218938541,Summer,CHARGE_PRIORITY
31.0,small_family,16.37247036676077,6.5,6.5,0.0,0.0,-9.872470366760771,Summer,CHARGE_PRIORITY
32.0,apartment,11.290862287790263,3.6399999999999997,3.6399999999999997,0.0,0.0,-7.650862287790263,Summer,CHARGE_PRIORITY
32.0,family_house,19.10761310241429,10.08,10.08,0.0,0.0,-9.027613102414293,Summer,CHARGE_PRIORITY
32.0,luxury_house,24.318780312163646,18.0,18.0,0.0,0.0,-6.318780312163646,Summer,CHARGE_PRIORITY
32.0,small_family,16.936293431685392,6.5,6.5,0.0,0.0,-10.436293431685392,Summer,CHARGE_PRIORITY
33.0,apartment,11.978822666900612,3.6399999999999997,3.6399999999999997,0.0,0.0,-8.338822666900613,Summer,CHARGE_PRIORITY
33.0,family_house,20.271853743985652,10.08,10.08,0.0,0.0,-10.19185374398565,Summer,CHARGE_PRIORITY
33.0,luxury_house,25.800541128709007,18.0,18.0,0.0,0.0,-7.800541128709009,Summer,CHARGE_PRIORITY
33.0,small_family,17.968234000350918,6.5,6.5,0.0,0.0,-11.468234000350918,Summer,CHARGE_PRIORITY
34.0,apartment,11.934365937580948,3.6399999999999997,3.6399999999999997,0.0,0.0,-8.294365937580949,Summer,CHARGE_PRIORITY
34.0,family_house,20.196619278983142,10.08,10.08,0.0,0.0,-10.116619278983142,Summer,CHARGE_PRIORITY
34.0,luxury_house,25.704788173251274,18.0,18.0,0.0,0.0,-7.704788173251272,Summer,CHARGE_PRIORITY
34.0,small_family,17.901548906371424,6.5,6.5,0.0,0.0,-11.401548906371422,Summer,CHARGE_PRIORITY
35.0,apartment,12.11040387483319,3.6399999999999997,3.6399999999999997,0.0,0.0,-8.47040387483319,Summer,CHARGE_PRIORITY
35.0,family_house,20.49452963433309,10.08,10.08,0.0,0.0,-10.414529634333089,Summer,CHARGE_PRIORITY
35.0,luxury_house,26.083946807333025,18.0,18.0,0.0,0.0,-8.083946807333025,Summer,CHARGE_PRIORITY
35.0,small_family,18.165605812249783,6.5,6.5,0.0,0.0,-11.665605812249783,Summer,CHARGE_PRIORITY
36.0,apartment,13.923605722707492,3.6399999999999997,3.6399999999999997,0.0,0.0,-10.283605722707492,Summer,CHARGE_PRIORITY
36.0,family_house,23.563025069197295,10.08,10.08,0.0,0.0,-13.483025069197295,Summer,CHARGE_PRIORITY
36.0,luxury_house,29.98930463352383,18.0,18.0,0.0,0.0,-11.989304633523828,Summer,CHARGE_PRIORITY
36.0,small_family,20.885408584061235,6.5,6.5,0.0,0.0,-14.385408584061235,Summer,CHARGE_PRIORITY
37.0,apartment,13.178894603249983,3.6399999999999997,3.6399999999999997,0.0,0.5378514557543499,-9.538894603249982,Summer,CHARGE_PRIORITY
37.0,family_house,22.30274471319228,10.08,10.08,0.0,0.0,-12.22274471319228,Summer,CHARGE_PRIORITY
37.0,luxury_house,28.38531145315381,18.0,18.0,0.0,0.0,-10.38531145315381,Summer,CHARGE_PRIORITY
37.0,small_family,19.768341904874976,6.5,6.5,0.0,0.8379450850182584,-13.268341904874976,Summer,CHARGE_PRIORITY
38.0,apartment,14.746426630773868,3.6399999999999997,3.6399999999999997,0.0,1.1015123946507794,-11.106426630773868,Summer,CHARGE_PRIORITY
38.0,family_house,24.955491221309618,10.08,10.08,0.0,0.0,-14.87549122130962,Summer,CHARGE_PRIORITY
38.0,luxury_house,31.76153428166679,18.0,18.0,0.0,0.0,-13.76153428166679,Summer,CHARGE_PRIORITY
38.0,small_family,22.1196399461608,6.5,6.5,0.0,1.670190370407476,-15.619639946160799,Summer,CHARGE_PRIORITY
39.0,apartment,15.404086696571104,3.6399999999999997,3.6399999999999997,0.0,1.8098594917801698,-11.764086696571104,Summer,CHARGE_PRIORITY
39.0,family_house,26.068454409581868,10.08,10.08,0.0,0.0,-15.98845440958187,Summer,CHARGE_PRIORITY
39.0,luxury_house,33.17803288492238,18.0,18.0,0.0,0.0,-15.178032884922379,Summer,CHARGE_PRIORITY
39.0,small_family,23.10613004485666,6.5,6.5,0.0,5.135351405932716,-16.60613004485666,Summer,CHARGE_PRIORITY
40.0,apartment,15.082816412959527,3.6399999999999997,3.6399999999999997,0.0,2.081477420604731,-11.442816412959527,Summer,CHARGE_PRIORITY
40.0,family_house,25.524766237316122,10.08,10.08,0.0,0.0,-15.444766237316124,Summer,CHARGE_PRIORITY
40.0,luxury_house,32.48606612022052,18.0,18.0,0.0,0.0,-14.48606612022052,Summer,CHARGE_PRIORITY
40.0,small_family,22.62422461943929,6.5,6.5,0.0,8.126306082726849,-16.12422461943929,Summer,CHARGE_PRIORITY
41.0,apartment,13.99363275794507,3.6399999999999997,3.6399999999999997,0.0,3.5805535445889145,-10.353632757945071,Summer,CHARGE_PRIORITY
41.0,family_house,23.681532359599352,10.08,10.08,0.0,0.0,-13.601532359599354,Summer,CHARGE_PRIORITY
41.0,luxury_house,30.14013209403554,18.0,18.0,0.0,0.0,-12.14013209403554,Summer,CHARGE_PRIORITY
41.0,small_family,20.990449136917604,6.5,6.5,0.0,13.317735675580517,-14.490449136917604,Summer,CHARGE_PRIORITY
42.0,apartment,11.282749403194526,18.38797134720262,18.38797134720262,0.0,1.0540532077149214,7.105221944008093,Summer,CHARGE_PRIORITY
42.0,family_house,19.09388360540612,22.90439488846721,22.90439488846721,0.0,0.0,3.8105112830610866,Summer,CHARGE_PRIORITY
42.0,luxury_house,24.30130640688052,35.1904413421255,35.1904413421255,0.0,0.0,10.889134935244982,Summer,CHARGE_PRIORITY
42.0,small_family,16.924124104791787,26.415560065973413,26.415560065973413,0.0,1.157988229426731,9.491435961181626,Summer,CHARGE_PRIORITY
43.0,apartment,3.8119733137092364,20.819480626854308,20.819480626854308,0.0,0.0,17.00750731314507,Summer,CHARGE_PRIORITY
43.0,family_house,6.451031761661786,28.926479437958985,28.926479437958985,0.0,0.0,22.4754476762972,Summer,CHARGE_PRIORITY
43.0,luxury_house,8.210404060296817,35.480106526850655,35.480106526850655,0.0,0.0,27.269702466553838,Summer,CHARGE_PRIORITY
43.0,small_family,5.717959970563855,30.61822829877701,30.61822829877701,0.0,0.0,24.900268328213155,Summer,CHARGE_PRIORITY
44.0,apartment,1.4285235500464855,22.777756654473023,22.777756654473023,0.0,0.0,21.34923310442654,Summer,CHARGE_PRIORITY
44.0,family_house,2.41750139238636,24.674261477254248,24.674261477254248,0.0,0.0,22.25676008486789,Summer,CHARGE_PRIORITY
44.0,luxury_house,3.076819953946276,41.49710652283508,35.63024516258294,5.866861360252146,0.0,38.420286568888805,Summer,CHARGE_PRIORITY
44.0,small_family,2.1427853250697284,26.639443365524745,26.639443365524745,0.0,0.0,24.496658040455017,Summer,CHARGE_PRIORITY
45.0,apartment,6.540060384936827,29.640058899554194,28.98988307102035,0.6501758285338437,0.0,23.09999851461737,Summer,CHARGE_PRIORITY
45.0,family_house,11.0677944975854,35.04797209273844,35.04797209273844,0.0,0.0,23.98017759515304,Summer,CHARGE_PRIORITY
45.0,luxury_house,14.08628390601778,38.60509983381257,22.185150562213384,16.419949271599183,0.0,24.518815927794787,Summer,CHARGE_PRIORITY
45.0,small_family,9.81009057740524,28.295530394057444,28.295530394057444,0.0,0.0,18.485439816652203,Summer,CHARGE_PRIORITY
46.0,apartment,3.9873818687358407,3.6399999999999997,3.636049513989404,0.003950486010595666,0.0,-0.3473818687358408,Summer,CHARGE_PRIORITY
46.0,family_house,6.747877008629883,10.08,10.08,0.0,0.0,3.332122991370116,Summer,CHARGE_PRIORITY
46.0,luxury_house,8.588207101892579,18.0,8.954363646169705,9.045636353830295,0.0,9.411792898107421,Summer,CHARGE_PRIORITY
46.0,small_family,5.9810728031037605,6.5,6.5,0.0,0.0,0.5189271968962393,Summer,CHARGE_PRIORITY
47.0,apartment,2.889622608561888,3.6399999999999997,3.5600507959773613,0.0799492040226385,0.0,0.7503773914381114,Summer,CHARGE_PRIORITY
47.0,family_house,4.890130568335502,10.08,10.08,0.0,0.0,5.189869431664497,Summer,CHARGE_PRIORITY
47.0,luxury_house,6.223802541517912,18.0,5.601422287366121,12.39857771263388,0.0,11.776197458482088,Summer,CHARGE_PRIORITY
47.0,small_family,4.334433912842832,6.5,6.5,0.0,0.0,2.1655660871571683,Summer,CHARGE_PRIORITY
48.0,apartment,0.0,3.6399999999999997,3.3355362031611984,0.3044637968388014,0.0,3.6399999999999997,Summer,CHARGE_PRIORITY
48.0,family_house,0.0,10.08,10.08,0.0,0.0,10.08,Summer,CHARGE_PRIORITY
48.0,luxury_house,0.0,18.0,0.0,18.0,0.0,18.0,Summer,CHARGE_PRIORITY
48.0,small_family,0.0,6.5,6.5,0.0,0.0,6.5,Summer,CHARGE_PRIORITY
49.0,apartment,0.0,3.6399999999999997,3.0799999999999996,0.5599999999999999,0.0,3.6399999999999997,Summer,CHARGE_PRIORITY
49.0,family_house,0.0,10.08,10.08,0.0,0.0,10.08,Summer,CHARGE_PRIORITY
49.0,luxury_house,0.0,18.0,0.0,18.0,0.0,18.0,Summer,CHARGE_PRIORITY
49.0,small_family,0.0,6.5,6.111791043457052,0.3882089565429476,0.0,6.5,Summer,CHARGE_PRIORITY
50.0,apartment,0.0,3.6399999999999997,3.0799999999999996,0.5599999999999999,0.0,3.6399999999999997,Summer,CHARGE_PRIORITY
50.0,family_house,0.0,10.08,10.08,0.0,0.0,10.08,Summer,CHARGE_PRIORITY
50.0,luxury_house,0.0,18.0,0.0,18.0,0.0,18.0,Summer,CHARGE_PRIORITY
50.0,small_family,0.0,6.5,5.608918727614893,0.8910812723851068,0.0,6.5,Summer,CHARGE_PRIORITY
51.0,apartment,1.7275706358105496,3.6399999999999997,3.018591284321409,0.6214087156785906,0.0,1.91242936418945,Summer,CHARGE_PRIORITY
51.0,family_house,2.9235810759870837,10.08,8.082501908280468,1.9974980917195317,0.0,7.156418924012916,Summer,CHARGE_PRIORITY
51.0,luxury_house,3.7209213694381065,18.0,3.348829232494295,14.651170767505704,0.0,14.279078630561894,Summer,CHARGE_PRIORITY
51.0,small_family,2.591355953715824,6.5,5.8588031320529605,0.6411968679470397,0.0,3.9086440462841763,Summer,CHARGE_PRIORITY
52.0,apartment,2.029514921742773,3.6399999999999997,3.082019516790306,0.5579804832096936,0.0,1.6104850782572266,Summer,CHARGE_PRIORITY
52.0,family_house,3.4345637137185383,10.08,5.257378214821988,4.822621785178012,0.0,6.645436286281462,Summer,CHARGE_PRIORITY
52.0,luxury_house,4.371262908369049,18.0,3.9341366175321433,14.065863382467857,0.0,13.62873709163095,Summer,CHARGE_PRIORITY
52.0,small_family,3.0442723826141593,6.5,5.92151463759273,0.5784853624072703,0.0,3.4557276173858407,Summer,CHARGE_PRIORITY
53.0,apartment,2.2827178749933985,3.6399999999999997,3.1521372576904794,0.4878627423095203,0.0,1.3572821250066014,Summer,CHARGE_PRIORITY
53.0,family_house,3.8630610192195975,10.08,3.914881276608037,6.165118723391963,0.0,6.216938980780402,Summer,CHARGE_PRIORITY
53.0,luxury_house,4.916623115370396,18.0,4.424960803833357,13.575039196166644,0.0,13.083376884629603,Summer,CHARGE_PRIORITY
53.0,small_family,3.4240768124900973,6.5,5.921386502641377,0.5786134973586237,0.0,3.0759231875099027,Summer,CHARGE_PRIORITY
54.0,apartment,10.942953189450261,3.6399999999999997,3.6399999999999997,0.0,0.0,-7.3029531894502595,Summer,CHARGE_PRIORITY
54.0,family_house,18.51884385906967,10.08,10.08,0.0,0.0,-8.43884385906967,Summer,CHARGE_PRIORITY
54.0,luxury_house,23.569437638815945,18.0,18.0,0.0,0.0,-5.569437638815945,Summer,CHARGE_PRIORITY
54.0,small_family,16.41442978417539,6.5,6.5,0.0,0.0,-9.91442978417539,Summer,CHARGE_PRIORITY
55.0,apartment,11.32671971082745,3.6399999999999997,3.6399999999999997,0.0,0.0,-7.686719710827451,Summer,CHARGE_PRIORITY
55.0,family_house,19.168294895246458,10.08,10.08,0.0,0.0,-9.08829489524646,Summer,CHARGE_PRIORITY
55.0,luxury_house,24.396011684859126,18.0,18.0,0.0,0.0,-6.396011684859127,Summer,CHARGE_PRIORITY
55.0,small_family,16.990079566241178,6.5,6.5,0.0,0.0,-10.490079566241178,Summer,CHARGE_PRIORITY
56.0,apartment,11.647387934427924,3.6399999999999997,3.6399999999999997,0.0,0.0,-8.007387934427925,Summer,CHARGE_PRIORITY
56.0,family_house,19.710964196724177,10.08,10.08,0.0,0.0,-9.630964196724179,Summer,CHARGE_PRIORITY
56.0,luxury_house,25.08668170492168,18.0,18.0,0.0,0.0,-7.086681704921681,Summer,CHARGE_PRIORITY
56.0,small_family,17.471081901641888,6.5,6.5,0.0,0.0,-10.971081901641886,Summer,CHARGE_PRIORITY
57.0,apartment,12.38466715565772,3.6399999999999997,3.6399999999999997,0.0,0.0,-8.74466715565772,Summer,CHARGE_PRIORITY
57.0,family_house,20.958667494189985,10.08,10.08,0.0,0.0,-10.878667494189985,Summer,CHARGE_PRIORITY
57.0,luxury_house,26.674667719878165,18.0,18.0,0.0,0.0,-8.674667719878164,Summer,CHARGE_PRIORITY
57.0,small_family,18.577000733486578,6.5,6.5,0.0,0.0,-12.077000733486578,Summer,CHARGE_PRIORITY
58.0,apartment,13.235795437717366,3.6399999999999997,3.6399999999999997,0.0,0.0,-9.595795437717365,Summer,CHARGE_PRIORITY
58.0,family_house,22.39903843306016,10.08,10.08,0.0,0.0,-12.31903843306016,Summer,CHARGE_PRIORITY
58.0,luxury_house,28.50786709662202,18.0,18.0,0.0,0.0,-10.507867096622022,Summer,CHARGE_PRIORITY
58.0,small_family,19.853693156576053,6.5,6.5,0.0,0.0,-13.353693156576053,Summer,CHARGE_PRIORITY
59.0,apartment,14.166674631157896,3.6399999999999997,3.6399999999999997,0.0,0.3496091368637511,-10.526674631157896,Summer,CHARGE_PRIORITY
59.0,family_house,23.974372452728748,10.08,10.08,0.0,0.0,-13.894372452728746,Summer,CHARGE_PRIORITY
59.0,luxury_house,30.512837667109316,18.0,18.0,0.0,0.0,-12.512837667109316,Summer,CHARGE_PRIORITY
59.0,small_family,21.250011946736844,6.5,6.5,0.0,0.0,-14.750011946736842,Summer,CHARGE_PRIORITY
60.0,apartment,15.257481052069322,3.6399999999999997,3.6399999999999997,0.0,0.893652388620717,-11.617481052069321,Summer,CHARGE_PRIORITY
60.0,family_house,25.82035254965578,10.08,10.08,0.0,0.0,-15.740352549655782,Summer,CHARGE_PRIORITY
60.0,luxury_house,32.86226688138008,18.0,18.0,0.0,0.0,-14.86226688138008,Summer,CHARGE_PRIORITY
60.0,small_family,22.886221578103985,6.5,6.5,0.0,0.0,-16.386221578103985,Summer,CHARGE_PRIORITY
61.0,apartment,16.45239112301508,3.6399999999999997,3.6399999999999997,0.0,1.9653926056931634,-12.812391123015079,Summer,CHARGE_PRIORITY
61.0,family_house,27.842508054333212,10.08,10.08,0.0,0.0,-17.762508054333214,Summer,CHARGE_PRIORITY
61.0,luxury_house,35.43591934187863,18.0,18.0,0.0,0.0,-17.43591934187863,Summer,CHARGE_PRIORITY
61.0,small_family,24.678586684522617,6.5,6.5,0.0,0.7103655383837779,-18.178586684522617,Summer,CHARGE_PRIORITY
62.0,apartment,17.522516121546538,3.6399999999999997,3.6399999999999997,0.0,3.051077478170852,-13.882516121546537,Summer,CHARGE_PRIORITY
62.0,family_house,29.65348882107876,10.08,10.08,0.0,0.0,-19.57348882107876,Summer,CHARGE_PRIORITY
62.0,luxury_house,37.74080395410024,18.0,18.0,0.0,0.0,-19.740803954100237,Summer,CHARGE_PRIORITY
62.0,small_family,26.283774182319807,6.5,6.5,0.0,2.970932863433614,-19.783774182319807,Summer,CHARGE_PRIORITY
63.0,apartment,17.843294998482577,3.6399999999999997,3.6399999999999997,0.0,4.36657555727407,-14.203294998482574,Summer,CHARGE_PRIORITY
63.0,family_house,30.196345382047436,10.08,10.08,0.0,0.0,-20.116345382047438,Summer,CHARGE_PRIORITY
63.0,luxury_house,38.43171230442401,18.0,18.0,0.0,0.0,-20.43171230442401,Summer,CHARGE_PRIORITY
63.0,small_family,26.764942497723865,6.5,6.5,0.0,12.302931571529243,-20.264942497723865,Summer,CHARGE_PRIORITY
64.0,apartment,14.15847995780439,3.6399999999999997,3.6399999999999997,0.0,5.344909392470441,-10.51847995780439,Summer,CHARGE_PRIORITY
64.0,family_house,23.960504543976658,10.08,10.08,0.0,0.0,-13.880504543976658,Summer,CHARGE_PRIORITY
64.0,luxury_house,30.49518760142484,18.0,18.0,0.0,0.0,-12.49518760142484,Summer,CHARGE_PRIORITY
64.0,small_family,21.237719936706583,6.5,6.5,0.0,14.737719936706585,-14.737719936706585,Summer,CHARGE_PRIORITY
65.0,apartment,10.278131890049819,3.6399999999999997,3.6399999999999997,0.0,6.638131890049819,-6.638131890049819,Summer,CHARGE_PRIORITY
65.0,family_house,17.39376166008431,10.08,10.08,0.0,0.0,-7.3137616600843085,Summer,CHARGE_PRIORITY
65.0,luxury_house,22.1375148401073,18.0,18.0,0.0,0.0,-4.137514840107302,Summer,CHARGE_PRIORITY
65.0,small_family,15.417197835074727,6.5,6.5,0.0,8.917197835074727,-8.917197835074727,Summer,CHARGE_PRIORITY
66.0,apartment,9.026030940569406,17.33328219160345,17.333282191603445,0.0,0.8099714222174028,8.30725125103404,Summer,CHARGE_PRIORITY
66.0,family_house,15.274821591732843,33.88375764914174,33.88375764914174,0.0,0.0,18.6089360574089,Summer,CHARGE_PRIORITY
66.0,luxury_house,19.4406820258418,35.24416547174854,35.24416547174854,0.0,0.0,15.80348344590674,Summer,CHARGE_PRIORITY
66.0,small_family,13.53904641085411,25.2162158852436,25.2162158852436,0.0,0.017832181906032085,11.677169474389487,Summer,CHARGE_PRIORITY
67.0,apartment,0.0,21.00612352599333,21.00612352599333,0.0,0.0,21.00612352599333,Summer,CHARGE_PRIORITY
67.0,family_house,0.0,29.958766264324566,29.958766264324566,0.0,0.0,29.958766264324566,Summer,CHARGE_PRIORITY
67.0,luxury_house,0.0,30.372581552648402,30.372581552648402,0.0,0.0,30.372581552648402,Summer,CHARGE_PRIORITY
67.0,small_family,0.0,21.512200194504082,21.512200194504082,0.0,0.0,21.512200194504082,Summer,CHARGE_PRIORITY
68.0,apartment,0.0,20.552995043878308,20.552995043878308,0.0,0.0,20.552995043878308,Summer,CHARGE_PRIORITY
68.0,family_house,0.0,27.46787822030191,27.46787822030191,0.0,0.0,27.46787822030191,Summer,CHARGE_PRIORITY
68.0,luxury_house,0.0,38.39503536843365,37.65295027396629,0.7420850944673614,0.0,38.39503536843365,Summer,CHARGE_PRIORITY
68.0,small_family,0.0,28.0711810809264,28.0711810809264,0.0,0.0,28.0711810809264,Summer,CHARGE_PRIORITY
69.0,apartment,0.23796821715112637,21.631497167818303,19.948680762357398,1.6828164054609067,0.0,21.39352895066718,Summer,CHARGE_PRIORITY
69.0,family_house,0.4027154444095985,22.984432438646504,22.313600227631458,0.6708322110150458,0.0,22.581716994236903,Summer,CHARGE_PRIORITY
69.0,luxury_house,0.5125469292485799,33.42917447330568,17.517585559916952,15.911588913388726,0.0,32.9166275440571,Summer,CHARGE_PRIORITY
69.0,small_family,0.35695232572668956,27.45851235485414,27.45851235485414,0.0,0.0,27.10156002912745,Summer,CHARGE_PRIORITY
70.0,apartment,2.009048518579518,3.6399999999999997,3.3581759487263945,0.2818240512736052,0.0,1.6309514814204817,Summer,CHARGE_PRIORITY
70.0,family_house,3.3999282622114917,10.08,8.909989239331724,1.1700107606682768,0.0,6.6800717377885075,Summer,CHARGE_PRIORITY
70.0,luxury_house,4.3271814246328075,18.0,5.330904075439884,12.669095924560118,0.0,13.672818575367193,Summer,CHARGE_PRIORITY
70.0,small_family,3.013572777869277,6.5,6.5,0.0,0.0,3.4864272221307235,Summer,CHARGE_PRIORITY
71.0,apartment,5.2038060412578,3.6399999999999997,3.6399999999999997,0.0,0.0,-1.5638060412578005,Summer,CHARGE_PRIORITY
71.0,family_house,8.806440992897816,10.08,9.720966148934671,0.3590338510653279,0.0,1.2735590071021847,Summer,CHARGE_PRIORITY
71.0,luxury_house,11.208197627324493,18.0,10.087377864592042,7.912622135407957,0.0,6.791802372675507,Summer,CHARGE_PRIORITY
71.0,small_family,7.8057090618867,6.5,6.5,0.0,0.0,-1.3057090618867009,Summer,CHARGE_PRIORITY
72.0,apartment,0.0,3.6399999999999997,3.2405269903280027,0.39947300967199684,0.0,3.6399999999999997,Summer,CHARGE_PRIORITY
72.0,family_house,0.0,10.08,8.23557715732606,1.844422842673938,0.0,10.08,Summer,CHARGE_PRIORITY
72.0,luxury_house,0.0,18.0,0.0,18.0,0.0,18.0,Summer,CHARGE_PRIORITY
72.0,small_family,0.0,6.5,6.447629439057867,0.05237056094213388,0.0,6.5,Summer,CHARGE_PRIORITY
73.0,apartment,2.2381782404678887,3.6399999999999997,3.3899016025263227,0.2500983974736769,0.0,1.4018217595321107,Summer,CHARGE_PRIORITY
73.0,family_house,3.787686253099505,10.08,7.868671729880914,2.2113282701190857,0.0,6.292313746900494,Summer,CHARGE_PRIORITY
73.0,luxury_house,4.820691594853915,18.0,4.338622435368523,13.661377564631476,0.0,13.179308405146084,Summer,CHARGE_PRIORITY
73.0,small_family,3.3572673607018335,6.5,6.00396278588205,0.49603721411795,0.0,3.1427326392981665,Summer,CHARGE_PRIORITY
74.0,apartment,2.0412141982058576,3.6399999999999997,3.3276133698776107,0.312386630122389,0.0,1.598785801794142,Summer,CHARGE_PRIORITY
74.0,family_house,3.454362489271452,10.08,6.681426079850428,3.3985739201495724,0.0,6.625637510728548,Summer,CHARGE_PRIORITY
74.0,luxury_house,4.3964613499818475,18.0,3.9568152149836626,14.043184785016336,0.0,13.603538650018152,Summer,CHARGE_PRIORITY
74.0,small_family,3.0618212973087866,6.5,5.9239444873196785,0.5760555126803218,0.0,3.4381787026912134,Summer,CHARGE_PRIORITY
75.0,apartment,1.9181931607966782,3.6399999999999997,3.1983939641654637,0.441606035834536,0.0,1.7218068392033214,Summer,CHARGE_PRIORITY
75.0,family_house,3.2461730413482246,10.08,6.262831711442752,3.8171682885572475,0.0,6.833826958651775,Summer,CHARGE_PRIORITY
75.0,luxury_house,4.131492961715923,18.0,3.71834366554433,14.28165633445567,0.0,13.86850703828408,Summer,CHARGE_PRIORITY
75.0,small_family,2.8772897411950176,6.5,5.6966893048362826,0.8033106951637174,0.0,3.622710258804983,Summer,CHARGE_PRIORITY
76.0,apartment,2.1740477617523783,3.6399999999999997,3.2515329966716475,0.38846700332835205,0.0,1.465952238247621,Summer,CHARGE_PRIORITY
76.0,family_house,3.679157750657872,10.08,4.92872697144745,5.15127302855255,0.0,6.400842249342127,Summer,CHARGE_PRIORITY
76.0,luxury_house,4.6825644099282,18.0,4.21430796893538,13.78569203106462,0.0,13.3174355900718,Summer,CHARGE_PRIORITY
76.0,small_family,3.261071642628568,6.5,5.420535898679696,1.0794641013203037,0.0,3.238928357371432,Summer,CHARGE_PRIORITY
77.0,apartment,2.3929680153392687,3.6399999999999997,3.297001049339694,0.3429989506603056,0.0,1.247031984660731,Summer,CHARGE_PRIORITY
77.0,family_house,4.049638179804916,10.08,4.7172286348536865,5.362771365146313,0.0,6.030361820195084,Summer,CHARGE_PRIORITY
77.0,luxury_house,5.154084956115347,18.0,4.638676460503811,13.361323539496187,0.0,12.845915043884652,Summer,CHARGE_PRIORITY
77.0,small_family,3.5894520230089024,6.5,5.242502623349235,1.2574973766507647,0.0,2.9105479769910976,Summer,CHARGE_PRIORITY
78.0,apartment,11.263676518131966,3.6399999999999997,3.6399999999999997,0.0,0.0,-7.623676518131965,Summer,CHARGE_PRIORITY
78.0,family_house,19.061606415300247,10.08,10.08,0.0,0.0,-8.981606415300249,Summer,CHARGE_PRIORITY
78.0,luxury_house,22.23854081785029,18.0,16.5,1.5,0.0,-4.23854081785029,Summer,CHARGE_PRIORITY
78.0,small_family,16.89551477719795,6.5,6.5,0.0,0.0,-10.395514777197947,Summer,CHARGE_PRIORITY
79.0,apartment,9.9614831274325,3.6399999999999997,3.6399999999999997,0.0,0.0,-6.321483127432501,Summer,CHARGE_PRIORITY
79.0,family_house,16.85789452334731,10.08,10.08,0.0,0.0,-6.7778945233473085,Summer,CHARGE_PRIORITY
79.0,luxury_house,19.667543610571858,18.0,16.5,1.5,0.0,-1.6675436105718597,Summer,CHARGE_PRIORITY
79.0,small_family,14.94222469114875,6.5,6.5,0.0,0.0,-8.44222469114875,Summer,CHARGE_PRIORITY
80.0,apartment,11.065608065436505,3.6399999999999997,3.6399999999999997,0.0,0.0,-7.4256080654365055,Summer,CHARGE_PRIORITY
80.0,family_house,18.72641364920024,10.08,10.08,0.0,0.0,-8.64641364920024,Summer,CHARGE_PRIORITY
80.0,luxury_house,21.847482590733613,18.0,16.5,1.5,0.0,-3.847482590733613,Summer,CHARGE_PRIORITY
80.0,small_family,16.598412098154757,6.5,6.5,0.0,0.0,-10.098412098154757,Summer,CHARGE_PRIORITY
81.0,apartment,12.2292128107485,3.6399999999999997,3.6399999999999997,0.0,0.0,-8.5892128107485,Summer,CHARGE_PRIORITY
81.0,family_house,20.695590910497458,10.08,10.08,0.0,0.0,-10.61559091049746,Summer,CHARGE_PRIORITY
81.0,luxury_house,24.144856062247033,18.0,16.5,1.5,0.0,-6.144856062247033,Summer,CHARGE_PRIORITY
81.0,small_family,18.34381921612275,6.5,6.5,0.0,0.0,-11.843819216122748,Summer,CHARGE_PRIORITY
82.0,apartment,13.069922049526404,3.6399999999999997,3.6399999999999997,0.0,0.0,-9.429922049526404,Summer,CHARGE_PRIORITY
82.0,family_house,22.118329622275454,10.08,10.08,0.0,0.0,-12.038329622275457,Summer,CHARGE_PRIORITY
82.0,luxury_house,25.804717892654697,18.0,16.5,1.5,0.0,-7.804717892654697,Summer,CHARGE_PRIORITY
82.0,small_family,19.60488307428961,6.5,6.5,0.0,0.0,-13.10488307428961,Summer,CHARGE_PRIORITY
83.0,apartment,12.692830138952829,3.6399999999999997,3.6399999999999997,0.0,0.0,-9.052830138952828,Summer,CHARGE_PRIORITY
83.0,family_house,21.48017408130479,10.08,10.08,0.0,0.0,-11.400174081304788,Summer,CHARGE_PRIORITY
83.0,luxury_house,25.060203094855584,18.0,16.5,1.5,0.0,-7.060203094855586,Summer,CHARGE_PRIORITY
83.0,small_family,19.039245208429243,6.5,6.5,0.0,0.0,-12.539245208429243,Summer,CHARGE_PRIORITY
84.0,apartment,13.471988720838848,3.6399999999999997,3.6399999999999997,0.0,0.49945327159669334,-9.831988720838847,Summer,CHARGE_PRIORITY
84.0,family_house,22.798750142958053,10.08,10.08,0.0,0.0,-12.718750142958053,Summer,CHARGE_PRIORITY
84.0,luxury_house,26.598541833451062,18.0,16.5,1.5,0.0,-8.59854183345106,Summer,CHARGE_PRIORITY
84.0,small_family,20.207983081258273,6.5,6.5,0.0,0.0,-13.707983081258273,Summer,CHARGE_PRIORITY
85.0,apartment,14.232732895254905,3.6399999999999997,3.6399999999999997,0.0,1.6626682681118365,-10.592732895254905,Summer,CHARGE_PRIORITY
85.0,family_house,24.086163361200608,10.08,10.08,0.0,0.0,-14.00616336120061,Summer,CHARGE_PRIORITY
85.0,luxury_house,28.10052392140071,18.0,16.5,1.5,0.0,-10.100523921400711,Summer,CHARGE_PRIORITY
85.0,small_family,21.349099342882358,6.5,6.5,0.0,0.0661353496045709,-14.84909934288236,Summer,CHARGE_PRIORITY
86.0,apartment,16.268456584145557,3.6399999999999997,3.6399999999999997,0.0,3.181061808251587,-12.628456584145557,Summer,CHARGE_PRIORITY
86.0,family_house,27.531234219323245,10.08,10.08,0.0,0.0,-17.451234219323247,Summer,CHARGE_PRIORITY
86.0,luxury_house,32.11977325587713,18.0,16.5,1.5,0.0,-14.119773255877124,Summer,CHARGE_PRIORITY
86.0,small_family,24.402684876218334,6.5,6.5,0.0,1.3771296058629487,-17.902684876218334,Summer,CHARGE_PRIORITY
87.0,apartment,16.7003777847131,3.6399999999999997,3.6399999999999997,0.0,4.298406596678035,-13.0603777847131,Summer,CHARGE_PRIORITY
87.0,family_house,28.262177789514478,10.08,10.08,0.0,0.0,-18.18217778951448,Summer,CHARGE_PRIORITY
87.0,luxury_house,32.97254075443356,18.0,16.5,1.5,0.0,-14.97254075443356,Summer,CHARGE_PRIORITY
87.0,small_family,25.050566677069654,6.5,6.5,0.0,5.3090871726590585,-18.550566677069654,Summer,CHARGE_PRIORITY
88.0,apartment,13.128412875135105,3.6399999999999997,3.6399999999999997,0.0,5.010139550927338,-9.488412875135104,Summer,CHARGE_PRIORITY
88.0,family_house,22.21731409638248,10.08,10.08,0.0,0.0,-12.137314096382484,Summer,CHARGE_PRIORITY
88.0,luxury_house,25.9201997791129,18.0,16.5,1.5,0.0,-7.920199779112898,Summer,CHARGE_PRIORITY
88.0,small_family,19.692619312702654,6.5,6.5,0.0,6.867994758866888,-13.192619312702655,Summer,CHARGE_PRIORITY
89.0,apartment,10.498193548571175,3.6399999999999997,3.6399999999999997,0.0,3.6928734492306328,-6.858193548571175,Summer,CHARGE_PRIORITY
89.0,family_house,17.766173697581987,10.08,10.08,0.0,0.0,-7.686173697581987,Summer,CHARGE_PRIORITY
89.0,luxury_house,20.727202647178984,18.0,16.5,1.5,0.0,-2.7272026471789834,Summer,CHARGE_PRIORITY
89.0,small_family,15.747290322856761,6.5,6.5,0.0,9.247290322856761,-9.247290322856761,Summer,CHARGE_PRIORITY
90.0,apartment,9.075634808716888,21.294055100740017,21.294055100740017,0.0,0.2130197130900352,12.218420292023131,Summer,CHARGE_PRIORITY
90.0,family_house,15.358766599367042,32.762074386813026,32.762074386813026,0.0,0.0,17.403307787445982,Summer,CHARGE_PRIORITY
90.0,luxury_house,17.91856103259488,37.02557260117422,33.561834378632746,3.4637382225414775,0.0,19.10701156857934,Summer,CHARGE_PRIORITY
90.0,small_family,13.61345221307533,22.811181636586234,22.811181636586234,0.0,1.1868075395596995,9.197729423510904,Summer,CHARGE_PRIORITY
91.0,apartment,0.044144072686870484,26.806798369826765,26.806798369826765,0.0,0.0,26.762654297139896,Summer,CHARGE_PRIORITY
91.0,family_house,0.07470535377778083,28.418136288242188,28.418136288242188,0.0,0.0,28.343430934464408,Summer,CHARGE_PRIORITY
91.0,luxury_house,0.08715624607407764,33.10037749607401,30.513756588901074,2.5866209071729322,0.0,33.01322124999993,Summer,CHARGE_PRIORITY
91.0,small_family,0.06621610903030573,31.63018994593152,31.63018994593152,0.0,0.0,31.563973836901212,Summer,CHARGE_PRIORITY
92.0,apartment,0.3396945381529446,23.965213573751054,22.861763137342944,1.1034504364081101,0.0,23.62551903559811,Summer,CHARGE_PRIORITY
92.0,family_house,0.5748676799511371,22.457924782573855,22.457924782573855,0.0,0.0,21.88305710262272,Summer,CHARGE_PRIORITY
92.0,luxury_house,0.6706789599429932,38.10629079999244,24.64926540576899,13.457025394223454,0.0,37.435611840049454,Summer,CHARGE_PRIORITY
92.0,small_family,0.5095418072294169,17.287370825724164,17.287370825724164,0.0,0.0,16.777829018494746,Summer,CHARGE_PRIORITY
93.0,apartment,1.1716669651809635,19.686767716080904,15.122297190997209,4.564470525083696,0.0,18.51510075089994,Summer,CHARGE_PRIORITY
93.0,family_house,1.9828210179985533,26.87095609058891,24.630476416372794,2.240479674216113,0.0,24.888135072590355,Summer,CHARGE_PRIORITY
93.0,luxury_house,2.3132911876649787,33.35601780317969,6.847775944677039,26.50824185850265,0.0,31.04272661551471,Summer,CHARGE_PRIORITY
93.0,small_family,1.7575004477714449,24.631249400712893,23.958031677128286,0.6732177235846062,0.0,22.873748952941447,Summer,CHARGE_PRIORITY
94.0,apartment,2.784531600539963,3.6399999999999997,3.2911010586110665,0.3488989413889333,0.0,0.8554683994600366,Summer,CHARGE_PRIORITY
94.0,family_house,4.712284247067629,10.08,9.106842637060144,0.9731573629398556,0.0,5.36771575293237,Summer,CHARGE_PRIORITY
94.0,luxury_house,5.497664954912235,18.0,4.94789845942101,13.05210154057899,0.0,12.502335045087765,Summer,CHARGE_PRIORITY
94.0,small_family,4.176797400809945,6.5,6.0783257939582995,0.4216742060416999,0.0,2.323202599190055,Summer,CHARGE_PRIORITY
95.0,apartment,5.597444987313022,3.6399999999999997,3.6399999999999997,0.0,0.0,-1.957444987313022,Summer,CHARGE_PRIORITY
95.0,family_house,9.47259920929896,10.08,9.820889881394844,0.2591101186051561,0.0,0.6074007907010404,Summer,CHARGE_PRIORITY
95.0,luxury_house,11.051365744182117,18.0,9.946229169763907,8.053770830236093,0.0,6.948634255817882,Summer,CHARGE_PRIORITY
95.0,small_family,8.396167480969533,6.5,6.5,0.0,0.0,-1.8961674809695324,Summer,CHARGE_PRIORITY
96.0,apartment,0.0,3.6399999999999997,2.9500616887943747,0.6899383112056248,0.0,3.6399999999999997,Summer,CHARGE_PRIORITY
96.0,family_house,0.0,10.08,6.987084330872065,3.092915669127934,0.0,10.08,Summer,CHARGE_PRIORITY
96.0,luxury_house,0.0,18.0,0.0,18.0,0.0,18.0,Summer,CHARGE_PRIORITY
96.0,small_family,0.0,6.5,5.662546266595781,0.8374537334042188,0.0,6.5,Summer,CHARGE_PRIORITY
97.0,apartment,0.0,3.6399999999999997,2.5199999999999996,1.1199999999999999,0.0,3.6399999999999997,Summer,CHARGE_PRIORITY
97.0,family_house,0.0,10.08,4.2,5.88,0.0,10.08,Summer,CHARGE_PRIORITY
97.0,luxury_house,0.0,18.0,0.0,18.0,0.0,18.0,Summer,CHARGE_PRIORITY
97.0,small_family,0.0,6.5,5.5,1.0,0.0,6.5,Summer,CHARGE_PRIORITY
98.0,apartment,0.0,3.6399999999999997,2.5199999999999996,1.1199999999999999,0.0,3.6399999999999997,Summer,CHARGE_PRIORITY
98.0,family_house,0.0,10.08,3.400263402370565,6.679736597629434,0.0,10.08,Summer,CHARGE_PRIORITY
98.0,luxury_house,0.0,18.0,0.0,18.0,0.0,18.0,Summer,CHARGE_PRIORITY
98.0,small_family,0.0,6.5,5.5,1.0,0.0,6.5,Summer,CHARGE_PRIORITY
99.0,apartment,0.9237968477423752,3.6399999999999997,2.7758206655286575,0.8641793344713422,0.0,2.7162031522576244,Summer,CHARGE_PRIORITY
99.0,family_house,1.56334851156402,10.08,3.575260245305713,6.5047397546942864,0.0,8.51665148843598,Summer,CHARGE_PRIORITY
99.0,luxury_house,1.8239065968246897,18.0,1.6415159371422205,16.35848406285778,0.0,16.17609340317531,Summer,CHARGE_PRIORITY
99.0,small_family,1.385695271613563,6.5,5.653758004723692,0.846241995276308,0.0,5.114304728386437,Summer,CHARGE_PRIORITY
100.0,apartment,1.6815248719573637,3.6399999999999997,2.9320251538128783,0.7079748461871215,0.0,1.958475128042636,Summer,CHARGE_PRIORITY
100.0,family_house,2.8456574756201536,10.08,3.268072650572044,6.811927349427956,0.0,7.234342524379846,Summer,CHARGE_PRIORITY
100.0,luxury_house,3.3199337215568456,18.0,2.987940349401161,15.012059650598838,0.0,14.680066278443153,Summer,CHARGE_PRIORITY
100.0,small_family,2.5222873079360455,6.5,5.4292971376929575,1.070702862307042,0.0,3.9777126920639545,Summer,CHARGE_PRIORITY
101.0,apartment,1.767701494126351,3.6399999999999997,2.8108714689473504,0.8291285310526494,0.0,1.8722985058736488,Summer,CHARGE_PRIORITY
101.0,family_house,2.9914948362138247,10.08,2.6923453525924423,7.387654647407556,0.0,7.088505163786175,Summer,CHARGE_PRIORITY
101.0,luxury_house,3.490077308916129,18.0,3.1410695780245157,14.858930421975483,0.0,14.509922691083872,Summer,CHARGE_PRIORITY
101.0,small_family,2.6515522411895267,6.5,5.234276005252484,1.2657239947475158,0.0,3.8484477588104733,Summer,CHARGE_PRIORITY
102.0,apartment,9.854791535725688,3.6399999999999997,3.6399999999999997,0.0,0.0,-6.214791535725689,Summer,CHARGE_PRIORITY
102.0,family_house,16.677339521997318,10.08,10.08,0.0,0.0,-6.59733952199732,Summer,CHARGE_PRIORITY
102.0,luxury_house,19.456896108996872,18.0,16.5,1.5,0.0,-1.4568961089968737,Summer,CHARGE_PRIORITY
102.0,small_family,14.782187303588533,6.5,6.5,0.0,0.0,-8.282187303588533,Summer,CHARGE_PRIORITY
103.0,apartment,9.92548093762147,3.6399999999999997,3.6399999999999997,0.0,0.0,-6.285480937621472,Summer,CHARGE_PRIORITY
103.0,family_house,16.79696774059018,10.08,10.08,0.0,0.0,-6.71696774059018,Summer,CHARGE_PRIORITY
103.0,luxury_house,19.59646236402188,18.0,16.5,1.5,0.0,-1.5964623640218782,Summer,CHARGE_PRIORITY
103.0,small_family,14.888221406432205,6.5,6.5,0.0,0.0,-8.388221406432205,Summer,CHARGE_PRIORITY
104.0,apartment,10.240167327735865,3.6399999999999997,3.6399999999999997,0.0,0.0,-6.600167327735864,Summer,CHARGE_PRIORITY
104.0,family_house,17.32951393924531,10.08,10.08,0.0,0.0,-7.249513939245309,Summer,CHARGE_PRIORITY
104.0,luxury_house,20.21776626245286,18.0,16.5,1.5,0.0,-2.2177662624528605,Summer,CHARGE_PRIORITY
104.0,small_family,15.360250991603797,6.5,6.5,0.0,0.0,-8.860250991603797,Summer,CHARGE_PRIORITY
105.0,apartment,11.190506319277185,3.6399999999999997,3.6399999999999997,0.0,0.0,-7.5505063192771855,Summer,CHARGE_PRIORITY
105.0,family_house,18.937779924930624,10.08,10.08,0.0,0.0,-8.857779924930625,Summer,CHARGE_PRIORITY
105.0,luxury_house,22.094076579085726,18.0,16.5,1.5,0.0,-4.094076579085726,Summer,CHARGE_PRIORITY
105.0,small_family,16.78575947891578,6.5,6.5,0.0,0.0,-10.28575947891578,Summer,CHARGE_PRIORITY
106.0,apartment,12.255630161089085,3.6399999999999997,3.6399999999999997,0.0,0.0,-8.615630161089085,Summer,CHARGE_PRIORITY
106.0,family_house,20.74029719568922,10.08,10.08,0.0,0.0,-10.660297195689221,Summer,CHARGE_PRIORITY
106.0,luxury_house,26.396741885422642,18.0,18.0,0.0,0.0,-8.396741885422644,Summer,CHARGE_PRIORITY
106.0,small_family,18.383445241633627,6.5,6.5,0.0,0.0,-11.883445241633627,Summer,CHARGE_PRIORITY
107.0,apartment,13.880116285293907,3.6399999999999997,3.6399999999999997,0.0,0.0,-10.240116285293906,Summer,CHARGE_PRIORITY
107.0,family_house,23.489427559728153,10.08,10.08,0.0,0.0,-13.409427559728151,Summer,CHARGE_PRIORITY
107.0,luxury_house,29.895635076017648,18.0,18.0,0.0,0.0,-11.895635076017646,Summer,CHARGE_PRIORITY
107.0,small_family,20.820174427940863,6.5,6.5,0.0,0.0,-14.320174427940861,Summer,CHARGE_PRIORITY
108.0,apartment,14.31916430169628,3.6399999999999997,3.6399999999999997,0.0,0.0,-10.679164301696279,Summer,CHARGE_PRIORITY
108.0,family_house,24.232431895178316,10.08,10.08,0.0,0.0,-14.152431895178317,Summer,CHARGE_PRIORITY
108.0,luxury_house,30.841276957499673,18.0,18.0,0.0,0.0,-12.841276957499675,Summer,CHARGE_PRIORITY
108.0,small_family,21.478746452544414,6.5,6.5,0.0,0.0,-14.978746452544415,Summer,CHARGE_PRIORITY
109.0,apartment,15.853982709518824,3.6399999999999997,3.6399999999999997,0.0,0.0,-12.213982709518824,Summer,CHARGE_PRIORITY
109.0,family_house,26.829816893031857,10.08,10.08,0.0,0.0,-16.74981689303186,Summer,CHARGE_PRIORITY
109.0,luxury_house,34.14703968204054,18.0,18.0,0.0,0.0,-16.147039682040543,Summer,CHARGE_PRIORITY
109.0,small_family,23.780974064278237,6.5,6.5,0.0,0.0,-17.280974064278237,Summer,CHARGE_PRIORITY
110.0,apartment,16.72573927574706,3.6399999999999997,3.6399999999999997,0.0,0.003196789935335842,-13.085739275747061,Summer,CHARGE_PRIORITY
110.0,family_house,28.305097235879636,10.08,10.08,0.0,0.0,-18.225097235879637,Summer,CHARGE_PRIORITY
110.0,luxury_house,36.02466920930136,18.0,18.0,0.0,0.0,-18.024669209301358,Summer,CHARGE_PRIORITY
110.0,small_family,25.08860891362059,6.5,6.5,0.0,1.8502320125088916,-18.58860891362059,Summer,CHARGE_PRIORITY
111.0,apartment,16.778006077380557,3.6399999999999997,3.6399999999999997,0.0,1.3863278743725946,-13.138006077380558,Summer,CHARGE_PRIORITY
111.0,family_house,28.39354874633633,10.08,10.08,0.0,0.0,-18.31354874633633,Summer,CHARGE_PRIORITY
111.0,luxury_house,36.13724385897351,18.0,18.0,0.0,0.0,-18.137243858973513,Summer,CHARGE_PRIORITY
111.0,small_family,25.167009116070837,6.5,6.5,0.0,7.130999810201453,-18.667009116070837,Summer,CHARGE_PRIORITY
112.0,apartment,13.071011293124656,3.6399999999999997,3.6399999999999997,0.0,4.317546633565051,-9.431011293124655,Summer,CHARGE_PRIORITY
112.0,family_house,22.12017295759557,10.08,10.08,0.0,0.0,-12.040172957595574,Summer,CHARGE_PRIORITY
112.0,luxury_house,28.15294740057618,18.0,18.0,0.0,0.0,-10.152947400576183,Summer,CHARGE_PRIORITY
112.0,small_family,19.606516939686987,6.5,6.5,0.0,7.388754987119134,-13.106516939686987,Summer,CHARGE_PRIORITY
113.0,apartment,10.090310013296884,3.6399999999999997,3.6399999999999997,0.0,3.473243853313707,-6.4503100132968845,Summer,CHARGE_PRIORITY
113.0,family_house,17.07590925327165,10.08,10.08,0.0,0.0,-6.99590925327165,Summer,CHARGE_PRIORITY
113.0,luxury_house,21.732975413254827,18.0,18.0,0.0,0.0,-3.7329754132548274,Summer,CHARGE_PRIORITY
113.0,small_family,15.135465019945325,6.5,6.5,0.0,8.635465019945325,-8.635465019945325,Summer,CHARGE_PRIORITY
114.0,apartment,8.245169250453898,23.710936371859027,23.710936371859027,0.0,0.3219774469260018,15.46576712140513,Summer,CHARGE_PRIORITY
114.0,family_house,13.953363346921982,26.376482984507764,26.376482984507764,0.0,0.0,12.423119637585781,Summer,CHARGE_PRIORITY
114.0,luxury_house,17.758826077900704,37.82830196602949,37.82830196602949,0.0,0.0,20.069475888128792,Summer,CHARGE_PRIORITY
114.0,small_family,12.367753875680846,25.94161999181774,25.94161999181774,0.0,0.5252494978793567,13.573866116136893,Summer,CHARGE_PRIORITY
115.0,apartment,0.0,27.318687617441356,27.318687617441356,0.0,0.0,27.318687617441356,Summer,CHARGE_PRIORITY
115.0,family_house,0.0,24.819443400794484,24.819443400794484,0.0,0.0,24.819443400794484,Summer,CHARGE_PRIORITY
115.0,luxury_house,0.0,34.53261783260915,34.53261783260915,0.0,0.0,34.53261783260915,Summer,CHARGE_PRIORITY
115.0,small_family,0.0,26.508601967067055,26.508601967067055,0.0,0.0,26.508601967067055,Summer,CHARGE_PRIORITY
116.0,apartment,0.0,26.041166987367657,26.041166987367657,0.0,0.0,26.041166987367657,Summer,CHARGE_PRIORITY
116.0,family_house,0.0,29.129073013342204,29.129073013342204,0.0,0.0,29.129073013342204,Summer,CHARGE_PRIORITY
116.0,luxury_house,0.0,37.772612466419105,23.775124829403143,13.997487637015958,0.0,37.772612466419105,Summer,CHARGE_PRIORITY
116.0,small_family,0.0,20.61537925789085,20.61537925789085,0.0,0.0,20.61537925789085,Summer,CHARGE_PRIORITY
117.0,apartment,0.21538453779160394,23.428442707026004,15.368241769976885,8.060200937049121,0.0,23.2130581692344,Summer,CHARGE_PRIORITY
117.0,family_house,0.3644969101088682,31.009238232937538,30.305223407105647,0.7040148258318917,0.0,30.644741322828672,Summer,CHARGE_PRIORITY
117.0,luxury_house,0.4639051583203777,36.86833087172387,2.4887712024365034,34.37955966928737,0.0,36.4044257134035,Summer,CHARGE_PRIORITY
117.0,small_family,0.3230768066874059,26.59918144493328,23.70467014169104,2.89451130324224,0.0,26.276104638245872,Summer,CHARGE_PRIORITY
118.0,apartment,0.0,3.6399999999999997,2.2399999999999998,1.4,0.0,3.6399999999999997,Summer,CHARGE_PRIORITY
118.0,family_house,0.0,10.08,7.406304522127403,2.673695477872597,0.0,10.08,Summer,CHARGE_PRIORITY
118.0,luxury_house,0.0,18.0,0.0,18.0,0.0,18.0,Summer,CHARGE_PRIORITY
118.0,small_family,0.0,6.5,6.0,0.5,0.0,6.5,Summer,CHARGE_PRIORITY
119.0,apartment,3.0693468571021456,3.6399999999999997,3.268699616128603,0.3713003838713965,0.0,0.570653142897854,Summer,CHARGE_PRIORITY
119.0,family_house,5.1942792966344005,10.08,7.8132330940624435,2.266766905937556,0.0,4.885720703365599,Summer,CHARGE_PRIORITY
119.0,luxury_house,6.610900922989237,18.0,5.949810830690312,12.050189169309686,0.0,11.389099077010762,Summer,CHARGE_PRIORITY
119.0,small_family,4.604020285653219,6.5,6.318739865929838,0.18126013407016178,0.0,1.8959797143467811,Summer,CHARGE_PRIORITY
120.0,apartment,0.0,3.6399999999999997,1.7275914489765989,1.9124085510234008,0.0,3.6399999999999997,Summer,CHARGE_PRIORITY
120.0,family_house,0.0,10.08,3.2599048514528395,6.82009514854716,0.0,10.08,Summer,CHARGE_PRIORITY
120.0,luxury_house,0.0,18.0,0.0,18.0,0.0,18.0,Summer,CHARGE_PRIORITY
120.0,small_family,0.0,6.5,6.0,0.5,0.0,6.5,Summer,CHARGE_PRIORITY
121.0,apartment,1.4307021423669013,3.6399999999999997,2.3733402689931906,1.266659731006809,0.0,2.209297857633098,Summer,CHARGE_PRIORITY
121.0,family_house,2.4211882409286023,10.08,3.2572062762128233,6.822793723787176,0.0,7.658811759071398,Summer,CHARGE_PRIORITY
121.0,luxury_house,3.081512306636403,18.0,2.7733610759727623,15.226638924027236,0.0,14.918487693363598,Summer,CHARGE_PRIORITY
121.0,small_family,2.1460532135503523,6.5,6.034643814341921,0.4653561856580787,0.0,4.353946786449648,Summer,CHARGE_PRIORITY
122.0,apartment,1.4468831350336804,3.6399999999999997,2.38118182697786,1.2588181730221393,0.0,2.1931168649663193,Summer,CHARGE_PRIORITY
122.0,family_house,2.4485714592877668,10.08,2.8600714539124077,7.2199285460875915,0.0,7.631428540712232,Summer,CHARGE_PRIORITY
122.0,luxury_house,3.1163636754571575,18.0,2.804727307911442,15.195272692088558,0.0,14.883636324542842,Summer,CHARGE_PRIORITY
122.0,small_family,2.170324702550521,6.5,5.464878674202257,1.0351213257977423,0.0,4.329675297449479,Summer,CHARGE_PRIORITY
123.0,apartment,1.5568611415741067,3.6399999999999997,2.232152842391674,1.4078471576083256,0.0,2.083138858425893,Summer,CHARGE_PRIORITY
123.0,family_house,2.634688085740796,10.08,2.963458179268887,7.116541820731113,0.0,7.445311914259204,Summer,CHARGE_PRIORITY
123.0,luxury_house,3.353239381851922,18.0,3.0179154436667295,14.98208455633327,0.0,14.646760618148079,Summer,CHARGE_PRIORITY
123.0,small_family,2.33529171236116,6.5,5.0362415880003715,1.4637584119996283,0.0,4.16470828763884,Summer,CHARGE_PRIORITY
124.0,apartment,1.651202111577938,3.6399999999999997,2.1488259310600997,1.4911740689398998,0.0,1.9887978884220616,Summer,CHARGE_PRIORITY
124.0,family_house,2.7943420349780492,10.08,2.514907831480244,7.565092168519756,0.0,7.28565796502195,Summer,CHARGE_PRIORITY
124.0,luxury_house,3.55643531724479,18.0,3.2007917855203107,14.79920821447969,0.0,14.443564682755209,Summer,CHARGE_PRIORITY
124.0,small_family,2.4768031673669073,6.5,4.481177739066572,2.018822260933428,0.0,4.023196832633093,Summer,CHARGE_PRIORITY
125.0,apartment,1.7874180825394181,3.6399999999999997,2.233698959120714,1.4063010408792855,0.0,1.8525819174605813,Summer,CHARGE_PRIORITY
125.0,family_house,3.0248613704513225,10.08,2.7223752334061904,7.357624766593808,0.0,7.0551386295486775,Summer,CHARGE_PRIORITY
125.0,luxury_house,3.8498235623925927,18.0,3.464841206153333,14.535158793846666,0.0,14.150176437607406,Summer,CHARGE_PRIORITY
125.0,small_family,2.6811271238091274,6.5,4.2993154523075,2.2006845476924997,0.0,3.8188728761908726,Summer,CHARGE_PRIORITY
126.0,apartment,10.384872263850895,3.6399999999999997,3.6399999999999997,0.0,0.0,-6.744872263850896,Summer,CHARGE_PRIORITY
126.0,family_house,17.57439921574767,10.08,10.08,0.0,0.0,-7.494399215747666,Summer,CHARGE_PRIORITY
126.0,luxury_house,22.367417183678846,18.0,18.0,0.0,0.0,-4.367417183678848,Summer,CHARGE_PRIORITY
126.0,small_family,15.577308395776342,6.5,6.5,0.0,0.0,-9.077308395776342,Summer,CHARGE_PRIORITY
127.0,apartment,10.703565942582468,3.6399999999999997,3.6399999999999997,0.0,0.0,-7.063565942582468,Summer,CHARGE_PRIORITY
127.0,family_house,18.11372697975495,10.08,10.08,0.0,0.0,-8.033726979754949,Summer,CHARGE_PRIORITY
127.0,luxury_house,23.053834337869933,18.0,18.0,0.0,0.0,-5.053834337869933,Summer,CHARGE_PRIORITY
127.0,small_family,16.055348913873704,6.5,6.5,0.0,0.0,-9.555348913873704,Summer,CHARGE_PRIORITY
128.0,apartment,10.844637811151346,3.6399999999999997,3.6399999999999997,0.0,0.0,-7.204637811151345,Summer,CHARGE_PRIORITY
128.0,family_house,18.352463988102276,10.08,10.08,0.0,0.0,-8.272463988102277,Summer,CHARGE_PRIORITY
128.0,luxury_house,23.357681439402896,18.0,18.0,0.0,0.0,-5.3576814394028975,Summer,CHARGE_PRIORITY
128.0,small_family,16.26695671672702,6.5,6.5,0.0,0.0,-9.766956716727018,Summer,CHARGE_PRIORITY
129.0,apartment,11.458476605977719,3.6399999999999997,3.6399999999999997,0.0,0.0,-7.81847660597772,Summer,CHARGE_PRIORITY
129.0,family_house,19.391268102423833,10.08,10.08,0.0,0.0,-9.311268102423833,Summer,CHARGE_PRIORITY
129.0,luxury_house,24.67979576672124,18.0,18.0,0.0,0.0,-6.6797957667212415,Summer,CHARGE_PRIORITY
129.0,small_family,17.187714908966576,6.5,6.5,0.0,0.0,-10.687714908966576,Summer,CHARGE_PRIORITY
130.0,apartment,12.264607552250714,3.6399999999999997,3.6399999999999997,0.0,0.0,-8.624607552250716,Summer,CHARGE_PRIORITY
130.0,family_house,20.755489703808898,10.08,10.08,0.0,0.0,-10.6754897038089,Summer,CHARGE_PRIORITY
130.0,luxury_house,26.41607780484769,18.0,18.0,0.0,0.0,-8.41607780484769,Summer,CHARGE_PRIORITY
130.0,small_family,18.39691132837607,6.5,6.5,0.0,0.0,-11.896911328376072,Summer,CHARGE_PRIORITY
131.0,apartment,13.0486749920986,3.6399999999999997,3.6399999999999997,0.0,0.0,-9.4086749920986,Summer,CHARGE_PRIORITY
131.0,family_house,22.082373063551476,10.08,10.08,0.0,0.0,-12.002373063551477,Summer,CHARGE_PRIORITY
131.0,luxury_house,28.10483844452006,18.0,18.0,0.0,0.0,-10.104838444520059,Summer,CHARGE_PRIORITY
131.0,small_family,19.573012488147903,6.5,6.5,0.0,0.0,-13.073012488147901,Summer,CHARGE_PRIORITY
132.0,apartment,13.717195539499167,3.6399999999999997,3.6399999999999997,0.0,0.0,-10.077195539499167,Summer,CHARGE_PRIORITY
132.0,family_house,23.213715528383208,10.08,10.08,0.0,0.0,-13.13371552838321,Summer,CHARGE_PRIORITY
132.0,luxury_house,29.5447288543059,18.0,18.0,0.0,0.0,-11.544728854305903,Summer,CHARGE_PRIORITY
132.0,small_family,20.575793309248752,6.5,6.5,0.0,0.0,-14.075793309248752,Summer,CHARGE_PRIORITY
133.0,apartment,14.508750049632678,3.6399999999999997,3.6399999999999997,0.0,0.0,-10.868750049632677,Summer,CHARGE_PRIORITY
133.0,family_house,24.553269314762993,10.08,10.08,0.0,0.0,-14.473269314762993,Summer,CHARGE_PRIORITY
133.0,luxury_house,31.249615491516536,18.0,18.0,0.0,0.0,-13.249615491516535,Summer,CHARGE_PRIORITY
133.0,small_family,21.763125074449015,6.5,6.5,0.0,0.0,-15.263125074449013,Summer,CHARGE_PRIORITY
134.0,apartment,14.114943897080154,3.6399999999999997,3.6399999999999997,0.0,0.0,-10.474943897080154,Summer,CHARGE_PRIORITY
134.0,family_house,25.877397144646952,10.08,10.08,0.0,0.0,-15.797397144646954,Summer,CHARGE_PRIORITY
134.0,luxury_house,32.934869093187025,18.0,18.0,0.0,0.0,-14.934869093187027,Summer,CHARGE_PRIORITY
134.0,small_family,22.93678383275525,6.5,6.5,0.0,0.638069305453548,-16.43678383275525,Summer,CHARGE_PRIORITY
135.0,apartment,14.262174256997191,3.6399999999999997,3.6399999999999997,0.0,0.0,-10.62217425699719,Summer,CHARGE_PRIORITY
135.0,family_house,26.147319471161516,10.08,10.08,0.0,0.0,-16.067319471161518,Summer,CHARGE_PRIORITY
135.0,luxury_house,33.27840659966011,18.0,18.0,0.0,0.0,-15.27840659966011,Summer,CHARGE_PRIORITY
135.0,small_family,23.17603316762043,6.5,6.5,0.0,3.49263293565176,-16.67603316762043,Summer,CHARGE_PRIORITY
136.0,apartment,11.007626988978128,3.6399999999999997,3.6399999999999997,0.0,0.41565255128949047,-7.3676269889781265,Summer,CHARGE_PRIORITY
136.0,family_house,20.18064947979323,10.08,10.08,0.0,0.0,-10.100649479793232,Summer,CHARGE_PRIORITY
136.0,luxury_house,25.684462974282294,18.0,18.0,0.0,0.0,-7.684462974282294,Summer,CHARGE_PRIORITY
136.0,small_family,17.887393857089457,6.5,6.5,0.0,4.206147017515743,-11.387393857089458,Summer,CHARGE_PRIORITY
137.0,apartment,8.573905512034049,3.6399999999999997,3.6399999999999997,0.0,0.5095052050701171,-4.933905512034049,Summer,CHARGE_PRIORITY
137.0,family_house,15.718826772062425,10.08,10.08,0.0,0.0,-5.6388267720624246,Summer,CHARGE_PRIORITY
137.0,luxury_house,20.005779528079447,18.0,18.0,0.0,0.0,-2.005779528079448,Summer,CHARGE_PRIORITY
137.0,small_family,13.932596457055329,6.5,6.5,0.0,3.6287413127177066,-7.432596457055329,Summer,CHARGE_PRIORITY
138.0,apartment,7.122521056596595,25.52363409909373,25.52363409909373,0.0,0.0,18.401113042497137,Summer,CHARGE_PRIORITY
138.0,family_house,13.05795527042709,28.639561863063737,28.639561863063737,0.0,0.0,15.581606592636646,Summer,CHARGE_PRIORITY
138.0,luxury_house,16.61921579872539,39.50346116037779,39.50346116037779,0.0,0.0,22.8842453616524,Summer,CHARGE_PRIORITY
138.0,small_family,11.574096716969468,23.037646250594392,23.037646250594392,0.0,0.3652318191270525,11.463549533624922,Summer,CHARGE_PRIORITY
139.0,apartment,0.0,23.007333874052563,23.007333874052563,0.0,0.0,23.007333874052563,Summer,CHARGE_PRIORITY
139.0,family_house,0.0,30.39129294815391,30.39129294815391,0.0,0.0,30.39129294815391,Summer,CHARGE_PRIORITY
139.0,luxury_house,0.0,30.990610251492946,30.718822002446927,0.2717882490460153,0.0,30.990610251492946,Summer,CHARGE_PRIORITY
139.0,small_family,0.0,25.648787254546274,25.648787254546274,0.0,0.0,25.648787254546274,Summer,CHARGE_PRIORITY
140.0,apartment,0.0,26.014250376290676,24.272031498598935,1.7422188776917427,0.0,26.014250376290676,Summer,CHARGE_PRIORITY
140.0,family_house,0.0,28.58013542483718,28.58013542483718,0.0,0.0,28.58013542483718,Summer,CHARGE_PRIORITY
140.0,luxury_house,0.0,34.265450185133744,16.75475438444006,17.510695800693686,0.0,34.265450185133744,Summer,CHARGE_PRIORITY
140.0,small_family,0.0,26.8073316177445,26.8073316177445,0.0,0.0,26.8073316177445,Summer,CHARGE_PRIORITY
141.0,apartment,0.32279352188019034,27.65617265655335,17.15886157695845,10.497311079594898,0.0,27.333379134673162,Summer,CHARGE_PRIORITY
141.0,family_house,0.5917881234470156,25.94037257844466,20.510282747186743,5.430089831257916,0.0,25.348584454997646,Summer,CHARGE_PRIORITY
141.0,luxury_house,0.7531848843871107,35.04274260693509,1.2678798338012092,33.77486277313388,0.0,34.28955772254798,Summer,CHARGE_PRIORITY
141.0,small_family,0.5245394730553093,28.501897230644417,26.586459158231815,1.915438072412602,0.0,27.97735775758911,Summer,CHARGE_PRIORITY
142.0,apartment,2.1361960922654957,3.6399999999999997,2.5215029484393847,1.1184970515606145,0.0,1.503803907734504,Summer,CHARGE_PRIORITY
142.0,family_house,3.916359502486742,10.08,7.2344943858790165,2.8455056141209836,0.0,6.163640497513258,Summer,CHARGE_PRIORITY
142.0,luxury_house,4.98445754861949,18.0,4.486011793757541,13.513988206242459,0.0,13.015542451380512,Summer,CHARGE_PRIORITY
142.0,small_family,3.4713186499314306,6.5,6.240322060379868,0.25967793962013175,0.0,3.0286813500685694,Summer,CHARGE_PRIORITY
143.0,apartment,5.285974012767207,3.6399999999999997,3.3599999999999994,0.27999999999999997,0.0,-1.645974012767208,Summer,CHARGE_PRIORITY
143.0,family_house,9.690952356739881,10.08,9.400928560532947,0.6790714394670537,0.0,0.3890476432601182,Summer,CHARGE_PRIORITY
143.0,luxury_house,12.333939363123486,18.0,11.100545426811136,6.899454573188864,0.0,5.666060636876514,Summer,CHARGE_PRIORITY
143.0,small_family,8.589707770746712,6.5,6.5,0.0,0.0,-2.0897077707467115,Summer,CHARGE_PRIORITY
144.0,apartment,0.0,3.6399999999999997,2.215136356702784,1.4248636432972157,0.0,3.6399999999999997,Summer,CHARGE_PRIORITY
144.0,family_house,0.0,10.08,4.115935807753238,5.964064192246762,0.0,10.08,Summer,CHARGE_PRIORITY
144.0,luxury_house,0.0,18.0,0.0,18.0,0.0,18.0,Summer,CHARGE_PRIORITY
144.0,small_family,0.0,6.5,6.094672076436311,0.4053279235636892,0.0,6.5,Summer,CHARGE_PRIORITY
145.0,apartment,2.235358599205603,3.6399999999999997,2.5037159003310756,1.136284099668924,0.0,1.4046414007943968,Summer,CHARGE_PRIORITY
145.0,family_house,4.098157431876938,10.08,4.658277856327032,5.421722143672967,0.0,5.981842568123061,Summer,CHARGE_PRIORITY
145.0,luxury_house,5.215836731479739,18.0,4.694253058331766,13.305746941668236,0.0,12.78416326852026,Summer,CHARGE_PRIORITY
145.0,small_family,3.6324577237091042,6.5,6.188906049442066,0.3110939505579344,0.0,2.8675422762908958,Summer,CHARGE_PRIORITY
146.0,apartment,2.2965102971467797,3.6399999999999997,2.4979061782880674,1.1420938217119323,0.0,1.3434897028532202,Summer,CHARGE_PRIORITY
146.0,family_house,4.210268878102429,10.08,4.282832700817754,5.797167299182245,0.0,5.86973112189757,Summer,CHARGE_PRIORITY
146.0,luxury_house,5.358524026675819,18.0,4.822671624008236,13.177328375991763,0.0,12.64147597332418,Summer,CHARGE_PRIORITY
146.0,small_family,3.731829232863517,6.5,5.784480627474034,0.7155193725259661,0.0,2.768170767136483,Summer,CHARGE_PRIORITY
147.0,apartment,1.8210685393937711,3.6399999999999997,2.2126411236362626,1.4273588763637373,0.0,1.8189314606062286,Summer,CHARGE_PRIORITY
147.0,family_house,3.338625655555247,10.08,3.004763089999722,7.075236910000277,0.0,6.741374344444752,Summer,CHARGE_PRIORITY
147.0,luxury_house,4.249159925252132,18.0,3.824243932726919,14.175756067273081,0.0,13.750840074747869,Summer,CHARGE_PRIORITY
147.0,small_family,2.959236376514878,6.5,5.289117479884442,1.2108825201155582,0.0,3.5407636234851223,Summer,CHARGE_PRIORITY
148.0,apartment,1.8293061038763825,3.6399999999999997,2.217583662325829,1.4224163376741703,0.0,1.8106938961236172,Summer,CHARGE_PRIORITY
148.0,family_house,3.3537278571067013,10.08,3.018355071396031,7.061644928603968,0.0,6.726272142893298,Summer,CHARGE_PRIORITY
148.0,luxury_house,4.268380909044892,18.0,3.8415428181404025,14.158457181859596,0.0,13.731619090955109,Summer,CHARGE_PRIORITY
148.0,small_family,2.972622418799121,6.5,5.0289846834304655,1.471015316569535,0.0,3.527377581200879,Summer,CHARGE_PRIORITY
149.0,apartment,2.2108730855890393,3.6399999999999997,2.4465238513534233,1.1934761486465761,0.0,1.4291269144109602,Summer,CHARGE_PRIORITY
149.0,family_house,4.053267323579906,10.08,3.647940591221915,6.432059408778084,0.0,6.026732676420094,Summer,CHARGE_PRIORITY
149.0,luxury_house,5.158703866374426,18.0,4.642833479736982,13.357166520263018,0.0,12.841296133625576,Summer,CHARGE_PRIORITY
149.0,small_family,3.592668764082189,6.5,5.243616110643835,1.2563838893561654,0.0,2.907331235917811,Summer,CHARGE_PRIORITY
150.0,apartment,9.841782679237657,3.6399999999999997,3.3599999999999994,0.27999999999999997,0.0,-6.201782679237657,Summer,CHARGE_PRIORITY
150.0,family_house,18.043268245269036,10.08,10.08,0.0,0.0,-7.963268245269036,Summer,CHARGE_PRIORITY
150.0,luxury_house,22.964159584887867,18.0,18.0,0.0,0.0,-4.964159584887867,Summer,CHARGE_PRIORITY
150.0,small_family,15.992896853761192,6.5,6.5,0.0,0.0,-9.492896853761192,Summer,CHARGE_PRIORITY
151.0,apartment,9.993256848995017,3.6399999999999997,3.3599999999999994,0.27999999999999997,0.0,-6.353256848995017,Summer,CHARGE_PRIORITY
151.0,family_house,18.320970889824196,10.08,10.08,0.0,0.0,-8.240970889824197,Summer,CHARGE_PRIORITY
151.0,luxury_house,23.317599314321708,18.0,18.0,0.0,0.0,-5.317599314321708,Summer,CHARGE_PRIORITY
151.0,small_family,16.239042379616905,6.5,6.5,0.0,0.0,-9.739042379616903,Summer,CHARGE_PRIORITY
152.0,apartment,9.63372888225338,3.6399999999999997,3.3599999999999994,0.27999999999999997,0.0,-5.9937288822533805,Summer,CHARGE_PRIORITY
152.0,family_house,17.661836284131198,10.08,10.08,0.0,0.0,-7.581836284131198,Summer,CHARGE_PRIORITY
152.0,luxury_house,22.478700725257887,18.0,18.0,0.0,0.0,-4.478700725257887,Summer,CHARGE_PRIORITY
152.0,small_family,15.654809433661741,6.5,6.5,0.0,0.0,-9.154809433661741,Summer,CHARGE_PRIORITY
153.0,apartment,11.55750232457883,3.6399999999999997,3.3599999999999994,0.27999999999999997,0.0,-7.91750232457883,Summer,CHARGE_PRIORITY
153.0,family_house,21.18875426172786,10.08,10.08,0.0,0.0,-11.108754261727858,Summer,CHARGE_PRIORITY
153.0,luxury_house,26.967505424017276,18.0,18.0,0.0,0.0,-8.967505424017276,Summer,CHARGE_PRIORITY
153.0,small_family,18.7809412774406,6.5,6.5,0.0,0.0,-12.2809412774406,Summer,CHARGE_PRIORITY
154.0,apartment,12.635334319953852,3.6399999999999997,3.3599999999999994,0.27999999999999997,0.0,-8.995334319953852,Summer,CHARGE_PRIORITY
154.0,family_house,23.16477958658206,10.08,10.08,0.0,0.0,-13.08477958658206,Summer,CHARGE_PRIORITY
154.0,luxury_house,29.482446746558985,18.0,18.0,0.0,0.0,-11.482446746558985,Summer,CHARGE_PRIORITY
154.0,small_family,20.53241826992501,6.5,6.5,0.0,0.0,-14.03241826992501,Summer,CHARGE_PRIORITY
155.0,apartment,12.163205095151831,3.6399999999999997,3.3599999999999994,0.27999999999999997,0.0,-8.523205095151832,Summer,CHARGE_PRIORITY
155.0,family_house,22.29920934111169,10.08,10.08,0.0,0.0,-12.219209341111695,Summer,CHARGE_PRIORITY
155.0,luxury_house,28.38081188868761,18.0,18.0,0.0,0.0,-10.38081188868761,Summer,CHARGE_PRIORITY
155.0,small_family,19.765208279621724,6.5,6.5,0.0,0.0,-13.265208279621724,Summer,CHARGE_PRIORITY
156.0,apartment,14.061999559717112,3.6399999999999997,3.3599999999999994,0.27999999999999997,0.0,-10.421999559717111,Summer,CHARGE_PRIORITY
156.0,family_house,25.780332526148044,10.08,10.08,0.0,0.0,-15.700332526148044,Summer,CHARGE_PRIORITY
156.0,luxury_house,32.8113323060066,18.0,18.0,0.0,0.0,-14.811332306006598,Summer,CHARGE_PRIORITY
156.0,small_family,22.850749284540306,6.5,6.5,0.0,0.0,-16.350749284540306,Summer,CHARGE_PRIORITY
157.0,apartment,14.363477494808947,3.6399999999999997,3.3599999999999994,0.27999999999999997,0.0,-10.723477494808948,Summer,CHARGE_PRIORITY
157.0,family_house,26.333042073816404,10.08,10.08,0.0,0.0,-16.253042073816406,Summer,CHARGE_PRIORITY
157.0,luxury_house,33.51478082122088,18.0,18.0,0.0,0.0,-15.51478082122088,Summer,CHARGE_PRIORITY
157.0,small_family,23.34065092906454,6.5,6.5,0.0,1.1889486532215081,-16.84065092906454,Summer,CHARGE_PRIORITY
158.0,apartment,15.29964159708268,3.6399999999999997,3.3599999999999994,0.27999999999999997,0.0,-11.659641597082679,Summer,CHARGE_PRIORITY
158.0,family_house,28.049342927984913,10.08,10.08,0.0,0.0,-17.969342927984915,Summer,CHARGE_PRIORITY
158.0,luxury_house,35.69916372652625,18.0,18.0,0.0,0.0,-17.69916372652625,Summer,CHARGE_PRIORITY
158.0,small_family,24.861917595259353,6.5,6.5,0.0,3.254918915295537,-18.361917595259353,Summer,CHARGE_PRIORITY
159.0,apartment,16.84688453740201,3.6399999999999997,3.3599999999999994,0.27999999999999997,0.4903247118135074,-13.206884537402008,Summer,CHARGE_PRIORITY
159.0,family_house,30.885954985237014,10.08,10.08,0.0,0.0,-20.805954985237015,Summer,CHARGE_PRIORITY
159.0,luxury_house,39.309397253938016,18.0,18.0,0.0,0.0,-21.309397253938016,Summer,CHARGE_PRIORITY
159.0,small_family,27.376187373278263,6.5,6.5,0.0,7.963848063550655,-20.876187373278263,Summer,CHARGE_PRIORITY
160.0,apartment,13.214182566109635,3.6399999999999997,3.3599999999999994,0.27999999999999997,1.7545912620917687,-9.574182566109634,Summer,CHARGE_PRIORITY
160.0,family_house,24.226001371200997,10.08,10.08,0.0,0.0,-14.146001371200999,Summer,CHARGE_PRIORITY
160.0,luxury_house,30.833092654255815,18.0,18.0,0.0,0.0,-12.833092654255815,Summer,CHARGE_PRIORITY
160.0,small_family,21.473046669928156,6.5,6.5,0.0,13.632358522722964,-14.973046669928156,Summer,CHARGE_PRIORITY
161.0,apartment,10.282531258843429,3.6399999999999997,3.3599999999999994,0.27999999999999997,5.237181219265272,-6.642531258843428,Summer,CHARGE_PRIORITY
161.0,family_house,18.85130730787962,10.08,10.08,0.0,0.0,-8.771307307879619,Summer,CHARGE_PRIORITY
161.0,luxury_house,23.992572937301333,18.0,18.0,0.0,0.0,-5.9925729373013334,Summer,CHARGE_PRIORITY
161.0,small_family,16.709113295620572,6.5,6.5,0.0,10.209113295620572,-10.209113295620572,Summer,CHARGE_PRIORITY
162.0,apartment,8.415283526075768,22.440510796191575,21.98844940982797,0.452061386363604,0.26744286000353323,14.025227270115808,Summer,CHARGE_PRIORITY
162.0,family_house,15.428019797805575,25.47681127212936,25.47681127212936,0.0,0.0,10.048791474323787,Summer,CHARGE_PRIORITY
162.0,luxury_house,19.63566156084346,37.517931836320635,37.517931836320635,0.0,0.0,17.88227027547718,Summer,CHARGE_PRIORITY
162.0,small_family,13.674835729873124,23.530910358655202,23.530910358655202,0.0,1.1531259623345598,9.856074628782077,Summer,CHARGE_PRIORITY
163.0,apartment,0.0,22.769528986318385,22.178035647739296,0.5914933385790881,0.0,22.769528986318385,Summer,CHARGE_PRIORITY
163.0,family_house,0.0,27.006997619755637,27.006997619755637,0.0,0.0,27.006997619755637,Summer,CHARGE_PRIORITY
163.0,luxury_house,0.0,34.16721482900944,34.16721482900944,0.0,0.0,34.16721482900944,Summer,CHARGE_PRIORITY
163.0,small_family,0.0,24.45846823098843,24.45846823098843,0.0,0.0,24.45846823098843,Summer,CHARGE_PRIORITY
164.0,apartment,0.0,21.406238910052092,18.70659492963962,2.699643980412471,0.0,21.406238910052092,Summer,CHARGE_PRIORITY
164.0,family_house,0.0,27.561298006610915,27.561298006610915,0.0,0.0,27.561298006610915,Summer,CHARGE_PRIORITY
164.0,luxury_house,0.0,27.88218227912048,26.005532094240877,1.8766501848796049,0.0,27.88218227912048,Summer,CHARGE_PRIORITY
164.0,small_family,0.0,26.851860078152832,26.851860078152832,0.0,0.0,26.851860078152832,Summer,CHARGE_PRIORITY
165.0,apartment,0.5415319623371562,18.36022452028423,14.058111976530572,4.302112543753658,0.0,17.818692557947074,Summer,CHARGE_PRIORITY
165.0,family_house,0.9928085976181197,25.343711025211796,25.343711025211796,0.0,0.0,24.350902427593677,Summer,CHARGE_PRIORITY
165.0,luxury_house,1.2635745787866979,37.256219949648646,19.406558087495668,17.849661862152974,0.0,35.99264537086194,Summer,CHARGE_PRIORITY
165.0,small_family,0.8799894387978788,22.269659361504505,21.593127781303952,0.6765315802005529,0.0,21.389669922706624,Summer,CHARGE_PRIORITY
166.0,apartment,2.1290362011875374,3.6399999999999997,3.11935543017813,0.5206445698218694,0.0,1.5109637988124622,Summer,CHARGE_PRIORITY
166.0,family_house,3.903233035510485,10.08,10.08,0.0,0.0,6.176766964489515,Summer,CHARGE_PRIORITY
166.0,luxury_house,4.967751136104253,18.0,4.959458745776549,13.04054125422345,0.0,13.032248863895745,Summer,CHARGE_PRIORITY
166.0,small_family,3.4596838269297483,6.5,6.2395165726335975,0.26048342736640206,0.0,3.0403161730702517,Summer,CHARGE_PRIORITY
167.0,apartment,3.715132062995855,3.6399999999999997,3.357269809449378,0.2827301905506217,0.0,-0.07513206299585523,Summer,CHARGE_PRIORITY
167.0,family_house,6.811075448825734,10.08,10.08,0.0,0.0,3.268924551174266,Summer,CHARGE_PRIORITY
167.0,luxury_house,8.66864148032366,18.0,7.801777332291294,10.198222667708706,0.0,9.33135851967634,Summer,CHARGE_PRIORITY
167.0,small_family,6.0370896023682645,6.5,6.417952357087033,0.08204764291296635,0.0,0.46291039763173586,Summer,CHARGE_PRIORITY
168.0,apartment,0.0,3.6399999999999997,2.8,0.8399999999999999,0.0,3.6399999999999997,Summer,CHARGE_PRIORITY
168.0,family_house,0.0,10.08,8.878043515115158,1.2019564848848412,0.0,10.08,Summer,CHARGE_PRIORITY
168.0,luxury_house,0.0,18.0,0.0,18.0,0.0,18.0,Summer,CHARGE_PRIORITY
168.0,small_family,0.0,6.5,6.0,0.5,0.0,6.5,Summer,CHARGE_PRIORITY
169.0,apartment,2.6217226975525914,3.6399999999999997,3.1932584046328882,0.4467415953671112,0.0,1.018277302447408,Summer,CHARGE_PRIORITY
169.0,family_house,4.806491612179752,10.08,7.797247243610564,2.282752756389436,0.0,5.2735083878202484,Summer,CHARGE_PRIORITY
169.0,luxury_house,6.1173529609560475,18.0,5.505617664860441,12.494382335139559,0.0,11.882647039043952,Summer,CHARGE_PRIORITY
169.0,small_family,4.260299383522961,6.5,6.294943803474666,0.20505619652533352,0.0,2.239700616477039,Summer,CHARGE_PRIORITY
170.0,apartment,2.876050389610105,3.6399999999999997,3.231407558441515,0.40859244155848423,0.0,0.7639496103898948,Summer,CHARGE_PRIORITY
170.0,family_house,5.272759047618526,10.08,7.412741571428336,2.667258428571664,0.0,4.807240952381474,Summer,CHARGE_PRIORITY
170.0,luxury_house,6.710784242423578,18.0,6.03970581818122,11.96029418181878,0.0,11.289215757576422,Summer,CHARGE_PRIORITY
170.0,small_family,4.67358188311642,6.5,6.323555668831137,0.17644433116886327,0.0,1.8264181168835796,Summer,CHARGE_PRIORITY
171.0,apartment,3.1572996043199772,3.6399999999999997,3.273594940647996,0.36640505935200335,0.0,0.4827003956800224,Summer,CHARGE_PRIORITY
171.0,family_house,5.788382607919958,10.08,7.324152924972495,2.755847075027505,0.0,4.291617392080042,Summer,CHARGE_PRIORITY
171.0,luxury_house,7.367032410079947,18.0,6.630329169071952,11.369670830928047,0.0,10.632967589920053,Summer,CHARGE_PRIORITY
171.0,small_family,5.130611857019963,6.5,6.355196205485997,0.14480379451400266,0.0,1.3693881429800376,Summer,CHARGE_PRIORITY
172.0,apartment,3.354039810488063,3.6399999999999997,3.303105971573209,0.33689402842679045,0.0,0.2859601895119365,Summer,CHARGE_PRIORITY
172.0,family_house,6.149072985894782,10.08,7.398944864066736,2.6810551359332635,0.0,3.9309270141052175,Summer,CHARGE_PRIORITY
172.0,luxury_house,7.8260928911388135,18.0,7.0434836020249305,10.956516397975069,0.0,10.173907108861187,Summer,CHARGE_PRIORITY
172.0,small_family,5.4503146920431025,6.5,6.181605495511021,0.31839450448897866,0.0,1.0496853079568975,Summer,CHARGE_PRIORITY
173.0,apartment,3.5374974081404877,3.6399999999999997,3.330624611221073,0.30937538877892673,0.0,0.10250259185951188,Summer,CHARGE_PRIORITY
173.0,family_house,6.485411914924228,10.08,7.251247148954537,2.8287528510454627,0.0,3.594588085075771,Summer,CHARGE_PRIORITY
173.0,luxury_house,8.254160618994472,18.0,7.428744557095024,10.571255442904976,0.0,9.745839381005528,Summer,CHARGE_PRIORITY
173.0,small_family,5.748433288228292,6.5,6.09187383366322,0.40812616633678056,0.0,0.7515667117717074,Summer,CHARGE_PRIORITY
174.0,apartment,11.61029863470307,3.6399999999999997,3.3599999999999994,0.27999999999999997,0.0,-7.97029863470307,Summer,CHARGE_PRIORITY
174.0,family_house,21.28554749695563,10.08,10.08,0.0,0.0,-11.20554749695563,Summer,CHARGE_PRIORITY
174.0,luxury_house,27.090696814307165,18.0,18.0,0.0,0.0,-9.090696814307165,Summer,CHARGE_PRIORITY
174.0,small_family,18.86673528139249,6.5,6.5,0.0,0.0,-12.36673528139249,Summer,CHARGE_PRIORITY
175.0,apartment,11.724222981820024,3.6399999999999997,3.3599999999999994,0.27999999999999997,0.0,-8.084222981820025,Summer,CHARGE_PRIORITY
175.0,family_house,21.494408800003377,10.08,10.08,0.0,0.0,-11.414408800003379,Summer,CHARGE_PRIORITY
175.0,luxury_house,27.35652029091339,18.0,18.0,0.0,0.0,-9.35652029091339,Summer,CHARGE_PRIORITY
175.0,small_family,19.05186234545754,6.5,6.5,0.0,0.0,-12.551862345457538,Summer,CHARGE_PRIORITY
176.0,apartment,11.959060484613678,3.6399999999999997,3.3599999999999994,0.27999999999999997,0.0,-8.319060484613678,Summer,CHARGE_PRIORITY
176.0,family_house,21.924944221791744,10.08,10.08,0.0,0.0,-11.844944221791744,Summer,CHARGE_PRIORITY
176.0,luxury_house,27.904474464098584,18.0,18.0,0.0,0.0,-9.904474464098582,Summer,CHARGE_PRIORITY
176.0,small_family,19.433473287497225,6.5,6.5,0.0,0.0,-12.933473287497227,Summer,CHARGE_PRIORITY
177.0,apartment,12.518836493912044,3.6399999999999997,3.3599999999999994,0.27999999999999997,0.0,-8.878836493912043,Summer,CHARGE_PRIORITY
177.0,family_house,22.951200238838744,10.08,10.08,0.0,0.0,-12.871200238838746,Summer,CHARGE_PRIORITY
177.0,luxury_house,29.210618485794765,18.0,18.0,0.0,0.0,-11.210618485794765,Summer,CHARGE_PRIORITY
177.0,small_family,20.343109302607072,6.5,6.5,0.0,0.0,-13.843109302607072,Summer,CHARGE_PRIORITY
178.0,apartment,13.160538518318628,3.6399999999999997,3.3599999999999994,0.27999999999999997,0.0,-9.520538518318629,Summer,CHARGE_PRIORITY
178.0,family_house,24.12765395025082,10.08,10.08,0.0,0.0,-14.047653950250822,Summer,CHARGE_PRIORITY
178.0,luxury_house,30.707923209410136,18.0,18.0,0.0,0.0,-12.707923209410136,Summer,CHARGE_PRIORITY
178.0,small_family,21.38587509226777,6.5,6.5,0.0,0.0,-14.88587509226777,Summer,CHARGE_PRIORITY
179.0,apartment,13.947612498666299,3.6399999999999997,3.3599999999999994,0.27999999999999997,0.1781257438688036,-10.307612498666298,Summer,CHARGE_PRIORITY
179.0,family_house,25.57062291422155,10.08,10.08,0.0,0.0,-15.49062291422155,Summer,CHARGE_PRIORITY
179.0,luxury_house,32.544429163554696,18.0,18.0,0.0,0.0,-14.544429163554696,Summer,CHARGE_PRIORITY
179.0,small_family,22.664870310332734,6.5,6.5,0.0,0.0,-16.164870310332734,Summer,CHARGE_PRIORITY
180.0,apartment,14.71790271795038,3.6399999999999997,3.3599999999999994,0.27999999999999997,0.9464918931625317,-11.07790271795038,Summer,CHARGE_PRIORITY
180.0,family_house,26.982821649575698,10.08,10.08,0.0,0.0,-16.9028216495757,Summer,CHARGE_PRIORITY
180.0,luxury_house,31.47995859117165,18.0,18.0,0.0,0.0,-13.479958591171648,Summer,CHARGE_PRIORITY
180.0,small_family,23.916591916669372,6.5,6.5,0.0,1.8471506764607701,-17.416591916669372,Summer,CHARGE_PRIORITY
181.0,apartment,15.490460319999144,3.6399999999999997,3.3599999999999994,0.27999999999999997,2.106039393178711,-11.850460319999144,Summer,CHARGE_PRIORITY
181.0,family_house,28.399177253331764,10.08,10.08,0.0,0.0,-18.319177253331766,Summer,CHARGE_PRIORITY
181.0,luxury_house,33.13237346222039,18.0,18.0,0.0,0.0,-15.132373462220393,Summer,CHARGE_PRIORITY
181.0,small_family,25.17199801999861,6.5,6.5,0.0,7.479277854315476,-18.67199801999861,Summer,CHARGE_PRIORITY
182.0,apartment,16.240259383315788,3.6399999999999997,3.3599999999999994,0.27999999999999997,5.253052365638894,-12.600259383315787,Summer,CHARGE_PRIORITY
182.0,family_house,29.773808869412278,10.08,10.08,0.0,0.0,-19.69380886941228,Summer,CHARGE_PRIORITY
182.0,luxury_house,34.73611034764765,18.0,17.611099682105902,0.38890031789409685,0.0,-16.736110347647656,Summer,CHARGE_PRIORITY
182.0,small_family,26.390421497888155,6.5,6.5,0.0,12.498323725753309,-19.890421497888155,Summer,CHARGE_PRIORITY
183.0,apartment,16.55637197056089,3.6399999999999997,3.3599999999999994,0.27999999999999997,9.961940696753805,-12.91637197056089,Summer,CHARGE_PRIORITY
183.0,family_house,30.353348612694962,10.08,10.08,0.0,0.12931371293499472,-20.273348612694964,Summer,CHARGE_PRIORITY
183.0,luxury_house,35.41224004814413,18.0,16.5,1.5,0.0,-17.412240048144128,Summer,CHARGE_PRIORITY
183.0,small_family,26.904104452161445,6.5,6.5,0.0,19.00756678915407,-20.404104452161445,Summer,CHARGE_PRIORITY
184.0,apartment,13.068932789685519,3.6399999999999997,3.3599999999999994,0.27999999999999997,9.666836285698814,-9.428932789685518,Summer,CHARGE_PRIORITY
184.0,family_house,23.95971011442345,10.08,10.08,0.0,1.7260382314803455,-13.879710114423455,Summer,CHARGE_PRIORITY
184.0,luxury_house,27.952995133494028,18.0,16.5,1.5,0.0,-9.952995133494028,Summer,CHARGE_PRIORITY
184.0,small_family,21.23701578323897,6.5,6.5,0.0,14.737015783238972,-14.737015783238972,Summer,CHARGE_PRIORITY
185.0,apartment,11.010384076438497,3.6399999999999997,3.6399999999999997,0.0,6.803431455173997,-7.370384076438497,Summer,CHARGE_PRIORITY
185.0,family_house,18.632957667818996,10.08,10.08,0.0,1.680030404380969,-8.552957667818996,Summer,CHARGE_PRIORITY
185.0,luxury_house,21.738450612455495,18.0,16.5,1.5,0.0,-3.738450612455494,Summer,CHARGE_PRIORITY
185.0,small_family,16.515576114657744,6.5,6.5,0.0,10.015576114657746,-10.015576114657746,Summer,CHARGE_PRIORITY
186.0,apartment,9.185039185962442,20.660784989522202,18.66399011048849,1.9967948790337136,0.6422794011596583,11.47574580355976,Summer,CHARGE_PRIORITY
186.0,family_house,15.543912468551824,32.01267816433736,32.01267816433736,0.0,0.17586679732103905,16.46876569578553,Summer,CHARGE_PRIORITY
186.0,luxury_house,18.134564546643794,34.65037157303086,32.05707455206043,2.593297020970434,0.0,16.515807026387066,Summer,CHARGE_PRIORITY
186.0,small_family,13.777558778943662,29.349036152953644,29.349036152953644,0.0,0.4637702845138395,15.571477374009984,Summer,CHARGE_PRIORITY
187.0,apartment,0.0,25.15794938508997,23.289057218270074,1.8688921668198992,0.0,25.15794938508997,Summer,CHARGE_PRIORITY
187.0,family_house,0.0,29.781895362509218,29.781895362509218,0.0,0.0,29.781895362509218,Summer,CHARGE_PRIORITY
187.0,luxury_house,0.0,34.11738160601539,31.050800248441732,3.0665813575736576,0.0,34.11738160601539,Summer,CHARGE_PRIORITY
187.0,small_family,0.0,25.627776005808197,25.627776005808197,0.0,0.0,25.627776005808197,Summer,CHARGE_PRIORITY
188.0,apartment,0.0,26.619040660201204,25.246711107643982,1.3723295525572197,0.0,26.619040660201204,Summer,CHARGE_PRIORITY
188.0,family_house,0.0,22.30662110223524,22.30662110223524,0.0,0.0,22.30662110223524,Summer,CHARGE_PRIORITY
188.0,luxury_house,0.0,32.194994706162916,29.327866612257893,2.8671280939050225,0.0,32.194994706162916,Summer,CHARGE_PRIORITY
188.0,small_family,0.0,23.86460667819875,23.86460667819875,0.0,0.0,23.86460667819875,Summer,CHARGE_PRIORITY
189.0,apartment,0.544909524622454,29.83893653591742,20.497166662221918,9.3417698736955,0.0,29.294027011294965,Summer,CHARGE_PRIORITY
189.0,family_house,0.9221545801303067,31.02609096858905,31.02609096858905,0.0,0.0,30.10393638845874,Summer,CHARGE_PRIORITY
189.0,luxury_house,1.0758470101520246,39.68781608431852,30.43364626328348,9.254169821035038,0.0,38.611969074166495,Summer,CHARGE_PRIORITY
189.0,small_family,0.817364286933681,30.27943105832759,29.618410997269326,0.6610200610582639,0.0,29.462066771393907,Summer,CHARGE_PRIORITY
190.0,apartment,2.394754456467343,3.6399999999999997,2.9547441588402807,0.6852558411597189,0.0,1.2452455435326566,Summer,CHARGE_PRIORITY
190.0,family_house,4.052661387867811,10.08,10.070530191637182,0.00946980836281719,0.0,6.027338612132188,Summer,CHARGE_PRIORITY
190.0,luxury_house,4.728104952512447,18.0,9.224154720987316,8.775845279012684,0.0,13.271895047487552,Summer,CHARGE_PRIORITY
190.0,small_family,3.5921316847010143,6.5,5.99737207942014,0.5026279205798596,0.0,2.9078683152989857,Summer,CHARGE_PRIORITY
191.0,apartment,5.610591163906005,3.6399999999999997,3.6399999999999997,0.0,0.0,-1.9705911639060054,Summer,CHARGE_PRIORITY
191.0,family_house,9.4948465850717,10.08,9.952113493880377,0.1278865061196225,0.0,0.5851534149282993,Summer,CHARGE_PRIORITY
191.0,luxury_house,11.077321015916983,18.0,10.79127606836085,7.208723931639151,0.0,6.922678984083016,Summer,CHARGE_PRIORITY
191.0,small_family,8.415886745859007,6.5,6.5,0.0,0.0,-1.9158867458590079,Summer,CHARGE_PRIORITY
192.0,apartment,0.0,3.6399999999999997,2.610553252699417,1.0294467473005828,0.0,3.6399999999999997,Summer,CHARGE_PRIORITY
192.0,family_house,0.0,10.08,9.24,0.84,0.0,10.08,Summer,CHARGE_PRIORITY
192.0,luxury_house,0.0,18.0,0.858447186095964,17.141552813904035,0.0,18.0,Summer,CHARGE_PRIORITY
192.0,small_family,0.0,6.5,4.977304547520069,1.5226954524799312,0.0,6.5,Summer,CHARGE_PRIORITY
193.0,apartment,2.5960083132914695,3.6399999999999997,3.015832337244917,0.6241676627550827,0.0,1.0439916867085304,Summer,CHARGE_PRIORITY
193.0,family_house,4.393244837877871,10.08,9.56949336284084,0.5105066371591597,0.0,5.686755162122129,Summer,CHARGE_PRIORITY
193.0,luxury_house,5.125452310857516,18.0,4.612907079771764,13.387092920228236,0.0,12.874547689142483,Summer,CHARGE_PRIORITY
193.0,small_family,3.8940124699372043,6.5,5.412190858147825,1.0878091418521754,0.0,2.6059875300627957,Summer,CHARGE_PRIORITY
194.0,apartment,2.8199164249665407,3.6399999999999997,3.0465748828684003,0.5934251171315994,0.0,0.8200835750334587,Summer,CHARGE_PRIORITY
194.0,family_house,4.772166257635685,10.08,9.561533579071739,0.5184664209282603,0.0,5.3078337423643145,Summer,CHARGE_PRIORITY
194.0,luxury_house,5.567527300574966,18.0,5.010774570517469,12.98922542948253,0.0,12.432472699425034,Summer,CHARGE_PRIORITY
194.0,small_family,4.229874637449811,6.5,5.257024849402229,1.242975150597771,0.0,2.2701253625501887,Summer,CHARGE_PRIORITY
195.0,apartment,2.95711015396586,3.6399999999999997,3.1130610746142247,0.5269389253857751,0.0,0.6828898460341393,Summer,CHARGE_PRIORITY
195.0,family_house,5.00434026055761,10.08,8.891863723701592,1.1881362762984082,0.0,5.07565973944239,Summer,CHARGE_PRIORITY
195.0,luxury_house,5.838396970650545,18.0,5.25455727358549,12.74544272641451,0.0,12.161603029349454,Summer,CHARGE_PRIORITY
195.0,small_family,4.43566523094879,6.5,5.342507095932574,1.1574929040674262,0.0,2.06433476905121,Summer,CHARGE_PRIORITY
196.0,apartment,3.1119639816783637,3.6399999999999997,3.188105621890284,0.4518943781097159,0.0,0.5280360183216357,Summer,CHARGE_PRIORITY
196.0,family_house,5.266400584378769,10.08,8.261108758003402,1.8188912419965977,0.0,4.81359941562123,Summer,CHARGE_PRIORITY
196.0,luxury_house,6.144134015108564,18.0,5.529720613597707,12.470279386402293,0.0,11.855865984891436,Summer,CHARGE_PRIORITY
196.0,small_family,4.667945972517546,6.5,5.438992942430365,1.061007057569635,0.0,1.832054027482454,Summer,CHARGE_PRIORITY
197.0,apartment,3.1176260410418117,3.6399999999999997,3.1908495429664163,0.4491504570335835,0.0,0.5223739589581881,Summer,CHARGE_PRIORITY
197.0,family_house,5.2759825309938355,10.08,7.848023842748743,2.2319761572512564,0.0,4.804017469006164,Summer,CHARGE_PRIORITY
197.0,luxury_house,6.155312952826141,18.0,5.539781657543526,12.460218342456475,0.0,11.84468704717386,Summer,CHARGE_PRIORITY
197.0,small_family,4.676439061562718,6.5,5.4425208409568215,1.057479159043179,0.0,1.8235609384372822,Summer,CHARGE_PRIORITY
198.0,apartment,11.66955247169157,3.6399999999999997,3.6399999999999997,0.0,0.0,-8.029552471691572,Summer,CHARGE_PRIORITY
198.0,family_house,19.748473413631892,10.08,10.08,0.0,0.0,-9.66847341363189,Summer,CHARGE_PRIORITY
198.0,luxury_house,23.039885649237206,18.0,16.5,1.5,0.0,-5.039885649237205,Summer,CHARGE_PRIORITY
198.0,small_family,17.504328707537358,6.5,6.5,0.0,0.0,-11.004328707537358,Summer,CHARGE_PRIORITY
199.0,apartment,11.604527137985368,3.6399999999999997,3.6399999999999997,0.0,0.0,-7.9645271379853675,Summer,CHARGE_PRIORITY
199.0,family_house,19.638430541206006,10.08,10.08,0.0,0.0,-9.558430541206008,Summer,CHARGE_PRIORITY
199.0,luxury_house,24.994366143353105,18.0,18.0,0.0,0.0,-6.994366143353103,Summer,CHARGE_PRIORITY
199.0,small_family,17.40679070697805,6.5,6.5,0.0,0.0,-10.906790706978052,Summer,CHARGE_PRIORITY
200.0,apartment,11.554544104021515,3.6399999999999997,3.6399999999999997,0.0,0.0,-7.914544104021514,Summer,CHARGE_PRIORITY
200.0,family_house,19.553843868344103,10.08,10.08,0.0,0.0,-9.473843868344105,Summer,CHARGE_PRIORITY
200.0,luxury_house,24.886710377892495,18.0,18.0,0.0,0.0,-6.886710377892495,Summer,CHARGE_PRIORITY
200.0,small_family,17.331816156032275,6.5,6.5,0.0,0.0,-10.831816156032275,Summer,CHARGE_PRIORITY
201.0,apartment,12.017917808978156,3.6399999999999997,3.6399999999999997,0.0,0.0,-8.377917808978157,Summer,CHARGE_PRIORITY
201.0,family_house,20.338014753655344,10.08,10.08,0.0,0.0,-10.258014753655344,Summer,CHARGE_PRIORITY
201.0,luxury_house,25.884746050106802,18.0,18.0,0.0,0.0,-7.884746050106802,Summer,CHARGE_PRIORITY
201.0,small_family,18.026876713467235,6.5,6.5,0.0,0.0,-11.526876713467233,Summer,CHARGE_PRIORITY
202.0,apartment,12.692410263301364,3.6399999999999997,3.6399999999999997,0.0,0.0,-9.052410263301365,Summer,CHARGE_PRIORITY
202.0,family_house,21.479463522510002,10.08,10.08,0.0,0.0,-11.399463522510004,Summer,CHARGE_PRIORITY
202.0,luxury_house,27.33749902864909,18.0,18.0,0.0,0.0,-9.337499028649093,Summer,CHARGE_PRIORITY
202.0,small_family,19.038615394952046,6.5,6.5,0.0,0.0,-12.538615394952048,Summer,CHARGE_PRIORITY
203.0,apartment,13.340361879815227,3.6399999999999997,3.6399999999999997,0.0,0.0,-9.700361879815226,Summer,CHARGE_PRIORITY
203.0,family_house,22.575997027379614,10.08,10.08,0.0,0.0,-12.495997027379614,Summer,CHARGE_PRIORITY
203.0,luxury_house,28.733087125755873,18.0,18.0,0.0,0.0,-10.73308712575587,Summer,CHARGE_PRIORITY
203.0,small_family,20.010542819722836,6.5,6.5,0.0,0.0,-13.510542819722836,Summer,CHARGE_PRIORITY
204.0,apartment,13.841489251851444,3.6399999999999997,3.6399999999999997,0.0,0.0,-10.201489251851443,Summer,CHARGE_PRIORITY
204.0,family_house,23.42405873390244,10.08,10.08,0.0,0.0,-13.344058733902441,Summer,CHARGE_PRIORITY
204.0,luxury_house,29.81243838860311,18.0,18.0,0.0,0.0,-11.812438388603109,Summer,CHARGE_PRIORITY
204.0,small_family,20.762233877777163,6.5,6.5,0.0,0.7435598551803841,-14.262233877777163,Summer,CHARGE_PRIORITY
205.0,apartment,14.788404159276253,3.6399999999999997,3.6399999999999997,0.0,0.7260839972190105,-11.148404159276252,Summer,CHARGE_PRIORITY
205.0,family_house,25.02653011569828,10.08,10.08,0.0,0.0,-14.94653011569828,Summer,CHARGE_PRIORITY
205.0,luxury_house,31.851947419979624,18.0,18.0,0.0,0.0,-13.851947419979624,Summer,CHARGE_PRIORITY
205.0,small_family,22.18260623891438,6.5,6.5,0.0,1.832475296407165,-15.682606238914381,Summer,CHARGE_PRIORITY
206.0,apartment,15.41623840476839,3.6399999999999997,3.6399999999999997,0.0,0.9058644926744914,-11.776238404768389,Summer,CHARGE_PRIORITY
206.0,family_house,26.089018838838815,10.08,10.08,0.0,0.0,-16.009018838838816,Summer,CHARGE_PRIORITY
206.0,luxury_house,33.20420579488576,18.0,18.0,0.0,0.0,-15.20420579488576,Summer,CHARGE_PRIORITY
206.0,small_family,23.124357607152582,6.5,6.5,0.0,3.8363902170352118,-16.624357607152582,Summer,CHARGE_PRIORITY
207.0,apartment,15.345638315818432,3.6399999999999997,3.6399999999999997,0.0,1.139248888644709,-11.705638315818431,Summer,CHARGE_PRIORITY
207.0,family_house,25.96954176523119,10.08,10.08,0.0,0.0,-15.889541765231193,Summer,CHARGE_PRIORITY
207.0,luxury_house,33.0521440648397,18.0,18.0,0.0,0.0,-15.0521440648397,Summer,CHARGE_PRIORITY
207.0,small_family,23.01845747372765,6.5,6.5,0.0,5.333837519261516,-16.51845747372765,Summer,CHARGE_PRIORITY
208.0,apartment,12.202539828375844,3.6399999999999997,3.6399999999999997,0.0,2.641100238443346,-8.562539828375845,Summer,CHARGE_PRIORITY
208.0,family_house,20.650452017251432,10.08,10.08,0.0,0.0,-10.57045201725143,Summer,CHARGE_PRIORITY
208.0,luxury_house,26.28239347650182,18.0,18.0,0.0,0.0,-8.28239347650182,Summer,CHARGE_PRIORITY
208.0,small_family,18.303809742563768,6.5,6.5,0.0,6.797211988752814,-11.803809742563768,Summer,CHARGE_PRIORITY
209.0,apartment,9.145623116478637,3.6399999999999997,3.6399999999999997,0.0,2.3740840997492816,-5.505623116478637,Summer,CHARGE_PRIORITY
209.0,family_house,15.477208350963846,10.08,10.08,0.0,0.0,-5.397208350963847,Summer,CHARGE_PRIORITY
209.0,luxury_house,19.698265173953985,18.0,18.0,0.0,0.0,-1.6982651739539865,Summer,CHARGE_PRIORITY
209.0,small_family,13.718434674717955,6.5,6.5,0.0,7.218434674717955,-7.218434674717955,Summer,CHARGE_PRIORITY
210.0,apartment,7.3896618298577925,22.962649867667242,22.962649867667242,0.0,0.19959517626144913,15.57298803780945,Summer,CHARGE_PRIORITY
210.0,family_house,12.505581558220879,31.127800962344285,31.127800962344285,0.0,0.0,18.622219404123406,Summer,CHARGE_PRIORITY
210.0,luxury_house,15.916194710462937,36.937837865352506,36.937837865352506,0.0,0.0,21.021643154889567,Summer,CHARGE_PRIORITY
210.0,small_family,11.084492744786688,28.080526006632944,28.080526006632944,0.0,0.21907507824035732,16.996033261846257,Summer,CHARGE_PRIORITY
211.0,apartment,0.0,24.798145663856793,24.798145663856793,0.0,0.0,24.798145663856793,Summer,CHARGE_PRIORITY
211.0,family_house,0.0,28.894036445297477,28.894036445297477,0.0,0.0,28.894036445297477,Summer,CHARGE_PRIORITY
211.0,luxury_house,0.0,29.181385575760867,29.181385575760867,0.0,0.0,29.181385575760867,Summer,CHARGE_PRIORITY
211.0,small_family,0.0,25.42929661498411,25.42929661498411,0.0,0.0,25.42929661498411,Summer,CHARGE_PRIORITY
212.0,apartment,0.0,18.511974140781494,18.511974140781494,0.0,0.0,18.511974140781494,Summer,CHARGE_PRIORITY
212.0,family_house,0.0,27.36001586646776,27.36001586646776,0.0,0.0,27.36001586646776,Summer,CHARGE_PRIORITY
212.0,luxury_house,0.0,36.93472988813238,26.869855401861205,10.064874486271174,0.0,36.93472988813238,Summer,CHARGE_PRIORITY
212.0,small_family,0.0,27.476592992069637,27.476592992069637,0.0,0.0,27.476592992069637,Summer,CHARGE_PRIORITY
213.0,apartment,0.0,24.859980202216345,20.57751738198729,4.282462820229057,0.0,24.859980202216345,Summer,CHARGE_PRIORITY
213.0,family_house,0.0,27.886234106381625,27.264896144502956,0.6213379618786665,0.0,27.886234106381625,Summer,CHARGE_PRIORITY
213.0,luxury_house,0.0,41.103272623474886,2.7354162208247237,38.36785640265016,0.0,41.103272623474886,Summer,CHARGE_PRIORITY
213.0,small_family,0.0,28.762053542494886,27.966508694619545,0.7955448478753391,0.0,28.762053542494886,Summer,CHARGE_PRIORITY
214.0,apartment,1.656282292242048,3.6399999999999997,2.893829380009337,0.7461706199906627,0.0,1.9837177077579518,Summer,CHARGE_PRIORITY
214.0,family_house,2.8029392637942347,10.08,8.157510860240508,1.9224891397594919,0.0,7.277060736205765,Summer,CHARGE_PRIORITY
214.0,luxury_house,3.567377244829027,18.0,3.210639520346124,14.789360479653876,0.0,14.432622755170975,Summer,CHARGE_PRIORITY
214.0,small_family,2.4844234383630717,6.5,5.5159956371984835,0.9840043628015164,0.0,4.015576561636928,Summer,CHARGE_PRIORITY
215.0,apartment,4.884199621297904,3.6399999999999997,3.6399999999999997,0.0,0.0,-1.2441996212979045,Summer,CHARGE_PRIORITY
215.0,family_house,8.26556858988876,10.08,9.199670576966628,0.880329423033372,0.0,1.81443141011124,Summer,CHARGE_PRIORITY
215.0,luxury_house,10.519814568949332,18.0,9.467833112054397,8.532166887945603,0.0,7.480185431050669,Summer,CHARGE_PRIORITY
215.0,small_family,7.326299431946856,6.5,6.5,0.0,0.0,-0.8262994319468554,Summer,CHARGE_PRIORITY
216.0,apartment,0.0,3.6399999999999997,2.3141486898976837,1.325851310102316,0.0,3.6399999999999997,Summer,CHARGE_PRIORITY
216.0,family_house,0.0,10.08,4.810218962172254,5.269781037827746,0.0,10.08,Summer,CHARGE_PRIORITY
216.0,luxury_house,0.0,18.0,0.0,18.0,0.0,18.0,Summer,CHARGE_PRIORITY
216.0,small_family,0.0,6.5,4.446659966809379,2.0533400331906217,0.0,6.5,Summer,CHARGE_PRIORITY
217.0,apartment,1.8283256392171447,3.6399999999999997,2.7194583424440446,0.9205416575559551,0.0,1.8116743607828547,Summer,CHARGE_PRIORITY
217.0,family_house,3.0940895432905524,10.08,5.191565866672625,4.888434133327374,0.0,6.985910456709448,Summer,CHARGE_PRIORITY
217.0,luxury_house,3.9379321460061574,18.0,3.5441389314055423,14.455861068594459,0.0,14.062067853993842,Summer,CHARGE_PRIORITY
217.0,small_family,2.7424884588257172,6.5,4.9111665835737455,1.5888334164262545,0.0,3.7575115411742823,Summer,CHARGE_PRIORITY
218.0,apartment,1.633395302916976,3.6399999999999997,2.638487279673205,1.0015127203267946,0.0,2.0066046970830236,Summer,CHARGE_PRIORITY
218.0,family_house,2.764207435705652,10.08,3.6830798368215554,6.396920163178444,0.0,7.315792564294348,Summer,CHARGE_PRIORITY
218.0,luxury_house,3.5180821908981024,18.0,3.166273971808292,14.833726028191709,0.0,14.481917809101898,Summer,CHARGE_PRIORITY
218.0,small_family,2.450092954375464,6.5,4.517730919509808,1.9822690804901917,0.0,4.049907045624536,Summer,CHARGE_PRIORITY
219.0,apartment,1.5391966510795787,3.6399999999999997,2.478237798567762,1.1617622014322373,0.0,2.100803348920421,Summer,CHARGE_PRIORITY
219.0,family_house,2.60479433259621,10.08,2.988955324391873,7.091044675608126,0.0,7.475205667403789,Summer,CHARGE_PRIORITY
219.0,luxury_house,3.3151927869406306,18.0,2.9836735082465675,15.016326491753434,0.0,14.684807213059369,Summer,CHARGE_PRIORITY
219.0,small_family,2.3087949766193683,6.5,4.459037913364968,2.0409620866350315,0.0,4.191205023380633,Summer,CHARGE_PRIORITY
220.0,apartment,1.6352590641549005,3.6399999999999997,2.4724717003212207,1.167528299678779,0.0,2.004740935845099,Summer,CHARGE_PRIORITY
220.0,family_house,2.767361493185216,10.08,3.123073231877803,6.956926768122197,0.0,7.312638506814784,Summer,CHARGE_PRIORITY
220.0,luxury_house,3.5220964458720934,18.0,3.1698868012848838,14.830113198715116,0.0,14.477903554127908,Summer,CHARGE_PRIORITY
220.0,small_family,2.4528885962323503,6.5,4.518892186127284,1.9811078138727158,0.0,4.04711140376765,Summer,CHARGE_PRIORITY
221.0,apartment,1.7749290908736286,3.6399999999999997,2.540157944038758,1.0998420559612414,0.0,1.865070909126371,Summer,CHARGE_PRIORITY
221.0,family_house,3.0037261537861406,10.08,3.318074076873566,6.761925923126434,0.0,7.076273846213859,Summer,CHARGE_PRIORITY
221.0,luxury_house,3.8229241957278153,18.0,3.4406317761550334,14.559368223844967,0.0,14.177075804272183,Summer,CHARGE_PRIORITY
221.0,small_family,2.662393636310443,6.5,4.354026887239267,2.145973112760733,0.0,3.837606363689557,Summer,CHARGE_PRIORITY
222.0,apartment,10.632797716879896,3.6399999999999997,3.6399999999999997,0.0,0.0,-6.992797716879895,Summer,CHARGE_PRIORITY
222.0,family_house,17.99396536702752,10.08,10.08,0.0,0.0,-7.913965367027519,Summer,CHARGE_PRIORITY
222.0,luxury_house,22.90141046712593,18.0,18.0,0.0,0.0,-4.901410467125931,Summer,CHARGE_PRIORITY
222.0,small_family,15.949196575319846,6.5,6.5,0.0,0.0,-9.449196575319846,Summer,CHARGE_PRIORITY
223.0,apartment,10.929243260285297,3.6399999999999997,3.6399999999999997,0.0,0.0,-7.289243260285299,Summer,CHARGE_PRIORITY
223.0,family_house,18.49564244048281,10.08,10.08,0.0,0.0,-8.415642440482813,Summer,CHARGE_PRIORITY
223.0,luxury_house,23.53990856061449,18.0,18.0,0.0,0.0,-5.539908560614489,Summer,CHARGE_PRIORITY
223.0,small_family,16.393864890427945,6.5,6.5,0.0,0.0,-9.893864890427945,Summer,CHARGE_PRIORITY
224.0,apartment,11.352115526568618,3.6399999999999997,3.6399999999999997,0.0,0.0,-7.712115526568617,Summer,CHARGE_PRIORITY
224.0,family_house,19.211272429577658,10.08,10.08,0.0,0.0,-9.131272429577658,Summer,CHARGE_PRIORITY
224.0,luxury_house,24.45071036491702,18.0,18.0,0.0,0.0,-6.450710364917018,Summer,CHARGE_PRIORITY
224.0,small_family,17.028173289852926,6.5,6.5,0.0,0.0,-10.528173289852926,Summer,CHARGE_PRIORITY
225.0,apartment,12.230977149715361,3.6399999999999997,3.6399999999999997,0.0,0.0,-8.59097714971536,Summer,CHARGE_PRIORITY
225.0,family_house,20.69857671490292,10.08,10.08,0.0,0.0,-10.61857671490292,Summer,CHARGE_PRIORITY
225.0,luxury_house,26.343643091694624,18.0,18.0,0.0,0.0,-8.343643091694624,Summer,CHARGE_PRIORITY
225.0,small_family,18.346465724573044,6.5,6.5,0.0,0.0,-11.846465724573042,Summer,CHARGE_PRIORITY
226.0,apartment,13.207445381157699,3.6399999999999997,3.6399999999999997,0.0,0.0,-9.567445381157698,Summer,CHARGE_PRIORITY
226.0,family_house,22.351061414266876,10.08,10.08,0.0,0.0,-12.271061414266878,Summer,CHARGE_PRIORITY
226.0,luxury_house,28.44680543633966,18.0,18.0,0.0,0.0,-10.446805436339659,Summer,CHARGE_PRIORITY
226.0,small_family,19.81116807173655,6.5,6.5,0.0,0.0,-13.31116807173655,Summer,CHARGE_PRIORITY
227.0,apartment,14.201340326638942,3.6399999999999997,3.6399999999999997,0.0,0.0,-10.561340326638943,Summer,CHARGE_PRIORITY
227.0,family_house,24.03303747585052,10.08,10.08,0.0,0.0,-13.953037475850524,Summer,CHARGE_PRIORITY
227.0,luxury_house,30.587502241991572,18.0,18.0,0.0,0.0,-12.587502241991572,Summer,CHARGE_PRIORITY
227.0,small_family,21.302010489958413,6.5,6.5,0.0,0.0,-14.802010489958414,Summer,CHARGE_PRIORITY
228.0,apartment,15.145903706618846,3.6399999999999997,3.6399999999999997,0.0,0.0,-11.505903706618845,Summer,CHARGE_PRIORITY
228.0,family_house,25.631529349662664,10.08,10.08,0.0,0.0,-15.551529349662665,Summer,CHARGE_PRIORITY
228.0,luxury_house,32.62194644502521,18.0,18.0,0.0,0.0,-14.62194644502521,Summer,CHARGE_PRIORITY
228.0,small_family,22.71885555992827,6.5,6.5,0.0,0.0,-16.21885555992827,Summer,CHARGE_PRIORITY
229.0,apartment,15.827109499293567,3.6399999999999997,3.6399999999999997,0.0,0.09791747164842485,-12.187109499293566,Summer,CHARGE_PRIORITY
229.0,family_house,26.78433915265065,10.08,10.08,0.0,0.0,-16.70433915265065,Summer,CHARGE_PRIORITY
229.0,luxury_house,34.08915892155537,18.0,18.0,0.0,0.0,-16.08915892155537,Summer,CHARGE_PRIORITY
229.0,small_family,23.74066424894035,6.5,6.5,0.0,0.20811885851098855,-17.24066424894035,Summer,CHARGE_PRIORITY
230.0,apartment,16.7342822263646,3.6399999999999997,3.6399999999999997,0.0,2.1789730498022304,-13.094282226364596,Summer,CHARGE_PRIORITY
230.0,family_house,28.319554536924702,10.08,10.08,0.0,0.0,-18.239554536924704,Summer,CHARGE_PRIORITY
230.0,luxury_house,36.04306941063144,18.0,18.0,0.0,0.0,-18.04306941063144,Summer,CHARGE_PRIORITY
230.0,small_family,25.101423339546894,6.5,6.5,0.0,1.6189500255734492,-18.601423339546894,Summer,CHARGE_PRIORITY
231.0,apartment,17.093420335580284,3.6399999999999997,3.6399999999999997,0.0,3.1333952911308125,-13.453420335580281,Summer,CHARGE_PRIORITY
231.0,family_house,28.927326721751243,10.08,10.08,0.0,0.0,-18.847326721751244,Summer,CHARGE_PRIORITY
231.0,luxury_house,36.816597645865215,18.0,18.0,0.0,0.0,-18.81659764586522,Summer,CHARGE_PRIORITY
231.0,small_family,25.640130503370422,6.5,6.5,0.0,4.2696459018711606,-19.140130503370422,Summer,CHARGE_PRIORITY
232.0,apartment,13.138043544514694,3.6399999999999997,3.6399999999999997,0.0,2.922474936773752,-9.498043544514694,Summer,CHARGE_PRIORITY
232.0,family_house,22.23361215225564,10.08,10.08,0.0,0.0,-12.153612152255638,Summer,CHARGE_PRIORITY
232.0,luxury_house,28.297324557416268,18.0,18.0,0.0,0.0,-10.297324557416268,Summer,CHARGE_PRIORITY
232.0,small_family,19.707065316772045,6.5,6.5,0.0,11.49760942140446,-13.207065316772045,Summer,CHARGE_PRIORITY
233.0,apartment,10.02760281971726,3.6399999999999997,3.6399999999999997,0.0,4.11059477975742,-6.3876028197172605,Summer,CHARGE_PRIORITY
233.0,family_house,16.969789387213822,10.08,10.08,0.0,0.0,-6.889789387213822,Summer,CHARGE_PRIORITY
233.0,luxury_house,21.597913765544867,18.0,18.0,0.0,0.0,-3.5979137655448667,Summer,CHARGE_PRIORITY
233.0,small_family,15.041404229575889,6.5,6.5,0.0,8.541404229575889,-8.541404229575889,Summer,CHARGE_PRIORITY
234.0,apartment,8.648076961602529,19.52195930185792,19.52195930185792,0.0,0.2665543574484292,10.87388234025539,Summer,CHARGE_PRIORITY
234.0,family_house,14.635207165788895,24.756374159569873,24.756374159569873,0.0,0.0,10.121166993780978,Summer,CHARGE_PRIORITY
234.0,luxury_house,18.62662730191314,34.82163055940133,34.82163055940133,0.0,0.0,16.19500325748819,Summer,CHARGE_PRIORITY
234.0,small_family,12.972115442403794,28.930292417612836,28.930292417612836,0.0,0.4189543966836523,15.958176975209042,Summer,CHARGE_PRIORITY
235.0,apartment,0.0,21.9978728951065,21.9978728951065,0.0,0.0,21.9978728951065,Summer,CHARGE_PRIORITY
235.0,family_house,0.0,32.054570341454735,32.054570341454735,0.0,0.0,32.054570341454735,Summer,CHARGE_PRIORITY
235.0,luxury_house,0.0,34.48491680043064,34.48491680043064,0.0,0.0,34.48491680043064,Summer,CHARGE_PRIORITY
235.0,small_family,0.0,26.79781252698593,26.79781252698593,0.0,0.0,26.79781252698593,Summer,CHARGE_PRIORITY
236.0,apartment,0.17783980258740104,23.637069784800065,23.637069784800065,0.0,0.0,23.459229982212662,Summer,CHARGE_PRIORITY
236.0,family_house,0.30095966591714024,27.54686176713502,27.54686176713502,0.0,0.0,27.24590210121788,Summer,CHARGE_PRIORITY
236.0,luxury_house,0.38303957480363304,33.454571258178014,28.54558465241017,4.9089866057678435,0.0,33.07153168337438,Summer,CHARGE_PRIORITY
236.0,small_family,0.26675970388110154,25.292118357896808,25.292118357896808,0.0,0.0,25.025358654015704,Summer,CHARGE_PRIORITY
237.0,apartment,1.2019633429561818,24.85245481387459,22.77945666296961,2.0729981509049793,0.0,23.65049147091841,Summer,CHARGE_PRIORITY
237.0,family_house,2.0340918111566153,30.185686159934424,28.84274689764501,1.3429392622894123,0.0,28.151594348777806,Summer,CHARGE_PRIORITY
237.0,luxury_house,2.588844123290238,29.959427347306768,15.269992737375608,14.68943460993116,0.0,27.370583224016528,Summer,CHARGE_PRIORITY
237.0,small_family,1.802945014434273,29.363157370680934,29.363157370680934,0.0,0.0,27.56021235624666,Summer,CHARGE_PRIORITY
238.0,apartment,2.865667372760053,3.6399999999999997,3.4767847131513916,0.16321528684860803,0.0,0.7743326272399468,Summer,CHARGE_PRIORITY
238.0,family_house,4.849590938517013,10.08,9.127438640777552,0.9525613592224482,0.0,5.2304090614829875,Summer,CHARGE_PRIORITY
238.0,luxury_house,6.172206649021652,18.0,7.014233503172497,10.985766496827504,0.0,11.827793350978348,Summer,CHARGE_PRIORITY
238.0,small_family,4.298501059140079,6.5,6.451690383816791,0.04830961618320956,0.0,2.2014989408599206,Summer,CHARGE_PRIORITY
239.0,apartment,5.7768205759501186,3.6399999999999997,3.6399999999999997,0.0,0.0,-2.136820575950119,Summer,CHARGE_PRIORITY
239.0,family_house,9.776157897761738,10.08,9.86642368466426,0.21357631533573906,0.0,0.3038421022382609,Summer,CHARGE_PRIORITY
239.0,luxury_house,12.442382778969485,18.0,11.217823950257579,6.7821760497424215,0.0,5.557617221030514,Summer,CHARGE_PRIORITY
239.0,small_family,8.665230863925178,6.5,6.5,0.0,0.0,-2.1652308639251774,Summer,CHARGE_PRIORITY
240.0,apartment,0.0,3.6399999999999997,3.16757421885426,0.4724257811457397,0.0,3.6399999999999997,Summer,CHARGE_PRIORITY
240.0,family_house,0.0,10.08,7.690647946677787,2.3893520533222126,0.0,10.08,Summer,CHARGE_PRIORITY
240.0,luxury_house,0.0,18.0,0.0,18.0,0.0,18.0,Summer,CHARGE_PRIORITY
240.0,small_family,0.0,6.5,5.730246321654237,0.769753678345763,0.0,6.5,Summer,CHARGE_PRIORITY
241.0,apartment,2.629642107653941,3.6399999999999997,3.3461564377435105,0.29384356225648917,0.0,1.0103578923460588,Summer,CHARGE_PRIORITY
241.0,family_house,4.4501635667989765,10.08,7.3756687847492035,2.7043312152507957,0.0,5.629836433201023,Summer,CHARGE_PRIORITY
241.0,luxury_house,5.663844539562334,18.0,5.0974600856061,12.902539914393898,0.0,12.336155460437665,Summer,CHARGE_PRIORITY
241.0,small_family,3.944463161480911,6.5,5.8361479715336175,0.6638520284663822,0.0,2.555536838519089,Summer,CHARGE_PRIORITY
242.0,apartment,2.5806399502128117,3.6399999999999997,3.3359790665826607,0.30402093341733905,0.0,1.0593600497871878,Summer,CHARGE_PRIORITY
242.0,family_house,4.367236838821682,10.08,6.170441839326851,3.909558160673149,0.0,5.712763161178318,Summer,CHARGE_PRIORITY
242.0,luxury_house,5.558301431227595,18.0,5.002471288104836,12.997528711895164,0.0,12.441698568772406,Summer,CHARGE_PRIORITY
242.0,small_family,3.8709599253192177,6.5,5.600977868545888,0.8990221314541122,0.0,2.6290400746807823,Summer,CHARGE_PRIORITY
243.0,apartment,2.647533979638584,3.6399999999999997,3.349872441924936,0.2901275580750633,0.0,0.9924660203614155,Summer,CHARGE_PRIORITY
243.0,family_house,4.480442119388373,10.08,6.048265271633023,4.031734728366976,0.0,5.599557880611627,Summer,CHARGE_PRIORITY
243.0,luxury_house,5.702380879221566,18.0,5.132142791299408,12.867857208700592,0.0,12.297619120778435,Summer,CHARGE_PRIORITY
243.0,small_family,3.971300969457876,6.5,5.455847090651208,1.0441529093487918,0.0,2.528699030542124,Summer,CHARGE_PRIORITY
244.0,apartment,2.8201267549220326,3.6399999999999997,3.3857186337145757,0.25428136628542386,0.0,0.8198732450779669,Summer,CHARGE_PRIORITY
244.0,family_house,4.772522200637287,10.08,5.631653179883796,4.448346820116203,0.0,5.307477799362713,Summer,CHARGE_PRIORITY
244.0,luxury_house,6.074119164447456,18.0,5.46670724800271,12.53329275199729,0.0,11.925880835552544,Summer,CHARGE_PRIORITY
244.0,small_family,4.230190132383049,6.5,5.46429658428644,1.03570341571356,0.0,2.2698098676169507,Summer,CHARGE_PRIORITY
245.0,apartment,3.0530348206101614,3.6399999999999997,3.4151938146184717,0.22480618538152777,0.0,0.5869651793898382,Summer,CHARGE_PRIORITY
245.0,family_house,5.1666743118018115,10.08,5.555005733851359,4.52499426614864,0.0,4.913325688198188,Summer,CHARGE_PRIORITY
245.0,luxury_house,6.575767305929579,18.0,5.91819057533662,12.081809424663378,0.0,11.42423269407042,Summer,CHARGE_PRIORITY
245.0,small_family,4.579552230915242,6.5,5.569714400625583,0.9302855993744175,0.0,1.920447769084758,Summer,CHARGE_PRIORITY
246.0,apartment,11.938123133218495,3.6399999999999997,3.6399999999999997,0.0,0.0,-8.298123133218496,Summer,CHARGE_PRIORITY
246.0,family_house,20.20297761006207,10.08,10.08,0.0,0.0,-10.12297761006207,Summer,CHARGE_PRIORITY
246.0,luxury_house,25.712880594624455,18.0,18.0,0.0,0.0,-7.712880594624455,Summer,CHARGE_PRIORITY
246.0,small_family,17.90718469982774,6.5,6.5,0.0,0.0,-11.407184699827742,Summer,CHARGE_PRIORITY
247.0,apartment,12.09207118635494,3.6399999999999997,3.6399999999999997,0.0,0.0,-8.452071186354939,Summer,CHARGE_PRIORITY
247.0,family_house,20.46350508460067,10.08,10.08,0.0,0.0,-10.38350508460067,Summer,CHARGE_PRIORITY
247.0,luxury_house,26.044461016764487,18.0,18.0,0.0,0.0,-8.044461016764485,Summer,CHARGE_PRIORITY
247.0,small_family,18.13810677953241,6.5,6.5,0.0,0.0,-11.63810677953241,Summer,CHARGE_PRIORITY
248.0,apartment,12.466700205287273,3.6399999999999997,3.6399999999999997,0.0,0.0,-8.826700205287274,Summer,CHARGE_PRIORITY
248.0,family_house,21.09749265510154,10.08,10.08,0.0,0.0,-11.01749265510154,Summer,CHARGE_PRIORITY
248.0,luxury_house,26.85135428831105,18.0,18.0,0.0,0.0,-8.85135428831105,Summer,CHARGE_PRIORITY
248.0,small_family,18.70005030793091,6.5,6.5,0.0,0.0,-12.200050307930908,Summer,CHARGE_PRIORITY
249.0,apartment,13.174628536831225,3.6399999999999997,3.6399999999999997,0.0,0.0,-9.534628536831224,Summer,CHARGE_PRIORITY
249.0,family_house,22.295525216175918,10.08,10.08,0.0,0.0,-12.215525216175918,Summer,CHARGE_PRIORITY
249.0,luxury_house,28.376123002405713,18.0,18.0,0.0,0.0,-10.376123002405715,Summer,CHARGE_PRIORITY
249.0,small_family,19.761942805246836,6.5,6.5,0.0,0.0,-13.261942805246838,Summer,CHARGE_PRIORITY
250.0,apartment,13.967733972684126,3.6399999999999997,3.6399999999999997,0.0,0.0,-10.327733972684126,Summer,CHARGE_PRIORITY
250.0,family_house,23.63770364608083,10.08,10.08,0.0,0.0,-13.557703646080832,Summer,CHARGE_PRIORITY
250.0,luxury_house,30.084350095011963,18.0,18.0,0.0,0.0,-12.084350095011963,Summer,CHARGE_PRIORITY
250.0,small_family,20.95160095902619,6.5,6.5,0.0,0.0,-14.45160095902619,Summer,CHARGE_PRIORITY
251.0,apartment,14.755570330361751,3.6399999999999997,3.6399999999999997,0.0,0.0,-11.11557033036175,Summer,CHARGE_PRIORITY
251.0,family_house,24.970965174458343,10.08,10.08,0.0,0.0,-14.890965174458344,Summer,CHARGE_PRIORITY
251.0,luxury_house,31.781228403856076,18.0,18.0,0.0,0.0,-13.781228403856076,Summer,CHARGE_PRIORITY
251.0,small_family,22.133355495542624,6.5,6.5,0.0,0.0,-15.633355495542624,Summer,CHARGE_PRIORITY
252.0,apartment,15.615838993195755,3.6399999999999997,3.6399999999999997,0.0,0.43981520604996255,-11.975838993195756,Summer,CHARGE_PRIORITY
252.0,family_house,26.42680445002359,10.08,10.08,0.0,0.0,-16.34680445002359,Summer,CHARGE_PRIORITY
252.0,luxury_house,33.63411475457548,18.0,18.0,0.0,0.0,-15.634114754575476,Summer,CHARGE_PRIORITY
252.0,small_family,23.423758489793638,6.5,6.5,0.0,1.2578686540829667,-16.923758489793638,Summer,CHARGE_PRIORITY
253.0,apartment,16.479846765277273,3.6399999999999997,3.6399999999999997,0.0,0.987680520405944,-12.839846765277272,Summer,CHARGE_PRIORITY
253.0,family_house,27.888971448930775,10.08,10.08,0.0,0.0,-17.808971448930777,Summer,CHARGE_PRIORITY
253.0,luxury_house,35.49505457136644,18.0,18.0,0.0,0.0,-17.495054571366435,Summer,CHARGE_PRIORITY
253.0,small_family,24.719770147915913,6.5,6.5,0.0,2.8030415612178325,-18.219770147915913,Summer,CHARGE_PRIORITY
254.0,apartment,17.393563530184096,3.6399999999999997,3.6399999999999997,0.0,4.472522021823259,-13.753563530184095,Summer,CHARGE_PRIORITY
254.0,family_house,29.435261358773083,10.08,10.08,0.0,0.0,-19.355261358773085,Summer,CHARGE_PRIORITY
254.0,luxury_house,37.46305991116574,18.0,18.0,0.0,0.0,-19.463059911165743,Summer,CHARGE_PRIORITY
254.0,small_family,26.090345295276144,6.5,6.5,0.0,3.958693340024253,-19.590345295276144,Summer,CHARGE_PRIORITY
255.0,apartment,17.85551661041047,3.6399999999999997,3.6399999999999997,0.0,6.570276638930282,-14.215516610410468,Summer,CHARGE_PRIORITY
255.0,family_house,30.21702810992541,10.08,10.08,0.0,0.0,-20.13702810992541,Summer,CHARGE_PRIORITY
255.0,luxury_house,38.4580357762687,18.0,18.0,0.0,0.0,-20.4580357762687,Summer,CHARGE_PRIORITY
255.0,small_family,26.783274915615703,6.5,6.5,0.0,14.798536100468292,-20.283274915615703,Summer,CHARGE_PRIORITY
256.0,apartment,14.24111530247437,3.6399999999999997,3.6399999999999997,0.0,9.186989923476734,-10.60111530247437,Summer,CHARGE_PRIORITY
256.0,family_house,24.100348973418164,10.08,10.08,0.0,0.9306478982060141,-14.020348973418164,Summer,CHARGE_PRIORITY
256.0,luxury_house,30.673171420714027,18.0,18.0,0.0,0.0,-12.673171420714025,Summer,CHARGE_PRIORITY
256.0,small_family,21.36167295371155,6.5,6.5,0.0,14.861672953711551,-14.861672953711551,Summer,CHARGE_PRIORITY
257.0,apartment,11.224434253312474,3.6399999999999997,3.6399999999999997,0.0,7.584434253312474,-7.584434253312474,Summer,CHARGE_PRIORITY
257.0,family_house,18.99519642868265,10.08,10.08,0.0,0.7429330357235543,-8.915196428682652,Summer,CHARGE_PRIORITY
257.0,luxury_house,24.175704545596098,18.0,18.0,0.0,0.0,-6.1757045455960995,Summer,CHARGE_PRIORITY
257.0,small_family,16.836651379968714,6.5,6.5,0.0,10.336651379968712,-10.336651379968712,Summer,CHARGE_PRIORITY
258.0,apartment,9.52582850991966,24.972849401250304,24.972849401250304,0.0,0.12561159811692657,15.447020891330647,Summer,CHARGE_PRIORITY
258.0,family_house,16.120632862940962,30.56786726647629,30.56786726647629,0.0,0.0,14.447234403535331,Summer,CHARGE_PRIORITY
258.0,luxury_house,20.517169098288495,34.78722554893714,34.78722554893714,0.0,0.0,14.27005645064864,Summer,CHARGE_PRIORITY
258.0,small_family,14.288742764879487,24.93999768716685,24.93999768716685,0.0,1.0947986932193756,10.651254922287363,Summer,CHARGE_PRIORITY
259.0,apartment,0.0,23.6922806465322,23.6922806465322,0.0,0.0,23.6922806465322,Summer,CHARGE_PRIORITY
259.0,family_house,0.0,26.532961275660277,26.532961275660277,0.0,0.0,26.532961275660277,Summer,CHARGE_PRIORITY
259.0,luxury_house,0.0,33.36501373931211,33.36501373931211,0.0,0.0,33.36501373931211,Summer,CHARGE_PRIORITY
259.0,small_family,0.0,27.9894594596446,27.9894594596446,0.0,0.0,27.9894594596446,Summer,CHARGE_PRIORITY
260.0,apartment,0.0,27.00551332453464,27.00551332453464,0.0,0.0,27.00551332453464,Summer,CHARGE_PRIORITY
260.0,family_house,0.0,25.83783876759394,25.83783876759394,0.0,0.0,25.83783876759394,Summer,CHARGE_PRIORITY
260.0,luxury_house,0.0,34.67139316905622,34.67139316905622,0.0,0.0,34.67139316905622,Summer,CHARGE_PRIORITY
260.0,small_family,0.0,22.976881427101844,22.976881427101844,0.0,0.0,22.976881427101844,Summer,CHARGE_PRIORITY
261.0,apartment,0.5148668284374884,23.417938325933214,18.937579710878886,4.480358615054329,0.0,22.903071497495723,Summer,CHARGE_PRIORITY
261.0,family_house,0.8713130942788267,28.643484264821822,28.643484264821822,0.0,0.0,27.772171170542997,Summer,CHARGE_PRIORITY
261.0,luxury_house,1.1089439381730521,34.518038179011356,26.06883863798491,8.449199541026449,0.0,33.40909424083831,Summer,CHARGE_PRIORITY
261.0,small_family,0.7723002426562328,20.416311285754873,19.10067304064763,1.3156382451072408,0.0,19.64401104309864,Summer,CHARGE_PRIORITY
262.0,apartment,2.594218832286134,3.6399999999999997,3.0556612975091344,0.5843387024908651,0.0,1.0457811677138658,Summer,CHARGE_PRIORITY
262.0,family_house,4.390216485407304,10.08,10.08,0.0,0.0,5.689783514592696,Summer,CHARGE_PRIORITY
262.0,luxury_house,5.5875482541547505,18.0,9.485512478885159,8.514487521114841,0.0,12.412451745845251,Summer,CHARGE_PRIORITY
262.0,small_family,3.8913282484292013,6.5,6.038799295936351,0.4612007040636491,0.0,2.6086717515707987,Summer,CHARGE_PRIORITY
263.0,apartment,4.06093681882066,3.6399999999999997,3.6399999999999997,0.0,0.0,-0.42093681882066064,Summer,CHARGE_PRIORITY
263.0,family_house,6.872354616465731,10.08,10.08,0.0,0.0,3.2076453835342678,Summer,CHARGE_PRIORITY
263.0,luxury_house,8.746633148229114,18.0,9.670992932071234,8.329007067928766,0.0,9.253366851770886,Summer,CHARGE_PRIORITY
263.0,small_family,6.0914052282309905,6.5,6.343425339293522,0.1565746607064783,0.0,0.4085947717690096,Summer,CHARGE_PRIORITY
264.0,apartment,0.0,3.6399999999999997,1.9668506785870432,1.6731493214129562,0.0,3.6399999999999997,Summer,CHARGE_PRIORITY
264.0,family_house,0.0,10.08,9.416414789797994,0.6635852102020053,0.0,10.08,Summer,CHARGE_PRIORITY
264.0,luxury_house,0.0,18.0,0.18987303130824512,17.810126968691755,0.0,18.0,Summer,CHARGE_PRIORITY
264.0,small_family,0.0,6.5,5.5,1.0,0.0,6.5,Summer,CHARGE_PRIORITY
265.0,apartment,1.0019396214659038,3.6399999999999997,2.3761903043012214,1.2638096956987783,0.0,2.638060378534096,Summer,CHARGE_PRIORITY
265.0,family_house,1.6955901286346067,10.08,8.395262972999427,1.6847370270005728,0.0,8.384409871365392,Summer,CHARGE_PRIORITY
265.0,luxury_house,2.158023800080408,18.0,1.942221420072367,16.057778579927632,0.0,15.841976199919593,Summer,CHARGE_PRIORITY
265.0,small_family,1.5029094321988559,6.5,5.7080951521506105,0.7919048478493892,0.0,4.997090567801145,Summer,CHARGE_PRIORITY
266.0,apartment,1.5973747792161135,3.6399999999999997,2.62352490828977,1.0164750917102297,0.0,2.042625220783886,Summer,CHARGE_PRIORITY
266.0,family_house,2.7032496263657304,10.08,7.659089345143879,2.4209106548561214,0.0,7.376750373634269,Summer,CHARGE_PRIORITY
266.0,luxury_house,3.440499524465475,18.0,3.096449572018927,14.903550427981074,0.0,14.559500475534524,Summer,CHARGE_PRIORITY
266.0,small_family,2.39606216882417,6.5,5.592280268080278,0.9077197319197223,0.0,4.10393783117583,Summer,CHARGE_PRIORITY
267.0,apartment,1.8544441736328539,3.6399999999999997,2.730307579816724,0.9096924201832759,0.0,1.7855558263671458,Summer,CHARGE_PRIORITY
267.0,family_house,3.1382901399940604,10.08,6.604750421857905,3.4752495781420945,0.0,6.94170986000594,Summer,CHARGE_PRIORITY
267.0,luxury_house,3.9941874509015314,18.0,3.594768705811378,14.40523129418862,0.0,14.005812549098469,Summer,CHARGE_PRIORITY
267.0,small_family,2.781666260449281,6.5,5.5777306848625425,0.9222693151374571,0.0,3.718333739550719,Summer,CHARGE_PRIORITY
268.0,apartment,2.3065721411912685,3.6399999999999997,2.888619757021708,0.7513802429782918,0.0,1.3334278588087312,Summer,CHARGE_PRIORITY
268.0,family_house,3.9034297774006084,10.08,5.762013436681803,4.317986563318197,0.0,6.176570222599391,Summer,CHARGE_PRIORITY
268.0,luxury_house,4.968001534873501,18.0,4.471201381386152,13.52879861861385,0.0,13.031998465126499,Summer,CHARGE_PRIORITY
268.0,small_family,3.4598582117869032,6.5,5.585744718720036,0.9142552812799633,0.0,3.0401417882130968,Summer,CHARGE_PRIORITY
269.0,apartment,2.28119982283086,3.6399999999999997,2.785504529525724,0.8544954704742755,0.0,1.3588001771691398,Summer,CHARGE_PRIORITY
269.0,family_house,3.8604920078676095,10.08,5.325926951815123,4.754073048184877,0.0,6.21950799213239,Summer,CHARGE_PRIORITY
269.0,luxury_house,4.913353464558775,18.0,4.422018118102898,13.577981881897102,0.0,13.086646535441226,Summer,CHARGE_PRIORITY
269.0,small_family,3.4217997342462896,6.5,5.205610006364926,1.2943899936350731,0.0,3.0782002657537104,Summer,CHARGE_PRIORITY
270.0,apartment,10.977742702446257,3.6399999999999997,3.6399999999999997,0.0,0.0,-7.337742702446256,Summer,CHARGE_PRIORITY
270.0,family_house,18.57771841952443,10.08,10.08,0.0,0.0,-8.497718419524432,Summer,CHARGE_PRIORITY
270.0,luxury_house,23.644368897576552,18.0,18.0,0.0,0.0,-5.644368897576552,Summer,CHARGE_PRIORITY
270.0,small_family,16.46661405366938,6.5,6.5,0.0,0.0,-9.966614053669383,Summer,CHARGE_PRIORITY
271.0,apartment,12.309726067316202,3.6399999999999997,3.6399999999999997,0.0,0.0,-8.669726067316201,Summer,CHARGE_PRIORITY
271.0,family_house,20.831844113919722,10.08,10.08,0.0,0.0,-10.751844113919724,Summer,CHARGE_PRIORITY
271.0,luxury_house,26.51325614498874,18.0,18.0,0.0,0.0,-8.513256144988741,Summer,CHARGE_PRIORITY
271.0,small_family,18.4645891009743,6.5,6.5,0.0,0.0,-11.964589100974301,Summer,CHARGE_PRIORITY
272.0,apartment,12.881552773284454,3.6399999999999997,3.6399999999999997,0.0,0.0,-9.241552773284454,Summer,CHARGE_PRIORITY
272.0,family_house,21.79955084709677,10.08,10.08,0.0,0.0,-11.719550847096773,Summer,CHARGE_PRIORITY
272.0,luxury_house,27.74488289630498,18.0,18.0,0.0,0.0,-9.744882896304981,Summer,CHARGE_PRIORITY
272.0,small_family,19.322329159926685,6.5,6.5,0.0,0.0,-12.822329159926683,Summer,CHARGE_PRIORITY
273.0,apartment,13.510757854521152,3.6399999999999997,3.6399999999999997,0.0,0.0,-9.870757854521152,Summer,CHARGE_PRIORITY
273.0,family_house,22.864359446112715,10.08,10.08,0.0,0.0,-12.784359446112719,Summer,CHARGE_PRIORITY
273.0,luxury_house,29.100093840507096,18.0,18.0,0.0,0.0,-11.100093840507096,Summer,CHARGE_PRIORITY
273.0,small_family,20.266136781781725,6.5,6.5,0.0,0.0,-13.766136781781727,Summer,CHARGE_PRIORITY
274.0,apartment,14.500539164683742,3.6399999999999997,3.6399999999999997,0.0,0.0,-10.860539164683741,Summer,CHARGE_PRIORITY
274.0,family_house,24.539373971003258,10.08,10.08,0.0,0.0,-14.459373971003258,Summer,CHARGE_PRIORITY
274.0,luxury_house,31.231930508549603,18.0,18.0,0.0,0.0,-13.2319305085496,Summer,CHARGE_PRIORITY
274.0,small_family,21.750808747025612,6.5,6.5,0.0,0.0,-15.250808747025612,Summer,CHARGE_PRIORITY
275.0,apartment,15.441609688588544,3.6399999999999997,3.6399999999999997,0.0,0.0,-11.801609688588544,Summer,CHARGE_PRIORITY
275.0,family_house,26.131954857611383,10.08,10.08,0.0,0.0,-16.051954857611385,Summer,CHARGE_PRIORITY
275.0,luxury_house,33.25885163695994,18.0,18.0,0.0,0.0,-15.25885163695994,Summer,CHARGE_PRIORITY
275.0,small_family,23.162414532882813,6.5,6.5,0.0,0.9684961009444513,-16.662414532882813,Summer,CHARGE_PRIORITY
276.0,apartment,16.1602716413583,3.6399999999999997,3.6399999999999997,0.0,0.0,-12.520271641358299,Summer,CHARGE_PRIORITY
276.0,family_house,27.348152008452512,10.08,10.08,0.0,0.0,-17.268152008452514,Summer,CHARGE_PRIORITY
276.0,luxury_house,34.80673891984865,18.0,18.0,0.0,0.0,-16.806738919848648,Summer,CHARGE_PRIORITY
276.0,small_family,24.240407462037453,6.5,6.5,0.0,2.7292934556980697,-17.740407462037453,Summer,CHARGE_PRIORITY
277.0,apartment,16.95417480389837,3.6399999999999997,3.6399999999999997,0.0,0.0,-13.31417480389837,Summer,CHARGE_PRIORITY
277.0,family_house,28.691680437366472,10.08,10.08,0.0,0.0,-18.611680437366473,Summer,CHARGE_PRIORITY
277.0,luxury_house,36.516684193011876,18.0,18.0,0.0,0.0,-18.516684193011876,Summer,CHARGE_PRIORITY
277.0,small_family,25.431262205847556,6.5,6.5,0.0,3.689304532070046,-18.931262205847556,Summer,CHARGE_PRIORITY
278.0,apartment,17.686345660118185,3.6399999999999997,3.6399999999999997,0.0,1.4050997701086962,-14.046345660118186,Summer,CHARGE_PRIORITY
278.0,family_house,29.93073880943078,10.08,10.08,0.0,1.3484438125769524,-19.85073880943078,Summer,CHARGE_PRIORITY
278.0,luxury_house,38.093667575639174,18.0,18.0,0.0,0.0,-20.093667575639174,Summer,CHARGE_PRIORITY
278.0,small_family,26.529518490177278,6.5,6.5,0.0,9.422164616283789,-20.029518490177278,Summer,CHARGE_PRIORITY
279.0,apartment,17.944988507842652,3.6399999999999997,3.6399999999999997,0.0,4.743802665832338,-14.30498850784265,Summer,CHARGE_PRIORITY
279.0,family_house,30.368442090195252,10.08,10.08,0.0,1.6907035075162713,-20.288442090195254,Summer,CHARGE_PRIORITY
279.0,luxury_house,38.65074447843032,18.0,18.0,0.0,0.0,-20.65074447843032,Summer,CHARGE_PRIORITY
279.0,small_family,26.917482761763974,6.5,6.5,0.0,17.991957469420072,-20.417482761763974,Summer,CHARGE_PRIORITY
280.0,apartment,14.096974862257843,3.6399999999999997,3.6399999999999997,0.0,9.680443510196147,-10.456974862257843,Summer,CHARGE_PRIORITY
280.0,family_house,23.85641899766712,10.08,10.08,0.0,1.1480349164722603,-13.776418997667124,Summer,CHARGE_PRIORITY
280.0,luxury_house,30.36271508793997,18.0,18.0,0.0,0.0,-12.362715087939971,Summer,CHARGE_PRIORITY
280.0,small_family,21.145462293386768,6.5,6.5,0.0,14.645462293386768,-14.645462293386768,Summer,CHARGE_PRIORITY
281.0,apartment,11.229848601869673,3.6399999999999997,3.6399999999999997,0.0,7.589848601869672,-7.589848601869672,Summer,CHARGE_PRIORITY
281.0,family_house,19.004359172394828,10.08,10.08,0.0,0.7459915321934915,-8.92435917239483,Summer,CHARGE_PRIORITY
281.0,luxury_house,24.1873662194116,18.0,18.0,0.0,0.0,-6.187366219411601,Summer,CHARGE_PRIORITY
281.0,small_family,16.84477290280451,6.5,6.5,0.0,10.344772902804511,-10.344772902804511,Summer,CHARGE_PRIORITY
282.0,apartment,9.580279938334789,20.40834903405088,20.40834903405088,0.0,0.9191098807055862,10.828069095716089,Summer,CHARGE_PRIORITY
282.0,family_house,16.212781434105025,24.606858859864033,24.606858859864033,0.0,0.4938390169218825,8.394077425759008,Summer,CHARGE_PRIORITY
282.0,luxury_house,20.63444909795185,39.818679102889206,39.818679102889206,0.0,0.0,19.184230004937355,Summer,CHARGE_PRIORITY
282.0,small_family,14.370419907502184,30.07952762549916,30.07952762549916,0.0,0.6056109251754543,15.709107717996979,Summer,CHARGE_PRIORITY
283.0,apartment,0.1610323546856529,26.45741145285525,26.45741145285525,0.0,0.0,26.2963790981696,Summer,CHARGE_PRIORITY
283.0,family_house,0.2725162925449511,29.10490690733753,29.10490690733753,0.0,0.0,28.832390614792576,Summer,CHARGE_PRIORITY
283.0,luxury_house,0.3468389177844832,40.10411755605685,40.10411755605685,0.0,0.0,39.75727863827236,Summer,CHARGE_PRIORITY
283.0,small_family,0.2415485320284794,22.58490532954839,22.58490532954839,0.0,0.0,22.34335679751991,Summer,CHARGE_PRIORITY
284.0,apartment,0.2184769915432354,21.236760141836044,21.236760141836044,0.0,0.0,21.01828315029281,Summer,CHARGE_PRIORITY
284.0,family_house,0.3697302933808599,29.550973676611267,29.550973676611267,0.0,0.0,29.18124338323041,Summer,CHARGE_PRIORITY
284.0,luxury_house,0.4705658279392762,31.41425061735534,31.41425061735534,0.0,0.0,30.943684789416064,Summer,CHARGE_PRIORITY
284.0,small_family,0.3277154873148531,23.452603271788803,23.452603271788803,0.0,0.0,23.124887784473948,Summer,CHARGE_PRIORITY
285.0,apartment,0.9446675886815448,15.254277742287737,14.279092495521414,0.9751852467663225,0.0,14.309610153606192,Summer,CHARGE_PRIORITY
285.0,family_house,1.5986682269995371,27.621743499715013,27.621743499715013,0.0,0.0,26.023075272715474,Summer,CHARGE_PRIORITY
285.0,luxury_house,2.034668652544865,37.46335240216525,25.75851853670228,11.704833865462968,0.0,35.42868374962038,Summer,CHARGE_PRIORITY
285.0,small_family,1.4170013830223172,26.71142403874928,26.71142403874928,0.0,0.0,25.294422655726958,Summer,CHARGE_PRIORITY
286.0,apartment,2.597569490291833,3.6399999999999997,3.439663467886561,0.20033653211343855,0.0,1.042430509708167,Summer,CHARGE_PRIORITY
286.0,family_house,4.39588682972464,10.08,10.08,0.0,0.0,5.68411317027536,Summer,CHARGE_PRIORITY
286.0,luxury_house,5.594765056013178,18.0,6.955020152219678,11.044979847780322,0.0,12.405234943986823,Summer,CHARGE_PRIORITY
286.0,small_family,3.8963542354377494,6.5,6.5,0.0,0.0,2.6036457645622506,Summer,CHARGE_PRIORITY
287.0,apartment,5.52571315126004,3.6399999999999997,3.6399999999999997,0.0,0.0,-1.8857131512600405,Summer,CHARGE_PRIORITY
287.0,family_house,9.351206871363145,10.08,10.08,0.0,0.0,0.7287931286368545,Summer,CHARGE_PRIORITY
287.0,luxury_house,11.901536018098549,18.0,11.318767214931302,6.681232785068698,0.0,6.0984639819014514,Summer,CHARGE_PRIORITY
287.0,small_family,8.28856972689006,6.5,6.5,0.0,0.0,-1.7885697268900598,Summer,CHARGE_PRIORITY
288.0,apartment,0.0,3.6399999999999997,3.2850987440206207,0.35490125597937905,0.0,3.6399999999999997,Summer,CHARGE_PRIORITY
288.0,family_house,0.0,10.08,9.805913470884791,0.2740865291152088,0.0,10.08,Summer,CHARGE_PRIORITY
288.0,luxury_house,0.0,18.0,1.5,16.5,0.0,18.0,Summer,CHARGE_PRIORITY
288.0,small_family,0.0,6.5,6.215480190357161,0.2845198096428395,0.0,6.5,Summer,CHARGE_PRIORITY
289.0,apartment,2.8552671993717493,3.6399999999999997,3.4753446891437805,0.16465531085621926,0.0,0.7847328006282501,Summer,CHARGE_PRIORITY
289.0,family_house,4.831990645090653,10.08,9.6023992983818,0.477600701618201,0.0,5.248009354909347,Summer,CHARGE_PRIORITY
289.0,luxury_house,6.149806275569922,18.0,6.250184040408889,11.74981595959111,0.0,11.850193724430078,Summer,CHARGE_PRIORITY
289.0,small_family,4.282900799057624,6.5,6.296508516857836,0.20349148314216453,0.0,2.217099200942376,Summer,CHARGE_PRIORITY
290.0,apartment,3.022159616309004,3.6399999999999997,3.4984528699504773,0.14154713004952246,0.0,0.6178403836909957,Summer,CHARGE_PRIORITY
290.0,family_house,5.114423966061391,10.08,9.623581797454603,0.45641820254539567,0.0,4.965576033938609,Summer,CHARGE_PRIORITY
290.0,luxury_house,6.509266865896316,18.0,5.858340179306684,12.141659820693317,0.0,11.490733134103685,Summer,CHARGE_PRIORITY
290.0,small_family,4.533239424463506,6.5,6.313839652462859,0.1861603475371419,0.0,1.9667605755364939,Summer,CHARGE_PRIORITY
291.0,apartment,3.2104127952962145,3.6399999999999997,3.5245186947333216,0.11548130526667799,0.0,0.4295872047037853,Summer,CHARGE_PRIORITY
291.0,family_house,5.433006268962824,10.08,9.258051498502905,0.8219485014970948,0.0,4.646993731037176,Summer,CHARGE_PRIORITY
291.0,luxury_house,6.91473525140723,18.0,6.223261726266507,11.776738273733493,0.0,11.08526474859277,Summer,CHARGE_PRIORITY
291.0,small_family,4.815619192944322,6.5,6.3333890210499915,0.16661097895000854,0.0,1.6843808070556783,Summer,CHARGE_PRIORITY
292.0,apartment,3.3042926940227666,3.6399999999999997,3.5375174499416135,0.10248255005838613,0.0,0.3357073059772329,Summer,CHARGE_PRIORITY
292.0,family_house,5.591879943730836,10.08,8.455351168201277,1.6246488317987224,0.0,4.488120056269164,Summer,CHARGE_PRIORITY
292.0,luxury_house,7.116938110202883,18.0,6.405244299182593,11.594755700817407,0.0,10.883061889797117,Summer,CHARGE_PRIORITY
292.0,small_family,4.95643904103415,6.5,6.325897623909623,0.17410237609037704,0.0,1.5435609589658499,Summer,CHARGE_PRIORITY
293.0,apartment,3.206478350224968,3.6399999999999997,3.5239739254157643,0.1160260745842352,0.0,0.4335216497750316,Summer,CHARGE_PRIORITY
293.0,family_house,5.426347977303792,10.08,8.347904393191138,1.7320956068088622,0.0,4.653652022696207,Summer,CHARGE_PRIORITY
293.0,luxury_house,6.906261062023009,18.0,6.215634955820708,11.784365044179292,0.0,11.09373893797699,Summer,CHARGE_PRIORITY
293.0,small_family,4.809717525337452,6.5,6.165960888123647,0.33403911187635293,0.0,1.6902824746625482,Summer,CHARGE_PRIORITY
294.0,apartment,11.756745272791363,3.6399999999999997,3.6399999999999997,0.0,0.0,-8.116745272791364,Summer,CHARGE_PRIORITY
294.0,family_house,19.896030461646923,10.08,10.08,0.0,0.0,-9.816030461646921,Summer,CHARGE_PRIORITY
294.0,luxury_house,25.322220587550625,18.0,18.0,0.0,0.0,-7.3222205875506265,Summer,CHARGE_PRIORITY
294.0,small_family,17.635117909187045,6.5,6.5,0.0,0.0,-11.135117909187045,Summer,CHARGE_PRIORITY
295.0,apartment,11.699532410794186,3.6399999999999997,3.6399999999999997,0.0,0.0,-8.059532410794185,Summer,CHARGE_PRIORITY
295.0,family_house,19.79920869519016,10.08,10.08,0.0,0.0,-9.719208695190162,Summer,CHARGE_PRIORITY
295.0,luxury_house,25.19899288478748,18.0,18.0,0.0,0.0,-7.198992884787479,Summer,CHARGE_PRIORITY
295.0,small_family,17.549298616191276,6.5,6.5,0.0,0.0,-11.049298616191276,Summer,CHARGE_PRIORITY
296.0,apartment,11.871908443027042,3.6399999999999997,3.6399999999999997,0.0,0.0,-8.231908443027041,Summer,CHARGE_PRIORITY
296.0,family_house,20.090921980507304,10.08,10.08,0.0,0.0,-10.010921980507302,Summer,CHARGE_PRIORITY
296.0,luxury_house,25.57026433882747,18.0,18.0,0.0,0.0,-7.570264338827473,Summer,CHARGE_PRIORITY
296.0,small_family,17.807862664540565,6.5,6.5,0.0,0.0,-11.307862664540563,Summer,CHARGE_PRIORITY
297.0,apartment,12.500636058793498,3.6399999999999997,3.6399999999999997,0.0,0.0,-8.860636058793498,Summer,CHARGE_PRIORITY
297.0,family_house,21.15492256103515,10.08,10.08,0.0,0.0,-11.074922561035152,Summer,CHARGE_PRIORITY
297.0,luxury_house,26.92444689586292,18.0,18.0,0.0,0.0,-8.924446895862921,Summer,CHARGE_PRIORITY
297.0,small_family,18.750954088190245,6.5,6.5,0.0,0.0,-12.250954088190245,Summer,CHARGE_PRIORITY
298.0,apartment,13.350402647179939,3.6399999999999997,3.6399999999999997,0.0,0.0,-9.710402647179938,Summer,CHARGE_PRIORITY
298.0,family_house,22.592989095227587,10.08,10.08,0.0,0.0,-12.51298909522759,Summer,CHARGE_PRIORITY
298.0,luxury_house,28.754713393926018,18.0,18.0,0.0,0.0,-10.75471339392602,Summer,CHARGE_PRIORITY
298.0,small_family,20.025603970769907,6.5,6.5,0.0,0.0,-13.52560397076991,Summer,CHARGE_PRIORITY
299.0,apartment,14.238131897478178,3.6399999999999997,3.6399999999999997,0.0,0.0,-10.598131897478178,Summer,CHARGE_PRIORITY
299.0,family_house,24.095300134193838,10.08,10.08,0.0,0.0,-14.01530013419384,Summer,CHARGE_PRIORITY
299.0,luxury_house,30.66674562533761,18.0,18.0,0.0,0.0,-12.66674562533761,Summer,CHARGE_PRIORITY
299.0,small_family,21.357197846217268,6.5,6.5,0.0,0.0,-14.857197846217266,Summer,CHARGE_PRIORITY
300.0,apartment,15.144319115149127,3.6399999999999997,3.6399999999999997,0.0,0.6731106368913689,-11.504319115149126,Summer,CHARGE_PRIORITY
300.0,family_house,25.62884773332929,10.08,10.08,0.0,0.0,-15.548847733329293,Summer,CHARGE_PRIORITY
300.0,luxury_house,32.61853347878274,18.0,18.0,0.0,0.0,-14.618533478782735,Summer,CHARGE_PRIORITY
300.0,small_family,22.716478672723692,6.5,6.5,0.0,0.8127749591169988,-16.216478672723692,Summer,CHARGE_PRIORITY
301.0,apartment,16.058656110264494,3.6399999999999997,3.6399999999999997,0.0,1.2092142669554362,-12.418656110264491,Summer,CHARGE_PRIORITY
301.0,family_house,27.176187263524525,10.08,10.08,0.0,0.0,-17.096187263524527,Summer,CHARGE_PRIORITY
301.0,luxury_house,34.58787469903121,18.0,18.0,0.0,0.0,-16.58787469903121,Summer,CHARGE_PRIORITY
301.0,small_family,24.08798416539674,6.5,6.5,0.0,2.3532121020907533,-17.58798416539674,Summer,CHARGE_PRIORITY
302.0,apartment,17.062816458007006,3.6399999999999997,3.6399999999999997,0.0,3.1925920867513606,-13.422816458007008,Summer,CHARGE_PRIORITY
302.0,family_house,28.875535544319547,10.08,10.08,0.0,0.0,-18.79553554431955,Summer,CHARGE_PRIORITY
302.0,luxury_house,36.750681601861245,18.0,18.0,0.0,0.0,-18.750681601861245,Summer,CHARGE_PRIORITY
302.0,small_family,25.59422468701051,6.5,6.5,0.0,5.553294542441025,-19.09422468701051,Summer,CHARGE_PRIORITY
303.0,apartment,17.45225813698923,3.6399999999999997,3.6399999999999997,0.0,10.343599979612238,-13.812258136989229,Summer,CHARGE_PRIORITY
303.0,family_house,29.534590693366386,10.08,10.08,0.0,0.0,-19.454590693366388,Summer,CHARGE_PRIORITY
303.0,luxury_house,37.5894790642845,18.0,18.0,0.0,0.0,-19.589479064284497,Summer,CHARGE_PRIORITY
303.0,small_family,26.178387205483848,6.5,6.5,0.0,14.485710981870893,-19.678387205483848,Summer,CHARGE_PRIORITY
304.0,apartment,13.619240688570123,3.6399999999999997,3.6399999999999997,0.0,8.060343430744421,-9.979240688570123,Summer,CHARGE_PRIORITY
304.0,family_house,23.047945780657134,10.08,10.08,0.0,1.5652337690865625,-12.967945780657134,Summer,CHARGE_PRIORITY
304.0,luxury_house,29.333749175381804,18.0,18.0,0.0,0.0,-11.333749175381806,Summer,CHARGE_PRIORITY
304.0,small_family,20.42886103285519,6.5,6.5,0.0,13.928861032855187,-13.928861032855187,Summer,CHARGE_PRIORITY
305.0,apartment,10.582636277747627,3.6399999999999997,3.6399999999999997,0.0,6.942636277747628,-6.942636277747628,Summer,CHARGE_PRIORITY
305.0,family_house,17.909076777726753,10.08,10.08,0.0,1.3048461296211256,-7.829076777726753,Summer,CHARGE_PRIORITY
305.0,luxury_house,22.793370444379505,18.0,18.0,0.0,0.0,-4.793370444379503,Summer,CHARGE_PRIORITY
305.0,small_family,15.87395441662144,6.5,6.5,0.0,9.37395441662144,-9.37395441662144,Summer,CHARGE_PRIORITY
306.0,apartment,8.819490976588718,15.857211111800671,15.857211111800671,0.0,0.30338094792684583,7.037720135211955,Summer,CHARGE_PRIORITY
306.0,family_house,14.92529242191937,29.07239916485411,29.07239916485411,0.0,0.0,14.147106742934742,Summer,CHARGE_PRIORITY
306.0,luxury_house,18.99582671880647,35.97422202483975,35.97422202483975,0.0,0.0,16.978395306033274,Summer,CHARGE_PRIORITY
306.0,small_family,13.229236464883076,27.29448718556831,27.29448718556831,0.0,0.0,14.065250720685237,Summer,CHARGE_PRIORITY
307.0,apartment,0.0,26.222019603460403,26.222019603460403,0.0,0.0,26.222019603460403,Summer,CHARGE_PRIORITY
307.0,family_house,0.0,31.840074476379897,31.840074476379897,0.0,0.0,31.840074476379897,Summer,CHARGE_PRIORITY
307.0,luxury_house,0.0,34.620109295384935,34.620109295384935,0.0,0.0,34.620109295384935,Summer,CHARGE_PRIORITY
307.0,small_family,0.0,32.5926497593129,32.5926497593129,0.0,0.0,32.5926497593129,Summer,CHARGE_PRIORITY
308.0,apartment,0.0,22.304467955513793,22.304467955513793,0.0,0.0,22.304467955513793,Summer,CHARGE_PRIORITY
308.0,family_house,0.0,29.78136640007749,29.78136640007749,0.0,0.0,29.78136640007749,Summer,CHARGE_PRIORITY
308.0,luxury_house,0.0,36.28512217340987,34.75027120010124,1.5348509733086289,0.0,36.28512217340987,Summer,CHARGE_PRIORITY
308.0,small_family,0.0,23.74422687556764,23.74422687556764,0.0,0.0,23.74422687556764,Summer,CHARGE_PRIORITY
309.0,apartment,0.6027641617756561,25.280351854021756,23.505582785974273,1.774769068047481,0.0,24.6775876922461,Summer,CHARGE_PRIORITY
309.0,family_house,1.0200624276203412,24.403782283282673,24.403782283282673,0.0,0.0,23.38371985566233,Summer,CHARGE_PRIORITY
309.0,luxury_house,1.2982612715167976,35.01117003320537,15.391807592339175,19.61936244086619,0.0,33.71290876168857,Summer,CHARGE_PRIORITY
309.0,small_family,0.9041462426634841,23.746320925251908,22.870787845400052,0.8755330798518544,0.0,22.842174682588425,Summer,CHARGE_PRIORITY
310.0,apartment,2.259039164756756,3.6399999999999997,3.392790038197089,0.24720996180291066,0.0,1.3809608352432436,Summer,CHARGE_PRIORITY
310.0,family_house,3.8229893557422026,10.08,9.9378740094435,0.14212599055650055,0.0,6.2570106442577975,Summer,CHARGE_PRIORITY
310.0,luxury_house,4.865622816399167,18.0,6.266597333403134,11.733402666596866,0.0,13.134377183600833,Summer,CHARGE_PRIORITY
310.0,small_family,3.388558747135134,6.5,5.969185057295634,0.530814942704366,0.0,3.111441252864866,Summer,CHARGE_PRIORITY
311.0,apartment,5.189922675844596,3.6399999999999997,3.6399999999999997,0.0,0.0,-1.5499226758445965,Summer,CHARGE_PRIORITY
311.0,family_house,8.782946066813931,10.08,9.898720955011044,0.1812790449889553,0.0,1.2970539331860689,Summer,CHARGE_PRIORITY
311.0,luxury_house,11.178294994126823,18.0,10.201162745707897,7.798837254292103,0.0,6.821705005873178,Summer,CHARGE_PRIORITY
311.0,small_family,7.784884013766893,6.5,6.5,0.0,0.0,-1.2848840137668933,Summer,CHARGE_PRIORITY
312.0,apartment,0.0,3.6399999999999997,3.091612673786284,0.5483873262137157,0.0,3.6399999999999997,Summer,CHARGE_PRIORITY
312.0,family_house,0.0,10.08,9.24,0.84,0.0,10.08,Summer,CHARGE_PRIORITY
312.0,luxury_house,0.0,18.0,0.0,18.0,0.0,18.0,Summer,CHARGE_PRIORITY
312.0,small_family,0.0,6.5,5.542525799805515,0.9574742001944854,0.0,6.5,Summer,CHARGE_PRIORITY
313.0,apartment,1.2431377707374147,3.6399999999999997,3.0581901523839243,0.5818098476160753,0.0,2.396862229262585,Summer,CHARGE_PRIORITY
313.0,family_house,2.1037716120171637,10.08,9.09583819241707,0.984161807582931,0.0,7.976228387982836,Summer,CHARGE_PRIORITY
313.0,luxury_house,2.6775275062036625,18.0,2.4097747555832965,15.590225244416704,0.0,15.322472493796338,Summer,CHARGE_PRIORITY
313.0,small_family,1.864706656106122,6.5,5.3872852285758865,1.1127147714241132,0.0,4.635293343893878,Summer,CHARGE_PRIORITY
314.0,apartment,2.9544247048148167,3.6399999999999997,3.413611284846154,0.22638871515384568,0.0,0.685575295185183,Summer,CHARGE_PRIORITY
314.0,family_house,4.999795654301996,10.08,8.102006424258606,1.977993575741393,0.0,5.080204345698003,Summer,CHARGE_PRIORITY
314.0,luxury_house,6.363376287293451,18.0,5.727038658564105,12.272961341435893,0.0,11.636623712706548,Summer,CHARGE_PRIORITY
314.0,small_family,4.431637057222225,6.5,5.751531826015887,0.7484681739841137,0.0,2.0683629427777754,Summer,CHARGE_PRIORITY
315.0,apartment,1.767902451099369,3.6399999999999997,2.9672627938433243,0.6727372061566754,0.0,1.8720975489006306,Summer,CHARGE_PRIORITY
315.0,family_house,2.991834917245086,10.08,5.733080318488638,4.346919681511361,0.0,7.088165082754914,Summer,CHARGE_PRIORITY
315.0,luxury_house,3.8077898946755644,18.0,3.427010905208008,14.572989094791993,0.0,14.192210105324435,Summer,CHARGE_PRIORITY
315.0,small_family,2.6518536766490532,6.5,5.23435947968743,1.2656405203125698,0.0,3.8481463233509468,Summer,CHARGE_PRIORITY
316.0,apartment,1.9588060610464686,3.6399999999999997,2.908970901540455,0.7310290984595448,0.0,1.681193938953531,Summer,CHARGE_PRIORITY
316.0,family_house,3.31490256484787,10.08,5.348941538908722,4.731058461091278,0.0,6.76509743515213,Summer,CHARGE_PRIORITY
316.0,luxury_house,4.218966900715471,18.0,3.7970702106439234,14.202929789356077,0.0,13.781033099284528,Summer,CHARGE_PRIORITY
316.0,small_family,2.9382090915697026,6.5,5.176171823089011,1.3238281769109888,0.0,3.5617909084302974,Summer,CHARGE_PRIORITY
317.0,apartment,2.6111184789891544,3.6399999999999997,3.0446184451185716,0.5953815548814282,0.0,1.0288815210108453,Summer,CHARGE_PRIORITY
317.0,family_house,4.418815887520108,10.08,6.011289532512064,4.068710467487936,0.0,5.6611841124798925,Summer,CHARGE_PRIORITY
317.0,luxury_house,5.6239474932074085,18.0,5.0615527438866685,12.938447256113331,0.0,12.37605250679259,Summer,CHARGE_PRIORITY
317.0,small_family,3.9166777184837316,6.5,5.355773056398215,1.1442269436017851,0.0,2.5833222815162684,Summer,CHARGE_PRIORITY
318.0,apartment,10.716414191140196,3.6399999999999997,3.6399999999999997,0.0,0.0,-7.076414191140196,Summer,CHARGE_PRIORITY
318.0,family_house,18.13547016962187,10.08,10.08,0.0,0.0,-8.055470169621868,Summer,CHARGE_PRIORITY
318.0,luxury_house,23.08150748860965,18.0,18.0,0.0,0.0,-5.081507488609649,Summer,CHARGE_PRIORITY
318.0,small_family,16.074621286710293,6.5,6.5,0.0,0.0,-9.574621286710293,Summer,CHARGE_PRIORITY
319.0,apartment,10.777613200620202,3.6399999999999997,3.6399999999999997,0.0,0.0,-7.137613200620202,Summer,CHARGE_PRIORITY
319.0,family_house,18.239037724126497,10.08,10.08,0.0,0.0,-8.159037724126497,Summer,CHARGE_PRIORITY
319.0,luxury_house,23.21332073979736,18.0,18.0,0.0,0.0,-5.213320739797359,Summer,CHARGE_PRIORITY
319.0,small_family,16.166419800930303,6.5,6.5,0.0,0.0,-9.666419800930303,Summer,CHARGE_PRIORITY
320.0,apartment,11.813918834705925,3.6399999999999997,3.6399999999999997,0.0,0.0,-8.173918834705926,Summer,CHARGE_PRIORITY
320.0,family_house,19.992785720271566,10.08,10.08,0.0,0.0,-9.912785720271568,Summer,CHARGE_PRIORITY
320.0,luxury_house,25.445363643981995,18.0,18.0,0.0,0.0,-7.445363643981995,Summer,CHARGE_PRIORITY
320.0,small_family,17.72087825205889,6.5,6.5,0.0,0.0,-11.220878252058888,Summer,CHARGE_PRIORITY
321.0,apartment,11.744481358573669,3.6399999999999997,3.6399999999999997,0.0,0.0,-8.104481358573668,Summer,CHARGE_PRIORITY
321.0,family_house,19.87527614527852,10.08,10.08,0.0,0.0,-9.79527614527852,Summer,CHARGE_PRIORITY
321.0,luxury_house,25.29580600308175,18.0,18.0,0.0,0.0,-7.295806003081749,Summer,CHARGE_PRIORITY
321.0,small_family,17.616722037860505,6.5,6.5,0.0,0.0,-11.116722037860505,Summer,CHARGE_PRIORITY
322.0,apartment,12.52201433575054,3.6399999999999997,3.6399999999999997,0.0,0.0,-8.88201433575054,Summer,CHARGE_PRIORITY
322.0,family_house,21.191101183577842,10.08,10.08,0.0,0.0,-11.11110118357784,Summer,CHARGE_PRIORITY
322.0,luxury_house,26.970492415462704,18.0,18.0,0.0,0.0,-8.970492415462704,Summer,CHARGE_PRIORITY
322.0,small_family,18.78302150362581,6.5,6.5,0.0,0.0,-12.283021503625813,Summer,CHARGE_PRIORITY
323.0,apartment,15.006371496172907,3.6399999999999997,3.6399999999999997,0.0,0.0,-11.366371496172906,Summer,CHARGE_PRIORITY
323.0,family_house,25.395397916600302,10.08,10.08,0.0,0.0,-15.315397916600306,Summer,CHARGE_PRIORITY
323.0,luxury_house,32.32141553021857,18.0,18.0,0.0,0.0,-14.321415530218571,Summer,CHARGE_PRIORITY
323.0,small_family,22.50955724425936,6.5,6.5,0.0,0.0,-16.00955724425936,Summer,CHARGE_PRIORITY
324.0,apartment,14.416077907157433,3.6399999999999997,3.6399999999999997,0.0,0.0,-10.776077907157433,Summer,CHARGE_PRIORITY
324.0,family_house,24.396439535189497,10.08,10.08,0.0,0.0,-14.316439535189499,Summer,CHARGE_PRIORITY
324.0,luxury_house,31.050013953877546,18.0,18.0,0.0,0.0,-13.050013953877546,Summer,CHARGE_PRIORITY
324.0,small_family,21.624116860736144,6.5,6.5,0.0,0.0,-15.124116860736146,Summer,CHARGE_PRIORITY
325.0,apartment,16.632344114270765,3.6399999999999997,3.6399999999999997,0.0,0.8008099609860722,-12.992344114270765,Summer,CHARGE_PRIORITY
325.0,family_house,28.147043885688987,10.08,10.08,0.0,0.0,-18.06704388568899,Summer,CHARGE_PRIORITY
325.0,luxury_house,35.8235103999678,18.0,18.0,0.0,0.0,-17.8235103999678,Summer,CHARGE_PRIORITY
325.0,small_family,24.948516171406148,6.5,6.5,0.0,0.0,-18.448516171406148,Summer,CHARGE_PRIORITY
326.0,apartment,17.43410060480614,3.6399999999999997,3.6399999999999997,0.0,2.1221693238163293,-13.79410060480614,Summer,CHARGE_PRIORITY
326.0,family_house,29.503862561979616,10.08,10.08,0.0,0.0,-19.423862561979618,Summer,CHARGE_PRIORITY
326.0,luxury_house,37.550370533428605,18.0,18.0,0.0,0.0,-19.55037053342861,Summer,CHARGE_PRIORITY
326.0,small_family,26.151150907209207,6.5,6.5,0.0,1.6362634814648054,-19.651150907209207,Summer,CHARGE_PRIORITY
327.0,apartment,17.73289539321216,3.6399999999999997,3.6399999999999997,0.0,4.021477463062534,-14.09289539321216,Summer,CHARGE_PRIORITY
327.0,family_house,30.00951528082058,10.08,10.08,0.0,0.0,-19.92951528082058,Summer,CHARGE_PRIORITY
327.0,luxury_house,38.19392853922619,18.0,18.0,0.0,0.0,-20.193928539226192,Summer,CHARGE_PRIORITY
327.0,small_family,26.59934308981824,6.5,6.5,0.0,9.836884069329736,-20.09934308981824,Summer,CHARGE_PRIORITY
328.0,apartment,13.867699817493078,3.6399999999999997,3.6399999999999997,0.0,4.472918087395105,-10.227699817493077,Summer,CHARGE_PRIORITY
328.0,family_house,23.468415075757513,10.08,10.08,0.0,0.0,-13.388415075757516,Summer,CHARGE_PRIORITY
328.0,luxury_house,29.868891914600475,18.0,18.0,0.0,0.0,-11.868891914600473,Summer,CHARGE_PRIORITY
328.0,small_family,20.801549726239614,6.5,6.5,0.0,14.157239988626428,-14.301549726239614,Summer,CHARGE_PRIORITY
329.0,apartment,10.510409517476173,3.6399999999999997,3.6399999999999997,0.0,6.3339281107862995,-6.870409517476172,Summer,CHARGE_PRIORITY
329.0,family_house,17.786846875728905,10.08,10.08,0.0,0.568517935185309,-7.706846875728907,Summer,CHARGE_PRIORITY
329.0,luxury_house,22.637805114564063,18.0,18.0,0.0,0.0,-4.637805114564062,Summer,CHARGE_PRIORITY
329.0,small_family,15.765614276214258,6.5,6.5,0.0,9.265614276214258,-9.265614276214258,Summer,CHARGE_PRIORITY
330.0,apartment,8.806182697440633,22.795425334961724,22.795425334961724,0.0,0.0,13.989242637521091,Summer,CHARGE_PRIORITY
330.0,family_house,14.902770718745689,33.01185409649783,33.01185409649783,0.0,0.0,18.10908337775214,Summer,CHARGE_PRIORITY
330.0,luxury_house,18.96716273294906,31.097094218952247,31.097094218952247,0.0,0.0,12.129931486003187,Summer,CHARGE_PRIORITY
330.0,small_family,13.209274046160951,25.930896604598747,25.930896604598747,0.0,0.37924539359388565,12.721622558437796,Summer,CHARGE_PRIORITY
331.0,apartment,0.0,25.736834433427635,25.736834433427635,0.0,0.0,25.736834433427635,Summer,CHARGE_PRIORITY
331.0,family_house,0.0,26.86094085942618,26.86094085942618,0.0,0.0,26.86094085942618,Summer,CHARGE_PRIORITY
331.0,luxury_house,0.0,39.63547319162627,39.63547319162627,0.0,0.0,39.63547319162627,Summer,CHARGE_PRIORITY
331.0,small_family,0.0,23.843691051778627,23.843691051778627,0.0,0.0,23.843691051778627,Summer,CHARGE_PRIORITY
332.0,apartment,0.0,19.637675549726833,19.637675549726833,0.0,0.0,19.637675549726833,Summer,CHARGE_PRIORITY
332.0,family_house,0.0,35.14023656099085,35.14023656099085,0.0,0.0,35.14023656099085,Summer,CHARGE_PRIORITY
332.0,luxury_house,0.0,36.345814871244016,33.81264642085632,2.5331684503876986,0.0,36.345814871244016,Summer,CHARGE_PRIORITY
332.0,small_family,0.0,24.897798081621243,24.897798081621243,0.0,0.0,24.897798081621243,Summer,CHARGE_PRIORITY
333.0,apartment,0.0,27.25172400921074,24.74309131891755,2.508632690293191,0.0,27.25172400921074,Summer,CHARGE_PRIORITY
333.0,family_house,0.0,27.541281133693627,26.630716682441467,0.9105644512521596,0.0,27.541281133693627,Summer,CHARGE_PRIORITY
333.0,luxury_house,0.0,35.308066930488934,12.471497911904478,22.83656901858446,0.0,35.308066930488934,Summer,CHARGE_PRIORITY
333.0,small_family,0.0,31.380031641664775,30.8147882784764,0.5652433631883782,0.0,31.380031641664775,Summer,CHARGE_PRIORITY
334.0,apartment,5.267279181140559,3.6399999999999997,3.6399999999999997,0.0,0.0,-1.6272791811405594,Summer,CHARGE_PRIORITY
334.0,family_house,8.913857075776331,10.08,9.565617842049674,0.5143821579503256,0.0,1.166142924223669,Summer,CHARGE_PRIORITY
334.0,luxury_house,11.344909005533513,18.0,10.571336470429985,7.428663529570015,0.0,6.655090994466488,Summer,CHARGE_PRIORITY
334.0,small_family,7.900918771710838,6.5,6.5,0.0,0.0,-1.4009187717108387,Summer,CHARGE_PRIORITY
335.0,apartment,8.784325483541428,3.6399999999999997,3.6399999999999997,0.0,0.0,-5.144325483541429,Summer,CHARGE_PRIORITY
335.0,family_house,14.86578158753165,10.08,10.08,0.0,0.0,-4.78578158753165,Summer,CHARGE_PRIORITY
335.0,luxury_house,18.92008565685846,18.0,17.028077091172616,0.9719229088273833,0.0,-0.9200856568584621,Summer,CHARGE_PRIORITY
335.0,small_family,13.176488225312141,6.5,6.5,0.0,0.0,-6.676488225312141,Summer,CHARGE_PRIORITY
336.0,apartment,0.0,3.6399999999999997,3.6399999999999997,0.0,0.0,3.6399999999999997,Summer,CHARGE_PRIORITY
336.0,family_house,0.0,10.08,8.384800857194621,1.6951991428053792,0.0,10.08,Summer,CHARGE_PRIORITY
336.0,luxury_house,0.0,18.0,0.0,18.0,0.0,18.0,Summer,CHARGE_PRIORITY
336.0,small_family,0.0,6.5,6.459205099793898,0.0407949002061016,0.0,6.5,Summer,CHARGE_PRIORITY
337.0,apartment,0.1854789301822977,3.6399999999999997,2.8582898661883855,0.7817101338116139,0.0,3.454521069817702,Summer,CHARGE_PRIORITY
337.0,family_house,0.3138874203085038,10.08,7.630624669569413,2.4493753304305863,0.0,9.766112579691494,Summer,CHARGE_PRIORITY
337.0,luxury_house,0.3994930803926412,18.0,0.35954377235337703,17.640456227646624,0.0,17.60050691960736,Summer,CHARGE_PRIORITY
337.0,small_family,0.2782183952734465,6.5,6.019261273518931,0.4807387264810691,0.0,6.221781604726554,Summer,CHARGE_PRIORITY
338.0,apartment,0.31273368637356347,3.6399999999999997,2.0899047620320954,1.5500952379679045,0.0,3.3272663136264367,Summer,CHARGE_PRIORITY
338.0,family_house,0.5292416230937228,10.08,5.782616519742746,4.2973834802572535,0.0,9.550758376906277,Summer,CHARGE_PRIORITY
338.0,luxury_house,0.673580247573829,18.0,0.606222222816446,17.39377777718355,0.0,17.326419752426172,Summer,CHARGE_PRIORITY
338.0,small_family,0.46910052956034515,6.5,6.032476190508024,0.4675238094919761,0.0,6.030899470439655,Summer,CHARGE_PRIORITY
339.0,apartment,0.13915472877359436,3.6399999999999997,1.7690361548042073,1.8709638451957926,0.0,3.500845271226405,Summer,CHARGE_PRIORITY
339.0,family_house,0.23549261792454435,10.08,3.4274684732077163,6.652531526792283,0.0,9.844507382075456,Summer,CHARGE_PRIORITY
339.0,luxury_house,0.29971787735851096,18.0,0.26974608962265983,17.73025391037734,0.0,17.70028212264149,Summer,CHARGE_PRIORITY
339.0,small_family,0.20873209316039157,6.5,6.014450683372642,0.4855493166273575,0.0,6.291267906839608,Summer,CHARGE_PRIORITY
340.0,apartment,1.5599715339481137,3.6399999999999997,2.359483464758359,1.2805165352416406,0.0,2.080028466051886,Summer,CHARGE_PRIORITY
340.0,family_house,2.6399518266814233,10.08,3.7537027596359933,6.326297240364007,0.0,7.440048173318576,Summer,CHARGE_PRIORITY
340.0,luxury_house,3.3599386885036298,18.0,3.023944819653267,14.976055180346732,0.0,14.640061311496371,Summer,CHARGE_PRIORITY
340.0,small_family,2.3399573009221704,6.5,5.836830114128508,0.6631698858714913,0.0,4.160042699077829,Summer,CHARGE_PRIORITY
341.0,apartment,1.5356059692901807,3.6399999999999997,2.2504894599145615,1.3895105400854382,0.0,2.104394030709819,Summer,CHARGE_PRIORITY
341.0,family_house,2.598717794183383,10.08,2.604189052566134,7.475810947433866,0.0,7.481282205816617,Summer,CHARGE_PRIORITY
341.0,luxury_house,3.307459010778851,18.0,2.9767131097009654,15.023286890299033,0.0,14.69254098922115,Summer,CHARGE_PRIORITY
341.0,small_family,2.3034089539352713,6.5,4.515474290650718,1.9845257093492819,0.0,4.196591046064729,Summer,CHARGE_PRIORITY
342.0,apartment,10.617020321718826,3.6399999999999997,3.6399999999999997,0.0,0.0,-6.977020321718826,Summer,CHARGE_PRIORITY
342.0,family_house,17.96726515983186,10.08,10.08,0.0,0.0,-7.887265159831859,Summer,CHARGE_PRIORITY
342.0,luxury_house,22.867428385240547,18.0,18.0,0.0,0.0,-4.867428385240548,Summer,CHARGE_PRIORITY
342.0,small_family,15.925530482578239,6.5,6.5,0.0,0.0,-9.425530482578239,Summer,CHARGE_PRIORITY
343.0,apartment,10.75400621724201,3.6399999999999997,3.6399999999999997,0.0,0.0,-7.11400621724201,Summer,CHARGE_PRIORITY
343.0,family_house,18.199087444563403,10.08,10.08,0.0,0.0,-8.119087444563405,Summer,CHARGE_PRIORITY
343.0,luxury_house,23.16247492944433,18.0,18.0,0.0,0.0,-5.162474929444331,Summer,CHARGE_PRIORITY
343.0,small_family,16.131009325863015,6.5,6.5,0.0,0.0,-9.631009325863017,Summer,CHARGE_PRIORITY
344.0,apartment,11.01695839462919,3.6399999999999997,3.6399999999999997,0.0,0.0,-7.376958394629191,Summer,CHARGE_PRIORITY
344.0,family_house,18.644083437064786,10.08,10.08,0.0,0.0,-8.564083437064786,Summer,CHARGE_PRIORITY
344.0,luxury_house,23.72883346535518,18.0,18.0,0.0,0.0,-5.728833465355181,Summer,CHARGE_PRIORITY
344.0,small_family,16.525437591943785,6.5,6.5,0.0,0.0,-10.025437591943785,Summer,CHARGE_PRIORITY
345.0,apartment,11.722183494024305,3.6399999999999997,3.6399999999999997,0.0,0.0,-8.082183494024306,Summer,CHARGE_PRIORITY
345.0,family_house,19.837541297579595,10.08,10.08,0.0,0.0,-9.757541297579596,Summer,CHARGE_PRIORITY
345.0,luxury_house,25.247779833283122,18.0,18.0,0.0,0.0,-7.247779833283122,Summer,CHARGE_PRIORITY
345.0,small_family,17.583275241036457,6.5,6.5,0.0,0.0,-11.083275241036459,Summer,CHARGE_PRIORITY
346.0,apartment,12.323611711809166,3.6399999999999997,3.6399999999999997,0.0,0.0,-8.683611711809165,Summer,CHARGE_PRIORITY
346.0,family_house,20.855342896907818,10.08,10.08,0.0,0.0,-10.77534289690782,Summer,CHARGE_PRIORITY
346.0,luxury_house,26.543163686973585,18.0,18.0,0.0,0.0,-8.543163686973587,Summer,CHARGE_PRIORITY
346.0,small_family,18.48541756771375,6.5,6.5,0.0,0.0,-11.985417567713748,Summer,CHARGE_PRIORITY
347.0,apartment,13.398670010333669,3.6399999999999997,3.6399999999999997,0.0,0.0,-9.758670010333669,Summer,CHARGE_PRIORITY
347.0,family_house,22.674672325180055,10.08,10.08,0.0,0.0,-12.594672325180058,Summer,CHARGE_PRIORITY
347.0,luxury_house,28.858673868410982,18.0,18.0,0.0,0.0,-10.858673868410982,Summer,CHARGE_PRIORITY
347.0,small_family,20.0980050155005,6.5,6.5,0.0,0.0,-13.598005015500501,Summer,CHARGE_PRIORITY
348.0,apartment,14.168546381534838,3.6399999999999997,3.6399999999999997,0.0,0.19922902860942976,-10.528546381534838,Summer,CHARGE_PRIORITY
348.0,family_house,23.977540030289724,10.08,10.08,0.0,0.0,-13.897540030289724,Summer,CHARGE_PRIORITY
348.0,luxury_house,30.51686912945965,18.0,18.0,0.0,0.0,-12.516869129459652,Summer,CHARGE_PRIORITY
348.0,small_family,21.252819572302258,6.5,6.5,0.0,0.0,-14.752819572302256,Summer,CHARGE_PRIORITY
349.0,apartment,14.679800378443208,3.6399999999999997,3.6399999999999997,0.0,0.8492154137264005,-11.039800378443207,Summer,CHARGE_PRIORITY
349.0,family_house,24.84273910198081,10.08,10.08,0.0,0.0,-14.762739101980815,Summer,CHARGE_PRIORITY
349.0,luxury_house,31.61803158433922,18.0,18.0,0.0,0.0,-13.618031584339219,Summer,CHARGE_PRIORITY
349.0,small_family,22.01970056766481,6.5,6.5,0.0,0.1282098221618786,-15.519700567664811,Summer,CHARGE_PRIORITY
350.0,apartment,15.645027778733647,3.6399999999999997,3.6399999999999997,0.0,0.9234636752872036,-12.005027778733647,Summer,CHARGE_PRIORITY
350.0,family_house,26.476200856318478,10.08,10.08,0.0,0.0,-16.39620085631848,Summer,CHARGE_PRIORITY
350.0,luxury_house,33.696982908041704,18.0,18.0,0.0,0.0,-15.696982908041702,Summer,CHARGE_PRIORITY
350.0,small_family,23.46754166810047,6.5,6.5,0.0,1.3051955129308055,-16.96754166810047,Summer,CHARGE_PRIORITY
351.0,apartment,15.795911587497953,3.6399999999999997,3.6399999999999997,0.0,1.2316068405214966,-12.155911587497952,Summer,CHARGE_PRIORITY
351.0,family_house,26.731542686534997,10.08,10.08,0.0,0.0,-16.651542686535,Summer,CHARGE_PRIORITY
351.0,luxury_house,34.02196341922636,18.0,18.0,0.0,0.0,-16.02196341922636,Summer,CHARGE_PRIORITY
351.0,small_family,23.69386738124693,6.5,6.5,0.0,2.3381188882662602,-17.19386738124693,Summer,CHARGE_PRIORITY
352.0,apartment,12.180125973459537,3.6399999999999997,3.6399999999999997,0.0,1.9156647098929191,-8.540125973459537,Summer,CHARGE_PRIORITY
352.0,family_house,20.612520878162297,10.08,10.08,0.0,0.0,-10.532520878162297,Summer,CHARGE_PRIORITY
352.0,luxury_house,26.234117481297467,18.0,18.0,0.0,0.0,-8.234117481297465,Summer,CHARGE_PRIORITY
352.0,small_family,18.27018896018931,6.5,6.5,0.0,3.136917844228676,-11.770188960189307,Summer,CHARGE_PRIORITY
353.0,apartment,12.261702609317892,3.6399999999999997,3.6399999999999997,0.0,3.1930904654329044,-8.621702609317891,Summer,CHARGE_PRIORITY
353.0,family_house,20.750573646537973,10.08,10.08,0.0,0.0,-10.67057364653797,Summer,CHARGE_PRIORITY
353.0,luxury_house,26.409821004684694,18.0,18.0,0.0,0.0,-8.409821004684693,Summer,CHARGE_PRIORITY
353.0,small_family,18.392553913976837,6.5,6.5,0.0,10.3825324048747,-11.892553913976837,Summer,CHARGE_PRIORITY
354.0,apartment,7.395110358117712,24.272981121826373,24.27298112182637,0.0,0.022834948879943084,16.877870763708657,Summer,CHARGE_PRIORITY
354.0,family_house,12.514802144506897,30.984588229823167,30.984588229823167,0.0,0.0,18.46978608531627,Summer,CHARGE_PRIORITY
354.0,luxury_house,15.92793000209969,34.514124990268236,34.514124990268236,0.0,0.0,18.58619498816855,Summer,CHARGE_PRIORITY
354.0,small_family,11.092665537176568,23.811458556231674,23.811458556231674,0.0,0.12486638515587312,12.718793019055104,Summer,CHARGE_PRIORITY
355.0,apartment,0.0,22.964388904253802,22.964388904253802,0.0,0.0,22.964388904253802,Summer,CHARGE_PRIORITY
355.0,family_house,0.0,28.522702882978173,28.522702882978173,0.0,0.0,28.522702882978173,Summer,CHARGE_PRIORITY
355.0,luxury_house,0.0,33.464151787228325,33.464151787228325,0.0,0.0,33.464151787228325,Summer,CHARGE_PRIORITY
355.0,small_family,0.0,23.1616209331656,23.1616209331656,0.0,0.0,23.1616209331656,Summer,CHARGE_PRIORITY
356.0,apartment,0.0,33.66259723919431,32.91792438026476,0.744672858929555,0.0,33.66259723919431,Summer,CHARGE_PRIORITY
356.0,family_house,0.0,27.145278125489078,27.145278125489078,0.0,0.0,27.145278125489078,Summer,CHARGE_PRIORITY
356.0,luxury_house,0.0,39.09332111303005,28.447063997372986,10.646257115657066,0.0,39.09332111303005,Summer,CHARGE_PRIORITY
356.0,small_family,0.0,28.68420764900978,28.68420764900978,0.0,0.0,28.68420764900978,Summer,CHARGE_PRIORITY
357.0,apartment,0.0,27.853856622774728,16.17829766673221,11.67555895604252,0.0,27.853856622774728,Summer,CHARGE_PRIORITY
357.0,family_house,0.0,29.9543381019383,29.699180594911624,0.25515750702667894,0.0,29.9543381019383,Summer,CHARGE_PRIORITY
357.0,luxury_house,0.0,37.97856350688369,1.5253219532012885,36.4532415536824,0.0,37.97856350688369,Summer,CHARGE_PRIORITY
357.0,small_family,0.0,20.607378358509013,20.179759834187582,0.42761852432143166,0.0,20.607378358509013,Summer,CHARGE_PRIORITY
358.0,apartment,0.33003550960346795,3.6399999999999997,1.582788897626536,2.0572111023734636,0.0,3.309964490396532,Summer,CHARGE_PRIORITY
358.0,family_house,0.5585216316366381,10.08,5.104950014668183,4.975049985331817,0.0,9.521478368363361,Summer,CHARGE_PRIORITY
358.0,luxury_house,0.7108457129920849,18.0,0.6397611416928763,17.360238858307124,0.0,17.289154287007918,Summer,CHARGE_PRIORITY
358.0,small_family,0.495053264405202,6.5,5.576726521066415,0.9232734789335849,0.0,6.004946735594798,Summer,CHARGE_PRIORITY
359.0,apartment,3.102671104630579,3.6399999999999997,3.1184024579492435,0.5215975420507564,0.0,0.5373288953694211,Summer,CHARGE_PRIORITY
359.0,family_house,5.2506741770671335,10.08,6.510404506240279,3.5695954937597203,0.0,4.829325822932867,Summer,CHARGE_PRIORITY
359.0,luxury_house,6.68267622535817,18.0,6.014408602822353,11.985591397177647,0.0,11.31732377464183,Summer,CHARGE_PRIORITY
359.0,small_family,4.654006656945868,6.5,6.144400921730966,0.3555990782690338,0.0,1.8459933430541322,Summer,CHARGE_PRIORITY
360.0,apartment,0.0,3.6399999999999997,1.4,2.2399999999999998,0.0,3.6399999999999997,Summer,CHARGE_PRIORITY
360.0,family_house,0.0,10.08,2.0080579845269253,8.071942015473075,0.0,10.08,Summer,CHARGE_PRIORITY
360.0,luxury_house,0.0,18.0,0.0,18.0,0.0,18.0,Summer,CHARGE_PRIORITY
360.0,small_family,0.0,6.5,5.5,1.0,0.0,6.5,Summer,CHARGE_PRIORITY
361.0,apartment,0.8653237338773675,3.6399999999999997,1.8629225945738335,1.7770774054261662,0.0,2.7746762661226323,Summer,CHARGE_PRIORITY
361.0,family_house,1.4643940111770832,10.08,2.2865892141681634,7.793410785831836,0.0,8.615605988822916,Summer,CHARGE_PRIORITY
361.0,luxury_house,1.8637741960435608,18.0,1.6773967764392044,16.322603223560797,0.0,16.13622580395644,Summer,CHARGE_PRIORITY
361.0,small_family,1.297985600816051,6.5,5.679721083189914,0.8202789168100852,0.0,5.202014399183949,Summer,CHARGE_PRIORITY
362.0,apartment,0.9992730381836296,3.6399999999999997,1.7426239699451846,1.897376030054815,0.0,2.64072696181637,Summer,CHARGE_PRIORITY
362.0,family_house,1.6910774492338345,10.08,1.5219697043104508,8.558030295689548,0.0,8.388922550766164,Summer,CHARGE_PRIORITY
362.0,luxury_house,2.1522803899339715,18.0,1.937052350940574,16.062947649059428,0.0,15.847719610066028,Summer,CHARGE_PRIORITY
362.0,small_family,1.4989095572754443,6.5,5.706498786466637,0.7935012135333622,0.0,5.001090442724555,Summer,CHARGE_PRIORITY
363.0,apartment,1.2130550333396863,3.6399999999999997,1.875826597696266,1.7641734023037337,0.0,2.4269449666603133,Summer,CHARGE_PRIORITY
363.0,family_house,2.0528623641133157,10.08,1.847576127701984,8.232423872298014,0.0,8.027137635886685,Summer,CHARGE_PRIORITY
363.0,luxury_house,2.6127339179624016,18.0,2.351460526166161,15.648539473833837,0.0,15.387266082037598,Summer,CHARGE_PRIORITY
363.0,small_family,1.8195825500095297,6.5,5.377913298848133,1.122086701151867,0.0,4.680417449990471,Summer,CHARGE_PRIORITY
364.0,apartment,1.3464460424255331,3.6399999999999997,1.8593239002690847,1.7806760997309152,0.0,2.2935539575744666,Summer,CHARGE_PRIORITY
364.0,family_house,2.278600994873979,10.08,2.0507408953865807,8.029259104613418,0.0,7.8013990051260205,Summer,CHARGE_PRIORITY
364.0,luxury_house,2.9000376298396096,18.0,2.6100338668556486,15.389966133144352,0.0,15.099962370160391,Summer,CHARGE_PRIORITY
364.0,small_family,2.0196690636382995,6.5,5.240664623931416,1.2593353760685846,0.0,4.4803309363617005,Summer,CHARGE_PRIORITY
365.0,apartment,1.290678753229234,3.6399999999999997,1.5429015120745706,2.097098487925429,0.0,2.3493212467707654,Summer,CHARGE_PRIORITY
365.0,family_house,2.184225582387935,10.08,1.965803024149141,8.11419697585086,0.0,7.895774417612064,Summer,CHARGE_PRIORITY
365.0,luxury_house,2.779923468493735,18.0,2.501931121644361,15.498068878355639,0.0,15.220076531506265,Summer,CHARGE_PRIORITY
365.0,small_family,1.936018129843851,6.5,4.618038151462678,1.8819618485373222,0.0,4.563981870156149,Summer,CHARGE_PRIORITY
366.0,apartment,10.221603823729728,3.6399999999999997,3.6399999999999997,0.0,0.0,-6.581603823729729,Summer,CHARGE_PRIORITY
366.0,family_house,17.29809877861954,10.08,10.08,0.0,0.0,-7.21809877861954,Summer,CHARGE_PRIORITY
366.0,luxury_house,22.015762081879416,18.0,18.0,0.0,0.0,-4.015762081879414,Summer,CHARGE_PRIORITY
366.0,small_family,15.332405735594593,6.5,6.5,0.0,0.0,-8.832405735594593,Summer,CHARGE_PRIORITY
367.0,apartment,10.592066522004863,3.6399999999999997,3.6399999999999997,0.0,0.0,-6.952066522004863,Summer,CHARGE_PRIORITY
367.0,family_house,17.925035652623613,10.08,10.08,0.0,0.0,-7.845035652623615,Summer,CHARGE_PRIORITY
367.0,luxury_house,22.813681739702783,18.0,18.0,0.0,0.0,-4.8136817397027825,Summer,CHARGE_PRIORITY
367.0,small_family,15.888099783007295,6.5,6.5,0.0,0.0,-9.388099783007295,Summer,CHARGE_PRIORITY
368.0,apartment,11.008922418020664,3.6399999999999997,3.6399999999999997,0.0,0.0,-7.368922418020663,Summer,CHARGE_PRIORITY
368.0,family_house,18.63048409203497,10.08,10.08,0.0,0.0,-8.55048409203497,Summer,CHARGE_PRIORITY
368.0,luxury_house,23.711525208044506,18.0,18.0,0.0,0.0,-5.711525208044507,Summer,CHARGE_PRIORITY
368.0,small_family,16.513383627030997,6.5,6.5,0.0,0.0,-10.013383627030995,Summer,CHARGE_PRIORITY
369.0,apartment,11.718323804944394,3.6399999999999997,3.6399999999999997,0.0,0.0,-8.078323804944395,Summer,CHARGE_PRIORITY
369.0,family_house,19.831009516059744,10.08,10.08,0.0,0.0,-9.751009516059746,Summer,CHARGE_PRIORITY
369.0,luxury_house,25.239466656803312,18.0,18.0,0.0,0.0,-7.239466656803312,Summer,CHARGE_PRIORITY
369.0,small_family,17.577485707416592,6.5,6.5,0.0,0.0,-11.07748570741659,Summer,CHARGE_PRIORITY
370.0,apartment,12.645138415224267,3.6399999999999997,3.6399999999999997,0.0,0.0,-9.005138415224268,Summer,CHARGE_PRIORITY
370.0,family_house,21.39946501037953,10.08,10.08,0.0,0.0,-11.319465010379531,Summer,CHARGE_PRIORITY
370.0,luxury_house,27.23568274048304,18.0,18.0,0.0,0.0,-9.235682740483039,Summer,CHARGE_PRIORITY
370.0,small_family,18.9677076228364,6.5,6.5,0.0,0.0,-12.4677076228364,Summer,CHARGE_PRIORITY
371.0,apartment,13.328689924100992,3.6399999999999997,3.6399999999999997,0.0,0.0,-9.688689924100991,Summer,CHARGE_PRIORITY
371.0,family_house,22.556244486940145,10.08,10.08,0.0,0.0,-12.476244486940145,Summer,CHARGE_PRIORITY
371.0,luxury_house,28.707947528832907,18.0,18.0,0.0,0.0,-10.707947528832907,Summer,CHARGE_PRIORITY
371.0,small_family,19.99303488615149,6.5,6.5,0.0,0.0,-13.49303488615149,Summer,CHARGE_PRIORITY
372.0,apartment,13.792276298458491,3.6399999999999997,3.6399999999999997,0.0,0.0,-10.15227629845849,Summer,CHARGE_PRIORITY
372.0,family_house,23.340775274314367,10.08,10.08,0.0,0.0,-13.260775274314367,Summer,CHARGE_PRIORITY
372.0,luxury_house,29.706441258218288,18.0,18.0,0.0,0.0,-11.706441258218288,Summer,CHARGE_PRIORITY
372.0,small_family,20.688414447687734,6.5,6.5,0.0,0.0,-14.188414447687734,Summer,CHARGE_PRIORITY
373.0,apartment,15.092335425003228,3.6399999999999997,3.6399999999999997,0.0,0.0,-11.452335425003229,Summer,CHARGE_PRIORITY
373.0,family_house,25.540875334620846,10.08,10.08,0.0,0.0,-15.460875334620848,Summer,CHARGE_PRIORITY
373.0,luxury_house,32.50656860769926,18.0,18.0,0.0,0.0,-14.50656860769926,Summer,CHARGE_PRIORITY
373.0,small_family,22.63850313750484,6.5,6.5,0.0,0.0,-16.13850313750484,Summer,CHARGE_PRIORITY
374.0,apartment,16.042459566870285,3.6399999999999997,3.6399999999999997,0.0,0.0,-12.402459566870284,Summer,CHARGE_PRIORITY
374.0,family_house,27.148777728549717,10.08,10.08,0.0,0.0,-17.06877772854972,Summer,CHARGE_PRIORITY
374.0,luxury_house,34.552989836335996,18.0,18.0,0.0,0.0,-16.552989836336,Summer,CHARGE_PRIORITY
374.0,small_family,24.06368935030543,6.5,6.5,0.0,0.5057929216258283,-17.56368935030543,Summer,CHARGE_PRIORITY
375.0,apartment,16.229653586776685,3.6399999999999997,3.6399999999999997,0.0,0.0,-12.589653586776686,Summer,CHARGE_PRIORITY
375.0,family_house,27.465567608391318,10.08,10.08,0.0,0.0,-17.38556760839132,Summer,CHARGE_PRIORITY
375.0,luxury_house,34.95617695613441,18.0,18.0,0.0,0.0,-16.956176956134406,Summer,CHARGE_PRIORITY
375.0,small_family,24.34448038016503,6.5,6.5,0.0,2.320243339057523,-17.84448038016503,Summer,CHARGE_PRIORITY
376.0,apartment,12.369020129134398,3.6399999999999997,3.6399999999999997,0.0,0.0,-8.729020129134398,Summer,CHARGE_PRIORITY
376.0,family_house,20.932187910842828,10.08,10.08,0.0,0.0,-10.852187910842828,Summer,CHARGE_PRIORITY
376.0,luxury_house,26.640966431981777,18.0,18.0,0.0,0.0,-8.640966431981777,Summer,CHARGE_PRIORITY
376.0,small_family,18.553530193701597,6.5,6.5,0.0,4.554985806289279,-12.053530193701597,Summer,CHARGE_PRIORITY
377.0,apartment,9.061611247963022,3.6399999999999997,3.6399999999999997,0.0,0.05293484935376891,-5.421611247963022,Summer,CHARGE_PRIORITY
377.0,family_house,15.335034419629729,10.08,10.08,0.0,0.0,-5.25503441962973,Summer,CHARGE_PRIORITY
377.0,luxury_house,19.5173165340742,18.0,18.0,0.0,0.0,-1.5173165340742019,Summer,CHARGE_PRIORITY
377.0,small_family,13.592416871944533,6.5,6.5,0.0,6.480355696841979,-7.092416871944533,Summer,CHARGE_PRIORITY
378.0,apartment,7.383711097704701,27.83682515050131,27.83682515050131,0.0,0.0,20.453114052796607,Summer,CHARGE_PRIORITY
378.0,family_house,12.49551108842334,26.61906959506191,26.61906959506191,0.0,0.0,14.12355850663857,Summer,CHARGE_PRIORITY
378.0,luxury_house,15.903377748902432,35.00004822013542,35.00004822013542,0.0,0.0,19.096670471232986,Summer,CHARGE_PRIORITY
378.0,small_family,11.075566646557052,25.78328338573119,25.78328338573119,0.0,0.39971450878244097,14.707716739174138,Summer,CHARGE_PRIORITY
379.0,apartment,0.0,26.311508416820665,26.311508416820665,0.0,0.0,26.311508416820665,Summer,CHARGE_PRIORITY
379.0,family_house,0.0,28.664466696780096,28.664466696780096,0.0,0.0,28.664466696780096,Summer,CHARGE_PRIORITY
379.0,luxury_house,0.0,33.43200301796895,33.43200301796895,0.0,0.0,33.43200301796895,Summer,CHARGE_PRIORITY
379.0,small_family,0.0,24.651450371668037,24.651450371668037,0.0,0.0,24.651450371668037,Summer,CHARGE_PRIORITY
380.0,apartment,0.0,25.120315734214664,25.097423777551494,0.022891956663171342,0.0,25.120315734214664,Summer,CHARGE_PRIORITY
380.0,family_house,0.0,30.487249894642584,30.487249894642584,0.0,0.0,30.487249894642584,Summer,CHARGE_PRIORITY
380.0,luxury_house,0.0,31.532163742998055,21.931446446937336,9.600717296060719,0.0,31.532163742998055,Summer,CHARGE_PRIORITY
380.0,small_family,0.0,29.450868998216077,29.450868998216077,0.0,0.0,29.450868998216077,Summer,CHARGE_PRIORITY
381.0,apartment,0.0,23.878488258194235,16.402767371233768,7.4757208869604685,0.0,23.878488258194235,Summer,CHARGE_PRIORITY
381.0,family_house,0.0,29.300779699535973,24.848578401541715,4.452201297994257,0.0,29.300779699535973,Summer,CHARGE_PRIORITY
381.0,luxury_house,0.0,34.196007572799445,2.793615311141326,31.40239226165812,0.0,34.196007572799445,Summer,CHARGE_PRIORITY
381.0,small_family,0.0,28.706084448350456,27.748139216167896,0.9579452321825572,0.0,28.706084448350456,Summer,CHARGE_PRIORITY
382.0,apartment,1.8309563973880763,3.6399999999999997,2.414068158553396,1.2259318414466036,0.0,1.8090436026119234,Summer,CHARGE_PRIORITY
382.0,family_house,3.098541595579822,10.08,7.04593011708438,3.03406988291562,0.0,6.981458404420177,Summer,CHARGE_PRIORITY
382.0,luxury_house,3.9435983943743183,18.0,3.5492385549368857,14.450761445063113,0.0,14.05640160562568,Summer,CHARGE_PRIORITY
382.0,small_family,2.7464345960821146,6.5,6.035228095055405,0.4647719049445943,0.0,3.7535654039178854,Summer,CHARGE_PRIORITY
383.0,apartment,4.612041609728649,3.6399999999999997,3.6399999999999997,0.0,0.0,-0.9720416097286497,Summer,CHARGE_PRIORITY
383.0,family_house,7.804993493386945,10.08,8.391645361723262,1.688354638276738,0.0,2.275006506613055,Summer,CHARGE_PRIORITY
383.0,luxury_house,9.933628082492476,18.0,8.940265274243227,9.059734725756773,0.0,8.066371917507524,Summer,CHARGE_PRIORITY
383.0,small_family,6.918062414592974,6.5,6.457885565097489,0.04211443490251121,0.0,-0.4180624145929741,Summer,CHARGE_PRIORITY
384.0,apartment,0.0,3.6399999999999997,1.6634658537260514,1.9765341462739483,0.0,3.6399999999999997,Summer,CHARGE_PRIORITY
384.0,family_house,0.0,10.08,2.079772248888684,8.000227751111316,0.0,10.08,Summer,CHARGE_PRIORITY
384.0,luxury_house,0.0,18.0,0.0,18.0,0.0,18.0,Summer,CHARGE_PRIORITY
384.0,small_family,0.0,6.5,5.124618201235768,1.3753817987642312,0.0,6.5,Summer,CHARGE_PRIORITY
385.0,apartment,2.1891797413056766,3.6399999999999997,2.3555859747500834,1.284414025249916,0.0,1.450820258694323,Summer,CHARGE_PRIORITY
385.0,family_house,3.70476571605576,10.08,4.45857428704182,5.621425712958179,0.0,6.3752342839442395,Summer,CHARGE_PRIORITY
385.0,luxury_house,4.715156365889149,18.0,4.243640729300234,13.756359270699768,0.0,13.28484363411085,Summer,CHARGE_PRIORITY
385.0,small_family,3.283769611958515,6.5,5.672592341416769,0.8274076585832306,0.0,3.216230388041485,Summer,CHARGE_PRIORITY
386.0,apartment,2.3392447094412714,3.6399999999999997,2.4594771065362644,1.1805228934637353,0.0,1.3007552905587285,Summer,CHARGE_PRIORITY
386.0,family_house,3.958721815977536,10.08,4.649041361983152,5.430958638016847,0.0,6.121278184022464,Summer,CHARGE_PRIORITY
386.0,luxury_house,5.038373220335046,18.0,4.534535898301541,13.465464101698458,0.0,12.961626779664956,Summer,CHARGE_PRIORITY
386.0,small_family,3.508867064161907,6.5,5.471686263921759,1.0283137360782413,0.0,2.991132935838093,Summer,CHARGE_PRIORITY
387.0,apartment,1.853737497331303,3.6399999999999997,2.123356728921671,1.5166432710783286,0.0,1.7862625026686967,Summer,CHARGE_PRIORITY
387.0,family_house,3.1370942262529744,10.08,4.03282066968973,6.04717933031027,0.0,6.942905773747025,Summer,CHARGE_PRIORITY
387.0,luxury_house,3.9926653788674216,18.0,3.5933988409806794,14.40660115901932,0.0,14.007334621132578,Summer,CHARGE_PRIORITY
387.0,small_family,2.7806062459969545,6.5,4.998122602549211,1.501877397450789,0.0,3.719393754003045,Summer,CHARGE_PRIORITY
388.0,apartment,2.5633370541539047,3.6399999999999997,2.6146179605680877,1.025382039431912,0.0,1.076662945846095,Summer,CHARGE_PRIORITY
388.0,family_house,4.3379550147219925,10.08,4.109876252626912,5.970123747373087,0.0,5.742044985278007,Summer,CHARGE_PRIORITY
388.0,luxury_house,5.521033655100718,18.0,4.968930289590645,13.031069710409355,0.0,12.478966344899282,Summer,CHARGE_PRIORITY
388.0,small_family,3.845005581230857,6.5,5.108943690402172,1.3910563095978277,0.0,2.654994418769143,Summer,CHARGE_PRIORITY
389.0,apartment,2.166053144303956,3.6399999999999997,2.3395752537488925,1.3004247462511072,0.0,1.4739468556960433,Summer,CHARGE_PRIORITY
389.0,family_house,3.6656283980528483,10.08,3.2990655582475634,6.780934441752437,0.0,6.414371601947152,Summer,CHARGE_PRIORITY
389.0,luxury_house,4.665345233885444,18.0,4.1988107104968995,13.801189289503101,0.0,13.334654766114557,Summer,CHARGE_PRIORITY
389.0,small_family,3.249079716455934,6.5,4.447634384123841,2.0523656158761585,0.0,3.250920283544066,Summer,CHARGE_PRIORITY
390.0,apartment,11.015786270015337,3.6399999999999997,3.6399999999999997,0.0,0.0,-7.375786270015338,Summer,CHARGE_PRIORITY
390.0,family_house,18.642099841564416,10.08,10.08,0.0,0.0,-8.562099841564415,Summer,CHARGE_PRIORITY
390.0,luxury_house,23.726308889263798,18.0,18.0,0.0,0.0,-5.7263088892638,Summer,CHARGE_PRIORITY
390.0,small_family,16.523679405023007,6.5,6.5,0.0,0.0,-10.023679405023005,Summer,CHARGE_PRIORITY
391.0,apartment,11.75845539471747,3.6399999999999997,3.6399999999999997,0.0,0.0,-8.11845539471747,Summer,CHARGE_PRIORITY
391.0,family_house,19.898924514137256,10.08,10.08,0.0,0.0,-9.818924514137258,Summer,CHARGE_PRIORITY
391.0,luxury_house,25.32590392708378,18.0,18.0,0.0,0.0,-7.325903927083781,Summer,CHARGE_PRIORITY
391.0,small_family,17.637683092076205,6.5,6.5,0.0,0.0,-11.137683092076207,Summer,CHARGE_PRIORITY
392.0,apartment,12.372097643927148,3.6399999999999997,3.6399999999999997,0.0,0.0,-8.732097643927148,Summer,CHARGE_PRIORITY
392.0,family_house,20.937396012799788,10.08,10.08,0.0,0.0,-10.857396012799787,Summer,CHARGE_PRIORITY
392.0,luxury_house,26.647594925381547,18.0,18.0,0.0,0.0,-8.647594925381545,Summer,CHARGE_PRIORITY
392.0,small_family,18.558146465890722,6.5,6.5,0.0,0.0,-12.058146465890722,Summer,CHARGE_PRIORITY
393.0,apartment,12.800765407922148,3.6399999999999997,3.6399999999999997,0.0,0.0,-9.160765407922149,Summer,CHARGE_PRIORITY
393.0,family_house,21.662833767252867,10.08,10.08,0.0,0.0,-11.582833767252868,Summer,CHARGE_PRIORITY
393.0,luxury_house,27.570879340140014,18.0,18.0,0.0,0.0,-9.570879340140014,Summer,CHARGE_PRIORITY
393.0,small_family,19.20114811188322,6.5,6.5,0.0,0.0,-12.701148111883223,Summer,CHARGE_PRIORITY
394.0,apartment,13.59771101919864,3.6399999999999997,3.6399999999999997,0.0,0.0,-9.957711019198639,Summer,CHARGE_PRIORITY
394.0,family_house,23.011510955566926,10.08,10.08,0.0,0.0,-12.931510955566926,Summer,CHARGE_PRIORITY
394.0,luxury_house,29.287377579812453,18.0,18.0,0.0,0.0,-11.287377579812453,Summer,CHARGE_PRIORITY
394.0,small_family,20.39656652879796,6.5,6.5,0.0,0.0,-13.896566528797957,Summer,CHARGE_PRIORITY
395.0,apartment,14.43160563260659,3.6399999999999997,3.6399999999999997,0.0,0.0,-10.79160563260659,Summer,CHARGE_PRIORITY
395.0,family_house,24.42271722441116,10.08,10.08,0.0,0.0,-14.342717224411158,Summer,CHARGE_PRIORITY
395.0,luxury_house,31.083458285614196,18.0,18.0,0.0,0.0,-13.083458285614196,Summer,CHARGE_PRIORITY
395.0,small_family,21.64740844890989,6.5,6.5,0.0,0.0,-15.147408448909887,Summer,CHARGE_PRIORITY
396.0,apartment,15.326306378740725,3.6399999999999997,3.6399999999999997,0.0,0.0,-11.686306378740724,Summer,CHARGE_PRIORITY
396.0,family_house,25.936826179407376,10.08,10.08,0.0,0.0,-15.85682617940738,Summer,CHARGE_PRIORITY
396.0,luxury_house,33.010506046518486,18.0,18.0,0.0,0.0,-15.010506046518483,Summer,CHARGE_PRIORITY
396.0,small_family,22.989459568111087,6.5,6.5,0.0,0.0,-16.489459568111087,Summer,CHARGE_PRIORITY
397.0,apartment,16.16837092479065,3.6399999999999997,3.6399999999999997,0.0,0.0,-12.52837092479065,Summer,CHARGE_PRIORITY
397.0,family_house,27.36185848810726,10.08,10.08,0.0,0.0,-17.28185848810726,Summer,CHARGE_PRIORITY
397.0,luxury_house,34.82418353031832,18.0,18.0,0.0,0.0,-16.824183530318326,Summer,CHARGE_PRIORITY
397.0,small_family,24.252556387185976,6.5,6.5,0.0,0.8861128632075828,-17.752556387185976,Summer,CHARGE_PRIORITY
398.0,apartment,16.344338969410096,3.6399999999999997,3.6399999999999997,0.0,0.0,-12.704338969410095,Summer,CHARGE_PRIORITY
398.0,family_house,27.659650563617085,10.08,10.08,0.0,0.0,-17.579650563617086,Summer,CHARGE_PRIORITY
398.0,luxury_house,35.20319162642174,18.0,18.0,0.0,0.0,-17.203191626421745,Summer,CHARGE_PRIORITY
398.0,small_family,24.51650845411514,6.5,6.5,0.0,2.055545070526051,-18.01650845411514,Summer,CHARGE_PRIORITY
399.0,apartment,16.93993044700809,3.6399999999999997,3.6399999999999997,0.0,0.08973129966930116,-13.299930447008093,Summer,CHARGE_PRIORITY
399.0,family_house,28.66757460262908,10.08,10.08,0.0,0.0,-18.587574602629083,Summer,CHARGE_PRIORITY
399.0,luxury_house,36.48600403970974,18.0,18.0,0.0,0.0,-18.486004039709737,Summer,CHARGE_PRIORITY
399.0,small_family,25.40989567051214,6.5,6.5,0.0,7.428092097949325,-18.90989567051214,Summer,CHARGE_PRIORITY
400.0,apartment,13.361832682398857,3.6399999999999997,3.6399999999999997,0.0,1.9185998626341931,-9.721832682398857,Summer,CHARGE_PRIORITY
400.0,family_house,22.61233223175191,10.08,10.08,0.0,0.0,-12.532332231751912,Summer,CHARGE_PRIORITY
400.0,luxury_house,28.779331931320613,18.0,18.0,0.0,0.0,-10.77933193132061,Summer,CHARGE_PRIORITY
400.0,small_family,20.042749023598287,6.5,6.5,0.0,13.542749023598285,-13.542749023598285,Summer,CHARGE_PRIORITY
401.0,apartment,10.321902158418379,3.6399999999999997,3.6399999999999997,0.0,6.68190215841838,-6.68190215841838,Summer,CHARGE_PRIORITY
401.0,family_house,17.467834421938793,10.08,10.08,0.0,0.0,-7.387834421938795,Summer,CHARGE_PRIORITY
401.0,luxury_house,22.231789264285737,18.0,18.0,0.0,0.0,-4.231789264285737,Summer,CHARGE_PRIORITY
401.0,small_family,15.48285323762757,6.5,6.5,0.0,8.98285323762757,-8.98285323762757,Summer,CHARGE_PRIORITY
402.0,apartment,8.814508124111766,27.8517303363741,27.8517303363741,0.0,0.0,19.037222212262332,Summer,CHARGE_PRIORITY
402.0,family_house,14.916859902342988,28.642246903537348,28.642246903537348,0.0,0.0,13.72538700119436,Summer,CHARGE_PRIORITY
402.0,luxury_house,18.985094421163804,39.75660452836797,39.75660452836797,0.0,0.0,20.77151010720417,Summer,CHARGE_PRIORITY
402.0,small_family,13.221762186167648,22.182888022180496,22.182888022180496,0.0,1.1514453198318195,8.961125836012846,Summer,CHARGE_PRIORITY
403.0,apartment,0.0,23.326441405948433,23.326441405948433,0.0,0.0,23.326441405948433,Summer,CHARGE_PRIORITY
403.0,family_house,0.0,25.470875518541952,25.470875518541952,0.0,0.0,25.470875518541952,Summer,CHARGE_PRIORITY
403.0,luxury_house,0.0,34.720687802209426,34.720687802209426,0.0,0.0,34.720687802209426,Summer,CHARGE_PRIORITY
403.0,small_family,0.0,29.517776920473633,29.517776920473633,0.0,0.0,29.517776920473633,Summer,CHARGE_PRIORITY
404.0,apartment,0.03271694366668676,25.00613982273082,25.00613982273082,0.0,0.0,24.973422879064135,Summer,CHARGE_PRIORITY
404.0,family_house,0.055367135435931435,24.707202730221663,24.707202730221663,0.0,0.0,24.65183559478573,Summer,CHARGE_PRIORITY
404.0,luxury_house,0.07046726328209454,33.732191300923546,29.904266824622205,3.827924476301341,0.0,33.661724037641456,Summer,CHARGE_PRIORITY
404.0,small_family,0.04907541550003014,27.962729289829717,27.962729289829717,0.0,0.0,27.913653874329686,Summer,CHARGE_PRIORITY
405.0,apartment,0.7992990019705108,17.933037224370832,15.287919840513556,2.645117383857274,0.0,17.13373822240032,Summer,CHARGE_PRIORITY
405.0,family_house,1.3526598494885567,28.190100909110654,28.099533758804853,0.09056715030580254,0.0,26.837441059622098,Summer,CHARGE_PRIORITY
405.0,luxury_house,1.7215670811672539,34.055196234893884,14.27521852594777,19.779977708946113,0.0,32.33362915372663,Summer,CHARGE_PRIORITY
405.0,small_family,1.1989485029557663,26.89363075845395,26.333619903453897,0.5600108550000535,0.0,25.694682255498183,Summer,CHARGE_PRIORITY
406.0,apartment,1.095041245786243,3.6399999999999997,2.8916136609988365,0.748386339001163,0.0,2.5449587542137566,Summer,CHARGE_PRIORITY
406.0,family_house,1.8531467236382575,10.08,9.09242304924511,0.9875769507548909,0.0,8.226853276361743,Summer,CHARGE_PRIORITY
406.0,luxury_house,2.3585503755396005,18.0,4.751119719612483,13.248880280387517,0.0,15.6414496244604,Summer,CHARGE_PRIORITY
406.0,small_family,1.6425618686793646,6.5,6.113715821677802,0.38628417832219786,0.0,4.857438131320635,Summer,CHARGE_PRIORITY
407.0,apartment,4.068024144525467,3.6399999999999997,3.6399999999999997,0.0,0.0,-0.4280241445254668,Summer,CHARGE_PRIORITY
407.0,family_house,6.884348552273866,10.08,9.43265228284108,0.6473477171589201,0.0,3.1956514477261337,Summer,CHARGE_PRIORITY
407.0,luxury_house,8.761898157439465,18.0,8.05879861525651,9.94120138474349,0.0,9.238101842560535,Summer,CHARGE_PRIORITY
407.0,small_family,6.1020362167882,6.5,6.42244866116226,0.07755133883774007,0.0,0.39796378321180004,Summer,CHARGE_PRIORITY
408.0,apartment,0.0,3.6399999999999997,2.2355334355593697,1.40446656444063,0.0,3.6399999999999997,Summer,CHARGE_PRIORITY
408.0,family_house,0.0,10.08,8.12726119619303,1.952738803806969,0.0,10.08,Summer,CHARGE_PRIORITY
408.0,luxury_house,0.0,18.0,0.0,18.0,0.0,18.0,Summer,CHARGE_PRIORITY
408.0,small_family,0.0,6.5,5.507205535205268,0.992794464794732,0.0,6.5,Summer,CHARGE_PRIORITY
409.0,apartment,2.577692318268015,3.6399999999999997,3.0307337322036365,0.609266267796363,0.0,1.0623076817319848,Summer,CHARGE_PRIORITY
409.0,family_house,4.36224853860741,10.08,8.541505921186667,1.5384940788133328,0.0,5.71775146139259,Summer,CHARGE_PRIORITY
409.0,luxury_house,5.55195268550034,18.0,4.996757416950306,13.003242583049696,0.0,12.44804731449966,Summer,CHARGE_PRIORITY
409.0,small_family,3.866538477402022,6.5,6.013291018147856,0.4867089818521438,0.0,2.633461522597978,Summer,CHARGE_PRIORITY
410.0,apartment,2.577560190388149,3.6399999999999997,2.9474441891678014,0.6925558108321981,0.0,1.0624398096118508,Summer,CHARGE_PRIORITY
410.0,family_house,4.362024937579944,10.08,7.640743308165415,2.439256691834585,0.0,5.717975062420056,Summer,CHARGE_PRIORITY
410.0,luxury_house,5.5516681023744745,18.0,4.996501292137027,13.003498707862974,0.0,12.448331897625525,Summer,CHARGE_PRIORITY
410.0,small_family,3.8663402855822233,6.5,5.7716886149196815,0.7283113850803188,0.0,2.6336597144177767,Summer,CHARGE_PRIORITY
411.0,apartment,3.049493805816733,3.6399999999999997,3.157831613588109,0.48216838641189086,0.0,0.5905061941832667,Summer,CHARGE_PRIORITY
411.0,family_house,5.160681825228318,10.08,7.223114928290682,2.8568850717093177,0.0,4.919318174771682,Summer,CHARGE_PRIORITY
411.0,luxury_house,6.568140504836041,18.0,5.9113264543524355,12.088673545647563,0.0,11.431859495163959,Summer,CHARGE_PRIORITY
411.0,small_family,4.5742407087251,6.5,5.766712811646951,0.7332871883530494,0.0,1.9257592912749006,Summer,CHARGE_PRIORITY
412.0,apartment,3.3563748737465064,3.6399999999999997,3.306550900354076,0.3334490996459236,0.0,0.2836251262534931,Summer,CHARGE_PRIORITY
412.0,family_house,5.680019017109473,10.08,7.182009983982473,2.8979900160175265,0.0,4.3999809828905265,Summer,CHARGE_PRIORITY
412.0,luxury_house,7.2291151126847835,18.0,6.506203601416305,11.493796398583694,0.0,10.770884887315216,Summer,CHARGE_PRIORITY
412.0,small_family,5.03456231061976,6.5,5.894186486017779,0.6058135139822207,0.0,1.4654376893802399,Summer,CHARGE_PRIORITY
413.0,apartment,3.398767437360266,3.6399999999999997,3.32709498887459,0.31290501112540947,0.0,0.24123256263973353,Summer,CHARGE_PRIORITY
413.0,family_house,5.751760278609681,10.08,7.219674146270083,2.8603258537299174,0.0,4.328239721390318,Summer,CHARGE_PRIORITY
413.0,luxury_house,7.320422172775958,18.0,6.588379955498362,11.411620044501639,0.0,10.679577827224042,Summer,CHARGE_PRIORITY
413.0,small_family,5.098151156040399,6.5,5.9117957047496486,0.588204295250351,0.0,1.4018488439596009,Summer,CHARGE_PRIORITY
414.0,apartment,12.396150809113204,3.6399999999999997,3.6399999999999997,0.0,0.0,-8.756150809113205,Summer,CHARGE_PRIORITY
414.0,family_house,20.978101369268497,10.08,10.08,0.0,0.0,-10.898101369268497,Summer,CHARGE_PRIORITY
414.0,luxury_house,26.69940174270536,18.0,18.0,0.0,0.0,-8.699401742705358,Summer,CHARGE_PRIORITY
414.0,small_family,18.594226213669806,6.5,6.5,0.0,0.0,-12.094226213669804,Summer,CHARGE_PRIORITY
415.0,apartment,11.81224831788246,3.6399999999999997,3.6399999999999997,0.0,0.0,-8.17224831788246,Summer,CHARGE_PRIORITY
415.0,family_house,19.98995869180109,10.08,10.08,0.0,0.0,-9.90995869180109,Summer,CHARGE_PRIORITY
415.0,luxury_house,25.441765607746838,18.0,18.0,0.0,0.0,-7.44176560774684,Summer,CHARGE_PRIORITY
415.0,small_family,17.718372476823692,6.5,6.5,0.0,0.0,-11.218372476823692,Summer,CHARGE_PRIORITY
416.0,apartment,12.554904809543535,3.6399999999999997,3.6399999999999997,0.0,0.0,-8.914904809543534,Summer,CHARGE_PRIORITY
416.0,family_house,21.246761985381365,10.08,10.08,0.0,0.0,-11.166761985381365,Summer,CHARGE_PRIORITY
416.0,luxury_house,27.04133343593992,18.0,18.0,0.0,0.0,-9.041333435939917,Summer,CHARGE_PRIORITY
416.0,small_family,18.8323572143153,6.5,6.5,0.0,0.0,-12.332357214315302,Summer,CHARGE_PRIORITY
417.0,apartment,13.6779402369988,3.6399999999999997,3.6399999999999997,0.0,0.0,-10.037940236998802,Summer,CHARGE_PRIORITY
417.0,family_house,23.147283477997973,10.08,10.08,0.0,0.0,-13.067283477997975,Summer,CHARGE_PRIORITY
417.0,luxury_house,29.460178971997422,18.0,18.0,0.0,0.0,-11.46017897199742,Summer,CHARGE_PRIORITY
417.0,small_family,20.516910355498204,6.5,6.5,0.0,0.0,-14.016910355498204,Summer,CHARGE_PRIORITY
418.0,apartment,13.816728758527319,3.6399999999999997,3.6399999999999997,0.0,0.0,-10.176728758527318,Summer,CHARGE_PRIORITY
418.0,family_house,23.38215636058469,10.08,10.08,0.0,0.0,-13.302156360584691,Summer,CHARGE_PRIORITY
418.0,luxury_house,29.75910809528961,18.0,18.0,0.0,0.0,-11.759108095289609,Summer,CHARGE_PRIORITY
418.0,small_family,20.725093137790974,6.5,6.5,0.0,0.0,-14.225093137790976,Summer,CHARGE_PRIORITY
419.0,apartment,14.470789883198446,3.6399999999999997,3.6399999999999997,0.0,0.0,-10.830789883198445,Summer,CHARGE_PRIORITY
419.0,family_house,24.489029033105062,10.08,10.08,0.0,0.0,-14.409029033105064,Summer,CHARGE_PRIORITY
419.0,luxury_house,31.167855133042806,18.0,18.0,0.0,0.0,-13.167855133042806,Summer,CHARGE_PRIORITY
419.0,small_family,21.706184824797667,6.5,6.5,0.0,0.0,-15.206184824797669,Summer,CHARGE_PRIORITY
420.0,apartment,14.4585088398397,3.6399999999999997,3.6399999999999997,0.0,0.37734458323684444,-10.818508839839701,Summer,CHARGE_PRIORITY
420.0,family_house,24.46824572895949,10.08,10.08,0.0,0.0,-14.388245728959493,Summer,CHARGE_PRIORITY
420.0,luxury_house,31.141403655039355,18.0,18.0,0.0,0.0,-13.141403655039355,Summer,CHARGE_PRIORITY
420.0,small_family,21.68776325975955,6.5,6.5,0.0,0.0,-15.18776325975955,Summer,CHARGE_PRIORITY
421.0,apartment,15.00182917628897,3.6399999999999997,3.6399999999999997,0.0,1.1258795354610283,-11.36182917628897,Summer,CHARGE_PRIORITY
421.0,family_house,25.387710913719793,10.08,10.08,0.0,0.0,-15.307710913719793,Summer,CHARGE_PRIORITY
421.0,luxury_house,32.311632072007015,18.0,18.0,0.0,0.0,-14.311632072007011,Summer,CHARGE_PRIORITY
421.0,small_family,22.502743764433454,6.5,6.5,0.0,0.14178409366182998,-16.002743764433454,Summer,CHARGE_PRIORITY
422.0,apartment,16.411080229484277,3.6399999999999997,3.6399999999999997,0.0,2.0166373727058717,-12.771080229484276,Summer,CHARGE_PRIORITY
422.0,family_house,27.772597311434932,10.08,10.08,0.0,0.0,-17.692597311434934,Summer,CHARGE_PRIORITY
422.0,luxury_house,35.34694203273536,18.0,18.0,0.0,0.0,-17.346942032735363,Summer,CHARGE_PRIORITY
422.0,small_family,24.616620344226416,6.5,6.5,0.0,4.4998372790863,-18.116620344226416,Summer,CHARGE_PRIORITY
423.0,apartment,17.14420352060681,3.6399999999999997,3.6399999999999997,0.0,4.688090957223855,-13.50420352060681,Summer,CHARGE_PRIORITY
423.0,family_house,29.013267496411526,10.08,10.08,0.0,0.0,-18.933267496411528,Summer,CHARGE_PRIORITY
423.0,luxury_house,36.92597681361467,18.0,18.0,0.0,0.0,-18.925976813614668,Summer,CHARGE_PRIORITY
423.0,small_family,25.716305280910216,6.5,6.5,0.0,11.306208478983725,-19.216305280910216,Summer,CHARGE_PRIORITY
424.0,apartment,12.960411360376842,3.6399999999999997,3.6399999999999997,0.0,4.640011728173707,-9.320411360376841,Summer,CHARGE_PRIORITY
424.0,family_house,21.93300384063773,10.08,10.08,0.0,0.0,-11.853003840637731,Summer,CHARGE_PRIORITY
424.0,luxury_house,27.914732160811656,18.0,18.0,0.0,0.0,-9.914732160811656,Summer,CHARGE_PRIORITY
424.0,small_family,19.44061704056526,6.5,6.5,0.0,12.940617040565263,-12.940617040565263,Summer,CHARGE_PRIORITY
425.0,apartment,8.171368230273476,3.6399999999999997,3.6399999999999997,0.0,4.531368230273477,-4.531368230273477,Summer,CHARGE_PRIORITY
425.0,family_house,13.828469312770498,10.08,10.08,0.0,0.0,-3.748469312770498,Summer,CHARGE_PRIORITY
425.0,luxury_house,17.599870034435178,18.0,18.0,0.0,0.0,0.4001299655648207,Summer,CHARGE_PRIORITY
425.0,small_family,12.257052345410216,6.5,6.5,0.0,5.757052345410216,-5.757052345410216,Summer,CHARGE_PRIORITY
426.0,apartment,5.892488554157272,28.269558962061087,28.269558962061087,0.0,0.0,22.377070407903815,Summer,CHARGE_PRIORITY
426.0,family_house,9.971903707035382,31.03412021346842,31.03412021346842,0.0,0.0,21.06221650643304,Summer,CHARGE_PRIORITY
426.0,luxury_house,12.691513808954124,38.18125352127995,38.18125352127995,0.0,0.0,25.489739712325825,Summer,CHARGE_PRIORITY
426.0,small_family,8.838732831235907,19.254981176009313,19.254981176009313,0.0,0.0,10.416248344773406,Summer,CHARGE_PRIORITY
427.0,apartment,0.0,18.519680947759788,18.519680947759788,0.0,0.0,18.519680947759788,Summer,CHARGE_PRIORITY
427.0,family_house,0.0,27.98012435623512,27.98012435623512,0.0,0.0,27.98012435623512,Summer,CHARGE_PRIORITY
427.0,luxury_house,0.0,40.73758160843256,40.73758160843256,0.0,0.0,40.73758160843256,Summer,CHARGE_PRIORITY
427.0,small_family,0.0,22.77390269117039,22.77390269117039,0.0,0.0,22.77390269117039,Summer,CHARGE_PRIORITY
428.0,apartment,0.0,28.91500487718578,28.764357684339682,0.1506471928460953,0.0,28.91500487718578,Summer,CHARGE_PRIORITY
428.0,family_house,0.0,27.030198564552578,27.030198564552578,0.0,0.0,27.030198564552578,Summer,CHARGE_PRIORITY
428.0,luxury_house,0.0,38.391631213253376,25.961181218789786,12.430449994463588,0.0,38.391631213253376,Summer,CHARGE_PRIORITY
428.0,small_family,0.0,24.563556928882388,24.563556928882388,0.0,0.0,24.563556928882388,Summer,CHARGE_PRIORITY
429.0,apartment,0.0,25.501813720202723,18.816301531838786,6.685512188363939,0.0,25.501813720202723,Summer,CHARGE_PRIORITY
429.0,family_house,0.0,22.750775625261944,22.42386952882794,0.32690609643400714,0.0,22.750775625261944,Summer,CHARGE_PRIORITY
429.0,luxury_house,0.0,39.74166027132838,5.508396642521271,34.23326362880711,0.0,39.74166027132838,Summer,CHARGE_PRIORITY
429.0,small_family,0.0,22.70144704155047,22.180084381092023,0.5213626604584467,0.0,22.70144704155047,Summer,CHARGE_PRIORITY
430.0,apartment,1.5757304532896057,3.6399999999999997,2.3598821873927704,1.2801178126072292,0.0,2.0642695467103938,Summer,CHARGE_PRIORITY
430.0,family_house,2.6666207671054862,10.08,9.439996557532911,0.6400034424670885,0.0,7.413379232894513,Summer,CHARGE_PRIORITY
430.0,luxury_house,3.3938809763160735,18.0,3.817622095548264,14.182377904451737,0.0,14.606119023683926,Summer,CHARGE_PRIORITY
430.0,small_family,2.3635956799344084,6.5,6.163633547072382,0.3363664529276179,0.0,4.1364043200655916,Summer,CHARGE_PRIORITY
431.0,apartment,3.5460753853707243,3.6399999999999997,3.363980213436093,0.27601978656390647,0.0,0.0939246146292752,Summer,CHARGE_PRIORITY
431.0,family_house,6.001050652165841,10.08,9.690078798912438,0.38992120108756195,0.0,4.078949347834159,Summer,CHARGE_PRIORITY
431.0,luxury_house,7.637700830029252,18.0,6.873930747026327,11.126069252973673,0.0,10.362299169970747,Summer,CHARGE_PRIORITY
431.0,small_family,5.319113078056086,6.5,6.368246290019267,0.13175370998073255,0.0,1.1808869219439142,Summer,CHARGE_PRIORITY
432.0,apartment,0.0,3.6399999999999997,1.4,2.2399999999999998,0.0,3.6399999999999997,Summer,CHARGE_PRIORITY
432.0,family_house,0.0,10.08,7.4475647384580945,2.6324352615419055,0.0,10.08,Summer,CHARGE_PRIORITY
432.0,luxury_house,0.0,18.0,0.0,18.0,0.0,18.0,Summer,CHARGE_PRIORITY
432.0,small_family,0.0,6.5,5.664036150517814,0.835963849482186,0.0,6.5,Summer,CHARGE_PRIORITY
433.0,apartment,0.2985878584169015,3.6399999999999997,1.5653717369693607,2.0746282630306387,0.0,3.3414121415830977,Summer,CHARGE_PRIORITY
433.0,family_house,0.5053025296286024,10.08,6.148927785677854,3.9310722143221457,0.0,9.574697470371397,Summer,CHARGE_PRIORITY
433.0,luxury_house,0.6431123104364032,18.0,0.5788010793927628,17.42119892060724,0.0,17.356887689563596,Summer,CHARGE_PRIORITY
433.0,small_family,0.4478817876253522,6.5,5.505676291941486,0.9943237080585139,0.0,6.052118212374648,Summer,CHARGE_PRIORITY
434.0,apartment,0.28550122696912744,3.6399999999999997,1.5581237564752088,2.081876243524791,0.0,3.3544987730308717,Summer,CHARGE_PRIORITY
434.0,family_house,0.48315592256313883,10.08,5.125489339630188,4.954510660369811,0.0,9.596844077436861,Summer,CHARGE_PRIORITY
434.0,luxury_house,0.614925719625813,18.0,0.5534331476632317,17.44656685233677,0.0,17.385074280374187,Summer,CHARGE_PRIORITY
434.0,small_family,0.42825184045369125,6.5,4.643225964069222,1.856774035930778,0.0,6.071748159546308,Summer,CHARGE_PRIORITY
435.0,apartment,0.05415703475565303,3.6399999999999997,1.391232915556126,2.248767084443873,0.0,3.5858429652443466,Summer,CHARGE_PRIORITY
435.0,family_house,0.09165036650956666,10.08,1.4089909026350131,8.671009097364987,0.0,9.988349633490433,Summer,CHARGE_PRIORITY
435.0,luxury_house,0.11664592101217576,18.0,0.10498132891095818,17.89501867108904,0.0,17.883354078987825,Summer,CHARGE_PRIORITY
435.0,small_family,0.08123555213347954,6.5,4.522495999052349,1.9775040009476519,0.0,6.41876444786652,Summer,CHARGE_PRIORITY
436.0,apartment,0.09346096691993956,3.6399999999999997,0.9333506173560394,2.70664938264396,0.0,3.5465390330800597,Summer,CHARGE_PRIORITY
436.0,family_house,0.15816471324912848,10.08,0.8868233170722952,9.193176682927705,0.0,9.921835286750872,Summer,CHARGE_PRIORITY
436.0,luxury_house,0.20130054413525442,18.0,0.18117048972172894,17.81882951027827,0.0,17.798699455864746,Summer,CHARGE_PRIORITY
436.0,small_family,0.14019145037990935,6.5,4.538822247797514,1.9611777522024867,0.0,6.35980854962009,Summer,CHARGE_PRIORITY
437.0,apartment,1.6237142997765897,3.6399999999999997,1.9641098998453312,1.6758901001546684,0.0,2.01628570022341,Summer,CHARGE_PRIORITY
437.0,family_house,2.747824199621921,10.08,2.4730417796597286,7.606958220340271,0.0,7.332175800378079,Summer,CHARGE_PRIORITY
437.0,luxury_house,3.4972307995188086,18.0,3.1475077195669274,14.852492280433074,0.0,14.502769200481191,Summer,CHARGE_PRIORITY
437.0,small_family,2.4355714496648844,6.5,4.848328802329349,1.6516711976706506,0.0,4.064428550335116,Summer,CHARGE_PRIORITY
438.0,apartment,10.442223609435496,3.6399999999999997,3.6399999999999997,0.0,0.0,-6.802223609435496,Summer,CHARGE_PRIORITY
438.0,family_house,17.671455339044684,10.08,10.08,0.0,0.0,-7.5914553390446855,Summer,CHARGE_PRIORITY
438.0,luxury_house,22.490943158784145,18.0,18.0,0.0,0.0,-4.4909431587841455,Summer,CHARGE_PRIORITY
438.0,small_family,15.663335414153245,6.5,6.5,0.0,0.0,-9.163335414153245,Summer,CHARGE_PRIORITY
439.0,apartment,10.66928590658042,3.6399999999999997,3.6399999999999997,0.0,0.0,-7.029285906580419,Summer,CHARGE_PRIORITY
439.0,family_house,18.055714611136093,10.08,10.08,0.0,0.0,-7.975714611136093,Summer,CHARGE_PRIORITY
439.0,luxury_house,22.98000041417321,18.0,18.0,0.0,0.0,-4.980000414173211,Summer,CHARGE_PRIORITY
439.0,small_family,16.00392885987063,6.5,6.5,0.0,0.0,-9.50392885987063,Summer,CHARGE_PRIORITY
440.0,apartment,10.957235134632315,3.6399999999999997,3.6399999999999997,0.0,0.0,-7.317235134632314,Summer,CHARGE_PRIORITY
440.0,family_house,18.54301330476238,10.08,10.08,0.0,0.0,-8.46301330476238,Summer,CHARGE_PRIORITY
440.0,luxury_house,23.600198751515755,18.0,18.0,0.0,0.0,-5.600198751515756,Summer,CHARGE_PRIORITY
440.0,small_family,16.435852701948473,6.5,6.5,0.0,0.0,-9.935852701948473,Summer,CHARGE_PRIORITY
441.0,apartment,11.614151755346516,3.6399999999999997,3.6399999999999997,0.0,0.0,-7.974151755346515,Summer,CHARGE_PRIORITY
441.0,family_house,19.654718355201794,10.08,10.08,0.0,0.0,-9.574718355201794,Summer,CHARGE_PRIORITY
441.0,luxury_house,25.015096088438646,18.0,18.0,0.0,0.0,-7.015096088438645,Summer,CHARGE_PRIORITY
441.0,small_family,17.42122763301977,6.5,6.5,0.0,0.0,-10.921227633019774,Summer,CHARGE_PRIORITY
442.0,apartment,12.361796937126945,3.6399999999999997,3.6399999999999997,0.0,0.0,-8.721796937126946,Summer,CHARGE_PRIORITY
442.0,family_house,20.919964047445596,10.08,10.08,0.0,0.0,-10.839964047445598,Summer,CHARGE_PRIORITY
442.0,luxury_house,26.62540878765803,18.0,18.0,0.0,0.0,-8.625408787658033,Summer,CHARGE_PRIORITY
442.0,small_family,18.542695405690417,6.5,6.5,0.0,0.0,-12.042695405690418,Summer,CHARGE_PRIORITY
443.0,apartment,13.249722238499558,3.6399999999999997,3.6399999999999997,0.0,0.0,-9.609722238499558,Summer,CHARGE_PRIORITY
443.0,family_house,22.422606865153096,10.08,10.08,0.0,0.0,-12.342606865153098,Summer,CHARGE_PRIORITY
443.0,luxury_house,28.53786328292212,18.0,18.0,0.0,0.0,-10.537863282922121,Summer,CHARGE_PRIORITY
443.0,small_family,19.874583357749337,6.5,6.5,0.0,0.0,-13.374583357749337,Summer,CHARGE_PRIORITY
444.0,apartment,14.292500694827677,3.6399999999999997,3.6399999999999997,0.0,0.0,-10.652500694827676,Summer,CHARGE_PRIORITY
444.0,family_house,24.187308868169914,10.08,10.08,0.0,0.0,-14.107308868169916,Summer,CHARGE_PRIORITY
444.0,luxury_house,30.783847650398073,18.0,18.0,0.0,0.0,-12.783847650398073,Summer,CHARGE_PRIORITY
444.0,small_family,21.438751042241513,6.5,6.5,0.0,0.0,-14.938751042241515,Summer,CHARGE_PRIORITY
445.0,apartment,15.373578177822841,3.6399999999999997,3.6399999999999997,0.0,0.0,-11.73357817782284,Summer,CHARGE_PRIORITY
445.0,family_house,26.016824608623267,10.08,10.08,0.0,0.0,-15.93682460862327,Summer,CHARGE_PRIORITY
445.0,luxury_house,33.11232222915689,18.0,18.0,0.0,0.0,-15.112322229156886,Summer,CHARGE_PRIORITY
445.0,small_family,23.06036726673426,6.5,6.5,0.0,0.0,-16.56036726673426,Summer,CHARGE_PRIORITY
446.0,apartment,16.437244336239445,3.6399999999999997,3.6399999999999997,0.0,0.0,-12.797244336239444,Summer,CHARGE_PRIORITY
446.0,family_house,27.81687503055906,10.08,10.08,0.0,0.0,-17.736875030559062,Summer,CHARGE_PRIORITY
446.0,luxury_house,35.403295493438804,18.0,18.0,0.0,0.0,-17.403295493438804,Summer,CHARGE_PRIORITY
446.0,small_family,24.65586650435917,6.5,6.5,0.0,0.6415552525301101,-18.15586650435917,Summer,CHARGE_PRIORITY
447.0,apartment,16.507249288551602,3.6399999999999997,3.6399999999999997,0.0,0.0,-12.867249288551601,Summer,CHARGE_PRIORITY
447.0,family_house,27.935344949856553,10.08,10.08,0.0,0.0,-17.855344949856555,Summer,CHARGE_PRIORITY
447.0,luxury_house,35.554075390726524,18.0,18.0,0.0,0.0,-17.554075390726524,Summer,CHARGE_PRIORITY
447.0,small_family,24.7608739328274,6.5,6.5,0.0,5.840003005527251,-18.2608739328274,Summer,CHARGE_PRIORITY
448.0,apartment,12.453801473904704,3.6399999999999997,3.6399999999999997,0.0,0.8339315228466242,-8.813801473904704,Summer,CHARGE_PRIORITY
448.0,family_house,21.075664032761807,10.08,10.08,0.0,0.0,-10.995664032761807,Summer,CHARGE_PRIORITY
448.0,luxury_house,26.82357240533321,18.0,18.0,0.0,0.0,-8.82357240533321,Summer,CHARGE_PRIORITY
448.0,small_family,18.680702210857056,6.5,6.5,0.0,7.321862771301479,-12.180702210857056,Summer,CHARGE_PRIORITY
449.0,apartment,7.292327237418269,3.6399999999999997,3.6399999999999997,0.0,0.5618964980643492,-3.6523272374182696,Summer,CHARGE_PRIORITY
449.0,family_house,12.34086147870784,10.08,10.08,0.0,0.0,-2.2608614787078394,Summer,CHARGE_PRIORITY
449.0,luxury_house,15.706550972900887,18.0,18.0,0.0,0.0,2.293449027099113,Summer,CHARGE_PRIORITY
449.0,small_family,10.938490856127403,6.5,6.5,0.0,4.4384908561274035,-4.4384908561274035,Summer,CHARGE_PRIORITY
450.0,apartment,7.049038323689238,21.856616447957823,21.856616447957823,0.0,0.0,14.807578124268584,Summer,CHARGE_PRIORITY
450.0,family_house,11.929141778551019,35.421068296263186,35.421068296263186,0.0,0.0,23.491926517712162,Summer,CHARGE_PRIORITY
450.0,luxury_house,15.182544081792205,32.99867941095634,32.99867941095634,0.0,0.0,17.81613532916414,Summer,CHARGE_PRIORITY
450.0,small_family,10.573557485533858,24.462256289707238,24.462256289707238,0.0,0.5134634707251792,13.888698804173378,Summer,CHARGE_PRIORITY
451.0,apartment,0.0,19.246844683052807,19.246844683052807,0.0,0.0,19.246844683052807,Summer,CHARGE_PRIORITY
451.0,family_house,0.0,25.055963797414638,25.055963797414638,0.0,0.0,25.055963797414638,Summer,CHARGE_PRIORITY
451.0,luxury_house,0.0,35.069261588894385,34.088425713917594,0.9808358749767896,0.0,35.069261588894385,Summer,CHARGE_PRIORITY
451.0,small_family,0.0,25.09785830005162,25.09785830005162,0.0,0.0,25.09785830005162,Summer,CHARGE_PRIORITY
452.0,apartment,0.0,26.720914701123526,26.032840313016816,0.6880743881067075,0.0,26.720914701123526,Summer,CHARGE_PRIORITY
452.0,family_house,0.0,26.72954324808834,26.72954324808834,0.0,0.0,26.72954324808834,Summer,CHARGE_PRIORITY
452.0,luxury_house,0.0,35.416712836983706,20.48930394657585,14.927408890407856,0.0,35.416712836983706,Summer,CHARGE_PRIORITY
452.0,small_family,0.0,24.896330895005605,24.896330895005605,0.0,0.0,24.896330895005605,Summer,CHARGE_PRIORITY
453.0,apartment,0.0,26.176885667834505,21.331634025644,4.845251642190504,0.0,26.176885667834505,Summer,CHARGE_PRIORITY
453.0,family_house,0.0,28.36364434750222,24.490138223143436,3.8735061243587823,0.0,28.36364434750222,Summer,CHARGE_PRIORITY
453.0,luxury_house,0.0,29.679251924854388,4.057737765064794,25.621514159789594,0.0,29.679251924854388,Summer,CHARGE_PRIORITY
453.0,small_family,0.0,31.00835555170575,28.960184191028493,2.0481713606772596,0.0,31.00835555170575,Summer,CHARGE_PRIORITY
454.0,apartment,0.5438778697817415,3.6399999999999997,2.4282654164629105,1.2117345835370892,0.0,3.096122130218258,Summer,CHARGE_PRIORITY
454.0,family_house,0.9204087027075625,10.08,6.6388188548395854,3.4411811451604146,0.0,9.159591297292437,Summer,CHARGE_PRIORITY
454.0,luxury_house,1.1714292579914432,18.0,1.0542863321922986,16.945713667807702,0.0,16.82857074200856,Summer,CHARGE_PRIORITY
454.0,small_family,0.8158168046726122,6.5,5.16943887481662,1.3305611251833804,0.0,5.684183195327388,Summer,CHARGE_PRIORITY
455.0,apartment,3.4074340124845106,3.6399999999999997,3.419496388936946,0.22050361106305386,0.0,0.23256598751548896,Summer,CHARGE_PRIORITY
455.0,family_house,5.766426790358402,10.08,6.7914111421154875,3.2885888578845126,0.0,4.313573209641597,Summer,CHARGE_PRIORITY
455.0,luxury_house,7.33908864227433,18.0,6.605179778046896,11.394820221953104,0.0,10.66091135772567,Summer,CHARGE_PRIORITY
455.0,small_family,5.1111510187267655,6.5,6.033788181673897,0.46621181832610303,0.0,1.3888489812732343,Summer,CHARGE_PRIORITY
456.0,apartment,0.0,3.6399999999999997,2.2392702379116143,1.4007297620883854,0.0,3.6399999999999997,Summer,CHARGE_PRIORITY
456.0,family_house,0.0,10.08,1.6437523248704888,8.436247675129511,0.0,10.08,Summer,CHARGE_PRIORITY
456.0,luxury_house,0.0,18.0,0.0,18.0,0.0,18.0,Summer,CHARGE_PRIORITY
456.0,small_family,0.0,6.5,4.5,2.0,0.0,6.5,Summer,CHARGE_PRIORITY
457.0,apartment,1.070258438471714,3.6399999999999997,2.4045688898267117,1.235431110173288,0.0,2.5697415615282857,Summer,CHARGE_PRIORITY
457.0,family_house,1.8112065881829003,10.08,1.6300859293646102,8.449914070635389,0.0,8.2687934118171,Summer,CHARGE_PRIORITY
457.0,luxury_house,2.3051720213236915,18.0,2.0746548191913226,15.925345180808678,0.0,15.69482797867631,Summer,CHARGE_PRIORITY
457.0,small_family,1.6053876577075707,6.5,4.631645149150565,1.8683548508494356,0.0,4.8946123422924295,Summer,CHARGE_PRIORITY
458.0,apartment,1.9450951984873093,3.6399999999999997,2.6970303819061483,0.9429696180938512,0.0,1.6949048015126904,Summer,CHARGE_PRIORITY
458.0,family_house,3.2916995666708315,10.08,2.962529610003748,7.117470389996251,0.0,6.788300433329168,Summer,CHARGE_PRIORITY
458.0,luxury_house,4.189435812126512,18.0,3.7704922309138613,14.229507769086139,0.0,13.810564187873487,Summer,CHARGE_PRIORITY
458.0,small_family,2.9176427977309642,6.5,4.976300645085236,1.5236993549147642,0.0,3.582357202269036,Summer,CHARGE_PRIORITY
459.0,apartment,2.250628408436607,3.6399999999999997,2.7706891517808168,0.8693108482191828,0.0,1.3893715915633928,Summer,CHARGE_PRIORITY
459.0,family_house,3.808755768123489,10.08,3.4278801913111394,6.652119808688861,0.0,6.27124423187651,Summer,CHARGE_PRIORITY
459.0,luxury_house,4.847507341248076,18.0,4.362756607123268,13.63724339287673,0.0,13.152492658751923,Summer,CHARGE_PRIORITY
459.0,small_family,3.37594261265491,6.5,4.902314623718193,1.5976853762818068,0.0,3.12405738734509,Summer,CHARGE_PRIORITY
460.0,apartment,2.587387092640351,3.6399999999999997,2.9338875910487854,0.7061124089512144,0.0,1.0526129073596486,Summer,CHARGE_PRIORITY
460.0,family_house,4.378655079852901,10.08,3.9407895718676116,6.139210428132388,0.0,5.701344920147099,Summer,CHARGE_PRIORITY
460.0,luxury_house,5.572833737994602,18.0,5.015550364195142,12.98444963580486,0.0,12.427166262005397,Summer,CHARGE_PRIORITY
460.0,small_family,3.8810806389605266,6.5,5.112141188491296,1.3878588115087043,0.0,2.6189193610394734,Summer,CHARGE_PRIORITY
461.0,apartment,2.7899403090811687,3.6399999999999997,3.0320479959393354,0.6079520040606642,0.0,0.8500596909188309,Summer,CHARGE_PRIORITY
461.0,family_house,4.7214374461373625,10.08,4.249293701523626,5.830706298476374,0.0,5.358562553862637,Summer,CHARGE_PRIORITY
461.0,luxury_house,6.009102204174825,18.0,5.408191983757343,12.591808016242659,0.0,11.990897795825175,Summer,CHARGE_PRIORITY
461.0,small_family,4.184910463621753,6.5,5.238347423350574,1.2616525766494262,0.0,2.315089536378247,Summer,CHARGE_PRIORITY
462.0,apartment,11.568124074106407,3.6399999999999997,3.6399999999999997,0.0,0.0,-7.9281240741064085,Summer,CHARGE_PRIORITY
462.0,family_house,19.576825356180073,10.08,10.08,0.0,0.0,-9.496825356180075,Summer,CHARGE_PRIORITY
462.0,luxury_house,24.91595954422919,18.0,18.0,0.0,0.0,-6.915959544229187,Summer,CHARGE_PRIORITY
462.0,small_family,17.35218611115961,6.5,6.5,0.0,0.0,-10.852186111159611,Summer,CHARGE_PRIORITY
463.0,apartment,11.655681999255028,3.6399999999999997,3.6399999999999997,0.0,0.0,-8.01568199925503,Summer,CHARGE_PRIORITY
463.0,family_house,19.72500030643159,10.08,10.08,0.0,0.0,-9.64500030643159,Summer,CHARGE_PRIORITY
463.0,luxury_house,25.104545844549293,18.0,18.0,0.0,0.0,-7.104545844549294,Summer,CHARGE_PRIORITY
463.0,small_family,17.483522998882545,6.5,6.5,0.0,0.0,-10.983522998882545,Summer,CHARGE_PRIORITY
464.0,apartment,11.65523745814906,3.6399999999999997,3.6399999999999997,0.0,0.0,-8.01523745814906,Summer,CHARGE_PRIORITY
464.0,family_house,19.72424800609841,10.08,10.08,0.0,0.0,-9.64424800609841,Summer,CHARGE_PRIORITY
464.0,luxury_house,25.103588371397976,18.0,18.0,0.0,0.0,-7.103588371397976,Summer,CHARGE_PRIORITY
464.0,small_family,17.48285618722359,6.5,6.5,0.0,0.0,-10.98285618722359,Summer,CHARGE_PRIORITY
465.0,apartment,12.460940103907541,3.6399999999999997,3.6399999999999997,0.0,0.0,-8.820940103907542,Summer,CHARGE_PRIORITY
465.0,family_house,21.087744791228147,10.08,10.08,0.0,0.0,-11.007744791228147,Summer,CHARGE_PRIORITY
465.0,luxury_house,26.838947916108552,18.0,18.0,0.0,0.0,-8.83894791610855,Summer,CHARGE_PRIORITY
465.0,small_family,18.691410155861313,6.5,6.5,0.0,0.0,-12.191410155861313,Summer,CHARGE_PRIORITY
466.0,apartment,13.298479625782889,3.6399999999999997,3.6399999999999997,0.0,0.0,-9.65847962578289,Summer,CHARGE_PRIORITY
466.0,family_house,22.505119366709508,10.08,10.08,0.0,0.0,-12.425119366709506,Summer,CHARGE_PRIORITY
466.0,luxury_house,28.64287919399392,18.0,18.0,0.0,0.0,-10.64287919399392,Summer,CHARGE_PRIORITY
466.0,small_family,19.947719438674334,6.5,6.5,0.0,0.0,-13.447719438674335,Summer,CHARGE_PRIORITY
467.0,apartment,13.542206764430805,3.6399999999999997,3.6399999999999997,0.0,0.0,-9.902206764430806,Summer,CHARGE_PRIORITY
467.0,family_house,22.91758067826752,10.08,10.08,0.0,0.0,-12.837580678267518,Summer,CHARGE_PRIORITY
467.0,luxury_house,29.167829954158663,18.0,18.0,0.0,0.0,-11.167829954158663,Summer,CHARGE_PRIORITY
467.0,small_family,20.31331014664621,6.5,6.5,0.0,0.0,-13.81331014664621,Summer,CHARGE_PRIORITY
468.0,apartment,14.812374523381054,3.6399999999999997,3.6399999999999997,0.0,0.0,-11.172374523381054,Summer,CHARGE_PRIORITY
468.0,family_house,25.067095347260246,10.08,10.08,0.0,0.0,-14.987095347260247,Summer,CHARGE_PRIORITY
468.0,luxury_house,31.90357589651304,18.0,18.0,0.0,0.0,-13.90357589651304,Summer,CHARGE_PRIORITY
468.0,small_family,22.218561785071582,6.5,6.5,0.0,0.0,-15.718561785071582,Summer,CHARGE_PRIORITY
469.0,apartment,15.935148401688279,3.6399999999999997,3.6399999999999997,0.0,0.0,-12.295148401688278,Summer,CHARGE_PRIORITY
469.0,family_house,26.967174218241702,10.08,10.08,0.0,0.0,-16.887174218241704,Summer,CHARGE_PRIORITY
469.0,luxury_house,34.32185809594399,18.0,18.0,0.0,0.0,-16.321858095943988,Summer,CHARGE_PRIORITY
469.0,small_family,23.90272260253242,6.5,6.5,0.0,0.12007259673240478,-17.40272260253242,Summer,CHARGE_PRIORITY
470.0,apartment,16.858164462480282,3.6399999999999997,3.6399999999999997,0.0,0.0,-13.218164462480281,Summer,CHARGE_PRIORITY
470.0,family_house,28.529201398043558,10.08,10.08,0.0,0.0,-18.44920139804356,Summer,CHARGE_PRIORITY
470.0,luxury_house,36.30989268841907,18.0,18.0,0.0,0.0,-18.309892688419072,Summer,CHARGE_PRIORITY
470.0,small_family,25.287246693720423,6.5,6.5,0.0,3.4144897894547297,-18.787246693720423,Summer,CHARGE_PRIORITY
471.0,apartment,16.849538315204796,3.6399999999999997,3.6399999999999997,0.0,0.8846513404316885,-13.209538315204796,Summer,CHARGE_PRIORITY
471.0,family_house,28.514603302654272,10.08,10.08,0.0,0.0,-18.434603302654274,Summer,CHARGE_PRIORITY
471.0,luxury_house,36.29131329428726,18.0,18.0,0.0,0.0,-18.291313294287256,Summer,CHARGE_PRIORITY
471.0,small_family,25.274307472807195,6.5,6.5,0.0,6.581980913084672,-18.774307472807195,Summer,CHARGE_PRIORITY
472.0,apartment,12.872615888176604,3.6399999999999997,3.6399999999999997,0.0,2.0612828429434815,-9.232615888176603,Summer,CHARGE_PRIORITY
472.0,family_house,21.78442688768348,10.08,10.08,0.0,0.0,-11.704426887683482,Summer,CHARGE_PRIORITY
472.0,luxury_house,27.725634220688065,18.0,18.0,0.0,0.0,-9.725634220688065,Summer,CHARGE_PRIORITY
472.0,small_family,19.308923832264906,6.5,6.5,0.0,12.512416987110774,-12.808923832264904,Summer,CHARGE_PRIORITY
473.0,apartment,9.704260367738165,3.6399999999999997,3.6399999999999997,0.0,4.593329102977857,-6.064260367738165,Summer,CHARGE_PRIORITY
473.0,family_house,16.42259446847997,10.08,10.08,0.0,0.0,-6.342594468479973,Summer,CHARGE_PRIORITY
473.0,luxury_house,20.90148386897451,18.0,18.0,0.0,0.0,-2.901483868974511,Summer,CHARGE_PRIORITY
473.0,small_family,14.556390551607247,6.5,6.5,0.0,8.056390551607247,-8.056390551607247,Summer,CHARGE_PRIORITY
474.0,apartment,8.26516574452935,27.780174629366222,27.780174629366222,0.0,0.0,19.51500888483687,Summer,CHARGE_PRIORITY
474.0,family_house,13.987203567665052,28.772416242834897,28.772416242834897,0.0,0.0,14.785212675169848,Summer,CHARGE_PRIORITY
474.0,luxury_house,17.80189544975552,31.659392435571988,31.659392435571988,0.0,0.0,13.857496985816466,Summer,CHARGE_PRIORITY
474.0,small_family,12.397748616794024,25.097355534439856,25.097355534439856,0.0,0.7970517707312611,12.699606917645834,Summer,CHARGE_PRIORITY
475.0,apartment,0.0,29.998970060297385,29.998970060297385,0.0,0.0,29.998970060297385,Summer,CHARGE_PRIORITY
475.0,family_house,0.0,31.57473700496289,31.57473700496289,0.0,0.0,31.57473700496289,Summer,CHARGE_PRIORITY
475.0,luxury_house,0.0,37.77753372297284,37.77753372297284,0.0,0.0,37.77753372297284,Summer,CHARGE_PRIORITY
475.0,small_family,0.0,29.866341252005324,29.866341252005324,0.0,0.0,29.866341252005324,Summer,CHARGE_PRIORITY
476.0,apartment,0.0,25.634324601887066,24.236571217945347,1.3977533839417187,0.0,25.634324601887066,Summer,CHARGE_PRIORITY
476.0,family_house,0.0,28.293433090857658,28.293433090857658,0.0,0.0,28.293433090857658,Summer,CHARGE_PRIORITY
476.0,luxury_house,0.0,38.58463074624611,34.52973585170997,4.054894894536142,0.0,38.58463074624611,Summer,CHARGE_PRIORITY
476.0,small_family,0.0,22.46101468201627,22.46101468201627,0.0,0.0,22.46101468201627,Summer,CHARGE_PRIORITY
477.0,apartment,0.0,19.221694749732585,12.073878330042811,7.147816419689773,0.0,19.221694749732585,Summer,CHARGE_PRIORITY
477.0,family_house,0.0,30.336940517531303,28.97082458403914,1.366115933492165,0.0,30.336940517531303,Summer,CHARGE_PRIORITY
477.0,luxury_house,0.0,34.41432010513056,6.68498588975563,27.72933421537493,0.0,34.41432010513056,Summer,CHARGE_PRIORITY
477.0,small_family,0.0,23.445782276656086,22.55153050995375,0.8942517667023355,0.0,23.445782276656086,Summer,CHARGE_PRIORITY
478.0,apartment,1.5154692427766498,3.6399999999999997,2.589502608537993,1.0504973914620068,0.0,2.12453075722335,Summer,CHARGE_PRIORITY
478.0,family_house,2.564640257006638,10.08,7.489392077101991,2.5906079228980086,0.0,7.515359742993362,Summer,CHARGE_PRIORITY
478.0,luxury_house,3.264087599826631,18.0,4.19287226985697,13.80712773014303,0.0,14.735912400173369,Summer,CHARGE_PRIORITY
478.0,small_family,2.2732038641649748,6.5,5.750870684314092,0.7491293156859078,0.0,4.226796135835025,Summer,CHARGE_PRIORITY
479.0,apartment,4.2761923237707045,3.6399999999999997,3.6399999999999997,0.0,0.0,-0.6361923237707048,Summer,CHARGE_PRIORITY
479.0,family_house,7.236633163304269,10.08,8.871022078794637,1.2089779212053622,0.0,2.8433668366957305,Summer,CHARGE_PRIORITY
479.0,luxury_house,9.210260389659979,18.0,8.908856925787646,9.091143074212354,0.0,8.789739610340021,Summer,CHARGE_PRIORITY
479.0,small_family,6.414288485656057,6.5,6.332198377790104,0.16780162220989597,0.0,0.0857115143439433,Summer,CHARGE_PRIORITY
480.0,apartment,0.0,3.6399999999999997,2.0562645037201386,1.583735496279861,0.0,3.6399999999999997,Summer,CHARGE_PRIORITY
480.0,family_house,0.0,10.08,5.559079475765911,4.520920524234088,0.0,10.08,Summer,CHARGE_PRIORITY
480.0,luxury_house,0.0,18.0,0.0,18.0,0.0,18.0,Summer,CHARGE_PRIORITY
480.0,small_family,0.0,6.5,5.0,1.5,0.0,6.5,Summer,CHARGE_PRIORITY
481.0,apartment,1.4837470322109363,3.6399999999999997,2.576325690303004,1.0636743096969954,0.0,2.1562529677890634,Summer,CHARGE_PRIORITY
481.0,family_house,2.510956516049277,10.08,5.106329283154384,4.973670716845616,0.0,7.569043483950724,Summer,CHARGE_PRIORITY
481.0,luxury_house,3.1957628386081707,18.0,2.8761865547473535,15.123813445252646,0.0,14.804237161391828,Summer,CHARGE_PRIORITY
481.0,small_family,2.2256205483164044,6.5,5.462244267727253,1.0377557322727466,0.0,4.274379451683596,Summer,CHARGE_PRIORITY
482.0,apartment,2.16913231100379,3.6399999999999997,2.861024190724651,0.7789758092753485,0.0,1.4708676889962098,Summer,CHARGE_PRIORITY
482.0,family_house,3.6708392955448756,10.08,4.829239637008946,5.250760362991053,0.0,6.4091607044551235,Summer,CHARGE_PRIORITY
482.0,luxury_house,4.671977285238932,18.0,4.204779556715039,13.795220443284961,0.0,13.328022714761067,Summer,CHARGE_PRIORITY
482.0,small_family,3.2536984665056847,6.5,5.443264494522435,1.0567355054775656,0.0,3.2463015334943153,Summer,CHARGE_PRIORITY
483.0,apartment,2.2692920464331436,3.6399999999999997,2.8270765588948152,0.8129234411051843,0.0,1.3707079535668558,Summer,CHARGE_PRIORITY
483.0,family_house,3.8403403862714747,10.08,4.560255289703606,5.519744710296395,0.0,6.2396596137285245,Summer,CHARGE_PRIORITY
483.0,luxury_house,4.8877059461636945,18.0,4.398935351547325,13.601064648452674,0.0,13.112294053836305,Summer,CHARGE_PRIORITY
483.0,small_family,3.403938069649716,6.5,5.338934115629962,1.161065884370038,0.0,3.096061930350284,Summer,CHARGE_PRIORITY
484.0,apartment,2.375896975091182,3.6399999999999997,2.831396226390342,0.8086037736096577,0.0,1.2641030249088177,Summer,CHARGE_PRIORITY
484.0,family_house,4.020748727077385,10.08,4.331734948289959,5.74826505171004,0.0,6.059251272922614,Summer,CHARGE_PRIORITY
484.0,luxury_house,5.117316561734854,18.0,4.6055849055613685,13.394415094438633,0.0,12.882683438265145,Summer,CHARGE_PRIORITY
484.0,small_family,3.5638454626367735,6.5,5.233638813989652,1.2663611860103479,0.0,2.9361545373632265,Summer,CHARGE_PRIORITY
485.0,apartment,2.530633478676852,3.6399999999999997,2.8362371511129822,0.8037628488870174,0.0,1.109366521323148,Summer,CHARGE_PRIORITY
485.0,family_house,4.282610502376211,10.08,4.123564175802269,5.95643582419773,0.0,5.797389497623789,Summer,CHARGE_PRIORITY
485.0,luxury_house,5.45059518484245,18.0,4.905535666358205,13.094464333641795,0.0,12.54940481515755,Summer,CHARGE_PRIORITY
485.0,small_family,3.7959502180152773,6.5,5.167295306339959,1.3327046936600415,0.0,2.7040497819847227,Summer,CHARGE_PRIORITY
486.0,apartment,11.334663332318968,3.6399999999999997,3.6399999999999997,0.0,0.0,-7.694663332318969,Summer,CHARGE_PRIORITY
486.0,family_house,19.18173794700133,10.08,10.08,0.0,0.0,-9.101737947001329,Summer,CHARGE_PRIORITY
486.0,luxury_house,24.413121023456235,18.0,18.0,0.0,0.0,-6.413121023456236,Summer,CHARGE_PRIORITY
486.0,small_family,17.00199499847845,6.5,6.5,0.0,0.0,-10.501994998478452,Summer,CHARGE_PRIORITY
487.0,apartment,11.333989239659175,3.6399999999999997,3.6399999999999997,0.0,0.0,-7.693989239659175,Summer,CHARGE_PRIORITY
487.0,family_house,19.180597174807836,10.08,10.08,0.0,0.0,-9.100597174807836,Summer,CHARGE_PRIORITY
487.0,luxury_house,24.41166913157361,18.0,18.0,0.0,0.0,-6.411669131573612,Summer,CHARGE_PRIORITY
487.0,small_family,17.000983859488763,6.5,6.5,0.0,0.0,-10.500983859488763,Summer,CHARGE_PRIORITY
488.0,apartment,11.684096556353587,3.6399999999999997,3.6399999999999997,0.0,0.0,-8.044096556353587,Summer,CHARGE_PRIORITY
488.0,family_house,19.773086479982997,10.08,10.08,0.0,0.0,-9.693086479982997,Summer,CHARGE_PRIORITY
488.0,luxury_house,25.16574642906927,18.0,18.0,0.0,0.0,-7.165746429069269,Summer,CHARGE_PRIORITY
488.0,small_family,17.52614483453038,6.5,6.5,0.0,0.0,-11.026144834530381,Summer,CHARGE_PRIORITY
489.0,apartment,12.592041641285181,3.6399999999999997,3.6399999999999997,0.0,0.0,-8.952041641285183,Summer,CHARGE_PRIORITY
489.0,family_house,21.30960893140569,10.08,10.08,0.0,0.0,-11.229608931405693,Summer,CHARGE_PRIORITY
489.0,luxury_house,27.121320458152702,18.0,18.0,0.0,0.0,-9.1213204581527,Summer,CHARGE_PRIORITY
489.0,small_family,18.88806246192777,6.5,6.5,0.0,0.0,-12.388062461927772,Summer,CHARGE_PRIORITY
490.0,apartment,13.274479277760722,3.6399999999999997,3.6399999999999997,0.0,0.0,-9.634479277760724,Summer,CHARGE_PRIORITY
490.0,family_house,22.464503393133533,10.08,10.08,0.0,0.0,-12.384503393133535,Summer,CHARGE_PRIORITY
490.0,luxury_house,28.591186136715407,18.0,18.0,0.0,0.0,-10.591186136715406,Summer,CHARGE_PRIORITY
490.0,small_family,19.91171891664109,6.5,6.5,0.0,0.0,-13.411718916641087,Summer,CHARGE_PRIORITY
491.0,apartment,14.388869494425913,3.6399999999999997,3.6399999999999997,0.0,0.0,-10.748869494425913,Summer,CHARGE_PRIORITY
491.0,family_house,24.35039452902847,10.08,10.08,0.0,0.0,-14.270394529028474,Summer,CHARGE_PRIORITY
491.0,luxury_house,30.991411218763506,18.0,18.0,0.0,0.0,-12.991411218763506,Summer,CHARGE_PRIORITY
491.0,small_family,21.58330424163887,6.5,6.5,0.0,0.0,-15.083304241638873,Summer,CHARGE_PRIORITY
492.0,apartment,15.366879326395631,3.6399999999999997,3.6399999999999997,0.0,0.0,-11.72687932639563,Summer,CHARGE_PRIORITY
492.0,family_house,26.005488090823377,10.08,10.08,0.0,0.0,-15.92548809082338,Summer,CHARGE_PRIORITY
492.0,luxury_house,33.09789393377521,18.0,18.0,0.0,0.0,-15.097893933775207,Summer,CHARGE_PRIORITY
492.0,small_family,23.05031898959345,6.5,6.5,0.0,0.0,-16.55031898959345,Summer,CHARGE_PRIORITY
493.0,apartment,16.29660734319341,3.6399999999999997,3.6399999999999997,0.0,0.46230391940462906,-12.65660734319341,Summer,CHARGE_PRIORITY
493.0,family_house,27.578873965404235,10.08,10.08,0.0,0.0,-17.498873965404236,Summer,CHARGE_PRIORITY
493.0,luxury_house,35.10038504687812,18.0,18.0,0.0,0.0,-17.100385046878117,Summer,CHARGE_PRIORITY
493.0,small_family,24.44491101479012,6.5,6.5,0.0,0.8480218479333579,-17.94491101479012,Summer,CHARGE_PRIORITY
494.0,apartment,17.271127763554528,3.6399999999999997,3.6399999999999997,0.0,1.0485482895041944,-13.631127763554527,Summer,CHARGE_PRIORITY
494.0,family_house,29.228062369092278,10.08,10.08,0.0,0.0,-19.14806236909228,Summer,CHARGE_PRIORITY
494.0,luxury_house,37.199352106117445,18.0,18.0,0.0,0.0,-19.199352106117445,Summer,CHARGE_PRIORITY
494.0,small_family,25.906691645331794,6.5,6.5,0.0,7.136757617826777,-19.406691645331794,Summer,CHARGE_PRIORITY
495.0,apartment,17.420551154266636,3.6399999999999997,3.6399999999999997,0.0,2.175312437309426,-13.780551154266636,Summer,CHARGE_PRIORITY
495.0,family_house,29.480932722605083,10.08,10.08,0.0,0.0,-19.400932722605084,Summer,CHARGE_PRIORITY
495.0,luxury_house,37.521187101497375,18.0,18.0,0.0,0.0,-19.52118710149737,Summer,CHARGE_PRIORITY
495.0,small_family,26.130826731399956,6.5,6.5,0.0,10.628880050825845,-19.630826731399956,Summer,CHARGE_PRIORITY
496.0,apartment,13.745411050103227,3.6399999999999997,3.6399999999999997,0.0,3.6888392888627983,-10.105411050103227,Summer,CHARGE_PRIORITY
496.0,family_house,23.261464854020847,10.08,10.08,0.0,0.0,-13.181464854020849,Summer,CHARGE_PRIORITY
496.0,luxury_house,29.605500723299258,18.0,18.0,0.0,0.0,-11.605500723299258,Summer,CHARGE_PRIORITY
496.0,small_family,20.61811657515484,6.5,6.5,0.0,14.118116575154842,-14.118116575154842,Summer,CHARGE_PRIORITY
497.0,apartment,10.540484710565378,3.6399999999999997,3.6399999999999997,0.0,6.900484710565378,-6.900484710565378,Summer,CHARGE_PRIORITY
497.0,family_house,17.83774335634141,10.08,10.08,0.0,0.0,-7.757743356341411,Summer,CHARGE_PRIORITY
497.0,luxury_house,22.70258245352543,18.0,18.0,0.0,0.0,-4.702582453525431,Summer,CHARGE_PRIORITY
497.0,small_family,15.810727065848067,6.5,6.5,0.0,9.310727065848067,-9.310727065848067,Summer,CHARGE_PRIORITY
498.0,apartment,8.553987097630111,22.35397472991753,22.35397472991753,0.0,0.4809587868829757,13.79998763228742,Summer,CHARGE_PRIORITY
498.0,family_house,14.475978165220187,28.37685383843599,28.37685383843599,0.0,0.0,13.9008756732158,Summer,CHARGE_PRIORITY
498.0,luxury_house,18.42397221028024,35.01869324983018,35.01869324983018,0.0,0.0,16.59472103954994,Summer,CHARGE_PRIORITY
498.0,small_family,12.830980646445166,29.899857388688247,29.899857388688247,0.0,0.7013146260307135,17.06887674224308,Summer,CHARGE_PRIORITY
499.0,apartment,0.0,26.15735434594658,26.15735434594658,0.0,0.0,26.15735434594658,Summer,CHARGE_PRIORITY
499.0,family_house,0.0,33.01196684309537,33.01196684309537,0.0,0.0,33.01196684309537,Summer,CHARGE_PRIORITY
499.0,luxury_house,0.0,37.61638358130405,37.61638358130405,0.0,0.0,37.61638358130405,Summer,CHARGE_PRIORITY
499.0,small_family,0.0,28.338539021703422,28.338539021703422,0.0,0.0,28.338539021703422,Summer,CHARGE_PRIORITY
500.0,apartment,0.0,19.583609260063117,19.583609260063117,0.0,0.0,19.583609260063117,Summer,CHARGE_PRIORITY
500.0,family_house,0.0,27.550113961907687,27.550113961907687,0.0,0.0,27.550113961907687,Summer,CHARGE_PRIORITY
500.0,luxury_house,0.0,33.01184231898095,31.985319207779646,1.0265231112013087,0.0,33.01184231898095,Summer,CHARGE_PRIORITY
500.0,small_family,0.0,27.128954461975347,27.128954461975347,0.0,0.0,27.128954461975347,Summer,CHARGE_PRIORITY
501.0,apartment,0.0,23.106323153240943,21.502879247292128,1.603443905948813,0.0,23.106323153240943,Summer,CHARGE_PRIORITY
501.0,family_house,0.0,29.251260508418756,26.265095918772005,2.9861645896467532,0.0,29.251260508418756,Summer,CHARGE_PRIORITY
501.0,luxury_house,0.0,36.07652731230553,15.504449008783102,20.572078303522424,0.0,36.07652731230553,Summer,CHARGE_PRIORITY
501.0,small_family,0.0,28.747231528516206,25.081328365811167,3.665903162705038,0.0,28.747231528516206,Summer,CHARGE_PRIORITY
502.0,apartment,1.5235495610491687,3.6399999999999997,3.1164295242179043,0.5235704757820954,0.0,2.1164504389508307,Summer,CHARGE_PRIORITY
502.0,family_house,2.5783146417755165,10.08,8.786747196266328,1.2932528037336726,0.0,7.501685358224483,Summer,CHARGE_PRIORITY
502.0,luxury_house,3.2814913622597484,18.0,3.739292354130202,14.260707645869797,0.0,14.71850863774025,Summer,CHARGE_PRIORITY
502.0,small_family,2.285324341573753,6.5,5.011526913687415,1.4884730863125843,0.0,4.214675658426247,Summer,CHARGE_PRIORITY
503.0,apartment,4.38333636511027,3.6399999999999997,3.6399999999999997,0.0,0.0,-0.7433363651102702,Summer,CHARGE_PRIORITY
503.0,family_house,7.417953848648149,10.08,9.512693077297222,0.5673069227027776,0.0,2.6620461513518507,Summer,CHARGE_PRIORITY
503.0,luxury_house,9.441032171006736,18.0,8.49692895390606,9.50307104609394,0.0,8.558967828993264,Summer,CHARGE_PRIORITY
503.0,small_family,6.575004547665404,6.5,6.275963112653409,0.22403688734659088,0.0,-0.07500454766540443,Summer,CHARGE_PRIORITY
504.0,apartment,0.0,3.6399999999999997,2.7283435322235974,0.9116564677764024,0.0,3.6399999999999997,Summer,CHARGE_PRIORITY
504.0,family_house,0.0,10.08,8.233616924818943,1.8463830751810573,0.0,10.08,Summer,CHARGE_PRIORITY
504.0,luxury_house,0.0,18.0,0.0,18.0,0.0,18.0,Summer,CHARGE_PRIORITY
504.0,small_family,0.0,6.5,4.0,2.5,0.0,6.5,Summer,CHARGE_PRIORITY
505.0,apartment,1.6772204324286333,3.6399999999999997,2.9844610428263905,0.6555389571736092,0.0,1.9627795675713664,Summer,CHARGE_PRIORITY
505.0,family_house,2.83837303949461,10.08,7.158009855474959,2.921990144525041,0.0,7.24162696050539,Summer,CHARGE_PRIORITY
505.0,luxury_house,3.612474777538595,18.0,3.251227299784736,14.748772700215264,0.0,14.387525222461406,Summer,CHARGE_PRIORITY
505.0,small_family,2.51583064864295,6.5,4.615974410195218,1.8840255898047822,0.0,3.98416935135705,Summer,CHARGE_PRIORITY
506.0,apartment,2.5146784788442953,3.6399999999999997,3.2163725018338045,0.42362749816619505,0.0,1.1253215211557044,Summer,CHARGE_PRIORITY
506.0,family_house,4.255609733428808,10.08,6.5903194362084125,3.4896805637915875,0.0,5.824390266571192,Summer,CHARGE_PRIORITY
506.0,luxury_house,5.416230569818483,18.0,4.874607512836634,13.125392487163367,0.0,12.583769430181519,Summer,CHARGE_PRIORITY
506.0,small_family,3.772017718266443,6.5,5.066838129126061,1.4331618708739393,0.0,2.727982281733557,Summer,CHARGE_PRIORITY
507.0,apartment,2.7940522918718513,3.6399999999999997,3.293737557749128,0.3462624422508719,0.0,0.8459477081281483,Summer,CHARGE_PRIORITY
507.0,family_house,4.728396186244672,10.08,5.985092175862475,4.094907824137525,0.0,5.351603813755328,Summer,CHARGE_PRIORITY
507.0,luxury_house,6.017958782493219,18.0,5.416162904243896,12.583837095756103,0.0,11.982041217506781,Summer,CHARGE_PRIORITY
507.0,small_family,4.191078437807778,6.5,5.240909504935538,1.259090495064462,0.0,2.3089215621922228,Summer,CHARGE_PRIORITY
508.0,apartment,3.0174273662837368,3.6399999999999997,3.3555952706631884,0.28440472933681127,0.0,0.6225726337162627,Summer,CHARGE_PRIORITY
508.0,family_house,5.106415542941709,10.08,5.509811657206281,4.570188342793719,0.0,4.9735844570582906,Summer,CHARGE_PRIORITY
508.0,luxury_house,6.499074327380357,18.0,5.8491668946423205,12.150833105357679,0.0,11.500925672619644,Summer,CHARGE_PRIORITY
508.0,small_family,4.526141049425605,6.5,5.356169643837219,1.1438303561627814,0.0,1.9738589505743946,Summer,CHARGE_PRIORITY
509.0,apartment,3.2264042557946087,3.6399999999999997,3.4134657939123527,0.22653420608764674,0.0,0.4135957442053908,Summer,CHARGE_PRIORITY
509.0,family_house,5.460068740575491,10.08,5.473213859564698,4.606786140435301,0.0,4.619931259424508,Summer,CHARGE_PRIORITY
509.0,luxury_house,6.94917839709608,18.0,6.254260557386472,11.745739442613528,0.0,11.05082160290392,Summer,CHARGE_PRIORITY
509.0,small_family,4.839606383691913,6.5,5.3453477090199275,1.154652290980073,0.0,1.6603936163080872,Summer,CHARGE_PRIORITY
510.0,apartment,11.906446049074024,3.6399999999999997,3.6399999999999997,0.0,0.0,-8.266446049074025,Summer,CHARGE_PRIORITY
510.0,family_house,20.149370236894505,10.08,10.08,0.0,0.0,-10.069370236894505,Summer,CHARGE_PRIORITY
510.0,luxury_house,25.644653028774826,18.0,18.0,0.0,0.0,-7.644653028774826,Summer,CHARGE_PRIORITY
510.0,small_family,17.859669073611038,6.5,6.5,0.0,0.0,-11.359669073611038,Summer,CHARGE_PRIORITY
511.0,apartment,11.951219554092338,3.6399999999999997,3.6399999999999997,0.0,0.0,-8.311219554092338,Summer,CHARGE_PRIORITY
511.0,family_house,20.225140783848573,10.08,10.08,0.0,0.0,-10.145140783848575,Summer,CHARGE_PRIORITY
511.0,luxury_house,25.74108827035273,18.0,18.0,0.0,0.0,-7.74108827035273,Summer,CHARGE_PRIORITY
511.0,small_family,17.92682933113851,6.5,6.5,0.0,0.0,-11.42682933113851,Summer,CHARGE_PRIORITY
512.0,apartment,12.067540790769456,3.6399999999999997,3.6399999999999997,0.0,0.0,-8.427540790769458,Summer,CHARGE_PRIORITY
512.0,family_house,20.421992107456003,10.08,10.08,0.0,0.0,-10.341992107456003,Summer,CHARGE_PRIORITY
512.0,luxury_house,25.991626318580366,18.0,18.0,0.0,0.0,-7.9916263185803675,Summer,CHARGE_PRIORITY
512.0,small_family,18.101311186154184,6.5,6.5,0.0,0.0,-11.601311186154183,Summer,CHARGE_PRIORITY
513.0,apartment,12.707703276153094,3.6399999999999997,3.6399999999999997,0.0,0.0,-9.067703276153095,Summer,CHARGE_PRIORITY
513.0,family_house,21.505344005797546,10.08,10.08,0.0,0.0,-11.425344005797546,Summer,CHARGE_PRIORITY
513.0,luxury_house,27.370437825560515,18.0,18.0,0.0,0.0,-9.370437825560515,Summer,CHARGE_PRIORITY
513.0,small_family,19.061554914229642,6.5,6.5,0.0,0.0,-12.561554914229642,Summer,CHARGE_PRIORITY
514.0,apartment,13.632139988811186,3.6399999999999997,3.6399999999999997,0.0,0.0,-9.992139988811186,Summer,CHARGE_PRIORITY
514.0,family_house,23.06977536568047,10.08,10.08,0.0,0.0,-12.98977536568047,Summer,CHARGE_PRIORITY
514.0,luxury_house,29.361532283593327,18.0,18.0,0.0,0.0,-11.361532283593327,Summer,CHARGE_PRIORITY
514.0,small_family,20.448209983216785,6.5,6.5,0.0,0.0,-13.948209983216783,Summer,CHARGE_PRIORITY
515.0,apartment,14.551454651568719,3.6399999999999997,3.6399999999999997,0.0,0.0,-10.911454651568718,Summer,CHARGE_PRIORITY
515.0,family_house,24.625538641116293,10.08,10.08,0.0,0.0,-14.545538641116295,Summer,CHARGE_PRIORITY
515.0,luxury_house,31.34159463414801,18.0,18.0,0.0,0.0,-13.34159463414801,Summer,CHARGE_PRIORITY
515.0,small_family,21.827181977353078,6.5,6.5,0.0,0.0,-15.327181977353078,Summer,CHARGE_PRIORITY
516.0,apartment,15.240768441897295,3.6399999999999997,3.6399999999999997,0.0,0.0,-11.600768441897296,Summer,CHARGE_PRIORITY
516.0,family_house,25.792069670903118,10.08,10.08,0.0,0.0,-15.712069670903118,Summer,CHARGE_PRIORITY
516.0,luxury_house,32.82627049024033,18.0,18.0,0.0,0.0,-14.82627049024033,Summer,CHARGE_PRIORITY
516.0,small_family,22.861152662845942,6.5,6.5,0.0,0.0,-16.361152662845942,Summer,CHARGE_PRIORITY
517.0,apartment,16.085733531697144,3.6399999999999997,3.6399999999999997,0.0,0.0,-12.445733531697146,Summer,CHARGE_PRIORITY
517.0,family_house,27.222010592102862,10.08,10.08,0.0,0.0,-17.142010592102864,Summer,CHARGE_PRIORITY
517.0,luxury_house,34.64619529904001,18.0,18.0,0.0,0.0,-16.64619529904001,Summer,CHARGE_PRIORITY
517.0,small_family,24.128600297545717,6.5,6.5,0.0,1.411490919657983,-17.628600297545717,Summer,CHARGE_PRIORITY
518.0,apartment,16.92497788160866,3.6399999999999997,3.6399999999999997,0.0,1.0230053378779211,-13.284977881608658,Summer,CHARGE_PRIORITY
518.0,family_house,28.64227026118388,10.08,10.08,0.0,0.0,-18.562270261183883,Summer,CHARGE_PRIORITY
518.0,luxury_house,36.45379851423404,18.0,18.0,0.0,0.0,-18.453798514234037,Summer,CHARGE_PRIORITY
518.0,small_family,25.387466822412986,6.5,6.5,0.0,4.267405608171941,-18.887466822412986,Summer,CHARGE_PRIORITY
519.0,apartment,17.218314473246394,3.6399999999999997,3.6399999999999997,0.0,4.500768317436022,-13.578314473246396,Summer,CHARGE_PRIORITY
519.0,family_house,29.138686031647747,10.08,10.08,0.0,0.0,-19.05868603164775,Summer,CHARGE_PRIORITY
519.0,luxury_house,37.085600403915315,18.0,18.0,0.0,0.0,-19.085600403915315,Summer,CHARGE_PRIORITY
519.0,small_family,25.827471709869595,6.5,6.5,0.0,10.660198186005026,-19.327471709869595,Summer,CHARGE_PRIORITY
520.0,apartment,13.278536903001356,3.6399999999999997,3.6399999999999997,0.0,6.230777054566645,-9.638536903001357,Summer,CHARGE_PRIORITY
520.0,family_house,22.47137014354076,10.08,10.08,0.0,0.0,-12.39137014354076,Summer,CHARGE_PRIORITY
520.0,luxury_house,28.599925637233692,18.0,18.0,0.0,0.0,-10.599925637233692,Summer,CHARGE_PRIORITY
520.0,small_family,19.917805354502036,6.5,6.5,0.0,13.417805354502036,-13.417805354502036,Summer,CHARGE_PRIORITY
521.0,apartment,10.266740073340623,3.6399999999999997,3.6399999999999997,0.0,6.626740073340623,-6.626740073340623,Summer,CHARGE_PRIORITY
521.0,family_house,17.37448320103798,10.08,10.08,0.0,0.0,-7.294483201037979,Summer,CHARGE_PRIORITY
521.0,luxury_house,22.112978619502883,18.0,18.0,0.0,0.0,-4.112978619502882,Summer,CHARGE_PRIORITY
521.0,small_family,15.400110110010935,6.5,6.5,0.0,8.900110110010935,-8.900110110010935,Summer,CHARGE_PRIORITY
522.0,apartment,8.620978185570074,22.234620183388444,22.234620183388444,0.0,0.4173399847677054,13.61364199781837,Summer,CHARGE_PRIORITY
522.0,family_house,14.589347698657049,25.644390967712418,25.644390967712418,0.0,0.0,11.055043269055371,Summer,CHARGE_PRIORITY
522.0,luxury_house,18.568260707381697,37.44020329865106,37.44020329865106,0.0,0.0,18.871942591269363,Summer,CHARGE_PRIORITY
522.0,small_family,12.931467278355111,26.872106816872723,26.872106816872723,0.0,0.28754434422562447,13.94063953851761,Summer,CHARGE_PRIORITY
523.0,apartment,0.0,19.087254826268662,19.087254826268662,0.0,0.0,19.087254826268662,Summer,CHARGE_PRIORITY
523.0,family_house,0.0,26.599955579857625,26.599955579857625,0.0,0.0,26.599955579857625,Summer,CHARGE_PRIORITY
523.0,luxury_house,0.0,38.982023342868125,38.982023342868125,0.0,0.0,38.982023342868125,Summer,CHARGE_PRIORITY
523.0,small_family,0.0,26.529405227980796,26.529405227980796,0.0,0.0,26.529405227980796,Summer,CHARGE_PRIORITY
524.0,apartment,0.0,24.49149416025422,24.49149416025422,0.0,0.0,24.49149416025422,Summer,CHARGE_PRIORITY
524.0,family_house,0.0,30.443840915534917,30.443840915534917,0.0,0.0,30.443840915534917,Summer,CHARGE_PRIORITY
524.0,luxury_house,0.0,37.51125646168036,33.586003733982324,3.9252527276980373,0.0,37.51125646168036,Summer,CHARGE_PRIORITY
524.0,small_family,0.0,19.900104548530006,19.900104548530006,0.0,0.0,19.900104548530006,Summer,CHARGE_PRIORITY
525.0,apartment,0.31466226219008764,24.777151158227408,22.767254724908437,2.009896433318972,0.0,24.46248889603732,Summer,CHARGE_PRIORITY
525.0,family_house,0.5325053667832252,27.292119098342226,27.292119098342226,0.0,0.0,26.759613731559,Summer,CHARGE_PRIORITY
525.0,luxury_house,0.6777341031786502,31.895084771606044,10.780949753101009,21.11413501850503,0.0,31.217350668427393,Summer,CHARGE_PRIORITY
525.0,small_family,0.4719933932851314,27.059284475715017,27.059284475715017,0.0,0.0,26.587291082429882,Summer,CHARGE_PRIORITY
526.0,apartment,1.8688260543843922,3.6399999999999997,3.1881407959106043,0.4518592040893954,0.0,1.7711739456156075,Summer,CHARGE_PRIORITY
526.0,family_house,3.162628707419741,10.08,10.08,0.0,0.0,6.917371292580259,Summer,CHARGE_PRIORITY
526.0,luxury_house,4.025163809443306,18.0,5.346543956394003,12.653456043605997,0.0,13.974836190556694,Summer,CHARGE_PRIORITY
526.0,small_family,2.803239081576588,6.5,6.5,0.0,0.0,3.696760918423412,Summer,CHARGE_PRIORITY
527.0,apartment,4.555748274012918,3.6399999999999997,3.6399999999999997,0.0,0.0,-0.9157482740129181,Summer,CHARGE_PRIORITY
527.0,family_house,7.709727848329553,10.08,10.08,0.0,0.0,2.3702721516704464,Summer,CHARGE_PRIORITY
527.0,luxury_house,9.812380897873977,18.0,9.09759267375179,8.90240732624821,0.0,8.187619102126023,Summer,CHARGE_PRIORITY
527.0,small_family,6.833622411019377,6.5,6.5,0.0,0.0,-0.3336224110193773,Summer,CHARGE_PRIORITY
528.0,apartment,0.0,3.6399999999999997,2.90619387229499,0.7338061277050094,0.0,3.6399999999999997,Summer,CHARGE_PRIORITY
528.0,family_house,0.0,10.08,9.75700784292779,0.32299215707221063,0.0,10.08,Summer,CHARGE_PRIORITY
528.0,luxury_house,0.0,18.0,0.0,18.0,0.0,18.0,Summer,CHARGE_PRIORITY
528.0,small_family,0.0,6.5,6.421617478278068,0.07838252172193216,0.0,6.5,Summer,CHARGE_PRIORITY
529.0,apartment,1.5858751933215078,3.6399999999999997,2.8969388689956785,0.7430611310043211,0.0,2.054124806678492,Summer,CHARGE_PRIORITY
529.0,family_house,2.683788788697936,10.08,9.230565104554756,0.8494348954452441,0.0,7.396211211302063,Summer,CHARGE_PRIORITY
529.0,luxury_house,3.415731185615555,18.0,3.074158067053999,14.925841932946,0.0,14.584268814384446,Summer,CHARGE_PRIORITY
529.0,small_family,2.3788127899822618,6.5,5.533748197535022,0.9662518024649782,0.0,4.121187210017739,Summer,CHARGE_PRIORITY
530.0,apartment,2.014040192810386,3.6399999999999997,2.937167759049749,0.7028322409502509,0.0,1.6259598071896137,Summer,CHARGE_PRIORITY
530.0,family_house,3.408375710909884,10.08,6.016119527090871,4.063880472909129,0.0,6.671624289090116,Summer,CHARGE_PRIORITY
530.0,luxury_house,4.337932722976216,18.0,3.9041394506785942,14.095860549321404,0.0,13.662067277023784,Summer,CHARGE_PRIORITY
530.0,small_family,3.021060289215579,6.5,5.627450983144774,0.8725490168552259,0.0,3.478939710784421,Summer,CHARGE_PRIORITY
531.0,apartment,1.4317159876367198,3.6399999999999997,2.627645059970162,1.0123549400298377,0.0,2.2082840123632796,Summer,CHARGE_PRIORITY
531.0,family_house,2.422903979077526,10.08,4.794323395075513,5.285676604924486,0.0,7.657096020922474,Summer,CHARGE_PRIORITY
531.0,luxury_house,3.083695973371397,18.0,2.7753263760342572,15.224673623965742,0.0,14.916304026628602,Summer,CHARGE_PRIORITY
531.0,small_family,2.14757398145508,6.5,5.446034596148363,1.0539654038516373,0.0,4.352426018544921,Summer,CHARGE_PRIORITY
532.0,apartment,1.3908587199925644,3.6399999999999997,2.5377413144584495,1.10225868554155,0.0,2.2491412800074353,Summer,CHARGE_PRIORITY
532.0,family_house,2.3537609107566477,10.08,3.393711206046206,6.6862887939537945,0.0,7.726239089243352,Summer,CHARGE_PRIORITY
532.0,luxury_house,2.9956957045993695,18.0,2.6961261341394325,15.303873865860567,0.0,15.004304295400631,Summer,CHARGE_PRIORITY
532.0,small_family,2.0862880799888464,6.5,5.1756040798981795,1.3243959201018205,0.0,4.413711920011154,Summer,CHARGE_PRIORITY
533.0,apartment,1.7257007723885138,3.6399999999999997,2.676829551607536,0.9631704483924632,0.0,1.9142992276114856,Summer,CHARGE_PRIORITY
533.0,family_house,2.9204166917344083,10.08,3.2493437706808868,6.830656229319112,0.0,7.15958330826559,Summer,CHARGE_PRIORITY
533.0,luxury_house,3.7168939712983375,18.0,3.3452045741685037,14.654795425831495,0.0,14.283106028701662,Summer,CHARGE_PRIORITY
533.0,small_family,2.588551158582771,6.5,4.7101012638484825,1.789898736151517,0.0,3.9114488414172284,Summer,CHARGE_PRIORITY
534.0,apartment,10.580469696035243,3.6399999999999997,3.6399999999999997,0.0,0.0,-6.940469696035244,Summer,CHARGE_PRIORITY
534.0,family_house,17.905410254828872,10.08,10.08,0.0,0.0,-7.825410254828872,Summer,CHARGE_PRIORITY
534.0,luxury_house,22.788703960691294,18.0,18.0,0.0,0.0,-4.788703960691292,Summer,CHARGE_PRIORITY
534.0,small_family,15.870704544052865,6.5,6.5,0.0,0.0,-9.370704544052865,Summer,CHARGE_PRIORITY
535.0,apartment,10.710270555529045,3.6399999999999997,3.6399999999999997,0.0,0.0,-7.070270555529044,Summer,CHARGE_PRIORITY
535.0,family_house,18.12507324781838,10.08,10.08,0.0,0.0,-8.045073247818383,Summer,CHARGE_PRIORITY
535.0,luxury_house,23.06827504267794,18.0,18.0,0.0,0.0,-5.068275042677941,Summer,CHARGE_PRIORITY
535.0,small_family,16.065405833293568,6.5,6.5,0.0,0.0,-9.565405833293566,Summer,CHARGE_PRIORITY
536.0,apartment,11.015598296476377,3.6399999999999997,3.6399999999999997,0.0,0.0,-7.375598296476377,Summer,CHARGE_PRIORITY
536.0,family_house,18.641781732498487,10.08,10.08,0.0,0.0,-8.561781732498487,Summer,CHARGE_PRIORITY
536.0,luxury_house,23.72590402317989,18.0,18.0,0.0,0.0,-5.725904023179891,Summer,CHARGE_PRIORITY
536.0,small_family,16.523397444714565,6.5,6.5,0.0,0.0,-10.023397444714567,Summer,CHARGE_PRIORITY
537.0,apartment,11.585771913319437,3.6399999999999997,3.6399999999999997,0.0,0.0,-7.945771913319437,Summer,CHARGE_PRIORITY
537.0,family_house,19.606690930232894,10.08,10.08,0.0,0.0,-9.526690930232894,Summer,CHARGE_PRIORITY
537.0,luxury_house,24.95397027484186,18.0,18.0,0.0,0.0,-6.953970274841861,Summer,CHARGE_PRIORITY
537.0,small_family,17.378657869979158,6.5,6.5,0.0,0.0,-10.878657869979156,Summer,CHARGE_PRIORITY
538.0,apartment,12.18150183487886,3.6399999999999997,3.6399999999999997,0.0,0.0,-8.541501834878861,Summer,CHARGE_PRIORITY
538.0,family_house,20.61484925902576,10.08,10.08,0.0,0.0,-10.534849259025762,Summer,CHARGE_PRIORITY
538.0,luxury_house,26.237080875123695,18.0,18.0,0.0,0.0,-8.237080875123697,Summer,CHARGE_PRIORITY
538.0,small_family,18.27225275231829,6.5,6.5,0.0,0.0,-11.772252752318291,Summer,CHARGE_PRIORITY
539.0,apartment,13.023796045280333,3.6399999999999997,3.6399999999999997,0.0,0.0,-9.383796045280334,Summer,CHARGE_PRIORITY
539.0,family_house,22.040270230474412,10.08,10.08,0.0,0.0,-11.960270230474414,Summer,CHARGE_PRIORITY
539.0,luxury_house,28.051253020603795,18.0,18.0,0.0,0.0,-10.051253020603797,Summer,CHARGE_PRIORITY
539.0,small_family,19.535694067920502,6.5,6.5,0.0,0.0,-13.035694067920502,Summer,CHARGE_PRIORITY
540.0,apartment,14.029341116931977,3.6399999999999997,3.6399999999999997,0.0,0.0,-10.389341116931977,Summer,CHARGE_PRIORITY
540.0,family_house,23.741961890192577,10.08,10.08,0.0,0.0,-13.661961890192579,Summer,CHARGE_PRIORITY
540.0,luxury_house,30.217042405699644,18.0,18.0,0.0,0.0,-12.217042405699644,Summer,CHARGE_PRIORITY
540.0,small_family,21.044011675397968,6.5,6.5,0.0,0.0,-14.544011675397966,Summer,CHARGE_PRIORITY
541.0,apartment,14.931106429895403,3.6399999999999997,3.6399999999999997,0.0,0.0,-11.291106429895402,Summer,CHARGE_PRIORITY
541.0,family_house,25.268026265976836,10.08,10.08,0.0,0.0,-15.18802626597684,Summer,CHARGE_PRIORITY
541.0,luxury_house,32.159306156697795,18.0,18.0,0.0,0.0,-14.159306156697792,Summer,CHARGE_PRIORITY
541.0,small_family,22.396659644843105,6.5,6.5,0.0,0.0,-15.896659644843105,Summer,CHARGE_PRIORITY
542.0,apartment,15.770573201149363,3.6399999999999997,3.6399999999999997,0.0,0.0,-12.130573201149362,Summer,CHARGE_PRIORITY
542.0,family_house,26.68866234040661,10.08,10.08,0.0,0.0,-16.60866234040661,Summer,CHARGE_PRIORITY
542.0,luxury_house,33.96738843324478,18.0,18.0,0.0,0.0,-15.967388433244778,Summer,CHARGE_PRIORITY
542.0,small_family,23.65585980172404,6.5,6.5,0.0,0.36481787679192557,-17.15585980172404,Summer,CHARGE_PRIORITY
543.0,apartment,15.647324869925894,3.6399999999999997,3.6399999999999997,0.0,1.3651837103858133,-12.007324869925894,Summer,CHARGE_PRIORITY
543.0,family_house,26.48008824141305,10.08,10.08,0.0,0.0,-16.40008824141305,Summer,CHARGE_PRIORITY
543.0,luxury_house,33.70193048907116,18.0,18.0,0.0,0.0,-15.701930489071158,Summer,CHARGE_PRIORITY
543.0,small_family,23.47098730488884,6.5,6.5,0.0,3.887329692290573,-16.97098730488884,Summer,CHARGE_PRIORITY
544.0,apartment,11.586046064261959,3.6399999999999997,3.6399999999999997,0.0,2.362332818395804,-7.946046064261958,Summer,CHARGE_PRIORITY
544.0,family_house,19.607154877981777,10.08,10.08,0.0,0.0,-9.527154877981776,Summer,CHARGE_PRIORITY
544.0,luxury_house,24.954560753794986,18.0,18.0,0.0,0.0,-6.954560753794986,Summer,CHARGE_PRIORITY
544.0,small_family,17.37906909639294,6.5,6.5,0.0,4.830846104064428,-10.87906909639294,Summer,CHARGE_PRIORITY
545.0,apartment,8.144367763049916,3.6399999999999997,3.6399999999999997,0.0,1.732449139634583,-4.504367763049915,Summer,CHARGE_PRIORITY
545.0,family_house,13.782776214392163,10.08,10.08,0.0,0.0,-3.702776214392163,Summer,CHARGE_PRIORITY
545.0,luxury_house,17.541715181953663,18.0,18.0,0.0,0.0,0.45828481804633725,Summer,CHARGE_PRIORITY
545.0,small_family,12.216551644574873,6.5,6.5,0.0,3.5824213228691617,-5.716551644574872,Summer,CHARGE_PRIORITY
546.0,apartment,6.582384743595384,23.03714206047363,23.03714206047363,0.0,0.09566674205027698,16.454757316878247,Summer,CHARGE_PRIORITY
546.0,family_house,11.139420335315265,27.122943361161116,27.122943361161116,0.0,0.0,15.983523025845853,Summer,CHARGE_PRIORITY
546.0,luxury_house,14.177444063128519,42.49682378051336,42.49682378051336,0.0,0.0,28.31937971738484,Summer,CHARGE_PRIORITY
546.0,small_family,9.873577115393074,28.91006808431598,28.91006808431598,0.0,0.06666388433579684,19.03649096892291,Summer,CHARGE_PRIORITY
547.0,apartment,0.0,25.99792812524931,25.99792812524931,0.0,0.0,25.99792812524931,Summer,CHARGE_PRIORITY
547.0,family_house,0.0,28.840213978262423,28.840213978262423,0.0,0.0,28.840213978262423,Summer,CHARGE_PRIORITY
547.0,luxury_house,0.0,33.43326378840956,29.47977401017076,3.953489778238801,0.0,33.43326378840956,Summer,CHARGE_PRIORITY
547.0,small_family,0.0,22.383301803630754,22.383301803630754,0.0,0.0,22.383301803630754,Summer,CHARGE_PRIORITY
548.0,apartment,0.0,23.461065013974885,23.201731011894008,0.25933400208087787,0.0,23.461065013974885,Summer,CHARGE_PRIORITY
548.0,family_house,0.0,28.83081246419437,28.83081246419437,0.0,0.0,28.83081246419437,Summer,CHARGE_PRIORITY
548.0,luxury_house,0.0,39.32829432035828,13.679376867059105,25.648917453299177,0.0,39.32829432035828,Summer,CHARGE_PRIORITY
548.0,small_family,0.0,26.639928933508486,26.639928933508486,0.0,0.0,26.639928933508486,Summer,CHARGE_PRIORITY
549.0,apartment,0.0,25.126032221909842,16.87497004527582,8.251062176634024,0.0,25.126032221909842,Summer,CHARGE_PRIORITY
549.0,family_house,0.0,23.560924133859803,21.191216527300195,2.3697076065596105,0.0,23.560924133859803,Summer,CHARGE_PRIORITY
549.0,luxury_house,0.0,39.84524797598655,0.33414255489484423,39.511105421091706,0.0,39.84524797598655,Summer,CHARGE_PRIORITY
549.0,small_family,0.0,27.53925407770982,27.53925407770982,0.0,0.0,27.53925407770982,Summer,CHARGE_PRIORITY
550.0,apartment,0.4870205615438032,3.6399999999999997,1.9160176567481506,1.723982343251849,0.0,3.1529794384561964,Summer,CHARGE_PRIORITY
550.0,family_house,0.82418864261259,10.08,6.595081869101513,3.484918130898487,0.0,9.255811357387408,Summer,CHARGE_PRIORITY
550.0,luxury_house,1.0489673633251146,18.0,0.9440706269926031,17.055929373007395,0.0,16.951032636674885,Summer,CHARGE_PRIORITY
550.0,small_family,0.7305308423157048,6.5,6.5,0.0,0.0,5.769469157684296,Summer,CHARGE_PRIORITY
551.0,apartment,3.371155956717939,3.6399999999999997,3.3137140405633088,0.32628595943669103,0.0,0.2688440432820608,Summer,CHARGE_PRIORITY
551.0,family_house,5.705033157522665,10.08,7.273317094557453,2.806682905442547,0.0,4.374966842477335,Summer,CHARGE_PRIORITY
551.0,luxury_house,7.260951291392483,18.0,6.534856162253234,11.465143837746766,0.0,10.739048708607516,Summer,CHARGE_PRIORITY
551.0,small_family,5.056733935076909,6.5,6.28673478916428,0.2132652108357203,0.0,1.4432660649230913,Summer,CHARGE_PRIORITY
552.0,apartment,0.0,3.6399999999999997,1.6799999999999997,1.9599999999999997,0.0,3.6399999999999997,Summer,CHARGE_PRIORITY
552.0,family_house,0.0,10.08,2.211741136579558,7.868258863420442,0.0,10.08,Summer,CHARGE_PRIORITY
552.0,luxury_house,0.0,18.0,0.0,18.0,0.0,18.0,Summer,CHARGE_PRIORITY
552.0,small_family,0.0,6.5,4.5,2.0,0.0,6.5,Summer,CHARGE_PRIORITY
553.0,apartment,1.1910289543552595,3.6399999999999997,2.199570819293,1.4404291807069993,0.0,2.44897104564474,Summer,CHARGE_PRIORITY
553.0,family_house,2.015587461216593,10.08,2.6141021075673,7.465897892432699,0.0,8.064412538783406,Summer,CHARGE_PRIORITY
553.0,luxury_house,2.565293132457482,18.0,2.3087638192117335,15.691236180788268,0.0,15.434706867542518,Summer,CHARGE_PRIORITY
553.0,small_family,1.7865434315328892,6.5,4.817656253501358,1.6823437464986424,0.0,4.713456568467111,Summer,CHARGE_PRIORITY
554.0,apartment,2.1373281023866415,3.6399999999999997,2.5837509490141395,1.05624905098586,0.0,1.5026718976133582,Summer,CHARGE_PRIORITY
554.0,family_house,3.617016788654316,10.08,3.824038850639811,6.255961149360189,0.0,6.4629832113456835,Summer,CHARGE_PRIORITY
554.0,luxury_house,4.603475912832765,18.0,4.143128321549489,13.856871678450512,0.0,13.396524087167233,Summer,CHARGE_PRIORITY
554.0,small_family,3.2059921535799623,6.5,5.109766514700756,1.390233485299244,0.0,3.2940078464200377,Summer,CHARGE_PRIORITY
555.0,apartment,0.8288628526911936,3.6399999999999997,1.8590625030289687,1.780937496971031,0.0,2.811137147308806,Summer,CHARGE_PRIORITY
555.0,family_house,1.4026909814774045,10.08,1.3092344347359717,8.770765565264028,0.0,8.677309018522596,Summer,CHARGE_PRIORITY
555.0,luxury_house,1.7852430673348785,18.0,1.6067187606013906,16.39328123939861,0.0,16.21475693266512,Summer,CHARGE_PRIORITY
555.0,small_family,1.2432942790367905,6.5,3.9440852432260085,2.5559147567739915,0.0,5.256705720963209,Summer,CHARGE_PRIORITY
556.0,apartment,0.851630171337448,3.6399999999999997,1.765521432215841,1.8744785677841587,0.0,2.7883698286625513,Summer,CHARGE_PRIORITY
556.0,family_house,1.4412202899556812,10.08,1.2970982609601127,8.782901739039888,0.0,8.638779710044318,Summer,CHARGE_PRIORITY
556.0,luxury_house,1.8342803690345033,18.0,1.6508523321310529,16.349147667868948,0.0,16.165719630965498,Summer,CHARGE_PRIORITY
556.0,small_family,1.2774452570061718,6.5,3.619069624549145,2.880930375450855,0.0,5.222554742993828,Summer,CHARGE_PRIORITY
557.0,apartment,0.8668058858494883,3.6399999999999997,1.463574072480205,2.1764259275197944,0.0,2.7731941141505114,Summer,CHARGE_PRIORITY
557.0,family_house,1.4669022683606723,10.08,1.320212041524605,8.759787958475394,0.0,8.613097731639327,Summer,CHARGE_PRIORITY
557.0,luxury_house,1.8669665233681283,18.0,1.680269871031315,16.319730128968686,0.0,16.133033476631873,Summer,CHARGE_PRIORITY
557.0,small_family,1.3002088287742324,6.5,3.350793842385461,3.149206157614539,0.0,5.199791171225768,Summer,CHARGE_PRIORITY
558.0,apartment,10.921862220699067,3.6399999999999997,3.6399999999999997,0.0,0.0,-7.281862220699068,Summer,CHARGE_PRIORITY
558.0,family_house,18.483151450413807,10.08,10.08,0.0,0.0,-8.403151450413807,Summer,CHARGE_PRIORITY
558.0,luxury_house,23.5240109368903,18.0,18.0,0.0,0.0,-5.524010936890299,Summer,CHARGE_PRIORITY
558.0,small_family,16.3827933310486,6.5,6.5,0.0,0.0,-9.8827933310486,Summer,CHARGE_PRIORITY
559.0,apartment,10.995761565520333,3.6399999999999997,3.6399999999999997,0.0,0.0,-7.355761565520333,Summer,CHARGE_PRIORITY
559.0,family_house,18.608211880111334,10.08,10.08,0.0,0.0,-8.528211880111334,Summer,CHARGE_PRIORITY
559.0,luxury_house,23.683178756505335,18.0,18.0,0.0,0.0,-5.683178756505333,Summer,CHARGE_PRIORITY
559.0,small_family,16.4936423482805,6.5,6.5,0.0,0.0,-9.993642348280499,Summer,CHARGE_PRIORITY
560.0,apartment,11.240445440207989,3.6399999999999997,3.6399999999999997,0.0,0.0,-7.600445440207988,Summer,CHARGE_PRIORITY
560.0,family_house,19.022292283428904,10.08,10.08,0.0,0.0,-8.942292283428905,Summer,CHARGE_PRIORITY
560.0,luxury_house,24.210190178909517,18.0,18.0,0.0,0.0,-6.210190178909517,Summer,CHARGE_PRIORITY
560.0,small_family,16.86066816031198,6.5,6.5,0.0,0.0,-10.360668160311983,Summer,CHARGE_PRIORITY
561.0,apartment,11.80499623826555,3.6399999999999997,3.6399999999999997,0.0,0.0,-8.16499623826555,Summer,CHARGE_PRIORITY
561.0,family_house,19.977685941680164,10.08,10.08,0.0,0.0,-9.897685941680162,Summer,CHARGE_PRIORITY
561.0,luxury_house,25.426145743956575,18.0,18.0,0.0,0.0,-7.426145743956573,Summer,CHARGE_PRIORITY
561.0,small_family,17.707494357398325,6.5,6.5,0.0,0.0,-11.207494357398325,Summer,CHARGE_PRIORITY
562.0,apartment,12.27346386618699,3.6399999999999997,3.6399999999999997,0.0,0.0,-8.63346386618699,Summer,CHARGE_PRIORITY
562.0,family_house,20.77047731200875,10.08,10.08,0.0,0.0,-10.69047731200875,Summer,CHARGE_PRIORITY
562.0,luxury_house,26.43515294255659,18.0,18.0,0.0,0.0,-8.43515294255659,Summer,CHARGE_PRIORITY
562.0,small_family,18.410195799280483,6.5,6.5,0.0,0.0,-11.910195799280485,Summer,CHARGE_PRIORITY
563.0,apartment,13.234567364986628,3.6399999999999997,3.6399999999999997,0.0,0.0,-9.594567364986627,Summer,CHARGE_PRIORITY
563.0,family_house,22.396960156131215,10.08,10.08,0.0,0.0,-12.316960156131218,Summer,CHARGE_PRIORITY
563.0,luxury_house,28.50522201689428,18.0,18.0,0.0,0.0,-10.505222016894278,Summer,CHARGE_PRIORITY
563.0,small_family,19.85185104747994,6.5,6.5,0.0,0.0,-13.351851047479942,Summer,CHARGE_PRIORITY
564.0,apartment,14.067417812872314,3.6399999999999997,3.6399999999999997,0.0,0.0,-10.427417812872314,Summer,CHARGE_PRIORITY
564.0,family_house,23.806399375630072,10.08,10.08,0.0,0.0,-13.72639937563007,Summer,CHARGE_PRIORITY
564.0,luxury_house,30.29905375080191,18.0,18.0,0.0,0.0,-12.299053750801908,Summer,CHARGE_PRIORITY
564.0,small_family,21.10112671930847,6.5,6.5,0.0,0.0,-14.601126719308471,Summer,CHARGE_PRIORITY
565.0,apartment,15.020322885897135,3.6399999999999997,3.6399999999999997,0.0,0.0,-11.380322885897135,Summer,CHARGE_PRIORITY
565.0,family_house,25.419007960749,10.08,10.08,0.0,0.0,-15.339007960749003,Summer,CHARGE_PRIORITY
565.0,luxury_house,32.35146467731691,18.0,18.0,0.0,0.0,-14.351464677316908,Summer,CHARGE_PRIORITY
565.0,small_family,22.530484328845706,6.5,6.5,0.0,0.0,-16.030484328845706,Summer,CHARGE_PRIORITY
566.0,apartment,15.771878153118637,3.6399999999999997,3.6399999999999997,0.0,0.0,-12.131878153118636,Summer,CHARGE_PRIORITY
566.0,family_house,26.690870720662307,10.08,10.08,0.0,0.0,-16.61087072066231,Summer,CHARGE_PRIORITY
566.0,luxury_house,33.970199099024754,18.0,18.0,0.0,0.0,-15.970199099024752,Summer,CHARGE_PRIORITY
566.0,small_family,23.657817229677956,6.5,6.5,0.0,0.0,-17.157817229677956,Summer,CHARGE_PRIORITY
567.0,apartment,15.202419536340791,3.6399999999999997,3.6399999999999997,0.0,0.06967423494749764,-11.562419536340792,Summer,CHARGE_PRIORITY
567.0,family_house,25.727171523038265,10.08,10.08,0.0,0.0,-15.647171523038265,Summer,CHARGE_PRIORITY
567.0,luxury_house,32.74367284750325,18.0,18.0,0.0,0.0,-14.743672847503245,Summer,CHARGE_PRIORITY
567.0,small_family,22.803629304511187,6.5,6.5,0.0,0.5226946757811322,-16.303629304511187,Summer,CHARGE_PRIORITY
568.0,apartment,11.347153529785068,3.6399999999999997,3.6399999999999997,0.0,0.9398349011543387,-7.707153529785067,Summer,CHARGE_PRIORITY
568.0,family_house,19.20287520425165,10.08,10.08,0.0,0.0,-9.12287520425165,Summer,CHARGE_PRIORITY
568.0,luxury_house,24.440022987229373,18.0,18.0,0.0,0.0,-6.440022987229373,Summer,CHARGE_PRIORITY
568.0,small_family,17.020730294677602,6.5,6.5,0.0,1.4794096914075898,-10.520730294677602,Summer,CHARGE_PRIORITY
569.0,apartment,8.114762682526239,3.6399999999999997,3.6399999999999997,0.0,1.03263754212144,-4.47476268252624,Summer,CHARGE_PRIORITY
569.0,family_house,13.73267530889056,10.08,10.08,0.0,0.0,-3.652675308890561,Summer,CHARGE_PRIORITY
569.0,luxury_house,17.47795039313344,18.0,18.0,0.0,0.0,0.5220496068665597,Summer,CHARGE_PRIORITY
569.0,small_family,12.17214402378936,6.5,6.5,0.0,3.567322314222552,-5.672144023789359,Summer,CHARGE_PRIORITY
570.0,apartment,7.003379411467777,25.075700765666316,25.075700765666316,0.0,0.1513861289555502,18.07232135419854,Summer,CHARGE_PRIORITY
570.0,family_house,11.851872850176237,32.60411278892717,32.60411278892717,0.0,0.0,20.752239938750932,Summer,CHARGE_PRIORITY
570.0,luxury_house,15.08420180931521,33.84553271241029,33.84553271241029,0.0,0.0,18.76133090309508,Summer,CHARGE_PRIORITY
570.0,small_family,10.505069117201666,23.979164750947625,23.979164750947625,0.0,0.2929718884418445,13.47409563374596,Summer,CHARGE_PRIORITY
571.0,apartment,0.0,26.803530783379713,26.803530783379713,0.0,0.0,26.803530783379713,Summer,CHARGE_PRIORITY
571.0,family_house,0.0,25.633280627416536,25.633280627416536,0.0,0.0,25.633280627416536,Summer,CHARGE_PRIORITY
571.0,luxury_house,0.0,35.58258547313917,34.77879617110654,0.8037893020326239,0.0,35.58258547313917,Summer,CHARGE_PRIORITY
571.0,small_family,0.0,21.09962790434669,21.09962790434669,0.0,0.0,21.09962790434669,Summer,CHARGE_PRIORITY
572.0,apartment,0.0,20.46551686405927,20.292283371599574,0.17323349245969522,0.0,20.46551686405927,Summer,CHARGE_PRIORITY
572.0,family_house,0.0,30.446656988905776,30.446656988905776,0.0,0.0,30.446656988905776,Summer,CHARGE_PRIORITY
572.0,luxury_house,0.0,35.23476991647044,16.991780135554993,18.24298978091545,0.0,35.23476991647044,Summer,CHARGE_PRIORITY
572.0,small_family,0.0,20.840505685517858,20.840505685517858,0.0,0.0,20.840505685517858,Summer,CHARGE_PRIORITY
573.0,apartment,0.0,23.164698898478363,14.558896445904866,8.605802452573498,0.0,23.164698898478363,Summer,CHARGE_PRIORITY
573.0,family_house,0.0,27.279740675875455,19.754203551638014,7.525537124237443,0.0,27.279740675875455,Summer,CHARGE_PRIORITY
573.0,luxury_house,0.0,37.084828303155334,2.719310506961835,34.3655177961935,0.0,37.084828303155334,Summer,CHARGE_PRIORITY
573.0,small_family,0.0,24.759564927020644,24.759564927020644,0.0,0.0,24.759564927020644,Summer,CHARGE_PRIORITY
574.0,apartment,1.3136086026387301,3.6399999999999997,2.1275370722306812,1.5124629277693185,0.0,2.3263913973612693,Summer,CHARGE_PRIORITY
574.0,family_house,2.2230299429270817,10.08,5.890977876636595,4.189022123363405,0.0,7.8569700570729175,Summer,CHARGE_PRIORITY
574.0,luxury_house,2.8293108364526494,18.0,2.5463797528073844,15.453620247192617,0.0,15.17068916354735,Summer,CHARGE_PRIORITY
574.0,small_family,1.970412903958095,6.5,6.5,0.0,0.0,4.529587096041905,Summer,CHARGE_PRIORITY
575.0,apartment,4.068621009658916,3.6399999999999997,3.6399999999999997,0.0,0.0,-0.42862100965891625,Summer,CHARGE_PRIORITY
575.0,family_house,6.8853586317304725,10.08,7.814813281658497,2.265186718341502,0.0,3.194641368269527,Summer,CHARGE_PRIORITY
575.0,luxury_house,8.763183713111511,18.0,7.886865341800359,10.113134658199641,0.0,9.236816286888489,Summer,CHARGE_PRIORITY
575.0,small_family,6.102931514488374,6.5,6.5,0.0,0.0,0.39706848551162655,Summer,CHARGE_PRIORITY
576.0,apartment,0.0,3.6399999999999997,1.4133900976572455,2.226609902342754,0.0,3.6399999999999997,Summer,CHARGE_PRIORITY
576.0,family_house,0.0,10.08,2.803943263814505,7.276056736185494,0.0,10.08,Summer,CHARGE_PRIORITY
576.0,luxury_house,0.0,18.0,0.0,18.0,0.0,18.0,Summer,CHARGE_PRIORITY
576.0,small_family,0.0,6.5,6.298405417775843,0.20159458222415716,0.0,6.5,Summer,CHARGE_PRIORITY
577.0,apartment,1.6586016589743555,3.6399999999999997,2.3186101495857967,1.321389850414203,0.0,1.981398341025644,Summer,CHARGE_PRIORITY
577.0,family_house,2.806864345956602,10.08,3.5414749058377164,6.538525094162283,0.0,7.273135654043398,Summer,CHARGE_PRIORITY
577.0,luxury_house,3.5723728039447664,18.0,3.2151355235502894,14.784864476449709,0.0,14.427627196055234,Summer,CHARGE_PRIORITY
577.0,small_family,2.4879024884615335,6.5,6.010123172278014,0.48987682772198626,0.0,4.0120975115384665,Summer,CHARGE_PRIORITY
578.0,apartment,2.870010683252827,3.6399999999999997,2.98954437841695,0.6504556215830495,0.0,0.7699893167471726,Summer,CHARGE_PRIORITY
578.0,family_house,4.856941156274015,10.08,4.7661981548195556,5.3138018451804445,0.0,5.223058843725984,Summer,CHARGE_PRIORITY
578.0,luxury_house,6.181561471621474,18.0,5.563405324459326,12.436594675540675,0.0,11.818438528378525,Summer,CHARGE_PRIORITY
578.0,small_family,4.305016024879241,6.5,5.919916214250124,0.5800837857498764,0.0,2.194983975120759,Summer,CHARGE_PRIORITY
579.0,apartment,3.1685331992819235,3.6399999999999997,3.1548799257561417,0.48512007424385795,0.0,0.47146680071807634,Summer,CHARGE_PRIORITY
579.0,family_house,5.362133106477101,10.08,4.82591979582939,5.254080204170609,0.0,4.717866893522899,Summer,CHARGE_PRIORITY
579.0,luxury_house,6.824533044607219,18.0,6.142079740146497,11.857920259853504,0.0,11.175466955392782,Summer,CHARGE_PRIORITY
579.0,small_family,4.752799798922885,6.5,5.98711995823783,0.5128800417621701,0.0,1.7472002010771148,Summer,CHARGE_PRIORITY
580.0,apartment,2.773020469938692,3.6399999999999997,2.9358267218121985,0.7041732781878012,0.0,0.8669795300613078,Summer,CHARGE_PRIORITY
580.0,family_house,4.692803872203941,10.08,4.223523484983547,5.856476515016453,0.0,5.387196127796059,Summer,CHARGE_PRIORITY
580.0,luxury_house,5.972659473714106,18.0,5.3753935263426955,12.624606473657305,0.0,12.027340526285895,Summer,CHARGE_PRIORITY
580.0,small_family,4.159530704908038,6.5,5.863902531019361,0.6360974689806382,0.0,2.3404692950919626,Summer,CHARGE_PRIORITY
581.0,apartment,2.06078309598867,3.6399999999999997,2.541356791624494,1.0986432083755058,0.0,1.5792169040113295,Summer,CHARGE_PRIORITY
581.0,family_house,3.4874790855192876,10.08,3.1387311769673585,6.941268823032641,0.0,6.592520914480712,Summer,CHARGE_PRIORITY
581.0,luxury_house,4.4386097452063655,18.0,3.994748770685729,14.005251229314272,0.0,13.561390254793633,Summer,CHARGE_PRIORITY
581.0,small_family,3.0911746439830052,6.5,5.642013195288778,0.857986804711222,0.0,3.4088253560169948,Summer,CHARGE_PRIORITY
582.0,apartment,11.372509273789461,3.6399999999999997,3.6399999999999997,0.0,0.0,-7.7325092737894625,Summer,CHARGE_PRIORITY
582.0,family_house,19.245784924874474,10.08,10.08,0.0,0.0,-9.165784924874474,Summer,CHARGE_PRIORITY
582.0,luxury_house,24.49463535893115,18.0,18.0,0.0,0.0,-6.4946353589311485,Summer,CHARGE_PRIORITY
582.0,small_family,17.058763910684192,6.5,6.5,0.0,0.0,-10.558763910684192,Summer,CHARGE_PRIORITY
583.0,apartment,11.42980865012964,3.6399999999999997,3.6399999999999997,0.0,0.0,-7.789808650129641,Summer,CHARGE_PRIORITY
583.0,family_house,19.34275310021939,10.08,10.08,0.0,0.0,-9.26275310021939,Summer,CHARGE_PRIORITY
583.0,luxury_house,24.618049400279226,18.0,18.0,0.0,0.0,-6.618049400279226,Summer,CHARGE_PRIORITY
583.0,small_family,17.14471297519446,6.5,6.5,0.0,0.0,-10.64471297519446,Summer,CHARGE_PRIORITY
584.0,apartment,11.56907232413847,3.6399999999999997,3.6399999999999997,0.0,0.0,-7.929072324138469,Summer,CHARGE_PRIORITY
584.0,family_house,19.57843008700356,10.08,10.08,0.0,0.0,-9.49843008700356,Summer,CHARGE_PRIORITY
584.0,luxury_house,24.918001928913625,18.0,18.0,0.0,0.0,-6.918001928913624,Summer,CHARGE_PRIORITY
584.0,small_family,17.3536084862077,6.5,6.5,0.0,0.0,-10.853608486207701,Summer,CHARGE_PRIORITY
585.0,apartment,12.344142286962482,3.6399999999999997,3.6399999999999997,0.0,0.0,-8.704142286962481,Summer,CHARGE_PRIORITY
585.0,family_house,20.890086947167276,10.08,10.08,0.0,0.0,-10.810086947167278,Summer,CHARGE_PRIORITY
585.0,luxury_house,26.58738338730381,18.0,18.0,0.0,0.0,-8.58738338730381,Summer,CHARGE_PRIORITY
585.0,small_family,18.51621343044372,6.5,6.5,0.0,0.0,-12.01621343044372,Summer,CHARGE_PRIORITY
586.0,apartment,13.32206024415543,3.6399999999999997,3.6399999999999997,0.0,0.0,-9.68206024415543,Summer,CHARGE_PRIORITY
586.0,family_house,22.54502502857073,10.08,10.08,0.0,0.0,-12.465025028570729,Summer,CHARGE_PRIORITY
586.0,luxury_house,28.693668218180928,18.0,18.0,0.0,0.0,-10.693668218180928,Summer,CHARGE_PRIORITY
586.0,small_family,19.98309036623315,6.5,6.5,0.0,0.0,-13.483090366233148,Summer,CHARGE_PRIORITY
587.0,apartment,14.276839288961376,3.6399999999999997,3.6399999999999997,0.0,0.0,-10.636839288961376,Summer,CHARGE_PRIORITY
587.0,family_house,24.160804950550023,10.08,10.08,0.0,0.0,-14.080804950550023,Summer,CHARGE_PRIORITY
587.0,luxury_house,30.750115391609114,18.0,18.0,0.0,0.0,-12.750115391609116,Summer,CHARGE_PRIORITY
587.0,small_family,21.415258933442065,6.5,6.5,0.0,0.0,-14.915258933442065,Summer,CHARGE_PRIORITY
588.0,apartment,15.785583430686781,3.6399999999999997,3.6399999999999997,0.0,0.0,-12.14558343068678,Summer,CHARGE_PRIORITY
588.0,family_house,26.714064267316097,10.08,10.08,0.0,0.0,-16.6340642673161,Summer,CHARGE_PRIORITY
588.0,luxury_house,33.9997181584023,18.0,18.0,0.0,0.0,-15.999718158402299,Summer,CHARGE_PRIORITY
588.0,small_family,23.678375146030174,6.5,6.5,0.0,0.0,-17.178375146030174,Summer,CHARGE_PRIORITY
589.0,apartment,16.043365796796845,3.6399999999999997,3.6399999999999997,0.0,0.48265254632129784,-12.403365796796844,Summer,CHARGE_PRIORITY
589.0,family_house,27.150311348425426,10.08,10.08,0.0,0.0,-17.070311348425427,Summer,CHARGE_PRIORITY
589.0,luxury_house,34.55494171617782,18.0,18.0,0.0,0.0,-16.55494171617782,Summer,CHARGE_PRIORITY
589.0,small_family,24.065048695195266,6.5,6.5,0.0,1.1994052165320226,-17.565048695195266,Summer,CHARGE_PRIORITY
590.0,apartment,17.71012978989475,3.6399999999999997,3.6399999999999997,0.0,2.2392617144065805,-14.07012978989475,Summer,CHARGE_PRIORITY
590.0,family_house,29.9709888752065,10.08,10.08,0.0,0.0,-19.890988875206503,Summer,CHARGE_PRIORITY
590.0,luxury_house,38.144894932081,18.0,18.0,0.0,0.0,-20.144894932081,Summer,CHARGE_PRIORITY
590.0,small_family,26.565194684842126,6.5,6.5,0.0,8.422612001526634,-20.065194684842126,Summer,CHARGE_PRIORITY
591.0,apartment,17.48055079956192,3.6399999999999997,3.6399999999999997,0.0,3.1939732614373666,-13.840550799561921,Summer,CHARGE_PRIORITY
591.0,family_house,29.582470583874024,10.08,10.08,0.0,0.0,-19.502470583874025,Summer,CHARGE_PRIORITY
591.0,luxury_house,37.65041710674876,18.0,18.0,0.0,0.0,-19.65041710674876,Summer,CHARGE_PRIORITY
591.0,small_family,26.22082619934288,6.5,6.5,0.0,14.864464763772231,-19.72082619934288,Summer,CHARGE_PRIORITY
592.0,apartment,13.631912334640218,3.6399999999999997,3.6399999999999997,0.0,4.046871205609225,-9.991912334640217,Summer,CHARGE_PRIORITY
592.0,family_house,23.069390104775756,10.08,10.08,0.0,0.0,-12.989390104775756,Summer,CHARGE_PRIORITY
592.0,luxury_house,29.361041951532776,18.0,18.0,0.0,0.0,-11.361041951532778,Summer,CHARGE_PRIORITY
592.0,small_family,20.44786850196033,6.5,6.5,0.0,13.947868501960329,-13.947868501960329,Summer,CHARGE_PRIORITY
593.0,apartment,10.39364051205688,3.6399999999999997,3.6399999999999997,0.0,6.753640512056879,-6.753640512056879,Summer,CHARGE_PRIORITY
593.0,family_house,17.589237789634716,10.08,10.08,0.0,0.0,-7.509237789634717,Summer,CHARGE_PRIORITY
593.0,luxury_house,22.38630264135328,18.0,18.0,0.0,0.0,-4.386302641353279,Summer,CHARGE_PRIORITY
593.0,small_family,15.590460768085318,6.5,6.5,0.0,9.090460768085318,-9.090460768085318,Summer,CHARGE_PRIORITY
594.0,apartment,8.529486872759342,24.631692176103886,24.631692176103886,0.0,0.0,16.102205303344544,Summer,CHARGE_PRIORITY
594.0,family_house,14.434516246208116,29.16786020960144,29.16786020960144,0.0,0.0,14.733343963393322,Summer,CHARGE_PRIORITY
594.0,luxury_house,18.371202495173964,36.9624898077771,36.9624898077771,0.0,0.0,18.59128731260313,Summer,CHARGE_PRIORITY
594.0,small_family,12.794230309139012,27.67921459222741,27.67921459222741,0.0,0.7640349625547223,14.884984283088398,Summer,CHARGE_PRIORITY
595.0,apartment,0.0,19.950179338726848,19.950179338726848,0.0,0.0,19.950179338726848,Summer,CHARGE_PRIORITY
595.0,family_house,0.0,30.289095395522985,30.289095395522985,0.0,0.0,30.289095395522985,Summer,CHARGE_PRIORITY
595.0,luxury_house,0.0,35.17862787442718,35.17862787442718,0.0,0.0,35.17862787442718,Summer,CHARGE_PRIORITY
595.0,small_family,0.0,21.11277372654696,21.11277372654696,0.0,0.0,21.11277372654696,Summer,CHARGE_PRIORITY
596.0,apartment,0.0,21.568272950006886,21.355753120670016,0.21251982933686797,0.0,21.568272950006886,Summer,CHARGE_PRIORITY
596.0,family_house,0.0,34.073652600769854,34.073652600769854,0.0,0.0,34.073652600769854,Summer,CHARGE_PRIORITY
596.0,luxury_house,0.0,33.23251380536908,32.551986489191826,0.6805273161772516,0.0,33.23251380536908,Summer,CHARGE_PRIORITY
596.0,small_family,0.0,17.775305207451844,17.775305207451844,0.0,0.0,17.775305207451844,Summer,CHARGE_PRIORITY
597.0,apartment,0.0,27.186322646334936,24.04851061434546,3.137812031989477,0.0,27.186322646334936,Summer,CHARGE_PRIORITY
597.0,family_house,0.0,31.01351132939292,31.01351132939292,0.0,0.0,31.01351132939292,Summer,CHARGE_PRIORITY
597.0,luxury_house,0.0,37.83262087543827,13.677546842529319,24.155074032908953,0.0,37.83262087543827,Summer,CHARGE_PRIORITY
597.0,small_family,0.0,22.77833701479758,22.389594329653562,0.388742685144019,0.0,22.77833701479758,Summer,CHARGE_PRIORITY
598.0,apartment,1.5450092317237434,3.6399999999999997,3.293924355161749,0.3460756448382508,0.0,2.094990768276256,Summer,CHARGE_PRIORITY
598.0,family_house,2.6146310075324886,10.08,9.854109767543779,0.22589023245622053,0.0,7.4653689924675115,Summer,CHARGE_PRIORITY
598.0,luxury_house,3.327712191404985,18.0,4.245362557909113,13.754637442090887,0.0,14.672287808595014,Summer,CHARGE_PRIORITY
598.0,small_family,2.317513847585615,6.5,6.160443266371312,0.3395567336286882,0.0,4.182486152414384,Summer,CHARGE_PRIORITY
599.0,apartment,4.361801417162046,3.6399999999999997,3.6399999999999997,0.0,0.0,-0.7218014171620462,Summer,CHARGE_PRIORITY
599.0,family_house,7.381510090581924,10.08,9.702615453437739,0.3773845465622613,0.0,2.698489909418076,Summer,CHARGE_PRIORITY
599.0,luxury_house,9.394649206195176,18.0,9.25058559511102,8.74941440488898,0.0,8.605350793804824,Summer,CHARGE_PRIORITY
599.0,small_family,6.5427021257430695,6.5,6.452956301012982,0.04704369898701832,0.0,-0.04270212574306931,Summer,CHARGE_PRIORITY
600.0,apartment,0.0,3.6399999999999997,3.1239417346839753,0.5160582653160244,0.0,3.6399999999999997,Summer,CHARGE_PRIORITY
600.0,family_house,0.0,10.08,5.176794357560266,4.903205642439734,0.0,10.08,Summer,CHARGE_PRIORITY
600.0,luxury_house,0.0,18.0,0.66086150891354,17.33913849108646,0.0,18.0,Summer,CHARGE_PRIORITY
600.0,small_family,0.0,6.5,6.0,0.5,0.0,6.5,Summer,CHARGE_PRIORITY
601.0,apartment,1.9295603216052077,3.6399999999999997,3.3134186316150753,0.32658136838492435,0.0,1.710439678394792,Summer,CHARGE_PRIORITY
601.0,family_house,3.2654097750241977,10.08,4.8364933134486785,5.243506686551321,0.0,6.8145902249758015,Summer,CHARGE_PRIORITY
601.0,luxury_house,4.155976077303524,18.0,3.7403784695731717,14.259621530426827,0.0,13.844023922696476,Summer,CHARGE_PRIORITY
601.0,small_family,2.894340482407811,6.5,6.200377418012849,0.2996225819871515,0.0,3.6056595175921884,Summer,CHARGE_PRIORITY
602.0,apartment,3.0620808918854,3.6399999999999997,3.435970646776198,0.20402935322380145,0.0,0.5779191081145993,Summer,CHARGE_PRIORITY
602.0,family_house,5.181983047806062,10.08,5.566487285854547,4.5135127141454525,0.0,4.898016952193937,Summer,CHARGE_PRIORITY
602.0,luxury_house,6.59525115175317,18.0,5.935726036577853,12.064273963422146,0.0,11.404748848246829,Summer,CHARGE_PRIORITY
602.0,small_family,4.593121337828101,6.5,6.3179853233881,0.18201467661190074,0.0,1.9068786621718998,Summer,CHARGE_PRIORITY
603.0,apartment,3.209813038531579,3.6399999999999997,3.4292683788928406,0.21073162110715918,0.0,0.43018696146842095,Summer,CHARGE_PRIORITY
603.0,family_house,5.431991295976518,10.08,5.414435674165235,4.665564325834765,0.0,4.648008704023482,Summer,CHARGE_PRIORITY
603.0,luxury_house,6.913443467606477,18.0,6.222099120845829,11.77790087915417,0.0,11.086556532393523,Summer,CHARGE_PRIORITY
603.0,small_family,4.814719557797368,6.5,6.169652210242441,0.33034778975755874,0.0,1.6852804422026322,Summer,CHARGE_PRIORITY
604.0,apartment,3.3207337842809235,3.6399999999999997,3.358079980150599,0.28192001984940085,0.0,0.31926621571907615,Summer,CHARGE_PRIORITY
604.0,family_house,5.61970332724464,10.08,5.337128130895304,4.742871869104696,0.0,4.46029667275536,Summer,CHARGE_PRIORITY
604.0,luxury_house,7.152349689220451,18.0,6.437114720298405,11.562885279701595,0.0,10.84765031077955,Summer,CHARGE_PRIORITY
604.0,small_family,4.981100676421385,6.5,6.1896908628891145,0.31030913711088515,0.0,1.5188993235786148,Summer,CHARGE_PRIORITY
605.0,apartment,3.4033816923226414,3.6399999999999997,3.3737123952724817,0.26628760472751806,0.0,0.2366183076773581,Summer,CHARGE_PRIORITY
605.0,family_house,5.759569017776777,10.08,5.1836121159991,4.8963878840009,0.0,4.320430982223222,Summer,CHARGE_PRIORITY
605.0,luxury_house,7.330360568079535,18.0,6.597324511271582,11.402675488728418,0.0,10.669639431920466,Summer,CHARGE_PRIORITY
605.0,small_family,4.712374650908272,6.5,6.206856197636241,0.29314380236375925,0.0,1.7876253490917278,Summer,CHARGE_PRIORITY
606.0,apartment,12.20130365847146,3.6399999999999997,3.6399999999999997,0.0,0.0,-8.561303658471461,Summer,CHARGE_PRIORITY
606.0,family_house,20.64836003741324,10.08,10.08,0.0,0.0,-10.568360037413242,Summer,CHARGE_PRIORITY
606.0,luxury_house,26.279730956707763,18.0,18.0,0.0,0.0,-8.279730956707763,Summer,CHARGE_PRIORITY
606.0,small_family,16.894112757883562,6.5,6.5,0.0,0.0,-10.39411275788356,Summer,CHARGE_PRIORITY
607.0,apartment,12.295834798824151,3.6399999999999997,3.6399999999999997,0.0,0.0,-8.655834798824152,Summer,CHARGE_PRIORITY
607.0,family_house,20.80833581339472,10.08,10.08,0.0,0.0,-10.728335813394718,Summer,CHARGE_PRIORITY
607.0,luxury_house,26.4833364897751,18.0,18.0,0.0,0.0,-8.483336489775096,Summer,CHARGE_PRIORITY
607.0,small_family,17.02500202914113,6.5,6.5,0.0,0.0,-10.525002029141131,Summer,CHARGE_PRIORITY
608.0,apartment,11.5549791182089,3.6399999999999997,3.6399999999999997,0.0,0.0,-7.9149791182089,Summer,CHARGE_PRIORITY
608.0,family_house,19.554580046199675,10.08,10.08,0.0,0.0,-9.474580046199677,Summer,CHARGE_PRIORITY
608.0,luxury_house,24.887647331526857,18.0,18.0,0.0,0.0,-6.887647331526859,Summer,CHARGE_PRIORITY
608.0,small_family,15.999201855981553,6.5,6.291793984285225,0.20820601571477493,0.0,-9.499201855981553,Summer,CHARGE_PRIORITY
609.0,apartment,12.0643581088713,3.6399999999999997,3.6399999999999997,0.0,0.0,-8.4243581088713,Summer,CHARGE_PRIORITY
609.0,family_house,20.41660603039758,10.08,10.08,0.0,0.0,-10.336606030397583,Summer,CHARGE_PRIORITY
609.0,luxury_house,25.984771311415106,18.0,18.0,0.0,0.0,-7.9847713114151055,Summer,CHARGE_PRIORITY
609.0,small_family,16.70449584305257,6.5,6.0,0.5,0.0,-10.204495843052568,Summer,CHARGE_PRIORITY
610.0,apartment,13.705931082413002,3.6399999999999997,3.6399999999999997,0.0,0.0,-10.065931082413002,Summer,CHARGE_PRIORITY
610.0,family_house,23.194652601006624,10.08,10.08,0.0,0.0,-13.114652601006624,Summer,CHARGE_PRIORITY
610.0,luxury_house,29.5204669467357,18.0,18.0,0.0,0.0,-11.520466946735699,Summer,CHARGE_PRIORITY
610.0,small_family,18.977443037187236,6.5,6.0,0.5,0.0,-12.477443037187236,Summer,CHARGE_PRIORITY
611.0,apartment,14.630960081181817,3.6399999999999997,3.6399999999999997,0.0,0.3859440738984122,-10.990960081181816,Summer,CHARGE_PRIORITY
611.0,family_house,24.760086291230763,10.08,10.08,0.0,0.0,-14.680086291230767,Summer,CHARGE_PRIORITY
611.0,luxury_house,31.512837097930067,18.0,18.0,0.0,0.0,-13.512837097930065,Summer,CHARGE_PRIORITY
611.0,small_family,21.94644012177272,6.5,6.5,0.0,0.0,-15.446440121772723,Summer,CHARGE_PRIORITY
612.0,apartment,16.314213323200057,3.6399999999999997,3.6399999999999997,0.0,0.9749394864000045,-12.674213323200059,Summer,CHARGE_PRIORITY
612.0,family_house,27.608668700800102,10.08,10.08,0.0,0.0,-17.528668700800104,Summer,CHARGE_PRIORITY
612.0,luxury_house,35.13830561920013,18.0,18.0,0.0,0.0,-17.138305619200132,Summer,CHARGE_PRIORITY
612.0,small_family,24.47131998480009,6.5,6.5,0.0,1.9145381642218302,-17.97131998480009,Summer,CHARGE_PRIORITY
613.0,apartment,16.441958508162983,3.6399999999999997,3.6399999999999997,0.0,0.9847660390894604,-12.801958508162985,Summer,CHARGE_PRIORITY
613.0,family_house,27.824852859968132,10.08,10.08,0.0,0.0,-17.744852859968134,Summer,CHARGE_PRIORITY
613.0,luxury_house,35.41344909450489,18.0,18.0,0.0,0.0,-17.41344909450489,Summer,CHARGE_PRIORITY
613.0,small_family,24.662937762244482,6.5,6.5,0.0,5.043994620159367,-18.162937762244482,Summer,CHARGE_PRIORITY
614.0,apartment,17.5697044024089,3.6399999999999997,3.6399999999999997,0.0,1.071515723262223,-13.929704402408898,Summer,CHARGE_PRIORITY
614.0,family_house,29.733345911768907,10.08,10.08,0.0,0.0,-19.65334591176891,Summer,CHARGE_PRIORITY
614.0,luxury_house,37.842440251342246,18.0,18.0,0.0,0.0,-19.842440251342246,Summer,CHARGE_PRIORITY
614.0,small_family,26.354556603613354,6.5,6.5,0.0,10.905484261244126,-19.854556603613354,Summer,CHARGE_PRIORITY
615.0,apartment,17.80156220339094,3.6399999999999997,3.6399999999999997,0.0,4.098646038295837,-14.161562203390938,Summer,CHARGE_PRIORITY
615.0,family_house,30.125720651892358,10.08,10.08,0.0,0.0,-20.04572065189236,Summer,CHARGE_PRIORITY
615.0,luxury_house,38.341826284226634,18.0,18.0,0.0,0.0,-20.341826284226634,Summer,CHARGE_PRIORITY
615.0,small_family,26.70234330508641,6.5,6.5,0.0,16.656663536209514,-20.20234330508641,Summer,CHARGE_PRIORITY
616.0,apartment,14.637177837575406,3.6399999999999997,3.6399999999999997,0.0,8.3042000388045,-10.997177837575405,Summer,CHARGE_PRIORITY
616.0,family_house,24.770608648204533,10.08,10.08,0.0,0.0,-14.690608648204535,Summer,CHARGE_PRIORITY
616.0,luxury_house,31.52622918862395,18.0,18.0,0.0,0.0,-13.526229188623951,Summer,CHARGE_PRIORITY
616.0,small_family,21.955766756363108,6.5,6.5,0.0,14.266861621258254,-15.455766756363108,Summer,CHARGE_PRIORITY
617.0,apartment,9.467024476686937,3.6399999999999997,3.6399999999999997,0.0,5.827024476686937,-5.827024476686937,Summer,CHARGE_PRIORITY
617.0,family_house,16.021118345162506,10.08,10.08,0.0,0.0,-5.941118345162508,Summer,CHARGE_PRIORITY
617.0,luxury_house,20.390514257479555,18.0,18.0,0.0,0.0,-2.3905142574795555,Summer,CHARGE_PRIORITY
617.0,small_family,14.200536715030404,6.5,6.5,0.0,7.108187736951143,-7.700536715030404,Summer,CHARGE_PRIORITY
618.0,apartment,7.034037773952142,26.939518419283964,26.939518419283964,0.0,0.001163437766306119,19.90548064533182,Summer,CHARGE_PRIORITY
618.0,family_house,11.903756232842087,32.43722174391436,32.43722174391436,0.0,0.0,20.533465511072272,Summer,CHARGE_PRIORITY
618.0,luxury_house,15.150235205435381,34.04902586422385,34.04902586422385,0.0,0.0,18.898790658788467,Summer,CHARGE_PRIORITY
618.0,small_family,10.551056660928213,25.445498125075975,25.445498125075975,0.0,0.013297207988932747,14.894441464147762,Summer,CHARGE_PRIORITY
619.0,apartment,0.0,17.381774815799634,17.381774815799634,0.0,0.0,17.381774815799634,Summer,CHARGE_PRIORITY
619.0,family_house,0.0,28.441087989206224,28.441087989206224,0.0,0.0,28.441087989206224,Summer,CHARGE_PRIORITY
619.0,luxury_house,0.0,31.859394041960872,31.859394041960872,0.0,0.0,31.859394041960872,Summer,CHARGE_PRIORITY
619.0,small_family,0.0,28.47082939191207,28.47082939191207,0.0,0.0,28.47082939191207,Summer,CHARGE_PRIORITY
620.0,apartment,0.0,24.523331470042702,24.523331470042702,0.0,0.0,24.523331470042702,Summer,CHARGE_PRIORITY
620.0,family_house,0.0,33.63883557035944,33.63883557035944,0.0,0.0,33.63883557035944,Summer,CHARGE_PRIORITY
620.0,luxury_house,0.0,36.77276945402828,36.77276945402828,0.0,0.0,36.77276945402828,Summer,CHARGE_PRIORITY
620.0,small_family,0.0,24.791708858407063,24.791708858407063,0.0,0.0,24.791708858407063,Summer,CHARGE_PRIORITY
621.0,apartment,0.0,22.112155912038027,18.293430982449166,3.818724929588859,0.0,22.112155912038027,Summer,CHARGE_PRIORITY
621.0,family_house,0.0,26.957479116601696,25.582182973754506,1.3752961428471897,0.0,26.957479116601696,Summer,CHARGE_PRIORITY
621.0,luxury_house,0.0,29.6504556675061,19.758508815437246,9.891946852068855,0.0,29.6504556675061,Summer,CHARGE_PRIORITY
621.0,small_family,0.0,23.84246373754612,23.33035776622374,0.5121059713223768,0.0,23.84246373754612,Summer,CHARGE_PRIORITY
622.0,apartment,1.341065817810913,3.6399999999999997,2.764081835813344,0.8759181641866556,0.0,2.298934182189087,Summer,CHARGE_PRIORITY
622.0,family_house,2.269495999372314,10.08,8.56986750384836,1.5101324961516385,0.0,7.810504000627686,Summer,CHARGE_PRIORITY
622.0,luxury_house,2.8884494537465812,18.0,4.784517364134679,13.215482635865321,0.0,15.111550546253419,Summer,CHARGE_PRIORITY
622.0,small_family,2.0115987267163695,6.5,5.77852905446842,0.7214709455315796,0.0,4.488401273283631,Summer,CHARGE_PRIORITY
623.0,apartment,4.121299350666774,3.6399999999999997,3.6399999999999997,0.0,0.0,-0.4812993506667745,Summer,CHARGE_PRIORITY
623.0,family_house,6.97450659343608,10.08,8.979223111953887,1.100776888046113,0.0,3.10549340656392,Summer,CHARGE_PRIORITY
623.0,luxury_house,8.876644755282284,18.0,7.988980279754054,10.011019720245946,0.0,9.123355244717716,Summer,CHARGE_PRIORITY
623.0,small_family,6.1819490260001615,6.5,6.355962172830791,0.14403782716920843,0.0,0.3180509739998381,Summer,CHARGE_PRIORITY
624.0,apartment,0.0,3.6399999999999997,2.2666036213846525,1.3733963786153471,0.0,3.6399999999999997,Summer,CHARGE_PRIORITY
624.0,family_house,0.0,10.08,5.857913294506239,4.222086705493761,0.0,10.08,Summer,CHARGE_PRIORITY
624.0,luxury_house,0.0,18.0,0.0,18.0,0.0,18.0,Summer,CHARGE_PRIORITY
624.0,small_family,0.0,6.5,5.397675821727691,1.1023241782723092,0.0,6.5,Summer,CHARGE_PRIORITY
625.0,apartment,1.8223843719161619,3.6399999999999997,2.8708253595094404,0.7691746404905593,0.0,1.8176156280838376,Summer,CHARGE_PRIORITY
625.0,family_house,3.0840350909350436,10.08,6.356844476873974,3.723155523126026,0.0,6.9959649090649565,Summer,CHARGE_PRIORITY
625.0,luxury_house,3.9251355702809647,18.0,3.532622013252868,14.467377986747133,0.0,14.074864429719035,Summer,CHARGE_PRIORITY
625.0,small_family,2.733576557874243,6.5,5.268362683337103,1.2316373166628969,0.0,3.766423442125757,Summer,CHARGE_PRIORITY
626.0,apartment,2.7902329482646246,3.6399999999999997,3.1506162168161143,0.4893837831838852,0.0,0.849767051735375,Summer,CHARGE_PRIORITY
626.0,family_house,4.721932681678595,10.08,6.679014657881263,3.4009853421187373,0.0,5.358067318321404,Summer,CHARGE_PRIORITY
626.0,luxury_house,6.009732503954577,18.0,5.408759253559119,12.591240746440882,0.0,11.990267496045423,Summer,CHARGE_PRIORITY
626.0,small_family,4.1853494223969365,6.5,5.659019840048383,0.8409801599516176,0.0,2.314650577603063,Summer,CHARGE_PRIORITY
627.0,apartment,2.926057740581627,3.6399999999999997,3.175439369164675,0.46456063083532434,0.0,0.713942259418373,Summer,CHARGE_PRIORITY
627.0,family_house,4.9517900225227525,10.08,6.799689761824444,3.280310238175555,0.0,5.128209977477248,Summer,CHARGE_PRIORITY
627.0,luxury_house,6.302278210483503,18.0,5.672050389435151,12.327949610564849,0.0,11.697721789516496,Summer,CHARGE_PRIORITY
627.0,small_family,4.3890866108724405,6.5,5.715439369164676,0.7845606308353243,0.0,2.1109133891275595,Summer,CHARGE_PRIORITY
628.0,apartment,3.121050782134428,3.6399999999999997,3.256436478732762,0.3835635212672374,0.0,0.5189492178655715,Summer,CHARGE_PRIORITY
628.0,family_house,5.281778246689032,10.08,6.316939033085214,3.7630609669147854,0.0,4.798221753310967,Summer,CHARGE_PRIORITY
628.0,luxury_house,6.722263223058768,18.0,6.05003690075289,11.94996309924711,0.0,11.277736776941232,Summer,CHARGE_PRIORITY
628.0,small_family,4.681576173201642,6.5,5.796436478732762,0.7035635212672378,0.0,1.818423826798358,Summer,CHARGE_PRIORITY
629.0,apartment,3.1789513921642008,3.6399999999999997,3.280487501360514,0.35951249863948576,0.0,0.46104860783579876,Summer,CHARGE_PRIORITY
629.0,family_house,5.379763894431725,10.08,5.953850316650034,4.126149683349965,0.0,4.700236105568275,Summer,CHARGE_PRIORITY
629.0,luxury_house,6.846972229276741,18.0,6.162275006349066,11.837724993650934,0.0,11.15302777072326,Summer,CHARGE_PRIORITY
629.0,small_family,4.768427088246301,6.5,5.798487416262091,0.7015125837379086,0.0,1.7315729117536987,Summer,CHARGE_PRIORITY
630.0,apartment,11.700571946945836,3.6399999999999997,3.6399999999999997,0.0,0.0,-8.060571946945837,Summer,CHARGE_PRIORITY
630.0,family_house,19.80096791021603,10.08,10.08,0.0,0.0,-9.720967910216032,Summer,CHARGE_PRIORITY
630.0,luxury_house,25.201231885729495,18.0,18.0,0.0,0.0,-7.201231885729495,Summer,CHARGE_PRIORITY
630.0,small_family,17.550857920418753,6.5,6.5,0.0,0.0,-11.050857920418753,Summer,CHARGE_PRIORITY
631.0,apartment,11.607469777185907,3.6399999999999997,3.6399999999999997,0.0,0.0,-7.967469777185906,Summer,CHARGE_PRIORITY
631.0,family_house,19.643410392160767,10.08,10.08,0.0,0.0,-9.563410392160765,Summer,CHARGE_PRIORITY
631.0,luxury_house,25.000704135477342,18.0,18.0,0.0,0.0,-7.00070413547734,Summer,CHARGE_PRIORITY
631.0,small_family,17.41120466577886,6.5,6.5,0.0,0.0,-10.91120466577886,Summer,CHARGE_PRIORITY
632.0,apartment,11.740652204004398,3.6399999999999997,3.6399999999999997,0.0,0.0,-8.1006522040044,Summer,CHARGE_PRIORITY
632.0,family_house,19.868796037545906,10.08,10.08,0.0,0.0,-9.788796037545907,Summer,CHARGE_PRIORITY
632.0,luxury_house,25.287558593240245,18.0,18.0,0.0,0.0,-7.287558593240245,Summer,CHARGE_PRIORITY
632.0,small_family,17.610978306006597,6.5,6.5,0.0,0.0,-11.110978306006597,Summer,CHARGE_PRIORITY
633.0,apartment,12.56111345186354,3.6399999999999997,3.6399999999999997,0.0,0.0,-8.92111345186354,Summer,CHARGE_PRIORITY
633.0,family_house,21.257268918538294,10.08,10.08,0.0,0.0,-11.177268918538296,Summer,CHARGE_PRIORITY
633.0,luxury_house,27.054705896321465,18.0,18.0,0.0,0.0,-9.054705896321467,Summer,CHARGE_PRIORITY
633.0,small_family,18.841670177795308,6.5,6.5,0.0,0.0,-12.34167017779531,Summer,CHARGE_PRIORITY
634.0,apartment,13.289352783711992,3.6399999999999997,3.6399999999999997,0.0,0.0,-9.649352783711992,Summer,CHARGE_PRIORITY
634.0,family_house,22.48967394166645,10.08,10.08,0.0,0.0,-12.409673941666451,Summer,CHARGE_PRIORITY
634.0,luxury_house,28.623221380302752,18.0,18.0,0.0,0.0,-10.623221380302752,Summer,CHARGE_PRIORITY
634.0,small_family,19.93402917556799,6.5,6.5,0.0,0.0,-13.43402917556799,Summer,CHARGE_PRIORITY
635.0,apartment,14.209189529230658,3.6399999999999997,3.6399999999999997,0.0,0.0,-10.569189529230657,Summer,CHARGE_PRIORITY
635.0,family_house,24.046320741774956,10.08,10.08,0.0,0.0,-13.966320741774958,Summer,CHARGE_PRIORITY
635.0,luxury_house,30.60440821680449,18.0,18.0,0.0,0.0,-12.60440821680449,Summer,CHARGE_PRIORITY
635.0,small_family,21.313784293845988,6.5,6.5,0.0,0.0,-14.813784293845988,Summer,CHARGE_PRIORITY
636.0,apartment,15.091610425049423,3.6399999999999997,3.6399999999999997,0.0,0.0,-11.451610425049422,Summer,CHARGE_PRIORITY
636.0,family_house,25.539648411622103,10.08,10.08,0.0,0.0,-15.459648411622103,Summer,CHARGE_PRIORITY
636.0,luxury_house,32.50500706933722,18.0,18.0,0.0,0.0,-14.50500706933722,Summer,CHARGE_PRIORITY
636.0,small_family,22.637415637574136,6.5,6.5,0.0,0.0,-16.137415637574136,Summer,CHARGE_PRIORITY
637.0,apartment,16.061948409707774,3.6399999999999997,3.6399999999999997,0.0,1.5079254608825898,-12.421948409707776,Summer,CHARGE_PRIORITY
637.0,family_house,27.18175884719777,10.08,10.08,0.0,0.0,-17.10175884719777,Summer,CHARGE_PRIORITY
637.0,luxury_house,34.59496580552444,18.0,18.0,0.0,0.0,-16.59496580552444,Summer,CHARGE_PRIORITY
637.0,small_family,24.09292261456166,6.5,6.5,0.0,0.4547386271825381,-17.59292261456166,Summer,CHARGE_PRIORITY
638.0,apartment,17.12654351232245,3.6399999999999997,3.6399999999999997,0.0,3.4640872502564,-13.48654351232245,Summer,CHARGE_PRIORITY
638.0,family_house,28.98338132854569,10.08,10.08,0.0,0.0,-18.90338132854569,Summer,CHARGE_PRIORITY
638.0,luxury_house,36.88793987269451,18.0,18.0,0.0,0.0,-18.88793987269451,Summer,CHARGE_PRIORITY
638.0,small_family,25.68981526848368,6.5,6.5,0.0,2.6687330870343136,-19.18981526848368,Summer,CHARGE_PRIORITY
639.0,apartment,16.947202912320797,3.6399999999999997,3.6399999999999997,0.0,4.143262708231091,-13.307202912320797,Summer,CHARGE_PRIORITY
639.0,family_house,28.67988185161981,10.08,10.08,0.0,0.0,-18.599881851619813,Summer,CHARGE_PRIORITY
639.0,luxury_house,36.50166781115249,18.0,18.0,0.0,0.0,-18.501667811152487,Summer,CHARGE_PRIORITY
639.0,small_family,25.4208043684812,6.5,6.5,0.0,10.452584956125243,-18.9208043684812,Summer,CHARGE_PRIORITY
640.0,apartment,12.81841492152627,3.6399999999999997,3.6399999999999997,0.0,3.757620993962618,-9.17841492152627,Summer,CHARGE_PRIORITY
640.0,family_house,21.692702174890613,10.08,10.08,0.0,0.0,-11.612702174890613,Summer,CHARGE_PRIORITY
640.0,luxury_house,27.60889367713351,18.0,18.0,0.0,0.0,-9.608893677133509,Summer,CHARGE_PRIORITY
640.0,small_family,19.227622382289404,6.5,6.5,0.0,12.727622382289406,-12.727622382289406,Summer,CHARGE_PRIORITY
641.0,apartment,9.6372082626755,3.6399999999999997,3.6399999999999997,0.0,5.712079994429741,-5.997208262675501,Summer,CHARGE_PRIORITY
641.0,family_house,16.309121675297,10.08,10.08,0.0,0.0,-6.229121675297002,Summer,CHARGE_PRIORITY
641.0,luxury_house,20.757063950378004,18.0,18.0,0.0,0.0,-2.7570639503780026,Summer,CHARGE_PRIORITY
641.0,small_family,14.45581239401325,6.5,6.5,0.0,7.95581239401325,-7.95581239401325,Summer,CHARGE_PRIORITY
642.0,apartment,7.731207775664631,26.645414946136164,26.645414946136164,0.0,0.0,18.91420717047153,Summer,CHARGE_PRIORITY
642.0,family_house,13.083582389586297,27.66259086968423,27.66259086968423,0.0,0.0,14.579008480097933,Summer,CHARGE_PRIORITY
642.0,luxury_house,16.65183213220074,35.46389422503845,35.46389422503845,0.0,0.0,18.81206209283771,Summer,CHARGE_PRIORITY
642.0,small_family,11.596811663496945,26.995645929272357,26.995645929272353,0.0,0.5709230416295162,15.39883426577541,Summer,CHARGE_PRIORITY
643.0,apartment,0.0,24.197753867848323,24.197753867848323,0.0,0.0,24.197753867848323,Summer,CHARGE_PRIORITY
643.0,family_house,0.0,27.97279144563381,27.97279144563381,0.0,0.0,27.97279144563381,Summer,CHARGE_PRIORITY
643.0,luxury_house,0.0,33.6800706986358,33.6800706986358,0.0,0.0,33.6800706986358,Summer,CHARGE_PRIORITY
643.0,small_family,0.0,27.073054745899046,27.073054745899046,0.0,0.0,27.073054745899046,Summer,CHARGE_PRIORITY
644.0,apartment,0.0,20.74734033827352,19.93060039862444,0.8167399396490818,0.0,20.74734033827352,Summer,CHARGE_PRIORITY
644.0,family_house,0.0,30.42438606812757,30.42438606812757,0.0,0.0,30.42438606812757,Summer,CHARGE_PRIORITY
644.0,luxury_house,0.0,40.74146960464474,32.47285277335488,8.268616831289867,0.0,40.74146960464474,Summer,CHARGE_PRIORITY
644.0,small_family,0.0,30.93987801768009,30.93987801768009,0.0,0.0,30.93987801768009,Summer,CHARGE_PRIORITY
645.0,apartment,0.0,18.54611342062619,14.714150366771898,3.8319630538542944,0.0,18.54611342062619,Summer,CHARGE_PRIORITY
645.0,family_house,0.0,27.782076993167742,27.782076993167742,0.0,0.0,27.782076993167742,Summer,CHARGE_PRIORITY
645.0,luxury_house,0.0,36.7390636658629,12.063129132055199,24.675934533807702,0.0,36.7390636658629,Summer,CHARGE_PRIORITY
645.0,small_family,0.0,25.030116880410855,24.392964478290775,0.6371524021200781,0.0,25.030116880410855,Summer,CHARGE_PRIORITY
646.0,apartment,0.5921953434575284,3.6399999999999997,2.940812056203562,0.6991879437964376,0.0,3.0478046565424712,Summer,CHARGE_PRIORITY
646.0,family_house,1.0021767350819712,10.08,10.08,0.0,0.0,9.07782326491803,Summer,CHARGE_PRIORITY
646.0,luxury_house,1.2754976628315995,18.0,2.019281451131142,15.980718548868857,0.0,16.7245023371684,Summer,CHARGE_PRIORITY
646.0,small_family,0.8882930151862927,6.5,6.054262641749455,0.44573735825054467,0.0,5.611706984813708,Summer,CHARGE_PRIORITY
647.0,apartment,3.2405386786959407,3.6399999999999997,3.3617249272409024,0.2782750727590974,0.0,0.399461321304059,Summer,CHARGE_PRIORITY
647.0,family_house,5.483988533177746,10.08,9.698078543569776,0.3819214564302228,0.0,4.5960114668222545,Summer,CHARGE_PRIORITY
647.0,luxury_house,6.979621769498949,18.0,6.281659592549054,11.718340407450945,0.0,11.020378230501052,Summer,CHARGE_PRIORITY
647.0,small_family,4.860808018043911,6.5,6.173034956344542,0.32696504365545864,0.0,1.6391919819560894,Summer,CHARGE_PRIORITY
648.0,apartment,0.0,3.6399999999999997,2.1132034033444067,1.5267965966555928,0.0,3.6399999999999997,Summer,CHARGE_PRIORITY
648.0,family_house,0.0,10.08,6.139497694729942,3.9405023052700585,0.0,10.08,Summer,CHARGE_PRIORITY
648.0,luxury_house,0.0,18.0,0.0,18.0,0.0,18.0,Summer,CHARGE_PRIORITY
648.0,small_family,0.0,6.5,4.423619808629208,2.076380191370793,0.0,6.5,Summer,CHARGE_PRIORITY
649.0,apartment,0.9588316998330642,3.6399999999999997,2.3582839368537343,1.2817160631462654,0.0,2.6811683001669353,Summer,CHARGE_PRIORITY
649.0,family_house,1.6226382612559547,10.08,4.145460396076641,5.934539603923358,0.0,8.457361738744044,Summer,CHARGE_PRIORITY
649.0,luxury_house,2.0651759688712152,18.0,1.8586583719840934,16.14134162801591,0.0,15.934824031128784,Summer,CHARGE_PRIORITY
649.0,small_family,1.4382475497495963,6.5,4.097425905280602,2.4025740947193985,0.0,5.061752450250404,Summer,CHARGE_PRIORITY
650.0,apartment,2.564884536591142,3.6399999999999997,2.9352652215965174,0.7047347784034821,0.0,1.0751154634088576,Summer,CHARGE_PRIORITY
650.0,family_house,4.340573831154241,10.08,5.4498873360291125,4.630112663970887,0.0,5.739426168845759,Summer,CHARGE_PRIORITY
650.0,luxury_house,5.524366694196306,18.0,4.971930024776675,13.028069975223325,0.0,12.475633305803694,Summer,CHARGE_PRIORITY
650.0,small_family,3.847326804886713,6.5,4.889474747520667,1.6105252524793332,0.0,2.652673195113287,Summer,CHARGE_PRIORITY
651.0,apartment,2.3685474308163967,3.6399999999999997,2.827834524164869,0.8121654758351304,0.0,1.2714525691836027,Summer,CHARGE_PRIORITY
651.0,family_house,4.0083110367662105,10.08,4.588771722565089,5.49122827743491,0.0,6.07168896323379,Summer,CHARGE_PRIORITY
651.0,luxury_house,5.101486774066085,18.0,4.591338096659476,13.408661903340523,0.0,12.898513225933915,Summer,CHARGE_PRIORITY
651.0,small_family,3.552821146224595,6.5,4.721751786247304,1.778248213752696,0.0,2.947178853775405,Summer,CHARGE_PRIORITY
652.0,apartment,3.405600815553123,3.6399999999999997,3.330406549075744,0.3095934509242557,0.0,0.23439918444687674,Summer,CHARGE_PRIORITY
652.0,family_house,5.7633244570899,10.08,5.2721584536391655,4.807841546360834,0.0,4.316675542910099,Summer,CHARGE_PRIORITY
652.0,luxury_house,7.335140218114418,18.0,6.601626196302975,11.398373803697025,0.0,10.664859781885582,Summer,CHARGE_PRIORITY
652.0,small_family,5.108401223329684,6.5,5.441176845251859,1.0588231547481406,0.0,1.3915987766703157,Summer,CHARGE_PRIORITY
653.0,apartment,3.4788148844986115,3.6399999999999997,3.365887213257019,0.27411278674298056,0.0,0.16118511550138792,Summer,CHARGE_PRIORITY
653.0,family_house,5.887225189151497,10.08,5.2985026702363465,4.781497329763653,0.0,4.192774810848503,Summer,CHARGE_PRIORITY
653.0,luxury_house,7.492832058920087,18.0,6.743548853028077,11.256451146971923,0.0,10.507167941079913,Summer,CHARGE_PRIORITY
653.0,small_family,5.2182223267479175,6.5,5.390092365583461,1.1099076344165386,0.0,1.281777673252083,Summer,CHARGE_PRIORITY
654.0,apartment,12.5077803898449,3.6399999999999997,3.6399999999999997,0.0,0.0,-8.867780389844901,Summer,CHARGE_PRIORITY
654.0,family_house,21.167012967429834,10.08,10.08,0.0,0.0,-11.087012967429834,Summer,CHARGE_PRIORITY
654.0,luxury_house,26.93983468581979,18.0,18.0,0.0,0.0,-8.93983468581979,Summer,CHARGE_PRIORITY
654.0,small_family,18.76167058476735,6.5,6.5,0.0,0.0,-12.261670584767351,Summer,CHARGE_PRIORITY
655.0,apartment,12.668263219377597,3.6399999999999997,3.6399999999999997,0.0,0.0,-9.028263219377596,Summer,CHARGE_PRIORITY
655.0,family_house,21.438599294331315,10.08,10.08,0.0,0.0,-11.358599294331315,Summer,CHARGE_PRIORITY
655.0,luxury_house,27.285490010967127,18.0,18.0,0.0,0.0,-9.285490010967127,Summer,CHARGE_PRIORITY
655.0,small_family,19.002394829066397,6.5,6.5,0.0,0.0,-12.502394829066395,Summer,CHARGE_PRIORITY
656.0,apartment,12.529897799629463,3.6399999999999997,3.6399999999999997,0.0,0.0,-8.889897799629463,Summer,CHARGE_PRIORITY
656.0,family_house,21.204442430142166,10.08,10.08,0.0,0.0,-11.124442430142167,Summer,CHARGE_PRIORITY
656.0,luxury_house,26.987472183817303,18.0,18.0,0.0,0.0,-8.987472183817305,Summer,CHARGE_PRIORITY
656.0,small_family,18.794846699444193,6.5,6.5,0.0,0.0,-12.294846699444193,Summer,CHARGE_PRIORITY
657.0,apartment,12.516981966621387,3.6399999999999997,3.6399999999999997,0.0,0.0,-8.876981966621386,Summer,CHARGE_PRIORITY
657.0,family_house,21.18258486659004,10.08,10.08,0.0,0.0,-11.10258486659004,Summer,CHARGE_PRIORITY
657.0,luxury_house,26.959653466569144,18.0,18.0,0.0,0.0,-8.959653466569142,Summer,CHARGE_PRIORITY
657.0,small_family,18.77547294993208,6.5,6.5,0.0,0.0,-12.27547294993208,Summer,CHARGE_PRIORITY
658.0,apartment,14.670486844388245,3.6399999999999997,3.6399999999999997,0.0,0.0,-11.030486844388244,Summer,CHARGE_PRIORITY
658.0,family_house,24.826977736657028,10.08,10.08,0.0,0.0,-14.746977736657028,Summer,CHARGE_PRIORITY
658.0,luxury_house,31.59797166483622,18.0,18.0,0.0,0.0,-13.59797166483622,Summer,CHARGE_PRIORITY
658.0,small_family,22.005730266582365,6.5,6.5,0.0,0.0,-15.505730266582365,Summer,CHARGE_PRIORITY
659.0,apartment,15.659714561315171,3.6399999999999997,3.6399999999999997,0.0,0.0,-12.01971456131517,Summer,CHARGE_PRIORITY
659.0,family_house,26.501055411456445,10.08,10.08,0.0,0.0,-16.421055411456447,Summer,CHARGE_PRIORITY
659.0,luxury_house,33.72861597821729,18.0,18.0,0.0,0.0,-15.728615978217292,Summer,CHARGE_PRIORITY
659.0,small_family,23.489571841972758,6.5,6.5,0.0,0.0,-16.989571841972758,Summer,CHARGE_PRIORITY
660.0,apartment,14.947212258957084,3.6399999999999997,3.6399999999999997,0.0,0.2629228999472004,-11.307212258957083,Summer,CHARGE_PRIORITY
660.0,family_house,25.295282284388914,10.08,10.08,0.0,0.0,-15.215282284388916,Summer,CHARGE_PRIORITY
660.0,luxury_house,32.193995634676796,18.0,18.0,0.0,0.0,-14.1939956346768,Summer,CHARGE_PRIORITY
660.0,small_family,22.420818388435627,6.5,6.5,0.0,0.0,-15.920818388435626,Summer,CHARGE_PRIORITY
661.0,apartment,16.36655694583105,3.6399999999999997,3.6399999999999997,0.0,1.9579318378201616,-12.72655694583105,Summer,CHARGE_PRIORITY
661.0,family_house,27.69725021602178,10.08,10.08,0.0,0.0,-17.61725021602178,Summer,CHARGE_PRIORITY
661.0,luxury_house,35.251045729482264,18.0,18.0,0.0,0.0,-17.251045729482264,Summer,CHARGE_PRIORITY
661.0,small_family,24.549835418746575,6.5,6.5,0.0,0.7584378748169931,-18.049835418746575,Summer,CHARGE_PRIORITY
662.0,apartment,17.878635144928747,3.6399999999999997,3.6399999999999997,0.0,4.622156796060315,-14.238635144928747,Summer,CHARGE_PRIORITY
662.0,family_house,30.256151783725578,10.08,10.08,0.0,0.0,-20.17615178372558,Summer,CHARGE_PRIORITY
662.0,luxury_house,38.50782954292346,18.0,18.0,0.0,0.0,-20.507829542923457,Summer,CHARGE_PRIORITY
662.0,small_family,26.817952717393123,6.5,6.5,0.0,3.729708019713474,-20.317952717393123,Summer,CHARGE_PRIORITY
663.0,apartment,16.845229976507767,3.6399999999999997,3.6399999999999997,0.0,6.094721527618969,-13.205229976507765,Summer,CHARGE_PRIORITY
663.0,family_house,28.507312267936214,10.08,10.08,0.0,0.0,-18.427312267936216,Summer,CHARGE_PRIORITY
663.0,luxury_house,36.282033795555186,18.0,18.0,0.0,0.0,-18.282033795555186,Summer,CHARGE_PRIORITY
663.0,small_family,25.267844964761643,6.5,6.5,0.0,14.1085344932944,-18.767844964761643,Summer,CHARGE_PRIORITY
664.0,apartment,15.437773742667616,3.6399999999999997,3.6399999999999997,0.0,9.958110057563603,-11.797773742667616,Summer,CHARGE_PRIORITY
664.0,family_house,26.125463256822123,10.08,10.08,0.0,0.0,-16.045463256822124,Summer,CHARGE_PRIORITY
664.0,luxury_house,33.25058959959179,18.0,18.0,0.0,0.0,-15.250589599591791,Summer,CHARGE_PRIORITY
664.0,small_family,23.156660614001424,6.5,6.5,0.0,16.656660614001424,-16.656660614001424,Summer,CHARGE_PRIORITY
665.0,apartment,12.923155811697075,3.6399999999999997,3.6399999999999997,0.0,9.283155811697075,-9.283155811697075,Summer,CHARGE_PRIORITY
665.0,family_house,21.86995598902582,10.08,10.08,0.0,0.0,-11.789955989025819,Summer,CHARGE_PRIORITY
665.0,luxury_house,27.834489440578313,18.0,18.0,0.0,0.0,-9.834489440578313,Summer,CHARGE_PRIORITY
665.0,small_family,19.38473371754561,6.5,6.5,0.0,12.884733717545613,-12.884733717545613,Summer,CHARGE_PRIORITY
666.0,apartment,8.619453662558918,25.903698015391857,25.903698015391857,0.0,0.5622976230104435,17.28424435283294,Summer,CHARGE_PRIORITY
666.0,family_house,14.586767736638167,29.341259486857243,29.341259486857243,0.0,0.0,14.754491750219076,Summer,CHARGE_PRIORITY
666.0,luxury_house,18.564977119357668,32.305342581362055,32.305342581362055,0.0,0.0,13.740365462004386,Summer,CHARGE_PRIORITY
666.0,small_family,12.929180493838375,31.0185209645998,31.0185209645998,0.0,0.5982094383721289,18.089340470761428,Summer,CHARGE_PRIORITY
667.0,apartment,0.0,24.51872729978906,24.51872729978906,0.0,0.0,24.51872729978906,Summer,CHARGE_PRIORITY
667.0,family_house,0.0,23.244686235189384,23.244686235189384,0.0,0.0,23.244686235189384,Summer,CHARGE_PRIORITY
667.0,luxury_house,0.0,35.71053247641114,35.71053247641114,0.0,0.0,35.71053247641114,Summer,CHARGE_PRIORITY
667.0,small_family,0.0,29.480025898235162,29.480025898235162,0.0,0.0,29.480025898235162,Summer,CHARGE_PRIORITY
668.0,apartment,0.0,22.939149394682218,22.335464939934624,0.6036844547475964,0.0,22.939149394682218,Summer,CHARGE_PRIORITY
668.0,family_house,0.0,30.671030705705075,30.671030705705075,0.0,0.0,30.671030705705075,Summer,CHARGE_PRIORITY
668.0,luxury_house,0.0,38.90784604645855,38.90784604645855,0.0,0.0,38.90784604645855,Summer,CHARGE_PRIORITY
668.0,small_family,0.0,27.24750431351059,27.24750431351059,0.0,0.0,27.24750431351059,Summer,CHARGE_PRIORITY
669.0,apartment,0.23603014689180493,21.837705204288035,18.850219458023904,2.9874857462641304,0.0,21.60167505739623,Summer,CHARGE_PRIORITY
669.0,family_house,0.399435633201516,30.75707909796797,30.75707909796797,0.0,0.0,30.357643464766454,Summer,CHARGE_PRIORITY
669.0,luxury_house,0.5083726240746568,35.232940137270674,29.547793403276827,5.685146733993849,0.0,34.72456751319602,Summer,CHARGE_PRIORITY
669.0,small_family,0.35404522033770736,23.70760087618676,21.56677451831063,2.1408263578761293,0.0,23.353555655849053,Summer,CHARGE_PRIORITY
670.0,apartment,1.8374815382517389,3.6399999999999997,3.1816307810215143,0.45836921897848515,0.0,1.8025184617482608,Summer,CHARGE_PRIORITY
670.0,family_house,3.1095841416567884,10.08,10.08,0.0,0.0,6.970415858343212,Summer,CHARGE_PRIORITY
670.0,luxury_house,3.957652543926822,18.0,7.221933016975176,10.778066983024823,0.0,14.042347456073179,Summer,CHARGE_PRIORITY
670.0,small_family,2.756222307377608,6.5,5.26326156204303,1.2367384379569701,0.0,3.7437776926223916,Summer,CHARGE_PRIORITY
671.0,apartment,2.7185279005927274,3.6399999999999997,3.3646173332000275,0.2753826667999719,0.0,0.9214720994072724,Summer,CHARGE_PRIORITY
671.0,family_house,4.600585677926154,10.08,10.08,0.0,0.0,5.479414322073845,Summer,CHARGE_PRIORITY
671.0,luxury_house,5.855290862815105,18.0,5.441335870404297,12.558664129595703,0.0,12.144709137184893,Summer,CHARGE_PRIORITY
671.0,small_family,4.077791850889091,6.5,5.629234666400055,0.8707653335999441,0.0,2.4222081491109093,Summer,CHARGE_PRIORITY
672.0,apartment,0.0,3.6399999999999997,2.320062369224022,1.3199376307759776,0.0,3.6399999999999997,Summer,CHARGE_PRIORITY
672.0,family_house,0.0,10.08,9.754755158030523,0.325244841969476,0.0,10.08,Summer,CHARGE_PRIORITY
672.0,luxury_house,0.0,18.0,0.0,18.0,0.0,18.0,Summer,CHARGE_PRIORITY
672.0,small_family,0.0,6.5,4.31494069853753,2.18505930146247,0.0,6.5,Summer,CHARGE_PRIORITY
673.0,apartment,1.2119086263112497,3.6399999999999997,2.2673095650585284,1.372690434941471,0.0,2.4280913736887495,Summer,CHARGE_PRIORITY
673.0,family_house,2.0509222906805764,10.08,9.393819171801043,0.6861808281989568,0.0,8.029077709319424,Summer,CHARGE_PRIORITY
673.0,luxury_house,2.6102647335934615,18.0,2.349238260234115,15.650761739765887,0.0,15.38973526640654,Summer,CHARGE_PRIORITY
673.0,small_family,1.8178629394668746,6.5,4.255112297932394,2.244887702067606,0.0,4.682137060533125,Summer,CHARGE_PRIORITY
674.0,apartment,2.261401579740239,3.6399999999999997,2.726575437798109,0.9134245622018907,0.0,1.3785984202597608,Summer,CHARGE_PRIORITY
674.0,family_house,3.826987288791173,10.08,9.306271913146716,0.7737280868532839,0.0,6.253012711208827,Summer,CHARGE_PRIORITY
674.0,luxury_house,4.87071109482513,18.0,4.383639985342617,13.616360014657385,0.0,13.129288905174871,Summer,CHARGE_PRIORITY
674.0,small_family,3.3921023696103583,6.5,4.9090271381458415,1.5909728618541588,0.0,3.1078976303896417,Summer,CHARGE_PRIORITY
675.0,apartment,2.3914995158026215,3.6399999999999997,2.724522808752221,0.9154771912477786,0.0,1.2485004841973781,Summer,CHARGE_PRIORITY
675.0,family_house,4.0471530267428975,10.08,8.389779763710893,1.6902202362891074,0.0,6.032846973257102,Summer,CHARGE_PRIORITY
675.0,luxury_house,5.150922034036416,18.0,4.635829830632773,13.364170169367226,0.0,12.849077965963584,Summer,CHARGE_PRIORITY
675.0,small_family,3.5872492737039323,6.5,4.990088159846248,1.5099118401537517,0.0,2.9127507262960677,Summer,CHARGE_PRIORITY
676.0,apartment,1.93368658654794,3.6399999999999997,2.4709648787034744,1.1690351212965253,0.0,1.7063134134520594,Summer,CHARGE_PRIORITY
676.0,family_house,3.272392684927283,10.08,5.487314132740946,4.592685867259054,0.0,6.807607315072717,Summer,CHARGE_PRIORITY
676.0,luxury_house,4.164863417180178,18.0,3.74837707546216,14.251622924537841,0.0,13.835136582819821,Summer,CHARGE_PRIORITY
676.0,small_family,2.90052987982191,6.5,4.613302903448501,1.8866970965514993,0.0,3.5994701201780894,Summer,CHARGE_PRIORITY
677.0,apartment,2.006586220545737,3.6399999999999997,2.5113400606099465,1.1286599393900532,0.0,1.6334137794542625,Summer,CHARGE_PRIORITY
677.0,family_house,3.395761296308171,10.08,4.510886422290437,5.569113577709563,0.0,6.684238703691828,Summer,CHARGE_PRIORITY
677.0,luxury_house,4.3218780134831265,18.0,3.8896902121348136,14.110309787865187,0.0,13.678121986516874,Summer,CHARGE_PRIORITY
677.0,small_family,3.0098793308186056,6.5,4.323683815430666,2.1763161845693344,0.0,3.4901206691813944,Summer,CHARGE_PRIORITY
678.0,apartment,10.818432576936392,3.6399999999999997,3.6399999999999997,0.0,0.0,-7.178432576936391,Summer,CHARGE_PRIORITY
678.0,family_house,18.30811666866159,10.08,10.08,0.0,0.0,-8.228116668661588,Summer,CHARGE_PRIORITY
678.0,luxury_house,23.301239396478383,18.0,18.0,0.0,0.0,-5.301239396478383,Summer,CHARGE_PRIORITY
678.0,small_family,16.22764886540459,6.5,6.5,0.0,0.0,-9.72764886540459,Summer,CHARGE_PRIORITY
679.0,apartment,11.124766179651315,3.6399999999999997,3.6399999999999997,0.0,0.0,-7.484766179651315,Summer,CHARGE_PRIORITY
679.0,family_house,18.82652738094838,10.08,10.08,0.0,0.0,-8.74652738094838,Summer,CHARGE_PRIORITY
679.0,luxury_house,23.961034848479756,18.0,18.0,0.0,0.0,-5.9610348484797555,Summer,CHARGE_PRIORITY
679.0,small_family,16.687149269476972,6.5,6.5,0.0,0.0,-10.187149269476974,Summer,CHARGE_PRIORITY
680.0,apartment,12.21797518258214,3.6399999999999997,3.6399999999999997,0.0,0.0,-8.57797518258214,Summer,CHARGE_PRIORITY
680.0,family_house,20.676573385908238,10.08,10.08,0.0,0.0,-10.596573385908238,Summer,CHARGE_PRIORITY
680.0,luxury_house,26.315638854792304,18.0,18.0,0.0,0.0,-8.315638854792304,Summer,CHARGE_PRIORITY
680.0,small_family,18.32696277387321,6.5,6.5,0.0,0.0,-11.826962773873209,Summer,CHARGE_PRIORITY
681.0,apartment,13.623861033937494,3.6399999999999997,3.6399999999999997,0.0,0.0,-9.983861033937494,Summer,CHARGE_PRIORITY
681.0,family_house,23.055764826663452,10.08,10.08,0.0,0.0,-12.97576482666345,Summer,CHARGE_PRIORITY
681.0,luxury_house,29.34370068848076,18.0,18.0,0.0,0.0,-11.343700688480759,Summer,CHARGE_PRIORITY
681.0,small_family,20.43579155090624,6.5,6.5,0.0,0.0,-13.93579155090624,Summer,CHARGE_PRIORITY
682.0,apartment,14.103697289592247,3.6399999999999997,3.6399999999999997,0.0,0.0,-10.463697289592247,Summer,CHARGE_PRIORITY
682.0,family_house,23.86779541315611,10.08,10.08,0.0,0.0,-13.787795413156108,Summer,CHARGE_PRIORITY
682.0,luxury_house,30.377194162198684,18.0,18.0,0.0,0.0,-12.377194162198684,Summer,CHARGE_PRIORITY
682.0,small_family,21.155545934388368,6.5,6.5,0.0,0.0,-14.655545934388368,Summer,CHARGE_PRIORITY
683.0,apartment,13.985508220574868,3.6399999999999997,3.6399999999999997,0.0,0.0,-10.34550822057487,Summer,CHARGE_PRIORITY
683.0,family_house,23.667783142511315,10.08,10.08,0.0,0.0,-13.587783142511315,Summer,CHARGE_PRIORITY
683.0,luxury_house,30.122633090468945,18.0,18.0,0.0,0.0,-12.122633090468945,Summer,CHARGE_PRIORITY
683.0,small_family,20.978262330862304,6.5,6.5,0.0,0.0,-14.478262330862304,Summer,CHARGE_PRIORITY
684.0,apartment,15.032406210423026,3.6399999999999997,3.6399999999999997,0.0,0.0,-11.392406210423026,Summer,CHARGE_PRIORITY
684.0,family_house,25.43945666379281,10.08,10.08,0.0,0.0,-15.359456663792814,Summer,CHARGE_PRIORITY
684.0,luxury_house,32.37749029937267,18.0,18.0,0.0,0.0,-14.37749029937267,Summer,CHARGE_PRIORITY
684.0,small_family,22.54860931563454,6.5,6.5,0.0,0.0,-16.04860931563454,Summer,CHARGE_PRIORITY
685.0,apartment,17.227673147458876,3.6399999999999997,3.6399999999999997,0.0,0.12793495479529865,-13.587673147458878,Summer,CHARGE_PRIORITY
685.0,family_house,29.15452378800733,10.08,10.08,0.0,0.0,-19.074523788007333,Summer,CHARGE_PRIORITY
685.0,luxury_house,37.105757548372964,18.0,18.0,0.0,0.0,-19.105757548372967,Summer,CHARGE_PRIORITY
685.0,small_family,25.841509721188316,6.5,6.5,0.0,0.5002444812522964,-19.341509721188316,Summer,CHARGE_PRIORITY
686.0,apartment,17.883680883850722,3.6399999999999997,3.6399999999999997,0.0,1.7959770607213374,-14.24368088385072,Summer,CHARGE_PRIORITY
686.0,family_house,30.264690726516605,10.08,10.08,0.0,0.0,-20.184690726516607,Summer,CHARGE_PRIORITY
686.0,luxury_house,38.51869728829386,18.0,18.0,0.0,0.0,-20.518697288293858,Summer,CHARGE_PRIORITY
686.0,small_family,26.825521325776084,6.5,6.5,0.0,4.294809628839758,-20.325521325776084,Summer,CHARGE_PRIORITY
687.0,apartment,17.856325303235643,3.6399999999999997,3.6399999999999997,0.0,3.366993971103752,-14.216325303235642,Summer,CHARGE_PRIORITY
687.0,family_house,30.21839666701416,10.08,10.08,0.0,0.0,-20.138396667014163,Summer,CHARGE_PRIORITY
687.0,luxury_house,38.45977757619984,18.0,18.0,0.0,0.0,-20.459777576199844,Summer,CHARGE_PRIORITY
687.0,small_family,26.784487954853464,6.5,6.5,0.0,11.433778236549017,-20.284487954853464,Summer,CHARGE_PRIORITY
688.0,apartment,14.295703088239268,3.6399999999999997,3.6399999999999997,0.0,6.842937569035857,-10.655703088239267,Summer,CHARGE_PRIORITY
688.0,family_house,24.19272830317415,10.08,10.08,0.0,0.0,-14.11272830317415,Summer,CHARGE_PRIORITY
688.0,luxury_house,30.790745113130733,18.0,18.0,0.0,0.0,-12.790745113130733,Summer,CHARGE_PRIORITY
688.0,small_family,21.4435546323589,6.5,6.5,0.0,14.9435546323589,-14.9435546323589,Summer,CHARGE_PRIORITY
689.0,apartment,10.922857589543584,3.6399999999999997,3.6399999999999997,0.0,7.282857589543584,-7.282857589543584,Summer,CHARGE_PRIORITY
689.0,family_house,18.484835920766066,10.08,10.08,0.0,0.0,-8.404835920766068,Summer,CHARGE_PRIORITY
689.0,luxury_house,23.52615480824772,18.0,18.0,0.0,0.0,-5.526154808247721,Summer,CHARGE_PRIORITY
689.0,small_family,16.384286384315377,6.5,6.5,0.0,9.884286384315377,-9.884286384315377,Summer,CHARGE_PRIORITY
690.0,apartment,7.902972917808491,20.605700434332675,20.605700434332675,0.0,0.7473496942575424,12.702727516524185,Summer,CHARGE_PRIORITY
690.0,family_house,13.374261860906678,26.313669047264288,26.313669047264288,0.0,0.0,12.93940718635761,Summer,CHARGE_PRIORITY
690.0,luxury_house,17.021787822972136,37.60845184281536,37.60845184281536,0.0,0.0,20.58666401984323,Summer,CHARGE_PRIORITY
690.0,small_family,11.854459376712736,29.18251447948771,29.18251447948771,0.0,0.16373794728379443,17.328055102774975,Summer,CHARGE_PRIORITY
691.0,apartment,0.0,20.62735097563347,20.62735097563347,0.0,0.0,20.62735097563347,Summer,CHARGE_PRIORITY
691.0,family_house,0.0,27.74545927869688,27.74545927869688,0.0,0.0,27.74545927869688,Summer,CHARGE_PRIORITY
691.0,luxury_house,0.0,40.28923871841597,40.28923871841597,0.0,0.0,40.28923871841597,Summer,CHARGE_PRIORITY
691.0,small_family,0.0,29.156646157940575,29.156646157940575,0.0,0.0,29.156646157940575,Summer,CHARGE_PRIORITY
692.0,apartment,0.0,16.743110701075018,16.72761857162519,0.015492129449826031,0.0,16.743110701075018,Summer,CHARGE_PRIORITY
692.0,family_house,0.0,32.013989979959234,32.013989979959234,0.0,0.0,32.013989979959234,Summer,CHARGE_PRIORITY
692.0,luxury_house,0.0,38.596886924055305,36.4796864967982,2.1172004272571034,0.0,38.596886924055305,Summer,CHARGE_PRIORITY
692.0,small_family,0.0,26.611727835196834,26.611727835196834,0.0,0.0,26.611727835196834,Summer,CHARGE_PRIORITY
693.0,apartment,0.0,26.682269566695478,24.497021230775005,2.1852483359204715,0.0,26.682269566695478,Summer,CHARGE_PRIORITY
693.0,family_house,0.0,26.987455124098435,26.987455124098435,0.0,0.0,26.987455124098435,Summer,CHARGE_PRIORITY
693.0,luxury_house,0.0,34.549866143482475,12.72228928971031,21.827576853772165,0.0,34.549866143482475,Summer,CHARGE_PRIORITY
693.0,small_family,0.0,25.543563116011924,23.900548534257126,1.6430145817547952,0.0,25.543563116011924,Summer,CHARGE_PRIORITY
694.0,apartment,0.5443361217542177,3.6399999999999997,2.913054425287414,0.7269455747125855,0.0,3.095663878245782,Summer,CHARGE_PRIORITY
694.0,family_house,0.9211842060455993,10.08,9.32288869422762,0.7571113057723788,0.0,9.1588157939544,Summer,CHARGE_PRIORITY
694.0,luxury_house,1.1724162622398537,18.0,1.0551746360158678,16.94482536398413,0.0,16.827583737760143,Summer,CHARGE_PRIORITY
694.0,small_family,0.8165041826313267,6.5,5.6575397922646955,0.8424602077353042,0.0,5.683495817368673,Summer,CHARGE_PRIORITY
695.0,apartment,4.307725645497277,3.6399999999999997,3.6399999999999997,0.0,0.0,-0.667725645497278,Summer,CHARGE_PRIORITY
695.0,family_house,7.289997246226163,10.08,9.786749793466962,0.2932502065330378,0.0,2.7900027537738374,Summer,CHARGE_PRIORITY
695.0,luxury_house,9.278178313378753,18.0,8.350360482040877,9.649639517959123,0.0,8.721821686621247,Summer,CHARGE_PRIORITY
695.0,small_family,6.461588468245917,6.5,6.394681480218665,0.10531851978133477,0.0,0.03841153175408352,Summer,CHARGE_PRIORITY
696.0,apartment,0.0,3.6399999999999997,2.854681480218665,0.7853185197813346,0.0,3.6399999999999997,Summer,CHARGE_PRIORITY
696.0,family_house,0.0,10.08,8.277271698604757,1.802728301395242,0.0,10.08,Summer,CHARGE_PRIORITY
696.0,luxury_house,0.0,18.0,0.0,18.0,0.0,18.0,Summer,CHARGE_PRIORITY
696.0,small_family,0.0,6.5,5.348429968996557,1.1515700310034425,0.0,6.5,Summer,CHARGE_PRIORITY
697.0,apartment,0.36544787360229947,3.6399999999999997,2.875900712209708,0.7640992877902916,0.0,3.2745521263977,Summer,CHARGE_PRIORITY
697.0,family_house,0.6184502476346607,10.08,6.74863628739331,3.331363712606689,0.0,9.46154975236534,Summer,CHARGE_PRIORITY
697.0,luxury_house,0.7871184969895682,18.0,0.7084066472906113,17.29159335270939,0.0,17.212881503010433,Summer,CHARGE_PRIORITY
697.0,small_family,0.5481718104034492,6.5,4.802163194137227,1.6978368058627722,0.0,5.951828189596551,Summer,CHARGE_PRIORITY
698.0,apartment,1.484268860819928,3.6399999999999997,3.1082712249395232,0.5317287750604764,0.0,2.1557311391800718,Summer,CHARGE_PRIORITY
698.0,family_house,2.5118396106183396,10.08,6.080915837301616,3.9990841626983835,0.0,7.56816038938166,Summer,CHARGE_PRIORITY
698.0,luxury_house,3.196886777150614,18.0,2.877198099435553,15.122801900564447,0.0,14.803113222849387,Summer,CHARGE_PRIORITY
698.0,small_family,2.0551414995968234,6.5,4.470679443361679,2.0293205566383206,0.0,4.444858500403177,Summer,CHARGE_PRIORITY
699.0,apartment,1.963195559139379,3.6399999999999997,3.1407788527546736,0.499221147245326,0.0,1.6768044408606206,Summer,CHARGE_PRIORITY
699.0,family_house,3.3223309462358723,10.08,5.655437864064093,4.424562135935907,0.0,6.757669053764127,Summer,CHARGE_PRIORITY
699.0,luxury_house,4.228421204300201,18.0,3.8055790838701804,14.194420916129818,0.0,13.7715787956998,Summer,CHARGE_PRIORITY
699.0,small_family,2.718270774192986,6.5,4.240519205959483,2.2594807940405173,0.0,3.7817292258070134,Summer,CHARGE_PRIORITY
700.0,apartment,2.1550422684326564,3.6399999999999997,3.1167809358736585,0.5232190641263412,0.0,1.4849577315673432,Summer,CHARGE_PRIORITY
700.0,family_house,3.6469946081168034,10.08,4.756869224646659,5.323130775353341,0.0,6.433005391883196,Summer,CHARGE_PRIORITY
700.0,luxury_house,4.641629501239568,18.0,4.177466551115612,13.822533448884387,0.0,13.358370498760431,Summer,CHARGE_PRIORITY
700.0,small_family,2.9839046793682935,6.5,4.279501119786135,2.220498880213866,0.0,3.516095320631706,Summer,CHARGE_PRIORITY
701.0,apartment,3.6805811737378464,3.6399999999999997,3.539237863496634,0.10076213650336552,0.0,-0.0405811737378467,Summer,CHARGE_PRIORITY
701.0,family_house,6.228675832479434,10.08,6.351506874359575,3.7284931256404255,0.0,3.8513241675205663,Summer,CHARGE_PRIORITY
701.0,luxury_house,7.927405604973823,18.0,7.13466504447644,10.86533495552356,0.0,10.072594395026176,Summer,CHARGE_PRIORITY
701.0,small_family,5.096189317483173,6.5,5.175499391678666,1.3245006083213346,0.0,1.4038106825168275,Summer,CHARGE_PRIORITY
702.0,apartment,12.462927303640486,3.6399999999999997,3.6399999999999997,0.0,0.0,-8.822927303640487,Summer,CHARGE_PRIORITY
702.0,family_house,21.09110774462236,10.08,10.08,0.0,0.0,-11.01110774462236,Summer,CHARGE_PRIORITY
702.0,luxury_house,26.843228038610278,18.0,18.0,0.0,0.0,-8.843228038610278,Summer,CHARGE_PRIORITY
702.0,small_family,17.25636088196375,6.5,6.0,0.5,0.0,-10.756360881963749,Summer,CHARGE_PRIORITY
703.0,apartment,12.58792469562894,3.6399999999999997,3.6399999999999997,0.0,0.0,-8.94792469562894,Summer,CHARGE_PRIORITY
703.0,family_house,21.302641792602824,10.08,10.08,0.0,0.0,-11.222641792602824,Summer,CHARGE_PRIORITY
703.0,luxury_house,27.112453190585413,18.0,18.0,0.0,0.0,-9.112453190585414,Summer,CHARGE_PRIORITY
703.0,small_family,17.429434193947763,6.5,6.0,0.5,0.0,-10.929434193947763,Summer,CHARGE_PRIORITY
704.0,apartment,12.886558977566093,3.6399999999999997,3.6399999999999997,0.0,0.0,-9.246558977566094,Summer,CHARGE_PRIORITY
704.0,family_house,21.80802288511185,10.08,10.08,0.0,0.0,-11.72802288511185,Summer,CHARGE_PRIORITY
704.0,luxury_house,27.755665490142356,18.0,18.0,0.0,0.0,-9.755665490142354,Summer,CHARGE_PRIORITY
704.0,small_family,17.842927815091514,6.5,6.0,0.5,0.0,-11.342927815091514,Summer,CHARGE_PRIORITY
705.0,apartment,12.963079454014562,3.6399999999999997,3.6399999999999997,0.0,0.0,-9.323079454014561,Summer,CHARGE_PRIORITY
705.0,family_house,21.937519076024643,10.08,10.08,0.0,0.0,-11.857519076024643,Summer,CHARGE_PRIORITY
705.0,luxury_house,27.920478824031363,18.0,18.0,0.0,0.0,-9.920478824031363,Summer,CHARGE_PRIORITY
705.0,small_family,17.948879244020162,6.5,6.0,0.5,0.0,-11.448879244020162,Summer,CHARGE_PRIORITY
706.0,apartment,13.769651005650482,3.6399999999999997,3.6399999999999997,0.0,0.0,-10.129651005650482,Summer,CHARGE_PRIORITY
706.0,family_house,23.30248631725466,10.08,10.08,0.0,0.0,-13.222486317254665,Summer,CHARGE_PRIORITY
706.0,luxury_house,29.657709858324118,18.0,18.0,0.0,0.0,-11.657709858324118,Summer,CHARGE_PRIORITY
706.0,small_family,19.06567062320836,6.5,6.0,0.5,0.0,-12.565670623208359,Summer,CHARGE_PRIORITY
707.0,apartment,15.235987402395967,3.6399999999999997,3.6399999999999997,0.0,0.0,-11.595987402395966,Summer,CHARGE_PRIORITY
707.0,family_house,25.78397868097779,10.08,10.08,0.0,0.0,-15.70397868097779,Summer,CHARGE_PRIORITY
707.0,luxury_house,32.815972866699006,18.0,18.0,0.0,0.0,-14.815972866699006,Summer,CHARGE_PRIORITY
707.0,small_family,21.095982557163644,6.5,6.0,0.5,0.0,-14.595982557163646,Summer,CHARGE_PRIORITY
708.0,apartment,16.166449677187313,3.6399999999999997,3.6399999999999997,0.0,0.0,-12.526449677187312,Summer,CHARGE_PRIORITY
708.0,family_house,27.358607146009298,10.08,10.08,0.0,0.0,-17.2786071460093,Summer,CHARGE_PRIORITY
708.0,luxury_house,34.82004545855729,18.0,18.0,0.0,0.0,-16.82004545855729,Summer,CHARGE_PRIORITY
708.0,small_family,22.38431493764397,6.5,6.0,0.5,0.0,-15.884314937643971,Summer,CHARGE_PRIORITY
709.0,apartment,16.99541239624515,3.6399999999999997,3.6399999999999997,0.0,0.9398200832445198,-13.355412396245152,Summer,CHARGE_PRIORITY
709.0,family_house,28.76146713210718,10.08,10.08,0.0,0.0,-18.681467132107183,Summer,CHARGE_PRIORITY
709.0,luxury_house,36.605503622681866,18.0,18.0,0.0,0.0,-18.605503622681866,Summer,CHARGE_PRIORITY
709.0,small_family,23.532109471724056,6.5,6.0,0.5,0.9193827755302262,-17.032109471724056,Summer,CHARGE_PRIORITY
710.0,apartment,17.86038150896553,3.6399999999999997,3.6399999999999997,0.0,3.795357768507687,-14.220381508965533,Summer,CHARGE_PRIORITY
710.0,family_house,30.22526101517244,10.08,10.08,0.0,0.0,-20.14526101517244,Summer,CHARGE_PRIORITY
710.0,luxury_house,38.468514019310376,18.0,18.0,0.0,0.0,-20.468514019310376,Summer,CHARGE_PRIORITY
710.0,small_family,24.729759012413812,6.5,6.0,0.5,2.175437304140905,-18.229759012413812,Summer,CHARGE_PRIORITY
711.0,apartment,17.75301713078125,3.6399999999999997,3.6399999999999997,0.0,7.270231202883643,-14.113017130781248,Summer,CHARGE_PRIORITY
711.0,family_house,30.04356745209134,10.08,10.08,0.0,0.0,-19.963567452091343,Summer,CHARGE_PRIORITY
711.0,luxury_house,38.23726766629807,18.0,18.0,0.0,0.0,-20.23726766629807,Summer,CHARGE_PRIORITY
711.0,small_family,24.581100642620193,6.5,6.0,0.5,15.607900501748084,-18.081100642620193,Summer,CHARGE_PRIORITY
712.0,apartment,13.855097197439749,3.6399999999999997,3.6399999999999997,0.0,9.878606257122469,-10.215097197439748,Summer,CHARGE_PRIORITY
712.0,family_house,23.447087564898037,10.08,10.08,0.0,0.0,-13.36708756489804,Summer,CHARGE_PRIORITY
712.0,luxury_house,29.841747809870228,18.0,18.0,0.0,0.0,-11.841747809870228,Summer,CHARGE_PRIORITY
712.0,small_family,19.183980734916574,6.5,6.0,0.5,13.183980734916576,-12.683980734916576,Summer,CHARGE_PRIORITY
713.0,apartment,10.939289997902417,3.6399999999999997,3.6399999999999997,0.0,7.299289997902417,-7.299289997902417,Summer,CHARGE_PRIORITY
713.0,family_house,18.512644611834858,10.08,10.08,0.0,0.021911711139573575,-8.43264461183486,Summer,CHARGE_PRIORITY
713.0,luxury_house,23.56154768778982,18.0,18.0,0.0,0.0,-5.561547687789821,Summer,CHARGE_PRIORITY
713.0,small_family,15.146709227864886,6.5,6.0,0.5,9.146709227864886,-8.646709227864886,Summer,CHARGE_PRIORITY
714.0,apartment,9.290945580232243,22.182646233543483,22.182646233543483,0.0,0.3795399564476361,12.891700653311238,Summer,CHARGE_PRIORITY
714.0,family_house,15.72313867423918,32.36500201676224,32.36500201676224,0.0,0.0,16.641863342523056,Summer,CHARGE_PRIORITY
714.0,luxury_house,20.01126740357714,39.284908092595884,39.284908092595884,0.0,0.0,19.27364068901874,Summer,CHARGE_PRIORITY
714.0,small_family,12.864386188013874,28.225190913036386,27.234693817976122,0.9904970950602628,0.0,15.36080472502251,Summer,CHARGE_PRIORITY
715.0,apartment,0.0,24.067256792246955,24.067256792246955,0.0,0.0,24.067256792246955,Summer,CHARGE_PRIORITY
715.0,family_house,0.0,32.30865992649757,32.30865992649757,0.0,0.0,32.30865992649757,Summer,CHARGE_PRIORITY
715.0,luxury_house,0.0,36.69482231878726,36.69482231878726,0.0,0.0,36.69482231878726,Summer,CHARGE_PRIORITY
715.0,small_family,0.0,27.0108718198447,25.379472087462332,1.6313997323823664,0.0,27.0108718198447,Summer,CHARGE_PRIORITY
716.0,apartment,0.0,27.560356312302524,27.560356312302524,0.0,0.0,27.560356312302524,Summer,CHARGE_PRIORITY
716.0,family_house,0.0,32.46966606593492,32.46966606593492,0.0,0.0,32.46966606593492,Summer,CHARGE_PRIORITY
716.0,luxury_house,0.0,40.91896056697049,40.59858636820165,0.32037419876883444,0.0,40.91896056697049,Summer,CHARGE_PRIORITY
716.0,small_family,0.0,24.865886483094066,22.155300619006038,2.7105858640880265,0.0,24.865886483094066,Summer,CHARGE_PRIORITY
717.0,apartment,0.2421179442580095,20.12967292673868,17.298746091589315,2.8309268351493673,0.0,19.887554982480676,Summer,CHARGE_PRIORITY
717.0,family_house,0.4097380595135546,23.84352522700389,23.81747516454546,0.026050062458432333,0.0,23.433787167490337,Summer,CHARGE_PRIORITY
717.0,luxury_house,0.5214848030172512,34.137345869517006,20.90345702753568,13.233888841981322,0.0,33.61586106649975,Summer,CHARGE_PRIORITY
717.0,small_family,0.3352402305110901,21.276710467802722,20.096968537644326,1.1797419301583965,0.0,20.941470237291632,Summer,CHARGE_PRIORITY
718.0,apartment,1.4202070907142954,3.6399999999999997,2.7316101467857172,0.9083898532142822,0.0,2.2197929092857045,Summer,CHARGE_PRIORITY
718.0,family_house,2.4034273842857306,10.08,9.084007753076191,0.9959922469238077,0.0,7.676572615714269,Summer,CHARGE_PRIORITY
718.0,luxury_house,3.0589075800000205,18.0,4.026841080424671,13.97315891957533,0.0,14.94109241999998,Summer,CHARGE_PRIORITY
718.0,small_family,1.9664405871428705,6.5,6.0,0.5,0.0,4.533559412857129,Summer,CHARGE_PRIORITY
719.0,apartment,3.8958363203794475,3.6399999999999997,3.588558726285193,0.05144127371480678,0.0,-0.2558363203794479,Summer,CHARGE_PRIORITY
719.0,family_house,6.592953772949835,10.08,9.388943065942474,0.6910569340575248,0.0,3.4870462270501648,Summer,CHARGE_PRIORITY
719.0,luxury_house,8.391032074663425,18.0,7.551928867197082,10.448071132802918,0.0,9.608967925336575,Summer,CHARGE_PRIORITY
719.0,small_family,5.394234905140774,6.5,6.0,0.5,0.0,1.1057650948592261,Summer,CHARGE_PRIORITY
