time,household_type,generation_kwh,load_kwh,self_consumed_kwh,grid_import,grid_export,net_load_kwh,season,strategy
0.0,apartment,0.0,3.6399999999999997,3.6399999999999997,0.0,0.0,3.6399999999999997,Summer,LOAD_PRIORITY
0.0,family_house,0.0,10.08,10.08,0.0,0.0,10.08,Summer,LOAD_PRIORITY
0.0,luxury_house,0.0,18.0,18.0,0.0,0.0,18.0,Summer,LOAD_PRIORITY
0.0,small_family,0.0,6.5,6.5,0.0,0.0,6.5,Summer,LOAD_PRIORITY
1.0,apartment,0.18120850571724123,3.6399999999999997,3.6399999999999997,0.0,0.0,3.4587914942827584,Summer,LOAD_PRIORITY
1.0,family_house,0.30666054813686977,10.08,10.08,0.0,0.0,9.77333945186313,Summer,LOAD_PRIORITY
1.0,luxury_house,0.3902952430832888,18.0,18.0,0.0,0.0,17.609704756916713,Summer,LOAD_PRIORITY
1.0,small_family,0.27181275857586185,6.5,6.5,0.0,0.0,6.228187241424138,Summer,LOAD_PRIORITY
2.0,apartment,1.282347693137889,3.6399999999999997,3.6399999999999997,0.0,0.0,2.3576523068621107,Summer,LOAD_PRIORITY
2.0,family_house,2.170126865310274,10.08,10.08,0.0,0.0,7.909873134689725,Summer,LOAD_PRIORITY
2.0,luxury_house,2.7619796467585305,18.0,18.0,0.0,0.0,15.238020353241469,Summer,LOAD_PRIORITY
2.0,small_family,1.9235215397068335,6.5,6.5,0.0,0.0,4.576478460293166,Summer,LOAD_PRIORITY
3.0,apartment,0.7640006185128008,3.6399999999999997,3.6399999999999997,0.0,0.0,2.875999381487199,Summer,LOAD_PRIORITY
3.0,family_house,1.2929241236370475,10.08,10.08,0.0,0.0,8.787075876362952,Summer,LOAD_PRIORITY
3.0,luxury_house,1.6455397937198786,18.0,18.0,0.0,0.0,16.354460206280123,Summer,LOAD_PRIORITY
3.0,small_family,1.1460009277692011,6.5,6.5,0.0,0.0,5.353999072230799,Summer,LOAD_PRIORITY
4.0,apartment,0.9883709400816394,3.6399999999999997,3.6399999999999997,0.0,0.0,2.6516290599183603,Summer,LOAD_PRIORITY
4.0,family_house,1.6726277447535436,10.08,10.08,0.0,0.0,8.407372255246456,Summer,LOAD_PRIORITY
4.0,luxury_house,2.1287989478681464,18.0,18.0,0.0,0.0,15.871201052131854,Summer,LOAD_PRIORITY
4.0,small_family,1.482556410122459,6.5,6.5,0.0,0.0,5.017443589877541,Summer,LOAD_PRIORITY
5.0,apartment,1.2846784234109516,3.6399999999999997,3.6399999999999997,0.0,0.0,2.355321576589048,Summer,LOAD_PRIORITY
5.0,family_house,2.1740711780800717,10.08,10.08,0.0,0.0,7.905928821919928,Summer,LOAD_PRIORITY
5.0,luxury_house,2.766999681192819,18.0,18.0,0.0,0.0,15.23300031880718,Summer,LOAD_PRIORITY
5.0,small_family,1.9270176351164274,6.5,6.5,0.0,0.0,4.572982364883573,Summer,LOAD_PRIORITY
6.0,apartment,9.833131732210711,3.6399999999999997,3.6399999999999997,0.0,0.0,-6.193131732210712,Summer,LOAD_PRIORITY
6.0,family_house,16.64068446989505,10.08,10.08,0.0,0.0,-6.560684469895051,Summer,LOAD_PRIORITY
6.0,luxury_house,21.179052961684608,18.0,18.0,0.0,0.0,-3.179052961684609,Summer,LOAD_PRIORITY
6.0,small_family,14.749697598316065,6.5,6.5,0.0,0.0,-8.249697598316065,Summer,LOAD_PRIORITY
7.0,apartment,11.473345331126328,3.6399999999999997,3.6399999999999997,0.0,0.0,-7.833345331126328,Summer,LOAD_PRIORITY
7.0,family_house,19.416430560367637,10.08,10.08,0.0,0.0,-9.336430560367635,Summer,LOAD_PRIORITY
7.0,luxury_house,24.71182071319517,18.0,18.0,0.0,0.0,-6.71182071319517,Summer,LOAD_PRIORITY
7.0,small_family,17.210017996689494,6.5,6.5,0.0,0.0,-10.710017996689494,Summer,LOAD_PRIORITY
8.0,apartment,12.167819671292486,3.6399999999999997,3.6399999999999997,0.0,0.0,-8.527819671292487,Summer,LOAD_PRIORITY
8.0,family_house,20.59169482834113,10.08,10.08,0.0,0.0,-10.51169482834113,Summer,LOAD_PRIORITY
8.0,luxury_house,26.20761159970689,18.0,18.0,0.0,0.0,-8.20761159970689,Summer,LOAD_PRIORITY
8.0,small_family,18.25172950693873,6.5,6.5,0.0,0.0,-11.751729506938728,Summer,LOAD_PRIORITY
9.0,apartment,13.223873721656105,3.6399999999999997,3.6399999999999997,0.0,0.0,-9.583873721656104,Summer,LOAD_PRIORITY
9.0,family_house,22.37886322126418,10.08,10.08,0.0,0.0,-12.298863221264178,Summer,LOAD_PRIORITY
9.0,luxury_house,28.482189554336227,18.0,18.0,0.0,0.0,-10.482189554336227,Summer,LOAD_PRIORITY
9.0,small_family,19.83581058248416,6.5,6.5,0.0,0.0,-13.335810582484159,Summer,LOAD_PRIORITY
10.0,apartment,14.297846957690181,3.6399999999999997,3.6399999999999997,0.0,0.0,-10.65784695769018,Summer,LOAD_PRIORITY
10.0,family_house,24.19635638993723,10.08,10.08,0.0,0.0,-14.116356389937232,Summer,LOAD_PRIORITY
10.0,luxury_house,30.79536267810193,18.0,18.0,0.0,0.0,-12.795362678101931,Summer,LOAD_PRIORITY
10.0,small_family,21.44677043653527,6.5,6.5,0.0,0.0,-14.946770436535271,Summer,LOAD_PRIORITY
11.0,apartment,15.131700128238824,3.6399999999999997,3.6399999999999997,0.0,0.0,-11.491700128238824,Summer,LOAD_PRIORITY
11.0,family_house,25.60749252471186,10.08,10.08,0.0,0.0,-15.527492524711862,Summer,LOAD_PRIORITY
11.0,luxury_house,32.59135412236054,18.0,18.0,0.0,0.0,-14.591354122360546,Summer,LOAD_PRIORITY
11.0,small_family,22.69755019235824,6.5,6.5,0.0,0.0,-16.19755019235824,Summer,LOAD_PRIORITY
12.0,apartment,15.50611611364094,3.6399999999999997,3.6399999999999997,0.0,0.0,-11.86611611364094,Summer,LOAD_PRIORITY
12.0,family_house,26.24111957693082,10.08,10.08,0.0,0.0,-16.161119576930822,Summer,LOAD_PRIORITY
12.0,luxury_house,33.39778855245741,18.0,18.0,0.0,0.0,-15.397788552457412,Summer,LOAD_PRIORITY
12.0,small_family,23.25917417046141,6.5,6.5,0.0,0.0,-16.75917417046141,Summer,LOAD_PRIORITY
13.0,apartment,15.991835355497198,3.6399999999999997,3.6399999999999997,0.0,4.426863102723682,-12.351835355497197,Summer,LOAD_PRIORITY
13.0,family_house,27.063105986226027,10.08,10.08,0.0,0.0,-16.98310598622603,Summer,LOAD_PRIORITY
13.0,luxury_house,34.44395307337858,18.0,18.0,0.0,0.0,-16.44395307337858,Summer,LOAD_PRIORITY
13.0,small_family,23.987753033245795,6.5,6.5,0.0,5.090164514815154,-17.487753033245795,Summer,LOAD_PRIORITY
14.0,apartment,16.913204736022088,3.6399999999999997,3.6399999999999997,0.0,13.273204736022088,-13.273204736022088,Summer,LOAD_PRIORITY
14.0,family_house,28.622346476345072,10.08,10.08,0.0,0.0,-18.542346476345074,Summer,LOAD_PRIORITY
14.0,luxury_house,36.42844096989373,18.0,18.0,0.0,0.0,-18.428440969893728,Summer,LOAD_PRIORITY
14.0,small_family,25.36980710403313,6.5,6.5,0.0,18.86980710403313,-18.86980710403313,Summer,LOAD_PRIORITY
15.0,apartment,18.469564573861454,3.6399999999999997,3.6399999999999997,0.0,14.829564573861456,-14.829564573861456,Summer,LOAD_PRIORITY
15.0,family_house,31.256186201919387,10.08,10.08,0.0,0.0,-21.17618620191939,Summer,LOAD_PRIORITY
15.0,luxury_house,39.780600620624675,18.0,18.0,0.0,0.0,-21.780600620624675,Summer,LOAD_PRIORITY
15.0,small_family,27.704346860792185,6.5,6.5,0.0,21.204346860792185,-21.204346860792185,Summer,LOAD_PRIORITY
16.0,apartment,14.978938234093125,3.6399999999999997,3.6399999999999997,0.0,11.338938234093126,-11.338938234093126,Summer,LOAD_PRIORITY
16.0,family_house,25.3489723961576,10.08,10.08,0.0,12.36443409634731,-15.268972396157602,Summer,LOAD_PRIORITY
16.0,luxury_house,32.26232850420058,18.0,18.0,0.0,0.0,-14.262328504200582,Summer,LOAD_PRIORITY
16.0,small_family,22.46840735113969,6.5,6.5,0.0,15.968407351139689,-15.968407351139689,Summer,LOAD_PRIORITY
17.0,apartment,12.105712412283262,3.6399999999999997,3.6399999999999997,0.0,8.465712412283262,-8.465712412283262,Summer,LOAD_PRIORITY
17.0,family_house,20.486590236171672,10.08,10.08,0.0,10.406590236171672,-10.406590236171672,Summer,LOAD_PRIORITY
17.0,luxury_house,26.073842118763945,18.0,18.0,0.0,0.0,-8.073842118763945,Summer,LOAD_PRIORITY
17.0,small_family,18.158568618424894,6.5,6.5,0.0,11.658568618424894,-11.658568618424894,Summer,LOAD_PRIORITY
18.0,apartment,8.778421177161835,26.247509553726136,26.247509553726136,0.0,0.40601683464824706,17.4690883765643,Summer,LOAD_PRIORITY
18.0,family_house,14.85578968442772,25.04401169319623,25.04401169319623,0.0,0.712725007136521,10.18822200876851,Summer,LOAD_PRIORITY
18.0,luxury_house,18.907368689271642,34.89780720045481,34.897807200454814,0.0,0.0,15.990438511183166,Summer,LOAD_PRIORITY
18.0,small_family,13.167631765742753,20.481448852847368,20.481448852847368,0.0,0.662982062984042,7.313817087104617,Summer,LOAD_PRIORITY
19.0,apartment,0.0,17.12697407801584,17.12697407801584,0.0,0.0,17.12697407801584,Summer,LOAD_PRIORITY
19.0,family_house,0.0,24.30754034721862,24.30754034721862,0.0,0.0,24.30754034721862,Summer,LOAD_PRIORITY
19.0,luxury_house,0.0,42.41240540368358,42.41240540368358,0.0,0.0,42.41240540368358,Summer,LOAD_PRIORITY
19.0,small_family,0.0,25.018913441613943,25.018913441613943,0.0,0.0,25.018913441613943,Summer,LOAD_PRIORITY
20.0,apartment,1.0458768707398602,21.468851937136552,21.468851937136552,0.0,0.0,20.422975066396692,Summer,LOAD_PRIORITY
20.0,family_house,1.7699454735597637,24.871199128538088,24.871199128538088,0.0,0.0,23.101253654978326,Summer,LOAD_PRIORITY
20.0,luxury_house,2.252657875439699,31.115906598275892,31.115906598275892,0.0,0.0,28.863248722836193,Summer,LOAD_PRIORITY
20.0,small_family,1.5688153061097903,27.62772494350341,27.62772494350341,0.0,0.0,26.058909637393622,Summer,LOAD_PRIORITY
21.0,apartment,1.9651514533449979,19.708071627191764,19.708071627191764,0.0,0.0,17.742920173846763,Summer,LOAD_PRIORITY
21.0,family_house,3.3256409210453812,24.52623340419323,24.52623340419323,0.0,0.0,21.20059248314785,Summer,LOAD_PRIORITY
21.0,luxury_house,4.232633899512304,40.985841068593004,38.63855965663723,2.3472814119557808,0.0,36.7532071690807,Summer,LOAD_PRIORITY
21.0,small_family,2.947727180017497,28.380159593342903,28.380159593342903,0.0,0.0,25.432432413325404,Summer,LOAD_PRIORITY
22.0,apartment,2.4192728879714362,3.6399999999999997,3.6399999999999997,0.0,0.0,1.2207271120285632,Summer,LOAD_PRIORITY
22.0,family_house,4.094154118105508,10.08,10.08,0.0,0.0,5.985845881894491,Summer,LOAD_PRIORITY
22.0,luxury_house,5.210741604861555,18.0,14.945737774973306,3.054262225026693,0.0,12.789258395138443,Summer,LOAD_PRIORITY
22.0,small_family,3.628909331957155,6.5,6.5,0.0,0.0,2.871090668042845,Summer,LOAD_PRIORITY
23.0,apartment,5.885786941712818,3.6399999999999997,3.6399999999999997,0.0,0.0,-2.2457869417128187,Summer,LOAD_PRIORITY
23.0,family_house,9.960562516744771,10.08,10.08,0.0,0.0,0.11943748325522918,Summer,LOAD_PRIORITY
23.0,luxury_house,12.677079566766071,18.0,15.695824412831794,2.304175587168207,0.0,5.3229204332339295,Summer,LOAD_PRIORITY
23.0,small_family,8.828680412569229,6.5,6.5,0.0,0.0,-2.328680412569228,Summer,LOAD_PRIORITY
24.0,apartment,0.0,3.6399999999999997,3.6399999999999997,0.0,0.0,3.6399999999999997,Summer,LOAD_PRIORITY
24.0,family_house,0.0,10.08,10.08,0.0,0.0,10.08,Summer,LOAD_PRIORITY
24.0,luxury_house,0.0,18.0,4.523119613949957,13.476880386050043,0.0,18.0,Summer,LOAD_PRIORITY
24.0,small_family,0.0,6.5,6.5,0.0,0.0,6.5,Summer,LOAD_PRIORITY
25.0,apartment,2.0447840281509215,3.6399999999999997,3.6399999999999997,0.0,0.0,1.595215971849078,Summer,LOAD_PRIORITY
25.0,family_house,3.460403739947713,10.08,10.080000000000002,0.0,0.0,6.619596260052287,Summer,LOAD_PRIORITY
25.0,luxury_house,4.404150214478908,18.0,4.916218665719687,13.083781334280312,0.0,13.595849785521091,Summer,LOAD_PRIORITY
25.0,small_family,3.0671760422263827,6.5,6.5,0.0,0.0,3.432823957773617,Summer,LOAD_PRIORITY
26.0,apartment,1.1611499534350318,3.6399999999999997,3.4980495995678345,0.14195040043216517,0.0,2.478850046564968,Summer,LOAD_PRIORITY
26.0,family_house,1.9650229981208232,10.08,10.08,0.0,0.0,8.114977001879176,Summer,LOAD_PRIORITY
26.0,luxury_house,2.500938361244684,18.0,2.500938361244684,15.499061638755315,0.0,15.499061638755315,Summer,LOAD_PRIORITY
26.0,small_family,1.741724930152548,6.5,6.175496193300453,0.3245038066995475,0.0,4.758275069847452,Summer,LOAD_PRIORITY
27.0,apartment,1.9525427093560837,3.6399999999999997,3.4175713226582185,0.22242867734178123,0.0,1.687457290643916,Summer,LOAD_PRIORITY
27.0,family_house,3.3043030466026035,10.08,9.750633579200429,0.3293664207995697,0.0,6.775696953397396,Summer,LOAD_PRIORITY
27.0,luxury_house,4.205476604766949,18.0,4.205476604766949,13.79452339523305,0.0,13.79452339523305,Summer,LOAD_PRIORITY
27.0,small_family,2.928814064034126,6.5,5.950586779082173,0.5494132209178268,0.0,3.5711859359658744,Summer,LOAD_PRIORITY
28.0,apartment,2.0149149615286093,3.6399999999999997,3.3899869171582475,0.25001308284175233,0.0,1.6250850384713902,Summer,LOAD_PRIORITY
28.0,family_house,3.4098560887407237,10.08,9.047239868658465,1.0327601313415327,0.0,6.6701439112592755,Summer,LOAD_PRIORITY
28.0,luxury_house,4.339816840215466,18.0,4.339816840215466,13.660183159784532,0.0,13.660183159784532,Summer,LOAD_PRIORITY
28.0,small_family,3.022372442292914,6.5,5.964980375737372,0.5350196242626286,0.0,3.477627557707086,Summer,LOAD_PRIORITY
29.0,apartment,1.9079972015893052,3.6399999999999997,3.373538031013739,0.2664619689862607,0.0,1.7320027984106945,Summer,LOAD_PRIORITY
29.0,family_house,3.228918341151132,10.08,8.938153056858521,1.141846943141478,0.0,6.851081658848868,Summer,LOAD_PRIORITY
29.0,luxury_house,4.109532434192349,18.0,4.109532434192349,13.89046756580765,0.0,13.89046756580765,Summer,LOAD_PRIORITY
29.0,small_family,2.861995802383958,6.5,5.764876448972794,0.7351235510272058,0.0,3.638004197616042,Summer,LOAD_PRIORITY
30.0,apartment,10.720730870512162,3.6399999999999997,3.6399999999999997,0.0,0.0,-7.080730870512161,Summer,LOAD_PRIORITY
30.0,family_house,18.142775319328276,10.08,10.08,0.0,0.0,-8.062775319328276,Summer,LOAD_PRIORITY
30.0,luxury_house,23.09080495187235,18.0,18.0,0.0,0.0,-5.090804951872348,Summer,LOAD_PRIORITY
30.0,small_family,16.081096305768245,6.5,6.5,0.0,0.0,-9.581096305768243,Summer,LOAD_PRIORITY
31.0,apartment,10.91498024450718,3.6399999999999997,3.6399999999999997,0.0,0.0,-7.27498024450718,Summer,LOAD_PRIORITY
31.0,family_house,18.471505029165996,10.08,10.08,0.0,0.0,-8.391505029165996,Summer,LOAD_PRIORITY
31.0,luxury_house,23.50918821893854,18.0,18.0,0.0,0.0,-5.509188218938541,Summer,LOAD_PRIORITY
31.0,small_family,16.37247036676077,6.5,6.5,0.0,0.0,-9.872470366760771,Summer,LOAD_PRIORITY
32.0,apartment,11.290862287790263,3.6399999999999997,3.6399999999999997,0.0,0.0,-7.650862287790263,Summer,LOAD_PRIORITY
32.0,family_house,19.10761310241429,10.08,10.08,0.0,0.0,-9.027613102414293,Summer,LOAD_PRIORITY
32.0,luxury_house,24.318780312163646,18.0,18.0,0.0,0.0,-6.318780312163646,Summer,LOAD_PRIORITY
32.0,small_family,16.936293431685392,6.5,6.5,0.0,0.0,-10.436293431685392,Summer,LOAD_PRIORITY
33.0,apartment,11.978822666900612,3.6399999999999997,3.6399999999999997,0.0,0.0,-8.338822666900613,Summer,LOAD_PRIORITY
33.0,family_house,20.271853743985652,10.08,10.08,0.0,0.0,-10.19185374398565,Summer,LOAD_PRIORITY
33.0,luxury_house,25.800541128709007,18.0,18.0,0.0,0.0,-7.800541128709009,Summer,LOAD_PRIORITY
33.0,small_family,17.968234000350918,6.5,6.5,0.0,0.0,-11.468234000350918,Summer,LOAD_PRIORITY
34.0,apartment,11.934365937580948,3.6399999999999997,3.6399999999999997,0.0,0.0,-8.294365937580949,Summer,LOAD_PRIORITY
34.0,family_house,20.196619278983142,10.08,10.08,0.0,0.0,-10.116619278983142,Summer,LOAD_PRIORITY
34.0,luxury_house,25.704788173251274,18.0,18.0,0.0,0.0,-7.704788173251272,Summer,LOAD_PRIORITY
34.0,small_family,17.901548906371424,6.5,6.5,0.0,0.0,-11.401548906371422,Summer,LOAD_PRIORITY
35.0,apartment,12.11040387483319,3.6399999999999997,3.6399999999999997,0.0,0.0,-8.47040387483319,Summer,LOAD_PRIORITY
35.0,family_house,20.49452963433309,10.08,10.08,0.0,0.0,-10.414529634333089,Summer,LOAD_PRIORITY
35.0,luxury_house,26.083946807333025,18.0,18.0,0.0,0.0,-8.083946807333025,Summer,LOAD_PRIORITY
35.0,small_family,18.165605812249783,6.5,6.5,0.0,0.0,-11.665605812249783,Summer,LOAD_PRIORITY
36.0,apartment,13.923605722707492,3.6399999999999997,3.6399999999999997,0.0,0.7641255495186172,-10.283605722707492,Summer,LOAD_PRIORITY
36.0,family_house,23.563025069197295,10.08,10.08,0.0,0.0,-13.483025069197295,Summer,LOAD_PRIORITY
36.0,luxury_house,29.98930463352383,18.0,18.0,0.0,0.0,-11.989304633523828,Summer,LOAD_PRIORITY
36.0,small_family,20.885408584061235,6.5,6.5,0.0,0.770348729378187,-14.385408584061235,Summer,LOAD_PRIORITY
37.0,apartment,13.178894603249983,3.6399999999999997,3.6399999999999997,0.0,0.7337611233269217,-9.538894603249982,Summer,LOAD_PRIORITY
37.0,family_house,22.30274471319228,10.08,10.08,0.0,0.0,-12.22274471319228,Summer,LOAD_PRIORITY
37.0,luxury_house,28.38531145315381,18.0,18.0,0.0,0.0,-10.38531145315381,Summer,LOAD_PRIORITY
37.0,small_family,19.768341904874976,6.5,6.5,0.0,1.0206416849903828,-13.268341904874976,Summer,LOAD_PRIORITY
38.0,apartment,14.746426630773868,3.6399999999999997,3.6399999999999997,0.0,0.9446202925470791,-11.106426630773868,Summer,LOAD_PRIORITY
38.0,family_house,24.955491221309618,10.08,10.08,0.0,0.0,-14.87549122130962,Summer,LOAD_PRIORITY
38.0,luxury_house,31.76153428166679,18.0,18.0,0.0,0.0,-13.76153428166679,Summer,LOAD_PRIORITY
38.0,small_family,22.1196399461608,6.5,6.5,0.0,2.672377743627928,-15.619639946160799,Summer,LOAD_PRIORITY
39.0,apartment,15.404086696571104,3.6399999999999997,3.6399999999999997,0.0,2.7147892376702547,-11.764086696571104,Summer,LOAD_PRIORITY
39.0,family_house,26.068454409581868,10.08,10.08,0.0,0.566331757427397,-15.98845440958187,Summer,LOAD_PRIORITY
39.0,luxury_house,33.17803288492238,18.0,18.0,0.0,0.0,-15.178032884922379,Summer,LOAD_PRIORITY
39.0,small_family,23.10613004485666,6.5,6.5,0.0,4.954827549261754,-16.60613004485666,Summer,LOAD_PRIORITY
40.0,apartment,15.082816412959527,3.6399999999999997,3.6399999999999997,0.0,4.520140689688323,-11.442816412959527,Summer,LOAD_PRIORITY
40.0,family_house,25.524766237316122,10.08,10.08,0.0,1.8740926944577492,-15.444766237316124,Summer,LOAD_PRIORITY
40.0,luxury_house,32.48606612022052,18.0,18.0,0.0,0.0,-14.48606612022052,Summer,LOAD_PRIORITY
40.0,small_family,22.62422461943929,6.5,6.5,0.0,10.459476598482302,-16.12422461943929,Summer,LOAD_PRIORITY
41.0,apartment,13.99363275794507,3.6399999999999997,3.6399999999999997,0.0,8.316358024361357,-10.353632757945071,Summer,LOAD_PRIORITY
41.0,family_house,23.681532359599352,10.08,10.08,0.0,4.8330902073279365,-13.601532359599354,Summer,LOAD_PRIORITY
41.0,luxury_house,30.14013209403554,18.0,18.0,0.0,0.0,-12.14013209403554,Summer,LOAD_PRIORITY
41.0,small_family,20.990449136917604,6.5,6.5,0.0,14.490449136917604,-14.490449136917604,Summer,LOAD_PRIORITY
42.0,apartment,11.282749403194526,20.537971044098374,20.537971044098374,0.0,2.1704129587148806,9.255221640903846,Summer,LOAD_PRIORITY
42.0,family_house,19.09388360540612,23.19771591831885,23.19771591831885,0.0,1.1101088440702067,4.103832312912726,Summer,LOAD_PRIORITY
42.0,luxury_house,24.30130640688052,37.14235678198281,37.14235678198281,0.0,0.0,12.841050375102292,Summer,LOAD_PRIORITY
42.0,small_family,16.924124104791787,25.553200872126236,25.553200872126236,0.0,1.7469996210029517,8.629076767334446,Summer,LOAD_PRIORITY
43.0,apartment,3.8119733137092364,21.210334885518282,21.210334885518282,0.0,0.0,17.398361571809044,Summer,LOAD_PRIORITY
43.0,family_house,6.451031761661786,25.970510660616394,25.970510660616394,0.0,0.0,19.51947889895461,Summer,LOAD_PRIORITY
43.0,luxury_house,8.210404060296817,33.05448800360393,33.05448800360393,0.0,0.0,24.84408394330711,Summer,LOAD_PRIORITY
43.0,small_family,5.717959970563855,25.02000896710788,25.02000896710788,0.0,0.0,19.302048996544027,Summer,LOAD_PRIORITY
44.0,apartment,1.4285235500464855,23.650000709337288,23.650000709337288,0.0,0.0,22.221477159290803,Summer,LOAD_PRIORITY
44.0,family_house,2.41750139238636,25.646885804656595,25.646885804656595,0.0,0.0,23.229384412270235,Summer,LOAD_PRIORITY
44.0,luxury_house,3.076819953946276,40.460480529897254,40.44020876853916,0.020271761358092277,0.0,37.38366057595098,Summer,LOAD_PRIORITY
44.0,small_family,2.1427853250697284,23.867947452624755,23.867947452624755,0.0,0.0,21.725162127555027,Summer,LOAD_PRIORITY
45.0,apartment,6.540060384936827,26.432717957839085,25.26055924343564,1.172158714403444,0.0,19.89265757290226,Summer,LOAD_PRIORITY
45.0,family_house,11.0677944975854,25.755792524397915,25.755792524397915,0.0,0.0,14.687998026812517,Summer,LOAD_PRIORITY
45.0,luxury_house,14.08628390601778,34.59865108456375,28.607022007435432,5.991629077128317,0.0,20.51236717854597,Summer,LOAD_PRIORITY
45.0,small_family,9.81009057740524,21.121506230545247,21.121506230545247,0.0,0.0,11.311415653140005,Summer,LOAD_PRIORITY
46.0,apartment,3.9873818687358407,3.6399999999999997,3.6399999999999997,0.0,0.0,-0.3473818687358408,Summer,LOAD_PRIORITY
46.0,family_house,6.747877008629883,10.08,10.08,0.0,0.0,3.332122991370116,Summer,LOAD_PRIORITY
46.0,luxury_house,8.588207101892579,18.0,13.34979521573573,4.650204784264269,0.0,9.411792898107421,Summer,LOAD_PRIORITY
46.0,small_family,5.9810728031037605,6.5,6.5,0.0,0.0,0.5189271968962393,Summer,LOAD_PRIORITY
47.0,apartment,2.889622608561888,3.6399999999999997,3.6063281761864725,0.03367182381352729,0.0,0.7503773914381114,Summer,LOAD_PRIORITY
47.0,family_house,4.890130568335502,10.08,10.08,0.0,0.0,5.189869431664497,Summer,LOAD_PRIORITY
47.0,luxury_house,6.223802541517912,18.0,11.130551482552116,6.869448517447884,0.0,11.776197458482088,Summer,LOAD_PRIORITY
47.0,small_family,4.334433912842832,6.5,6.5,0.0,0.0,2.1655660871571683,Summer,LOAD_PRIORITY
48.0,apartment,0.0,3.6399999999999997,2.899685204527585,0.740314795472415,0.0,3.6399999999999997,Summer,LOAD_PRIORITY
48.0,family_house,0.0,10.08,10.08,0.0,0.0,10.08,Summer,LOAD_PRIORITY
48.0,luxury_house,0.0,18.0,5.67360337103863,12.32639662896137,0.0,18.0,Summer,LOAD_PRIORITY
48.0,small_family,0.0,6.5,6.5,0.0,0.0,6.5,Summer,LOAD_PRIORITY
49.0,apartment,0.0,3.6399999999999997,2.4894320433022203,1.1505679566977793,0.0,3.6399999999999997,Summer,LOAD_PRIORITY
49.0,family_house,0.0,10.08,10.08,0.0,0.0,10.08,Summer,LOAD_PRIORITY
49.0,luxury_house,0.0,18.0,1.617314055879013,16.382685944120986,0.0,18.0,Summer,LOAD_PRIORITY
49.0,small_family,0.0,6.5,6.5,0.0,0.0,6.5,Summer,LOAD_PRIORITY
50.0,apartment,0.0,3.6399999999999997,2.2399999999999998,1.4,0.0,3.6399999999999997,Summer,LOAD_PRIORITY
50.0,family_house,0.0,10.08,9.861711029881937,0.21828897011806325,0.0,10.08,Summer,LOAD_PRIORITY
50.0,luxury_house,0.0,18.0,0.0,18.0,0.0,18.0,Summer,LOAD_PRIORITY
50.0,small_family,0.0,6.5,6.5,0.0,0.0,6.5,Summer,LOAD_PRIORITY
51.0,apartment,1.7275706358105496,3.6399999999999997,2.904450244542519,0.7355497554574808,0.0,1.91242936418945,Summer,LOAD_PRIORITY
51.0,family_house,2.9235810759870837,10.08,9.483631756332256,0.596368243667743,0.0,7.156418924012916,Summer,LOAD_PRIORITY
51.0,luxury_house,3.7209213694381065,18.0,3.7209213694381065,14.279078630561894,0.0,14.279078630561894,Summer,LOAD_PRIORITY
51.0,small_family,2.591355953715824,6.5,6.5,0.0,0.0,3.9086440462841763,Summer,LOAD_PRIORITY
52.0,apartment,2.029514921742773,3.6399999999999997,3.0205826622087586,0.619417337791241,0.0,1.6104850782572266,Summer,LOAD_PRIORITY
52.0,family_house,3.4345637137185383,10.08,9.37287666026452,0.707123339735481,0.0,6.645436286281462,Summer,LOAD_PRIORITY
52.0,luxury_house,4.371262908369049,18.0,4.371262908369049,13.62873709163095,0.0,13.62873709163095,Summer,LOAD_PRIORITY
52.0,small_family,3.0442723826141593,6.5,6.5,0.0,0.0,3.4557276173858407,Summer,LOAD_PRIORITY
53.0,apartment,2.2827178749933985,3.6399999999999997,3.117968413458999,0.5220315865410006,0.0,1.3572821250066014,Summer,LOAD_PRIORITY
53.0,family_house,3.8630610192195975,10.08,9.043843503203265,1.0361564967967336,0.0,6.216938980780402,Summer,LOAD_PRIORITY
53.0,luxury_house,4.916623115370396,18.0,4.916623115370396,13.083376884629603,0.0,13.083376884629603,Summer,LOAD_PRIORITY
53.0,small_family,3.4240768124900973,6.5,6.5,0.0,0.0,3.0759231875099027,Summer,LOAD_PRIORITY
54.0,apartment,10.942953189450261,3.6399999999999997,3.6399999999999997,0.0,0.0,-7.3029531894502595,Summer,LOAD_PRIORITY
54.0,family_house,18.51884385906967,10.08,10.08,0.0,0.0,-8.43884385906967,Summer,LOAD_PRIORITY
54.0,luxury_house,23.569437638815945,18.0,18.0,0.0,0.0,-5.569437638815945,Summer,LOAD_PRIORITY
54.0,small_family,16.41442978417539,6.5,6.5,0.0,0.0,-9.91442978417539,Summer,LOAD_PRIORITY
55.0,apartment,11.32671971082745,3.6399999999999997,3.6399999999999997,0.0,0.0,-7.686719710827451,Summer,LOAD_PRIORITY
55.0,family_house,19.168294895246458,10.08,10.08,0.0,0.0,-9.08829489524646,Summer,LOAD_PRIORITY
55.0,luxury_house,24.396011684859126,18.0,18.0,0.0,0.0,-6.396011684859127,Summer,LOAD_PRIORITY
55.0,small_family,16.990079566241178,6.5,6.5,0.0,0.0,-10.490079566241178,Summer,LOAD_PRIORITY
56.0,apartment,11.647387934427924,3.6399999999999997,3.6399999999999997,0.0,0.0,-8.007387934427925,Summer,LOAD_PRIORITY
56.0,family_house,19.710964196724177,10.08,10.08,0.0,0.0,-9.630964196724179,Summer,LOAD_PRIORITY
56.0,luxury_house,25.08668170492168,18.0,18.0,0.0,0.0,-7.086681704921681,Summer,LOAD_PRIORITY
56.0,small_family,17.471081901641888,6.5,6.5,0.0,0.0,-10.971081901641886,Summer,LOAD_PRIORITY
57.0,apartment,12.38466715565772,3.6399999999999997,3.6399999999999997,0.0,0.0,-8.74466715565772,Summer,LOAD_PRIORITY
57.0,family_house,20.958667494189985,10.08,10.08,0.0,0.0,-10.878667494189985,Summer,LOAD_PRIORITY
57.0,luxury_house,26.674667719878165,18.0,18.0,0.0,0.0,-8.674667719878164,Summer,LOAD_PRIORITY
57.0,small_family,17.148000677064534,6.5,6.5,0.0,0.0,-10.648000677064534,Summer,LOAD_PRIORITY
58.0,apartment,13.235795437717366,3.6399999999999997,3.6399999999999997,0.0,0.0,-9.595795437717365,Summer,LOAD_PRIORITY
58.0,family_house,22.39903843306016,10.08,10.08,0.0,0.0,-12.31903843306016,Summer,LOAD_PRIORITY
58.0,luxury_house,28.50786709662202,18.0,18.0,0.0,0.0,-10.507867096622022,Summer,LOAD_PRIORITY
58.0,small_family,18.326485990685587,6.5,6.5,0.0,0.24677358114161596,-11.826485990685587,Summer,LOAD_PRIORITY
59.0,apartment,14.166674631157896,3.6399999999999997,3.6399999999999997,0.0,0.0,-10.526674631157896,Summer,LOAD_PRIORITY
59.0,family_house,23.974372452728748,10.08,10.08,0.0,0.0,-13.894372452728746,Summer,LOAD_PRIORITY
59.0,luxury_house,30.512837667109316,18.0,18.0,0.0,0.0,-12.512837667109316,Summer,LOAD_PRIORITY
59.0,small_family,19.615395643141703,6.5,6.5,0.0,1.1346163035951418,-13.115395643141701,Summer,LOAD_PRIORITY
60.0,apartment,15.257481052069322,3.6399999999999997,3.6399999999999997,0.0,1.496285070071787,-11.617481052069321,Summer,LOAD_PRIORITY
60.0,family_house,25.82035254965578,10.08,10.08,0.0,0.0,-15.740352549655782,Summer,LOAD_PRIORITY
60.0,luxury_house,32.86226688138008,18.0,18.0,0.0,0.0,-14.86226688138008,Summer,LOAD_PRIORITY
60.0,small_family,21.12574299517291,6.5,6.5,0.0,2.5303806322855946,-14.62574299517291,Summer,LOAD_PRIORITY
61.0,apartment,16.45239112301508,3.6399999999999997,3.6399999999999997,0.0,3.3391513421714696,-12.812391123015079,Summer,LOAD_PRIORITY
61.0,family_house,27.842508054333212,10.08,10.08,0.0,0.037125275885727005,-17.762508054333214,Summer,LOAD_PRIORITY
61.0,luxury_house,35.43591934187863,18.0,18.0,0.0,0.0,-17.43591934187863,Summer,LOAD_PRIORITY
61.0,small_family,22.780233862636262,6.5,6.5,0.0,5.148965887992661,-16.280233862636262,Summer,LOAD_PRIORITY
62.0,apartment,17.522516121546538,3.6399999999999997,3.6399999999999997,0.0,5.268896770724274,-13.882516121546537,Summer,LOAD_PRIORITY
62.0,family_house,29.65348882107876,10.08,10.08,0.0,2.7796104758728246,-19.57348882107876,Summer,LOAD_PRIORITY
62.0,luxury_house,37.74080395410024,18.0,18.0,0.0,0.0,-19.740803954100237,Summer,LOAD_PRIORITY
62.0,small_family,24.261945399064437,6.5,6.273457898088351,0.22654210191164947,11.195549307538188,-17.761945399064437,Summer,LOAD_PRIORITY
63.0,apartment,17.843294998482577,3.6399999999999997,3.6399999999999997,0.0,6.842348711388685,-14.203294998482574,Summer,LOAD_PRIORITY
63.0,family_house,30.196345382047436,10.08,10.08,0.0,6.043123960683793,-20.116345382047438,Summer,LOAD_PRIORITY
63.0,luxury_house,38.43171230442401,18.0,18.0,0.0,0.0,-20.43171230442401,Summer,LOAD_PRIORITY
63.0,small_family,24.706100767129723,6.5,6.0,0.5,18.581492285514802,-18.206100767129723,Summer,LOAD_PRIORITY
64.0,apartment,14.15847995780439,3.6399999999999997,3.6399999999999997,0.0,8.166599423528142,-10.51847995780439,Summer,LOAD_PRIORITY
64.0,family_house,23.960504543976658,10.08,10.08,0.0,7.6686168158794965,-13.880504543976658,Summer,LOAD_PRIORITY
64.0,luxury_house,30.49518760142484,18.0,18.0,0.0,0.0,-12.49518760142484,Summer,LOAD_PRIORITY
64.0,small_family,19.60404917234454,6.5,6.0,0.5,13.604049172344538,-13.104049172344538,Summer,LOAD_PRIORITY
65.0,apartment,10.278131890049819,3.6399999999999997,3.6399999999999997,0.0,6.638131890049819,-6.638131890049819,Summer,LOAD_PRIORITY
65.0,family_house,17.39376166008431,10.08,10.08,0.0,4.912387275160866,-7.3137616600843085,Summer,LOAD_PRIORITY
65.0,luxury_house,22.1375148401073,18.0,18.0,0.0,0.0,-4.137514840107302,Summer,LOAD_PRIORITY
65.0,small_family,14.23125954006898,6.5,6.0,0.5,8.23125954006898,-7.7312595400689785,Summer,LOAD_PRIORITY
66.0,apartment,9.026030940569406,23.92081253472663,23.92081253472663,0.0,0.0,14.894781594157225,Summer,LOAD_PRIORITY
66.0,family_house,15.274821591732843,30.964186093347898,30.964186093347898,0.0,0.0,15.689364501615055,Summer,LOAD_PRIORITY
66.0,luxury_house,19.4406820258418,34.51784629415242,34.51784629415242,0.0,0.0,15.077164268310618,Summer,LOAD_PRIORITY
66.0,small_family,12.497581302326871,27.128860790925664,24.89784262739648,2.2310181635291837,0.8703605880591012,14.631279488598791,Summer,LOAD_PRIORITY
67.0,apartment,0.0,20.96766644650265,20.96766644650265,0.0,0.0,20.96766644650265,Summer,LOAD_PRIORITY
67.0,family_house,0.0,29.91255599575775,29.91255599575775,0.0,0.0,29.91255599575775,Summer,LOAD_PRIORITY
67.0,luxury_house,0.0,32.00865593335538,32.00865593335538,0.0,0.0,32.00865593335538,Summer,LOAD_PRIORITY
67.0,small_family,0.0,23.30414756276946,21.20847069893754,2.095676863831925,0.0,23.30414756276946,Summer,LOAD_PRIORITY
68.0,apartment,0.0,27.167619467146018,27.167619467146018,0.0,0.0,27.167619467146018,Summer,LOAD_PRIORITY
68.0,family_house,0.0,29.28304050893885,29.28304050893885,0.0,0.0,29.28304050893885,Summer,LOAD_PRIORITY
68.0,luxury_house,0.0,34.22235417679108,34.22235417679108,0.0,0.0,34.22235417679108,Summer,LOAD_PRIORITY
68.0,small_family,0.0,27.84127233407782,26.601432963328097,1.2398393707497246,0.0,27.84127233407782,Summer,LOAD_PRIORITY
69.0,apartment,0.23796821715112637,21.98085880013329,18.84474936007617,3.136109440057116,0.0,21.742890582982163,Summer,LOAD_PRIORITY
69.0,family_house,0.4027154444095985,28.14685803161002,28.14685803161002,0.0,0.0,27.74414258720042,Summer,LOAD_PRIORITY
69.0,luxury_house,0.5125469292485799,33.98504505457937,27.743722057241694,6.24132299733768,0.0,33.472498125330794,Summer,LOAD_PRIORITY
69.0,small_family,0.3294944545169442,30.319308039723317,27.055230266847897,3.2640777728754222,0.0,29.989813585206374,Summer,LOAD_PRIORITY
70.0,apartment,2.009048518579518,3.6399999999999997,3.2636265812106577,0.37637341878934194,0.0,1.6309514814204817,Summer,LOAD_PRIORITY
70.0,family_house,3.3999282622114917,10.08,10.08,0.0,0.0,6.6800717377885075,Summer,LOAD_PRIORITY
70.0,luxury_house,4.3271814246328075,18.0,12.34539030144212,5.654609698557881,0.0,13.672818575367193,Summer,LOAD_PRIORITY
70.0,small_family,2.781759487263948,6.5,5.195439871815987,1.3045601281840131,0.0,3.7182405127360525,Summer,LOAD_PRIORITY
71.0,apartment,5.2038060412578,3.6399999999999997,3.6399999999999997,0.0,0.0,-1.5638060412578005,Summer,LOAD_PRIORITY
71.0,family_house,8.806440992897816,10.08,10.08,0.0,0.0,1.2735590071021847,Summer,LOAD_PRIORITY
71.0,luxury_house,11.208197627324493,18.0,14.038115282605954,3.961884717394046,0.0,6.791802372675507,Summer,LOAD_PRIORITY
71.0,small_family,7.205269903280032,6.5,6.0,0.5,0.0,-0.7052699032800316,Summer,LOAD_PRIORITY
72.0,apartment,0.0,3.6399999999999997,3.1247904854920043,0.5152095145079951,0.0,3.6399999999999997,Summer,LOAD_PRIORITY
72.0,family_house,0.0,10.08,9.269493952303531,0.810506047696469,0.0,10.08,Summer,LOAD_PRIORITY
72.0,luxury_house,0.0,18.0,5.8930653137145015,12.106934686285499,0.0,18.0,Summer,LOAD_PRIORITY
72.0,small_family,0.0,6.5,4.771185728238007,1.728814271761993,0.0,6.5,Summer,LOAD_PRIORITY
73.0,apartment,2.2381782404678887,3.6399999999999997,3.3163183541422656,0.32368164585773385,0.0,1.4018217595321107,Summer,LOAD_PRIORITY
73.0,family_house,3.787686253099505,10.08,9.555640521091624,0.5243594789083745,0.0,6.292313746900494,Summer,LOAD_PRIORITY
73.0,luxury_house,4.820691594853915,18.0,5.405967834567657,12.594032165432342,0.0,13.179308405146084,Summer,LOAD_PRIORITY
73.0,small_family,3.099016025263231,6.5,5.085561074992866,1.4144389250071332,0.0,3.400983974736769,Summer,LOAD_PRIORITY
74.0,apartment,2.0412141982058576,3.6399999999999997,3.1480659071402637,0.491934092859736,0.0,1.598785801794142,Summer,LOAD_PRIORITY
74.0,family_house,3.454362489271452,10.08,8.238480026009242,1.8415199739907573,0.0,6.625637510728548,Summer,LOAD_PRIORITY
74.0,luxury_house,4.3964613499818475,18.0,4.3964613499818475,13.603538650018152,0.0,13.603538650018152,Summer,LOAD_PRIORITY
74.0,small_family,2.826296582131188,6.5,4.8514086907260925,1.6485913092739073,0.0,3.673703417868812,Summer,LOAD_PRIORITY
75.0,apartment,1.9181931607966782,3.6399999999999997,3.1102132802451314,0.5297867197548681,0.0,1.7218068392033214,Summer,LOAD_PRIORITY
75.0,family_house,3.2461730413482246,10.08,7.23257210056176,2.8474278994382396,0.0,6.833826958651775,Summer,LOAD_PRIORITY
75.0,luxury_house,4.131492961715923,18.0,4.131492961715923,13.86850703828408,0.0,13.86850703828408,Summer,LOAD_PRIORITY
75.0,small_family,2.655959761103093,6.5,4.606649900459622,1.893350099540378,0.0,3.8440402388969073,Summer,LOAD_PRIORITY
76.0,apartment,2.1740477617523783,3.6399999999999997,3.1889377728468853,0.45106222715311417,0.0,1.465952238247621,Summer,LOAD_PRIORITY
76.0,family_house,3.679157750657872,10.08,7.106927512912911,2.9730724870870877,0.0,6.400842249342127,Summer,LOAD_PRIORITY
76.0,luxury_house,4.6825644099282,18.0,4.6825644099282,13.3174355900718,0.0,13.3174355900718,Summer,LOAD_PRIORITY
76.0,small_family,2.7593683129934035,6.5,4.503406659270329,1.9965933407296714,0.0,3.7406316870065965,Summer,LOAD_PRIORITY
77.0,apartment,2.3929680153392687,3.6399999999999997,3.2403487802226683,0.39965121977733153,0.0,1.247031984660731,Summer,LOAD_PRIORITY
77.0,family_house,4.049638179804916,10.08,6.973780516283322,3.1062194837166777,0.0,6.030361820195084,Summer,LOAD_PRIORITY
77.0,luxury_house,5.154084956115347,18.0,5.154084956115347,12.845915043884652,0.0,12.845915043884652,Summer,LOAD_PRIORITY
77.0,small_family,3.0372286348536868,6.5,4.604446776310431,1.8955532236895685,0.0,3.4627713651463132,Summer,LOAD_PRIORITY
78.0,apartment,11.263676518131966,3.6399999999999997,3.6399999999999997,0.0,0.0,-7.623676518131965,Summer,LOAD_PRIORITY
78.0,family_house,19.061606415300247,10.08,10.08,0.0,0.0,-8.981606415300249,Summer,LOAD_PRIORITY
78.0,luxury_house,24.26022634674577,18.0,18.0,0.0,0.0,-6.260226346745771,Summer,LOAD_PRIORITY
78.0,small_family,14.296204811475187,6.5,5.5,1.0,0.0,-7.796204811475187,Summer,LOAD_PRIORITY
79.0,apartment,9.9614831274325,3.6399999999999997,3.6399999999999997,0.0,0.0,-6.321483127432501,Summer,LOAD_PRIORITY
79.0,family_house,16.85789452334731,10.08,10.08,0.0,0.0,-6.7778945233473085,Summer,LOAD_PRIORITY
79.0,luxury_house,21.455502120623848,18.0,18.0,0.0,0.0,-3.455502120623847,Summer,LOAD_PRIORITY
79.0,small_family,12.64342089251048,6.5,5.5,1.0,0.0,-6.1434208925104805,Summer,LOAD_PRIORITY
80.0,apartment,11.065608065436505,3.6399999999999997,3.6399999999999997,0.0,0.0,-7.4256080654365055,Summer,LOAD_PRIORITY
80.0,family_house,18.72641364920024,10.08,10.08,0.0,0.0,-8.64641364920024,Summer,LOAD_PRIORITY
80.0,luxury_house,23.833617371709394,18.0,18.0,0.0,0.0,-5.833617371709396,Summer,LOAD_PRIORITY
80.0,small_family,14.044810236900178,6.5,5.5,1.0,0.0,-7.544810236900179,Summer,LOAD_PRIORITY
81.0,apartment,12.2292128107485,3.6399999999999997,3.6399999999999997,0.0,0.0,-8.5892128107485,Summer,LOAD_PRIORITY
81.0,family_house,20.695590910497458,10.08,10.08,0.0,0.0,-10.61559091049746,Summer,LOAD_PRIORITY
81.0,luxury_house,26.339842976996763,18.0,18.0,0.0,0.0,-8.339842976996763,Summer,LOAD_PRIORITY
81.0,small_family,15.521693182873095,6.5,5.5,1.0,0.0,-9.021693182873095,Summer,LOAD_PRIORITY
82.0,apartment,13.069922049526404,3.6399999999999997,3.6399999999999997,0.0,0.0,-9.429922049526404,Summer,LOAD_PRIORITY
82.0,family_house,22.118329622275454,10.08,10.08,0.0,0.0,-12.038329622275457,Summer,LOAD_PRIORITY
82.0,luxury_house,28.150601337441486,18.0,18.0,0.0,0.0,-10.150601337441488,Summer,LOAD_PRIORITY
82.0,small_family,16.588747216706594,6.5,5.5,1.0,0.0,-10.088747216706592,Summer,LOAD_PRIORITY
83.0,apartment,12.692830138952829,3.6399999999999997,3.6399999999999997,0.0,0.0,-9.052830138952828,Summer,LOAD_PRIORITY
83.0,family_house,21.48017408130479,10.08,10.08,0.0,0.0,-11.400174081304788,Summer,LOAD_PRIORITY
83.0,luxury_house,27.338403376206095,18.0,18.0,0.0,0.0,-9.338403376206093,Summer,LOAD_PRIORITY
83.0,small_family,16.11013056097859,6.5,5.5,1.0,0.0,-9.610130560978591,Summer,LOAD_PRIORITY
84.0,apartment,13.471988720838848,3.6399999999999997,3.6399999999999997,0.0,0.0,-9.831988720838847,Summer,LOAD_PRIORITY
84.0,family_house,22.798750142958053,10.08,10.08,0.0,0.0,-12.718750142958053,Summer,LOAD_PRIORITY
84.0,luxury_house,29.01659109103752,18.0,18.0,0.0,0.0,-11.01659109103752,Summer,LOAD_PRIORITY
84.0,small_family,17.09906260721854,6.5,5.5,1.0,0.0,-10.59906260721854,Summer,LOAD_PRIORITY
85.0,apartment,14.232732895254905,3.6399999999999997,3.6399999999999997,0.0,0.0,-10.592732895254905,Summer,LOAD_PRIORITY
85.0,family_house,24.086163361200608,10.08,10.08,0.0,0.0,-14.00616336120061,Summer,LOAD_PRIORITY
85.0,luxury_house,30.655117005164414,18.0,18.0,0.0,0.0,-12.655117005164412,Summer,LOAD_PRIORITY
85.0,small_family,18.064622520900457,6.5,5.5,1.0,0.0,-11.564622520900457,Summer,LOAD_PRIORITY
86.0,apartment,16.268456584145557,3.6399999999999997,3.6399999999999997,0.0,1.2255625681057714,-12.628456584145557,Summer,LOAD_PRIORITY
86.0,family_house,27.531234219323245,10.08,10.08,0.0,0.0,-17.451234219323247,Summer,LOAD_PRIORITY
86.0,luxury_house,35.03975264277504,18.0,18.0,0.0,0.0,-17.039752642775046,Summer,LOAD_PRIORITY
86.0,small_family,20.648425664492436,6.5,5.5,1.0,2.535261753446911,-14.148425664492436,Summer,LOAD_PRIORITY
87.0,apartment,16.7003777847131,3.6399999999999997,3.6399999999999997,0.0,2.0092888899558616,-13.0603777847131,Summer,LOAD_PRIORITY
87.0,family_house,28.262177789514478,10.08,10.08,0.0,0.036331208386983116,-18.18217778951448,Summer,LOAD_PRIORITY
87.0,luxury_house,35.970044459382066,18.0,18.0,0.0,0.0,-17.970044459382066,Summer,LOAD_PRIORITY
87.0,small_family,21.19663334213586,6.5,5.5,1.0,6.562259632796454,-14.69663334213586,Summer,LOAD_PRIORITY
88.0,apartment,13.128412875135105,3.6399999999999997,3.6399999999999997,0.0,3.162907563430378,-9.488412875135104,Summer,LOAD_PRIORITY
88.0,family_house,22.21731409638248,10.08,10.08,0.0,1.5442618687799154,-12.137314096382484,Summer,LOAD_PRIORITY
88.0,luxury_house,28.27658157721407,18.0,18.0,0.0,0.0,-10.27658157721407,Summer,LOAD_PRIORITY
88.0,small_family,16.662985572286864,6.5,5.5,1.0,9.175709230598331,-10.162985572286862,Summer,LOAD_PRIORITY
89.0,apartment,10.498193548571175,3.6399999999999997,3.6399999999999997,0.0,4.67394223099849,-6.858193548571175,Summer,LOAD_PRIORITY
89.0,family_house,17.766173697581987,10.08,10.08,0.0,1.719320746064521,-7.686173697581987,Summer,LOAD_PRIORITY
89.0,luxury_house,22.611493796922527,18.0,18.0,0.0,0.0,-4.611493796922527,Summer,LOAD_PRIORITY
89.0,small_family,13.324630273186491,6.5,5.5,1.0,7.824630273186491,-6.824630273186491,Summer,LOAD_PRIORITY
90.0,apartment,9.075634808716888,24.000476837565472,24.000476837565472,0.0,0.16093223291344705,14.924842028848582,Summer,LOAD_PRIORITY
90.0,family_house,15.358766599367042,26.286688755276007,26.286688755276007,0.0,0.03597609386174749,10.927922155908966,Summer,LOAD_PRIORITY
90.0,luxury_house,19.547521126467142,37.00406292934465,37.00406292934465,0.0,0.0,17.456541802877506,Summer,LOAD_PRIORITY
90.0,small_family,11.51907494952528,26.913143996446077,22.77454076751851,4.138603228927567,1.4636319940875366,15.394069046920798,Summer,LOAD_PRIORITY
91.0,apartment,0.044144072686870484,21.78539419811068,21.78539419811068,0.0,0.0,21.74125012542381,Summer,LOAD_PRIORITY
91.0,family_house,0.07470535377778083,29.93002397214562,29.93002397214562,0.0,0.0,29.85531861836784,Summer,LOAD_PRIORITY
91.0,luxury_house,0.09507954117172106,40.87271823541235,40.87271823541235,0.0,0.0,40.77763869424063,Summer,LOAD_PRIORITY
91.0,small_family,0.05602901533333561,25.29460475897207,21.749127627357147,3.5454771316149234,0.0,25.238575743638734,Summer,LOAD_PRIORITY
92.0,apartment,0.3396945381529446,24.119747228135704,24.119747228135704,0.0,0.0,23.78005268998276,Summer,LOAD_PRIORITY
92.0,family_house,0.5748676799511371,30.056526378431244,30.056526378431244,0.0,0.0,29.481658698480107,Summer,LOAD_PRIORITY
92.0,luxury_house,0.7316497744832653,37.6728075859389,34.75003487912866,2.9227727068102385,0.0,36.94115781145563,Summer,LOAD_PRIORITY
92.0,small_family,0.4311507599633527,19.90426881759708,15.43808918025798,4.466179637339101,0.0,19.47311805763373,Summer,LOAD_PRIORITY
93.0,apartment,1.1716669651809635,26.64105365588403,23.9977054775603,2.643348178323733,0.0,25.469386690703068,Summer,LOAD_PRIORITY
93.0,family_house,1.9828210179985533,29.486100727356323,28.515531175921723,0.9705695514346031,0.0,27.50327970935777,Summer,LOAD_PRIORITY
93.0,luxury_house,2.523590386543613,37.98232571667122,15.524021476777182,22.45830423989404,0.0,35.45873533012761,Summer,LOAD_PRIORITY
93.0,small_family,1.487115763498915,27.22619781212703,24.93434253619514,2.29185527593189,0.0,25.739082048628113,Summer,LOAD_PRIORITY
94.0,apartment,2.784531600539963,3.6399999999999997,3.442584215509222,0.19741578449077768,0.0,0.8554683994600366,Summer,LOAD_PRIORITY
94.0,family_house,4.712284247067629,10.08,9.632690353922301,0.4473096460776975,0.0,5.36771575293237,Summer,LOAD_PRIORITY
94.0,luxury_house,5.997452678086074,18.0,5.997452678086074,12.002547321913926,0.0,12.002547321913926,Summer,LOAD_PRIORITY
94.0,small_family,3.5342131853007226,6.5,5.5,1.0,0.0,2.9657868146992774,Summer,LOAD_PRIORITY
95.0,apartment,5.597444987313022,3.6399999999999997,3.6399999999999997,0.0,0.0,-1.957444987313022,Summer,LOAD_PRIORITY
95.0,family_house,9.47259920929896,10.08,10.02938326744158,0.05061673255842003,0.0,0.6074007907010404,Summer,LOAD_PRIORITY
95.0,luxury_house,12.056035357289584,18.0,12.056035357289584,5.943964642710417,0.0,5.943964642710417,Summer,LOAD_PRIORITY
95.0,small_family,7.750308443971877,6.5,6.0,0.5,0.0,-1.2503084439718761,Summer,LOAD_PRIORITY
96.0,apartment,0.0,3.6399999999999997,3.2065462665957813,0.4334537334042185,0.0,3.6399999999999997,Summer,LOAD_PRIORITY
96.0,family_house,0.0,10.08,7.603714290497486,2.4762857095025144,0.0,10.08,Summer,LOAD_PRIORITY
96.0,luxury_house,0.0,18.0,0.0,18.0,0.0,18.0,Summer,LOAD_PRIORITY
96.0,small_family,0.0,6.5,5.63127313329789,0.8687268667021093,0.0,6.5,Summer,LOAD_PRIORITY
97.0,apartment,0.0,3.6399999999999997,2.7771346529247207,0.862865347075279,0.0,3.6399999999999997,Summer,LOAD_PRIORITY
97.0,family_house,0.0,10.08,6.479543838165692,3.6004561618343076,0.0,10.08,Summer,LOAD_PRIORITY
97.0,luxury_house,0.0,18.0,0.0,18.0,0.0,18.0,Summer,LOAD_PRIORITY
97.0,small_family,0.0,6.5,5.075828865213615,1.4241711347863848,0.0,6.5,Summer,LOAD_PRIORITY
98.0,apartment,0.0,3.6399999999999997,2.2943097266849324,1.3456902733150673,0.0,3.6399999999999997,Summer,LOAD_PRIORITY
98.0,family_house,0.0,10.08,5.737017885658135,4.342982114341864,0.0,10.08,Summer,LOAD_PRIORITY
98.0,luxury_house,0.0,18.0,0.0,18.0,0.0,18.0,Summer,LOAD_PRIORITY
98.0,small_family,0.0,6.5,4.5,2.0,0.0,6.5,Summer,LOAD_PRIORITY
99.0,apartment,0.9237968477423752,3.6399999999999997,2.386367775881096,1.2536322241189035,0.0,2.7162031522576244,Summer,LOAD_PRIORITY
99.0,family_house,1.56334851156402,10.08,5.498922407024165,4.581077592975835,0.0,8.51665148843598,Summer,LOAD_PRIORITY
99.0,luxury_house,1.989716287445116,18.0,1.989716287445116,16.010283712554884,0.0,16.010283712554884,Summer,LOAD_PRIORITY
99.0,small_family,1.279103327643289,6.5,4.819775831910822,1.6802241680891778,0.0,5.220896672356711,Summer,LOAD_PRIORITY
100.0,apartment,1.6815248719573637,3.6399999999999997,2.6323990680603497,1.0076009319396497,0.0,1.958475128042636,Summer,LOAD_PRIORITY
100.0,family_house,2.8456574756201536,10.08,5.195116854670829,4.884883145329171,0.0,7.234342524379846,Summer,LOAD_PRIORITY
100.0,luxury_house,3.6217458780620135,18.0,3.6217458780620135,14.378254121937985,0.0,14.378254121937985,Summer,LOAD_PRIORITY
100.0,small_family,2.3282652073255807,6.5,4.595314880837391,1.9046851191626093,0.0,4.171734792674419,Summer,LOAD_PRIORITY
101.0,apartment,1.767701494126351,3.6399999999999997,2.5618897139858707,1.0781102860141287,0.0,1.8722985058736488,Summer,LOAD_PRIORITY
101.0,family_house,2.9914948362138247,10.08,4.763621127160369,5.316378872839632,0.0,7.088505163786175,Summer,LOAD_PRIORITY
101.0,luxury_house,3.8073570642721406,18.0,3.8073570642721406,14.19264293572786,0.0,14.19264293572786,Summer,LOAD_PRIORITY
101.0,small_family,2.4475866841749476,6.5,4.256821197083911,2.2431788029160886,0.0,4.052413315825053,Summer,LOAD_PRIORITY
102.0,apartment,9.854791535725688,3.6399999999999997,3.6399999999999997,0.0,0.0,-6.214791535725689,Summer,LOAD_PRIORITY
102.0,family_house,16.677339521997318,10.08,10.08,0.0,0.0,-6.59733952199732,Summer,LOAD_PRIORITY
102.0,luxury_house,21.22570484617841,18.0,18.0,0.0,0.0,-3.2257048461784077,Summer,LOAD_PRIORITY
102.0,small_family,13.64509597254326,6.5,6.0,0.5,0.0,-7.145095972543261,Summer,LOAD_PRIORITY
103.0,apartment,9.92548093762147,3.6399999999999997,3.6399999999999997,0.0,0.0,-6.285480937621472,Summer,LOAD_PRIORITY
103.0,family_house,16.79696774059018,10.08,10.08,0.0,0.0,-6.71696774059018,Summer,LOAD_PRIORITY
103.0,luxury_house,21.37795894256932,18.0,18.0,0.0,0.0,-3.3779589425693217,Summer,LOAD_PRIORITY
103.0,small_family,13.74297360593742,6.5,6.0,0.5,0.0,-7.24297360593742,Summer,LOAD_PRIORITY
104.0,apartment,10.240167327735865,3.6399999999999997,3.6399999999999997,0.0,0.0,-6.600167327735864,Summer,LOAD_PRIORITY
104.0,family_house,17.32951393924531,10.08,10.08,0.0,0.0,-7.249513939245309,Summer,LOAD_PRIORITY
104.0,luxury_house,22.05574501358494,18.0,18.0,0.0,0.0,-4.055745013584938,Summer,LOAD_PRIORITY
104.0,small_family,14.17869322301889,6.5,6.0,0.5,0.0,-7.67869322301889,Summer,LOAD_PRIORITY
105.0,apartment,11.190506319277185,3.6399999999999997,3.6399999999999997,0.0,0.0,-7.5505063192771855,Summer,LOAD_PRIORITY
105.0,family_house,18.937779924930624,10.08,10.08,0.0,0.0,-8.857779924930625,Summer,LOAD_PRIORITY
105.0,luxury_house,24.102628995366246,18.0,18.0,0.0,0.0,-6.102628995366247,Summer,LOAD_PRIORITY
105.0,small_family,15.494547211306873,6.5,6.0,0.5,0.0,-8.994547211306873,Summer,LOAD_PRIORITY
106.0,apartment,12.255630161089085,3.6399999999999997,3.6399999999999997,0.0,0.0,-8.615630161089085,Summer,LOAD_PRIORITY
106.0,family_house,20.74029719568922,10.08,10.08,0.0,0.0,-10.660297195689221,Summer,LOAD_PRIORITY
106.0,luxury_house,26.396741885422642,18.0,18.0,0.0,0.0,-8.396741885422644,Summer,LOAD_PRIORITY
106.0,small_family,16.969334069200272,6.5,6.0,0.5,0.0,-10.469334069200272,Summer,LOAD_PRIORITY
107.0,apartment,13.880116285293907,3.6399999999999997,3.6399999999999997,0.0,0.0,-10.240116285293906,Summer,LOAD_PRIORITY
107.0,family_house,23.489427559728153,10.08,10.08,0.0,0.0,-13.409427559728151,Summer,LOAD_PRIORITY
107.0,luxury_house,29.895635076017648,18.0,18.0,0.0,0.0,-11.895635076017646,Summer,LOAD_PRIORITY
107.0,small_family,19.21862254886849,6.5,6.0,0.5,0.0,-12.718622548868488,Summer,LOAD_PRIORITY
108.0,apartment,14.31916430169628,3.6399999999999997,3.6399999999999997,0.0,0.0,-10.679164301696279,Summer,LOAD_PRIORITY
108.0,family_house,24.232431895178316,10.08,10.08,0.0,0.0,-14.152431895178317,Summer,LOAD_PRIORITY
108.0,luxury_house,30.841276957499673,18.0,18.0,0.0,0.0,-12.841276957499675,Summer,LOAD_PRIORITY
108.0,small_family,19.826535186964076,6.5,6.0,0.5,0.0,-13.326535186964076,Summer,LOAD_PRIORITY
109.0,apartment,15.853982709518824,3.6399999999999997,3.6399999999999997,0.0,0.0,-12.213982709518824,Summer,LOAD_PRIORITY
109.0,family_house,26.829816893031857,10.08,10.08,0.0,0.0,-16.74981689303186,Summer,LOAD_PRIORITY
109.0,luxury_house,34.14703968204054,18.0,18.0,0.0,0.0,-16.147039682040543,Summer,LOAD_PRIORITY
109.0,small_family,21.951668367026063,6.5,6.0,0.5,0.0,-15.451668367026063,Summer,LOAD_PRIORITY
110.0,apartment,16.72573927574706,3.6399999999999997,3.6399999999999997,0.0,0.0,-13.085739275747061,Summer,LOAD_PRIORITY
110.0,family_house,28.305097235879636,10.08,10.08,0.0,0.0,-18.225097235879637,Summer,LOAD_PRIORITY
110.0,luxury_house,36.02466920930136,18.0,18.0,0.0,0.0,-18.024669209301358,Summer,LOAD_PRIORITY
110.0,small_family,23.15871592026516,6.5,6.0,0.5,1.1249912990237523,-16.65871592026516,Summer,LOAD_PRIORITY
111.0,apartment,16.778006077380557,3.6399999999999997,3.6399999999999997,0.0,1.5889095920756584,-13.138006077380558,Summer,LOAD_PRIORITY
111.0,family_house,28.39354874633633,10.08,10.08,0.0,0.0,-18.31354874633633,Summer,LOAD_PRIORITY
111.0,luxury_house,36.13724385897351,18.0,18.0,0.0,0.0,-18.137243858973513,Summer,LOAD_PRIORITY
111.0,small_family,23.23108533791154,6.5,6.0,0.5,5.665893006558494,-16.73108533791154,Summer,LOAD_PRIORITY
112.0,apartment,13.071011293124656,3.6399999999999997,3.6399999999999997,0.0,1.8746150561794956,-9.431011293124655,Summer,LOAD_PRIORITY
112.0,family_house,22.12017295759557,10.08,10.08,0.0,0.0,-12.040172957595574,Summer,LOAD_PRIORITY
112.0,luxury_house,28.15294740057618,18.0,18.0,0.0,0.0,-10.152947400576183,Summer,LOAD_PRIORITY
112.0,small_family,18.098323328941834,6.5,6.0,0.5,9.427196575373872,-11.598323328941834,Summer,LOAD_PRIORITY
113.0,apartment,10.090310013296884,3.6399999999999997,3.6399999999999997,0.0,2.802390804538821,-6.4503100132968845,Summer,LOAD_PRIORITY
113.0,family_house,17.07590925327165,10.08,10.08,0.0,0.22395987040033177,-6.99590925327165,Summer,LOAD_PRIORITY
113.0,luxury_house,21.732975413254827,18.0,18.0,0.0,0.0,-3.7329754132548274,Summer,LOAD_PRIORITY
113.0,small_family,13.971198479949532,6.5,6.0,0.5,7.971198479949532,-7.471198479949532,Summer,LOAD_PRIORITY
114.0,apartment,8.245169250453898,22.029711219289954,22.02971121928995,0.0,0.2553392228857821,13.784541968836056,Summer,LOAD_PRIORITY
114.0,family_house,13.953363346921982,25.1921108803961,25.1921108803961,0.0,0.0,11.23874753347412,Summer,LOAD_PRIORITY
114.0,luxury_house,17.758826077900704,37.17998020321249,37.17998020321249,0.0,0.0,19.421154125311784,Summer,LOAD_PRIORITY
114.0,small_family,11.416388192936166,29.60277269092321,28.596083712712286,1.0066889782109247,0.0,18.186384497987046,Summer,LOAD_PRIORITY
115.0,apartment,0.0,22.01326744802777,22.01326744802777,0.0,0.0,22.01326744802777,Summer,LOAD_PRIORITY
115.0,family_house,0.0,30.800808607104006,30.800808607104006,0.0,0.0,30.800808607104006,Summer,LOAD_PRIORITY
115.0,luxury_house,0.0,35.24571291866839,35.24571291866839,0.0,0.0,35.24571291866839,Summer,LOAD_PRIORITY
115.0,small_family,0.0,25.705678523996323,24.89618840972645,0.8094901142698754,0.0,25.705678523996323,Summer,LOAD_PRIORITY
116.0,apartment,0.0,26.183359991780783,25.481723733318855,0.7016362584619298,0.0,26.183359991780783,Summer,LOAD_PRIORITY
116.0,family_house,0.0,27.999144140468722,27.999144140468722,0.0,0.0,27.999144140468722,Summer,LOAD_PRIORITY
116.0,luxury_house,0.0,33.51305993301071,32.91101692645132,0.6020430065593878,0.0,33.51305993301071,Summer,LOAD_PRIORITY
116.0,small_family,0.0,24.75063252885331,23.193223535177463,1.5574089936758468,0.0,24.75063252885331,Summer,LOAD_PRIORITY
117.0,apartment,0.21538453779160394,23.09913561065737,18.68407682856062,4.415058782096752,0.0,22.883751072865767,Summer,LOAD_PRIORITY
117.0,family_house,0.3644969101088682,22.692932839371146,22.692932839371146,0.0,0.0,22.328435929262277,Summer,LOAD_PRIORITY
117.0,luxury_house,0.4639051583203777,40.785014665654046,15.218098464877125,25.56691620077692,0.0,40.32110950733367,Summer,LOAD_PRIORITY
117.0,small_family,0.3230768066874059,26.39771700975398,23.791460937752,2.6062560720019805,0.0,26.074640203066572,Summer,LOAD_PRIORITY
118.0,apartment,0.0,3.6399999999999997,2.5199999999999996,1.1199999999999999,0.0,3.6399999999999997,Summer,LOAD_PRIORITY
118.0,family_house,0.0,10.08,9.657343554900045,0.42265644509995437,0.0,10.08,Summer,LOAD_PRIORITY
118.0,luxury_house,0.0,18.0,2.1494332757185326,15.850566724281467,0.0,18.0,Summer,LOAD_PRIORITY
118.0,small_family,0.0,6.5,4.781620060155316,1.7183799398446842,0.0,6.5,Summer,LOAD_PRIORITY
119.0,apartment,3.0693468571021456,3.6399999999999997,3.4644144175698908,0.1755855824301089,0.0,0.570653142897854,Summer,LOAD_PRIORITY
119.0,family_house,5.1942792966344005,10.08,9.663977786714025,0.4160222132859754,0.0,4.885720703365599,Summer,LOAD_PRIORITY
119.0,luxury_house,6.610900922989237,18.0,6.610900922989237,11.389099077010762,0.0,11.389099077010762,Summer,LOAD_PRIORITY
119.0,small_family,4.604020285653219,6.5,5.916621626354837,0.5833783736451634,0.0,1.8959797143467811,Summer,LOAD_PRIORITY
120.0,apartment,0.0,3.6399999999999997,2.5199999999999996,1.1199999999999999,0.0,3.6399999999999997,Summer,LOAD_PRIORITY
120.0,family_house,0.0,10.08,7.371150431661784,2.7088495683382163,0.0,10.08,Summer,LOAD_PRIORITY
120.0,luxury_house,0.0,18.0,0.0,18.0,0.0,18.0,Summer,LOAD_PRIORITY
120.0,small_family,0.0,6.5,4.447541627226105,2.0524583727738945,0.0,6.5,Summer,LOAD_PRIORITY
121.0,apartment,1.4307021423669013,3.6399999999999997,2.894809906324858,0.7451900936751418,0.0,2.209297857633098,Summer,LOAD_PRIORITY
121.0,family_house,2.4211882409286023,10.08,7.102872240547582,2.977127759452418,0.0,7.658811759071398,Summer,LOAD_PRIORITY
121.0,luxury_house,3.081512306636403,18.0,3.081512306636403,14.918487693363598,0.0,14.918487693363598,Summer,LOAD_PRIORITY
121.0,small_family,2.1460532135503523,6.5,4.774716337752186,1.725283662247814,0.0,4.353946786449648,Summer,LOAD_PRIORITY
122.0,apartment,1.4468831350336804,3.6399999999999997,2.796493513474492,0.8435064865255073,0.0,2.1931168649663193,Summer,LOAD_PRIORITY
122.0,family_house,2.4485714592877668,10.08,6.20630558399896,3.8736944160010394,0.0,7.631428540712232,Summer,LOAD_PRIORITY
122.0,luxury_house,3.1163636754571575,18.0,3.1163636754571575,14.883636324542842,0.0,14.883636324542842,Summer,LOAD_PRIORITY
122.0,small_family,2.170324702550521,6.5,4.501688324254086,1.9983116757459136,0.0,4.329675297449479,Summer,LOAD_PRIORITY
123.0,apartment,1.5568611415741067,3.6399999999999997,2.782762572377608,0.8572374276223919,0.0,2.083138858425893,Summer,LOAD_PRIORITY
123.0,family_house,2.634688085740796,10.08,5.736901383348798,4.343098616651202,0.0,7.445311914259204,Summer,LOAD_PRIORITY
123.0,luxury_house,3.353239381851922,18.0,3.353239381851922,14.646760618148079,0.0,14.646760618148079,Summer,LOAD_PRIORITY
123.0,small_family,2.33529171236116,6.5,4.278325664104246,2.2216743358957536,0.0,4.16470828763884,Summer,LOAD_PRIORITY
124.0,apartment,1.651202111577938,3.6399999999999997,2.7220932822667403,0.9179067177332592,0.0,1.9887978884220616,Summer,LOAD_PRIORITY
124.0,family_house,2.7943420349780492,10.08,5.432325740702765,4.647674259297234,0.0,7.28565796502195,Summer,LOAD_PRIORITY
124.0,luxury_house,3.55643531724479,18.0,3.55643531724479,14.443564682755209,0.0,14.443564682755209,Summer,LOAD_PRIORITY
124.0,small_family,2.4768031673669073,6.5,3.8519329610282407,2.6480670389717593,0.0,4.023196832633093,Summer,LOAD_PRIORITY
125.0,apartment,1.7874180825394181,3.6399999999999997,2.7849621919412697,0.8550378080587299,0.0,1.8525819174605813,Summer,LOAD_PRIORITY
125.0,family_house,3.0248613704513225,10.08,4.353396059620693,5.726603940379308,0.0,7.0551386295486775,Summer,LOAD_PRIORITY
125.0,luxury_house,3.8498235623925927,18.0,3.8498235623925927,14.150176437607406,0.0,14.150176437607406,Summer,LOAD_PRIORITY
125.0,small_family,2.6811271238091274,6.5,3.8561649318678572,2.6438350681321428,0.0,3.8188728761908726,Summer,LOAD_PRIORITY
126.0,apartment,10.384872263850895,3.6399999999999997,3.6399999999999997,0.0,0.0,-6.744872263850896,Summer,LOAD_PRIORITY
126.0,family_house,17.57439921574767,10.08,10.08,0.0,0.0,-7.494399215747666,Summer,LOAD_PRIORITY
126.0,luxury_house,22.367417183678846,18.0,18.0,0.0,0.0,-4.367417183678848,Summer,LOAD_PRIORITY
126.0,small_family,15.577308395776342,6.5,6.5,0.0,0.0,-9.077308395776342,Summer,LOAD_PRIORITY
127.0,apartment,10.703565942582468,3.6399999999999997,3.6399999999999997,0.0,0.0,-7.063565942582468,Summer,LOAD_PRIORITY
127.0,family_house,18.11372697975495,10.08,10.08,0.0,0.0,-8.033726979754949,Summer,LOAD_PRIORITY
127.0,luxury_house,23.053834337869933,18.0,18.0,0.0,0.0,-5.053834337869933,Summer,LOAD_PRIORITY
127.0,small_family,16.055348913873704,6.5,6.5,0.0,0.0,-9.555348913873704,Summer,LOAD_PRIORITY
128.0,apartment,10.844637811151346,3.6399999999999997,3.6399999999999997,0.0,0.0,-7.204637811151345,Summer,LOAD_PRIORITY
128.0,family_house,16.823091989093754,10.08,10.08,0.0,0.0,-6.743091989093754,Summer,LOAD_PRIORITY
128.0,luxury_house,23.357681439402896,18.0,18.0,0.0,0.0,-5.3576814394028975,Summer,LOAD_PRIORITY
128.0,small_family,16.26695671672702,6.5,6.5,0.0,0.0,-9.766956716727018,Summer,LOAD_PRIORITY
129.0,apartment,11.458476605977719,3.6399999999999997,3.6399999999999997,0.0,0.0,-7.81847660597772,Summer,LOAD_PRIORITY
129.0,family_house,17.775329093888512,10.08,9.564609464662697,0.5153905353373037,0.0,-7.695329093888513,Summer,LOAD_PRIORITY
129.0,luxury_house,24.67979576672124,18.0,18.0,0.0,0.0,-6.6797957667212415,Summer,LOAD_PRIORITY
129.0,small_family,17.187714908966576,6.5,6.5,0.0,0.0,-10.687714908966576,Summer,LOAD_PRIORITY
130.0,apartment,12.264607552250714,3.6399999999999997,3.6399999999999997,0.0,0.0,-8.624607552250716,Summer,LOAD_PRIORITY
130.0,family_house,19.025865561824826,10.08,9.24,0.84,0.0,-8.945865561824824,Summer,LOAD_PRIORITY
130.0,luxury_house,26.41607780484769,18.0,18.0,0.0,0.0,-8.41607780484769,Summer,LOAD_PRIORITY
130.0,small_family,18.39691132837607,6.5,6.5,0.0,0.0,-11.896911328376072,Summer,LOAD_PRIORITY
131.0,apartment,13.0486749920986,3.6399999999999997,3.6399999999999997,0.0,0.0,-9.4086749920986,Summer,LOAD_PRIORITY
131.0,family_house,20.24217530825552,10.08,9.24,0.84,0.0,-10.16217530825552,Summer,LOAD_PRIORITY
131.0,luxury_house,28.10483844452006,18.0,18.0,0.0,0.0,-10.104838444520059,Summer,LOAD_PRIORITY
131.0,small_family,19.573012488147903,6.5,6.5,0.0,0.0,-13.073012488147901,Summer,LOAD_PRIORITY
132.0,apartment,13.717195539499167,3.6399999999999997,3.6399999999999997,0.0,0.0,-10.077195539499167,Summer,LOAD_PRIORITY
132.0,family_house,21.279239234351273,10.08,9.24,0.84,0.0,-11.199239234351275,Summer,LOAD_PRIORITY
132.0,luxury_house,29.5447288543059,18.0,18.0,0.0,0.0,-11.544728854305903,Summer,LOAD_PRIORITY
132.0,small_family,20.575793309248752,6.5,6.5,0.0,0.0,-14.075793309248752,Summer,LOAD_PRIORITY
133.0,apartment,14.508750049632678,3.6399999999999997,3.6399999999999997,0.0,0.0,-10.868750049632677,Summer,LOAD_PRIORITY
133.0,family_house,22.50716353853274,10.08,9.24,0.84,0.0,-12.427163538532744,Summer,LOAD_PRIORITY
133.0,luxury_house,31.249615491516536,18.0,18.0,0.0,0.0,-13.249615491516535,Summer,LOAD_PRIORITY
133.0,small_family,21.763125074449015,6.5,6.5,0.0,0.0,-15.263125074449013,Summer,LOAD_PRIORITY
134.0,apartment,15.291189221836834,3.6399999999999997,3.6399999999999997,0.0,0.0005449451735106692,-11.651189221836834,Summer,LOAD_PRIORITY
134.0,family_house,23.72094738259304,10.08,9.24,0.84,0.0,-13.64094738259304,Summer,LOAD_PRIORITY
134.0,luxury_house,32.934869093187025,18.0,18.0,0.0,0.0,-14.934869093187027,Summer,LOAD_PRIORITY
134.0,small_family,22.93678383275525,6.5,6.5,0.0,0.1383826790018814,-16.43678383275525,Summer,LOAD_PRIORITY
135.0,apartment,15.450688778413623,3.6399999999999997,3.6399999999999997,0.0,1.4274064077804631,-11.810688778413622,Summer,LOAD_PRIORITY
135.0,family_house,23.96837618189806,10.08,9.24,0.84,0.0,-13.888376181898058,Summer,LOAD_PRIORITY
135.0,luxury_house,33.27840659966011,18.0,18.0,0.0,0.0,-15.27840659966011,Summer,LOAD_PRIORITY
135.0,small_family,23.17603316762043,6.5,6.5,0.0,2.300994180858919,-16.67603316762043,Summer,LOAD_PRIORITY
136.0,apartment,11.924929238059638,3.6399999999999997,3.6399999999999997,0.0,1.65186402712843,-8.284929238059638,Summer,LOAD_PRIORITY
136.0,family_house,18.498928689810462,10.08,9.24,0.84,0.0,-8.418928689810462,Summer,LOAD_PRIORITY
136.0,luxury_house,25.684462974282294,18.0,18.0,0.0,0.0,-7.684462974282294,Summer,LOAD_PRIORITY
136.0,small_family,17.887393857089457,6.5,6.5,0.0,4.102209684612672,-11.387393857089458,Summer,LOAD_PRIORITY
137.0,apartment,9.288397638036887,3.6399999999999997,3.6399999999999997,0.0,2.468657544547182,-5.6483976380368865,Summer,LOAD_PRIORITY
137.0,family_house,15.718826772062425,10.08,10.08,0.0,0.0,-5.6388267720624246,Summer,LOAD_PRIORITY
137.0,luxury_house,20.005779528079447,18.0,18.0,0.0,0.0,-2.005779528079448,Summer,LOAD_PRIORITY
137.0,small_family,13.932596457055329,6.5,6.5,0.0,7.432596457055329,-7.432596457055329,Summer,LOAD_PRIORITY
138.0,apartment,7.716064477979645,26.062014624973948,26.062014624973948,0.0,0.0,18.3459501469943,Summer,LOAD_PRIORITY
138.0,family_house,13.05795527042709,27.084688692700986,24.93679790113685,2.147890791564133,0.0,14.026733422273892,Summer,LOAD_PRIORITY
138.0,luxury_house,16.61921579872539,39.03708403394789,39.0370840339479,0.0,0.0,22.417868235222507,Summer,LOAD_PRIORITY
138.0,small_family,11.574096716969468,22.40748594336747,22.40748594336747,0.0,0.18485353841952445,10.833389226398001,Summer,LOAD_PRIORITY
139.0,apartment,0.0,29.451424163622043,29.451424163622043,0.0,0.0,29.451424163622043,Summer,LOAD_PRIORITY
139.0,family_house,0.0,28.57851133479252,25.176181221867573,3.402330112924945,0.0,28.57851133479252,Summer,LOAD_PRIORITY
139.0,luxury_house,0.0,39.11023463583519,39.11023463583519,0.0,0.0,39.11023463583519,Summer,LOAD_PRIORITY
139.0,small_family,0.0,30.56629746164719,30.56629746164719,0.0,0.0,30.56629746164719,Summer,LOAD_PRIORITY
140.0,apartment,0.0,25.022996210125882,24.860334747925258,0.16266146220062527,0.0,25.022996210125882,Summer,LOAD_PRIORITY
140.0,family_house,0.0,26.65237178851993,25.78271451337452,0.8696572751454118,0.0,26.65237178851993,Summer,LOAD_PRIORITY
140.0,luxury_house,0.0,35.017504660703224,26.24824251829416,8.769262142409062,0.0,35.017504660703224,Summer,LOAD_PRIORITY
140.0,small_family,0.0,25.876427760881796,25.876427760881796,0.0,0.0,25.876427760881796,Summer,LOAD_PRIORITY
141.0,apartment,0.3496929820368729,22.897378245980555,16.820518535198467,6.07685971078209,0.0,22.54768526394368,Summer,LOAD_PRIORITY
141.0,family_house,0.5917881234470156,25.39835635124432,23.15288474332062,2.245471607923702,0.0,24.806568227797307,Summer,LOAD_PRIORITY
141.0,luxury_house,0.7531848843871107,37.10480756300786,6.9020255711898795,30.20278199181798,0.0,36.35162267862075,Summer,LOAD_PRIORITY
141.0,small_family,0.5245394730553093,24.762241200243707,24.129356485955437,0.632884714288269,0.0,24.237701727188398,Summer,LOAD_PRIORITY
142.0,apartment,2.3142124332876204,3.6399999999999997,3.1300817051106224,0.5099182948893769,0.0,1.3257875667123795,Summer,LOAD_PRIORITY
142.0,family_house,3.916359502486742,10.08,8.97230510662753,1.1076948933724702,0.0,6.163640497513258,Summer,LOAD_PRIORITY
142.0,luxury_house,4.98445754861949,18.0,5.269028238729659,12.730971761270343,0.0,13.015542451380512,Summer,LOAD_PRIORITY
142.0,small_family,3.4713186499314306,6.5,5.870280213101878,0.6297197868981225,0.0,3.0286813500685694,Summer,LOAD_PRIORITY
143.0,apartment,5.726471847164475,3.6399999999999997,3.6399999999999997,0.0,0.0,-2.0864718471644754,Summer,LOAD_PRIORITY
143.0,family_house,9.690952356739881,10.08,9.98273808918497,0.09726191081502955,0.0,0.3890476432601182,Summer,LOAD_PRIORITY
143.0,luxury_house,12.333939363123486,18.0,12.333939363123486,5.666060636876514,0.0,5.666060636876514,Summer,LOAD_PRIORITY
143.0,small_family,8.589707770746712,6.5,6.5,0.0,0.0,-2.0897077707467115,Summer,LOAD_PRIORITY
144.0,apartment,0.0,3.6399999999999997,2.962240254787703,0.6777597452122969,0.0,3.6399999999999997,Summer,LOAD_PRIORITY
144.0,family_house,0.0,10.08,6.722430565296729,3.3575694347032714,0.0,10.08,Summer,LOAD_PRIORITY
144.0,luxury_house,0.0,18.0,0.0,18.0,0.0,18.0,Summer,LOAD_PRIORITY
144.0,small_family,0.0,6.5,5.4340162293089325,1.0659837706910675,0.0,6.5,Summer,LOAD_PRIORITY
145.0,apartment,2.4216384824727366,3.6399999999999997,3.109964041796694,0.530035958203306,0.0,1.218361517527263,Summer,LOAD_PRIORITY
145.0,family_house,4.098157431876938,10.08,7.478165053920284,2.6018349460797157,0.0,5.981842568123061,Summer,LOAD_PRIORITY
145.0,luxury_house,5.215836731479739,18.0,5.215836731479739,12.78416326852026,0.0,12.78416326852026,Summer,LOAD_PRIORITY
145.0,small_family,3.6324577237091042,6.5,5.838259474702101,0.661740525297899,0.0,2.8675422762908958,Summer,LOAD_PRIORITY
146.0,apartment,2.4878861552423444,3.6399999999999997,3.1082551485733894,0.5317448514266101,0.0,1.1521138447576553,Summer,LOAD_PRIORITY
146.0,family_house,4.210268878102429,10.08,6.966128526849072,3.113871473150928,0.0,5.86973112189757,Summer,LOAD_PRIORITY
146.0,luxury_house,5.358524026675819,18.0,5.358524026675819,12.64147597332418,0.0,12.64147597332418,Summer,LOAD_PRIORITY
146.0,small_family,3.731829232863517,6.5,5.861191361430042,0.6388086385699576,0.0,2.768170767136483,Summer,LOAD_PRIORITY
147.0,apartment,1.9728242510099188,3.6399999999999997,2.832972022336635,0.8070279776633644,0.0,1.667175748990081,Summer,LOAD_PRIORITY
147.0,family_house,3.338625655555247,10.08,5.877120353208554,4.202879646791446,0.0,6.741374344444752,Summer,LOAD_PRIORITY
147.0,luxury_house,4.249159925252132,18.0,4.249159925252132,13.750840074747869,0.0,13.750840074747869,Summer,LOAD_PRIORITY
147.0,small_family,2.959236376514878,6.5,5.539769565138995,0.9602304348610053,0.0,3.5407636234851223,Summer,LOAD_PRIORITY
148.0,apartment,1.9817482791994143,3.6399999999999997,2.626689175339173,1.0133108246608271,0.0,1.6582517208005854,Summer,LOAD_PRIORITY
148.0,family_house,3.3537278571067013,10.08,5.0352958928300255,5.044704107169974,0.0,6.726272142893298,Summer,LOAD_PRIORITY
148.0,luxury_house,4.268380909044892,18.0,4.268380909044892,13.731619090955109,0.0,13.731619090955109,Summer,LOAD_PRIORITY
148.0,small_family,2.972622418799121,6.5,5.143316314922739,1.3566836850772612,0.0,3.527377581200879,Summer,LOAD_PRIORITY
149.0,apartment,2.395112509388126,3.6399999999999997,2.8739153903926926,0.7660846096073068,0.0,1.2448874906118736,Summer,LOAD_PRIORITY
149.0,family_house,4.053267323579906,10.08,4.7619889866476885,5.3180110133523115,0.0,6.026732676420094,Summer,LOAD_PRIORITY
149.0,luxury_house,5.158703866374426,18.0,5.158703866374426,12.841296133625576,0.0,12.841296133625576,Summer,LOAD_PRIORITY
149.0,small_family,3.592668764082189,6.5,5.320600934904123,1.1793990650958777,0.0,2.907331235917811,Summer,LOAD_PRIORITY
150.0,apartment,10.661931235840795,3.6399999999999997,3.6399999999999997,0.0,0.0,-7.021931235840795,Summer,LOAD_PRIORITY
150.0,family_house,18.043268245269036,10.08,10.08,0.0,0.0,-7.963268245269036,Summer,LOAD_PRIORITY
150.0,luxury_house,22.964159584887867,18.0,18.0,0.0,0.0,-4.964159584887867,Summer,LOAD_PRIORITY
150.0,small_family,15.992896853761192,6.5,6.5,0.0,0.0,-9.492896853761192,Summer,LOAD_PRIORITY
151.0,apartment,10.826028253077936,3.6399999999999997,3.6399999999999997,0.0,0.0,-7.186028253077936,Summer,LOAD_PRIORITY
151.0,family_house,18.320970889824196,10.08,10.08,0.0,0.0,-8.240970889824197,Summer,LOAD_PRIORITY
151.0,luxury_house,23.317599314321708,18.0,18.0,0.0,0.0,-5.317599314321708,Summer,LOAD_PRIORITY
151.0,small_family,16.239042379616905,6.5,6.5,0.0,0.0,-9.739042379616903,Summer,LOAD_PRIORITY
152.0,apartment,10.436539622441162,3.6399999999999997,3.6399999999999997,0.0,0.0,-6.796539622441163,Summer,LOAD_PRIORITY
152.0,family_house,17.661836284131198,10.08,10.08,0.0,0.0,-7.581836284131198,Summer,LOAD_PRIORITY
152.0,luxury_house,22.478700725257887,18.0,18.0,0.0,0.0,-4.478700725257887,Summer,LOAD_PRIORITY
152.0,small_family,15.654809433661741,6.5,6.5,0.0,0.0,-9.154809433661741,Summer,LOAD_PRIORITY
153.0,apartment,12.520627518293733,3.6399999999999997,3.6399999999999997,0.0,0.0,-8.880627518293734,Summer,LOAD_PRIORITY
153.0,family_house,21.18875426172786,10.08,10.08,0.0,0.0,-11.108754261727858,Summer,LOAD_PRIORITY
153.0,luxury_house,26.967505424017276,18.0,18.0,0.0,0.0,-8.967505424017276,Summer,LOAD_PRIORITY
153.0,small_family,18.7809412774406,6.5,6.5,0.0,0.0,-12.2809412774406,Summer,LOAD_PRIORITY
154.0,apartment,13.688278846616672,3.6399999999999997,3.6399999999999997,0.0,0.0,-10.048278846616673,Summer,LOAD_PRIORITY
154.0,family_house,23.16477958658206,10.08,10.08,0.0,0.0,-13.08477958658206,Summer,LOAD_PRIORITY
154.0,luxury_house,29.482446746558985,18.0,18.0,0.0,0.0,-11.482446746558985,Summer,LOAD_PRIORITY
154.0,small_family,20.53241826992501,6.5,6.5,0.0,0.0,-14.03241826992501,Summer,LOAD_PRIORITY
155.0,apartment,13.176805519747818,3.6399999999999997,3.6399999999999997,0.0,0.0,-9.536805519747817,Summer,LOAD_PRIORITY
155.0,family_house,22.29920934111169,10.08,10.08,0.0,0.0,-12.219209341111695,Summer,LOAD_PRIORITY
155.0,luxury_house,28.38081188868761,18.0,18.0,0.0,0.0,-10.38081188868761,Summer,LOAD_PRIORITY
155.0,small_family,19.765208279621724,6.5,6.5,0.0,0.0,-13.265208279621724,Summer,LOAD_PRIORITY
156.0,apartment,15.233832856360205,3.6399999999999997,3.6399999999999997,0.0,0.0,-11.593832856360205,Summer,LOAD_PRIORITY
156.0,family_house,25.780332526148044,10.08,10.08,0.0,0.0,-15.700332526148044,Summer,LOAD_PRIORITY
156.0,luxury_house,32.8113323060066,18.0,18.0,0.0,0.0,-14.811332306006598,Summer,LOAD_PRIORITY
156.0,small_family,22.850749284540306,6.5,6.5,0.0,0.33677633980392796,-16.350749284540306,Summer,LOAD_PRIORITY
157.0,apartment,15.560433952709694,3.6399999999999997,3.6399999999999997,0.0,0.0,-11.920433952709693,Summer,LOAD_PRIORITY
157.0,family_house,26.333042073816404,10.08,10.08,0.0,0.0,-16.253042073816406,Summer,LOAD_PRIORITY
157.0,luxury_house,33.51478082122088,18.0,18.0,0.0,0.0,-15.51478082122088,Summer,LOAD_PRIORITY
157.0,small_family,23.34065092906454,6.5,6.5,0.0,1.7028133092312214,-16.84065092906454,Summer,LOAD_PRIORITY
158.0,apartment,16.5746117301729,3.6399999999999997,3.6399999999999997,0.0,0.0,-12.934611730172902,Summer,LOAD_PRIORITY
158.0,family_house,28.049342927984913,10.08,10.08,0.0,0.0,-17.969342927984915,Summer,LOAD_PRIORITY
158.0,luxury_house,35.69916372652625,18.0,18.0,0.0,0.0,-17.69916372652625,Summer,LOAD_PRIORITY
158.0,small_family,24.861917595259353,6.5,6.5,0.0,6.197426368935746,-18.361917595259353,Summer,LOAD_PRIORITY
159.0,apartment,18.25079158218551,3.6399999999999997,3.6399999999999997,0.0,1.0874532590690005,-14.61079158218551,Summer,LOAD_PRIORITY
159.0,family_house,30.885954985237014,10.08,10.08,0.0,0.0,-20.805954985237015,Summer,LOAD_PRIORITY
159.0,luxury_house,39.309397253938016,18.0,18.0,0.0,0.0,-21.309397253938016,Summer,LOAD_PRIORITY
159.0,small_family,27.376187373278263,6.5,6.5,0.0,12.344084620217435,-20.876187373278263,Summer,LOAD_PRIORITY
160.0,apartment,14.315364446618771,3.6399999999999997,3.6399999999999997,0.0,3.255202064212651,-10.67536444661877,Summer,LOAD_PRIORITY
160.0,family_house,24.226001371200997,10.08,10.08,0.0,0.0,-14.146001371200999,Summer,LOAD_PRIORITY
160.0,luxury_house,30.833092654255815,18.0,18.0,0.0,0.0,-12.833092654255815,Summer,LOAD_PRIORITY
160.0,small_family,21.473046669928156,6.5,6.5,0.0,14.973046669928156,-14.973046669928156,Summer,LOAD_PRIORITY
161.0,apartment,11.139408863747049,3.6399999999999997,3.6399999999999997,0.0,7.499408863747048,-7.499408863747048,Summer,LOAD_PRIORITY
161.0,family_house,18.85130730787962,10.08,10.08,0.0,0.0,-8.771307307879619,Summer,LOAD_PRIORITY
161.0,luxury_house,23.992572937301333,18.0,18.0,0.0,0.0,-5.9925729373013334,Summer,LOAD_PRIORITY
161.0,small_family,16.709113295620572,6.5,6.5,0.0,10.209113295620572,-10.209113295620572,Summer,LOAD_PRIORITY
162.0,apartment,9.116557153248749,22.642037946331072,22.642037946331072,0.0,0.02115061624034076,13.525480793082323,Summer,LOAD_PRIORITY
162.0,family_house,15.428019797805575,29.32264539808793,29.322645398087925,0.0,0.0,13.894625600282353,Summer,LOAD_PRIORITY
162.0,luxury_house,19.63566156084346,32.19473678287941,32.19473678287941,0.0,0.0,12.559075222035949,Summer,LOAD_PRIORITY
162.0,small_family,13.674835729873124,29.635251530543606,29.635251530543606,0.0,0.0,15.960415800670484,Summer,LOAD_PRIORITY
163.0,apartment,0.0,23.027711226281497,23.027711226281497,0.0,0.0,23.027711226281497,Summer,LOAD_PRIORITY
163.0,family_house,0.0,23.080320911938884,23.080320911938884,0.0,0.0,23.080320911938884,Summer,LOAD_PRIORITY
163.0,luxury_house,0.0,33.247896216834945,33.247896216834945,0.0,0.0,33.247896216834945,Summer,LOAD_PRIORITY
163.0,small_family,0.0,19.895397217300687,19.895397217300687,0.0,0.0,19.895397217300687,Summer,LOAD_PRIORITY
164.0,apartment,0.0,24.187531835960407,24.187531835960407,0.0,0.0,24.187531835960407,Summer,LOAD_PRIORITY
164.0,family_house,0.0,28.885943314836187,28.885943314836187,0.0,0.0,28.885943314836187,Summer,LOAD_PRIORITY
164.0,luxury_house,0.0,36.600884867586245,36.600884867586245,0.0,0.0,36.600884867586245,Summer,LOAD_PRIORITY
164.0,small_family,0.0,24.646719981799812,24.646719981799812,0.0,0.0,24.646719981799812,Summer,LOAD_PRIORITY
165.0,apartment,0.5866596258652526,30.575485613232978,26.47631171481989,4.099173898413088,0.0,29.988825987367722,Summer,LOAD_PRIORITY
165.0,family_house,0.9928085976181197,30.69933205836479,30.69933205836479,0.0,0.0,29.70652346074667,Summer,LOAD_PRIORITY
165.0,luxury_house,1.2635745787866979,33.846679734104136,29.392475781872136,4.454203952232003,0.0,32.58310515531744,Summer,LOAD_PRIORITY
165.0,small_family,0.8799894387978788,22.62555208288593,22.62555208288593,0.0,0.0,21.74556264408805,Summer,LOAD_PRIORITY
166.0,apartment,2.306455884619832,3.6399999999999997,2.9219377840260634,0.7180622159739364,0.0,1.3335441153801675,Summer,LOAD_PRIORITY
166.0,family_house,3.903233035510485,10.08,10.08,0.0,0.0,6.176766964489515,Summer,LOAD_PRIORITY
166.0,luxury_house,4.967751136104253,18.0,11.884749741114716,6.1152502588852835,0.0,13.032248863895745,Summer,LOAD_PRIORITY
166.0,small_family,3.4596838269297483,6.5,6.5,0.0,0.0,3.0403161730702517,Summer,LOAD_PRIORITY
167.0,apartment,4.024726401578842,3.6399999999999997,3.6399999999999997,0.0,0.0,-0.38472640157884314,Summer,LOAD_PRIORITY
167.0,family_house,6.811075448825734,10.08,10.08,0.0,0.0,3.268924551174266,Summer,LOAD_PRIORITY
167.0,luxury_house,8.66864148032366,18.0,11.389945481398037,6.610054518601963,0.0,9.33135851967634,Summer,LOAD_PRIORITY
167.0,small_family,6.0370896023682645,6.5,6.5,0.0,0.0,0.46291039763173586,Summer,LOAD_PRIORITY
168.0,apartment,0.0,3.6399999999999997,1.8664443330728238,1.7735556669271757,0.0,3.6399999999999997,Summer,LOAD_PRIORITY
168.0,family_house,0.0,10.08,9.79610663604353,0.28389336395646936,0.0,10.08,Summer,LOAD_PRIORITY
168.0,luxury_house,0.0,18.0,0.20134692905478416,17.798653070945214,0.0,18.0,Summer,LOAD_PRIORITY
168.0,small_family,0.0,6.5,6.5,0.0,0.0,6.5,Summer,LOAD_PRIORITY
169.0,apartment,2.8401995890153073,3.6399999999999997,3.2093382402390116,0.4306617597609881,0.0,0.7998004109846922,Summer,LOAD_PRIORITY
169.0,family_house,4.806491612179752,10.08,9.640540967681645,0.43945903231835404,0.0,5.2735083878202484,Summer,LOAD_PRIORITY
169.0,luxury_house,6.1173529609560475,18.0,6.1173529609560475,11.882647039043952,0.0,11.882647039043952,Summer,LOAD_PRIORITY
169.0,small_family,4.260299383522961,6.5,6.5,0.0,0.0,2.239700616477039,Summer,LOAD_PRIORITY
170.0,apartment,3.115721255410947,3.6399999999999997,3.3576960606058943,0.2823039393941053,0.0,0.5242787445890527,Summer,LOAD_PRIORITY
170.0,family_house,5.272759047618526,10.08,9.219447661710452,0.860552338289547,0.0,4.807240952381474,Summer,LOAD_PRIORITY
170.0,luxury_house,6.710784242423578,18.0,6.710784242423578,11.289215757576422,0.0,11.289215757576422,Summer,LOAD_PRIORITY
170.0,small_family,4.67358188311642,6.5,6.5,0.0,0.0,1.8264181168835796,Summer,LOAD_PRIORITY
171.0,apartment,3.4204079046799754,3.6399999999999997,3.5217581025199864,0.11824189748001307,0.0,0.21959209532002427,Summer,LOAD_PRIORITY
171.0,family_house,5.788382607919958,10.08,8.878614284718836,1.201385715281163,0.0,4.291617392080042,Summer,LOAD_PRIORITY
171.0,luxury_house,7.367032410079947,18.0,7.367032410079947,10.632967589920053,0.0,10.632967589920053,Summer,LOAD_PRIORITY
171.0,small_family,5.130611857019963,6.5,6.5,0.0,0.0,1.3693881429800376,Summer,LOAD_PRIORITY
172.0,apartment,3.633543128028735,3.6399999999999997,3.636523222784703,0.0034767772152963228,0.0,0.0064568719712645994,Summer,LOAD_PRIORITY
172.0,family_house,6.149072985894782,10.08,7.914921620245553,2.165078379754446,0.0,3.9309270141052175,Summer,LOAD_PRIORITY
172.0,luxury_house,7.8260928911388135,18.0,7.8260928911388135,10.173907108861187,0.0,10.173907108861187,Summer,LOAD_PRIORITY
172.0,small_family,5.4503146920431025,6.5,6.5,0.0,0.0,1.0496853079568975,Summer,LOAD_PRIORITY
173.0,apartment,3.8322888588188615,3.6399999999999997,3.6399999999999997,0.0,0.0,-0.1922888588188621,Summer,LOAD_PRIORITY
173.0,family_house,6.485411914924228,10.08,7.983156950372466,2.096843049627533,0.0,3.594588085075771,Summer,LOAD_PRIORITY
173.0,luxury_house,8.254160618994472,18.0,8.254160618994472,9.745839381005528,0.0,9.745839381005528,Summer,LOAD_PRIORITY
173.0,small_family,5.748433288228292,6.5,6.5,0.0,0.0,0.7515667117717074,Summer,LOAD_PRIORITY
174.0,apartment,12.577823520928327,3.6399999999999997,3.6399999999999997,0.0,0.0,-8.937823520928326,Summer,LOAD_PRIORITY
174.0,family_house,21.28554749695563,10.08,10.08,0.0,0.0,-11.20554749695563,Summer,LOAD_PRIORITY
174.0,luxury_house,27.090696814307165,18.0,18.0,0.0,0.0,-9.090696814307165,Summer,LOAD_PRIORITY
174.0,small_family,18.86673528139249,6.5,6.5,0.0,0.0,-12.36673528139249,Summer,LOAD_PRIORITY
175.0,apartment,12.701241563638359,3.6399999999999997,3.6399999999999997,0.0,0.0,-9.06124156363836,Summer,LOAD_PRIORITY
175.0,family_house,21.494408800003377,10.08,10.08,0.0,0.0,-11.414408800003379,Summer,LOAD_PRIORITY
175.0,luxury_house,27.35652029091339,18.0,18.0,0.0,0.0,-9.35652029091339,Summer,LOAD_PRIORITY
175.0,small_family,19.05186234545754,6.5,6.5,0.0,0.0,-12.551862345457538,Summer,LOAD_PRIORITY
176.0,apartment,12.955648858331484,3.6399999999999997,3.6399999999999997,0.0,0.0,-9.315648858331484,Summer,LOAD_PRIORITY
176.0,family_house,21.924944221791744,10.08,10.08,0.0,0.0,-11.844944221791744,Summer,LOAD_PRIORITY
176.0,luxury_house,27.904474464098584,18.0,18.0,0.0,0.0,-9.904474464098582,Summer,LOAD_PRIORITY
176.0,small_family,19.433473287497225,6.5,6.5,0.0,0.0,-12.933473287497227,Summer,LOAD_PRIORITY
177.0,apartment,13.562072868404714,3.6399999999999997,3.6399999999999997,0.0,0.0,-9.922072868404713,Summer,LOAD_PRIORITY
177.0,family_house,22.951200238838744,10.08,10.08,0.0,0.0,-12.871200238838746,Summer,LOAD_PRIORITY
177.0,luxury_house,29.210618485794765,18.0,18.0,0.0,0.0,-11.210618485794765,Summer,LOAD_PRIORITY
177.0,small_family,20.343109302607072,6.5,6.5,0.0,0.0,-13.843109302607072,Summer,LOAD_PRIORITY
178.0,apartment,14.257250061511847,3.6399999999999997,3.6399999999999997,0.0,0.0,-10.617250061511847,Summer,LOAD_PRIORITY
178.0,family_house,24.12765395025082,10.08,10.08,0.0,0.0,-14.047653950250822,Summer,LOAD_PRIORITY
178.0,luxury_house,30.707923209410136,18.0,18.0,0.0,0.0,-12.707923209410136,Summer,LOAD_PRIORITY
178.0,small_family,21.38587509226777,6.5,6.5,0.0,0.0,-14.88587509226777,Summer,LOAD_PRIORITY
179.0,apartment,15.109913540221823,3.6399999999999997,3.6399999999999997,0.0,0.0,-11.469913540221823,Summer,LOAD_PRIORITY
179.0,family_house,25.57062291422155,10.08,10.08,0.0,0.0,-15.49062291422155,Summer,LOAD_PRIORITY
179.0,luxury_house,32.544429163554696,18.0,18.0,0.0,0.0,-14.544429163554696,Summer,LOAD_PRIORITY
179.0,small_family,22.664870310332734,6.5,6.5,0.0,0.15593973687398965,-16.164870310332734,Summer,LOAD_PRIORITY
180.0,apartment,15.944394611112912,3.6399999999999997,3.6399999999999997,0.0,0.7149758743292272,-12.304394611112912,Summer,LOAD_PRIORITY
180.0,family_house,26.982821649575698,10.08,10.08,0.0,0.0,-16.9028216495757,Summer,LOAD_PRIORITY
180.0,luxury_house,34.34177300855089,18.0,18.0,0.0,0.0,-16.341773008550888,Summer,LOAD_PRIORITY
180.0,small_family,23.916591916669372,6.5,6.5,0.0,3.3726981760694095,-17.416591916669372,Summer,LOAD_PRIORITY
181.0,apartment,16.781332013332406,3.6399999999999997,3.6399999999999997,0.0,1.6409984475675172,-13.141332013332406,Summer,LOAD_PRIORITY
181.0,family_house,28.399177253331764,10.08,10.08,0.0,0.0,-18.319177253331766,Summer,LOAD_PRIORITY
181.0,luxury_house,36.144407413331336,18.0,18.0,0.0,0.0,-18.144407413331336,Summer,LOAD_PRIORITY
181.0,small_family,25.17199801999861,6.5,6.5,0.0,8.571332348601555,-18.67199801999861,Summer,LOAD_PRIORITY
182.0,apartment,17.593614331925437,3.6399999999999997,3.6399999999999997,0.0,3.3951494497069956,-13.953614331925436,Summer,LOAD_PRIORITY
182.0,family_house,29.773808869412278,10.08,10.08,0.0,0.0,-19.69380886941228,Summer,LOAD_PRIORITY
182.0,luxury_house,37.89393856107017,18.0,18.0,0.0,0.0,-19.893938561070172,Summer,LOAD_PRIORITY
182.0,small_family,26.390421497888155,6.5,6.5,0.0,16.082654447421255,-19.890421497888155,Summer,LOAD_PRIORITY
183.0,apartment,17.9360696347743,3.6399999999999997,3.6399999999999997,0.0,8.013145224072348,-14.296069634774298,Summer,LOAD_PRIORITY
183.0,family_house,30.353348612694962,10.08,10.08,0.0,3.8113969465155852,-20.273348612694964,Summer,LOAD_PRIORITY
183.0,luxury_house,38.63153459797541,18.0,18.0,0.0,0.0,-20.63153459797541,Summer,LOAD_PRIORITY
183.0,small_family,26.904104452161445,6.5,6.5,0.0,20.404104452161445,-20.404104452161445,Summer,LOAD_PRIORITY
184.0,apartment,14.158010522159312,3.6399999999999997,3.6399999999999997,0.0,10.518010522159312,-10.518010522159312,Summer,LOAD_PRIORITY
184.0,family_house,23.95971011442345,10.08,10.08,0.0,3.5916642796589584,-13.879710114423455,Summer,LOAD_PRIORITY
184.0,luxury_house,30.49417650926621,18.0,18.0,0.0,0.0,-12.494176509266213,Summer,LOAD_PRIORITY
184.0,small_family,21.23701578323897,6.5,6.5,0.0,14.737015783238972,-14.737015783238972,Summer,LOAD_PRIORITY
185.0,apartment,11.010384076438497,3.6399999999999997,3.6399999999999997,0.0,7.370384076438497,-7.370384076438497,Summer,LOAD_PRIORITY
185.0,family_house,18.632957667818996,10.08,10.08,0.0,5.741437110056727,-8.552957667818996,Summer,LOAD_PRIORITY
185.0,luxury_house,23.714673395405995,18.0,18.0,0.0,0.0,-5.714673395405994,Summer,LOAD_PRIORITY
185.0,small_family,16.515576114657744,6.5,6.5,0.0,10.015576114657746,-10.015576114657746,Summer,LOAD_PRIORITY
186.0,apartment,9.185039185962442,22.466850758512564,22.466850758512564,0.0,0.5789983554010123,13.281811572550122,Summer,LOAD_PRIORITY
186.0,family_house,15.543912468551824,32.770366526077694,32.770366526077694,0.0,0.0,17.226454057525874,Summer,LOAD_PRIORITY
186.0,luxury_house,19.783161323611413,39.696525631119236,39.696525631119236,0.0,0.0,19.91336430750782,Summer,LOAD_PRIORITY
186.0,small_family,13.777558778943662,24.107105007831503,24.107105007831503,0.0,0.2338088866190079,10.32954622888784,Summer,LOAD_PRIORITY
187.0,apartment,0.0,21.26904510539176,21.26904510539176,0.0,0.0,21.26904510539176,Summer,LOAD_PRIORITY
187.0,family_house,0.0,28.686666309475097,28.686666309475097,0.0,0.0,28.686666309475097,Summer,LOAD_PRIORITY
187.0,luxury_house,0.0,36.11395472071842,36.11395472071842,0.0,0.0,36.11395472071842,Summer,LOAD_PRIORITY
187.0,small_family,0.0,23.808267020798752,23.808267020798752,0.0,0.0,23.808267020798752,Summer,LOAD_PRIORITY
188.0,apartment,0.0,18.65090631542632,18.65090631542632,0.0,0.0,18.65090631542632,Summer,LOAD_PRIORITY
188.0,family_house,0.0,30.135700196917416,30.135700196917416,0.0,0.0,30.135700196917416,Summer,LOAD_PRIORITY
188.0,luxury_house,0.0,35.50141403879903,35.50141403879903,0.0,0.0,35.50141403879903,Summer,LOAD_PRIORITY
188.0,small_family,0.0,27.24370621528723,27.24370621528723,0.0,0.0,27.24370621528723,Summer,LOAD_PRIORITY
189.0,apartment,0.544909524622454,23.906648876487328,23.527120959491434,0.3795279169958947,0.0,23.361739351864873,Summer,LOAD_PRIORITY
189.0,family_house,0.9221545801303067,26.647903334773808,26.647903334773808,0.0,0.0,25.7257487546435,Summer,LOAD_PRIORITY
189.0,luxury_house,1.1736512838022084,34.28634989846484,31.991425573606055,2.294924324858783,0.0,33.112698614662634,Summer,LOAD_PRIORITY
189.0,small_family,0.817364286933681,23.775902571153026,22.88717783099535,0.8887247401576752,0.0,22.958538284219344,Summer,LOAD_PRIORITY
190.0,apartment,2.394754456467343,3.6399999999999997,3.5442118812667185,0.09578811873328127,0.0,1.2452455435326566,Summer,LOAD_PRIORITY
190.0,family_house,4.052661387867811,10.08,10.079999999999998,0.0,0.0,6.027338612132188,Summer,LOAD_PRIORITY
190.0,luxury_house,5.157932675468123,18.0,14.784957535501684,3.2150424644983158,0.0,12.842067324531875,Summer,LOAD_PRIORITY
190.0,small_family,3.5921316847010143,6.5,6.276317821900078,0.22368217809992197,0.0,2.9078683152989857,Summer,LOAD_PRIORITY
191.0,apartment,5.610591163906005,3.6399999999999997,3.6399999999999997,0.0,0.0,-1.9705911639060054,Summer,LOAD_PRIORITY
191.0,family_house,9.4948465850717,10.08,10.08,0.0,0.0,0.5851534149282993,Summer,LOAD_PRIORITY
191.0,luxury_house,12.084350199182165,18.0,15.566169254641432,2.4338307453585677,0.0,5.915649800817836,Summer,LOAD_PRIORITY
191.0,small_family,8.415886745859007,6.5,6.5,0.0,0.0,-1.9158867458590079,Summer,LOAD_PRIORITY
192.0,apartment,0.0,3.6399999999999997,3.4964255421165693,0.14357445788343037,0.0,3.6399999999999997,Summer,LOAD_PRIORITY
192.0,family_house,0.0,10.08,10.08,0.0,0.0,10.08,Summer,LOAD_PRIORITY
192.0,luxury_house,0.0,18.0,7.149536284049535,10.850463715950465,0.0,18.0,Summer,LOAD_PRIORITY
192.0,small_family,0.0,6.5,6.132638313174854,0.3673616868251456,0.0,6.5,Summer,LOAD_PRIORITY
193.0,apartment,2.5960083132914695,3.6399999999999997,3.496130338449733,0.14386966155026648,0.0,1.0439916867085304,Summer,LOAD_PRIORITY
193.0,family_house,4.393244837877871,10.08,10.08,0.0,0.0,5.686755162122129,Summer,LOAD_PRIORITY
193.0,luxury_house,5.591402520935472,18.0,6.792931233664178,11.207068766335823,0.0,12.408597479064529,Summer,LOAD_PRIORITY
193.0,small_family,3.8940124699372043,6.5,6.2995394207644,0.20046057923559968,0.0,2.6059875300627957,Summer,LOAD_PRIORITY
194.0,apartment,2.8199164249665407,3.6399999999999997,3.4699195776389087,0.170080422361091,0.0,0.8200835750334587,Summer,LOAD_PRIORITY
194.0,family_house,4.772166257635685,10.08,9.66425013927459,0.41574986072541004,0.0,5.3078337423643145,Summer,LOAD_PRIORITY
194.0,luxury_house,6.073666146081781,18.0,6.298899199292472,11.701100800707529,0.0,11.92633385391822,Summer,LOAD_PRIORITY
194.0,small_family,4.229874637449811,6.5,6.325374972111524,0.17462502788847606,0.0,2.2701253625501887,Summer,LOAD_PRIORITY
195.0,apartment,2.95711015396586,3.6399999999999997,3.4824100355305827,0.15758996446941675,0.0,0.6828898460341393,Summer,LOAD_PRIORITY
195.0,family_house,5.00434026055761,10.08,9.316913636458294,0.763086363541706,0.0,5.07565973944239,Summer,LOAD_PRIORITY
195.0,luxury_house,6.369160331618777,18.0,6.369160331618777,11.630839668381224,0.0,11.630839668381224,Summer,LOAD_PRIORITY
195.0,small_family,4.43566523094879,6.5,6.341205017765292,0.15879498223470845,0.0,2.06433476905121,Summer,LOAD_PRIORITY
196.0,apartment,3.1119639816783637,3.6399999999999997,3.518145534233468,0.1218544657665313,0.0,0.5280360183216357,Summer,LOAD_PRIORITY
196.0,family_house,5.266400584378769,10.08,8.547089713526047,1.5329102864739528,0.0,4.81359941562123,Summer,LOAD_PRIORITY
196.0,luxury_house,6.702691652845706,18.0,6.702691652845706,11.297308347154294,0.0,11.297308347154294,Summer,LOAD_PRIORITY
196.0,small_family,4.667945972517546,6.5,6.359072767116734,0.1409272328832657,0.0,1.832054027482454,Summer,LOAD_PRIORITY
197.0,apartment,3.1176260410418117,3.6399999999999997,3.519452163317341,0.12054783668265878,0.0,0.5223739589581881,Summer,LOAD_PRIORITY
197.0,family_house,5.2759825309938355,10.08,8.078326054580765,2.001673945419235,0.0,4.804017469006164,Summer,LOAD_PRIORITY
197.0,luxury_house,6.7148868576285174,18.0,6.7148868576285174,11.285113142371483,0.0,11.285113142371483,Summer,LOAD_PRIORITY
197.0,small_family,4.676439061562718,6.5,6.318124283461602,0.18187571653839818,0.0,1.8235609384372822,Summer,LOAD_PRIORITY
198.0,apartment,11.66955247169157,3.6399999999999997,3.6399999999999997,0.0,0.0,-8.029552471691572,Summer,LOAD_PRIORITY
198.0,family_house,19.748473413631892,10.08,10.08,0.0,0.0,-9.66847341363189,Summer,LOAD_PRIORITY
198.0,luxury_house,25.13442070825877,18.0,18.0,0.0,0.0,-7.134420708258769,Summer,LOAD_PRIORITY
198.0,small_family,17.504328707537358,6.5,6.5,0.0,0.0,-11.004328707537358,Summer,LOAD_PRIORITY
199.0,apartment,11.604527137985368,3.6399999999999997,3.6399999999999997,0.0,0.0,-7.9645271379853675,Summer,LOAD_PRIORITY
199.0,family_house,19.638430541206006,10.08,10.08,0.0,0.0,-9.558430541206008,Summer,LOAD_PRIORITY
199.0,luxury_house,24.994366143353105,18.0,18.0,0.0,0.0,-6.994366143353103,Summer,LOAD_PRIORITY
199.0,small_family,17.40679070697805,6.5,6.5,0.0,0.0,-10.906790706978052,Summer,LOAD_PRIORITY
200.0,apartment,11.554544104021515,3.6399999999999997,3.6399999999999997,0.0,0.0,-7.914544104021514,Summer,LOAD_PRIORITY
200.0,family_house,19.553843868344103,10.08,10.08,0.0,0.0,-9.473843868344105,Summer,LOAD_PRIORITY
200.0,luxury_house,24.886710377892495,18.0,18.0,0.0,0.0,-6.886710377892495,Summer,LOAD_PRIORITY
200.0,small_family,17.331816156032275,6.5,6.5,0.0,0.0,-10.831816156032275,Summer,LOAD_PRIORITY
201.0,apartment,12.017917808978156,3.6399999999999997,3.6399999999999997,0.0,0.0,-8.377917808978157,Summer,LOAD_PRIORITY
201.0,family_house,20.338014753655344,10.08,10.08,0.0,0.0,-10.258014753655344,Summer,LOAD_PRIORITY
201.0,luxury_house,25.884746050106802,18.0,18.0,0.0,0.0,-7.884746050106802,Summer,LOAD_PRIORITY
201.0,small_family,18.026876713467235,6.5,6.5,0.0,0.0,-11.526876713467233,Summer,LOAD_PRIORITY
202.0,apartment,12.692410263301364,3.6399999999999997,3.6399999999999997,0.0,0.0,-9.052410263301365,Summer,LOAD_PRIORITY
202.0,family_house,21.479463522510002,10.08,10.08,0.0,0.0,-11.399463522510004,Summer,LOAD_PRIORITY
202.0,luxury_house,27.33749902864909,18.0,18.0,0.0,0.0,-9.337499028649093,Summer,LOAD_PRIORITY
202.0,small_family,19.038615394952046,6.5,6.5,0.0,0.0,-12.538615394952048,Summer,LOAD_PRIORITY
203.0,apartment,13.340361879815227,3.6399999999999997,3.6399999999999997,0.0,0.0,-9.700361879815226,Summer,LOAD_PRIORITY
203.0,family_house,22.575997027379614,10.08,10.08,0.0,0.0,-12.495997027379614,Summer,LOAD_PRIORITY
203.0,luxury_house,28.733087125755873,18.0,18.0,0.0,0.0,-10.73308712575587,Summer,LOAD_PRIORITY
203.0,small_family,20.010542819722836,6.5,6.5,0.0,0.0,-13.510542819722836,Summer,LOAD_PRIORITY
204.0,apartment,13.841489251851444,3.6399999999999997,3.6399999999999997,0.0,0.015105806970166835,-10.201489251851443,Summer,LOAD_PRIORITY
204.0,family_house,23.42405873390244,10.08,10.08,0.0,0.0,-13.344058733902441,Summer,LOAD_PRIORITY
204.0,luxury_house,29.81243838860311,18.0,18.0,0.0,0.0,-11.812438388603109,Summer,LOAD_PRIORITY
204.0,small_family,20.762233877777163,6.5,6.5,0.0,0.28003887962918894,-14.262233877777163,Summer,LOAD_PRIORITY
205.0,apartment,14.788404159276253,3.6399999999999997,3.6399999999999997,0.0,1.2971008575715033,-11.148404159276252,Summer,LOAD_PRIORITY
205.0,family_house,25.02653011569828,10.08,10.08,0.0,0.0,-14.94653011569828,Summer,LOAD_PRIORITY
205.0,luxury_house,31.851947419979624,18.0,18.0,0.0,0.0,-13.851947419979624,Summer,LOAD_PRIORITY
205.0,small_family,22.18260623891438,6.5,6.5,0.0,3.9875341041829375,-15.682606238914381,Summer,LOAD_PRIORITY
206.0,apartment,15.41623840476839,3.6399999999999997,3.6399999999999997,0.0,2.2578480449527247,-11.776238404768389,Summer,LOAD_PRIORITY
206.0,family_house,26.089018838838815,10.08,10.08,0.0,0.0,-16.009018838838816,Summer,LOAD_PRIORITY
206.0,luxury_house,33.20420579488576,18.0,18.0,0.0,0.0,-15.20420579488576,Summer,LOAD_PRIORITY
206.0,small_family,23.124357607152582,6.5,6.5,0.0,7.37184839716852,-16.624357607152582,Summer,LOAD_PRIORITY
207.0,apartment,15.345638315818432,3.6399999999999997,3.6399999999999997,0.0,5.433146083331562,-11.705638315818431,Summer,LOAD_PRIORITY
207.0,family_house,25.96954176523119,10.08,10.08,0.0,0.0,-15.889541765231193,Summer,LOAD_PRIORITY
207.0,luxury_house,33.0521440648397,18.0,18.0,0.0,0.0,-15.0521440648397,Summer,LOAD_PRIORITY
207.0,small_family,23.01845747372765,6.5,6.5,0.0,10.6393509403748,-16.51845747372765,Summer,LOAD_PRIORITY
208.0,apartment,12.202539828375844,3.6399999999999997,3.6399999999999997,0.0,4.988832647967649,-8.562539828375845,Summer,LOAD_PRIORITY
208.0,family_house,20.650452017251432,10.08,10.08,0.0,0.9213225029111812,-10.57045201725143,Summer,LOAD_PRIORITY
208.0,luxury_house,26.28239347650182,18.0,18.0,0.0,0.0,-8.28239347650182,Summer,LOAD_PRIORITY
208.0,small_family,18.303809742563768,6.5,6.5,0.0,11.246054935737886,-11.803809742563768,Summer,LOAD_PRIORITY
209.0,apartment,9.145623116478637,3.6399999999999997,3.6399999999999997,0.0,4.25970614905224,-5.505623116478637,Summer,LOAD_PRIORITY
209.0,family_house,15.477208350963846,10.08,10.08,0.0,0.8995347251606411,-5.397208350963847,Summer,LOAD_PRIORITY
209.0,luxury_house,19.698265173953985,18.0,18.0,0.0,0.0,-1.6982651739539865,Summer,LOAD_PRIORITY
209.0,small_family,13.718434674717955,6.5,6.5,0.0,7.218434674717955,-7.218434674717955,Summer,LOAD_PRIORITY
210.0,apartment,7.3896618298577925,23.594659147349866,23.594659147349866,0.0,0.0,16.204997317492072,Summer,LOAD_PRIORITY
210.0,family_house,12.505581558220879,27.096920455975187,27.096920455975187,0.0,0.18739557383812122,14.591338897754312,Summer,LOAD_PRIORITY
210.0,luxury_house,15.916194710462937,29.50355444314269,29.50355444314269,0.0,0.0,13.587359732679754,Summer,LOAD_PRIORITY
210.0,small_family,11.084492744786688,29.40527909781797,29.405279097817967,0.0,0.4659096518960786,18.32078635303128,Summer,LOAD_PRIORITY
211.0,apartment,0.0,22.414969576594235,22.414969576594235,0.0,0.0,22.414969576594235,Summer,LOAD_PRIORITY
211.0,family_house,0.0,20.908109131483478,20.908109131483478,0.0,0.0,20.908109131483478,Summer,LOAD_PRIORITY
211.0,luxury_house,0.0,34.851804134156616,34.851804134156616,0.0,0.0,34.851804134156616,Summer,LOAD_PRIORITY
211.0,small_family,0.0,24.632462301199514,24.632462301199514,0.0,0.0,24.632462301199514,Summer,LOAD_PRIORITY
212.0,apartment,0.0,23.94622141182862,23.94622141182862,0.0,0.0,23.94622141182862,Summer,LOAD_PRIORITY
212.0,family_house,0.0,24.72158250673735,24.72158250673735,0.0,0.0,24.72158250673735,Summer,LOAD_PRIORITY
212.0,luxury_house,0.0,34.226914754744314,33.914151906162914,0.3127628485813956,0.0,34.226914754744314,Summer,LOAD_PRIORITY
212.0,small_family,0.0,26.535461561945286,26.535461561945286,0.0,0.0,26.535461561945286,Summer,LOAD_PRIORITY
213.0,apartment,0.0,21.01585204109893,17.244379723026093,3.7714723180728367,0.0,21.01585204109893,Summer,LOAD_PRIORITY
213.0,family_house,0.0,27.1062069517121,27.1062069517121,0.0,0.0,27.1062069517121,Summer,LOAD_PRIORITY
213.0,luxury_house,0.0,33.39111541963803,17.944025972131225,15.4470894475068,0.0,33.39111541963803,Summer,LOAD_PRIORITY
213.0,small_family,0.0,19.188586567565427,19.188586567565427,0.0,0.0,19.188586567565427,Summer,LOAD_PRIORITY
214.0,apartment,1.656282292242048,3.6399999999999997,2.877031650862326,0.7629683491376738,0.0,1.9837177077579518,Summer,LOAD_PRIORITY
214.0,family_house,2.8029392637942347,10.08,9.217969971588145,0.8620300284118557,0.0,7.277060736205765,Summer,LOAD_PRIORITY
214.0,luxury_house,3.567377244829027,18.0,5.7479836565215585,12.252016343478441,0.0,14.432622755170975,Summer,LOAD_PRIORITY
214.0,small_family,2.4844234383630717,6.5,6.5,0.0,0.0,4.015576561636928,Summer,LOAD_PRIORITY
215.0,apartment,4.884199621297904,3.6399999999999997,3.6399999999999997,0.0,0.0,-1.2441996212979045,Summer,LOAD_PRIORITY
215.0,family_house,8.26556858988876,10.08,9.77759476498146,0.30240523501854,0.0,1.81443141011124,Summer,LOAD_PRIORITY
215.0,luxury_house,10.519814568949332,18.0,11.14316335487022,6.856836645129779,0.0,7.480185431050669,Summer,LOAD_PRIORITY
215.0,small_family,7.326299431946856,6.5,6.5,0.0,0.0,-0.8262994319468554,Summer,LOAD_PRIORITY
216.0,apartment,0.0,3.6399999999999997,2.6706844842954283,0.9693155157045714,0.0,3.6399999999999997,Summer,LOAD_PRIORITY
216.0,family_house,0.0,10.08,8.4,1.68,0.0,10.08,Summer,LOAD_PRIORITY
216.0,luxury_house,0.0,18.0,0.28370443475818624,17.716295565241815,0.0,18.0,Summer,LOAD_PRIORITY
216.0,small_family,0.0,6.5,6.5,0.0,0.0,6.5,Summer,LOAD_PRIORITY
217.0,apartment,1.8283256392171447,3.6399999999999997,2.943202168929671,0.6967978310703288,0.0,1.8116743607828547,Summer,LOAD_PRIORITY
217.0,family_house,3.0940895432905524,10.08,8.915681590548427,1.1643184094515746,0.0,6.985910456709448,Summer,LOAD_PRIORITY
217.0,luxury_house,3.9379321460061574,18.0,3.9379321460061574,14.062067853993842,0.0,14.062067853993842,Summer,LOAD_PRIORITY
217.0,small_family,2.7424884588257172,6.5,6.3336172341321975,0.16638276586780232,0.0,3.7575115411742823,Summer,LOAD_PRIORITY
218.0,apartment,1.633395302916976,3.6399999999999997,2.868228962660375,0.7717710373396245,0.0,2.0066046970830236,Summer,LOAD_PRIORITY
218.0,family_house,2.764207435705652,10.08,8.754108786485174,1.3258912135148253,0.0,7.315792564294348,Summer,LOAD_PRIORITY
218.0,luxury_house,3.5180821908981024,18.0,3.5180821908981024,14.481917809101898,0.0,14.481917809101898,Summer,LOAD_PRIORITY
218.0,small_family,2.450092954375464,6.5,5.94551300741001,0.5544869925899893,0.0,4.049907045624536,Summer,LOAD_PRIORITY
219.0,apartment,1.5391966510795787,3.6399999999999997,2.823877408071439,0.8161225919285611,0.0,2.100803348920421,Summer,LOAD_PRIORITY
219.0,family_house,2.60479433259621,10.08,7.588264777532069,2.4917352224679297,0.0,7.475205667403789,Summer,LOAD_PRIORITY
219.0,luxury_house,3.3151927869406306,18.0,3.3151927869406306,14.684807213059369,0.0,14.684807213059369,Summer,LOAD_PRIORITY
219.0,small_family,2.3087949766193683,6.5,5.405109237489528,1.0948907625104716,0.0,4.191205023380633,Summer,LOAD_PRIORITY
220.0,apartment,1.6352590641549005,3.6399999999999997,2.714734952686877,0.9252650473131228,0.0,2.004740935845099,Summer,LOAD_PRIORITY
220.0,family_house,2.767361493185216,10.08,7.309051240947249,2.7709487590527506,0.0,7.312638506814784,Summer,LOAD_PRIORITY
220.0,luxury_house,3.5220964458720934,18.0,3.5220964458720934,14.477903554127908,0.0,14.477903554127908,Summer,LOAD_PRIORITY
220.0,small_family,2.4528885962323503,6.5,4.9361121658021725,1.563887834197828,0.0,4.04711140376765,Summer,LOAD_PRIORITY
221.0,apartment,1.7749290908736286,3.6399999999999997,2.7791980419416746,0.860801958058325,0.0,1.865070909126371,Summer,LOAD_PRIORITY
221.0,family_house,3.0037261537861406,10.08,5.952173589708581,4.1278264102914175,0.0,7.076273846213859,Summer,LOAD_PRIORITY
221.0,luxury_house,3.8229241957278153,18.0,3.8229241957278153,14.177075804272183,0.0,14.177075804272183,Summer,LOAD_PRIORITY
221.0,small_family,2.662393636310443,6.5,4.728797062912512,1.771202937087488,0.0,3.837606363689557,Summer,LOAD_PRIORITY
222.0,apartment,10.632797716879896,3.6399999999999997,3.6399999999999997,0.0,0.0,-6.992797716879895,Summer,LOAD_PRIORITY
222.0,family_house,17.99396536702752,10.08,10.08,0.0,0.0,-7.913965367027519,Summer,LOAD_PRIORITY
222.0,luxury_house,22.90141046712593,18.0,18.0,0.0,0.0,-4.901410467125931,Summer,LOAD_PRIORITY
222.0,small_family,15.949196575319846,6.5,6.5,0.0,0.0,-9.449196575319846,Summer,LOAD_PRIORITY
223.0,apartment,10.929243260285297,3.6399999999999997,3.6399999999999997,0.0,0.0,-7.289243260285299,Summer,LOAD_PRIORITY
223.0,family_house,18.49564244048281,10.08,10.08,0.0,0.0,-8.415642440482813,Summer,LOAD_PRIORITY
223.0,luxury_house,23.53990856061449,18.0,18.0,0.0,0.0,-5.539908560614489,Summer,LOAD_PRIORITY
223.0,small_family,16.393864890427945,6.5,6.5,0.0,0.0,-9.893864890427945,Summer,LOAD_PRIORITY
224.0,apartment,11.352115526568618,3.6399999999999997,3.6399999999999997,0.0,0.0,-7.712115526568617,Summer,LOAD_PRIORITY
224.0,family_house,19.211272429577658,10.08,10.08,0.0,0.0,-9.131272429577658,Summer,LOAD_PRIORITY
224.0,luxury_house,24.45071036491702,18.0,18.0,0.0,0.0,-6.450710364917018,Summer,LOAD_PRIORITY
224.0,small_family,17.028173289852926,6.5,6.5,0.0,0.0,-10.528173289852926,Summer,LOAD_PRIORITY
225.0,apartment,12.230977149715361,3.6399999999999997,3.6399999999999997,0.0,0.0,-8.59097714971536,Summer,LOAD_PRIORITY
225.0,family_house,20.69857671490292,10.08,10.08,0.0,0.0,-10.61857671490292,Summer,LOAD_PRIORITY
225.0,luxury_house,26.343643091694624,18.0,18.0,0.0,0.0,-8.343643091694624,Summer,LOAD_PRIORITY
225.0,small_family,18.346465724573044,6.5,6.5,0.0,0.0,-11.846465724573042,Summer,LOAD_PRIORITY
226.0,apartment,13.207445381157699,3.6399999999999997,3.6399999999999997,0.0,0.0,-9.567445381157698,Summer,LOAD_PRIORITY
226.0,family_house,22.351061414266876,10.08,10.08,0.0,0.0,-12.271061414266878,Summer,LOAD_PRIORITY
226.0,luxury_house,28.44680543633966,18.0,18.0,0.0,0.0,-10.446805436339659,Summer,LOAD_PRIORITY
226.0,small_family,19.81116807173655,6.5,6.5,0.0,0.0,-13.31116807173655,Summer,LOAD_PRIORITY
227.0,apartment,14.201340326638942,3.6399999999999997,3.6399999999999997,0.0,0.0,-10.561340326638943,Summer,LOAD_PRIORITY
227.0,family_house,24.03303747585052,10.08,10.08,0.0,0.0,-13.953037475850524,Summer,LOAD_PRIORITY
227.0,luxury_house,30.587502241991572,18.0,18.0,0.0,0.0,-12.587502241991572,Summer,LOAD_PRIORITY
227.0,small_family,21.302010489958413,6.5,6.5,0.0,0.0,-14.802010489958414,Summer,LOAD_PRIORITY
228.0,apartment,15.145903706618846,3.6399999999999997,3.6399999999999997,0.0,0.3861893593802577,-11.505903706618845,Summer,LOAD_PRIORITY
228.0,family_house,25.631529349662664,10.08,10.08,0.0,0.0,-15.551529349662665,Summer,LOAD_PRIORITY
228.0,luxury_house,32.62194644502521,18.0,18.0,0.0,0.0,-14.62194644502521,Summer,LOAD_PRIORITY
228.0,small_family,22.71885555992827,6.5,6.5,0.0,0.0,-16.21885555992827,Summer,LOAD_PRIORITY
229.0,apartment,15.827109499293567,3.6399999999999997,3.6399999999999997,0.0,0.9374699614841204,-12.187109499293566,Summer,LOAD_PRIORITY
229.0,family_house,26.78433915265065,10.08,10.08,0.0,0.0,-16.70433915265065,Summer,LOAD_PRIORITY
229.0,luxury_house,34.08915892155537,18.0,18.0,0.0,0.0,-16.08915892155537,Summer,LOAD_PRIORITY
229.0,small_family,23.74066424894035,6.5,6.5,0.0,0.5885772460169731,-17.24066424894035,Summer,LOAD_PRIORITY
230.0,apartment,16.7342822263646,3.6399999999999997,3.6399999999999997,0.0,1.6514133370469075,-13.094282226364596,Summer,LOAD_PRIORITY
230.0,family_house,28.319554536924702,10.08,10.08,0.0,0.7141060733170509,-18.239554536924704,Summer,LOAD_PRIORITY
230.0,luxury_house,36.04306941063144,18.0,18.0,0.0,0.0,-18.04306941063144,Summer,LOAD_PRIORITY
230.0,small_family,25.101423339546894,6.5,6.5,0.0,4.1120906161857,-18.601423339546894,Summer,LOAD_PRIORITY
231.0,apartment,17.093420335580284,3.6399999999999997,3.6399999999999997,0.0,3.8700491637379963,-13.453420335580281,Summer,LOAD_PRIORITY
231.0,family_house,28.927326721751243,10.08,10.08,0.0,1.570610560145937,-18.847326721751244,Summer,LOAD_PRIORITY
231.0,luxury_house,36.816597645865215,18.0,18.0,0.0,0.0,-18.81659764586522,Summer,LOAD_PRIORITY
231.0,small_family,25.640130503370422,6.5,6.5,0.0,10.056169727112627,-19.140130503370422,Summer,LOAD_PRIORITY
232.0,apartment,13.138043544514694,3.6399999999999997,3.6399999999999997,0.0,5.496047964483597,-9.498043544514694,Summer,LOAD_PRIORITY
232.0,family_house,22.23361215225564,10.08,10.08,0.0,1.0128010126879698,-12.153612152255638,Summer,LOAD_PRIORITY
232.0,luxury_house,28.297324557416268,18.0,18.0,0.0,0.0,-10.297324557416268,Summer,LOAD_PRIORITY
232.0,small_family,19.707065316772045,6.5,6.5,0.0,13.207065316772045,-13.207065316772045,Summer,LOAD_PRIORITY
233.0,apartment,10.02760281971726,3.6399999999999997,3.6399999999999997,0.0,6.3876028197172605,-6.3876028197172605,Summer,LOAD_PRIORITY
233.0,family_house,16.969789387213822,10.08,10.08,0.0,1.1577018537633372,-6.889789387213822,Summer,LOAD_PRIORITY
233.0,luxury_house,21.597913765544867,18.0,18.0,0.0,0.0,-3.5979137655448667,Summer,LOAD_PRIORITY
233.0,small_family,15.041404229575889,6.5,6.5,0.0,8.541404229575889,-8.541404229575889,Summer,LOAD_PRIORITY
234.0,apartment,8.648076961602529,20.161870879966955,20.161870879966955,0.0,0.045468837365675974,11.513793918364428,Summer,LOAD_PRIORITY
234.0,family_house,14.635207165788895,28.182805896831017,28.18280589683102,0.0,0.0,13.547598731042122,Summer,LOAD_PRIORITY
234.0,luxury_house,18.62662730191314,39.642373962363095,39.642373962363095,0.0,0.0,21.015746660449956,Summer,LOAD_PRIORITY
234.0,small_family,12.972115442403794,21.43775208320342,21.43775208320342,0.0,1.37381835637792,8.465636640799625,Summer,LOAD_PRIORITY
235.0,apartment,0.0,31.590132746613172,31.590132746613172,0.0,0.0,31.590132746613172,Summer,LOAD_PRIORITY
235.0,family_house,0.0,22.99661973320031,22.99661973320031,0.0,0.0,22.99661973320031,Summer,LOAD_PRIORITY
235.0,luxury_house,0.0,39.913459842081984,39.913459842081984,0.0,0.0,39.913459842081984,Summer,LOAD_PRIORITY
235.0,small_family,0.0,24.996379358648376,24.996379358648376,0.0,0.0,24.996379358648376,Summer,LOAD_PRIORITY
236.0,apartment,0.17783980258740104,19.41268190936944,18.88720330120923,0.5254786081602072,0.0,19.234842106782036,Summer,LOAD_PRIORITY
236.0,family_house,0.30095966591714024,25.131089354067043,25.131089354067043,0.0,0.0,24.830129688149903,Summer,LOAD_PRIORITY
236.0,luxury_house,0.38303957480363304,38.31813193424772,37.23531452980706,1.082817404440655,0.0,37.935092359444084,Summer,LOAD_PRIORITY
236.0,small_family,0.26675970388110154,26.937627086526668,26.937627086526668,0.0,0.0,26.670867382645564,Summer,LOAD_PRIORITY
237.0,apartment,1.2019633429561818,18.844254229083138,15.31552139872892,3.5287328303542167,0.0,17.642290886126954,Summer,LOAD_PRIORITY
237.0,family_house,2.0340918111566153,31.028429237923962,31.028429237923962,0.0,0.0,28.994337426767345,Summer,LOAD_PRIORITY
237.0,luxury_house,2.588844123290238,33.13469806539438,20.362171718707437,12.772526346686941,0.0,30.54585394210414,Summer,LOAD_PRIORITY
237.0,small_family,1.802945014434273,19.17380363578826,19.17380363578826,0.0,0.0,17.370858621353985,Summer,LOAD_PRIORITY
238.0,apartment,2.865667372760053,3.6399999999999997,3.401743807003093,0.2382561929969067,0.0,0.7743326272399468,Summer,LOAD_PRIORITY
238.0,family_house,4.849590938517013,10.08,10.08,0.0,0.0,5.2304090614829875,Summer,LOAD_PRIORITY
238.0,luxury_house,6.172206649021652,18.0,7.379789413918552,10.620210586081448,0.0,11.827793350978348,Summer,LOAD_PRIORITY
238.0,small_family,4.298501059140079,6.5,6.5,0.0,0.0,2.2014989408599206,Summer,LOAD_PRIORITY
239.0,apartment,5.7768205759501186,3.6399999999999997,3.6399999999999997,0.0,0.0,-2.136820575950119,Summer,LOAD_PRIORITY
239.0,family_house,9.776157897761738,10.08,10.08,0.0,0.0,0.3038421022382609,Summer,LOAD_PRIORITY
239.0,luxury_house,12.442382778969485,18.0,12.442382778969485,5.557617221030514,0.0,5.557617221030514,Summer,LOAD_PRIORITY
239.0,small_family,8.665230863925178,6.5,6.5,0.0,0.0,-2.1652308639251774,Summer,LOAD_PRIORITY
240.0,apartment,0.0,3.6399999999999997,3.020630172422364,0.6193698275776355,0.0,3.6399999999999997,Summer,LOAD_PRIORITY
240.0,family_house,0.0,10.08,9.67353829808516,0.40646170191483944,0.0,10.08,Summer,LOAD_PRIORITY
240.0,luxury_house,0.0,18.0,0.0,18.0,0.0,18.0,Summer,LOAD_PRIORITY
240.0,small_family,0.0,6.5,6.5,0.0,0.0,6.5,Summer,LOAD_PRIORITY
241.0,apartment,2.629642107653941,3.6399999999999997,3.251400810636131,0.3885991893638688,0.0,1.0103578923460588,Summer,LOAD_PRIORITY
241.0,family_house,4.4501635667989765,10.08,9.610846963899915,0.46915303610008524,0.0,5.629836433201023,Summer,LOAD_PRIORITY
241.0,luxury_house,5.663844539562334,18.0,5.663844539562334,12.336155460437665,0.0,12.336155460437665,Summer,LOAD_PRIORITY
241.0,small_family,3.944463161480911,6.5,6.5,0.0,0.0,2.555536838519089,Summer,LOAD_PRIORITY
242.0,apartment,2.5806399502128117,3.6399999999999997,3.2325538270049274,0.40744617299507224,0.0,1.0593600497871878,Summer,LOAD_PRIORITY
242.0,family_house,4.367236838821682,10.08,9.201913866493786,0.878086133506213,0.0,5.712763161178318,Summer,LOAD_PRIORITY
242.0,luxury_house,5.558301431227595,18.0,5.558301431227595,12.441698568772406,0.0,12.441698568772406,Summer,LOAD_PRIORITY
242.0,small_family,3.8709599253192177,6.5,6.5,0.0,0.0,2.6290400746807823,Summer,LOAD_PRIORITY
243.0,apartment,2.647533979638584,3.6399999999999997,3.2582822998609937,0.38171770013900597,0.0,0.9924660203614155,Summer,LOAD_PRIORITY
243.0,family_house,4.480442119388373,10.08,8.741904929466116,1.3380950705338834,0.0,5.599557880611627,Summer,LOAD_PRIORITY
243.0,luxury_house,5.702380879221566,18.0,5.702380879221566,12.297619120778435,0.0,12.297619120778435,Summer,LOAD_PRIORITY
243.0,small_family,3.971300969457876,6.5,6.5,0.0,0.0,2.528699030542124,Summer,LOAD_PRIORITY
244.0,apartment,2.8201267549220326,3.6399999999999997,3.324664136508474,0.3153358634915257,0.0,0.8198732450779669,Summer,LOAD_PRIORITY
244.0,family_house,4.772522200637287,10.08,8.753130550159321,1.3268694498406783,0.0,5.307477799362713,Summer,LOAD_PRIORITY
244.0,luxury_house,6.074119164447456,18.0,6.074119164447456,11.925880835552544,0.0,11.925880835552544,Summer,LOAD_PRIORITY
244.0,small_family,4.230190132383049,6.5,6.379442081632343,0.12055791836765703,0.0,2.2698098676169507,Summer,LOAD_PRIORITY
245.0,apartment,3.0530348206101614,3.6399999999999997,3.414244161773139,0.22575583822686082,0.0,0.5869651793898382,Summer,LOAD_PRIORITY
245.0,family_house,5.1666743118018115,10.08,8.525862285196986,1.5541377148030127,0.0,4.913325688198188,Summer,LOAD_PRIORITY
245.0,luxury_house,6.575767305929579,18.0,6.575767305929579,11.42423269407042,0.0,11.42423269407042,Summer,LOAD_PRIORITY
245.0,small_family,4.579552230915242,6.5,6.352273248531942,0.1477267514680583,0.0,1.920447769084758,Summer,LOAD_PRIORITY
246.0,apartment,11.938123133218495,3.6399999999999997,3.6399999999999997,0.0,0.0,-8.298123133218496,Summer,LOAD_PRIORITY
246.0,family_house,20.20297761006207,10.08,10.08,0.0,0.0,-10.12297761006207,Summer,LOAD_PRIORITY
246.0,luxury_house,25.712880594624455,18.0,18.0,0.0,0.0,-7.712880594624455,Summer,LOAD_PRIORITY
246.0,small_family,17.90718469982774,6.5,6.5,0.0,0.0,-11.407184699827742,Summer,LOAD_PRIORITY
247.0,apartment,12.09207118635494,3.6399999999999997,3.6399999999999997,0.0,0.0,-8.452071186354939,Summer,LOAD_PRIORITY
247.0,family_house,20.46350508460067,10.08,10.08,0.0,0.0,-10.38350508460067,Summer,LOAD_PRIORITY
247.0,luxury_house,26.044461016764487,18.0,18.0,0.0,0.0,-8.044461016764485,Summer,LOAD_PRIORITY
247.0,small_family,18.13810677953241,6.5,6.5,0.0,0.0,-11.63810677953241,Summer,LOAD_PRIORITY
248.0,apartment,12.466700205287273,3.6399999999999997,3.6399999999999997,0.0,0.0,-8.826700205287274,Summer,LOAD_PRIORITY
248.0,family_house,21.09749265510154,10.08,10.08,0.0,0.0,-11.01749265510154,Summer,LOAD_PRIORITY
248.0,luxury_house,26.85135428831105,18.0,18.0,0.0,0.0,-8.85135428831105,Summer,LOAD_PRIORITY
248.0,small_family,18.70005030793091,6.5,6.5,0.0,0.0,-12.200050307930908,Summer,LOAD_PRIORITY
249.0,apartment,13.174628536831225,3.6399999999999997,3.6399999999999997,0.0,0.0,-9.534628536831224,Summer,LOAD_PRIORITY
249.0,family_house,22.295525216175918,10.08,10.08,0.0,0.0,-12.215525216175918,Summer,LOAD_PRIORITY
249.0,luxury_house,28.376123002405713,18.0,18.0,0.0,0.0,-10.376123002405715,Summer,LOAD_PRIORITY
249.0,small_family,19.761942805246836,6.5,6.5,0.0,0.0,-13.261942805246838,Summer,LOAD_PRIORITY
250.0,apartment,13.967733972684126,3.6399999999999997,3.6399999999999997,0.0,0.0,-10.327733972684126,Summer,LOAD_PRIORITY
250.0,family_house,23.63770364608083,10.08,10.08,0.0,0.0,-13.557703646080832,Summer,LOAD_PRIORITY
250.0,luxury_house,30.084350095011963,18.0,18.0,0.0,0.0,-12.084350095011963,Summer,LOAD_PRIORITY
250.0,small_family,20.95160095902619,6.5,6.5,0.0,0.0,-14.45160095902619,Summer,LOAD_PRIORITY
251.0,apartment,14.755570330361751,3.6399999999999997,3.6399999999999997,0.0,0.5408980625941568,-11.11557033036175,Summer,LOAD_PRIORITY
251.0,family_house,24.970965174458343,10.08,10.08,0.0,0.0,-14.890965174458344,Summer,LOAD_PRIORITY
251.0,luxury_house,31.781228403856076,18.0,18.0,0.0,0.0,-13.781228403856076,Summer,LOAD_PRIORITY
251.0,small_family,22.133355495542624,6.5,6.5,0.0,0.0,-15.633355495542624,Summer,LOAD_PRIORITY
252.0,apartment,15.615838993195755,3.6399999999999997,3.6399999999999997,0.0,1.9827693285997938,-11.975838993195756,Summer,LOAD_PRIORITY
252.0,family_house,26.42680445002359,10.08,10.08,0.0,0.0,-16.34680445002359,Summer,LOAD_PRIORITY
252.0,luxury_house,33.63411475457548,18.0,18.0,0.0,0.0,-15.634114754575476,Summer,LOAD_PRIORITY
252.0,small_family,23.423758489793638,6.5,6.5,0.0,1.550073402698035,-16.923758489793638,Summer,LOAD_PRIORITY
253.0,apartment,16.479846765277273,3.6399999999999997,3.6399999999999997,0.0,4.079896873262529,-12.839846765277272,Summer,LOAD_PRIORITY
253.0,family_house,27.888971448930775,10.08,10.08,0.0,0.0,-17.808971448930777,Summer,LOAD_PRIORITY
253.0,luxury_house,35.49505457136644,18.0,18.0,0.0,0.0,-17.495054571366435,Summer,LOAD_PRIORITY
253.0,small_family,24.719770147915913,6.5,6.5,0.0,8.791178162563764,-18.219770147915913,Summer,LOAD_PRIORITY
254.0,apartment,17.393563530184096,3.6399999999999997,3.6399999999999997,0.0,5.502842507221299,-13.753563530184095,Summer,LOAD_PRIORITY
254.0,family_house,29.435261358773083,10.08,10.08,0.0,0.8419652911707483,-19.355261358773085,Summer,LOAD_PRIORITY
254.0,luxury_house,37.46305991116574,18.0,18.0,0.0,0.0,-19.463059911165743,Summer,LOAD_PRIORITY
254.0,small_family,26.090345295276144,6.5,6.5,0.0,15.197044579411301,-19.590345295276144,Summer,LOAD_PRIORITY
255.0,apartment,17.85551661041047,3.6399999999999997,3.6399999999999997,0.0,8.058695835530806,-14.215516610410468,Summer,LOAD_PRIORITY
255.0,family_house,30.21702810992541,10.08,10.08,0.0,3.2540467221217932,-20.13702810992541,Summer,LOAD_PRIORITY
255.0,luxury_house,38.4580357762687,18.0,18.0,0.0,0.0,-20.4580357762687,Summer,LOAD_PRIORITY
255.0,small_family,26.783274915615703,6.5,6.5,0.0,19.998204380189748,-20.283274915615703,Summer,LOAD_PRIORITY
256.0,apartment,14.24111530247437,3.6399999999999997,3.6399999999999997,0.0,10.491102883744212,-10.60111530247437,Summer,LOAD_PRIORITY
256.0,family_house,24.100348973418164,10.08,10.08,0.0,5.765859525489278,-14.020348973418164,Summer,LOAD_PRIORITY
256.0,luxury_house,30.673171420714027,18.0,18.0,0.0,0.0,-12.673171420714025,Summer,LOAD_PRIORITY
256.0,small_family,21.36167295371155,6.5,6.5,0.0,14.861672953711551,-14.861672953711551,Summer,LOAD_PRIORITY
257.0,apartment,11.224434253312474,3.6399999999999997,3.6399999999999997,0.0,7.584434253312474,-7.584434253312474,Summer,LOAD_PRIORITY
257.0,family_house,18.99519642868265,10.08,10.08,0.0,4.555829111615225,-8.915196428682652,Summer,LOAD_PRIORITY
257.0,luxury_house,24.175704545596098,18.0,18.0,0.0,0.0,-6.1757045455960995,Summer,LOAD_PRIORITY
257.0,small_family,16.836651379968714,6.5,6.5,0.0,10.336651379968712,-10.336651379968712,Summer,LOAD_PRIORITY
258.0,apartment,9.52582850991966,27.63222452631306,27.63222452631306,0.0,0.0,18.1063960163934,Summer,LOAD_PRIORITY
258.0,family_house,16.120632862940962,28.19414285355631,28.19414285355631,0.0,0.0,12.073509990615351,Summer,LOAD_PRIORITY
258.0,luxury_house,20.517169098288495,38.10579845953041,38.10579845953041,0.0,0.0,17.588629361241917,Summer,LOAD_PRIORITY
258.0,small_family,14.288742764879487,27.366098291595293,27.366098291595293,0.0,0.48046736726139916,13.077355526715804,Summer,LOAD_PRIORITY
259.0,apartment,0.0,24.85461749623746,24.85461749623746,0.0,0.0,24.85461749623746,Summer,LOAD_PRIORITY
259.0,family_house,0.0,26.571214369211035,26.571214369211035,0.0,0.0,26.571214369211035,Summer,LOAD_PRIORITY
259.0,luxury_house,0.0,34.197072956426666,34.197072956426666,0.0,0.0,34.197072956426666,Summer,LOAD_PRIORITY
259.0,small_family,0.0,28.077280062472973,28.077280062472973,0.0,0.0,28.077280062472973,Summer,LOAD_PRIORITY
260.0,apartment,0.0,26.376660973546073,26.376660973546073,0.0,0.0,26.376660973546073,Summer,LOAD_PRIORITY
260.0,family_house,0.0,31.734802415337857,31.734802415337857,0.0,0.0,31.734802415337857,Summer,LOAD_PRIORITY
260.0,luxury_house,0.0,31.254420535658063,31.254420535658063,0.0,0.0,31.254420535658063,Summer,LOAD_PRIORITY
260.0,small_family,0.0,24.327885647212725,24.327885647212725,0.0,0.0,24.327885647212725,Summer,LOAD_PRIORITY
261.0,apartment,0.5148668284374884,24.082646534977357,18.922070954390495,5.160575580586863,0.0,23.567779706539866,Summer,LOAD_PRIORITY
261.0,family_house,0.8713130942788267,31.357700674926306,31.357700674926306,0.0,0.0,30.486387580647477,Summer,LOAD_PRIORITY
261.0,luxury_house,1.1089439381730521,41.22264596424392,36.97055255823977,4.252093406004148,0.0,40.11370202607086,Summer,LOAD_PRIORITY
261.0,small_family,0.7723002426562328,22.755338231578264,22.755338231578264,0.0,0.0,21.98303798892203,Summer,LOAD_PRIORITY
262.0,apartment,2.594218832286134,3.6399999999999997,3.318221179164964,0.3217788208350356,0.0,1.0457811677138658,Summer,LOAD_PRIORITY
262.0,family_house,4.390216485407304,10.08,10.08,0.0,0.0,5.689783514592696,Summer,LOAD_PRIORITY
262.0,luxury_house,5.5875482541547505,18.0,13.964727308388468,4.035272691611532,0.0,12.412451745845251,Summer,LOAD_PRIORITY
262.0,small_family,3.8913282484292013,6.5,6.5,0.0,0.0,2.6086717515707987,Summer,LOAD_PRIORITY
263.0,apartment,4.06093681882066,3.6399999999999997,3.6399999999999997,0.0,0.0,-0.42093681882066064,Summer,LOAD_PRIORITY
263.0,family_house,6.872354616465731,10.08,10.08,0.0,0.0,3.2076453835342678,Summer,LOAD_PRIORITY
263.0,luxury_house,8.746633148229114,18.0,13.195930335656174,4.804069664343825,0.0,9.253366851770886,Summer,LOAD_PRIORITY
263.0,small_family,6.0914052282309905,6.5,6.5,0.0,0.0,0.4085947717690096,Summer,LOAD_PRIORITY
264.0,apartment,0.0,3.6399999999999997,2.5322544492029135,1.1077455507970861,0.0,3.6399999999999997,Summer,LOAD_PRIORITY
264.0,family_house,0.0,10.08,9.908245168096576,0.17175483190342322,0.0,10.08,Summer,LOAD_PRIORITY
264.0,luxury_house,0.0,18.0,4.848758908954841,13.15124109104516,0.0,18.0,Summer,LOAD_PRIORITY
264.0,small_family,0.0,6.5,5.897993885555984,0.6020061144440167,0.0,6.5,Summer,LOAD_PRIORITY
265.0,apartment,1.0019396214659038,3.6399999999999997,2.4224336714458015,1.217566328554198,0.0,2.638060378534096,Summer,LOAD_PRIORITY
265.0,family_house,1.6955901286346067,10.08,9.381299177386216,0.6987008226137827,0.0,8.384409871365392,Summer,LOAD_PRIORITY
265.0,luxury_house,2.158023800080408,18.0,3.048002113819422,14.951997886180578,0.0,15.841976199919593,Summer,LOAD_PRIORITY
265.0,small_family,1.5029094321988559,6.5,5.1547224976362385,1.345277502363761,0.0,4.997090567801145,Summer,LOAD_PRIORITY
266.0,apartment,1.5973747792161135,3.6399999999999997,2.5696345574849904,1.0703654425150093,0.0,2.042625220783886,Summer,LOAD_PRIORITY
266.0,family_house,2.7032496263657304,10.08,9.245843134485366,0.8341568655146318,0.0,7.376750373634269,Summer,LOAD_PRIORITY
266.0,luxury_house,3.440499524465475,18.0,3.440499524465475,14.559500475534524,0.0,14.559500475534524,Summer,LOAD_PRIORITY
266.0,small_family,2.39606216882417,6.5,5.237249898099744,1.2627501019002554,0.0,4.10393783117583,Summer,LOAD_PRIORITY
267.0,apartment,1.8544441736328539,3.6399999999999997,2.673780788418686,0.9662192115813136,0.0,1.7855558263671458,Summer,LOAD_PRIORITY
267.0,family_house,3.1382901399940604,10.08,8.39078203815562,1.6892179618443786,0.0,6.94170986000594,Summer,LOAD_PRIORITY
267.0,luxury_house,3.9941874509015314,18.0,3.9941874509015314,14.005812549098469,0.0,14.005812549098469,Summer,LOAD_PRIORITY
267.0,small_family,2.781666260449281,6.5,5.355897310907471,1.144102689092529,0.0,3.718333739550719,Summer,LOAD_PRIORITY
268.0,apartment,2.3065721411912685,3.6399999999999997,2.668903728752542,0.9710962712474577,0.0,1.3334278588087312,Summer,LOAD_PRIORITY
268.0,family_house,3.9034297774006084,10.08,7.390386723130666,2.689613276869334,0.0,6.176570222599391,Summer,LOAD_PRIORITY
268.0,luxury_house,4.968001534873501,18.0,4.968001534873501,13.031998465126499,0.0,13.031998465126499,Summer,LOAD_PRIORITY
268.0,small_family,3.4598582117869032,6.5,5.564571757472893,0.9354282425271068,0.0,3.0401417882130968,Summer,LOAD_PRIORITY
269.0,apartment,2.28119982283086,3.6399999999999997,2.594769094485277,1.0452309055147229,0.0,1.3588001771691398,Summer,LOAD_PRIORITY
269.0,family_house,3.8604920078676095,10.08,6.792913857387767,3.2870861426122313,0.0,6.21950799213239,Summer,LOAD_PRIORITY
269.0,luxury_house,4.913353464558775,18.0,4.913353464558775,13.086646535441226,0.0,13.086646535441226,Summer,LOAD_PRIORITY
269.0,small_family,3.4217997342462896,6.5,5.428974344540357,1.0710256554596431,0.0,3.0782002657537104,Summer,LOAD_PRIORITY
270.0,apartment,10.977742702446257,3.6399999999999997,3.6399999999999997,0.0,0.0,-7.337742702446256,Summer,LOAD_PRIORITY
270.0,family_house,18.57771841952443,10.08,10.08,0.0,0.0,-8.497718419524432,Summer,LOAD_PRIORITY
270.0,luxury_house,23.644368897576552,18.0,18.0,0.0,0.0,-5.644368897576552,Summer,LOAD_PRIORITY
270.0,small_family,16.46661405366938,6.5,6.5,0.0,0.0,-9.966614053669383,Summer,LOAD_PRIORITY
271.0,apartment,12.309726067316202,3.6399999999999997,3.6399999999999997,0.0,0.0,-8.669726067316201,Summer,LOAD_PRIORITY
271.0,family_house,20.831844113919722,10.08,10.08,0.0,0.0,-10.751844113919724,Summer,LOAD_PRIORITY
271.0,luxury_house,26.51325614498874,18.0,18.0,0.0,0.0,-8.513256144988741,Summer,LOAD_PRIORITY
271.0,small_family,18.4645891009743,6.5,6.5,0.0,0.0,-11.964589100974301,Summer,LOAD_PRIORITY
272.0,apartment,12.881552773284454,3.6399999999999997,3.6399999999999997,0.0,0.0,-9.241552773284454,Summer,LOAD_PRIORITY
272.0,family_house,21.79955084709677,10.08,10.08,0.0,0.0,-11.719550847096773,Summer,LOAD_PRIORITY
272.0,luxury_house,27.74488289630498,18.0,18.0,0.0,0.0,-9.744882896304981,Summer,LOAD_PRIORITY
272.0,small_family,19.322329159926685,6.5,6.5,0.0,0.0,-12.822329159926683,Summer,LOAD_PRIORITY
273.0,apartment,13.510757854521152,3.6399999999999997,3.6399999999999997,0.0,0.0,-9.870757854521152,Summer,LOAD_PRIORITY
273.0,family_house,22.864359446112715,10.08,10.08,0.0,0.0,-12.784359446112719,Summer,LOAD_PRIORITY
273.0,luxury_house,29.100093840507096,18.0,18.0,0.0,0.0,-11.100093840507096,Summer,LOAD_PRIORITY
273.0,small_family,20.266136781781725,6.5,6.5,0.0,0.0,-13.766136781781727,Summer,LOAD_PRIORITY
274.0,apartment,14.500539164683742,3.6399999999999997,3.6399999999999997,0.0,0.0,-10.860539164683741,Summer,LOAD_PRIORITY
274.0,family_house,24.539373971003258,10.08,10.08,0.0,0.0,-14.459373971003258,Summer,LOAD_PRIORITY
274.0,luxury_house,31.231930508549603,18.0,18.0,0.0,0.0,-13.2319305085496,Summer,LOAD_PRIORITY
274.0,small_family,21.750808747025612,6.5,6.5,0.0,0.0,-15.250808747025612,Summer,LOAD_PRIORITY
275.0,apartment,15.441609688588544,3.6399999999999997,3.6399999999999997,0.0,0.0,-11.801609688588544,Summer,LOAD_PRIORITY
275.0,family_house,26.131954857611383,10.08,10.08,0.0,0.0,-16.051954857611385,Summer,LOAD_PRIORITY
275.0,luxury_house,33.25885163695994,18.0,18.0,0.0,0.0,-15.25885163695994,Summer,LOAD_PRIORITY
275.0,small_family,23.162414532882813,6.5,6.5,0.0,0.0,-16.662414532882813,Summer,LOAD_PRIORITY
276.0,apartment,16.1602716413583,3.6399999999999997,3.6399999999999997,0.0,0.0,-12.520271641358299,Summer,LOAD_PRIORITY
276.0,family_house,27.348152008452512,10.08,10.08,0.0,0.0,-17.268152008452514,Summer,LOAD_PRIORITY
276.0,luxury_house,34.80673891984865,18.0,18.0,0.0,0.0,-16.806738919848648,Summer,LOAD_PRIORITY
276.0,small_family,24.240407462037453,6.5,6.5,0.0,0.0,-17.740407462037453,Summer,LOAD_PRIORITY
277.0,apartment,16.95417480389837,3.6399999999999997,3.6399999999999997,0.0,0.0,-13.31417480389837,Summer,LOAD_PRIORITY
277.0,family_house,28.691680437366472,10.08,10.08,0.0,0.0,-18.611680437366473,Summer,LOAD_PRIORITY
277.0,luxury_house,36.516684193011876,18.0,18.0,0.0,0.0,-18.516684193011876,Summer,LOAD_PRIORITY
277.0,small_family,25.431262205847556,6.5,6.5,0.0,3.0503423351708068,-18.931262205847556,Summer,LOAD_PRIORITY
278.0,apartment,17.686345660118185,3.6399999999999997,3.6399999999999997,0.0,1.853528929787294,-14.046345660118186,Summer,LOAD_PRIORITY
278.0,family_house,29.93073880943078,10.08,10.08,0.0,0.1467770646530706,-19.85073880943078,Summer,LOAD_PRIORITY
278.0,luxury_house,38.093667575639174,18.0,18.0,0.0,0.0,-20.093667575639174,Summer,LOAD_PRIORITY
278.0,small_family,26.529518490177278,6.5,6.5,0.0,11.816619307338732,-20.029518490177278,Summer,LOAD_PRIORITY
279.0,apartment,17.944988507842652,3.6399999999999997,3.6399999999999997,0.0,5.102753741466797,-14.30498850784265,Summer,LOAD_PRIORITY
279.0,family_house,30.368442090195252,10.08,10.08,0.0,2.551677432399324,-20.288442090195254,Summer,LOAD_PRIORITY
279.0,luxury_house,38.65074447843032,18.0,18.0,0.0,0.0,-20.65074447843032,Summer,LOAD_PRIORITY
279.0,small_family,26.917482761763974,6.5,6.5,0.0,20.417482761763974,-20.417482761763974,Summer,LOAD_PRIORITY
280.0,apartment,14.096974862257843,3.6399999999999997,3.6399999999999997,0.0,10.456974862257843,-10.456974862257843,Summer,LOAD_PRIORITY
280.0,family_house,23.85641899766712,10.08,10.08,0.0,3.24297784622362,-13.776418997667124,Summer,LOAD_PRIORITY
280.0,luxury_house,30.36271508793997,18.0,18.0,0.0,0.0,-12.362715087939971,Summer,LOAD_PRIORITY
280.0,small_family,21.145462293386768,6.5,6.5,0.0,14.645462293386768,-14.645462293386768,Summer,LOAD_PRIORITY
281.0,apartment,11.229848601869673,3.6399999999999997,3.6399999999999997,0.0,7.589848601869672,-7.589848601869672,Summer,LOAD_PRIORITY
281.0,family_house,19.004359172394828,10.08,10.08,0.0,4.45585273858679,-8.92435917239483,Summer,LOAD_PRIORITY
281.0,luxury_house,24.1873662194116,18.0,18.0,0.0,0.0,-6.187366219411601,Summer,LOAD_PRIORITY
281.0,small_family,16.84477290280451,6.5,6.5,0.0,10.344772902804511,-10.344772902804511,Summer,LOAD_PRIORITY
282.0,apartment,9.580279938334789,23.07304694422682,23.07304694422682,0.0,0.2161833914160428,13.492767005892032,Summer,LOAD_PRIORITY
282.0,family_house,16.212781434105025,27.128154170513945,27.128154170513945,0.0,0.9952673155979159,10.91537273640892,Summer,LOAD_PRIORITY
282.0,luxury_house,20.63444909795185,36.986276170321126,36.986276170321126,0.0,0.0,16.35182707236927,Summer,LOAD_PRIORITY
282.0,small_family,14.370419907502184,29.875052541565942,29.875052541565942,0.0,0.9020121953269371,15.504632634063759,Summer,LOAD_PRIORITY
283.0,apartment,0.1610323546856529,21.0331882758649,21.0331882758649,0.0,0.0,20.87215592117925,Summer,LOAD_PRIORITY
283.0,family_house,0.2725162925449511,31.022439432816377,31.022439432816377,0.0,0.0,30.749923140271424,Summer,LOAD_PRIORITY
283.0,luxury_house,0.3468389177844832,37.36500379097088,37.36500379097088,0.0,0.0,37.01816487318639,Summer,LOAD_PRIORITY
283.0,small_family,0.2415485320284794,30.359912292350728,30.359912292350728,0.0,0.0,30.11836376032225,Summer,LOAD_PRIORITY
284.0,apartment,0.2184769915432354,29.43374634892254,29.43374634892254,0.0,0.0,29.215269357379306,Summer,LOAD_PRIORITY
284.0,family_house,0.3697302933808599,27.824290484102455,27.824290484102455,0.0,0.0,27.454560190721594,Summer,LOAD_PRIORITY
284.0,luxury_house,0.4705658279392762,42.893722539338384,42.893722539338384,0.0,0.0,42.42315671139911,Summer,LOAD_PRIORITY
284.0,small_family,0.3277154873148531,28.118451504951665,28.118451504951665,0.0,0.0,27.79073601763681,Summer,LOAD_PRIORITY
285.0,apartment,0.9446675886815448,26.377954628502476,23.46122453115798,2.9167300973444936,0.0,25.43328703982093,Summer,LOAD_PRIORITY
285.0,family_house,1.5986682269995371,33.68992121544269,33.68992121544269,0.0,0.0,32.09125298844315,Summer,LOAD_PRIORITY
285.0,luxury_house,2.034668652544865,33.25442099097076,30.69758202072351,2.556838970247246,0.0,31.21975233842589,Summer,LOAD_PRIORITY
285.0,small_family,1.4170013830223172,20.065043203549624,20.065043203549624,0.0,0.0,18.648041820527308,Summer,LOAD_PRIORITY
286.0,apartment,2.597569490291833,3.6399999999999997,3.3489790357686133,0.2910209642313865,0.0,1.042430509708167,Summer,LOAD_PRIORITY
286.0,family_house,4.39588682972464,10.08,10.08,0.0,0.0,5.68411317027536,Summer,LOAD_PRIORITY
286.0,luxury_house,5.594765056013178,18.0,12.51204401178654,5.487955988213462,0.0,12.405234943986823,Summer,LOAD_PRIORITY
286.0,small_family,3.8963542354377494,6.5,6.5,0.0,0.0,2.6036457645622506,Summer,LOAD_PRIORITY
287.0,apartment,5.52571315126004,3.6399999999999997,3.6399999999999997,0.0,0.0,-1.8857131512600405,Summer,LOAD_PRIORITY
287.0,family_house,9.351206871363145,10.08,10.08,0.0,0.0,0.7287931286368545,Summer,LOAD_PRIORITY
287.0,luxury_house,11.901536018098549,18.0,14.5084407504668,3.4915592495331995,0.0,6.0984639819014514,Summer,LOAD_PRIORITY
287.0,small_family,8.28856972689006,6.5,6.5,0.0,0.0,-1.7885697268900598,Summer,LOAD_PRIORITY
288.0,apartment,0.0,3.6399999999999997,3.0421974880412415,0.597802511958758,0.0,3.6399999999999997,Summer,LOAD_PRIORITY
288.0,family_house,0.0,10.08,9.62194838672753,0.45805161327247007,0.0,10.08,Summer,LOAD_PRIORITY
288.0,luxury_house,0.0,18.0,5.0313593781962815,12.968640621803718,0.0,18.0,Summer,LOAD_PRIORITY
288.0,small_family,0.0,6.5,6.5,0.0,0.0,6.5,Summer,LOAD_PRIORITY
289.0,apartment,2.8552671993717493,3.6399999999999997,3.342952849053485,0.29704715094651435,0.0,0.7847328006282501,Summer,LOAD_PRIORITY
289.0,family_house,4.831990645090653,10.08,9.642665887090887,0.4373341129091122,0.0,5.248009354909347,Summer,LOAD_PRIORITY
289.0,luxury_house,6.149806275569922,18.0,8.155561392856358,9.844438607143642,0.0,11.850193724430078,Summer,LOAD_PRIORITY
289.0,small_family,4.282900799057624,6.5,6.228812849724477,0.2711871502755233,0.0,2.217099200942376,Summer,LOAD_PRIORITY
290.0,apartment,3.022159616309004,3.6399999999999997,3.4023690831957705,0.23763091680422913,0.0,0.6178403836909957,Summer,LOAD_PRIORITY
290.0,family_house,5.114423966061391,10.08,9.666201997171783,0.4137980028282174,0.0,4.965576033938609,Summer,LOAD_PRIORITY
290.0,luxury_house,6.509266865896316,18.0,7.466827960404956,10.533172039595044,0.0,11.490733134103685,Summer,LOAD_PRIORITY
290.0,small_family,4.533239424463506,6.5,6.170982279214832,0.329017720785168,0.0,1.9667605755364939,Summer,LOAD_PRIORITY
291.0,apartment,3.2104127952962145,3.6399999999999997,3.4747741520370052,0.16522584796299436,0.0,0.4295872047037853,Summer,LOAD_PRIORITY
291.0,family_house,5.433006268962824,10.08,9.432567962141821,0.6474320378581796,0.0,4.646993731037176,Summer,LOAD_PRIORITY
291.0,luxury_house,6.91473525140723,18.0,7.212183413339968,10.787816586660032,0.0,11.08526474859277,Summer,LOAD_PRIORITY
291.0,small_family,4.815619192944322,6.5,6.111296736833305,0.388703263166695,0.0,1.6843808070556783,Summer,LOAD_PRIORITY
292.0,apartment,3.3042926940227666,3.6399999999999997,3.5108818053933715,0.12911819460662805,0.0,0.3357073059772329,Summer,LOAD_PRIORITY
292.0,family_house,5.591879943730836,10.08,8.957969985932708,1.122030014067291,0.0,4.488120056269164,Summer,LOAD_PRIORITY
292.0,luxury_house,7.116938110202883,18.0,7.116938110202883,10.883061889797117,0.0,10.883061889797117,Summer,LOAD_PRIORITY
292.0,small_family,4.95643904103415,6.5,6.143793624854035,0.35620637514596537,0.0,1.5435609589658499,Summer,LOAD_PRIORITY
293.0,apartment,3.206478350224968,3.6399999999999997,3.4732609039326796,0.16673909606731985,0.0,0.4335216497750316,Summer,LOAD_PRIORITY
293.0,family_house,5.426347977303792,10.08,8.773986314550415,1.306013685449584,0.0,4.653652022696207,Summer,LOAD_PRIORITY
293.0,luxury_house,6.906261062023009,18.0,6.906261062023009,11.09373893797699,0.0,11.09373893797699,Summer,LOAD_PRIORITY
293.0,small_family,4.809717525337452,6.5,6.109934813539412,0.3900651864605881,0.0,1.6902824746625482,Summer,LOAD_PRIORITY
294.0,apartment,11.756745272791363,3.6399999999999997,3.6399999999999997,0.0,0.0,-8.116745272791364,Summer,LOAD_PRIORITY
294.0,family_house,19.896030461646923,10.08,10.08,0.0,0.0,-9.816030461646921,Summer,LOAD_PRIORITY
294.0,luxury_house,25.322220587550625,18.0,18.0,0.0,0.0,-7.3222205875506265,Summer,LOAD_PRIORITY
294.0,small_family,17.635117909187045,6.5,6.5,0.0,0.0,-11.135117909187045,Summer,LOAD_PRIORITY
295.0,apartment,11.699532410794186,3.6399999999999997,3.6399999999999997,0.0,0.0,-8.059532410794185,Summer,LOAD_PRIORITY
295.0,family_house,19.79920869519016,10.08,10.08,0.0,0.0,-9.719208695190162,Summer,LOAD_PRIORITY
295.0,luxury_house,25.19899288478748,18.0,18.0,0.0,0.0,-7.198992884787479,Summer,LOAD_PRIORITY
295.0,small_family,17.549298616191276,6.5,6.5,0.0,0.0,-11.049298616191276,Summer,LOAD_PRIORITY
296.0,apartment,11.871908443027042,3.6399999999999997,3.6399999999999997,0.0,0.0,-8.231908443027041,Summer,LOAD_PRIORITY
296.0,family_house,20.090921980507304,10.08,10.08,0.0,0.0,-10.010921980507302,Summer,LOAD_PRIORITY
296.0,luxury_house,25.57026433882747,18.0,18.0,0.0,0.0,-7.570264338827473,Summer,LOAD_PRIORITY
296.0,small_family,17.807862664540565,6.5,6.5,0.0,0.0,-11.307862664540563,Summer,LOAD_PRIORITY
297.0,apartment,12.500636058793498,3.6399999999999997,3.6399999999999997,0.0,0.0,-8.860636058793498,Summer,LOAD_PRIORITY
297.0,family_house,21.15492256103515,10.08,10.08,0.0,0.0,-11.074922561035152,Summer,LOAD_PRIORITY
297.0,luxury_house,26.92444689586292,18.0,18.0,0.0,0.0,-8.924446895862921,Summer,LOAD_PRIORITY
297.0,small_family,18.750954088190245,6.5,6.5,0.0,0.0,-12.250954088190245,Summer,LOAD_PRIORITY
298.0,apartment,13.350402647179939,3.6399999999999997,3.6399999999999997,0.0,0.0,-9.710402647179938,Summer,LOAD_PRIORITY
298.0,family_house,22.592989095227587,10.08,10.08,0.0,0.0,-12.51298909522759,Summer,LOAD_PRIORITY
298.0,luxury_house,28.754713393926018,18.0,18.0,0.0,0.0,-10.75471339392602,Summer,LOAD_PRIORITY
298.0,small_family,20.025603970769907,6.5,6.5,0.0,0.0,-13.52560397076991,Summer,LOAD_PRIORITY
299.0,apartment,14.238131897478178,3.6399999999999997,3.6399999999999997,0.0,0.0,-10.598131897478178,Summer,LOAD_PRIORITY
299.0,family_house,24.095300134193838,10.08,10.08,0.0,0.0,-14.01530013419384,Summer,LOAD_PRIORITY
299.0,luxury_house,30.66674562533761,18.0,18.0,0.0,0.0,-12.66674562533761,Summer,LOAD_PRIORITY
299.0,small_family,21.357197846217268,6.5,6.5,0.0,0.0,-14.857197846217266,Summer,LOAD_PRIORITY
300.0,apartment,15.144319115149127,3.6399999999999997,3.6399999999999997,0.0,0.0,-11.504319115149126,Summer,LOAD_PRIORITY
300.0,family_house,25.62884773332929,10.08,10.08,0.0,0.0,-15.548847733329293,Summer,LOAD_PRIORITY
300.0,luxury_house,32.61853347878274,18.0,18.0,0.0,0.0,-14.618533478782735,Summer,LOAD_PRIORITY
300.0,small_family,22.716478672723692,6.5,6.5,0.0,0.0,-16.216478672723692,Summer,LOAD_PRIORITY
301.0,apartment,16.058656110264494,3.6399999999999997,3.6399999999999997,0.0,0.0,-12.418656110264491,Summer,LOAD_PRIORITY
301.0,family_house,27.176187263524525,10.08,10.08,0.0,0.0,-17.096187263524527,Summer,LOAD_PRIORITY
301.0,luxury_house,34.58787469903121,18.0,18.0,0.0,0.0,-16.58787469903121,Summer,LOAD_PRIORITY
301.0,small_family,24.08798416539674,6.5,6.5,0.0,2.1810730936011606,-17.58798416539674,Summer,LOAD_PRIORITY
302.0,apartment,17.062816458007006,3.6399999999999997,3.6399999999999997,0.0,1.0813151253570707,-13.422816458007008,Summer,LOAD_PRIORITY
302.0,family_house,28.875535544319547,10.08,10.08,0.0,0.6553180204741548,-18.79553554431955,Summer,LOAD_PRIORITY
302.0,luxury_house,36.750681601861245,18.0,18.0,0.0,0.0,-18.750681601861245,Summer,LOAD_PRIORITY
302.0,small_family,25.59422468701051,6.5,6.5,0.0,8.045398603670577,-19.09422468701051,Summer,LOAD_PRIORITY
303.0,apartment,17.45225813698923,3.6399999999999997,3.6399999999999997,0.0,5.5182493828642745,-13.812258136989229,Summer,LOAD_PRIORITY
303.0,family_house,29.534590693366386,10.08,10.08,0.0,2.1677212375774646,-19.454590693366388,Summer,LOAD_PRIORITY
303.0,luxury_house,37.5894790642845,18.0,18.0,0.0,0.0,-19.589479064284497,Summer,LOAD_PRIORITY
303.0,small_family,26.178387205483848,6.5,6.5,0.0,16.671500617809063,-19.678387205483848,Summer,LOAD_PRIORITY
304.0,apartment,13.619240688570123,3.6399999999999997,3.6399999999999997,0.0,8.098387226250985,-9.979240688570123,Summer,LOAD_PRIORITY
304.0,family_house,23.047945780657134,10.08,10.08,0.0,3.8781865137453098,-12.967945780657134,Summer,LOAD_PRIORITY
304.0,luxury_house,29.333749175381804,18.0,18.0,0.0,0.0,-11.333749175381806,Summer,LOAD_PRIORITY
304.0,small_family,20.42886103285519,6.5,6.5,0.0,13.928861032855187,-13.928861032855187,Summer,LOAD_PRIORITY
305.0,apartment,10.582636277747627,3.6399999999999997,3.6399999999999997,0.0,6.942636277747628,-6.942636277747628,Summer,LOAD_PRIORITY
305.0,family_house,17.909076777726753,10.08,10.08,0.0,3.0238463145620234,-7.829076777726753,Summer,LOAD_PRIORITY
305.0,luxury_house,22.793370444379505,18.0,18.0,0.0,0.0,-4.793370444379503,Summer,LOAD_PRIORITY
305.0,small_family,15.87395441662144,6.5,6.5,0.0,9.37395441662144,-9.37395441662144,Summer,LOAD_PRIORITY
306.0,apartment,8.819490976588718,20.784527883887318,20.784527883887318,0.0,0.08086303412059481,11.965036907298602,Summer,LOAD_PRIORITY
306.0,family_house,14.92529242191937,24.067204711552897,24.067204711552897,0.0,0.4458698165573093,9.141912289633527,Summer,LOAD_PRIORITY
306.0,luxury_house,18.99582671880647,42.01627413317732,42.01627413317732,0.0,0.0,23.020447414370846,Summer,LOAD_PRIORITY
306.0,small_family,13.229236464883076,28.538653406262956,28.538653406262956,0.0,0.3823975012363271,15.30941694137988,Summer,LOAD_PRIORITY
307.0,apartment,0.0,24.839057981986176,24.839057981986176,0.0,0.0,24.839057981986176,Summer,LOAD_PRIORITY
307.0,family_house,0.0,30.342014900310854,30.342014900310854,0.0,0.0,30.342014900310854,Summer,LOAD_PRIORITY
307.0,luxury_house,0.0,39.67558836934205,39.67558836934205,0.0,0.0,39.67558836934205,Summer,LOAD_PRIORITY
307.0,small_family,0.0,27.09972599465257,27.09972599465257,0.0,0.0,27.09972599465257,Summer,LOAD_PRIORITY
308.0,apartment,0.0,24.35234203987288,23.77219800317073,0.5801440367021509,0.0,24.35234203987288,Summer,LOAD_PRIORITY
308.0,family_house,0.0,26.95967806682394,26.95967806682394,0.0,0.0,26.95967806682394,Summer,LOAD_PRIORITY
308.0,luxury_house,0.0,37.105193873006556,37.105193873006556,0.0,0.0,37.105193873006556,Summer,LOAD_PRIORITY
308.0,small_family,0.0,28.957842963867495,28.957842963867495,0.0,0.0,28.957842963867495,Summer,LOAD_PRIORITY
309.0,apartment,0.6027641617756561,17.75347690239441,16.189400744931792,1.5640761574626179,0.0,17.150712740618754,Summer,LOAD_PRIORITY
309.0,family_house,1.0200624276203412,28.711283381280232,28.711283381280232,0.0,0.0,27.69122095365989,Summer,LOAD_PRIORITY
309.0,luxury_house,1.2982612715167976,36.885634858087364,23.19756508577467,13.688069772312694,0.0,35.587373586570564,Summer,LOAD_PRIORITY
309.0,small_family,0.9041462426634841,23.843368520437057,22.52390523328877,1.3194632871482854,0.0,22.939222277773574,Summer,LOAD_PRIORITY
310.0,apartment,2.259039164756756,3.6399999999999997,3.3213167303284816,0.3186832696715178,0.0,1.3809608352432436,Summer,LOAD_PRIORITY
310.0,family_house,3.8229893557422026,10.08,10.080000000000002,0.0,0.0,6.2570106442577975,Summer,LOAD_PRIORITY
310.0,luxury_house,4.865622816399167,18.0,7.646743844486656,10.353256155513344,0.0,13.134377183600833,Summer,LOAD_PRIORITY
310.0,small_family,3.388558747135134,6.5,6.260658365164241,0.23934163483575893,0.0,3.111441252864866,Summer,LOAD_PRIORITY
311.0,apartment,5.189922675844596,3.6399999999999997,3.6399999999999997,0.0,0.0,-1.5499226758445965,Summer,LOAD_PRIORITY
311.0,family_house,8.782946066813931,10.08,10.08,0.0,0.0,1.2970539331860689,Summer,LOAD_PRIORITY
311.0,luxury_house,11.178294994126823,18.0,11.84423906615765,6.155760933842349,0.0,6.821705005873178,Summer,LOAD_PRIORITY
311.0,small_family,7.784884013766893,6.5,6.5,0.0,0.0,-1.2848840137668933,Summer,LOAD_PRIORITY
312.0,apartment,0.0,3.6399999999999997,3.0322728968485873,0.6077271031514125,0.0,3.6399999999999997,Summer,LOAD_PRIORITY
312.0,family_house,0.0,10.08,9.414813159569636,0.6651868404303631,0.0,10.08,Summer,LOAD_PRIORITY
312.0,luxury_house,0.0,18.0,0.9523663999161484,17.047633600083852,0.0,18.0,Summer,LOAD_PRIORITY
312.0,small_family,0.0,6.5,5.801904133286743,0.6980958667132573,0.0,6.5,Summer,LOAD_PRIORITY
313.0,apartment,1.2431377707374147,3.6399999999999997,2.87267158875047,0.7673284112495297,0.0,2.396862229262585,Summer,LOAD_PRIORITY
313.0,family_house,2.1037716120171637,10.08,8.75062860200286,1.3293713979971393,0.0,7.976228387982836,Summer,LOAD_PRIORITY
313.0,luxury_house,2.6775275062036625,18.0,2.6775275062036625,15.322472493796338,0.0,15.322472493796338,Summer,LOAD_PRIORITY
313.0,small_family,1.864706656106122,6.5,5.78687794709325,0.7131220529067505,0.0,4.635293343893878,Summer,LOAD_PRIORITY
314.0,apartment,2.9544247048148167,3.6399999999999997,3.3763171941595447,0.263682805840455,0.0,0.685575295185183,Summer,LOAD_PRIORITY
314.0,family_house,4.999795654301996,10.08,9.032415937729247,1.0475840622707522,0.0,5.080204345698003,Summer,LOAD_PRIORITY
314.0,luxury_house,6.363376287293451,18.0,6.363376287293451,11.636623712706548,0.0,11.636623712706548,Summer,LOAD_PRIORITY
314.0,small_family,4.431637057222225,6.5,6.134825947911605,0.3651740520883948,0.0,2.0683629427777754,Summer,LOAD_PRIORITY
315.0,apartment,1.767902451099369,3.6399999999999997,2.919962481192065,0.7200375188079349,0.0,1.8720975489006306,Summer,LOAD_PRIORITY
315.0,family_house,2.991834917245086,10.08,8.307958729311272,1.7720412706887285,0.0,7.088165082754914,Summer,LOAD_PRIORITY
315.0,luxury_house,3.8077898946755644,18.0,3.8077898946755644,14.192210105324435,0.0,14.192210105324435,Summer,LOAD_PRIORITY
315.0,small_family,2.6518536766490532,6.5,5.20701157411566,1.2929884258843392,0.0,3.8481463233509468,Summer,LOAD_PRIORITY
316.0,apartment,1.9588060610464686,3.6399999999999997,2.872576005050047,0.7674239949499524,0.0,1.681193938953531,Summer,LOAD_PRIORITY
316.0,family_house,3.31490256484787,10.08,8.143709939444449,1.9362900605555518,0.0,6.76509743515213,Summer,LOAD_PRIORITY
316.0,luxury_house,4.218966900715471,18.0,4.218966900715471,13.781033099284528,0.0,13.781033099284528,Summer,LOAD_PRIORITY
316.0,small_family,2.9382090915697026,6.5,5.130080419834501,1.369919580165499,0.0,3.5617909084302974,Summer,LOAD_PRIORITY
317.0,apartment,2.6111184789891544,3.6399999999999997,3.165131605687302,0.47486839431269784,0.0,1.0288815210108453,Summer,LOAD_PRIORITY
317.0,family_house,4.418815887520108,10.08,7.834505582622962,2.2454944173770373,0.0,5.6611841124798925,Summer,LOAD_PRIORITY
317.0,luxury_house,5.6239474932074085,18.0,5.6239474932074085,12.37605250679259,0.0,12.37605250679259,Summer,LOAD_PRIORITY
317.0,small_family,3.9166777184837316,6.5,5.5064145071091275,0.9935854928908725,0.0,2.5833222815162684,Summer,LOAD_PRIORITY
318.0,apartment,10.716414191140196,3.6399999999999997,3.6399999999999997,0.0,0.0,-7.076414191140196,Summer,LOAD_PRIORITY
318.0,family_house,18.13547016962187,10.08,10.08,0.0,0.0,-8.055470169621868,Summer,LOAD_PRIORITY
318.0,luxury_house,23.08150748860965,18.0,18.0,0.0,0.0,-5.081507488609649,Summer,LOAD_PRIORITY
318.0,small_family,16.074621286710293,6.5,6.5,0.0,0.0,-9.574621286710293,Summer,LOAD_PRIORITY
319.0,apartment,10.777613200620202,3.6399999999999997,3.6399999999999997,0.0,0.0,-7.137613200620202,Summer,LOAD_PRIORITY
319.0,family_house,18.239037724126497,10.08,10.08,0.0,0.0,-8.159037724126497,Summer,LOAD_PRIORITY
319.0,luxury_house,23.21332073979736,18.0,18.0,0.0,0.0,-5.213320739797359,Summer,LOAD_PRIORITY
319.0,small_family,16.166419800930303,6.5,6.5,0.0,0.0,-9.666419800930303,Summer,LOAD_PRIORITY
320.0,apartment,11.813918834705925,3.6399999999999997,3.6399999999999997,0.0,0.0,-8.173918834705926,Summer,LOAD_PRIORITY
320.0,family_house,19.992785720271566,10.08,10.08,0.0,0.0,-9.912785720271568,Summer,LOAD_PRIORITY
320.0,luxury_house,25.445363643981995,18.0,18.0,0.0,0.0,-7.445363643981995,Summer,LOAD_PRIORITY
320.0,small_family,17.72087825205889,6.5,6.5,0.0,0.0,-11.220878252058888,Summer,LOAD_PRIORITY
321.0,apartment,11.744481358573669,3.6399999999999997,3.6399999999999997,0.0,0.0,-8.104481358573668,Summer,LOAD_PRIORITY
321.0,family_house,19.87527614527852,10.08,10.08,0.0,0.0,-9.79527614527852,Summer,LOAD_PRIORITY
321.0,luxury_house,25.29580600308175,18.0,18.0,0.0,0.0,-7.295806003081749,Summer,LOAD_PRIORITY
321.0,small_family,17.616722037860505,6.5,6.5,0.0,0.0,-11.116722037860505,Summer,LOAD_PRIORITY
322.0,apartment,12.52201433575054,3.6399999999999997,3.6399999999999997,0.0,0.0,-8.88201433575054,Summer,LOAD_PRIORITY
322.0,family_house,21.191101183577842,10.08,10.08,0.0,0.0,-11.11110118357784,Summer,LOAD_PRIORITY
322.0,luxury_house,26.970492415462704,18.0,18.0,0.0,0.0,-8.970492415462704,Summer,LOAD_PRIORITY
322.0,small_family,18.78302150362581,6.5,6.5,0.0,0.0,-12.283021503625813,Summer,LOAD_PRIORITY
323.0,apartment,15.006371496172907,3.6399999999999997,3.6399999999999997,0.0,0.0,-11.366371496172906,Summer,LOAD_PRIORITY
323.0,family_house,25.395397916600302,10.08,10.08,0.0,0.0,-15.315397916600306,Summer,LOAD_PRIORITY
323.0,luxury_house,32.32141553021857,18.0,18.0,0.0,0.0,-14.321415530218571,Summer,LOAD_PRIORITY
323.0,small_family,22.50955724425936,6.5,6.5,0.0,0.0,-16.00955724425936,Summer,LOAD_PRIORITY
324.0,apartment,14.416077907157433,3.6399999999999997,3.6399999999999997,0.0,0.0,-10.776077907157433,Summer,LOAD_PRIORITY
324.0,family_house,24.396439535189497,10.08,10.08,0.0,0.0,-14.316439535189499,Summer,LOAD_PRIORITY
324.0,luxury_house,31.050013953877546,18.0,18.0,0.0,0.0,-13.050013953877546,Summer,LOAD_PRIORITY
324.0,small_family,21.624116860736144,6.5,6.5,0.0,0.0,-15.124116860736146,Summer,LOAD_PRIORITY
325.0,apartment,16.632344114270765,3.6399999999999997,3.6399999999999997,0.0,2.8497268890411704,-12.992344114270765,Summer,LOAD_PRIORITY
325.0,family_house,28.147043885688987,10.08,10.08,0.0,0.0,-18.06704388568899,Summer,LOAD_PRIORITY
325.0,luxury_house,35.8235103999678,18.0,18.0,0.0,0.0,-17.8235103999678,Summer,LOAD_PRIORITY
325.0,small_family,24.948516171406148,6.5,6.5,0.0,0.8449187868771206,-18.448516171406148,Summer,LOAD_PRIORITY
326.0,apartment,17.43410060480614,3.6399999999999997,3.6399999999999997,0.0,5.305423309540823,-13.79410060480614,Summer,LOAD_PRIORITY
326.0,family_house,29.503862561979616,10.08,10.08,0.0,0.21170769747389517,-19.423862561979618,Summer,LOAD_PRIORITY
326.0,luxury_house,37.550370533428605,18.0,18.0,0.0,0.0,-19.55037053342861,Summer,LOAD_PRIORITY
326.0,small_family,26.151150907209207,6.5,6.5,0.0,4.036740221379916,-19.651150907209207,Summer,LOAD_PRIORITY
327.0,apartment,17.73289539321216,3.6399999999999997,3.6399999999999997,0.0,5.420344382004677,-14.09289539321216,Summer,LOAD_PRIORITY
327.0,family_house,30.00951528082058,10.08,10.08,0.0,1.6607929400683816,-19.92951528082058,Summer,LOAD_PRIORITY
327.0,luxury_house,38.19392853922619,18.0,18.0,0.0,0.0,-20.193928539226192,Summer,LOAD_PRIORITY
327.0,small_family,26.59934308981824,6.5,6.5,0.0,12.925047338890625,-20.09934308981824,Summer,LOAD_PRIORITY
328.0,apartment,13.867699817493078,3.6399999999999997,3.6399999999999997,0.0,6.1432344821556475,-10.227699817493077,Summer,LOAD_PRIORITY
328.0,family_house,23.468415075757513,10.08,10.08,0.0,3.0469780369380532,-13.388415075757516,Summer,LOAD_PRIORITY
328.0,luxury_house,29.868891914600475,18.0,18.0,0.0,0.0,-11.868891914600473,Summer,LOAD_PRIORITY
328.0,small_family,20.801549726239614,6.5,6.5,0.0,14.301549726239614,-14.301549726239614,Summer,LOAD_PRIORITY
329.0,apartment,10.510409517476173,3.6399999999999997,3.6399999999999997,0.0,6.870409517476172,-6.870409517476172,Summer,LOAD_PRIORITY
329.0,family_house,17.786846875728905,10.08,10.08,0.0,2.0654675062772183,-7.706846875728907,Summer,LOAD_PRIORITY
329.0,luxury_house,22.637805114564063,18.0,18.0,0.0,0.0,-4.637805114564062,Summer,LOAD_PRIORITY
329.0,small_family,15.765614276214258,6.5,6.5,0.0,9.265614276214258,-9.265614276214258,Summer,LOAD_PRIORITY
330.0,apartment,8.806182697440633,24.77162686880952,24.77162686880952,0.0,0.636818626869959,15.965444171368887,Summer,LOAD_PRIORITY
330.0,family_house,14.902770718745689,29.32890031445363,29.328900314453627,0.0,0.0,14.426129595707941,Summer,LOAD_PRIORITY
330.0,luxury_house,18.96716273294906,33.62234992647249,33.62234992647248,0.0,0.0,14.655187193523426,Summer,LOAD_PRIORITY
330.0,small_family,13.209274046160951,28.847507772454833,28.847507772454836,0.0,0.22219115791949406,15.638233726293883,Summer,LOAD_PRIORITY
331.0,apartment,0.0,22.43217889035612,22.43217889035612,0.0,0.0,22.43217889035612,Summer,LOAD_PRIORITY
331.0,family_house,0.0,31.26392870293909,31.26392870293909,0.0,0.0,31.26392870293909,Summer,LOAD_PRIORITY
331.0,luxury_house,0.0,36.09191781583807,36.09191781583807,0.0,0.0,36.09191781583807,Summer,LOAD_PRIORITY
331.0,small_family,0.0,21.589116579459432,21.589116579459432,0.0,0.0,21.589116579459432,Summer,LOAD_PRIORITY
332.0,apartment,0.0,27.213719111585128,27.213719111585128,0.0,0.0,27.213719111585128,Summer,LOAD_PRIORITY
332.0,family_house,0.0,28.96781977115073,28.96781977115073,0.0,0.0,28.96781977115073,Summer,LOAD_PRIORITY
332.0,luxury_house,0.0,34.13849711225775,33.93033933950252,0.20815777275523928,0.0,34.13849711225775,Summer,LOAD_PRIORITY
332.0,small_family,0.0,22.844901452194605,22.844901452194605,0.0,0.0,22.844901452194605,Summer,LOAD_PRIORITY
333.0,apartment,0.0,22.334997255945847,18.90796925246065,3.427028003485197,0.0,22.334997255945847,Summer,LOAD_PRIORITY
333.0,family_house,0.0,30.435746115558622,30.435746115558622,0.0,0.0,30.435746115558622,Summer,LOAD_PRIORITY
333.0,luxury_house,0.0,35.66544811596439,26.683412166556025,8.982035949408361,0.0,35.66544811596439,Summer,LOAD_PRIORITY
333.0,small_family,0.0,27.17307676907657,27.107775285977493,0.06530148309907924,0.0,27.17307676907657,Summer,LOAD_PRIORITY
334.0,apartment,5.267279181140559,3.6399999999999997,3.6399999999999997,0.0,0.0,-1.6272791811405594,Summer,LOAD_PRIORITY
334.0,family_house,8.913857075776331,10.08,10.08,0.0,0.0,1.166142924223669,Summer,LOAD_PRIORITY
334.0,luxury_house,11.344909005533513,18.0,15.667080564307394,2.332919435692607,0.0,6.655090994466488,Summer,LOAD_PRIORITY
334.0,small_family,7.900918771710838,6.5,6.5,0.0,0.0,-1.4009187717108387,Summer,LOAD_PRIORITY
335.0,apartment,8.784325483541428,3.6399999999999997,3.6399999999999997,0.0,0.0,-5.144325483541429,Summer,LOAD_PRIORITY
335.0,family_house,14.86578158753165,10.08,10.08,0.0,0.0,-4.78578158753165,Summer,LOAD_PRIORITY
335.0,luxury_house,18.92008565685846,18.0,18.0,0.0,0.0,-0.9200856568584621,Summer,LOAD_PRIORITY
335.0,small_family,13.176488225312141,6.5,6.5,0.0,0.0,-6.676488225312141,Summer,LOAD_PRIORITY
336.0,apartment,0.0,3.6399999999999997,3.6399999999999997,0.0,0.0,3.6399999999999997,Summer,LOAD_PRIORITY
336.0,family_house,0.0,10.08,10.08,0.0,0.0,10.08,Summer,LOAD_PRIORITY
336.0,luxury_house,0.0,18.0,6.456977602382084,11.543022397617916,0.0,18.0,Summer,LOAD_PRIORITY
336.0,small_family,0.0,6.5,6.5,0.0,0.0,6.5,Summer,LOAD_PRIORITY
337.0,apartment,0.1854789301822977,3.6399999999999997,3.409213029629866,0.2307869703701336,0.0,3.454521069817702,Summer,LOAD_PRIORITY
337.0,family_house,0.3138874203085038,10.08,9.694495947960021,0.385504052039978,0.0,9.766112579691494,Summer,LOAD_PRIORITY
337.0,luxury_house,0.3994930803926412,18.0,0.9947481441242847,17.005251855875716,0.0,17.60050691960736,Summer,LOAD_PRIORITY
337.0,small_family,0.2782183952734465,6.5,6.080606514814933,0.41939348518506714,0.0,6.221781604726554,Summer,LOAD_PRIORITY
338.0,apartment,0.31273368637356347,3.6399999999999997,2.8721693122400533,0.7678306877599469,0.0,3.3272663136264367,Summer,LOAD_PRIORITY
338.0,family_house,0.5292416230937228,10.08,8.757065666363676,1.3229343336363244,0.0,9.550758376906277,Summer,LOAD_PRIORITY
338.0,luxury_house,0.673580247573829,18.0,0.673580247573829,17.326419752426172,0.0,17.326419752426172,Summer,LOAD_PRIORITY
338.0,small_family,0.46910052956034515,6.5,6.0360846561200265,0.46391534387997346,0.0,6.030899470439655,Summer,LOAD_PRIORITY
339.0,apartment,0.13915472877359436,3.6399999999999997,2.545652142219077,1.0943478577809225,0.0,3.500845271226405,Summer,LOAD_PRIORITY
339.0,family_house,0.23549261792454435,10.08,7.271273177849592,2.8087268221504074,0.0,9.844507382075456,Summer,LOAD_PRIORITY
339.0,luxury_house,0.29971787735851096,18.0,0.29971787735851096,17.70028212264149,0.0,17.70028212264149,Summer,LOAD_PRIORITY
339.0,small_family,0.20873209316039157,6.5,5.408354936999068,1.0916450630009327,0.0,6.291267906839608,Summer,LOAD_PRIORITY
340.0,apartment,1.5599715339481137,3.6399999999999997,2.5223226667452328,1.117677333254767,0.0,2.080028466051886,Summer,LOAD_PRIORITY
340.0,family_house,2.6399518266814233,10.08,6.677401417153505,3.4025985828464944,0.0,7.440048173318576,Summer,LOAD_PRIORITY
340.0,luxury_house,3.3599386885036298,18.0,3.3599386885036298,14.640061311496371,0.0,14.640061311496371,Summer,LOAD_PRIORITY
340.0,small_family,2.3399573009221704,6.5,4.899983577277758,1.6000164227222422,0.0,4.160042699077829,Summer,LOAD_PRIORITY
341.0,apartment,1.5356059692901807,3.6399999999999997,2.5068647526947125,1.1331352473052871,0.0,2.104394030709819,Summer,LOAD_PRIORITY
341.0,family_house,2.598717794183383,10.08,5.12634222318939,4.95365777681061,0.0,7.481282205816617,Summer,LOAD_PRIORITY
341.0,luxury_house,3.307459010778851,18.0,3.307459010778851,14.69254098922115,0.0,14.69254098922115,Summer,LOAD_PRIORITY
341.0,small_family,2.3034089539352713,6.5,4.885926520744335,1.6140734792556648,0.0,4.196591046064729,Summer,LOAD_PRIORITY
342.0,apartment,10.617020321718826,3.6399999999999997,3.6399999999999997,0.0,0.0,-6.977020321718826,Summer,LOAD_PRIORITY
342.0,family_house,17.96726515983186,10.08,10.08,0.0,0.0,-7.887265159831859,Summer,LOAD_PRIORITY
342.0,luxury_house,22.867428385240547,18.0,18.0,0.0,0.0,-4.867428385240548,Summer,LOAD_PRIORITY
342.0,small_family,15.925530482578239,6.5,6.5,0.0,0.0,-9.425530482578239,Summer,LOAD_PRIORITY
343.0,apartment,10.75400621724201,3.6399999999999997,3.6399999999999997,0.0,0.0,-7.11400621724201,Summer,LOAD_PRIORITY
343.0,family_house,18.199087444563403,10.08,10.08,0.0,0.0,-8.119087444563405,Summer,LOAD_PRIORITY
343.0,luxury_house,23.16247492944433,18.0,18.0,0.0,0.0,-5.162474929444331,Summer,LOAD_PRIORITY
343.0,small_family,16.131009325863015,6.5,6.5,0.0,0.0,-9.631009325863017,Summer,LOAD_PRIORITY
344.0,apartment,11.01695839462919,3.6399999999999997,3.6399999999999997,0.0,0.0,-7.376958394629191,Summer,LOAD_PRIORITY
344.0,family_house,18.644083437064786,10.08,10.08,0.0,0.0,-8.564083437064786,Summer,LOAD_PRIORITY
344.0,luxury_house,23.72883346535518,18.0,18.0,0.0,0.0,-5.728833465355181,Summer,LOAD_PRIORITY
344.0,small_family,16.525437591943785,6.5,6.5,0.0,0.0,-10.025437591943785,Summer,LOAD_PRIORITY
345.0,apartment,11.722183494024305,3.6399999999999997,3.6399999999999997,0.0,0.0,-8.082183494024306,Summer,LOAD_PRIORITY
345.0,family_house,19.837541297579595,10.08,10.08,0.0,0.0,-9.757541297579596,Summer,LOAD_PRIORITY
345.0,luxury_house,25.247779833283122,18.0,18.0,0.0,0.0,-7.247779833283122,Summer,LOAD_PRIORITY
345.0,small_family,17.583275241036457,6.5,6.5,0.0,0.0,-11.083275241036459,Summer,LOAD_PRIORITY
346.0,apartment,12.323611711809166,3.6399999999999997,3.6399999999999997,0.0,0.0,-8.683611711809165,Summer,LOAD_PRIORITY
346.0,family_house,20.855342896907818,10.08,10.08,0.0,0.0,-10.77534289690782,Summer,LOAD_PRIORITY
346.0,luxury_house,26.543163686973585,18.0,18.0,0.0,0.0,-8.543163686973587,Summer,LOAD_PRIORITY
346.0,small_family,18.48541756771375,6.5,6.5,0.0,0.0,-11.985417567713748,Summer,LOAD_PRIORITY
347.0,apartment,13.398670010333669,3.6399999999999997,3.6399999999999997,0.0,0.0,-9.758670010333669,Summer,LOAD_PRIORITY
347.0,family_house,22.674672325180055,10.08,10.08,0.0,0.0,-12.594672325180058,Summer,LOAD_PRIORITY
347.0,luxury_house,28.858673868410982,18.0,18.0,0.0,0.0,-10.858673868410982,Summer,LOAD_PRIORITY
347.0,small_family,20.0980050155005,6.5,6.5,0.0,0.0,-13.598005015500501,Summer,LOAD_PRIORITY
348.0,apartment,14.168546381534838,3.6399999999999997,3.6399999999999997,0.0,0.0,-10.528546381534838,Summer,LOAD_PRIORITY
348.0,family_house,23.977540030289724,10.08,10.08,0.0,0.0,-13.897540030289724,Summer,LOAD_PRIORITY
348.0,luxury_house,30.51686912945965,18.0,18.0,0.0,0.0,-12.516869129459652,Summer,LOAD_PRIORITY
348.0,small_family,21.252819572302258,6.5,6.5,0.0,0.0,-14.752819572302256,Summer,LOAD_PRIORITY
349.0,apartment,14.679800378443208,3.6399999999999997,3.6399999999999997,0.0,0.0,-11.039800378443207,Summer,LOAD_PRIORITY
349.0,family_house,24.84273910198081,10.08,10.08,0.0,0.0,-14.762739101980815,Summer,LOAD_PRIORITY
349.0,luxury_house,31.61803158433922,18.0,18.0,0.0,0.0,-13.618031584339219,Summer,LOAD_PRIORITY
349.0,small_family,22.01970056766481,6.5,6.5,0.0,0.0,-15.519700567664811,Summer,LOAD_PRIORITY
350.0,apartment,15.645027778733647,3.6399999999999997,3.6399999999999997,0.0,0.4154754806421851,-12.005027778733647,Summer,LOAD_PRIORITY
350.0,family_house,26.476200856318478,10.08,10.08,0.0,0.0,-16.39620085631848,Summer,LOAD_PRIORITY
350.0,luxury_house,33.696982908041704,18.0,18.0,0.0,0.0,-15.696982908041702,Summer,LOAD_PRIORITY
350.0,small_family,23.46754166810047,6.5,6.5,0.0,2.8207623392936654,-16.96754166810047,Summer,LOAD_PRIORITY
351.0,apartment,15.795911587497953,3.6399999999999997,3.6399999999999997,0.0,1.7931318056164751,-12.155911587497952,Summer,LOAD_PRIORITY
351.0,family_house,26.731542686534997,10.08,10.08,0.0,0.0,-16.651542686535,Summer,LOAD_PRIORITY
351.0,luxury_house,34.02196341922636,18.0,18.0,0.0,0.0,-16.02196341922636,Summer,LOAD_PRIORITY
351.0,small_family,23.69386738124693,6.5,6.5,0.0,9.613914124304817,-17.19386738124693,Summer,LOAD_PRIORITY
352.0,apartment,11.243193206270341,3.6399999999999997,3.6399999999999997,0.0,1.6567246064113135,-7.603193206270341,Summer,LOAD_PRIORITY
352.0,family_house,20.612520878162297,10.08,10.08,0.0,0.0,-10.532520878162297,Summer,LOAD_PRIORITY
352.0,luxury_house,26.234117481297467,18.0,18.0,0.0,0.0,-8.234117481297465,Summer,LOAD_PRIORITY
352.0,small_family,18.27018896018931,6.5,6.5,0.0,9.13579375762024,-11.770188960189307,Summer,LOAD_PRIORITY
353.0,apartment,11.318494716293438,3.6399999999999997,3.6399999999999997,0.0,3.5287598841935828,-7.678494716293438,Summer,LOAD_PRIORITY
353.0,family_house,20.750573646537973,10.08,10.08,0.0,0.22281470692605798,-10.67057364653797,Summer,LOAD_PRIORITY
353.0,luxury_house,26.409821004684694,18.0,18.0,0.0,0.0,-8.409821004684693,Summer,LOAD_PRIORITY
353.0,small_family,18.392553913976837,6.5,6.5,0.0,11.892553913976837,-11.892553913976837,Summer,LOAD_PRIORITY
354.0,apartment,6.826255715185581,20.323739174254946,20.323739174254946,0.0,0.2222568845414093,13.497483459069365,Summer,LOAD_PRIORITY
354.0,family_house,12.514802144506897,28.141549462533373,28.141549462533373,0.0,0.0,15.626747318026476,Summer,LOAD_PRIORITY
354.0,luxury_house,15.92793000209969,37.80105346284149,37.80105346284149,0.0,0.0,21.873123460741798,Summer,LOAD_PRIORITY
354.0,small_family,11.092665537176568,29.067678114418094,29.067678114418094,0.0,0.1888396977708946,17.975012577241525,Summer,LOAD_PRIORITY
355.0,apartment,0.0,26.18541442542452,26.18541442542452,0.0,0.0,26.18541442542452,Summer,LOAD_PRIORITY
355.0,family_house,0.0,27.007102605955616,27.007102605955616,0.0,0.0,27.007102605955616,Summer,LOAD_PRIORITY
355.0,luxury_house,0.0,34.18799678619595,34.18799678619595,0.0,0.0,34.18799678619595,Summer,LOAD_PRIORITY
355.0,small_family,0.0,24.170272909482623,24.170272909482623,0.0,0.0,24.170272909482623,Summer,LOAD_PRIORITY
356.0,apartment,0.0,21.993876005517194,20.542766110639786,1.451109894877407,0.0,21.993876005517194,Summer,LOAD_PRIORITY
356.0,family_house,0.0,24.943766088454424,24.943766088454424,0.0,0.0,24.943766088454424,Summer,LOAD_PRIORITY
356.0,luxury_house,0.0,35.71831782791952,33.114703407709506,2.6036144202100147,0.0,35.71831782791952,Summer,LOAD_PRIORITY
356.0,small_family,0.0,23.43298936257673,23.43298936257673,0.0,0.0,23.43298936257673,Summer,LOAD_PRIORITY
357.0,apartment,0.0,17.553685869626037,16.307788412851394,1.2458974567746428,0.0,17.553685869626037,Summer,LOAD_PRIORITY
357.0,family_house,0.0,27.526648769642847,26.09407669532672,1.4325720743161274,0.0,27.526648769642847,Summer,LOAD_PRIORITY
357.0,luxury_house,0.0,31.04150954902212,12.87321783414827,18.16829171487385,0.0,31.04150954902212,Summer,LOAD_PRIORITY
357.0,small_family,0.0,28.040419956539942,27.872266862578073,0.16815309396186784,0.0,28.040419956539942,Summer,LOAD_PRIORITY
358.0,apartment,0.30464816271089346,3.6399999999999997,2.77928703189595,0.8607129681040498,0.0,3.3353518372891062,Summer,LOAD_PRIORITY
358.0,family_house,0.5585216316366381,10.08,8.493086938606107,1.5869130613938935,0.0,9.521478368363361,Summer,LOAD_PRIORITY
358.0,luxury_house,0.7108457129920849,18.0,3.8773299503776926,14.122670049622307,0.0,17.289154287007918,Summer,LOAD_PRIORITY
358.0,small_family,0.495053264405202,6.5,6.038081020338861,0.4619189796611383,0.0,6.004946735594798,Summer,LOAD_PRIORITY
359.0,apartment,2.8640040965820726,3.6399999999999997,3.236001024145518,0.40399897585448175,0.0,0.7759959034179271,Summer,LOAD_PRIORITY
359.0,family_house,5.2506741770671335,10.08,8.988362651232032,1.0916373487679665,0.0,4.829325822932867,Summer,LOAD_PRIORITY
359.0,luxury_house,6.68267622535817,18.0,6.68267622535817,11.31732377464183,0.0,11.31732377464183,Summer,LOAD_PRIORITY
359.0,small_family,4.654006656945868,6.5,6.358000512072759,0.14199948792724093,0.0,1.8459933430541322,Summer,LOAD_PRIORITY
360.0,apartment,0.0,3.6399999999999997,2.5199999999999996,1.1199999999999999,0.0,3.6399999999999997,Summer,LOAD_PRIORITY
360.0,family_house,0.0,10.08,7.4240298481032925,2.6559701518967076,0.0,10.08,Summer,LOAD_PRIORITY
360.0,luxury_house,0.0,18.0,0.0,18.0,0.0,18.0,Summer,LOAD_PRIORITY
360.0,small_family,0.0,6.5,5.509471158843191,0.9905288411568092,0.0,6.5,Summer,LOAD_PRIORITY
361.0,apartment,0.7987603697329546,3.6399999999999997,2.7196900924332383,0.9203099075667612,0.0,2.841239630267045,Summer,LOAD_PRIORITY
361.0,family_house,1.4643940111770832,10.08,7.062925805478125,3.017074194521874,0.0,8.615605988822916,Summer,LOAD_PRIORITY
361.0,luxury_house,1.8637741960435608,18.0,1.8637741960435608,16.13622580395644,0.0,16.13622580395644,Summer,LOAD_PRIORITY
361.0,small_family,1.297985600816051,6.5,5.2995351386498575,1.200464861350142,0.0,5.202014399183949,Summer,LOAD_PRIORITY
362.0,apartment,0.9224058814002735,3.6399999999999997,2.5561547320858202,1.0838452679141797,0.0,2.717594118599726,Summer,LOAD_PRIORITY
362.0,family_house,1.6910774492338345,10.08,5.9713189578819765,4.1086810421180235,0.0,8.388922550766164,Summer,LOAD_PRIORITY
362.0,luxury_house,2.1522803899339715,18.0,2.1522803899339715,15.847719610066028,0.0,15.847719610066028,Summer,LOAD_PRIORITY
362.0,small_family,1.4989095572754443,6.5,4.9252316597778485,1.5747683402221513,0.0,5.001090442724555,Summer,LOAD_PRIORITY
363.0,apartment,1.1197431076981719,3.6399999999999997,2.613247702566057,1.0267522974339425,0.0,2.520256892301828,Summer,LOAD_PRIORITY
363.0,family_house,2.0528623641133157,10.08,5.397503045732767,4.682496954267233,0.0,8.027137635886685,Summer,LOAD_PRIORITY
363.0,luxury_house,2.6127339179624016,18.0,2.6127339179624016,15.387266082037598,0.0,15.387266082037598,Summer,LOAD_PRIORITY
363.0,small_family,1.8195825500095297,6.5,4.699839442311357,1.8001605576886426,0.0,4.680417449990471,Summer,LOAD_PRIORITY
364.0,apartment,1.2428732699312612,3.6399999999999997,2.654291089977087,0.9857089100229128,0.0,2.3971267300687384,Summer,LOAD_PRIORITY
364.0,family_house,2.278600994873979,10.08,4.8126075979625,5.2673924020375,0.0,7.8013990051260205,Summer,LOAD_PRIORITY
364.0,luxury_house,2.9000376298396096,18.0,2.9000376298396096,15.099962370160391,0.0,15.099962370160391,Summer,LOAD_PRIORITY
364.0,small_family,2.0196690636382995,6.5,4.448831335473376,2.0511686645266236,0.0,4.4803309363617005,Summer,LOAD_PRIORITY
365.0,apartment,1.1913957722116006,3.6399999999999997,2.631177446016671,1.0088225539833289,0.0,2.448604227788399,Summer,LOAD_PRIORITY
365.0,family_house,2.184225582387935,10.08,3.2850246099011495,6.794975390098849,0.0,7.895774417612064,Summer,LOAD_PRIORITY
365.0,luxury_house,2.779923468493735,18.0,2.779923468493735,15.220076531506265,0.0,15.220076531506265,Summer,LOAD_PRIORITY
365.0,small_family,1.936018129843851,6.5,3.6420324413688565,2.857967558631144,0.0,4.563981870156149,Summer,LOAD_PRIORITY
366.0,apartment,9.43532660651975,3.6399999999999997,3.3599999999999994,0.27999999999999997,0.0,-5.79532660651975,Summer,LOAD_PRIORITY
366.0,family_house,17.29809877861954,10.08,10.08,0.0,0.0,-7.21809877861954,Summer,LOAD_PRIORITY
366.0,luxury_house,22.015762081879416,18.0,18.0,0.0,0.0,-4.015762081879414,Summer,LOAD_PRIORITY
366.0,small_family,15.332405735594593,6.5,6.5,0.0,0.0,-8.832405735594593,Summer,LOAD_PRIORITY
367.0,apartment,9.777292174158335,3.6399999999999997,3.3599999999999994,0.27999999999999997,0.0,-6.137292174158334,Summer,LOAD_PRIORITY
367.0,family_house,17.925035652623613,10.08,10.08,0.0,0.0,-7.845035652623615,Summer,LOAD_PRIORITY
367.0,luxury_house,22.813681739702783,18.0,18.0,0.0,0.0,-4.8136817397027825,Summer,LOAD_PRIORITY
367.0,small_family,15.888099783007295,6.5,6.5,0.0,0.0,-9.388099783007295,Summer,LOAD_PRIORITY
368.0,apartment,10.162082232019074,3.6399999999999997,3.3599999999999994,0.27999999999999997,0.0,-6.5220822320190734,Summer,LOAD_PRIORITY
368.0,family_house,18.63048409203497,10.08,10.08,0.0,0.0,-8.55048409203497,Summer,LOAD_PRIORITY
368.0,luxury_house,23.711525208044506,18.0,18.0,0.0,0.0,-5.711525208044507,Summer,LOAD_PRIORITY
368.0,small_family,16.513383627030997,6.5,6.5,0.0,0.0,-10.013383627030995,Summer,LOAD_PRIORITY
369.0,apartment,10.816914281487133,3.6399999999999997,3.3599999999999994,0.27999999999999997,0.0,-7.176914281487134,Summer,LOAD_PRIORITY
369.0,family_house,19.831009516059744,10.08,10.08,0.0,0.0,-9.751009516059746,Summer,LOAD_PRIORITY
369.0,luxury_house,25.239466656803312,18.0,18.0,0.0,0.0,-7.239466656803312,Summer,LOAD_PRIORITY
369.0,small_family,17.577485707416592,6.5,6.5,0.0,0.0,-11.07748570741659,Summer,LOAD_PRIORITY
370.0,apartment,11.672435460207016,3.6399999999999997,3.3599999999999994,0.27999999999999997,0.0,-8.032435460207017,Summer,LOAD_PRIORITY
370.0,family_house,21.39946501037953,10.08,10.08,0.0,0.0,-11.319465010379531,Summer,LOAD_PRIORITY
370.0,luxury_house,27.23568274048304,18.0,18.0,0.0,0.0,-9.235682740483039,Summer,LOAD_PRIORITY
370.0,small_family,18.9677076228364,6.5,6.5,0.0,0.0,-12.4677076228364,Summer,LOAD_PRIORITY
371.0,apartment,12.303406083785532,3.6399999999999997,3.3599999999999994,0.27999999999999997,0.0,-8.663406083785532,Summer,LOAD_PRIORITY
371.0,family_house,22.556244486940145,10.08,10.08,0.0,0.0,-12.476244486940145,Summer,LOAD_PRIORITY
371.0,luxury_house,28.707947528832907,18.0,18.0,0.0,0.0,-10.707947528832907,Summer,LOAD_PRIORITY
371.0,small_family,19.99303488615149,6.5,6.5,0.0,0.0,-13.49303488615149,Summer,LOAD_PRIORITY
372.0,apartment,12.731331967807838,3.6399999999999997,3.3599999999999994,0.27999999999999997,0.0,-9.091331967807838,Summer,LOAD_PRIORITY
372.0,family_house,23.340775274314367,10.08,10.08,0.0,0.0,-13.260775274314367,Summer,LOAD_PRIORITY
372.0,luxury_house,29.706441258218288,18.0,18.0,0.0,0.0,-11.706441258218288,Summer,LOAD_PRIORITY
372.0,small_family,20.688414447687734,6.5,6.5,0.0,0.0,-14.188414447687734,Summer,LOAD_PRIORITY
373.0,apartment,13.931386546156826,3.6399999999999997,3.3599999999999994,0.27999999999999997,0.0,-10.291386546156826,Summer,LOAD_PRIORITY
373.0,family_house,25.540875334620846,10.08,10.08,0.0,0.0,-15.460875334620848,Summer,LOAD_PRIORITY
373.0,luxury_house,32.50656860769926,18.0,18.0,0.0,0.0,-14.50656860769926,Summer,LOAD_PRIORITY
373.0,small_family,22.63850313750484,6.5,6.5,0.0,0.0,-16.13850313750484,Summer,LOAD_PRIORITY
374.0,apartment,14.808424215572572,3.6399999999999997,3.3599999999999994,0.27999999999999997,0.0,-11.168424215572571,Summer,LOAD_PRIORITY
374.0,family_house,27.148777728549717,10.08,10.08,0.0,0.0,-17.06877772854972,Summer,LOAD_PRIORITY
374.0,luxury_house,34.552989836335996,18.0,18.0,0.0,0.0,-16.552989836336,Summer,LOAD_PRIORITY
374.0,small_family,24.06368935030543,6.5,6.5,0.0,0.06208728308331035,-17.56368935030543,Summer,LOAD_PRIORITY
375.0,apartment,14.981218695486172,3.6399999999999997,3.3599999999999994,0.27999999999999997,1.4798058127302083,-11.341218695486171,Summer,LOAD_PRIORITY
375.0,family_house,27.465567608391318,10.08,10.08,0.0,0.0,-17.38556760839132,Summer,LOAD_PRIORITY
375.0,luxury_house,34.95617695613441,18.0,18.0,0.0,0.0,-16.956176956134406,Summer,LOAD_PRIORITY
375.0,small_family,24.34448038016503,6.5,6.5,0.0,1.3726523369357715,-17.84448038016503,Summer,LOAD_PRIORITY
376.0,apartment,11.417557042277906,3.6399999999999997,3.3599999999999994,0.27999999999999997,3.3573154342824605,-7.7775570422779055,Summer,LOAD_PRIORITY
376.0,family_house,20.932187910842828,10.08,10.08,0.0,0.0,-10.852187910842828,Summer,LOAD_PRIORITY
376.0,luxury_house,26.640966431981777,18.0,18.0,0.0,0.0,-8.640966431981777,Summer,LOAD_PRIORITY
376.0,small_family,18.553530193701597,6.5,6.5,0.0,7.360240478547658,-12.053530193701597,Summer,LOAD_PRIORITY
377.0,apartment,8.364564228888943,3.6399999999999997,3.3599999999999994,0.27999999999999997,2.524573287098429,-4.724564228888944,Summer,LOAD_PRIORITY
377.0,family_house,15.335034419629729,10.08,10.08,0.0,0.0,-5.25503441962973,Summer,LOAD_PRIORITY
377.0,luxury_house,19.5173165340742,18.0,18.0,0.0,0.0,-1.5173165340742019,Summer,LOAD_PRIORITY
377.0,small_family,13.592416871944533,6.5,6.5,0.0,7.092416871944533,-7.092416871944533,Summer,LOAD_PRIORITY
378.0,apartment,6.815733320958186,23.000487787205067,22.290251250739367,0.7102365364656991,0.03577904248351664,16.18475446624688,Summer,LOAD_PRIORITY
378.0,family_house,12.49551108842334,25.72798519171537,25.72798519171537,0.0,0.0,13.232474103292029,Summer,LOAD_PRIORITY
378.0,luxury_house,15.903377748902432,38.95110894580684,38.95110894580684,0.0,0.0,23.0477311969044,Summer,LOAD_PRIORITY
378.0,small_family,11.075566646557052,27.68830186173373,27.68830186173373,0.0,0.0,16.61273521517668,Summer,LOAD_PRIORITY
379.0,apartment,0.0,26.551791308228104,23.472705570574217,3.079085737653888,0.0,26.551791308228104,Summer,LOAD_PRIORITY
379.0,family_house,0.0,26.83710928893114,26.83710928893114,0.0,0.0,26.83710928893114,Summer,LOAD_PRIORITY
379.0,luxury_house,0.0,26.896132538787217,26.896132538787217,0.0,0.0,26.896132538787217,Summer,LOAD_PRIORITY
379.0,small_family,0.0,25.693951086331747,25.693951086331747,0.0,0.0,25.693951086331747,Summer,LOAD_PRIORITY
380.0,apartment,0.0,23.457170008220974,20.349957366390285,3.1072126418306896,0.0,23.457170008220974,Summer,LOAD_PRIORITY
380.0,family_house,0.0,29.61788446464241,29.61788446464241,0.0,0.0,29.61788446464241,Summer,LOAD_PRIORITY
380.0,luxury_house,0.0,37.66980806633123,36.32513907986916,1.3446689864620658,0.0,37.66980806633123,Summer,LOAD_PRIORITY
380.0,small_family,0.0,22.80427128246144,22.80427128246144,0.0,0.0,22.80427128246144,Summer,LOAD_PRIORITY
381.0,apartment,0.0,24.65084142240415,15.560290390143596,9.090551032260555,0.0,24.65084142240415,Summer,LOAD_PRIORITY
381.0,family_house,0.0,27.784450097433023,25.613670425277014,2.1707796721560064,0.0,27.784450097433023,Summer,LOAD_PRIORITY
381.0,luxury_house,0.0,33.13236388086868,11.882575262357836,21.249788618510845,0.0,33.13236388086868,Summer,LOAD_PRIORITY
381.0,small_family,0.0,25.963093635242632,24.67960261351572,1.2834910217269144,0.0,25.963093635242632,Summer,LOAD_PRIORITY
382.0,apartment,1.6901135975889936,3.6399999999999997,2.5513599101078834,1.0886400898921162,0.0,1.949886402411006,Summer,LOAD_PRIORITY
382.0,family_house,3.098541595579822,10.08,8.916423599263302,1.1635764007366962,0.0,6.981458404420177,Summer,LOAD_PRIORITY
382.0,luxury_house,3.9435983943743183,18.0,6.2217580865094835,11.778241913490515,0.0,14.05640160562568,Summer,LOAD_PRIORITY
382.0,small_family,2.7464345960821146,6.5,6.211264199698624,0.2887358003013758,0.0,3.7535654039178854,Summer,LOAD_PRIORITY
383.0,apartment,4.257269178211061,3.6399999999999997,3.3599999999999994,0.27999999999999997,0.0,-0.6172691782110613,Summer,LOAD_PRIORITY
383.0,family_house,7.804993493386945,10.08,9.700832248897823,0.3791677511021758,0.0,2.275006506613055,Summer,LOAD_PRIORITY
383.0,luxury_house,9.933628082492476,18.0,9.947963334609604,8.052036665390396,0.0,8.066371917507524,Summer,LOAD_PRIORITY
383.0,small_family,6.918062414592974,6.5,6.5,0.0,0.0,-0.4180624145929741,Summer,LOAD_PRIORITY
384.0,apartment,0.0,3.6399999999999997,2.0837711301949775,1.5562288698050222,0.0,3.6399999999999997,Summer,LOAD_PRIORITY
384.0,family_house,0.0,10.08,7.1960434949077845,2.8839565050922156,0.0,10.08,Summer,LOAD_PRIORITY
384.0,luxury_house,0.0,18.0,0.0,18.0,0.0,18.0,Summer,LOAD_PRIORITY
384.0,small_family,0.0,6.5,5.672974213853344,0.8270257861466561,0.0,6.5,Summer,LOAD_PRIORITY
385.0,apartment,2.0207812996667784,3.6399999999999997,2.690390649833389,0.9496093501666106,0.0,1.6192187003332212,Summer,LOAD_PRIORITY
385.0,family_house,3.70476571605576,10.08,7.013882421015363,3.0661175789846364,0.0,6.3752342839442395,Summer,LOAD_PRIORITY
385.0,luxury_house,4.715156365889149,18.0,4.715156365889149,13.28484363411085,0.0,13.28484363411085,Summer,LOAD_PRIORITY
385.0,small_family,3.283769611958515,6.5,6.005195324916695,0.4948046750833054,0.0,3.216230388041485,Summer,LOAD_PRIORITY
386.0,apartment,2.1593028087150197,3.6399999999999997,2.7596514043575096,0.88034859564249,0.0,1.48069719128498,Summer,LOAD_PRIORITY
386.0,family_house,3.958721815977536,10.08,6.924173693621993,3.1558263063780077,0.0,6.121278184022464,Summer,LOAD_PRIORITY
386.0,luxury_house,5.038373220335046,18.0,5.038373220335046,12.961626779664956,0.0,12.961626779664956,Summer,LOAD_PRIORITY
386.0,small_family,3.508867064161907,6.5,5.838221764644588,0.6617782353554111,0.0,2.991132935838093,Summer,LOAD_PRIORITY
387.0,apartment,1.7111423052288952,3.6399999999999997,2.5355711526144473,1.1044288473855524,0.0,1.9288576947711045,Summer,LOAD_PRIORITY
387.0,family_house,3.1370942262529744,10.08,5.478544585166716,4.601455414833284,0.0,6.942905773747025,Summer,LOAD_PRIORITY
387.0,luxury_house,3.9926653788674216,18.0,3.9926653788674216,14.007334621132578,0.0,14.007334621132578,Summer,LOAD_PRIORITY
387.0,small_family,2.7806062459969545,6.5,5.6416783644608355,0.8583216355391643,0.0,3.719393754003045,Summer,LOAD_PRIORITY
388.0,apartment,2.3661572807574505,3.6399999999999997,2.863078640378725,0.7769213596212745,0.0,1.2738427192425492,Summer,LOAD_PRIORITY
388.0,family_house,4.3379550147219925,10.08,5.773466261041494,4.306533738958505,0.0,5.742044985278007,Summer,LOAD_PRIORITY
388.0,luxury_house,5.521033655100718,18.0,5.521033655100718,12.478966344899282,0.0,12.478966344899282,Summer,LOAD_PRIORITY
388.0,small_family,3.845005581230857,6.5,5.887308980284044,0.6126910197159561,0.0,2.654994418769143,Summer,LOAD_PRIORITY
389.0,apartment,1.9994336716651904,3.6399999999999997,2.679716835832595,0.9602831641674046,0.0,1.6405663283348093,Summer,LOAD_PRIORITY
389.0,family_house,3.6656283980528483,10.08,5.19823360273918,4.881766397260821,0.0,6.414371601947152,Summer,LOAD_PRIORITY
389.0,luxury_house,4.665345233885444,18.0,4.665345233885444,13.334654766114557,0.0,13.334654766114557,Summer,LOAD_PRIORITY
389.0,small_family,3.249079716455934,6.5,5.512517982550893,0.987482017449107,0.0,3.250920283544066,Summer,LOAD_PRIORITY
390.0,apartment,10.168418095398772,3.6399999999999997,3.3599999999999994,0.27999999999999997,0.0,-6.528418095398773,Summer,LOAD_PRIORITY
390.0,family_house,18.642099841564416,10.08,10.08,0.0,0.0,-8.562099841564415,Summer,LOAD_PRIORITY
390.0,luxury_house,23.726308889263798,18.0,18.0,0.0,0.0,-5.7263088892638,Summer,LOAD_PRIORITY
390.0,small_family,16.523679405023007,6.5,6.5,0.0,0.0,-10.023679405023005,Summer,LOAD_PRIORITY
391.0,apartment,10.85395882589305,3.6399999999999997,3.3599999999999994,0.27999999999999997,0.0,-7.21395882589305,Summer,LOAD_PRIORITY
391.0,family_house,19.898924514137256,10.08,10.08,0.0,0.0,-9.818924514137258,Summer,LOAD_PRIORITY
391.0,luxury_house,25.32590392708378,18.0,18.0,0.0,0.0,-7.325903927083781,Summer,LOAD_PRIORITY
391.0,small_family,17.637683092076205,6.5,6.5,0.0,0.0,-11.137683092076207,Summer,LOAD_PRIORITY
392.0,apartment,11.420397825163521,3.6399999999999997,3.3599999999999994,0.27999999999999997,0.0,-7.78039782516352,Summer,LOAD_PRIORITY
392.0,family_house,20.937396012799788,10.08,10.08,0.0,0.0,-10.857396012799787,Summer,LOAD_PRIORITY
392.0,luxury_house,26.647594925381547,18.0,18.0,0.0,0.0,-8.647594925381545,Summer,LOAD_PRIORITY
392.0,small_family,18.558146465890722,6.5,6.5,0.0,0.0,-12.058146465890722,Summer,LOAD_PRIORITY
393.0,apartment,11.81609114577429,3.6399999999999997,3.3599999999999994,0.27999999999999997,0.0,-8.176091145774292,Summer,LOAD_PRIORITY
393.0,family_house,21.662833767252867,10.08,10.08,0.0,0.0,-11.582833767252868,Summer,LOAD_PRIORITY
393.0,luxury_house,27.570879340140014,18.0,18.0,0.0,0.0,-9.570879340140014,Summer,LOAD_PRIORITY
393.0,small_family,19.20114811188322,6.5,6.5,0.0,0.0,-12.701148111883223,Summer,LOAD_PRIORITY
394.0,apartment,13.59771101919864,3.6399999999999997,3.6399999999999997,0.0,0.0,-9.957711019198639,Summer,LOAD_PRIORITY
394.0,family_house,23.011510955566926,10.08,10.08,0.0,0.0,-12.931510955566926,Summer,LOAD_PRIORITY
394.0,luxury_house,29.287377579812453,18.0,18.0,0.0,0.0,-11.287377579812453,Summer,LOAD_PRIORITY
394.0,small_family,20.39656652879796,6.5,6.5,0.0,0.0,-13.896566528797957,Summer,LOAD_PRIORITY
395.0,apartment,14.43160563260659,3.6399999999999997,3.6399999999999997,0.0,0.0,-10.79160563260659,Summer,LOAD_PRIORITY
395.0,family_house,24.42271722441116,10.08,10.08,0.0,0.0,-14.342717224411158,Summer,LOAD_PRIORITY
395.0,luxury_house,31.083458285614196,18.0,18.0,0.0,0.0,-13.083458285614196,Summer,LOAD_PRIORITY
395.0,small_family,21.64740844890989,6.5,6.5,0.0,0.0,-15.147408448909887,Summer,LOAD_PRIORITY
396.0,apartment,15.326306378740725,3.6399999999999997,3.6399999999999997,0.0,0.01714426984501627,-11.686306378740724,Summer,LOAD_PRIORITY
396.0,family_house,25.936826179407376,10.08,10.08,0.0,0.0,-15.85682617940738,Summer,LOAD_PRIORITY
396.0,luxury_house,33.010506046518486,18.0,18.0,0.0,0.0,-15.010506046518483,Summer,LOAD_PRIORITY
396.0,small_family,22.989459568111087,6.5,6.5,0.0,0.0,-16.489459568111087,Summer,LOAD_PRIORITY
397.0,apartment,16.16837092479065,3.6399999999999997,3.6399999999999997,0.0,1.3745257986570785,-12.52837092479065,Summer,LOAD_PRIORITY
397.0,family_house,27.36185848810726,10.08,10.08,0.0,0.0,-17.28185848810726,Summer,LOAD_PRIORITY
397.0,luxury_house,34.82418353031832,18.0,18.0,0.0,0.0,-16.824183530318326,Summer,LOAD_PRIORITY
397.0,small_family,24.252556387185976,6.5,6.5,0.0,2.19583865112258,-17.752556387185976,Summer,LOAD_PRIORITY
398.0,apartment,16.344338969410096,3.6399999999999997,3.6399999999999997,0.0,2.9969212954673856,-12.704338969410095,Summer,LOAD_PRIORITY
398.0,family_house,27.659650563617085,10.08,10.08,0.0,0.0,-17.579650563617086,Summer,LOAD_PRIORITY
398.0,luxury_house,35.20319162642174,18.0,18.0,0.0,0.0,-17.203191626421745,Summer,LOAD_PRIORITY
398.0,small_family,24.51650845411514,6.5,6.5,0.0,6.61893707178296,-18.01650845411514,Summer,LOAD_PRIORITY
399.0,apartment,16.93993044700809,3.6399999999999997,3.6399999999999997,0.0,4.6738902670086695,-13.299930447008093,Summer,LOAD_PRIORITY
399.0,family_house,28.66757460262908,10.08,10.08,0.0,0.0,-18.587574602629083,Summer,LOAD_PRIORITY
399.0,luxury_house,36.48600403970974,18.0,18.0,0.0,0.0,-18.486004039709737,Summer,LOAD_PRIORITY
399.0,small_family,25.40989567051214,6.5,6.5,0.0,14.24082969973906,-18.90989567051214,Summer,LOAD_PRIORITY
400.0,apartment,13.361832682398857,3.6399999999999997,3.6399999999999997,0.0,6.5415728772142065,-9.721832682398857,Summer,LOAD_PRIORITY
400.0,family_house,22.61233223175191,10.08,10.08,0.0,0.0,-12.532332231751912,Summer,LOAD_PRIORITY
400.0,luxury_house,28.779331931320613,18.0,18.0,0.0,0.0,-10.77933193132061,Summer,LOAD_PRIORITY
400.0,small_family,20.042749023598287,6.5,6.5,0.0,13.542749023598285,-13.542749023598285,Summer,LOAD_PRIORITY
401.0,apartment,10.321902158418379,3.6399999999999997,3.6399999999999997,0.0,6.167909684693889,-6.68190215841838,Summer,LOAD_PRIORITY
401.0,family_house,17.467834421938793,10.08,10.08,0.0,0.0,-7.387834421938795,Summer,LOAD_PRIORITY
401.0,luxury_house,22.231789264285737,18.0,18.0,0.0,0.0,-4.231789264285737,Summer,LOAD_PRIORITY
401.0,small_family,15.48285323762757,6.5,6.5,0.0,8.98285323762757,-8.98285323762757,Summer,LOAD_PRIORITY
402.0,apartment,8.814508124111766,21.56906241881882,21.56906241881882,0.0,0.29595105519872406,12.754554294707052,Summer,LOAD_PRIORITY
402.0,family_house,14.916859902342988,26.966562586556808,26.966562586556808,0.0,0.0,12.04970268421382,Summer,LOAD_PRIORITY
402.0,luxury_house,18.985094421163804,36.99671402654419,36.99671402654419,0.0,0.0,18.011619605380385,Summer,LOAD_PRIORITY
402.0,small_family,13.221762186167648,23.414950871139787,23.414950871139787,0.0,1.1694615850671473,10.193188684972137,Summer,LOAD_PRIORITY
403.0,apartment,0.0,22.84726780177502,22.84726780177502,0.0,0.0,22.84726780177502,Summer,LOAD_PRIORITY
403.0,family_house,0.0,31.514124962845457,31.514124962845457,0.0,0.0,31.514124962845457,Summer,LOAD_PRIORITY
403.0,luxury_house,0.0,36.067243244608775,36.067243244608775,0.0,0.0,36.067243244608775,Summer,LOAD_PRIORITY
403.0,small_family,0.0,25.042403601970275,25.042403601970275,0.0,0.0,25.042403601970275,Summer,LOAD_PRIORITY
404.0,apartment,0.03271694366668676,26.16250546738003,26.16250546738003,0.0,0.0,26.129788523713344,Summer,LOAD_PRIORITY
404.0,family_house,0.055367135435931435,31.482843767445114,31.482843767445114,0.0,0.0,31.42747663200918,Summer,LOAD_PRIORITY
404.0,luxury_house,0.07046726328209454,40.75553764108064,40.287993218627015,0.4675444224536234,0.0,40.685070377798546,Summer,LOAD_PRIORITY
404.0,small_family,0.04907541550003014,31.11957082079147,31.11957082079147,0.0,0.0,31.07049540529144,Summer,LOAD_PRIORITY
405.0,apartment,0.7992990019705108,23.501352925582758,21.246073031990296,2.2552798935924594,0.0,22.702053923612244,Summer,LOAD_PRIORITY
405.0,family_house,1.3526598494885567,32.443548009697764,32.443548009697764,0.0,0.0,31.09088816020921,Summer,LOAD_PRIORITY
405.0,luxury_house,1.7215670811672539,39.736596443763794,29.427000189107893,10.309596254655904,0.0,38.01502936259654,Summer,LOAD_PRIORITY
405.0,small_family,1.1989485029557663,24.138438856230618,23.930731456151012,0.20770740007960908,0.0,22.939490353274852,Summer,LOAD_PRIORITY
406.0,apartment,1.095041245786243,3.6399999999999997,3.0527018259506713,0.5872981740493284,0.0,2.5449587542137566,Summer,LOAD_PRIORITY
406.0,family_house,1.8531467236382575,10.08,10.021265819698348,0.05873418030165167,0.0,8.226853276361743,Summer,LOAD_PRIORITY
406.0,luxury_house,2.3585503755396005,18.0,4.7156049095482455,13.284395090451754,0.0,15.6414496244604,Summer,LOAD_PRIORITY
406.0,small_family,1.6425618686793646,6.5,5.900125504252571,0.5998744957474286,0.0,4.857438131320635,Summer,LOAD_PRIORITY
407.0,apartment,4.068024144525467,3.6399999999999997,3.6399999999999997,0.0,0.0,-0.4280241445254668,Summer,LOAD_PRIORITY
407.0,family_house,6.884348552273866,10.08,9.620679553557435,0.4593204464425644,0.0,3.1956514477261337,Summer,LOAD_PRIORITY
407.0,luxury_house,8.761898157439465,18.0,8.761898157439465,9.238101842560535,0.0,9.238101842560535,Summer,LOAD_PRIORITY
407.0,small_family,6.1020362167882,6.5,6.4387748025828,0.061225197417200006,0.0,0.39796378321180004,Summer,LOAD_PRIORITY
408.0,apartment,0.0,3.6399999999999997,2.62100115854322,1.0189988414567797,0.0,3.6399999999999997,Summer,LOAD_PRIORITY
408.0,family_house,0.0,10.08,7.787413536638775,2.2925864633612245,0.0,10.08,Summer,LOAD_PRIORITY
408.0,luxury_house,0.0,18.0,0.0,18.0,0.0,18.0,Summer,LOAD_PRIORITY
408.0,small_family,0.0,6.5,5.5,1.0,0.0,6.5,Summer,LOAD_PRIORITY
409.0,apartment,2.577692318268015,3.6399999999999997,3.231420122410775,0.4085798775892249,0.0,1.0623076817319848,Summer,LOAD_PRIORITY
409.0,family_house,4.36224853860741,10.08,8.17408284620247,1.90591715379753,0.0,5.71775146139259,Summer,LOAD_PRIORITY
409.0,luxury_house,5.55195268550034,18.0,5.55195268550034,12.44804731449966,0.0,12.44804731449966,Summer,LOAD_PRIORITY
409.0,small_family,3.866538477402022,6.5,5.907987296306702,0.5920127036932974,0.0,2.633461522597978,Summer,LOAD_PRIORITY
410.0,apartment,2.577560190388149,3.6399999999999997,3.204865521981989,0.43513447801801064,0.0,1.0624398096118508,Summer,LOAD_PRIORITY
410.0,family_house,4.362024937579944,10.08,8.174008312526649,1.9059916874733518,0.0,5.717975062420056,Summer,LOAD_PRIORITY
410.0,luxury_house,5.5516681023744745,18.0,5.5516681023744745,12.448331897625525,0.0,12.448331897625525,Summer,LOAD_PRIORITY
410.0,small_family,3.8663402855822233,6.5,5.892232373595897,0.6077676264041023,0.0,2.6336597144177767,Summer,LOAD_PRIORITY
411.0,apartment,3.049493805816733,3.6399999999999997,3.3562746657106737,0.28372533428932606,0.0,0.5905061941832667,Summer,LOAD_PRIORITY
411.0,family_house,5.160681825228318,10.08,8.269626815502436,1.8103731844975637,0.0,4.919318174771682,Summer,LOAD_PRIORITY
411.0,luxury_house,6.568140504836041,18.0,6.568140504836041,11.431859495163959,0.0,11.431859495163959,Summer,LOAD_PRIORITY
411.0,small_family,4.5742407087251,6.5,6.02903006818552,0.47096993181448044,0.0,1.9257592912749006,Summer,LOAD_PRIORITY
412.0,apartment,3.3563748737465064,3.6399999999999997,3.487278778171196,0.152721221828804,0.0,0.2836251262534931,Summer,LOAD_PRIORITY
412.0,family_house,5.680019017109473,10.08,8.03745032077634,2.04254967922366,0.0,4.3999809828905265,Summer,LOAD_PRIORITY
412.0,luxury_house,7.2291151126847835,18.0,7.2291151126847835,10.770884887315216,0.0,10.770884887315216,Summer,LOAD_PRIORITY
412.0,small_family,5.03456231061976,6.5,5.959282458862731,0.5407175411372692,0.0,1.4654376893802399,Summer,LOAD_PRIORITY
413.0,apartment,3.398767437360266,3.6399999999999997,3.510105543193989,0.12989445680601036,0.0,0.24123256263973353,Summer,LOAD_PRIORITY
413.0,family_house,5.751760278609681,10.08,7.284368787756613,2.7956312122433866,0.0,4.328239721390318,Summer,LOAD_PRIORITY
413.0,luxury_house,7.320422172775958,18.0,7.320422172775958,10.679577827224042,0.0,10.679577827224042,Summer,LOAD_PRIORITY
413.0,small_family,5.098151156040399,6.5,5.960827367707846,0.5391726322921542,0.0,1.4018488439596009,Summer,LOAD_PRIORITY
414.0,apartment,12.396150809113204,3.6399999999999997,3.6399999999999997,0.0,0.0,-8.756150809113205,Summer,LOAD_PRIORITY
414.0,family_house,20.978101369268497,10.08,10.08,0.0,0.0,-10.898101369268497,Summer,LOAD_PRIORITY
414.0,luxury_house,26.69940174270536,18.0,18.0,0.0,0.0,-8.699401742705358,Summer,LOAD_PRIORITY
414.0,small_family,18.594226213669806,6.5,6.5,0.0,0.0,-12.094226213669804,Summer,LOAD_PRIORITY
415.0,apartment,11.81224831788246,3.6399999999999997,3.6399999999999997,0.0,0.0,-8.17224831788246,Summer,LOAD_PRIORITY
415.0,family_house,19.98995869180109,10.08,10.08,0.0,0.0,-9.90995869180109,Summer,LOAD_PRIORITY
415.0,luxury_house,25.441765607746838,18.0,18.0,0.0,0.0,-7.44176560774684,Summer,LOAD_PRIORITY
415.0,small_family,17.718372476823692,6.5,6.5,0.0,0.0,-11.218372476823692,Summer,LOAD_PRIORITY
416.0,apartment,12.554904809543535,3.6399999999999997,3.6399999999999997,0.0,0.0,-8.914904809543534,Summer,LOAD_PRIORITY
416.0,family_house,21.246761985381365,10.08,10.08,0.0,0.0,-11.166761985381365,Summer,LOAD_PRIORITY
416.0,luxury_house,27.04133343593992,18.0,18.0,0.0,0.0,-9.041333435939917,Summer,LOAD_PRIORITY
416.0,small_family,18.8323572143153,6.5,6.5,0.0,0.0,-12.332357214315302,Summer,LOAD_PRIORITY
417.0,apartment,13.6779402369988,3.6399999999999997,3.6399999999999997,0.0,0.0,-10.037940236998802,Summer,LOAD_PRIORITY
417.0,family_house,23.147283477997973,10.08,10.08,0.0,0.0,-13.067283477997975,Summer,LOAD_PRIORITY
417.0,luxury_house,29.460178971997422,18.0,18.0,0.0,0.0,-11.46017897199742,Summer,LOAD_PRIORITY
417.0,small_family,20.516910355498204,6.5,6.5,0.0,0.0,-14.016910355498204,Summer,LOAD_PRIORITY
418.0,apartment,13.816728758527319,3.6399999999999997,3.6399999999999997,0.0,0.0,-10.176728758527318,Summer,LOAD_PRIORITY
418.0,family_house,23.38215636058469,10.08,10.08,0.0,0.0,-13.302156360584691,Summer,LOAD_PRIORITY
418.0,luxury_house,29.75910809528961,18.0,18.0,0.0,0.0,-11.759108095289609,Summer,LOAD_PRIORITY
418.0,small_family,20.725093137790974,6.5,6.5,0.0,0.0,-14.225093137790976,Summer,LOAD_PRIORITY
419.0,apartment,14.470789883198446,3.6399999999999997,3.6399999999999997,0.0,0.0,-10.830789883198445,Summer,LOAD_PRIORITY
419.0,family_house,24.489029033105062,10.08,10.08,0.0,0.0,-14.409029033105064,Summer,LOAD_PRIORITY
419.0,luxury_house,31.167855133042806,18.0,18.0,0.0,0.0,-13.167855133042806,Summer,LOAD_PRIORITY
419.0,small_family,21.706184824797667,6.5,6.5,0.0,0.0,-15.206184824797669,Summer,LOAD_PRIORITY
420.0,apartment,14.4585088398397,3.6399999999999997,3.6399999999999997,0.0,0.40100144774084656,-10.818508839839701,Summer,LOAD_PRIORITY
420.0,family_house,24.46824572895949,10.08,10.08,0.0,0.0,-14.388245728959493,Summer,LOAD_PRIORITY
420.0,luxury_house,31.141403655039355,18.0,18.0,0.0,0.0,-13.141403655039355,Summer,LOAD_PRIORITY
420.0,small_family,21.68776325975955,6.5,6.5,0.0,0.6229379838829441,-15.18776325975955,Summer,LOAD_PRIORITY
421.0,apartment,15.00182917628897,3.6399999999999997,3.6399999999999997,0.0,1.1431607491337767,-11.36182917628897,Summer,LOAD_PRIORITY
421.0,family_house,25.387710913719793,10.08,10.08,0.0,0.0,-15.307710913719793,Summer,LOAD_PRIORITY
421.0,luxury_house,32.311632072007015,18.0,18.0,0.0,0.0,-14.311632072007011,Summer,LOAD_PRIORITY
421.0,small_family,22.502743764433454,6.5,6.5,0.0,4.216865294017718,-16.002743764433454,Summer,LOAD_PRIORITY
422.0,apartment,16.411080229484277,3.6399999999999997,3.6399999999999997,0.0,2.035705299447748,-12.771080229484276,Summer,LOAD_PRIORITY
422.0,family_house,27.772597311434932,10.08,10.08,0.0,0.0,-17.692597311434934,Summer,LOAD_PRIORITY
422.0,luxury_house,35.34694203273536,18.0,18.0,0.0,0.0,-17.346942032735363,Summer,LOAD_PRIORITY
422.0,small_family,24.616620344226416,6.5,6.5,0.0,7.3124193865702996,-18.116620344226416,Summer,LOAD_PRIORITY
423.0,apartment,17.14420352060681,3.6399999999999997,3.6399999999999997,0.0,4.155139544802095,-13.50420352060681,Summer,LOAD_PRIORITY
423.0,family_house,29.013267496411526,10.08,10.08,0.0,0.0,-18.933267496411528,Summer,LOAD_PRIORITY
423.0,luxury_house,36.92597681361467,18.0,18.0,0.0,0.0,-18.925976813614668,Summer,LOAD_PRIORITY
423.0,small_family,25.716305280910216,6.5,6.5,0.0,15.896397454250717,-19.216305280910216,Summer,LOAD_PRIORITY
424.0,apartment,12.960411360376842,3.6399999999999997,3.6399999999999997,0.0,6.887047279784821,-9.320411360376841,Summer,LOAD_PRIORITY
424.0,family_house,21.93300384063773,10.08,10.08,0.0,0.4467283440568629,-11.853003840637731,Summer,LOAD_PRIORITY
424.0,luxury_house,27.914732160811656,18.0,18.0,0.0,0.0,-9.914732160811656,Summer,LOAD_PRIORITY
424.0,small_family,19.44061704056526,6.5,6.5,0.0,12.940617040565263,-12.940617040565263,Summer,LOAD_PRIORITY
425.0,apartment,8.171368230273476,3.6399999999999997,3.6399999999999997,0.0,4.531368230273477,-4.531368230273477,Summer,LOAD_PRIORITY
425.0,family_house,13.828469312770498,10.08,10.08,0.0,0.31237244273087483,-3.748469312770498,Summer,LOAD_PRIORITY
425.0,luxury_house,17.599870034435178,18.0,18.0,0.0,0.0,0.4001299655648207,Summer,LOAD_PRIORITY
425.0,small_family,12.257052345410216,6.5,6.5,0.0,5.757052345410216,-5.757052345410216,Summer,LOAD_PRIORITY
426.0,apartment,5.892488554157272,22.005990504287023,22.00599050428702,0.0,0.19433985626650896,16.11350195012975,Summer,LOAD_PRIORITY
426.0,family_house,9.971903707035382,30.836621766838476,30.836621766838476,0.0,0.0,20.864718059803092,Summer,LOAD_PRIORITY
426.0,luxury_house,12.691513808954124,36.96959553541884,36.96959553541884,0.0,0.0,24.278081726464716,Summer,LOAD_PRIORITY
426.0,small_family,8.838732831235907,26.467628832940314,26.467628832940314,0.0,0.28866704188701275,17.628896001704405,Summer,LOAD_PRIORITY
427.0,apartment,0.0,21.349049866581684,21.349049866581684,0.0,0.0,21.349049866581684,Summer,LOAD_PRIORITY
427.0,family_house,0.0,33.03178858597109,33.03178858597109,0.0,0.0,33.03178858597109,Summer,LOAD_PRIORITY
427.0,luxury_house,0.0,34.09729608718497,34.09729608718497,0.0,0.0,34.09729608718497,Summer,LOAD_PRIORITY
427.0,small_family,0.0,24.729866717046935,24.729866717046935,0.0,0.0,24.729866717046935,Summer,LOAD_PRIORITY
428.0,apartment,0.0,23.96308882594383,23.19737559167338,0.7657132342704527,0.0,23.96308882594383,Summer,LOAD_PRIORITY
428.0,family_house,0.0,25.887194378797783,25.887194378797783,0.0,0.0,25.887194378797783,Summer,LOAD_PRIORITY
428.0,luxury_house,0.0,36.31573284811351,36.31573284811351,0.0,0.0,36.31573284811351,Summer,LOAD_PRIORITY
428.0,small_family,0.0,26.594056840142134,26.594056840142134,0.0,0.0,26.594056840142134,Summer,LOAD_PRIORITY
429.0,apartment,0.0,23.98208186177515,19.425834283466912,4.556247578308238,0.0,23.98208186177515,Summer,LOAD_PRIORITY
429.0,family_house,0.0,29.530461480587242,29.255553117760105,0.27490836282713893,0.0,29.530461480587242,Summer,LOAD_PRIORITY
429.0,luxury_house,0.0,38.413762529803186,20.155515162376403,18.258247367426783,0.0,38.413762529803186,Summer,LOAD_PRIORITY
429.0,small_family,0.0,28.619406216410393,28.360421060657732,0.2589851557526628,0.0,28.619406216410393,Summer,LOAD_PRIORITY
430.0,apartment,1.5757304532896057,3.6399999999999997,3.0300753746738476,0.609924625326152,0.0,2.0642695467103938,Summer,LOAD_PRIORITY
430.0,family_house,2.6666207671054862,10.08,9.040909373360211,1.0390906266397888,0.0,7.413379232894513,Summer,LOAD_PRIORITY
430.0,luxury_house,3.3938809763160735,18.0,6.6909736786705505,11.30902632132945,0.0,14.606119023683926,Summer,LOAD_PRIORITY
430.0,small_family,2.3635956799344084,6.5,5.863630104605294,0.6363698953947063,0.0,4.1364043200655916,Summer,LOAD_PRIORITY
431.0,apartment,3.5460753853707243,3.6399999999999997,3.611100118575607,0.02889988142439237,0.0,0.0939246146292752,Summer,LOAD_PRIORITY
431.0,family_house,6.001050652165841,10.08,8.720350217388614,1.3596497826113865,0.0,4.078949347834159,Summer,LOAD_PRIORITY
431.0,luxury_house,7.637700830029252,18.0,9.364750691691043,8.635249308308957,0.0,10.362299169970747,Summer,LOAD_PRIORITY
431.0,small_family,5.319113078056086,6.5,6.318325088931705,0.18167491106829448,0.0,1.1808869219439142,Summer,LOAD_PRIORITY
432.0,apartment,0.0,3.6399999999999997,2.3904734518648074,1.2495265481351923,0.0,3.6399999999999997,Summer,LOAD_PRIORITY
432.0,family_house,0.0,10.08,6.72,3.36,0.0,10.08,Summer,LOAD_PRIORITY
432.0,luxury_house,0.0,18.0,1.4183983951162928,16.58160160488371,0.0,18.0,Summer,LOAD_PRIORITY
432.0,small_family,0.0,6.5,5.306837793618921,1.1931622063810792,0.0,6.5,Summer,LOAD_PRIORITY
433.0,apartment,0.2985878584169015,3.6399999999999997,2.3548414840065,1.285158515993499,0.0,3.3414121415830977,Summer,LOAD_PRIORITY
433.0,family_house,0.5053025296286024,10.08,6.58422379281969,3.49577620718031,0.0,9.574697470371397,Summer,LOAD_PRIORITY
433.0,luxury_house,0.6431123104364032,18.0,0.6431123104364032,17.356887689563596,0.0,17.356887689563596,Summer,LOAD_PRIORITY
433.0,small_family,0.4478817876253522,6.5,4.664515786546031,1.8354842134539695,0.0,6.052118212374648,Summer,LOAD_PRIORITY
434.0,apartment,0.28550122696912744,3.6399999999999997,2.281381429568485,1.3586185704315146,0.0,3.3544987730308717,Summer,LOAD_PRIORITY
434.0,family_house,0.48315592256313883,10.08,5.500530981450118,4.579469018549882,0.0,9.596844077436861,Summer,LOAD_PRIORITY
434.0,luxury_house,0.614925719625813,18.0,0.614925719625813,17.385074280374187,0.0,17.385074280374187,Summer,LOAD_PRIORITY
434.0,small_family,0.42825184045369125,6.5,3.365947538363058,3.1340524616369416,0.0,6.071748159546308,Summer,LOAD_PRIORITY
435.0,apartment,0.05415703475565303,3.6399999999999997,1.9849955545026088,1.655004445497391,0.0,3.5858429652443466,Summer,LOAD_PRIORITY
435.0,family_house,0.09165036650956666,10.08,3.686229099720858,6.393770900279142,0.0,9.988349633490433,Summer,LOAD_PRIORITY
435.0,luxury_house,0.11664592101217576,18.0,0.11664592101217576,17.883354078987825,0.0,17.883354078987825,Summer,LOAD_PRIORITY
435.0,small_family,0.08123555213347954,6.5,2.0562399976308705,4.44376000236913,0.0,6.41876444786652,Summer,LOAD_PRIORITY
436.0,apartment,0.09346096691993956,3.6399999999999997,1.5586353985370103,2.0813646014629894,0.0,3.5465390330800597,Summer,LOAD_PRIORITY
436.0,family_house,0.15816471324912848,10.08,1.7217719823215039,8.358228017678496,0.0,9.921835286750872,Summer,LOAD_PRIORITY
436.0,luxury_house,0.20130054413525442,18.0,0.20130054413525442,17.798699455864746,0.0,17.798699455864746,Summer,LOAD_PRIORITY
436.0,small_family,0.14019145037990935,6.5,1.2356348443796916,5.264365155620308,0.0,6.35980854962009,Summer,LOAD_PRIORITY
437.0,apartment,1.6237142997765897,3.6399999999999997,2.3992087998625165,1.240791200137483,0.0,2.01628570022341,Summer,LOAD_PRIORITY
437.0,family_house,2.747824199621921,10.08,3.358838849653427,6.721161150346572,0.0,7.332175800378079,Summer,LOAD_PRIORITY
437.0,luxury_house,3.4972307995188086,18.0,3.4972307995188086,14.502769200481191,0.0,14.502769200481191,Summer,LOAD_PRIORITY
437.0,small_family,2.4355714496648844,6.5,3.0608681497164407,3.4391318502835593,0.0,4.064428550335116,Summer,LOAD_PRIORITY
438.0,apartment,10.442223609435496,3.6399999999999997,3.6399999999999997,0.0,0.0,-6.802223609435496,Summer,LOAD_PRIORITY
438.0,family_house,17.671455339044684,10.08,10.08,0.0,0.0,-7.5914553390446855,Summer,LOAD_PRIORITY
438.0,luxury_house,22.490943158784145,18.0,18.0,0.0,0.0,-4.4909431587841455,Summer,LOAD_PRIORITY
438.0,small_family,15.663335414153245,6.5,6.5,0.0,0.0,-9.163335414153245,Summer,LOAD_PRIORITY
439.0,apartment,10.66928590658042,3.6399999999999997,3.6399999999999997,0.0,0.0,-7.029285906580419,Summer,LOAD_PRIORITY
439.0,family_house,18.055714611136093,10.08,10.08,0.0,0.0,-7.975714611136093,Summer,LOAD_PRIORITY
439.0,luxury_house,22.98000041417321,18.0,18.0,0.0,0.0,-4.980000414173211,Summer,LOAD_PRIORITY
439.0,small_family,16.00392885987063,6.5,6.5,0.0,0.0,-9.50392885987063,Summer,LOAD_PRIORITY
440.0,apartment,10.957235134632315,3.6399999999999997,3.6399999999999997,0.0,0.0,-7.317235134632314,Summer,LOAD_PRIORITY
440.0,family_house,18.54301330476238,10.08,10.08,0.0,0.0,-8.46301330476238,Summer,LOAD_PRIORITY
440.0,luxury_house,23.600198751515755,18.0,18.0,0.0,0.0,-5.600198751515756,Summer,LOAD_PRIORITY
440.0,small_family,16.435852701948473,6.5,6.5,0.0,0.0,-9.935852701948473,Summer,LOAD_PRIORITY
441.0,apartment,11.614151755346516,3.6399999999999997,3.6399999999999997,0.0,0.0,-7.974151755346515,Summer,LOAD_PRIORITY
441.0,family_house,19.654718355201794,10.08,10.08,0.0,0.0,-9.574718355201794,Summer,LOAD_PRIORITY
441.0,luxury_house,25.015096088438646,18.0,18.0,0.0,0.0,-7.015096088438645,Summer,LOAD_PRIORITY
441.0,small_family,17.42122763301977,6.5,6.5,0.0,0.0,-10.921227633019774,Summer,LOAD_PRIORITY
442.0,apartment,12.361796937126945,3.6399999999999997,3.6399999999999997,0.0,0.0,-8.721796937126946,Summer,LOAD_PRIORITY
442.0,family_house,20.919964047445596,10.08,10.08,0.0,0.0,-10.839964047445598,Summer,LOAD_PRIORITY
442.0,luxury_house,26.62540878765803,18.0,18.0,0.0,0.0,-8.625408787658033,Summer,LOAD_PRIORITY
442.0,small_family,18.542695405690417,6.5,6.5,0.0,0.0,-12.042695405690418,Summer,LOAD_PRIORITY
443.0,apartment,13.249722238499558,3.6399999999999997,3.6399999999999997,0.0,0.0,-9.609722238499558,Summer,LOAD_PRIORITY
443.0,family_house,22.422606865153096,10.08,10.08,0.0,0.0,-12.342606865153098,Summer,LOAD_PRIORITY
443.0,luxury_house,28.53786328292212,18.0,18.0,0.0,0.0,-10.537863282922121,Summer,LOAD_PRIORITY
443.0,small_family,19.874583357749337,6.5,6.5,0.0,0.0,-13.374583357749337,Summer,LOAD_PRIORITY
444.0,apartment,14.292500694827677,3.6399999999999997,3.6399999999999997,0.0,0.0,-10.652500694827676,Summer,LOAD_PRIORITY
444.0,family_house,24.187308868169914,10.08,10.08,0.0,0.0,-14.107308868169916,Summer,LOAD_PRIORITY
444.0,luxury_house,30.783847650398073,18.0,18.0,0.0,0.0,-12.783847650398073,Summer,LOAD_PRIORITY
444.0,small_family,21.438751042241513,6.5,6.5,0.0,0.0,-14.938751042241515,Summer,LOAD_PRIORITY
445.0,apartment,15.373578177822841,3.6399999999999997,3.6399999999999997,0.0,0.0,-11.73357817782284,Summer,LOAD_PRIORITY
445.0,family_house,26.016824608623267,10.08,10.08,0.0,0.0,-15.93682460862327,Summer,LOAD_PRIORITY
445.0,luxury_house,33.11232222915689,18.0,18.0,0.0,0.0,-15.112322229156886,Summer,LOAD_PRIORITY
445.0,small_family,23.06036726673426,6.5,6.5,0.0,0.0,-16.56036726673426,Summer,LOAD_PRIORITY
446.0,apartment,16.437244336239445,3.6399999999999997,3.6399999999999997,0.0,0.47375296411126955,-12.797244336239444,Summer,LOAD_PRIORITY
446.0,family_house,27.81687503055906,10.08,10.08,0.0,0.0,-17.736875030559062,Summer,LOAD_PRIORITY
446.0,luxury_house,35.403295493438804,18.0,18.0,0.0,0.0,-17.403295493438804,Summer,LOAD_PRIORITY
446.0,small_family,24.65586650435917,6.5,6.5,0.0,2.182577033832784,-18.15586650435917,Summer,LOAD_PRIORITY
447.0,apartment,16.507249288551602,3.6399999999999997,3.6399999999999997,0.0,2.0715895448542305,-12.867249288551601,Summer,LOAD_PRIORITY
447.0,family_house,27.935344949856553,10.08,10.08,0.0,0.0,-17.855344949856555,Summer,LOAD_PRIORITY
447.0,luxury_house,35.554075390726524,18.0,18.0,0.0,0.0,-17.554075390726524,Summer,LOAD_PRIORITY
447.0,small_family,24.7608739328274,6.5,6.5,0.0,2.8093652204349846,-18.2608739328274,Summer,LOAD_PRIORITY
448.0,apartment,12.453801473904704,3.6399999999999997,3.6399999999999997,0.0,2.3574301253624705,-8.813801473904704,Summer,LOAD_PRIORITY
448.0,family_house,21.075664032761807,10.08,10.08,0.0,0.0,-10.995664032761807,Summer,LOAD_PRIORITY
448.0,luxury_house,26.82357240533321,18.0,18.0,0.0,0.0,-8.82357240533321,Summer,LOAD_PRIORITY
448.0,small_family,18.680702210857056,6.5,6.5,0.0,8.64839082298083,-12.180702210857056,Summer,LOAD_PRIORITY
449.0,apartment,7.292327237418269,3.6399999999999997,3.6399999999999997,0.0,1.404741245160873,-3.6523272374182696,Summer,LOAD_PRIORITY
449.0,family_house,12.34086147870784,10.08,10.08,0.0,0.0,-2.2608614787078394,Summer,LOAD_PRIORITY
449.0,luxury_house,15.706550972900887,18.0,18.0,0.0,0.0,2.293449027099113,Summer,LOAD_PRIORITY
449.0,small_family,10.938490856127403,6.5,6.5,0.0,4.4384908561274035,-4.4384908561274035,Summer,LOAD_PRIORITY
450.0,apartment,7.049038323689238,20.13037654849646,20.13037654849646,0.0,0.0,13.081338224807222,Summer,LOAD_PRIORITY
450.0,family_house,11.929141778551019,27.499092122995393,27.499092122995393,0.0,0.0,15.569950344444372,Summer,LOAD_PRIORITY
450.0,luxury_house,15.182544081792205,39.29226019910919,39.29226019910919,0.0,0.0,24.10971611731698,Summer,LOAD_PRIORITY
450.0,small_family,10.573557485533858,21.754573670738207,21.754573670738207,0.0,0.35378740068284964,11.181016185204347,Summer,LOAD_PRIORITY
451.0,apartment,0.0,19.46032353966318,19.46032353966318,0.0,0.0,19.46032353966318,Summer,LOAD_PRIORITY
451.0,family_house,0.0,27.484061816193936,27.484061816193936,0.0,0.0,27.484061816193936,Summer,LOAD_PRIORITY
451.0,luxury_house,0.0,40.97265084316719,40.97265084316719,0.0,0.0,40.97265084316719,Summer,LOAD_PRIORITY
451.0,small_family,0.0,20.825557374609502,20.825557374609502,0.0,0.0,20.825557374609502,Summer,LOAD_PRIORITY
452.0,apartment,0.0,24.18679108903783,24.18679108903783,0.0,0.0,24.18679108903783,Summer,LOAD_PRIORITY
452.0,family_house,0.0,26.458815168932,26.458815168932,0.0,0.0,26.458815168932,Summer,LOAD_PRIORITY
452.0,luxury_house,0.0,32.415360823197595,25.803395696634134,6.611965126563463,0.0,32.415360823197595,Summer,LOAD_PRIORITY
452.0,small_family,0.0,22.981511145941614,22.981511145941614,0.0,0.0,22.981511145941614,Summer,LOAD_PRIORITY
453.0,apartment,0.0,19.222529460593094,17.669421412083153,1.5531080485099396,0.0,19.222529460593094,Summer,LOAD_PRIORITY
453.0,family_house,0.0,26.588507078492544,26.459751119246107,0.128755959246436,0.0,26.588507078492544,Summer,LOAD_PRIORITY
453.0,luxury_house,0.0,40.76807330177602,8.454749603073468,32.313323698702554,0.0,40.76807330177602,Summer,LOAD_PRIORITY
453.0,small_family,0.0,22.158988480345837,22.158988480345837,0.0,0.0,22.158988480345837,Summer,LOAD_PRIORITY
454.0,apartment,0.5438778697817415,3.6399999999999997,3.0624712997632466,0.5775287002367528,0.0,3.096122130218258,Summer,LOAD_PRIORITY
454.0,family_house,0.9204087027075625,10.08,8.546233117115953,1.5337668828840465,0.0,9.159591297292437,Summer,LOAD_PRIORITY
454.0,luxury_house,1.1714292579914432,18.0,1.1714292579914432,16.82857074200856,0.0,16.82857074200856,Summer,LOAD_PRIORITY
454.0,small_family,0.8158168046726122,6.5,6.225061664209331,0.2749383357906685,0.0,5.684183195327388,Summer,LOAD_PRIORITY
455.0,apartment,3.4074340124845106,3.6399999999999997,3.586330925957964,0.053669074042035914,0.0,0.23256598751548896,Summer,LOAD_PRIORITY
455.0,family_house,5.766426790358402,10.08,8.313036355893225,1.766963644106776,0.0,4.313573209641597,Summer,LOAD_PRIORITY
455.0,luxury_house,7.33908864227433,18.0,7.33908864227433,10.66091135772567,0.0,10.66091135772567,Summer,LOAD_PRIORITY
455.0,small_family,5.1111510187267655,6.5,6.393165462978982,0.10683453702101803,0.0,1.3888489812732343,Summer,LOAD_PRIORITY
456.0,apartment,0.0,3.6399999999999997,2.8,0.8399999999999999,0.0,3.6399999999999997,Summer,LOAD_PRIORITY
456.0,family_house,0.0,10.08,5.7982439495951335,4.281756050404866,0.0,10.08,Summer,LOAD_PRIORITY
456.0,luxury_house,0.0,18.0,0.0,18.0,0.0,18.0,Summer,LOAD_PRIORITY
456.0,small_family,0.0,6.5,6.0,0.5,0.0,6.5,Summer,LOAD_PRIORITY
457.0,apartment,1.070258438471714,3.6399999999999997,3.015429954030687,0.6245700459693125,0.0,2.5697415615282857,Summer,LOAD_PRIORITY
457.0,family_house,1.8112065881829003,10.08,5.756117955457657,4.323882044542344,0.0,8.2687934118171,Summer,LOAD_PRIORITY
457.0,luxury_house,2.3051720213236915,18.0,2.3051720213236915,15.69482797867631,0.0,15.69482797867631,Summer,LOAD_PRIORITY
457.0,small_family,1.6053876577075707,6.5,6.1234913582851975,0.37650864171480225,0.0,4.8946123422924295,Summer,LOAD_PRIORITY
458.0,apartment,1.9450951984873093,3.6399999999999997,3.118490830303787,0.5215091696962124,0.0,1.6949048015126904,Summer,LOAD_PRIORITY
458.0,family_house,3.2916995666708315,10.08,5.452819084162132,4.627180915837867,0.0,6.788300433329168,Summer,LOAD_PRIORITY
458.0,luxury_house,4.189435812126512,18.0,4.189435812126512,13.810564187873487,0.0,13.810564187873487,Summer,LOAD_PRIORITY
458.0,small_family,2.9176427977309642,6.5,6.224434061363921,0.2755659386360797,0.0,3.582357202269036,Summer,LOAD_PRIORITY
459.0,apartment,2.250628408436607,3.6399999999999997,3.2125010487497248,0.4274989512502747,0.0,1.3893715915633928,Summer,LOAD_PRIORITY
459.0,family_house,3.808755768123489,10.08,5.276900325060314,4.803099674939684,0.0,6.27124423187651,Summer,LOAD_PRIORITY
459.0,luxury_house,4.847507341248076,18.0,4.847507341248076,13.152492658751923,0.0,13.152492658751923,Summer,LOAD_PRIORITY
459.0,small_family,3.37594261265491,6.5,6.259687893281147,0.24031210671885306,0.0,3.12405738734509,Summer,LOAD_PRIORITY
460.0,apartment,2.587387092640351,3.6399999999999997,3.3161191054278,0.3238808945721996,0.0,1.0526129073596486,Summer,LOAD_PRIORITY
460.0,family_house,4.378655079852901,10.08,5.328879233210751,4.751120766789248,0.0,5.701344920147099,Summer,LOAD_PRIORITY
460.0,luxury_house,5.572833737994602,18.0,5.572833737994602,12.427166262005397,0.0,12.427166262005397,Summer,LOAD_PRIORITY
460.0,small_family,3.8810806389605266,6.5,6.221679420295354,0.27832057970464646,0.0,2.6189193610394734,Summer,LOAD_PRIORITY
461.0,apartment,2.7899403090811687,3.6399999999999997,3.3784431720249746,0.2615568279750249,0.0,0.8500596909188309,Summer,LOAD_PRIORITY
461.0,family_house,4.7214374461373625,10.08,5.614531205114469,4.465468794885531,0.0,5.358562553862637,Summer,LOAD_PRIORITY
461.0,luxury_house,6.009102204174825,18.0,6.009102204174825,11.990897795825175,0.0,11.990897795825175,Summer,LOAD_PRIORITY
461.0,small_family,4.184910463621753,6.5,6.143832379018731,0.35616762098126875,0.0,2.315089536378247,Summer,LOAD_PRIORITY
462.0,apartment,11.568124074106407,3.6399999999999997,3.6399999999999997,0.0,0.0,-7.9281240741064085,Summer,LOAD_PRIORITY
462.0,family_house,19.576825356180073,10.08,10.08,0.0,0.0,-9.496825356180075,Summer,LOAD_PRIORITY
462.0,luxury_house,24.91595954422919,18.0,18.0,0.0,0.0,-6.915959544229187,Summer,LOAD_PRIORITY
462.0,small_family,17.35218611115961,6.5,6.5,0.0,0.0,-10.852186111159611,Summer,LOAD_PRIORITY
463.0,apartment,11.655681999255028,3.6399999999999997,3.6399999999999997,0.0,0.0,-8.01568199925503,Summer,LOAD_PRIORITY
463.0,family_house,19.72500030643159,10.08,10.08,0.0,0.0,-9.64500030643159,Summer,LOAD_PRIORITY
463.0,luxury_house,25.104545844549293,18.0,18.0,0.0,0.0,-7.104545844549294,Summer,LOAD_PRIORITY
463.0,small_family,17.483522998882545,6.5,6.5,0.0,0.0,-10.983522998882545,Summer,LOAD_PRIORITY
464.0,apartment,11.65523745814906,3.6399999999999997,3.6399999999999997,0.0,0.0,-8.01523745814906,Summer,LOAD_PRIORITY
464.0,family_house,19.72424800609841,10.08,10.08,0.0,0.0,-9.64424800609841,Summer,LOAD_PRIORITY
464.0,luxury_house,25.103588371397976,18.0,18.0,0.0,0.0,-7.103588371397976,Summer,LOAD_PRIORITY
464.0,small_family,17.48285618722359,6.5,6.5,0.0,0.0,-10.98285618722359,Summer,LOAD_PRIORITY
465.0,apartment,12.460940103907541,3.6399999999999997,3.6399999999999997,0.0,0.0,-8.820940103907542,Summer,LOAD_PRIORITY
465.0,family_house,21.087744791228147,10.08,10.08,0.0,0.0,-11.007744791228147,Summer,LOAD_PRIORITY
465.0,luxury_house,26.838947916108552,18.0,18.0,0.0,0.0,-8.83894791610855,Summer,LOAD_PRIORITY
465.0,small_family,18.691410155861313,6.5,6.5,0.0,0.0,-12.191410155861313,Summer,LOAD_PRIORITY
466.0,apartment,13.298479625782889,3.6399999999999997,3.6399999999999997,0.0,0.0,-9.65847962578289,Summer,LOAD_PRIORITY
466.0,family_house,22.505119366709508,10.08,10.08,0.0,0.0,-12.425119366709506,Summer,LOAD_PRIORITY
466.0,luxury_house,28.64287919399392,18.0,18.0,0.0,0.0,-10.64287919399392,Summer,LOAD_PRIORITY
466.0,small_family,19.947719438674334,6.5,6.5,0.0,0.0,-13.447719438674335,Summer,LOAD_PRIORITY
467.0,apartment,13.542206764430805,3.6399999999999997,3.6399999999999997,0.0,0.0,-9.902206764430806,Summer,LOAD_PRIORITY
467.0,family_house,22.91758067826752,10.08,10.08,0.0,0.0,-12.837580678267518,Summer,LOAD_PRIORITY
467.0,luxury_house,29.167829954158663,18.0,18.0,0.0,0.0,-11.167829954158663,Summer,LOAD_PRIORITY
467.0,small_family,20.31331014664621,6.5,6.5,0.0,0.0,-13.81331014664621,Summer,LOAD_PRIORITY
468.0,apartment,14.812374523381054,3.6399999999999997,3.6399999999999997,0.0,0.0,-11.172374523381054,Summer,LOAD_PRIORITY
468.0,family_house,25.067095347260246,10.08,10.08,0.0,0.0,-14.987095347260247,Summer,LOAD_PRIORITY
468.0,luxury_house,31.90357589651304,18.0,18.0,0.0,0.0,-13.90357589651304,Summer,LOAD_PRIORITY
468.0,small_family,22.218561785071582,6.5,6.5,0.0,0.852899904064465,-15.718561785071582,Summer,LOAD_PRIORITY
469.0,apartment,15.935148401688279,3.6399999999999997,3.6399999999999997,0.0,0.5487320058281786,-12.295148401688278,Summer,LOAD_PRIORITY
469.0,family_house,26.967174218241702,10.08,10.08,0.0,0.0,-16.887174218241704,Summer,LOAD_PRIORITY
469.0,luxury_house,34.32185809594399,18.0,18.0,0.0,0.0,-16.321858095943988,Summer,LOAD_PRIORITY
469.0,small_family,23.90272260253242,6.5,6.5,0.0,1.7905181976056228,-17.40272260253242,Summer,LOAD_PRIORITY
470.0,apartment,16.858164462480282,3.6399999999999997,3.6399999999999997,0.0,2.0831309750648876,-13.218164462480281,Summer,LOAD_PRIORITY
470.0,family_house,28.529201398043558,10.08,10.08,0.0,0.0,-18.44920139804356,Summer,LOAD_PRIORITY
470.0,luxury_house,36.30989268841907,18.0,18.0,0.0,0.0,-18.309892688419072,Summer,LOAD_PRIORITY
470.0,small_family,25.287246693720423,6.5,6.5,0.0,7.717421924050105,-18.787246693720423,Summer,LOAD_PRIORITY
471.0,apartment,16.849538315204796,3.6399999999999997,3.6399999999999997,0.0,6.069586299736495,-13.209538315204796,Summer,LOAD_PRIORITY
471.0,family_house,28.514603302654272,10.08,10.08,0.0,0.0,-18.434603302654274,Summer,LOAD_PRIORITY
471.0,luxury_house,36.29131329428726,18.0,18.0,0.0,0.0,-18.291313294287256,Summer,LOAD_PRIORITY
471.0,small_family,25.274307472807195,6.5,6.5,0.0,15.703802642257118,-18.774307472807195,Summer,LOAD_PRIORITY
472.0,apartment,12.872615888176604,3.6399999999999997,3.6399999999999997,0.0,6.958852865371163,-9.232615888176603,Summer,LOAD_PRIORITY
472.0,family_house,21.78442688768348,10.08,10.08,0.0,0.0,-11.704426887683482,Summer,LOAD_PRIORITY
472.0,luxury_house,27.725634220688065,18.0,18.0,0.0,0.0,-9.725634220688065,Summer,LOAD_PRIORITY
472.0,small_family,19.308923832264906,6.5,6.5,0.0,12.808923832264904,-12.808923832264904,Summer,LOAD_PRIORITY
473.0,apartment,9.704260367738165,3.6399999999999997,3.6399999999999997,0.0,6.064260367738165,-6.064260367738165,Summer,LOAD_PRIORITY
473.0,family_house,16.42259446847997,10.08,10.08,0.0,0.0,-6.342594468479973,Summer,LOAD_PRIORITY
473.0,luxury_house,20.90148386897451,18.0,18.0,0.0,0.0,-2.901483868974511,Summer,LOAD_PRIORITY
473.0,small_family,14.556390551607247,6.5,6.5,0.0,8.056390551607247,-8.056390551607247,Summer,LOAD_PRIORITY
474.0,apartment,8.26516574452935,22.681217142994146,22.681217142994146,0.0,0.2845782238841767,14.416051398464798,Summer,LOAD_PRIORITY
474.0,family_house,13.987203567665052,31.161874526096792,31.161874526096792,0.0,0.0,17.17467095843174,Summer,LOAD_PRIORITY
474.0,luxury_house,17.80189544975552,36.39027348370374,36.39027348370374,0.0,0.0,18.588378033948217,Summer,LOAD_PRIORITY
474.0,small_family,12.397748616794024,30.661929964076055,30.661929964076055,0.0,0.0,18.264181347282033,Summer,LOAD_PRIORITY
475.0,apartment,0.0,27.307846443141248,27.307846443141248,0.0,0.0,27.307846443141248,Summer,LOAD_PRIORITY
475.0,family_house,0.0,28.082247999047524,28.082247999047524,0.0,0.0,28.082247999047524,Summer,LOAD_PRIORITY
475.0,luxury_house,0.0,37.5091668651173,37.5091668651173,0.0,0.0,37.5091668651173,Summer,LOAD_PRIORITY
475.0,small_family,0.0,30.942807698805357,30.942807698805357,0.0,0.0,30.942807698805357,Summer,LOAD_PRIORITY
476.0,apartment,0.0,19.951329227519512,19.951329227519512,0.0,0.0,19.951329227519512,Summer,LOAD_PRIORITY
476.0,family_house,0.0,25.140349421667374,25.140349421667374,0.0,0.0,25.140349421667374,Summer,LOAD_PRIORITY
476.0,luxury_house,0.0,40.67258359789091,39.210331892281005,1.4622517056099085,0.0,40.67258359789091,Summer,LOAD_PRIORITY
476.0,small_family,0.0,22.320053210083355,22.320053210083355,0.0,0.0,22.320053210083355,Summer,LOAD_PRIORITY
477.0,apartment,0.0,19.217207903838432,15.031226509073553,4.1859813947648785,0.0,19.217207903838432,Summer,LOAD_PRIORITY
477.0,family_house,0.0,29.98045081623658,29.98045081623658,0.0,0.0,29.98045081623658,Summer,LOAD_PRIORITY
477.0,luxury_house,0.0,36.351277763279256,19.236616509939772,17.114661253339484,0.0,36.351277763279256,Summer,LOAD_PRIORITY
477.0,small_family,0.0,30.616131876274583,29.934603939687896,0.6815279365866855,0.0,30.616131876274583,Summer,LOAD_PRIORITY
478.0,apartment,1.5154692427766498,3.6399999999999997,3.149723671409996,0.4902763285900038,0.0,2.12453075722335,Summer,LOAD_PRIORITY
478.0,family_house,2.564640257006638,10.08,10.080000000000002,0.0,0.0,7.515359742993362,Summer,LOAD_PRIORITY
478.0,luxury_house,3.264087599826631,18.0,6.3391526097243,11.6608473902757,0.0,14.735912400173369,Summer,LOAD_PRIORITY
478.0,small_family,2.2732038641649748,6.5,5.437264837249991,1.0627351627500086,0.0,4.226796135835025,Summer,LOAD_PRIORITY
479.0,apartment,4.2761923237707045,3.6399999999999997,3.6399999999999997,0.0,0.0,-0.6361923237707048,Summer,LOAD_PRIORITY
479.0,family_house,7.236633163304269,10.08,9.67677196556505,0.40322803443494915,0.0,2.8433668366957305,Summer,LOAD_PRIORITY
479.0,luxury_house,9.210260389659979,18.0,9.695460078813172,8.304539921186828,0.0,8.789739610340021,Summer,LOAD_PRIORITY
479.0,small_family,6.414288485656057,6.5,6.47362722635571,0.02637277364429025,0.0,0.0857115143439433,Summer,LOAD_PRIORITY
480.0,apartment,0.0,3.6399999999999997,2.932132251860069,0.7078677481399305,0.0,3.6399999999999997,Summer,LOAD_PRIORITY
480.0,family_house,0.0,10.08,7.287266474385323,2.792733525614677,0.0,10.08,Summer,LOAD_PRIORITY
480.0,luxury_house,0.0,18.0,0.0,18.0,0.0,18.0,Summer,LOAD_PRIORITY
480.0,small_family,0.0,6.5,4.5,2.0,0.0,6.5,Summer,LOAD_PRIORITY
481.0,apartment,1.4837470322109363,3.6399999999999997,3.1424031612794465,0.4975968387205531,0.0,2.1562529677890634,Summer,LOAD_PRIORITY
481.0,family_house,2.510956516049277,10.08,7.219702943182327,2.8602970568176733,0.0,7.569043483950724,Summer,LOAD_PRIORITY
481.0,luxury_house,3.1957628386081707,18.0,3.1957628386081707,14.804237161391828,0.0,14.804237161391828,Summer,LOAD_PRIORITY
481.0,small_family,2.2256205483164044,6.5,4.869698921267034,1.6303010787329664,0.0,4.274379451683596,Summer,LOAD_PRIORITY
482.0,apartment,2.16913231100379,3.6399999999999997,3.289462004263518,0.3505379957364817,0.0,1.4708676889962098,Summer,LOAD_PRIORITY
482.0,family_house,3.6708392955448756,10.08,7.409516373143697,2.6704836268563015,0.0,6.4091607044551235,Summer,LOAD_PRIORITY
482.0,luxury_house,4.671977285238932,18.0,4.671977285238932,13.328022714761067,0.0,13.328022714761067,Summer,LOAD_PRIORITY
482.0,small_family,3.2536984665056847,6.5,5.0017069845410855,1.4982930154589147,0.0,3.2463015334943153,Summer,LOAD_PRIORITY
483.0,apartment,2.2692920464331436,3.6399999999999997,3.218243706594813,0.4217562934051864,0.0,1.3707079535668558,Summer,LOAD_PRIORITY
483.0,family_house,3.8403403862714747,10.08,7.480141827613114,2.5998581723868854,0.0,6.2396596137285245,Summer,LOAD_PRIORITY
483.0,luxury_house,4.8877059461636945,18.0,4.8877059461636945,13.112294053836305,0.0,13.112294053836305,Summer,LOAD_PRIORITY
483.0,small_family,3.403938069649716,6.5,5.050819367650182,1.4491806323498184,0.0,3.096061930350284,Summer,LOAD_PRIORITY
484.0,apartment,2.375896975091182,3.6399999999999997,3.251045223104979,0.3889547768950208,0.0,1.2641030249088177,Summer,LOAD_PRIORITY
484.0,family_house,4.020748727077385,10.08,6.588943495967065,3.491056504032935,0.0,6.059251272922614,Summer,LOAD_PRIORITY
484.0,luxury_house,5.117316561734854,18.0,5.117316561734854,12.882683438265145,0.0,12.882683438265145,Summer,LOAD_PRIORITY
484.0,small_family,3.5638454626367735,6.5,4.91899371065057,1.5810062893494297,0.0,2.9361545373632265,Summer,LOAD_PRIORITY
485.0,apartment,2.530633478676852,3.6399999999999997,3.2986564549774924,0.3413435450225071,0.0,1.109366521323148,Summer,LOAD_PRIORITY
485.0,family_house,4.282610502376211,10.08,6.039885920417588,4.040114079582411,0.0,5.797389497623789,Summer,LOAD_PRIORITY
485.0,luxury_house,5.45059518484245,18.0,5.45059518484245,12.54940481515755,0.0,12.54940481515755,Summer,LOAD_PRIORITY
485.0,small_family,3.7959502180152773,6.5,5.043973194315918,1.4560268056840813,0.0,2.7040497819847227,Summer,LOAD_PRIORITY
486.0,apartment,11.334663332318968,3.6399999999999997,3.6399999999999997,0.0,0.0,-7.694663332318969,Summer,LOAD_PRIORITY
486.0,family_house,19.18173794700133,10.08,10.08,0.0,0.0,-9.101737947001329,Summer,LOAD_PRIORITY
486.0,luxury_house,24.413121023456235,18.0,18.0,0.0,0.0,-6.413121023456236,Summer,LOAD_PRIORITY
486.0,small_family,17.00199499847845,6.5,6.5,0.0,0.0,-10.501994998478452,Summer,LOAD_PRIORITY
487.0,apartment,11.333989239659175,3.6399999999999997,3.6399999999999997,0.0,0.0,-7.693989239659175,Summer,LOAD_PRIORITY
487.0,family_house,19.180597174807836,10.08,10.08,0.0,0.0,-9.100597174807836,Summer,LOAD_PRIORITY
487.0,luxury_house,24.41166913157361,18.0,18.0,0.0,0.0,-6.411669131573612,Summer,LOAD_PRIORITY
487.0,small_family,17.000983859488763,6.5,6.5,0.0,0.0,-10.500983859488763,Summer,LOAD_PRIORITY
488.0,apartment,11.684096556353587,3.6399999999999997,3.6399999999999997,0.0,0.0,-8.044096556353587,Summer,LOAD_PRIORITY
488.0,family_house,19.773086479982997,10.08,10.08,0.0,0.0,-9.693086479982997,Summer,LOAD_PRIORITY
488.0,luxury_house,25.16574642906927,18.0,18.0,0.0,0.0,-7.165746429069269,Summer,LOAD_PRIORITY
488.0,small_family,17.52614483453038,6.5,6.5,0.0,0.0,-11.026144834530381,Summer,LOAD_PRIORITY
489.0,apartment,12.592041641285181,3.6399999999999997,3.6399999999999997,0.0,0.0,-8.952041641285183,Summer,LOAD_PRIORITY
489.0,family_house,21.30960893140569,10.08,10.08,0.0,0.0,-11.229608931405693,Summer,LOAD_PRIORITY
489.0,luxury_house,27.121320458152702,18.0,18.0,0.0,0.0,-9.1213204581527,Summer,LOAD_PRIORITY
489.0,small_family,18.88806246192777,6.5,6.5,0.0,0.0,-12.388062461927772,Summer,LOAD_PRIORITY
490.0,apartment,13.274479277760722,3.6399999999999997,3.6399999999999997,0.0,0.0,-9.634479277760724,Summer,LOAD_PRIORITY
490.0,family_house,22.464503393133533,10.08,10.08,0.0,0.0,-12.384503393133535,Summer,LOAD_PRIORITY
490.0,luxury_house,28.591186136715407,18.0,18.0,0.0,0.0,-10.591186136715406,Summer,LOAD_PRIORITY
490.0,small_family,19.91171891664109,6.5,6.5,0.0,0.0,-13.411718916641087,Summer,LOAD_PRIORITY
491.0,apartment,14.388869494425913,3.6399999999999997,3.6399999999999997,0.0,0.0,-10.748869494425913,Summer,LOAD_PRIORITY
491.0,family_house,24.35039452902847,10.08,10.08,0.0,0.0,-14.270394529028474,Summer,LOAD_PRIORITY
491.0,luxury_house,30.991411218763506,18.0,18.0,0.0,0.0,-12.991411218763506,Summer,LOAD_PRIORITY
491.0,small_family,21.58330424163887,6.5,6.5,0.0,0.0,-15.083304241638873,Summer,LOAD_PRIORITY
492.0,apartment,15.366879326395631,3.6399999999999997,3.6399999999999997,0.0,0.0,-11.72687932639563,Summer,LOAD_PRIORITY
492.0,family_house,26.005488090823377,10.08,10.08,0.0,0.0,-15.92548809082338,Summer,LOAD_PRIORITY
492.0,luxury_house,33.09789393377521,18.0,18.0,0.0,0.0,-15.097893933775207,Summer,LOAD_PRIORITY
492.0,small_family,23.05031898959345,6.5,6.5,0.0,0.0,-16.55031898959345,Summer,LOAD_PRIORITY
493.0,apartment,16.29660734319341,3.6399999999999997,3.6399999999999997,0.0,1.1134381924911985,-12.65660734319341,Summer,LOAD_PRIORITY
493.0,family_house,27.578873965404235,10.08,10.08,0.0,0.0,-17.498873965404236,Summer,LOAD_PRIORITY
493.0,luxury_house,35.10038504687812,18.0,18.0,0.0,0.0,-17.100385046878117,Summer,LOAD_PRIORITY
493.0,small_family,24.44491101479012,6.5,6.5,0.0,1.1373169765173956,-17.94491101479012,Summer,LOAD_PRIORITY
494.0,apartment,17.271127763554528,3.6399999999999997,3.6399999999999997,0.0,2.4671983179555106,-13.631127763554527,Summer,LOAD_PRIORITY
494.0,family_house,29.228062369092278,10.08,10.08,0.0,0.0,-19.14806236909228,Summer,LOAD_PRIORITY
494.0,luxury_house,37.199352106117445,18.0,18.0,0.0,0.0,-19.199352106117445,Summer,LOAD_PRIORITY
494.0,small_family,25.906691645331794,6.5,6.5,0.0,2.1712530918159656,-19.406691645331794,Summer,LOAD_PRIORITY
495.0,apartment,17.420551154266636,3.6399999999999997,3.6399999999999997,0.0,6.666414531000744,-13.780551154266636,Summer,LOAD_PRIORITY
495.0,family_house,29.480932722605083,10.08,10.08,0.0,0.0,-19.400932722605084,Summer,LOAD_PRIORITY
495.0,luxury_house,37.521187101497375,18.0,18.0,0.0,0.0,-19.52118710149737,Summer,LOAD_PRIORITY
495.0,small_family,26.130826731399956,6.5,6.5,0.0,12.217292822215919,-19.630826731399956,Summer,LOAD_PRIORITY
496.0,apartment,13.745411050103227,3.6399999999999997,3.6399999999999997,0.0,8.470605028994619,-10.105411050103227,Summer,LOAD_PRIORITY
496.0,family_house,23.261464854020847,10.08,10.08,0.0,0.1840231438736184,-13.181464854020849,Summer,LOAD_PRIORITY
496.0,luxury_house,29.605500723299258,18.0,18.0,0.0,0.0,-11.605500723299258,Summer,LOAD_PRIORITY
496.0,small_family,20.61811657515484,6.5,6.5,0.0,14.118116575154842,-14.118116575154842,Summer,LOAD_PRIORITY
497.0,apartment,10.540484710565378,3.6399999999999997,3.6399999999999997,0.0,6.900484710565378,-6.900484710565378,Summer,LOAD_PRIORITY
497.0,family_house,17.83774335634141,10.08,10.08,0.0,1.2929572260569018,-7.757743356341411,Summer,LOAD_PRIORITY
497.0,luxury_house,22.70258245352543,18.0,18.0,0.0,0.0,-4.702582453525431,Summer,LOAD_PRIORITY
497.0,small_family,15.810727065848067,6.5,6.5,0.0,9.310727065848067,-9.310727065848067,Summer,LOAD_PRIORITY
498.0,apartment,8.553987097630111,24.582019768491023,24.582019768491023,0.0,0.16617008672068984,16.02803267086091,Summer,LOAD_PRIORITY
498.0,family_house,14.475978165220187,26.79457619256589,26.79457619256589,0.0,0.0032091714581211905,12.318598027345702,Summer,LOAD_PRIORITY
498.0,luxury_house,18.42397221028024,37.789847123747464,37.789847123747464,0.0,0.0,19.365874913467223,Summer,LOAD_PRIORITY
498.0,small_family,12.830980646445166,23.55218827785096,23.55218827785096,0.0,0.6832932056985126,10.721207631405791,Summer,LOAD_PRIORITY
499.0,apartment,0.0,18.672908978316336,18.672908978316336,0.0,0.0,18.672908978316336,Summer,LOAD_PRIORITY
499.0,family_house,0.0,28.949202396920594,28.949202396920594,0.0,0.0,28.949202396920594,Summer,LOAD_PRIORITY
499.0,luxury_house,0.0,37.3474519226515,37.3474519226515,0.0,0.0,37.3474519226515,Summer,LOAD_PRIORITY
499.0,small_family,0.0,23.908672591955387,23.908672591955387,0.0,0.0,23.908672591955387,Summer,LOAD_PRIORITY
500.0,apartment,0.0,21.632437245229397,21.632437245229397,0.0,0.0,21.632437245229397,Summer,LOAD_PRIORITY
500.0,family_house,0.0,29.11952476374605,29.11952476374605,0.0,0.0,29.11952476374605,Summer,LOAD_PRIORITY
500.0,luxury_house,0.0,35.50320382742237,35.50320382742237,0.0,0.0,35.50320382742237,Summer,LOAD_PRIORITY
500.0,small_family,0.0,26.64899894184978,26.64899894184978,0.0,0.0,26.64899894184978,Summer,LOAD_PRIORITY
501.0,apartment,0.0,22.159210463429893,21.48450722881364,0.6747032346162531,0.0,22.159210463429893,Summer,LOAD_PRIORITY
501.0,family_house,0.0,25.824616317104848,25.824616317104848,0.0,0.0,25.824616317104848,Summer,LOAD_PRIORITY
501.0,luxury_house,0.0,36.216337434994,25.019471211533123,11.196866223460885,0.0,36.216337434994,Summer,LOAD_PRIORITY
501.0,small_family,0.0,26.269345189132807,26.269345189132807,0.0,0.0,26.269345189132807,Summer,LOAD_PRIORITY
502.0,apartment,1.5235495610491687,3.6399999999999997,3.108932115865381,0.5310678841346186,0.0,2.1164504389508307,Summer,LOAD_PRIORITY
502.0,family_house,2.5783146417755165,10.08,10.08,0.0,0.0,7.501685358224483,Summer,LOAD_PRIORITY
502.0,luxury_house,3.2814913622597484,18.0,9.081656483878415,8.918343516121585,0.0,14.71850863774025,Summer,LOAD_PRIORITY
502.0,small_family,2.285324341573753,6.5,6.5,0.0,0.0,4.214675658426247,Summer,LOAD_PRIORITY
503.0,apartment,4.38333636511027,3.6399999999999997,3.6399999999999997,0.0,0.0,-0.7433363651102702,Summer,LOAD_PRIORITY
503.0,family_house,7.417953848648149,10.08,10.08,0.0,0.0,2.6620461513518507,Summer,LOAD_PRIORITY
503.0,luxury_house,9.441032171006736,18.0,11.250501354795963,6.749498645204036,0.0,8.558967828993264,Summer,LOAD_PRIORITY
503.0,small_family,6.575004547665404,6.5,6.5,0.0,0.0,-0.07500454766540443,Summer,LOAD_PRIORITY
504.0,apartment,0.0,3.6399999999999997,2.5290560034182596,1.1109439965817398,0.0,3.6399999999999997,Summer,LOAD_PRIORITY
504.0,family_house,0.0,10.08,10.08,0.0,0.0,10.08,Summer,LOAD_PRIORITY
504.0,luxury_house,0.0,18.0,1.0835840060591075,16.91641599394089,0.0,18.0,Summer,LOAD_PRIORITY
504.0,small_family,0.0,6.5,6.466214869402869,0.03378513059713156,0.0,6.5,Summer,LOAD_PRIORITY
505.0,apartment,1.6772204324286333,3.6399999999999997,2.8850847817033203,0.7549152182966794,0.0,1.9627795675713664,Summer,LOAD_PRIORITY
505.0,family_house,2.83837303949461,10.08,10.073509658414121,0.006490341585879689,0.0,7.24162696050539,Summer,LOAD_PRIORITY
505.0,luxury_house,3.612474777538595,18.0,3.612474777538595,14.387525222461406,0.0,14.387525222461406,Summer,LOAD_PRIORITY
505.0,small_family,2.51583064864295,6.5,5.635657974899417,0.8643420251005823,0.0,3.98416935135705,Summer,LOAD_PRIORITY
506.0,apartment,2.5146784788442953,3.6399999999999997,3.1663741966277157,0.4736258033722839,0.0,1.1253215211557044,Summer,LOAD_PRIORITY
506.0,family_house,4.255609733428808,10.08,9.129206547058432,0.9507934529415669,0.0,5.824390266571192,Summer,LOAD_PRIORITY
506.0,luxury_house,5.416230569818483,18.0,5.416230569818483,12.583769430181519,0.0,12.583769430181519,Summer,LOAD_PRIORITY
506.0,small_family,3.772017718266443,6.5,5.870465627292256,0.6295343727077438,0.0,2.727982281733557,Summer,LOAD_PRIORITY
507.0,apartment,2.7940522918718513,3.6399999999999997,3.2495625962485466,0.3904374037514531,0.0,0.8459477081281483,Summer,LOAD_PRIORITY
507.0,family_house,4.728396186244672,10.08,8.52734525202848,1.5526547479715187,0.0,5.351603813755328,Summer,LOAD_PRIORITY
507.0,luxury_house,6.017958782493219,18.0,6.017958782493219,11.982041217506781,0.0,11.982041217506781,Summer,LOAD_PRIORITY
507.0,small_family,4.191078437807778,6.5,5.96717194718641,0.5328280528135898,0.0,2.3089215621922228,Summer,LOAD_PRIORITY
508.0,apartment,3.0174273662837368,3.6399999999999997,3.3526587844386477,0.287341215561352,0.0,0.6225726337162627,Summer,LOAD_PRIORITY
508.0,family_house,5.106415542941709,10.08,7.810821309854078,2.269178690145921,0.0,4.9735844570582906,Summer,LOAD_PRIORITY
508.0,luxury_house,6.499074327380357,18.0,6.499074327380357,11.500925672619644,0.0,11.500925672619644,Summer,LOAD_PRIORITY
508.0,small_family,4.526141049425605,6.5,6.044494088328986,0.4555059116710142,0.0,1.9738589505743946,Summer,LOAD_PRIORITY
509.0,apartment,3.2264042557946087,3.6399999999999997,3.4491096565205885,0.19089034347941114,0.0,0.4135957442053908,Summer,LOAD_PRIORITY
509.0,family_house,5.460068740575491,10.08,7.664715533303231,2.415284466696768,0.0,4.619931259424508,Summer,LOAD_PRIORITY
509.0,luxury_house,6.94917839709608,18.0,6.94917839709608,11.05082160290392,0.0,11.05082160290392,Summer,LOAD_PRIORITY
509.0,small_family,4.839606383691913,6.5,6.047016503435885,0.45298349656411513,0.0,1.6603936163080872,Summer,LOAD_PRIORITY
510.0,apartment,11.906446049074024,3.6399999999999997,3.6399999999999997,0.0,0.0,-8.266446049074025,Summer,LOAD_PRIORITY
510.0,family_house,20.149370236894505,10.08,10.08,0.0,0.0,-10.069370236894505,Summer,LOAD_PRIORITY
510.0,luxury_house,25.644653028774826,18.0,18.0,0.0,0.0,-7.644653028774826,Summer,LOAD_PRIORITY
510.0,small_family,17.859669073611038,6.5,6.5,0.0,0.0,-11.359669073611038,Summer,LOAD_PRIORITY
511.0,apartment,11.951219554092338,3.6399999999999997,3.6399999999999997,0.0,0.0,-8.311219554092338,Summer,LOAD_PRIORITY
511.0,family_house,20.225140783848573,10.08,10.08,0.0,0.0,-10.145140783848575,Summer,LOAD_PRIORITY
511.0,luxury_house,25.74108827035273,18.0,18.0,0.0,0.0,-7.74108827035273,Summer,LOAD_PRIORITY
511.0,small_family,17.92682933113851,6.5,6.5,0.0,0.0,-11.42682933113851,Summer,LOAD_PRIORITY
512.0,apartment,12.067540790769456,3.6399999999999997,3.6399999999999997,0.0,0.0,-8.427540790769458,Summer,LOAD_PRIORITY
512.0,family_house,20.421992107456003,10.08,10.08,0.0,0.0,-10.341992107456003,Summer,LOAD_PRIORITY
512.0,luxury_house,25.991626318580366,18.0,18.0,0.0,0.0,-7.9916263185803675,Summer,LOAD_PRIORITY
512.0,small_family,18.101311186154184,6.5,6.5,0.0,0.0,-11.601311186154183,Summer,LOAD_PRIORITY
513.0,apartment,12.707703276153094,3.6399999999999997,3.6399999999999997,0.0,0.0,-9.067703276153095,Summer,LOAD_PRIORITY
513.0,family_house,21.505344005797546,10.08,10.08,0.0,0.0,-11.425344005797546,Summer,LOAD_PRIORITY
513.0,luxury_house,27.370437825560515,18.0,18.0,0.0,0.0,-9.370437825560515,Summer,LOAD_PRIORITY
513.0,small_family,19.061554914229642,6.5,6.5,0.0,0.0,-12.561554914229642,Summer,LOAD_PRIORITY
514.0,apartment,13.632139988811186,3.6399999999999997,3.6399999999999997,0.0,0.0,-9.992139988811186,Summer,LOAD_PRIORITY
514.0,family_house,23.06977536568047,10.08,10.08,0.0,0.0,-12.98977536568047,Summer,LOAD_PRIORITY
514.0,luxury_house,29.361532283593327,18.0,18.0,0.0,0.0,-11.361532283593327,Summer,LOAD_PRIORITY
514.0,small_family,20.448209983216785,6.5,6.5,0.0,0.0,-13.948209983216783,Summer,LOAD_PRIORITY
515.0,apartment,14.551454651568719,3.6399999999999997,3.6399999999999997,0.0,0.0,-10.911454651568718,Summer,LOAD_PRIORITY
515.0,family_house,24.625538641116293,10.08,10.08,0.0,0.0,-14.545538641116295,Summer,LOAD_PRIORITY
515.0,luxury_house,31.34159463414801,18.0,18.0,0.0,0.0,-13.34159463414801,Summer,LOAD_PRIORITY
515.0,small_family,21.827181977353078,6.5,6.5,0.0,0.023600180237171475,-15.327181977353078,Summer,LOAD_PRIORITY
516.0,apartment,15.240768441897295,3.6399999999999997,3.6399999999999997,0.0,0.22724626927116753,-11.600768441897296,Summer,LOAD_PRIORITY
516.0,family_house,25.792069670903118,10.08,10.08,0.0,0.0,-15.712069670903118,Summer,LOAD_PRIORITY
516.0,luxury_house,32.82627049024033,18.0,18.0,0.0,0.0,-14.82627049024033,Summer,LOAD_PRIORITY
516.0,small_family,22.861152662845942,6.5,6.5,0.0,1.2585502048343034,-16.361152662845942,Summer,LOAD_PRIORITY
517.0,apartment,16.085733531697144,3.6399999999999997,3.6399999999999997,0.0,1.8995203476817042,-12.445733531697146,Summer,LOAD_PRIORITY
517.0,family_house,27.222010592102862,10.08,10.08,0.0,0.0,-17.142010592102864,Summer,LOAD_PRIORITY
517.0,luxury_house,34.64619529904001,18.0,18.0,0.0,0.0,-16.64619529904001,Summer,LOAD_PRIORITY
517.0,small_family,24.128600297545717,6.5,6.5,0.0,2.38497552123684,-17.628600297545717,Summer,LOAD_PRIORITY
518.0,apartment,16.92497788160866,3.6399999999999997,3.6399999999999997,0.0,4.504531523103454,-13.284977881608658,Summer,LOAD_PRIORITY
518.0,family_house,28.64227026118388,10.08,10.08,0.0,0.0,-18.562270261183883,Summer,LOAD_PRIORITY
518.0,luxury_house,36.45379851423404,18.0,18.0,0.0,0.0,-18.453798514234037,Summer,LOAD_PRIORITY
518.0,small_family,25.387466822412986,6.5,6.5,0.0,7.78564539877857,-18.887466822412986,Summer,LOAD_PRIORITY
519.0,apartment,17.218314473246394,3.6399999999999997,3.6399999999999997,0.0,7.311400100978829,-13.578314473246396,Summer,LOAD_PRIORITY
519.0,family_house,29.138686031647747,10.08,10.08,0.0,1.58869845662994,-19.05868603164775,Summer,LOAD_PRIORITY
519.0,luxury_house,37.085600403915315,18.0,18.0,0.0,0.0,-19.085600403915315,Summer,LOAD_PRIORITY
519.0,small_family,25.827471709869595,6.5,6.5,0.0,16.34885898853415,-19.327471709869595,Summer,LOAD_PRIORITY
520.0,apartment,13.278536903001356,3.6399999999999997,3.6399999999999997,0.0,7.912693712115737,-9.638536903001357,Summer,LOAD_PRIORITY
520.0,family_house,22.47137014354076,10.08,10.08,0.0,2.571167007483787,-12.39137014354076,Summer,LOAD_PRIORITY
520.0,luxury_house,28.599925637233692,18.0,18.0,0.0,0.0,-10.599925637233692,Summer,LOAD_PRIORITY
520.0,small_family,19.917805354502036,6.5,6.5,0.0,13.417805354502036,-13.417805354502036,Summer,LOAD_PRIORITY
521.0,apartment,10.266740073340623,3.6399999999999997,3.6399999999999997,0.0,6.626740073340623,-6.626740073340623,Summer,LOAD_PRIORITY
521.0,family_house,17.37448320103798,10.08,10.08,0.0,1.8236208002594947,-7.294483201037979,Summer,LOAD_PRIORITY
521.0,luxury_house,22.112978619502883,18.0,18.0,0.0,0.0,-4.112978619502882,Summer,LOAD_PRIORITY
521.0,small_family,15.400110110010935,6.5,6.5,0.0,8.900110110010935,-8.900110110010935,Summer,LOAD_PRIORITY
522.0,apartment,8.620978185570074,20.631292909637196,20.631292909637192,0.0,0.4985205439982358,12.01031472406712,Summer,LOAD_PRIORITY
522.0,family_house,14.589347698657049,20.40197372147027,20.40197372147027,0.0,0.17258984658449528,5.8126260228132205,Summer,LOAD_PRIORITY
522.0,luxury_house,18.568260707381697,44.74897743710925,44.74897743710925,0.0,0.0,26.180716729727546,Summer,LOAD_PRIORITY
522.0,small_family,12.931467278355111,23.04605767485164,23.04605767485164,0.0,1.5605773533436635,10.114590396496528,Summer,LOAD_PRIORITY
523.0,apartment,0.0,18.54298474317303,18.54298474317303,0.0,0.0,18.54298474317303,Summer,LOAD_PRIORITY
523.0,family_house,0.0,29.772574464630466,29.772574464630466,0.0,0.0,29.772574464630466,Summer,LOAD_PRIORITY
523.0,luxury_house,0.0,33.61876239247619,33.61876239247619,0.0,0.0,33.61876239247619,Summer,LOAD_PRIORITY
523.0,small_family,0.0,27.372188321351125,27.372188321351125,0.0,0.0,27.372188321351125,Summer,LOAD_PRIORITY
524.0,apartment,0.0,27.500385474452088,27.500385474452088,0.0,0.0,27.500385474452088,Summer,LOAD_PRIORITY
524.0,family_house,0.0,27.047333164044677,27.047333164044677,0.0,0.0,27.047333164044677,Summer,LOAD_PRIORITY
524.0,luxury_house,0.0,32.03368995074833,32.03368995074833,0.0,0.0,32.03368995074833,Summer,LOAD_PRIORITY
524.0,small_family,0.0,30.81358039941617,30.81358039941617,0.0,0.0,30.81358039941617,Summer,LOAD_PRIORITY
525.0,apartment,0.31466226219008764,23.75981785469712,22.33317981122954,1.4266380434675763,0.0,23.44515559250703,Summer,LOAD_PRIORITY
525.0,family_house,0.5325053667832252,31.10458040370276,31.10458040370276,0.0,0.0,30.572075036919532,Summer,LOAD_PRIORITY
525.0,luxury_house,0.6777341031786502,39.04438703528271,28.599939983476624,10.44444705180609,0.0,38.36665293210406,Summer,LOAD_PRIORITY
525.0,small_family,0.4719933932851314,31.33593499551504,29.261185705050718,2.0747492904643217,0.0,30.863941602229907,Summer,LOAD_PRIORITY
526.0,apartment,1.8688260543843922,3.6399999999999997,3.3675117006745214,0.2724882993254781,0.0,1.7711739456156075,Summer,LOAD_PRIORITY
526.0,family_house,3.162628707419741,10.08,10.08,0.0,0.0,6.917371292580259,Summer,LOAD_PRIORITY
526.0,luxury_house,4.025163809443306,18.0,8.858732189130558,9.141267810869442,0.0,13.974836190556694,Summer,LOAD_PRIORITY
526.0,small_family,2.803239081576588,6.5,5.646901326517674,0.8530986734823258,0.0,3.696760918423412,Summer,LOAD_PRIORITY
527.0,apartment,4.555748274012918,3.6399999999999997,3.6399999999999997,0.0,0.0,-0.9157482740129181,Summer,LOAD_PRIORITY
527.0,family_house,7.709727848329553,10.08,10.08,0.0,0.0,2.3702721516704464,Summer,LOAD_PRIORITY
527.0,luxury_house,9.812380897873977,18.0,10.910092443318835,7.089907556681166,0.0,8.187619102126023,Summer,LOAD_PRIORITY
527.0,small_family,6.833622411019377,6.5,6.5,0.0,0.0,-0.3336224110193773,Summer,LOAD_PRIORITY
528.0,apartment,0.0,3.6399999999999997,3.04674794832261,0.5932520516773896,0.0,3.6399999999999997,Summer,LOAD_PRIORITY
528.0,family_house,0.0,10.08,10.08,0.0,0.0,10.08,Summer,LOAD_PRIORITY
528.0,luxury_house,0.0,18.0,1.3714763142762796,16.62852368572372,0.0,18.0,Summer,LOAD_PRIORITY
528.0,small_family,0.0,6.5,5.069290808442486,1.4307091915575139,0.0,6.5,Summer,LOAD_PRIORITY
529.0,apartment,1.5858751933215078,3.6399999999999997,3.1659711984588093,0.4740288015411904,0.0,2.054124806678492,Summer,LOAD_PRIORITY
529.0,family_house,2.683788788697936,10.08,10.08,0.0,0.0,7.396211211302063,Summer,LOAD_PRIORITY
529.0,luxury_house,3.415731185615555,18.0,3.415731185615555,14.584268814384446,0.0,14.584268814384446,Summer,LOAD_PRIORITY
529.0,small_family,2.3788127899822618,6.5,5.370635497656691,1.129364502343309,0.0,4.121187210017739,Summer,LOAD_PRIORITY
530.0,apartment,2.014040192810386,3.6399999999999997,3.2647785060331658,0.3752214939668339,0.0,1.6259598071896137,Summer,LOAD_PRIORITY
530.0,family_house,3.408375710909884,10.08,9.748677809226384,0.3313221907736155,0.0,6.671624289090116,Summer,LOAD_PRIORITY
530.0,luxury_house,4.337932722976216,18.0,4.337932722976216,13.662067277023784,0.0,13.662067277023784,Summer,LOAD_PRIORITY
530.0,small_family,3.021060289215579,6.5,4.7874344845874806,1.7125655154125192,0.0,3.478939710784421,Summer,LOAD_PRIORITY
531.0,apartment,1.4317159876367198,3.6399999999999997,2.8491384466553593,0.7908615533446401,0.0,2.2082840123632796,Summer,LOAD_PRIORITY
531.0,family_house,2.422903979077526,10.08,8.37078643499536,1.70921356500464,0.0,7.657096020922474,Summer,LOAD_PRIORITY
531.0,luxury_house,3.083695973371397,18.0,3.083695973371397,14.916304026628602,0.0,14.916304026628602,Summer,LOAD_PRIORITY
531.0,small_family,2.14757398145508,6.5,3.651736791801013,2.848263208198987,0.0,4.352426018544921,Summer,LOAD_PRIORITY
532.0,apartment,1.3908587199925644,3.6399999999999997,2.6381823429000835,1.0018176570999162,0.0,2.2491412800074353,Summer,LOAD_PRIORITY
532.0,family_house,2.3537609107566477,10.08,7.297422231594831,2.782577768405168,0.0,7.726239089243352,Summer,LOAD_PRIORITY
532.0,luxury_house,2.9956957045993695,18.0,2.9956957045993695,15.004304295400631,0.0,15.004304295400631,Summer,LOAD_PRIORITY
532.0,small_family,2.0862880799888464,6.5,3.4443532861461246,3.0556467138538754,0.0,4.413711920011154,Summer,LOAD_PRIORITY
533.0,apartment,1.7257007723885138,3.6399999999999997,2.756477279563929,0.8835227204360703,0.0,1.9142992276114856,Summer,LOAD_PRIORITY
533.0,family_house,2.9204166917344083,10.08,6.492319128303317,3.587680871696683,0.0,7.15958330826559,Summer,LOAD_PRIORITY
533.0,luxury_house,3.7168939712983375,18.0,3.7168939712983375,14.283106028701662,0.0,14.283106028701662,Summer,LOAD_PRIORITY
533.0,small_family,2.588551158582771,6.5,3.7920738790188415,2.707926120981158,0.0,3.9114488414172284,Summer,LOAD_PRIORITY
534.0,apartment,10.580469696035243,3.6399999999999997,3.6399999999999997,0.0,0.0,-6.940469696035244,Summer,LOAD_PRIORITY
534.0,family_house,17.905410254828872,10.08,10.08,0.0,0.0,-7.825410254828872,Summer,LOAD_PRIORITY
534.0,luxury_house,22.788703960691294,18.0,18.0,0.0,0.0,-4.788703960691292,Summer,LOAD_PRIORITY
534.0,small_family,15.870704544052865,6.5,6.5,0.0,0.0,-9.370704544052865,Summer,LOAD_PRIORITY
535.0,apartment,10.710270555529045,3.6399999999999997,3.6399999999999997,0.0,0.0,-7.070270555529044,Summer,LOAD_PRIORITY
535.0,family_house,18.12507324781838,10.08,10.08,0.0,0.0,-8.045073247818383,Summer,LOAD_PRIORITY
535.0,luxury_house,23.06827504267794,18.0,18.0,0.0,0.0,-5.068275042677941,Summer,LOAD_PRIORITY
535.0,small_family,16.065405833293568,6.5,6.5,0.0,0.0,-9.565405833293566,Summer,LOAD_PRIORITY
536.0,apartment,11.015598296476377,3.6399999999999997,3.6399999999999997,0.0,0.0,-7.375598296476377,Summer,LOAD_PRIORITY
536.0,family_house,18.641781732498487,10.08,10.08,0.0,0.0,-8.561781732498487,Summer,LOAD_PRIORITY
536.0,luxury_house,23.72590402317989,18.0,18.0,0.0,0.0,-5.725904023179891,Summer,LOAD_PRIORITY
536.0,small_family,16.523397444714565,6.5,6.5,0.0,0.0,-10.023397444714567,Summer,LOAD_PRIORITY
537.0,apartment,11.585771913319437,3.6399999999999997,3.6399999999999997,0.0,0.0,-7.945771913319437,Summer,LOAD_PRIORITY
537.0,family_house,19.606690930232894,10.08,10.08,0.0,0.0,-9.526690930232894,Summer,LOAD_PRIORITY
537.0,luxury_house,24.95397027484186,18.0,18.0,0.0,0.0,-6.953970274841861,Summer,LOAD_PRIORITY
537.0,small_family,17.378657869979158,6.5,6.5,0.0,0.0,-10.878657869979156,Summer,LOAD_PRIORITY
538.0,apartment,12.18150183487886,3.6399999999999997,3.6399999999999997,0.0,0.0,-8.541501834878861,Summer,LOAD_PRIORITY
538.0,family_house,20.61484925902576,10.08,10.08,0.0,0.0,-10.534849259025762,Summer,LOAD_PRIORITY
538.0,luxury_house,26.237080875123695,18.0,18.0,0.0,0.0,-8.237080875123697,Summer,LOAD_PRIORITY
538.0,small_family,18.27225275231829,6.5,6.5,0.0,0.0,-11.772252752318291,Summer,LOAD_PRIORITY
539.0,apartment,13.023796045280333,3.6399999999999997,3.6399999999999997,0.0,0.0,-9.383796045280334,Summer,LOAD_PRIORITY
539.0,family_house,22.040270230474412,10.08,10.08,0.0,0.0,-11.960270230474414,Summer,LOAD_PRIORITY
539.0,luxury_house,28.051253020603795,18.0,18.0,0.0,0.0,-10.051253020603797,Summer,LOAD_PRIORITY
539.0,small_family,19.535694067920502,6.5,6.5,0.0,0.0,-13.035694067920502,Summer,LOAD_PRIORITY
540.0,apartment,14.029341116931977,3.6399999999999997,3.6399999999999997,0.0,0.0,-10.389341116931977,Summer,LOAD_PRIORITY
540.0,family_house,23.741961890192577,10.08,10.08,0.0,0.0,-13.661961890192579,Summer,LOAD_PRIORITY
540.0,luxury_house,30.217042405699644,18.0,18.0,0.0,0.0,-12.217042405699644,Summer,LOAD_PRIORITY
540.0,small_family,21.044011675397968,6.5,6.5,0.0,0.0,-14.544011675397966,Summer,LOAD_PRIORITY
541.0,apartment,14.931106429895403,3.6399999999999997,3.6399999999999997,0.0,0.0,-11.291106429895402,Summer,LOAD_PRIORITY
541.0,family_house,25.268026265976836,10.08,10.08,0.0,0.0,-15.18802626597684,Summer,LOAD_PRIORITY
541.0,luxury_house,32.159306156697795,18.0,18.0,0.0,0.0,-14.159306156697792,Summer,LOAD_PRIORITY
541.0,small_family,22.396659644843105,6.5,6.5,0.0,0.0,-15.896659644843105,Summer,LOAD_PRIORITY
542.0,apartment,15.770573201149363,3.6399999999999997,3.6399999999999997,0.0,0.12011562666273812,-12.130573201149362,Summer,LOAD_PRIORITY
542.0,family_house,26.68866234040661,10.08,10.08,0.0,0.0,-16.60866234040661,Summer,LOAD_PRIORITY
542.0,luxury_house,33.96738843324478,18.0,18.0,0.0,0.0,-15.967388433244778,Summer,LOAD_PRIORITY
542.0,small_family,23.65585980172404,6.5,6.5,0.0,1.8848646717642827,-17.15585980172404,Summer,LOAD_PRIORITY
543.0,apartment,15.647324869925894,3.6399999999999997,3.6399999999999997,0.0,1.445684455801639,-12.007324869925894,Summer,LOAD_PRIORITY
543.0,family_house,26.48008824141305,10.08,10.08,0.0,0.0,-16.40008824141305,Summer,LOAD_PRIORITY
543.0,luxury_house,33.70193048907116,18.0,18.0,0.0,0.0,-15.701930489071158,Summer,LOAD_PRIORITY
543.0,small_family,23.47098730488884,6.5,6.5,0.0,4.8673173046679326,-16.97098730488884,Summer,LOAD_PRIORITY
544.0,apartment,11.586046064261959,3.6399999999999997,3.6399999999999997,0.0,3.169656630039421,-7.946046064261958,Summer,LOAD_PRIORITY
544.0,family_house,19.607154877981777,10.08,10.08,0.0,0.0,-9.527154877981776,Summer,LOAD_PRIORITY
544.0,luxury_house,24.954560753794986,18.0,18.0,0.0,0.0,-6.954560753794986,Summer,LOAD_PRIORITY
544.0,small_family,17.37906909639294,6.5,6.5,0.0,5.466329941510484,-10.87906909639294,Summer,LOAD_PRIORITY
545.0,apartment,8.144367763049916,3.6399999999999997,3.6399999999999997,0.0,2.0789389675614993,-4.504367763049915,Summer,LOAD_PRIORITY
545.0,family_house,13.782776214392163,10.08,10.08,0.0,0.0,-3.702776214392163,Summer,LOAD_PRIORITY
545.0,luxury_house,17.541715181953663,18.0,18.0,0.0,0.0,0.45828481804633725,Summer,LOAD_PRIORITY
545.0,small_family,12.216551644574873,6.5,6.5,0.0,5.716551644574872,-5.716551644574872,Summer,LOAD_PRIORITY
546.0,apartment,6.582384743595384,20.14341420530119,20.14341420530119,0.0,0.0,13.56102946170581,Summer,LOAD_PRIORITY
546.0,family_house,11.139420335315265,30.44846610975656,30.44846610975656,0.0,0.0,19.309045774441298,Summer,LOAD_PRIORITY
546.0,luxury_house,14.177444063128519,33.78982108402655,33.78982108402655,0.0,0.0,19.61237702089803,Summer,LOAD_PRIORITY
546.0,small_family,9.873577115393074,28.164422221205296,28.164422221205296,0.0,0.266704541714072,18.29084510581222,Summer,LOAD_PRIORITY
547.0,apartment,0.0,23.56725390245601,23.56725390245601,0.0,0.0,23.56725390245601,Summer,LOAD_PRIORITY
547.0,family_house,0.0,28.373257425729623,28.373257425729623,0.0,0.0,28.373257425729623,Summer,LOAD_PRIORITY
547.0,luxury_house,0.0,36.84449518336946,36.84449518336946,0.0,0.0,36.84449518336946,Summer,LOAD_PRIORITY
547.0,small_family,0.0,25.713156519215975,25.713156519215975,0.0,0.0,25.713156519215975,Summer,LOAD_PRIORITY
548.0,apartment,0.0,27.08509872865873,27.08509872865873,0.0,0.0,27.08509872865873,Summer,LOAD_PRIORITY
548.0,family_house,0.0,34.542299143201944,34.542299143201944,0.0,0.0,34.542299143201944,Summer,LOAD_PRIORITY
548.0,luxury_house,0.0,40.35392447482071,32.83358426436907,7.520340210451639,0.0,40.35392447482071,Summer,LOAD_PRIORITY
548.0,small_family,0.0,23.380483961420094,23.380483961420094,0.0,0.0,23.380483961420094,Summer,LOAD_PRIORITY
549.0,apartment,0.0,19.193200001914946,16.865783420186823,2.3274165817281256,0.0,19.193200001914946,Summer,LOAD_PRIORITY
549.0,family_house,0.0,27.345093030789858,25.38608188813467,1.9590111426551884,0.0,27.345093030789858,Summer,LOAD_PRIORITY
549.0,luxury_house,0.0,38.879112614897444,5.494132605381272,33.38498000951617,0.0,38.879112614897444,Summer,LOAD_PRIORITY
549.0,small_family,0.0,26.759067898418973,25.920705422567238,0.8383624758517348,0.0,26.759067898418973,Summer,LOAD_PRIORITY
550.0,apartment,0.4870205615438032,3.6399999999999997,2.669852480475016,0.9701475195249836,0.0,3.1529794384561964,Summer,LOAD_PRIORITY
550.0,family_house,0.82418864261259,10.08,6.8208976426386245,3.259102357361374,0.0,9.255811357387408,Summer,LOAD_PRIORITY
550.0,luxury_house,1.0489673633251146,18.0,1.0489673633251146,16.951032636674885,0.0,16.951032636674885,Summer,LOAD_PRIORITY
550.0,small_family,0.7305308423157048,6.5,5.6123893603562625,0.8876106396437378,0.0,5.769469157684296,Summer,LOAD_PRIORITY
551.0,apartment,3.371155956717939,3.6399999999999997,3.5572787559132117,0.08272124408678794,0.0,0.2688440432820608,Summer,LOAD_PRIORITY
551.0,family_house,5.705033157522665,10.08,7.598538864746967,2.4814611352530322,0.0,4.374966842477335,Summer,LOAD_PRIORITY
551.0,luxury_house,7.260951291392483,18.0,7.260951291392483,10.739048708607516,0.0,10.739048708607516,Summer,LOAD_PRIORITY
551.0,small_family,5.056733935076909,6.5,6.277959066934909,0.22204093306509098,0.0,1.4432660649230913,Summer,LOAD_PRIORITY
552.0,apartment,0.0,3.6399999999999997,2.4522372922043436,1.1877627077956558,0.0,3.6399999999999997,Summer,LOAD_PRIORITY
552.0,family_house,0.0,10.08,3.8945691217341487,6.1854308782658505,0.0,10.08,Summer,LOAD_PRIORITY
552.0,luxury_house,0.0,18.0,0.0,18.0,0.0,18.0,Summer,LOAD_PRIORITY
552.0,small_family,0.0,6.5,5.201409294436578,1.2985907055634223,0.0,6.5,Summer,LOAD_PRIORITY
553.0,apartment,1.1910289543552595,3.6399999999999997,2.606013479598648,1.0339865204013519,0.0,2.44897104564474,Summer,LOAD_PRIORITY
553.0,family_house,2.015587461216593,10.08,4.2807280370976075,5.7992719629023926,0.0,8.064412538783406,Summer,LOAD_PRIORITY
553.0,luxury_house,2.565293132457482,18.0,2.565293132457482,15.434706867542518,0.0,15.434706867542518,Summer,LOAD_PRIORITY
553.0,small_family,1.7865434315328892,6.5,5.084946904363588,1.415053095636412,0.0,4.713456568467111,Summer,LOAD_PRIORITY
554.0,apartment,2.1373281023866415,3.6399999999999997,2.9464591241784497,0.69354087582155,0.0,1.5026718976133582,Summer,LOAD_PRIORITY
554.0,family_house,3.617016788654316,10.08,4.253333483440911,5.826666516559088,0.0,6.4629832113456835,Summer,LOAD_PRIORITY
554.0,luxury_house,4.603475912832765,18.0,4.603475912832765,13.396524087167233,0.0,13.396524087167233,Summer,LOAD_PRIORITY
554.0,small_family,3.2059921535799623,6.5,5.48645912417845,1.01354087582155,0.0,3.2940078464200377,Summer,LOAD_PRIORITY
555.0,apartment,0.8288628526911936,3.6399999999999997,2.3425520858574735,1.297447914142526,0.0,2.811137147308806,Summer,LOAD_PRIORITY
555.0,family_house,1.4026909814774045,10.08,2.1258000663542873,7.954199933645713,0.0,8.677309018522596,Summer,LOAD_PRIORITY
555.0,luxury_house,1.7852430673348785,18.0,1.7852430673348785,16.21475693266512,0.0,16.21475693266512,Summer,LOAD_PRIORITY
555.0,small_family,1.2432942790367905,6.5,4.525669154635825,1.9743308453641752,0.0,5.256705720963209,Summer,LOAD_PRIORITY
556.0,apartment,0.851630171337448,3.6399999999999997,2.2510773640512958,1.388922635948704,0.0,2.7883698286625513,Summer,LOAD_PRIORITY
556.0,family_house,1.4412202899556812,10.08,2.161118599126041,7.918881400873959,0.0,8.638779710044318,Summer,LOAD_PRIORITY
556.0,luxury_house,1.8342803690345033,18.0,1.8342803690345033,16.165719630965498,0.0,16.165719630965498,Summer,LOAD_PRIORITY
556.0,small_family,1.2774452570061718,6.5,3.990530401313646,2.509469598686354,0.0,5.222554742993828,Summer,LOAD_PRIORITY
557.0,apartment,0.8668058858494883,3.6399999999999997,2.146741630842032,1.4932583691579677,0.0,2.7731941141505114,Summer,LOAD_PRIORITY
557.0,family_house,1.4669022683606723,10.08,1.5361381067521094,8.54386189324789,0.0,8.613097731639327,Summer,LOAD_PRIORITY
557.0,luxury_house,1.8669665233681283,18.0,1.8669665233681283,16.133033476631873,0.0,16.133033476631873,Summer,LOAD_PRIORITY
557.0,small_family,1.3002088287742324,6.5,3.700112446263048,2.799887553736952,0.0,5.199791171225768,Summer,LOAD_PRIORITY
558.0,apartment,10.921862220699067,3.6399999999999997,3.6399999999999997,0.0,0.0,-7.281862220699068,Summer,LOAD_PRIORITY
558.0,family_house,18.483151450413807,10.08,10.08,0.0,0.0,-8.403151450413807,Summer,LOAD_PRIORITY
558.0,luxury_house,21.563676692149443,18.0,16.5,1.5,0.0,-3.563676692149441,Summer,LOAD_PRIORITY
558.0,small_family,16.3827933310486,6.5,6.5,0.0,0.0,-9.8827933310486,Summer,LOAD_PRIORITY
559.0,apartment,10.995761565520333,3.6399999999999997,3.6399999999999997,0.0,0.0,-7.355761565520333,Summer,LOAD_PRIORITY
559.0,family_house,18.608211880111334,10.08,10.08,0.0,0.0,-8.528211880111334,Summer,LOAD_PRIORITY
559.0,luxury_house,21.709580526796554,18.0,16.5,1.5,0.0,-3.709580526796555,Summer,LOAD_PRIORITY
559.0,small_family,16.4936423482805,6.5,6.5,0.0,0.0,-9.993642348280499,Summer,LOAD_PRIORITY
560.0,apartment,11.240445440207989,3.6399999999999997,3.6399999999999997,0.0,0.0,-7.600445440207988,Summer,LOAD_PRIORITY
560.0,family_house,19.022292283428904,10.08,10.08,0.0,0.0,-8.942292283428905,Summer,LOAD_PRIORITY
560.0,luxury_house,22.192674330667057,18.0,16.5,1.5,0.0,-4.1926743306670575,Summer,LOAD_PRIORITY
560.0,small_family,16.86066816031198,6.5,6.5,0.0,0.0,-10.360668160311983,Summer,LOAD_PRIORITY
561.0,apartment,11.80499623826555,3.6399999999999997,3.6399999999999997,0.0,0.0,-8.16499623826555,Summer,LOAD_PRIORITY
561.0,family_house,19.977685941680164,10.08,10.08,0.0,0.0,-9.897685941680162,Summer,LOAD_PRIORITY
561.0,luxury_house,23.307300265293524,18.0,16.5,1.5,0.0,-5.3073002652935255,Summer,LOAD_PRIORITY
561.0,small_family,17.707494357398325,6.5,6.5,0.0,0.0,-11.207494357398325,Summer,LOAD_PRIORITY
562.0,apartment,12.27346386618699,3.6399999999999997,3.6399999999999997,0.0,0.0,-8.63346386618699,Summer,LOAD_PRIORITY
562.0,family_house,20.77047731200875,10.08,10.08,0.0,0.0,-10.69047731200875,Summer,LOAD_PRIORITY
562.0,luxury_house,24.232223530676873,18.0,16.5,1.5,0.0,-6.232223530676874,Summer,LOAD_PRIORITY
562.0,small_family,18.410195799280483,6.5,6.5,0.0,0.0,-11.910195799280485,Summer,LOAD_PRIORITY
563.0,apartment,13.234567364986628,3.6399999999999997,3.6399999999999997,0.0,0.0,-9.594567364986627,Summer,LOAD_PRIORITY
563.0,family_house,22.396960156131215,10.08,10.08,0.0,0.0,-12.316960156131218,Summer,LOAD_PRIORITY
563.0,luxury_house,26.129786848819755,18.0,16.5,1.5,0.0,-8.129786848819755,Summer,LOAD_PRIORITY
563.0,small_family,19.85185104747994,6.5,6.5,0.0,0.0,-13.351851047479942,Summer,LOAD_PRIORITY
564.0,apartment,14.067417812872314,3.6399999999999997,3.6399999999999997,0.0,0.0,-10.427417812872314,Summer,LOAD_PRIORITY
564.0,family_house,23.806399375630072,10.08,10.08,0.0,0.0,-13.72639937563007,Summer,LOAD_PRIORITY
564.0,luxury_house,27.774132604901748,18.0,16.5,1.5,0.0,-9.77413260490175,Summer,LOAD_PRIORITY
564.0,small_family,21.10112671930847,6.5,6.5,0.0,0.0,-14.601126719308471,Summer,LOAD_PRIORITY
565.0,apartment,15.020322885897135,3.6399999999999997,3.6399999999999997,0.0,0.0,-11.380322885897135,Summer,LOAD_PRIORITY
565.0,family_house,25.419007960749,10.08,10.08,0.0,0.0,-15.339007960749003,Summer,LOAD_PRIORITY
565.0,luxury_house,29.6555092875405,18.0,16.5,1.5,0.0,-11.6555092875405,Summer,LOAD_PRIORITY
565.0,small_family,22.530484328845706,6.5,6.5,0.0,0.0,-16.030484328845706,Summer,LOAD_PRIORITY
566.0,apartment,15.771878153118637,3.6399999999999997,3.6399999999999997,0.0,0.0,-12.131878153118636,Summer,LOAD_PRIORITY
566.0,family_house,26.690870720662307,10.08,10.08,0.0,0.0,-16.61087072066231,Summer,LOAD_PRIORITY
566.0,luxury_house,31.139349174106023,18.0,16.5,1.5,0.0,-13.139349174106023,Summer,LOAD_PRIORITY
566.0,small_family,23.657817229677956,6.5,6.5,0.0,0.5585510360600175,-17.157817229677956,Summer,LOAD_PRIORITY
567.0,apartment,15.202419536340791,3.6399999999999997,3.6399999999999997,0.0,0.810133810146598,-11.562419536340792,Summer,LOAD_PRIORITY
567.0,family_house,25.727171523038265,10.08,10.08,0.0,0.0,-15.647171523038265,Summer,LOAD_PRIORITY
567.0,luxury_house,30.01503344354464,18.0,16.5,1.5,0.0,-12.015033443544642,Summer,LOAD_PRIORITY
567.0,small_family,22.803629304511187,6.5,6.5,0.0,2.244164892293111,-16.303629304511187,Summer,LOAD_PRIORITY
568.0,apartment,11.347153529785068,3.6399999999999997,3.6399999999999997,0.0,1.2545710997004185,-7.707153529785067,Summer,LOAD_PRIORITY
568.0,family_house,19.20287520425165,10.08,10.08,0.0,0.0,-9.12287520425165,Summer,LOAD_PRIORITY
568.0,luxury_house,22.403354404960258,18.0,16.5,1.5,0.0,-4.403354404960258,Summer,LOAD_PRIORITY
568.0,small_family,17.020730294677602,6.5,6.5,0.0,6.461469685924014,-10.520730294677602,Summer,LOAD_PRIORITY
569.0,apartment,8.114762682526239,3.6399999999999997,3.6399999999999997,0.0,1.4267346744915146,-4.47476268252624,Summer,LOAD_PRIORITY
569.0,family_house,13.73267530889056,10.08,10.08,0.0,0.0,-3.652675308890561,Summer,LOAD_PRIORITY
569.0,luxury_house,16.021454527038987,18.0,16.5,1.5,0.0,1.978545472961013,Summer,LOAD_PRIORITY
569.0,small_family,12.17214402378936,6.5,6.5,0.0,5.672144023789359,-5.672144023789359,Summer,LOAD_PRIORITY
570.0,apartment,7.003379411467777,23.820270973492292,23.820270973492292,0.0,0.19256551022144258,16.816891562024516,Summer,LOAD_PRIORITY
570.0,family_house,11.851872850176237,32.9276473308549,32.9276473308549,0.0,0.0,21.075774480678664,Summer,LOAD_PRIORITY
570.0,luxury_house,13.827184991872276,36.08913256662923,33.31934288381578,2.769789682813448,0.0,22.261947574756956,Summer,LOAD_PRIORITY
570.0,small_family,10.505069117201666,21.746221786904655,21.746221786904655,0.0,0.2118621098377801,11.24115266970299,Summer,LOAD_PRIORITY
571.0,apartment,0.0,22.540727810358607,22.540727810358607,0.0,0.0,22.540727810358607,Summer,LOAD_PRIORITY
571.0,family_house,0.0,25.987329480313903,25.987329480313903,0.0,0.0,25.987329480313903,Summer,LOAD_PRIORITY
571.0,luxury_house,0.0,42.1586522293147,38.07677671890089,4.081875510413807,0.0,42.1586522293147,Summer,LOAD_PRIORITY
571.0,small_family,0.0,31.81553606871313,31.81553606871313,0.0,0.0,31.81553606871313,Summer,LOAD_PRIORITY
572.0,apartment,0.0,23.367168827622482,23.268534710336183,0.09863411728629723,0.0,23.367168827622482,Summer,LOAD_PRIORITY
572.0,family_house,0.0,35.404741862308754,35.404741862308754,0.0,0.0,35.404741862308754,Summer,LOAD_PRIORITY
572.0,luxury_house,0.0,39.40707954004871,27.154415853002718,12.252663687045999,0.0,39.40707954004871,Summer,LOAD_PRIORITY
572.0,small_family,0.0,23.894879925945695,23.894879925945695,0.0,0.0,23.894879925945695,Summer,LOAD_PRIORITY
573.0,apartment,0.0,22.317771415929595,18.455263072692667,3.8625083432369287,0.0,22.317771415929595,Summer,LOAD_PRIORITY
573.0,family_house,0.0,29.25329491110176,23.34993298879126,5.903361922310502,0.0,29.25329491110176,Summer,LOAD_PRIORITY
573.0,luxury_house,0.0,36.908759683284806,3.5584630617026196,33.35029662158218,0.0,36.908759683284806,Summer,LOAD_PRIORITY
573.0,small_family,0.0,19.96922356695037,19.280312664590475,0.6889109023598927,0.0,19.96922356695037,Summer,LOAD_PRIORITY
574.0,apartment,1.3136086026387301,3.6399999999999997,2.854919090088077,0.7850809099119224,0.0,2.3263913973612693,Summer,LOAD_PRIORITY
574.0,family_house,2.2230299429270817,10.08,6.05841540646868,4.021584593531318,0.0,7.8569700570729175,Summer,LOAD_PRIORITY
574.0,luxury_house,2.5935349334149285,18.0,2.5935349334149285,15.40646506658507,0.0,15.40646506658507,Summer,LOAD_PRIORITY
574.0,small_family,1.970412903958095,6.5,5.803140446762784,0.6968595532372162,0.0,4.529587096041905,Summer,LOAD_PRIORITY
575.0,apartment,4.068621009658916,3.6399999999999997,3.6399999999999997,0.0,0.0,-0.42862100965891625,Summer,LOAD_PRIORITY
575.0,family_house,6.8853586317304725,10.08,8.155961562032092,1.9240384379679085,0.0,3.194641368269527,Summer,LOAD_PRIORITY
575.0,luxury_house,8.032918403685551,18.0,8.032918403685551,9.967081596314449,0.0,9.967081596314449,Summer,LOAD_PRIORITY
575.0,small_family,6.102931514488374,6.5,6.438912540690519,0.06108745930948101,0.0,0.39706848551162655,Summer,LOAD_PRIORITY
576.0,apartment,0.0,3.6399999999999997,2.295892633724818,1.3441073662751815,0.0,3.6399999999999997,Summer,LOAD_PRIORITY
576.0,family_house,0.0,10.08,3.36,6.72,0.0,10.08,Summer,LOAD_PRIORITY
576.0,luxury_house,0.0,18.0,0.0,18.0,0.0,18.0,Summer,LOAD_PRIORITY
576.0,small_family,0.0,6.5,5.0591156327021185,1.4408843672978815,0.0,6.5,Summer,LOAD_PRIORITY
577.0,apartment,1.6586016589743555,3.6399999999999997,2.5730932009861913,1.0669067990138084,0.0,1.981398341025644,Summer,LOAD_PRIORITY
577.0,family_house,2.806864345956602,10.08,5.231242897304401,4.848757102695599,0.0,7.273135654043398,Summer,LOAD_PRIORITY
577.0,luxury_house,3.2746750702827025,18.0,3.2746750702827025,14.725324929717297,0.0,14.725324929717297,Summer,LOAD_PRIORITY
577.0,small_family,2.4879024884615335,6.5,5.574131343491123,0.925868656508877,0.0,4.0120975115384665,Summer,LOAD_PRIORITY
578.0,apartment,2.870010683252827,3.6399999999999997,3.2253903679053684,0.4146096320946314,0.0,0.7699893167471726,Summer,LOAD_PRIORITY
578.0,family_house,4.856941156274015,10.08,6.349443668453895,3.730556331546105,0.0,5.223058843725984,Summer,LOAD_PRIORITY
578.0,luxury_house,5.666431348986351,18.0,5.666431348986351,12.33356865101365,0.0,12.33356865101365,Summer,LOAD_PRIORITY
578.0,small_family,4.305016024879241,6.5,5.948272454792726,0.5517275452072739,0.0,2.194983975120759,Summer,LOAD_PRIORITY
579.0,apartment,3.1685331992819235,3.6399999999999997,3.3861332611518047,0.253866738848195,0.0,0.47146680071807634,Summer,LOAD_PRIORITY
579.0,family_house,5.362133106477101,10.08,6.29707310305066,3.78292689694934,0.0,4.717866893522899,Summer,LOAD_PRIORITY
579.0,luxury_house,6.255821957556617,18.0,6.255821957556617,11.744178042443382,0.0,11.744178042443382,Summer,LOAD_PRIORITY
579.0,small_family,4.752799798922885,6.5,5.962399938130119,0.5376000618698815,0.0,1.7472002010771148,Summer,LOAD_PRIORITY
580.0,apartment,2.773020469938692,3.6399999999999997,3.1731648684285263,0.4668351315714734,0.0,0.8669795300613078,Summer,LOAD_PRIORITY
580.0,family_house,4.692803872203941,10.08,5.141736882853612,4.938263117146388,0.0,5.387196127796059,Summer,LOAD_PRIORITY
580.0,luxury_house,5.474937850904597,18.0,5.474937850904597,12.525062149095405,0.0,12.525062149095405,Summer,LOAD_PRIORITY
580.0,small_family,4.159530704908038,6.5,5.779855601510166,0.7201443984898346,0.0,2.3404692950919626,Summer,LOAD_PRIORITY
581.0,apartment,2.06078309598867,3.6399999999999997,2.7896524363015915,0.8503475636984082,0.0,1.5792169040113295,Summer,LOAD_PRIORITY
581.0,family_house,3.4874790855192876,10.08,3.4883835914235206,6.5916164085764795,0.0,6.592520914480712,Summer,LOAD_PRIORITY
581.0,luxury_house,4.0687255997725025,18.0,4.0687255997725025,13.931274400227498,0.0,13.931274400227498,Summer,LOAD_PRIORITY
581.0,small_family,3.0911746439830052,6.5,5.451130659687078,1.0488693403129214,0.0,3.4088253560169948,Summer,LOAD_PRIORITY
582.0,apartment,11.372509273789461,3.6399999999999997,3.6399999999999997,0.0,0.0,-7.7325092737894625,Summer,LOAD_PRIORITY
582.0,family_house,19.245784924874474,10.08,10.08,0.0,0.0,-9.165784924874474,Summer,LOAD_PRIORITY
582.0,luxury_house,22.453415745686886,18.0,16.5,1.5,0.0,-4.453415745686886,Summer,LOAD_PRIORITY
582.0,small_family,17.058763910684192,6.5,6.5,0.0,0.0,-10.558763910684192,Summer,LOAD_PRIORITY
583.0,apartment,11.42980865012964,3.6399999999999997,3.6399999999999997,0.0,0.0,-7.789808650129641,Summer,LOAD_PRIORITY
583.0,family_house,19.34275310021939,10.08,10.08,0.0,0.0,-9.26275310021939,Summer,LOAD_PRIORITY
583.0,luxury_house,22.566545283589292,18.0,16.5,1.5,0.0,-4.56654528358929,Summer,LOAD_PRIORITY
583.0,small_family,17.14471297519446,6.5,6.5,0.0,0.0,-10.64471297519446,Summer,LOAD_PRIORITY
584.0,apartment,11.56907232413847,3.6399999999999997,3.6399999999999997,0.0,0.0,-7.929072324138469,Summer,LOAD_PRIORITY
584.0,family_house,19.57843008700356,10.08,10.08,0.0,0.0,-9.49843008700356,Summer,LOAD_PRIORITY
584.0,luxury_house,22.841501768170822,18.0,16.5,1.5,0.0,-4.841501768170822,Summer,LOAD_PRIORITY
584.0,small_family,17.3536084862077,6.5,6.5,0.0,0.0,-10.853608486207701,Summer,LOAD_PRIORITY
585.0,apartment,12.344142286962482,3.6399999999999997,3.6399999999999997,0.0,0.0,-8.704142286962481,Summer,LOAD_PRIORITY
585.0,family_house,20.890086947167276,10.08,10.08,0.0,0.0,-10.810086947167278,Summer,LOAD_PRIORITY
585.0,luxury_house,24.371768105028494,18.0,16.5,1.5,0.0,-6.371768105028492,Summer,LOAD_PRIORITY
585.0,small_family,18.51621343044372,6.5,6.5,0.0,0.0,-12.01621343044372,Summer,LOAD_PRIORITY
586.0,apartment,13.32206024415543,3.6399999999999997,3.6399999999999997,0.0,0.0,-9.68206024415543,Summer,LOAD_PRIORITY
586.0,family_house,22.54502502857073,10.08,10.08,0.0,0.0,-12.465025028570729,Summer,LOAD_PRIORITY
586.0,luxury_house,26.302529199999185,18.0,16.5,1.5,0.0,-8.302529199999185,Summer,LOAD_PRIORITY
586.0,small_family,19.98309036623315,6.5,6.5,0.0,0.0,-13.483090366233148,Summer,LOAD_PRIORITY
587.0,apartment,14.276839288961376,3.6399999999999997,3.6399999999999997,0.0,0.0,-10.636839288961376,Summer,LOAD_PRIORITY
587.0,family_house,24.160804950550023,10.08,10.08,0.0,0.0,-14.080804950550023,Summer,LOAD_PRIORITY
587.0,luxury_house,28.18760577564169,18.0,16.5,1.5,0.0,-10.18760577564169,Summer,LOAD_PRIORITY
587.0,small_family,21.415258933442065,6.5,6.5,0.0,0.0,-14.915258933442065,Summer,LOAD_PRIORITY
588.0,apartment,15.785583430686781,3.6399999999999997,3.6399999999999997,0.0,0.0,-12.14558343068678,Summer,LOAD_PRIORITY
588.0,family_house,26.714064267316097,10.08,10.08,0.0,0.0,-16.6340642673161,Summer,LOAD_PRIORITY
588.0,luxury_house,31.166408311868775,18.0,16.5,1.5,0.0,-13.166408311868775,Summer,LOAD_PRIORITY
588.0,small_family,23.678375146030174,6.5,6.5,0.0,0.0,-17.178375146030174,Summer,LOAD_PRIORITY
589.0,apartment,16.043365796796845,3.6399999999999997,3.6399999999999997,0.0,0.2197260004366659,-12.403365796796844,Summer,LOAD_PRIORITY
589.0,family_house,27.150311348425426,10.08,10.08,0.0,0.0,-17.070311348425427,Summer,LOAD_PRIORITY
589.0,luxury_house,31.675363239829668,18.0,16.5,1.5,0.0,-13.675363239829668,Summer,LOAD_PRIORITY
589.0,small_family,24.065048695195266,6.5,6.5,0.0,3.09957381506087,-17.565048695195266,Summer,LOAD_PRIORITY
590.0,apartment,17.71012978989475,3.6399999999999997,3.6399999999999997,0.0,2.840571799998431,-14.07012978989475,Summer,LOAD_PRIORITY
590.0,family_house,29.9709888752065,10.08,10.08,0.0,0.0,-19.890988875206503,Summer,LOAD_PRIORITY
590.0,luxury_house,34.96615368774091,18.0,16.5,1.5,0.0,-16.966153687740917,Summer,LOAD_PRIORITY
590.0,small_family,26.565194684842126,6.5,6.5,0.0,9.857976011849841,-20.065194684842126,Summer,LOAD_PRIORITY
591.0,apartment,17.48055079956192,3.6399999999999997,3.6399999999999997,0.0,5.393788860327351,-13.840550799561921,Summer,LOAD_PRIORITY
591.0,family_house,29.582470583874024,10.08,10.08,0.0,0.0,-19.502470583874025,Summer,LOAD_PRIORITY
591.0,luxury_house,34.51288234785303,18.0,16.5,1.5,0.0,-16.51288234785303,Summer,LOAD_PRIORITY
591.0,small_family,26.22082619934288,6.5,6.5,0.0,16.720283026309982,-19.72082619934288,Summer,LOAD_PRIORITY
592.0,apartment,13.631912334640218,3.6399999999999997,3.6399999999999997,0.0,7.4656857444873905,-9.991912334640217,Summer,LOAD_PRIORITY
592.0,family_house,23.069390104775756,10.08,10.08,0.0,0.0,-12.989390104775756,Summer,LOAD_PRIORITY
592.0,luxury_house,26.914288455571715,18.0,16.5,1.5,0.0,-8.914288455571713,Summer,LOAD_PRIORITY
592.0,small_family,20.44786850196033,6.5,6.5,0.0,13.947868501960329,-13.947868501960329,Summer,LOAD_PRIORITY
593.0,apartment,10.39364051205688,3.6399999999999997,3.6399999999999997,0.0,6.753640512056879,-6.753640512056879,Summer,LOAD_PRIORITY
593.0,family_house,17.589237789634716,10.08,10.08,0.0,0.0,-7.509237789634717,Summer,LOAD_PRIORITY
593.0,luxury_house,20.520777421240506,18.0,16.5,1.5,0.0,-2.5207774212405054,Summer,LOAD_PRIORITY
593.0,small_family,15.590460768085318,6.5,6.5,0.0,9.090460768085318,-9.090460768085318,Summer,LOAD_PRIORITY
594.0,apartment,8.529486872759342,27.44613679778403,27.44613679778403,0.0,0.28269129610946037,18.91664992502469,Summer,LOAD_PRIORITY
594.0,family_house,14.434516246208116,30.011512200384587,30.011512200384587,0.0,0.0,15.57699595417647,Summer,LOAD_PRIORITY
594.0,luxury_house,16.84026895390947,33.92512694442603,30.08181564034655,3.8433113040794837,0.0,17.084857990516568,Summer,LOAD_PRIORITY
594.0,small_family,12.794230309139012,24.397384270478724,24.397384270478724,0.0,0.12118020797320006,11.603153961339713,Summer,LOAD_PRIORITY
595.0,apartment,0.0,26.393408680315723,26.393408680315723,0.0,0.0,26.393408680315723,Summer,LOAD_PRIORITY
595.0,family_house,0.0,28.505131723590974,28.505131723590974,0.0,0.0,28.505131723590974,Summer,LOAD_PRIORITY
595.0,luxury_house,0.0,39.936387813464506,36.30406920821883,3.632318605245678,0.0,39.936387813464506,Summer,LOAD_PRIORITY
595.0,small_family,0.0,21.84554450274815,21.84554450274815,0.0,0.0,21.84554450274815,Summer,LOAD_PRIORITY
596.0,apartment,0.0,24.529819532884684,22.81870169729629,1.7111178355883907,0.0,24.529819532884684,Summer,LOAD_PRIORITY
596.0,family_house,0.0,24.423536045920137,24.423536045920137,0.0,0.0,24.423536045920137,Summer,LOAD_PRIORITY
596.0,luxury_house,0.0,32.71324638919086,28.811033916239307,3.902212472951547,0.0,32.71324638919086,Summer,LOAD_PRIORITY
596.0,small_family,0.0,27.079504518830152,27.079504518830152,0.0,0.0,27.079504518830152,Summer,LOAD_PRIORITY
597.0,apartment,0.0,24.176736872980324,18.52319555144207,5.653541321538258,0.0,24.176736872980324,Summer,LOAD_PRIORITY
597.0,family_house,0.0,27.1654276758989,27.1654276758989,0.0,0.0,27.1654276758989,Summer,LOAD_PRIORITY
597.0,luxury_house,0.0,40.116767454514076,32.24836039173892,7.8684070627751534,0.0,40.116767454514076,Summer,LOAD_PRIORITY
597.0,small_family,0.0,21.37066591671983,21.280505726554992,0.09016019016483812,0.0,21.37066591671983,Summer,LOAD_PRIORITY
598.0,apartment,1.5450092317237434,3.6399999999999997,2.8342343198937474,0.8057656801062524,0.0,2.094990768276256,Summer,LOAD_PRIORITY
598.0,family_house,2.6146310075324886,10.08,10.080000000000002,0.0,0.0,7.4653689924675115,Summer,LOAD_PRIORITY
598.0,luxury_house,3.050402842121237,18.0,7.6312879294976455,10.368712070502353,0.0,14.949597157878763,Summer,LOAD_PRIORITY
598.0,small_family,2.317513847585615,6.5,6.178270295968124,0.32172970403187573,0.0,4.182486152414384,Summer,LOAD_PRIORITY
599.0,apartment,4.361801417162046,3.6399999999999997,3.6399999999999997,0.0,0.0,-0.7218014171620462,Summer,LOAD_PRIORITY
599.0,family_house,7.381510090581924,10.08,10.08,0.0,0.0,2.698489909418076,Summer,LOAD_PRIORITY
599.0,luxury_house,8.611761772345579,18.0,9.057181890333908,8.942818109666094,0.0,9.388238227654421,Summer,LOAD_PRIORITY
599.0,small_family,6.5427021257430695,6.5,6.5,0.0,0.0,-0.04270212574306931,Summer,LOAD_PRIORITY
600.0,apartment,0.0,3.6399999999999997,2.4284842718584896,1.2115157281415099,0.0,3.6399999999999997,Summer,LOAD_PRIORITY
600.0,family_house,0.0,10.08,9.934141460175352,0.1458585398246478,0.0,10.08,Summer,LOAD_PRIORITY
600.0,luxury_house,0.0,18.0,0.0,18.0,0.0,18.0,Summer,LOAD_PRIORITY
600.0,small_family,0.0,6.5,6.002956301012982,0.4970436989870183,0.0,6.5,Summer,LOAD_PRIORITY
601.0,apartment,1.9295603216052077,3.6399999999999997,2.8505663022793266,0.7894336977206732,0.0,1.710439678394792,Summer,LOAD_PRIORITY
601.0,family_house,3.2654097750241977,10.08,8.431348592111288,1.6486514078887107,0.0,6.8145902249758015,Summer,LOAD_PRIORITY
601.0,luxury_house,3.8096447375282305,18.0,3.8096447375282305,14.19035526247177,0.0,14.19035526247177,Summer,LOAD_PRIORITY
601.0,small_family,2.894340482407811,6.5,6.179409799356229,0.32059020064377153,0.0,3.6056595175921884,Summer,LOAD_PRIORITY
602.0,apartment,3.0620808918854,3.6399999999999997,3.364266786484907,0.2757332135150926,0.0,0.5779191081145993,Summer,LOAD_PRIORITY
602.0,family_house,5.181983047806062,10.08,8.855495761951515,1.2245042380484843,0.0,4.898016952193937,Summer,LOAD_PRIORITY
602.0,luxury_house,6.045646889107073,18.0,6.045646889107073,11.954353110892928,0.0,11.954353110892928,Summer,LOAD_PRIORITY
602.0,small_family,4.593121337828101,6.5,6.206634051973554,0.2933659480264461,0.0,1.9068786621718998,Summer,LOAD_PRIORITY
603.0,apartment,3.209813038531579,3.6399999999999997,3.408360866901619,0.2316391330983805,0.0,0.43018696146842095,Summer,LOAD_PRIORITY
603.0,family_house,5.431991295976518,10.08,8.249742302384629,1.830257697615371,0.0,4.648008704023482,Summer,LOAD_PRIORITY
603.0,luxury_house,6.337323178639271,18.0,6.337323178639271,11.662676821360728,0.0,11.662676821360728,Summer,LOAD_PRIORITY
603.0,small_family,4.814719557797368,6.5,6.24072608581498,0.2592739141850203,0.0,1.6852804422026322,Summer,LOAD_PRIORITY
604.0,apartment,3.3207337842809235,3.6399999999999997,3.4680874223051124,0.17191257769488716,0.0,0.31926621571907615,Summer,LOAD_PRIORITY
604.0,family_house,5.61970332724464,10.08,7.84985166362232,2.23014833637768,0.0,4.46029667275536,Summer,LOAD_PRIORITY
604.0,luxury_house,6.55632054845208,18.0,6.55632054845208,11.44367945154792,0.0,11.44367945154792,Summer,LOAD_PRIORITY
604.0,small_family,4.981100676421385,6.5,6.266323180987905,0.23367681901209458,0.0,1.5188993235786148,Summer,LOAD_PRIORITY
605.0,apartment,3.4033816923226414,3.6399999999999997,3.5125901420198837,0.1274098579801159,0.0,0.2366183076773581,Summer,LOAD_PRIORITY
605.0,family_house,5.759569017776777,10.08,7.919784508888388,2.160215491111611,0.0,4.320430982223222,Summer,LOAD_PRIORITY
605.0,luxury_house,6.71949718740624,18.0,6.71949718740624,11.28050281259376,0.0,11.28050281259376,Summer,LOAD_PRIORITY
605.0,small_family,5.105072538483961,6.5,6.285395775151379,0.2146042248486213,0.0,1.3949274615160383,Summer,LOAD_PRIORITY
606.0,apartment,12.20130365847146,3.6399999999999997,3.6399999999999997,0.0,0.0,-8.561303658471461,Summer,LOAD_PRIORITY
606.0,family_house,20.64836003741324,10.08,10.08,0.0,0.0,-10.568360037413242,Summer,LOAD_PRIORITY
606.0,luxury_house,24.089753376982117,18.0,16.5,1.5,0.0,-6.089753376982116,Summer,LOAD_PRIORITY
606.0,small_family,18.30195548770719,6.5,6.5,0.0,0.0,-11.80195548770719,Summer,LOAD_PRIORITY
607.0,apartment,12.295834798824151,3.6399999999999997,3.6399999999999997,0.0,0.0,-8.655834798824152,Summer,LOAD_PRIORITY
607.0,family_house,20.80833581339472,10.08,10.08,0.0,0.0,-10.728335813394718,Summer,LOAD_PRIORITY
607.0,luxury_house,24.27639178229384,18.0,16.5,1.5,0.0,-6.276391782293839,Summer,LOAD_PRIORITY
607.0,small_family,18.443752198236226,6.5,6.5,0.0,0.0,-11.943752198236226,Summer,LOAD_PRIORITY
608.0,apartment,11.5549791182089,3.6399999999999997,3.6399999999999997,0.0,0.0,-7.9149791182089,Summer,LOAD_PRIORITY
608.0,family_house,19.554580046199675,10.08,10.08,0.0,0.0,-9.474580046199677,Summer,LOAD_PRIORITY
608.0,luxury_house,22.81367672056629,18.0,16.5,1.5,0.0,-4.813676720566287,Summer,LOAD_PRIORITY
608.0,small_family,17.33246867731335,6.5,6.5,0.0,0.0,-10.83246867731335,Summer,LOAD_PRIORITY
609.0,apartment,12.0643581088713,3.6399999999999997,3.6399999999999997,0.0,0.0,-8.4243581088713,Summer,LOAD_PRIORITY
609.0,family_house,20.41660603039758,10.08,10.08,0.0,0.0,-10.336606030397583,Summer,LOAD_PRIORITY
609.0,luxury_house,23.819373702130513,18.0,16.5,1.5,0.0,-5.819373702130513,Summer,LOAD_PRIORITY
609.0,small_family,18.096537163306948,6.5,6.5,0.0,0.0,-11.596537163306948,Summer,LOAD_PRIORITY
610.0,apartment,13.705931082413002,3.6399999999999997,3.6399999999999997,0.0,0.0,-10.065931082413002,Summer,LOAD_PRIORITY
610.0,family_house,23.194652601006624,10.08,10.08,0.0,0.0,-13.114652601006624,Summer,LOAD_PRIORITY
610.0,luxury_house,27.060428034507723,18.0,16.5,1.5,0.0,-9.060428034507723,Summer,LOAD_PRIORITY
610.0,small_family,20.558896623619503,6.5,6.5,0.0,0.0,-14.058896623619505,Summer,LOAD_PRIORITY
611.0,apartment,14.630960081181817,3.6399999999999997,3.6399999999999997,0.0,0.0,-10.990960081181816,Summer,LOAD_PRIORITY
611.0,family_house,24.760086291230763,10.08,10.08,0.0,0.0,-14.680086291230767,Summer,LOAD_PRIORITY
611.0,luxury_house,28.886767339769225,18.0,16.5,1.5,0.0,-10.886767339769227,Summer,LOAD_PRIORITY
611.0,small_family,21.94644012177272,6.5,6.5,0.0,0.2561647242312164,-15.446440121772723,Summer,LOAD_PRIORITY
612.0,apartment,16.314213323200057,3.6399999999999997,3.6399999999999997,0.0,0.0,-12.674213323200059,Summer,LOAD_PRIORITY
612.0,family_house,27.608668700800102,10.08,10.08,0.0,0.0,-17.528668700800104,Summer,LOAD_PRIORITY
612.0,luxury_house,32.210113484266785,18.0,16.5,1.5,0.0,-14.210113484266786,Summer,LOAD_PRIORITY
612.0,small_family,24.47131998480009,6.5,6.5,0.0,1.5217935072285134,-17.97131998480009,Summer,LOAD_PRIORITY
613.0,apartment,16.441958508162983,3.6399999999999997,3.6399999999999997,0.0,0.3086729227588536,-12.801958508162985,Summer,LOAD_PRIORITY
613.0,family_house,27.824852859968132,10.08,10.08,0.0,0.0,-17.744852859968134,Summer,LOAD_PRIORITY
613.0,luxury_house,32.46232833662948,18.0,16.5,1.5,0.0,-14.462328336629485,Summer,LOAD_PRIORITY
613.0,small_family,24.662937762244482,6.5,6.5,0.0,5.73369667429139,-18.162937762244482,Summer,LOAD_PRIORITY
614.0,apartment,17.5697044024089,3.6399999999999997,3.6399999999999997,0.0,1.9133258289770727,-13.929704402408898,Summer,LOAD_PRIORITY
614.0,family_house,29.733345911768907,10.08,10.08,0.0,0.0,-19.65334591176891,Summer,LOAD_PRIORITY
614.0,luxury_house,34.68890356373039,18.0,16.5,1.5,0.0,-16.688903563730396,Summer,LOAD_PRIORITY
614.0,small_family,26.354556603613354,6.5,6.5,0.0,13.388608169689823,-19.854556603613354,Summer,LOAD_PRIORITY
615.0,apartment,17.80156220339094,3.6399999999999997,3.6399999999999997,0.0,4.92479489047391,-14.161562203390938,Summer,LOAD_PRIORITY
615.0,family_house,30.125720651892358,10.08,10.08,0.0,2.8290597758716425,-20.04572065189236,Summer,LOAD_PRIORITY
615.0,luxury_house,35.14667409387442,18.0,16.5,1.5,0.0,-17.146674093874417,Summer,LOAD_PRIORITY
615.0,small_family,26.70234330508641,6.5,6.5,0.0,19.253940347794497,-20.20234330508641,Summer,LOAD_PRIORITY
616.0,apartment,14.637177837575406,3.6399999999999997,3.6399999999999997,0.0,10.163370562570197,-10.997177837575405,Summer,LOAD_PRIORITY
616.0,family_house,24.770608648204533,10.08,10.08,0.0,3.963355945280258,-14.690608648204535,Summer,LOAD_PRIORITY
616.0,luxury_house,28.899043422905287,18.0,16.5,1.5,0.0,-10.899043422905288,Summer,LOAD_PRIORITY
616.0,small_family,21.955766756363108,6.5,6.5,0.0,15.455766756363108,-15.455766756363108,Summer,LOAD_PRIORITY
617.0,apartment,9.467024476686937,3.6399999999999997,3.6399999999999997,0.0,5.827024476686937,-5.827024476686937,Summer,LOAD_PRIORITY
617.0,family_house,16.021118345162506,10.08,10.08,0.0,2.475465977151045,-5.941118345162508,Summer,LOAD_PRIORITY
617.0,luxury_house,18.691304736022925,18.0,16.5,1.5,0.0,-0.6913047360229259,Summer,LOAD_PRIORITY
617.0,small_family,14.200536715030404,6.5,6.5,0.0,7.700536715030404,-7.700536715030404,Summer,LOAD_PRIORITY
618.0,apartment,7.034037773952142,28.75055563273237,28.75055563273237,0.0,0.0,21.71651785878023,Summer,LOAD_PRIORITY
618.0,family_house,11.903756232842087,28.920607483915123,28.920607483915123,0.0,0.0,17.01685125107304,Summer,LOAD_PRIORITY
618.0,luxury_house,13.887715604982432,36.34151628005985,33.17856936673964,3.1629469133202086,0.0,22.453800675077417,Summer,LOAD_PRIORITY
618.0,small_family,10.551056660928213,29.833353589704842,29.833353589704842,0.0,0.0,19.28229692877663,Summer,LOAD_PRIORITY
619.0,apartment,0.0,17.08739683017501,17.08739683017501,0.0,0.0,17.08739683017501,Summer,LOAD_PRIORITY
619.0,family_house,0.0,28.53075939846679,28.53075939846679,0.0,0.0,28.53075939846679,Summer,LOAD_PRIORITY
619.0,luxury_house,0.0,35.389392617703145,31.74344964166664,3.645942976036501,0.0,35.389392617703145,Summer,LOAD_PRIORITY
619.0,small_family,0.0,21.256133396454263,21.256133396454263,0.0,0.0,21.256133396454263,Summer,LOAD_PRIORITY
620.0,apartment,0.0,22.6205114329965,22.6205114329965,0.0,0.0,22.6205114329965,Summer,LOAD_PRIORITY
620.0,family_house,0.0,29.05878906131776,29.05878906131776,0.0,0.0,29.05878906131776,Summer,LOAD_PRIORITY
620.0,luxury_house,0.0,34.9854695732429,30.76680042286824,4.21866915037466,0.0,34.9854695732429,Summer,LOAD_PRIORITY
620.0,small_family,0.0,21.98809694184147,21.98809694184147,0.0,0.0,21.98809694184147,Summer,LOAD_PRIORITY
621.0,apartment,0.0,21.81313822783616,19.833173854920577,1.9799643729155811,0.0,21.81313822783616,Summer,LOAD_PRIORITY
621.0,family_house,0.0,23.765751506622763,23.765751506622763,0.0,0.0,23.765751506622763,Summer,LOAD_PRIORITY
621.0,luxury_house,0.0,34.06551897117574,26.996859928826613,7.068659042349127,0.0,34.06551897117574,Summer,LOAD_PRIORITY
621.0,small_family,0.0,29.384024141923028,29.384024141923028,0.0,0.0,29.384024141923028,Summer,LOAD_PRIORITY
622.0,apartment,1.341065817810913,3.6399999999999997,2.932635636249511,0.7073643637504883,0.0,2.298934182189087,Summer,LOAD_PRIORITY
622.0,family_house,2.269495999372314,10.08,10.080000000000002,0.0,0.0,7.810504000627686,Summer,LOAD_PRIORITY
622.0,luxury_house,2.647745332601033,18.0,11.455764949865477,6.544235050134523,0.0,15.352254667398967,Summer,LOAD_PRIORITY
622.0,small_family,2.0115987267163695,6.5,6.5,0.0,0.0,4.488401273283631,Summer,LOAD_PRIORITY
623.0,apartment,4.121299350666774,3.6399999999999997,3.6399999999999997,0.0,0.0,-0.4812993506667745,Summer,LOAD_PRIORITY
623.0,family_house,6.97450659343608,10.08,10.08,0.0,0.0,3.10549340656392,Summer,LOAD_PRIORITY
623.0,luxury_house,8.13692435900876,18.0,10.366565196771774,7.6334348032282255,0.0,9.86307564099124,Summer,LOAD_PRIORITY
623.0,small_family,6.1819490260001615,6.5,6.5,0.0,0.0,0.3180509739998381,Summer,LOAD_PRIORITY
624.0,apartment,0.0,3.6399999999999997,2.4485746684859535,1.1914253315140464,0.0,3.6399999999999997,Summer,LOAD_PRIORITY
624.0,family_house,0.0,10.08,10.08,0.0,0.0,10.08,Summer,LOAD_PRIORITY
624.0,luxury_house,0.0,18.0,1.7046585241649372,16.295341475835063,0.0,18.0,Summer,LOAD_PRIORITY
624.0,small_family,0.0,6.5,6.5,0.0,0.0,6.5,Summer,LOAD_PRIORITY
625.0,apartment,1.8223843719161619,3.6399999999999997,2.9409170661216004,0.699082933878399,0.0,1.8176156280838376,Summer,LOAD_PRIORITY
625.0,family_house,3.0840350909350436,10.08,10.080000000000002,0.0,0.0,6.9959649090649565,Summer,LOAD_PRIORITY
625.0,luxury_house,3.5980409394242177,18.0,3.5980409394242177,14.401959060575782,0.0,14.401959060575782,Summer,LOAD_PRIORITY
625.0,small_family,2.733576557874243,6.5,5.989433374701346,0.5105666252986534,0.0,3.766423442125757,Summer,LOAD_PRIORITY
626.0,apartment,2.7902329482646246,3.6399999999999997,3.313166518563317,0.3268334814366827,0.0,0.849767051735375,Summer,LOAD_PRIORITY
626.0,family_house,4.721932681678595,10.08,9.815708525531042,0.2642914744689583,0.0,5.358067318321404,Summer,LOAD_PRIORITY
626.0,luxury_house,5.508921461958362,18.0,5.508921461958362,12.491078538041638,0.0,12.491078538041638,Summer,LOAD_PRIORITY
626.0,small_family,4.1853494223969365,6.5,5.946773292540315,0.5532267074596852,0.0,2.314650577603063,Summer,LOAD_PRIORITY
627.0,apartment,2.926057740581627,3.6399999999999997,3.3654068233006256,0.2745931766993742,0.0,0.713942259418373,Summer,LOAD_PRIORITY
627.0,family_house,4.9517900225227525,10.08,9.215964337338512,0.8640356626614875,0.0,5.128209977477248,Summer,LOAD_PRIORITY
627.0,luxury_house,5.777088359609878,18.0,5.777088359609878,12.222911640390123,0.0,12.222911640390123,Summer,LOAD_PRIORITY
627.0,small_family,4.3890866108724405,6.5,5.850488187960751,0.6495118120392491,0.0,2.1109133891275595,Summer,LOAD_PRIORITY
628.0,apartment,3.121050782134428,3.6399999999999997,3.44040414697478,0.19959585302521982,0.0,0.5189492178655715,Summer,LOAD_PRIORITY
628.0,family_house,5.281778246689032,10.08,8.880444561672258,1.1995554383277418,0.0,4.798221753310967,Summer,LOAD_PRIORITY
628.0,luxury_house,6.722263223058768,18.0,6.722263223058768,11.277736776941232,0.0,11.277736776941232,Summer,LOAD_PRIORITY
628.0,small_family,4.681576173201642,6.5,5.93129504559858,0.5687049544014209,0.0,1.818423826798358,Summer,LOAD_PRIORITY
629.0,apartment,3.1789513921642008,3.6399999999999997,3.462673612370846,0.17732638762915337,0.0,0.46104860783579876,Summer,LOAD_PRIORITY
629.0,family_house,5.379763894431725,10.08,8.535803813845472,1.544196186154527,0.0,4.700236105568275,Summer,LOAD_PRIORITY
629.0,luxury_house,6.846972229276741,18.0,6.846972229276741,11.15302777072326,0.0,11.15302777072326,Summer,LOAD_PRIORITY
629.0,small_family,4.768427088246301,6.5,5.6251223498713125,0.8748776501286878,0.0,1.7315729117536987,Summer,LOAD_PRIORITY
630.0,apartment,11.700571946945836,3.6399999999999997,3.6399999999999997,0.0,0.0,-8.060571946945837,Summer,LOAD_PRIORITY
630.0,family_house,19.80096791021603,10.08,10.08,0.0,0.0,-9.720967910216032,Summer,LOAD_PRIORITY
630.0,luxury_house,25.201231885729495,18.0,18.0,0.0,0.0,-7.201231885729495,Summer,LOAD_PRIORITY
630.0,small_family,17.550857920418753,6.5,6.5,0.0,0.0,-11.050857920418753,Summer,LOAD_PRIORITY
631.0,apartment,11.607469777185907,3.6399999999999997,3.6399999999999997,0.0,0.0,-7.967469777185906,Summer,LOAD_PRIORITY
631.0,family_house,19.643410392160767,10.08,10.08,0.0,0.0,-9.563410392160765,Summer,LOAD_PRIORITY
631.0,luxury_house,25.000704135477342,18.0,18.0,0.0,0.0,-7.00070413547734,Summer,LOAD_PRIORITY
631.0,small_family,17.41120466577886,6.5,6.5,0.0,0.0,-10.91120466577886,Summer,LOAD_PRIORITY
632.0,apartment,11.740652204004398,3.6399999999999997,3.6399999999999997,0.0,0.0,-8.1006522040044,Summer,LOAD_PRIORITY
632.0,family_house,19.868796037545906,10.08,10.08,0.0,0.0,-9.788796037545907,Summer,LOAD_PRIORITY
632.0,luxury_house,25.287558593240245,18.0,18.0,0.0,0.0,-7.287558593240245,Summer,LOAD_PRIORITY
632.0,small_family,17.610978306006597,6.5,6.5,0.0,0.0,-11.110978306006597,Summer,LOAD_PRIORITY
633.0,apartment,12.56111345186354,3.6399999999999997,3.6399999999999997,0.0,0.0,-8.92111345186354,Summer,LOAD_PRIORITY
633.0,family_house,21.257268918538294,10.08,10.08,0.0,0.0,-11.177268918538296,Summer,LOAD_PRIORITY
633.0,luxury_house,27.054705896321465,18.0,18.0,0.0,0.0,-9.054705896321467,Summer,LOAD_PRIORITY
633.0,small_family,18.841670177795308,6.5,6.5,0.0,0.0,-12.34167017779531,Summer,LOAD_PRIORITY
634.0,apartment,13.289352783711992,3.6399999999999997,3.6399999999999997,0.0,0.0,-9.649352783711992,Summer,LOAD_PRIORITY
634.0,family_house,22.48967394166645,10.08,10.08,0.0,0.0,-12.409673941666451,Summer,LOAD_PRIORITY
634.0,luxury_house,28.623221380302752,18.0,18.0,0.0,0.0,-10.623221380302752,Summer,LOAD_PRIORITY
634.0,small_family,19.93402917556799,6.5,6.5,0.0,0.0,-13.43402917556799,Summer,LOAD_PRIORITY
635.0,apartment,14.209189529230658,3.6399999999999997,3.6399999999999997,0.0,0.0,-10.569189529230657,Summer,LOAD_PRIORITY
635.0,family_house,24.046320741774956,10.08,10.08,0.0,0.0,-13.966320741774958,Summer,LOAD_PRIORITY
635.0,luxury_house,30.60440821680449,18.0,18.0,0.0,0.0,-12.60440821680449,Summer,LOAD_PRIORITY
635.0,small_family,21.313784293845988,6.5,6.5,0.0,0.0,-14.813784293845988,Summer,LOAD_PRIORITY
636.0,apartment,15.091610425049423,3.6399999999999997,3.6399999999999997,0.0,0.4553955669283466,-11.451610425049422,Summer,LOAD_PRIORITY
636.0,family_house,25.539648411622103,10.08,10.08,0.0,0.0,-15.459648411622103,Summer,LOAD_PRIORITY
636.0,luxury_house,32.50500706933722,18.0,18.0,0.0,0.0,-14.50500706933722,Summer,LOAD_PRIORITY
636.0,small_family,22.637415637574136,6.5,6.5,0.0,0.27535150580701817,-16.137415637574136,Summer,LOAD_PRIORITY
637.0,apartment,16.061948409707774,3.6399999999999997,3.6399999999999997,0.0,0.9555344930544443,-12.421948409707776,Summer,LOAD_PRIORITY
637.0,family_house,27.18175884719777,10.08,10.08,0.0,0.0,-17.10175884719777,Summer,LOAD_PRIORITY
637.0,luxury_house,34.59496580552444,18.0,18.0,0.0,0.0,-16.59496580552444,Summer,LOAD_PRIORITY
637.0,small_family,24.09292261456166,6.5,6.5,0.0,2.744372539089756,-17.59292261456166,Summer,LOAD_PRIORITY
638.0,apartment,17.12654351232245,3.6399999999999997,3.6399999999999997,0.0,3.238408305005426,-13.48654351232245,Summer,LOAD_PRIORITY
638.0,family_house,28.98338132854569,10.08,10.08,0.0,0.0,-18.90338132854569,Summer,LOAD_PRIORITY
638.0,luxury_house,36.88793987269451,18.0,18.0,0.0,0.0,-18.88793987269451,Summer,LOAD_PRIORITY
638.0,small_family,25.68981526848368,6.5,6.5,0.0,5.768770018009878,-19.18981526848368,Summer,LOAD_PRIORITY
639.0,apartment,16.947202912320797,3.6399999999999997,3.6399999999999997,0.0,4.583267467654103,-13.307202912320797,Summer,LOAD_PRIORITY
639.0,family_house,28.67988185161981,10.08,10.08,0.0,1.5377070536893211,-18.599881851619813,Summer,LOAD_PRIORITY
639.0,luxury_house,36.50166781115249,18.0,18.0,0.0,0.0,-18.501667811152487,Summer,LOAD_PRIORITY
639.0,small_family,25.4208043684812,6.5,6.5,0.0,12.490432749652404,-18.9208043684812,Summer,LOAD_PRIORITY
640.0,apartment,12.81841492152627,3.6399999999999997,3.6399999999999997,0.0,6.605390729596838,-9.17841492152627,Summer,LOAD_PRIORITY
640.0,family_house,21.692702174890613,10.08,10.08,0.0,1.0630777875856978,-11.612702174890613,Summer,LOAD_PRIORITY
640.0,luxury_house,27.60889367713351,18.0,18.0,0.0,0.0,-9.608893677133509,Summer,LOAD_PRIORITY
640.0,small_family,19.227622382289404,6.5,6.5,0.0,12.727622382289406,-12.727622382289406,Summer,LOAD_PRIORITY
641.0,apartment,9.6372082626755,3.6399999999999997,3.6399999999999997,0.0,5.997208262675501,-5.997208262675501,Summer,LOAD_PRIORITY
641.0,family_house,16.309121675297,10.08,10.08,0.0,1.3449563960024802,-6.229121675297002,Summer,LOAD_PRIORITY
641.0,luxury_house,20.757063950378004,18.0,18.0,0.0,0.0,-2.7570639503780026,Summer,LOAD_PRIORITY
641.0,small_family,14.45581239401325,6.5,6.5,0.0,7.95581239401325,-7.95581239401325,Summer,LOAD_PRIORITY
642.0,apartment,7.731207775664631,23.52131147139627,23.521311471396274,0.0,0.28065699496837315,15.790103695731641,Summer,LOAD_PRIORITY
642.0,family_house,13.083582389586297,25.256838921511065,25.256838921511065,0.0,0.0,12.173256531924768,Summer,LOAD_PRIORITY
642.0,luxury_house,16.65183213220074,37.859550682886706,37.859550682886706,0.0,0.0,21.20771855068597,Summer,LOAD_PRIORITY
642.0,small_family,11.596811663496945,23.503562051753573,23.503562051753573,0.0,0.3321043666033977,11.906750388256627,Summer,LOAD_PRIORITY
643.0,apartment,0.0,22.931043400868727,22.931043400868727,0.0,0.0,22.931043400868727,Summer,LOAD_PRIORITY
643.0,family_house,0.0,28.872626976142502,28.872626976142502,0.0,0.0,28.872626976142502,Summer,LOAD_PRIORITY
643.0,luxury_house,0.0,36.67959901998364,36.67959901998364,0.0,0.0,36.67959901998364,Summer,LOAD_PRIORITY
643.0,small_family,0.0,26.98018016350184,26.98018016350184,0.0,0.0,26.98018016350184,Summer,LOAD_PRIORITY
644.0,apartment,0.0,20.517218277126933,20.517218277126933,0.0,0.0,20.517218277126933,Summer,LOAD_PRIORITY
644.0,family_house,0.0,27.933791718154207,27.933791718154207,0.0,0.0,27.933791718154207,Summer,LOAD_PRIORITY
644.0,luxury_house,0.0,34.66259538388716,34.66259538388716,0.0,0.0,34.66259538388716,Summer,LOAD_PRIORITY
644.0,small_family,0.0,24.393181193452108,24.393181193452108,0.0,0.0,24.393181193452108,Summer,LOAD_PRIORITY
645.0,apartment,0.0,25.124847439969127,23.691835904581687,1.43301153538744,0.0,25.124847439969127,Summer,LOAD_PRIORITY
645.0,family_house,0.0,27.565286292590688,27.565286292590688,0.0,0.0,27.565286292590688,Summer,LOAD_PRIORITY
645.0,luxury_house,0.0,35.58159489705672,25.28451692245541,10.297077974601303,0.0,35.58159489705672,Summer,LOAD_PRIORITY
645.0,small_family,0.0,27.716757433894973,26.84712571654621,0.8696317173487635,0.0,27.716757433894973,Summer,LOAD_PRIORITY
646.0,apartment,0.5921953434575284,3.6399999999999997,3.0943460458283454,0.5456539541716543,0.0,3.0478046565424712,Summer,LOAD_PRIORITY
646.0,family_house,1.0021767350819712,10.08,9.956192858895145,0.12380714110485425,0.0,9.07782326491803,Summer,LOAD_PRIORITY
646.0,luxury_house,1.2754976628315995,18.0,4.60569925050578,13.39430074949422,0.0,16.7245023371684,Summer,LOAD_PRIORITY
646.0,small_family,0.8882930151862927,6.5,5.636660463874814,0.8633395361251858,0.0,5.611706984813708,Summer,LOAD_PRIORITY
647.0,apartment,3.2405386786959407,3.6399999999999997,3.5478166181606015,0.09218338183939823,0.0,0.399461321304059,Summer,LOAD_PRIORITY
647.0,family_house,5.483988533177746,10.08,9.696999044431479,0.3830009555685212,0.0,4.5960114668222545,Summer,LOAD_PRIORITY
647.0,luxury_house,6.979621769498949,18.0,6.979621769498949,11.02037823050105,0.0,11.020378230501052,Summer,LOAD_PRIORITY
647.0,small_family,4.860808018043911,6.5,6.247816618160602,0.25218338183939837,0.0,1.6391919819560894,Summer,LOAD_PRIORITY
648.0,apartment,0.0,3.6399999999999997,2.788527671684049,0.8514723283159505,0.0,3.6399999999999997,Summer,LOAD_PRIORITY
648.0,family_house,0.0,10.08,8.496322319544998,1.5836776804550015,0.0,10.08,Summer,LOAD_PRIORITY
648.0,luxury_house,0.0,18.0,0.0,18.0,0.0,18.0,Summer,LOAD_PRIORITY
648.0,small_family,0.0,6.5,5.0733662023556985,1.4266337976443018,0.0,6.5,Summer,LOAD_PRIORITY
649.0,apartment,0.9588316998330642,3.6399999999999997,2.6761313329497574,0.9638686670502423,0.0,2.6811683001669353,Summer,LOAD_PRIORITY
649.0,family_house,1.6226382612559547,10.08,7.682575051815009,2.397424948184989,0.0,8.457361738744044,Summer,LOAD_PRIORITY
649.0,luxury_house,2.0651759688712152,18.0,2.0651759688712152,15.934824031128784,0.0,15.934824031128784,Summer,LOAD_PRIORITY
649.0,small_family,1.4382475497495963,6.5,5.311652344185563,1.1883476558144364,0.0,5.061752450250404,Summer,LOAD_PRIORITY
650.0,apartment,2.564884536591142,3.6399999999999997,3.1900824689638303,0.4499175310361695,0.0,1.0751154634088576,Summer,LOAD_PRIORITY
650.0,family_house,4.340573831154241,10.08,8.16685794371808,1.9131420562819197,0.0,5.739426168845759,Summer,LOAD_PRIORITY
650.0,luxury_house,5.524366694196306,18.0,5.524366694196306,12.475633305803694,0.0,12.475633305803694,Summer,LOAD_PRIORITY
650.0,small_family,3.847326804886713,6.5,5.612238351615373,0.8877616483846272,0.0,2.652673195113287,Summer,LOAD_PRIORITY
651.0,apartment,2.3685474308163967,3.6399999999999997,2.95924382061459,0.6807561793854098,0.0,1.2714525691836027,Summer,LOAD_PRIORITY
651.0,family_house,4.0083110367662105,10.08,7.733783897118867,2.3462161028811326,0.0,6.07168896323379,Summer,LOAD_PRIORITY
651.0,luxury_house,5.101486774066085,18.0,5.101486774066085,12.898513225933915,0.0,12.898513225933915,Summer,LOAD_PRIORITY
651.0,small_family,3.552821146224595,6.5,5.366469671624844,1.1335303283751559,0.0,2.947178853775405,Summer,LOAD_PRIORITY
652.0,apartment,3.405600815553123,3.6399999999999997,3.5137850545286042,0.12621494547139517,0.0,0.23439918444687674,Summer,LOAD_PRIORITY
652.0,family_house,5.7633244570899,10.08,7.9829108109234195,2.0970891890765797,0.0,4.316675542910099,Summer,LOAD_PRIORITY
652.0,luxury_house,7.335140218114418,18.0,7.335140218114418,10.664859781885582,0.0,10.664859781885582,Summer,LOAD_PRIORITY
652.0,small_family,5.108401223329684,6.5,5.9319493756633115,0.5680506243366886,0.0,1.3915987766703157,Summer,LOAD_PRIORITY
653.0,apartment,3.4788148844986115,3.6399999999999997,3.5532080147300213,0.08679198526997811,0.0,0.16118511550138792,Summer,LOAD_PRIORITY
653.0,family_house,5.887225189151497,10.08,7.830272957873563,2.2497270421264375,0.0,4.192774810848503,Summer,LOAD_PRIORITY
653.0,luxury_house,7.492832058920087,18.0,7.492832058920087,10.507167941079913,0.0,10.507167941079913,Summer,LOAD_PRIORITY
653.0,small_family,5.2182223267479175,6.5,5.908410304652885,0.5915896953471151,0.0,1.281777673252083,Summer,LOAD_PRIORITY
654.0,apartment,12.5077803898449,3.6399999999999997,3.6399999999999997,0.0,0.0,-8.867780389844901,Summer,LOAD_PRIORITY
654.0,family_house,21.167012967429834,10.08,10.08,0.0,0.0,-11.087012967429834,Summer,LOAD_PRIORITY
654.0,luxury_house,26.93983468581979,18.0,18.0,0.0,0.0,-8.93983468581979,Summer,LOAD_PRIORITY
654.0,small_family,18.76167058476735,6.5,6.5,0.0,0.0,-12.261670584767351,Summer,LOAD_PRIORITY
655.0,apartment,12.668263219377597,3.6399999999999997,3.6399999999999997,0.0,0.0,-9.028263219377596,Summer,LOAD_PRIORITY
655.0,family_house,21.438599294331315,10.08,10.08,0.0,0.0,-11.358599294331315,Summer,LOAD_PRIORITY
655.0,luxury_house,27.285490010967127,18.0,18.0,0.0,0.0,-9.285490010967127,Summer,LOAD_PRIORITY
655.0,small_family,19.002394829066397,6.5,6.5,0.0,0.0,-12.502394829066395,Summer,LOAD_PRIORITY
656.0,apartment,12.529897799629463,3.6399999999999997,3.6399999999999997,0.0,0.0,-8.889897799629463,Summer,LOAD_PRIORITY
656.0,family_house,21.204442430142166,10.08,10.08,0.0,0.0,-11.124442430142167,Summer,LOAD_PRIORITY
656.0,luxury_house,26.987472183817303,18.0,18.0,0.0,0.0,-8.987472183817305,Summer,LOAD_PRIORITY
656.0,small_family,18.794846699444193,6.5,6.5,0.0,0.0,-12.294846699444193,Summer,LOAD_PRIORITY
657.0,apartment,12.516981966621387,3.6399999999999997,3.6399999999999997,0.0,0.0,-8.876981966621386,Summer,LOAD_PRIORITY
657.0,family_house,21.18258486659004,10.08,10.08,0.0,0.0,-11.10258486659004,Summer,LOAD_PRIORITY
657.0,luxury_house,26.959653466569144,18.0,18.0,0.0,0.0,-8.959653466569142,Summer,LOAD_PRIORITY
657.0,small_family,18.77547294993208,6.5,6.5,0.0,0.0,-12.27547294993208,Summer,LOAD_PRIORITY
658.0,apartment,14.670486844388245,3.6399999999999997,3.6399999999999997,0.0,0.0,-11.030486844388244,Summer,LOAD_PRIORITY
658.0,family_house,24.826977736657028,10.08,10.08,0.0,0.0,-14.746977736657028,Summer,LOAD_PRIORITY
658.0,luxury_house,31.59797166483622,18.0,18.0,0.0,0.0,-13.59797166483622,Summer,LOAD_PRIORITY
658.0,small_family,22.005730266582365,6.5,6.5,0.0,0.0,-15.505730266582365,Summer,LOAD_PRIORITY
659.0,apartment,15.659714561315171,3.6399999999999997,3.6399999999999997,0.0,0.0,-12.01971456131517,Summer,LOAD_PRIORITY
659.0,family_house,26.501055411456445,10.08,10.08,0.0,0.0,-16.421055411456447,Summer,LOAD_PRIORITY
659.0,luxury_house,33.72861597821729,18.0,18.0,0.0,0.0,-15.728615978217292,Summer,LOAD_PRIORITY
659.0,small_family,23.489571841972758,6.5,6.5,0.0,0.0,-16.989571841972758,Summer,LOAD_PRIORITY
660.0,apartment,14.947212258957084,3.6399999999999997,3.6399999999999997,0.0,0.0,-11.307212258957083,Summer,LOAD_PRIORITY
660.0,family_house,25.295282284388914,10.08,10.08,0.0,0.0,-15.215282284388916,Summer,LOAD_PRIORITY
660.0,luxury_house,32.193995634676796,18.0,18.0,0.0,0.0,-14.1939956346768,Summer,LOAD_PRIORITY
660.0,small_family,22.420818388435627,6.5,6.5,0.0,0.7452559502250005,-15.920818388435626,Summer,LOAD_PRIORITY
661.0,apartment,16.36655694583105,3.6399999999999997,3.6399999999999997,0.0,0.2373336700168499,-12.72655694583105,Summer,LOAD_PRIORITY
661.0,family_house,27.69725021602178,10.08,10.08,0.0,0.0,-17.61725021602178,Summer,LOAD_PRIORITY
661.0,luxury_house,35.251045729482264,18.0,18.0,0.0,0.0,-17.251045729482264,Summer,LOAD_PRIORITY
661.0,small_family,24.549835418746575,6.5,6.5,0.0,2.8795207780268224,-18.049835418746575,Summer,LOAD_PRIORITY
662.0,apartment,17.878635144928747,3.6399999999999997,3.6399999999999997,0.0,1.9461738781797595,-14.238635144928747,Summer,LOAD_PRIORITY
662.0,family_house,30.256151783725578,10.08,10.08,0.0,0.0,-20.17615178372558,Summer,LOAD_PRIORITY
662.0,luxury_house,38.50782954292346,18.0,18.0,0.0,0.0,-20.507829542923457,Summer,LOAD_PRIORITY
662.0,small_family,26.817952717393123,6.5,6.5,0.0,9.988814449023936,-20.317952717393123,Summer,LOAD_PRIORITY
663.0,apartment,16.845229976507767,3.6399999999999997,3.6399999999999997,0.0,5.868822768881072,-13.205229976507765,Summer,LOAD_PRIORITY
663.0,family_house,28.507312267936214,10.08,10.08,0.0,2.2434439606856476,-18.427312267936216,Summer,LOAD_PRIORITY
663.0,luxury_house,36.282033795555186,18.0,18.0,0.0,0.0,-18.282033795555186,Summer,LOAD_PRIORITY
663.0,small_family,25.267844964761643,6.5,6.5,0.0,18.3461196212435,-18.767844964761643,Summer,LOAD_PRIORITY
664.0,apartment,15.437773742667616,3.6399999999999997,3.6399999999999997,0.0,11.797773742667616,-11.797773742667616,Summer,LOAD_PRIORITY
664.0,family_house,26.125463256822123,10.08,10.08,0.0,4.011365814205531,-16.045463256822124,Summer,LOAD_PRIORITY
664.0,luxury_house,33.25058959959179,18.0,18.0,0.0,0.0,-15.250589599591791,Summer,LOAD_PRIORITY
664.0,small_family,23.156660614001424,6.5,6.5,0.0,16.656660614001424,-16.656660614001424,Summer,LOAD_PRIORITY
665.0,apartment,12.923155811697075,3.6399999999999997,3.6399999999999997,0.0,9.283155811697075,-9.283155811697075,Summer,LOAD_PRIORITY
665.0,family_house,21.86995598902582,10.08,10.08,0.0,6.91255923253522,-11.789955989025819,Summer,LOAD_PRIORITY
665.0,luxury_house,27.834489440578313,18.0,18.0,0.0,0.0,-9.834489440578313,Summer,LOAD_PRIORITY
665.0,small_family,19.38473371754561,6.5,6.5,0.0,12.884733717545613,-12.884733717545613,Summer,LOAD_PRIORITY
666.0,apartment,8.619453662558918,26.73738206895556,26.73738206895556,0.0,0.0,18.117928406396643,Summer,LOAD_PRIORITY
666.0,family_house,14.586767736638167,29.04254676925501,29.04254676925501,0.0,1.3472782183029224,14.455779032616842,Summer,LOAD_PRIORITY
666.0,luxury_house,18.564977119357668,35.57685967927706,35.57685967927706,0.0,0.0,17.011882559919393,Summer,LOAD_PRIORITY
666.0,small_family,12.929180493838375,27.261921309452703,27.261921309452703,0.0,0.0,14.332740815614326,Summer,LOAD_PRIORITY
667.0,apartment,0.0,23.281839773928265,23.281839773928265,0.0,0.0,23.281839773928265,Summer,LOAD_PRIORITY
667.0,family_house,0.0,27.56556350698981,27.56556350698981,0.0,0.0,27.56556350698981,Summer,LOAD_PRIORITY
667.0,luxury_house,0.0,37.655861264591515,37.655861264591515,0.0,0.0,37.655861264591515,Summer,LOAD_PRIORITY
667.0,small_family,0.0,22.252347451233064,22.252347451233064,0.0,0.0,22.252347451233064,Summer,LOAD_PRIORITY
668.0,apartment,0.0,27.80901486991234,27.80901486991234,0.0,0.0,27.80901486991234,Summer,LOAD_PRIORITY
668.0,family_house,0.0,30.34750757498501,30.34750757498501,0.0,0.0,30.34750757498501,Summer,LOAD_PRIORITY
668.0,luxury_house,0.0,38.58435210306119,38.58435210306119,0.0,0.0,38.58435210306119,Summer,LOAD_PRIORITY
668.0,small_family,0.0,26.498458294613968,26.498458294613968,0.0,0.0,26.498458294613968,Summer,LOAD_PRIORITY
669.0,apartment,0.23603014689180493,18.945033642113238,16.982056208939888,1.962977433173351,0.0,18.709003495221435,Summer,LOAD_PRIORITY
669.0,family_house,0.399435633201516,24.372337079293093,24.372337079293093,0.0,0.0,23.97290144609158,Summer,LOAD_PRIORITY
669.0,luxury_house,0.5083726240746568,34.162075208750394,32.39607775826103,1.7659974504893672,0.0,33.65370258467574,Summer,LOAD_PRIORITY
669.0,small_family,0.35404522033770736,24.796858441597927,24.796858441597927,0.0,0.0,24.442813221260224,Summer,LOAD_PRIORITY
670.0,apartment,1.8374815382517389,3.6399999999999997,3.0853789348466885,0.554621065153311,0.0,1.8025184617482608,Summer,LOAD_PRIORITY
670.0,family_house,3.1095841416567884,10.08,10.080000000000002,0.0,0.0,6.970415858343212,Summer,LOAD_PRIORITY
670.0,luxury_house,3.957652543926822,18.0,13.57962287256377,4.420377127436231,0.0,14.042347456073179,Summer,LOAD_PRIORITY
670.0,small_family,2.756222307377608,6.5,6.484733483875625,0.015266516124375074,0.0,3.7437776926223916,Summer,LOAD_PRIORITY
671.0,apartment,2.7185279005927274,3.6399999999999997,3.318934977580223,0.3210650224197765,0.0,0.9214720994072724,Summer,LOAD_PRIORITY
671.0,family_house,4.600585677926154,10.08,9.980207236732802,0.09979276326719677,0.0,5.479414322073845,Summer,LOAD_PRIORITY
671.0,luxury_house,5.855290862815105,18.0,13.05977805954331,4.940221940456689,0.0,12.144709137184893,Summer,LOAD_PRIORITY
671.0,small_family,4.077791850889091,6.5,6.313676296222238,0.18632370377776225,0.0,2.4222081491109093,Summer,LOAD_PRIORITY
672.0,apartment,0.0,3.6399999999999997,2.2399999999999998,1.4,0.0,3.6399999999999997,Summer,LOAD_PRIORITY
672.0,family_house,0.0,10.08,9.24,0.84,0.0,10.08,Summer,LOAD_PRIORITY
672.0,luxury_house,0.0,18.0,2.7708609726075624,15.229139027392437,0.0,18.0,Summer,LOAD_PRIORITY
672.0,small_family,0.0,6.5,6.0,0.5,0.0,6.5,Summer,LOAD_PRIORITY
673.0,apartment,1.2119086263112497,3.6399999999999997,2.7061187024274034,0.9338812975725961,0.0,2.4280913736887495,Summer,LOAD_PRIORITY
673.0,family_house,2.0509222906805764,10.08,9.41091019089005,0.669089809109952,0.0,8.029077709319424,Summer,LOAD_PRIORITY
673.0,luxury_house,2.6102647335934615,18.0,2.610264733593461,15.38973526640654,0.0,15.38973526640654,Summer,LOAD_PRIORITY
673.0,small_family,1.8178629394668746,6.5,5.909939807907184,0.5900601920928152,0.0,4.682137060533125,Summer,LOAD_PRIORITY
674.0,apartment,2.261401579740239,3.6399999999999997,3.10976983836163,0.5302301616383696,0.0,1.3785984202597608,Summer,LOAD_PRIORITY
674.0,family_house,3.826987288791173,10.08,9.051074035983707,1.0289259640162949,0.0,6.253012711208827,Summer,LOAD_PRIORITY
674.0,luxury_house,4.87071109482513,18.0,4.87071109482513,13.129288905174871,0.0,13.129288905174871,Summer,LOAD_PRIORITY
674.0,small_family,3.3921023696103583,6.5,5.842691626238478,0.6573083737615222,0.0,3.1078976303896417,Summer,LOAD_PRIORITY
675.0,apartment,2.3914995158026215,3.6399999999999997,3.159807506077931,0.48019249392206853,0.0,1.2485004841973781,Summer,LOAD_PRIORITY
675.0,family_house,4.0471530267428975,10.08,8.443696006903732,1.6363039930962686,0.0,6.032846973257102,Summer,LOAD_PRIORITY
675.0,luxury_house,5.150922034036416,18.0,5.150922034036416,12.849077965963584,0.0,12.849077965963584,Summer,LOAD_PRIORITY
675.0,small_family,3.5872492737039323,6.5,5.827826755470138,0.6721732445298618,0.0,2.9127507262960677,Summer,LOAD_PRIORITY
676.0,apartment,1.93368658654794,3.6399999999999997,2.933571628843133,0.7064283711568669,0.0,1.7063134134520594,Summer,LOAD_PRIORITY
676.0,family_house,3.272392684927283,10.08,6.853795763126715,3.226204236873286,0.0,6.807607315072717,Summer,LOAD_PRIORITY
676.0,luxury_house,4.164863417180178,18.0,4.164863417180178,13.835136582819821,0.0,13.835136582819821,Summer,LOAD_PRIORITY
676.0,small_family,2.90052987982191,6.5,5.502486614718541,0.9975133852814589,0.0,3.5994701201780894,Summer,LOAD_PRIORITY
677.0,apartment,2.006586220545737,3.6399999999999997,2.885386756927273,0.7546132430727268,0.0,1.6334137794542625,Summer,LOAD_PRIORITY
677.0,family_house,3.395761296308171,10.08,6.1903553213379325,3.889644678662066,0.0,6.684238703691828,Summer,LOAD_PRIORITY
677.0,luxury_house,4.3218780134831265,18.0,4.3218780134831265,13.678121986516874,0.0,13.678121986516874,Summer,LOAD_PRIORITY
677.0,small_family,3.0098793308186056,6.5,5.216788331210045,1.2832116687899542,0.0,3.4901206691813944,Summer,LOAD_PRIORITY
678.0,apartment,10.818432576936392,3.6399999999999997,3.6399999999999997,0.0,0.0,-7.178432576936391,Summer,LOAD_PRIORITY
678.0,family_house,18.30811666866159,10.08,10.08,0.0,0.0,-8.228116668661588,Summer,LOAD_PRIORITY
678.0,luxury_house,23.301239396478383,18.0,18.0,0.0,0.0,-5.301239396478383,Summer,LOAD_PRIORITY
678.0,small_family,16.22764886540459,6.5,6.5,0.0,0.0,-9.72764886540459,Summer,LOAD_PRIORITY
679.0,apartment,11.124766179651315,3.6399999999999997,3.6399999999999997,0.0,0.0,-7.484766179651315,Summer,LOAD_PRIORITY
679.0,family_house,18.82652738094838,10.08,10.08,0.0,0.0,-8.74652738094838,Summer,LOAD_PRIORITY
679.0,luxury_house,23.961034848479756,18.0,18.0,0.0,0.0,-5.9610348484797555,Summer,LOAD_PRIORITY
679.0,small_family,16.687149269476972,6.5,6.5,0.0,0.0,-10.187149269476974,Summer,LOAD_PRIORITY
680.0,apartment,12.21797518258214,3.6399999999999997,3.6399999999999997,0.0,0.0,-8.57797518258214,Summer,LOAD_PRIORITY
680.0,family_house,20.676573385908238,10.08,10.08,0.0,0.0,-10.596573385908238,Summer,LOAD_PRIORITY
680.0,luxury_house,26.315638854792304,18.0,18.0,0.0,0.0,-8.315638854792304,Summer,LOAD_PRIORITY
680.0,small_family,18.32696277387321,6.5,6.5,0.0,0.0,-11.826962773873209,Summer,LOAD_PRIORITY
681.0,apartment,13.623861033937494,3.6399999999999997,3.6399999999999997,0.0,0.0,-9.983861033937494,Summer,LOAD_PRIORITY
681.0,family_house,23.055764826663452,10.08,10.08,0.0,0.0,-12.97576482666345,Summer,LOAD_PRIORITY
681.0,luxury_house,29.34370068848076,18.0,18.0,0.0,0.0,-11.343700688480759,Summer,LOAD_PRIORITY
681.0,small_family,20.43579155090624,6.5,6.5,0.0,0.0,-13.93579155090624,Summer,LOAD_PRIORITY
682.0,apartment,14.103697289592247,3.6399999999999997,3.6399999999999997,0.0,0.0,-10.463697289592247,Summer,LOAD_PRIORITY
682.0,family_house,23.86779541315611,10.08,10.08,0.0,0.0,-13.787795413156108,Summer,LOAD_PRIORITY
682.0,luxury_house,30.377194162198684,18.0,18.0,0.0,0.0,-12.377194162198684,Summer,LOAD_PRIORITY
682.0,small_family,21.155545934388368,6.5,6.5,0.0,0.0,-14.655545934388368,Summer,LOAD_PRIORITY
683.0,apartment,13.985508220574868,3.6399999999999997,3.6399999999999997,0.0,0.0,-10.34550822057487,Summer,LOAD_PRIORITY
683.0,family_house,23.667783142511315,10.08,10.08,0.0,0.0,-13.587783142511315,Summer,LOAD_PRIORITY
683.0,luxury_house,30.122633090468945,18.0,18.0,0.0,0.0,-12.122633090468945,Summer,LOAD_PRIORITY
683.0,small_family,20.978262330862304,6.5,6.5,0.0,0.0,-14.478262330862304,Summer,LOAD_PRIORITY
684.0,apartment,15.032406210423026,3.6399999999999997,3.6399999999999997,0.0,0.0,-11.392406210423026,Summer,LOAD_PRIORITY
684.0,family_house,25.43945666379281,10.08,10.08,0.0,0.0,-15.359456663792814,Summer,LOAD_PRIORITY
684.0,luxury_house,32.37749029937267,18.0,18.0,0.0,0.0,-14.37749029937267,Summer,LOAD_PRIORITY
684.0,small_family,22.54860931563454,6.5,6.5,0.0,0.0,-16.04860931563454,Summer,LOAD_PRIORITY
685.0,apartment,17.227673147458876,3.6399999999999997,3.6399999999999997,0.0,0.0,-13.587673147458878,Summer,LOAD_PRIORITY
685.0,family_house,29.15452378800733,10.08,10.08,0.0,0.0,-19.074523788007333,Summer,LOAD_PRIORITY
685.0,luxury_house,37.105757548372964,18.0,18.0,0.0,0.0,-19.105757548372967,Summer,LOAD_PRIORITY
685.0,small_family,25.841509721188316,6.5,6.5,0.0,2.3076585992562846,-19.341509721188316,Summer,LOAD_PRIORITY
686.0,apartment,17.883680883850722,3.6399999999999997,3.6399999999999997,0.0,0.0,-14.24368088385072,Summer,LOAD_PRIORITY
686.0,family_house,30.264690726516605,10.08,10.08,0.0,0.30750306603748934,-20.184690726516607,Summer,LOAD_PRIORITY
686.0,luxury_house,38.51869728829386,18.0,18.0,0.0,0.0,-20.518697288293858,Summer,LOAD_PRIORITY
686.0,small_family,26.825521325776084,6.5,6.5,0.0,5.931267197304104,-20.325521325776084,Summer,LOAD_PRIORITY
687.0,apartment,17.856325303235643,3.6399999999999997,3.6399999999999997,0.0,3.040845313593077,-14.216325303235642,Summer,LOAD_PRIORITY
687.0,family_house,30.21839666701416,10.08,10.08,0.0,3.356399444502361,-20.138396667014163,Summer,LOAD_PRIORITY
687.0,luxury_house,38.45977757619984,18.0,18.0,0.0,0.0,-20.459777576199844,Summer,LOAD_PRIORITY
687.0,small_family,26.784487954853464,6.5,6.5,0.0,16.92493574949763,-20.284487954853464,Summer,LOAD_PRIORITY
688.0,apartment,14.295703088239268,3.6399999999999997,3.6399999999999997,0.0,9.497311036714054,-10.655703088239267,Summer,LOAD_PRIORITY
688.0,family_house,24.19272830317415,10.08,10.08,0.0,3.398740075603537,-14.11272830317415,Summer,LOAD_PRIORITY
688.0,luxury_house,30.790745113130733,18.0,18.0,0.0,0.0,-12.790745113130733,Summer,LOAD_PRIORITY
688.0,small_family,21.4435546323589,6.5,6.5,0.0,14.9435546323589,-14.9435546323589,Summer,LOAD_PRIORITY
689.0,apartment,10.922857589543584,3.6399999999999997,3.6399999999999997,0.0,7.282857589543584,-7.282857589543584,Summer,LOAD_PRIORITY
689.0,family_house,18.484835920766066,10.08,10.08,0.0,2.897176382207248,-8.404835920766068,Summer,LOAD_PRIORITY
689.0,luxury_house,23.52615480824772,18.0,18.0,0.0,0.0,-5.526154808247721,Summer,LOAD_PRIORITY
689.0,small_family,16.384286384315377,6.5,6.5,0.0,9.884286384315377,-9.884286384315377,Summer,LOAD_PRIORITY
690.0,apartment,7.902972917808491,26.80088797254159,26.80088797254159,0.0,0.5229135047964363,18.8979150547331,Summer,LOAD_PRIORITY
690.0,family_house,13.374261860906678,28.706068724760485,28.706068724760485,0.0,0.0005931157803975573,15.331806863853807,Summer,LOAD_PRIORITY
690.0,luxury_house,17.021787822972136,35.736692168188426,35.736692168188426,0.0,0.0,18.714904345216286,Summer,LOAD_PRIORITY
690.0,small_family,11.854459376712736,33.66887138434541,33.66887138434541,0.0,0.0,21.81441200763267,Summer,LOAD_PRIORITY
691.0,apartment,0.0,19.95100286824824,19.95100286824824,0.0,0.0,19.95100286824824,Summer,LOAD_PRIORITY
691.0,family_house,0.0,26.770412272767075,26.770412272767075,0.0,0.0,26.770412272767075,Summer,LOAD_PRIORITY
691.0,luxury_house,0.0,35.669259033785245,35.669259033785245,0.0,0.0,35.669259033785245,Summer,LOAD_PRIORITY
691.0,small_family,0.0,27.45957779409927,27.45957779409927,0.0,0.0,27.45957779409927,Summer,LOAD_PRIORITY
692.0,apartment,0.0,24.715551004403157,24.40544316934856,0.3101078350545987,0.0,24.715551004403157,Summer,LOAD_PRIORITY
692.0,family_house,0.0,27.67024311731071,27.67024311731071,0.0,0.0,27.67024311731071,Summer,LOAD_PRIORITY
692.0,luxury_house,0.0,32.84756314409003,32.84756314409003,0.0,0.0,32.84756314409003,Summer,LOAD_PRIORITY
692.0,small_family,0.0,21.872992521505815,21.872992521505815,0.0,0.0,21.872992521505815,Summer,LOAD_PRIORITY
693.0,apartment,0.0,19.021389754732503,15.373585746239554,3.6478040084929484,0.0,19.021389754732503,Summer,LOAD_PRIORITY
693.0,family_house,0.0,24.732641819452304,24.732641819452304,0.0,0.0,24.732641819452304,Summer,LOAD_PRIORITY
693.0,luxury_house,0.0,35.10718116220871,31.48070726971576,3.626473892492952,0.0,35.10718116220871,Summer,LOAD_PRIORITY
693.0,small_family,0.0,24.044225669226105,24.044225669226105,0.0,0.0,24.044225669226105,Summer,LOAD_PRIORITY
694.0,apartment,0.5443361217542177,3.6399999999999997,2.925616028097127,0.7143839719028727,0.0,3.095663878245782,Summer,LOAD_PRIORITY
694.0,family_house,0.9211842060455993,10.08,10.08,0.0,0.0,9.1588157939544,Summer,LOAD_PRIORITY
694.0,luxury_house,1.1724162622398537,18.0,11.03649809846041,6.9635019015395905,0.0,16.827583737760143,Summer,LOAD_PRIORITY
694.0,small_family,0.8165041826313267,6.5,6.5,0.0,0.0,5.683495817368673,Summer,LOAD_PRIORITY
695.0,apartment,4.307725645497277,3.6399999999999997,3.6399999999999997,0.0,0.0,-0.667725645497278,Summer,LOAD_PRIORITY
695.0,family_house,7.289997246226163,10.08,10.08,0.0,0.0,2.7900027537738374,Summer,LOAD_PRIORITY
695.0,luxury_house,9.278178313378753,18.0,12.190340990919719,5.809659009080282,0.0,8.721821686621247,Summer,LOAD_PRIORITY
695.0,small_family,6.461588468245917,6.5,6.5,0.0,0.0,0.03841153175408352,Summer,LOAD_PRIORITY
696.0,apartment,0.0,3.6399999999999997,2.938681480218665,0.7013185197813345,0.0,3.6399999999999997,Summer,LOAD_PRIORITY
696.0,family_house,0.0,10.08,9.938387490245992,0.1416125097540072,0.0,10.08,Summer,LOAD_PRIORITY
696.0,luxury_house,0.0,18.0,1.8485838174725067,16.151416182527495,0.0,18.0,Summer,LOAD_PRIORITY
696.0,small_family,0.0,6.5,5.979924845105335,0.5200751548946654,0.0,6.5,Summer,LOAD_PRIORITY
697.0,apartment,0.36544787360229947,3.6399999999999997,2.884334124677453,0.7556658753225463,0.0,3.2745521263977,Summer,LOAD_PRIORITY
697.0,family_house,0.6184502476346607,10.08,8.891502032756406,1.1884979672435925,0.0,9.46154975236534,Summer,LOAD_PRIORITY
697.0,luxury_house,0.7871184969895682,18.0,0.8299136800131752,17.170086319986826,0.0,17.212881503010433,Summer,LOAD_PRIORITY
697.0,small_family,0.5481718104034492,6.5,5.283069579292355,1.2169304207076455,0.0,5.951828189596551,Summer,LOAD_PRIORITY
698.0,apartment,1.484268860819928,3.6399999999999997,2.9884122974362,0.6515877025637995,0.0,2.1557311391800718,Summer,LOAD_PRIORITY
698.0,family_house,2.5118396106183396,10.08,8.570605465895971,1.509394534104029,0.0,7.56816038938166,Summer,LOAD_PRIORITY
698.0,luxury_house,3.196886777150614,18.0,3.196886777150614,14.803113222849387,0.0,14.803113222849387,Summer,LOAD_PRIORITY
698.0,small_family,2.2264032912298917,6.5,4.566414748390147,1.9335852516098524,0.0,4.273596708770108,Summer,LOAD_PRIORITY
699.0,apartment,1.963195559139379,3.6399999999999997,2.978923442613029,0.6610765573869708,0.0,1.6768044408606206,Summer,LOAD_PRIORITY
699.0,family_house,3.3223309462358723,10.08,7.91486521134062,2.1651347886593793,0.0,6.757669053764127,Summer,LOAD_PRIORITY
699.0,luxury_house,4.228421204300201,18.0,4.228421204300201,13.7715787956998,0.0,13.7715787956998,Summer,LOAD_PRIORITY
699.0,small_family,2.9447933387090686,6.5,4.391464775064563,2.108535224935437,0.0,3.5552066612909314,Summer,LOAD_PRIORITY
700.0,apartment,2.1550422684326564,3.6399999999999997,2.8587571267319447,0.7812428732680547,0.0,1.4849577315673432,Summer,LOAD_PRIORITY
700.0,family_house,3.6469946081168034,10.08,7.8410816892795605,2.238918310720439,0.0,6.433005391883196,Summer,LOAD_PRIORITY
700.0,luxury_house,4.641629501239568,18.0,4.641629501239568,13.358370498760431,0.0,13.358370498760431,Summer,LOAD_PRIORITY
700.0,small_family,3.2325634026489847,6.5,4.2379285095262205,2.2620714904737795,0.0,3.267436597351015,Summer,LOAD_PRIORITY
701.0,apartment,3.6805811737378464,3.6399999999999997,3.6399999999999997,0.0,0.0,-0.0405811737378467,Summer,LOAD_PRIORITY
701.0,family_house,6.228675832479434,10.08,8.47528159686643,1.6047184031335693,0.0,3.8513241675205663,Summer,LOAD_PRIORITY
701.0,luxury_house,7.927405604973823,18.0,7.927405604973823,10.072594395026176,0.0,10.072594395026176,Summer,LOAD_PRIORITY
701.0,small_family,5.52087176060677,6.5,5.82214198811238,0.6778580118876206,0.0,0.9791282393932298,Summer,LOAD_PRIORITY
702.0,apartment,12.462927303640486,3.6399999999999997,3.6399999999999997,0.0,0.0,-8.822927303640487,Summer,LOAD_PRIORITY
702.0,family_house,21.09110774462236,10.08,10.08,0.0,0.0,-11.01110774462236,Summer,LOAD_PRIORITY
702.0,luxury_house,26.843228038610278,18.0,18.0,0.0,0.0,-8.843228038610278,Summer,LOAD_PRIORITY
702.0,small_family,18.69439095546073,6.5,6.5,0.0,0.0,-12.194390955460728,Summer,LOAD_PRIORITY
703.0,apartment,12.58792469562894,3.6399999999999997,3.6399999999999997,0.0,0.0,-8.94792469562894,Summer,LOAD_PRIORITY
703.0,family_house,21.302641792602824,10.08,10.08,0.0,0.0,-11.222641792602824,Summer,LOAD_PRIORITY
703.0,luxury_house,27.112453190585413,18.0,18.0,0.0,0.0,-9.112453190585414,Summer,LOAD_PRIORITY
703.0,small_family,18.88188704344341,6.5,6.5,0.0,0.0,-12.381887043443411,Summer,LOAD_PRIORITY
704.0,apartment,12.886558977566093,3.6399999999999997,3.6399999999999997,0.0,0.0,-9.246558977566094,Summer,LOAD_PRIORITY
704.0,family_house,21.80802288511185,10.08,10.08,0.0,0.0,-11.72802288511185,Summer,LOAD_PRIORITY
704.0,luxury_house,27.755665490142356,18.0,18.0,0.0,0.0,-9.755665490142354,Summer,LOAD_PRIORITY
704.0,small_family,19.32983846634914,6.5,6.5,0.0,0.0,-12.829838466349141,Summer,LOAD_PRIORITY
705.0,apartment,12.963079454014562,3.6399999999999997,3.6399999999999997,0.0,0.0,-9.323079454014561,Summer,LOAD_PRIORITY
705.0,family_house,21.937519076024643,10.08,10.08,0.0,0.0,-11.857519076024643,Summer,LOAD_PRIORITY
705.0,luxury_house,27.920478824031363,18.0,18.0,0.0,0.0,-9.920478824031363,Summer,LOAD_PRIORITY
705.0,small_family,19.444619181021842,6.5,6.5,0.0,0.0,-12.944619181021842,Summer,LOAD_PRIORITY
706.0,apartment,13.769651005650482,3.6399999999999997,3.6399999999999997,0.0,0.0,-10.129651005650482,Summer,LOAD_PRIORITY
706.0,family_house,23.30248631725466,10.08,10.08,0.0,0.0,-13.222486317254665,Summer,LOAD_PRIORITY
706.0,luxury_house,29.657709858324118,18.0,18.0,0.0,0.0,-11.657709858324118,Summer,LOAD_PRIORITY
706.0,small_family,20.65447650847572,6.5,6.5,0.0,0.0,-14.154476508475721,Summer,LOAD_PRIORITY
707.0,apartment,15.235987402395967,3.6399999999999997,3.6399999999999997,0.0,0.0,-11.595987402395966,Summer,LOAD_PRIORITY
707.0,family_house,25.78397868097779,10.08,10.08,0.0,0.0,-15.70397868097779,Summer,LOAD_PRIORITY
707.0,luxury_house,32.815972866699006,18.0,18.0,0.0,0.0,-14.815972866699006,Summer,LOAD_PRIORITY
707.0,small_family,22.85398110359395,6.5,6.5,0.0,0.0,-16.35398110359395,Summer,LOAD_PRIORITY
708.0,apartment,16.166449677187313,3.6399999999999997,3.6399999999999997,0.0,0.0,-12.526449677187312,Summer,LOAD_PRIORITY
708.0,family_house,27.358607146009298,10.08,10.08,0.0,0.0,-17.2786071460093,Summer,LOAD_PRIORITY
708.0,luxury_house,34.82004545855729,18.0,18.0,0.0,0.0,-16.82004545855729,Summer,LOAD_PRIORITY
708.0,small_family,24.249674515780967,6.5,6.5,0.0,0.40875008151561054,-17.749674515780967,Summer,LOAD_PRIORITY
709.0,apartment,16.99541239624515,3.6399999999999997,3.6399999999999997,0.0,1.058930980471001,-13.355412396245152,Summer,LOAD_PRIORITY
709.0,family_house,28.76146713210718,10.08,10.08,0.0,0.0,-18.681467132107183,Summer,LOAD_PRIORITY
709.0,luxury_house,36.605503622681866,18.0,18.0,0.0,0.0,-18.605503622681866,Summer,LOAD_PRIORITY
709.0,small_family,25.49311859436773,6.5,6.5,0.0,2.2742757215491767,-18.99311859436773,Summer,LOAD_PRIORITY
710.0,apartment,17.86038150896553,3.6399999999999997,3.6399999999999997,0.0,3.8767293227280812,-14.220381508965533,Summer,LOAD_PRIORITY
710.0,family_house,30.22526101517244,10.08,10.08,0.0,0.565701187147533,-20.14526101517244,Summer,LOAD_PRIORITY
710.0,luxury_house,38.468514019310376,18.0,18.0,0.0,0.0,-20.468514019310376,Summer,LOAD_PRIORITY
710.0,small_family,26.790572263448297,6.5,6.5,0.0,5.519248180566484,-20.290572263448297,Summer,LOAD_PRIORITY
711.0,apartment,17.75301713078125,3.6399999999999997,3.6399999999999997,0.0,7.8170425576764435,-14.113017130781248,Summer,LOAD_PRIORITY
711.0,family_house,30.04356745209134,10.08,10.08,0.0,2.5508150414760795,-19.963567452091343,Summer,LOAD_PRIORITY
711.0,luxury_house,38.23726766629807,18.0,18.0,0.0,0.0,-20.23726766629807,Summer,LOAD_PRIORITY
711.0,small_family,26.629525696171875,6.5,6.5,0.0,20.129525696171875,-20.129525696171875,Summer,LOAD_PRIORITY
712.0,apartment,13.855097197439749,3.6399999999999997,3.6399999999999997,0.0,10.215097197439748,-10.215097197439748,Summer,LOAD_PRIORITY
712.0,family_house,23.447087564898037,10.08,10.08,0.0,3.55313966416188,-13.36708756489804,Summer,LOAD_PRIORITY
712.0,luxury_house,29.841747809870228,18.0,18.0,0.0,0.0,-11.841747809870228,Summer,LOAD_PRIORITY
712.0,small_family,20.782645796159624,6.5,6.5,0.0,14.282645796159624,-14.282645796159624,Summer,LOAD_PRIORITY
713.0,apartment,10.939289997902417,3.6399999999999997,3.6399999999999997,0.0,7.299289997902417,-7.299289997902417,Summer,LOAD_PRIORITY
713.0,family_house,18.512644611834858,10.08,10.08,0.0,5.189187327890846,-8.43264461183486,Summer,LOAD_PRIORITY
713.0,luxury_house,23.56154768778982,18.0,18.0,0.0,0.0,-5.561547687789821,Summer,LOAD_PRIORITY
713.0,small_family,16.408934996853624,6.5,6.5,0.0,9.908934996853626,-9.908934996853626,Summer,LOAD_PRIORITY
714.0,apartment,9.290945580232243,25.649272704551812,25.649272704551812,0.0,0.37544840288326503,16.35832712431957,Summer,LOAD_PRIORITY
714.0,family_house,15.72313867423918,23.224726310085444,23.224726310085444,0.0,0.8142407681965632,7.501587635846263,Summer,LOAD_PRIORITY
714.0,luxury_house,20.01126740357714,36.943302203343826,36.943302203343826,0.0,0.0,16.932034799766683,Summer,LOAD_PRIORITY
714.0,small_family,13.936418370348365,30.727936199971175,30.727936199971175,0.0,0.6665893470514989,16.79151782962281,Summer,LOAD_PRIORITY
715.0,apartment,0.0,23.78002285349773,23.78002285349773,0.0,0.0,23.78002285349773,Summer,LOAD_PRIORITY
715.0,family_house,0.0,26.124201212273636,26.124201212273636,0.0,0.0,26.124201212273636,Summer,LOAD_PRIORITY
715.0,luxury_house,0.0,33.51606952871393,33.51606952871393,0.0,0.0,33.51606952871393,Summer,LOAD_PRIORITY
715.0,small_family,0.0,26.51470224575361,26.51470224575361,0.0,0.0,26.51470224575361,Summer,LOAD_PRIORITY
716.0,apartment,0.0,26.513898720154312,26.35446157682947,0.15943714332484316,0.0,26.513898720154312,Summer,LOAD_PRIORITY
716.0,family_house,0.0,23.13877470301987,23.13877470301987,0.0,0.0,23.13877470301987,Summer,LOAD_PRIORITY
716.0,luxury_house,0.0,36.27387274787311,36.27387274787311,0.0,0.0,36.27387274787311,Summer,LOAD_PRIORITY
716.0,small_family,0.0,27.409180838759205,27.409180838759205,0.0,0.0,27.409180838759205,Summer,LOAD_PRIORITY
717.0,apartment,0.2421179442580095,24.751739784272484,17.898551021863533,6.85318876240895,0.0,24.509621840014475,Summer,LOAD_PRIORITY
717.0,family_house,0.4097380595135546,23.231942723114685,23.231942723114685,0.0,0.0,22.822204663601127,Summer,LOAD_PRIORITY
717.0,luxury_house,0.5214848030172512,29.070644714657377,28.582895466324214,0.4877492483331647,0.0,28.549159911640125,Summer,LOAD_PRIORITY
717.0,small_family,0.36317691638701427,27.872702622984175,27.703396344099232,0.16930627888494065,0.0,27.50952570659716,Summer,LOAD_PRIORITY
718.0,apartment,1.4202070907142954,3.6399999999999997,2.61548019571429,1.0245198042857098,0.0,2.2197929092857045,Summer,LOAD_PRIORITY
718.0,family_house,2.203141768928586,10.08,10.08,0.0,0.0,7.876858231071414,Summer,LOAD_PRIORITY
718.0,luxury_house,3.0589075800000205,18.0,14.694191237550775,3.305808762449224,0.0,14.94109241999998,Summer,LOAD_PRIORITY
718.0,small_family,2.130310636071443,6.5,6.072485844612811,0.42751415538718895,0.0,4.369689363928557,Summer,LOAD_PRIORITY
719.0,apartment,3.8958363203794475,3.6399999999999997,3.6399999999999997,0.0,0.0,-0.2558363203794479,Summer,LOAD_PRIORITY
719.0,family_house,6.043540958537348,10.08,10.08,0.0,0.0,4.036459041462651,Summer,LOAD_PRIORITY
719.0,luxury_house,8.391032074663425,18.0,13.82527083359424,4.1747291664057595,0.0,9.608967925336575,Summer,LOAD_PRIORITY
719.0,small_family,5.843754480569172,6.5,6.399039150856796,0.10096084914320436,0.0,0.6562455194308283,Summer,LOAD_PRIORITY
