time,household_type,generation_kwh,load_kwh,self_consumed_kwh,grid_import,grid_export,net_load_kwh,season,strategy
0.0,apartment,0.0,3.6399999999999997,3.6399999999999997,0.0,0.0,3.6399999999999997,Winter,PRODUCE_PRIORITY
0.0,family_house,0.0,10.08,10.08,0.0,0.0,10.08,Winter,PRODUCE_PRIORITY
0.0,luxury_house,0.0,18.0,18.0,0.0,0.0,18.0,Winter,PRODUCE_PRIORITY
0.0,small_family,0.0,6.5,6.5,0.0,0.0,6.5,Winter,PRODUCE_PRIORITY
1.0,apartment,0.18120850571724123,3.6399999999999997,3.6399999999999997,0.0,0.18120850571724123,3.4587914942827584,Winter,PRODUCE_PRIORITY
1.0,family_house,0.30666054813686977,10.08,10.08,0.0,0.30666054813686977,9.77333945186313,Winter,PRODUCE_PRIORITY
1.0,luxury_house,0.3902952430832888,18.0,18.0,0.0,0.3902952430832888,17.609704756916713,Winter,PRODUCE_PRIORITY
1.0,small_family,0.27181275857586185,6.5,6.5,0.0,0.27181275857586185,6.228187241424138,Winter,PRODUCE_PRIORITY
2.0,apartment,1.282347693137889,3.6399999999999997,3.6399999999999997,0.0,1.282347693137889,2.3576523068621107,Winter,PRODUCE_PRIORITY
2.0,family_house,2.170126865310274,10.08,10.08,0.0,2.170126865310274,7.909873134689725,Winter,PRODUCE_PRIORITY
2.0,luxury_house,2.7619796467585305,18.0,18.0,0.0,2.7619796467585305,15.238020353241469,Winter,PRODUCE_PRIORITY
2.0,small_family,1.9235215397068335,6.5,6.5,0.0,1.9235215397068335,4.576478460293166,Winter,PRODUCE_PRIORITY
3.0,apartment,0.7640006185128008,3.6399999999999997,3.6399999999999997,0.0,0.7640006185128008,2.875999381487199,Winter,PRODUCE_PRIORITY
3.0,family_house,1.2929241236370475,10.08,10.08,0.0,1.2929241236370475,8.787075876362952,Winter,PRODUCE_PRIORITY
3.0,luxury_house,1.6455397937198786,18.0,18.0,0.0,1.6455397937198786,16.354460206280123,Winter,PRODUCE_PRIORITY
3.0,small_family,1.1460009277692011,6.5,6.5,0.0,1.1460009277692011,5.353999072230799,Winter,PRODUCE_PRIORITY
4.0,apartment,0.9883709400816394,3.6399999999999997,3.6399999999999997,0.0,0.9883709400816394,2.6516290599183603,Winter,PRODUCE_PRIORITY
4.0,family_house,1.6726277447535436,10.08,10.08,0.0,1.6726277447535436,8.407372255246456,Winter,PRODUCE_PRIORITY
4.0,luxury_house,2.1287989478681464,18.0,18.0,0.0,2.1287989478681464,15.871201052131854,Winter,PRODUCE_PRIORITY
4.0,small_family,1.482556410122459,6.5,6.5,0.0,1.482556410122459,5.017443589877541,Winter,PRODUCE_PRIORITY
5.0,apartment,1.2846784234109516,3.6399999999999997,3.6399999999999997,0.0,1.2846784234109516,2.355321576589048,Winter,PRODUCE_PRIORITY
5.0,family_house,2.1740711780800717,10.08,10.08,0.0,2.1740711780800717,7.905928821919928,Winter,PRODUCE_PRIORITY
5.0,luxury_house,2.766999681192819,18.0,12.457796189455474,5.542203810544526,2.766999681192819,15.23300031880718,Winter,PRODUCE_PRIORITY
5.0,small_family,1.9270176351164274,6.5,6.5,0.0,1.9270176351164274,4.572982364883573,Winter,PRODUCE_PRIORITY
6.0,apartment,9.833131732210711,3.6399999999999997,3.6399999999999997,0.0,9.833131732210711,-6.193131732210712,Winter,PRODUCE_PRIORITY
6.0,family_house,16.64068446989505,10.08,10.08,0.0,16.64068446989505,-6.560684469895051,Winter,PRODUCE_PRIORITY
6.0,luxury_house,21.179052961684608,18.0,0.0,18.0,21.179052961684608,-3.179052961684609,Winter,PRODUCE_PRIORITY
6.0,small_family,14.749697598316065,6.5,6.5,0.0,14.749697598316065,-8.249697598316065,Winter,PRODUCE_PRIORITY
7.0,apartment,11.473345331126328,3.6399999999999997,3.6399999999999997,0.0,11.473345331126328,-7.833345331126328,Winter,PRODUCE_PRIORITY
7.0,family_house,19.416430560367637,10.08,6.283347142091618,3.7966528579083825,19.416430560367637,-9.336430560367635,Winter,PRODUCE_PRIORITY
7.0,luxury_house,24.71182071319517,18.0,0.0,18.0,24.71182071319517,-6.71182071319517,Winter,PRODUCE_PRIORITY
7.0,small_family,17.210017996689494,6.5,6.5,0.0,17.210017996689494,-10.710017996689494,Winter,PRODUCE_PRIORITY
8.0,apartment,12.167819671292486,3.6399999999999997,3.6399999999999997,0.0,12.167819671292486,-8.527819671292487,Winter,PRODUCE_PRIORITY
8.0,family_house,20.59169482834113,10.08,0.0,10.08,20.59169482834113,-10.51169482834113,Winter,PRODUCE_PRIORITY
8.0,luxury_house,26.20761159970689,18.0,0.0,18.0,26.20761159970689,-8.20761159970689,Winter,PRODUCE_PRIORITY
8.0,small_family,18.25172950693873,6.5,6.5,0.0,18.25172950693873,-11.751729506938728,Winter,PRODUCE_PRIORITY
9.0,apartment,13.223873721656105,3.6399999999999997,3.6399999999999997,0.0,13.223873721656105,-9.583873721656104,Winter,PRODUCE_PRIORITY
9.0,family_house,22.37886322126418,10.08,0.0,10.08,22.37886322126418,-12.298863221264178,Winter,PRODUCE_PRIORITY
9.0,luxury_house,28.482189554336227,18.0,0.0,18.0,28.482189554336227,-10.482189554336227,Winter,PRODUCE_PRIORITY
9.0,small_family,19.83581058248416,6.5,3.164414373283407,3.335585626716593,19.83581058248416,-13.335810582484159,Winter,PRODUCE_PRIORITY
10.0,apartment,14.297846957690181,3.6399999999999997,3.6399999999999997,0.0,14.297846957690181,-10.65784695769018,Winter,PRODUCE_PRIORITY
10.0,family_house,24.19635638993723,10.08,0.0,10.08,24.19635638993723,-14.116356389937232,Winter,PRODUCE_PRIORITY
10.0,luxury_house,30.79536267810193,18.0,0.0,18.0,30.79536267810193,-12.795362678101931,Winter,PRODUCE_PRIORITY
10.0,small_family,21.44677043653527,6.5,0.0,6.5,21.44677043653527,-14.946770436535271,Winter,PRODUCE_PRIORITY
11.0,apartment,15.131700128238824,3.6399999999999997,3.6399999999999997,0.0,15.131700128238824,-11.491700128238824,Winter,PRODUCE_PRIORITY
11.0,family_house,25.60749252471186,10.08,0.0,10.08,25.60749252471186,-15.527492524711862,Winter,PRODUCE_PRIORITY
11.0,luxury_house,32.59135412236054,18.0,0.0,18.0,32.59135412236054,-14.591354122360546,Winter,PRODUCE_PRIORITY
11.0,small_family,22.69755019235824,6.5,0.0,6.5,22.69755019235824,-16.19755019235824,Winter,PRODUCE_PRIORITY
12.0,apartment,15.50611611364094,3.6399999999999997,3.6399999999999997,0.0,15.50611611364094,-11.86611611364094,Winter,PRODUCE_PRIORITY
12.0,family_house,26.24111957693082,10.08,0.0,10.08,26.24111957693082,-16.161119576930822,Winter,PRODUCE_PRIORITY
12.0,luxury_house,33.39778855245741,18.0,0.0,18.0,33.39778855245741,-15.397788552457412,Winter,PRODUCE_PRIORITY
12.0,small_family,23.25917417046141,6.5,0.0,6.5,23.25917417046141,-16.75917417046141,Winter,PRODUCE_PRIORITY
13.0,apartment,15.991835355497198,3.6399999999999997,2.0115314986267174,1.628468501373282,15.991835355497198,-12.351835355497197,Winter,PRODUCE_PRIORITY
13.0,family_house,27.063105986226027,10.08,0.0,10.08,27.063105986226027,-16.98310598622603,Winter,PRODUCE_PRIORITY
13.0,luxury_house,34.44395307337858,18.0,0.0,18.0,34.44395307337858,-16.44395307337858,Winter,PRODUCE_PRIORITY
13.0,small_family,23.987753033245795,6.5,0.0,6.5,23.987753033245795,-17.487753033245795,Winter,PRODUCE_PRIORITY
14.0,apartment,16.913204736022088,3.6399999999999997,0.0,3.6399999999999997,16.913204736022088,-13.273204736022088,Winter,PRODUCE_PRIORITY
14.0,family_house,28.622346476345072,10.08,0.0,10.08,28.622346476345072,-18.542346476345074,Winter,PRODUCE_PRIORITY
14.0,luxury_house,36.42844096989373,18.0,0.0,18.0,36.42844096989373,-18.428440969893728,Winter,PRODUCE_PRIORITY
14.0,small_family,25.36980710403313,6.5,0.0,6.5,25.36980710403313,-18.86980710403313,Winter,PRODUCE_PRIORITY
15.0,apartment,18.469564573861454,3.6399999999999997,0.0,3.6399999999999997,18.469564573861454,-14.829564573861456,Winter,PRODUCE_PRIORITY
15.0,family_house,31.256186201919387,10.08,0.0,10.08,31.256186201919387,-21.17618620191939,Winter,PRODUCE_PRIORITY
15.0,luxury_house,39.780600620624675,18.0,0.0,18.0,39.780600620624675,-21.780600620624675,Winter,PRODUCE_PRIORITY
15.0,small_family,27.704346860792185,6.5,0.0,6.5,27.704346860792185,-21.204346860792185,Winter,PRODUCE_PRIORITY
16.0,apartment,14.978938234093125,3.6399999999999997,0.0,3.6399999999999997,14.978938234093125,-11.338938234093126,Winter,PRODUCE_PRIORITY
16.0,family_house,25.3489723961576,10.08,0.0,10.08,25.3489723961576,-15.268972396157602,Winter,PRODUCE_PRIORITY
16.0,luxury_house,32.26232850420058,18.0,0.0,18.0,32.26232850420058,-14.262328504200582,Winter,PRODUCE_PRIORITY
16.0,small_family,22.46840735113969,6.5,0.0,6.5,22.46840735113969,-15.968407351139689,Winter,PRODUCE_PRIORITY
17.0,apartment,12.105712412283262,3.6399999999999997,0.0,3.6399999999999997,12.105712412283262,-8.465712412283262,Winter,PRODUCE_PRIORITY
17.0,family_house,20.486590236171672,10.08,0.0,10.08,20.486590236171672,-10.406590236171672,Winter,PRODUCE_PRIORITY
17.0,luxury_house,26.073842118763945,18.0,0.0,18.0,26.073842118763945,-8.073842118763945,Winter,PRODUCE_PRIORITY
17.0,small_family,18.158568618424894,6.5,0.0,6.5,18.158568618424894,-11.658568618424894,Winter,PRODUCE_PRIORITY
18.0,apartment,8.778421177161835,20.237002719203314,0.0,20.237002719203314,8.778421177161835,11.45858154204148,Winter,PRODUCE_PRIORITY
18.0,family_house,14.85578968442772,30.26873002053663,0.0,30.26873002053663,14.85578968442772,15.41294033610891,Winter,PRODUCE_PRIORITY
18.0,luxury_house,18.907368689271642,35.125292624639506,0.0,35.125292624639506,18.907368689271642,16.217923935367867,Winter,PRODUCE_PRIORITY
18.0,small_family,13.167631765742753,23.76958009405795,0.0,23.76958009405795,13.167631765742753,10.6019483283152,Winter,PRODUCE_PRIORITY
19.0,apartment,0.0,21.197251167979935,0.0,21.197251167979935,0.0,21.197251167979935,Winter,PRODUCE_PRIORITY
19.0,family_house,0.0,27.176749165901743,0.0,27.176749165901743,0.0,27.176749165901743,Winter,PRODUCE_PRIORITY
19.0,luxury_house,0.0,30.718244884018183,0.0,30.718244884018183,0.0,30.718244884018183,Winter,PRODUCE_PRIORITY
19.0,small_family,0.0,17.692156147755338,0.0,17.692156147755338,0.0,17.692156147755338,Winter,PRODUCE_PRIORITY
20.0,apartment,1.0458768707398602,21.39393371724784,0.0,21.39393371724784,1.0458768707398602,20.34805684650798,Winter,PRODUCE_PRIORITY
20.0,family_house,1.7699454735597637,31.28839272751324,0.0,31.28839272751324,1.7699454735597637,29.518447253953482,Winter,PRODUCE_PRIORITY
20.0,luxury_house,2.252657875439699,35.54707218439808,0.0,35.54707218439808,2.252657875439699,33.29441430895838,Winter,PRODUCE_PRIORITY
20.0,small_family,1.5688153061097903,24.085242429086666,0.0,24.085242429086666,1.5688153061097903,22.516427122976875,Winter,PRODUCE_PRIORITY
21.0,apartment,1.9651514533449979,23.512700965582905,0.0,23.512700965582905,1.9651514533449979,21.547549512237907,Winter,PRODUCE_PRIORITY
21.0,family_house,3.3256409210453812,27.378412386840836,0.0,27.378412386840836,3.3256409210453812,24.052771465795455,Winter,PRODUCE_PRIORITY
21.0,luxury_house,4.232633899512304,31.894539985279273,0.0,31.894539985279273,4.232633899512304,27.66190608576697,Winter,PRODUCE_PRIORITY
21.0,small_family,2.947727180017497,28.0462431781724,0.0,28.0462431781724,2.947727180017497,25.0985159981549,Winter,PRODUCE_PRIORITY
22.0,apartment,2.4192728879714362,3.6399999999999997,0.0,3.6399999999999997,2.4192728879714362,1.2207271120285632,Winter,PRODUCE_PRIORITY
22.0,family_house,4.094154118105508,10.08,0.0,10.08,4.094154118105508,5.985845881894491,Winter,PRODUCE_PRIORITY
22.0,luxury_house,5.210741604861555,18.0,0.0,18.0,5.210741604861555,12.789258395138443,Winter,PRODUCE_PRIORITY
22.0,small_family,3.628909331957155,6.5,0.0,6.5,3.628909331957155,2.871090668042845,Winter,PRODUCE_PRIORITY
23.0,apartment,5.885786941712818,3.6399999999999997,0.0,3.6399999999999997,5.885786941712818,-2.2457869417128187,Winter,PRODUCE_PRIORITY
23.0,family_house,9.960562516744771,10.08,0.0,10.08,9.960562516744771,0.11943748325522918,Winter,PRODUCE_PRIORITY
23.0,luxury_house,12.677079566766071,18.0,0.0,18.0,12.677079566766071,5.3229204332339295,Winter,PRODUCE_PRIORITY
23.0,small_family,8.828680412569229,6.5,0.0,6.5,8.828680412569229,-2.328680412569228,Winter,PRODUCE_PRIORITY
24.0,apartment,0.0,3.6399999999999997,0.0,3.6399999999999997,0.0,3.6399999999999997,Winter,PRODUCE_PRIORITY
24.0,family_house,0.0,10.08,0.0,10.08,0.0,10.08,Winter,PRODUCE_PRIORITY
24.0,luxury_house,0.0,18.0,0.0,18.0,0.0,18.0,Winter,PRODUCE_PRIORITY
24.0,small_family,0.0,6.5,0.0,6.5,0.0,6.5,Winter,PRODUCE_PRIORITY
25.0,apartment,2.0447840281509215,3.6399999999999997,0.0,3.6399999999999997,2.0447840281509215,1.595215971849078,Winter,PRODUCE_PRIORITY
25.0,family_house,3.460403739947713,10.08,0.0,10.08,3.460403739947713,6.619596260052287,Winter,PRODUCE_PRIORITY
25.0,luxury_house,4.404150214478908,18.0,0.0,18.0,4.404150214478908,13.595849785521091,Winter,PRODUCE_PRIORITY
25.0,small_family,3.0671760422263827,6.5,0.0,6.5,3.0671760422263827,3.432823957773617,Winter,PRODUCE_PRIORITY
26.0,apartment,1.1611499534350318,3.6399999999999997,0.0,3.6399999999999997,1.1611499534350318,2.478850046564968,Winter,PRODUCE_PRIORITY
26.0,family_house,1.9650229981208232,10.08,0.0,10.08,1.9650229981208232,8.114977001879176,Winter,PRODUCE_PRIORITY
26.0,luxury_house,2.500938361244684,18.0,0.0,18.0,2.500938361244684,15.499061638755315,Winter,PRODUCE_PRIORITY
26.0,small_family,1.741724930152548,6.5,0.0,6.5,1.741724930152548,4.758275069847452,Winter,PRODUCE_PRIORITY
27.0,apartment,1.9525427093560837,3.6399999999999997,0.0,3.6399999999999997,1.9525427093560837,1.687457290643916,Winter,PRODUCE_PRIORITY
27.0,family_house,3.3043030466026035,10.08,0.0,10.08,3.3043030466026035,6.775696953397396,Winter,PRODUCE_PRIORITY
27.0,luxury_house,4.205476604766949,18.0,0.0,18.0,4.205476604766949,13.79452339523305,Winter,PRODUCE_PRIORITY
27.0,small_family,2.928814064034126,6.5,0.0,6.5,2.928814064034126,3.5711859359658744,Winter,PRODUCE_PRIORITY
28.0,apartment,2.0149149615286093,3.6399999999999997,0.0,3.6399999999999997,2.0149149615286093,1.6250850384713902,Winter,PRODUCE_PRIORITY
28.0,family_house,3.4098560887407237,10.08,0.0,10.08,3.4098560887407237,6.6701439112592755,Winter,PRODUCE_PRIORITY
28.0,luxury_house,4.339816840215466,18.0,0.0,18.0,4.339816840215466,13.660183159784532,Winter,PRODUCE_PRIORITY
28.0,small_family,3.022372442292914,6.5,0.0,6.5,3.022372442292914,3.477627557707086,Winter,PRODUCE_PRIORITY
29.0,apartment,1.9079972015893052,3.6399999999999997,0.0,3.6399999999999997,1.9079972015893052,1.7320027984106945,Winter,PRODUCE_PRIORITY
29.0,family_house,3.228918341151132,10.08,0.0,10.08,3.228918341151132,6.851081658848868,Winter,PRODUCE_PRIORITY
29.0,luxury_house,4.109532434192349,18.0,0.0,18.0,4.109532434192349,13.89046756580765,Winter,PRODUCE_PRIORITY
29.0,small_family,2.861995802383958,6.5,0.0,6.5,2.861995802383958,3.638004197616042,Winter,PRODUCE_PRIORITY
30.0,apartment,10.720730870512162,3.6399999999999997,0.0,3.6399999999999997,10.720730870512162,-7.080730870512161,Winter,PRODUCE_PRIORITY
30.0,family_house,18.142775319328276,10.08,0.0,10.08,18.142775319328276,-8.062775319328276,Winter,PRODUCE_PRIORITY
30.0,luxury_house,23.09080495187235,18.0,0.0,18.0,23.09080495187235,-5.090804951872348,Winter,PRODUCE_PRIORITY
30.0,small_family,16.081096305768245,6.5,0.0,6.5,16.081096305768245,-9.581096305768243,Winter,PRODUCE_PRIORITY
31.0,apartment,10.91498024450718,3.6399999999999997,0.0,3.6399999999999997,10.91498024450718,-7.27498024450718,Winter,PRODUCE_PRIORITY
31.0,family_house,18.471505029165996,10.08,0.0,10.08,18.471505029165996,-8.391505029165996,Winter,PRODUCE_PRIORITY
31.0,luxury_house,23.50918821893854,18.0,0.0,18.0,23.50918821893854,-5.509188218938541,Winter,PRODUCE_PRIORITY
31.0,small_family,16.37247036676077,6.5,0.0,6.5,16.37247036676077,-9.872470366760771,Winter,PRODUCE_PRIORITY
32.0,apartment,11.290862287790263,3.6399999999999997,0.0,3.6399999999999997,11.290862287790263,-7.650862287790263,Winter,PRODUCE_PRIORITY
32.0,family_house,19.10761310241429,10.08,0.0,10.08,19.10761310241429,-9.027613102414293,Winter,PRODUCE_PRIORITY
32.0,luxury_house,24.318780312163646,18.0,0.0,18.0,24.318780312163646,-6.318780312163646,Winter,PRODUCE_PRIORITY
32.0,small_family,16.936293431685392,6.5,0.0,6.5,16.936293431685392,-10.436293431685392,Winter,PRODUCE_PRIORITY
33.0,apartment,11.978822666900612,3.6399999999999997,0.0,3.6399999999999997,11.978822666900612,-8.338822666900613,Winter,PRODUCE_PRIORITY
33.0,family_house,20.271853743985652,10.08,0.0,10.08,20.271853743985652,-10.19185374398565,Winter,PRODUCE_PRIORITY
33.0,luxury_house,25.800541128709007,18.0,0.0,18.0,25.800541128709007,-7.800541128709009,Winter,PRODUCE_PRIORITY
33.0,small_family,17.968234000350918,6.5,0.0,6.5,17.968234000350918,-11.468234000350918,Winter,PRODUCE_PRIORITY
34.0,apartment,11.934365937580948,3.6399999999999997,0.0,3.6399999999999997,11.934365937580948,-8.294365937580949,Winter,PRODUCE_PRIORITY
34.0,family_house,20.196619278983142,10.08,0.0,10.08,20.196619278983142,-10.116619278983142,Winter,PRODUCE_PRIORITY
34.0,luxury_house,25.704788173251274,18.0,0.0,18.0,25.704788173251274,-7.704788173251272,Winter,PRODUCE_PRIORITY
34.0,small_family,17.901548906371424,6.5,0.0,6.5,17.901548906371424,-11.401548906371422,Winter,PRODUCE_PRIORITY
35.0,apartment,12.11040387483319,3.6399999999999997,0.0,3.6399999999999997,12.11040387483319,-8.47040387483319,Winter,PRODUCE_PRIORITY
35.0,family_house,20.49452963433309,10.08,0.0,10.08,20.49452963433309,-10.414529634333089,Winter,PRODUCE_PRIORITY
35.0,luxury_house,26.083946807333025,18.0,0.0,18.0,26.083946807333025,-8.083946807333025,Winter,PRODUCE_PRIORITY
35.0,small_family,18.165605812249783,6.5,0.0,6.5,18.165605812249783,-11.665605812249783,Winter,PRODUCE_PRIORITY
36.0,apartment,13.923605722707492,3.6399999999999997,0.0,3.6399999999999997,13.923605722707492,-10.283605722707492,Winter,PRODUCE_PRIORITY
36.0,family_house,23.563025069197295,10.08,0.0,10.08,23.563025069197295,-13.483025069197295,Winter,PRODUCE_PRIORITY
36.0,luxury_house,29.98930463352383,18.0,0.0,18.0,29.98930463352383,-11.989304633523828,Winter,PRODUCE_PRIORITY
36.0,small_family,20.885408584061235,6.5,0.0,6.5,20.885408584061235,-14.385408584061235,Winter,PRODUCE_PRIORITY
37.0,apartment,13.178894603249983,3.6399999999999997,0.0,3.6399999999999997,13.178894603249983,-9.538894603249982,Winter,PRODUCE_PRIORITY
37.0,family_house,22.30274471319228,10.08,0.0,10.08,22.30274471319228,-12.22274471319228,Winter,PRODUCE_PRIORITY
37.0,luxury_house,28.38531145315381,18.0,0.0,18.0,28.38531145315381,-10.38531145315381,Winter,PRODUCE_PRIORITY
37.0,small_family,19.768341904874976,6.5,0.0,6.5,19.768341904874976,-13.268341904874976,Winter,PRODUCE_PRIORITY
38.0,apartment,14.746426630773868,3.6399999999999997,0.0,3.6399999999999997,14.746426630773868,-11.106426630773868,Winter,PRODUCE_PRIORITY
38.0,family_house,24.955491221309618,10.08,0.0,10.08,24.955491221309618,-14.87549122130962,Winter,PRODUCE_PRIORITY
38.0,luxury_house,31.76153428166679,18.0,0.0,18.0,31.76153428166679,-13.76153428166679,Winter,PRODUCE_PRIORITY
38.0,small_family,22.1196399461608,6.5,0.0,6.5,22.1196399461608,-15.619639946160799,Winter,PRODUCE_PRIORITY
39.0,apartment,15.404086696571104,3.6399999999999997,0.0,3.6399999999999997,15.404086696571104,-11.764086696571104,Winter,PRODUCE_PRIORITY
39.0,family_house,26.068454409581868,10.08,0.0,10.08,26.068454409581868,-15.98845440958187,Winter,PRODUCE_PRIORITY
39.0,luxury_house,33.17803288492238,18.0,0.0,18.0,33.17803288492238,-15.178032884922379,Winter,PRODUCE_PRIORITY
39.0,small_family,23.10613004485666,6.5,0.0,6.5,23.10613004485666,-16.60613004485666,Winter,PRODUCE_PRIORITY
40.0,apartment,15.082816412959527,3.6399999999999997,0.0,3.6399999999999997,15.082816412959527,-11.442816412959527,Winter,PRODUCE_PRIORITY
40.0,family_house,25.524766237316122,10.08,0.0,10.08,25.524766237316122,-15.444766237316124,Winter,PRODUCE_PRIORITY
40.0,luxury_house,32.48606612022052,18.0,0.0,18.0,32.48606612022052,-14.48606612022052,Winter,PRODUCE_PRIORITY
40.0,small_family,22.62422461943929,6.5,0.0,6.5,22.62422461943929,-16.12422461943929,Winter,PRODUCE_PRIORITY
41.0,apartment,13.99363275794507,3.6399999999999997,0.0,3.6399999999999997,13.99363275794507,-10.353632757945071,Winter,PRODUCE_PRIORITY
41.0,family_house,23.681532359599352,10.08,0.0,10.08,23.681532359599352,-13.601532359599354,Winter,PRODUCE_PRIORITY
41.0,luxury_house,30.14013209403554,18.0,0.0,18.0,30.14013209403554,-12.14013209403554,Winter,PRODUCE_PRIORITY
41.0,small_family,20.990449136917604,6.5,0.0,6.5,20.990449136917604,-14.490449136917604,Winter,PRODUCE_PRIORITY
42.0,apartment,11.282749403194526,23.88329422740404,0.0,23.88329422740404,11.282749403194526,12.600544824209514,Winter,PRODUCE_PRIORITY
42.0,family_house,19.09388360540612,33.43855565375693,0.0,33.43855565375693,19.09388360540612,14.344672048350807,Winter,PRODUCE_PRIORITY
42.0,luxury_house,24.30130640688052,34.305014797444386,0.0,34.305014797444386,24.30130640688052,10.003708390563867,Winter,PRODUCE_PRIORITY
42.0,small_family,16.924124104791787,20.870253490240938,0.0,20.870253490240938,16.924124104791787,3.9461293854491486,Winter,PRODUCE_PRIORITY
43.0,apartment,3.8119733137092364,17.06253242239557,0.0,17.06253242239557,3.8119733137092364,13.250559108686332,Winter,PRODUCE_PRIORITY
43.0,family_house,6.451031761661786,23.92687834393931,0.0,23.92687834393931,6.451031761661786,17.475846582277523,Winter,PRODUCE_PRIORITY
43.0,luxury_house,8.210404060296817,38.2686959385915,0.0,38.2686959385915,8.210404060296817,30.05829187829468,Winter,PRODUCE_PRIORITY
43.0,small_family,5.717959970563855,27.960600152265357,0.0,27.960600152265357,5.717959970563855,22.242640181701503,Winter,PRODUCE_PRIORITY
44.0,apartment,1.4285235500464855,18.086656187615006,0.0,18.086656187615006,1.4285235500464855,16.65813263756852,Winter,PRODUCE_PRIORITY
44.0,family_house,2.41750139238636,30.90939256750332,0.0,30.90939256750332,2.41750139238636,28.49189117511696,Winter,PRODUCE_PRIORITY
44.0,luxury_house,3.076819953946276,31.62925520210151,0.0,31.62925520210151,3.076819953946276,28.552435248155234,Winter,PRODUCE_PRIORITY
44.0,small_family,2.1427853250697284,24.29916178927259,0.0,24.29916178927259,2.1427853250697284,22.15637646420286,Winter,PRODUCE_PRIORITY
45.0,apartment,6.540060384936827,25.669459942130526,0.0,25.669459942130526,6.540060384936827,19.1293995571937,Winter,PRODUCE_PRIORITY
45.0,family_house,11.0677944975854,26.703749774137936,0.0,26.703749774137936,11.0677944975854,15.63595527655254,Winter,PRODUCE_PRIORITY
45.0,luxury_house,14.08628390601778,38.28797753895144,0.0,38.28797753895144,14.08628390601778,24.20169363293366,Winter,PRODUCE_PRIORITY
45.0,small_family,9.81009057740524,27.716232319798706,0.0,27.716232319798706,9.81009057740524,17.906141742393466,Winter,PRODUCE_PRIORITY
46.0,apartment,3.9873818687358407,3.6399999999999997,0.0,3.6399999999999997,3.9873818687358407,-0.3473818687358408,Winter,PRODUCE_PRIORITY
46.0,family_house,6.747877008629883,10.08,0.0,10.08,6.747877008629883,3.332122991370116,Winter,PRODUCE_PRIORITY
46.0,luxury_house,8.588207101892579,18.0,0.0,18.0,8.588207101892579,9.411792898107421,Winter,PRODUCE_PRIORITY
46.0,small_family,5.9810728031037605,6.5,0.0,6.5,5.9810728031037605,0.5189271968962393,Winter,PRODUCE_PRIORITY
47.0,apartment,2.889622608561888,3.6399999999999997,0.0,3.6399999999999997,2.889622608561888,0.7503773914381114,Winter,PRODUCE_PRIORITY
47.0,family_house,4.890130568335502,10.08,0.0,10.08,4.890130568335502,5.189869431664497,Winter,PRODUCE_PRIORITY
47.0,luxury_house,6.223802541517912,18.0,0.0,18.0,6.223802541517912,11.776197458482088,Winter,PRODUCE_PRIORITY
47.0,small_family,4.334433912842832,6.5,0.0,6.5,4.334433912842832,2.1655660871571683,Winter,PRODUCE_PRIORITY
48.0,apartment,0.0,3.6399999999999997,0.0,3.6399999999999997,0.0,3.6399999999999997,Winter,PRODUCE_PRIORITY
48.0,family_house,0.0,10.08,0.0,10.08,0.0,10.08,Winter,PRODUCE_PRIORITY
48.0,luxury_house,0.0,18.0,0.0,18.0,0.0,18.0,Winter,PRODUCE_PRIORITY
48.0,small_family,0.0,6.5,0.0,6.5,0.0,6.5,Winter,PRODUCE_PRIORITY
49.0,apartment,0.0,3.6399999999999997,0.0,3.6399999999999997,0.0,3.6399999999999997,Winter,PRODUCE_PRIORITY
49.0,family_house,0.0,10.08,0.0,10.08,0.0,10.08,Winter,PRODUCE_PRIORITY
49.0,luxury_house,0.0,18.0,0.0,18.0,0.0,18.0,Winter,PRODUCE_PRIORITY
49.0,small_family,0.0,6.5,0.0,6.5,0.0,6.5,Winter,PRODUCE_PRIORITY
50.0,apartment,0.0,3.6399999999999997,0.0,3.6399999999999997,0.0,3.6399999999999997,Winter,PRODUCE_PRIORITY
50.0,family_house,0.0,10.08,0.0,10.08,0.0,10.08,Winter,PRODUCE_PRIORITY
50.0,luxury_house,0.0,18.0,0.0,18.0,0.0,18.0,Winter,PRODUCE_PRIORITY
50.0,small_family,0.0,6.5,0.0,6.5,0.0,6.5,Winter,PRODUCE_PRIORITY
51.0,apartment,1.7275706358105496,3.6399999999999997,0.0,3.6399999999999997,1.7275706358105496,1.91242936418945,Winter,PRODUCE_PRIORITY
51.0,family_house,2.9235810759870837,10.08,0.0,10.08,2.9235810759870837,7.156418924012916,Winter,PRODUCE_PRIORITY
51.0,luxury_house,3.7209213694381065,18.0,0.0,18.0,3.7209213694381065,14.279078630561894,Winter,PRODUCE_PRIORITY
51.0,small_family,2.591355953715824,6.5,0.0,6.5,2.591355953715824,3.9086440462841763,Winter,PRODUCE_PRIORITY
52.0,apartment,2.029514921742773,3.6399999999999997,0.0,3.6399999999999997,2.029514921742773,1.6104850782572266,Winter,PRODUCE_PRIORITY
52.0,family_house,3.4345637137185383,10.08,0.0,10.08,3.4345637137185383,6.645436286281462,Winter,PRODUCE_PRIORITY
52.0,luxury_house,4.371262908369049,18.0,0.0,18.0,4.371262908369049,13.62873709163095,Winter,PRODUCE_PRIORITY
52.0,small_family,3.0442723826141593,6.5,0.0,6.5,3.0442723826141593,3.4557276173858407,Winter,PRODUCE_PRIORITY
53.0,apartment,2.2827178749933985,3.6399999999999997,0.0,3.6399999999999997,2.2827178749933985,1.3572821250066014,Winter,PRODUCE_PRIORITY
53.0,family_house,3.8630610192195975,10.08,0.0,10.08,3.8630610192195975,6.216938980780402,Winter,PRODUCE_PRIORITY
53.0,luxury_house,4.916623115370396,18.0,0.0,18.0,4.916623115370396,13.083376884629603,Winter,PRODUCE_PRIORITY
53.0,small_family,3.4240768124900973,6.5,0.0,6.5,3.4240768124900973,3.0759231875099027,Winter,PRODUCE_PRIORITY
54.0,apartment,10.942953189450261,3.6399999999999997,0.0,3.6399999999999997,10.942953189450261,-7.3029531894502595,Winter,PRODUCE_PRIORITY
54.0,family_house,18.51884385906967,10.08,0.0,10.08,18.51884385906967,-8.43884385906967,Winter,PRODUCE_PRIORITY
54.0,luxury_house,23.569437638815945,18.0,0.0,18.0,23.569437638815945,-5.569437638815945,Winter,PRODUCE_PRIORITY
54.0,small_family,16.41442978417539,6.5,0.0,6.5,16.41442978417539,-9.91442978417539,Winter,PRODUCE_PRIORITY
55.0,apartment,11.32671971082745,3.6399999999999997,0.0,3.6399999999999997,11.32671971082745,-7.686719710827451,Winter,PRODUCE_PRIORITY
55.0,family_house,19.168294895246458,10.08,0.0,10.08,19.168294895246458,-9.08829489524646,Winter,PRODUCE_PRIORITY
55.0,luxury_house,24.396011684859126,18.0,0.0,18.0,24.396011684859126,-6.396011684859127,Winter,PRODUCE_PRIORITY
55.0,small_family,16.990079566241178,6.5,0.0,6.5,16.990079566241178,-10.490079566241178,Winter,PRODUCE_PRIORITY
56.0,apartment,11.647387934427924,3.6399999999999997,0.0,3.6399999999999997,11.647387934427924,-8.007387934427925,Winter,PRODUCE_PRIORITY
56.0,family_house,19.710964196724177,10.08,0.0,10.08,19.710964196724177,-9.630964196724179,Winter,PRODUCE_PRIORITY
56.0,luxury_house,25.08668170492168,18.0,0.0,18.0,25.08668170492168,-7.086681704921681,Winter,PRODUCE_PRIORITY
56.0,small_family,17.471081901641888,6.5,0.0,6.5,17.471081901641888,-10.971081901641886,Winter,PRODUCE_PRIORITY
57.0,apartment,12.38466715565772,3.6399999999999997,0.0,3.6399999999999997,12.38466715565772,-8.74466715565772,Winter,PRODUCE_PRIORITY
57.0,family_house,20.958667494189985,10.08,0.0,10.08,20.958667494189985,-10.878667494189985,Winter,PRODUCE_PRIORITY
57.0,luxury_house,26.674667719878165,18.0,0.0,18.0,26.674667719878165,-8.674667719878164,Winter,PRODUCE_PRIORITY
57.0,small_family,18.577000733486578,6.5,0.0,6.5,18.577000733486578,-12.077000733486578,Winter,PRODUCE_PRIORITY
58.0,apartment,13.235795437717366,3.6399999999999997,0.0,3.6399999999999997,13.235795437717366,-9.595795437717365,Winter,PRODUCE_PRIORITY
58.0,family_house,22.39903843306016,10.08,0.0,10.08,22.39903843306016,-12.31903843306016,Winter,PRODUCE_PRIORITY
58.0,luxury_house,28.50786709662202,18.0,0.0,18.0,28.50786709662202,-10.507867096622022,Winter,PRODUCE_PRIORITY
58.0,small_family,19.853693156576053,6.5,0.0,6.5,19.853693156576053,-13.353693156576053,Winter,PRODUCE_PRIORITY
59.0,apartment,14.166674631157896,3.6399999999999997,0.0,3.6399999999999997,14.166674631157896,-10.526674631157896,Winter,PRODUCE_PRIORITY
59.0,family_house,23.974372452728748,10.08,0.0,10.08,23.974372452728748,-13.894372452728746,Winter,PRODUCE_PRIORITY
59.0,luxury_house,30.512837667109316,18.0,0.0,18.0,30.512837667109316,-12.512837667109316,Winter,PRODUCE_PRIORITY
59.0,small_family,21.250011946736844,6.5,0.0,6.5,21.250011946736844,-14.750011946736842,Winter,PRODUCE_PRIORITY
60.0,apartment,15.257481052069322,3.6399999999999997,0.0,3.6399999999999997,15.257481052069322,-11.617481052069321,Winter,PRODUCE_PRIORITY
60.0,family_house,25.82035254965578,10.08,0.0,10.08,25.82035254965578,-15.740352549655782,Winter,PRODUCE_PRIORITY
60.0,luxury_house,32.86226688138008,18.0,0.0,18.0,32.86226688138008,-14.86226688138008,Winter,PRODUCE_PRIORITY
60.0,small_family,22.886221578103985,6.5,0.0,6.5,22.886221578103985,-16.386221578103985,Winter,PRODUCE_PRIORITY
61.0,apartment,16.45239112301508,3.6399999999999997,0.0,3.6399999999999997,16.45239112301508,-12.812391123015079,Winter,PRODUCE_PRIORITY
61.0,family_house,27.842508054333212,10.08,0.0,10.08,27.842508054333212,-17.762508054333214,Winter,PRODUCE_PRIORITY
61.0,luxury_house,35.43591934187863,18.0,0.0,18.0,35.43591934187863,-17.43591934187863,Winter,PRODUCE_PRIORITY
61.0,small_family,24.678586684522617,6.5,0.0,6.5,24.678586684522617,-18.178586684522617,Winter,PRODUCE_PRIORITY
62.0,apartment,17.522516121546538,3.6399999999999997,0.0,3.6399999999999997,17.522516121546538,-13.882516121546537,Winter,PRODUCE_PRIORITY
62.0,family_house,29.65348882107876,10.08,0.0,10.08,29.65348882107876,-19.57348882107876,Winter,PRODUCE_PRIORITY
62.0,luxury_house,37.74080395410024,18.0,0.0,18.0,37.74080395410024,-19.740803954100237,Winter,PRODUCE_PRIORITY
62.0,small_family,26.283774182319807,6.5,0.0,6.5,26.283774182319807,-19.783774182319807,Winter,PRODUCE_PRIORITY
63.0,apartment,17.843294998482577,3.6399999999999997,0.0,3.6399999999999997,17.843294998482577,-14.203294998482574,Winter,PRODUCE_PRIORITY
63.0,family_house,30.196345382047436,10.08,0.0,10.08,30.196345382047436,-20.116345382047438,Winter,PRODUCE_PRIORITY
63.0,luxury_house,38.43171230442401,18.0,0.0,18.0,38.43171230442401,-20.43171230442401,Winter,PRODUCE_PRIORITY
63.0,small_family,26.764942497723865,6.5,0.0,6.5,26.764942497723865,-20.264942497723865,Winter,PRODUCE_PRIORITY
64.0,apartment,14.15847995780439,3.6399999999999997,0.0,3.6399999999999997,14.15847995780439,-10.51847995780439,Winter,PRODUCE_PRIORITY
64.0,family_house,23.960504543976658,10.08,0.0,10.08,23.960504543976658,-13.880504543976658,Winter,PRODUCE_PRIORITY
64.0,luxury_house,30.49518760142484,18.0,0.0,18.0,30.49518760142484,-12.49518760142484,Winter,PRODUCE_PRIORITY
64.0,small_family,21.237719936706583,6.5,0.0,6.5,21.237719936706583,-14.737719936706585,Winter,PRODUCE_PRIORITY
65.0,apartment,10.278131890049819,3.6399999999999997,0.0,3.6399999999999997,10.278131890049819,-6.638131890049819,Winter,PRODUCE_PRIORITY
65.0,family_house,17.39376166008431,10.08,0.0,10.08,17.39376166008431,-7.3137616600843085,Winter,PRODUCE_PRIORITY
65.0,luxury_house,22.1375148401073,18.0,0.0,18.0,22.1375148401073,-4.137514840107302,Winter,PRODUCE_PRIORITY
65.0,small_family,15.417197835074727,6.5,0.0,6.5,15.417197835074727,-8.917197835074727,Winter,PRODUCE_PRIORITY
66.0,apartment,9.026030940569406,20.706892365417403,0.0,20.706892365417403,9.026030940569406,11.680861424847999,Winter,PRODUCE_PRIORITY
66.0,family_house,15.274821591732843,29.21957761424195,0.0,29.21957761424195,15.274821591732843,13.944756022509107,Winter,PRODUCE_PRIORITY
66.0,luxury_house,19.4406820258418,36.34016080684566,0.0,36.34016080684566,19.4406820258418,16.899478781003857,Winter,PRODUCE_PRIORITY
66.0,small_family,13.53904641085411,23.3542690995544,0.0,23.3542690995544,13.53904641085411,9.815222688700288,Winter,PRODUCE_PRIORITY
67.0,apartment,0.0,18.492041486121295,0.0,18.492041486121295,0.0,18.492041486121295,Winter,PRODUCE_PRIORITY
67.0,family_house,0.0,33.93748400911835,0.0,33.93748400911835,0.0,33.93748400911835,Winter,PRODUCE_PRIORITY
67.0,luxury_house,0.0,39.84798412406103,0.0,39.84798412406103,0.0,39.84798412406103,Winter,PRODUCE_PRIORITY
67.0,small_family,0.0,23.98892514626926,0.0,23.98892514626926,0.0,23.98892514626926,Winter,PRODUCE_PRIORITY
68.0,apartment,0.0,22.35728366565828,0.0,22.35728366565828,0.0,22.35728366565828,Winter,PRODUCE_PRIORITY
68.0,family_house,0.0,29.179397851688027,0.0,29.179397851688027,0.0,29.179397851688027,Winter,PRODUCE_PRIORITY
68.0,luxury_house,0.0,38.739200967628776,0.0,38.739200967628776,0.0,38.739200967628776,Winter,PRODUCE_PRIORITY
68.0,small_family,0.0,23.342612303971787,0.0,23.342612303971787,0.0,23.342612303971787,Winter,PRODUCE_PRIORITY
69.0,apartment,0.23796821715112637,19.701006158702935,0.0,19.701006158702935,0.23796821715112637,19.46303794155181,Winter,PRODUCE_PRIORITY
69.0,family_house,0.4027154444095985,28.65956189128844,0.0,28.65956189128844,0.4027154444095985,28.25684644687884,Winter,PRODUCE_PRIORITY
69.0,luxury_house,0.5125469292485799,39.22529509844253,0.0,39.22529509844253,0.5125469292485799,38.71274816919395,Winter,PRODUCE_PRIORITY
69.0,small_family,0.35695232572668956,24.28194384979711,0.0,24.28194384979711,0.35695232572668956,23.92499152407042,Winter,PRODUCE_PRIORITY
70.0,apartment,2.009048518579518,3.6399999999999997,0.0,3.6399999999999997,2.009048518579518,1.6309514814204817,Winter,PRODUCE_PRIORITY
70.0,family_house,3.3999282622114917,10.08,0.0,10.08,3.3999282622114917,6.6800717377885075,Winter,PRODUCE_PRIORITY
70.0,luxury_house,4.3271814246328075,18.0,0.0,18.0,4.3271814246328075,13.672818575367193,Winter,PRODUCE_PRIORITY
70.0,small_family,3.013572777869277,6.5,0.0,6.5,3.013572777869277,3.4864272221307235,Winter,PRODUCE_PRIORITY
71.0,apartment,5.2038060412578,3.6399999999999997,0.0,3.6399999999999997,5.2038060412578,-1.5638060412578005,Winter,PRODUCE_PRIORITY
71.0,family_house,8.806440992897816,10.08,0.0,10.08,8.806440992897816,1.2735590071021847,Winter,PRODUCE_PRIORITY
71.0,luxury_house,11.208197627324493,18.0,0.0,18.0,11.208197627324493,6.791802372675507,Winter,PRODUCE_PRIORITY
71.0,small_family,7.8057090618867,6.5,0.0,6.5,7.8057090618867,-1.3057090618867009,Winter,PRODUCE_PRIORITY
72.0,apartment,0.0,3.6399999999999997,0.0,3.6399999999999997,0.0,3.6399999999999997,Winter,PRODUCE_PRIORITY
72.0,family_house,0.0,10.08,0.0,10.08,0.0,10.08,Winter,PRODUCE_PRIORITY
72.0,luxury_house,0.0,18.0,0.0,18.0,0.0,18.0,Winter,PRODUCE_PRIORITY
72.0,small_family,0.0,6.5,0.0,6.5,0.0,6.5,Winter,PRODUCE_PRIORITY
73.0,apartment,2.2381782404678887,3.6399999999999997,0.0,3.6399999999999997,2.2381782404678887,1.4018217595321107,Winter,PRODUCE_PRIORITY
73.0,family_house,3.787686253099505,10.08,0.0,10.08,3.787686253099505,6.292313746900494,Winter,PRODUCE_PRIORITY
73.0,luxury_house,4.820691594853915,18.0,0.0,18.0,4.820691594853915,13.179308405146084,Winter,PRODUCE_PRIORITY
73.0,small_family,3.3572673607018335,6.5,0.0,6.5,3.3572673607018335,3.1427326392981665,Winter,PRODUCE_PRIORITY
74.0,apartment,2.0412141982058576,3.6399999999999997,0.0,3.6399999999999997,2.0412141982058576,1.598785801794142,Winter,PRODUCE_PRIORITY
74.0,family_house,3.454362489271452,10.08,0.0,10.08,3.454362489271452,6.625637510728548,Winter,PRODUCE_PRIORITY
74.0,luxury_house,4.3964613499818475,18.0,0.0,18.0,4.3964613499818475,13.603538650018152,Winter,PRODUCE_PRIORITY
74.0,small_family,3.0618212973087866,6.5,0.0,6.5,3.0618212973087866,3.4381787026912134,Winter,PRODUCE_PRIORITY
75.0,apartment,1.9181931607966782,3.6399999999999997,0.0,3.6399999999999997,1.9181931607966782,1.7218068392033214,Winter,PRODUCE_PRIORITY
75.0,family_house,3.2461730413482246,10.08,0.0,10.08,3.2461730413482246,6.833826958651775,Winter,PRODUCE_PRIORITY
75.0,luxury_house,4.131492961715923,18.0,0.0,18.0,4.131492961715923,13.86850703828408,Winter,PRODUCE_PRIORITY
75.0,small_family,2.8772897411950176,6.5,0.0,6.5,2.8772897411950176,3.622710258804983,Winter,PRODUCE_PRIORITY
76.0,apartment,2.1740477617523783,3.6399999999999997,0.0,3.6399999999999997,2.1740477617523783,1.465952238247621,Winter,PRODUCE_PRIORITY
76.0,family_house,3.679157750657872,10.08,0.0,10.08,3.679157750657872,6.400842249342127,Winter,PRODUCE_PRIORITY
76.0,luxury_house,4.6825644099282,18.0,0.0,18.0,4.6825644099282,13.3174355900718,Winter,PRODUCE_PRIORITY
76.0,small_family,3.261071642628568,6.5,0.0,6.5,3.261071642628568,3.238928357371432,Winter,PRODUCE_PRIORITY
77.0,apartment,2.3929680153392687,3.6399999999999997,0.0,3.6399999999999997,2.3929680153392687,1.247031984660731,Winter,PRODUCE_PRIORITY
77.0,family_house,4.049638179804916,10.08,0.0,10.08,4.049638179804916,6.030361820195084,Winter,PRODUCE_PRIORITY
77.0,luxury_house,5.154084956115347,18.0,0.0,18.0,5.154084956115347,12.845915043884652,Winter,PRODUCE_PRIORITY
77.0,small_family,3.5894520230089024,6.5,0.0,6.5,3.5894520230089024,2.9105479769910976,Winter,PRODUCE_PRIORITY
78.0,apartment,11.263676518131966,3.6399999999999997,0.0,3.6399999999999997,11.263676518131966,-7.623676518131965,Winter,PRODUCE_PRIORITY
78.0,family_house,19.061606415300247,10.08,0.0,10.08,19.061606415300247,-8.981606415300249,Winter,PRODUCE_PRIORITY
78.0,luxury_house,24.26022634674577,18.0,0.0,18.0,24.26022634674577,-6.260226346745771,Winter,PRODUCE_PRIORITY
78.0,small_family,16.89551477719795,6.5,0.0,6.5,16.89551477719795,-10.395514777197947,Winter,PRODUCE_PRIORITY
79.0,apartment,9.9614831274325,3.6399999999999997,0.0,3.6399999999999997,9.9614831274325,-6.321483127432501,Winter,PRODUCE_PRIORITY
79.0,family_house,16.85789452334731,10.08,0.0,10.08,16.85789452334731,-6.7778945233473085,Winter,PRODUCE_PRIORITY
79.0,luxury_house,21.455502120623848,18.0,0.0,18.0,21.455502120623848,-3.455502120623847,Winter,PRODUCE_PRIORITY
79.0,small_family,14.94222469114875,6.5,0.0,6.5,14.94222469114875,-8.44222469114875,Winter,PRODUCE_PRIORITY
80.0,apartment,11.065608065436505,3.6399999999999997,0.0,3.6399999999999997,11.065608065436505,-7.4256080654365055,Winter,PRODUCE_PRIORITY
80.0,family_house,18.72641364920024,10.08,0.0,10.08,18.72641364920024,-8.64641364920024,Winter,PRODUCE_PRIORITY
80.0,luxury_house,23.833617371709394,18.0,0.0,18.0,23.833617371709394,-5.833617371709396,Winter,PRODUCE_PRIORITY
80.0,small_family,16.598412098154757,6.5,0.0,6.5,16.598412098154757,-10.098412098154757,Winter,PRODUCE_PRIORITY
81.0,apartment,12.2292128107485,3.6399999999999997,0.0,3.6399999999999997,12.2292128107485,-8.5892128107485,Winter,PRODUCE_PRIORITY
81.0,family_house,20.695590910497458,10.08,0.0,10.08,20.695590910497458,-10.61559091049746,Winter,PRODUCE_PRIORITY
81.0,luxury_house,26.339842976996763,18.0,0.0,18.0,26.339842976996763,-8.339842976996763,Winter,PRODUCE_PRIORITY
81.0,small_family,18.34381921612275,6.5,0.0,6.5,18.34381921612275,-11.843819216122748,Winter,PRODUCE_PRIORITY
82.0,apartment,13.069922049526404,3.6399999999999997,0.0,3.6399999999999997,13.069922049526404,-9.429922049526404,Winter,PRODUCE_PRIORITY
82.0,family_house,22.118329622275454,10.08,0.0,10.08,22.118329622275454,-12.038329622275457,Winter,PRODUCE_PRIORITY
82.0,luxury_house,28.150601337441486,18.0,0.0,18.0,28.150601337441486,-10.150601337441488,Winter,PRODUCE_PRIORITY
82.0,small_family,19.60488307428961,6.5,0.0,6.5,19.60488307428961,-13.10488307428961,Winter,PRODUCE_PRIORITY
83.0,apartment,12.692830138952829,3.6399999999999997,0.0,3.6399999999999997,12.692830138952829,-9.052830138952828,Winter,PRODUCE_PRIORITY
83.0,family_house,21.48017408130479,10.08,0.0,10.08,21.48017408130479,-11.400174081304788,Winter,PRODUCE_PRIORITY
83.0,luxury_house,27.338403376206095,18.0,0.0,18.0,27.338403376206095,-9.338403376206093,Winter,PRODUCE_PRIORITY
83.0,small_family,19.039245208429243,6.5,0.0,6.5,19.039245208429243,-12.539245208429243,Winter,PRODUCE_PRIORITY
84.0,apartment,13.471988720838848,3.6399999999999997,0.0,3.6399999999999997,13.471988720838848,-9.831988720838847,Winter,PRODUCE_PRIORITY
84.0,family_house,22.798750142958053,10.08,0.0,10.08,22.798750142958053,-12.718750142958053,Winter,PRODUCE_PRIORITY
84.0,luxury_house,29.01659109103752,18.0,0.0,18.0,29.01659109103752,-11.01659109103752,Winter,PRODUCE_PRIORITY
84.0,small_family,20.207983081258273,6.5,0.0,6.5,20.207983081258273,-13.707983081258273,Winter,PRODUCE_PRIORITY
85.0,apartment,14.232732895254905,3.6399999999999997,0.0,3.6399999999999997,14.232732895254905,-10.592732895254905,Winter,PRODUCE_PRIORITY
85.0,family_house,24.086163361200608,10.08,0.0,10.08,24.086163361200608,-14.00616336120061,Winter,PRODUCE_PRIORITY
85.0,luxury_house,30.655117005164414,18.0,0.0,18.0,30.655117005164414,-12.655117005164412,Winter,PRODUCE_PRIORITY
85.0,small_family,21.349099342882358,6.5,0.0,6.5,21.349099342882358,-14.84909934288236,Winter,PRODUCE_PRIORITY
86.0,apartment,16.268456584145557,3.6399999999999997,0.0,3.6399999999999997,16.268456584145557,-12.628456584145557,Winter,PRODUCE_PRIORITY
86.0,family_house,27.531234219323245,10.08,0.0,10.08,27.531234219323245,-17.451234219323247,Winter,PRODUCE_PRIORITY
86.0,luxury_house,35.03975264277504,18.0,0.0,18.0,35.03975264277504,-17.039752642775046,Winter,PRODUCE_PRIORITY
86.0,small_family,24.402684876218334,6.5,0.0,6.5,24.402684876218334,-17.902684876218334,Winter,PRODUCE_PRIORITY
87.0,apartment,16.7003777847131,3.6399999999999997,0.0,3.6399999999999997,16.7003777847131,-13.0603777847131,Winter,PRODUCE_PRIORITY
87.0,family_house,28.262177789514478,10.08,0.0,10.08,28.262177789514478,-18.18217778951448,Winter,PRODUCE_PRIORITY
87.0,luxury_house,35.970044459382066,18.0,0.0,18.0,35.970044459382066,-17.970044459382066,Winter,PRODUCE_PRIORITY
87.0,small_family,25.050566677069654,6.5,0.0,6.5,25.050566677069654,-18.550566677069654,Winter,PRODUCE_PRIORITY
88.0,apartment,13.128412875135105,3.6399999999999997,0.0,3.6399999999999997,13.128412875135105,-9.488412875135104,Winter,PRODUCE_PRIORITY
88.0,family_house,22.21731409638248,10.08,0.0,10.08,22.21731409638248,-12.137314096382484,Winter,PRODUCE_PRIORITY
88.0,luxury_house,28.27658157721407,18.0,0.0,18.0,28.27658157721407,-10.27658157721407,Winter,PRODUCE_PRIORITY
88.0,small_family,19.692619312702654,6.5,0.0,6.5,19.692619312702654,-13.192619312702655,Winter,PRODUCE_PRIORITY
89.0,apartment,10.498193548571175,3.6399999999999997,0.0,3.6399999999999997,10.498193548571175,-6.858193548571175,Winter,PRODUCE_PRIORITY
89.0,family_house,17.766173697581987,10.08,0.0,10.08,17.766173697581987,-7.686173697581987,Winter,PRODUCE_PRIORITY
89.0,luxury_house,22.611493796922527,18.0,0.0,18.0,22.611493796922527,-4.611493796922527,Winter,PRODUCE_PRIORITY
89.0,small_family,15.747290322856761,6.5,0.0,6.5,15.747290322856761,-9.247290322856761,Winter,PRODUCE_PRIORITY
90.0,apartment,9.075634808716888,24.762151789919933,0.0,24.762151789919933,9.075634808716888,15.686516981203043,Winter,PRODUCE_PRIORITY
90.0,family_house,15.358766599367042,31.10392290594631,0.0,31.10392290594631,15.358766599367042,15.745156306579267,Winter,PRODUCE_PRIORITY
90.0,luxury_house,19.547521126467142,39.12792162759524,0.0,39.12792162759524,19.547521126467142,19.580400501128103,Winter,PRODUCE_PRIORITY
90.0,small_family,13.61345221307533,31.280068106904327,0.0,31.280068106904327,13.61345221307533,17.666615893828997,Winter,PRODUCE_PRIORITY
91.0,apartment,0.044144072686870484,21.948151690290373,0.0,21.948151690290373,0.044144072686870484,21.9040076176035,Winter,PRODUCE_PRIORITY
91.0,family_house,0.07470535377778083,21.489951749722024,0.0,21.489951749722024,0.07470535377778083,21.415246395944244,Winter,PRODUCE_PRIORITY
91.0,luxury_house,0.09507954117172106,31.66048847872954,0.0,31.66048847872954,0.09507954117172106,31.56540893755782,Winter,PRODUCE_PRIORITY
91.0,small_family,0.06621610903030573,25.144433112544935,0.0,25.144433112544935,0.06621610903030573,25.078217003514627,Winter,PRODUCE_PRIORITY
92.0,apartment,0.3396945381529446,27.750960119032257,0.0,27.750960119032257,0.3396945381529446,27.411265580879313,Winter,PRODUCE_PRIORITY
92.0,family_house,0.5748676799511371,27.728501961441182,0.0,27.728501961441182,0.5748676799511371,27.153634281490046,Winter,PRODUCE_PRIORITY
92.0,luxury_house,0.7316497744832653,33.877525337450734,0.0,33.877525337450734,0.7316497744832653,33.14587556296747,Winter,PRODUCE_PRIORITY
92.0,small_family,0.5095418072294169,30.061091398842436,0.0,30.061091398842436,0.5095418072294169,29.551549591613018,Winter,PRODUCE_PRIORITY
93.0,apartment,1.1716669651809635,21.728556925326547,0.0,21.728556925326547,1.1716669651809635,20.556889960145583,Winter,PRODUCE_PRIORITY
93.0,family_house,1.9828210179985533,23.06458952797579,0.0,23.06458952797579,1.9828210179985533,21.08176850997724,Winter,PRODUCE_PRIORITY
93.0,luxury_house,2.523590386543613,34.7262886167311,0.0,34.7262886167311,2.523590386543613,32.20269823018748,Winter,PRODUCE_PRIORITY
93.0,small_family,1.7575004477714449,27.97795254701256,0.0,27.97795254701256,1.7575004477714449,26.220452099241115,Winter,PRODUCE_PRIORITY
94.0,apartment,2.784531600539963,3.6399999999999997,0.0,3.6399999999999997,2.784531600539963,0.8554683994600366,Winter,PRODUCE_PRIORITY
94.0,family_house,4.712284247067629,10.08,0.0,10.08,4.712284247067629,5.36771575293237,Winter,PRODUCE_PRIORITY
94.0,luxury_house,5.997452678086074,18.0,0.0,18.0,5.997452678086074,12.002547321913926,Winter,PRODUCE_PRIORITY
94.0,small_family,4.176797400809945,6.5,0.0,6.5,4.176797400809945,2.323202599190055,Winter,PRODUCE_PRIORITY
95.0,apartment,5.597444987313022,3.6399999999999997,0.0,3.6399999999999997,5.597444987313022,-1.957444987313022,Winter,PRODUCE_PRIORITY
95.0,family_house,9.47259920929896,10.08,0.0,10.08,9.47259920929896,0.6074007907010404,Winter,PRODUCE_PRIORITY
95.0,luxury_house,12.056035357289584,18.0,0.0,18.0,12.056035357289584,5.943964642710417,Winter,PRODUCE_PRIORITY
95.0,small_family,8.396167480969533,6.5,0.0,6.5,8.396167480969533,-1.8961674809695324,Winter,PRODUCE_PRIORITY
96.0,apartment,0.0,3.6399999999999997,0.0,3.6399999999999997,0.0,3.6399999999999997,Winter,PRODUCE_PRIORITY
96.0,family_house,0.0,10.08,0.0,10.08,0.0,10.08,Winter,PRODUCE_PRIORITY
96.0,luxury_house,0.0,18.0,0.0,18.0,0.0,18.0,Winter,PRODUCE_PRIORITY
96.0,small_family,0.0,6.5,0.0,6.5,0.0,6.5,Winter,PRODUCE_PRIORITY
97.0,apartment,0.0,3.6399999999999997,0.0,3.6399999999999997,0.0,3.6399999999999997,Winter,PRODUCE_PRIORITY
97.0,family_house,0.0,10.08,0.0,10.08,0.0,10.08,Winter,PRODUCE_PRIORITY
97.0,luxury_house,0.0,18.0,0.0,18.0,0.0,18.0,Winter,PRODUCE_PRIORITY
97.0,small_family,0.0,6.5,0.0,6.5,0.0,6.5,Winter,PRODUCE_PRIORITY
98.0,apartment,0.0,3.6399999999999997,0.0,3.6399999999999997,0.0,3.6399999999999997,Winter,PRODUCE_PRIORITY
98.0,family_house,0.0,10.08,0.0,10.08,0.0,10.08,Winter,PRODUCE_PRIORITY
98.0,luxury_house,0.0,18.0,0.0,18.0,0.0,18.0,Winter,PRODUCE_PRIORITY
98.0,small_family,0.0,6.5,0.0,6.5,0.0,6.5,Winter,PRODUCE_PRIORITY
99.0,apartment,0.9237968477423752,3.6399999999999997,0.0,3.6399999999999997,0.9237968477423752,2.7162031522576244,Winter,PRODUCE_PRIORITY
99.0,family_house,1.56334851156402,10.08,0.0,10.08,1.56334851156402,8.51665148843598,Winter,PRODUCE_PRIORITY
99.0,luxury_house,1.989716287445116,18.0,0.0,18.0,1.989716287445116,16.010283712554884,Winter,PRODUCE_PRIORITY
99.0,small_family,1.385695271613563,6.5,0.0,6.5,1.385695271613563,5.114304728386437,Winter,PRODUCE_PRIORITY
100.0,apartment,1.6815248719573637,3.6399999999999997,0.0,3.6399999999999997,1.6815248719573637,1.958475128042636,Winter,PRODUCE_PRIORITY
100.0,family_house,2.8456574756201536,10.08,0.0,10.08,2.8456574756201536,7.234342524379846,Winter,PRODUCE_PRIORITY
100.0,luxury_house,3.6217458780620135,18.0,0.0,18.0,3.6217458780620135,14.378254121937985,Winter,PRODUCE_PRIORITY
100.0,small_family,2.5222873079360455,6.5,0.0,6.5,2.5222873079360455,3.9777126920639545,Winter,PRODUCE_PRIORITY
101.0,apartment,1.767701494126351,3.6399999999999997,0.0,3.6399999999999997,1.767701494126351,1.8722985058736488,Winter,PRODUCE_PRIORITY
101.0,family_house,2.9914948362138247,10.08,0.0,10.08,2.9914948362138247,7.088505163786175,Winter,PRODUCE_PRIORITY
101.0,luxury_house,3.8073570642721406,18.0,0.0,18.0,3.8073570642721406,14.19264293572786,Winter,PRODUCE_PRIORITY
101.0,small_family,2.6515522411895267,6.5,0.0,6.5,2.6515522411895267,3.8484477588104733,Winter,PRODUCE_PRIORITY
102.0,apartment,9.854791535725688,3.6399999999999997,0.0,3.6399999999999997,9.854791535725688,-6.214791535725689,Winter,PRODUCE_PRIORITY
102.0,family_house,16.677339521997318,10.08,0.0,10.08,16.677339521997318,-6.59733952199732,Winter,PRODUCE_PRIORITY
102.0,luxury_house,21.22570484617841,18.0,0.0,18.0,21.22570484617841,-3.2257048461784077,Winter,PRODUCE_PRIORITY
102.0,small_family,14.782187303588533,6.5,0.0,6.5,14.782187303588533,-8.282187303588533,Winter,PRODUCE_PRIORITY
103.0,apartment,9.92548093762147,3.6399999999999997,0.0,3.6399999999999997,9.92548093762147,-6.285480937621472,Winter,PRODUCE_PRIORITY
103.0,family_house,16.79696774059018,10.08,0.0,10.08,16.79696774059018,-6.71696774059018,Winter,PRODUCE_PRIORITY
103.0,luxury_house,21.37795894256932,18.0,0.0,18.0,21.37795894256932,-3.3779589425693217,Winter,PRODUCE_PRIORITY
103.0,small_family,14.888221406432205,6.5,0.0,6.5,14.888221406432205,-8.388221406432205,Winter,PRODUCE_PRIORITY
104.0,apartment,10.240167327735865,3.6399999999999997,0.0,3.6399999999999997,10.240167327735865,-6.600167327735864,Winter,PRODUCE_PRIORITY
104.0,family_house,17.32951393924531,10.08,0.0,10.08,17.32951393924531,-7.249513939245309,Winter,PRODUCE_PRIORITY
104.0,luxury_house,22.05574501358494,18.0,0.0,18.0,22.05574501358494,-4.055745013584938,Winter,PRODUCE_PRIORITY
104.0,small_family,15.360250991603797,6.5,0.0,6.5,15.360250991603797,-8.860250991603797,Winter,PRODUCE_PRIORITY
105.0,apartment,11.190506319277185,3.6399999999999997,0.0,3.6399999999999997,11.190506319277185,-7.5505063192771855,Winter,PRODUCE_PRIORITY
105.0,family_house,18.937779924930624,10.08,0.0,10.08,18.937779924930624,-8.857779924930625,Winter,PRODUCE_PRIORITY
105.0,luxury_house,24.102628995366246,18.0,0.0,18.0,24.102628995366246,-6.102628995366247,Winter,PRODUCE_PRIORITY
105.0,small_family,16.78575947891578,6.5,0.0,6.5,16.78575947891578,-10.28575947891578,Winter,PRODUCE_PRIORITY
106.0,apartment,12.255630161089085,3.6399999999999997,0.0,3.6399999999999997,12.255630161089085,-8.615630161089085,Winter,PRODUCE_PRIORITY
106.0,family_house,20.74029719568922,10.08,0.0,10.08,20.74029719568922,-10.660297195689221,Winter,PRODUCE_PRIORITY
106.0,luxury_house,26.396741885422642,18.0,0.0,18.0,26.396741885422642,-8.396741885422644,Winter,PRODUCE_PRIORITY
106.0,small_family,18.383445241633627,6.5,0.0,6.5,18.383445241633627,-11.883445241633627,Winter,PRODUCE_PRIORITY
107.0,apartment,13.880116285293907,3.6399999999999997,0.0,3.6399999999999997,13.880116285293907,-10.240116285293906,Winter,PRODUCE_PRIORITY
107.0,family_house,23.489427559728153,10.08,0.0,10.08,23.489427559728153,-13.409427559728151,Winter,PRODUCE_PRIORITY
107.0,luxury_house,29.895635076017648,18.0,0.0,18.0,29.895635076017648,-11.895635076017646,Winter,PRODUCE_PRIORITY
107.0,small_family,20.820174427940863,6.5,0.0,6.5,20.820174427940863,-14.320174427940861,Winter,PRODUCE_PRIORITY
108.0,apartment,14.31916430169628,3.6399999999999997,0.0,3.6399999999999997,14.31916430169628,-10.679164301696279,Winter,PRODUCE_PRIORITY
108.0,family_house,24.232431895178316,10.08,0.0,10.08,24.232431895178316,-14.152431895178317,Winter,PRODUCE_PRIORITY
108.0,luxury_house,30.841276957499673,18.0,0.0,18.0,30.841276957499673,-12.841276957499675,Winter,PRODUCE_PRIORITY
108.0,small_family,21.478746452544414,6.5,0.0,6.5,21.478746452544414,-14.978746452544415,Winter,PRODUCE_PRIORITY
109.0,apartment,15.853982709518824,3.6399999999999997,0.0,3.6399999999999997,15.853982709518824,-12.213982709518824,Winter,PRODUCE_PRIORITY
109.0,family_house,26.829816893031857,10.08,0.0,10.08,26.829816893031857,-16.74981689303186,Winter,PRODUCE_PRIORITY
109.0,luxury_house,34.14703968204054,18.0,0.0,18.0,34.14703968204054,-16.147039682040543,Winter,PRODUCE_PRIORITY
109.0,small_family,23.780974064278237,6.5,0.0,6.5,23.780974064278237,-17.280974064278237,Winter,PRODUCE_PRIORITY
110.0,apartment,16.72573927574706,3.6399999999999997,0.0,3.6399999999999997,16.72573927574706,-13.085739275747061,Winter,PRODUCE_PRIORITY
110.0,family_house,28.305097235879636,10.08,0.0,10.08,28.305097235879636,-18.225097235879637,Winter,PRODUCE_PRIORITY
110.0,luxury_house,36.02466920930136,18.0,0.0,18.0,36.02466920930136,-18.024669209301358,Winter,PRODUCE_PRIORITY
110.0,small_family,25.08860891362059,6.5,0.0,6.5,25.08860891362059,-18.58860891362059,Winter,PRODUCE_PRIORITY
111.0,apartment,16.778006077380557,3.6399999999999997,0.0,3.6399999999999997,16.778006077380557,-13.138006077380558,Winter,PRODUCE_PRIORITY
111.0,family_house,28.39354874633633,10.08,0.0,10.08,28.39354874633633,-18.31354874633633,Winter,PRODUCE_PRIORITY
111.0,luxury_house,36.13724385897351,18.0,0.0,18.0,36.13724385897351,-18.137243858973513,Winter,PRODUCE_PRIORITY
111.0,small_family,25.167009116070837,6.5,0.0,6.5,25.167009116070837,-18.667009116070837,Winter,PRODUCE_PRIORITY
112.0,apartment,13.071011293124656,3.6399999999999997,0.0,3.6399999999999997,13.071011293124656,-9.431011293124655,Winter,PRODUCE_PRIORITY
112.0,family_house,22.12017295759557,10.08,0.0,10.08,22.12017295759557,-12.040172957595574,Winter,PRODUCE_PRIORITY
112.0,luxury_house,28.15294740057618,18.0,0.0,18.0,28.15294740057618,-10.152947400576183,Winter,PRODUCE_PRIORITY
112.0,small_family,19.606516939686987,6.5,0.0,6.5,19.606516939686987,-13.106516939686987,Winter,PRODUCE_PRIORITY
113.0,apartment,10.090310013296884,3.6399999999999997,0.0,3.6399999999999997,10.090310013296884,-6.4503100132968845,Winter,PRODUCE_PRIORITY
113.0,family_house,17.07590925327165,10.08,0.0,10.08,17.07590925327165,-6.99590925327165,Winter,PRODUCE_PRIORITY
113.0,luxury_house,21.732975413254827,18.0,0.0,18.0,21.732975413254827,-3.7329754132548274,Winter,PRODUCE_PRIORITY
113.0,small_family,15.135465019945325,6.5,0.0,6.5,15.135465019945325,-8.635465019945325,Winter,PRODUCE_PRIORITY
114.0,apartment,8.245169250453898,28.75878457241894,0.0,28.75878457241894,8.245169250453898,20.513615321965045,Winter,PRODUCE_PRIORITY
114.0,family_house,13.953363346921982,26.28229867264645,0.0,26.28229867264645,13.953363346921982,12.32893532572447,Winter,PRODUCE_PRIORITY
114.0,luxury_house,17.758826077900704,33.27362186790851,0.0,33.27362186790851,17.758826077900704,15.51479579000781,Winter,PRODUCE_PRIORITY
114.0,small_family,12.367753875680846,21.845435644836734,0.0,21.845435644836734,12.367753875680846,9.477681769155888,Winter,PRODUCE_PRIORITY
115.0,apartment,0.0,23.579685188299486,0.0,23.579685188299486,0.0,23.579685188299486,Winter,PRODUCE_PRIORITY
115.0,family_house,0.0,30.191566292961177,0.0,30.191566292961177,0.0,30.191566292961177,Winter,PRODUCE_PRIORITY
115.0,luxury_house,0.0,38.783784310018625,0.0,38.783784310018625,0.0,38.783784310018625,Winter,PRODUCE_PRIORITY
115.0,small_family,0.0,22.55946441484104,0.0,22.55946441484104,0.0,22.55946441484104,Winter,PRODUCE_PRIORITY
116.0,apartment,0.0,25.04971045817749,0.0,25.04971045817749,0.0,25.04971045817749,Winter,PRODUCE_PRIORITY
116.0,family_house,0.0,32.25006606586275,0.0,32.25006606586275,0.0,32.25006606586275,Winter,PRODUCE_PRIORITY
116.0,luxury_house,0.0,31.286673129923955,0.0,31.286673129923955,0.0,31.286673129923955,Winter,PRODUCE_PRIORITY
116.0,small_family,0.0,23.579352696952117,0.0,23.579352696952117,0.0,23.579352696952117,Winter,PRODUCE_PRIORITY
117.0,apartment,0.21538453779160394,20.173841199790058,0.0,20.173841199790058,0.21538453779160394,19.958456661998454,Winter,PRODUCE_PRIORITY
117.0,family_house,0.3644969101088682,28.74309768108334,0.0,28.74309768108334,0.3644969101088682,28.378600770974476,Winter,PRODUCE_PRIORITY
117.0,luxury_house,0.4639051583203777,30.931879704958746,0.0,30.931879704958746,0.4639051583203777,30.467974546638366,Winter,PRODUCE_PRIORITY
117.0,small_family,0.3230768066874059,23.707525026595988,0.0,23.707525026595988,0.3230768066874059,23.384448219908585,Winter,PRODUCE_PRIORITY
118.0,apartment,0.0,3.6399999999999997,0.0,3.6399999999999997,0.0,3.6399999999999997,Winter,PRODUCE_PRIORITY
118.0,family_house,0.0,10.08,0.0,10.08,0.0,10.08,Winter,PRODUCE_PRIORITY
118.0,luxury_house,0.0,18.0,0.0,18.0,0.0,18.0,Winter,PRODUCE_PRIORITY
118.0,small_family,0.0,6.5,0.0,6.5,0.0,6.5,Winter,PRODUCE_PRIORITY
119.0,apartment,3.0693468571021456,3.6399999999999997,0.0,3.6399999999999997,3.0693468571021456,0.570653142897854,Winter,PRODUCE_PRIORITY
119.0,family_house,5.1942792966344005,10.08,0.0,10.08,5.1942792966344005,4.885720703365599,Winter,PRODUCE_PRIORITY
119.0,luxury_house,6.610900922989237,18.0,0.0,18.0,6.610900922989237,11.389099077010762,Winter,PRODUCE_PRIORITY
119.0,small_family,4.604020285653219,6.5,0.0,6.5,4.604020285653219,1.8959797143467811,Winter,PRODUCE_PRIORITY
120.0,apartment,0.0,3.6399999999999997,0.0,3.6399999999999997,0.0,3.6399999999999997,Winter,PRODUCE_PRIORITY
120.0,family_house,0.0,10.08,0.0,10.08,0.0,10.08,Winter,PRODUCE_PRIORITY
120.0,luxury_house,0.0,18.0,0.0,18.0,0.0,18.0,Winter,PRODUCE_PRIORITY
120.0,small_family,0.0,6.5,0.0,6.5,0.0,6.5,Winter,PRODUCE_PRIORITY
121.0,apartment,1.4307021423669013,3.6399999999999997,0.0,3.6399999999999997,1.4307021423669013,2.209297857633098,Winter,PRODUCE_PRIORITY
121.0,family_house,2.4211882409286023,10.08,0.0,10.08,2.4211882409286023,7.658811759071398,Winter,PRODUCE_PRIORITY
121.0,luxury_house,3.081512306636403,18.0,0.0,18.0,3.081512306636403,14.918487693363598,Winter,PRODUCE_PRIORITY
121.0,small_family,2.1460532135503523,6.5,0.0,6.5,2.1460532135503523,4.353946786449648,Winter,PRODUCE_PRIORITY
122.0,apartment,1.4468831350336804,3.6399999999999997,0.0,3.6399999999999997,1.4468831350336804,2.1931168649663193,Winter,PRODUCE_PRIORITY
122.0,family_house,2.4485714592877668,10.08,0.0,10.08,2.4485714592877668,7.631428540712232,Winter,PRODUCE_PRIORITY
122.0,luxury_house,3.1163636754571575,18.0,0.0,18.0,3.1163636754571575,14.883636324542842,Winter,PRODUCE_PRIORITY
122.0,small_family,2.170324702550521,6.5,0.0,6.5,2.170324702550521,4.329675297449479,Winter,PRODUCE_PRIORITY
123.0,apartment,1.5568611415741067,3.6399999999999997,0.0,3.6399999999999997,1.5568611415741067,2.083138858425893,Winter,PRODUCE_PRIORITY
123.0,family_house,2.634688085740796,10.08,0.0,10.08,2.634688085740796,7.445311914259204,Winter,PRODUCE_PRIORITY
123.0,luxury_house,3.353239381851922,18.0,0.0,18.0,3.353239381851922,14.646760618148079,Winter,PRODUCE_PRIORITY
123.0,small_family,2.33529171236116,6.5,0.0,6.5,2.33529171236116,4.16470828763884,Winter,PRODUCE_PRIORITY
124.0,apartment,1.651202111577938,3.6399999999999997,0.0,3.6399999999999997,1.651202111577938,1.9887978884220616,Winter,PRODUCE_PRIORITY
124.0,family_house,2.7943420349780492,10.08,0.0,10.08,2.7943420349780492,7.28565796502195,Winter,PRODUCE_PRIORITY
124.0,luxury_house,3.55643531724479,18.0,0.0,18.0,3.55643531724479,14.443564682755209,Winter,PRODUCE_PRIORITY
124.0,small_family,2.4768031673669073,6.5,0.0,6.5,2.4768031673669073,4.023196832633093,Winter,PRODUCE_PRIORITY
125.0,apartment,1.7874180825394181,3.6399999999999997,0.0,3.6399999999999997,1.7874180825394181,1.8525819174605813,Winter,PRODUCE_PRIORITY
125.0,family_house,3.0248613704513225,10.08,0.0,10.08,3.0248613704513225,7.0551386295486775,Winter,PRODUCE_PRIORITY
125.0,luxury_house,3.8498235623925927,18.0,0.0,18.0,3.8498235623925927,14.150176437607406,Winter,PRODUCE_PRIORITY
125.0,small_family,2.6811271238091274,6.5,0.0,6.5,2.6811271238091274,3.8188728761908726,Winter,PRODUCE_PRIORITY
126.0,apartment,10.384872263850895,3.6399999999999997,0.0,3.6399999999999997,10.384872263850895,-6.744872263850896,Winter,PRODUCE_PRIORITY
126.0,family_house,17.57439921574767,10.08,0.0,10.08,17.57439921574767,-7.494399215747666,Winter,PRODUCE_PRIORITY
126.0,luxury_house,22.367417183678846,18.0,0.0,18.0,22.367417183678846,-4.367417183678848,Winter,PRODUCE_PRIORITY
126.0,small_family,15.577308395776342,6.5,0.0,6.5,15.577308395776342,-9.077308395776342,Winter,PRODUCE_PRIORITY
127.0,apartment,10.703565942582468,3.6399999999999997,0.0,3.6399999999999997,10.703565942582468,-7.063565942582468,Winter,PRODUCE_PRIORITY
127.0,family_house,18.11372697975495,10.08,0.0,10.08,18.11372697975495,-8.033726979754949,Winter,PRODUCE_PRIORITY
127.0,luxury_house,23.053834337869933,18.0,0.0,18.0,23.053834337869933,-5.053834337869933,Winter,PRODUCE_PRIORITY
127.0,small_family,16.055348913873704,6.5,0.0,6.5,16.055348913873704,-9.555348913873704,Winter,PRODUCE_PRIORITY
128.0,apartment,10.844637811151346,3.6399999999999997,0.0,3.6399999999999997,10.844637811151346,-7.204637811151345,Winter,PRODUCE_PRIORITY
128.0,family_house,18.352463988102276,10.08,0.0,10.08,18.352463988102276,-8.272463988102277,Winter,PRODUCE_PRIORITY
128.0,luxury_house,23.357681439402896,18.0,0.0,18.0,23.357681439402896,-5.3576814394028975,Winter,PRODUCE_PRIORITY
128.0,small_family,16.26695671672702,6.5,0.0,6.5,16.26695671672702,-9.766956716727018,Winter,PRODUCE_PRIORITY
129.0,apartment,11.458476605977719,3.6399999999999997,0.0,3.6399999999999997,11.458476605977719,-7.81847660597772,Winter,PRODUCE_PRIORITY
129.0,family_house,19.391268102423833,10.08,0.0,10.08,19.391268102423833,-9.311268102423833,Winter,PRODUCE_PRIORITY
129.0,luxury_house,24.67979576672124,18.0,0.0,18.0,24.67979576672124,-6.6797957667212415,Winter,PRODUCE_PRIORITY
129.0,small_family,17.187714908966576,6.5,0.0,6.5,17.187714908966576,-10.687714908966576,Winter,PRODUCE_PRIORITY
130.0,apartment,12.264607552250714,3.6399999999999997,0.0,3.6399999999999997,12.264607552250714,-8.624607552250716,Winter,PRODUCE_PRIORITY
130.0,family_house,20.755489703808898,10.08,0.0,10.08,20.755489703808898,-10.6754897038089,Winter,PRODUCE_PRIORITY
130.0,luxury_house,26.41607780484769,18.0,0.0,18.0,26.41607780484769,-8.41607780484769,Winter,PRODUCE_PRIORITY
130.0,small_family,18.39691132837607,6.5,0.0,6.5,18.39691132837607,-11.896911328376072,Winter,PRODUCE_PRIORITY
131.0,apartment,13.0486749920986,3.6399999999999997,0.0,3.6399999999999997,13.0486749920986,-9.4086749920986,Winter,PRODUCE_PRIORITY
131.0,family_house,22.082373063551476,10.08,0.0,10.08,22.082373063551476,-12.002373063551477,Winter,PRODUCE_PRIORITY
131.0,luxury_house,28.10483844452006,18.0,0.0,18.0,28.10483844452006,-10.104838444520059,Winter,PRODUCE_PRIORITY
131.0,small_family,19.573012488147903,6.5,0.0,6.5,19.573012488147903,-13.073012488147901,Winter,PRODUCE_PRIORITY
132.0,apartment,13.717195539499167,3.6399999999999997,0.0,3.6399999999999997,13.717195539499167,-10.077195539499167,Winter,PRODUCE_PRIORITY
132.0,family_house,23.213715528383208,10.08,0.0,10.08,23.213715528383208,-13.13371552838321,Winter,PRODUCE_PRIORITY
132.0,luxury_house,29.5447288543059,18.0,0.0,18.0,29.5447288543059,-11.544728854305903,Winter,PRODUCE_PRIORITY
132.0,small_family,20.575793309248752,6.5,0.0,6.5,20.575793309248752,-14.075793309248752,Winter,PRODUCE_PRIORITY
133.0,apartment,14.508750049632678,3.6399999999999997,0.0,3.6399999999999997,14.508750049632678,-10.868750049632677,Winter,PRODUCE_PRIORITY
133.0,family_house,24.553269314762993,10.08,0.0,10.08,24.553269314762993,-14.473269314762993,Winter,PRODUCE_PRIORITY
133.0,luxury_house,31.249615491516536,18.0,0.0,18.0,31.249615491516536,-13.249615491516535,Winter,PRODUCE_PRIORITY
133.0,small_family,21.763125074449015,6.5,0.0,6.5,21.763125074449015,-15.263125074449013,Winter,PRODUCE_PRIORITY
134.0,apartment,15.291189221836834,3.6399999999999997,0.0,3.6399999999999997,15.291189221836834,-11.651189221836834,Winter,PRODUCE_PRIORITY
134.0,family_house,25.877397144646952,10.08,0.0,10.08,25.877397144646952,-15.797397144646954,Winter,PRODUCE_PRIORITY
134.0,luxury_house,32.934869093187025,18.0,0.0,18.0,32.934869093187025,-14.934869093187027,Winter,PRODUCE_PRIORITY
134.0,small_family,22.93678383275525,6.5,0.0,6.5,22.93678383275525,-16.43678383275525,Winter,PRODUCE_PRIORITY
135.0,apartment,15.450688778413623,3.6399999999999997,0.0,3.6399999999999997,15.450688778413623,-11.810688778413622,Winter,PRODUCE_PRIORITY
135.0,family_house,26.147319471161516,10.08,0.0,10.08,26.147319471161516,-16.067319471161518,Winter,PRODUCE_PRIORITY
135.0,luxury_house,33.27840659966011,18.0,0.0,18.0,33.27840659966011,-15.27840659966011,Winter,PRODUCE_PRIORITY
135.0,small_family,23.17603316762043,6.5,0.0,6.5,23.17603316762043,-16.67603316762043,Winter,PRODUCE_PRIORITY
136.0,apartment,11.924929238059638,3.6399999999999997,0.0,3.6399999999999997,11.924929238059638,-8.284929238059638,Winter,PRODUCE_PRIORITY
136.0,family_house,20.18064947979323,10.08,0.0,10.08,20.18064947979323,-10.100649479793232,Winter,PRODUCE_PRIORITY
136.0,luxury_house,25.684462974282294,18.0,0.0,18.0,25.684462974282294,-7.684462974282294,Winter,PRODUCE_PRIORITY
136.0,small_family,17.887393857089457,6.5,0.0,6.5,17.887393857089457,-11.387393857089458,Winter,PRODUCE_PRIORITY
137.0,apartment,9.288397638036887,3.6399999999999997,0.0,3.6399999999999997,9.288397638036887,-5.6483976380368865,Winter,PRODUCE_PRIORITY
137.0,family_house,15.718826772062425,10.08,0.0,10.08,15.718826772062425,-5.6388267720624246,Winter,PRODUCE_PRIORITY
137.0,luxury_house,20.005779528079447,18.0,0.0,18.0,20.005779528079447,-2.005779528079448,Winter,PRODUCE_PRIORITY
137.0,small_family,13.932596457055329,6.5,0.0,6.5,13.932596457055329,-7.432596457055329,Winter,PRODUCE_PRIORITY
138.0,apartment,7.716064477979645,27.054267628480464,0.0,27.054267628480464,7.716064477979645,19.33820315050082,Winter,PRODUCE_PRIORITY
138.0,family_house,13.05795527042709,29.952325851137577,0.0,29.952325851137577,13.05795527042709,16.894370580710486,Winter,PRODUCE_PRIORITY
138.0,luxury_house,16.61921579872539,32.70786451603845,0.0,32.70786451603845,16.61921579872539,16.088648717313056,Winter,PRODUCE_PRIORITY
138.0,small_family,11.574096716969468,24.563317705699216,0.0,24.563317705699216,11.574096716969468,12.989220988729748,Winter,PRODUCE_PRIORITY
139.0,apartment,0.0,17.894351225365526,0.0,17.894351225365526,0.0,17.894351225365526,Winter,PRODUCE_PRIORITY
139.0,family_house,0.0,26.242451390692274,0.0,26.242451390692274,0.0,26.242451390692274,Winter,PRODUCE_PRIORITY
139.0,luxury_house,0.0,38.08522350793364,0.0,38.08522350793364,0.0,38.08522350793364,Winter,PRODUCE_PRIORITY
139.0,small_family,0.0,18.359816412654954,0.0,18.359816412654954,0.0,18.359816412654954,Winter,PRODUCE_PRIORITY
140.0,apartment,0.0,26.578041445078114,0.0,26.578041445078114,0.0,26.578041445078114,Winter,PRODUCE_PRIORITY
140.0,family_house,0.0,28.878616931703156,0.0,28.878616931703156,0.0,28.878616931703156,Winter,PRODUCE_PRIORITY
140.0,luxury_house,0.0,36.4509031182091,0.0,36.4509031182091,0.0,36.4509031182091,Winter,PRODUCE_PRIORITY
140.0,small_family,0.0,24.013515127673987,0.0,24.013515127673987,0.0,24.013515127673987,Winter,PRODUCE_PRIORITY
141.0,apartment,0.3496929820368729,28.337086712781186,0.0,28.337086712781186,0.3496929820368729,27.987393730744316,Winter,PRODUCE_PRIORITY
141.0,family_house,0.5917881234470156,23.96751543617017,0.0,23.96751543617017,0.5917881234470156,23.375727312723157,Winter,PRODUCE_PRIORITY
141.0,luxury_house,0.7531848843871107,38.403703127312816,0.0,38.403703127312816,0.7531848843871107,37.650518242925706,Winter,PRODUCE_PRIORITY
141.0,small_family,0.5245394730553093,24.564176594817386,0.0,24.564176594817386,0.5245394730553093,24.039637121762077,Winter,PRODUCE_PRIORITY
142.0,apartment,2.3142124332876204,3.6399999999999997,0.0,3.6399999999999997,2.3142124332876204,1.3257875667123795,Winter,PRODUCE_PRIORITY
142.0,family_house,3.916359502486742,10.08,0.0,10.08,3.916359502486742,6.163640497513258,Winter,PRODUCE_PRIORITY
142.0,luxury_house,4.98445754861949,18.0,0.0,18.0,4.98445754861949,13.015542451380512,Winter,PRODUCE_PRIORITY
142.0,small_family,3.4713186499314306,6.5,0.0,6.5,3.4713186499314306,3.0286813500685694,Winter,PRODUCE_PRIORITY
143.0,apartment,5.726471847164475,3.6399999999999997,0.0,3.6399999999999997,5.726471847164475,-2.0864718471644754,Winter,PRODUCE_PRIORITY
143.0,family_house,9.690952356739881,10.08,0.0,10.08,9.690952356739881,0.3890476432601182,Winter,PRODUCE_PRIORITY
143.0,luxury_house,12.333939363123486,18.0,0.0,18.0,12.333939363123486,5.666060636876514,Winter,PRODUCE_PRIORITY
143.0,small_family,8.589707770746712,6.5,0.0,6.5,8.589707770746712,-2.0897077707467115,Winter,PRODUCE_PRIORITY
144.0,apartment,0.0,3.6399999999999997,0.0,3.6399999999999997,0.0,3.6399999999999997,Winter,PRODUCE_PRIORITY
144.0,family_house,0.0,10.08,0.0,10.08,0.0,10.08,Winter,PRODUCE_PRIORITY
144.0,luxury_house,0.0,18.0,0.0,18.0,0.0,18.0,Winter,PRODUCE_PRIORITY
144.0,small_family,0.0,6.5,0.0,6.5,0.0,6.5,Winter,PRODUCE_PRIORITY
145.0,apartment,2.4216384824727366,3.6399999999999997,0.0,3.6399999999999997,2.4216384824727366,1.218361517527263,Winter,PRODUCE_PRIORITY
145.0,family_house,4.098157431876938,10.08,0.0,10.08,4.098157431876938,5.981842568123061,Winter,PRODUCE_PRIORITY
145.0,luxury_house,5.215836731479739,18.0,0.0,18.0,5.215836731479739,12.78416326852026,Winter,PRODUCE_PRIORITY
145.0,small_family,3.6324577237091042,6.5,0.0,6.5,3.6324577237091042,2.8675422762908958,Winter,PRODUCE_PRIORITY
146.0,apartment,2.4878861552423444,3.6399999999999997,0.0,3.6399999999999997,2.4878861552423444,1.1521138447576553,Winter,PRODUCE_PRIORITY
146.0,family_house,4.210268878102429,10.08,0.0,10.08,4.210268878102429,5.86973112189757,Winter,PRODUCE_PRIORITY
146.0,luxury_house,5.358524026675819,18.0,0.0,18.0,5.358524026675819,12.64147597332418,Winter,PRODUCE_PRIORITY
146.0,small_family,3.731829232863517,6.5,0.0,6.5,3.731829232863517,2.768170767136483,Winter,PRODUCE_PRIORITY
147.0,apartment,1.9728242510099188,3.6399999999999997,0.0,3.6399999999999997,1.9728242510099188,1.667175748990081,Winter,PRODUCE_PRIORITY
147.0,family_house,3.338625655555247,10.08,0.0,10.08,3.338625655555247,6.741374344444752,Winter,PRODUCE_PRIORITY
147.0,luxury_house,4.249159925252132,18.0,0.0,18.0,4.249159925252132,13.750840074747869,Winter,PRODUCE_PRIORITY
147.0,small_family,2.959236376514878,6.5,0.0,6.5,2.959236376514878,3.5407636234851223,Winter,PRODUCE_PRIORITY
148.0,apartment,1.9817482791994143,3.6399999999999997,0.0,3.6399999999999997,1.9817482791994143,1.6582517208005854,Winter,PRODUCE_PRIORITY
148.0,family_house,3.3537278571067013,10.08,0.0,10.08,3.3537278571067013,6.726272142893298,Winter,PRODUCE_PRIORITY
148.0,luxury_house,4.268380909044892,18.0,0.0,18.0,4.268380909044892,13.731619090955109,Winter,PRODUCE_PRIORITY
148.0,small_family,2.972622418799121,6.5,0.0,6.5,2.972622418799121,3.527377581200879,Winter,PRODUCE_PRIORITY
149.0,apartment,2.395112509388126,3.6399999999999997,0.0,3.6399999999999997,2.395112509388126,1.2448874906118736,Winter,PRODUCE_PRIORITY
149.0,family_house,4.053267323579906,10.08,0.0,10.08,4.053267323579906,6.026732676420094,Winter,PRODUCE_PRIORITY
149.0,luxury_house,5.158703866374426,18.0,0.0,18.0,5.158703866374426,12.841296133625576,Winter,PRODUCE_PRIORITY
149.0,small_family,3.592668764082189,6.5,0.0,6.5,3.592668764082189,2.907331235917811,Winter,PRODUCE_PRIORITY
150.0,apartment,10.661931235840795,3.6399999999999997,0.0,3.6399999999999997,10.661931235840795,-7.021931235840795,Winter,PRODUCE_PRIORITY
150.0,family_house,18.043268245269036,10.08,0.0,10.08,18.043268245269036,-7.963268245269036,Winter,PRODUCE_PRIORITY
150.0,luxury_house,22.964159584887867,18.0,0.0,18.0,22.964159584887867,-4.964159584887867,Winter,PRODUCE_PRIORITY
150.0,small_family,15.992896853761192,6.5,0.0,6.5,15.992896853761192,-9.492896853761192,Winter,PRODUCE_PRIORITY
151.0,apartment,10.826028253077936,3.6399999999999997,0.0,3.6399999999999997,10.826028253077936,-7.186028253077936,Winter,PRODUCE_PRIORITY
151.0,family_house,18.320970889824196,10.08,0.0,10.08,18.320970889824196,-8.240970889824197,Winter,PRODUCE_PRIORITY
151.0,luxury_house,23.317599314321708,18.0,0.0,18.0,23.317599314321708,-5.317599314321708,Winter,PRODUCE_PRIORITY
151.0,small_family,16.239042379616905,6.5,0.0,6.5,16.239042379616905,-9.739042379616903,Winter,PRODUCE_PRIORITY
152.0,apartment,10.436539622441162,3.6399999999999997,0.0,3.6399999999999997,10.436539622441162,-6.796539622441163,Winter,PRODUCE_PRIORITY
152.0,family_house,17.661836284131198,10.08,0.0,10.08,17.661836284131198,-7.581836284131198,Winter,PRODUCE_PRIORITY
152.0,luxury_house,22.478700725257887,18.0,0.0,18.0,22.478700725257887,-4.478700725257887,Winter,PRODUCE_PRIORITY
152.0,small_family,15.654809433661741,6.5,0.0,6.5,15.654809433661741,-9.154809433661741,Winter,PRODUCE_PRIORITY
153.0,apartment,12.520627518293733,3.6399999999999997,0.0,3.6399999999999997,12.520627518293733,-8.880627518293734,Winter,PRODUCE_PRIORITY
153.0,family_house,21.18875426172786,10.08,0.0,10.08,21.18875426172786,-11.108754261727858,Winter,PRODUCE_PRIORITY
153.0,luxury_house,26.967505424017276,18.0,0.0,18.0,26.967505424017276,-8.967505424017276,Winter,PRODUCE_PRIORITY
153.0,small_family,18.7809412774406,6.5,0.0,6.5,18.7809412774406,-12.2809412774406,Winter,PRODUCE_PRIORITY
154.0,apartment,13.688278846616672,3.6399999999999997,0.0,3.6399999999999997,13.688278846616672,-10.048278846616673,Winter,PRODUCE_PRIORITY
154.0,family_house,23.16477958658206,10.08,0.0,10.08,23.16477958658206,-13.08477958658206,Winter,PRODUCE_PRIORITY
154.0,luxury_house,29.482446746558985,18.0,0.0,18.0,29.482446746558985,-11.482446746558985,Winter,PRODUCE_PRIORITY
154.0,small_family,20.53241826992501,6.5,0.0,6.5,20.53241826992501,-14.03241826992501,Winter,PRODUCE_PRIORITY
155.0,apartment,13.176805519747818,3.6399999999999997,0.0,3.6399999999999997,13.176805519747818,-9.536805519747817,Winter,PRODUCE_PRIORITY
155.0,family_house,22.29920934111169,10.08,0.0,10.08,22.29920934111169,-12.219209341111695,Winter,PRODUCE_PRIORITY
155.0,luxury_house,28.38081188868761,18.0,0.0,18.0,28.38081188868761,-10.38081188868761,Winter,PRODUCE_PRIORITY
155.0,small_family,19.765208279621724,6.5,0.0,6.5,19.765208279621724,-13.265208279621724,Winter,PRODUCE_PRIORITY
156.0,apartment,15.233832856360205,3.6399999999999997,0.0,3.6399999999999997,15.233832856360205,-11.593832856360205,Winter,PRODUCE_PRIORITY
156.0,family_house,25.780332526148044,10.08,0.0,10.08,25.780332526148044,-15.700332526148044,Winter,PRODUCE_PRIORITY
156.0,luxury_house,32.8113323060066,18.0,0.0,18.0,32.8113323060066,-14.811332306006598,Winter,PRODUCE_PRIORITY
156.0,small_family,22.850749284540306,6.5,0.0,6.5,22.850749284540306,-16.350749284540306,Winter,PRODUCE_PRIORITY
157.0,apartment,15.560433952709694,3.6399999999999997,0.0,3.6399999999999997,15.560433952709694,-11.920433952709693,Winter,PRODUCE_PRIORITY
157.0,family_house,26.333042073816404,10.08,0.0,10.08,26.333042073816404,-16.253042073816406,Winter,PRODUCE_PRIORITY
157.0,luxury_house,33.51478082122088,18.0,0.0,18.0,33.51478082122088,-15.51478082122088,Winter,PRODUCE_PRIORITY
157.0,small_family,23.34065092906454,6.5,0.0,6.5,23.34065092906454,-16.84065092906454,Winter,PRODUCE_PRIORITY
158.0,apartment,16.5746117301729,3.6399999999999997,0.0,3.6399999999999997,16.5746117301729,-12.934611730172902,Winter,PRODUCE_PRIORITY
158.0,family_house,28.049342927984913,10.08,0.0,10.08,28.049342927984913,-17.969342927984915,Winter,PRODUCE_PRIORITY
158.0,luxury_house,35.69916372652625,18.0,0.0,18.0,35.69916372652625,-17.69916372652625,Winter,PRODUCE_PRIORITY
158.0,small_family,24.861917595259353,6.5,0.0,6.5,24.861917595259353,-18.361917595259353,Winter,PRODUCE_PRIORITY
159.0,apartment,18.25079158218551,3.6399999999999997,0.0,3.6399999999999997,18.25079158218551,-14.61079158218551,Winter,PRODUCE_PRIORITY
159.0,family_house,30.885954985237014,10.08,0.0,10.08,30.885954985237014,-20.805954985237015,Winter,PRODUCE_PRIORITY
159.0,luxury_house,39.309397253938016,18.0,0.0,18.0,39.309397253938016,-21.309397253938016,Winter,PRODUCE_PRIORITY
159.0,small_family,27.376187373278263,6.5,0.0,6.5,27.376187373278263,-20.876187373278263,Winter,PRODUCE_PRIORITY
160.0,apartment,14.315364446618771,3.6399999999999997,0.0,3.6399999999999997,14.315364446618771,-10.67536444661877,Winter,PRODUCE_PRIORITY
160.0,family_house,24.226001371200997,10.08,0.0,10.08,24.226001371200997,-14.146001371200999,Winter,PRODUCE_PRIORITY
160.0,luxury_house,30.833092654255815,18.0,0.0,18.0,30.833092654255815,-12.833092654255815,Winter,PRODUCE_PRIORITY
160.0,small_family,21.473046669928156,6.5,0.0,6.5,21.473046669928156,-14.973046669928156,Winter,PRODUCE_PRIORITY
161.0,apartment,11.139408863747049,3.6399999999999997,0.0,3.6399999999999997,11.139408863747049,-7.499408863747048,Winter,PRODUCE_PRIORITY
161.0,family_house,18.85130730787962,10.08,0.0,10.08,18.85130730787962,-8.771307307879619,Winter,PRODUCE_PRIORITY
161.0,luxury_house,23.992572937301333,18.0,0.0,18.0,23.992572937301333,-5.9925729373013334,Winter,PRODUCE_PRIORITY
161.0,small_family,16.709113295620572,6.5,0.0,6.5,16.709113295620572,-10.209113295620572,Winter,PRODUCE_PRIORITY
162.0,apartment,9.116557153248749,21.640507395287752,0.0,21.640507395287752,9.116557153248749,12.523950242039003,Winter,PRODUCE_PRIORITY
162.0,family_house,15.428019797805575,31.063598801958303,0.0,31.063598801958303,15.428019797805575,15.63557900415273,Winter,PRODUCE_PRIORITY
162.0,luxury_house,19.63566156084346,35.88462413014085,0.0,35.88462413014085,19.63566156084346,16.24896256929739,Winter,PRODUCE_PRIORITY
162.0,small_family,13.674835729873124,35.539229223615116,0.0,35.539229223615116,13.674835729873124,21.864393493741993,Winter,PRODUCE_PRIORITY
163.0,apartment,0.0,20.753440627511026,0.0,20.753440627511026,0.0,20.753440627511026,Winter,PRODUCE_PRIORITY
163.0,family_house,0.0,31.180142884344857,0.0,31.180142884344857,0.0,31.180142884344857,Winter,PRODUCE_PRIORITY
163.0,luxury_house,0.0,43.67918765760311,0.0,43.67918765760311,0.0,43.67918765760311,Winter,PRODUCE_PRIORITY
163.0,small_family,0.0,29.424042727030184,0.0,29.424042727030184,0.0,29.424042727030184,Winter,PRODUCE_PRIORITY
164.0,apartment,0.0,20.83722582835839,0.0,20.83722582835839,0.0,20.83722582835839,Winter,PRODUCE_PRIORITY
164.0,family_house,0.0,28.411409592911312,0.0,28.411409592911312,0.0,28.411409592911312,Winter,PRODUCE_PRIORITY
164.0,luxury_house,0.0,32.78665962380663,0.0,32.78665962380663,0.0,32.78665962380663,Winter,PRODUCE_PRIORITY
164.0,small_family,0.0,22.66790026952467,0.0,22.66790026952467,0.0,22.66790026952467,Winter,PRODUCE_PRIORITY
165.0,apartment,0.5866596258652526,22.65875506633405,0.0,22.65875506633405,0.5866596258652526,22.072095440468793,Winter,PRODUCE_PRIORITY
165.0,family_house,0.9928085976181197,28.439737651287295,0.0,28.439737651287295,0.9928085976181197,27.44692905366918,Winter,PRODUCE_PRIORITY
165.0,luxury_house,1.2635745787866979,37.18298253034436,0.0,37.18298253034436,1.2635745787866979,35.919407951557666,Winter,PRODUCE_PRIORITY
165.0,small_family,0.8799894387978788,22.963589087033213,0.0,22.963589087033213,0.8799894387978788,22.083599648235335,Winter,PRODUCE_PRIORITY
166.0,apartment,2.306455884619832,3.6399999999999997,0.0,3.6399999999999997,2.306455884619832,1.3335441153801675,Winter,PRODUCE_PRIORITY
166.0,family_house,3.903233035510485,10.08,0.0,10.08,3.903233035510485,6.176766964489515,Winter,PRODUCE_PRIORITY
166.0,luxury_house,4.967751136104253,18.0,0.0,18.0,4.967751136104253,13.032248863895745,Winter,PRODUCE_PRIORITY
166.0,small_family,3.4596838269297483,6.5,0.0,6.5,3.4596838269297483,3.0403161730702517,Winter,PRODUCE_PRIORITY
167.0,apartment,4.024726401578842,3.6399999999999997,0.0,3.6399999999999997,4.024726401578842,-0.38472640157884314,Winter,PRODUCE_PRIORITY
167.0,family_house,6.811075448825734,10.08,0.0,10.08,6.811075448825734,3.268924551174266,Winter,PRODUCE_PRIORITY
167.0,luxury_house,8.66864148032366,18.0,0.0,18.0,8.66864148032366,9.33135851967634,Winter,PRODUCE_PRIORITY
167.0,small_family,6.0370896023682645,6.5,0.0,6.5,6.0370896023682645,0.46291039763173586,Winter,PRODUCE_PRIORITY
168.0,apartment,0.0,3.6399999999999997,0.0,3.6399999999999997,0.0,3.6399999999999997,Winter,PRODUCE_PRIORITY
168.0,family_house,0.0,10.08,0.0,10.08,0.0,10.08,Winter,PRODUCE_PRIORITY
168.0,luxury_house,0.0,18.0,0.0,18.0,0.0,18.0,Winter,PRODUCE_PRIORITY
168.0,small_family,0.0,6.5,0.0,6.5,0.0,6.5,Winter,PRODUCE_PRIORITY
169.0,apartment,2.8401995890153073,3.6399999999999997,0.0,3.6399999999999997,2.8401995890153073,0.7998004109846922,Winter,PRODUCE_PRIORITY
169.0,family_house,4.806491612179752,10.08,0.0,10.08,4.806491612179752,5.2735083878202484,Winter,PRODUCE_PRIORITY
169.0,luxury_house,6.1173529609560475,18.0,0.0,18.0,6.1173529609560475,11.882647039043952,Winter,PRODUCE_PRIORITY
169.0,small_family,4.260299383522961,6.5,0.0,6.5,4.260299383522961,2.239700616477039,Winter,PRODUCE_PRIORITY
170.0,apartment,3.115721255410947,3.6399999999999997,0.0,3.6399999999999997,3.115721255410947,0.5242787445890527,Winter,PRODUCE_PRIORITY
170.0,family_house,5.272759047618526,10.08,0.0,10.08,5.272759047618526,4.807240952381474,Winter,PRODUCE_PRIORITY
170.0,luxury_house,6.710784242423578,18.0,0.0,18.0,6.710784242423578,11.289215757576422,Winter,PRODUCE_PRIORITY
170.0,small_family,4.67358188311642,6.5,0.0,6.5,4.67358188311642,1.8264181168835796,Winter,PRODUCE_PRIORITY
171.0,apartment,3.4204079046799754,3.6399999999999997,0.0,3.6399999999999997,3.4204079046799754,0.21959209532002427,Winter,PRODUCE_PRIORITY
171.0,family_house,5.788382607919958,10.08,0.0,10.08,5.788382607919958,4.291617392080042,Winter,PRODUCE_PRIORITY
171.0,luxury_house,7.367032410079947,18.0,0.0,18.0,7.367032410079947,10.632967589920053,Winter,PRODUCE_PRIORITY
171.0,small_family,5.130611857019963,6.5,0.0,6.5,5.130611857019963,1.3693881429800376,Winter,PRODUCE_PRIORITY
172.0,apartment,3.633543128028735,3.6399999999999997,0.0,3.6399999999999997,3.633543128028735,0.0064568719712645994,Winter,PRODUCE_PRIORITY
172.0,family_house,6.149072985894782,10.08,0.0,10.08,6.149072985894782,3.9309270141052175,Winter,PRODUCE_PRIORITY
172.0,luxury_house,7.8260928911388135,18.0,0.0,18.0,7.8260928911388135,10.173907108861187,Winter,PRODUCE_PRIORITY
172.0,small_family,5.4503146920431025,6.5,0.0,6.5,5.4503146920431025,1.0496853079568975,Winter,PRODUCE_PRIORITY
173.0,apartment,3.8322888588188615,3.6399999999999997,0.0,3.6399999999999997,3.8322888588188615,-0.1922888588188621,Winter,PRODUCE_PRIORITY
173.0,family_house,6.485411914924228,10.08,0.0,10.08,6.485411914924228,3.594588085075771,Winter,PRODUCE_PRIORITY
173.0,luxury_house,8.254160618994472,18.0,0.0,18.0,8.254160618994472,9.745839381005528,Winter,PRODUCE_PRIORITY
173.0,small_family,5.748433288228292,6.5,0.0,6.5,5.748433288228292,0.7515667117717074,Winter,PRODUCE_PRIORITY
174.0,apartment,12.577823520928327,3.6399999999999997,0.0,3.6399999999999997,12.577823520928327,-8.937823520928326,Winter,PRODUCE_PRIORITY
174.0,family_house,21.28554749695563,10.08,0.0,10.08,21.28554749695563,-11.20554749695563,Winter,PRODUCE_PRIORITY
174.0,luxury_house,27.090696814307165,18.0,0.0,18.0,27.090696814307165,-9.090696814307165,Winter,PRODUCE_PRIORITY
174.0,small_family,18.86673528139249,6.5,0.0,6.5,18.86673528139249,-12.36673528139249,Winter,PRODUCE_PRIORITY
175.0,apartment,12.701241563638359,3.6399999999999997,0.0,3.6399999999999997,12.701241563638359,-9.06124156363836,Winter,PRODUCE_PRIORITY
175.0,family_house,21.494408800003377,10.08,0.0,10.08,21.494408800003377,-11.414408800003379,Winter,PRODUCE_PRIORITY
175.0,luxury_house,27.35652029091339,18.0,0.0,18.0,27.35652029091339,-9.35652029091339,Winter,PRODUCE_PRIORITY
175.0,small_family,19.05186234545754,6.5,0.0,6.5,19.05186234545754,-12.551862345457538,Winter,PRODUCE_PRIORITY
176.0,apartment,12.955648858331484,3.6399999999999997,0.0,3.6399999999999997,12.955648858331484,-9.315648858331484,Winter,PRODUCE_PRIORITY
176.0,family_house,21.924944221791744,10.08,0.0,10.08,21.924944221791744,-11.844944221791744,Winter,PRODUCE_PRIORITY
176.0,luxury_house,27.904474464098584,18.0,0.0,18.0,27.904474464098584,-9.904474464098582,Winter,PRODUCE_PRIORITY
176.0,small_family,19.433473287497225,6.5,0.0,6.5,19.433473287497225,-12.933473287497227,Winter,PRODUCE_PRIORITY
177.0,apartment,13.562072868404714,3.6399999999999997,0.0,3.6399999999999997,13.562072868404714,-9.922072868404713,Winter,PRODUCE_PRIORITY
177.0,family_house,22.951200238838744,10.08,0.0,10.08,22.951200238838744,-12.871200238838746,Winter,PRODUCE_PRIORITY
177.0,luxury_house,29.210618485794765,18.0,0.0,18.0,29.210618485794765,-11.210618485794765,Winter,PRODUCE_PRIORITY
177.0,small_family,20.343109302607072,6.5,0.0,6.5,20.343109302607072,-13.843109302607072,Winter,PRODUCE_PRIORITY
178.0,apartment,14.257250061511847,3.6399999999999997,0.0,3.6399999999999997,14.257250061511847,-10.617250061511847,Winter,PRODUCE_PRIORITY
178.0,family_house,24.12765395025082,10.08,0.0,10.08,24.12765395025082,-14.047653950250822,Winter,PRODUCE_PRIORITY
178.0,luxury_house,30.707923209410136,18.0,0.0,18.0,30.707923209410136,-12.707923209410136,Winter,PRODUCE_PRIORITY
178.0,small_family,21.38587509226777,6.5,0.0,6.5,21.38587509226777,-14.88587509226777,Winter,PRODUCE_PRIORITY
179.0,apartment,15.109913540221823,3.6399999999999997,0.0,3.6399999999999997,15.109913540221823,-11.469913540221823,Winter,PRODUCE_PRIORITY
179.0,family_house,25.57062291422155,10.08,0.0,10.08,25.57062291422155,-15.49062291422155,Winter,PRODUCE_PRIORITY
179.0,luxury_house,32.544429163554696,18.0,0.0,18.0,32.544429163554696,-14.544429163554696,Winter,PRODUCE_PRIORITY
179.0,small_family,22.664870310332734,6.5,0.0,6.5,22.664870310332734,-16.164870310332734,Winter,PRODUCE_PRIORITY
180.0,apartment,15.944394611112912,3.6399999999999997,0.0,3.6399999999999997,15.944394611112912,-12.304394611112912,Winter,PRODUCE_PRIORITY
180.0,family_house,26.982821649575698,10.08,0.0,10.08,26.982821649575698,-16.9028216495757,Winter,PRODUCE_PRIORITY
180.0,luxury_house,34.34177300855089,18.0,0.0,18.0,34.34177300855089,-16.341773008550888,Winter,PRODUCE_PRIORITY
180.0,small_family,23.916591916669372,6.5,0.0,6.5,23.916591916669372,-17.416591916669372,Winter,PRODUCE_PRIORITY
181.0,apartment,16.781332013332406,3.6399999999999997,0.0,3.6399999999999997,16.781332013332406,-13.141332013332406,Winter,PRODUCE_PRIORITY
181.0,family_house,28.399177253331764,10.08,0.0,10.08,28.399177253331764,-18.319177253331766,Winter,PRODUCE_PRIORITY
181.0,luxury_house,36.144407413331336,18.0,0.0,18.0,36.144407413331336,-18.144407413331336,Winter,PRODUCE_PRIORITY
181.0,small_family,25.17199801999861,6.5,0.0,6.5,25.17199801999861,-18.67199801999861,Winter,PRODUCE_PRIORITY
182.0,apartment,17.593614331925437,3.6399999999999997,0.0,3.6399999999999997,17.593614331925437,-13.953614331925436,Winter,PRODUCE_PRIORITY
182.0,family_house,29.773808869412278,10.08,0.0,10.08,29.773808869412278,-19.69380886941228,Winter,PRODUCE_PRIORITY
182.0,luxury_house,37.89393856107017,18.0,0.0,18.0,37.89393856107017,-19.893938561070172,Winter,PRODUCE_PRIORITY
182.0,small_family,26.390421497888155,6.5,0.0,6.5,26.390421497888155,-19.890421497888155,Winter,PRODUCE_PRIORITY
183.0,apartment,17.9360696347743,3.6399999999999997,0.0,3.6399999999999997,17.9360696347743,-14.296069634774298,Winter,PRODUCE_PRIORITY
183.0,family_house,30.353348612694962,10.08,0.0,10.08,30.353348612694962,-20.273348612694964,Winter,PRODUCE_PRIORITY
183.0,luxury_house,38.63153459797541,18.0,0.0,18.0,38.63153459797541,-20.63153459797541,Winter,PRODUCE_PRIORITY
183.0,small_family,26.904104452161445,6.5,0.0,6.5,26.904104452161445,-20.404104452161445,Winter,PRODUCE_PRIORITY
184.0,apartment,14.158010522159312,3.6399999999999997,0.0,3.6399999999999997,14.158010522159312,-10.518010522159312,Winter,PRODUCE_PRIORITY
184.0,family_house,23.95971011442345,10.08,0.0,10.08,23.95971011442345,-13.879710114423455,Winter,PRODUCE_PRIORITY
184.0,luxury_house,30.49417650926621,18.0,0.0,18.0,30.49417650926621,-12.494176509266213,Winter,PRODUCE_PRIORITY
184.0,small_family,21.23701578323897,6.5,0.0,6.5,21.23701578323897,-14.737015783238972,Winter,PRODUCE_PRIORITY
185.0,apartment,11.010384076438497,3.6399999999999997,0.0,3.6399999999999997,11.010384076438497,-7.370384076438497,Winter,PRODUCE_PRIORITY
185.0,family_house,18.632957667818996,10.08,0.0,10.08,18.632957667818996,-8.552957667818996,Winter,PRODUCE_PRIORITY
185.0,luxury_house,23.714673395405995,18.0,0.0,18.0,23.714673395405995,-5.714673395405994,Winter,PRODUCE_PRIORITY
185.0,small_family,16.515576114657744,6.5,0.0,6.5,16.515576114657744,-10.015576114657746,Winter,PRODUCE_PRIORITY
186.0,apartment,9.185039185962442,26.48987378604146,0.0,26.48987378604146,9.185039185962442,17.30483460007902,Winter,PRODUCE_PRIORITY
186.0,family_house,15.543912468551824,22.095396697457076,0.0,22.095396697457076,15.543912468551824,6.551484228905254,Winter,PRODUCE_PRIORITY
186.0,luxury_house,19.783161323611413,35.659717884492444,0.0,35.659717884492444,19.783161323611413,15.876556560881033,Winter,PRODUCE_PRIORITY
186.0,small_family,13.777558778943662,24.85304995030736,0.0,24.85304995030736,13.777558778943662,11.075491171363696,Winter,PRODUCE_PRIORITY
187.0,apartment,0.0,22.536512624035268,0.0,22.536512624035268,0.0,22.536512624035268,Winter,PRODUCE_PRIORITY
187.0,family_house,0.0,25.79920842730447,0.0,25.79920842730447,0.0,25.79920842730447,Winter,PRODUCE_PRIORITY
187.0,luxury_house,0.0,36.20487496210018,0.0,36.20487496210018,0.0,36.20487496210018,Winter,PRODUCE_PRIORITY
187.0,small_family,0.0,25.698427993312027,0.0,25.698427993312027,0.0,25.698427993312027,Winter,PRODUCE_PRIORITY
188.0,apartment,0.0,25.291187296256386,0.0,25.291187296256386,0.0,25.291187296256386,Winter,PRODUCE_PRIORITY
188.0,family_house,0.0,27.314954236185446,0.0,27.314954236185446,0.0,27.314954236185446,Winter,PRODUCE_PRIORITY
188.0,luxury_house,0.0,36.71930202053915,0.0,36.71930202053915,0.0,36.71930202053915,Winter,PRODUCE_PRIORITY
188.0,small_family,0.0,34.09818088900715,0.0,34.09818088900715,0.0,34.09818088900715,Winter,PRODUCE_PRIORITY
189.0,apartment,0.544909524622454,25.586656428244552,0.0,25.586656428244552,0.544909524622454,25.041746903622098,Winter,PRODUCE_PRIORITY
189.0,family_house,0.9221545801303067,27.196350756806428,0.0,27.196350756806428,0.9221545801303067,26.27419617667612,Winter,PRODUCE_PRIORITY
189.0,luxury_house,1.1736512838022084,34.27300022587045,0.0,34.27300022587045,1.1736512838022084,33.09934894206824,Winter,PRODUCE_PRIORITY
189.0,small_family,0.817364286933681,23.818480906394896,0.0,23.818480906394896,0.817364286933681,23.001116619461214,Winter,PRODUCE_PRIORITY
190.0,apartment,2.394754456467343,3.6399999999999997,0.0,3.6399999999999997,2.394754456467343,1.2452455435326566,Winter,PRODUCE_PRIORITY
190.0,family_house,4.052661387867811,10.08,0.0,10.08,4.052661387867811,6.027338612132188,Winter,PRODUCE_PRIORITY
190.0,luxury_house,5.157932675468123,18.0,0.0,18.0,5.157932675468123,12.842067324531875,Winter,PRODUCE_PRIORITY
190.0,small_family,3.5921316847010143,6.5,0.0,6.5,3.5921316847010143,2.9078683152989857,Winter,PRODUCE_PRIORITY
191.0,apartment,5.610591163906005,3.6399999999999997,0.0,3.6399999999999997,5.610591163906005,-1.9705911639060054,Winter,PRODUCE_PRIORITY
191.0,family_house,9.4948465850717,10.08,0.0,10.08,9.4948465850717,0.5851534149282993,Winter,PRODUCE_PRIORITY
191.0,luxury_house,12.084350199182165,18.0,0.0,18.0,12.084350199182165,5.915649800817836,Winter,PRODUCE_PRIORITY
191.0,small_family,8.415886745859007,6.5,0.0,6.5,8.415886745859007,-1.9158867458590079,Winter,PRODUCE_PRIORITY
192.0,apartment,0.0,3.6399999999999997,0.0,3.6399999999999997,0.0,3.6399999999999997,Winter,PRODUCE_PRIORITY
192.0,family_house,0.0,10.08,0.0,10.08,0.0,10.08,Winter,PRODUCE_PRIORITY
192.0,luxury_house,0.0,18.0,0.0,18.0,0.0,18.0,Winter,PRODUCE_PRIORITY
192.0,small_family,0.0,6.5,0.0,6.5,0.0,6.5,Winter,PRODUCE_PRIORITY
193.0,apartment,2.5960083132914695,3.6399999999999997,0.0,3.6399999999999997,2.5960083132914695,1.0439916867085304,Winter,PRODUCE_PRIORITY
193.0,family_house,4.393244837877871,10.08,0.0,10.08,4.393244837877871,5.686755162122129,Winter,PRODUCE_PRIORITY
193.0,luxury_house,5.591402520935472,18.0,0.0,18.0,5.591402520935472,12.408597479064529,Winter,PRODUCE_PRIORITY
193.0,small_family,3.8940124699372043,6.5,0.0,6.5,3.8940124699372043,2.6059875300627957,Winter,PRODUCE_PRIORITY
194.0,apartment,2.8199164249665407,3.6399999999999997,0.0,3.6399999999999997,2.8199164249665407,0.8200835750334587,Winter,PRODUCE_PRIORITY
194.0,family_house,4.772166257635685,10.08,0.0,10.08,4.772166257635685,5.3078337423643145,Winter,PRODUCE_PRIORITY
194.0,luxury_house,6.073666146081781,18.0,0.0,18.0,6.073666146081781,11.92633385391822,Winter,PRODUCE_PRIORITY
194.0,small_family,4.229874637449811,6.5,0.0,6.5,4.229874637449811,2.2701253625501887,Winter,PRODUCE_PRIORITY
195.0,apartment,2.95711015396586,3.6399999999999997,0.0,3.6399999999999997,2.95711015396586,0.6828898460341393,Winter,PRODUCE_PRIORITY
195.0,family_house,5.00434026055761,10.08,0.0,10.08,5.00434026055761,5.07565973944239,Winter,PRODUCE_PRIORITY
195.0,luxury_house,6.369160331618777,18.0,0.0,18.0,6.369160331618777,11.630839668381224,Winter,PRODUCE_PRIORITY
195.0,small_family,4.43566523094879,6.5,0.0,6.5,4.43566523094879,2.06433476905121,Winter,PRODUCE_PRIORITY
196.0,apartment,3.1119639816783637,3.6399999999999997,0.0,3.6399999999999997,3.1119639816783637,0.5280360183216357,Winter,PRODUCE_PRIORITY
196.0,family_house,5.266400584378769,10.08,0.0,10.08,5.266400584378769,4.81359941562123,Winter,PRODUCE_PRIORITY
196.0,luxury_house,6.702691652845706,18.0,0.0,18.0,6.702691652845706,11.297308347154294,Winter,PRODUCE_PRIORITY
196.0,small_family,4.667945972517546,6.5,0.0,6.5,4.667945972517546,1.832054027482454,Winter,PRODUCE_PRIORITY
197.0,apartment,3.1176260410418117,3.6399999999999997,0.0,3.6399999999999997,3.1176260410418117,0.5223739589581881,Winter,PRODUCE_PRIORITY
197.0,family_house,5.2759825309938355,10.08,0.0,10.08,5.2759825309938355,4.804017469006164,Winter,PRODUCE_PRIORITY
197.0,luxury_house,6.7148868576285174,18.0,0.0,18.0,6.7148868576285174,11.285113142371483,Winter,PRODUCE_PRIORITY
197.0,small_family,4.676439061562718,6.5,0.0,6.5,4.676439061562718,1.8235609384372822,Winter,PRODUCE_PRIORITY
198.0,apartment,11.66955247169157,3.6399999999999997,0.0,3.6399999999999997,11.66955247169157,-8.029552471691572,Winter,PRODUCE_PRIORITY
198.0,family_house,19.748473413631892,10.08,0.0,10.08,19.748473413631892,-9.66847341363189,Winter,PRODUCE_PRIORITY
198.0,luxury_house,25.13442070825877,18.0,0.0,18.0,25.13442070825877,-7.134420708258769,Winter,PRODUCE_PRIORITY
198.0,small_family,16.157841883880636,6.5,0.0,6.5,16.157841883880636,-9.657841883880637,Winter,PRODUCE_PRIORITY
199.0,apartment,11.604527137985368,3.6399999999999997,0.0,3.6399999999999997,11.604527137985368,-7.9645271379853675,Winter,PRODUCE_PRIORITY
199.0,family_house,19.638430541206006,10.08,0.0,10.08,19.638430541206006,-9.558430541206008,Winter,PRODUCE_PRIORITY
199.0,luxury_house,24.994366143353105,18.0,0.0,18.0,24.994366143353105,-6.994366143353103,Winter,PRODUCE_PRIORITY
199.0,small_family,16.06780680644128,6.5,0.0,6.5,16.06780680644128,-9.56780680644128,Winter,PRODUCE_PRIORITY
200.0,apartment,11.554544104021515,3.6399999999999997,0.0,3.6399999999999997,11.554544104021515,-7.914544104021514,Winter,PRODUCE_PRIORITY
200.0,family_house,19.553843868344103,10.08,0.0,10.08,19.553843868344103,-9.473843868344105,Winter,PRODUCE_PRIORITY
200.0,luxury_house,24.886710377892495,18.0,0.0,18.0,24.886710377892495,-6.886710377892495,Winter,PRODUCE_PRIORITY
200.0,small_family,15.998599528645176,6.5,0.0,6.5,15.998599528645176,-9.498599528645176,Winter,PRODUCE_PRIORITY
201.0,apartment,12.017917808978156,3.6399999999999997,0.0,3.6399999999999997,12.017917808978156,-8.377917808978157,Winter,PRODUCE_PRIORITY
201.0,family_house,20.338014753655344,10.08,0.0,10.08,20.338014753655344,-10.258014753655344,Winter,PRODUCE_PRIORITY
201.0,luxury_house,25.884746050106802,18.0,0.0,18.0,25.884746050106802,-7.884746050106802,Winter,PRODUCE_PRIORITY
201.0,small_family,16.64019388935437,6.5,0.0,6.5,16.64019388935437,-10.14019388935437,Winter,PRODUCE_PRIORITY
202.0,apartment,12.692410263301364,3.6399999999999997,0.0,3.6399999999999997,12.692410263301364,-9.052410263301365,Winter,PRODUCE_PRIORITY
202.0,family_house,21.479463522510002,10.08,0.0,10.08,21.479463522510002,-11.399463522510004,Winter,PRODUCE_PRIORITY
202.0,luxury_house,27.33749902864909,18.0,0.0,18.0,27.33749902864909,-9.337499028649093,Winter,PRODUCE_PRIORITY
202.0,small_family,17.574106518417274,6.5,0.0,6.5,17.574106518417274,-11.074106518417274,Winter,PRODUCE_PRIORITY
203.0,apartment,13.340361879815227,3.6399999999999997,0.0,3.6399999999999997,13.340361879815227,-9.700361879815226,Winter,PRODUCE_PRIORITY
203.0,family_house,22.575997027379614,10.08,0.0,10.08,22.575997027379614,-12.495997027379614,Winter,PRODUCE_PRIORITY
203.0,luxury_house,28.733087125755873,18.0,0.0,18.0,28.733087125755873,-10.73308712575587,Winter,PRODUCE_PRIORITY
203.0,small_family,18.47127029512877,6.5,0.0,6.5,18.47127029512877,-11.971270295128772,Winter,PRODUCE_PRIORITY
204.0,apartment,13.841489251851444,3.6399999999999997,0.0,3.6399999999999997,13.841489251851444,-10.201489251851443,Winter,PRODUCE_PRIORITY
204.0,family_house,23.42405873390244,10.08,0.0,10.08,23.42405873390244,-13.344058733902441,Winter,PRODUCE_PRIORITY
204.0,luxury_house,29.81243838860311,18.0,0.0,18.0,29.81243838860311,-11.812438388603109,Winter,PRODUCE_PRIORITY
204.0,small_family,19.165138964102,6.5,0.0,6.5,19.165138964102,-12.665138964101997,Winter,PRODUCE_PRIORITY
205.0,apartment,14.788404159276253,3.6399999999999997,0.0,3.6399999999999997,14.788404159276253,-11.148404159276252,Winter,PRODUCE_PRIORITY
205.0,family_house,25.02653011569828,10.08,0.0,10.08,25.02653011569828,-14.94653011569828,Winter,PRODUCE_PRIORITY
205.0,luxury_house,31.851947419979624,18.0,0.0,18.0,31.851947419979624,-13.851947419979624,Winter,PRODUCE_PRIORITY
205.0,small_family,20.476251912844045,6.5,0.0,6.5,20.476251912844045,-13.976251912844045,Winter,PRODUCE_PRIORITY
206.0,apartment,15.41623840476839,3.6399999999999997,0.0,3.6399999999999997,15.41623840476839,-11.776238404768389,Winter,PRODUCE_PRIORITY
206.0,family_house,26.089018838838815,10.08,0.0,10.08,26.089018838838815,-16.009018838838816,Winter,PRODUCE_PRIORITY
206.0,luxury_house,33.20420579488576,18.0,0.0,18.0,33.20420579488576,-15.20420579488576,Winter,PRODUCE_PRIORITY
206.0,small_family,21.345560868140847,6.5,0.0,6.5,21.345560868140847,-14.845560868140847,Winter,PRODUCE_PRIORITY
207.0,apartment,15.345638315818432,3.6399999999999997,0.0,3.6399999999999997,15.345638315818432,-11.705638315818431,Winter,PRODUCE_PRIORITY
207.0,family_house,25.96954176523119,10.08,0.0,10.08,25.96954176523119,-15.889541765231193,Winter,PRODUCE_PRIORITY
207.0,luxury_house,33.0521440648397,18.0,0.0,18.0,33.0521440648397,-15.0521440648397,Winter,PRODUCE_PRIORITY
207.0,small_family,21.247806898825523,6.5,0.0,6.5,21.247806898825523,-14.747806898825523,Winter,PRODUCE_PRIORITY
208.0,apartment,12.202539828375844,3.6399999999999997,0.0,3.6399999999999997,12.202539828375844,-8.562539828375845,Winter,PRODUCE_PRIORITY
208.0,family_house,20.650452017251432,10.08,0.0,10.08,20.650452017251432,-10.57045201725143,Winter,PRODUCE_PRIORITY
208.0,luxury_house,26.28239347650182,18.0,0.0,18.0,26.28239347650182,-8.28239347650182,Winter,PRODUCE_PRIORITY
208.0,small_family,16.89582437775117,6.5,0.0,6.5,16.89582437775117,-10.39582437775117,Winter,PRODUCE_PRIORITY
209.0,apartment,9.145623116478637,3.6399999999999997,0.0,3.6399999999999997,9.145623116478637,-5.505623116478637,Winter,PRODUCE_PRIORITY
209.0,family_house,15.477208350963846,10.08,0.0,10.08,15.477208350963846,-5.397208350963847,Winter,PRODUCE_PRIORITY
209.0,luxury_house,19.698265173953985,18.0,0.0,18.0,19.698265173953985,-1.6982651739539865,Winter,PRODUCE_PRIORITY
209.0,small_family,12.66317046897042,6.5,0.0,6.5,12.66317046897042,-6.16317046897042,Winter,PRODUCE_PRIORITY
210.0,apartment,7.3896618298577925,27.6542938823987,0.0,27.6542938823987,7.3896618298577925,20.264632052540907,Winter,PRODUCE_PRIORITY
210.0,family_house,12.505581558220879,27.272904206293564,0.0,27.272904206293564,12.505581558220879,14.767322648072685,Winter,PRODUCE_PRIORITY
210.0,luxury_house,15.916194710462937,38.69092560805409,0.0,38.69092560805409,15.916194710462937,22.774730897591148,Winter,PRODUCE_PRIORITY
210.0,small_family,10.231839456726174,24.515224680436578,0.0,24.515224680436578,10.231839456726174,14.283385223710404,Winter,PRODUCE_PRIORITY
211.0,apartment,0.0,25.768408524978074,0.0,25.768408524978074,0.0,25.768408524978074,Winter,PRODUCE_PRIORITY
211.0,family_house,0.0,24.121742514907048,0.0,24.121742514907048,0.0,24.121742514907048,Winter,PRODUCE_PRIORITY
211.0,luxury_house,0.0,35.663579283974684,0.0,35.663579283974684,0.0,35.663579283974684,Winter,PRODUCE_PRIORITY
211.0,small_family,0.0,27.910961039851014,0.0,27.910961039851014,0.0,27.910961039851014,Winter,PRODUCE_PRIORITY
212.0,apartment,0.0,24.617869382511742,0.0,24.617869382511742,0.0,24.617869382511742,Winter,PRODUCE_PRIORITY
212.0,family_house,0.0,21.09459296069379,0.0,21.09459296069379,0.0,21.09459296069379,Winter,PRODUCE_PRIORITY
212.0,luxury_house,0.0,38.66041490155074,0.0,38.66041490155074,0.0,38.66041490155074,Winter,PRODUCE_PRIORITY
212.0,small_family,0.0,27.073395299015594,0.0,27.073395299015594,0.0,27.073395299015594,Winter,PRODUCE_PRIORITY
213.0,apartment,0.0,23.941225331204066,0.0,23.941225331204066,0.0,23.941225331204066,Winter,PRODUCE_PRIORITY
213.0,family_house,0.0,24.345539871884444,0.0,24.345539871884444,0.0,24.345539871884444,Winter,PRODUCE_PRIORITY
213.0,luxury_house,0.0,33.69708135468697,0.0,33.69708135468697,0.0,33.69708135468697,Winter,PRODUCE_PRIORITY
213.0,small_family,0.0,31.30312692669785,0.0,31.30312692669785,0.0,31.30312692669785,Winter,PRODUCE_PRIORITY
214.0,apartment,1.656282292242048,3.6399999999999997,0.0,3.6399999999999997,1.656282292242048,1.9837177077579518,Winter,PRODUCE_PRIORITY
214.0,family_house,2.8029392637942347,10.08,0.0,10.08,2.8029392637942347,7.277060736205765,Winter,PRODUCE_PRIORITY
214.0,luxury_house,3.567377244829027,18.0,0.0,18.0,3.567377244829027,14.432622755170975,Winter,PRODUCE_PRIORITY
214.0,small_family,2.293313943104374,6.5,0.0,6.5,2.293313943104374,4.206686056895626,Winter,PRODUCE_PRIORITY
215.0,apartment,4.884199621297904,3.6399999999999997,0.0,3.6399999999999997,4.884199621297904,-1.2441996212979045,Winter,PRODUCE_PRIORITY
215.0,family_house,8.26556858988876,10.08,0.0,10.08,8.26556858988876,1.81443141011124,Winter,PRODUCE_PRIORITY
215.0,luxury_house,10.519814568949332,18.0,0.0,18.0,10.519814568949332,7.480185431050669,Winter,PRODUCE_PRIORITY
215.0,small_family,6.762737937181713,6.5,0.0,6.5,6.762737937181713,-0.2627379371817127,Winter,PRODUCE_PRIORITY
216.0,apartment,0.0,3.6399999999999997,0.0,3.6399999999999997,0.0,3.6399999999999997,Winter,PRODUCE_PRIORITY
216.0,family_house,0.0,10.08,0.0,10.08,0.0,10.08,Winter,PRODUCE_PRIORITY
216.0,luxury_house,0.0,18.0,0.0,18.0,0.0,18.0,Winter,PRODUCE_PRIORITY
216.0,small_family,0.0,6.5,0.0,6.5,0.0,6.5,Winter,PRODUCE_PRIORITY
217.0,apartment,1.8283256392171447,3.6399999999999997,0.0,3.6399999999999997,1.8283256392171447,1.8116743607828547,Winter,PRODUCE_PRIORITY
217.0,family_house,3.0940895432905524,10.08,0.0,10.08,3.0940895432905524,6.985910456709448,Winter,PRODUCE_PRIORITY
217.0,luxury_house,3.9379321460061574,18.0,0.0,18.0,3.9379321460061574,14.062067853993842,Winter,PRODUCE_PRIORITY
217.0,small_family,2.5315278081468158,6.5,0.0,6.5,2.5315278081468158,3.968472191853184,Winter,PRODUCE_PRIORITY
218.0,apartment,1.633395302916976,3.6399999999999997,0.0,3.6399999999999997,1.633395302916976,2.0066046970830236,Winter,PRODUCE_PRIORITY
218.0,family_house,2.764207435705652,10.08,0.0,10.08,2.764207435705652,7.315792564294348,Winter,PRODUCE_PRIORITY
218.0,luxury_house,3.5180821908981024,18.0,0.0,18.0,3.5180821908981024,14.481917809101898,Winter,PRODUCE_PRIORITY
218.0,small_family,2.2616242655773515,6.5,0.0,6.5,2.2616242655773515,4.2383757344226485,Winter,PRODUCE_PRIORITY
219.0,apartment,1.5391966510795787,3.6399999999999997,0.0,3.6399999999999997,1.5391966510795787,2.100803348920421,Winter,PRODUCE_PRIORITY
219.0,family_house,2.60479433259621,10.08,0.0,10.08,2.60479433259621,7.475205667403789,Winter,PRODUCE_PRIORITY
219.0,luxury_house,3.3151927869406306,18.0,0.0,18.0,3.3151927869406306,14.684807213059369,Winter,PRODUCE_PRIORITY
219.0,small_family,2.131195363033263,6.5,0.0,6.5,2.131195363033263,4.368804636966738,Winter,PRODUCE_PRIORITY
220.0,apartment,1.6352590641549005,3.6399999999999997,0.0,3.6399999999999997,1.6352590641549005,2.004740935845099,Winter,PRODUCE_PRIORITY
220.0,family_house,2.767361493185216,10.08,0.0,10.08,2.767361493185216,7.312638506814784,Winter,PRODUCE_PRIORITY
220.0,luxury_house,3.5220964458720934,18.0,0.0,18.0,3.5220964458720934,14.477903554127908,Winter,PRODUCE_PRIORITY
220.0,small_family,2.2642048580606313,6.5,0.0,6.5,2.2642048580606313,4.235795141939369,Winter,PRODUCE_PRIORITY
221.0,apartment,1.7749290908736286,3.6399999999999997,0.0,3.6399999999999997,1.7749290908736286,1.865070909126371,Winter,PRODUCE_PRIORITY
221.0,family_house,3.0037261537861406,10.08,0.0,10.08,3.0037261537861406,7.076273846213859,Winter,PRODUCE_PRIORITY
221.0,luxury_house,3.8229241957278153,18.0,0.0,18.0,3.8229241957278153,14.177075804272183,Winter,PRODUCE_PRIORITY
221.0,small_family,2.457594125825024,6.5,0.0,6.5,2.457594125825024,4.042405874174976,Winter,PRODUCE_PRIORITY
222.0,apartment,10.632797716879896,3.6399999999999997,0.0,3.6399999999999997,10.632797716879896,-6.992797716879895,Winter,PRODUCE_PRIORITY
222.0,family_house,17.99396536702752,10.08,0.0,10.08,17.99396536702752,-7.913965367027519,Winter,PRODUCE_PRIORITY
222.0,luxury_house,22.90141046712593,18.0,0.0,18.0,22.90141046712593,-4.901410467125931,Winter,PRODUCE_PRIORITY
222.0,small_family,14.722335300295242,6.5,0.0,6.5,14.722335300295242,-8.222335300295242,Winter,PRODUCE_PRIORITY
223.0,apartment,10.929243260285297,3.6399999999999997,0.0,3.6399999999999997,10.929243260285297,-7.289243260285299,Winter,PRODUCE_PRIORITY
223.0,family_house,18.49564244048281,10.08,0.0,10.08,18.49564244048281,-8.415642440482813,Winter,PRODUCE_PRIORITY
223.0,luxury_house,23.53990856061449,18.0,0.0,18.0,23.53990856061449,-5.539908560614489,Winter,PRODUCE_PRIORITY
223.0,small_family,15.132798360395027,6.5,0.0,6.5,15.132798360395027,-8.632798360395027,Winter,PRODUCE_PRIORITY
224.0,apartment,11.352115526568618,3.6399999999999997,0.0,3.6399999999999997,11.352115526568618,-7.712115526568617,Winter,PRODUCE_PRIORITY
224.0,family_house,19.211272429577658,10.08,0.0,10.08,19.211272429577658,-9.131272429577658,Winter,PRODUCE_PRIORITY
224.0,luxury_house,24.45071036491702,18.0,0.0,18.0,24.45071036491702,-6.450710364917018,Winter,PRODUCE_PRIORITY
224.0,small_family,15.718313806018086,6.5,0.0,6.5,15.718313806018086,-9.218313806018086,Winter,PRODUCE_PRIORITY
225.0,apartment,12.230977149715361,3.6399999999999997,0.0,3.6399999999999997,12.230977149715361,-8.59097714971536,Winter,PRODUCE_PRIORITY
225.0,family_house,20.69857671490292,10.08,0.0,10.08,20.69857671490292,-10.61857671490292,Winter,PRODUCE_PRIORITY
225.0,luxury_house,26.343643091694624,18.0,0.0,18.0,26.343643091694624,-8.343643091694624,Winter,PRODUCE_PRIORITY
225.0,small_family,16.935199130375118,6.5,0.0,6.5,16.935199130375118,-10.435199130375116,Winter,PRODUCE_PRIORITY
226.0,apartment,13.207445381157699,3.6399999999999997,0.0,3.6399999999999997,13.207445381157699,-9.567445381157698,Winter,PRODUCE_PRIORITY
226.0,family_house,22.351061414266876,10.08,0.0,10.08,22.351061414266876,-12.271061414266878,Winter,PRODUCE_PRIORITY
226.0,luxury_house,28.44680543633966,18.0,0.0,18.0,28.44680543633966,-10.446805436339659,Winter,PRODUCE_PRIORITY
226.0,small_family,18.28723206621835,6.5,0.0,6.5,18.28723206621835,-11.787232066218353,Winter,PRODUCE_PRIORITY
227.0,apartment,14.201340326638942,3.6399999999999997,0.0,3.6399999999999997,14.201340326638942,-10.561340326638943,Winter,PRODUCE_PRIORITY
227.0,family_house,24.03303747585052,10.08,0.0,10.08,24.03303747585052,-13.953037475850524,Winter,PRODUCE_PRIORITY
227.0,luxury_house,30.587502241991572,18.0,0.0,18.0,30.587502241991572,-12.587502241991572,Winter,PRODUCE_PRIORITY
227.0,small_family,19.66339429842315,6.5,0.0,6.5,19.66339429842315,-13.163394298423151,Winter,PRODUCE_PRIORITY
228.0,apartment,15.145903706618846,3.6399999999999997,0.0,3.6399999999999997,15.145903706618846,-11.505903706618845,Winter,PRODUCE_PRIORITY
228.0,family_house,25.631529349662664,10.08,0.0,10.08,25.631529349662664,-15.551529349662665,Winter,PRODUCE_PRIORITY
228.0,luxury_house,32.62194644502521,18.0,0.0,18.0,32.62194644502521,-14.62194644502521,Winter,PRODUCE_PRIORITY
228.0,small_family,20.971251286087632,6.5,0.0,6.5,20.971251286087632,-14.471251286087632,Winter,PRODUCE_PRIORITY
229.0,apartment,15.827109499293567,3.6399999999999997,0.0,3.6399999999999997,15.827109499293567,-12.187109499293566,Winter,PRODUCE_PRIORITY
229.0,family_house,26.78433915265065,10.08,0.0,10.08,26.78433915265065,-16.70433915265065,Winter,PRODUCE_PRIORITY
229.0,luxury_house,34.08915892155537,18.0,0.0,18.0,34.08915892155537,-16.08915892155537,Winter,PRODUCE_PRIORITY
229.0,small_family,21.91445930671417,6.5,0.0,6.5,21.91445930671417,-15.41445930671417,Winter,PRODUCE_PRIORITY
230.0,apartment,16.7342822263646,3.6399999999999997,0.0,3.6399999999999997,16.7342822263646,-13.094282226364596,Winter,PRODUCE_PRIORITY
230.0,family_house,28.319554536924702,10.08,0.0,10.08,28.319554536924702,-18.239554536924704,Winter,PRODUCE_PRIORITY
230.0,luxury_house,36.04306941063144,18.0,0.0,18.0,36.04306941063144,-18.04306941063144,Winter,PRODUCE_PRIORITY
230.0,small_family,23.17054462112021,6.5,0.0,6.5,23.17054462112021,-16.67054462112021,Winter,PRODUCE_PRIORITY
231.0,apartment,17.093420335580284,3.6399999999999997,0.0,3.6399999999999997,17.093420335580284,-13.453420335580281,Winter,PRODUCE_PRIORITY
231.0,family_house,28.927326721751243,10.08,0.0,10.08,28.927326721751243,-18.847326721751244,Winter,PRODUCE_PRIORITY
231.0,luxury_house,36.816597645865215,18.0,0.0,18.0,36.816597645865215,-18.81659764586522,Winter,PRODUCE_PRIORITY
231.0,small_family,23.66781277234193,6.5,0.0,6.5,23.66781277234193,-17.16781277234193,Winter,PRODUCE_PRIORITY
232.0,apartment,13.138043544514694,3.6399999999999997,0.0,3.6399999999999997,13.138043544514694,-9.498043544514694,Winter,PRODUCE_PRIORITY
232.0,family_house,22.23361215225564,10.08,0.0,10.08,22.23361215225564,-12.153612152255638,Winter,PRODUCE_PRIORITY
232.0,luxury_house,28.297324557416268,18.0,0.0,18.0,28.297324557416268,-10.297324557416268,Winter,PRODUCE_PRIORITY
232.0,small_family,18.191137215481888,6.5,0.0,6.5,18.191137215481888,-11.691137215481888,Winter,PRODUCE_PRIORITY
233.0,apartment,10.02760281971726,3.6399999999999997,0.0,3.6399999999999997,10.02760281971726,-6.3876028197172605,Winter,PRODUCE_PRIORITY
233.0,family_house,16.969789387213822,10.08,0.0,10.08,16.969789387213822,-6.889789387213822,Winter,PRODUCE_PRIORITY
233.0,luxury_house,21.597913765544867,18.0,0.0,18.0,21.597913765544867,-3.5979137655448667,Winter,PRODUCE_PRIORITY
233.0,small_family,13.884373134993128,6.5,0.0,6.5,13.884373134993128,-7.384373134993128,Winter,PRODUCE_PRIORITY
234.0,apartment,8.648076961602529,24.138054190931513,0.0,24.138054190931513,8.648076961602529,15.489977229328984,Winter,PRODUCE_PRIORITY
234.0,family_house,14.635207165788895,28.938641361729815,0.0,28.938641361729815,14.635207165788895,14.303434195940916,Winter,PRODUCE_PRIORITY
234.0,luxury_house,18.62662730191314,37.70483655834312,0.0,37.70483655834312,18.62662730191314,19.078209256429975,Winter,PRODUCE_PRIORITY
234.0,small_family,11.974260408372734,23.210117885092785,0.0,23.210117885092785,11.974260408372734,11.235857476720053,Winter,PRODUCE_PRIORITY
235.0,apartment,0.0,22.073029878042416,0.0,22.073029878042416,0.0,22.073029878042416,Winter,PRODUCE_PRIORITY
235.0,family_house,0.0,29.393601605382255,0.0,29.393601605382255,0.0,29.393601605382255,Winter,PRODUCE_PRIORITY
235.0,luxury_house,0.0,37.222630561104864,0.0,37.222630561104864,0.0,37.222630561104864,Winter,PRODUCE_PRIORITY
235.0,small_family,0.0,20.83676927389181,0.0,20.83676927389181,0.0,20.83676927389181,Winter,PRODUCE_PRIORITY
236.0,apartment,0.17783980258740104,26.063673606963974,0.0,26.063673606963974,0.17783980258740104,25.88583380437657,Winter,PRODUCE_PRIORITY
236.0,family_house,0.30095966591714024,25.125977954792702,0.0,25.125977954792702,0.30095966591714024,24.82501828887556,Winter,PRODUCE_PRIORITY
236.0,luxury_house,0.38303957480363304,36.42645774969036,0.0,36.42645774969036,0.38303957480363304,36.043418174886725,Winter,PRODUCE_PRIORITY
236.0,small_family,0.24623972665947835,27.02903373481647,0.0,27.02903373481647,0.24623972665947835,26.78279400815699,Winter,PRODUCE_PRIORITY
237.0,apartment,1.2019633429561818,23.7652023650155,0.0,23.7652023650155,1.2019633429561818,22.563239022059317,Winter,PRODUCE_PRIORITY
237.0,family_house,2.0340918111566153,27.84879699998822,0.0,27.84879699998822,2.0340918111566153,25.814705188831606,Winter,PRODUCE_PRIORITY
237.0,luxury_house,2.588844123290238,37.99038360153926,0.0,37.99038360153926,2.588844123290238,35.40153947824902,Winter,PRODUCE_PRIORITY
237.0,small_family,1.6642569364008672,30.951580404225634,0.0,30.951580404225634,1.6642569364008672,29.287323467824766,Winter,PRODUCE_PRIORITY
238.0,apartment,2.865667372760053,3.6399999999999997,0.0,3.6399999999999997,2.865667372760053,0.7743326272399468,Winter,PRODUCE_PRIORITY
238.0,family_house,4.849590938517013,10.08,0.0,10.08,4.849590938517013,5.2304090614829875,Winter,PRODUCE_PRIORITY
238.0,luxury_house,6.172206649021652,18.0,0.0,18.0,6.172206649021652,11.827793350978348,Winter,PRODUCE_PRIORITY
238.0,small_family,3.9678471315139197,6.5,0.0,6.5,3.9678471315139197,2.5321528684860803,Winter,PRODUCE_PRIORITY
239.0,apartment,5.7768205759501186,3.6399999999999997,0.0,3.6399999999999997,5.7768205759501186,-2.136820575950119,Winter,PRODUCE_PRIORITY
239.0,family_house,9.776157897761738,10.08,0.0,10.08,9.776157897761738,0.3038421022382609,Winter,PRODUCE_PRIORITY
239.0,luxury_house,12.442382778969485,18.0,0.0,18.0,12.442382778969485,5.557617221030514,Winter,PRODUCE_PRIORITY
239.0,small_family,7.998674643623241,6.5,0.0,6.5,7.998674643623241,-1.4986746436232408,Winter,PRODUCE_PRIORITY
240.0,apartment,0.0,3.6399999999999997,0.0,3.6399999999999997,0.0,3.6399999999999997,Winter,PRODUCE_PRIORITY
240.0,family_house,0.0,10.08,0.0,10.08,0.0,10.08,Winter,PRODUCE_PRIORITY
240.0,luxury_house,0.0,18.0,0.0,18.0,0.0,18.0,Winter,PRODUCE_PRIORITY
240.0,small_family,0.0,6.5,0.0,6.5,0.0,6.5,Winter,PRODUCE_PRIORITY
241.0,apartment,2.629642107653941,3.6399999999999997,0.0,3.6399999999999997,2.629642107653941,1.0103578923460588,Winter,PRODUCE_PRIORITY
241.0,family_house,4.4501635667989765,10.08,0.0,10.08,4.4501635667989765,5.629836433201023,Winter,PRODUCE_PRIORITY
241.0,luxury_house,5.663844539562334,18.0,0.0,18.0,5.663844539562334,12.336155460437665,Winter,PRODUCE_PRIORITY
241.0,small_family,3.944463161480911,6.5,0.0,6.5,3.944463161480911,2.555536838519089,Winter,PRODUCE_PRIORITY
242.0,apartment,2.5806399502128117,3.6399999999999997,0.0,3.6399999999999997,2.5806399502128117,1.0593600497871878,Winter,PRODUCE_PRIORITY
242.0,family_house,4.367236838821682,10.08,0.0,10.08,4.367236838821682,5.712763161178318,Winter,PRODUCE_PRIORITY
242.0,luxury_house,5.558301431227595,18.0,0.0,18.0,5.558301431227595,12.441698568772406,Winter,PRODUCE_PRIORITY
242.0,small_family,3.8709599253192177,6.5,0.0,6.5,3.8709599253192177,2.6290400746807823,Winter,PRODUCE_PRIORITY
243.0,apartment,2.647533979638584,3.6399999999999997,0.0,3.6399999999999997,2.647533979638584,0.9924660203614155,Winter,PRODUCE_PRIORITY
243.0,family_house,4.480442119388373,10.08,0.0,10.08,4.480442119388373,5.599557880611627,Winter,PRODUCE_PRIORITY
243.0,luxury_house,5.702380879221566,18.0,0.0,18.0,5.702380879221566,12.297619120778435,Winter,PRODUCE_PRIORITY
243.0,small_family,3.971300969457876,6.5,0.0,6.5,3.971300969457876,2.528699030542124,Winter,PRODUCE_PRIORITY
244.0,apartment,2.8201267549220326,3.6399999999999997,0.0,3.6399999999999997,2.8201267549220326,0.8198732450779669,Winter,PRODUCE_PRIORITY
244.0,family_house,4.772522200637287,10.08,0.0,10.08,4.772522200637287,5.307477799362713,Winter,PRODUCE_PRIORITY
244.0,luxury_house,6.074119164447456,18.0,0.0,18.0,6.074119164447456,11.925880835552544,Winter,PRODUCE_PRIORITY
244.0,small_family,4.230190132383049,6.5,0.0,6.5,4.230190132383049,2.2698098676169507,Winter,PRODUCE_PRIORITY
245.0,apartment,3.0530348206101614,3.6399999999999997,0.0,3.6399999999999997,3.0530348206101614,0.5869651793898382,Winter,PRODUCE_PRIORITY
245.0,family_house,5.1666743118018115,10.08,0.0,10.08,5.1666743118018115,4.913325688198188,Winter,PRODUCE_PRIORITY
245.0,luxury_house,6.575767305929579,18.0,0.0,18.0,6.575767305929579,11.42423269407042,Winter,PRODUCE_PRIORITY
245.0,small_family,4.579552230915242,6.5,0.0,6.5,4.579552230915242,1.920447769084758,Winter,PRODUCE_PRIORITY
246.0,apartment,11.938123133218495,3.6399999999999997,0.0,3.6399999999999997,11.938123133218495,-8.298123133218496,Winter,PRODUCE_PRIORITY
246.0,family_house,20.20297761006207,10.08,0.0,10.08,20.20297761006207,-10.12297761006207,Winter,PRODUCE_PRIORITY
246.0,luxury_house,25.712880594624455,18.0,0.0,18.0,25.712880594624455,-7.712880594624455,Winter,PRODUCE_PRIORITY
246.0,small_family,17.90718469982774,6.5,0.0,6.5,17.90718469982774,-11.407184699827742,Winter,PRODUCE_PRIORITY
247.0,apartment,12.09207118635494,3.6399999999999997,0.0,3.6399999999999997,12.09207118635494,-8.452071186354939,Winter,PRODUCE_PRIORITY
247.0,family_house,20.46350508460067,10.08,0.0,10.08,20.46350508460067,-10.38350508460067,Winter,PRODUCE_PRIORITY
247.0,luxury_house,26.044461016764487,18.0,0.0,18.0,26.044461016764487,-8.044461016764485,Winter,PRODUCE_PRIORITY
247.0,small_family,18.13810677953241,6.5,0.0,6.5,18.13810677953241,-11.63810677953241,Winter,PRODUCE_PRIORITY
248.0,apartment,12.466700205287273,3.6399999999999997,0.0,3.6399999999999997,12.466700205287273,-8.826700205287274,Winter,PRODUCE_PRIORITY
248.0,family_house,21.09749265510154,10.08,0.0,10.08,21.09749265510154,-11.01749265510154,Winter,PRODUCE_PRIORITY
248.0,luxury_house,26.85135428831105,18.0,0.0,18.0,26.85135428831105,-8.85135428831105,Winter,PRODUCE_PRIORITY
248.0,small_family,18.70005030793091,6.5,0.0,6.5,18.70005030793091,-12.200050307930908,Winter,PRODUCE_PRIORITY
249.0,apartment,13.174628536831225,3.6399999999999997,0.0,3.6399999999999997,13.174628536831225,-9.534628536831224,Winter,PRODUCE_PRIORITY
249.0,family_house,22.295525216175918,10.08,0.0,10.08,22.295525216175918,-12.215525216175918,Winter,PRODUCE_PRIORITY
249.0,luxury_house,28.376123002405713,18.0,0.0,18.0,28.376123002405713,-10.376123002405715,Winter,PRODUCE_PRIORITY
249.0,small_family,19.761942805246836,6.5,0.0,6.5,19.761942805246836,-13.261942805246838,Winter,PRODUCE_PRIORITY
250.0,apartment,13.967733972684126,3.6399999999999997,0.0,3.6399999999999997,13.967733972684126,-10.327733972684126,Winter,PRODUCE_PRIORITY
250.0,family_house,23.63770364608083,10.08,0.0,10.08,23.63770364608083,-13.557703646080832,Winter,PRODUCE_PRIORITY
250.0,luxury_house,30.084350095011963,18.0,0.0,18.0,30.084350095011963,-12.084350095011963,Winter,PRODUCE_PRIORITY
250.0,small_family,20.95160095902619,6.5,0.0,6.5,20.95160095902619,-14.45160095902619,Winter,PRODUCE_PRIORITY
251.0,apartment,14.755570330361751,3.6399999999999997,0.0,3.6399999999999997,14.755570330361751,-11.11557033036175,Winter,PRODUCE_PRIORITY
251.0,family_house,24.970965174458343,10.08,0.0,10.08,24.970965174458343,-14.890965174458344,Winter,PRODUCE_PRIORITY
251.0,luxury_house,31.781228403856076,18.0,0.0,18.0,31.781228403856076,-13.781228403856076,Winter,PRODUCE_PRIORITY
251.0,small_family,22.133355495542624,6.5,0.0,6.5,22.133355495542624,-15.633355495542624,Winter,PRODUCE_PRIORITY
252.0,apartment,15.615838993195755,3.6399999999999997,0.0,3.6399999999999997,15.615838993195755,-11.975838993195756,Winter,PRODUCE_PRIORITY
252.0,family_house,26.42680445002359,10.08,0.0,10.08,26.42680445002359,-16.34680445002359,Winter,PRODUCE_PRIORITY
252.0,luxury_house,33.63411475457548,18.0,0.0,18.0,33.63411475457548,-15.634114754575476,Winter,PRODUCE_PRIORITY
252.0,small_family,23.423758489793638,6.5,0.0,6.5,23.423758489793638,-16.923758489793638,Winter,PRODUCE_PRIORITY
253.0,apartment,16.479846765277273,3.6399999999999997,0.0,3.6399999999999997,16.479846765277273,-12.839846765277272,Winter,PRODUCE_PRIORITY
253.0,family_house,27.888971448930775,10.08,0.0,10.08,27.888971448930775,-17.808971448930777,Winter,PRODUCE_PRIORITY
253.0,luxury_house,35.49505457136644,18.0,0.0,18.0,35.49505457136644,-17.495054571366435,Winter,PRODUCE_PRIORITY
253.0,small_family,24.719770147915913,6.5,0.0,6.5,24.719770147915913,-18.219770147915913,Winter,PRODUCE_PRIORITY
254.0,apartment,17.393563530184096,3.6399999999999997,0.0,3.6399999999999997,17.393563530184096,-13.753563530184095,Winter,PRODUCE_PRIORITY
254.0,family_house,29.435261358773083,10.08,0.0,10.08,29.435261358773083,-19.355261358773085,Winter,PRODUCE_PRIORITY
254.0,luxury_house,37.46305991116574,18.0,0.0,18.0,37.46305991116574,-19.463059911165743,Winter,PRODUCE_PRIORITY
254.0,small_family,26.090345295276144,6.5,0.0,6.5,26.090345295276144,-19.590345295276144,Winter,PRODUCE_PRIORITY
255.0,apartment,17.85551661041047,3.6399999999999997,0.0,3.6399999999999997,17.85551661041047,-14.215516610410468,Winter,PRODUCE_PRIORITY
255.0,family_house,30.21702810992541,10.08,0.0,10.08,30.21702810992541,-20.13702810992541,Winter,PRODUCE_PRIORITY
255.0,luxury_house,38.4580357762687,18.0,0.0,18.0,38.4580357762687,-20.4580357762687,Winter,PRODUCE_PRIORITY
255.0,small_family,26.783274915615703,6.5,0.0,6.5,26.783274915615703,-20.283274915615703,Winter,PRODUCE_PRIORITY
256.0,apartment,14.24111530247437,3.6399999999999997,0.0,3.6399999999999997,14.24111530247437,-10.60111530247437,Winter,PRODUCE_PRIORITY
256.0,family_house,24.100348973418164,10.08,0.0,10.08,24.100348973418164,-14.020348973418164,Winter,PRODUCE_PRIORITY
256.0,luxury_house,30.673171420714027,18.0,0.0,18.0,30.673171420714027,-12.673171420714025,Winter,PRODUCE_PRIORITY
256.0,small_family,21.36167295371155,6.5,0.0,6.5,21.36167295371155,-14.861672953711551,Winter,PRODUCE_PRIORITY
257.0,apartment,11.224434253312474,3.6399999999999997,0.0,3.6399999999999997,11.224434253312474,-7.584434253312474,Winter,PRODUCE_PRIORITY
257.0,family_house,18.99519642868265,10.08,0.0,10.08,18.99519642868265,-8.915196428682652,Winter,PRODUCE_PRIORITY
257.0,luxury_house,24.175704545596098,18.0,0.0,18.0,24.175704545596098,-6.1757045455960995,Winter,PRODUCE_PRIORITY
257.0,small_family,16.836651379968714,6.5,0.0,6.5,16.836651379968714,-10.336651379968712,Winter,PRODUCE_PRIORITY
258.0,apartment,9.52582850991966,24.28754150840814,0.0,24.28754150840814,9.52582850991966,14.761712998488482,Winter,PRODUCE_PRIORITY
258.0,family_house,16.120632862940962,28.948441348324543,0.0,28.948441348324543,16.120632862940962,12.827808485383583,Winter,PRODUCE_PRIORITY
258.0,luxury_house,20.517169098288495,39.24338669244777,0.0,39.24338669244777,20.517169098288495,18.72621759415928,Winter,PRODUCE_PRIORITY
258.0,small_family,14.288742764879487,30.441519847638034,0.0,30.441519847638034,14.288742764879487,16.152777082758547,Winter,PRODUCE_PRIORITY
259.0,apartment,0.0,27.569778634438286,0.0,27.569778634438286,0.0,27.569778634438286,Winter,PRODUCE_PRIORITY
259.0,family_house,0.0,29.3314328745089,0.0,29.3314328745089,0.0,29.3314328745089,Winter,PRODUCE_PRIORITY
259.0,luxury_house,0.0,35.53414117251137,0.0,35.53414117251137,0.0,35.53414117251137,Winter,PRODUCE_PRIORITY
259.0,small_family,0.0,27.54096412151019,0.0,27.54096412151019,0.0,27.54096412151019,Winter,PRODUCE_PRIORITY
260.0,apartment,0.0,22.361927887941725,0.0,22.361927887941725,0.0,22.361927887941725,Winter,PRODUCE_PRIORITY
260.0,family_house,0.0,30.104300144426055,0.0,30.104300144426055,0.0,30.104300144426055,Winter,PRODUCE_PRIORITY
260.0,luxury_house,0.0,37.58930534863257,0.0,37.58930534863257,0.0,37.58930534863257,Winter,PRODUCE_PRIORITY
260.0,small_family,0.0,24.09495776670229,0.0,24.09495776670229,0.0,24.09495776670229,Winter,PRODUCE_PRIORITY
261.0,apartment,0.5148668284374884,27.229178762519233,0.0,27.229178762519233,0.5148668284374884,26.714311934081742,Winter,PRODUCE_PRIORITY
261.0,family_house,0.8713130942788267,28.730875429809128,0.0,28.730875429809128,0.8713130942788267,27.8595623355303,Winter,PRODUCE_PRIORITY
261.0,luxury_house,1.1089439381730521,35.077287790812136,0.0,35.077287790812136,1.1089439381730521,33.96834385263908,Winter,PRODUCE_PRIORITY
261.0,small_family,0.7723002426562328,22.5521470648616,0.0,22.5521470648616,0.7723002426562328,21.779846822205368,Winter,PRODUCE_PRIORITY
262.0,apartment,2.594218832286134,3.6399999999999997,0.0,3.6399999999999997,2.594218832286134,1.0457811677138658,Winter,PRODUCE_PRIORITY
262.0,family_house,4.390216485407304,10.08,0.0,10.08,4.390216485407304,5.689783514592696,Winter,PRODUCE_PRIORITY
262.0,luxury_house,5.5875482541547505,18.0,0.0,18.0,5.5875482541547505,12.412451745845251,Winter,PRODUCE_PRIORITY
262.0,small_family,3.8913282484292013,6.5,0.0,6.5,3.8913282484292013,2.6086717515707987,Winter,PRODUCE_PRIORITY
263.0,apartment,4.06093681882066,3.6399999999999997,0.0,3.6399999999999997,4.06093681882066,-0.42093681882066064,Winter,PRODUCE_PRIORITY
263.0,family_house,6.872354616465731,10.08,0.0,10.08,6.872354616465731,3.2076453835342678,Winter,PRODUCE_PRIORITY
263.0,luxury_house,8.746633148229114,18.0,0.0,18.0,8.746633148229114,9.253366851770886,Winter,PRODUCE_PRIORITY
263.0,small_family,6.0914052282309905,6.5,0.0,6.5,6.0914052282309905,0.4085947717690096,Winter,PRODUCE_PRIORITY
264.0,apartment,0.0,3.6399999999999997,0.0,3.6399999999999997,0.0,3.6399999999999997,Winter,PRODUCE_PRIORITY
264.0,family_house,0.0,10.08,0.0,10.08,0.0,10.08,Winter,PRODUCE_PRIORITY
264.0,luxury_house,0.0,18.0,0.0,18.0,0.0,18.0,Winter,PRODUCE_PRIORITY
264.0,small_family,0.0,6.5,0.0,6.5,0.0,6.5,Winter,PRODUCE_PRIORITY
265.0,apartment,1.0019396214659038,3.6399999999999997,0.0,3.6399999999999997,1.0019396214659038,2.638060378534096,Winter,PRODUCE_PRIORITY
265.0,family_house,1.6955901286346067,10.08,0.0,10.08,1.6955901286346067,8.384409871365392,Winter,PRODUCE_PRIORITY
265.0,luxury_house,2.158023800080408,18.0,0.0,18.0,2.158023800080408,15.841976199919593,Winter,PRODUCE_PRIORITY
265.0,small_family,1.5029094321988559,6.5,0.0,6.5,1.5029094321988559,4.997090567801145,Winter,PRODUCE_PRIORITY
266.0,apartment,1.5973747792161135,3.6399999999999997,0.0,3.6399999999999997,1.5973747792161135,2.042625220783886,Winter,PRODUCE_PRIORITY
266.0,family_house,2.7032496263657304,10.08,0.0,10.08,2.7032496263657304,7.376750373634269,Winter,PRODUCE_PRIORITY
266.0,luxury_house,3.440499524465475,18.0,0.0,18.0,3.440499524465475,14.559500475534524,Winter,PRODUCE_PRIORITY
266.0,small_family,2.39606216882417,6.5,0.0,6.5,2.39606216882417,4.10393783117583,Winter,PRODUCE_PRIORITY
267.0,apartment,1.8544441736328539,3.6399999999999997,0.0,3.6399999999999997,1.8544441736328539,1.7855558263671458,Winter,PRODUCE_PRIORITY
267.0,family_house,3.1382901399940604,10.08,0.0,10.08,3.1382901399940604,6.94170986000594,Winter,PRODUCE_PRIORITY
267.0,luxury_house,3.9941874509015314,18.0,0.0,18.0,3.9941874509015314,14.005812549098469,Winter,PRODUCE_PRIORITY
267.0,small_family,2.781666260449281,6.5,0.0,6.5,2.781666260449281,3.718333739550719,Winter,PRODUCE_PRIORITY
268.0,apartment,2.3065721411912685,3.6399999999999997,0.0,3.6399999999999997,2.3065721411912685,1.3334278588087312,Winter,PRODUCE_PRIORITY
268.0,family_house,3.9034297774006084,10.08,0.0,10.08,3.9034297774006084,6.176570222599391,Winter,PRODUCE_PRIORITY
268.0,luxury_house,4.968001534873501,18.0,0.0,18.0,4.968001534873501,13.031998465126499,Winter,PRODUCE_PRIORITY
268.0,small_family,3.4598582117869032,6.5,0.0,6.5,3.4598582117869032,3.0401417882130968,Winter,PRODUCE_PRIORITY
269.0,apartment,2.28119982283086,3.6399999999999997,0.0,3.6399999999999997,2.28119982283086,1.3588001771691398,Winter,PRODUCE_PRIORITY
269.0,family_house,3.8604920078676095,10.08,0.0,10.08,3.8604920078676095,6.21950799213239,Winter,PRODUCE_PRIORITY
269.0,luxury_house,4.913353464558775,18.0,0.0,18.0,4.913353464558775,13.086646535441226,Winter,PRODUCE_PRIORITY
269.0,small_family,3.4217997342462896,6.5,0.0,6.5,3.4217997342462896,3.0782002657537104,Winter,PRODUCE_PRIORITY
270.0,apartment,10.977742702446257,3.6399999999999997,0.0,3.6399999999999997,10.977742702446257,-7.337742702446256,Winter,PRODUCE_PRIORITY
270.0,family_house,18.57771841952443,10.08,0.0,10.08,18.57771841952443,-8.497718419524432,Winter,PRODUCE_PRIORITY
270.0,luxury_house,23.644368897576552,18.0,0.0,18.0,23.644368897576552,-5.644368897576552,Winter,PRODUCE_PRIORITY
270.0,small_family,16.46661405366938,6.5,0.0,6.5,16.46661405366938,-9.966614053669383,Winter,PRODUCE_PRIORITY
271.0,apartment,12.309726067316202,3.6399999999999997,0.0,3.6399999999999997,12.309726067316202,-8.669726067316201,Winter,PRODUCE_PRIORITY
271.0,family_house,20.831844113919722,10.08,0.0,10.08,20.831844113919722,-10.751844113919724,Winter,PRODUCE_PRIORITY
271.0,luxury_house,26.51325614498874,18.0,0.0,18.0,26.51325614498874,-8.513256144988741,Winter,PRODUCE_PRIORITY
271.0,small_family,18.4645891009743,6.5,0.0,6.5,18.4645891009743,-11.964589100974301,Winter,PRODUCE_PRIORITY
272.0,apartment,12.881552773284454,3.6399999999999997,0.0,3.6399999999999997,12.881552773284454,-9.241552773284454,Winter,PRODUCE_PRIORITY
272.0,family_house,21.79955084709677,10.08,0.0,10.08,21.79955084709677,-11.719550847096773,Winter,PRODUCE_PRIORITY
272.0,luxury_house,27.74488289630498,18.0,0.0,18.0,27.74488289630498,-9.744882896304981,Winter,PRODUCE_PRIORITY
272.0,small_family,19.322329159926685,6.5,0.0,6.5,19.322329159926685,-12.822329159926683,Winter,PRODUCE_PRIORITY
273.0,apartment,13.510757854521152,3.6399999999999997,0.0,3.6399999999999997,13.510757854521152,-9.870757854521152,Winter,PRODUCE_PRIORITY
273.0,family_house,22.864359446112715,10.08,0.0,10.08,22.864359446112715,-12.784359446112719,Winter,PRODUCE_PRIORITY
273.0,luxury_house,29.100093840507096,18.0,0.0,18.0,29.100093840507096,-11.100093840507096,Winter,PRODUCE_PRIORITY
273.0,small_family,20.266136781781725,6.5,0.0,6.5,20.266136781781725,-13.766136781781727,Winter,PRODUCE_PRIORITY
274.0,apartment,14.500539164683742,3.6399999999999997,0.0,3.6399999999999997,14.500539164683742,-10.860539164683741,Winter,PRODUCE_PRIORITY
274.0,family_house,24.539373971003258,10.08,0.0,10.08,24.539373971003258,-14.459373971003258,Winter,PRODUCE_PRIORITY
274.0,luxury_house,31.231930508549603,18.0,0.0,18.0,31.231930508549603,-13.2319305085496,Winter,PRODUCE_PRIORITY
274.0,small_family,21.750808747025612,6.5,0.0,6.5,21.750808747025612,-15.250808747025612,Winter,PRODUCE_PRIORITY
275.0,apartment,15.441609688588544,3.6399999999999997,0.0,3.6399999999999997,15.441609688588544,-11.801609688588544,Winter,PRODUCE_PRIORITY
275.0,family_house,26.131954857611383,10.08,0.0,10.08,26.131954857611383,-16.051954857611385,Winter,PRODUCE_PRIORITY
275.0,luxury_house,33.25885163695994,18.0,0.0,18.0,33.25885163695994,-15.25885163695994,Winter,PRODUCE_PRIORITY
275.0,small_family,23.162414532882813,6.5,0.0,6.5,23.162414532882813,-16.662414532882813,Winter,PRODUCE_PRIORITY
276.0,apartment,16.1602716413583,3.6399999999999997,0.0,3.6399999999999997,16.1602716413583,-12.520271641358299,Winter,PRODUCE_PRIORITY
276.0,family_house,27.348152008452512,10.08,0.0,10.08,27.348152008452512,-17.268152008452514,Winter,PRODUCE_PRIORITY
276.0,luxury_house,34.80673891984865,18.0,0.0,18.0,34.80673891984865,-16.806738919848648,Winter,PRODUCE_PRIORITY
276.0,small_family,24.240407462037453,6.5,0.0,6.5,24.240407462037453,-17.740407462037453,Winter,PRODUCE_PRIORITY
277.0,apartment,16.95417480389837,3.6399999999999997,0.0,3.6399999999999997,16.95417480389837,-13.31417480389837,Winter,PRODUCE_PRIORITY
277.0,family_house,28.691680437366472,10.08,0.0,10.08,28.691680437366472,-18.611680437366473,Winter,PRODUCE_PRIORITY
277.0,luxury_house,36.516684193011876,18.0,0.0,18.0,36.516684193011876,-18.516684193011876,Winter,PRODUCE_PRIORITY
277.0,small_family,25.431262205847556,6.5,0.0,6.5,25.431262205847556,-18.931262205847556,Winter,PRODUCE_PRIORITY
278.0,apartment,17.686345660118185,3.6399999999999997,0.0,3.6399999999999997,17.686345660118185,-14.046345660118186,Winter,PRODUCE_PRIORITY
278.0,family_house,29.93073880943078,10.08,0.0,10.08,29.93073880943078,-19.85073880943078,Winter,PRODUCE_PRIORITY
278.0,luxury_house,38.093667575639174,18.0,0.0,18.0,38.093667575639174,-20.093667575639174,Winter,PRODUCE_PRIORITY
278.0,small_family,26.529518490177278,6.5,0.0,6.5,26.529518490177278,-20.029518490177278,Winter,PRODUCE_PRIORITY
279.0,apartment,17.944988507842652,3.6399999999999997,0.0,3.6399999999999997,17.944988507842652,-14.30498850784265,Winter,PRODUCE_PRIORITY
279.0,family_house,30.368442090195252,10.08,0.0,10.08,30.368442090195252,-20.288442090195254,Winter,PRODUCE_PRIORITY
279.0,luxury_house,38.65074447843032,18.0,0.0,18.0,38.65074447843032,-20.65074447843032,Winter,PRODUCE_PRIORITY
279.0,small_family,26.917482761763974,6.5,0.0,6.5,26.917482761763974,-20.417482761763974,Winter,PRODUCE_PRIORITY
280.0,apartment,14.096974862257843,3.6399999999999997,0.0,3.6399999999999997,14.096974862257843,-10.456974862257843,Winter,PRODUCE_PRIORITY
280.0,family_house,23.85641899766712,10.08,0.0,10.08,23.85641899766712,-13.776418997667124,Winter,PRODUCE_PRIORITY
280.0,luxury_house,30.36271508793997,18.0,0.0,18.0,30.36271508793997,-12.362715087939971,Winter,PRODUCE_PRIORITY
280.0,small_family,21.145462293386768,6.5,0.0,6.5,21.145462293386768,-14.645462293386768,Winter,PRODUCE_PRIORITY
281.0,apartment,11.229848601869673,3.6399999999999997,0.0,3.6399999999999997,11.229848601869673,-7.589848601869672,Winter,PRODUCE_PRIORITY
281.0,family_house,19.004359172394828,10.08,0.0,10.08,19.004359172394828,-8.92435917239483,Winter,PRODUCE_PRIORITY
281.0,luxury_house,24.1873662194116,18.0,0.0,18.0,24.1873662194116,-6.187366219411601,Winter,PRODUCE_PRIORITY
281.0,small_family,16.84477290280451,6.5,0.0,6.5,16.84477290280451,-10.344772902804511,Winter,PRODUCE_PRIORITY
282.0,apartment,9.580279938334789,25.33441323687286,0.0,25.33441323687286,9.580279938334789,15.754133298538072,Winter,PRODUCE_PRIORITY
282.0,family_house,16.212781434105025,27.70608836197796,0.0,27.70608836197796,16.212781434105025,11.493306927872938,Winter,PRODUCE_PRIORITY
282.0,luxury_house,20.63444909795185,35.269617569097136,0.0,35.269617569097136,20.63444909795185,14.635168471145285,Winter,PRODUCE_PRIORITY
282.0,small_family,14.370419907502184,21.62790908857657,0.0,21.62790908857657,14.370419907502184,7.2574891810743845,Winter,PRODUCE_PRIORITY
283.0,apartment,0.1610323546856529,22.150774169124592,0.0,22.150774169124592,0.1610323546856529,21.989741814438936,Winter,PRODUCE_PRIORITY
283.0,family_house,0.2725162925449511,27.182631932903643,0.0,27.182631932903643,0.2725162925449511,26.910115640358693,Winter,PRODUCE_PRIORITY
283.0,luxury_house,0.3468389177844832,35.161169567402204,0.0,35.161169567402204,0.3468389177844832,34.81433064961772,Winter,PRODUCE_PRIORITY
283.0,small_family,0.2415485320284794,26.485557514039005,0.0,26.485557514039005,0.2415485320284794,26.244008982010527,Winter,PRODUCE_PRIORITY
284.0,apartment,0.2184769915432354,21.434745604008636,0.0,21.434745604008636,0.2184769915432354,21.216268612465402,Winter,PRODUCE_PRIORITY
284.0,family_house,0.3697302933808599,29.408386553171816,0.0,29.408386553171816,0.3697302933808599,29.038656259790955,Winter,PRODUCE_PRIORITY
284.0,luxury_house,0.4705658279392762,30.14165703647146,0.0,30.14165703647146,0.4705658279392762,29.671091208532186,Winter,PRODUCE_PRIORITY
284.0,small_family,0.3277154873148531,22.61240148164103,0.0,22.61240148164103,0.3277154873148531,22.284685994326175,Winter,PRODUCE_PRIORITY
285.0,apartment,0.9446675886815448,20.344559458612007,0.0,20.344559458612007,0.9446675886815448,19.399891869930464,Winter,PRODUCE_PRIORITY
285.0,family_house,1.5986682269995371,29.044170115576602,0.0,29.044170115576602,1.5986682269995371,27.445501888577063,Winter,PRODUCE_PRIORITY
285.0,luxury_house,2.034668652544865,38.20682766043205,0.0,38.20682766043205,2.034668652544865,36.17215900788718,Winter,PRODUCE_PRIORITY
285.0,small_family,1.4170013830223172,22.66377255204085,0.0,22.66377255204085,1.4170013830223172,21.246771169018533,Winter,PRODUCE_PRIORITY
286.0,apartment,2.597569490291833,3.6399999999999997,0.0,3.6399999999999997,2.597569490291833,1.042430509708167,Winter,PRODUCE_PRIORITY
286.0,family_house,4.39588682972464,10.08,0.0,10.08,4.39588682972464,5.68411317027536,Winter,PRODUCE_PRIORITY
286.0,luxury_house,5.594765056013178,18.0,0.0,18.0,5.594765056013178,12.405234943986823,Winter,PRODUCE_PRIORITY
286.0,small_family,3.8963542354377494,6.5,0.0,6.5,3.8963542354377494,2.6036457645622506,Winter,PRODUCE_PRIORITY
287.0,apartment,5.52571315126004,3.6399999999999997,0.0,3.6399999999999997,5.52571315126004,-1.8857131512600405,Winter,PRODUCE_PRIORITY
287.0,family_house,9.351206871363145,10.08,0.0,10.08,9.351206871363145,0.7287931286368545,Winter,PRODUCE_PRIORITY
287.0,luxury_house,11.901536018098549,18.0,0.0,18.0,11.901536018098549,6.0984639819014514,Winter,PRODUCE_PRIORITY
287.0,small_family,8.28856972689006,6.5,0.0,6.5,8.28856972689006,-1.7885697268900598,Winter,PRODUCE_PRIORITY
288.0,apartment,0.0,3.6399999999999997,0.0,3.6399999999999997,0.0,3.6399999999999997,Winter,PRODUCE_PRIORITY
288.0,family_house,0.0,10.08,0.0,10.08,0.0,10.08,Winter,PRODUCE_PRIORITY
288.0,luxury_house,0.0,18.0,0.0,18.0,0.0,18.0,Winter,PRODUCE_PRIORITY
288.0,small_family,0.0,6.5,0.0,6.5,0.0,6.5,Winter,PRODUCE_PRIORITY
289.0,apartment,2.8552671993717493,3.6399999999999997,0.0,3.6399999999999997,2.8552671993717493,0.7847328006282501,Winter,PRODUCE_PRIORITY
289.0,family_house,4.831990645090653,10.08,0.0,10.08,4.831990645090653,5.248009354909347,Winter,PRODUCE_PRIORITY
289.0,luxury_house,6.149806275569922,18.0,0.0,18.0,6.149806275569922,11.850193724430078,Winter,PRODUCE_PRIORITY
289.0,small_family,4.282900799057624,6.5,0.0,6.5,4.282900799057624,2.217099200942376,Winter,PRODUCE_PRIORITY
290.0,apartment,3.022159616309004,3.6399999999999997,0.0,3.6399999999999997,3.022159616309004,0.6178403836909957,Winter,PRODUCE_PRIORITY
290.0,family_house,5.114423966061391,10.08,0.0,10.08,5.114423966061391,4.965576033938609,Winter,PRODUCE_PRIORITY
290.0,luxury_house,6.509266865896316,18.0,0.0,18.0,6.509266865896316,11.490733134103685,Winter,PRODUCE_PRIORITY
290.0,small_family,4.533239424463506,6.5,0.0,6.5,4.533239424463506,1.9667605755364939,Winter,PRODUCE_PRIORITY
291.0,apartment,3.2104127952962145,3.6399999999999997,0.0,3.6399999999999997,3.2104127952962145,0.4295872047037853,Winter,PRODUCE_PRIORITY
291.0,family_house,5.433006268962824,10.08,0.0,10.08,5.433006268962824,4.646993731037176,Winter,PRODUCE_PRIORITY
291.0,luxury_house,6.91473525140723,18.0,0.0,18.0,6.91473525140723,11.08526474859277,Winter,PRODUCE_PRIORITY
291.0,small_family,4.815619192944322,6.5,0.0,6.5,4.815619192944322,1.6843808070556783,Winter,PRODUCE_PRIORITY
292.0,apartment,3.3042926940227666,3.6399999999999997,0.0,3.6399999999999997,3.3042926940227666,0.3357073059772329,Winter,PRODUCE_PRIORITY
292.0,family_house,5.591879943730836,10.08,0.0,10.08,5.591879943730836,4.488120056269164,Winter,PRODUCE_PRIORITY
292.0,luxury_house,7.116938110202883,18.0,0.0,18.0,7.116938110202883,10.883061889797117,Winter,PRODUCE_PRIORITY
292.0,small_family,4.95643904103415,6.5,0.0,6.5,4.95643904103415,1.5435609589658499,Winter,PRODUCE_PRIORITY
293.0,apartment,3.206478350224968,3.6399999999999997,0.0,3.6399999999999997,3.206478350224968,0.4335216497750316,Winter,PRODUCE_PRIORITY
293.0,family_house,5.426347977303792,10.08,0.0,10.08,5.426347977303792,4.653652022696207,Winter,PRODUCE_PRIORITY
293.0,luxury_house,6.906261062023009,18.0,0.0,18.0,6.906261062023009,11.09373893797699,Winter,PRODUCE_PRIORITY
293.0,small_family,4.809717525337452,6.5,0.0,6.5,4.809717525337452,1.6902824746625482,Winter,PRODUCE_PRIORITY
294.0,apartment,11.756745272791363,3.6399999999999997,0.0,3.6399999999999997,11.756745272791363,-8.116745272791364,Winter,PRODUCE_PRIORITY
294.0,family_house,19.896030461646923,10.08,0.0,10.08,19.896030461646923,-9.816030461646921,Winter,PRODUCE_PRIORITY
294.0,luxury_house,25.322220587550625,18.0,0.0,18.0,25.322220587550625,-7.3222205875506265,Winter,PRODUCE_PRIORITY
294.0,small_family,17.635117909187045,6.5,0.0,6.5,17.635117909187045,-11.135117909187045,Winter,PRODUCE_PRIORITY
295.0,apartment,11.699532410794186,3.6399999999999997,0.0,3.6399999999999997,11.699532410794186,-8.059532410794185,Winter,PRODUCE_PRIORITY
295.0,family_house,19.79920869519016,10.08,0.0,10.08,19.79920869519016,-9.719208695190162,Winter,PRODUCE_PRIORITY
295.0,luxury_house,25.19899288478748,18.0,0.0,18.0,25.19899288478748,-7.198992884787479,Winter,PRODUCE_PRIORITY
295.0,small_family,17.549298616191276,6.5,0.0,6.5,17.549298616191276,-11.049298616191276,Winter,PRODUCE_PRIORITY
296.0,apartment,11.871908443027042,3.6399999999999997,0.0,3.6399999999999997,11.871908443027042,-8.231908443027041,Winter,PRODUCE_PRIORITY
296.0,family_house,20.090921980507304,10.08,0.0,10.08,20.090921980507304,-10.010921980507302,Winter,PRODUCE_PRIORITY
296.0,luxury_house,25.57026433882747,18.0,0.0,18.0,25.57026433882747,-7.570264338827473,Winter,PRODUCE_PRIORITY
296.0,small_family,17.807862664540565,6.5,0.0,6.5,17.807862664540565,-11.307862664540563,Winter,PRODUCE_PRIORITY
297.0,apartment,12.500636058793498,3.6399999999999997,0.0,3.6399999999999997,12.500636058793498,-8.860636058793498,Winter,PRODUCE_PRIORITY
297.0,family_house,21.15492256103515,10.08,0.0,10.08,21.15492256103515,-11.074922561035152,Winter,PRODUCE_PRIORITY
297.0,luxury_house,26.92444689586292,18.0,0.0,18.0,26.92444689586292,-8.924446895862921,Winter,PRODUCE_PRIORITY
297.0,small_family,18.750954088190245,6.5,0.0,6.5,18.750954088190245,-12.250954088190245,Winter,PRODUCE_PRIORITY
298.0,apartment,13.350402647179939,3.6399999999999997,0.0,3.6399999999999997,13.350402647179939,-9.710402647179938,Winter,PRODUCE_PRIORITY
298.0,family_house,22.592989095227587,10.08,0.0,10.08,22.592989095227587,-12.51298909522759,Winter,PRODUCE_PRIORITY
298.0,luxury_house,28.754713393926018,18.0,0.0,18.0,28.754713393926018,-10.75471339392602,Winter,PRODUCE_PRIORITY
298.0,small_family,20.025603970769907,6.5,0.0,6.5,20.025603970769907,-13.52560397076991,Winter,PRODUCE_PRIORITY
299.0,apartment,14.238131897478178,3.6399999999999997,0.0,3.6399999999999997,14.238131897478178,-10.598131897478178,Winter,PRODUCE_PRIORITY
299.0,family_house,24.095300134193838,10.08,0.0,10.08,24.095300134193838,-14.01530013419384,Winter,PRODUCE_PRIORITY
299.0,luxury_house,30.66674562533761,18.0,0.0,18.0,30.66674562533761,-12.66674562533761,Winter,PRODUCE_PRIORITY
299.0,small_family,21.357197846217268,6.5,0.0,6.5,21.357197846217268,-14.857197846217266,Winter,PRODUCE_PRIORITY
300.0,apartment,15.144319115149127,3.6399999999999997,0.0,3.6399999999999997,15.144319115149127,-11.504319115149126,Winter,PRODUCE_PRIORITY
300.0,family_house,25.62884773332929,10.08,0.0,10.08,25.62884773332929,-15.548847733329293,Winter,PRODUCE_PRIORITY
300.0,luxury_house,32.61853347878274,18.0,0.0,18.0,32.61853347878274,-14.618533478782735,Winter,PRODUCE_PRIORITY
300.0,small_family,22.716478672723692,6.5,0.0,6.5,22.716478672723692,-16.216478672723692,Winter,PRODUCE_PRIORITY
301.0,apartment,16.058656110264494,3.6399999999999997,0.0,3.6399999999999997,16.058656110264494,-12.418656110264491,Winter,PRODUCE_PRIORITY
301.0,family_house,27.176187263524525,10.08,0.0,10.08,27.176187263524525,-17.096187263524527,Winter,PRODUCE_PRIORITY
301.0,luxury_house,34.58787469903121,18.0,0.0,18.0,34.58787469903121,-16.58787469903121,Winter,PRODUCE_PRIORITY
301.0,small_family,24.08798416539674,6.5,0.0,6.5,24.08798416539674,-17.58798416539674,Winter,PRODUCE_PRIORITY
302.0,apartment,17.062816458007006,3.6399999999999997,0.0,3.6399999999999997,17.062816458007006,-13.422816458007008,Winter,PRODUCE_PRIORITY
302.0,family_house,28.875535544319547,10.08,0.0,10.08,28.875535544319547,-18.79553554431955,Winter,PRODUCE_PRIORITY
302.0,luxury_house,36.750681601861245,18.0,0.0,18.0,36.750681601861245,-18.750681601861245,Winter,PRODUCE_PRIORITY
302.0,small_family,25.59422468701051,6.5,0.0,6.5,25.59422468701051,-19.09422468701051,Winter,PRODUCE_PRIORITY
303.0,apartment,17.45225813698923,3.6399999999999997,0.0,3.6399999999999997,17.45225813698923,-13.812258136989229,Winter,PRODUCE_PRIORITY
303.0,family_house,29.534590693366386,10.08,0.0,10.08,29.534590693366386,-19.454590693366388,Winter,PRODUCE_PRIORITY
303.0,luxury_house,37.5894790642845,18.0,0.0,18.0,37.5894790642845,-19.589479064284497,Winter,PRODUCE_PRIORITY
303.0,small_family,26.178387205483848,6.5,0.0,6.5,26.178387205483848,-19.678387205483848,Winter,PRODUCE_PRIORITY
304.0,apartment,13.619240688570123,3.6399999999999997,0.0,3.6399999999999997,13.619240688570123,-9.979240688570123,Winter,PRODUCE_PRIORITY
304.0,family_house,23.047945780657134,10.08,0.0,10.08,23.047945780657134,-12.967945780657134,Winter,PRODUCE_PRIORITY
304.0,luxury_house,29.333749175381804,18.0,0.0,18.0,29.333749175381804,-11.333749175381806,Winter,PRODUCE_PRIORITY
304.0,small_family,20.42886103285519,6.5,0.0,6.5,20.42886103285519,-13.928861032855187,Winter,PRODUCE_PRIORITY
305.0,apartment,10.582636277747627,3.6399999999999997,0.0,3.6399999999999997,10.582636277747627,-6.942636277747628,Winter,PRODUCE_PRIORITY
305.0,family_house,17.909076777726753,10.08,0.0,10.08,17.909076777726753,-7.829076777726753,Winter,PRODUCE_PRIORITY
305.0,luxury_house,22.793370444379505,18.0,0.0,18.0,22.793370444379505,-4.793370444379503,Winter,PRODUCE_PRIORITY
305.0,small_family,15.87395441662144,6.5,0.0,6.5,15.87395441662144,-9.37395441662144,Winter,PRODUCE_PRIORITY
306.0,apartment,8.819490976588718,25.80977230117673,0.0,25.80977230117673,8.819490976588718,16.99028132458801,Winter,PRODUCE_PRIORITY
306.0,family_house,14.92529242191937,25.608996290958217,0.0,25.608996290958217,14.92529242191937,10.683703869038846,Winter,PRODUCE_PRIORITY
306.0,luxury_house,18.99582671880647,33.03496908753438,0.0,33.03496908753438,18.99582671880647,14.039142368727905,Winter,PRODUCE_PRIORITY
306.0,small_family,13.229236464883076,21.678445663655342,0.0,21.678445663655342,13.229236464883076,8.449209198772266,Winter,PRODUCE_PRIORITY
307.0,apartment,0.0,25.64015144922785,0.0,25.64015144922785,0.0,25.64015144922785,Winter,PRODUCE_PRIORITY
307.0,family_house,0.0,30.582113769961328,0.0,30.582113769961328,0.0,30.582113769961328,Winter,PRODUCE_PRIORITY
307.0,luxury_house,0.0,36.17725812851497,0.0,36.17725812851497,0.0,36.17725812851497,Winter,PRODUCE_PRIORITY
307.0,small_family,0.0,27.019053444673567,0.0,27.019053444673567,0.0,27.019053444673567,Winter,PRODUCE_PRIORITY
308.0,apartment,0.0,20.42352845927958,0.0,20.42352845927958,0.0,20.42352845927958,Winter,PRODUCE_PRIORITY
308.0,family_house,0.0,27.46239437262917,0.0,27.46239437262917,0.0,27.46239437262917,Winter,PRODUCE_PRIORITY
308.0,luxury_house,0.0,33.666264642333616,0.0,33.666264642333616,0.0,33.666264642333616,Winter,PRODUCE_PRIORITY
308.0,small_family,0.0,20.96721650103106,0.0,20.96721650103106,0.0,20.96721650103106,Winter,PRODUCE_PRIORITY
309.0,apartment,0.6027641617756561,19.902614308776457,0.0,19.902614308776457,0.6027641617756561,19.2998501470008,Winter,PRODUCE_PRIORITY
309.0,family_house,1.0200624276203412,28.718214211964117,0.0,28.718214211964117,1.0200624276203412,27.698151784343775,Winter,PRODUCE_PRIORITY
309.0,luxury_house,1.2982612715167976,39.439800990207814,0.0,39.439800990207814,1.2982612715167976,38.141539718691014,Winter,PRODUCE_PRIORITY
309.0,small_family,0.9041462426634841,24.92896162538271,0.0,24.92896162538271,0.9041462426634841,24.024815382719222,Winter,PRODUCE_PRIORITY
310.0,apartment,2.259039164756756,3.6399999999999997,0.0,3.6399999999999997,2.259039164756756,1.3809608352432436,Winter,PRODUCE_PRIORITY
310.0,family_house,3.8229893557422026,10.08,0.0,10.08,3.8229893557422026,6.2570106442577975,Winter,PRODUCE_PRIORITY
310.0,luxury_house,4.865622816399167,18.0,0.0,18.0,4.865622816399167,13.134377183600833,Winter,PRODUCE_PRIORITY
310.0,small_family,3.388558747135134,6.5,0.0,6.5,3.388558747135134,3.111441252864866,Winter,PRODUCE_PRIORITY
311.0,apartment,5.189922675844596,3.6399999999999997,0.0,3.6399999999999997,5.189922675844596,-1.5499226758445965,Winter,PRODUCE_PRIORITY
311.0,family_house,8.782946066813931,10.08,0.0,10.08,8.782946066813931,1.2970539331860689,Winter,PRODUCE_PRIORITY
311.0,luxury_house,11.178294994126823,18.0,0.0,18.0,11.178294994126823,6.821705005873178,Winter,PRODUCE_PRIORITY
311.0,small_family,7.784884013766893,6.5,0.0,6.5,7.784884013766893,-1.2848840137668933,Winter,PRODUCE_PRIORITY
312.0,apartment,0.0,3.6399999999999997,0.0,3.6399999999999997,0.0,3.6399999999999997,Winter,PRODUCE_PRIORITY
312.0,family_house,0.0,10.08,0.0,10.08,0.0,10.08,Winter,PRODUCE_PRIORITY
312.0,luxury_house,0.0,18.0,0.0,18.0,0.0,18.0,Winter,PRODUCE_PRIORITY
312.0,small_family,0.0,6.5,0.0,6.5,0.0,6.5,Winter,PRODUCE_PRIORITY
313.0,apartment,1.2431377707374147,3.6399999999999997,0.0,3.6399999999999997,1.2431377707374147,2.396862229262585,Winter,PRODUCE_PRIORITY
313.0,family_house,2.1037716120171637,10.08,0.0,10.08,2.1037716120171637,7.976228387982836,Winter,PRODUCE_PRIORITY
313.0,luxury_house,2.6775275062036625,18.0,0.0,18.0,2.6775275062036625,15.322472493796338,Winter,PRODUCE_PRIORITY
313.0,small_family,1.864706656106122,6.5,0.0,6.5,1.864706656106122,4.635293343893878,Winter,PRODUCE_PRIORITY
314.0,apartment,2.9544247048148167,3.6399999999999997,0.0,3.6399999999999997,2.9544247048148167,0.685575295185183,Winter,PRODUCE_PRIORITY
314.0,family_house,4.999795654301996,10.08,0.0,10.08,4.999795654301996,5.080204345698003,Winter,PRODUCE_PRIORITY
314.0,luxury_house,6.363376287293451,18.0,0.0,18.0,6.363376287293451,11.636623712706548,Winter,PRODUCE_PRIORITY
314.0,small_family,4.431637057222225,6.5,0.0,6.5,4.431637057222225,2.0683629427777754,Winter,PRODUCE_PRIORITY
315.0,apartment,1.767902451099369,3.6399999999999997,0.0,3.6399999999999997,1.767902451099369,1.8720975489006306,Winter,PRODUCE_PRIORITY
315.0,family_house,2.991834917245086,10.08,0.0,10.08,2.991834917245086,7.088165082754914,Winter,PRODUCE_PRIORITY
315.0,luxury_house,3.8077898946755644,18.0,0.0,18.0,3.8077898946755644,14.192210105324435,Winter,PRODUCE_PRIORITY
315.0,small_family,2.6518536766490532,6.5,0.0,6.5,2.6518536766490532,3.8481463233509468,Winter,PRODUCE_PRIORITY
316.0,apartment,1.9588060610464686,3.6399999999999997,0.0,3.6399999999999997,1.9588060610464686,1.681193938953531,Winter,PRODUCE_PRIORITY
316.0,family_house,3.31490256484787,10.08,0.0,10.08,3.31490256484787,6.76509743515213,Winter,PRODUCE_PRIORITY
316.0,luxury_house,4.218966900715471,18.0,0.0,18.0,4.218966900715471,13.781033099284528,Winter,PRODUCE_PRIORITY
316.0,small_family,2.9382090915697026,6.5,0.0,6.5,2.9382090915697026,3.5617909084302974,Winter,PRODUCE_PRIORITY
317.0,apartment,2.6111184789891544,3.6399999999999997,0.0,3.6399999999999997,2.6111184789891544,1.0288815210108453,Winter,PRODUCE_PRIORITY
317.0,family_house,4.418815887520108,10.08,0.0,10.08,4.418815887520108,5.6611841124798925,Winter,PRODUCE_PRIORITY
317.0,luxury_house,5.6239474932074085,18.0,0.0,18.0,5.6239474932074085,12.37605250679259,Winter,PRODUCE_PRIORITY
317.0,small_family,3.9166777184837316,6.5,0.0,6.5,3.9166777184837316,2.5833222815162684,Winter,PRODUCE_PRIORITY
318.0,apartment,10.716414191140196,3.6399999999999997,0.0,3.6399999999999997,10.716414191140196,-7.076414191140196,Winter,PRODUCE_PRIORITY
318.0,family_house,18.13547016962187,10.08,0.0,10.08,18.13547016962187,-8.055470169621868,Winter,PRODUCE_PRIORITY
318.0,luxury_house,23.08150748860965,18.0,0.0,18.0,23.08150748860965,-5.081507488609649,Winter,PRODUCE_PRIORITY
318.0,small_family,16.074621286710293,6.5,0.0,6.5,16.074621286710293,-9.574621286710293,Winter,PRODUCE_PRIORITY
319.0,apartment,10.777613200620202,3.6399999999999997,0.0,3.6399999999999997,10.777613200620202,-7.137613200620202,Winter,PRODUCE_PRIORITY
319.0,family_house,18.239037724126497,10.08,0.0,10.08,18.239037724126497,-8.159037724126497,Winter,PRODUCE_PRIORITY
319.0,luxury_house,23.21332073979736,18.0,0.0,18.0,23.21332073979736,-5.213320739797359,Winter,PRODUCE_PRIORITY
319.0,small_family,16.166419800930303,6.5,0.0,6.5,16.166419800930303,-9.666419800930303,Winter,PRODUCE_PRIORITY
320.0,apartment,11.813918834705925,3.6399999999999997,0.0,3.6399999999999997,11.813918834705925,-8.173918834705926,Winter,PRODUCE_PRIORITY
320.0,family_house,19.992785720271566,10.08,0.0,10.08,19.992785720271566,-9.912785720271568,Winter,PRODUCE_PRIORITY
320.0,luxury_house,25.445363643981995,18.0,0.0,18.0,25.445363643981995,-7.445363643981995,Winter,PRODUCE_PRIORITY
320.0,small_family,17.72087825205889,6.5,0.0,6.5,17.72087825205889,-11.220878252058888,Winter,PRODUCE_PRIORITY
321.0,apartment,11.744481358573669,3.6399999999999997,0.0,3.6399999999999997,11.744481358573669,-8.104481358573668,Winter,PRODUCE_PRIORITY
321.0,family_house,19.87527614527852,10.08,0.0,10.08,19.87527614527852,-9.79527614527852,Winter,PRODUCE_PRIORITY
321.0,luxury_house,25.29580600308175,18.0,0.0,18.0,25.29580600308175,-7.295806003081749,Winter,PRODUCE_PRIORITY
321.0,small_family,17.616722037860505,6.5,0.0,6.5,17.616722037860505,-11.116722037860505,Winter,PRODUCE_PRIORITY
322.0,apartment,12.52201433575054,3.6399999999999997,0.0,3.6399999999999997,12.52201433575054,-8.88201433575054,Winter,PRODUCE_PRIORITY
322.0,family_house,21.191101183577842,10.08,0.0,10.08,21.191101183577842,-11.11110118357784,Winter,PRODUCE_PRIORITY
322.0,luxury_house,26.970492415462704,18.0,0.0,18.0,26.970492415462704,-8.970492415462704,Winter,PRODUCE_PRIORITY
322.0,small_family,18.78302150362581,6.5,0.0,6.5,18.78302150362581,-12.283021503625813,Winter,PRODUCE_PRIORITY
323.0,apartment,15.006371496172907,3.6399999999999997,0.0,3.6399999999999997,15.006371496172907,-11.366371496172906,Winter,PRODUCE_PRIORITY
323.0,family_house,25.395397916600302,10.08,0.0,10.08,25.395397916600302,-15.315397916600306,Winter,PRODUCE_PRIORITY
323.0,luxury_house,32.32141553021857,18.0,0.0,18.0,32.32141553021857,-14.321415530218571,Winter,PRODUCE_PRIORITY
323.0,small_family,22.50955724425936,6.5,0.0,6.5,22.50955724425936,-16.00955724425936,Winter,PRODUCE_PRIORITY
324.0,apartment,14.416077907157433,3.6399999999999997,0.0,3.6399999999999997,14.416077907157433,-10.776077907157433,Winter,PRODUCE_PRIORITY
324.0,family_house,24.396439535189497,10.08,0.0,10.08,24.396439535189497,-14.316439535189499,Winter,PRODUCE_PRIORITY
324.0,luxury_house,31.050013953877546,18.0,0.0,18.0,31.050013953877546,-13.050013953877546,Winter,PRODUCE_PRIORITY
324.0,small_family,21.624116860736144,6.5,0.0,6.5,21.624116860736144,-15.124116860736146,Winter,PRODUCE_PRIORITY
325.0,apartment,16.632344114270765,3.6399999999999997,0.0,3.6399999999999997,16.632344114270765,-12.992344114270765,Winter,PRODUCE_PRIORITY
325.0,family_house,25.801456895214905,10.08,0.0,10.08,25.801456895214905,-15.721456895214907,Winter,PRODUCE_PRIORITY
325.0,luxury_house,35.8235103999678,18.0,0.0,18.0,35.8235103999678,-17.8235103999678,Winter,PRODUCE_PRIORITY
325.0,small_family,24.948516171406148,6.5,0.0,6.5,24.948516171406148,-18.448516171406148,Winter,PRODUCE_PRIORITY
326.0,apartment,17.43410060480614,3.6399999999999997,0.0,3.6399999999999997,17.43410060480614,-13.79410060480614,Winter,PRODUCE_PRIORITY
326.0,family_house,27.045207348481316,10.08,0.0,10.08,27.045207348481316,-16.965207348481318,Winter,PRODUCE_PRIORITY
326.0,luxury_house,37.550370533428605,18.0,0.0,18.0,37.550370533428605,-19.55037053342861,Winter,PRODUCE_PRIORITY
326.0,small_family,26.151150907209207,6.5,0.0,6.5,26.151150907209207,-19.651150907209207,Winter,PRODUCE_PRIORITY
327.0,apartment,17.73289539321216,3.6399999999999997,0.0,3.6399999999999997,17.73289539321216,-14.09289539321216,Winter,PRODUCE_PRIORITY
327.0,family_house,27.508722340752197,10.08,0.0,10.08,27.508722340752197,-17.4287223407522,Winter,PRODUCE_PRIORITY
327.0,luxury_house,38.19392853922619,18.0,0.0,18.0,38.19392853922619,-20.193928539226192,Winter,PRODUCE_PRIORITY
327.0,small_family,26.59934308981824,6.5,0.0,6.5,26.59934308981824,-20.09934308981824,Winter,PRODUCE_PRIORITY
328.0,apartment,13.867699817493078,3.6399999999999997,0.0,3.6399999999999997,13.867699817493078,-10.227699817493077,Winter,PRODUCE_PRIORITY
328.0,family_house,21.51271381944439,10.08,0.0,10.08,21.51271381944439,-11.43271381944439,Winter,PRODUCE_PRIORITY
328.0,luxury_house,29.868891914600475,18.0,0.0,18.0,29.868891914600475,-11.868891914600473,Winter,PRODUCE_PRIORITY
328.0,small_family,20.801549726239614,6.5,0.0,6.5,20.801549726239614,-14.301549726239614,Winter,PRODUCE_PRIORITY
329.0,apartment,10.510409517476173,3.6399999999999997,0.0,3.6399999999999997,10.510409517476173,-6.870409517476172,Winter,PRODUCE_PRIORITY
329.0,family_house,16.30460963608483,10.08,0.0,10.08,16.30460963608483,-6.224609636084831,Winter,PRODUCE_PRIORITY
329.0,luxury_house,22.637805114564063,18.0,0.0,18.0,22.637805114564063,-4.637805114564062,Winter,PRODUCE_PRIORITY
329.0,small_family,15.765614276214258,6.5,0.0,6.5,15.765614276214258,-9.265614276214258,Winter,PRODUCE_PRIORITY
330.0,apartment,8.806182697440633,19.310600969970405,0.0,19.310600969970405,8.806182697440633,10.504418272529772,Winter,PRODUCE_PRIORITY
330.0,family_house,13.660873158850213,28.260616250286446,0.0,28.260616250286446,13.660873158850213,14.599743091436231,Winter,PRODUCE_PRIORITY
330.0,luxury_house,18.96716273294906,44.70556432224978,0.0,44.70556432224978,18.96716273294906,25.738401589300718,Winter,PRODUCE_PRIORITY
330.0,small_family,13.209274046160951,27.712330235537717,0.0,27.712330235537717,13.209274046160951,14.503056189376764,Winter,PRODUCE_PRIORITY
331.0,apartment,0.0,32.0829702988986,0.0,32.0829702988986,0.0,32.0829702988986,Winter,PRODUCE_PRIORITY
331.0,family_house,0.0,28.613542464375662,0.0,28.613542464375662,0.0,28.613542464375662,Winter,PRODUCE_PRIORITY
331.0,luxury_house,0.0,37.519303159370345,0.0,37.519303159370345,0.0,37.519303159370345,Winter,PRODUCE_PRIORITY
331.0,small_family,0.0,22.74268173383665,0.0,22.74268173383665,0.0,22.74268173383665,Winter,PRODUCE_PRIORITY
332.0,apartment,0.0,24.233164527366633,0.0,24.233164527366633,0.0,24.233164527366633,Winter,PRODUCE_PRIORITY
332.0,family_house,0.0,32.70534437599804,0.0,32.70534437599804,0.0,32.70534437599804,Winter,PRODUCE_PRIORITY
332.0,luxury_house,0.0,34.12110716555367,0.0,34.12110716555367,0.0,34.12110716555367,Winter,PRODUCE_PRIORITY
332.0,small_family,0.0,27.8248270384329,0.0,27.8248270384329,0.0,27.8248270384329,Winter,PRODUCE_PRIORITY
333.0,apartment,0.0,21.786504288219582,0.0,21.786504288219582,0.0,21.786504288219582,Winter,PRODUCE_PRIORITY
333.0,family_house,0.0,26.823742121590683,0.0,26.823742121590683,0.0,26.823742121590683,Winter,PRODUCE_PRIORITY
333.0,luxury_house,0.0,33.92003244171499,0.0,33.92003244171499,0.0,33.92003244171499,Winter,PRODUCE_PRIORITY
333.0,small_family,0.0,25.718067082575885,0.0,25.718067082575885,0.0,25.718067082575885,Winter,PRODUCE_PRIORITY
334.0,apartment,5.267279181140559,3.6399999999999997,0.0,3.6399999999999997,5.267279181140559,-1.6272791811405594,Winter,PRODUCE_PRIORITY
334.0,family_house,8.17103565279497,10.08,0.0,10.08,8.17103565279497,1.9089643472050297,Winter,PRODUCE_PRIORITY
334.0,luxury_house,11.344909005533513,18.0,0.0,18.0,11.344909005533513,6.655090994466488,Winter,PRODUCE_PRIORITY
334.0,small_family,7.900918771710838,6.5,0.0,6.5,7.900918771710838,-1.4009187717108387,Winter,PRODUCE_PRIORITY
335.0,apartment,8.784325483541428,3.6399999999999997,0.0,3.6399999999999997,8.784325483541428,-5.144325483541429,Winter,PRODUCE_PRIORITY
335.0,family_house,13.626966455237346,10.08,0.0,10.08,13.626966455237346,-3.5469664552373463,Winter,PRODUCE_PRIORITY
335.0,luxury_house,18.92008565685846,18.0,0.0,18.0,18.92008565685846,-0.9200856568584621,Winter,PRODUCE_PRIORITY
335.0,small_family,13.176488225312141,6.5,0.0,6.5,13.176488225312141,-6.676488225312141,Winter,PRODUCE_PRIORITY
336.0,apartment,0.0,3.6399999999999997,0.0,3.6399999999999997,0.0,3.6399999999999997,Winter,PRODUCE_PRIORITY
336.0,family_house,0.0,10.08,0.0,10.08,0.0,10.08,Winter,PRODUCE_PRIORITY
336.0,luxury_house,0.0,18.0,0.0,18.0,0.0,18.0,Winter,PRODUCE_PRIORITY
336.0,small_family,0.0,6.5,0.0,6.5,0.0,6.5,Winter,PRODUCE_PRIORITY
337.0,apartment,0.1854789301822977,3.6399999999999997,0.0,3.6399999999999997,0.1854789301822977,3.454521069817702,Winter,PRODUCE_PRIORITY
337.0,family_house,0.2877301352827951,10.08,0.0,10.08,0.2877301352827951,9.792269864717204,Winter,PRODUCE_PRIORITY
337.0,luxury_house,0.3994930803926412,18.0,0.0,18.0,0.3994930803926412,17.60050691960736,Winter,PRODUCE_PRIORITY
337.0,small_family,0.2782183952734465,6.5,0.0,6.5,0.2782183952734465,6.221781604726554,Winter,PRODUCE_PRIORITY
338.0,apartment,0.31273368637356347,3.6399999999999997,0.0,3.6399999999999997,0.31273368637356347,3.3272663136264367,Winter,PRODUCE_PRIORITY
338.0,family_house,0.4851381545025792,10.08,0.0,10.08,0.4851381545025792,9.594861845497421,Winter,PRODUCE_PRIORITY
338.0,luxury_house,0.673580247573829,18.0,0.0,18.0,0.673580247573829,17.326419752426172,Winter,PRODUCE_PRIORITY
338.0,small_family,0.46910052956034515,6.5,0.0,6.5,0.46910052956034515,6.030899470439655,Winter,PRODUCE_PRIORITY
339.0,apartment,0.13915472877359436,3.6399999999999997,0.0,3.6399999999999997,0.13915472877359436,3.500845271226405,Winter,PRODUCE_PRIORITY
339.0,family_house,0.21586823309749897,10.08,0.0,10.08,0.21586823309749897,9.864131766902501,Winter,PRODUCE_PRIORITY
339.0,luxury_house,0.29971787735851096,18.0,0.0,18.0,0.29971787735851096,17.70028212264149,Winter,PRODUCE_PRIORITY
339.0,small_family,0.20873209316039157,6.5,0.0,6.5,0.20873209316039157,6.291267906839608,Winter,PRODUCE_PRIORITY
340.0,apartment,1.5599715339481137,3.6399999999999997,0.0,3.6399999999999997,1.5599715339481137,2.080028466051886,Winter,PRODUCE_PRIORITY
340.0,family_house,2.419955841124638,10.08,0.0,10.08,2.419955841124638,7.660044158875362,Winter,PRODUCE_PRIORITY
340.0,luxury_house,3.3599386885036298,18.0,0.0,18.0,3.3599386885036298,14.640061311496371,Winter,PRODUCE_PRIORITY
340.0,small_family,2.3399573009221704,6.5,0.0,6.5,2.3399573009221704,4.160042699077829,Winter,PRODUCE_PRIORITY
341.0,apartment,1.5356059692901807,3.6399999999999997,0.0,3.6399999999999997,1.5356059692901807,2.104394030709819,Winter,PRODUCE_PRIORITY
341.0,family_house,2.3821579780014344,10.08,0.0,10.08,2.3821579780014344,7.697842021998566,Winter,PRODUCE_PRIORITY
341.0,luxury_house,3.307459010778851,18.0,0.0,18.0,3.307459010778851,14.69254098922115,Winter,PRODUCE_PRIORITY
341.0,small_family,2.3034089539352713,6.5,0.0,6.5,2.3034089539352713,4.196591046064729,Winter,PRODUCE_PRIORITY
342.0,apartment,10.617020321718826,3.6399999999999997,0.0,3.6399999999999997,10.617020321718826,-6.977020321718826,Winter,PRODUCE_PRIORITY
342.0,family_house,16.469993063179203,10.08,0.0,10.08,16.469993063179203,-6.389993063179205,Winter,PRODUCE_PRIORITY
342.0,luxury_house,22.867428385240547,18.0,0.0,18.0,22.867428385240547,-4.867428385240548,Winter,PRODUCE_PRIORITY
342.0,small_family,15.925530482578239,6.5,0.0,6.5,15.925530482578239,-9.425530482578239,Winter,PRODUCE_PRIORITY
343.0,apartment,10.75400621724201,3.6399999999999997,0.0,3.6399999999999997,10.75400621724201,-7.11400621724201,Winter,PRODUCE_PRIORITY
343.0,family_house,16.682496824183122,10.08,0.0,10.08,16.682496824183122,-6.602496824183121,Winter,PRODUCE_PRIORITY
343.0,luxury_house,23.16247492944433,18.0,0.0,18.0,23.16247492944433,-5.162474929444331,Winter,PRODUCE_PRIORITY
343.0,small_family,16.131009325863015,6.5,0.0,6.5,16.131009325863015,-9.631009325863017,Winter,PRODUCE_PRIORITY
344.0,apartment,11.01695839462919,3.6399999999999997,0.0,3.6399999999999997,11.01695839462919,-7.376958394629191,Winter,PRODUCE_PRIORITY
344.0,family_house,17.090409817309386,10.08,0.0,10.08,17.090409817309386,-7.010409817309387,Winter,PRODUCE_PRIORITY
344.0,luxury_house,23.72883346535518,18.0,0.0,18.0,23.72883346535518,-5.728833465355181,Winter,PRODUCE_PRIORITY
344.0,small_family,16.525437591943785,6.5,0.0,6.5,16.525437591943785,-10.025437591943785,Winter,PRODUCE_PRIORITY
345.0,apartment,11.722183494024305,3.6399999999999997,0.0,3.6399999999999997,11.722183494024305,-8.082183494024306,Winter,PRODUCE_PRIORITY
345.0,family_house,18.18441285611463,10.08,0.0,10.08,18.18441285611463,-8.10441285611463,Winter,PRODUCE_PRIORITY
345.0,luxury_house,25.247779833283122,18.0,0.0,18.0,25.247779833283122,-7.247779833283122,Winter,PRODUCE_PRIORITY
345.0,small_family,17.583275241036457,6.5,0.0,6.5,17.583275241036457,-11.083275241036459,Winter,PRODUCE_PRIORITY
346.0,apartment,12.323611711809166,3.6399999999999997,0.0,3.6399999999999997,12.323611711809166,-8.683611711809165,Winter,PRODUCE_PRIORITY
346.0,family_house,19.117397655498834,10.08,0.0,10.08,19.117397655498834,-9.037397655498834,Winter,PRODUCE_PRIORITY
346.0,luxury_house,26.543163686973585,18.0,0.0,18.0,26.543163686973585,-8.543163686973587,Winter,PRODUCE_PRIORITY
346.0,small_family,18.48541756771375,6.5,0.0,6.5,18.48541756771375,-11.985417567713748,Winter,PRODUCE_PRIORITY
347.0,apartment,13.398670010333669,3.6399999999999997,0.0,3.6399999999999997,13.398670010333669,-9.758670010333669,Winter,PRODUCE_PRIORITY
347.0,family_house,20.785116298081718,10.08,0.0,10.08,20.785116298081718,-10.70511629808172,Winter,PRODUCE_PRIORITY
347.0,luxury_house,28.858673868410982,18.0,0.0,18.0,28.858673868410982,-10.858673868410982,Winter,PRODUCE_PRIORITY
347.0,small_family,20.0980050155005,6.5,0.0,6.5,20.0980050155005,-13.598005015500501,Winter,PRODUCE_PRIORITY
348.0,apartment,14.168546381534838,3.6399999999999997,0.0,3.6399999999999997,14.168546381534838,-10.528546381534838,Winter,PRODUCE_PRIORITY
348.0,family_house,21.979411694432248,10.08,0.0,10.08,21.979411694432248,-11.899411694432247,Winter,PRODUCE_PRIORITY
348.0,luxury_house,30.51686912945965,18.0,0.0,18.0,30.51686912945965,-12.516869129459652,Winter,PRODUCE_PRIORITY
348.0,small_family,21.252819572302258,6.5,0.0,6.5,21.252819572302258,-14.752819572302256,Winter,PRODUCE_PRIORITY
349.0,apartment,14.679800378443208,3.6399999999999997,0.0,3.6399999999999997,14.679800378443208,-11.039800378443207,Winter,PRODUCE_PRIORITY
349.0,family_house,22.77251084348241,10.08,0.0,10.08,22.77251084348241,-12.692510843482413,Winter,PRODUCE_PRIORITY
349.0,luxury_house,31.61803158433922,18.0,0.0,18.0,31.61803158433922,-13.618031584339219,Winter,PRODUCE_PRIORITY
349.0,small_family,22.01970056766481,6.5,0.0,6.5,22.01970056766481,-15.519700567664811,Winter,PRODUCE_PRIORITY
350.0,apartment,15.645027778733647,3.6399999999999997,0.0,3.6399999999999997,15.645027778733647,-12.005027778733647,Winter,PRODUCE_PRIORITY
350.0,family_house,24.269850784958606,10.08,0.0,10.08,24.269850784958606,-14.189850784958606,Winter,PRODUCE_PRIORITY
350.0,luxury_house,33.696982908041704,18.0,0.0,18.0,33.696982908041704,-15.696982908041702,Winter,PRODUCE_PRIORITY
350.0,small_family,23.46754166810047,6.5,0.0,6.5,23.46754166810047,-16.96754166810047,Winter,PRODUCE_PRIORITY
351.0,apartment,15.795911587497953,3.6399999999999997,0.0,3.6399999999999997,15.795911587497953,-12.155911587497952,Winter,PRODUCE_PRIORITY
351.0,family_house,24.503914129323746,10.08,0.0,10.08,24.503914129323746,-14.423914129323748,Winter,PRODUCE_PRIORITY
351.0,luxury_house,34.02196341922636,18.0,0.0,18.0,34.02196341922636,-16.02196341922636,Winter,PRODUCE_PRIORITY
351.0,small_family,23.69386738124693,6.5,0.0,6.5,23.69386738124693,-17.19386738124693,Winter,PRODUCE_PRIORITY
352.0,apartment,12.180125973459537,3.6399999999999997,0.0,3.6399999999999997,12.180125973459537,-8.540125973459537,Winter,PRODUCE_PRIORITY
352.0,family_house,18.894810804982104,10.08,0.0,10.08,18.894810804982104,-8.814810804982105,Winter,PRODUCE_PRIORITY
352.0,luxury_house,26.234117481297467,18.0,0.0,18.0,26.234117481297467,-8.234117481297465,Winter,PRODUCE_PRIORITY
352.0,small_family,18.27018896018931,6.5,0.0,6.5,18.27018896018931,-11.770188960189307,Winter,PRODUCE_PRIORITY
353.0,apartment,12.261702609317892,3.6399999999999997,0.0,3.6399999999999997,12.261702609317892,-8.621702609317891,Winter,PRODUCE_PRIORITY
353.0,family_house,19.02135917599314,10.08,0.0,10.08,19.02135917599314,-8.94135917599314,Winter,PRODUCE_PRIORITY
353.0,luxury_house,26.409821004684694,18.0,0.0,18.0,26.409821004684694,-8.409821004684693,Winter,PRODUCE_PRIORITY
353.0,small_family,18.392553913976837,6.5,0.0,6.5,18.392553913976837,-11.892553913976837,Winter,PRODUCE_PRIORITY
354.0,apartment,7.395110358117712,23.798978120446826,0.0,23.798978120446826,7.395110358117712,16.403867762329114,Winter,PRODUCE_PRIORITY
354.0,family_house,11.471901965797988,27.06991038837343,0.0,27.06991038837343,11.471901965797988,15.59800842257544,Winter,PRODUCE_PRIORITY
354.0,luxury_house,15.92793000209969,37.24530057337695,0.0,37.24530057337695,15.92793000209969,21.317370571277262,Winter,PRODUCE_PRIORITY
354.0,small_family,11.092665537176568,21.406908785732515,0.0,21.406908785732515,11.092665537176568,10.314243248555947,Winter,PRODUCE_PRIORITY
355.0,apartment,0.0,23.26660811215892,0.0,23.26660811215892,0.0,23.26660811215892,Winter,PRODUCE_PRIORITY
355.0,family_house,0.0,23.748596398426116,0.0,23.748596398426116,0.0,23.748596398426116,Winter,PRODUCE_PRIORITY
355.0,luxury_house,0.0,32.9740495619869,0.0,32.9740495619869,0.0,32.9740495619869,Winter,PRODUCE_PRIORITY
355.0,small_family,0.0,26.762643510554618,0.0,26.762643510554618,0.0,26.762643510554618,Winter,PRODUCE_PRIORITY
356.0,apartment,0.0,23.982193997377514,0.0,23.982193997377514,0.0,23.982193997377514,Winter,PRODUCE_PRIORITY
356.0,family_house,0.0,25.828680488796657,0.0,25.828680488796657,0.0,25.828680488796657,Winter,PRODUCE_PRIORITY
356.0,luxury_house,0.0,37.25513348806978,0.0,37.25513348806978,0.0,37.25513348806978,Winter,PRODUCE_PRIORITY
356.0,small_family,0.0,24.571518125608577,0.0,24.571518125608577,0.0,24.571518125608577,Winter,PRODUCE_PRIORITY
357.0,apartment,0.0,26.31601556438255,0.0,26.31601556438255,0.0,26.31601556438255,Winter,PRODUCE_PRIORITY
357.0,family_house,0.0,29.06900919272256,0.0,29.06900919272256,0.0,29.06900919272256,Winter,PRODUCE_PRIORITY
357.0,luxury_house,0.0,35.135652068053865,0.0,35.135652068053865,0.0,35.135652068053865,Winter,PRODUCE_PRIORITY
357.0,small_family,0.0,28.286997316447074,0.0,28.286997316447074,0.0,28.286997316447074,Winter,PRODUCE_PRIORITY
358.0,apartment,0.33003550960346795,3.6399999999999997,0.0,3.6399999999999997,0.33003550960346795,3.309964490396532,Winter,PRODUCE_PRIORITY
358.0,family_house,0.511978162333585,10.08,0.0,10.08,0.511978162333585,9.568021837666414,Winter,PRODUCE_PRIORITY
358.0,luxury_house,0.7108457129920849,18.0,0.0,18.0,0.7108457129920849,17.289154287007918,Winter,PRODUCE_PRIORITY
358.0,small_family,0.495053264405202,6.5,0.0,6.5,0.495053264405202,6.004946735594798,Winter,PRODUCE_PRIORITY
359.0,apartment,3.102671104630579,3.6399999999999997,0.0,3.6399999999999997,3.102671104630579,0.5373288953694211,Winter,PRODUCE_PRIORITY
359.0,family_house,4.813117995644872,10.08,0.0,10.08,4.813117995644872,5.266882004355128,Winter,PRODUCE_PRIORITY
359.0,luxury_house,6.68267622535817,18.0,0.0,18.0,6.68267622535817,11.31732377464183,Winter,PRODUCE_PRIORITY
359.0,small_family,4.654006656945868,6.5,0.0,6.5,4.654006656945868,1.8459933430541322,Winter,PRODUCE_PRIORITY
360.0,apartment,0.0,3.6399999999999997,0.0,3.6399999999999997,0.0,3.6399999999999997,Winter,PRODUCE_PRIORITY
360.0,family_house,0.0,10.08,0.0,10.08,0.0,10.08,Winter,PRODUCE_PRIORITY
360.0,luxury_house,0.0,18.0,0.0,18.0,0.0,18.0,Winter,PRODUCE_PRIORITY
360.0,small_family,0.0,6.5,0.0,6.5,0.0,6.5,Winter,PRODUCE_PRIORITY
361.0,apartment,0.8653237338773675,3.6399999999999997,0.0,3.6399999999999997,0.8653237338773675,2.7746762661226323,Winter,PRODUCE_PRIORITY
361.0,family_house,1.3423611769123265,10.08,0.0,10.08,1.3423611769123265,8.737638823087673,Winter,PRODUCE_PRIORITY
361.0,luxury_house,1.8637741960435608,18.0,0.0,18.0,1.8637741960435608,16.13622580395644,Winter,PRODUCE_PRIORITY
361.0,small_family,1.297985600816051,6.5,0.0,6.5,1.297985600816051,5.202014399183949,Winter,PRODUCE_PRIORITY
362.0,apartment,0.9992730381836296,3.6399999999999997,0.0,3.6399999999999997,0.9992730381836296,2.64072696181637,Winter,PRODUCE_PRIORITY
362.0,family_house,1.5501543284643482,10.08,0.0,10.08,1.5501543284643482,8.529845671535652,Winter,PRODUCE_PRIORITY
362.0,luxury_house,2.1522803899339715,18.0,0.0,18.0,2.1522803899339715,15.847719610066028,Winter,PRODUCE_PRIORITY
362.0,small_family,1.4989095572754443,6.5,0.0,6.5,1.4989095572754443,5.001090442724555,Winter,PRODUCE_PRIORITY
363.0,apartment,1.2130550333396863,3.6399999999999997,0.0,3.6399999999999997,1.2130550333396863,2.4269449666603133,Winter,PRODUCE_PRIORITY
363.0,family_house,1.881790500437206,10.08,0.0,10.08,1.881790500437206,8.198209499562793,Winter,PRODUCE_PRIORITY
363.0,luxury_house,2.6127339179624016,18.0,0.0,18.0,2.6127339179624016,15.387266082037598,Winter,PRODUCE_PRIORITY
363.0,small_family,1.8195825500095297,6.5,0.0,6.5,1.8195825500095297,4.680417449990471,Winter,PRODUCE_PRIORITY
364.0,apartment,1.3464460424255331,3.6399999999999997,0.0,3.6399999999999997,1.3464460424255331,2.2935539575744666,Winter,PRODUCE_PRIORITY
364.0,family_house,2.0887175786344807,10.08,0.0,10.08,2.0887175786344807,7.991282421365519,Winter,PRODUCE_PRIORITY
364.0,luxury_house,2.9000376298396096,18.0,0.0,18.0,2.9000376298396096,15.099962370160391,Winter,PRODUCE_PRIORITY
364.0,small_family,2.0196690636382995,6.5,0.0,6.5,2.0196690636382995,4.4803309363617005,Winter,PRODUCE_PRIORITY
365.0,apartment,1.290678753229234,3.6399999999999997,0.0,3.6399999999999997,1.290678753229234,2.3493212467707654,Winter,PRODUCE_PRIORITY
365.0,family_house,2.002206783855607,10.08,0.0,10.08,2.002206783855607,8.077793216144393,Winter,PRODUCE_PRIORITY
365.0,luxury_house,2.779923468493735,18.0,0.0,18.0,2.779923468493735,15.220076531506265,Winter,PRODUCE_PRIORITY
365.0,small_family,1.936018129843851,6.5,0.0,6.5,1.936018129843851,4.563981870156149,Winter,PRODUCE_PRIORITY
366.0,apartment,10.221603823729728,3.6399999999999997,0.0,3.6399999999999997,10.221603823729728,-6.581603823729729,Winter,PRODUCE_PRIORITY
366.0,family_house,15.856590547067912,10.08,0.0,10.08,15.856590547067912,-5.7765905470679115,Winter,PRODUCE_PRIORITY
366.0,luxury_house,22.015762081879416,18.0,0.0,18.0,22.015762081879416,-4.015762081879414,Winter,PRODUCE_PRIORITY
366.0,small_family,15.332405735594593,6.5,0.0,6.5,15.332405735594593,-8.832405735594593,Winter,PRODUCE_PRIORITY
367.0,apartment,10.592066522004863,3.6399999999999997,0.0,3.6399999999999997,10.592066522004863,-6.952066522004863,Winter,PRODUCE_PRIORITY
367.0,family_house,16.43128268157165,10.08,0.0,10.08,16.43128268157165,-6.351282681571647,Winter,PRODUCE_PRIORITY
367.0,luxury_house,22.813681739702783,18.0,0.0,18.0,22.813681739702783,-4.8136817397027825,Winter,PRODUCE_PRIORITY
367.0,small_family,15.888099783007295,6.5,0.0,6.5,15.888099783007295,-9.388099783007295,Winter,PRODUCE_PRIORITY
368.0,apartment,11.008922418020664,3.6399999999999997,0.0,3.6399999999999997,11.008922418020664,-7.368922418020663,Winter,PRODUCE_PRIORITY
368.0,family_house,17.077943751032056,10.08,0.0,10.08,17.077943751032056,-6.997943751032056,Winter,PRODUCE_PRIORITY
368.0,luxury_house,23.711525208044506,18.0,0.0,18.0,23.711525208044506,-5.711525208044507,Winter,PRODUCE_PRIORITY
368.0,small_family,16.513383627030997,6.5,0.0,6.5,16.513383627030997,-10.013383627030995,Winter,PRODUCE_PRIORITY
369.0,apartment,11.718323804944394,3.6399999999999997,0.0,3.6399999999999997,11.718323804944394,-8.078323804944395,Winter,PRODUCE_PRIORITY
369.0,family_house,18.178425389721433,10.08,0.0,10.08,18.178425389721433,-8.098425389721433,Winter,PRODUCE_PRIORITY
369.0,luxury_house,25.239466656803312,18.0,0.0,18.0,25.239466656803312,-7.239466656803312,Winter,PRODUCE_PRIORITY
369.0,small_family,17.577485707416592,6.5,0.0,6.5,17.577485707416592,-11.07748570741659,Winter,PRODUCE_PRIORITY
370.0,apartment,12.645138415224267,3.6399999999999997,0.0,3.6399999999999997,12.645138415224267,-9.005138415224268,Winter,PRODUCE_PRIORITY
370.0,family_house,19.61617625951457,10.08,0.0,10.08,19.61617625951457,-9.53617625951457,Winter,PRODUCE_PRIORITY
370.0,luxury_house,27.23568274048304,18.0,0.0,18.0,27.23568274048304,-9.235682740483039,Winter,PRODUCE_PRIORITY
370.0,small_family,18.9677076228364,6.5,0.0,6.5,18.9677076228364,-12.4677076228364,Winter,PRODUCE_PRIORITY
371.0,apartment,13.328689924100992,3.6399999999999997,0.0,3.6399999999999997,13.328689924100992,-9.688689924100991,Winter,PRODUCE_PRIORITY
371.0,family_house,20.676557446361798,10.08,0.0,10.08,20.676557446361798,-10.5965574463618,Winter,PRODUCE_PRIORITY
371.0,luxury_house,28.707947528832907,18.0,0.0,18.0,28.707947528832907,-10.707947528832907,Winter,PRODUCE_PRIORITY
371.0,small_family,19.99303488615149,6.5,0.0,6.5,19.99303488615149,-13.49303488615149,Winter,PRODUCE_PRIORITY
372.0,apartment,13.792276298458491,3.6399999999999997,0.0,3.6399999999999997,13.792276298458491,-10.15227629845849,Winter,PRODUCE_PRIORITY
372.0,family_house,21.395710668121506,10.08,0.0,10.08,21.395710668121506,-11.315710668121504,Winter,PRODUCE_PRIORITY
372.0,luxury_house,29.706441258218288,18.0,0.0,18.0,29.706441258218288,-11.706441258218288,Winter,PRODUCE_PRIORITY
372.0,small_family,20.688414447687734,6.5,0.0,6.5,20.688414447687734,-14.188414447687734,Winter,PRODUCE_PRIORITY
373.0,apartment,15.092335425003228,3.6399999999999997,0.0,3.6399999999999997,15.092335425003228,-11.452335425003229,Winter,PRODUCE_PRIORITY
373.0,family_house,23.412469056735777,10.08,0.0,10.08,23.412469056735777,-13.332469056735778,Winter,PRODUCE_PRIORITY
373.0,luxury_house,32.50656860769926,18.0,0.0,18.0,32.50656860769926,-14.50656860769926,Winter,PRODUCE_PRIORITY
373.0,small_family,22.63850313750484,6.5,0.0,6.5,22.63850313750484,-16.13850313750484,Winter,PRODUCE_PRIORITY
374.0,apartment,16.042459566870285,3.6399999999999997,0.0,3.6399999999999997,16.042459566870285,-12.402459566870284,Winter,PRODUCE_PRIORITY
374.0,family_house,24.886379584503906,10.08,0.0,10.08,24.886379584503906,-14.806379584503908,Winter,PRODUCE_PRIORITY
374.0,luxury_house,34.552989836335996,18.0,0.0,18.0,34.552989836335996,-16.552989836336,Winter,PRODUCE_PRIORITY
374.0,small_family,24.06368935030543,6.5,0.0,6.5,24.06368935030543,-17.56368935030543,Winter,PRODUCE_PRIORITY
375.0,apartment,16.229653586776685,3.6399999999999997,0.0,3.6399999999999997,16.229653586776685,-12.589653586776686,Winter,PRODUCE_PRIORITY
375.0,family_house,25.17677030769204,10.08,0.0,10.08,25.17677030769204,-15.096770307692042,Winter,PRODUCE_PRIORITY
375.0,luxury_house,34.95617695613441,18.0,0.0,18.0,34.95617695613441,-16.956176956134406,Winter,PRODUCE_PRIORITY
375.0,small_family,24.34448038016503,6.5,0.0,6.5,24.34448038016503,-17.84448038016503,Winter,PRODUCE_PRIORITY
376.0,apartment,12.369020129134398,3.6399999999999997,0.0,3.6399999999999997,12.369020129134398,-8.729020129134398,Winter,PRODUCE_PRIORITY
376.0,family_house,19.18783891827259,10.08,0.0,10.08,19.18783891827259,-9.107838918272591,Winter,PRODUCE_PRIORITY
376.0,luxury_house,26.640966431981777,18.0,0.0,18.0,26.640966431981777,-8.640966431981777,Winter,PRODUCE_PRIORITY
376.0,small_family,18.553530193701597,6.5,0.0,6.5,18.553530193701597,-12.053530193701597,Winter,PRODUCE_PRIORITY
377.0,apartment,9.061611247963022,3.6399999999999997,0.0,3.6399999999999997,9.061611247963022,-5.421611247963022,Winter,PRODUCE_PRIORITY
377.0,family_house,14.057114884660585,10.08,0.0,10.08,14.057114884660585,-3.977114884660586,Winter,PRODUCE_PRIORITY
377.0,luxury_house,19.5173165340742,18.0,0.0,18.0,19.5173165340742,-1.5173165340742019,Winter,PRODUCE_PRIORITY
377.0,small_family,13.592416871944533,6.5,0.0,6.5,13.592416871944533,-7.092416871944533,Winter,PRODUCE_PRIORITY
378.0,apartment,7.383711097704701,19.738114079290522,0.0,19.738114079290522,7.383711097704701,12.35440298158582,Winter,PRODUCE_PRIORITY
378.0,family_house,11.454218497721396,30.016799106906372,0.0,30.016799106906372,11.454218497721396,18.562580609184977,Winter,PRODUCE_PRIORITY
378.0,luxury_house,15.903377748902432,36.232965339163435,0.0,36.232965339163435,15.903377748902432,20.329587590261,Winter,PRODUCE_PRIORITY
378.0,small_family,11.075566646557052,23.337483359202803,0.0,23.337483359202803,11.075566646557052,12.261916712645753,Winter,PRODUCE_PRIORITY
379.0,apartment,0.0,25.977785604388984,0.0,25.977785604388984,0.0,25.977785604388984,Winter,PRODUCE_PRIORITY
379.0,family_house,0.0,27.82760738172862,0.0,27.82760738172862,0.0,27.82760738172862,Winter,PRODUCE_PRIORITY
379.0,luxury_house,0.0,32.870719832641235,0.0,32.870719832641235,0.0,32.870719832641235,Winter,PRODUCE_PRIORITY
379.0,small_family,0.0,27.097276342521045,0.0,27.097276342521045,0.0,27.097276342521045,Winter,PRODUCE_PRIORITY
380.0,apartment,0.0,15.04504363269727,0.0,15.04504363269727,0.0,15.04504363269727,Winter,PRODUCE_PRIORITY
380.0,family_house,0.0,29.869672364362057,0.0,29.869672364362057,0.0,29.869672364362057,Winter,PRODUCE_PRIORITY
380.0,luxury_house,0.0,39.588392240218184,0.0,39.588392240218184,0.0,39.588392240218184,Winter,PRODUCE_PRIORITY
380.0,small_family,0.0,27.423487708977763,0.0,27.423487708977763,0.0,27.423487708977763,Winter,PRODUCE_PRIORITY
381.0,apartment,0.0,19.732031032492717,0.0,19.732031032492717,0.0,19.732031032492717,Winter,PRODUCE_PRIORITY
381.0,family_house,0.0,25.57926971658962,0.0,25.57926971658962,0.0,25.57926971658962,Winter,PRODUCE_PRIORITY
381.0,luxury_house,0.0,30.399685287001297,0.0,30.399685287001297,0.0,30.399685287001297,Winter,PRODUCE_PRIORITY
381.0,small_family,0.0,24.97033621317,0.0,24.97033621317,0.0,24.97033621317,Winter,PRODUCE_PRIORITY
382.0,apartment,1.8309563973880763,3.6399999999999997,0.0,3.6399999999999997,1.8309563973880763,1.8090436026119234,Winter,PRODUCE_PRIORITY
382.0,family_house,2.8403297959481697,10.08,0.0,10.08,2.8403297959481697,7.239670204051829,Winter,PRODUCE_PRIORITY
382.0,luxury_house,3.9435983943743183,18.0,0.0,18.0,3.9435983943743183,14.05640160562568,Winter,PRODUCE_PRIORITY
382.0,small_family,2.7464345960821146,6.5,0.0,6.5,2.7464345960821146,3.7535654039178854,Winter,PRODUCE_PRIORITY
383.0,apartment,4.612041609728649,3.6399999999999997,0.0,3.6399999999999997,4.612041609728649,-0.9720416097286497,Winter,PRODUCE_PRIORITY
383.0,family_house,7.154577368938033,10.08,0.0,10.08,7.154577368938033,2.925422631061967,Winter,PRODUCE_PRIORITY
383.0,luxury_house,9.933628082492476,18.0,0.0,18.0,9.933628082492476,8.066371917507524,Winter,PRODUCE_PRIORITY
383.0,small_family,6.918062414592974,6.5,0.0,6.5,6.918062414592974,-0.4180624145929741,Winter,PRODUCE_PRIORITY
384.0,apartment,0.0,3.6399999999999997,0.0,3.6399999999999997,0.0,3.6399999999999997,Winter,PRODUCE_PRIORITY
384.0,family_house,0.0,10.08,0.0,10.08,0.0,10.08,Winter,PRODUCE_PRIORITY
384.0,luxury_house,0.0,18.0,0.0,18.0,0.0,18.0,Winter,PRODUCE_PRIORITY
384.0,small_family,0.0,6.5,0.0,6.5,0.0,6.5,Winter,PRODUCE_PRIORITY
385.0,apartment,2.1891797413056766,3.6399999999999997,0.0,3.6399999999999997,2.1891797413056766,1.450820258694323,Winter,PRODUCE_PRIORITY
385.0,family_house,3.70476571605576,10.08,0.0,10.08,3.70476571605576,6.3752342839442395,Winter,PRODUCE_PRIORITY
385.0,luxury_house,4.715156365889149,18.0,0.0,18.0,4.715156365889149,13.28484363411085,Winter,PRODUCE_PRIORITY
385.0,small_family,3.283769611958515,6.5,0.0,6.5,3.283769611958515,3.216230388041485,Winter,PRODUCE_PRIORITY
386.0,apartment,2.3392447094412714,3.6399999999999997,0.0,3.6399999999999997,2.3392447094412714,1.3007552905587285,Winter,PRODUCE_PRIORITY
386.0,family_house,3.958721815977536,10.08,0.0,10.08,3.958721815977536,6.121278184022464,Winter,PRODUCE_PRIORITY
386.0,luxury_house,5.038373220335046,18.0,0.0,18.0,5.038373220335046,12.961626779664956,Winter,PRODUCE_PRIORITY
386.0,small_family,3.508867064161907,6.5,0.0,6.5,3.508867064161907,2.991132935838093,Winter,PRODUCE_PRIORITY
387.0,apartment,1.853737497331303,3.6399999999999997,0.0,3.6399999999999997,1.853737497331303,1.7862625026686967,Winter,PRODUCE_PRIORITY
387.0,family_house,3.1370942262529744,10.08,0.0,10.08,3.1370942262529744,6.942905773747025,Winter,PRODUCE_PRIORITY
387.0,luxury_house,3.9926653788674216,18.0,0.0,18.0,3.9926653788674216,14.007334621132578,Winter,PRODUCE_PRIORITY
387.0,small_family,2.7806062459969545,6.5,0.0,6.5,2.7806062459969545,3.719393754003045,Winter,PRODUCE_PRIORITY
388.0,apartment,2.5633370541539047,3.6399999999999997,0.0,3.6399999999999997,2.5633370541539047,1.076662945846095,Winter,PRODUCE_PRIORITY
388.0,family_house,4.3379550147219925,10.08,0.0,10.08,4.3379550147219925,5.742044985278007,Winter,PRODUCE_PRIORITY
388.0,luxury_house,5.521033655100718,18.0,0.0,18.0,5.521033655100718,12.478966344899282,Winter,PRODUCE_PRIORITY
388.0,small_family,3.845005581230857,6.5,0.0,6.5,3.845005581230857,2.654994418769143,Winter,PRODUCE_PRIORITY
389.0,apartment,2.166053144303956,3.6399999999999997,0.0,3.6399999999999997,2.166053144303956,1.4739468556960433,Winter,PRODUCE_PRIORITY
389.0,family_house,3.6656283980528483,10.08,0.0,10.08,3.6656283980528483,6.414371601947152,Winter,PRODUCE_PRIORITY
389.0,luxury_house,4.665345233885444,18.0,0.0,18.0,4.665345233885444,13.334654766114557,Winter,PRODUCE_PRIORITY
389.0,small_family,3.249079716455934,6.5,0.0,6.5,3.249079716455934,3.250920283544066,Winter,PRODUCE_PRIORITY
390.0,apartment,11.015786270015337,3.6399999999999997,0.0,3.6399999999999997,11.015786270015337,-7.375786270015338,Winter,PRODUCE_PRIORITY
390.0,family_house,18.642099841564416,10.08,0.0,10.08,18.642099841564416,-8.562099841564415,Winter,PRODUCE_PRIORITY
390.0,luxury_house,23.726308889263798,18.0,0.0,18.0,23.726308889263798,-5.7263088892638,Winter,PRODUCE_PRIORITY
390.0,small_family,16.523679405023007,6.5,0.0,6.5,16.523679405023007,-10.023679405023005,Winter,PRODUCE_PRIORITY
391.0,apartment,11.75845539471747,3.6399999999999997,0.0,3.6399999999999997,11.75845539471747,-8.11845539471747,Winter,PRODUCE_PRIORITY
391.0,family_house,19.898924514137256,10.08,0.0,10.08,19.898924514137256,-9.818924514137258,Winter,PRODUCE_PRIORITY
391.0,luxury_house,25.32590392708378,18.0,0.0,18.0,25.32590392708378,-7.325903927083781,Winter,PRODUCE_PRIORITY
391.0,small_family,17.637683092076205,6.5,0.0,6.5,17.637683092076205,-11.137683092076207,Winter,PRODUCE_PRIORITY
392.0,apartment,12.372097643927148,3.6399999999999997,0.0,3.6399999999999997,12.372097643927148,-8.732097643927148,Winter,PRODUCE_PRIORITY
392.0,family_house,20.937396012799788,10.08,0.0,10.08,20.937396012799788,-10.857396012799787,Winter,PRODUCE_PRIORITY
392.0,luxury_house,26.647594925381547,18.0,0.0,18.0,26.647594925381547,-8.647594925381545,Winter,PRODUCE_PRIORITY
392.0,small_family,18.558146465890722,6.5,0.0,6.5,18.558146465890722,-12.058146465890722,Winter,PRODUCE_PRIORITY
393.0,apartment,12.800765407922148,3.6399999999999997,0.0,3.6399999999999997,12.800765407922148,-9.160765407922149,Winter,PRODUCE_PRIORITY
393.0,family_house,21.662833767252867,10.08,0.0,10.08,21.662833767252867,-11.582833767252868,Winter,PRODUCE_PRIORITY
393.0,luxury_house,27.570879340140014,18.0,0.0,18.0,27.570879340140014,-9.570879340140014,Winter,PRODUCE_PRIORITY
393.0,small_family,19.20114811188322,6.5,0.0,6.5,19.20114811188322,-12.701148111883223,Winter,PRODUCE_PRIORITY
394.0,apartment,13.59771101919864,3.6399999999999997,0.0,3.6399999999999997,13.59771101919864,-9.957711019198639,Winter,PRODUCE_PRIORITY
394.0,family_house,23.011510955566926,10.08,0.0,10.08,23.011510955566926,-12.931510955566926,Winter,PRODUCE_PRIORITY
394.0,luxury_house,29.287377579812453,18.0,0.0,18.0,29.287377579812453,-11.287377579812453,Winter,PRODUCE_PRIORITY
394.0,small_family,20.39656652879796,6.5,0.0,6.5,20.39656652879796,-13.896566528797957,Winter,PRODUCE_PRIORITY
395.0,apartment,14.43160563260659,3.6399999999999997,0.0,3.6399999999999997,14.43160563260659,-10.79160563260659,Winter,PRODUCE_PRIORITY
395.0,family_house,24.42271722441116,10.08,0.0,10.08,24.42271722441116,-14.342717224411158,Winter,PRODUCE_PRIORITY
395.0,luxury_house,31.083458285614196,18.0,0.0,18.0,31.083458285614196,-13.083458285614196,Winter,PRODUCE_PRIORITY
395.0,small_family,21.64740844890989,6.5,0.0,6.5,21.64740844890989,-15.147408448909887,Winter,PRODUCE_PRIORITY
396.0,apartment,15.326306378740725,3.6399999999999997,0.0,3.6399999999999997,15.326306378740725,-11.686306378740724,Winter,PRODUCE_PRIORITY
396.0,family_house,25.936826179407376,10.08,0.0,10.08,25.936826179407376,-15.85682617940738,Winter,PRODUCE_PRIORITY
396.0,luxury_house,33.010506046518486,18.0,0.0,18.0,33.010506046518486,-15.010506046518483,Winter,PRODUCE_PRIORITY
396.0,small_family,22.989459568111087,6.5,0.0,6.5,22.989459568111087,-16.489459568111087,Winter,PRODUCE_PRIORITY
397.0,apartment,16.16837092479065,3.6399999999999997,0.0,3.6399999999999997,16.16837092479065,-12.52837092479065,Winter,PRODUCE_PRIORITY
397.0,family_house,27.36185848810726,10.08,0.0,10.08,27.36185848810726,-17.28185848810726,Winter,PRODUCE_PRIORITY
397.0,luxury_house,34.82418353031832,18.0,0.0,18.0,34.82418353031832,-16.824183530318326,Winter,PRODUCE_PRIORITY
397.0,small_family,24.252556387185976,6.5,0.0,6.5,24.252556387185976,-17.752556387185976,Winter,PRODUCE_PRIORITY
398.0,apartment,16.344338969410096,3.6399999999999997,0.0,3.6399999999999997,16.344338969410096,-12.704338969410095,Winter,PRODUCE_PRIORITY
398.0,family_house,27.659650563617085,10.08,0.0,10.08,27.659650563617085,-17.579650563617086,Winter,PRODUCE_PRIORITY
398.0,luxury_house,35.20319162642174,18.0,0.0,18.0,35.20319162642174,-17.203191626421745,Winter,PRODUCE_PRIORITY
398.0,small_family,24.51650845411514,6.5,0.0,6.5,24.51650845411514,-18.01650845411514,Winter,PRODUCE_PRIORITY
399.0,apartment,16.93993044700809,3.6399999999999997,0.0,3.6399999999999997,16.93993044700809,-13.299930447008093,Winter,PRODUCE_PRIORITY
399.0,family_house,28.66757460262908,10.08,0.0,10.08,28.66757460262908,-18.587574602629083,Winter,PRODUCE_PRIORITY
399.0,luxury_house,36.48600403970974,18.0,0.0,18.0,36.48600403970974,-18.486004039709737,Winter,PRODUCE_PRIORITY
399.0,small_family,25.40989567051214,6.5,0.0,6.5,25.40989567051214,-18.90989567051214,Winter,PRODUCE_PRIORITY
400.0,apartment,13.361832682398857,3.6399999999999997,0.0,3.6399999999999997,13.361832682398857,-9.721832682398857,Winter,PRODUCE_PRIORITY
400.0,family_house,22.61233223175191,10.08,0.0,10.08,22.61233223175191,-12.532332231751912,Winter,PRODUCE_PRIORITY
400.0,luxury_house,28.779331931320613,18.0,0.0,18.0,28.779331931320613,-10.77933193132061,Winter,PRODUCE_PRIORITY
400.0,small_family,20.042749023598287,6.5,0.0,6.5,20.042749023598287,-13.542749023598285,Winter,PRODUCE_PRIORITY
401.0,apartment,10.321902158418379,3.6399999999999997,0.0,3.6399999999999997,10.321902158418379,-6.68190215841838,Winter,PRODUCE_PRIORITY
401.0,family_house,17.467834421938793,10.08,0.0,10.08,17.467834421938793,-7.387834421938795,Winter,PRODUCE_PRIORITY
401.0,luxury_house,22.231789264285737,18.0,0.0,18.0,22.231789264285737,-4.231789264285737,Winter,PRODUCE_PRIORITY
401.0,small_family,15.48285323762757,6.5,0.0,6.5,15.48285323762757,-8.98285323762757,Winter,PRODUCE_PRIORITY
402.0,apartment,8.814508124111766,24.932312081633903,0.0,24.932312081633903,8.814508124111766,16.117803957522135,Winter,PRODUCE_PRIORITY
402.0,family_house,14.916859902342988,29.581119953939005,0.0,29.581119953939005,14.916859902342988,14.664260051596015,Winter,PRODUCE_PRIORITY
402.0,luxury_house,18.985094421163804,35.81970623014473,0.0,35.81970623014473,18.985094421163804,16.834611808980924,Winter,PRODUCE_PRIORITY
402.0,small_family,13.221762186167648,23.766338196388656,0.0,23.766338196388656,13.221762186167648,10.544576010221006,Winter,PRODUCE_PRIORITY
403.0,apartment,0.0,21.526420600205462,0.0,21.526420600205462,0.0,21.526420600205462,Winter,PRODUCE_PRIORITY
403.0,family_house,0.0,27.97886265813606,0.0,27.97886265813606,0.0,27.97886265813606,Winter,PRODUCE_PRIORITY
403.0,luxury_house,0.0,32.658746212155876,0.0,32.658746212155876,0.0,32.658746212155876,Winter,PRODUCE_PRIORITY
403.0,small_family,0.0,25.36322922528876,0.0,25.36322922528876,0.0,25.36322922528876,Winter,PRODUCE_PRIORITY
404.0,apartment,0.03271694366668676,20.549936546465535,0.0,20.549936546465535,0.03271694366668676,20.517219602798846,Winter,PRODUCE_PRIORITY
404.0,family_house,0.055367135435931435,22.2189749637975,0.0,22.2189749637975,0.055367135435931435,22.16360782836157,Winter,PRODUCE_PRIORITY
404.0,luxury_house,0.07046726328209454,36.7941470614609,0.0,36.7941470614609,0.07046726328209454,36.72367979817881,Winter,PRODUCE_PRIORITY
404.0,small_family,0.04907541550003014,24.45747133310985,0.0,24.45747133310985,0.04907541550003014,24.408395917609823,Winter,PRODUCE_PRIORITY
405.0,apartment,0.7992990019705108,23.329337466960926,0.0,23.329337466960926,0.7992990019705108,22.530038464990415,Winter,PRODUCE_PRIORITY
405.0,family_house,1.3526598494885567,27.94697701976717,0.0,27.94697701976717,1.3526598494885567,26.594317170278615,Winter,PRODUCE_PRIORITY
405.0,luxury_house,1.7215670811672539,35.61800511439573,0.0,35.61800511439573,1.7215670811672539,33.89643803322847,Winter,PRODUCE_PRIORITY
405.0,small_family,1.1989485029557663,30.761997875394727,0.0,30.761997875394727,1.1989485029557663,29.56304937243896,Winter,PRODUCE_PRIORITY
406.0,apartment,1.095041245786243,3.6399999999999997,0.0,3.6399999999999997,1.095041245786243,2.5449587542137566,Winter,PRODUCE_PRIORITY
406.0,family_house,1.8531467236382575,10.08,0.0,10.08,1.8531467236382575,8.226853276361743,Winter,PRODUCE_PRIORITY
406.0,luxury_house,2.3585503755396005,18.0,0.0,18.0,2.3585503755396005,15.6414496244604,Winter,PRODUCE_PRIORITY
406.0,small_family,1.6425618686793646,6.5,0.0,6.5,1.6425618686793646,4.857438131320635,Winter,PRODUCE_PRIORITY
407.0,apartment,4.068024144525467,3.6399999999999997,0.0,3.6399999999999997,4.068024144525467,-0.4280241445254668,Winter,PRODUCE_PRIORITY
407.0,family_house,6.884348552273866,10.08,0.0,10.08,6.884348552273866,3.1956514477261337,Winter,PRODUCE_PRIORITY
407.0,luxury_house,8.761898157439465,18.0,0.0,18.0,8.761898157439465,9.238101842560535,Winter,PRODUCE_PRIORITY
407.0,small_family,6.1020362167882,6.5,0.0,6.5,6.1020362167882,0.39796378321180004,Winter,PRODUCE_PRIORITY
408.0,apartment,0.0,3.6399999999999997,0.0,3.6399999999999997,0.0,3.6399999999999997,Winter,PRODUCE_PRIORITY
408.0,family_house,0.0,10.08,0.0,10.08,0.0,10.08,Winter,PRODUCE_PRIORITY
408.0,luxury_house,0.0,18.0,0.0,18.0,0.0,18.0,Winter,PRODUCE_PRIORITY
408.0,small_family,0.0,6.5,0.0,6.5,0.0,6.5,Winter,PRODUCE_PRIORITY
409.0,apartment,2.577692318268015,3.6399999999999997,0.0,3.6399999999999997,2.577692318268015,1.0623076817319848,Winter,PRODUCE_PRIORITY
409.0,family_house,4.36224853860741,10.08,0.0,10.08,4.36224853860741,5.71775146139259,Winter,PRODUCE_PRIORITY
409.0,luxury_house,5.55195268550034,18.0,0.0,18.0,5.55195268550034,12.44804731449966,Winter,PRODUCE_PRIORITY
409.0,small_family,3.866538477402022,6.5,0.0,6.5,3.866538477402022,2.633461522597978,Winter,PRODUCE_PRIORITY
410.0,apartment,2.577560190388149,3.6399999999999997,0.0,3.6399999999999997,2.577560190388149,1.0624398096118508,Winter,PRODUCE_PRIORITY
410.0,family_house,4.362024937579944,10.08,0.0,10.08,4.362024937579944,5.717975062420056,Winter,PRODUCE_PRIORITY
410.0,luxury_house,5.5516681023744745,18.0,0.0,18.0,5.5516681023744745,12.448331897625525,Winter,PRODUCE_PRIORITY
410.0,small_family,3.8663402855822233,6.5,0.0,6.5,3.8663402855822233,2.6336597144177767,Winter,PRODUCE_PRIORITY
411.0,apartment,3.049493805816733,3.6399999999999997,0.0,3.6399999999999997,3.049493805816733,0.5905061941832667,Winter,PRODUCE_PRIORITY
411.0,family_house,5.160681825228318,10.08,0.0,10.08,5.160681825228318,4.919318174771682,Winter,PRODUCE_PRIORITY
411.0,luxury_house,6.568140504836041,18.0,0.0,18.0,6.568140504836041,11.431859495163959,Winter,PRODUCE_PRIORITY
411.0,small_family,4.5742407087251,6.5,0.0,6.5,4.5742407087251,1.9257592912749006,Winter,PRODUCE_PRIORITY
412.0,apartment,3.3563748737465064,3.6399999999999997,0.0,3.6399999999999997,3.3563748737465064,0.2836251262534931,Winter,PRODUCE_PRIORITY
412.0,family_house,5.680019017109473,10.08,0.0,10.08,5.680019017109473,4.3999809828905265,Winter,PRODUCE_PRIORITY
412.0,luxury_house,7.2291151126847835,18.0,0.0,18.0,7.2291151126847835,10.770884887315216,Winter,PRODUCE_PRIORITY
412.0,small_family,5.03456231061976,6.5,0.0,6.5,5.03456231061976,1.4654376893802399,Winter,PRODUCE_PRIORITY
413.0,apartment,3.398767437360266,3.6399999999999997,0.0,3.6399999999999997,3.398767437360266,0.24123256263973353,Winter,PRODUCE_PRIORITY
413.0,family_house,5.751760278609681,10.08,0.0,10.08,5.751760278609681,4.328239721390318,Winter,PRODUCE_PRIORITY
413.0,luxury_house,7.320422172775958,18.0,0.0,18.0,7.320422172775958,10.679577827224042,Winter,PRODUCE_PRIORITY
413.0,small_family,5.098151156040399,6.5,0.0,6.5,5.098151156040399,1.4018488439596009,Winter,PRODUCE_PRIORITY
414.0,apartment,12.396150809113204,3.6399999999999997,0.0,3.6399999999999997,12.396150809113204,-8.756150809113205,Winter,PRODUCE_PRIORITY
414.0,family_house,20.978101369268497,10.08,0.0,10.08,20.978101369268497,-10.898101369268497,Winter,PRODUCE_PRIORITY
414.0,luxury_house,26.69940174270536,18.0,0.0,18.0,26.69940174270536,-8.699401742705358,Winter,PRODUCE_PRIORITY
414.0,small_family,18.594226213669806,6.5,0.0,6.5,18.594226213669806,-12.094226213669804,Winter,PRODUCE_PRIORITY
415.0,apartment,11.81224831788246,3.6399999999999997,0.0,3.6399999999999997,11.81224831788246,-8.17224831788246,Winter,PRODUCE_PRIORITY
415.0,family_house,19.98995869180109,10.08,0.0,10.08,19.98995869180109,-9.90995869180109,Winter,PRODUCE_PRIORITY
415.0,luxury_house,25.441765607746838,18.0,0.0,18.0,25.441765607746838,-7.44176560774684,Winter,PRODUCE_PRIORITY
415.0,small_family,17.718372476823692,6.5,0.0,6.5,17.718372476823692,-11.218372476823692,Winter,PRODUCE_PRIORITY
416.0,apartment,12.554904809543535,3.6399999999999997,0.0,3.6399999999999997,12.554904809543535,-8.914904809543534,Winter,PRODUCE_PRIORITY
416.0,family_house,21.246761985381365,10.08,0.0,10.08,21.246761985381365,-11.166761985381365,Winter,PRODUCE_PRIORITY
416.0,luxury_house,27.04133343593992,18.0,0.0,18.0,27.04133343593992,-9.041333435939917,Winter,PRODUCE_PRIORITY
416.0,small_family,18.8323572143153,6.5,0.0,6.5,18.8323572143153,-12.332357214315302,Winter,PRODUCE_PRIORITY
417.0,apartment,13.6779402369988,3.6399999999999997,0.0,3.6399999999999997,13.6779402369988,-10.037940236998802,Winter,PRODUCE_PRIORITY
417.0,family_house,23.147283477997973,10.08,0.0,10.08,23.147283477997973,-13.067283477997975,Winter,PRODUCE_PRIORITY
417.0,luxury_house,29.460178971997422,18.0,0.0,18.0,29.460178971997422,-11.46017897199742,Winter,PRODUCE_PRIORITY
417.0,small_family,20.516910355498204,6.5,0.0,6.5,20.516910355498204,-14.016910355498204,Winter,PRODUCE_PRIORITY
418.0,apartment,13.816728758527319,3.6399999999999997,0.0,3.6399999999999997,13.816728758527319,-10.176728758527318,Winter,PRODUCE_PRIORITY
418.0,family_house,23.38215636058469,10.08,0.0,10.08,23.38215636058469,-13.302156360584691,Winter,PRODUCE_PRIORITY
418.0,luxury_house,29.75910809528961,18.0,0.0,18.0,29.75910809528961,-11.759108095289609,Winter,PRODUCE_PRIORITY
418.0,small_family,20.725093137790974,6.5,0.0,6.5,20.725093137790974,-14.225093137790976,Winter,PRODUCE_PRIORITY
419.0,apartment,14.470789883198446,3.6399999999999997,0.0,3.6399999999999997,14.470789883198446,-10.830789883198445,Winter,PRODUCE_PRIORITY
419.0,family_house,24.489029033105062,10.08,0.0,10.08,24.489029033105062,-14.409029033105064,Winter,PRODUCE_PRIORITY
419.0,luxury_house,31.167855133042806,18.0,0.0,18.0,31.167855133042806,-13.167855133042806,Winter,PRODUCE_PRIORITY
419.0,small_family,21.706184824797667,6.5,0.0,6.5,21.706184824797667,-15.206184824797669,Winter,PRODUCE_PRIORITY
420.0,apartment,14.4585088398397,3.6399999999999997,0.0,3.6399999999999997,14.4585088398397,-10.818508839839701,Winter,PRODUCE_PRIORITY
420.0,family_house,24.46824572895949,10.08,0.0,10.08,24.46824572895949,-14.388245728959493,Winter,PRODUCE_PRIORITY
420.0,luxury_house,31.141403655039355,18.0,0.0,18.0,31.141403655039355,-13.141403655039355,Winter,PRODUCE_PRIORITY
420.0,small_family,21.68776325975955,6.5,0.0,6.5,21.68776325975955,-15.18776325975955,Winter,PRODUCE_PRIORITY
421.0,apartment,15.00182917628897,3.6399999999999997,0.0,3.6399999999999997,15.00182917628897,-11.36182917628897,Winter,PRODUCE_PRIORITY
421.0,family_house,25.387710913719793,10.08,0.0,10.08,25.387710913719793,-15.307710913719793,Winter,PRODUCE_PRIORITY
421.0,luxury_house,32.311632072007015,18.0,0.0,18.0,32.311632072007015,-14.311632072007011,Winter,PRODUCE_PRIORITY
421.0,small_family,22.502743764433454,6.5,0.0,6.5,22.502743764433454,-16.002743764433454,Winter,PRODUCE_PRIORITY
422.0,apartment,16.411080229484277,3.6399999999999997,0.0,3.6399999999999997,16.411080229484277,-12.771080229484276,Winter,PRODUCE_PRIORITY
422.0,family_house,27.772597311434932,10.08,0.0,10.08,27.772597311434932,-17.692597311434934,Winter,PRODUCE_PRIORITY
422.0,luxury_house,35.34694203273536,18.0,0.0,18.0,35.34694203273536,-17.346942032735363,Winter,PRODUCE_PRIORITY
422.0,small_family,24.616620344226416,6.5,0.0,6.5,24.616620344226416,-18.116620344226416,Winter,PRODUCE_PRIORITY
423.0,apartment,17.14420352060681,3.6399999999999997,0.0,3.6399999999999997,17.14420352060681,-13.50420352060681,Winter,PRODUCE_PRIORITY
423.0,family_house,29.013267496411526,10.08,0.0,10.08,29.013267496411526,-18.933267496411528,Winter,PRODUCE_PRIORITY
423.0,luxury_house,36.92597681361467,18.0,0.0,18.0,36.92597681361467,-18.925976813614668,Winter,PRODUCE_PRIORITY
423.0,small_family,25.716305280910216,6.5,0.0,6.5,25.716305280910216,-19.216305280910216,Winter,PRODUCE_PRIORITY
424.0,apartment,12.960411360376842,3.6399999999999997,0.0,3.6399999999999997,12.960411360376842,-9.320411360376841,Winter,PRODUCE_PRIORITY
424.0,family_house,21.93300384063773,10.08,0.0,10.08,21.93300384063773,-11.853003840637731,Winter,PRODUCE_PRIORITY
424.0,luxury_house,27.914732160811656,18.0,0.0,18.0,27.914732160811656,-9.914732160811656,Winter,PRODUCE_PRIORITY
424.0,small_family,19.44061704056526,6.5,0.0,6.5,19.44061704056526,-12.940617040565263,Winter,PRODUCE_PRIORITY
425.0,apartment,8.171368230273476,3.6399999999999997,0.0,3.6399999999999997,8.171368230273476,-4.531368230273477,Winter,PRODUCE_PRIORITY
425.0,family_house,13.828469312770498,10.08,0.0,10.08,13.828469312770498,-3.748469312770498,Winter,PRODUCE_PRIORITY
425.0,luxury_house,17.599870034435178,18.0,0.0,18.0,17.599870034435178,0.4001299655648207,Winter,PRODUCE_PRIORITY
425.0,small_family,12.257052345410216,6.5,0.0,6.5,12.257052345410216,-5.757052345410216,Winter,PRODUCE_PRIORITY
426.0,apartment,5.892488554157272,24.340005331943132,0.0,24.340005331943132,5.892488554157272,18.44751677778586,Winter,PRODUCE_PRIORITY
426.0,family_house,9.971903707035382,31.03546519697904,0.0,31.03546519697904,9.971903707035382,21.063561489943655,Winter,PRODUCE_PRIORITY
426.0,luxury_house,12.691513808954124,38.626614550943934,0.0,38.626614550943934,12.691513808954124,25.935100741989807,Winter,PRODUCE_PRIORITY
426.0,small_family,8.838732831235907,30.48544055008441,0.0,30.48544055008441,8.838732831235907,21.6467077188485,Winter,PRODUCE_PRIORITY
427.0,apartment,0.0,22.64988048363477,0.0,22.64988048363477,0.0,22.64988048363477,Winter,PRODUCE_PRIORITY
427.0,family_house,0.0,30.047794711579687,0.0,30.047794711579687,0.0,30.047794711579687,Winter,PRODUCE_PRIORITY
427.0,luxury_house,0.0,37.93374115202581,0.0,37.93374115202581,0.0,37.93374115202581,Winter,PRODUCE_PRIORITY
427.0,small_family,0.0,29.538602620980313,0.0,29.538602620980313,0.0,29.538602620980313,Winter,PRODUCE_PRIORITY
428.0,apartment,0.0,20.865170526493166,0.0,20.865170526493166,0.0,20.865170526493166,Winter,PRODUCE_PRIORITY
428.0,family_house,0.0,30.996315801858383,0.0,30.996315801858383,0.0,30.996315801858383,Winter,PRODUCE_PRIORITY
428.0,luxury_house,0.0,33.46941225957782,0.0,33.46941225957782,0.0,33.46941225957782,Winter,PRODUCE_PRIORITY
428.0,small_family,0.0,23.74948306228548,0.0,23.74948306228548,0.0,23.74948306228548,Winter,PRODUCE_PRIORITY
429.0,apartment,0.0,24.382686548344566,0.0,24.382686548344566,0.0,24.382686548344566,Winter,PRODUCE_PRIORITY
429.0,family_house,0.0,28.878501204308908,0.0,28.878501204308908,0.0,28.878501204308908,Winter,PRODUCE_PRIORITY
429.0,luxury_house,0.0,34.9786270478664,0.0,34.9786270478664,0.0,34.9786270478664,Winter,PRODUCE_PRIORITY
429.0,small_family,0.0,29.06744358318215,0.0,29.06744358318215,0.0,29.06744358318215,Winter,PRODUCE_PRIORITY
430.0,apartment,1.5757304532896057,3.6399999999999997,0.0,3.6399999999999997,1.5757304532896057,2.0642695467103938,Winter,PRODUCE_PRIORITY
430.0,family_house,2.6666207671054862,10.08,0.0,10.08,2.6666207671054862,7.413379232894513,Winter,PRODUCE_PRIORITY
430.0,luxury_house,3.3938809763160735,18.0,0.0,18.0,3.3938809763160735,14.606119023683926,Winter,PRODUCE_PRIORITY
430.0,small_family,2.3635956799344084,6.5,0.0,6.5,2.3635956799344084,4.1364043200655916,Winter,PRODUCE_PRIORITY
431.0,apartment,3.5460753853707243,3.6399999999999997,0.0,3.6399999999999997,3.5460753853707243,0.0939246146292752,Winter,PRODUCE_PRIORITY
431.0,family_house,6.001050652165841,10.08,0.0,10.08,6.001050652165841,4.078949347834159,Winter,PRODUCE_PRIORITY
431.0,luxury_house,7.637700830029252,18.0,0.0,18.0,7.637700830029252,10.362299169970747,Winter,PRODUCE_PRIORITY
431.0,small_family,5.319113078056086,6.5,0.0,6.5,5.319113078056086,1.1808869219439142,Winter,PRODUCE_PRIORITY
432.0,apartment,0.0,3.6399999999999997,0.0,3.6399999999999997,0.0,3.6399999999999997,Winter,PRODUCE_PRIORITY
432.0,family_house,0.0,10.08,0.0,10.08,0.0,10.08,Winter,PRODUCE_PRIORITY
432.0,luxury_house,0.0,18.0,0.0,18.0,0.0,18.0,Winter,PRODUCE_PRIORITY
432.0,small_family,0.0,6.5,0.0,6.5,0.0,6.5,Winter,PRODUCE_PRIORITY
433.0,apartment,0.2985878584169015,3.6399999999999997,0.0,3.6399999999999997,0.2985878584169015,3.3414121415830977,Winter,PRODUCE_PRIORITY
433.0,family_house,0.5053025296286024,10.08,0.0,10.08,0.5053025296286024,9.574697470371397,Winter,PRODUCE_PRIORITY
433.0,luxury_house,0.6431123104364032,18.0,0.0,18.0,0.6431123104364032,17.356887689563596,Winter,PRODUCE_PRIORITY
433.0,small_family,0.4478817876253522,6.5,0.0,6.5,0.4478817876253522,6.052118212374648,Winter,PRODUCE_PRIORITY
434.0,apartment,0.28550122696912744,3.6399999999999997,0.0,3.6399999999999997,0.28550122696912744,3.3544987730308717,Winter,PRODUCE_PRIORITY
434.0,family_house,0.48315592256313883,10.08,0.0,10.08,0.48315592256313883,9.596844077436861,Winter,PRODUCE_PRIORITY
434.0,luxury_house,0.614925719625813,18.0,0.0,18.0,0.614925719625813,17.385074280374187,Winter,PRODUCE_PRIORITY
434.0,small_family,0.42825184045369125,6.5,0.0,6.5,0.42825184045369125,6.071748159546308,Winter,PRODUCE_PRIORITY
435.0,apartment,0.05415703475565303,3.6399999999999997,0.0,3.6399999999999997,0.05415703475565303,3.5858429652443466,Winter,PRODUCE_PRIORITY
435.0,family_house,0.09165036650956666,10.08,0.0,10.08,0.09165036650956666,9.988349633490433,Winter,PRODUCE_PRIORITY
435.0,luxury_house,0.11664592101217576,18.0,0.0,18.0,0.11664592101217576,17.883354078987825,Winter,PRODUCE_PRIORITY
435.0,small_family,0.08123555213347954,6.5,0.0,6.5,0.08123555213347954,6.41876444786652,Winter,PRODUCE_PRIORITY
436.0,apartment,0.09346096691993956,3.6399999999999997,0.0,3.6399999999999997,0.09346096691993956,3.5465390330800597,Winter,PRODUCE_PRIORITY
436.0,family_house,0.15816471324912848,10.08,0.0,10.08,0.15816471324912848,9.921835286750872,Winter,PRODUCE_PRIORITY
436.0,luxury_house,0.20130054413525442,18.0,0.0,18.0,0.20130054413525442,17.798699455864746,Winter,PRODUCE_PRIORITY
436.0,small_family,0.14019145037990935,6.5,0.0,6.5,0.14019145037990935,6.35980854962009,Winter,PRODUCE_PRIORITY
437.0,apartment,1.6237142997765897,3.6399999999999997,0.0,3.6399999999999997,1.6237142997765897,2.01628570022341,Winter,PRODUCE_PRIORITY
437.0,family_house,2.747824199621921,10.08,0.0,10.08,2.747824199621921,7.332175800378079,Winter,PRODUCE_PRIORITY
437.0,luxury_house,3.4972307995188086,18.0,0.0,18.0,3.4972307995188086,14.502769200481191,Winter,PRODUCE_PRIORITY
437.0,small_family,2.4355714496648844,6.5,0.0,6.5,2.4355714496648844,4.064428550335116,Winter,PRODUCE_PRIORITY
438.0,apartment,10.442223609435496,3.6399999999999997,0.0,3.6399999999999997,10.442223609435496,-6.802223609435496,Winter,PRODUCE_PRIORITY
438.0,family_house,17.671455339044684,10.08,0.0,10.08,17.671455339044684,-7.5914553390446855,Winter,PRODUCE_PRIORITY
438.0,luxury_house,22.490943158784145,18.0,0.0,18.0,22.490943158784145,-4.4909431587841455,Winter,PRODUCE_PRIORITY
438.0,small_family,15.663335414153245,6.5,0.0,6.5,15.663335414153245,-9.163335414153245,Winter,PRODUCE_PRIORITY
439.0,apartment,10.66928590658042,3.6399999999999997,0.0,3.6399999999999997,10.66928590658042,-7.029285906580419,Winter,PRODUCE_PRIORITY
439.0,family_house,18.055714611136093,10.08,0.0,10.08,18.055714611136093,-7.975714611136093,Winter,PRODUCE_PRIORITY
439.0,luxury_house,22.98000041417321,18.0,0.0,18.0,22.98000041417321,-4.980000414173211,Winter,PRODUCE_PRIORITY
439.0,small_family,16.00392885987063,6.5,0.0,6.5,16.00392885987063,-9.50392885987063,Winter,PRODUCE_PRIORITY
440.0,apartment,10.957235134632315,3.6399999999999997,0.0,3.6399999999999997,10.957235134632315,-7.317235134632314,Winter,PRODUCE_PRIORITY
440.0,family_house,18.54301330476238,10.08,0.0,10.08,18.54301330476238,-8.46301330476238,Winter,PRODUCE_PRIORITY
440.0,luxury_house,23.600198751515755,18.0,0.0,18.0,23.600198751515755,-5.600198751515756,Winter,PRODUCE_PRIORITY
440.0,small_family,16.435852701948473,6.5,0.0,6.5,16.435852701948473,-9.935852701948473,Winter,PRODUCE_PRIORITY
441.0,apartment,11.614151755346516,3.6399999999999997,0.0,3.6399999999999997,11.614151755346516,-7.974151755346515,Winter,PRODUCE_PRIORITY
441.0,family_house,19.654718355201794,10.08,0.0,10.08,19.654718355201794,-9.574718355201794,Winter,PRODUCE_PRIORITY
441.0,luxury_house,25.015096088438646,18.0,0.0,18.0,25.015096088438646,-7.015096088438645,Winter,PRODUCE_PRIORITY
441.0,small_family,17.42122763301977,6.5,0.0,6.5,17.42122763301977,-10.921227633019774,Winter,PRODUCE_PRIORITY
442.0,apartment,12.361796937126945,3.6399999999999997,0.0,3.6399999999999997,12.361796937126945,-8.721796937126946,Winter,PRODUCE_PRIORITY
442.0,family_house,20.919964047445596,10.08,0.0,10.08,20.919964047445596,-10.839964047445598,Winter,PRODUCE_PRIORITY
442.0,luxury_house,26.62540878765803,18.0,0.0,18.0,26.62540878765803,-8.625408787658033,Winter,PRODUCE_PRIORITY
442.0,small_family,18.542695405690417,6.5,0.0,6.5,18.542695405690417,-12.042695405690418,Winter,PRODUCE_PRIORITY
443.0,apartment,13.249722238499558,3.6399999999999997,0.0,3.6399999999999997,13.249722238499558,-9.609722238499558,Winter,PRODUCE_PRIORITY
443.0,family_house,22.422606865153096,10.08,0.0,10.08,22.422606865153096,-12.342606865153098,Winter,PRODUCE_PRIORITY
443.0,luxury_house,28.53786328292212,18.0,0.0,18.0,28.53786328292212,-10.537863282922121,Winter,PRODUCE_PRIORITY
443.0,small_family,19.874583357749337,6.5,0.0,6.5,19.874583357749337,-13.374583357749337,Winter,PRODUCE_PRIORITY
444.0,apartment,14.292500694827677,3.6399999999999997,0.0,3.6399999999999997,14.292500694827677,-10.652500694827676,Winter,PRODUCE_PRIORITY
444.0,family_house,24.187308868169914,10.08,0.0,10.08,24.187308868169914,-14.107308868169916,Winter,PRODUCE_PRIORITY
444.0,luxury_house,30.783847650398073,18.0,0.0,18.0,30.783847650398073,-12.783847650398073,Winter,PRODUCE_PRIORITY
444.0,small_family,21.438751042241513,6.5,0.0,6.5,21.438751042241513,-14.938751042241515,Winter,PRODUCE_PRIORITY
445.0,apartment,15.373578177822841,3.6399999999999997,0.0,3.6399999999999997,15.373578177822841,-11.73357817782284,Winter,PRODUCE_PRIORITY
445.0,family_house,26.016824608623267,10.08,0.0,10.08,26.016824608623267,-15.93682460862327,Winter,PRODUCE_PRIORITY
445.0,luxury_house,33.11232222915689,18.0,0.0,18.0,33.11232222915689,-15.112322229156886,Winter,PRODUCE_PRIORITY
445.0,small_family,23.06036726673426,6.5,0.0,6.5,23.06036726673426,-16.56036726673426,Winter,PRODUCE_PRIORITY
446.0,apartment,16.437244336239445,3.6399999999999997,0.0,3.6399999999999997,16.437244336239445,-12.797244336239444,Winter,PRODUCE_PRIORITY
446.0,family_house,27.81687503055906,10.08,0.0,10.08,27.81687503055906,-17.736875030559062,Winter,PRODUCE_PRIORITY
446.0,luxury_house,35.403295493438804,18.0,0.0,18.0,35.403295493438804,-17.403295493438804,Winter,PRODUCE_PRIORITY
446.0,small_family,24.65586650435917,6.5,0.0,6.5,24.65586650435917,-18.15586650435917,Winter,PRODUCE_PRIORITY
447.0,apartment,16.507249288551602,3.6399999999999997,0.0,3.6399999999999997,16.507249288551602,-12.867249288551601,Winter,PRODUCE_PRIORITY
447.0,family_house,27.935344949856553,10.08,0.0,10.08,27.935344949856553,-17.855344949856555,Winter,PRODUCE_PRIORITY
447.0,luxury_house,35.554075390726524,18.0,0.0,18.0,35.554075390726524,-17.554075390726524,Winter,PRODUCE_PRIORITY
447.0,small_family,24.7608739328274,6.5,0.0,6.5,24.7608739328274,-18.2608739328274,Winter,PRODUCE_PRIORITY
448.0,apartment,12.453801473904704,3.6399999999999997,0.0,3.6399999999999997,12.453801473904704,-8.813801473904704,Winter,PRODUCE_PRIORITY
448.0,family_house,21.075664032761807,10.08,0.0,10.08,21.075664032761807,-10.995664032761807,Winter,PRODUCE_PRIORITY
448.0,luxury_house,26.82357240533321,18.0,0.0,18.0,26.82357240533321,-8.82357240533321,Winter,PRODUCE_PRIORITY
448.0,small_family,18.680702210857056,6.5,0.0,6.5,18.680702210857056,-12.180702210857056,Winter,PRODUCE_PRIORITY
449.0,apartment,7.292327237418269,3.6399999999999997,0.0,3.6399999999999997,7.292327237418269,-3.6523272374182696,Winter,PRODUCE_PRIORITY
449.0,family_house,12.34086147870784,10.08,0.0,10.08,12.34086147870784,-2.2608614787078394,Winter,PRODUCE_PRIORITY
449.0,luxury_house,15.706550972900887,18.0,0.0,18.0,15.706550972900887,2.293449027099113,Winter,PRODUCE_PRIORITY
449.0,small_family,10.938490856127403,6.5,0.0,6.5,10.938490856127403,-4.4384908561274035,Winter,PRODUCE_PRIORITY
450.0,apartment,7.049038323689238,20.949211651185188,0.0,20.949211651185188,7.049038323689238,13.90017332749595,Winter,PRODUCE_PRIORITY
450.0,family_house,11.929141778551019,27.94925926563989,0.0,27.94925926563989,11.929141778551019,16.020117487088868,Winter,PRODUCE_PRIORITY
450.0,luxury_house,15.182544081792205,31.50334080937487,0.0,31.50334080937487,15.182544081792205,16.320796727582664,Winter,PRODUCE_PRIORITY
450.0,small_family,10.573557485533858,26.779846146599535,0.0,26.779846146599535,10.573557485533858,16.206288661065678,Winter,PRODUCE_PRIORITY
451.0,apartment,0.0,22.773046231246596,0.0,22.773046231246596,0.0,22.773046231246596,Winter,PRODUCE_PRIORITY
451.0,family_house,0.0,24.318226473627224,0.0,24.318226473627224,0.0,24.318226473627224,Winter,PRODUCE_PRIORITY
451.0,luxury_house,0.0,34.66687401259331,0.0,34.66687401259331,0.0,34.66687401259331,Winter,PRODUCE_PRIORITY
451.0,small_family,0.0,23.88084050402661,0.0,23.88084050402661,0.0,23.88084050402661,Winter,PRODUCE_PRIORITY
452.0,apartment,0.0,21.46283857244718,0.0,21.46283857244718,0.0,21.46283857244718,Winter,PRODUCE_PRIORITY
452.0,family_house,0.0,24.1202679954849,0.0,24.1202679954849,0.0,24.1202679954849,Winter,PRODUCE_PRIORITY
452.0,luxury_house,0.0,37.35180874311249,0.0,37.35180874311249,0.0,37.35180874311249,Winter,PRODUCE_PRIORITY
452.0,small_family,0.0,26.217421429206752,0.0,26.217421429206752,0.0,26.217421429206752,Winter,PRODUCE_PRIORITY
453.0,apartment,0.0,15.84674913746618,0.0,15.84674913746618,0.0,15.84674913746618,Winter,PRODUCE_PRIORITY
453.0,family_house,0.0,32.26488752149026,0.0,32.26488752149026,0.0,32.26488752149026,Winter,PRODUCE_PRIORITY
453.0,luxury_house,0.0,35.19711146032273,0.0,35.19711146032273,0.0,35.19711146032273,Winter,PRODUCE_PRIORITY
453.0,small_family,0.0,24.587664493167637,0.0,24.587664493167637,0.0,24.587664493167637,Winter,PRODUCE_PRIORITY
454.0,apartment,0.5438778697817415,3.6399999999999997,0.0,3.6399999999999997,0.5438778697817415,3.096122130218258,Winter,PRODUCE_PRIORITY
454.0,family_house,0.9204087027075625,10.08,0.0,10.08,0.9204087027075625,9.159591297292437,Winter,PRODUCE_PRIORITY
454.0,luxury_house,1.1714292579914432,18.0,0.0,18.0,1.1714292579914432,16.82857074200856,Winter,PRODUCE_PRIORITY
454.0,small_family,0.8158168046726122,6.5,0.0,6.5,0.8158168046726122,5.684183195327388,Winter,PRODUCE_PRIORITY
455.0,apartment,3.4074340124845106,3.6399999999999997,0.0,3.6399999999999997,3.4074340124845106,0.23256598751548896,Winter,PRODUCE_PRIORITY
455.0,family_house,5.766426790358402,10.08,0.0,10.08,5.766426790358402,4.313573209641597,Winter,PRODUCE_PRIORITY
455.0,luxury_house,7.33908864227433,18.0,0.0,18.0,7.33908864227433,10.66091135772567,Winter,PRODUCE_PRIORITY
455.0,small_family,5.1111510187267655,6.5,0.0,6.5,5.1111510187267655,1.3888489812732343,Winter,PRODUCE_PRIORITY
456.0,apartment,0.0,3.6399999999999997,0.0,3.6399999999999997,0.0,3.6399999999999997,Winter,PRODUCE_PRIORITY
456.0,family_house,0.0,10.08,0.0,10.08,0.0,10.08,Winter,PRODUCE_PRIORITY
456.0,luxury_house,0.0,18.0,0.0,18.0,0.0,18.0,Winter,PRODUCE_PRIORITY
456.0,small_family,0.0,6.5,0.0,6.5,0.0,6.5,Winter,PRODUCE_PRIORITY
457.0,apartment,1.070258438471714,3.6399999999999997,0.0,3.6399999999999997,1.070258438471714,2.5697415615282857,Winter,PRODUCE_PRIORITY
457.0,family_house,1.8112065881829003,10.08,0.0,10.08,1.8112065881829003,8.2687934118171,Winter,PRODUCE_PRIORITY
457.0,luxury_house,2.3051720213236915,18.0,0.0,18.0,2.3051720213236915,15.69482797867631,Winter,PRODUCE_PRIORITY
457.0,small_family,1.481896299422373,6.5,0.0,6.5,1.481896299422373,5.018103700577627,Winter,PRODUCE_PRIORITY
458.0,apartment,1.9450951984873093,3.6399999999999997,0.0,3.6399999999999997,1.9450951984873093,1.6949048015126904,Winter,PRODUCE_PRIORITY
458.0,family_house,3.2916995666708315,10.08,0.0,10.08,3.2916995666708315,6.788300433329168,Winter,PRODUCE_PRIORITY
458.0,luxury_house,4.189435812126512,18.0,0.0,18.0,4.189435812126512,13.810564187873487,Winter,PRODUCE_PRIORITY
458.0,small_family,2.693208736367044,6.5,0.0,6.5,2.693208736367044,3.8067912636329564,Winter,PRODUCE_PRIORITY
459.0,apartment,2.250628408436607,3.6399999999999997,0.0,3.6399999999999997,2.250628408436607,1.3893715915633928,Winter,PRODUCE_PRIORITY
459.0,family_house,3.808755768123489,10.08,0.0,10.08,3.808755768123489,6.27124423187651,Winter,PRODUCE_PRIORITY
459.0,luxury_house,4.847507341248076,18.0,0.0,18.0,4.847507341248076,13.152492658751923,Winter,PRODUCE_PRIORITY
459.0,small_family,3.1162547193737633,6.5,0.0,6.5,3.1162547193737633,3.3837452806262367,Winter,PRODUCE_PRIORITY
460.0,apartment,2.587387092640351,3.6399999999999997,0.0,3.6399999999999997,2.587387092640351,1.0526129073596486,Winter,PRODUCE_PRIORITY
460.0,family_house,4.378655079852901,10.08,0.0,10.08,4.378655079852901,5.701344920147099,Winter,PRODUCE_PRIORITY
460.0,luxury_house,5.572833737994602,18.0,0.0,18.0,5.572833737994602,12.427166262005397,Winter,PRODUCE_PRIORITY
460.0,small_family,3.5825359744251015,6.5,0.0,6.5,3.5825359744251015,2.9174640255748985,Winter,PRODUCE_PRIORITY
461.0,apartment,2.7899403090811687,3.6399999999999997,0.0,3.6399999999999997,2.7899403090811687,0.8500596909188309,Winter,PRODUCE_PRIORITY
461.0,family_house,4.7214374461373625,10.08,0.0,10.08,4.7214374461373625,5.358562553862637,Winter,PRODUCE_PRIORITY
461.0,luxury_house,6.009102204174825,18.0,0.0,18.0,6.009102204174825,11.990897795825175,Winter,PRODUCE_PRIORITY
461.0,small_family,3.8629942741123875,6.5,0.0,6.5,3.8629942741123875,2.6370057258876125,Winter,PRODUCE_PRIORITY
462.0,apartment,11.568124074106407,3.6399999999999997,0.0,3.6399999999999997,11.568124074106407,-7.9281240741064085,Winter,PRODUCE_PRIORITY
462.0,family_house,19.576825356180073,10.08,0.0,10.08,19.576825356180073,-9.496825356180075,Winter,PRODUCE_PRIORITY
462.0,luxury_house,24.91595954422919,18.0,0.0,18.0,24.91595954422919,-6.915959544229187,Winter,PRODUCE_PRIORITY
462.0,small_family,16.017402564147332,6.5,0.0,6.5,16.017402564147332,-9.517402564147332,Winter,PRODUCE_PRIORITY
463.0,apartment,11.655681999255028,3.6399999999999997,0.0,3.6399999999999997,11.655681999255028,-8.01568199925503,Winter,PRODUCE_PRIORITY
463.0,family_house,19.72500030643159,10.08,0.0,10.08,19.72500030643159,-9.64500030643159,Winter,PRODUCE_PRIORITY
463.0,luxury_house,25.104545844549293,18.0,0.0,18.0,25.104545844549293,-7.104545844549294,Winter,PRODUCE_PRIORITY
463.0,small_family,16.138636614353118,6.5,0.0,6.5,16.138636614353118,-9.638636614353118,Winter,PRODUCE_PRIORITY
464.0,apartment,11.65523745814906,3.6399999999999997,0.0,3.6399999999999997,11.65523745814906,-8.01523745814906,Winter,PRODUCE_PRIORITY
464.0,family_house,19.72424800609841,10.08,0.0,10.08,19.72424800609841,-9.64424800609841,Winter,PRODUCE_PRIORITY
464.0,luxury_house,25.103588371397976,18.0,0.0,18.0,25.103588371397976,-7.103588371397976,Winter,PRODUCE_PRIORITY
464.0,small_family,16.138021095898697,6.5,0.0,6.5,16.138021095898697,-9.638021095898697,Winter,PRODUCE_PRIORITY
465.0,apartment,12.460940103907541,3.6399999999999997,0.0,3.6399999999999997,12.460940103907541,-8.820940103907542,Winter,PRODUCE_PRIORITY
465.0,family_house,21.087744791228147,10.08,0.0,10.08,21.087744791228147,-11.007744791228147,Winter,PRODUCE_PRIORITY
465.0,luxury_house,26.838947916108552,18.0,0.0,18.0,26.838947916108552,-8.83894791610855,Winter,PRODUCE_PRIORITY
465.0,small_family,17.25360937464121,6.5,0.0,6.5,17.25360937464121,-10.753609374641211,Winter,PRODUCE_PRIORITY
466.0,apartment,13.298479625782889,3.6399999999999997,0.0,3.6399999999999997,13.298479625782889,-9.65847962578289,Winter,PRODUCE_PRIORITY
466.0,family_house,22.505119366709508,10.08,0.0,10.08,22.505119366709508,-12.425119366709506,Winter,PRODUCE_PRIORITY
466.0,luxury_house,28.64287919399392,18.0,0.0,18.0,28.64287919399392,-10.64287919399392,Winter,PRODUCE_PRIORITY
466.0,small_family,18.41327948185323,6.5,0.0,6.5,18.41327948185323,-11.913279481853232,Winter,PRODUCE_PRIORITY
467.0,apartment,13.542206764430805,3.6399999999999997,0.0,3.6399999999999997,13.542206764430805,-9.902206764430806,Winter,PRODUCE_PRIORITY
467.0,family_house,22.91758067826752,10.08,0.0,10.08,22.91758067826752,-12.837580678267518,Winter,PRODUCE_PRIORITY
467.0,luxury_house,29.167829954158663,18.0,0.0,18.0,29.167829954158663,-11.167829954158663,Winter,PRODUCE_PRIORITY
467.0,small_family,18.750747827673422,6.5,0.0,6.5,18.750747827673422,-12.250747827673424,Winter,PRODUCE_PRIORITY
468.0,apartment,14.812374523381054,3.6399999999999997,0.0,3.6399999999999997,14.812374523381054,-11.172374523381054,Winter,PRODUCE_PRIORITY
468.0,family_house,25.067095347260246,10.08,0.0,10.08,25.067095347260246,-14.987095347260247,Winter,PRODUCE_PRIORITY
468.0,luxury_house,31.90357589651304,18.0,0.0,18.0,31.90357589651304,-13.90357589651304,Winter,PRODUCE_PRIORITY
468.0,small_family,20.509441647758383,6.5,0.0,6.5,20.509441647758383,-14.009441647758383,Winter,PRODUCE_PRIORITY
469.0,apartment,15.935148401688279,3.6399999999999997,0.0,3.6399999999999997,15.935148401688279,-12.295148401688278,Winter,PRODUCE_PRIORITY
469.0,family_house,26.967174218241702,10.08,0.0,10.08,26.967174218241702,-16.887174218241704,Winter,PRODUCE_PRIORITY
469.0,luxury_house,34.32185809594399,18.0,0.0,18.0,34.32185809594399,-16.321858095943988,Winter,PRODUCE_PRIORITY
469.0,small_family,22.06405163310685,6.5,0.0,6.5,22.06405163310685,-15.56405163310685,Winter,PRODUCE_PRIORITY
470.0,apartment,16.858164462480282,3.6399999999999997,0.0,3.6399999999999997,16.858164462480282,-13.218164462480281,Winter,PRODUCE_PRIORITY
470.0,family_house,28.529201398043558,10.08,0.0,10.08,28.529201398043558,-18.44920139804356,Winter,PRODUCE_PRIORITY
470.0,luxury_house,36.30989268841907,18.0,0.0,18.0,36.30989268841907,-18.309892688419072,Winter,PRODUCE_PRIORITY
470.0,small_family,23.342073871126544,6.5,0.0,6.5,23.342073871126544,-16.842073871126544,Winter,PRODUCE_PRIORITY
471.0,apartment,16.849538315204796,3.6399999999999997,0.0,3.6399999999999997,16.849538315204796,-13.209538315204796,Winter,PRODUCE_PRIORITY
471.0,family_house,28.514603302654272,10.08,0.0,10.08,28.514603302654272,-18.434603302654274,Winter,PRODUCE_PRIORITY
471.0,luxury_house,36.29131329428726,18.0,0.0,18.0,36.29131329428726,-18.291313294287256,Winter,PRODUCE_PRIORITY
471.0,small_family,23.33012997489895,6.5,0.0,6.5,23.33012997489895,-16.83012997489895,Winter,PRODUCE_PRIORITY
472.0,apartment,12.872615888176604,3.6399999999999997,0.0,3.6399999999999997,12.872615888176604,-9.232615888176603,Winter,PRODUCE_PRIORITY
472.0,family_house,21.78442688768348,10.08,0.0,10.08,21.78442688768348,-11.704426887683482,Winter,PRODUCE_PRIORITY
472.0,luxury_house,27.725634220688065,18.0,0.0,18.0,27.725634220688065,-9.725634220688065,Winter,PRODUCE_PRIORITY
472.0,small_family,17.82362199901376,6.5,0.0,6.5,17.82362199901376,-11.323621999013758,Winter,PRODUCE_PRIORITY
473.0,apartment,9.704260367738165,3.6399999999999997,0.0,3.6399999999999997,9.704260367738165,-6.064260367738165,Winter,PRODUCE_PRIORITY
473.0,family_house,16.42259446847997,10.08,0.0,10.08,16.42259446847997,-6.342594468479973,Winter,PRODUCE_PRIORITY
473.0,luxury_house,20.90148386897451,18.0,0.0,18.0,20.90148386897451,-2.901483868974511,Winter,PRODUCE_PRIORITY
473.0,small_family,13.436668201483613,6.5,0.0,6.5,13.436668201483613,-6.936668201483613,Winter,PRODUCE_PRIORITY
474.0,apartment,8.26516574452935,19.575443259981242,0.0,19.575443259981242,8.26516574452935,11.31027751545189,Winter,PRODUCE_PRIORITY
474.0,family_house,13.987203567665052,26.143454173171804,0.0,26.143454173171804,13.987203567665052,12.156250605506752,Winter,PRODUCE_PRIORITY
474.0,luxury_house,17.80189544975552,34.861251788961326,0.0,34.861251788961326,17.80189544975552,17.059356339205806,Winter,PRODUCE_PRIORITY
474.0,small_family,11.444075646271408,29.236014204389665,0.0,29.236014204389665,11.444075646271408,17.79193855811826,Winter,PRODUCE_PRIORITY
475.0,apartment,0.0,22.867114754646046,0.0,22.867114754646046,0.0,22.867114754646046,Winter,PRODUCE_PRIORITY
475.0,family_house,0.0,28.102343972835595,0.0,28.102343972835595,0.0,28.102343972835595,Winter,PRODUCE_PRIORITY
475.0,luxury_house,0.0,36.35516084046708,0.0,36.35516084046708,0.0,36.35516084046708,Winter,PRODUCE_PRIORITY
475.0,small_family,0.0,22.36146608566935,0.0,22.36146608566935,0.0,22.36146608566935,Winter,PRODUCE_PRIORITY
476.0,apartment,0.0,19.480029852950437,0.0,19.480029852950437,0.0,19.480029852950437,Winter,PRODUCE_PRIORITY
476.0,family_house,0.0,30.6132457574968,0.0,30.6132457574968,0.0,30.6132457574968,Winter,PRODUCE_PRIORITY
476.0,luxury_house,0.0,37.22533588460225,0.0,37.22533588460225,0.0,37.22533588460225,Winter,PRODUCE_PRIORITY
476.0,small_family,0.0,21.013599654882373,0.0,21.013599654882373,0.0,21.013599654882373,Winter,PRODUCE_PRIORITY
477.0,apartment,0.0,20.2737674382911,0.0,20.2737674382911,0.0,20.2737674382911,Winter,PRODUCE_PRIORITY
477.0,family_house,0.0,27.990253716286013,0.0,27.990253716286013,0.0,27.990253716286013,Winter,PRODUCE_PRIORITY
477.0,luxury_house,0.0,38.452305854600596,0.0,38.452305854600596,0.0,38.452305854600596,Winter,PRODUCE_PRIORITY
477.0,small_family,0.0,23.540403321294036,0.0,23.540403321294036,0.0,23.540403321294036,Winter,PRODUCE_PRIORITY
478.0,apartment,1.5154692427766498,3.6399999999999997,0.0,3.6399999999999997,1.5154692427766498,2.12453075722335,Winter,PRODUCE_PRIORITY
478.0,family_house,2.564640257006638,10.08,0.0,10.08,2.564640257006638,7.515359742993362,Winter,PRODUCE_PRIORITY
478.0,luxury_house,3.264087599826631,18.0,0.0,18.0,3.264087599826631,14.735912400173369,Winter,PRODUCE_PRIORITY
478.0,small_family,2.0983420284599767,6.5,0.0,6.5,2.0983420284599767,4.401657971540024,Winter,PRODUCE_PRIORITY
479.0,apartment,4.2761923237707045,3.6399999999999997,0.0,3.6399999999999997,4.2761923237707045,-0.6361923237707048,Winter,PRODUCE_PRIORITY
479.0,family_house,7.236633163304269,10.08,0.0,10.08,7.236633163304269,2.8433668366957305,Winter,PRODUCE_PRIORITY
479.0,luxury_house,9.210260389659979,18.0,0.0,18.0,9.210260389659979,8.789739610340021,Winter,PRODUCE_PRIORITY
479.0,small_family,5.920881679067129,6.5,0.0,6.5,5.920881679067129,0.5791183209328707,Winter,PRODUCE_PRIORITY
480.0,apartment,0.0,3.6399999999999997,0.0,3.6399999999999997,0.0,3.6399999999999997,Winter,PRODUCE_PRIORITY
480.0,family_house,0.0,10.08,0.0,10.08,0.0,10.08,Winter,PRODUCE_PRIORITY
480.0,luxury_house,0.0,18.0,0.0,18.0,0.0,18.0,Winter,PRODUCE_PRIORITY
480.0,small_family,0.0,6.5,0.0,6.5,0.0,6.5,Winter,PRODUCE_PRIORITY
481.0,apartment,1.4837470322109363,3.6399999999999997,0.0,3.6399999999999997,1.4837470322109363,2.1562529677890634,Winter,PRODUCE_PRIORITY
481.0,family_house,2.510956516049277,10.08,0.0,10.08,2.510956516049277,7.569043483950724,Winter,PRODUCE_PRIORITY
481.0,luxury_house,3.1957628386081707,18.0,0.0,18.0,3.1957628386081707,14.804237161391828,Winter,PRODUCE_PRIORITY
481.0,small_family,2.054418967676681,6.5,0.0,6.5,2.054418967676681,4.445581032323319,Winter,PRODUCE_PRIORITY
482.0,apartment,2.16913231100379,3.6399999999999997,0.0,3.6399999999999997,2.16913231100379,1.4708676889962098,Winter,PRODUCE_PRIORITY
482.0,family_house,3.6708392955448756,10.08,0.0,10.08,3.6708392955448756,6.4091607044551235,Winter,PRODUCE_PRIORITY
482.0,luxury_house,4.671977285238932,18.0,0.0,18.0,4.671977285238932,13.328022714761067,Winter,PRODUCE_PRIORITY
482.0,small_family,3.0034139690821706,6.5,0.0,6.5,3.0034139690821706,3.4965860309178294,Winter,PRODUCE_PRIORITY
483.0,apartment,2.2692920464331436,3.6399999999999997,0.0,3.6399999999999997,2.2692920464331436,1.3707079535668558,Winter,PRODUCE_PRIORITY
483.0,family_house,3.8403403862714747,10.08,0.0,10.08,3.8403403862714747,6.2396596137285245,Winter,PRODUCE_PRIORITY
483.0,luxury_house,4.8877059461636945,18.0,0.0,18.0,4.8877059461636945,13.112294053836305,Winter,PRODUCE_PRIORITY
483.0,small_family,3.1420966796766607,6.5,0.0,6.5,3.1420966796766607,3.3579033203233393,Winter,PRODUCE_PRIORITY
484.0,apartment,2.375896975091182,3.6399999999999997,0.0,3.6399999999999997,2.375896975091182,1.2641030249088177,Winter,PRODUCE_PRIORITY
484.0,family_house,4.020748727077385,10.08,0.0,10.08,4.020748727077385,6.059251272922614,Winter,PRODUCE_PRIORITY
484.0,luxury_house,5.117316561734854,18.0,0.0,18.0,5.117316561734854,12.882683438265145,Winter,PRODUCE_PRIORITY
484.0,small_family,3.2897035039724063,6.5,0.0,6.5,3.2897035039724063,3.2102964960275937,Winter,PRODUCE_PRIORITY
485.0,apartment,2.530633478676852,3.6399999999999997,0.0,3.6399999999999997,2.530633478676852,1.109366521323148,Winter,PRODUCE_PRIORITY
485.0,family_house,4.282610502376211,10.08,0.0,10.08,4.282610502376211,5.797389497623789,Winter,PRODUCE_PRIORITY
485.0,luxury_house,5.45059518484245,18.0,0.0,18.0,5.45059518484245,12.54940481515755,Winter,PRODUCE_PRIORITY
485.0,small_family,3.5039540473987176,6.5,0.0,6.5,3.5039540473987176,2.9960459526012824,Winter,PRODUCE_PRIORITY
486.0,apartment,11.334663332318968,3.6399999999999997,0.0,3.6399999999999997,11.334663332318968,-7.694663332318969,Winter,PRODUCE_PRIORITY
486.0,family_house,19.18173794700133,10.08,0.0,10.08,19.18173794700133,-9.101737947001329,Winter,PRODUCE_PRIORITY
486.0,luxury_house,24.413121023456235,18.0,0.0,18.0,24.413121023456235,-6.413121023456236,Winter,PRODUCE_PRIORITY
486.0,small_family,15.694149229364726,6.5,0.0,6.5,15.694149229364726,-9.194149229364726,Winter,PRODUCE_PRIORITY
487.0,apartment,11.333989239659175,3.6399999999999997,0.0,3.6399999999999997,11.333989239659175,-7.693989239659175,Winter,PRODUCE_PRIORITY
487.0,family_house,19.180597174807836,10.08,0.0,10.08,19.180597174807836,-9.100597174807836,Winter,PRODUCE_PRIORITY
487.0,luxury_house,24.41166913157361,18.0,0.0,18.0,24.41166913157361,-6.411669131573612,Winter,PRODUCE_PRIORITY
487.0,small_family,15.693215870297319,6.5,0.0,6.5,15.693215870297319,-9.193215870297319,Winter,PRODUCE_PRIORITY
488.0,apartment,11.684096556353587,3.6399999999999997,0.0,3.6399999999999997,11.684096556353587,-8.044096556353587,Winter,PRODUCE_PRIORITY
488.0,family_house,19.773086479982997,10.08,0.0,10.08,19.773086479982997,-9.693086479982997,Winter,PRODUCE_PRIORITY
488.0,luxury_house,25.16574642906927,18.0,0.0,18.0,25.16574642906927,-7.165746429069269,Winter,PRODUCE_PRIORITY
488.0,small_family,16.17797984725881,6.5,0.0,6.5,16.17797984725881,-9.677979847258813,Winter,PRODUCE_PRIORITY
489.0,apartment,12.592041641285181,3.6399999999999997,0.0,3.6399999999999997,12.592041641285181,-8.952041641285183,Winter,PRODUCE_PRIORITY
489.0,family_house,21.30960893140569,10.08,0.0,10.08,21.30960893140569,-11.229608931405693,Winter,PRODUCE_PRIORITY
489.0,luxury_house,27.121320458152702,18.0,0.0,18.0,27.121320458152702,-9.1213204581527,Winter,PRODUCE_PRIORITY
489.0,small_family,17.43513458024102,6.5,0.0,6.5,17.43513458024102,-10.93513458024102,Winter,PRODUCE_PRIORITY
490.0,apartment,13.274479277760722,3.6399999999999997,0.0,3.6399999999999997,13.274479277760722,-9.634479277760724,Winter,PRODUCE_PRIORITY
490.0,family_house,22.464503393133533,10.08,0.0,10.08,22.464503393133533,-12.384503393133535,Winter,PRODUCE_PRIORITY
490.0,luxury_house,28.591186136715407,18.0,0.0,18.0,28.591186136715407,-10.591186136715406,Winter,PRODUCE_PRIORITY
490.0,small_family,18.38004823074562,6.5,0.0,6.5,18.38004823074562,-11.880048230745619,Winter,PRODUCE_PRIORITY
491.0,apartment,14.388869494425913,3.6399999999999997,0.0,3.6399999999999997,14.388869494425913,-10.748869494425913,Winter,PRODUCE_PRIORITY
491.0,family_house,24.35039452902847,10.08,0.0,10.08,24.35039452902847,-14.270394529028474,Winter,PRODUCE_PRIORITY
491.0,luxury_house,30.991411218763506,18.0,0.0,18.0,30.991411218763506,-12.991411218763506,Winter,PRODUCE_PRIORITY
491.0,small_family,19.92305006920511,6.5,0.0,6.5,19.92305006920511,-13.423050069205113,Winter,PRODUCE_PRIORITY
492.0,apartment,15.366879326395631,3.6399999999999997,0.0,3.6399999999999997,15.366879326395631,-11.72687932639563,Winter,PRODUCE_PRIORITY
492.0,family_house,26.005488090823377,10.08,0.0,10.08,26.005488090823377,-15.92548809082338,Winter,PRODUCE_PRIORITY
492.0,luxury_house,33.09789393377521,18.0,0.0,18.0,33.09789393377521,-15.097893933775207,Winter,PRODUCE_PRIORITY
492.0,small_family,21.27721752885549,6.5,0.0,6.5,21.27721752885549,-14.777217528855491,Winter,PRODUCE_PRIORITY
493.0,apartment,16.29660734319341,3.6399999999999997,0.0,3.6399999999999997,16.29660734319341,-12.65660734319341,Winter,PRODUCE_PRIORITY
493.0,family_house,27.578873965404235,10.08,0.0,10.08,27.578873965404235,-17.498873965404236,Winter,PRODUCE_PRIORITY
493.0,luxury_house,35.10038504687812,18.0,0.0,18.0,35.10038504687812,-17.100385046878117,Winter,PRODUCE_PRIORITY
493.0,small_family,22.56453324442165,6.5,0.0,6.5,22.56453324442165,-16.06453324442165,Winter,PRODUCE_PRIORITY
494.0,apartment,17.271127763554528,3.6399999999999997,0.0,3.6399999999999997,17.271127763554528,-13.631127763554527,Winter,PRODUCE_PRIORITY
494.0,family_house,29.228062369092278,10.08,0.0,10.08,29.228062369092278,-19.14806236909228,Winter,PRODUCE_PRIORITY
494.0,luxury_house,37.199352106117445,18.0,0.0,18.0,37.199352106117445,-19.199352106117445,Winter,PRODUCE_PRIORITY
494.0,small_family,23.913869211075504,6.5,0.0,6.5,23.913869211075504,-17.413869211075504,Winter,PRODUCE_PRIORITY
495.0,apartment,17.420551154266636,3.6399999999999997,0.0,3.6399999999999997,17.420551154266636,-13.780551154266636,Winter,PRODUCE_PRIORITY
495.0,family_house,29.480932722605083,10.08,0.0,10.08,29.480932722605083,-19.400932722605084,Winter,PRODUCE_PRIORITY
495.0,luxury_house,37.521187101497375,18.0,0.0,18.0,37.521187101497375,-19.52118710149737,Winter,PRODUCE_PRIORITY
495.0,small_family,24.120763136676885,6.5,0.0,6.5,24.120763136676885,-17.620763136676885,Winter,PRODUCE_PRIORITY
496.0,apartment,13.745411050103227,3.6399999999999997,0.0,3.6399999999999997,13.745411050103227,-10.105411050103227,Winter,PRODUCE_PRIORITY
496.0,family_house,23.261464854020847,10.08,0.0,10.08,23.261464854020847,-13.181464854020849,Winter,PRODUCE_PRIORITY
496.0,luxury_house,29.605500723299258,18.0,0.0,18.0,29.605500723299258,-11.605500723299258,Winter,PRODUCE_PRIORITY
496.0,small_family,19.032107607835236,6.5,0.0,6.5,19.032107607835236,-12.532107607835238,Winter,PRODUCE_PRIORITY
497.0,apartment,10.540484710565378,3.6399999999999997,0.0,3.6399999999999997,10.540484710565378,-6.900484710565378,Winter,PRODUCE_PRIORITY
497.0,family_house,17.83774335634141,10.08,0.0,10.08,17.83774335634141,-7.757743356341411,Winter,PRODUCE_PRIORITY
497.0,luxury_house,22.70258245352543,18.0,0.0,18.0,22.70258245352543,-4.702582453525431,Winter,PRODUCE_PRIORITY
497.0,small_family,14.594517291552062,6.5,0.0,6.5,14.594517291552062,-8.094517291552062,Winter,PRODUCE_PRIORITY
498.0,apartment,8.553987097630111,21.080721278399302,0.0,21.080721278399302,8.553987097630111,12.526734180769195,Winter,PRODUCE_PRIORITY
498.0,family_house,14.475978165220187,34.4686210684327,0.0,34.4686210684327,14.475978165220187,19.99264290321251,Winter,PRODUCE_PRIORITY
498.0,luxury_house,18.42397221028024,37.15128809283232,0.0,37.15128809283232,18.42397221028024,18.727315882552077,Winter,PRODUCE_PRIORITY
498.0,small_family,11.843982135180154,24.54617767954844,0.0,24.54617767954844,11.843982135180154,12.702195544368283,Winter,PRODUCE_PRIORITY
499.0,apartment,0.0,19.790048311994667,0.0,19.790048311994667,0.0,19.790048311994667,Winter,PRODUCE_PRIORITY
499.0,family_house,0.0,30.131265920460923,0.0,30.131265920460923,0.0,30.131265920460923,Winter,PRODUCE_PRIORITY
499.0,luxury_house,0.0,30.039080076534677,0.0,30.039080076534677,0.0,30.039080076534677,Winter,PRODUCE_PRIORITY
499.0,small_family,0.0,21.217246327061492,0.0,21.217246327061492,0.0,21.217246327061492,Winter,PRODUCE_PRIORITY
500.0,apartment,0.0,25.828060768393186,0.0,25.828060768393186,0.0,25.828060768393186,Winter,PRODUCE_PRIORITY
500.0,family_house,0.0,25.85608383935579,0.0,25.85608383935579,0.0,25.85608383935579,Winter,PRODUCE_PRIORITY
500.0,luxury_house,0.0,28.81474318665367,0.0,28.81474318665367,0.0,28.81474318665367,Winter,PRODUCE_PRIORITY
500.0,small_family,0.0,21.619430665833068,0.0,21.619430665833068,0.0,21.619430665833068,Winter,PRODUCE_PRIORITY
501.0,apartment,0.0,22.563732034544834,0.0,22.563732034544834,0.0,22.563732034544834,Winter,PRODUCE_PRIORITY
501.0,family_house,0.0,34.26629400990393,0.0,34.26629400990393,0.0,34.26629400990393,Winter,PRODUCE_PRIORITY
501.0,luxury_house,0.0,36.1690956407727,0.0,36.1690956407727,0.0,36.1690956407727,Winter,PRODUCE_PRIORITY
501.0,small_family,0.0,27.807326920615644,0.0,27.807326920615644,0.0,27.807326920615644,Winter,PRODUCE_PRIORITY
502.0,apartment,1.5235495610491687,3.6399999999999997,0.0,3.6399999999999997,1.5235495610491687,2.1164504389508307,Winter,PRODUCE_PRIORITY
502.0,family_house,2.5783146417755165,10.08,0.0,10.08,2.5783146417755165,7.501685358224483,Winter,PRODUCE_PRIORITY
502.0,luxury_house,3.2814913622597484,18.0,0.0,18.0,3.2814913622597484,14.71850863774025,Winter,PRODUCE_PRIORITY
502.0,small_family,2.109530161452695,6.5,0.0,6.5,2.109530161452695,4.390469838547304,Winter,PRODUCE_PRIORITY
503.0,apartment,4.38333636511027,3.6399999999999997,0.0,3.6399999999999997,4.38333636511027,-0.7433363651102702,Winter,PRODUCE_PRIORITY
503.0,family_house,7.417953848648149,10.08,0.0,10.08,7.417953848648149,2.6620461513518507,Winter,PRODUCE_PRIORITY
503.0,luxury_house,9.441032171006736,18.0,0.0,18.0,9.441032171006736,8.558967828993264,Winter,PRODUCE_PRIORITY
503.0,small_family,6.069234967075758,6.5,0.0,6.5,6.069234967075758,0.43076503292424206,Winter,PRODUCE_PRIORITY
504.0,apartment,0.0,3.6399999999999997,0.0,3.6399999999999997,0.0,3.6399999999999997,Winter,PRODUCE_PRIORITY
504.0,family_house,0.0,10.08,0.0,10.08,0.0,10.08,Winter,PRODUCE_PRIORITY
504.0,luxury_house,0.0,18.0,0.0,18.0,0.0,18.0,Winter,PRODUCE_PRIORITY
504.0,small_family,0.0,6.5,0.0,6.5,0.0,6.5,Winter,PRODUCE_PRIORITY
505.0,apartment,1.6772204324286333,3.6399999999999997,0.0,3.6399999999999997,1.6772204324286333,1.9627795675713664,Winter,PRODUCE_PRIORITY
505.0,family_house,2.83837303949461,10.08,0.0,10.08,2.83837303949461,7.24162696050539,Winter,PRODUCE_PRIORITY
505.0,luxury_house,3.612474777538595,18.0,0.0,18.0,3.612474777538595,14.387525222461406,Winter,PRODUCE_PRIORITY
505.0,small_family,2.3223052141319536,6.5,0.0,6.5,2.3223052141319536,4.177694785868047,Winter,PRODUCE_PRIORITY
506.0,apartment,2.5146784788442953,3.6399999999999997,0.0,3.6399999999999997,2.5146784788442953,1.1253215211557044,Winter,PRODUCE_PRIORITY
506.0,family_house,4.255609733428808,10.08,0.0,10.08,4.255609733428808,5.824390266571192,Winter,PRODUCE_PRIORITY
506.0,luxury_house,5.416230569818483,18.0,0.0,18.0,5.416230569818483,12.583769430181519,Winter,PRODUCE_PRIORITY
506.0,small_family,3.4818625091690247,6.5,0.0,6.5,3.4818625091690247,3.0181374908309753,Winter,PRODUCE_PRIORITY
507.0,apartment,2.7940522918718513,3.6399999999999997,0.0,3.6399999999999997,2.7940522918718513,0.8459477081281483,Winter,PRODUCE_PRIORITY
507.0,family_house,4.728396186244672,10.08,0.0,10.08,4.728396186244672,5.351603813755328,Winter,PRODUCE_PRIORITY
507.0,luxury_house,6.017958782493219,18.0,0.0,18.0,6.017958782493219,11.982041217506781,Winter,PRODUCE_PRIORITY
507.0,small_family,3.868687788745641,6.5,0.0,6.5,3.868687788745641,2.631312211254359,Winter,PRODUCE_PRIORITY
508.0,apartment,3.0174273662837368,3.6399999999999997,0.0,3.6399999999999997,3.0174273662837368,0.6225726337162627,Winter,PRODUCE_PRIORITY
508.0,family_house,5.106415542941709,10.08,0.0,10.08,5.106415542941709,4.9735844570582906,Winter,PRODUCE_PRIORITY
508.0,luxury_house,6.499074327380357,18.0,0.0,18.0,6.499074327380357,11.500925672619644,Winter,PRODUCE_PRIORITY
508.0,small_family,4.177976353315943,6.5,0.0,6.5,4.177976353315943,2.3220236466840567,Winter,PRODUCE_PRIORITY
509.0,apartment,3.2264042557946087,3.6399999999999997,0.0,3.6399999999999997,3.2264042557946087,0.4135957442053908,Winter,PRODUCE_PRIORITY
509.0,family_house,5.460068740575491,10.08,0.0,10.08,5.460068740575491,4.619931259424508,Winter,PRODUCE_PRIORITY
509.0,luxury_house,6.94917839709608,18.0,0.0,18.0,6.94917839709608,11.05082160290392,Winter,PRODUCE_PRIORITY
509.0,small_family,4.467328969561766,6.5,0.0,6.5,4.467328969561766,2.0326710304382343,Winter,PRODUCE_PRIORITY
510.0,apartment,11.906446049074024,3.6399999999999997,0.0,3.6399999999999997,11.906446049074024,-8.266446049074025,Winter,PRODUCE_PRIORITY
510.0,family_house,20.149370236894505,10.08,0.0,10.08,20.149370236894505,-10.069370236894505,Winter,PRODUCE_PRIORITY
510.0,luxury_house,25.644653028774826,18.0,0.0,18.0,25.644653028774826,-7.644653028774826,Winter,PRODUCE_PRIORITY
510.0,small_family,16.485848375640956,6.5,0.0,6.5,16.485848375640956,-9.985848375640957,Winter,PRODUCE_PRIORITY
511.0,apartment,11.951219554092338,3.6399999999999997,0.0,3.6399999999999997,11.951219554092338,-8.311219554092338,Winter,PRODUCE_PRIORITY
511.0,family_house,20.225140783848573,10.08,0.0,10.08,20.225140783848573,-10.145140783848575,Winter,PRODUCE_PRIORITY
511.0,luxury_house,25.74108827035273,18.0,0.0,18.0,25.74108827035273,-7.74108827035273,Winter,PRODUCE_PRIORITY
511.0,small_family,16.54784245951247,6.5,0.0,6.5,16.54784245951247,-10.04784245951247,Winter,PRODUCE_PRIORITY
512.0,apartment,12.067540790769456,3.6399999999999997,0.0,3.6399999999999997,12.067540790769456,-8.427540790769458,Winter,PRODUCE_PRIORITY
512.0,family_house,20.421992107456003,10.08,0.0,10.08,20.421992107456003,-10.341992107456003,Winter,PRODUCE_PRIORITY
512.0,luxury_house,25.991626318580366,18.0,0.0,18.0,25.991626318580366,-7.9916263185803675,Winter,PRODUCE_PRIORITY
512.0,small_family,16.708902633373093,6.5,0.0,6.5,16.708902633373093,-10.208902633373093,Winter,PRODUCE_PRIORITY
513.0,apartment,12.707703276153094,3.6399999999999997,0.0,3.6399999999999997,12.707703276153094,-9.067703276153095,Winter,PRODUCE_PRIORITY
513.0,family_house,21.505344005797546,10.08,0.0,10.08,21.505344005797546,-11.425344005797546,Winter,PRODUCE_PRIORITY
513.0,luxury_house,27.370437825560515,18.0,0.0,18.0,27.370437825560515,-9.370437825560515,Winter,PRODUCE_PRIORITY
513.0,small_family,17.5952814592889,6.5,0.0,6.5,17.5952814592889,-11.0952814592889,Winter,PRODUCE_PRIORITY
514.0,apartment,13.632139988811186,3.6399999999999997,0.0,3.6399999999999997,13.632139988811186,-9.992139988811186,Winter,PRODUCE_PRIORITY
514.0,family_house,23.06977536568047,10.08,0.0,10.08,23.06977536568047,-12.98977536568047,Winter,PRODUCE_PRIORITY
514.0,luxury_house,29.361532283593327,18.0,0.0,18.0,29.361532283593327,-11.361532283593327,Winter,PRODUCE_PRIORITY
514.0,small_family,18.87527075373857,6.5,0.0,6.5,18.87527075373857,-12.375270753738569,Winter,PRODUCE_PRIORITY
515.0,apartment,14.551454651568719,3.6399999999999997,0.0,3.6399999999999997,14.551454651568719,-10.911454651568718,Winter,PRODUCE_PRIORITY
515.0,family_house,24.625538641116293,10.08,0.0,10.08,24.625538641116293,-14.545538641116295,Winter,PRODUCE_PRIORITY
515.0,luxury_house,31.34159463414801,18.0,0.0,18.0,31.34159463414801,-13.34159463414801,Winter,PRODUCE_PRIORITY
515.0,small_family,20.14816797909515,6.5,0.0,6.5,20.14816797909515,-13.648167979095149,Winter,PRODUCE_PRIORITY
516.0,apartment,15.240768441897295,3.6399999999999997,0.0,3.6399999999999997,15.240768441897295,-11.600768441897296,Winter,PRODUCE_PRIORITY
516.0,family_house,25.792069670903118,10.08,0.0,10.08,25.792069670903118,-15.712069670903118,Winter,PRODUCE_PRIORITY
516.0,luxury_house,32.82627049024033,18.0,0.0,18.0,32.82627049024033,-14.82627049024033,Winter,PRODUCE_PRIORITY
516.0,small_family,21.10260245801164,6.5,0.0,6.5,21.10260245801164,-14.60260245801164,Winter,PRODUCE_PRIORITY
517.0,apartment,16.085733531697144,3.6399999999999997,0.0,3.6399999999999997,16.085733531697144,-12.445733531697146,Winter,PRODUCE_PRIORITY
517.0,family_house,27.222010592102862,10.08,0.0,10.08,27.222010592102862,-17.142010592102864,Winter,PRODUCE_PRIORITY
517.0,luxury_house,34.64619529904001,18.0,0.0,18.0,34.64619529904001,-16.64619529904001,Winter,PRODUCE_PRIORITY
517.0,small_family,22.27255412081143,6.5,0.0,6.5,22.27255412081143,-15.772554120811431,Winter,PRODUCE_PRIORITY
518.0,apartment,16.92497788160866,3.6399999999999997,0.0,3.6399999999999997,16.92497788160866,-13.284977881608658,Winter,PRODUCE_PRIORITY
518.0,family_house,28.64227026118388,10.08,0.0,10.08,28.64227026118388,-18.562270261183883,Winter,PRODUCE_PRIORITY
518.0,luxury_house,36.45379851423404,18.0,0.0,18.0,36.45379851423404,-18.453798514234037,Winter,PRODUCE_PRIORITY
518.0,small_family,23.43458475915045,6.5,0.0,6.5,23.43458475915045,-16.93458475915045,Winter,PRODUCE_PRIORITY
519.0,apartment,17.218314473246394,3.6399999999999997,0.0,3.6399999999999997,17.218314473246394,-13.578314473246396,Winter,PRODUCE_PRIORITY
519.0,family_house,29.138686031647747,10.08,0.0,10.08,29.138686031647747,-19.05868603164775,Winter,PRODUCE_PRIORITY
519.0,luxury_house,37.085600403915315,18.0,0.0,18.0,37.085600403915315,-19.085600403915315,Winter,PRODUCE_PRIORITY
519.0,small_family,23.840743116802702,6.5,0.0,6.5,23.840743116802702,-17.340743116802702,Winter,PRODUCE_PRIORITY
520.0,apartment,13.278536903001356,3.6399999999999997,0.0,3.6399999999999997,13.278536903001356,-9.638536903001357,Winter,PRODUCE_PRIORITY
520.0,family_house,22.47137014354076,10.08,0.0,10.08,22.47137014354076,-12.39137014354076,Winter,PRODUCE_PRIORITY
520.0,luxury_house,28.599925637233692,18.0,0.0,18.0,28.599925637233692,-10.599925637233692,Winter,PRODUCE_PRIORITY
520.0,small_family,18.3856664810788,6.5,0.0,6.5,18.3856664810788,-11.885666481078802,Winter,PRODUCE_PRIORITY
521.0,apartment,10.266740073340623,3.6399999999999997,0.0,3.6399999999999997,10.266740073340623,-6.626740073340623,Winter,PRODUCE_PRIORITY
521.0,family_house,17.37448320103798,10.08,0.0,10.08,17.37448320103798,-7.294483201037979,Winter,PRODUCE_PRIORITY
521.0,luxury_house,22.112978619502883,18.0,0.0,18.0,22.112978619502883,-4.112978619502882,Winter,PRODUCE_PRIORITY
521.0,small_family,14.215486255394708,6.5,0.0,6.5,14.215486255394708,-7.715486255394709,Winter,PRODUCE_PRIORITY
522.0,apartment,8.620978185570074,18.36376890386119,0.0,18.36376890386119,8.620978185570074,9.742790718291115,Winter,PRODUCE_PRIORITY
522.0,family_house,14.589347698657049,29.946491239404004,0.0,29.946491239404004,14.589347698657049,15.357143540746954,Winter,PRODUCE_PRIORITY
522.0,luxury_house,18.568260707381697,34.22821260447347,0.0,34.22821260447347,18.568260707381697,15.659951897091767,Winter,PRODUCE_PRIORITY
522.0,small_family,11.936739026173948,25.052220483324483,0.0,25.052220483324483,11.936739026173948,13.115481457150535,Winter,PRODUCE_PRIORITY
523.0,apartment,0.0,25.69709844916608,0.0,25.69709844916608,0.0,25.69709844916608,Winter,PRODUCE_PRIORITY
523.0,family_house,0.0,32.56813835783282,0.0,32.56813835783282,0.0,32.56813835783282,Winter,PRODUCE_PRIORITY
523.0,luxury_house,0.0,37.87726561979606,0.0,37.87726561979606,0.0,37.87726561979606,Winter,PRODUCE_PRIORITY
523.0,small_family,0.0,26.247767846905724,0.0,26.247767846905724,0.0,26.247767846905724,Winter,PRODUCE_PRIORITY
524.0,apartment,0.0,18.862852415107678,0.0,18.862852415107678,0.0,18.862852415107678,Winter,PRODUCE_PRIORITY
524.0,family_house,0.0,33.62564124756205,0.0,33.62564124756205,0.0,33.62564124756205,Winter,PRODUCE_PRIORITY
524.0,luxury_house,0.0,27.45382996001604,0.0,27.45382996001604,0.0,27.45382996001604,Winter,PRODUCE_PRIORITY
524.0,small_family,0.0,29.54779931993265,0.0,29.54779931993265,0.0,29.54779931993265,Winter,PRODUCE_PRIORITY
525.0,apartment,0.31466226219008764,23.490002177556157,0.0,23.490002177556157,0.31466226219008764,23.17533991536607,Winter,PRODUCE_PRIORITY
525.0,family_house,0.5325053667832252,28.37589158156273,0.0,28.37589158156273,0.5325053667832252,27.843386214779503,Winter,PRODUCE_PRIORITY
525.0,luxury_house,0.6777341031786502,37.00480803877129,0.0,37.00480803877129,0.6777341031786502,36.32707393559264,Winter,PRODUCE_PRIORITY
525.0,small_family,0.43568620918627515,23.2932523139337,0.0,23.2932523139337,0.43568620918627515,22.857566104747423,Winter,PRODUCE_PRIORITY
526.0,apartment,1.8688260543843922,3.6399999999999997,0.0,3.6399999999999997,1.8688260543843922,1.7711739456156075,Winter,PRODUCE_PRIORITY
526.0,family_house,3.162628707419741,10.08,0.0,10.08,3.162628707419741,6.917371292580259,Winter,PRODUCE_PRIORITY
526.0,luxury_house,4.025163809443306,18.0,0.0,18.0,4.025163809443306,13.974836190556694,Winter,PRODUCE_PRIORITY
526.0,small_family,2.5876053060706967,6.5,0.0,6.5,2.5876053060706967,3.9123946939293033,Winter,PRODUCE_PRIORITY
527.0,apartment,4.555748274012918,3.6399999999999997,0.0,3.6399999999999997,4.555748274012918,-0.9157482740129181,Winter,PRODUCE_PRIORITY
527.0,family_house,7.709727848329553,10.08,0.0,10.08,7.709727848329553,2.3702721516704464,Winter,PRODUCE_PRIORITY
527.0,luxury_house,9.812380897873977,18.0,0.0,18.0,9.812380897873977,8.187619102126023,Winter,PRODUCE_PRIORITY
527.0,small_family,6.833622411019377,6.5,0.0,6.5,6.833622411019377,-0.3336224110193773,Winter,PRODUCE_PRIORITY
528.0,apartment,0.0,3.6399999999999997,0.0,3.6399999999999997,0.0,3.6399999999999997,Winter,PRODUCE_PRIORITY
528.0,family_house,0.0,10.08,0.0,10.08,0.0,10.08,Winter,PRODUCE_PRIORITY
528.0,luxury_house,0.0,18.0,0.0,18.0,0.0,18.0,Winter,PRODUCE_PRIORITY
528.0,small_family,0.0,6.5,0.0,6.5,0.0,6.5,Winter,PRODUCE_PRIORITY
529.0,apartment,1.5858751933215078,3.6399999999999997,0.0,3.6399999999999997,1.5858751933215078,2.054124806678492,Winter,PRODUCE_PRIORITY
529.0,family_house,2.683788788697936,10.08,0.0,10.08,2.683788788697936,7.396211211302063,Winter,PRODUCE_PRIORITY
529.0,luxury_house,3.415731185615555,18.0,0.0,18.0,3.415731185615555,14.584268814384446,Winter,PRODUCE_PRIORITY
529.0,small_family,2.3788127899822618,6.5,0.0,6.5,2.3788127899822618,4.121187210017739,Winter,PRODUCE_PRIORITY
530.0,apartment,2.014040192810386,3.6399999999999997,0.0,3.6399999999999997,2.014040192810386,1.6259598071896137,Winter,PRODUCE_PRIORITY
530.0,family_house,3.408375710909884,10.08,0.0,10.08,3.408375710909884,6.671624289090116,Winter,PRODUCE_PRIORITY
530.0,luxury_house,4.337932722976216,18.0,0.0,18.0,4.337932722976216,13.662067277023784,Winter,PRODUCE_PRIORITY
530.0,small_family,3.021060289215579,6.5,0.0,6.5,3.021060289215579,3.478939710784421,Winter,PRODUCE_PRIORITY
531.0,apartment,1.4317159876367198,3.6399999999999997,0.0,3.6399999999999997,1.4317159876367198,2.2082840123632796,Winter,PRODUCE_PRIORITY
531.0,family_house,2.422903979077526,10.08,0.0,10.08,2.422903979077526,7.657096020922474,Winter,PRODUCE_PRIORITY
531.0,luxury_house,3.083695973371397,18.0,0.0,18.0,3.083695973371397,14.916304026628602,Winter,PRODUCE_PRIORITY
531.0,small_family,2.14757398145508,6.5,0.0,6.5,2.14757398145508,4.352426018544921,Winter,PRODUCE_PRIORITY
532.0,apartment,1.3908587199925644,3.6399999999999997,0.0,3.6399999999999997,1.3908587199925644,2.2491412800074353,Winter,PRODUCE_PRIORITY
532.0,family_house,2.3537609107566477,10.08,0.0,10.08,2.3537609107566477,7.726239089243352,Winter,PRODUCE_PRIORITY
532.0,luxury_house,2.9956957045993695,18.0,0.0,18.0,2.9956957045993695,15.004304295400631,Winter,PRODUCE_PRIORITY
532.0,small_family,2.0862880799888464,6.5,0.0,6.5,2.0862880799888464,4.413711920011154,Winter,PRODUCE_PRIORITY
533.0,apartment,1.7257007723885138,3.6399999999999997,0.0,3.6399999999999997,1.7257007723885138,1.9142992276114856,Winter,PRODUCE_PRIORITY
533.0,family_house,2.9204166917344083,10.08,0.0,10.08,2.9204166917344083,7.15958330826559,Winter,PRODUCE_PRIORITY
533.0,luxury_house,3.7168939712983375,18.0,0.0,18.0,3.7168939712983375,14.283106028701662,Winter,PRODUCE_PRIORITY
533.0,small_family,2.588551158582771,6.5,0.0,6.5,2.588551158582771,3.9114488414172284,Winter,PRODUCE_PRIORITY
534.0,apartment,10.580469696035243,3.6399999999999997,0.0,3.6399999999999997,10.580469696035243,-6.940469696035244,Winter,PRODUCE_PRIORITY
534.0,family_house,17.905410254828872,10.08,0.0,10.08,17.905410254828872,-7.825410254828872,Winter,PRODUCE_PRIORITY
534.0,luxury_house,22.788703960691294,18.0,0.0,18.0,22.788703960691294,-4.788703960691292,Winter,PRODUCE_PRIORITY
534.0,small_family,15.870704544052865,6.5,0.0,6.5,15.870704544052865,-9.370704544052865,Winter,PRODUCE_PRIORITY
535.0,apartment,10.710270555529045,3.6399999999999997,0.0,3.6399999999999997,10.710270555529045,-7.070270555529044,Winter,PRODUCE_PRIORITY
535.0,family_house,18.12507324781838,10.08,0.0,10.08,18.12507324781838,-8.045073247818383,Winter,PRODUCE_PRIORITY
535.0,luxury_house,23.06827504267794,18.0,0.0,18.0,23.06827504267794,-5.068275042677941,Winter,PRODUCE_PRIORITY
535.0,small_family,16.065405833293568,6.5,0.0,6.5,16.065405833293568,-9.565405833293566,Winter,PRODUCE_PRIORITY
536.0,apartment,11.015598296476377,3.6399999999999997,0.0,3.6399999999999997,11.015598296476377,-7.375598296476377,Winter,PRODUCE_PRIORITY
536.0,family_house,18.641781732498487,10.08,0.0,10.08,18.641781732498487,-8.561781732498487,Winter,PRODUCE_PRIORITY
536.0,luxury_house,23.72590402317989,18.0,0.0,18.0,23.72590402317989,-5.725904023179891,Winter,PRODUCE_PRIORITY
536.0,small_family,16.523397444714565,6.5,0.0,6.5,16.523397444714565,-10.023397444714567,Winter,PRODUCE_PRIORITY
537.0,apartment,11.585771913319437,3.6399999999999997,0.0,3.6399999999999997,11.585771913319437,-7.945771913319437,Winter,PRODUCE_PRIORITY
537.0,family_house,19.606690930232894,10.08,0.0,10.08,19.606690930232894,-9.526690930232894,Winter,PRODUCE_PRIORITY
537.0,luxury_house,24.95397027484186,18.0,0.0,18.0,24.95397027484186,-6.953970274841861,Winter,PRODUCE_PRIORITY
537.0,small_family,17.378657869979158,6.5,0.0,6.5,17.378657869979158,-10.878657869979156,Winter,PRODUCE_PRIORITY
538.0,apartment,12.18150183487886,3.6399999999999997,0.0,3.6399999999999997,12.18150183487886,-8.541501834878861,Winter,PRODUCE_PRIORITY
538.0,family_house,20.61484925902576,10.08,0.0,10.08,20.61484925902576,-10.534849259025762,Winter,PRODUCE_PRIORITY
538.0,luxury_house,24.05065746886339,18.0,0.0,18.0,24.05065746886339,-6.050657468863388,Winter,PRODUCE_PRIORITY
538.0,small_family,18.27225275231829,6.5,0.0,6.5,18.27225275231829,-11.772252752318291,Winter,PRODUCE_PRIORITY
539.0,apartment,13.023796045280333,3.6399999999999997,0.0,3.6399999999999997,13.023796045280333,-9.383796045280334,Winter,PRODUCE_PRIORITY
539.0,family_house,22.040270230474412,10.08,0.0,10.08,22.040270230474412,-11.960270230474414,Winter,PRODUCE_PRIORITY
539.0,luxury_house,25.713648602220147,18.0,0.0,18.0,25.713648602220147,-7.713648602220147,Winter,PRODUCE_PRIORITY
539.0,small_family,19.535694067920502,6.5,0.0,6.5,19.535694067920502,-13.035694067920502,Winter,PRODUCE_PRIORITY
540.0,apartment,14.029341116931977,3.6399999999999997,0.0,3.6399999999999997,14.029341116931977,-10.389341116931977,Winter,PRODUCE_PRIORITY
540.0,family_house,23.741961890192577,10.08,0.0,10.08,23.741961890192577,-13.661961890192579,Winter,PRODUCE_PRIORITY
540.0,luxury_house,27.698955538558007,18.0,0.0,18.0,27.698955538558007,-9.698955538558007,Winter,PRODUCE_PRIORITY
540.0,small_family,21.044011675397968,6.5,0.0,6.5,21.044011675397968,-14.544011675397966,Winter,PRODUCE_PRIORITY
541.0,apartment,14.931106429895403,3.6399999999999997,0.0,3.6399999999999997,14.931106429895403,-11.291106429895402,Winter,PRODUCE_PRIORITY
541.0,family_house,25.268026265976836,10.08,0.0,10.08,25.268026265976836,-15.18802626597684,Winter,PRODUCE_PRIORITY
541.0,luxury_house,29.479363976972977,18.0,0.0,18.0,29.479363976972977,-11.479363976972977,Winter,PRODUCE_PRIORITY
541.0,small_family,22.396659644843105,6.5,0.0,6.5,22.396659644843105,-15.896659644843105,Winter,PRODUCE_PRIORITY
542.0,apartment,15.770573201149363,3.6399999999999997,0.0,3.6399999999999997,15.770573201149363,-12.130573201149362,Winter,PRODUCE_PRIORITY
542.0,family_house,26.68866234040661,10.08,0.0,10.08,26.68866234040661,-16.60866234040661,Winter,PRODUCE_PRIORITY
542.0,luxury_house,31.13677273047438,18.0,0.0,18.0,31.13677273047438,-13.13677273047438,Winter,PRODUCE_PRIORITY
542.0,small_family,23.65585980172404,6.5,0.0,6.5,23.65585980172404,-17.15585980172404,Winter,PRODUCE_PRIORITY
543.0,apartment,15.647324869925894,3.6399999999999997,0.0,3.6399999999999997,15.647324869925894,-12.007324869925894,Winter,PRODUCE_PRIORITY
543.0,family_house,26.48008824141305,10.08,0.0,10.08,26.48008824141305,-16.40008824141305,Winter,PRODUCE_PRIORITY
543.0,luxury_house,30.89343628164856,18.0,0.0,18.0,30.89343628164856,-12.893436281648562,Winter,PRODUCE_PRIORITY
543.0,small_family,23.47098730488884,6.5,0.0,6.5,23.47098730488884,-16.97098730488884,Winter,PRODUCE_PRIORITY
544.0,apartment,11.586046064261959,3.6399999999999997,0.0,3.6399999999999997,11.586046064261959,-7.946046064261958,Winter,PRODUCE_PRIORITY
544.0,family_house,19.607154877981777,10.08,0.0,10.08,19.607154877981777,-9.527154877981776,Winter,PRODUCE_PRIORITY
544.0,luxury_house,22.875014024312073,18.0,0.0,18.0,22.875014024312073,-4.875014024312071,Winter,PRODUCE_PRIORITY
544.0,small_family,17.37906909639294,6.5,0.0,6.5,17.37906909639294,-10.87906909639294,Winter,PRODUCE_PRIORITY
545.0,apartment,8.144367763049916,3.6399999999999997,0.0,3.6399999999999997,8.144367763049916,-4.504367763049915,Winter,PRODUCE_PRIORITY
545.0,family_house,13.782776214392163,10.08,0.0,10.08,13.782776214392163,-3.702776214392163,Winter,PRODUCE_PRIORITY
545.0,luxury_house,16.079905583457524,18.0,0.0,18.0,16.079905583457524,1.9200944165424758,Winter,PRODUCE_PRIORITY
545.0,small_family,12.216551644574873,6.5,0.0,6.5,12.216551644574873,-5.716551644574872,Winter,PRODUCE_PRIORITY
546.0,apartment,6.582384743595384,26.126226648732548,0.0,26.126226648732548,6.582384743595384,19.543841905137164,Winter,PRODUCE_PRIORITY
546.0,family_house,11.139420335315265,27.23124955249701,0.0,27.23124955249701,11.139420335315265,16.091829217181747,Winter,PRODUCE_PRIORITY
546.0,luxury_house,12.995990391201142,30.237307961953626,0.0,30.237307961953626,12.995990391201142,17.241317570752486,Winter,PRODUCE_PRIORITY
546.0,small_family,9.873577115393074,24.226093779343163,0.0,24.226093779343163,9.873577115393074,14.352516663950087,Winter,PRODUCE_PRIORITY
547.0,apartment,0.0,19.84320896566479,0.0,19.84320896566479,0.0,19.84320896566479,Winter,PRODUCE_PRIORITY
547.0,family_house,0.0,28.105329498687556,0.0,28.105329498687556,0.0,28.105329498687556,Winter,PRODUCE_PRIORITY
547.0,luxury_house,0.0,35.58205522187065,0.0,35.58205522187065,0.0,35.58205522187065,Winter,PRODUCE_PRIORITY
547.0,small_family,0.0,24.72720463026298,0.0,24.72720463026298,0.0,24.72720463026298,Winter,PRODUCE_PRIORITY
548.0,apartment,0.0,21.411769467188137,0.0,21.411769467188137,0.0,21.411769467188137,Winter,PRODUCE_PRIORITY
548.0,family_house,0.0,26.787381342812104,0.0,26.787381342812104,0.0,26.787381342812104,Winter,PRODUCE_PRIORITY
548.0,luxury_house,0.0,32.32721636678522,0.0,32.32721636678522,0.0,32.32721636678522,Winter,PRODUCE_PRIORITY
548.0,small_family,0.0,20.850863228132678,0.0,20.850863228132678,0.0,20.850863228132678,Winter,PRODUCE_PRIORITY
549.0,apartment,0.0,18.162272837543874,0.0,18.162272837543874,0.0,18.162272837543874,Winter,PRODUCE_PRIORITY
549.0,family_house,0.0,26.210778085335647,0.0,26.210778085335647,0.0,26.210778085335647,Winter,PRODUCE_PRIORITY
549.0,luxury_house,0.0,31.47083505222027,0.0,31.47083505222027,0.0,31.47083505222027,Winter,PRODUCE_PRIORITY
549.0,small_family,0.0,22.271921708138564,0.0,22.271921708138564,0.0,22.271921708138564,Winter,PRODUCE_PRIORITY
550.0,apartment,0.4870205615438032,3.6399999999999997,0.0,3.6399999999999997,0.4870205615438032,3.1529794384561964,Winter,PRODUCE_PRIORITY
550.0,family_house,0.82418864261259,10.08,0.0,10.08,0.82418864261259,9.255811357387408,Winter,PRODUCE_PRIORITY
550.0,luxury_house,0.961553416381355,18.0,0.0,18.0,0.961553416381355,17.038446583618644,Winter,PRODUCE_PRIORITY
550.0,small_family,0.7305308423157048,6.5,0.0,6.5,0.7305308423157048,5.769469157684296,Winter,PRODUCE_PRIORITY
551.0,apartment,3.371155956717939,3.6399999999999997,0.0,3.6399999999999997,3.371155956717939,0.2688440432820608,Winter,PRODUCE_PRIORITY
551.0,family_house,5.705033157522665,10.08,0.0,10.08,5.705033157522665,4.374966842477335,Winter,PRODUCE_PRIORITY
551.0,luxury_house,6.655872017109776,18.0,0.0,18.0,6.655872017109776,11.344127982890225,Winter,PRODUCE_PRIORITY
551.0,small_family,5.056733935076909,6.5,0.0,6.5,5.056733935076909,1.4432660649230913,Winter,PRODUCE_PRIORITY
552.0,apartment,0.0,3.6399999999999997,0.0,3.6399999999999997,0.0,3.6399999999999997,Winter,PRODUCE_PRIORITY
552.0,family_house,0.0,10.08,0.0,10.08,0.0,10.08,Winter,PRODUCE_PRIORITY
552.0,luxury_house,0.0,18.0,0.0,18.0,0.0,18.0,Winter,PRODUCE_PRIORITY
552.0,small_family,0.0,6.5,0.0,6.5,0.0,6.5,Winter,PRODUCE_PRIORITY
553.0,apartment,1.1910289543552595,3.6399999999999997,0.0,3.6399999999999997,1.1910289543552595,2.44897104564474,Winter,PRODUCE_PRIORITY
553.0,family_house,2.015587461216593,10.08,0.0,10.08,2.015587461216593,8.064412538783406,Winter,PRODUCE_PRIORITY
553.0,luxury_house,2.3515187047526918,18.0,0.0,18.0,2.3515187047526918,15.648481295247308,Winter,PRODUCE_PRIORITY
553.0,small_family,1.7865434315328892,6.5,0.0,6.5,1.7865434315328892,4.713456568467111,Winter,PRODUCE_PRIORITY
554.0,apartment,2.1373281023866415,3.6399999999999997,0.0,3.6399999999999997,2.1373281023866415,1.5026718976133582,Winter,PRODUCE_PRIORITY
554.0,family_house,3.617016788654316,10.08,0.0,10.08,3.617016788654316,6.4629832113456835,Winter,PRODUCE_PRIORITY
554.0,luxury_house,4.219852920096702,18.0,0.0,18.0,4.219852920096702,13.780147079903298,Winter,PRODUCE_PRIORITY
554.0,small_family,3.2059921535799623,6.5,0.0,6.5,3.2059921535799623,3.2940078464200377,Winter,PRODUCE_PRIORITY
555.0,apartment,0.8288628526911936,3.6399999999999997,0.0,3.6399999999999997,0.8288628526911936,2.811137147308806,Winter,PRODUCE_PRIORITY
555.0,family_house,1.4026909814774045,10.08,0.0,10.08,1.4026909814774045,8.677309018522596,Winter,PRODUCE_PRIORITY
555.0,luxury_house,1.6364728117236387,18.0,0.0,18.0,1.6364728117236387,16.36352718827636,Winter,PRODUCE_PRIORITY
555.0,small_family,1.2432942790367905,6.5,0.0,6.5,1.2432942790367905,5.256705720963209,Winter,PRODUCE_PRIORITY
556.0,apartment,0.851630171337448,3.6399999999999997,0.0,3.6399999999999997,0.851630171337448,2.7883698286625513,Winter,PRODUCE_PRIORITY
556.0,family_house,1.4412202899556812,10.08,0.0,10.08,1.4412202899556812,8.638779710044318,Winter,PRODUCE_PRIORITY
556.0,luxury_house,1.6814236716149613,18.0,0.0,18.0,1.6814236716149613,16.31857632838504,Winter,PRODUCE_PRIORITY
556.0,small_family,1.2774452570061718,6.5,0.0,6.5,1.2774452570061718,5.222554742993828,Winter,PRODUCE_PRIORITY
557.0,apartment,0.8668058858494883,3.6399999999999997,0.0,3.6399999999999997,0.8668058858494883,2.7731941141505114,Winter,PRODUCE_PRIORITY
557.0,family_house,1.4669022683606723,10.08,0.0,10.08,1.4669022683606723,8.613097731639327,Winter,PRODUCE_PRIORITY
557.0,luxury_house,1.7113859797541175,18.0,0.0,18.0,1.7113859797541175,16.28861402024588,Winter,PRODUCE_PRIORITY
557.0,small_family,1.3002088287742324,6.5,0.0,6.5,1.3002088287742324,5.199791171225768,Winter,PRODUCE_PRIORITY
558.0,apartment,10.921862220699067,3.6399999999999997,0.0,3.6399999999999997,10.921862220699067,-7.281862220699068,Winter,PRODUCE_PRIORITY
558.0,family_house,18.483151450413807,10.08,0.0,10.08,18.483151450413807,-8.403151450413807,Winter,PRODUCE_PRIORITY
558.0,luxury_house,21.563676692149443,18.0,0.0,18.0,21.563676692149443,-3.563676692149441,Winter,PRODUCE_PRIORITY
558.0,small_family,16.3827933310486,6.5,0.0,6.5,16.3827933310486,-9.8827933310486,Winter,PRODUCE_PRIORITY
559.0,apartment,10.995761565520333,3.6399999999999997,0.0,3.6399999999999997,10.995761565520333,-7.355761565520333,Winter,PRODUCE_PRIORITY
559.0,family_house,18.608211880111334,10.08,0.0,10.08,18.608211880111334,-8.528211880111334,Winter,PRODUCE_PRIORITY
559.0,luxury_house,21.709580526796554,18.0,0.0,18.0,21.709580526796554,-3.709580526796555,Winter,PRODUCE_PRIORITY
559.0,small_family,16.4936423482805,6.5,0.0,6.5,16.4936423482805,-9.993642348280499,Winter,PRODUCE_PRIORITY
560.0,apartment,11.240445440207989,3.6399999999999997,0.0,3.6399999999999997,11.240445440207989,-7.600445440207988,Winter,PRODUCE_PRIORITY
560.0,family_house,19.022292283428904,10.08,0.0,10.08,19.022292283428904,-8.942292283428905,Winter,PRODUCE_PRIORITY
560.0,luxury_house,22.192674330667057,18.0,0.0,18.0,22.192674330667057,-4.1926743306670575,Winter,PRODUCE_PRIORITY
560.0,small_family,16.86066816031198,6.5,0.0,6.5,16.86066816031198,-10.360668160311983,Winter,PRODUCE_PRIORITY
561.0,apartment,11.80499623826555,3.6399999999999997,0.0,3.6399999999999997,11.80499623826555,-8.16499623826555,Winter,PRODUCE_PRIORITY
561.0,family_house,19.977685941680164,10.08,0.0,10.08,19.977685941680164,-9.897685941680162,Winter,PRODUCE_PRIORITY
561.0,luxury_house,23.307300265293524,18.0,0.0,18.0,23.307300265293524,-5.3073002652935255,Winter,PRODUCE_PRIORITY
561.0,small_family,17.707494357398325,6.5,0.0,6.5,17.707494357398325,-11.207494357398325,Winter,PRODUCE_PRIORITY
562.0,apartment,12.27346386618699,3.6399999999999997,0.0,3.6399999999999997,12.27346386618699,-8.63346386618699,Winter,PRODUCE_PRIORITY
562.0,family_house,20.77047731200875,10.08,0.0,10.08,20.77047731200875,-10.69047731200875,Winter,PRODUCE_PRIORITY
562.0,luxury_house,24.232223530676873,18.0,0.0,18.0,24.232223530676873,-6.232223530676874,Winter,PRODUCE_PRIORITY
562.0,small_family,18.410195799280483,6.5,0.0,6.5,18.410195799280483,-11.910195799280485,Winter,PRODUCE_PRIORITY
563.0,apartment,13.234567364986628,3.6399999999999997,0.0,3.6399999999999997,13.234567364986628,-9.594567364986627,Winter,PRODUCE_PRIORITY
563.0,family_house,22.396960156131215,10.08,0.0,10.08,22.396960156131215,-12.316960156131218,Winter,PRODUCE_PRIORITY
563.0,luxury_house,26.129786848819755,18.0,0.0,18.0,26.129786848819755,-8.129786848819755,Winter,PRODUCE_PRIORITY
563.0,small_family,19.85185104747994,6.5,0.0,6.5,19.85185104747994,-13.351851047479942,Winter,PRODUCE_PRIORITY
564.0,apartment,14.067417812872314,3.6399999999999997,0.0,3.6399999999999997,14.067417812872314,-10.427417812872314,Winter,PRODUCE_PRIORITY
564.0,family_house,23.806399375630072,10.08,0.0,10.08,23.806399375630072,-13.72639937563007,Winter,PRODUCE_PRIORITY
564.0,luxury_house,27.774132604901748,18.0,0.0,18.0,27.774132604901748,-9.77413260490175,Winter,PRODUCE_PRIORITY
564.0,small_family,21.10112671930847,6.5,0.0,6.5,21.10112671930847,-14.601126719308471,Winter,PRODUCE_PRIORITY
565.0,apartment,15.020322885897135,3.6399999999999997,0.0,3.6399999999999997,15.020322885897135,-11.380322885897135,Winter,PRODUCE_PRIORITY
565.0,family_house,25.419007960749,10.08,0.0,10.08,25.419007960749,-15.339007960749003,Winter,PRODUCE_PRIORITY
565.0,luxury_house,29.6555092875405,18.0,0.0,18.0,29.6555092875405,-11.6555092875405,Winter,PRODUCE_PRIORITY
565.0,small_family,22.530484328845706,6.5,0.0,6.5,22.530484328845706,-16.030484328845706,Winter,PRODUCE_PRIORITY
566.0,apartment,15.771878153118637,3.6399999999999997,0.0,3.6399999999999997,15.771878153118637,-12.131878153118636,Winter,PRODUCE_PRIORITY
566.0,family_house,26.690870720662307,10.08,0.0,10.08,26.690870720662307,-16.61087072066231,Winter,PRODUCE_PRIORITY
566.0,luxury_house,31.139349174106023,18.0,0.0,18.0,31.139349174106023,-13.139349174106023,Winter,PRODUCE_PRIORITY
566.0,small_family,23.657817229677956,6.5,0.0,6.5,23.657817229677956,-17.157817229677956,Winter,PRODUCE_PRIORITY
567.0,apartment,15.202419536340791,3.6399999999999997,0.0,3.6399999999999997,15.202419536340791,-11.562419536340792,Winter,PRODUCE_PRIORITY
567.0,family_house,25.727171523038265,10.08,0.0,10.08,25.727171523038265,-15.647171523038265,Winter,PRODUCE_PRIORITY
567.0,luxury_house,30.01503344354464,18.0,0.0,18.0,30.01503344354464,-12.015033443544642,Winter,PRODUCE_PRIORITY
567.0,small_family,22.803629304511187,6.5,0.0,6.5,22.803629304511187,-16.303629304511187,Winter,PRODUCE_PRIORITY
568.0,apartment,11.347153529785068,3.6399999999999997,0.0,3.6399999999999997,11.347153529785068,-7.707153529785067,Winter,PRODUCE_PRIORITY
568.0,family_house,19.20287520425165,10.08,0.0,10.08,19.20287520425165,-9.12287520425165,Winter,PRODUCE_PRIORITY
568.0,luxury_house,22.403354404960258,18.0,0.0,18.0,22.403354404960258,-4.403354404960258,Winter,PRODUCE_PRIORITY
568.0,small_family,17.020730294677602,6.5,0.0,6.5,17.020730294677602,-10.520730294677602,Winter,PRODUCE_PRIORITY
569.0,apartment,8.114762682526239,3.6399999999999997,0.0,3.6399999999999997,8.114762682526239,-4.47476268252624,Winter,PRODUCE_PRIORITY
569.0,family_house,13.73267530889056,10.08,0.0,10.08,13.73267530889056,-3.652675308890561,Winter,PRODUCE_PRIORITY
569.0,luxury_house,16.021454527038987,18.0,0.0,18.0,16.021454527038987,1.978545472961013,Winter,PRODUCE_PRIORITY
569.0,small_family,12.17214402378936,6.5,0.0,6.5,12.17214402378936,-5.672144023789359,Winter,PRODUCE_PRIORITY
570.0,apartment,7.003379411467777,21.978693586395938,0.0,21.978693586395938,7.003379411467777,14.97531417492816,Winter,PRODUCE_PRIORITY
570.0,family_house,11.851872850176237,27.049686878416008,0.0,27.049686878416008,11.851872850176237,15.19781402823977,Winter,PRODUCE_PRIORITY
570.0,luxury_house,13.827184991872276,35.802017683867696,0.0,35.802017683867696,13.827184991872276,21.974832691995424,Winter,PRODUCE_PRIORITY
570.0,small_family,10.505069117201666,30.742089688484345,0.0,30.742089688484345,10.505069117201666,20.23702057128268,Winter,PRODUCE_PRIORITY
571.0,apartment,0.0,25.82850278449299,0.0,25.82850278449299,0.0,25.82850278449299,Winter,PRODUCE_PRIORITY
571.0,family_house,0.0,29.058901402634255,0.0,29.058901402634255,0.0,29.058901402634255,Winter,PRODUCE_PRIORITY
571.0,luxury_house,0.0,38.587687200316,0.0,38.587687200316,0.0,38.587687200316,Winter,PRODUCE_PRIORITY
571.0,small_family,0.0,20.80400646048871,0.0,20.80400646048871,0.0,20.80400646048871,Winter,PRODUCE_PRIORITY
572.0,apartment,0.0,25.43350304081019,0.0,25.43350304081019,0.0,25.43350304081019,Winter,PRODUCE_PRIORITY
572.0,family_house,0.0,24.938497411078416,0.0,24.938497411078416,0.0,24.938497411078416,Winter,PRODUCE_PRIORITY
572.0,luxury_house,0.0,35.08434768458545,0.0,35.08434768458545,0.0,35.08434768458545,Winter,PRODUCE_PRIORITY
572.0,small_family,0.0,26.520933549151835,0.0,26.520933549151835,0.0,26.520933549151835,Winter,PRODUCE_PRIORITY
573.0,apartment,0.0,23.95110058848444,0.0,23.95110058848444,0.0,23.95110058848444,Winter,PRODUCE_PRIORITY
573.0,family_house,0.0,28.0797325730135,0.0,28.0797325730135,0.0,28.0797325730135,Winter,PRODUCE_PRIORITY
573.0,luxury_house,0.0,34.14285802335474,0.0,34.14285802335474,0.0,34.14285802335474,Winter,PRODUCE_PRIORITY
573.0,small_family,0.0,25.20991103009495,0.0,25.20991103009495,0.0,25.20991103009495,Winter,PRODUCE_PRIORITY
574.0,apartment,1.3136086026387301,3.6399999999999997,0.0,3.6399999999999997,1.3136086026387301,2.3263913973612693,Winter,PRODUCE_PRIORITY
574.0,family_house,2.2230299429270817,10.08,0.0,10.08,2.2230299429270817,7.8569700570729175,Winter,PRODUCE_PRIORITY
574.0,luxury_house,2.5935349334149285,18.0,0.0,18.0,2.5935349334149285,15.40646506658507,Winter,PRODUCE_PRIORITY
574.0,small_family,1.970412903958095,6.5,0.0,6.5,1.970412903958095,4.529587096041905,Winter,PRODUCE_PRIORITY
575.0,apartment,4.068621009658916,3.6399999999999997,0.0,3.6399999999999997,4.068621009658916,-0.42862100965891625,Winter,PRODUCE_PRIORITY
575.0,family_house,6.8853586317304725,10.08,0.0,10.08,6.8853586317304725,3.194641368269527,Winter,PRODUCE_PRIORITY
575.0,luxury_house,8.032918403685551,18.0,0.0,18.0,8.032918403685551,9.967081596314449,Winter,PRODUCE_PRIORITY
575.0,small_family,6.102931514488374,6.5,0.0,6.5,6.102931514488374,0.39706848551162655,Winter,PRODUCE_PRIORITY
576.0,apartment,0.0,3.6399999999999997,0.0,3.6399999999999997,0.0,3.6399999999999997,Winter,PRODUCE_PRIORITY
576.0,family_house,0.0,10.08,0.0,10.08,0.0,10.08,Winter,PRODUCE_PRIORITY
576.0,luxury_house,0.0,18.0,0.0,18.0,0.0,18.0,Winter,PRODUCE_PRIORITY
576.0,small_family,0.0,6.5,0.0,6.5,0.0,6.5,Winter,PRODUCE_PRIORITY
577.0,apartment,1.6586016589743555,3.6399999999999997,0.0,3.6399999999999997,1.6586016589743555,1.981398341025644,Winter,PRODUCE_PRIORITY
577.0,family_house,2.806864345956602,10.08,0.0,10.08,2.806864345956602,7.273135654043398,Winter,PRODUCE_PRIORITY
577.0,luxury_house,3.2746750702827025,18.0,0.0,18.0,3.2746750702827025,14.725324929717297,Winter,PRODUCE_PRIORITY
577.0,small_family,2.4879024884615335,6.5,0.0,6.5,2.4879024884615335,4.0120975115384665,Winter,PRODUCE_PRIORITY
578.0,apartment,2.870010683252827,3.6399999999999997,0.0,3.6399999999999997,2.870010683252827,0.7699893167471726,Winter,PRODUCE_PRIORITY
578.0,family_house,4.856941156274015,10.08,0.0,10.08,4.856941156274015,5.223058843725984,Winter,PRODUCE_PRIORITY
578.0,luxury_house,5.666431348986351,18.0,0.0,18.0,5.666431348986351,12.33356865101365,Winter,PRODUCE_PRIORITY
578.0,small_family,4.305016024879241,6.5,0.0,6.5,4.305016024879241,2.194983975120759,Winter,PRODUCE_PRIORITY
579.0,apartment,3.1685331992819235,3.6399999999999997,0.0,3.6399999999999997,3.1685331992819235,0.47146680071807634,Winter,PRODUCE_PRIORITY
579.0,family_house,5.362133106477101,10.08,0.0,10.08,5.362133106477101,4.717866893522899,Winter,PRODUCE_PRIORITY
579.0,luxury_house,6.255821957556617,18.0,0.0,18.0,6.255821957556617,11.744178042443382,Winter,PRODUCE_PRIORITY
579.0,small_family,4.752799798922885,6.5,0.0,6.5,4.752799798922885,1.7472002010771148,Winter,PRODUCE_PRIORITY
580.0,apartment,2.773020469938692,3.6399999999999997,0.0,3.6399999999999997,2.773020469938692,0.8669795300613078,Winter,PRODUCE_PRIORITY
580.0,family_house,4.692803872203941,10.08,0.0,10.08,4.692803872203941,5.387196127796059,Winter,PRODUCE_PRIORITY
580.0,luxury_house,5.474937850904597,18.0,0.0,18.0,5.474937850904597,12.525062149095405,Winter,PRODUCE_PRIORITY
580.0,small_family,4.159530704908038,6.5,0.0,6.5,4.159530704908038,2.3404692950919626,Winter,PRODUCE_PRIORITY
581.0,apartment,2.06078309598867,3.6399999999999997,0.0,3.6399999999999997,2.06078309598867,1.5792169040113295,Winter,PRODUCE_PRIORITY
581.0,family_house,3.4874790855192876,10.08,0.0,10.08,3.4874790855192876,6.592520914480712,Winter,PRODUCE_PRIORITY
581.0,luxury_house,4.0687255997725025,18.0,0.0,18.0,4.0687255997725025,13.931274400227498,Winter,PRODUCE_PRIORITY
581.0,small_family,3.0911746439830052,6.5,0.0,6.5,3.0911746439830052,3.4088253560169948,Winter,PRODUCE_PRIORITY
582.0,apartment,11.372509273789461,3.6399999999999997,0.0,3.6399999999999997,11.372509273789461,-7.7325092737894625,Winter,PRODUCE_PRIORITY
582.0,family_house,19.245784924874474,10.08,0.0,10.08,19.245784924874474,-9.165784924874474,Winter,PRODUCE_PRIORITY
582.0,luxury_house,22.453415745686886,18.0,0.0,18.0,22.453415745686886,-4.453415745686886,Winter,PRODUCE_PRIORITY
582.0,small_family,17.058763910684192,6.5,0.0,6.5,17.058763910684192,-10.558763910684192,Winter,PRODUCE_PRIORITY
583.0,apartment,11.42980865012964,3.6399999999999997,0.0,3.6399999999999997,11.42980865012964,-7.789808650129641,Winter,PRODUCE_PRIORITY
583.0,family_house,19.34275310021939,10.08,0.0,10.08,19.34275310021939,-9.26275310021939,Winter,PRODUCE_PRIORITY
583.0,luxury_house,22.566545283589292,18.0,0.0,18.0,22.566545283589292,-4.56654528358929,Winter,PRODUCE_PRIORITY
583.0,small_family,17.14471297519446,6.5,0.0,6.5,17.14471297519446,-10.64471297519446,Winter,PRODUCE_PRIORITY
584.0,apartment,11.56907232413847,3.6399999999999997,0.0,3.6399999999999997,11.56907232413847,-7.929072324138469,Winter,PRODUCE_PRIORITY
584.0,family_house,19.57843008700356,10.08,0.0,10.08,19.57843008700356,-9.49843008700356,Winter,PRODUCE_PRIORITY
584.0,luxury_house,22.841501768170822,18.0,0.0,18.0,22.841501768170822,-4.841501768170822,Winter,PRODUCE_PRIORITY
584.0,small_family,17.3536084862077,6.5,0.0,6.5,17.3536084862077,-10.853608486207701,Winter,PRODUCE_PRIORITY
585.0,apartment,12.344142286962482,3.6399999999999997,0.0,3.6399999999999997,12.344142286962482,-8.704142286962481,Winter,PRODUCE_PRIORITY
585.0,family_house,20.890086947167276,10.08,0.0,10.08,20.890086947167276,-10.810086947167278,Winter,PRODUCE_PRIORITY
585.0,luxury_house,24.371768105028494,18.0,0.0,18.0,24.371768105028494,-6.371768105028492,Winter,PRODUCE_PRIORITY
585.0,small_family,18.51621343044372,6.5,0.0,6.5,18.51621343044372,-12.01621343044372,Winter,PRODUCE_PRIORITY
586.0,apartment,13.32206024415543,3.6399999999999997,0.0,3.6399999999999997,13.32206024415543,-9.68206024415543,Winter,PRODUCE_PRIORITY
586.0,family_house,22.54502502857073,10.08,0.0,10.08,22.54502502857073,-12.465025028570729,Winter,PRODUCE_PRIORITY
586.0,luxury_house,26.302529199999185,18.0,0.0,18.0,26.302529199999185,-8.302529199999185,Winter,PRODUCE_PRIORITY
586.0,small_family,19.98309036623315,6.5,0.0,6.5,19.98309036623315,-13.483090366233148,Winter,PRODUCE_PRIORITY
587.0,apartment,14.276839288961376,3.6399999999999997,0.0,3.6399999999999997,14.276839288961376,-10.636839288961376,Winter,PRODUCE_PRIORITY
587.0,family_house,24.160804950550023,10.08,0.0,10.08,24.160804950550023,-14.080804950550023,Winter,PRODUCE_PRIORITY
587.0,luxury_house,28.18760577564169,18.0,0.0,18.0,28.18760577564169,-10.18760577564169,Winter,PRODUCE_PRIORITY
587.0,small_family,21.415258933442065,6.5,0.0,6.5,21.415258933442065,-14.915258933442065,Winter,PRODUCE_PRIORITY
588.0,apartment,15.785583430686781,3.6399999999999997,0.0,3.6399999999999997,15.785583430686781,-12.14558343068678,Winter,PRODUCE_PRIORITY
588.0,family_house,26.714064267316097,10.08,0.0,10.08,26.714064267316097,-16.6340642673161,Winter,PRODUCE_PRIORITY
588.0,luxury_house,31.166408311868775,18.0,0.0,18.0,31.166408311868775,-13.166408311868775,Winter,PRODUCE_PRIORITY
588.0,small_family,23.678375146030174,6.5,0.0,6.5,23.678375146030174,-17.178375146030174,Winter,PRODUCE_PRIORITY
589.0,apartment,16.043365796796845,3.6399999999999997,0.0,3.6399999999999997,16.043365796796845,-12.403365796796844,Winter,PRODUCE_PRIORITY
589.0,family_house,27.150311348425426,10.08,0.0,10.08,27.150311348425426,-17.070311348425427,Winter,PRODUCE_PRIORITY
589.0,luxury_house,31.675363239829668,18.0,0.0,18.0,31.675363239829668,-13.675363239829668,Winter,PRODUCE_PRIORITY
589.0,small_family,24.065048695195266,6.5,0.0,6.5,24.065048695195266,-17.565048695195266,Winter,PRODUCE_PRIORITY
590.0,apartment,17.71012978989475,3.6399999999999997,0.0,3.6399999999999997,17.71012978989475,-14.07012978989475,Winter,PRODUCE_PRIORITY
590.0,family_house,29.9709888752065,10.08,0.0,10.08,29.9709888752065,-19.890988875206503,Winter,PRODUCE_PRIORITY
590.0,luxury_house,34.96615368774091,18.0,0.0,18.0,34.96615368774091,-16.966153687740917,Winter,PRODUCE_PRIORITY
590.0,small_family,26.565194684842126,6.5,0.0,6.5,26.565194684842126,-20.065194684842126,Winter,PRODUCE_PRIORITY
591.0,apartment,17.48055079956192,3.6399999999999997,0.0,3.6399999999999997,17.48055079956192,-13.840550799561921,Winter,PRODUCE_PRIORITY
591.0,family_house,29.582470583874024,10.08,0.0,10.08,29.582470583874024,-19.502470583874025,Winter,PRODUCE_PRIORITY
591.0,luxury_house,34.51288234785303,18.0,0.0,18.0,34.51288234785303,-16.51288234785303,Winter,PRODUCE_PRIORITY
591.0,small_family,26.22082619934288,6.5,0.0,6.5,26.22082619934288,-19.72082619934288,Winter,PRODUCE_PRIORITY
592.0,apartment,13.631912334640218,3.6399999999999997,0.0,3.6399999999999997,13.631912334640218,-9.991912334640217,Winter,PRODUCE_PRIORITY
592.0,family_house,23.069390104775756,10.08,0.0,10.08,23.069390104775756,-12.989390104775756,Winter,PRODUCE_PRIORITY
592.0,luxury_house,26.914288455571715,18.0,0.0,18.0,26.914288455571715,-8.914288455571713,Winter,PRODUCE_PRIORITY
592.0,small_family,20.44786850196033,6.5,0.0,6.5,20.44786850196033,-13.947868501960329,Winter,PRODUCE_PRIORITY
593.0,apartment,10.39364051205688,3.6399999999999997,0.0,3.6399999999999997,10.39364051205688,-6.753640512056879,Winter,PRODUCE_PRIORITY
593.0,family_house,17.589237789634716,10.08,0.0,10.08,17.589237789634716,-7.509237789634717,Winter,PRODUCE_PRIORITY
593.0,luxury_house,20.520777421240506,18.0,0.0,18.0,20.520777421240506,-2.5207774212405054,Winter,PRODUCE_PRIORITY
593.0,small_family,15.590460768085318,6.5,0.0,6.5,15.590460768085318,-9.090460768085318,Winter,PRODUCE_PRIORITY
594.0,apartment,8.529486872759342,30.085425998311862,0.0,30.085425998311862,8.529486872759342,21.55593912555252,Winter,PRODUCE_PRIORITY
594.0,family_house,14.434516246208116,25.068162134116204,0.0,25.068162134116204,14.434516246208116,10.633645887908088,Winter,PRODUCE_PRIORITY
594.0,luxury_house,16.84026895390947,34.14813945756175,0.0,34.14813945756175,16.84026895390947,17.307870503652282,Winter,PRODUCE_PRIORITY
594.0,small_family,12.794230309139012,23.895606559002,0.0,23.895606559002,12.794230309139012,11.101376249862987,Winter,PRODUCE_PRIORITY
595.0,apartment,0.0,26.66064532799656,0.0,26.66064532799656,0.0,26.66064532799656,Winter,PRODUCE_PRIORITY
595.0,family_house,0.0,26.821517284086937,0.0,26.821517284086937,0.0,26.821517284086937,Winter,PRODUCE_PRIORITY
595.0,luxury_house,0.0,30.81150324876256,0.0,30.81150324876256,0.0,30.81150324876256,Winter,PRODUCE_PRIORITY
595.0,small_family,0.0,28.770135236542583,0.0,28.770135236542583,0.0,28.770135236542583,Winter,PRODUCE_PRIORITY
596.0,apartment,0.0,25.800875029938318,0.0,25.800875029938318,0.0,25.800875029938318,Winter,PRODUCE_PRIORITY
596.0,family_house,0.0,31.4837453866312,0.0,31.4837453866312,0.0,31.4837453866312,Winter,PRODUCE_PRIORITY
596.0,luxury_house,0.0,39.65496689775838,0.0,39.65496689775838,0.0,39.65496689775838,Winter,PRODUCE_PRIORITY
596.0,small_family,0.0,25.32332199420562,0.0,25.32332199420562,0.0,25.32332199420562,Winter,PRODUCE_PRIORITY
597.0,apartment,0.0,26.239644384319647,0.0,26.239644384319647,0.0,26.239644384319647,Winter,PRODUCE_PRIORITY
597.0,family_house,0.0,25.14995387890277,0.0,25.14995387890277,0.0,25.14995387890277,Winter,PRODUCE_PRIORITY
597.0,luxury_house,0.0,42.196968430613666,0.0,42.196968430613666,0.0,42.196968430613666,Winter,PRODUCE_PRIORITY
597.0,small_family,0.0,26.479030911335506,0.0,26.479030911335506,0.0,26.479030911335506,Winter,PRODUCE_PRIORITY
598.0,apartment,1.5450092317237434,3.6399999999999997,0.0,3.6399999999999997,1.5450092317237434,2.094990768276256,Winter,PRODUCE_PRIORITY
598.0,family_house,2.6146310075324886,10.08,0.0,10.08,2.6146310075324886,7.4653689924675115,Winter,PRODUCE_PRIORITY
598.0,luxury_house,3.050402842121237,18.0,0.0,18.0,3.050402842121237,14.949597157878763,Winter,PRODUCE_PRIORITY
598.0,small_family,2.317513847585615,6.5,0.0,6.5,2.317513847585615,4.182486152414384,Winter,PRODUCE_PRIORITY
599.0,apartment,4.361801417162046,3.6399999999999997,0.0,3.6399999999999997,4.361801417162046,-0.7218014171620462,Winter,PRODUCE_PRIORITY
599.0,family_house,7.381510090581924,10.08,0.0,10.08,7.381510090581924,2.698489909418076,Winter,PRODUCE_PRIORITY
599.0,luxury_house,8.611761772345579,18.0,0.0,18.0,8.611761772345579,9.388238227654421,Winter,PRODUCE_PRIORITY
599.0,small_family,6.5427021257430695,6.5,0.0,6.5,6.5427021257430695,-0.04270212574306931,Winter,PRODUCE_PRIORITY
600.0,apartment,0.0,3.6399999999999997,0.0,3.6399999999999997,0.0,3.6399999999999997,Winter,PRODUCE_PRIORITY
600.0,family_house,0.0,10.08,0.0,10.08,0.0,10.08,Winter,PRODUCE_PRIORITY
600.0,luxury_house,0.0,18.0,0.0,18.0,0.0,18.0,Winter,PRODUCE_PRIORITY
600.0,small_family,0.0,6.5,0.0,6.5,0.0,6.5,Winter,PRODUCE_PRIORITY
601.0,apartment,1.9295603216052077,3.6399999999999997,0.0,3.6399999999999997,1.9295603216052077,1.710439678394792,Winter,PRODUCE_PRIORITY
601.0,family_house,3.2654097750241977,10.08,0.0,10.08,3.2654097750241977,6.8145902249758015,Winter,PRODUCE_PRIORITY
601.0,luxury_house,3.8096447375282305,18.0,0.0,18.0,3.8096447375282305,14.19035526247177,Winter,PRODUCE_PRIORITY
601.0,small_family,2.894340482407811,6.5,0.0,6.5,2.894340482407811,3.6056595175921884,Winter,PRODUCE_PRIORITY
602.0,apartment,3.0620808918854,3.6399999999999997,0.0,3.6399999999999997,3.0620808918854,0.5779191081145993,Winter,PRODUCE_PRIORITY
602.0,family_house,5.181983047806062,10.08,0.0,10.08,5.181983047806062,4.898016952193937,Winter,PRODUCE_PRIORITY
602.0,luxury_house,6.045646889107073,18.0,0.0,18.0,6.045646889107073,11.954353110892928,Winter,PRODUCE_PRIORITY
602.0,small_family,4.239804311841324,6.5,0.0,6.5,4.239804311841324,2.2601956881586767,Winter,PRODUCE_PRIORITY
603.0,apartment,3.209813038531579,3.6399999999999997,0.0,3.6399999999999997,3.209813038531579,0.43018696146842095,Winter,PRODUCE_PRIORITY
603.0,family_house,5.431991295976518,10.08,0.0,10.08,5.431991295976518,4.648008704023482,Winter,PRODUCE_PRIORITY
603.0,luxury_house,6.913443467606477,18.0,0.0,18.0,6.913443467606477,11.086556532393523,Winter,PRODUCE_PRIORITY
603.0,small_family,4.444356514889878,6.5,0.0,6.5,4.444356514889878,2.0556434851101217,Winter,PRODUCE_PRIORITY
604.0,apartment,3.3207337842809235,3.6399999999999997,0.0,3.6399999999999997,3.3207337842809235,0.31926621571907615,Winter,PRODUCE_PRIORITY
604.0,family_house,5.61970332724464,10.08,0.0,10.08,5.61970332724464,4.46029667275536,Winter,PRODUCE_PRIORITY
604.0,luxury_house,7.152349689220451,18.0,0.0,18.0,7.152349689220451,10.84765031077955,Winter,PRODUCE_PRIORITY
604.0,small_family,4.5979390859274325,6.5,0.0,6.5,4.5979390859274325,1.9020609140725675,Winter,PRODUCE_PRIORITY
605.0,apartment,3.4033816923226414,3.6399999999999997,0.0,3.6399999999999997,3.4033816923226414,0.2366183076773581,Winter,PRODUCE_PRIORITY
605.0,family_house,5.759569017776777,10.08,0.0,10.08,5.759569017776777,4.320430982223222,Winter,PRODUCE_PRIORITY
605.0,luxury_house,7.330360568079535,18.0,0.0,18.0,7.330360568079535,10.669639431920466,Winter,PRODUCE_PRIORITY
605.0,small_family,4.712374650908272,6.5,0.0,6.5,4.712374650908272,1.7876253490917278,Winter,PRODUCE_PRIORITY
606.0,apartment,12.20130365847146,3.6399999999999997,0.0,3.6399999999999997,12.20130365847146,-8.561303658471461,Winter,PRODUCE_PRIORITY
606.0,family_house,20.64836003741324,10.08,0.0,10.08,20.64836003741324,-10.568360037413242,Winter,PRODUCE_PRIORITY
606.0,luxury_house,26.279730956707763,18.0,0.0,18.0,26.279730956707763,-8.279730956707763,Winter,PRODUCE_PRIORITY
606.0,small_family,16.894112757883562,6.5,0.0,6.5,16.894112757883562,-10.39411275788356,Winter,PRODUCE_PRIORITY
607.0,apartment,12.295834798824151,3.6399999999999997,0.0,3.6399999999999997,12.295834798824151,-8.655834798824152,Winter,PRODUCE_PRIORITY
607.0,family_house,20.80833581339472,10.08,0.0,10.08,20.80833581339472,-10.728335813394718,Winter,PRODUCE_PRIORITY
607.0,luxury_house,26.4833364897751,18.0,0.0,18.0,26.4833364897751,-8.483336489775096,Winter,PRODUCE_PRIORITY
607.0,small_family,17.02500202914113,6.5,0.0,6.5,17.02500202914113,-10.525002029141131,Winter,PRODUCE_PRIORITY
608.0,apartment,11.5549791182089,3.6399999999999997,0.0,3.6399999999999997,11.5549791182089,-7.9149791182089,Winter,PRODUCE_PRIORITY
608.0,family_house,19.554580046199675,10.08,0.0,10.08,19.554580046199675,-9.474580046199677,Winter,PRODUCE_PRIORITY
608.0,luxury_house,24.887647331526857,18.0,0.0,18.0,24.887647331526857,-6.887647331526859,Winter,PRODUCE_PRIORITY
608.0,small_family,15.999201855981553,6.5,0.0,6.5,15.999201855981553,-9.499201855981553,Winter,PRODUCE_PRIORITY
609.0,apartment,12.0643581088713,3.6399999999999997,0.0,3.6399999999999997,12.0643581088713,-8.4243581088713,Winter,PRODUCE_PRIORITY
609.0,family_house,20.41660603039758,10.08,0.0,10.08,20.41660603039758,-10.336606030397583,Winter,PRODUCE_PRIORITY
609.0,luxury_house,25.984771311415106,18.0,0.0,18.0,25.984771311415106,-7.9847713114151055,Winter,PRODUCE_PRIORITY
609.0,small_family,16.70449584305257,6.5,0.0,6.5,16.70449584305257,-10.204495843052568,Winter,PRODUCE_PRIORITY
610.0,apartment,13.705931082413002,3.6399999999999997,0.0,3.6399999999999997,13.705931082413002,-10.065931082413002,Winter,PRODUCE_PRIORITY
610.0,family_house,23.194652601006624,10.08,0.0,10.08,23.194652601006624,-13.114652601006624,Winter,PRODUCE_PRIORITY
610.0,luxury_house,29.5204669467357,18.0,0.0,18.0,29.5204669467357,-11.520466946735699,Winter,PRODUCE_PRIORITY
610.0,small_family,18.977443037187236,6.5,0.0,6.5,18.977443037187236,-12.477443037187236,Winter,PRODUCE_PRIORITY
611.0,apartment,14.630960081181817,3.6399999999999997,0.0,3.6399999999999997,14.630960081181817,-10.990960081181816,Winter,PRODUCE_PRIORITY
611.0,family_house,24.760086291230763,10.08,0.0,10.08,24.760086291230763,-14.680086291230767,Winter,PRODUCE_PRIORITY
611.0,luxury_house,31.512837097930067,18.0,0.0,18.0,31.512837097930067,-13.512837097930065,Winter,PRODUCE_PRIORITY
611.0,small_family,20.258252420097897,6.5,0.0,6.5,20.258252420097897,-13.758252420097897,Winter,PRODUCE_PRIORITY
612.0,apartment,16.314213323200057,3.6399999999999997,0.0,3.6399999999999997,16.314213323200057,-12.674213323200059,Winter,PRODUCE_PRIORITY
612.0,family_house,27.608668700800102,10.08,0.0,10.08,27.608668700800102,-17.528668700800104,Winter,PRODUCE_PRIORITY
612.0,luxury_house,35.13830561920013,18.0,0.0,18.0,35.13830561920013,-17.138305619200132,Winter,PRODUCE_PRIORITY
612.0,small_family,22.588910755200082,6.5,0.0,6.5,22.588910755200082,-16.088910755200082,Winter,PRODUCE_PRIORITY
613.0,apartment,16.441958508162983,3.6399999999999997,0.0,3.6399999999999997,16.441958508162983,-12.801958508162985,Winter,PRODUCE_PRIORITY
613.0,family_house,27.824852859968132,10.08,0.0,10.08,27.824852859968132,-17.744852859968134,Winter,PRODUCE_PRIORITY
613.0,luxury_house,35.41344909450489,18.0,0.0,18.0,35.41344909450489,-17.41344909450489,Winter,PRODUCE_PRIORITY
613.0,small_family,22.76578870361029,6.5,0.0,6.5,22.76578870361029,-16.26578870361029,Winter,PRODUCE_PRIORITY
614.0,apartment,17.5697044024089,3.6399999999999997,0.0,3.6399999999999997,17.5697044024089,-13.929704402408898,Winter,PRODUCE_PRIORITY
614.0,family_house,29.733345911768907,10.08,0.0,10.08,29.733345911768907,-19.65334591176891,Winter,PRODUCE_PRIORITY
614.0,luxury_house,37.842440251342246,18.0,0.0,18.0,37.842440251342246,-19.842440251342246,Winter,PRODUCE_PRIORITY
614.0,small_family,24.327283018720017,6.5,0.0,6.5,24.327283018720017,-17.827283018720017,Winter,PRODUCE_PRIORITY
615.0,apartment,17.80156220339094,3.6399999999999997,0.0,3.6399999999999997,17.80156220339094,-14.161562203390938,Winter,PRODUCE_PRIORITY
615.0,family_house,30.125720651892358,10.08,0.0,10.08,30.125720651892358,-20.04572065189236,Winter,PRODUCE_PRIORITY
615.0,luxury_house,38.341826284226634,18.0,0.0,18.0,38.341826284226634,-20.341826284226634,Winter,PRODUCE_PRIORITY
615.0,small_family,24.64831689700284,6.5,0.0,6.5,24.64831689700284,-18.14831689700284,Winter,PRODUCE_PRIORITY
616.0,apartment,14.637177837575406,3.6399999999999997,0.0,3.6399999999999997,14.637177837575406,-10.997177837575405,Winter,PRODUCE_PRIORITY
616.0,family_house,24.770608648204533,10.08,0.0,10.08,24.770608648204533,-14.690608648204535,Winter,PRODUCE_PRIORITY
616.0,luxury_house,31.52622918862395,18.0,0.0,18.0,31.52622918862395,-13.526229188623951,Winter,PRODUCE_PRIORITY
616.0,small_family,20.266861621258254,6.5,0.0,6.5,20.266861621258254,-13.766861621258254,Winter,PRODUCE_PRIORITY
617.0,apartment,9.467024476686937,3.6399999999999997,0.0,3.6399999999999997,9.467024476686937,-5.827024476686937,Winter,PRODUCE_PRIORITY
617.0,family_house,16.021118345162506,10.08,0.0,10.08,16.021118345162506,-5.941118345162508,Winter,PRODUCE_PRIORITY
617.0,luxury_house,20.390514257479555,18.0,0.0,18.0,20.390514257479555,-2.3905142574795555,Winter,PRODUCE_PRIORITY
617.0,small_family,13.108187736951143,6.5,0.0,6.5,13.108187736951143,-6.608187736951143,Winter,PRODUCE_PRIORITY
618.0,apartment,7.034037773952142,17.49789758793801,0.0,17.49789758793801,7.034037773952142,10.463859813985867,Winter,PRODUCE_PRIORITY
618.0,family_house,11.903756232842087,28.033011249427027,0.0,28.033011249427027,11.903756232842087,16.129255016584942,Winter,PRODUCE_PRIORITY
618.0,luxury_house,15.150235205435381,39.99275499194243,0.0,39.99275499194243,15.150235205435381,24.842519786507044,Winter,PRODUCE_PRIORITY
618.0,small_family,9.739436917779889,28.61058002039762,0.0,28.61058002039762,9.739436917779889,18.87114310261773,Winter,PRODUCE_PRIORITY
619.0,apartment,0.0,20.802825050190183,0.0,20.802825050190183,0.0,20.802825050190183,Winter,PRODUCE_PRIORITY
619.0,family_house,0.0,32.43938941238907,0.0,32.43938941238907,0.0,32.43938941238907,Winter,PRODUCE_PRIORITY
619.0,luxury_house,0.0,34.93089908676904,0.0,34.93089908676904,0.0,34.93089908676904,Winter,PRODUCE_PRIORITY
619.0,small_family,0.0,27.229192919437466,0.0,27.229192919437466,0.0,27.229192919437466,Winter,PRODUCE_PRIORITY
620.0,apartment,0.0,21.482052854722994,0.0,21.482052854722994,0.0,21.482052854722994,Winter,PRODUCE_PRIORITY
620.0,family_house,0.0,26.749835214251075,0.0,26.749835214251075,0.0,26.749835214251075,Winter,PRODUCE_PRIORITY
620.0,luxury_house,0.0,34.11657455480498,0.0,34.11657455480498,0.0,34.11657455480498,Winter,PRODUCE_PRIORITY
620.0,small_family,0.0,24.246564793880367,0.0,24.246564793880367,0.0,24.246564793880367,Winter,PRODUCE_PRIORITY
621.0,apartment,0.0,29.779474447488298,0.0,29.779474447488298,0.0,29.779474447488298,Winter,PRODUCE_PRIORITY
621.0,family_house,0.0,27.216900239270146,0.0,27.216900239270146,0.0,27.216900239270146,Winter,PRODUCE_PRIORITY
621.0,luxury_house,0.0,34.9761248112913,0.0,34.9761248112913,0.0,34.9761248112913,Winter,PRODUCE_PRIORITY
621.0,small_family,0.0,30.0367377588587,0.0,30.0367377588587,0.0,30.0367377588587,Winter,PRODUCE_PRIORITY
622.0,apartment,1.341065817810913,3.6399999999999997,0.0,3.6399999999999997,1.341065817810913,2.298934182189087,Winter,PRODUCE_PRIORITY
622.0,family_house,2.269495999372314,10.08,0.0,10.08,2.269495999372314,7.810504000627686,Winter,PRODUCE_PRIORITY
622.0,luxury_house,2.8884494537465812,18.0,0.0,18.0,2.8884494537465812,15.111550546253419,Winter,PRODUCE_PRIORITY
622.0,small_family,1.8568603631228027,6.5,0.0,6.5,1.8568603631228027,4.643139636877198,Winter,PRODUCE_PRIORITY
623.0,apartment,4.121299350666774,3.6399999999999997,0.0,3.6399999999999997,4.121299350666774,-0.4812993506667745,Winter,PRODUCE_PRIORITY
623.0,family_house,6.97450659343608,10.08,0.0,10.08,6.97450659343608,3.10549340656392,Winter,PRODUCE_PRIORITY
623.0,luxury_house,8.876644755282284,18.0,0.0,18.0,8.876644755282284,9.123355244717716,Winter,PRODUCE_PRIORITY
623.0,small_family,5.706414485538611,6.5,0.0,6.5,5.706414485538611,0.793585514461389,Winter,PRODUCE_PRIORITY
624.0,apartment,0.0,3.6399999999999997,0.0,3.6399999999999997,0.0,3.6399999999999997,Winter,PRODUCE_PRIORITY
624.0,family_house,0.0,10.08,0.0,10.08,0.0,10.08,Winter,PRODUCE_PRIORITY
624.0,luxury_house,0.0,18.0,0.0,18.0,0.0,18.0,Winter,PRODUCE_PRIORITY
624.0,small_family,0.0,6.5,0.0,6.5,0.0,6.5,Winter,PRODUCE_PRIORITY
625.0,apartment,1.8223843719161619,3.6399999999999997,0.0,3.6399999999999997,1.8223843719161619,1.8176156280838376,Winter,PRODUCE_PRIORITY
625.0,family_house,3.0840350909350436,10.08,0.0,10.08,3.0840350909350436,6.9959649090649565,Winter,PRODUCE_PRIORITY
625.0,luxury_house,3.9251355702809647,18.0,0.0,18.0,3.9251355702809647,14.074864429719035,Winter,PRODUCE_PRIORITY
625.0,small_family,2.5233014380377625,6.5,0.0,6.5,2.5233014380377625,3.9766985619622375,Winter,PRODUCE_PRIORITY
626.0,apartment,2.7902329482646246,3.6399999999999997,0.0,3.6399999999999997,2.7902329482646246,0.849767051735375,Winter,PRODUCE_PRIORITY
626.0,family_house,4.721932681678595,10.08,0.0,10.08,4.721932681678595,5.358067318321404,Winter,PRODUCE_PRIORITY
626.0,luxury_house,6.009732503954577,18.0,0.0,18.0,6.009732503954577,11.990267496045423,Winter,PRODUCE_PRIORITY
626.0,small_family,3.863399466827942,6.5,0.0,6.5,3.863399466827942,2.636600533172058,Winter,PRODUCE_PRIORITY
627.0,apartment,2.926057740581627,3.6399999999999997,0.0,3.6399999999999997,2.926057740581627,0.713942259418373,Winter,PRODUCE_PRIORITY
627.0,family_house,4.9517900225227525,10.08,0.0,10.08,4.9517900225227525,5.128209977477248,Winter,PRODUCE_PRIORITY
627.0,luxury_house,6.302278210483503,18.0,0.0,18.0,6.302278210483503,11.697721789516496,Winter,PRODUCE_PRIORITY
627.0,small_family,4.051464563882252,6.5,0.0,6.5,4.051464563882252,2.4485354361177474,Winter,PRODUCE_PRIORITY
628.0,apartment,3.121050782134428,3.6399999999999997,0.0,3.6399999999999997,3.121050782134428,0.5189492178655715,Winter,PRODUCE_PRIORITY
628.0,family_house,5.281778246689032,10.08,0.0,10.08,5.281778246689032,4.798221753310967,Winter,PRODUCE_PRIORITY
628.0,luxury_house,6.722263223058768,18.0,0.0,18.0,6.722263223058768,11.277736776941232,Winter,PRODUCE_PRIORITY
628.0,small_family,4.321454929109208,6.5,0.0,6.5,4.321454929109208,2.1785450708907916,Winter,PRODUCE_PRIORITY
629.0,apartment,3.1789513921642008,3.6399999999999997,0.0,3.6399999999999997,3.1789513921642008,0.46104860783579876,Winter,PRODUCE_PRIORITY
629.0,family_house,5.379763894431725,10.08,0.0,10.08,5.379763894431725,4.700236105568275,Winter,PRODUCE_PRIORITY
629.0,luxury_house,6.846972229276741,18.0,0.0,18.0,6.846972229276741,11.15302777072326,Winter,PRODUCE_PRIORITY
629.0,small_family,4.401625004535047,6.5,0.0,6.5,4.401625004535047,2.098374995464953,Winter,PRODUCE_PRIORITY
630.0,apartment,11.700571946945836,3.6399999999999997,0.0,3.6399999999999997,11.700571946945836,-8.060571946945837,Winter,PRODUCE_PRIORITY
630.0,family_house,19.80096791021603,10.08,0.0,10.08,19.80096791021603,-9.720967910216032,Winter,PRODUCE_PRIORITY
630.0,luxury_house,25.201231885729495,18.0,0.0,18.0,25.201231885729495,-7.201231885729495,Winter,PRODUCE_PRIORITY
630.0,small_family,16.20079192654039,6.5,0.0,6.5,16.20079192654039,-9.700791926540388,Winter,PRODUCE_PRIORITY
631.0,apartment,11.607469777185907,3.6399999999999997,0.0,3.6399999999999997,11.607469777185907,-7.967469777185906,Winter,PRODUCE_PRIORITY
631.0,family_house,19.643410392160767,10.08,0.0,10.08,19.643410392160767,-9.563410392160765,Winter,PRODUCE_PRIORITY
631.0,luxury_house,25.000704135477342,18.0,0.0,18.0,25.000704135477342,-7.00070413547734,Winter,PRODUCE_PRIORITY
631.0,small_family,16.071881229949717,6.5,0.0,6.5,16.071881229949717,-9.571881229949717,Winter,PRODUCE_PRIORITY
632.0,apartment,11.740652204004398,3.6399999999999997,0.0,3.6399999999999997,11.740652204004398,-8.1006522040044,Winter,PRODUCE_PRIORITY
632.0,family_house,19.868796037545906,10.08,0.0,10.08,19.868796037545906,-9.788796037545907,Winter,PRODUCE_PRIORITY
632.0,luxury_house,25.287558593240245,18.0,0.0,18.0,25.287558593240245,-7.287558593240245,Winter,PRODUCE_PRIORITY
632.0,small_family,16.256287667083015,6.5,0.0,6.5,16.256287667083015,-9.756287667083013,Winter,PRODUCE_PRIORITY
633.0,apartment,12.56111345186354,3.6399999999999997,0.0,3.6399999999999997,12.56111345186354,-8.92111345186354,Winter,PRODUCE_PRIORITY
633.0,family_house,21.257268918538294,10.08,0.0,10.08,21.257268918538294,-11.177268918538296,Winter,PRODUCE_PRIORITY
633.0,luxury_house,27.054705896321465,18.0,0.0,18.0,27.054705896321465,-9.054705896321467,Winter,PRODUCE_PRIORITY
633.0,small_family,18.841670177795308,6.5,0.0,6.5,18.841670177795308,-12.34167017779531,Winter,PRODUCE_PRIORITY
634.0,apartment,13.289352783711992,3.6399999999999997,0.0,3.6399999999999997,13.289352783711992,-9.649352783711992,Winter,PRODUCE_PRIORITY
634.0,family_house,22.48967394166645,10.08,0.0,10.08,22.48967394166645,-12.409673941666451,Winter,PRODUCE_PRIORITY
634.0,luxury_house,28.623221380302752,18.0,0.0,18.0,28.623221380302752,-10.623221380302752,Winter,PRODUCE_PRIORITY
634.0,small_family,19.93402917556799,6.5,0.0,6.5,19.93402917556799,-13.43402917556799,Winter,PRODUCE_PRIORITY
635.0,apartment,14.209189529230658,3.6399999999999997,0.0,3.6399999999999997,14.209189529230658,-10.569189529230657,Winter,PRODUCE_PRIORITY
635.0,family_house,24.046320741774956,10.08,0.0,10.08,24.046320741774956,-13.966320741774958,Winter,PRODUCE_PRIORITY
635.0,luxury_house,30.60440821680449,18.0,0.0,18.0,30.60440821680449,-12.60440821680449,Winter,PRODUCE_PRIORITY
635.0,small_family,21.313784293845988,6.5,0.0,6.5,21.313784293845988,-14.813784293845988,Winter,PRODUCE_PRIORITY
636.0,apartment,15.091610425049423,3.6399999999999997,0.0,3.6399999999999997,15.091610425049423,-11.451610425049422,Winter,PRODUCE_PRIORITY
636.0,family_house,25.539648411622103,10.08,0.0,10.08,25.539648411622103,-15.459648411622103,Winter,PRODUCE_PRIORITY
636.0,luxury_house,32.50500706933722,18.0,0.0,18.0,32.50500706933722,-14.50500706933722,Winter,PRODUCE_PRIORITY
636.0,small_family,22.637415637574136,6.5,0.0,6.5,22.637415637574136,-16.137415637574136,Winter,PRODUCE_PRIORITY
637.0,apartment,16.061948409707774,3.6399999999999997,0.0,3.6399999999999997,16.061948409707774,-12.421948409707776,Winter,PRODUCE_PRIORITY
637.0,family_house,27.18175884719777,10.08,0.0,10.08,27.18175884719777,-17.10175884719777,Winter,PRODUCE_PRIORITY
637.0,luxury_house,34.59496580552444,18.0,0.0,18.0,34.59496580552444,-16.59496580552444,Winter,PRODUCE_PRIORITY
637.0,small_family,24.09292261456166,6.5,0.0,6.5,24.09292261456166,-17.59292261456166,Winter,PRODUCE_PRIORITY
638.0,apartment,17.12654351232245,3.6399999999999997,0.0,3.6399999999999997,17.12654351232245,-13.48654351232245,Winter,PRODUCE_PRIORITY
638.0,family_house,28.98338132854569,10.08,0.0,10.08,28.98338132854569,-18.90338132854569,Winter,PRODUCE_PRIORITY
638.0,luxury_house,36.88793987269451,18.0,0.0,18.0,36.88793987269451,-18.88793987269451,Winter,PRODUCE_PRIORITY
638.0,small_family,25.68981526848368,6.5,0.0,6.5,25.68981526848368,-19.18981526848368,Winter,PRODUCE_PRIORITY
639.0,apartment,16.947202912320797,3.6399999999999997,0.0,3.6399999999999997,16.947202912320797,-13.307202912320797,Winter,PRODUCE_PRIORITY
639.0,family_house,28.67988185161981,10.08,0.0,10.08,28.67988185161981,-18.599881851619813,Winter,PRODUCE_PRIORITY
639.0,luxury_house,36.50166781115249,18.0,0.0,18.0,36.50166781115249,-18.501667811152487,Winter,PRODUCE_PRIORITY
639.0,small_family,25.4208043684812,6.5,0.0,6.5,25.4208043684812,-18.9208043684812,Winter,PRODUCE_PRIORITY
640.0,apartment,12.81841492152627,3.6399999999999997,0.0,3.6399999999999997,12.81841492152627,-9.17841492152627,Winter,PRODUCE_PRIORITY
640.0,family_house,21.692702174890613,10.08,0.0,10.08,21.692702174890613,-11.612702174890613,Winter,PRODUCE_PRIORITY
640.0,luxury_house,27.60889367713351,18.0,0.0,18.0,27.60889367713351,-9.608893677133509,Winter,PRODUCE_PRIORITY
640.0,small_family,19.227622382289404,6.5,0.0,6.5,19.227622382289404,-12.727622382289406,Winter,PRODUCE_PRIORITY
641.0,apartment,9.6372082626755,3.6399999999999997,0.0,3.6399999999999997,9.6372082626755,-5.997208262675501,Winter,PRODUCE_PRIORITY
641.0,family_house,16.309121675297,10.08,0.0,10.08,16.309121675297,-6.229121675297002,Winter,PRODUCE_PRIORITY
641.0,luxury_house,20.757063950378004,18.0,0.0,18.0,20.757063950378004,-2.7570639503780026,Winter,PRODUCE_PRIORITY
641.0,small_family,14.45581239401325,6.5,0.0,6.5,14.45581239401325,-7.95581239401325,Winter,PRODUCE_PRIORITY
642.0,apartment,7.731207775664631,22.651188718409234,0.0,22.651188718409234,7.731207775664631,14.919980942744603,Winter,PRODUCE_PRIORITY
642.0,family_house,13.083582389586297,25.763093861457158,0.0,25.763093861457158,13.083582389586297,12.67951147187086,Winter,PRODUCE_PRIORITY
642.0,luxury_house,16.65183213220074,41.215340552058336,0.0,41.215340552058336,16.65183213220074,24.563508419857598,Winter,PRODUCE_PRIORITY
642.0,small_family,11.596811663496945,27.82594224625381,0.0,27.82594224625381,11.596811663496945,16.229130582756863,Winter,PRODUCE_PRIORITY
643.0,apartment,0.0,24.710495936980607,0.0,24.710495936980607,0.0,24.710495936980607,Winter,PRODUCE_PRIORITY
643.0,family_house,0.0,25.897100669297078,0.0,25.897100669297078,0.0,25.897100669297078,Winter,PRODUCE_PRIORITY
643.0,luxury_house,0.0,33.080297971286804,0.0,33.080297971286804,0.0,33.080297971286804,Winter,PRODUCE_PRIORITY
643.0,small_family,0.0,18.338420925977438,0.0,18.338420925977438,0.0,18.338420925977438,Winter,PRODUCE_PRIORITY
644.0,apartment,0.0,22.228853094766116,0.0,22.228853094766116,0.0,22.228853094766116,Winter,PRODUCE_PRIORITY
644.0,family_house,0.0,27.446263459213014,0.0,27.446263459213014,0.0,27.446263459213014,Winter,PRODUCE_PRIORITY
644.0,luxury_house,0.0,35.411841543566084,0.0,35.411841543566084,0.0,35.411841543566084,Winter,PRODUCE_PRIORITY
644.0,small_family,0.0,28.056502881264446,0.0,28.056502881264446,0.0,28.056502881264446,Winter,PRODUCE_PRIORITY
645.0,apartment,0.0,25.151529759235345,0.0,25.151529759235345,0.0,25.151529759235345,Winter,PRODUCE_PRIORITY
645.0,family_house,0.0,27.639539208737062,0.0,27.639539208737062,0.0,27.639539208737062,Winter,PRODUCE_PRIORITY
645.0,luxury_house,0.0,32.24665488637667,0.0,32.24665488637667,0.0,32.24665488637667,Winter,PRODUCE_PRIORITY
645.0,small_family,0.0,19.482640237463183,0.0,19.482640237463183,0.0,19.482640237463183,Winter,PRODUCE_PRIORITY
646.0,apartment,0.5921953434575284,3.6399999999999997,0.0,3.6399999999999997,0.5921953434575284,3.0478046565424712,Winter,PRODUCE_PRIORITY
646.0,family_house,1.0021767350819712,10.08,0.0,10.08,1.0021767350819712,9.07782326491803,Winter,PRODUCE_PRIORITY
646.0,luxury_house,1.2754976628315995,18.0,0.0,18.0,1.2754976628315995,16.7245023371684,Winter,PRODUCE_PRIORITY
646.0,small_family,0.8882930151862927,6.5,0.0,6.5,0.8882930151862927,5.611706984813708,Winter,PRODUCE_PRIORITY
647.0,apartment,3.2405386786959407,3.6399999999999997,0.0,3.6399999999999997,3.2405386786959407,0.399461321304059,Winter,PRODUCE_PRIORITY
647.0,family_house,5.483988533177746,10.08,0.0,10.08,5.483988533177746,4.5960114668222545,Winter,PRODUCE_PRIORITY
647.0,luxury_house,6.979621769498949,18.0,0.0,18.0,6.979621769498949,11.020378230501052,Winter,PRODUCE_PRIORITY
647.0,small_family,4.860808018043911,6.5,0.0,6.5,4.860808018043911,1.6391919819560894,Winter,PRODUCE_PRIORITY
648.0,apartment,0.0,3.6399999999999997,0.0,3.6399999999999997,0.0,3.6399999999999997,Winter,PRODUCE_PRIORITY
648.0,family_house,0.0,10.08,0.0,10.08,0.0,10.08,Winter,PRODUCE_PRIORITY
648.0,luxury_house,0.0,18.0,0.0,18.0,0.0,18.0,Winter,PRODUCE_PRIORITY
648.0,small_family,0.0,6.5,0.0,6.5,0.0,6.5,Winter,PRODUCE_PRIORITY
649.0,apartment,0.9588316998330642,3.6399999999999997,0.0,3.6399999999999997,0.9588316998330642,2.6811683001669353,Winter,PRODUCE_PRIORITY
649.0,family_house,1.6226382612559547,10.08,0.0,10.08,1.6226382612559547,8.457361738744044,Winter,PRODUCE_PRIORITY
649.0,luxury_house,2.0651759688712152,18.0,0.0,18.0,2.0651759688712152,15.934824031128784,Winter,PRODUCE_PRIORITY
649.0,small_family,1.4382475497495963,6.5,0.0,6.5,1.4382475497495963,5.061752450250404,Winter,PRODUCE_PRIORITY
650.0,apartment,2.564884536591142,3.6399999999999997,0.0,3.6399999999999997,2.564884536591142,1.0751154634088576,Winter,PRODUCE_PRIORITY
650.0,family_house,4.340573831154241,10.08,0.0,10.08,4.340573831154241,5.739426168845759,Winter,PRODUCE_PRIORITY
650.0,luxury_house,5.524366694196306,18.0,0.0,18.0,5.524366694196306,12.475633305803694,Winter,PRODUCE_PRIORITY
650.0,small_family,3.847326804886713,6.5,0.0,6.5,3.847326804886713,2.652673195113287,Winter,PRODUCE_PRIORITY
651.0,apartment,2.3685474308163967,3.6399999999999997,0.0,3.6399999999999997,2.3685474308163967,1.2714525691836027,Winter,PRODUCE_PRIORITY
651.0,family_house,4.0083110367662105,10.08,0.0,10.08,4.0083110367662105,6.07168896323379,Winter,PRODUCE_PRIORITY
651.0,luxury_house,5.101486774066085,18.0,0.0,18.0,5.101486774066085,12.898513225933915,Winter,PRODUCE_PRIORITY
651.0,small_family,3.552821146224595,6.5,0.0,6.5,3.552821146224595,2.947178853775405,Winter,PRODUCE_PRIORITY
652.0,apartment,3.405600815553123,3.6399999999999997,0.0,3.6399999999999997,3.405600815553123,0.23439918444687674,Winter,PRODUCE_PRIORITY
652.0,family_house,5.7633244570899,10.08,0.0,10.08,5.7633244570899,4.316675542910099,Winter,PRODUCE_PRIORITY
652.0,luxury_house,7.335140218114418,18.0,0.0,18.0,7.335140218114418,10.664859781885582,Winter,PRODUCE_PRIORITY
652.0,small_family,5.108401223329684,6.5,0.0,6.5,5.108401223329684,1.3915987766703157,Winter,PRODUCE_PRIORITY
653.0,apartment,3.4788148844986115,3.6399999999999997,0.0,3.6399999999999997,3.4788148844986115,0.16118511550138792,Winter,PRODUCE_PRIORITY
653.0,family_house,5.887225189151497,10.08,0.0,10.08,5.887225189151497,4.192774810848503,Winter,PRODUCE_PRIORITY
653.0,luxury_house,7.492832058920087,18.0,0.0,18.0,7.492832058920087,10.507167941079913,Winter,PRODUCE_PRIORITY
653.0,small_family,5.2182223267479175,6.5,0.0,6.5,5.2182223267479175,1.281777673252083,Winter,PRODUCE_PRIORITY
654.0,apartment,12.5077803898449,3.6399999999999997,0.0,3.6399999999999997,12.5077803898449,-8.867780389844901,Winter,PRODUCE_PRIORITY
654.0,family_house,21.167012967429834,10.08,0.0,10.08,21.167012967429834,-11.087012967429834,Winter,PRODUCE_PRIORITY
654.0,luxury_house,26.93983468581979,18.0,0.0,18.0,26.93983468581979,-8.93983468581979,Winter,PRODUCE_PRIORITY
654.0,small_family,18.76167058476735,6.5,0.0,6.5,18.76167058476735,-12.261670584767351,Winter,PRODUCE_PRIORITY
655.0,apartment,12.668263219377597,3.6399999999999997,0.0,3.6399999999999997,12.668263219377597,-9.028263219377596,Winter,PRODUCE_PRIORITY
655.0,family_house,21.438599294331315,10.08,0.0,10.08,21.438599294331315,-11.358599294331315,Winter,PRODUCE_PRIORITY
655.0,luxury_house,27.285490010967127,18.0,0.0,18.0,27.285490010967127,-9.285490010967127,Winter,PRODUCE_PRIORITY
655.0,small_family,19.002394829066397,6.5,0.0,6.5,19.002394829066397,-12.502394829066395,Winter,PRODUCE_PRIORITY
656.0,apartment,12.529897799629463,3.6399999999999997,0.0,3.6399999999999997,12.529897799629463,-8.889897799629463,Winter,PRODUCE_PRIORITY
656.0,family_house,21.204442430142166,10.08,0.0,10.08,21.204442430142166,-11.124442430142167,Winter,PRODUCE_PRIORITY
656.0,luxury_house,26.987472183817303,18.0,0.0,18.0,26.987472183817303,-8.987472183817305,Winter,PRODUCE_PRIORITY
656.0,small_family,18.794846699444193,6.5,0.0,6.5,18.794846699444193,-12.294846699444193,Winter,PRODUCE_PRIORITY
657.0,apartment,12.516981966621387,3.6399999999999997,0.0,3.6399999999999997,12.516981966621387,-8.876981966621386,Winter,PRODUCE_PRIORITY
657.0,family_house,21.18258486659004,10.08,0.0,10.08,21.18258486659004,-11.10258486659004,Winter,PRODUCE_PRIORITY
657.0,luxury_house,26.959653466569144,18.0,0.0,18.0,26.959653466569144,-8.959653466569142,Winter,PRODUCE_PRIORITY
657.0,small_family,18.77547294993208,6.5,0.0,6.5,18.77547294993208,-12.27547294993208,Winter,PRODUCE_PRIORITY
658.0,apartment,14.670486844388245,3.6399999999999997,0.0,3.6399999999999997,14.670486844388245,-11.030486844388244,Winter,PRODUCE_PRIORITY
658.0,family_house,24.826977736657028,10.08,0.0,10.08,24.826977736657028,-14.746977736657028,Winter,PRODUCE_PRIORITY
658.0,luxury_house,31.59797166483622,18.0,0.0,18.0,31.59797166483622,-13.59797166483622,Winter,PRODUCE_PRIORITY
658.0,small_family,22.005730266582365,6.5,0.0,6.5,22.005730266582365,-15.505730266582365,Winter,PRODUCE_PRIORITY
659.0,apartment,15.659714561315171,3.6399999999999997,0.0,3.6399999999999997,15.659714561315171,-12.01971456131517,Winter,PRODUCE_PRIORITY
659.0,family_house,26.501055411456445,10.08,0.0,10.08,26.501055411456445,-16.421055411456447,Winter,PRODUCE_PRIORITY
659.0,luxury_house,33.72861597821729,18.0,0.0,18.0,33.72861597821729,-15.728615978217292,Winter,PRODUCE_PRIORITY
659.0,small_family,23.489571841972758,6.5,0.0,6.5,23.489571841972758,-16.989571841972758,Winter,PRODUCE_PRIORITY
660.0,apartment,14.947212258957084,3.6399999999999997,0.0,3.6399999999999997,14.947212258957084,-11.307212258957083,Winter,PRODUCE_PRIORITY
660.0,family_house,25.295282284388914,10.08,0.0,10.08,25.295282284388914,-15.215282284388916,Winter,PRODUCE_PRIORITY
660.0,luxury_house,32.193995634676796,18.0,0.0,18.0,32.193995634676796,-14.1939956346768,Winter,PRODUCE_PRIORITY
660.0,small_family,22.420818388435627,6.5,0.0,6.5,22.420818388435627,-15.920818388435626,Winter,PRODUCE_PRIORITY
661.0,apartment,16.36655694583105,3.6399999999999997,0.0,3.6399999999999997,16.36655694583105,-12.72655694583105,Winter,PRODUCE_PRIORITY
661.0,family_house,27.69725021602178,10.08,0.0,10.08,27.69725021602178,-17.61725021602178,Winter,PRODUCE_PRIORITY
661.0,luxury_house,35.251045729482264,18.0,0.0,18.0,35.251045729482264,-17.251045729482264,Winter,PRODUCE_PRIORITY
661.0,small_family,24.549835418746575,6.5,0.0,6.5,24.549835418746575,-18.049835418746575,Winter,PRODUCE_PRIORITY
662.0,apartment,17.878635144928747,3.6399999999999997,0.0,3.6399999999999997,17.878635144928747,-14.238635144928747,Winter,PRODUCE_PRIORITY
662.0,family_house,30.256151783725578,10.08,0.0,10.08,30.256151783725578,-20.17615178372558,Winter,PRODUCE_PRIORITY
662.0,luxury_house,38.50782954292346,18.0,0.0,18.0,38.50782954292346,-20.507829542923457,Winter,PRODUCE_PRIORITY
662.0,small_family,26.817952717393123,6.5,0.0,6.5,26.817952717393123,-20.317952717393123,Winter,PRODUCE_PRIORITY
663.0,apartment,16.845229976507767,3.6399999999999997,0.0,3.6399999999999997,16.845229976507767,-13.205229976507765,Winter,PRODUCE_PRIORITY
663.0,family_house,28.507312267936214,10.08,0.0,10.08,28.507312267936214,-18.427312267936216,Winter,PRODUCE_PRIORITY
663.0,luxury_house,36.282033795555186,18.0,0.0,18.0,36.282033795555186,-18.282033795555186,Winter,PRODUCE_PRIORITY
663.0,small_family,25.267844964761643,6.5,0.0,6.5,25.267844964761643,-18.767844964761643,Winter,PRODUCE_PRIORITY
664.0,apartment,15.437773742667616,3.6399999999999997,0.0,3.6399999999999997,15.437773742667616,-11.797773742667616,Winter,PRODUCE_PRIORITY
664.0,family_house,26.125463256822123,10.08,0.0,10.08,26.125463256822123,-16.045463256822124,Winter,PRODUCE_PRIORITY
664.0,luxury_house,33.25058959959179,18.0,0.0,18.0,33.25058959959179,-15.250589599591791,Winter,PRODUCE_PRIORITY
664.0,small_family,23.156660614001424,6.5,0.0,6.5,23.156660614001424,-16.656660614001424,Winter,PRODUCE_PRIORITY
665.0,apartment,12.923155811697075,3.6399999999999997,0.0,3.6399999999999997,12.923155811697075,-9.283155811697075,Winter,PRODUCE_PRIORITY
665.0,family_house,21.86995598902582,10.08,0.0,10.08,21.86995598902582,-11.789955989025819,Winter,PRODUCE_PRIORITY
665.0,luxury_house,27.834489440578313,18.0,0.0,18.0,27.834489440578313,-9.834489440578313,Winter,PRODUCE_PRIORITY
665.0,small_family,19.38473371754561,6.5,0.0,6.5,19.38473371754561,-12.884733717545613,Winter,PRODUCE_PRIORITY
666.0,apartment,8.619453662558918,26.765172304383224,0.0,26.765172304383224,8.619453662558918,18.145718641824306,Winter,PRODUCE_PRIORITY
666.0,family_house,14.586767736638167,27.198439895457337,0.0,27.198439895457337,14.586767736638167,12.611672158819168,Winter,PRODUCE_PRIORITY
666.0,luxury_house,18.564977119357668,39.11609748923757,0.0,39.11609748923757,18.564977119357668,20.5511203698799,Winter,PRODUCE_PRIORITY
666.0,small_family,12.929180493838375,25.476244669487812,0.0,25.476244669487812,12.929180493838375,12.547064175649435,Winter,PRODUCE_PRIORITY
667.0,apartment,0.0,21.79523716679538,0.0,21.79523716679538,0.0,21.79523716679538,Winter,PRODUCE_PRIORITY
667.0,family_house,0.0,33.30324419985988,0.0,33.30324419985988,0.0,33.30324419985988,Winter,PRODUCE_PRIORITY
667.0,luxury_house,0.0,40.516589213362316,0.0,40.516589213362316,0.0,40.516589213362316,Winter,PRODUCE_PRIORITY
667.0,small_family,0.0,27.482934256178467,0.0,27.482934256178467,0.0,27.482934256178467,Winter,PRODUCE_PRIORITY
668.0,apartment,0.0,18.08386183220307,0.0,18.08386183220307,0.0,18.08386183220307,Winter,PRODUCE_PRIORITY
668.0,family_house,0.0,25.067102532582098,0.0,25.067102532582098,0.0,25.067102532582098,Winter,PRODUCE_PRIORITY
668.0,luxury_house,0.0,34.68235443229473,0.0,34.68235443229473,0.0,34.68235443229473,Winter,PRODUCE_PRIORITY
668.0,small_family,0.0,30.617026368853274,0.0,30.617026368853274,0.0,30.617026368853274,Winter,PRODUCE_PRIORITY
669.0,apartment,0.23603014689180493,18.177799537227916,0.0,18.177799537227916,0.23603014689180493,17.941769390336113,Winter,PRODUCE_PRIORITY
669.0,family_house,0.399435633201516,31.56404169543151,0.0,31.56404169543151,0.399435633201516,31.164606062229993,Winter,PRODUCE_PRIORITY
669.0,luxury_house,0.5083726240746568,38.29980722761987,0.0,38.29980722761987,0.5083726240746568,37.79143460354521,Winter,PRODUCE_PRIORITY
669.0,small_family,0.35404522033770736,23.195482761788,0.0,23.195482761788,0.35404522033770736,22.841437541450293,Winter,PRODUCE_PRIORITY
670.0,apartment,1.8374815382517389,3.6399999999999997,0.0,3.6399999999999997,1.8374815382517389,1.8025184617482608,Winter,PRODUCE_PRIORITY
670.0,family_house,3.1095841416567884,10.08,0.0,10.08,3.1095841416567884,6.970415858343212,Winter,PRODUCE_PRIORITY
670.0,luxury_house,3.957652543926822,18.0,0.0,18.0,3.957652543926822,14.042347456073179,Winter,PRODUCE_PRIORITY
670.0,small_family,2.756222307377608,6.5,0.0,6.5,2.756222307377608,3.7437776926223916,Winter,PRODUCE_PRIORITY
671.0,apartment,2.7185279005927274,3.6399999999999997,0.0,3.6399999999999997,2.7185279005927274,0.9214720994072724,Winter,PRODUCE_PRIORITY
671.0,family_house,4.600585677926154,10.08,0.0,10.08,4.600585677926154,5.479414322073845,Winter,PRODUCE_PRIORITY
671.0,luxury_house,5.855290862815105,18.0,0.0,18.0,5.855290862815105,12.144709137184893,Winter,PRODUCE_PRIORITY
671.0,small_family,4.077791850889091,6.5,0.0,6.5,4.077791850889091,2.4222081491109093,Winter,PRODUCE_PRIORITY
672.0,apartment,0.0,3.6399999999999997,0.0,3.6399999999999997,0.0,3.6399999999999997,Winter,PRODUCE_PRIORITY
672.0,family_house,0.0,10.08,0.0,10.08,0.0,10.08,Winter,PRODUCE_PRIORITY
672.0,luxury_house,0.0,18.0,0.0,18.0,0.0,18.0,Winter,PRODUCE_PRIORITY
672.0,small_family,0.0,6.5,0.0,6.5,0.0,6.5,Winter,PRODUCE_PRIORITY
673.0,apartment,1.2119086263112497,3.6399999999999997,0.0,3.6399999999999997,1.2119086263112497,2.4280913736887495,Winter,PRODUCE_PRIORITY
673.0,family_house,2.0509222906805764,10.08,0.0,10.08,2.0509222906805764,8.029077709319424,Winter,PRODUCE_PRIORITY
673.0,luxury_house,2.6102647335934615,18.0,0.0,18.0,2.6102647335934615,15.38973526640654,Winter,PRODUCE_PRIORITY
673.0,small_family,1.8178629394668746,6.5,0.0,6.5,1.8178629394668746,4.682137060533125,Winter,PRODUCE_PRIORITY
674.0,apartment,2.261401579740239,3.6399999999999997,0.0,3.6399999999999997,2.261401579740239,1.3785984202597608,Winter,PRODUCE_PRIORITY
674.0,family_house,3.826987288791173,10.08,0.0,10.08,3.826987288791173,6.253012711208827,Winter,PRODUCE_PRIORITY
674.0,luxury_house,4.87071109482513,18.0,0.0,18.0,4.87071109482513,13.129288905174871,Winter,PRODUCE_PRIORITY
674.0,small_family,3.3921023696103583,6.5,0.0,6.5,3.3921023696103583,3.1078976303896417,Winter,PRODUCE_PRIORITY
675.0,apartment,2.3914995158026215,3.6399999999999997,0.0,3.6399999999999997,2.3914995158026215,1.2485004841973781,Winter,PRODUCE_PRIORITY
675.0,family_house,4.0471530267428975,10.08,0.0,10.08,4.0471530267428975,6.032846973257102,Winter,PRODUCE_PRIORITY
675.0,luxury_house,5.150922034036416,18.0,0.0,18.0,5.150922034036416,12.849077965963584,Winter,PRODUCE_PRIORITY
675.0,small_family,3.5872492737039323,6.5,0.0,6.5,3.5872492737039323,2.9127507262960677,Winter,PRODUCE_PRIORITY
676.0,apartment,1.93368658654794,3.6399999999999997,0.0,3.6399999999999997,1.93368658654794,1.7063134134520594,Winter,PRODUCE_PRIORITY
676.0,family_house,3.272392684927283,10.08,0.0,10.08,3.272392684927283,6.807607315072717,Winter,PRODUCE_PRIORITY
676.0,luxury_house,4.164863417180178,18.0,0.0,18.0,4.164863417180178,13.835136582819821,Winter,PRODUCE_PRIORITY
676.0,small_family,2.90052987982191,6.5,0.0,6.5,2.90052987982191,3.5994701201780894,Winter,PRODUCE_PRIORITY
677.0,apartment,2.006586220545737,3.6399999999999997,0.0,3.6399999999999997,2.006586220545737,1.6334137794542625,Winter,PRODUCE_PRIORITY
677.0,family_house,3.395761296308171,10.08,0.0,10.08,3.395761296308171,6.684238703691828,Winter,PRODUCE_PRIORITY
677.0,luxury_house,4.3218780134831265,18.0,0.0,18.0,4.3218780134831265,13.678121986516874,Winter,PRODUCE_PRIORITY
677.0,small_family,3.0098793308186056,6.5,0.0,6.5,3.0098793308186056,3.4901206691813944,Winter,PRODUCE_PRIORITY
678.0,apartment,10.818432576936392,3.6399999999999997,0.0,3.6399999999999997,10.818432576936392,-7.178432576936391,Winter,PRODUCE_PRIORITY
678.0,family_house,18.30811666866159,10.08,0.0,10.08,18.30811666866159,-8.228116668661588,Winter,PRODUCE_PRIORITY
678.0,luxury_house,23.301239396478383,18.0,0.0,18.0,23.301239396478383,-5.301239396478383,Winter,PRODUCE_PRIORITY
678.0,small_family,16.22764886540459,6.5,0.0,6.5,16.22764886540459,-9.72764886540459,Winter,PRODUCE_PRIORITY
679.0,apartment,11.124766179651315,3.6399999999999997,0.0,3.6399999999999997,11.124766179651315,-7.484766179651315,Winter,PRODUCE_PRIORITY
679.0,family_house,18.82652738094838,10.08,0.0,10.08,18.82652738094838,-8.74652738094838,Winter,PRODUCE_PRIORITY
679.0,luxury_house,23.961034848479756,18.0,0.0,18.0,23.961034848479756,-5.9610348484797555,Winter,PRODUCE_PRIORITY
679.0,small_family,16.687149269476972,6.5,0.0,6.5,16.687149269476972,-10.187149269476974,Winter,PRODUCE_PRIORITY
680.0,apartment,12.21797518258214,3.6399999999999997,0.0,3.6399999999999997,12.21797518258214,-8.57797518258214,Winter,PRODUCE_PRIORITY
680.0,family_house,20.676573385908238,10.08,0.0,10.08,20.676573385908238,-10.596573385908238,Winter,PRODUCE_PRIORITY
680.0,luxury_house,26.315638854792304,18.0,0.0,18.0,26.315638854792304,-8.315638854792304,Winter,PRODUCE_PRIORITY
680.0,small_family,18.32696277387321,6.5,0.0,6.5,18.32696277387321,-11.826962773873209,Winter,PRODUCE_PRIORITY
681.0,apartment,13.623861033937494,3.6399999999999997,0.0,3.6399999999999997,13.623861033937494,-9.983861033937494,Winter,PRODUCE_PRIORITY
681.0,family_house,21.134451091108165,10.08,0.0,10.08,21.134451091108165,-11.054451091108163,Winter,PRODUCE_PRIORITY
681.0,luxury_house,29.34370068848076,18.0,0.0,18.0,29.34370068848076,-11.343700688480759,Winter,PRODUCE_PRIORITY
681.0,small_family,20.43579155090624,6.5,0.0,6.5,20.43579155090624,-13.93579155090624,Winter,PRODUCE_PRIORITY
682.0,apartment,14.103697289592247,3.6399999999999997,0.0,3.6399999999999997,14.103697289592247,-10.463697289592247,Winter,PRODUCE_PRIORITY
682.0,family_house,21.878812462059766,10.08,0.0,10.08,21.878812462059766,-11.798812462059765,Winter,PRODUCE_PRIORITY
682.0,luxury_house,30.377194162198684,18.0,0.0,18.0,30.377194162198684,-12.377194162198684,Winter,PRODUCE_PRIORITY
682.0,small_family,21.155545934388368,6.5,0.0,6.5,21.155545934388368,-14.655545934388368,Winter,PRODUCE_PRIORITY
683.0,apartment,13.985508220574868,3.6399999999999997,0.0,3.6399999999999997,13.985508220574868,-10.34550822057487,Winter,PRODUCE_PRIORITY
683.0,family_house,21.695467880635373,10.08,0.0,10.08,21.695467880635373,-11.615467880635372,Winter,PRODUCE_PRIORITY
683.0,luxury_house,30.122633090468945,18.0,0.0,18.0,30.122633090468945,-12.122633090468945,Winter,PRODUCE_PRIORITY
683.0,small_family,20.978262330862304,6.5,0.0,6.5,20.978262330862304,-14.478262330862304,Winter,PRODUCE_PRIORITY
684.0,apartment,15.032406210423026,3.6399999999999997,0.0,3.6399999999999997,15.032406210423026,-11.392406210423026,Winter,PRODUCE_PRIORITY
684.0,family_house,23.319501941810078,10.08,0.0,10.08,23.319501941810078,-13.23950194181008,Winter,PRODUCE_PRIORITY
684.0,luxury_house,32.37749029937267,18.0,0.0,18.0,32.37749029937267,-14.37749029937267,Winter,PRODUCE_PRIORITY
684.0,small_family,22.54860931563454,6.5,0.0,6.5,22.54860931563454,-16.04860931563454,Winter,PRODUCE_PRIORITY
685.0,apartment,17.227673147458876,3.6399999999999997,0.0,3.6399999999999997,17.227673147458876,-13.587673147458878,Winter,PRODUCE_PRIORITY
685.0,family_house,26.724980139006718,10.08,0.0,10.08,26.724980139006718,-16.64498013900672,Winter,PRODUCE_PRIORITY
685.0,luxury_house,37.105757548372964,18.0,0.0,18.0,37.105757548372964,-19.105757548372967,Winter,PRODUCE_PRIORITY
685.0,small_family,25.841509721188316,6.5,0.0,6.5,25.841509721188316,-19.341509721188316,Winter,PRODUCE_PRIORITY
686.0,apartment,17.883680883850722,3.6399999999999997,0.0,3.6399999999999997,17.883680883850722,-14.24368088385072,Winter,PRODUCE_PRIORITY
686.0,family_house,25.220575605430504,10.08,0.0,10.08,25.220575605430504,-15.140575605430506,Winter,PRODUCE_PRIORITY
686.0,luxury_house,38.51869728829386,18.0,0.0,18.0,38.51869728829386,-20.518697288293858,Winter,PRODUCE_PRIORITY
686.0,small_family,26.825521325776084,6.5,0.0,6.5,26.825521325776084,-20.325521325776084,Winter,PRODUCE_PRIORITY
687.0,apartment,17.856325303235643,3.6399999999999997,0.0,3.6399999999999997,17.856325303235643,-14.216325303235642,Winter,PRODUCE_PRIORITY
687.0,family_house,25.181997222511804,10.08,0.0,10.08,25.181997222511804,-15.101997222511805,Winter,PRODUCE_PRIORITY
687.0,luxury_house,38.45977757619984,18.0,0.0,18.0,38.45977757619984,-20.459777576199844,Winter,PRODUCE_PRIORITY
687.0,small_family,26.784487954853464,6.5,0.0,6.5,26.784487954853464,-20.284487954853464,Winter,PRODUCE_PRIORITY
688.0,apartment,14.295703088239268,3.6399999999999997,0.0,3.6399999999999997,14.295703088239268,-10.655703088239267,Winter,PRODUCE_PRIORITY
688.0,family_house,20.16060691931179,10.08,0.0,10.08,20.16060691931179,-10.08060691931179,Winter,PRODUCE_PRIORITY
688.0,luxury_house,30.790745113130733,18.0,0.0,18.0,30.790745113130733,-12.790745113130733,Winter,PRODUCE_PRIORITY
688.0,small_family,21.4435546323589,6.5,0.0,6.5,21.4435546323589,-14.9435546323589,Winter,PRODUCE_PRIORITY
689.0,apartment,10.922857589543584,3.6399999999999997,0.0,3.6399999999999997,10.922857589543584,-7.282857589543584,Winter,PRODUCE_PRIORITY
689.0,family_house,15.404029933971724,10.08,0.0,10.08,15.404029933971724,-5.324029933971724,Winter,PRODUCE_PRIORITY
689.0,luxury_house,23.52615480824772,18.0,0.0,18.0,23.52615480824772,-5.526154808247721,Winter,PRODUCE_PRIORITY
689.0,small_family,16.384286384315377,6.5,0.0,6.5,16.384286384315377,-9.884286384315377,Winter,PRODUCE_PRIORITY
690.0,apartment,7.902972917808491,19.29451669067296,0.0,19.29451669067296,7.902972917808491,11.39154377286447,Winter,PRODUCE_PRIORITY
690.0,family_house,11.145218217422233,25.54968263260774,0.0,25.54968263260774,11.145218217422233,14.40446441518551,Winter,PRODUCE_PRIORITY
690.0,luxury_house,17.021787822972136,32.462891836475194,0.0,32.462891836475194,17.021787822972136,15.441104013503058,Winter,PRODUCE_PRIORITY
690.0,small_family,11.854459376712736,29.628359989951775,0.0,29.628359989951775,11.854459376712736,17.77390061323904,Winter,PRODUCE_PRIORITY
691.0,apartment,0.0,29.519228539774826,0.0,29.519228539774826,0.0,29.519228539774826,Winter,PRODUCE_PRIORITY
691.0,family_house,0.0,21.886520723791197,0.0,21.886520723791197,0.0,21.886520723791197,Winter,PRODUCE_PRIORITY
691.0,luxury_house,0.0,34.209967642314936,0.0,34.209967642314936,0.0,34.209967642314936,Winter,PRODUCE_PRIORITY
691.0,small_family,0.0,29.33322041648126,0.0,29.33322041648126,0.0,29.33322041648126,Winter,PRODUCE_PRIORITY
692.0,apartment,0.0,24.443924987615738,0.0,24.443924987615738,0.0,24.443924987615738,Winter,PRODUCE_PRIORITY
692.0,family_house,0.0,25.24440826497583,0.0,25.24440826497583,0.0,25.24440826497583,Winter,PRODUCE_PRIORITY
692.0,luxury_house,0.0,34.86300190904681,0.0,34.86300190904681,0.0,34.86300190904681,Winter,PRODUCE_PRIORITY
692.0,small_family,0.0,21.30214357143665,0.0,21.30214357143665,0.0,21.30214357143665,Winter,PRODUCE_PRIORITY
693.0,apartment,0.0,19.9433457355452,0.0,19.9433457355452,0.0,19.9433457355452,Winter,PRODUCE_PRIORITY
693.0,family_house,0.0,27.73360239331129,0.0,27.73360239331129,0.0,27.73360239331129,Winter,PRODUCE_PRIORITY
693.0,luxury_house,0.0,32.310904463140524,0.0,32.310904463140524,0.0,32.310904463140524,Winter,PRODUCE_PRIORITY
693.0,small_family,0.0,28.945887841975097,0.0,28.945887841975097,0.0,28.945887841975097,Winter,PRODUCE_PRIORITY
694.0,apartment,0.5443361217542177,3.6399999999999997,0.0,3.6399999999999997,0.5443361217542177,3.095663878245782,Winter,PRODUCE_PRIORITY
694.0,family_house,0.7676535050379995,10.08,0.0,10.08,0.7676535050379995,9.312346494962,Winter,PRODUCE_PRIORITY
694.0,luxury_house,1.1724162622398537,18.0,0.0,18.0,1.1724162622398537,16.827583737760143,Winter,PRODUCE_PRIORITY
694.0,small_family,0.8165041826313267,6.5,0.0,6.5,0.8165041826313267,5.683495817368673,Winter,PRODUCE_PRIORITY
695.0,apartment,4.307725645497277,3.6399999999999997,0.0,3.6399999999999997,4.307725645497277,-0.667725645497278,Winter,PRODUCE_PRIORITY
695.0,family_house,6.074997705188468,10.08,0.0,10.08,6.074997705188468,4.005002294811531,Winter,PRODUCE_PRIORITY
695.0,luxury_house,9.278178313378753,18.0,0.0,18.0,9.278178313378753,8.721821686621247,Winter,PRODUCE_PRIORITY
695.0,small_family,6.461588468245917,6.5,0.0,6.5,6.461588468245917,0.03841153175408352,Winter,PRODUCE_PRIORITY
696.0,apartment,0.0,3.6399999999999997,0.0,3.6399999999999997,0.0,3.6399999999999997,Winter,PRODUCE_PRIORITY
696.0,family_house,0.0,10.08,0.0,10.08,0.0,10.08,Winter,PRODUCE_PRIORITY
696.0,luxury_house,0.0,18.0,0.0,18.0,0.0,18.0,Winter,PRODUCE_PRIORITY
696.0,small_family,0.0,6.5,0.0,6.5,0.0,6.5,Winter,PRODUCE_PRIORITY
697.0,apartment,0.36544787360229947,3.6399999999999997,0.0,3.6399999999999997,0.36544787360229947,3.2745521263977,Winter,PRODUCE_PRIORITY
697.0,family_house,0.5153752063622172,10.08,0.0,10.08,0.5153752063622172,9.564624793637782,Winter,PRODUCE_PRIORITY
697.0,luxury_house,0.7871184969895682,18.0,0.0,18.0,0.7871184969895682,17.212881503010433,Winter,PRODUCE_PRIORITY
697.0,small_family,0.5481718104034492,6.5,0.0,6.5,0.5481718104034492,5.951828189596551,Winter,PRODUCE_PRIORITY
698.0,apartment,1.484268860819928,3.6399999999999997,0.0,3.6399999999999997,1.484268860819928,2.1557311391800718,Winter,PRODUCE_PRIORITY
698.0,family_house,2.093199675515283,10.08,0.0,10.08,2.093199675515283,7.986800324484717,Winter,PRODUCE_PRIORITY
698.0,luxury_house,3.196886777150614,18.0,0.0,18.0,3.196886777150614,14.803113222849387,Winter,PRODUCE_PRIORITY
698.0,small_family,2.2264032912298917,6.5,0.0,6.5,2.2264032912298917,4.273596708770108,Winter,PRODUCE_PRIORITY
699.0,apartment,1.963195559139379,3.6399999999999997,0.0,3.6399999999999997,1.963195559139379,1.6768044408606206,Winter,PRODUCE_PRIORITY
699.0,family_house,2.7686091218632267,10.08,0.0,10.08,2.7686091218632267,7.3113908781367725,Winter,PRODUCE_PRIORITY
699.0,luxury_house,4.228421204300201,18.0,0.0,18.0,4.228421204300201,13.7715787956998,Winter,PRODUCE_PRIORITY
699.0,small_family,2.9447933387090686,6.5,0.0,6.5,2.9447933387090686,3.5552066612909314,Winter,PRODUCE_PRIORITY
700.0,apartment,2.1550422684326564,3.6399999999999997,0.0,3.6399999999999997,2.1550422684326564,1.4849577315673432,Winter,PRODUCE_PRIORITY
700.0,family_house,3.0391621734306695,10.08,0.0,10.08,3.0391621734306695,7.04083782656933,Winter,PRODUCE_PRIORITY
700.0,luxury_house,4.641629501239568,18.0,0.0,18.0,4.641629501239568,13.358370498760431,Winter,PRODUCE_PRIORITY
700.0,small_family,3.2325634026489847,6.5,0.0,6.5,3.2325634026489847,3.267436597351015,Winter,PRODUCE_PRIORITY
701.0,apartment,3.6805811737378464,3.6399999999999997,0.0,3.6399999999999997,3.6805811737378464,-0.0405811737378467,Winter,PRODUCE_PRIORITY
701.0,family_house,5.190563193732861,10.08,0.0,10.08,5.190563193732861,4.889436806267138,Winter,PRODUCE_PRIORITY
701.0,luxury_house,7.927405604973823,18.0,0.0,18.0,7.927405604973823,10.072594395026176,Winter,PRODUCE_PRIORITY
701.0,small_family,5.52087176060677,6.5,0.0,6.5,5.52087176060677,0.9791282393932298,Winter,PRODUCE_PRIORITY
702.0,apartment,12.462927303640486,3.6399999999999997,0.0,3.6399999999999997,12.462927303640486,-8.822927303640487,Winter,PRODUCE_PRIORITY
702.0,family_house,17.57592312051863,10.08,0.0,10.08,17.57592312051863,-7.495923120518633,Winter,PRODUCE_PRIORITY
702.0,luxury_house,26.843228038610278,18.0,0.0,18.0,26.843228038610278,-8.843228038610278,Winter,PRODUCE_PRIORITY
702.0,small_family,18.69439095546073,6.5,0.0,6.5,18.69439095546073,-12.194390955460728,Winter,PRODUCE_PRIORITY
703.0,apartment,12.58792469562894,3.6399999999999997,0.0,3.6399999999999997,12.58792469562894,-8.94792469562894,Winter,PRODUCE_PRIORITY
703.0,family_house,17.752201493835685,10.08,0.0,10.08,17.752201493835685,-7.672201493835686,Winter,PRODUCE_PRIORITY
703.0,luxury_house,27.112453190585413,18.0,0.0,18.0,27.112453190585413,-9.112453190585414,Winter,PRODUCE_PRIORITY
703.0,small_family,18.88188704344341,6.5,0.0,6.5,18.88188704344341,-12.381887043443411,Winter,PRODUCE_PRIORITY
704.0,apartment,12.886558977566093,3.6399999999999997,0.0,3.6399999999999997,12.886558977566093,-9.246558977566094,Winter,PRODUCE_PRIORITY
704.0,family_house,18.173352404259873,10.08,0.0,10.08,18.173352404259873,-8.093352404259875,Winter,PRODUCE_PRIORITY
704.0,luxury_house,27.755665490142356,18.0,0.0,18.0,27.755665490142356,-9.755665490142354,Winter,PRODUCE_PRIORITY
704.0,small_family,19.32983846634914,6.5,0.0,6.5,19.32983846634914,-12.829838466349141,Winter,PRODUCE_PRIORITY
705.0,apartment,12.963079454014562,3.6399999999999997,0.0,3.6399999999999997,12.963079454014562,-9.323079454014561,Winter,PRODUCE_PRIORITY
705.0,family_house,18.281265896687202,10.08,0.0,10.08,18.281265896687202,-8.201265896687202,Winter,PRODUCE_PRIORITY
705.0,luxury_house,27.920478824031363,18.0,0.0,18.0,27.920478824031363,-9.920478824031363,Winter,PRODUCE_PRIORITY
705.0,small_family,19.444619181021842,6.5,0.0,6.5,19.444619181021842,-12.944619181021842,Winter,PRODUCE_PRIORITY
706.0,apartment,13.769651005650482,3.6399999999999997,0.0,3.6399999999999997,13.769651005650482,-10.129651005650482,Winter,PRODUCE_PRIORITY
706.0,family_house,21.36061245748344,10.08,0.0,10.08,21.36061245748344,-11.280612457483443,Winter,PRODUCE_PRIORITY
706.0,luxury_house,29.657709858324118,18.0,0.0,18.0,29.657709858324118,-11.657709858324118,Winter,PRODUCE_PRIORITY
706.0,small_family,20.65447650847572,6.5,0.0,6.5,20.65447650847572,-14.154476508475721,Winter,PRODUCE_PRIORITY
707.0,apartment,15.235987402395967,3.6399999999999997,0.0,3.6399999999999997,15.235987402395967,-11.595987402395966,Winter,PRODUCE_PRIORITY
707.0,family_house,23.635313790896305,10.08,0.0,10.08,23.635313790896305,-13.555313790896308,Winter,PRODUCE_PRIORITY
707.0,luxury_house,30.081308461140758,18.0,0.0,18.0,30.081308461140758,-12.081308461140756,Winter,PRODUCE_PRIORITY
707.0,small_family,22.85398110359395,6.5,0.0,6.5,22.85398110359395,-16.35398110359395,Winter,PRODUCE_PRIORITY
708.0,apartment,16.166449677187313,3.6399999999999997,0.0,3.6399999999999997,16.166449677187313,-12.526449677187312,Winter,PRODUCE_PRIORITY
708.0,family_house,25.078723217175188,10.08,0.0,10.08,25.078723217175188,-14.998723217175192,Winter,PRODUCE_PRIORITY
708.0,luxury_house,31.918375003677514,18.0,0.0,18.0,31.918375003677514,-13.918375003677514,Winter,PRODUCE_PRIORITY
708.0,small_family,24.249674515780967,6.5,0.0,6.5,24.249674515780967,-17.749674515780967,Winter,PRODUCE_PRIORITY
709.0,apartment,16.99541239624515,3.6399999999999997,0.0,3.6399999999999997,16.99541239624515,-13.355412396245152,Winter,PRODUCE_PRIORITY
709.0,family_house,26.364678204431584,10.08,0.0,10.08,26.364678204431584,-16.284678204431586,Winter,PRODUCE_PRIORITY
709.0,luxury_house,33.55504498745837,18.0,0.0,18.0,33.55504498745837,-15.555044987458377,Winter,PRODUCE_PRIORITY
709.0,small_family,25.49311859436773,6.5,0.0,6.5,25.49311859436773,-18.99311859436773,Winter,PRODUCE_PRIORITY
710.0,apartment,17.86038150896553,3.6399999999999997,0.0,3.6399999999999997,17.86038150896553,-14.220381508965533,Winter,PRODUCE_PRIORITY
710.0,family_house,27.706489263908068,10.08,0.0,10.08,27.706489263908068,-17.62648926390807,Winter,PRODUCE_PRIORITY
710.0,luxury_house,35.26280451770118,18.0,0.0,18.0,35.26280451770118,-17.262804517701177,Winter,PRODUCE_PRIORITY
710.0,small_family,26.790572263448297,6.5,0.0,6.5,26.790572263448297,-20.290572263448297,Winter,PRODUCE_PRIORITY
711.0,apartment,17.75301713078125,3.6399999999999997,0.0,3.6399999999999997,17.75301713078125,-14.113017130781248,Winter,PRODUCE_PRIORITY
711.0,family_house,27.53993683108373,10.08,0.0,10.08,27.53993683108373,-17.45993683108373,Winter,PRODUCE_PRIORITY
711.0,luxury_house,35.05082869410656,18.0,0.0,18.0,35.05082869410656,-17.050828694106563,Winter,PRODUCE_PRIORITY
711.0,small_family,26.629525696171875,6.5,0.0,6.5,26.629525696171875,-20.129525696171875,Winter,PRODUCE_PRIORITY
712.0,apartment,13.855097197439749,3.6399999999999997,0.0,3.6399999999999997,13.855097197439749,-10.215097197439748,Winter,PRODUCE_PRIORITY
712.0,family_house,21.493163601156535,10.08,0.0,10.08,21.493163601156535,-11.413163601156537,Winter,PRODUCE_PRIORITY
712.0,luxury_house,27.354935492381042,18.0,0.0,18.0,27.354935492381042,-9.354935492381042,Winter,PRODUCE_PRIORITY
712.0,small_family,20.782645796159624,6.5,0.0,6.5,20.782645796159624,-14.282645796159624,Winter,PRODUCE_PRIORITY
713.0,apartment,10.939289997902417,3.6399999999999997,0.0,3.6399999999999997,10.939289997902417,-7.299289997902417,Winter,PRODUCE_PRIORITY
713.0,family_house,16.96992422751529,10.08,0.0,10.08,16.96992422751529,-6.889924227515288,Winter,PRODUCE_PRIORITY
713.0,luxury_house,21.598085380474004,18.0,0.0,18.0,21.598085380474004,-3.5980853804740023,Winter,PRODUCE_PRIORITY
713.0,small_family,16.408934996853624,6.5,0.0,6.5,16.408934996853624,-9.908934996853626,Winter,PRODUCE_PRIORITY
714.0,apartment,9.290945580232243,21.16765526265352,0.0,21.16765526265352,9.290945580232243,11.876709682421275,Winter,PRODUCE_PRIORITY
714.0,family_house,14.412877118052583,27.210186496822928,0.0,27.210186496822928,14.412877118052583,12.797309378770345,Winter,PRODUCE_PRIORITY
714.0,luxury_house,18.34366178661238,32.13840377405251,0.0,32.13840377405251,18.34366178661238,13.794741987440135,Winter,PRODUCE_PRIORITY
714.0,small_family,13.936418370348365,29.678948534828816,0.0,29.678948534828816,13.936418370348365,15.742530164480451,Winter,PRODUCE_PRIORITY
715.0,apartment,0.0,22.37852283972031,0.0,22.37852283972031,0.0,22.37852283972031,Winter,PRODUCE_PRIORITY
715.0,family_house,0.0,29.318094205953482,0.0,29.318094205953482,0.0,29.318094205953482,Winter,PRODUCE_PRIORITY
715.0,luxury_house,0.0,37.92517475394688,0.0,37.92517475394688,0.0,37.92517475394688,Winter,PRODUCE_PRIORITY
715.0,small_family,0.0,24.538304275481646,0.0,24.538304275481646,0.0,24.538304275481646,Winter,PRODUCE_PRIORITY
716.0,apartment,0.0,24.493685640618565,0.0,24.493685640618565,0.0,24.493685640618565,Winter,PRODUCE_PRIORITY
716.0,family_house,0.0,25.455426804217115,0.0,25.455426804217115,0.0,25.455426804217115,Winter,PRODUCE_PRIORITY
716.0,luxury_house,0.0,36.38325555383775,0.0,36.38325555383775,0.0,36.38325555383775,Winter,PRODUCE_PRIORITY
716.0,small_family,0.0,25.7333431497571,0.0,25.7333431497571,0.0,25.7333431497571,Winter,PRODUCE_PRIORITY
717.0,apartment,0.2421179442580095,17.92471097162524,0.0,17.92471097162524,0.2421179442580095,17.682593027367233,Winter,PRODUCE_PRIORITY
717.0,family_house,0.37559322122075833,25.219805319692323,0.0,25.219805319692323,0.37559322122075833,24.844212098471566,Winter,PRODUCE_PRIORITY
717.0,luxury_house,0.5214848030172512,36.93677177894473,0.0,36.93677177894473,0.5214848030172512,36.41528697592748,Winter,PRODUCE_PRIORITY
717.0,small_family,0.36317691638701427,20.91301539099052,0.0,20.91301539099052,0.36317691638701427,20.549838474603508,Winter,PRODUCE_PRIORITY
718.0,apartment,1.4202070907142954,3.6399999999999997,0.0,3.6399999999999997,1.4202070907142954,2.2197929092857045,Winter,PRODUCE_PRIORITY
718.0,family_house,2.203141768928586,10.08,0.0,10.08,2.203141768928586,7.876858231071414,Winter,PRODUCE_PRIORITY
718.0,luxury_house,3.0589075800000205,18.0,0.0,18.0,3.0589075800000205,14.94109241999998,Winter,PRODUCE_PRIORITY
718.0,small_family,2.130310636071443,6.5,0.0,6.5,2.130310636071443,4.369689363928557,Winter,PRODUCE_PRIORITY
719.0,apartment,3.8958363203794475,3.6399999999999997,0.0,3.6399999999999997,3.8958363203794475,-0.2558363203794479,Winter,PRODUCE_PRIORITY
719.0,family_house,6.043540958537348,10.08,0.0,10.08,6.043540958537348,4.036459041462651,Winter,PRODUCE_PRIORITY
719.0,luxury_house,8.391032074663425,18.0,0.0,18.0,8.391032074663425,9.608967925336575,Winter,PRODUCE_PRIORITY
719.0,small_family,5.843754480569172,6.5,0.0,6.5,5.843754480569172,0.6562455194308283,Winter,PRODUCE_PRIORITY
