time,household_type,generation_kwh,load_kwh,self_consumed_kwh,grid_import,grid_export,net_load_kwh,season,strategy
0.0,apartment,0.0,3.6399999999999997,3.6399999999999997,0.0,0.0,3.6399999999999997,Spring,CHARGE_PRIORITY
0.0,family_house,0.0,10.08,10.08,0.0,0.0,10.08,Spring,CHARGE_PRIORITY
0.0,luxury_house,0.0,18.0,18.0,0.0,0.0,18.0,Spring,CHARGE_PRIORITY
0.0,small_family,0.0,6.5,6.5,0.0,0.0,6.5,Spring,CHARGE_PRIORITY
1.0,apartment,0.18120850571724123,3.6399999999999997,3.6399999999999997,0.0,0.0,3.4587914942827584,Spring,CHARGE_PRIORITY
1.0,family_house,0.30666054813686977,10.08,10.08,0.0,0.0,9.77333945186313,Spring,CHARGE_PRIORITY
1.0,luxury_house,0.3902952430832888,18.0,18.0,0.0,0.0,17.609704756916713,Spring,CHARGE_PRIORITY
1.0,small_family,0.27181275857586185,6.5,6.5,0.0,0.0,6.228187241424138,Spring,CHARGE_PRIORITY
2.0,apartment,1.282347693137889,3.6399999999999997,3.6399999999999997,0.0,0.0,2.3576523068621107,Spring,CHARGE_PRIORITY
2.0,family_house,2.170126865310274,10.08,10.08,0.0,0.0,7.909873134689725,Spring,CHARGE_PRIORITY
2.0,luxury_house,2.7619796467585305,18.0,18.0,0.0,0.0,15.238020353241469,Spring,CHARGE_PRIORITY
2.0,small_family,1.9235215397068335,6.5,6.5,0.0,0.0,4.576478460293166,Spring,CHARGE_PRIORITY
3.0,apartment,0.7640006185128008,3.6399999999999997,3.6399999999999997,0.0,0.0,2.875999381487199,Spring,CHARGE_PRIORITY
3.0,family_house,1.2929241236370475,10.08,10.08,0.0,0.0,8.787075876362952,Spring,CHARGE_PRIORITY
3.0,luxury_house,1.6455397937198786,18.0,18.0,0.0,0.0,16.354460206280123,Spring,CHARGE_PRIORITY
3.0,small_family,1.1460009277692011,6.5,6.5,0.0,0.0,5.353999072230799,Spring,CHARGE_PRIORITY
4.0,apartment,0.9883709400816394,3.6399999999999997,3.6399999999999997,0.0,0.0,2.6516290599183603,Spring,CHARGE_PRIORITY
4.0,family_house,1.6726277447535436,10.08,10.08,0.0,0.0,8.407372255246456,Spring,CHARGE_PRIORITY
4.0,luxury_house,2.1287989478681464,18.0,18.0,0.0,0.0,15.871201052131854,Spring,CHARGE_PRIORITY
4.0,small_family,1.482556410122459,6.5,6.5,0.0,0.0,5.017443589877541,Spring,CHARGE_PRIORITY
5.0,apartment,1.2846784234109516,3.6399999999999997,3.6399999999999997,0.0,0.0,2.355321576589048,Spring,CHARGE_PRIORITY
5.0,family_house,2.1740711780800717,10.08,10.08,0.0,0.0,7.905928821919928,Spring,CHARGE_PRIORITY
5.0,luxury_house,2.766999681192819,18.0,18.0,0.0,0.0,15.23300031880718,Spring,CHARGE_PRIORITY
5.0,small_family,1.9270176351164274,6.5,6.5,0.0,0.0,4.572982364883573,Spring,CHARGE_PRIORITY
6.0,apartment,9.833131732210711,3.6399999999999997,3.6399999999999997,0.0,0.0,-6.193131732210712,Spring,CHARGE_PRIORITY
6.0,family_house,16.64068446989505,10.08,10.08,0.0,0.0,-6.560684469895051,Spring,CHARGE_PRIORITY
6.0,luxury_house,21.179052961684608,18.0,18.0,0.0,0.0,-3.179052961684609,Spring,CHARGE_PRIORITY
6.0,small_family,14.749697598316065,6.5,6.5,0.0,0.0,-8.249697598316065,Spring,CHARGE_PRIORITY
7.0,apartment,11.473345331126328,3.6399999999999997,3.6399999999999997,0.0,0.0,-7.833345331126328,Spring,CHARGE_PRIORITY
7.0,family_house,19.416430560367637,10.08,10.08,0.0,0.0,-9.336430560367635,Spring,CHARGE_PRIORITY
7.0,luxury_house,24.71182071319517,18.0,18.0,0.0,0.0,-6.71182071319517,Spring,CHARGE_PRIORITY
7.0,small_family,17.210017996689494,6.5,6.5,0.0,0.0,-10.710017996689494,Spring,CHARGE_PRIORITY
8.0,apartment,12.167819671292486,3.6399999999999997,3.6399999999999997,0.0,0.0,-8.527819671292487,Spring,CHARGE_PRIORITY
8.0,family_house,20.59169482834113,10.08,10.08,0.0,0.0,-10.51169482834113,Spring,CHARGE_PRIORITY
8.0,luxury_house,26.20761159970689,18.0,18.0,0.0,0.0,-8.20761159970689,Spring,CHARGE_PRIORITY
8.0,small_family,18.25172950693873,6.5,6.5,0.0,0.0,-11.751729506938728,Spring,CHARGE_PRIORITY
9.0,apartment,13.223873721656105,3.6399999999999997,3.6399999999999997,0.0,0.0,-9.583873721656104,Spring,CHARGE_PRIORITY
9.0,family_house,22.37886322126418,10.08,10.08,0.0,0.0,-12.298863221264178,Spring,CHARGE_PRIORITY
9.0,luxury_house,28.482189554336227,18.0,18.0,0.0,0.0,-10.482189554336227,Spring,CHARGE_PRIORITY
9.0,small_family,19.83581058248416,6.5,6.5,0.0,0.0,-13.335810582484159,Spring,CHARGE_PRIORITY
10.0,apartment,14.297846957690181,3.6399999999999997,3.6399999999999997,0.0,0.0,-10.65784695769018,Spring,CHARGE_PRIORITY
10.0,family_house,24.19635638993723,10.08,10.08,0.0,0.0,-14.116356389937232,Spring,CHARGE_PRIORITY
10.0,luxury_house,30.79536267810193,18.0,18.0,0.0,0.0,-12.795362678101931,Spring,CHARGE_PRIORITY
10.0,small_family,21.44677043653527,6.5,6.5,0.0,0.0,-14.946770436535271,Spring,CHARGE_PRIORITY
11.0,apartment,15.131700128238824,3.6399999999999997,3.6399999999999997,0.0,0.0,-11.491700128238824,Spring,CHARGE_PRIORITY
11.0,family_house,25.60749252471186,10.08,10.08,0.0,0.0,-15.527492524711862,Spring,CHARGE_PRIORITY
11.0,luxury_house,32.59135412236054,18.0,18.0,0.0,0.0,-14.591354122360546,Spring,CHARGE_PRIORITY
11.0,small_family,22.69755019235824,6.5,6.5,0.0,0.0,-16.19755019235824,Spring,CHARGE_PRIORITY
12.0,apartment,15.50611611364094,3.6399999999999997,3.6399999999999997,0.0,0.0,-11.86611611364094,Spring,CHARGE_PRIORITY
12.0,family_house,26.24111957693082,10.08,10.08,0.0,0.0,-16.161119576930822,Spring,CHARGE_PRIORITY
12.0,luxury_house,33.39778855245741,18.0,18.0,0.0,0.0,-15.397788552457412,Spring,CHARGE_PRIORITY
12.0,small_family,23.25917417046141,6.5,6.5,0.0,0.0,-16.75917417046141,Spring,CHARGE_PRIORITY
13.0,apartment,15.991835355497198,3.6399999999999997,3.6399999999999997,0.0,1.0956846381835892,-12.351835355497197,Spring,CHARGE_PRIORITY
13.0,family_house,27.063105986226027,10.08,10.08,0.0,0.0,-16.98310598622603,Spring,CHARGE_PRIORITY
13.0,luxury_house,34.44395307337858,18.0,18.0,0.0,0.0,-16.44395307337858,Spring,CHARGE_PRIORITY
13.0,small_family,23.987753033245795,6.5,6.5,0.0,0.0,-17.487753033245795,Spring,CHARGE_PRIORITY
14.0,apartment,16.913204736022088,3.6399999999999997,3.6399999999999997,0.0,13.273204736022088,-13.273204736022088,Spring,CHARGE_PRIORITY
14.0,family_house,28.622346476345072,10.08,10.08,0.0,0.0,-18.542346476345074,Spring,CHARGE_PRIORITY
14.0,luxury_house,36.42844096989373,18.0,18.0,0.0,0.0,-18.428440969893728,Spring,CHARGE_PRIORITY
14.0,small_family,25.36980710403313,6.5,6.5,0.0,18.074815914162215,-18.86980710403313,Spring,CHARGE_PRIORITY
15.0,apartment,18.469564573861454,3.6399999999999997,3.6399999999999997,0.0,14.829564573861456,-14.829564573861456,Spring,CHARGE_PRIORITY
15.0,family_house,31.256186201919387,10.08,10.08,0.0,0.0,-21.17618620191939,Spring,CHARGE_PRIORITY
15.0,luxury_house,39.780600620624675,18.0,18.0,0.0,0.0,-21.780600620624675,Spring,CHARGE_PRIORITY
15.0,small_family,27.704346860792185,6.5,6.5,0.0,21.204346860792185,-21.204346860792185,Spring,CHARGE_PRIORITY
16.0,apartment,14.978938234093125,3.6399999999999997,3.6399999999999997,0.0,11.338938234093126,-11.338938234093126,Spring,CHARGE_PRIORITY
16.0,family_house,25.3489723961576,10.08,10.08,0.0,0.3181662674675816,-15.268972396157602,Spring,CHARGE_PRIORITY
16.0,luxury_house,32.26232850420058,18.0,18.0,0.0,0.0,-14.262328504200582,Spring,CHARGE_PRIORITY
16.0,small_family,22.46840735113969,6.5,6.5,0.0,15.968407351139689,-15.968407351139689,Spring,CHARGE_PRIORITY
17.0,apartment,12.105712412283262,3.6399999999999997,3.6399999999999997,0.0,8.465712412283262,-8.465712412283262,Spring,CHARGE_PRIORITY
17.0,family_house,20.486590236171672,10.08,10.08,0.0,10.406590236171672,-10.406590236171672,Spring,CHARGE_PRIORITY
17.0,luxury_house,26.073842118763945,18.0,18.0,0.0,0.0,-8.073842118763945,Spring,CHARGE_PRIORITY
17.0,small_family,18.158568618424894,6.5,6.5,0.0,11.658568618424894,-11.658568618424894,Spring,CHARGE_PRIORITY
18.0,apartment,8.778421177161835,23.75784558978412,23.75784558978412,0.0,0.4097308226146826,14.979424412622288,Spring,CHARGE_PRIORITY
18.0,family_house,14.85578968442772,25.210385093388638,25.210385093388638,0.0,0.3370194252133579,10.354595408960916,Spring,CHARGE_PRIORITY
18.0,luxury_house,18.907368689271642,36.65035220010615,36.65035220010615,0.0,0.0,17.742983510834506,Spring,CHARGE_PRIORITY
18.0,small_family,13.167631765742753,22.574520925209264,22.574520925209264,0.0,1.112397093474859,9.406889159466512,Spring,CHARGE_PRIORITY
19.0,apartment,0.0,24.52105226881562,24.52105226881562,0.0,0.0,24.52105226881562,Spring,CHARGE_PRIORITY
19.0,family_house,0.0,25.567173554057103,25.567173554057103,0.0,0.0,25.567173554057103,Spring,CHARGE_PRIORITY
19.0,luxury_house,0.0,38.423703332896956,38.423703332896956,0.0,0.0,38.423703332896956,Spring,CHARGE_PRIORITY
19.0,small_family,0.0,20.162931789373392,20.162931789373392,0.0,0.0,20.162931789373392,Spring,CHARGE_PRIORITY
20.0,apartment,1.0458768707398602,28.586723783664922,27.516596131368836,1.0701276522960885,0.0,27.540846912925062,Spring,CHARGE_PRIORITY
20.0,family_house,1.7699454735597637,28.871206392403888,28.871206392403888,0.0,0.0,27.101260918844126,Spring,CHARGE_PRIORITY
20.0,luxury_house,2.252657875439699,26.907081417847387,26.907081417847387,0.0,0.0,24.654423542407688,Spring,CHARGE_PRIORITY
20.0,small_family,1.5688153061097903,24.71358595217661,24.71358595217661,0.0,0.0,23.14477064606682,Spring,CHARGE_PRIORITY
21.0,apartment,1.9651514533449979,19.92952343407376,16.543086031253427,3.3864374028203366,0.0,17.964371980728764,Spring,CHARGE_PRIORITY
21.0,family_house,3.3256409210453812,24.978605090904743,24.978605090904743,0.0,0.0,21.652964169859363,Spring,CHARGE_PRIORITY
21.0,luxury_house,4.232633899512304,32.40122811924398,24.820085029577857,7.581143089666128,0.0,28.16859421973168,Spring,CHARGE_PRIORITY
21.0,small_family,2.947727180017497,25.418825021056488,25.418825021056488,0.0,0.0,22.47109784103899,Spring,CHARGE_PRIORITY
22.0,apartment,2.4192728879714362,3.6399999999999997,3.0774406150670357,0.5625593849329641,0.0,1.2207271120285632,Spring,CHARGE_PRIORITY
22.0,family_house,4.094154118105508,10.08,10.08,0.0,0.0,5.985845881894491,Spring,CHARGE_PRIORITY
22.0,luxury_house,5.210741604861555,18.0,11.314489198185859,6.685510801814142,0.0,12.789258395138443,Spring,CHARGE_PRIORITY
22.0,small_family,3.628909331957155,6.5,6.5,0.0,0.0,2.871090668042845,Spring,CHARGE_PRIORITY
23.0,apartment,5.885786941712818,3.6399999999999997,3.6399999999999997,0.0,0.0,-2.2457869417128187,Spring,CHARGE_PRIORITY
23.0,family_house,9.960562516744771,10.08,10.08,0.0,0.0,0.11943748325522918,Spring,CHARGE_PRIORITY
23.0,luxury_house,12.677079566766071,18.0,13.606247740059644,4.393752259940357,0.0,5.3229204332339295,Spring,CHARGE_PRIORITY
23.0,small_family,8.828680412569229,6.5,6.5,0.0,0.0,-2.328680412569228,Spring,CHARGE_PRIORITY
24.0,apartment,0.0,3.6399999999999997,2.8773877875159752,0.7626122124840242,0.0,3.6399999999999997,Spring,CHARGE_PRIORITY
24.0,family_house,0.0,10.08,10.08,0.0,0.0,10.08,Spring,CHARGE_PRIORITY
24.0,luxury_house,0.0,18.0,3.913064850743657,14.086935149256343,0.0,18.0,Spring,CHARGE_PRIORITY
24.0,small_family,0.0,6.5,6.5,0.0,0.0,6.5,Spring,CHARGE_PRIORITY
25.0,apartment,2.0447840281509215,3.6399999999999997,2.916937149232123,0.7230628507678765,0.0,1.595215971849078,Spring,CHARGE_PRIORITY
25.0,family_house,3.460403739947713,10.08,10.08,0.0,0.0,6.619596260052287,Spring,CHARGE_PRIORITY
25.0,luxury_house,4.404150214478908,18.0,4.182103988529378,13.817896011470621,0.0,13.595849785521091,Spring,CHARGE_PRIORITY
25.0,small_family,3.0671760422263827,6.5,6.169317361827479,0.3306826381725216,0.0,3.432823957773617,Spring,CHARGE_PRIORITY
26.0,apartment,1.1611499534350318,3.6399999999999997,2.4423238268114744,1.1976761731885253,0.0,2.478850046564968,Spring,CHARGE_PRIORITY
26.0,family_house,1.9650229981208232,10.08,9.852731758922816,0.22726824107718357,0.0,8.114977001879176,Spring,CHARGE_PRIORITY
26.0,luxury_house,2.500938361244684,18.0,2.2508445251202156,15.749155474879785,0.0,15.499061638755315,Spring,CHARGE_PRIORITY
26.0,small_family,1.741724930152548,6.5,5.6549706161022,0.8450293838978,0.0,4.758275069847452,Spring,CHARGE_PRIORITY
27.0,apartment,1.9525427093560837,3.6399999999999997,2.7710562023479115,0.8689437976520882,0.0,1.687457290643916,Spring,CHARGE_PRIORITY
27.0,family_house,3.3043030466026035,10.08,8.960686839002348,1.1193131609976523,0.0,6.775696953397396,Spring,CHARGE_PRIORITY
27.0,luxury_house,4.205476604766949,18.0,3.784928944290254,14.215071055709746,0.0,13.79452339523305,Spring,CHARGE_PRIORITY
27.0,small_family,2.928814064034126,6.5,5.608292151760934,0.8917078482390661,0.0,3.5711859359658744,Spring,CHARGE_PRIORITY
28.0,apartment,2.0149149615286093,3.6399999999999997,2.7969646763272684,0.8430353236727313,0.0,1.6250850384713902,Spring,CHARGE_PRIORITY
28.0,family_house,3.4098560887407237,10.08,8.327217619966662,1.752782380033337,0.0,6.6701439112592755,Spring,CHARGE_PRIORITY
28.0,luxury_house,4.339816840215466,18.0,3.90583515619392,14.094164843806078,0.0,13.660183159784532,Spring,CHARGE_PRIORITY
28.0,small_family,3.022372442292914,6.5,5.6277235072454515,0.8722764927545487,0.0,3.477627557707086,Spring,CHARGE_PRIORITY
29.0,apartment,1.9079972015893052,3.6399999999999997,2.6335488232568056,1.006451176743194,0.0,1.7320027984106945,Spring,CHARGE_PRIORITY
29.0,family_house,3.228918341151132,10.08,8.286506626759005,1.7934933732409954,0.0,6.851081658848868,Spring,CHARGE_PRIORITY
29.0,luxury_house,4.109532434192349,18.0,3.6985791907731143,14.301420809226887,0.0,13.89046756580765,Spring,CHARGE_PRIORITY
29.0,small_family,2.861995802383958,6.5,5.399010962818754,1.1009890371812459,0.0,3.638004197616042,Spring,CHARGE_PRIORITY
30.0,apartment,10.720730870512162,3.6399999999999997,3.6399999999999997,0.0,0.0,-7.080730870512161,Spring,CHARGE_PRIORITY
30.0,family_house,18.142775319328276,10.08,10.08,0.0,0.0,-8.062775319328276,Spring,CHARGE_PRIORITY
30.0,luxury_house,23.09080495187235,18.0,18.0,0.0,0.0,-5.090804951872348,Spring,CHARGE_PRIORITY
30.0,small_family,16.081096305768245,6.5,6.5,0.0,0.0,-9.581096305768243,Spring,CHARGE_PRIORITY
31.0,apartment,10.91498024450718,3.6399999999999997,3.6399999999999997,0.0,0.0,-7.27498024450718,Spring,CHARGE_PRIORITY
31.0,family_house,18.471505029165996,10.08,10.08,0.0,0.0,-8.391505029165996,Spring,CHARGE_PRIORITY
31.0,luxury_house,23.50918821893854,18.0,18.0,0.0,0.0,-5.509188218938541,Spring,CHARGE_PRIORITY
31.0,small_family,16.37247036676077,6.5,6.5,0.0,0.0,-9.872470366760771,Spring,CHARGE_PRIORITY
32.0,apartment,11.290862287790263,3.6399999999999997,3.6399999999999997,0.0,0.0,-7.650862287790263,Spring,CHARGE_PRIORITY
32.0,family_house,19.10761310241429,10.08,10.08,0.0,0.0,-9.027613102414293,Spring,CHARGE_PRIORITY
32.0,luxury_house,24.318780312163646,18.0,18.0,0.0,0.0,-6.318780312163646,Spring,CHARGE_PRIORITY
32.0,small_family,16.936293431685392,6.5,6.5,0.0,0.0,-10.436293431685392,Spring,CHARGE_PRIORITY
33.0,apartment,11.978822666900612,3.6399999999999997,3.6399999999999997,0.0,0.0,-8.338822666900613,Spring,CHARGE_PRIORITY
33.0,family_house,20.271853743985652,10.08,10.08,0.0,0.0,-10.19185374398565,Spring,CHARGE_PRIORITY
33.0,luxury_house,25.800541128709007,18.0,18.0,0.0,0.0,-7.800541128709009,Spring,CHARGE_PRIORITY
33.0,small_family,17.968234000350918,6.5,6.5,0.0,0.0,-11.468234000350918,Spring,CHARGE_PRIORITY
34.0,apartment,11.934365937580948,3.6399999999999997,3.6399999999999997,0.0,0.0,-8.294365937580949,Spring,CHARGE_PRIORITY
34.0,family_house,20.196619278983142,10.08,10.08,0.0,0.0,-10.116619278983142,Spring,CHARGE_PRIORITY
34.0,luxury_house,25.704788173251274,18.0,18.0,0.0,0.0,-7.704788173251272,Spring,CHARGE_PRIORITY
34.0,small_family,17.901548906371424,6.5,6.5,0.0,0.0,-11.401548906371422,Spring,CHARGE_PRIORITY
35.0,apartment,12.11040387483319,3.6399999999999997,3.6399999999999997,0.0,0.0,-8.47040387483319,Spring,CHARGE_PRIORITY
35.0,family_house,20.49452963433309,10.08,10.08,0.0,0.0,-10.414529634333089,Spring,CHARGE_PRIORITY
35.0,luxury_house,26.083946807333025,18.0,18.0,0.0,0.0,-8.083946807333025,Spring,CHARGE_PRIORITY
35.0,small_family,18.165605812249783,6.5,6.5,0.0,0.0,-11.665605812249783,Spring,CHARGE_PRIORITY
36.0,apartment,13.923605722707492,3.6399999999999997,3.6399999999999997,0.0,0.0,-10.283605722707492,Spring,CHARGE_PRIORITY
36.0,family_house,23.563025069197295,10.08,10.08,0.0,0.0,-13.483025069197295,Spring,CHARGE_PRIORITY
36.0,luxury_house,29.98930463352383,18.0,18.0,0.0,0.0,-11.989304633523828,Spring,CHARGE_PRIORITY
36.0,small_family,20.885408584061235,6.5,6.5,0.0,0.0,-14.385408584061235,Spring,CHARGE_PRIORITY
37.0,apartment,13.178894603249983,3.6399999999999997,3.6399999999999997,0.0,0.0,-9.538894603249982,Spring,CHARGE_PRIORITY
37.0,family_house,22.30274471319228,10.08,10.08,0.0,0.0,-12.22274471319228,Spring,CHARGE_PRIORITY
37.0,luxury_house,28.38531145315381,18.0,18.0,0.0,0.0,-10.38531145315381,Spring,CHARGE_PRIORITY
37.0,small_family,19.768341904874976,6.5,6.5,0.0,0.9803288588854342,-13.268341904874976,Spring,CHARGE_PRIORITY
38.0,apartment,14.746426630773868,3.6399999999999997,3.6399999999999997,0.0,0.3465255539917039,-11.106426630773868,Spring,CHARGE_PRIORITY
38.0,family_house,24.955491221309618,10.08,10.08,0.0,0.0,-14.87549122130962,Spring,CHARGE_PRIORITY
38.0,luxury_house,31.76153428166679,18.0,18.0,0.0,0.0,-13.76153428166679,Spring,CHARGE_PRIORITY
38.0,small_family,22.1196399461608,6.5,6.5,0.0,3.35613961216481,-15.619639946160799,Spring,CHARGE_PRIORITY
39.0,apartment,15.404086696571104,3.6399999999999997,3.6399999999999997,0.0,1.942517523594615,-11.764086696571104,Spring,CHARGE_PRIORITY
39.0,family_house,26.068454409581868,10.08,10.08,0.0,0.0846920612132428,-15.98845440958187,Spring,CHARGE_PRIORITY
39.0,luxury_house,33.17803288492238,18.0,18.0,0.0,0.0,-15.178032884922379,Spring,CHARGE_PRIORITY
39.0,small_family,23.10613004485666,6.5,6.5,0.0,7.442160912832625,-16.60613004485666,Spring,CHARGE_PRIORITY
40.0,apartment,15.082816412959527,3.6399999999999997,3.6399999999999997,0.0,3.9423405712765773,-11.442816412959527,Spring,CHARGE_PRIORITY
40.0,family_house,25.524766237316122,10.08,10.08,0.0,1.6119164500086622,-15.444766237316124,Spring,CHARGE_PRIORITY
40.0,luxury_house,32.48606612022052,18.0,18.0,0.0,0.0,-14.48606612022052,Spring,CHARGE_PRIORITY
40.0,small_family,22.62422461943929,6.5,6.5,0.0,11.032831985150157,-16.12422461943929,Spring,CHARGE_PRIORITY
41.0,apartment,13.99363275794507,3.6399999999999997,3.6399999999999997,0.0,3.9821664453634886,-10.353632757945071,Spring,CHARGE_PRIORITY
41.0,family_house,23.681532359599352,10.08,10.08,0.0,2.2669220599332256,-13.601532359599354,Spring,CHARGE_PRIORITY
41.0,luxury_house,30.14013209403554,18.0,18.0,0.0,0.0,-12.14013209403554,Spring,CHARGE_PRIORITY
41.0,small_family,20.990449136917604,6.5,6.5,0.0,13.18266785819197,-14.490449136917604,Spring,CHARGE_PRIORITY
42.0,apartment,11.282749403194526,25.43285673194812,25.43285673194812,0.0,0.9433973077508051,14.150107328753593,Spring,CHARGE_PRIORITY
42.0,family_house,19.09388360540612,24.150194099456428,24.150194099456428,0.0,0.15006012228839216,5.056310494050308,Spring,CHARGE_PRIORITY
42.0,luxury_house,24.30130640688052,33.67101615084512,33.67101615084512,0.0,0.0,9.369709743964602,Spring,CHARGE_PRIORITY
42.0,small_family,16.924124104791787,24.79442693259359,24.79442693259359,0.0,1.9663296612866115,7.870302827801803,Spring,CHARGE_PRIORITY
43.0,apartment,3.8119733137092364,28.056879768533477,28.056879768533477,0.0,0.0,24.24490645482424,Spring,CHARGE_PRIORITY
43.0,family_house,6.451031761661786,25.693780634473654,25.693780634473654,0.0,0.0,19.242748872811866,Spring,CHARGE_PRIORITY
43.0,luxury_house,8.210404060296817,35.48736938081837,35.48736938081837,0.0,0.0,27.27696532052155,Spring,CHARGE_PRIORITY
43.0,small_family,5.717959970563855,29.763947887168698,29.763947887168698,0.0,0.0,24.04598791660484,Spring,CHARGE_PRIORITY
44.0,apartment,1.4285235500464855,23.66434021953229,23.66434021953229,0.0,0.0,22.235816669485803,Spring,CHARGE_PRIORITY
44.0,family_house,2.41750139238636,26.876280873049595,26.876280873049595,0.0,0.0,24.458779480663235,Spring,CHARGE_PRIORITY
44.0,luxury_house,3.076819953946276,35.47309655795858,34.09700459764941,1.376091960309168,0.0,32.3962766040123,Spring,CHARGE_PRIORITY
44.0,small_family,2.1427853250697284,26.31238279870336,26.31238279870336,0.0,0.0,24.169597473633633,Spring,CHARGE_PRIORITY
45.0,apartment,6.540060384936827,22.068012711575975,21.33089405874804,0.737118652827935,0.0,15.527952326639149,Spring,CHARGE_PRIORITY
45.0,family_house,11.0677944975854,33.64593677209614,33.64593677209614,0.0,0.0,22.578142274510746,Spring,CHARGE_PRIORITY
45.0,luxury_house,14.08628390601778,34.01878582977265,21.407804127538984,12.610981702233673,0.0,19.932501923754877,Spring,CHARGE_PRIORITY
45.0,small_family,9.81009057740524,23.880308622375452,23.880308622375452,0.0,0.0,14.070218044970211,Spring,CHARGE_PRIORITY
46.0,apartment,3.9873818687358407,3.6399999999999997,3.628148541968213,0.011851458031786555,0.0,-0.3473818687358408,Spring,CHARGE_PRIORITY
46.0,family_house,6.747877008629883,10.08,10.08,0.0,0.0,3.332122991370116,Spring,CHARGE_PRIORITY
46.0,luxury_house,8.588207101892579,18.0,10.888301073610723,7.111698926389277,0.0,9.411792898107421,Spring,CHARGE_PRIORITY
46.0,small_family,5.9810728031037605,6.5,6.5,0.0,0.0,0.5189271968962393,Spring,CHARGE_PRIORITY
47.0,apartment,2.889622608561888,3.6399999999999997,3.400152387932084,0.2398476120679155,0.0,0.7503773914381114,Spring,CHARGE_PRIORITY
47.0,family_house,4.890130568335502,10.08,10.08,0.0,0.0,5.189869431664497,Spring,CHARGE_PRIORITY
47.0,luxury_house,6.223802541517912,18.0,6.995414281770687,11.004585718229313,0.0,11.776197458482088,Spring,CHARGE_PRIORITY
47.0,small_family,4.334433912842832,6.5,6.5,0.0,0.0,2.1655660871571683,Spring,CHARGE_PRIORITY
48.0,apartment,0.0,3.6399999999999997,2.8,0.8399999999999999,0.0,3.6399999999999997,Spring,CHARGE_PRIORITY
48.0,family_house,0.0,10.08,9.789059635829789,0.29094036417021163,0.0,10.08,Spring,CHARGE_PRIORITY
48.0,luxury_house,0.0,18.0,0.4948199150750085,17.50518008492499,0.0,18.0,Spring,CHARGE_PRIORITY
48.0,small_family,0.0,6.5,6.5,0.0,0.0,6.5,Spring,CHARGE_PRIORITY
49.0,apartment,0.0,3.6399999999999997,2.8,0.8399999999999999,0.0,3.6399999999999997,Spring,CHARGE_PRIORITY
49.0,family_house,0.0,10.08,8.506880991320275,1.5731190086797242,0.0,10.08,Spring,CHARGE_PRIORITY
49.0,luxury_house,0.0,18.0,0.0,18.0,0.0,18.0,Spring,CHARGE_PRIORITY
49.0,small_family,0.0,6.5,6.5,0.0,0.0,6.5,Spring,CHARGE_PRIORITY
50.0,apartment,0.0,3.6399999999999997,2.8,0.8399999999999999,0.0,3.6399999999999997,Spring,CHARGE_PRIORITY
50.0,family_house,0.0,10.08,7.756662721648209,2.3233372783517905,0.0,10.08,Spring,CHARGE_PRIORITY
50.0,luxury_house,0.0,18.0,0.0,18.0,0.0,18.0,Spring,CHARGE_PRIORITY
50.0,small_family,0.0,6.5,6.5,0.0,0.0,6.5,Spring,CHARGE_PRIORITY
51.0,apartment,1.7275706358105496,3.6399999999999997,2.938834055323643,0.7011659446763565,0.0,1.91242936418945,Spring,CHARGE_PRIORITY
51.0,family_house,2.9235810759870837,10.08,7.597074322796125,2.482925677203875,0.0,7.156418924012916,Spring,CHARGE_PRIORITY
51.0,luxury_house,3.7209213694381065,18.0,3.348829232494295,14.651170767505704,0.0,14.279078630561894,Spring,CHARGE_PRIORITY
51.0,small_family,2.591355953715824,6.5,6.5,0.0,0.0,3.9086440462841763,Spring,CHARGE_PRIORITY
52.0,apartment,2.029514921742773,3.6399999999999997,2.8501778591680016,0.7898221408319981,0.0,1.6104850782572266,Spring,CHARGE_PRIORITY
52.0,family_house,3.4345637137185383,10.08,7.176156947761066,2.903843052238934,0.0,6.645436286281462,Spring,CHARGE_PRIORITY
52.0,luxury_house,4.371262908369049,18.0,3.9341366175321433,14.065863382467857,0.0,13.62873709163095,Spring,CHARGE_PRIORITY
52.0,small_family,3.0442723826141593,6.5,6.457727417777988,0.04227258222201197,0.0,3.4557276173858407,Spring,CHARGE_PRIORITY
53.0,apartment,2.2827178749933985,3.6399999999999997,2.908205886535719,0.7317941134642805,0.0,1.3572821250066014,Spring,CHARGE_PRIORITY
53.0,family_house,3.8630610192195975,10.08,5.823376739091307,4.256623260908692,0.0,6.216938980780402,Spring,CHARGE_PRIORITY
53.0,luxury_house,4.916623115370396,18.0,4.424960803833357,13.575039196166644,0.0,13.083376884629603,Spring,CHARGE_PRIORITY
53.0,small_family,3.4240768124900973,6.5,5.931268857636488,0.5687311423635116,0.0,3.0759231875099027,Spring,CHARGE_PRIORITY
54.0,apartment,10.942953189450261,3.6399999999999997,3.6399999999999997,0.0,0.0,-7.3029531894502595,Spring,CHARGE_PRIORITY
54.0,family_house,18.51884385906967,10.08,10.08,0.0,0.0,-8.43884385906967,Spring,CHARGE_PRIORITY
54.0,luxury_house,23.569437638815945,18.0,18.0,0.0,0.0,-5.569437638815945,Spring,CHARGE_PRIORITY
54.0,small_family,16.41442978417539,6.5,6.5,0.0,0.0,-9.91442978417539,Spring,CHARGE_PRIORITY
55.0,apartment,11.32671971082745,3.6399999999999997,3.6399999999999997,0.0,0.0,-7.686719710827451,Spring,CHARGE_PRIORITY
55.0,family_house,19.168294895246458,10.08,10.08,0.0,0.0,-9.08829489524646,Spring,CHARGE_PRIORITY
55.0,luxury_house,24.396011684859126,18.0,18.0,0.0,0.0,-6.396011684859127,Spring,CHARGE_PRIORITY
55.0,small_family,16.990079566241178,6.5,6.5,0.0,0.0,-10.490079566241178,Spring,CHARGE_PRIORITY
56.0,apartment,11.647387934427924,3.6399999999999997,3.6399999999999997,0.0,0.0,-8.007387934427925,Spring,CHARGE_PRIORITY
56.0,family_house,19.710964196724177,10.08,10.08,0.0,0.0,-9.630964196724179,Spring,CHARGE_PRIORITY
56.0,luxury_house,25.08668170492168,18.0,18.0,0.0,0.0,-7.086681704921681,Spring,CHARGE_PRIORITY
56.0,small_family,17.471081901641888,6.5,6.5,0.0,0.0,-10.971081901641886,Spring,CHARGE_PRIORITY
57.0,apartment,12.38466715565772,3.6399999999999997,3.6399999999999997,0.0,0.0,-8.74466715565772,Spring,CHARGE_PRIORITY
57.0,family_house,20.958667494189985,10.08,10.08,0.0,0.0,-10.878667494189985,Spring,CHARGE_PRIORITY
57.0,luxury_house,26.674667719878165,18.0,18.0,0.0,0.0,-8.674667719878164,Spring,CHARGE_PRIORITY
57.0,small_family,18.577000733486578,6.5,6.5,0.0,0.0,-12.077000733486578,Spring,CHARGE_PRIORITY
58.0,apartment,13.235795437717366,3.6399999999999997,3.6399999999999997,0.0,0.0,-9.595795437717365,Spring,CHARGE_PRIORITY
58.0,family_house,22.39903843306016,10.08,10.08,0.0,0.0,-12.31903843306016,Spring,CHARGE_PRIORITY
58.0,luxury_house,28.50786709662202,18.0,18.0,0.0,0.0,-10.507867096622022,Spring,CHARGE_PRIORITY
58.0,small_family,19.853693156576053,6.5,6.5,0.0,0.0,-13.353693156576053,Spring,CHARGE_PRIORITY
59.0,apartment,14.166674631157896,3.6399999999999997,3.6399999999999997,0.0,0.0,-10.526674631157896,Spring,CHARGE_PRIORITY
59.0,family_house,23.974372452728748,10.08,10.08,0.0,0.0,-13.894372452728746,Spring,CHARGE_PRIORITY
59.0,luxury_house,30.512837667109316,18.0,18.0,0.0,0.0,-12.512837667109316,Spring,CHARGE_PRIORITY
59.0,small_family,21.250011946736844,6.5,6.5,0.0,0.0,-14.750011946736842,Spring,CHARGE_PRIORITY
60.0,apartment,15.257481052069322,3.6399999999999997,3.6399999999999997,0.0,0.0,-11.617481052069321,Spring,CHARGE_PRIORITY
60.0,family_house,25.82035254965578,10.08,10.08,0.0,0.0,-15.740352549655782,Spring,CHARGE_PRIORITY
60.0,luxury_house,32.86226688138008,18.0,18.0,0.0,0.0,-14.86226688138008,Spring,CHARGE_PRIORITY
60.0,small_family,22.886221578103985,6.5,6.5,0.0,0.036402053769731824,-16.386221578103985,Spring,CHARGE_PRIORITY
61.0,apartment,16.45239112301508,3.6399999999999997,3.6399999999999997,0.0,0.0,-12.812391123015079,Spring,CHARGE_PRIORITY
61.0,family_house,27.842508054333212,10.08,10.08,0.0,0.0,-17.762508054333214,Spring,CHARGE_PRIORITY
61.0,luxury_house,35.43591934187863,18.0,18.0,0.0,0.0,-17.43591934187863,Spring,CHARGE_PRIORITY
61.0,small_family,24.678586684522617,6.5,6.5,0.0,2.335572846224192,-18.178586684522617,Spring,CHARGE_PRIORITY
62.0,apartment,17.522516121546538,3.6399999999999997,3.6399999999999997,0.0,0.04266931274422331,-13.882516121546537,Spring,CHARGE_PRIORITY
62.0,family_house,29.65348882107876,10.08,10.08,0.0,0.6283537808043292,-19.57348882107876,Spring,CHARGE_PRIORITY
62.0,luxury_house,37.74080395410024,18.0,18.0,0.0,0.0,-19.740803954100237,Spring,CHARGE_PRIORITY
62.0,small_family,26.283774182319807,6.5,6.5,0.0,5.83336631692491,-19.783774182319807,Spring,CHARGE_PRIORITY
63.0,apartment,17.843294998482577,3.6399999999999997,3.6399999999999997,0.0,3.4210945707904075,-14.203294998482574,Spring,CHARGE_PRIORITY
63.0,family_house,30.196345382047436,10.08,10.08,0.0,1.6763621151706198,-20.116345382047438,Spring,CHARGE_PRIORITY
63.0,luxury_house,38.43171230442401,18.0,18.0,0.0,0.0,-20.43171230442401,Spring,CHARGE_PRIORITY
63.0,small_family,26.764942497723865,6.5,6.5,0.0,12.416141770589334,-20.264942497723865,Spring,CHARGE_PRIORITY
64.0,apartment,14.15847995780439,3.6399999999999997,3.6399999999999997,0.0,5.9502837723122814,-10.51847995780439,Spring,CHARGE_PRIORITY
64.0,family_house,23.960504543976658,10.08,10.08,0.0,1.1567087119980548,-13.880504543976658,Spring,CHARGE_PRIORITY
64.0,luxury_house,30.49518760142484,18.0,18.0,0.0,0.0,-12.49518760142484,Spring,CHARGE_PRIORITY
64.0,small_family,21.237719936706583,6.5,6.5,0.0,14.737719936706585,-14.737719936706585,Spring,CHARGE_PRIORITY
65.0,apartment,10.278131890049819,3.6399999999999997,3.6399999999999997,0.0,6.638131890049819,-6.638131890049819,Spring,CHARGE_PRIORITY
65.0,family_house,17.39376166008431,10.08,10.08,0.0,1.0963246617041245,-7.3137616600843085,Spring,CHARGE_PRIORITY
65.0,luxury_house,22.1375148401073,18.0,18.0,0.0,0.0,-4.137514840107302,Spring,CHARGE_PRIORITY
65.0,small_family,15.417197835074727,6.5,6.5,0.0,8.917197835074727,-8.917197835074727,Spring,CHARGE_PRIORITY
66.0,apartment,9.026030940569406,23.289862502245658,23.289862502245658,0.0,0.0,14.263831561676252,Spring,CHARGE_PRIORITY
66.0,family_house,15.274821591732843,28.183784700517645,28.183784700517645,0.0,0.0,12.9089631087848,Spring,CHARGE_PRIORITY
66.0,luxury_house,19.4406820258418,36.37944127359585,36.37944127359585,0.0,0.0,16.93875924775405,Spring,CHARGE_PRIORITY
66.0,small_family,13.53904641085411,29.823349151085147,29.823349151085147,0.0,0.5493557604211892,16.284302740231038,Spring,CHARGE_PRIORITY
67.0,apartment,0.0,21.602685351720147,21.602685351720147,0.0,0.0,21.602685351720147,Spring,CHARGE_PRIORITY
67.0,family_house,0.0,27.586316997017718,27.586316997017718,0.0,0.0,27.586316997017718,Spring,CHARGE_PRIORITY
67.0,luxury_house,0.0,32.05436171909514,32.05436171909514,0.0,0.0,32.05436171909514,Spring,CHARGE_PRIORITY
67.0,small_family,0.0,24.24951857373463,24.24951857373463,0.0,0.0,24.24951857373463,Spring,CHARGE_PRIORITY
68.0,apartment,0.0,19.234838114324926,19.234838114324926,0.0,0.0,19.234838114324926,Spring,CHARGE_PRIORITY
68.0,family_house,0.0,32.65895568119381,32.65895568119381,0.0,0.0,32.65895568119381,Spring,CHARGE_PRIORITY
68.0,luxury_house,0.0,36.986968242307334,35.07543157943374,1.9115366628735915,0.0,36.986968242307334,Spring,CHARGE_PRIORITY
68.0,small_family,0.0,26.869373227015533,26.869373227015533,0.0,0.0,26.869373227015533,Spring,CHARGE_PRIORITY
69.0,apartment,0.23796821715112637,20.09741304984863,18.198381540765027,1.899031509083605,0.0,19.859444832697505,Spring,CHARGE_PRIORITY
69.0,family_house,0.4027154444095985,28.512039507597873,28.512039507597873,0.0,0.0,28.10932406318827,Spring,CHARGE_PRIORITY
69.0,luxury_house,0.5125469292485799,36.84237760937803,17.78094422824035,19.06143338113768,0.0,36.32983068012945,Spring,CHARGE_PRIORITY
69.0,small_family,0.35695232572668956,30.731972009816925,30.640639153576632,0.0913328562402933,0.0,30.375019684090237,Spring,CHARGE_PRIORITY
70.0,apartment,2.009048518579518,3.6399999999999997,3.210111147309101,0.4298888526908988,0.0,1.6309514814204817,Spring,CHARGE_PRIORITY
70.0,family_house,3.3999282622114917,10.08,10.047221847555633,0.03277815244436688,0.0,6.6800717377885075,Spring,CHARGE_PRIORITY
70.0,luxury_house,4.3271814246328075,18.0,4.82800813335498,13.17199186664502,0.0,13.672818575367193,Spring,CHARGE_PRIORITY
70.0,small_family,3.013572777869277,6.5,5.912021619241477,0.5879783807585226,0.0,3.4864272221307235,Spring,CHARGE_PRIORITY
71.0,apartment,5.2038060412578,3.6399999999999997,3.6399999999999997,0.0,0.0,-1.5638060412578005,Spring,CHARGE_PRIORITY
71.0,family_house,8.806440992897816,10.08,9.900483074467335,0.17951692553266396,0.0,1.2735590071021847,Spring,CHARGE_PRIORITY
71.0,luxury_house,11.208197627324493,18.0,10.087377864592042,7.912622135407958,0.0,6.791802372675507,Spring,CHARGE_PRIORITY
71.0,small_family,7.8057090618867,6.5,6.5,0.0,0.0,-1.3057090618867009,Spring,CHARGE_PRIORITY
72.0,apartment,0.0,3.6399999999999997,2.841053980656006,0.7989460193439937,0.0,3.6399999999999997,Spring,CHARGE_PRIORITY
72.0,family_house,0.0,10.08,8.908498279830969,1.17150172016903,0.0,10.08,Spring,CHARGE_PRIORITY
72.0,luxury_house,0.0,18.0,0.0,18.0,0.0,18.0,Spring,CHARGE_PRIORITY
72.0,small_family,0.0,6.5,5.121185728238007,1.3788142717619931,0.0,6.5,Spring,CHARGE_PRIORITY
73.0,apartment,2.2381782404678887,3.6399999999999997,3.1398032050526457,0.5001967949473538,0.0,1.4018217595321107,Spring,CHARGE_PRIORITY
73.0,family_house,3.787686253099505,10.08,8.537999252003607,1.5420007479963924,0.0,6.292313746900494,Spring,CHARGE_PRIORITY
73.0,luxury_house,4.820691594853915,18.0,4.338622435368523,13.661377564631476,0.0,13.179308405146084,Spring,CHARGE_PRIORITY
73.0,small_family,3.3572673607018335,6.5,5.374775073014248,1.125224926985752,0.0,3.1427326392981665,Spring,CHARGE_PRIORITY
74.0,apartment,2.0412141982058576,3.6399999999999997,3.085259316426237,0.5547406835737625,0.0,1.598785801794142,Spring,CHARGE_PRIORITY
74.0,family_house,3.454362489271452,10.08,7.295469637804701,2.7845303621952984,0.0,6.625637510728548,Spring,CHARGE_PRIORITY
74.0,luxury_house,4.3964613499818475,18.0,3.9568152149836626,14.043184785016336,0.0,13.603538650018152,Spring,CHARGE_PRIORITY
74.0,small_family,3.0618212973087866,6.5,4.673865887931517,1.8261341120684833,0.0,3.4381787026912134,Spring,CHARGE_PRIORITY
75.0,apartment,1.9181931607966782,3.6399999999999997,2.9065421986379754,0.7334578013620243,0.0,1.7218068392033214,Spring,CHARGE_PRIORITY
75.0,family_house,3.2461730413482246,10.08,6.224458036975835,3.855541963024164,0.0,6.833826958651775,Spring,CHARGE_PRIORITY
75.0,luxury_house,4.131492961715923,18.0,3.71834366554433,14.28165633445567,0.0,13.86850703828408,Spring,CHARGE_PRIORITY
75.0,small_family,2.8772897411950176,6.5,4.093575856661856,2.4064241433381444,0.0,3.622710258804983,Spring,CHARGE_PRIORITY
76.0,apartment,2.1740477617523783,3.6399999999999997,2.992554994452746,0.6474450055472535,0.0,1.465952238247621,Spring,CHARGE_PRIORITY
76.0,family_house,3.679157750657872,10.08,6.025770810514955,4.054229189485045,0.0,6.400842249342127,Spring,CHARGE_PRIORITY
76.0,luxury_house,4.6825644099282,18.0,4.21430796893538,13.78569203106462,0.0,13.3174355900718,Spring,CHARGE_PRIORITY
76.0,small_family,3.261071642628568,6.5,4.306131986686591,2.1938680133134087,0.0,3.238928357371432,Spring,CHARGE_PRIORITY
77.0,apartment,2.3929680153392687,3.6399999999999997,3.0683350822328235,0.5716649177671761,0.0,1.247031984660731,Spring,CHARGE_PRIORITY
77.0,family_house,4.049638179804916,10.08,4.400773162272962,5.679226837727037,0.0,6.030361820195084,Spring,CHARGE_PRIORITY
77.0,luxury_house,5.154084956115347,18.0,4.638676460503811,13.361323539496187,0.0,12.845915043884652,Spring,CHARGE_PRIORITY
77.0,small_family,3.5894520230089024,6.5,4.4880041973587765,2.0119958026412235,0.0,2.9105479769910976,Spring,CHARGE_PRIORITY
78.0,apartment,11.263676518131966,3.6399999999999997,3.6399999999999997,0.0,0.0,-7.623676518131965,Spring,CHARGE_PRIORITY
78.0,family_house,19.061606415300247,10.08,10.08,0.0,0.0,-8.981606415300249,Spring,CHARGE_PRIORITY
78.0,luxury_house,24.26022634674577,18.0,18.0,0.0,0.0,-6.260226346745771,Spring,CHARGE_PRIORITY
78.0,small_family,16.89551477719795,6.5,6.5,0.0,0.0,-10.395514777197947,Spring,CHARGE_PRIORITY
79.0,apartment,9.9614831274325,3.6399999999999997,3.6399999999999997,0.0,0.0,-6.321483127432501,Spring,CHARGE_PRIORITY
79.0,family_house,16.85789452334731,10.08,10.08,0.0,0.0,-6.7778945233473085,Spring,CHARGE_PRIORITY
79.0,luxury_house,21.455502120623848,18.0,18.0,0.0,0.0,-3.455502120623847,Spring,CHARGE_PRIORITY
79.0,small_family,14.94222469114875,6.5,6.5,0.0,0.0,-8.44222469114875,Spring,CHARGE_PRIORITY
80.0,apartment,11.065608065436505,3.6399999999999997,3.6399999999999997,0.0,0.0,-7.4256080654365055,Spring,CHARGE_PRIORITY
80.0,family_house,18.72641364920024,10.08,10.08,0.0,0.0,-8.64641364920024,Spring,CHARGE_PRIORITY
80.0,luxury_house,23.833617371709394,18.0,18.0,0.0,0.0,-5.833617371709396,Spring,CHARGE_PRIORITY
80.0,small_family,16.598412098154757,6.5,6.5,0.0,0.0,-10.098412098154757,Spring,CHARGE_PRIORITY
81.0,apartment,12.2292128107485,3.6399999999999997,3.6399999999999997,0.0,0.0,-8.5892128107485,Spring,CHARGE_PRIORITY
81.0,family_house,20.695590910497458,10.08,10.08,0.0,0.0,-10.61559091049746,Spring,CHARGE_PRIORITY
81.0,luxury_house,26.339842976996763,18.0,18.0,0.0,0.0,-8.339842976996763,Spring,CHARGE_PRIORITY
81.0,small_family,18.34381921612275,6.5,6.5,0.0,0.0,-11.843819216122748,Spring,CHARGE_PRIORITY
82.0,apartment,13.069922049526404,3.6399999999999997,3.6399999999999997,0.0,0.0,-9.429922049526404,Spring,CHARGE_PRIORITY
82.0,family_house,22.118329622275454,10.08,10.08,0.0,0.0,-12.038329622275457,Spring,CHARGE_PRIORITY
82.0,luxury_house,28.150601337441486,18.0,18.0,0.0,0.0,-10.150601337441488,Spring,CHARGE_PRIORITY
82.0,small_family,19.60488307428961,6.5,6.5,0.0,0.0,-13.10488307428961,Spring,CHARGE_PRIORITY
83.0,apartment,12.692830138952829,3.6399999999999997,3.6399999999999997,0.0,0.0,-9.052830138952828,Spring,CHARGE_PRIORITY
83.0,family_house,21.48017408130479,10.08,10.08,0.0,0.0,-11.400174081304788,Spring,CHARGE_PRIORITY
83.0,luxury_house,27.338403376206095,18.0,18.0,0.0,0.0,-9.338403376206093,Spring,CHARGE_PRIORITY
83.0,small_family,19.039245208429243,6.5,6.5,0.0,0.0,-12.539245208429243,Spring,CHARGE_PRIORITY
84.0,apartment,13.471988720838848,3.6399999999999997,3.6399999999999997,0.0,0.6273983479605842,-9.831988720838847,Spring,CHARGE_PRIORITY
84.0,family_house,22.798750142958053,10.08,10.08,0.0,0.0,-12.718750142958053,Spring,CHARGE_PRIORITY
84.0,luxury_house,29.01659109103752,18.0,18.0,0.0,0.0,-11.01659109103752,Spring,CHARGE_PRIORITY
84.0,small_family,20.207983081258273,6.5,6.5,0.0,0.0,-13.707983081258273,Spring,CHARGE_PRIORITY
85.0,apartment,14.232732895254905,3.6399999999999997,3.6399999999999997,0.0,1.0126786098865712,-10.592732895254905,Spring,CHARGE_PRIORITY
85.0,family_house,24.086163361200608,10.08,10.08,0.0,0.0,-14.00616336120061,Spring,CHARGE_PRIORITY
85.0,luxury_house,30.655117005164414,18.0,18.0,0.0,0.0,-12.655117005164412,Spring,CHARGE_PRIORITY
85.0,small_family,21.349099342882358,6.5,6.5,0.0,0.0,-14.84909934288236,Spring,CHARGE_PRIORITY
86.0,apartment,16.268456584145557,3.6399999999999997,3.6399999999999997,0.0,3.082013934254954,-12.628456584145557,Spring,CHARGE_PRIORITY
86.0,family_house,27.531234219323245,10.08,10.08,0.0,0.0,-17.451234219323247,Spring,CHARGE_PRIORITY
86.0,luxury_house,35.03975264277504,18.0,18.0,0.0,0.0,-17.039752642775046,Spring,CHARGE_PRIORITY
86.0,small_family,24.402684876218334,6.5,6.5,0.0,1.6641330648967532,-17.902684876218334,Spring,CHARGE_PRIORITY
87.0,apartment,16.7003777847131,3.6399999999999997,3.6399999999999997,0.0,4.853486338196275,-13.0603777847131,Spring,CHARGE_PRIORITY
87.0,family_house,28.262177789514478,10.08,10.08,0.0,0.0,-18.18217778951448,Spring,CHARGE_PRIORITY
87.0,luxury_house,35.970044459382066,18.0,18.0,0.0,0.0,-17.970044459382066,Spring,CHARGE_PRIORITY
87.0,small_family,25.050566677069654,6.5,6.5,0.0,3.936330404000987,-18.550566677069654,Spring,CHARGE_PRIORITY
88.0,apartment,13.128412875135105,3.6399999999999997,3.6399999999999997,0.0,4.379267480831587,-9.488412875135104,Spring,CHARGE_PRIORITY
88.0,family_house,22.21731409638248,10.08,10.08,0.0,0.0,-12.137314096382484,Spring,CHARGE_PRIORITY
88.0,luxury_house,28.27658157721407,18.0,18.0,0.0,0.0,-10.27658157721407,Spring,CHARGE_PRIORITY
88.0,small_family,19.692619312702654,6.5,6.5,0.0,5.005351240269675,-13.192619312702655,Spring,CHARGE_PRIORITY
89.0,apartment,10.498193548571175,3.6399999999999997,3.6399999999999997,0.0,3.5156389039154137,-6.858193548571175,Spring,CHARGE_PRIORITY
89.0,family_house,17.766173697581987,10.08,10.08,0.0,0.0,-7.686173697581987,Spring,CHARGE_PRIORITY
89.0,luxury_house,22.611493796922527,18.0,18.0,0.0,0.0,-4.611493796922527,Spring,CHARGE_PRIORITY
89.0,small_family,15.747290322856761,6.5,6.5,0.0,9.247290322856761,-9.247290322856761,Spring,CHARGE_PRIORITY
90.0,apartment,9.075634808716888,23.293377392543558,23.293377392543558,0.0,0.21449690448765302,14.21774258382667,Spring,CHARGE_PRIORITY
90.0,family_house,15.358766599367042,27.16238947893852,27.16238947893852,0.0,0.0,11.803622879571478,Spring,CHARGE_PRIORITY
90.0,luxury_house,19.547521126467142,37.72604649304583,37.72604649304583,0.0,0.0,18.178525366578683,Spring,CHARGE_PRIORITY
90.0,small_family,13.61345221307533,28.894822388703936,28.894822388703936,0.0,0.16082902095604934,15.281370175628606,Spring,CHARGE_PRIORITY
91.0,apartment,0.044144072686870484,23.2768555158473,23.2768555158473,0.0,0.0,23.23271144316043,Spring,CHARGE_PRIORITY
91.0,family_house,0.07470535377778083,30.229669775841657,30.229669775841657,0.0,0.0,30.154964422063877,Spring,CHARGE_PRIORITY
91.0,luxury_house,0.09507954117172106,39.88895426017227,39.88895426017227,0.0,0.0,39.79387471900055,Spring,CHARGE_PRIORITY
91.0,small_family,0.06621610903030573,28.541260652465326,28.541260652465326,0.0,0.0,28.475044543435022,Spring,CHARGE_PRIORITY
92.0,apartment,0.3396945381529446,25.198921511905702,25.198921511905702,0.0,0.0,24.85922697375276,Spring,CHARGE_PRIORITY
92.0,family_house,0.5748676799511371,28.11711819033977,28.11711819033977,0.0,0.0,27.542250510388634,Spring,CHARGE_PRIORITY
92.0,luxury_house,0.7316497744832653,34.058293289701474,16.723350382446878,17.334942907254597,0.0,33.32664351521821,Spring,CHARGE_PRIORITY
92.0,small_family,0.5095418072294169,25.953985161189095,25.953985161189095,0.0,0.0,25.44444335395968,Spring,CHARGE_PRIORITY
93.0,apartment,1.1716669651809635,20.98975433765732,19.225435014510943,1.7643193231463785,0.0,19.818087372476356,Spring,CHARGE_PRIORITY
93.0,family_house,1.9828210179985533,26.816948059473145,21.67297105517781,5.143977004295334,0.0,24.834127041474588,Spring,CHARGE_PRIORITY
93.0,luxury_house,2.523590386543613,30.450911355514528,8.570644452282762,21.880266903231764,0.0,27.927320968970914,Spring,CHARGE_PRIORITY
93.0,small_family,1.7575004477714449,27.185089838238547,27.162432985180715,0.02265685305783416,0.0,25.4275893904671,Spring,CHARGE_PRIORITY
94.0,apartment,2.784531600539963,3.6399999999999997,3.2911010586110665,0.3488989413889333,0.0,0.8554683994600366,Spring,CHARGE_PRIORITY
94.0,family_house,4.712284247067629,10.08,8.620263955590216,1.4597360444097833,0.0,5.36771575293237,Spring,CHARGE_PRIORITY
94.0,luxury_house,5.997452678086074,18.0,6.447898459421011,11.552101540578988,0.0,12.002547321913926,Spring,CHARGE_PRIORITY
94.0,small_family,4.176797400809945,6.5,5.966803512693382,0.5331964873066182,0.0,2.323202599190055,Spring,CHARGE_PRIORITY
95.0,apartment,5.597444987313022,3.6399999999999997,3.6399999999999997,0.0,0.0,-1.957444987313022,Spring,CHARGE_PRIORITY
95.0,family_house,9.47259920929896,10.08,9.691334822092266,0.38866517790773414,0.0,0.6074007907010404,Spring,CHARGE_PRIORITY
95.0,luxury_house,12.056035357289584,18.0,11.152298622265544,6.847701377734456,0.0,5.943964642710417,Spring,CHARGE_PRIORITY
95.0,small_family,8.396167480969533,6.5,6.5,0.0,0.0,-1.8961674809695324,Spring,CHARGE_PRIORITY
96.0,apartment,0.0,3.6399999999999997,2.821450242689129,0.8185497573108709,0.0,3.6399999999999997,Spring,CHARGE_PRIORITY
96.0,family_house,0.0,10.08,6.304375156364322,3.7756248436356783,0.0,10.08,Spring,CHARGE_PRIORITY
96.0,luxury_house,0.0,18.0,0.0,18.0,0.0,18.0,Spring,CHARGE_PRIORITY
96.0,small_family,0.0,6.5,5.243819399893672,1.2561806001063283,0.0,6.5,Spring,CHARGE_PRIORITY
97.0,apartment,0.0,3.6399999999999997,2.2399999999999998,1.4,0.0,3.6399999999999997,Spring,CHARGE_PRIORITY
97.0,family_house,0.0,10.08,3.934044773987436,6.145955226012563,0.0,10.08,Spring,CHARGE_PRIORITY
97.0,luxury_house,0.0,18.0,0.0,18.0,0.0,18.0,Spring,CHARGE_PRIORITY
97.0,small_family,0.0,6.5,4.505216783160089,1.9947832168399113,0.0,6.5,Spring,CHARGE_PRIORITY
98.0,apartment,0.0,3.6399999999999997,2.2399999999999998,1.4,0.0,3.6399999999999997,Spring,CHARGE_PRIORITY
98.0,family_house,0.0,10.08,2.789234701682486,7.290765298317514,0.0,10.08,Spring,CHARGE_PRIORITY
98.0,luxury_house,0.0,18.0,0.0,18.0,0.0,18.0,Spring,CHARGE_PRIORITY
98.0,small_family,0.0,6.5,4.0,2.5,0.0,6.5,Spring,CHARGE_PRIORITY
99.0,apartment,0.9237968477423752,3.6399999999999997,2.460879094446244,1.1791209055537555,0.0,2.7162031522576244,Spring,CHARGE_PRIORITY
99.0,family_house,1.56334851156402,10.08,2.852511383673015,7.227488616326985,0.0,8.51665148843598,Spring,CHARGE_PRIORITY
99.0,luxury_house,1.989716287445116,18.0,1.7907446587006042,16.209255341299396,0.0,16.010283712554884,Spring,CHARGE_PRIORITY
99.0,small_family,1.385695271613563,6.5,4.479663747866233,2.0203362521337667,0.0,5.114304728386437,Spring,CHARGE_PRIORITY
100.0,apartment,1.6815248719573637,3.6399999999999997,2.5904467167842906,1.0495532832157088,0.0,1.958475128042636,Spring,CHARGE_PRIORITY
100.0,family_house,2.8456574756201536,10.08,3.814243106715115,6.265756893284885,0.0,7.234342524379846,Spring,CHARGE_PRIORITY
100.0,luxury_house,3.6217458780620135,18.0,3.259571290255812,14.740428709744187,0.0,14.378254121937985,Spring,CHARGE_PRIORITY
100.0,small_family,2.5222873079360455,6.5,4.873099452747093,1.6269005472529074,0.0,3.9777126920639545,Spring,CHARGE_PRIORITY
101.0,apartment,1.767701494126351,3.6399999999999997,2.5366553394612312,1.1033446605387682,0.0,1.8722985058736488,Spring,CHARGE_PRIORITY
101.0,family_house,2.9914948362138247,10.08,3.6118881054818193,6.46811189451818,0.0,7.088505163786175,Spring,CHARGE_PRIORITY
101.0,luxury_house,3.8073570642721406,18.0,3.426621357844926,14.573378642155074,0.0,14.19264293572786,Spring,CHARGE_PRIORITY
101.0,small_family,2.6515522411895267,6.5,4.799907053048953,1.7000929469510466,0.0,3.8484477588104733,Spring,CHARGE_PRIORITY
102.0,apartment,9.854791535725688,3.6399999999999997,3.6399999999999997,0.0,0.0,-6.214791535725689,Spring,CHARGE_PRIORITY
102.0,family_house,16.677339521997318,10.08,10.08,0.0,0.0,-6.59733952199732,Spring,CHARGE_PRIORITY
102.0,luxury_house,21.22570484617841,18.0,18.0,0.0,0.0,-3.2257048461784077,Spring,CHARGE_PRIORITY
102.0,small_family,14.782187303588533,6.5,6.5,0.0,0.0,-8.282187303588533,Spring,CHARGE_PRIORITY
103.0,apartment,9.92548093762147,3.6399999999999997,3.6399999999999997,0.0,0.0,-6.285480937621472,Spring,CHARGE_PRIORITY
103.0,family_house,16.79696774059018,10.08,10.08,0.0,0.0,-6.71696774059018,Spring,CHARGE_PRIORITY
103.0,luxury_house,21.37795894256932,18.0,18.0,0.0,0.0,-3.3779589425693217,Spring,CHARGE_PRIORITY
103.0,small_family,14.888221406432205,6.5,6.5,0.0,0.0,-8.388221406432205,Spring,CHARGE_PRIORITY
104.0,apartment,10.240167327735865,3.6399999999999997,3.6399999999999997,0.0,0.0,-6.600167327735864,Spring,CHARGE_PRIORITY
104.0,family_house,17.32951393924531,10.08,10.08,0.0,0.0,-7.249513939245309,Spring,CHARGE_PRIORITY
104.0,luxury_house,22.05574501358494,18.0,18.0,0.0,0.0,-4.055745013584938,Spring,CHARGE_PRIORITY
104.0,small_family,15.360250991603797,6.5,6.5,0.0,0.0,-8.860250991603797,Spring,CHARGE_PRIORITY
105.0,apartment,11.190506319277185,3.6399999999999997,3.6399999999999997,0.0,0.0,-7.5505063192771855,Spring,CHARGE_PRIORITY
105.0,family_house,18.937779924930624,10.08,10.08,0.0,0.0,-8.857779924930625,Spring,CHARGE_PRIORITY
105.0,luxury_house,24.102628995366246,18.0,18.0,0.0,0.0,-6.102628995366247,Spring,CHARGE_PRIORITY
105.0,small_family,16.78575947891578,6.5,6.5,0.0,0.0,-10.28575947891578,Spring,CHARGE_PRIORITY
106.0,apartment,12.255630161089085,3.6399999999999997,3.6399999999999997,0.0,0.0,-8.615630161089085,Spring,CHARGE_PRIORITY
106.0,family_house,20.74029719568922,10.08,10.08,0.0,0.0,-10.660297195689221,Spring,CHARGE_PRIORITY
106.0,luxury_house,26.396741885422642,18.0,18.0,0.0,0.0,-8.396741885422644,Spring,CHARGE_PRIORITY
106.0,small_family,18.383445241633627,6.5,6.5,0.0,0.0,-11.883445241633627,Spring,CHARGE_PRIORITY
107.0,apartment,13.880116285293907,3.6399999999999997,3.6399999999999997,0.0,0.0,-10.240116285293906,Spring,CHARGE_PRIORITY
107.0,family_house,23.489427559728153,10.08,10.08,0.0,0.0,-13.409427559728151,Spring,CHARGE_PRIORITY
107.0,luxury_house,29.895635076017648,18.0,18.0,0.0,0.0,-11.895635076017646,Spring,CHARGE_PRIORITY
107.0,small_family,20.820174427940863,6.5,6.5,0.0,0.0,-14.320174427940861,Spring,CHARGE_PRIORITY
108.0,apartment,14.31916430169628,3.6399999999999997,3.6399999999999997,0.0,0.0,-10.679164301696279,Spring,CHARGE_PRIORITY
108.0,family_house,24.232431895178316,10.08,10.08,0.0,0.0,-14.152431895178317,Spring,CHARGE_PRIORITY
108.0,luxury_house,30.841276957499673,18.0,18.0,0.0,0.0,-12.841276957499675,Spring,CHARGE_PRIORITY
108.0,small_family,21.478746452544414,6.5,6.5,0.0,0.0,-14.978746452544415,Spring,CHARGE_PRIORITY
109.0,apartment,15.853982709518824,3.6399999999999997,3.6399999999999997,0.0,0.0,-12.213982709518824,Spring,CHARGE_PRIORITY
109.0,family_house,26.829816893031857,10.08,10.08,0.0,0.0,-16.74981689303186,Spring,CHARGE_PRIORITY
109.0,luxury_house,34.14703968204054,18.0,18.0,0.0,0.0,-16.147039682040543,Spring,CHARGE_PRIORITY
109.0,small_family,23.780974064278237,6.5,6.5,0.0,0.0,-17.280974064278237,Spring,CHARGE_PRIORITY
110.0,apartment,16.72573927574706,3.6399999999999997,3.6399999999999997,0.0,0.0,-13.085739275747061,Spring,CHARGE_PRIORITY
110.0,family_house,28.305097235879636,10.08,10.08,0.0,0.0,-18.225097235879637,Spring,CHARGE_PRIORITY
110.0,luxury_house,36.02466920930136,18.0,18.0,0.0,0.0,-18.024669209301358,Spring,CHARGE_PRIORITY
110.0,small_family,25.08860891362059,6.5,6.5,0.0,0.0,-18.58860891362059,Spring,CHARGE_PRIORITY
111.0,apartment,16.778006077380557,3.6399999999999997,3.6399999999999997,0.0,0.5357326970428757,-13.138006077380558,Spring,CHARGE_PRIORITY
111.0,family_house,28.39354874633633,10.08,10.08,0.0,0.0,-18.31354874633633,Spring,CHARGE_PRIORITY
111.0,luxury_house,36.13724385897351,18.0,18.0,0.0,0.0,-18.137243858973513,Spring,CHARGE_PRIORITY
111.0,small_family,25.167009116070837,6.5,6.5,0.0,1.7105596634090603,-18.667009116070837,Spring,CHARGE_PRIORITY
112.0,apartment,13.071011293124656,3.6399999999999997,3.6399999999999997,0.0,2.3967284920515186,-9.431011293124655,Spring,CHARGE_PRIORITY
112.0,family_house,22.12017295759557,10.08,10.08,0.0,0.0,-12.040172957595574,Spring,CHARGE_PRIORITY
112.0,luxury_house,28.15294740057618,18.0,18.0,0.0,0.0,-10.152947400576183,Spring,CHARGE_PRIORITY
112.0,small_family,19.606516939686987,6.5,6.5,0.0,4.639194565735298,-13.106516939686987,Spring,CHARGE_PRIORITY
113.0,apartment,10.090310013296884,3.6399999999999997,3.6399999999999997,0.0,2.5478287556846055,-6.4503100132968845,Spring,CHARGE_PRIORITY
113.0,family_house,17.07590925327165,10.08,10.08,0.0,0.0,-6.99590925327165,Spring,CHARGE_PRIORITY
113.0,luxury_house,21.732975413254827,18.0,18.0,0.0,0.0,-3.7329754132548274,Spring,CHARGE_PRIORITY
113.0,small_family,15.135465019945325,6.5,6.5,0.0,8.635465019945325,-8.635465019945325,Spring,CHARGE_PRIORITY
114.0,apartment,8.245169250453898,22.071668812386225,22.07166881238623,0.0,0.0,13.82649956193233,Spring,CHARGE_PRIORITY
114.0,family_house,13.953363346921982,23.422644733200787,23.422644733200787,0.0,0.0,9.469281386278805,Spring,CHARGE_PRIORITY
114.0,luxury_house,17.758826077900704,34.03423753559647,34.03423753559647,0.0,0.0,16.275411457695768,Spring,CHARGE_PRIORITY
114.0,small_family,12.367753875680846,26.337272951855223,26.337272951855223,0.0,0.2326299773020567,13.969519076174377,Spring,CHARGE_PRIORITY
115.0,apartment,0.0,20.60181293964388,20.60181293964388,0.0,0.0,20.60181293964388,Spring,CHARGE_PRIORITY
115.0,family_house,0.0,27.841188964906653,27.841188964906653,0.0,0.0,27.841188964906653,Spring,CHARGE_PRIORITY
115.0,luxury_house,0.0,34.63360256542744,34.63360256542744,0.0,0.0,34.63360256542744,Spring,CHARGE_PRIORITY
115.0,small_family,0.0,23.99945779213034,23.99945779213034,0.0,0.0,23.99945779213034,Spring,CHARGE_PRIORITY
116.0,apartment,0.0,26.097079737458298,25.351191938910038,0.7458877985482588,0.0,26.097079737458298,Spring,CHARGE_PRIORITY
116.0,family_house,0.0,30.57354852507688,30.57354852507688,0.0,0.0,30.57354852507688,Spring,CHARGE_PRIORITY
116.0,luxury_house,0.0,37.030116509103976,24.931642684946283,12.09847382415769,0.0,37.030116509103976,Spring,CHARGE_PRIORITY
116.0,small_family,0.0,21.74993065298465,21.74993065298465,0.0,0.0,21.74993065298465,Spring,CHARGE_PRIORITY
117.0,apartment,0.21538453779160394,27.02302089440395,21.336749561446897,5.68627133295705,0.0,26.807636356612342,Spring,CHARGE_PRIORITY
117.0,family_house,0.3644969101088682,25.039970207206352,23.634239032397797,1.4057311748085537,0.0,24.675473297097483,Spring,CHARGE_PRIORITY
117.0,luxury_house,0.4639051583203777,34.36589491165923,5.122113050886624,29.243781860772607,0.0,33.90198975333885,Spring,CHARGE_PRIORITY
117.0,small_family,0.3230768066874059,28.733386599773933,28.4702423158866,0.2631442838873328,0.0,28.410309793086526,Spring,CHARGE_PRIORITY
118.0,apartment,0.0,3.6399999999999997,2.0906134876032696,1.5493865123967299,0.0,3.6399999999999997,Spring,CHARGE_PRIORITY
118.0,family_house,0.0,10.08,8.70601420725462,1.3739857927453794,0.0,10.08,Spring,CHARGE_PRIORITY
118.0,luxury_house,0.0,18.0,0.5603728284488882,17.439627171551113,0.0,18.0,Spring,CHARGE_PRIORITY
118.0,small_family,0.0,6.5,5.640074327842139,0.8599256721578615,0.0,6.5,Spring,CHARGE_PRIORITY
119.0,apartment,3.0693468571021456,3.6399999999999997,3.2349594637193526,0.405040536280647,0.0,0.570653142897854,Spring,CHARGE_PRIORITY
119.0,family_house,5.1942792966344005,10.08,8.703767425621553,1.3762325743784467,0.0,4.885720703365599,Spring,CHARGE_PRIORITY
119.0,luxury_house,6.610900922989237,18.0,5.949810830690312,12.050189169309686,0.0,11.389099077010762,Spring,CHARGE_PRIORITY
119.0,small_family,4.604020285653219,6.5,5.956219597789515,0.5437804022104854,0.0,1.8959797143467811,Spring,CHARGE_PRIORITY
120.0,apartment,0.0,3.6399999999999997,1.716665381899165,1.9233346181008346,0.0,3.6399999999999997,Spring,CHARGE_PRIORITY
120.0,family_house,0.0,10.08,5.491161494716329,4.588838505283671,0.0,10.08,Spring,CHARGE_PRIORITY
120.0,luxury_house,0.0,18.0,0.0,18.0,0.0,18.0,Spring,CHARGE_PRIORITY
120.0,small_family,0.0,6.5,4.665899348168824,1.8341006518311758,0.0,6.5,Spring,CHARGE_PRIORITY
121.0,apartment,1.4307021423669013,3.6399999999999997,2.3733402689931906,1.266659731006809,0.0,2.209297857633098,Spring,CHARGE_PRIORITY
121.0,family_house,2.4211882409286023,10.08,4.259902930119427,5.820097069880573,0.0,7.658811759071398,Spring,CHARGE_PRIORITY
121.0,luxury_house,3.081512306636403,18.0,2.7733610759727623,15.226638924027236,0.0,14.918487693363598,Spring,CHARGE_PRIORITY
121.0,small_family,2.1460532135503523,6.5,4.742864573921276,1.7571354260787242,0.0,4.353946786449648,Spring,CHARGE_PRIORITY
122.0,apartment,1.4468831350336804,3.6399999999999997,2.38118182697786,1.2588181730221393,0.0,2.1931168649663193,Spring,CHARGE_PRIORITY
122.0,family_house,2.4485714592877668,10.08,3.861730863555202,6.218269136444797,0.0,7.631428540712232,Spring,CHARGE_PRIORITY
122.0,luxury_house,3.1163636754571575,18.0,2.804727307911442,15.195272692088558,0.0,14.883636324542842,Spring,CHARGE_PRIORITY
122.0,small_family,2.170324702550521,6.5,4.553226706625083,1.9467732933749164,0.0,4.329675297449479,Spring,CHARGE_PRIORITY
123.0,apartment,1.5568611415741067,3.6399999999999997,2.4344788609166823,1.2055211390833174,0.0,2.083138858425893,Spring,CHARGE_PRIORITY
123.0,family_house,2.634688085740796,10.08,3.0136176707361564,7.066382329263843,0.0,7.445311914259204,Spring,CHARGE_PRIORITY
123.0,luxury_house,3.353239381851922,18.0,3.0179154436667295,14.98208455633327,0.0,14.646760618148079,Spring,CHARGE_PRIORITY
123.0,small_family,2.33529171236116,6.5,4.47004424975002,2.0299557502499797,0.0,4.16470828763884,Spring,CHARGE_PRIORITY
124.0,apartment,1.651202111577938,3.6399999999999997,2.3990317081360324,1.2409682918639673,0.0,1.9887978884220616,Spring,CHARGE_PRIORITY
124.0,family_house,2.7943420349780492,10.08,2.5258571030629167,7.554142896937083,0.0,7.28565796502195,Spring,CHARGE_PRIORITY
124.0,luxury_house,3.55643531724479,18.0,3.2007917855203107,14.79920821447969,0.0,14.443564682755209,Spring,CHARGE_PRIORITY
124.0,small_family,2.4768031673669073,6.5,4.5288259310601,1.9711740689399002,0.0,4.023196832633093,Spring,CHARGE_PRIORITY
125.0,apartment,1.7874180825394181,3.6399999999999997,2.320569208277323,1.3194307917226766,0.0,1.8525819174605813,Spring,CHARGE_PRIORITY
125.0,family_house,3.0248613704513225,10.08,2.7223752334061904,7.357624766593808,0.0,7.0551386295486775,Spring,CHARGE_PRIORITY
125.0,luxury_house,3.8498235623925927,18.0,3.464841206153333,14.535158793846666,0.0,14.150176437607406,Spring,CHARGE_PRIORITY
125.0,small_family,2.6811271238091274,6.5,4.569454476243024,1.930545523756976,0.0,3.8188728761908726,Spring,CHARGE_PRIORITY
126.0,apartment,10.384872263850895,3.6399999999999997,3.6399999999999997,0.0,0.0,-6.744872263850896,Spring,CHARGE_PRIORITY
126.0,family_house,17.57439921574767,10.08,10.08,0.0,0.0,-7.494399215747666,Spring,CHARGE_PRIORITY
126.0,luxury_house,22.367417183678846,18.0,18.0,0.0,0.0,-4.367417183678848,Spring,CHARGE_PRIORITY
126.0,small_family,15.577308395776342,6.5,6.5,0.0,0.0,-9.077308395776342,Spring,CHARGE_PRIORITY
127.0,apartment,10.703565942582468,3.6399999999999997,3.6399999999999997,0.0,0.0,-7.063565942582468,Spring,CHARGE_PRIORITY
127.0,family_house,18.11372697975495,10.08,10.08,0.0,0.0,-8.033726979754949,Spring,CHARGE_PRIORITY
127.0,luxury_house,23.053834337869933,18.0,18.0,0.0,0.0,-5.053834337869933,Spring,CHARGE_PRIORITY
127.0,small_family,16.055348913873704,6.5,6.5,0.0,0.0,-9.555348913873704,Spring,CHARGE_PRIORITY
128.0,apartment,10.844637811151346,3.6399999999999997,3.6399999999999997,0.0,0.0,-7.204637811151345,Spring,CHARGE_PRIORITY
128.0,family_house,18.352463988102276,10.08,10.08,0.0,0.0,-8.272463988102277,Spring,CHARGE_PRIORITY
128.0,luxury_house,23.357681439402896,18.0,18.0,0.0,0.0,-5.3576814394028975,Spring,CHARGE_PRIORITY
128.0,small_family,16.26695671672702,6.5,6.5,0.0,0.0,-9.766956716727018,Spring,CHARGE_PRIORITY
129.0,apartment,11.458476605977719,3.6399999999999997,3.6399999999999997,0.0,0.0,-7.81847660597772,Spring,CHARGE_PRIORITY
129.0,family_house,19.391268102423833,10.08,10.08,0.0,0.0,-9.311268102423833,Spring,CHARGE_PRIORITY
129.0,luxury_house,24.67979576672124,18.0,18.0,0.0,0.0,-6.6797957667212415,Spring,CHARGE_PRIORITY
129.0,small_family,17.187714908966576,6.5,6.5,0.0,0.0,-10.687714908966576,Spring,CHARGE_PRIORITY
130.0,apartment,12.264607552250714,3.6399999999999997,3.6399999999999997,0.0,0.0,-8.624607552250716,Spring,CHARGE_PRIORITY
130.0,family_house,20.755489703808898,10.08,10.08,0.0,0.0,-10.6754897038089,Spring,CHARGE_PRIORITY
130.0,luxury_house,26.41607780484769,18.0,18.0,0.0,0.0,-8.41607780484769,Spring,CHARGE_PRIORITY
130.0,small_family,18.39691132837607,6.5,6.5,0.0,0.0,-11.896911328376072,Spring,CHARGE_PRIORITY
131.0,apartment,13.0486749920986,3.6399999999999997,3.6399999999999997,0.0,0.0,-9.4086749920986,Spring,CHARGE_PRIORITY
131.0,family_house,22.082373063551476,10.08,10.08,0.0,0.0,-12.002373063551477,Spring,CHARGE_PRIORITY
131.0,luxury_house,28.10483844452006,18.0,18.0,0.0,0.0,-10.104838444520059,Spring,CHARGE_PRIORITY
131.0,small_family,19.573012488147903,6.5,6.5,0.0,0.0,-13.073012488147901,Spring,CHARGE_PRIORITY
132.0,apartment,13.717195539499167,3.6399999999999997,3.6399999999999997,0.0,0.0,-10.077195539499167,Spring,CHARGE_PRIORITY
132.0,family_house,23.213715528383208,10.08,10.08,0.0,0.0,-13.13371552838321,Spring,CHARGE_PRIORITY
132.0,luxury_house,29.5447288543059,18.0,18.0,0.0,0.0,-11.544728854305903,Spring,CHARGE_PRIORITY
132.0,small_family,20.575793309248752,6.5,6.5,0.0,0.0,-14.075793309248752,Spring,CHARGE_PRIORITY
133.0,apartment,14.508750049632678,3.6399999999999997,3.6399999999999997,0.0,0.5547903573223767,-10.868750049632677,Spring,CHARGE_PRIORITY
133.0,family_house,24.553269314762993,10.08,10.08,0.0,0.0,-14.473269314762993,Spring,CHARGE_PRIORITY
133.0,luxury_house,31.249615491516536,18.0,18.0,0.0,0.0,-13.249615491516535,Spring,CHARGE_PRIORITY
133.0,small_family,21.763125074449015,6.5,6.5,0.0,0.0,-15.263125074449013,Spring,CHARGE_PRIORITY
134.0,apartment,15.291189221836834,3.6399999999999997,3.6399999999999997,0.0,0.8962453247566795,-11.651189221836834,Spring,CHARGE_PRIORITY
134.0,family_house,25.877397144646952,10.08,10.08,0.0,0.0,-15.797397144646954,Spring,CHARGE_PRIORITY
134.0,luxury_house,32.934869093187025,18.0,18.0,0.0,0.0,-14.934869093187027,Spring,CHARGE_PRIORITY
134.0,small_family,22.93678383275525,6.5,6.5,0.0,1.377083463399872,-16.43678383275525,Spring,CHARGE_PRIORITY
135.0,apartment,15.450688778413623,3.6399999999999997,3.6399999999999997,0.0,0.9085145214164325,-11.810688778413622,Spring,CHARGE_PRIORITY
135.0,family_house,26.147319471161516,10.08,10.08,0.0,0.0,-16.067319471161518,Spring,CHARGE_PRIORITY
135.0,luxury_house,33.27840659966011,18.0,18.0,0.0,0.0,-15.27840659966011,Spring,CHARGE_PRIORITY
135.0,small_family,23.17603316762043,6.5,6.5,0.0,4.561141444355507,-16.67603316762043,Spring,CHARGE_PRIORITY
136.0,apartment,11.924929238059638,3.6399999999999997,3.6399999999999997,0.0,1.032587152754502,-8.284929238059638,Spring,CHARGE_PRIORITY
136.0,family_house,20.18064947979323,10.08,10.08,0.0,0.0,-10.100649479793232,Spring,CHARGE_PRIORITY
136.0,luxury_house,25.684462974282294,18.0,18.0,0.0,0.0,-7.684462974282294,Spring,CHARGE_PRIORITY
136.0,small_family,17.887393857089457,6.5,6.5,0.0,3.5980823751073183,-11.387393857089458,Spring,CHARGE_PRIORITY
137.0,apartment,9.288397638036887,3.6399999999999997,3.6399999999999997,0.0,1.3034763780085123,-5.6483976380368865,Spring,CHARGE_PRIORITY
137.0,family_house,15.718826772062425,10.08,10.08,0.0,0.0,-5.6388267720624246,Spring,CHARGE_PRIORITY
137.0,luxury_house,20.005779528079447,18.0,18.0,0.0,0.0,-2.005779528079448,Spring,CHARGE_PRIORITY
137.0,small_family,13.932596457055329,6.5,6.5,0.0,3.601494023376521,-7.432596457055329,Spring,CHARGE_PRIORITY
138.0,apartment,7.716064477979645,24.553098638664135,24.553098638664135,0.0,0.0,16.83703416068449,Spring,CHARGE_PRIORITY
138.0,family_house,13.05795527042709,24.301071135463054,24.301071135463054,0.0,0.0,11.243115865035964,Spring,CHARGE_PRIORITY
138.0,luxury_house,16.61921579872539,32.79389291322859,32.79389291322859,0.0,0.0,16.174677114503197,Spring,CHARGE_PRIORITY
138.0,small_family,11.574096716969468,27.07165457251198,27.07165457251198,0.0,0.28196808940870866,15.49755785554251,Spring,CHARGE_PRIORITY
139.0,apartment,0.0,28.829689334429098,28.829689334429098,0.0,0.0,28.829689334429098,Spring,CHARGE_PRIORITY
139.0,family_house,0.0,32.37843155785978,32.37843155785978,0.0,0.0,32.37843155785978,Spring,CHARGE_PRIORITY
139.0,luxury_house,0.0,34.2725749940935,33.587295033767184,0.6852799603263211,0.0,34.2725749940935,Spring,CHARGE_PRIORITY
139.0,small_family,0.0,28.270209806898944,28.270209806898944,0.0,0.0,28.270209806898944,Spring,CHARGE_PRIORITY
140.0,apartment,0.0,23.678087714609603,20.958403032696033,2.7196846819135674,0.0,23.678087714609603,Spring,CHARGE_PRIORITY
140.0,family_house,0.0,21.13655339005628,21.13655339005628,0.0,0.0,21.13655339005628,Spring,CHARGE_PRIORITY
140.0,luxury_house,0.0,35.38090496236145,20.909009352208116,14.471895610153327,0.0,35.38090496236145,Spring,CHARGE_PRIORITY
140.0,small_family,0.0,28.8008569187079,28.8008569187079,0.0,0.0,28.8008569187079,Spring,CHARGE_PRIORITY
141.0,apartment,0.3496929820368729,23.84709249457026,16.733723251415274,7.113369243154984,0.0,23.497399512533388,Spring,CHARGE_PRIORITY
141.0,family_house,0.5917881234470156,22.00294711292319,21.651393688595853,0.3515534243273404,0.0,21.411158989476178,Spring,CHARGE_PRIORITY
141.0,luxury_house,0.7531848843871107,36.09293343944076,0.9547200818621012,35.138213357578664,0.0,35.33974855505365,Spring,CHARGE_PRIORITY
141.0,small_family,0.5245394730553093,25.703906994186298,24.692737063631032,1.0111699305552635,0.0,25.179367521130988,Spring,CHARGE_PRIORITY
142.0,apartment,2.3142124332876204,3.6399999999999997,3.0410735345995605,0.598926465400439,0.0,1.3257875667123795,Spring,CHARGE_PRIORITY
142.0,family_house,3.916359502486742,10.08,8.777162731929996,1.3028372680700033,0.0,6.163640497513258,Spring,CHARGE_PRIORITY
142.0,luxury_house,4.98445754861949,18.0,4.486011793757541,13.513988206242459,0.0,13.015542451380512,Spring,CHARGE_PRIORITY
142.0,small_family,3.4713186499314306,6.5,6.240322060379868,0.25967793962013175,0.0,3.0286813500685694,Spring,CHARGE_PRIORITY
143.0,apartment,5.726471847164475,3.6399999999999997,3.6399999999999997,0.0,0.0,-2.0864718471644754,Spring,CHARGE_PRIORITY
143.0,family_house,9.690952356739881,10.08,9.740464280266472,0.3395357197335269,0.0,0.3890476432601182,Spring,CHARGE_PRIORITY
143.0,luxury_house,12.333939363123486,18.0,11.100545426811136,6.899454573188864,0.0,5.666060636876514,Spring,CHARGE_PRIORITY
143.0,small_family,8.589707770746712,6.5,6.5,0.0,0.0,-2.0897077707467115,Spring,CHARGE_PRIORITY
144.0,apartment,0.0,3.6399999999999997,2.62493466724411,1.0150653327558896,0.0,3.6399999999999997,Spring,CHARGE_PRIORITY
144.0,family_house,0.0,10.08,6.685067804541943,3.394932195458056,0.0,10.08,Spring,CHARGE_PRIORITY
144.0,luxury_house,0.0,18.0,0.0,18.0,0.0,18.0,Spring,CHARGE_PRIORITY
144.0,small_family,0.0,6.5,6.009950961622966,0.4900490383770338,0.0,6.5,Spring,CHARGE_PRIORITY
145.0,apartment,2.4216384824727366,3.6399999999999997,2.7997025302640024,0.8402974697359971,0.0,1.218361517527263,Spring,CHARGE_PRIORITY
145.0,family_house,4.098157431876938,10.08,7.153780253697616,2.926219746302384,0.0,5.981842568123061,Spring,CHARGE_PRIORITY
145.0,luxury_house,5.215836731479739,18.0,4.694253058331766,13.305746941668236,0.0,12.78416326852026,Spring,CHARGE_PRIORITY
145.0,small_family,3.6324577237091042,6.5,5.984643546268906,0.5153564537310943,0.0,2.8675422762908958,Spring,CHARGE_PRIORITY
146.0,apartment,2.4878861552423444,3.6399999999999997,2.719001965436859,0.9209980345631407,0.0,1.1521138447576553,Spring,CHARGE_PRIORITY
146.0,family_house,4.210268878102429,10.08,5.257271126413531,4.822728873586469,0.0,5.86973112189757,Spring,CHARGE_PRIORITY
146.0,luxury_house,5.358524026675819,18.0,4.822671624008236,13.177328375991763,0.0,12.64147597332418,Spring,CHARGE_PRIORITY
146.0,small_family,3.731829232863517,6.5,5.775072225287038,0.724927774712962,0.0,2.768170767136483,Spring,CHARGE_PRIORITY
147.0,apartment,1.9728242510099188,3.6399999999999997,2.3438014566619074,1.296198543338092,0.0,1.667175748990081,Spring,CHARGE_PRIORITY
147.0,family_house,3.338625655555247,10.08,3.7373094157267657,6.342690584273234,0.0,6.741374344444752,Spring,CHARGE_PRIORITY
147.0,luxury_house,4.249159925252132,18.0,3.824243932726919,14.175756067273081,0.0,13.750840074747869,Spring,CHARGE_PRIORITY
147.0,small_family,2.959236376514878,6.5,5.228732044793652,1.2712679552063477,0.0,3.5407636234851223,Spring,CHARGE_PRIORITY
148.0,apartment,1.9817482791994143,3.6399999999999997,2.211979577907287,1.4280204220927128,0.0,1.6582517208005854,Spring,CHARGE_PRIORITY
148.0,family_house,3.3537278571067013,10.08,3.018355071396031,7.061644928603968,0.0,6.726272142893298,Spring,CHARGE_PRIORITY
148.0,luxury_house,4.268380909044892,18.0,3.8415428181404025,14.158457181859596,0.0,13.731619090955109,Spring,CHARGE_PRIORITY
148.0,small_family,2.972622418799121,6.5,5.0289846834304655,1.471015316569535,0.0,3.527377581200879,Spring,CHARGE_PRIORITY
149.0,apartment,2.395112509388126,3.6399999999999997,2.4981548141917793,1.1418451858082201,0.0,1.2448874906118736,Spring,CHARGE_PRIORITY
149.0,family_house,4.053267323579906,10.08,3.647940591221915,6.432059408778084,0.0,6.026732676420094,Spring,CHARGE_PRIORITY
149.0,luxury_house,5.158703866374426,18.0,4.642833479736982,13.357166520263018,0.0,12.841296133625576,Spring,CHARGE_PRIORITY
149.0,small_family,3.592668764082189,6.5,5.153263042638086,1.346736957361914,0.0,2.907331235917811,Spring,CHARGE_PRIORITY
150.0,apartment,10.661931235840795,3.6399999999999997,3.6399999999999997,0.0,0.0,-7.021931235840795,Spring,CHARGE_PRIORITY
150.0,family_house,18.043268245269036,10.08,10.08,0.0,0.0,-7.963268245269036,Spring,CHARGE_PRIORITY
150.0,luxury_house,22.964159584887867,18.0,18.0,0.0,0.0,-4.964159584887867,Spring,CHARGE_PRIORITY
150.0,small_family,15.992896853761192,6.5,6.5,0.0,0.0,-9.492896853761192,Spring,CHARGE_PRIORITY
151.0,apartment,10.826028253077936,3.6399999999999997,3.6399999999999997,0.0,0.0,-7.186028253077936,Spring,CHARGE_PRIORITY
151.0,family_house,18.320970889824196,10.08,10.08,0.0,0.0,-8.240970889824197,Spring,CHARGE_PRIORITY
151.0,luxury_house,23.317599314321708,18.0,18.0,0.0,0.0,-5.317599314321708,Spring,CHARGE_PRIORITY
151.0,small_family,16.239042379616905,6.5,6.5,0.0,0.0,-9.739042379616903,Spring,CHARGE_PRIORITY
152.0,apartment,10.436539622441162,3.6399999999999997,3.6399999999999997,0.0,0.0,-6.796539622441163,Spring,CHARGE_PRIORITY
152.0,family_house,17.661836284131198,10.08,10.08,0.0,0.0,-7.581836284131198,Spring,CHARGE_PRIORITY
152.0,luxury_house,22.478700725257887,18.0,18.0,0.0,0.0,-4.478700725257887,Spring,CHARGE_PRIORITY
152.0,small_family,15.654809433661741,6.5,6.5,0.0,0.0,-9.154809433661741,Spring,CHARGE_PRIORITY
153.0,apartment,12.520627518293733,3.6399999999999997,3.6399999999999997,0.0,0.0,-8.880627518293734,Spring,CHARGE_PRIORITY
153.0,family_house,21.18875426172786,10.08,10.08,0.0,0.0,-11.108754261727858,Spring,CHARGE_PRIORITY
153.0,luxury_house,26.967505424017276,18.0,18.0,0.0,0.0,-8.967505424017276,Spring,CHARGE_PRIORITY
153.0,small_family,18.7809412774406,6.5,6.5,0.0,0.0,-12.2809412774406,Spring,CHARGE_PRIORITY
154.0,apartment,13.688278846616672,3.6399999999999997,3.6399999999999997,0.0,0.0,-10.048278846616673,Spring,CHARGE_PRIORITY
154.0,family_house,23.16477958658206,10.08,10.08,0.0,0.0,-13.08477958658206,Spring,CHARGE_PRIORITY
154.0,luxury_house,29.482446746558985,18.0,18.0,0.0,0.0,-11.482446746558985,Spring,CHARGE_PRIORITY
154.0,small_family,20.53241826992501,6.5,6.5,0.0,0.0,-14.03241826992501,Spring,CHARGE_PRIORITY
155.0,apartment,13.176805519747818,3.6399999999999997,3.6399999999999997,0.0,0.0,-9.536805519747817,Spring,CHARGE_PRIORITY
155.0,family_house,22.29920934111169,10.08,10.08,0.0,0.0,-12.219209341111695,Spring,CHARGE_PRIORITY
155.0,luxury_house,28.38081188868761,18.0,18.0,0.0,0.0,-10.38081188868761,Spring,CHARGE_PRIORITY
155.0,small_family,19.765208279621724,6.5,6.5,0.0,0.0,-13.265208279621724,Spring,CHARGE_PRIORITY
156.0,apartment,15.233832856360205,3.6399999999999997,3.6399999999999997,0.0,0.5931912228282106,-11.593832856360205,Spring,CHARGE_PRIORITY
156.0,family_house,25.780332526148044,10.08,10.08,0.0,0.0,-15.700332526148044,Spring,CHARGE_PRIORITY
156.0,luxury_house,32.8113323060066,18.0,18.0,0.0,0.0,-14.811332306006598,Spring,CHARGE_PRIORITY
156.0,small_family,22.850749284540306,6.5,6.5,0.0,0.0,-16.350749284540306,Spring,CHARGE_PRIORITY
157.0,apartment,15.560433952709694,3.6399999999999997,3.6399999999999997,0.0,0.9169564579007456,-11.920433952709693,Spring,CHARGE_PRIORITY
157.0,family_house,26.333042073816404,10.08,10.08,0.0,0.0,-16.253042073816406,Spring,CHARGE_PRIORITY
157.0,luxury_house,33.51478082122088,18.0,18.0,0.0,0.0,-15.51478082122088,Spring,CHARGE_PRIORITY
157.0,small_family,23.34065092906454,6.5,6.5,0.0,0.0,-16.84065092906454,Spring,CHARGE_PRIORITY
158.0,apartment,16.5746117301729,3.6399999999999997,3.6399999999999997,0.0,0.9949701330902232,-12.934611730172902,Spring,CHARGE_PRIORITY
158.0,family_house,28.049342927984913,10.08,10.08,0.0,0.0,-17.969342927984915,Spring,CHARGE_PRIORITY
158.0,luxury_house,35.69916372652625,18.0,18.0,0.0,0.0,-17.69916372652625,Spring,CHARGE_PRIORITY
158.0,small_family,24.861917595259353,6.5,6.5,0.0,1.3774209595299132,-18.361917595259353,Spring,CHARGE_PRIORITY
159.0,apartment,18.25079158218551,3.6399999999999997,3.6399999999999997,0.0,1.1239070447835007,-14.61079158218551,Spring,CHARGE_PRIORITY
159.0,family_house,30.885954985237014,10.08,10.08,0.0,0.0,-20.805954985237015,Spring,CHARGE_PRIORITY
159.0,luxury_house,39.309397253938016,18.0,18.0,0.0,0.0,-21.309397253938016,Spring,CHARGE_PRIORITY
159.0,small_family,27.376187373278263,6.5,6.5,0.0,4.378590451634711,-20.876187373278263,Spring,CHARGE_PRIORITY
160.0,apartment,14.315364446618771,3.6399999999999997,3.6399999999999997,0.0,1.2547231846562976,-10.67536444661877,Spring,CHARGE_PRIORITY
160.0,family_house,24.226001371200997,10.08,10.08,0.0,0.0,-14.146001371200999,Spring,CHARGE_PRIORITY
160.0,luxury_house,30.833092654255815,18.0,18.0,0.0,0.0,-12.833092654255815,Spring,CHARGE_PRIORITY
160.0,small_family,21.473046669928156,6.5,6.5,0.0,13.113628468932127,-14.973046669928156,Spring,CHARGE_PRIORITY
161.0,apartment,11.139408863747049,3.6399999999999997,3.6399999999999997,0.0,5.392721314274351,-7.499408863747048,Spring,CHARGE_PRIORITY
161.0,family_house,18.85130730787962,10.08,10.08,0.0,0.0,-8.771307307879619,Spring,CHARGE_PRIORITY
161.0,luxury_house,23.992572937301333,18.0,18.0,0.0,0.0,-5.9925729373013334,Spring,CHARGE_PRIORITY
161.0,small_family,16.709113295620572,6.5,6.5,0.0,10.209113295620572,-10.209113295620572,Spring,CHARGE_PRIORITY
162.0,apartment,9.116557153248749,20.732738567072083,20.732738567072083,0.0,0.6002265844613193,11.616181413823334,Spring,CHARGE_PRIORITY
162.0,family_house,15.428019797805575,26.969547141281588,26.969547141281588,0.0,0.0,11.54152734347601,Spring,CHARGE_PRIORITY
162.0,luxury_house,19.63566156084346,42.416037686151284,42.416037686151284,0.0,0.0,22.78037612530783,Spring,CHARGE_PRIORITY
162.0,small_family,13.674835729873124,20.35952100450761,20.35952100450761,0.0,2.1197127324226903,6.684685274634487,Spring,CHARGE_PRIORITY
163.0,apartment,0.0,20.735184883793888,20.735184883793888,0.0,0.0,20.735184883793888,Spring,CHARGE_PRIORITY
163.0,family_house,0.0,28.143816660216086,28.143816660216086,0.0,0.0,28.143816660216086,Spring,CHARGE_PRIORITY
163.0,luxury_house,0.0,34.81714922553269,34.81714922553269,0.0,0.0,34.81714922553269,Spring,CHARGE_PRIORITY
163.0,small_family,0.0,26.179775722022438,26.179775722022438,0.0,0.0,26.179775722022438,Spring,CHARGE_PRIORITY
164.0,apartment,0.0,24.94595090404537,24.94595090404537,0.0,0.0,24.94595090404537,Spring,CHARGE_PRIORITY
164.0,family_house,0.0,27.783306995749207,27.783306995749207,0.0,0.0,27.783306995749207,Spring,CHARGE_PRIORITY
164.0,luxury_house,0.0,37.89262598840152,32.67800577363524,5.2146202147662795,0.0,37.89262598840152,Spring,CHARGE_PRIORITY
164.0,small_family,0.0,26.442226922210395,26.442226922210395,0.0,0.0,26.442226922210395,Spring,CHARGE_PRIORITY
165.0,apartment,0.5866596258652526,25.05126089563499,23.164632581176846,1.8866283144581435,0.0,24.464601269769737,Spring,CHARGE_PRIORITY
165.0,family_house,0.9928085976181197,37.15937999254298,37.15937999254298,0.0,0.0,36.16657139492486,Spring,CHARGE_PRIORITY
165.0,luxury_house,1.2635745787866979,38.35502921406319,7.674526885030125,30.680502329033065,0.0,37.09145463527649,Spring,CHARGE_PRIORITY
165.0,small_family,0.8799894387978788,22.12226201066565,22.12226201066565,0.0,0.0,21.24227257186777,Spring,CHARGE_PRIORITY
166.0,apartment,2.306455884619832,3.6399999999999997,3.335679097523475,0.3043209024765246,0.0,1.3335441153801675,Spring,CHARGE_PRIORITY
166.0,family_house,3.903233035510485,10.08,9.229552577645812,0.8504474223541872,0.0,6.176766964489515,Spring,CHARGE_PRIORITY
166.0,luxury_house,4.967751136104253,18.0,4.4709760224938275,13.52902397750617,0.0,13.032248863895745,Spring,CHARGE_PRIORITY
166.0,small_family,3.4596838269297483,6.5,6.5,0.0,0.0,3.0403161730702517,Spring,CHARGE_PRIORITY
167.0,apartment,4.024726401578842,3.6399999999999997,3.635904714174067,0.004095285825932604,0.0,-0.38472640157884314,Spring,CHARGE_PRIORITY
167.0,family_house,6.811075448825734,10.08,9.092491975985789,0.9875080240142099,0.0,3.268924551174266,Spring,CHARGE_PRIORITY
167.0,luxury_house,8.66864148032366,18.0,7.801777332291294,10.198222667708706,0.0,9.33135851967634,Spring,CHARGE_PRIORITY
167.0,small_family,6.0370896023682645,6.5,6.5,0.0,0.0,0.46291039763173586,Spring,CHARGE_PRIORITY
168.0,apartment,0.0,3.6399999999999997,2.610849307121025,1.0291506928789744,0.0,3.6399999999999997,Spring,CHARGE_PRIORITY
168.0,family_house,0.0,10.08,6.594994591042739,3.48500540895726,0.0,10.08,Spring,CHARGE_PRIORITY
168.0,luxury_house,0.0,18.0,0.0,18.0,0.0,18.0,Spring,CHARGE_PRIORITY
168.0,small_family,0.0,6.5,6.067992681797427,0.43200731820257354,0.0,6.5,Spring,CHARGE_PRIORITY
169.0,apartment,2.8401995890153073,3.6399999999999997,3.2231460115822217,0.4168539884177781,0.0,0.7998004109846922,Spring,CHARGE_PRIORITY
169.0,family_house,4.806491612179752,10.08,7.0393859553242155,3.0406140446757846,0.0,5.2735083878202484,Spring,CHARGE_PRIORITY
169.0,luxury_house,6.1173529609560475,18.0,5.505617664860441,12.494382335139559,0.0,11.882647039043952,Spring,CHARGE_PRIORITY
169.0,small_family,4.260299383522961,6.5,6.294943803474666,0.20505619652533352,0.0,2.239700616477039,Spring,CHARGE_PRIORITY
170.0,apartment,3.115721255410947,3.6399999999999997,3.318518896103789,0.32148110389621065,0.0,0.5242787445890527,Spring,CHARGE_PRIORITY
170.0,family_house,5.272759047618526,10.08,6.063910022448788,4.0160899775512116,0.0,4.807240952381474,Spring,CHARGE_PRIORITY
170.0,luxury_house,6.710784242423578,18.0,6.03970581818122,11.96029418181878,0.0,11.289215757576422,Spring,CHARGE_PRIORITY
170.0,small_family,4.67358188311642,6.5,6.323555668831137,0.17644433116886327,0.0,1.8264181168835796,Spring,CHARGE_PRIORITY
171.0,apartment,3.4204079046799754,3.6399999999999997,3.4239873516199912,0.21601264838000844,0.0,0.21959209532002427,Spring,CHARGE_PRIORITY
171.0,family_house,5.788382607919958,10.08,6.021286955939968,4.058713044060031,0.0,4.291617392080042,Spring,CHARGE_PRIORITY
171.0,luxury_house,7.367032410079947,18.0,6.630329169071952,11.369670830928047,0.0,10.632967589920053,Spring,CHARGE_PRIORITY
171.0,small_family,5.130611857019963,6.5,6.355196205485997,0.14480379451400266,0.0,1.3693881429800376,Spring,CHARGE_PRIORITY
172.0,apartment,3.633543128028735,3.6399999999999997,3.4977649289330235,0.1422350710669762,0.0,0.0064568719712645994,Spring,CHARGE_PRIORITY
172.0,family_house,6.149072985894782,10.08,6.291804739421086,3.788195260578914,0.0,3.9309270141052175,Spring,CHARGE_PRIORITY
172.0,luxury_house,7.8260928911388135,18.0,7.0434836020249305,10.956516397975069,0.0,10.173907108861187,Spring,CHARGE_PRIORITY
172.0,small_family,5.4503146920431025,6.5,6.377329478679907,0.12267052132009293,0.0,1.0496853079568975,Spring,CHARGE_PRIORITY
173.0,apartment,3.8322888588188615,3.6399999999999997,3.5665615280526826,0.0734384719473169,0.0,-0.1922888588188621,Spring,CHARGE_PRIORITY
173.0,family_house,6.485411914924228,10.08,6.048371756690891,4.031628243309109,0.0,3.594588085075771,Spring,CHARGE_PRIORITY
173.0,luxury_house,8.254160618994472,18.0,7.428744557095024,10.571255442904976,0.0,9.745839381005528,Spring,CHARGE_PRIORITY
173.0,small_family,5.748433288228292,6.5,6.3979684584158045,0.10203154158419514,0.0,0.7515667117717074,Spring,CHARGE_PRIORITY
174.0,apartment,12.577823520928327,3.6399999999999997,3.6399999999999997,0.0,0.0,-8.937823520928326,Spring,CHARGE_PRIORITY
174.0,family_house,21.28554749695563,10.08,10.08,0.0,0.0,-11.20554749695563,Spring,CHARGE_PRIORITY
174.0,luxury_house,27.090696814307165,18.0,18.0,0.0,0.0,-9.090696814307165,Spring,CHARGE_PRIORITY
174.0,small_family,18.86673528139249,6.5,6.5,0.0,0.0,-12.36673528139249,Spring,CHARGE_PRIORITY
175.0,apartment,12.701241563638359,3.6399999999999997,3.6399999999999997,0.0,0.0,-9.06124156363836,Spring,CHARGE_PRIORITY
175.0,family_house,21.494408800003377,10.08,10.08,0.0,0.0,-11.414408800003379,Spring,CHARGE_PRIORITY
175.0,luxury_house,27.35652029091339,18.0,18.0,0.0,0.0,-9.35652029091339,Spring,CHARGE_PRIORITY
175.0,small_family,19.05186234545754,6.5,6.5,0.0,0.0,-12.551862345457538,Spring,CHARGE_PRIORITY
176.0,apartment,12.955648858331484,3.6399999999999997,3.6399999999999997,0.0,0.0,-9.315648858331484,Spring,CHARGE_PRIORITY
176.0,family_house,21.924944221791744,10.08,10.08,0.0,0.0,-11.844944221791744,Spring,CHARGE_PRIORITY
176.0,luxury_house,27.904474464098584,18.0,18.0,0.0,0.0,-9.904474464098582,Spring,CHARGE_PRIORITY
176.0,small_family,19.433473287497225,6.5,6.5,0.0,0.0,-12.933473287497227,Spring,CHARGE_PRIORITY
177.0,apartment,13.562072868404714,3.6399999999999997,3.6399999999999997,0.0,0.0,-9.922072868404713,Spring,CHARGE_PRIORITY
177.0,family_house,22.951200238838744,10.08,10.08,0.0,0.0,-12.871200238838746,Spring,CHARGE_PRIORITY
177.0,luxury_house,29.210618485794765,18.0,18.0,0.0,0.0,-11.210618485794765,Spring,CHARGE_PRIORITY
177.0,small_family,20.343109302607072,6.5,6.5,0.0,0.0,-13.843109302607072,Spring,CHARGE_PRIORITY
178.0,apartment,14.257250061511847,3.6399999999999997,3.6399999999999997,0.0,0.0,-10.617250061511847,Spring,CHARGE_PRIORITY
178.0,family_house,24.12765395025082,10.08,10.08,0.0,0.0,-14.047653950250822,Spring,CHARGE_PRIORITY
178.0,luxury_house,30.707923209410136,18.0,18.0,0.0,0.0,-12.707923209410136,Spring,CHARGE_PRIORITY
178.0,small_family,21.38587509226777,6.5,6.5,0.0,0.0,-14.88587509226777,Spring,CHARGE_PRIORITY
179.0,apartment,15.109913540221823,3.6399999999999997,3.6399999999999997,0.0,0.0,-11.469913540221823,Spring,CHARGE_PRIORITY
179.0,family_house,25.57062291422155,10.08,10.08,0.0,0.0,-15.49062291422155,Spring,CHARGE_PRIORITY
179.0,luxury_house,32.544429163554696,18.0,18.0,0.0,0.0,-14.544429163554696,Spring,CHARGE_PRIORITY
179.0,small_family,22.664870310332734,6.5,6.5,0.0,0.0,-16.164870310332734,Spring,CHARGE_PRIORITY
180.0,apartment,15.944394611112912,3.6399999999999997,3.6399999999999997,0.0,0.4717054279037605,-12.304394611112912,Spring,CHARGE_PRIORITY
180.0,family_house,26.982821649575698,10.08,10.08,0.0,0.0,-16.9028216495757,Spring,CHARGE_PRIORITY
180.0,luxury_house,34.34177300855089,18.0,18.0,0.0,0.0,-16.341773008550888,Spring,CHARGE_PRIORITY
180.0,small_family,23.916591916669372,6.5,6.5,0.0,1.0056559559920952,-17.416591916669372,Spring,CHARGE_PRIORITY
181.0,apartment,16.781332013332406,3.6399999999999997,3.6399999999999997,0.0,1.5648313836460028,-13.141332013332406,Spring,CHARGE_PRIORITY
181.0,family_house,28.399177253331764,10.08,10.08,0.0,0.0,-18.319177253331766,Spring,CHARGE_PRIORITY
181.0,luxury_house,36.144407413331336,18.0,18.0,0.0,0.0,-18.144407413331336,Spring,CHARGE_PRIORITY
181.0,small_family,25.17199801999861,6.5,6.5,0.0,5.137338597612035,-18.67199801999861,Spring,CHARGE_PRIORITY
182.0,apartment,17.593614331925437,3.6399999999999997,3.6399999999999997,0.0,4.497244219446685,-13.953614331925436,Spring,CHARGE_PRIORITY
182.0,family_house,29.773808869412278,10.08,10.08,0.0,0.0,-19.69380886941228,Spring,CHARGE_PRIORITY
182.0,luxury_house,37.89393856107017,18.0,18.0,0.0,0.0,-19.893938561070172,Spring,CHARGE_PRIORITY
182.0,small_family,26.390421497888155,6.5,6.5,0.0,14.004149321006405,-19.890421497888155,Spring,CHARGE_PRIORITY
183.0,apartment,17.9360696347743,3.6399999999999997,3.6399999999999997,0.0,7.363480911217948,-14.296069634774298,Spring,CHARGE_PRIORITY
183.0,family_house,30.353348612694962,10.08,10.08,0.0,0.0,-20.273348612694964,Spring,CHARGE_PRIORITY
183.0,luxury_house,38.63153459797541,18.0,18.0,0.0,0.0,-20.63153459797541,Spring,CHARGE_PRIORITY
183.0,small_family,26.904104452161445,6.5,6.5,0.0,20.024179801446408,-20.404104452161445,Spring,CHARGE_PRIORITY
184.0,apartment,14.158010522159312,3.6399999999999997,3.6399999999999997,0.0,10.412769262192553,-10.518010522159312,Spring,CHARGE_PRIORITY
184.0,family_house,23.95971011442345,10.08,10.08,0.0,0.0,-13.879710114423455,Spring,CHARGE_PRIORITY
184.0,luxury_house,30.49417650926621,18.0,18.0,0.0,0.0,-12.494176509266213,Spring,CHARGE_PRIORITY
184.0,small_family,21.23701578323897,6.5,6.5,0.0,14.737015783238972,-14.737015783238972,Spring,CHARGE_PRIORITY
185.0,apartment,11.010384076438497,3.6399999999999997,3.6399999999999997,0.0,7.370384076438497,-7.370384076438497,Spring,CHARGE_PRIORITY
185.0,family_house,18.632957667818996,10.08,10.08,0.0,0.0,-8.552957667818996,Spring,CHARGE_PRIORITY
185.0,luxury_house,23.714673395405995,18.0,18.0,0.0,0.0,-5.714673395405994,Spring,CHARGE_PRIORITY
185.0,small_family,16.515576114657744,6.5,6.5,0.0,10.015576114657746,-10.015576114657746,Spring,CHARGE_PRIORITY
186.0,apartment,9.185039185962442,20.434751992299407,20.434751992299407,0.0,0.26864918961660716,11.249712806336966,Spring,CHARGE_PRIORITY
186.0,family_house,15.543912468551824,24.48421188468439,24.48421188468439,0.0,0.0,8.94029941613257,Spring,CHARGE_PRIORITY
186.0,luxury_house,19.783161323611413,33.843616868550086,33.843616868550086,0.0,0.0,14.060455544938677,Spring,CHARGE_PRIORITY
186.0,small_family,13.777558778943662,24.52380087143646,24.52380087143646,0.0,0.602326693279073,10.7462420924928,Spring,CHARGE_PRIORITY
187.0,apartment,0.0,24.944225248350385,24.944225248350385,0.0,0.0,24.944225248350385,Spring,CHARGE_PRIORITY
187.0,family_house,0.0,31.497845105582414,31.497845105582414,0.0,0.0,31.497845105582414,Spring,CHARGE_PRIORITY
187.0,luxury_house,0.0,35.001784749123665,35.001784749123665,0.0,0.0,35.001784749123665,Spring,CHARGE_PRIORITY
187.0,small_family,0.0,27.450850070456326,27.450850070456326,0.0,0.0,27.450850070456326,Spring,CHARGE_PRIORITY
188.0,apartment,0.0,27.943418596196203,27.943418596196203,0.0,0.0,27.943418596196203,Spring,CHARGE_PRIORITY
188.0,family_house,0.0,25.996623664393006,25.996623664393006,0.0,0.0,25.996623664393006,Spring,CHARGE_PRIORITY
188.0,luxury_house,0.0,33.69158411625301,33.69158411625301,0.0,0.0,33.69158411625301,Spring,CHARGE_PRIORITY
188.0,small_family,0.0,23.550754162207816,23.550754162207816,0.0,0.0,23.550754162207816,Spring,CHARGE_PRIORITY
189.0,apartment,0.544909524622454,27.296133580590276,23.99738078640807,3.298752794182207,0.0,26.75122405596782,Spring,CHARGE_PRIORITY
189.0,family_house,0.9221545801303067,24.977052228451075,24.977052228451075,0.0,0.0,24.054897648320768,Spring,CHARGE_PRIORITY
189.0,luxury_house,1.1736512838022084,48.69087979228702,36.20713681068082,12.483742981606202,0.0,47.51722850848481,Spring,CHARGE_PRIORITY
189.0,small_family,0.817364286933681,29.00930311354159,26.733554408251095,2.275748705290497,0.0,28.19193882660791,Spring,CHARGE_PRIORITY
190.0,apartment,2.394754456467343,3.6399999999999997,3.2184305440530645,0.4215694559469354,0.0,1.2452455435326566,Spring,CHARGE_PRIORITY
190.0,family_house,4.052661387867811,10.08,10.08,0.0,0.0,6.027338612132188,Spring,CHARGE_PRIORITY
190.0,luxury_house,5.157932675468123,18.0,6.580839222474693,11.419160777525306,0.0,12.842067324531875,Spring,CHARGE_PRIORITY
190.0,small_family,3.5921316847010143,6.5,6.24868603971007,0.2513139602899298,0.0,2.9078683152989857,Spring,CHARGE_PRIORITY
191.0,apartment,5.610591163906005,3.6399999999999997,3.6399999999999997,0.0,0.0,-1.9705911639060054,Spring,CHARGE_PRIORITY
191.0,family_house,9.4948465850717,10.08,10.08,0.0,0.0,0.5851534149282993,Spring,CHARGE_PRIORITY
191.0,luxury_house,12.084350199182165,18.0,11.469588914325284,6.530411085674716,0.0,5.915649800817836,Spring,CHARGE_PRIORITY
191.0,small_family,8.415886745859007,6.5,6.5,0.0,0.0,-1.9158867458590079,Spring,CHARGE_PRIORITY
192.0,apartment,0.0,3.6399999999999997,2.658157761560737,0.981842238439263,0.0,3.6399999999999997,Spring,CHARGE_PRIORITY
192.0,family_house,0.0,10.08,10.08,0.0,0.0,10.08,Spring,CHARGE_PRIORITY
192.0,luxury_house,0.0,18.0,0.016284574760808117,17.983715425239193,0.0,18.0,Spring,CHARGE_PRIORITY
192.0,small_family,0.0,6.5,6.082638313174854,0.4173616868251457,0.0,6.5,Spring,CHARGE_PRIORITY
193.0,apartment,2.5960083132914695,3.6399999999999997,3.010375701627284,0.6296242983727157,0.0,1.0439916867085304,Spring,CHARGE_PRIORITY
193.0,family_house,4.393244837877871,10.08,10.08,0.0,0.0,5.686755162122129,Spring,CHARGE_PRIORITY
193.0,luxury_house,5.591402520935472,18.0,5.032262268841925,12.967737731158076,0.0,12.408597479064529,Spring,CHARGE_PRIORITY
193.0,small_family,3.8940124699372043,6.5,6.154049906230226,0.34595009376977454,0.0,2.6059875300627957,Spring,CHARGE_PRIORITY
194.0,apartment,2.8199164249665407,3.6399999999999997,3.0465748828684003,0.5934251171315994,0.0,0.8200835750334587,Spring,CHARGE_PRIORITY
194.0,family_house,4.772166257635685,10.08,9.838067960647315,0.24193203935268404,0.0,5.3078337423643145,Spring,CHARGE_PRIORITY
194.0,luxury_house,6.073666146081781,18.0,5.466299531473602,12.533700468526398,0.0,11.92633385391822,Spring,CHARGE_PRIORITY
194.0,small_family,4.229874637449811,6.5,5.913955010728384,0.586044989271616,0.0,2.2701253625501887,Spring,CHARGE_PRIORITY
195.0,apartment,2.95711015396586,3.6399999999999997,3.113061074614224,0.5269389253857751,0.0,0.6828898460341393,Spring,CHARGE_PRIORITY
195.0,family_house,5.00434026055761,10.08,8.6994173504639,1.380582649536099,0.0,5.07565973944239,Spring,CHARGE_PRIORITY
195.0,luxury_house,6.369160331618777,18.0,5.732244298456899,12.267755701543102,0.0,11.630839668381224,Spring,CHARGE_PRIORITY
195.0,small_family,4.43566523094879,6.5,5.7290808677702865,0.7709191322297133,0.0,2.06433476905121,Spring,CHARGE_PRIORITY
196.0,apartment,3.1119639816783637,3.6399999999999997,3.1881056218902835,0.4518943781097159,0.0,0.5280360183216357,Spring,CHARGE_PRIORITY
196.0,family_house,5.266400584378769,10.08,8.611955296343911,1.4680447036560884,0.0,4.81359941562123,Spring,CHARGE_PRIORITY
196.0,luxury_house,6.702691652845706,18.0,6.032422487561135,11.967577512438865,0.0,11.297308347154294,Spring,CHARGE_PRIORITY
196.0,small_family,4.667945972517546,6.5,5.792661961620244,0.7073380383797567,0.0,1.832054027482454,Spring,CHARGE_PRIORITY
197.0,apartment,3.1176260410418117,3.6399999999999997,3.190849542966416,0.4491504570335835,0.0,0.5223739589581881,Spring,CHARGE_PRIORITY
197.0,family_house,5.2759825309938355,10.08,8.21672200326913,1.8632779967308697,0.0,4.804017469006164,Spring,CHARGE_PRIORITY
197.0,luxury_house,6.7148868576285174,18.0,6.043398171865665,11.956601828134335,0.0,11.285113142371483,Spring,CHARGE_PRIORITY
197.0,small_family,4.676439061562718,6.5,5.795013893971214,0.7049861060287859,0.0,1.8235609384372822,Spring,CHARGE_PRIORITY
198.0,apartment,11.66955247169157,3.6399999999999997,3.6399999999999997,0.0,0.0,-8.029552471691572,Spring,CHARGE_PRIORITY
198.0,family_house,19.748473413631892,10.08,10.08,0.0,0.0,-9.66847341363189,Spring,CHARGE_PRIORITY
198.0,luxury_house,25.13442070825877,18.0,18.0,0.0,0.0,-7.134420708258769,Spring,CHARGE_PRIORITY
198.0,small_family,17.504328707537358,6.5,6.5,0.0,0.0,-11.004328707537358,Spring,CHARGE_PRIORITY
199.0,apartment,11.604527137985368,3.6399999999999997,3.6399999999999997,0.0,0.0,-7.9645271379853675,Spring,CHARGE_PRIORITY
199.0,family_house,19.638430541206006,10.08,10.08,0.0,0.0,-9.558430541206008,Spring,CHARGE_PRIORITY
199.0,luxury_house,24.994366143353105,18.0,18.0,0.0,0.0,-6.994366143353103,Spring,CHARGE_PRIORITY
199.0,small_family,17.40679070697805,6.5,6.5,0.0,0.0,-10.906790706978052,Spring,CHARGE_PRIORITY
200.0,apartment,11.554544104021515,3.6399999999999997,3.6399999999999997,0.0,0.0,-7.914544104021514,Spring,CHARGE_PRIORITY
200.0,family_house,19.553843868344103,10.08,10.08,0.0,0.0,-9.473843868344105,Spring,CHARGE_PRIORITY
200.0,luxury_house,24.886710377892495,18.0,18.0,0.0,0.0,-6.886710377892495,Spring,CHARGE_PRIORITY
200.0,small_family,17.331816156032275,6.5,6.5,0.0,0.0,-10.831816156032275,Spring,CHARGE_PRIORITY
201.0,apartment,12.017917808978156,3.6399999999999997,3.6399999999999997,0.0,0.0,-8.377917808978157,Spring,CHARGE_PRIORITY
201.0,family_house,20.338014753655344,10.08,10.08,0.0,0.0,-10.258014753655344,Spring,CHARGE_PRIORITY
201.0,luxury_house,25.884746050106802,18.0,18.0,0.0,0.0,-7.884746050106802,Spring,CHARGE_PRIORITY
201.0,small_family,18.026876713467235,6.5,6.5,0.0,0.0,-11.526876713467233,Spring,CHARGE_PRIORITY
202.0,apartment,12.692410263301364,3.6399999999999997,3.6399999999999997,0.0,0.0,-9.052410263301365,Spring,CHARGE_PRIORITY
202.0,family_house,21.479463522510002,10.08,10.08,0.0,0.0,-11.399463522510004,Spring,CHARGE_PRIORITY
202.0,luxury_house,27.33749902864909,18.0,18.0,0.0,0.0,-9.337499028649093,Spring,CHARGE_PRIORITY
202.0,small_family,19.038615394952046,6.5,6.5,0.0,0.0,-12.538615394952048,Spring,CHARGE_PRIORITY
203.0,apartment,13.340361879815227,3.6399999999999997,3.6399999999999997,0.0,0.0,-9.700361879815226,Spring,CHARGE_PRIORITY
203.0,family_house,22.575997027379614,10.08,10.08,0.0,0.0,-12.495997027379614,Spring,CHARGE_PRIORITY
203.0,luxury_house,28.733087125755873,18.0,18.0,0.0,0.0,-10.73308712575587,Spring,CHARGE_PRIORITY
203.0,small_family,20.010542819722836,6.5,6.5,0.0,0.0,-13.510542819722836,Spring,CHARGE_PRIORITY
204.0,apartment,13.841489251851444,3.6399999999999997,3.6399999999999997,0.0,0.0,-10.201489251851443,Spring,CHARGE_PRIORITY
204.0,family_house,23.42405873390244,10.08,10.08,0.0,0.0,-13.344058733902441,Spring,CHARGE_PRIORITY
204.0,luxury_house,29.81243838860311,18.0,18.0,0.0,0.0,-11.812438388603109,Spring,CHARGE_PRIORITY
204.0,small_family,20.762233877777163,6.5,6.5,0.0,0.05923696851733973,-14.262233877777163,Spring,CHARGE_PRIORITY
205.0,apartment,14.788404159276253,3.6399999999999997,3.6399999999999997,0.0,0.5314568048490944,-11.148404159276252,Spring,CHARGE_PRIORITY
205.0,family_house,25.02653011569828,10.08,10.08,0.0,0.0,-14.94653011569828,Spring,CHARGE_PRIORITY
205.0,luxury_house,31.851947419979624,18.0,18.0,0.0,0.0,-13.851947419979624,Spring,CHARGE_PRIORITY
205.0,small_family,22.18260623891438,6.5,6.5,0.0,1.206354326070337,-15.682606238914381,Spring,CHARGE_PRIORITY
206.0,apartment,15.41623840476839,3.6399999999999997,3.6399999999999997,0.0,0.9058644926744914,-11.776238404768389,Spring,CHARGE_PRIORITY
206.0,family_house,26.089018838838815,10.08,10.08,0.0,0.0,-16.009018838838816,Spring,CHARGE_PRIORITY
206.0,luxury_house,33.20420579488576,18.0,18.0,0.0,0.0,-15.20420579488576,Spring,CHARGE_PRIORITY
206.0,small_family,23.124357607152582,6.5,6.5,0.0,2.645446462321075,-16.624357607152582,Spring,CHARGE_PRIORITY
207.0,apartment,15.345638315818432,3.6399999999999997,3.6399999999999997,0.0,1.7347488161830948,-11.705638315818431,Spring,CHARGE_PRIORITY
207.0,family_house,25.96954176523119,10.08,10.08,0.0,0.41641219176148814,-15.889541765231193,Spring,CHARGE_PRIORITY
207.0,luxury_house,33.0521440648397,18.0,18.0,0.0,0.0,-15.0521440648397,Spring,CHARGE_PRIORITY
207.0,small_family,23.01845747372765,6.5,6.5,0.0,8.733762416162074,-16.51845747372765,Spring,CHARGE_PRIORITY
208.0,apartment,12.202539828375844,3.6399999999999997,3.6399999999999997,0.0,1.31731381975013,-8.562539828375845,Spring,CHARGE_PRIORITY
208.0,family_house,20.650452017251432,10.08,10.08,0.0,0.8808710014376192,-10.57045201725143,Spring,CHARGE_PRIORITY
208.0,luxury_house,26.28239347650182,18.0,18.0,0.0,0.0,-8.28239347650182,Spring,CHARGE_PRIORITY
208.0,small_family,18.303809742563768,6.5,6.5,0.0,8.466077906689799,-11.803809742563768,Spring,CHARGE_PRIORITY
209.0,apartment,9.145623116478637,3.6399999999999997,3.6399999999999997,0.0,0.9737633625647987,-5.505623116478637,Spring,CHARGE_PRIORITY
209.0,family_house,15.477208350963846,10.08,10.08,0.0,0.4497673625803206,-5.397208350963847,Spring,CHARGE_PRIORITY
209.0,luxury_house,19.698265173953985,18.0,18.0,0.0,0.0,-1.6982651739539865,Spring,CHARGE_PRIORITY
209.0,small_family,13.718434674717955,6.5,6.5,0.0,7.218434674717955,-7.218434674717955,Spring,CHARGE_PRIORITY
210.0,apartment,7.3896618298577925,18.178155511888725,18.178155511888725,0.0,0.0,10.788493682030932,Spring,CHARGE_PRIORITY
210.0,family_house,12.505581558220879,30.967890324369982,30.967890324369982,0.0,0.0,18.462308766149103,Spring,CHARGE_PRIORITY
210.0,luxury_house,15.916194710462937,37.82016972710486,37.82016972710486,0.0,0.0,21.903975016641926,Spring,CHARGE_PRIORITY
210.0,small_family,11.084492744786688,27.929710064513106,27.929710064513102,0.0,0.3526425454104387,16.84521731972642,Spring,CHARGE_PRIORITY
211.0,apartment,0.0,21.90453538423253,21.90453538423253,0.0,0.0,21.90453538423253,Spring,CHARGE_PRIORITY
211.0,family_house,0.0,28.386999449076644,28.386999449076644,0.0,0.0,28.386999449076644,Spring,CHARGE_PRIORITY
211.0,luxury_house,0.0,38.77742895955865,37.61538918934244,1.1620397702162135,0.0,38.77742895955865,Spring,CHARGE_PRIORITY
211.0,small_family,0.0,23.670243984205253,23.670243984205253,0.0,0.0,23.670243984205253,Spring,CHARGE_PRIORITY
212.0,apartment,0.0,23.090545915215742,22.806017938596227,0.2845279766195139,0.0,23.090545915215742,Spring,CHARGE_PRIORITY
212.0,family_house,0.0,33.70081874693594,33.70081874693594,0.0,0.0,33.70081874693594,Spring,CHARGE_PRIORITY
212.0,luxury_house,0.0,38.8231207677494,19.311438796789453,19.511681970959945,0.0,38.8231207677494,Spring,CHARGE_PRIORITY
212.0,small_family,0.0,25.632136940023635,25.632136940023635,0.0,0.0,25.632136940023635,Spring,CHARGE_PRIORITY
213.0,apartment,0.0,24.734937800112576,22.421601208355458,2.3133365917571185,0.0,24.734937800112576,Spring,CHARGE_PRIORITY
213.0,family_house,0.0,29.694740156575826,25.137205341328833,4.557534815246995,0.0,29.694740156575826,Spring,CHARGE_PRIORITY
213.0,luxury_house,0.0,33.74756385606611,1.3625789036819551,32.38498495238415,0.0,33.74756385606611,Spring,CHARGE_PRIORITY
213.0,small_family,0.0,26.692451254213616,25.883081089553386,0.8093701646602289,0.0,26.692451254213616,Spring,CHARGE_PRIORITY
214.0,apartment,1.656282292242048,3.6399999999999997,3.309331394310437,0.3306686056895626,0.0,1.9837177077579518,Spring,CHARGE_PRIORITY
214.0,family_house,2.8029392637942347,10.08,6.477904801396115,3.602095198603884,0.0,7.277060736205765,Spring,CHARGE_PRIORITY
214.0,luxury_house,3.567377244829027,18.0,3.2106395203461235,14.789360479653876,0.0,14.432622755170975,Spring,CHARGE_PRIORITY
214.0,small_family,2.4844234383630717,6.5,5.817220317298069,0.6827796827019306,0.0,4.015576561636928,Spring,CHARGE_PRIORITY
215.0,apartment,4.884199621297904,3.6399999999999997,3.6399999999999997,0.0,0.0,-1.2441996212979045,Spring,CHARGE_PRIORITY
215.0,family_house,8.26556858988876,10.08,8.759505865449942,1.320494134550058,0.0,1.81443141011124,Spring,CHARGE_PRIORITY
215.0,luxury_house,10.519814568949332,18.0,9.467833112054397,8.532166887945603,0.0,7.480185431050669,Spring,CHARGE_PRIORITY
215.0,small_family,7.326299431946856,6.5,6.5,0.0,0.0,-0.8262994319468554,Spring,CHARGE_PRIORITY
216.0,apartment,0.0,3.6399999999999997,3.063979197560226,0.5760208024397733,0.0,3.6399999999999997,Spring,CHARGE_PRIORITY
216.0,family_house,0.0,10.08,4.087589733708873,5.9924102662911265,0.0,10.08,Spring,CHARGE_PRIORITY
216.0,luxury_house,0.0,18.0,0.0,18.0,0.0,18.0,Spring,CHARGE_PRIORITY
216.0,small_family,0.0,6.5,5.021616035865885,1.4783839641341148,0.0,6.5,Spring,CHARGE_PRIORITY
217.0,apartment,1.8283256392171447,3.6399999999999997,3.179729171222022,0.46027082877797754,0.0,1.8116743607828547,Spring,CHARGE_PRIORITY
217.0,family_house,3.0940895432905524,10.08,5.216453725974332,4.863546274025668,0.0,6.985910456709448,Spring,CHARGE_PRIORITY
217.0,luxury_house,3.9379321460061574,18.0,3.5441389314055423,14.455861068594459,0.0,14.062067853993842,Spring,CHARGE_PRIORITY
217.0,small_family,2.7424884588257172,6.5,5.569593756833034,0.9304062431669665,0.0,3.7575115411742823,Spring,CHARGE_PRIORITY
218.0,apartment,1.633395302916976,3.6399999999999997,3.1240554172828303,0.5159445827171695,0.0,2.0066046970830236,Spring,CHARGE_PRIORITY
218.0,family_house,2.764207435705652,10.08,4.682115920097546,5.397884079902454,0.0,7.315792564294348,Spring,CHARGE_PRIORITY
218.0,luxury_house,3.5180821908981024,18.0,3.166273971808292,14.833726028191709,0.0,14.481917809101898,Spring,CHARGE_PRIORITY
218.0,small_family,2.450092954375464,6.5,5.381961323689664,1.118038676310336,0.0,4.049907045624536,Spring,CHARGE_PRIORITY
219.0,apartment,1.5391966510795787,3.6399999999999997,2.946239072606652,0.6937609273933474,0.0,2.100803348920421,Spring,CHARGE_PRIORITY
219.0,family_house,2.60479433259621,10.08,3.5118255799681983,6.5681744200318,0.0,7.475205667403789,Spring,CHARGE_PRIORITY
219.0,luxury_house,3.3151927869406306,18.0,2.9836735082465675,15.016326491753434,0.0,14.684807213059369,Spring,CHARGE_PRIORITY
219.0,small_family,2.3087949766193683,6.5,4.799198261137474,1.7008017388625263,0.0,4.191205023380633,Spring,CHARGE_PRIORITY
220.0,apartment,1.6352590641549005,3.6399999999999997,2.9408231504354476,0.6991768495645518,0.0,2.004740935845099,Spring,CHARGE_PRIORITY
220.0,family_house,2.767361493185216,10.08,3.123073231877803,6.956926768122197,0.0,7.312638506814784,Spring,CHARGE_PRIORITY
220.0,luxury_house,3.5220964458720934,18.0,3.1698868012848838,14.830113198715116,0.0,14.477903554127908,Spring,CHARGE_PRIORITY
220.0,small_family,2.4528885962323503,6.5,4.643146799374674,1.856853200625326,0.0,4.04711140376765,Spring,CHARGE_PRIORITY
221.0,apartment,1.7749290908736286,3.6399999999999997,2.8543985314562557,0.7856014685437439,0.0,1.865070909126371,Spring,CHARGE_PRIORITY
221.0,family_house,3.0037261537861406,10.08,3.318074076873566,6.761925923126434,0.0,7.076273846213859,Spring,CHARGE_PRIORITY
221.0,luxury_house,3.8229241957278153,18.0,3.4406317761550334,14.559368223844967,0.0,14.177075804272183,Spring,CHARGE_PRIORITY
221.0,small_family,2.662393636310443,6.5,4.588155943390526,1.9118440566094739,0.0,3.837606363689557,Spring,CHARGE_PRIORITY
222.0,apartment,10.632797716879896,3.6399999999999997,3.6399999999999997,0.0,0.0,-6.992797716879895,Spring,CHARGE_PRIORITY
222.0,family_house,17.99396536702752,10.08,10.08,0.0,0.0,-7.913965367027519,Spring,CHARGE_PRIORITY
222.0,luxury_house,22.90141046712593,18.0,18.0,0.0,0.0,-4.901410467125931,Spring,CHARGE_PRIORITY
222.0,small_family,15.949196575319846,6.5,6.5,0.0,0.0,-9.449196575319846,Spring,CHARGE_PRIORITY
223.0,apartment,10.929243260285297,3.6399999999999997,3.6399999999999997,0.0,0.0,-7.289243260285299,Spring,CHARGE_PRIORITY
223.0,family_house,18.49564244048281,10.08,10.08,0.0,0.0,-8.415642440482813,Spring,CHARGE_PRIORITY
223.0,luxury_house,23.53990856061449,18.0,18.0,0.0,0.0,-5.539908560614489,Spring,CHARGE_PRIORITY
223.0,small_family,16.393864890427945,6.5,6.5,0.0,0.0,-9.893864890427945,Spring,CHARGE_PRIORITY
224.0,apartment,11.352115526568618,3.6399999999999997,3.6399999999999997,0.0,0.0,-7.712115526568617,Spring,CHARGE_PRIORITY
224.0,family_house,19.211272429577658,10.08,10.08,0.0,0.0,-9.131272429577658,Spring,CHARGE_PRIORITY
224.0,luxury_house,24.45071036491702,18.0,18.0,0.0,0.0,-6.450710364917018,Spring,CHARGE_PRIORITY
224.0,small_family,17.028173289852926,6.5,6.5,0.0,0.0,-10.528173289852926,Spring,CHARGE_PRIORITY
225.0,apartment,12.230977149715361,3.6399999999999997,3.6399999999999997,0.0,0.0,-8.59097714971536,Spring,CHARGE_PRIORITY
225.0,family_house,20.69857671490292,10.08,10.08,0.0,0.0,-10.61857671490292,Spring,CHARGE_PRIORITY
225.0,luxury_house,26.343643091694624,18.0,18.0,0.0,0.0,-8.343643091694624,Spring,CHARGE_PRIORITY
225.0,small_family,18.346465724573044,6.5,6.5,0.0,0.0,-11.846465724573042,Spring,CHARGE_PRIORITY
226.0,apartment,13.207445381157699,3.6399999999999997,3.6399999999999997,0.0,0.0,-9.567445381157698,Spring,CHARGE_PRIORITY
226.0,family_house,22.351061414266876,10.08,10.08,0.0,0.0,-12.271061414266878,Spring,CHARGE_PRIORITY
226.0,luxury_house,28.44680543633966,18.0,18.0,0.0,0.0,-10.446805436339659,Spring,CHARGE_PRIORITY
226.0,small_family,19.81116807173655,6.5,6.5,0.0,0.0,-13.31116807173655,Spring,CHARGE_PRIORITY
227.0,apartment,14.201340326638942,3.6399999999999997,3.6399999999999997,0.0,0.0,-10.561340326638943,Spring,CHARGE_PRIORITY
227.0,family_house,24.03303747585052,10.08,10.08,0.0,0.0,-13.953037475850524,Spring,CHARGE_PRIORITY
227.0,luxury_house,30.587502241991572,18.0,18.0,0.0,0.0,-12.587502241991572,Spring,CHARGE_PRIORITY
227.0,small_family,21.302010489958413,6.5,6.5,0.0,0.0,-14.802010489958414,Spring,CHARGE_PRIORITY
228.0,apartment,15.145903706618846,3.6399999999999997,3.6399999999999997,0.0,0.0,-11.505903706618845,Spring,CHARGE_PRIORITY
228.0,family_house,25.631529349662664,10.08,10.08,0.0,0.0,-15.551529349662665,Spring,CHARGE_PRIORITY
228.0,luxury_house,32.62194644502521,18.0,18.0,0.0,0.0,-14.62194644502521,Spring,CHARGE_PRIORITY
228.0,small_family,22.71885555992827,6.5,6.5,0.0,0.0,-16.21885555992827,Spring,CHARGE_PRIORITY
229.0,apartment,15.827109499293567,3.6399999999999997,3.6399999999999997,0.0,0.0,-12.187109499293566,Spring,CHARGE_PRIORITY
229.0,family_house,26.78433915265065,10.08,10.08,0.0,0.0,-16.70433915265065,Spring,CHARGE_PRIORITY
229.0,luxury_house,34.08915892155537,18.0,18.0,0.0,0.0,-16.08915892155537,Spring,CHARGE_PRIORITY
229.0,small_family,23.74066424894035,6.5,6.5,0.0,0.7874224937246916,-17.24066424894035,Spring,CHARGE_PRIORITY
230.0,apartment,16.7342822263646,3.6399999999999997,3.6399999999999997,0.0,0.23666796354604308,-13.094282226364596,Spring,CHARGE_PRIORITY
230.0,family_house,28.319554536924702,10.08,10.08,0.0,0.0,-18.239554536924704,Spring,CHARGE_PRIORITY
230.0,luxury_house,36.04306941063144,18.0,18.0,0.0,0.0,-18.04306941063144,Spring,CHARGE_PRIORITY
230.0,small_family,25.101423339546894,6.5,6.5,0.0,1.7888523783942352,-18.601423339546894,Spring,CHARGE_PRIORITY
231.0,apartment,17.093420335580284,3.6399999999999997,3.6399999999999997,0.0,1.191554237353663,-13.453420335580281,Spring,CHARGE_PRIORITY
231.0,family_house,28.927326721751243,10.08,10.08,0.0,0.0,-18.847326721751244,Spring,CHARGE_PRIORITY
231.0,luxury_house,36.816597645865215,18.0,18.0,0.0,0.0,-18.81659764586522,Spring,CHARGE_PRIORITY
231.0,small_family,25.640130503370422,6.5,6.5,0.0,6.242474020561204,-19.140130503370422,Spring,CHARGE_PRIORITY
232.0,apartment,13.138043544514694,3.6399999999999997,3.6399999999999997,0.0,3.6288306111316597,-9.498043544514694,Spring,CHARGE_PRIORITY
232.0,family_house,22.23361215225564,10.08,10.08,0.0,0.0,-12.153612152255638,Spring,CHARGE_PRIORITY
232.0,luxury_house,28.297324557416268,18.0,18.0,0.0,0.0,-10.297324557416268,Spring,CHARGE_PRIORITY
232.0,small_family,19.707065316772045,6.5,6.5,0.0,11.711291408325408,-13.207065316772045,Spring,CHARGE_PRIORITY
233.0,apartment,10.02760281971726,3.6399999999999997,3.6399999999999997,0.0,4.993680520085592,-6.3876028197172605,Spring,CHARGE_PRIORITY
233.0,family_house,16.969789387213822,10.08,10.08,0.0,0.0,-6.889789387213822,Spring,CHARGE_PRIORITY
233.0,luxury_house,21.597913765544867,18.0,18.0,0.0,0.0,-3.5979137655448667,Spring,CHARGE_PRIORITY
233.0,small_family,15.041404229575889,6.5,6.5,0.0,8.541404229575889,-8.541404229575889,Spring,CHARGE_PRIORITY
234.0,apartment,8.648076961602529,23.618624145934913,23.618624145934913,0.0,0.17745954070706077,14.970547184332384,Spring,CHARGE_PRIORITY
234.0,family_house,14.635207165788895,27.84517961116549,27.84517961116549,0.0,0.0,13.209972445376593,Spring,CHARGE_PRIORITY
234.0,luxury_house,18.62662730191314,37.6065490755682,37.6065490755682,0.0,0.0,18.979921773655064,Spring,CHARGE_PRIORITY
234.0,small_family,12.972115442403794,24.640819067315107,24.640819067315107,0.0,0.28554866060230044,11.668703624911313,Spring,CHARGE_PRIORITY
235.0,apartment,0.0,24.298016825599394,24.298016825599394,0.0,0.0,24.298016825599394,Spring,CHARGE_PRIORITY
235.0,family_house,0.0,27.26149989278666,27.26149989278666,0.0,0.0,27.26149989278666,Spring,CHARGE_PRIORITY
235.0,luxury_house,0.0,37.386061190159104,37.386061190159104,0.0,0.0,37.386061190159104,Spring,CHARGE_PRIORITY
235.0,small_family,0.0,27.21664393625809,27.21664393625809,0.0,0.0,27.21664393625809,Spring,CHARGE_PRIORITY
236.0,apartment,0.17783980258740104,25.098663711211902,25.098663711211902,0.0,0.0,24.9208239086245,Spring,CHARGE_PRIORITY
236.0,family_house,0.30095966591714024,26.379357356490114,26.379357356490114,0.0,0.0,26.078397690572974,Spring,CHARGE_PRIORITY
236.0,luxury_house,0.38303957480363304,36.62952899964361,29.430992723795367,7.198536275848242,0.0,36.24648942483998,Spring,CHARGE_PRIORITY
236.0,small_family,0.26675970388110154,27.144024653120383,27.144024653120383,0.0,0.0,26.877264949239283,Spring,CHARGE_PRIORITY
237.0,apartment,1.2019633429561818,18.77881914713269,16.848036333065984,1.9307828140667052,0.0,17.576855804176507,Spring,CHARGE_PRIORITY
237.0,family_house,2.0340918111566153,33.131896762561794,32.53834735026643,0.5935494122953693,0.0,31.09780495140518,Spring,CHARGE_PRIORITY
237.0,luxury_house,2.588844123290238,32.49267444933424,10.177448728333122,22.31522572100112,0.0,29.903830326044,Spring,CHARGE_PRIORITY
237.0,small_family,1.802945014434273,31.494294224110096,29.78396304249815,1.710331181611945,0.0,29.69134920967582,Spring,CHARGE_PRIORITY
238.0,apartment,2.865667372760053,3.6399999999999997,3.3951770697270875,0.24482293027291205,0.0,0.7743326272399468,Spring,CHARGE_PRIORITY
238.0,family_house,4.849590938517013,10.08,8.73285411160613,1.34714588839387,0.0,5.2304090614829875,Spring,CHARGE_PRIORITY
238.0,luxury_house,6.172206649021652,18.0,5.554985984119487,12.445014015880515,0.0,11.827793350978348,Spring,CHARGE_PRIORITY
238.0,small_family,4.298501059140079,6.5,6.095177069727088,0.40482293027291255,0.0,2.2014989408599206,Spring,CHARGE_PRIORITY
239.0,apartment,5.7768205759501186,3.6399999999999997,3.6399999999999997,0.0,0.0,-2.136820575950119,Spring,CHARGE_PRIORITY
239.0,family_house,9.776157897761738,10.08,9.652847369328521,0.42715263067147813,0.0,0.3038421022382609,Spring,CHARGE_PRIORITY
239.0,luxury_house,12.442382778969485,18.0,11.198144501072536,6.801855498927464,0.0,5.557617221030514,Spring,CHARGE_PRIORITY
239.0,small_family,8.665230863925178,6.5,6.5,0.0,0.0,-2.1652308639251774,Spring,CHARGE_PRIORITY
240.0,apartment,0.0,3.6399999999999997,3.0898133580181746,0.5501866419818251,0.0,3.6399999999999997,Spring,CHARGE_PRIORITY
240.0,family_house,0.0,10.08,6.061849552579092,4.018150447420908,0.0,10.08,Spring,CHARGE_PRIORITY
240.0,luxury_house,0.0,18.0,0.0,18.0,0.0,18.0,Spring,CHARGE_PRIORITY
240.0,small_family,0.0,6.5,5.699801196543486,0.800198803456514,0.0,6.5,Spring,CHARGE_PRIORITY
241.0,apartment,2.629642107653941,3.6399999999999997,3.248208583658014,0.39179141634198555,0.0,1.0103578923460588,Spring,CHARGE_PRIORITY
241.0,family_house,4.4501635667989765,10.08,7.215317777928531,2.8646822220714685,0.0,5.629836433201023,Spring,CHARGE_PRIORITY
241.0,luxury_house,5.663844539562334,18.0,5.0974600856061,12.902539914393898,0.0,12.336155460437665,Spring,CHARGE_PRIORITY
241.0,small_family,3.944463161480911,6.5,5.939304262126174,0.5606957378738262,0.0,2.555536838519089,Spring,CHARGE_PRIORITY
242.0,apartment,2.5806399502128117,3.6399999999999997,3.2346387554435476,0.40536124455645206,0.0,1.0593600497871878,Spring,CHARGE_PRIORITY
242.0,family_house,4.367236838821682,10.08,7.005256577469757,3.0747434225302435,0.0,5.712763161178318,Spring,CHARGE_PRIORITY
242.0,luxury_house,5.558301431227595,18.0,5.002471288104836,12.997528711895164,0.0,12.441698568772406,Spring,CHARGE_PRIORITY
242.0,small_family,3.8709599253192177,6.5,5.68803898068393,0.8119610193160702,0.0,2.6290400746807823,Spring,CHARGE_PRIORITY
243.0,apartment,2.647533979638584,3.6399999999999997,3.2531632558999153,0.3868367441000844,0.0,0.9924660203614155,Spring,CHARGE_PRIORITY
243.0,family_house,4.480442119388373,10.08,6.420509153502925,3.659490846497074,0.0,5.599557880611627,Spring,CHARGE_PRIORITY
243.0,luxury_house,5.702380879221566,18.0,5.132142791299408,12.867857208700592,0.0,12.297619120778435,Spring,CHARGE_PRIORITY
243.0,small_family,3.971300969457876,6.5,5.469226339802108,1.0307736601978919,0.0,2.528699030542124,Spring,CHARGE_PRIORITY
244.0,apartment,2.8201267549220326,3.6399999999999997,3.300958178286101,0.3390418217138985,0.0,0.8198732450779669,Spring,CHARGE_PRIORITY
244.0,family_house,4.772522200637287,10.08,5.818513645323056,4.2614863546769435,0.0,5.307477799362713,Spring,CHARGE_PRIORITY
244.0,luxury_house,6.074119164447456,18.0,5.46670724800271,12.53329275199729,0.0,11.925880835552544,Spring,CHARGE_PRIORITY
244.0,small_family,4.230190132383049,6.5,5.46429658428644,1.03570341571356,0.0,2.2698098676169507,Spring,CHARGE_PRIORITY
245.0,apartment,3.0530348206101614,3.6399999999999997,3.36545579647666,0.27454420352333975,0.0,0.5869651793898382,Spring,CHARGE_PRIORITY
245.0,family_house,5.1666743118018115,10.08,5.998223774967638,4.081776225032361,0.0,4.913325688198188,Spring,CHARGE_PRIORITY
245.0,luxury_house,6.575767305929579,18.0,5.91819057533662,12.081809424663378,0.0,11.42423269407042,Spring,CHARGE_PRIORITY
245.0,small_family,4.579552230915242,6.5,5.585229618393738,0.9147703816062625,0.0,1.920447769084758,Spring,CHARGE_PRIORITY
246.0,apartment,11.938123133218495,3.6399999999999997,3.6399999999999997,0.0,0.0,-8.298123133218496,Spring,CHARGE_PRIORITY
246.0,family_house,20.20297761006207,10.08,10.08,0.0,0.0,-10.12297761006207,Spring,CHARGE_PRIORITY
246.0,luxury_house,25.712880594624455,18.0,18.0,0.0,0.0,-7.712880594624455,Spring,CHARGE_PRIORITY
246.0,small_family,17.90718469982774,6.5,6.5,0.0,0.0,-11.407184699827742,Spring,CHARGE_PRIORITY
247.0,apartment,12.09207118635494,3.6399999999999997,3.6399999999999997,0.0,0.0,-8.452071186354939,Spring,CHARGE_PRIORITY
247.0,family_house,20.46350508460067,10.08,10.08,0.0,0.0,-10.38350508460067,Spring,CHARGE_PRIORITY
247.0,luxury_house,26.044461016764487,18.0,18.0,0.0,0.0,-8.044461016764485,Spring,CHARGE_PRIORITY
247.0,small_family,18.13810677953241,6.5,6.5,0.0,0.0,-11.63810677953241,Spring,CHARGE_PRIORITY
248.0,apartment,12.466700205287273,3.6399999999999997,3.6399999999999997,0.0,0.0,-8.826700205287274,Spring,CHARGE_PRIORITY
248.0,family_house,21.09749265510154,10.08,10.08,0.0,0.0,-11.01749265510154,Spring,CHARGE_PRIORITY
248.0,luxury_house,26.85135428831105,18.0,18.0,0.0,0.0,-8.85135428831105,Spring,CHARGE_PRIORITY
248.0,small_family,18.70005030793091,6.5,6.5,0.0,0.0,-12.200050307930908,Spring,CHARGE_PRIORITY
249.0,apartment,13.174628536831225,3.6399999999999997,3.6399999999999997,0.0,0.0,-9.534628536831224,Spring,CHARGE_PRIORITY
249.0,family_house,22.295525216175918,10.08,10.08,0.0,0.0,-12.215525216175918,Spring,CHARGE_PRIORITY
249.0,luxury_house,28.376123002405713,18.0,18.0,0.0,0.0,-10.376123002405715,Spring,CHARGE_PRIORITY
249.0,small_family,19.761942805246836,6.5,6.5,0.0,0.0,-13.261942805246838,Spring,CHARGE_PRIORITY
250.0,apartment,13.967733972684126,3.6399999999999997,3.6399999999999997,0.0,0.0,-10.327733972684126,Spring,CHARGE_PRIORITY
250.0,family_house,23.63770364608083,10.08,10.08,0.0,0.0,-13.557703646080832,Spring,CHARGE_PRIORITY
250.0,luxury_house,30.084350095011963,18.0,18.0,0.0,0.0,-12.084350095011963,Spring,CHARGE_PRIORITY
250.0,small_family,20.95160095902619,6.5,6.5,0.0,0.0,-14.45160095902619,Spring,CHARGE_PRIORITY
251.0,apartment,14.755570330361751,3.6399999999999997,3.6399999999999997,0.0,0.0,-11.11557033036175,Spring,CHARGE_PRIORITY
251.0,family_house,24.970965174458343,10.08,10.08,0.0,0.0,-14.890965174458344,Spring,CHARGE_PRIORITY
251.0,luxury_house,31.781228403856076,18.0,18.0,0.0,0.0,-13.781228403856076,Spring,CHARGE_PRIORITY
251.0,small_family,22.133355495542624,6.5,6.5,0.0,0.0,-15.633355495542624,Spring,CHARGE_PRIORITY
252.0,apartment,15.615838993195755,3.6399999999999997,3.6399999999999997,0.0,0.0,-11.975838993195756,Spring,CHARGE_PRIORITY
252.0,family_house,26.42680445002359,10.08,10.08,0.0,0.0,-16.34680445002359,Spring,CHARGE_PRIORITY
252.0,luxury_house,33.63411475457548,18.0,18.0,0.0,0.0,-15.634114754575476,Spring,CHARGE_PRIORITY
252.0,small_family,23.423758489793638,6.5,6.5,0.0,0.281618862320262,-16.923758489793638,Spring,CHARGE_PRIORITY
253.0,apartment,16.479846765277273,3.6399999999999997,3.6399999999999997,0.0,1.2287071608412239,-12.839846765277272,Spring,CHARGE_PRIORITY
253.0,family_house,27.888971448930775,10.08,10.08,0.0,0.0,-17.808971448930777,Spring,CHARGE_PRIORITY
253.0,luxury_house,35.49505457136644,18.0,18.0,0.0,0.0,-17.495054571366435,Spring,CHARGE_PRIORITY
253.0,small_family,24.719770147915913,6.5,6.5,0.0,2.300747170083145,-18.219770147915913,Spring,CHARGE_PRIORITY
254.0,apartment,17.393563530184096,3.6399999999999997,3.6399999999999997,0.0,3.3406166852621917,-13.753563530184095,Spring,CHARGE_PRIORITY
254.0,family_house,29.435261358773083,10.08,10.08,0.0,0.0,-19.355261358773085,Spring,CHARGE_PRIORITY
254.0,luxury_house,37.46305991116574,18.0,18.0,0.0,0.0,-19.463059911165743,Spring,CHARGE_PRIORITY
254.0,small_family,26.090345295276144,6.5,6.5,0.0,6.445162484653231,-19.590345295276144,Spring,CHARGE_PRIORITY
255.0,apartment,17.85551661041047,3.6399999999999997,3.6399999999999997,0.0,6.801498565495086,-14.215516610410468,Spring,CHARGE_PRIORITY
255.0,family_house,30.21702810992541,10.08,10.08,0.0,0.0,-20.13702810992541,Spring,CHARGE_PRIORITY
255.0,luxury_house,38.4580357762687,18.0,18.0,0.0,0.0,-20.4580357762687,Spring,CHARGE_PRIORITY
255.0,small_family,26.783274915615703,6.5,6.5,0.0,15.994228058129556,-20.283274915615703,Spring,CHARGE_PRIORITY
256.0,apartment,14.24111530247437,3.6399999999999997,3.6399999999999997,0.0,8.851417546667566,-10.60111530247437,Spring,CHARGE_PRIORITY
256.0,family_house,24.100348973418164,10.08,10.08,0.0,0.0,-14.020348973418164,Spring,CHARGE_PRIORITY
256.0,luxury_house,30.673171420714027,18.0,18.0,0.0,0.0,-12.673171420714025,Spring,CHARGE_PRIORITY
256.0,small_family,21.36167295371155,6.5,6.5,0.0,14.861672953711551,-14.861672953711551,Spring,CHARGE_PRIORITY
257.0,apartment,11.224434253312474,3.6399999999999997,3.6399999999999997,0.0,7.584434253312474,-7.584434253312474,Spring,CHARGE_PRIORITY
257.0,family_house,18.99519642868265,10.08,10.08,0.0,0.7430228269396574,-8.915196428682652,Spring,CHARGE_PRIORITY
257.0,luxury_house,24.175704545596098,18.0,18.0,0.0,0.0,-6.1757045455960995,Spring,CHARGE_PRIORITY
257.0,small_family,16.836651379968714,6.5,6.5,0.0,10.336651379968712,-10.336651379968712,Spring,CHARGE_PRIORITY
258.0,apartment,9.52582850991966,23.830148496295354,23.830148496295354,0.0,0.0,14.304319986375695,Spring,CHARGE_PRIORITY
258.0,family_house,16.120632862940962,27.710953763590677,27.710953763590677,0.0,0.0,11.590320900649715,Spring,CHARGE_PRIORITY
258.0,luxury_house,20.517169098288495,39.03116509460796,39.03116509460796,0.0,0.0,18.513995996319462,Spring,CHARGE_PRIORITY
258.0,small_family,14.288742764879487,24.64113967082961,24.64113967082961,0.0,0.9166624250658569,10.352396905950124,Spring,CHARGE_PRIORITY
259.0,apartment,0.0,19.159327588082625,19.159327588082625,0.0,0.0,19.159327588082625,Spring,CHARGE_PRIORITY
259.0,family_house,0.0,31.70267161636322,31.70267161636322,0.0,0.0,31.70267161636322,Spring,CHARGE_PRIORITY
259.0,luxury_house,0.0,35.32082558266471,35.32082558266471,0.0,0.0,35.32082558266471,Spring,CHARGE_PRIORITY
259.0,small_family,0.0,27.114315693876,27.114315693876,0.0,0.0,27.114315693876,Spring,CHARGE_PRIORITY
260.0,apartment,0.0,23.407901940718993,23.407901940718993,0.0,0.0,23.407901940718993,Spring,CHARGE_PRIORITY
260.0,family_house,0.0,27.014283775991707,27.014283775991707,0.0,0.0,27.014283775991707,Spring,CHARGE_PRIORITY
260.0,luxury_house,0.0,38.161607225578344,37.59400506588385,0.5676021596944945,0.0,38.161607225578344,Spring,CHARGE_PRIORITY
260.0,small_family,0.0,20.22844416347408,20.22844416347408,0.0,0.0,20.22844416347408,Spring,CHARGE_PRIORITY
261.0,apartment,0.5148668284374884,20.477669864235494,19.689253670032123,0.7884161942033711,0.0,19.962803035798007,Spring,CHARGE_PRIORITY
261.0,family_house,0.8713130942788267,25.619314571837727,25.619314571837727,0.0,0.0,24.7480014775589,Spring,CHARGE_PRIORITY
261.0,luxury_house,1.1089439381730521,32.782130078401515,20.485371189333794,12.29675888906772,0.0,31.673186140228463,Spring,CHARGE_PRIORITY
261.0,small_family,0.7723002426562328,28.85203439316346,28.85203439316346,0.0,0.0,28.079734150507228,Spring,CHARGE_PRIORITY
262.0,apartment,2.594218832286134,3.6399999999999997,3.2606654302490714,0.3793345697509283,0.0,1.0457811677138658,Spring,CHARGE_PRIORITY
262.0,family_house,4.390216485407304,10.08,10.08,0.0,0.0,5.689783514592696,Spring,CHARGE_PRIORITY
262.0,luxury_house,5.5875482541547505,18.0,6.504043686579079,11.49595631342092,0.0,12.412451745845251,Spring,CHARGE_PRIORITY
262.0,small_family,3.8913282484292013,6.5,6.5,0.0,0.0,2.6086717515707987,Spring,CHARGE_PRIORITY
263.0,apartment,4.06093681882066,3.6399999999999997,3.6399999999999997,0.0,0.0,-0.42093681882066064,Spring,CHARGE_PRIORITY
263.0,family_house,6.872354616465731,10.08,10.08,0.0,0.0,3.2076453835342678,Spring,CHARGE_PRIORITY
263.0,luxury_house,8.746633148229114,18.0,8.715972347289018,9.284027652710982,0.0,9.253366851770886,Spring,CHARGE_PRIORITY
263.0,small_family,6.0914052282309905,6.5,6.5,0.0,0.0,0.4085947717690096,Spring,CHARGE_PRIORITY
264.0,apartment,0.0,3.6399999999999997,2.5245671190580286,1.115432880941971,0.0,3.6399999999999997,Spring,CHARGE_PRIORITY
264.0,family_house,0.0,10.08,9.287147972448876,0.7928520275511234,0.0,10.08,Spring,CHARGE_PRIORITY
264.0,luxury_house,0.0,18.0,0.5874665711966103,17.41253342880339,0.0,18.0,Spring,CHARGE_PRIORITY
264.0,small_family,0.0,6.5,6.319841760708931,0.180158239291069,0.0,6.5,Spring,CHARGE_PRIORITY
265.0,apartment,1.0019396214659038,3.6399999999999997,2.612069924934721,1.027930075065279,0.0,2.638060378534096,Spring,CHARGE_PRIORITY
265.0,family_house,1.6955901286346067,10.08,8.186853729725115,1.8931462702748845,0.0,8.384409871365392,Spring,CHARGE_PRIORITY
265.0,luxury_house,2.158023800080408,18.0,1.942221420072367,16.057778579927632,0.0,15.841976199919593,Spring,CHARGE_PRIORITY
265.0,small_family,1.5029094321988559,6.5,5.754073016664094,0.7459269833359059,0.0,4.997090567801145,Spring,CHARGE_PRIORITY
266.0,apartment,1.5973747792161135,3.6399999999999997,2.7929374235748083,0.8470625764251914,0.0,2.042625220783886,Spring,CHARGE_PRIORITY
266.0,family_house,2.7032496263657304,10.08,7.697837362811492,2.3821626371885083,0.0,7.376750373634269,Spring,CHARGE_PRIORITY
266.0,luxury_house,3.440499524465475,18.0,3.096449572018927,14.903550427981074,0.0,14.559500475534524,Spring,CHARGE_PRIORITY
266.0,small_family,2.39606216882417,6.5,5.16352490828977,1.3364750917102297,0.0,4.10393783117583,Spring,CHARGE_PRIORITY
267.0,apartment,1.8544441736328539,3.6399999999999997,2.881922983180603,0.7580770168193967,0.0,1.7855558263671458,Spring,CHARGE_PRIORITY
267.0,family_house,3.1382901399940604,10.08,7.256289552956119,2.8237104470438807,0.0,6.94170986000594,Spring,CHARGE_PRIORITY
267.0,luxury_house,3.9941874509015314,18.0,3.594768705811378,14.40523129418862,0.0,14.005812549098469,Spring,CHARGE_PRIORITY
267.0,small_family,2.781666260449281,6.5,5.270307579816723,1.2296924201832762,0.0,3.718333739550719,Spring,CHARGE_PRIORITY
268.0,apartment,2.3065721411912685,3.6399999999999997,3.03842881810467,0.60157118189533,0.0,1.3334278588087312,Spring,CHARGE_PRIORITY
268.0,family_house,3.9034297774006084,10.08,6.153238134653439,3.9267618653465615,0.0,6.176570222599391,Spring,CHARGE_PRIORITY
268.0,luxury_house,4.968001534873501,18.0,4.471201381386152,13.52879861861385,0.0,13.031998465126499,Spring,CHARGE_PRIORITY
268.0,small_family,3.4598582117869032,6.5,5.458114581725604,1.0418854182743962,0.0,3.0401417882130968,Spring,CHARGE_PRIORITY
269.0,apartment,2.28119982283086,3.6399999999999997,3.0296460925183744,0.6103539074816254,0.0,1.3588001771691398,Spring,CHARGE_PRIORITY
269.0,family_house,3.8604920078676095,10.08,5.450418805329846,4.629581194670154,0.0,6.21950799213239,Spring,CHARGE_PRIORITY
269.0,luxury_house,4.913353464558775,18.0,4.422018118102898,13.577981881897102,0.0,13.086646535441226,Spring,CHARGE_PRIORITY
269.0,small_family,3.4217997342462896,6.5,5.070603302524957,1.4293966974750425,0.0,3.0782002657537104,Spring,CHARGE_PRIORITY
270.0,apartment,10.977742702446257,3.6399999999999997,3.6399999999999997,0.0,0.0,-7.337742702446256,Spring,CHARGE_PRIORITY
270.0,family_house,18.57771841952443,10.08,10.08,0.0,0.0,-8.497718419524432,Spring,CHARGE_PRIORITY
270.0,luxury_house,23.644368897576552,18.0,18.0,0.0,0.0,-5.644368897576552,Spring,CHARGE_PRIORITY
270.0,small_family,16.46661405366938,6.5,6.5,0.0,0.0,-9.966614053669383,Spring,CHARGE_PRIORITY
271.0,apartment,12.309726067316202,3.6399999999999997,3.6399999999999997,0.0,0.0,-8.669726067316201,Spring,CHARGE_PRIORITY
271.0,family_house,20.831844113919722,10.08,10.08,0.0,0.0,-10.751844113919724,Spring,CHARGE_PRIORITY
271.0,luxury_house,26.51325614498874,18.0,18.0,0.0,0.0,-8.513256144988741,Spring,CHARGE_PRIORITY
271.0,small_family,18.4645891009743,6.5,6.5,0.0,0.0,-11.964589100974301,Spring,CHARGE_PRIORITY
272.0,apartment,12.881552773284454,3.6399999999999997,3.6399999999999997,0.0,0.0,-9.241552773284454,Spring,CHARGE_PRIORITY
272.0,family_house,21.79955084709677,10.08,10.08,0.0,0.0,-11.719550847096773,Spring,CHARGE_PRIORITY
272.0,luxury_house,27.74488289630498,18.0,18.0,0.0,0.0,-9.744882896304981,Spring,CHARGE_PRIORITY
272.0,small_family,19.322329159926685,6.5,6.5,0.0,0.0,-12.822329159926683,Spring,CHARGE_PRIORITY
273.0,apartment,13.510757854521152,3.6399999999999997,3.6399999999999997,0.0,0.0,-9.870757854521152,Spring,CHARGE_PRIORITY
273.0,family_house,22.864359446112715,10.08,10.08,0.0,0.0,-12.784359446112719,Spring,CHARGE_PRIORITY
273.0,luxury_house,29.100093840507096,18.0,18.0,0.0,0.0,-11.100093840507096,Spring,CHARGE_PRIORITY
273.0,small_family,20.266136781781725,6.5,6.5,0.0,0.0,-13.766136781781727,Spring,CHARGE_PRIORITY
274.0,apartment,14.500539164683742,3.6399999999999997,3.6399999999999997,0.0,0.0,-10.860539164683741,Spring,CHARGE_PRIORITY
274.0,family_house,24.539373971003258,10.08,10.08,0.0,0.0,-14.459373971003258,Spring,CHARGE_PRIORITY
274.0,luxury_house,31.231930508549603,18.0,18.0,0.0,0.0,-13.2319305085496,Spring,CHARGE_PRIORITY
274.0,small_family,21.750808747025612,6.5,6.5,0.0,0.0,-15.250808747025612,Spring,CHARGE_PRIORITY
275.0,apartment,15.441609688588544,3.6399999999999997,3.6399999999999997,0.0,0.0,-11.801609688588544,Spring,CHARGE_PRIORITY
275.0,family_house,26.131954857611383,10.08,10.08,0.0,0.0,-16.051954857611385,Spring,CHARGE_PRIORITY
275.0,luxury_house,33.25885163695994,18.0,18.0,0.0,0.0,-15.25885163695994,Spring,CHARGE_PRIORITY
275.0,small_family,23.162414532882813,6.5,6.5,0.0,0.0,-16.662414532882813,Spring,CHARGE_PRIORITY
276.0,apartment,16.1602716413583,3.6399999999999997,3.6399999999999997,0.0,0.8486711284235235,-12.520271641358299,Spring,CHARGE_PRIORITY
276.0,family_house,27.348152008452512,10.08,10.08,0.0,0.0,-17.268152008452514,Spring,CHARGE_PRIORITY
276.0,luxury_house,34.80673891984865,18.0,18.0,0.0,0.0,-16.806738919848648,Spring,CHARGE_PRIORITY
276.0,small_family,24.240407462037453,6.5,6.5,0.0,0.039840093771262186,-17.740407462037453,Spring,CHARGE_PRIORITY
277.0,apartment,16.95417480389837,3.6399999999999997,3.6399999999999997,0.0,1.3322749577416122,-13.31417480389837,Spring,CHARGE_PRIORITY
277.0,family_house,28.691680437366472,10.08,10.08,0.0,0.0,-18.611680437366473,Spring,CHARGE_PRIORITY
277.0,luxury_house,36.516684193011876,18.0,18.0,0.0,0.0,-18.516684193011876,Spring,CHARGE_PRIORITY
277.0,small_family,25.431262205847556,6.5,6.5,0.0,2.253618506834395,-18.931262205847556,Spring,CHARGE_PRIORITY
278.0,apartment,17.686345660118185,3.6399999999999997,3.6399999999999997,0.0,4.534791378147732,-14.046345660118186,Spring,CHARGE_PRIORITY
278.0,family_house,29.93073880943078,10.08,10.08,0.0,0.0,-19.85073880943078,Spring,CHARGE_PRIORITY
278.0,luxury_house,38.093667575639174,18.0,18.0,0.0,0.0,-20.093667575639174,Spring,CHARGE_PRIORITY
278.0,small_family,26.529518490177278,6.5,6.5,0.0,7.875493007848564,-20.029518490177278,Spring,CHARGE_PRIORITY
279.0,apartment,17.944988507842652,3.6399999999999997,3.6399999999999997,0.0,7.174306376035575,-14.30498850784265,Spring,CHARGE_PRIORITY
279.0,family_house,30.368442090195252,10.08,10.08,0.0,0.11383826627433413,-20.288442090195254,Spring,CHARGE_PRIORITY
279.0,luxury_house,38.65074447843032,18.0,18.0,0.0,0.0,-20.65074447843032,Spring,CHARGE_PRIORITY
279.0,small_family,26.917482761763974,6.5,6.5,0.0,17.506852410951293,-20.417482761763974,Spring,CHARGE_PRIORITY
280.0,apartment,14.096974862257843,3.6399999999999997,3.6399999999999997,0.0,9.902309610785203,-10.456974862257843,Spring,CHARGE_PRIORITY
280.0,family_house,23.85641899766712,10.08,10.08,0.0,1.7089569547046075,-13.776418997667124,Spring,CHARGE_PRIORITY
280.0,luxury_house,30.36271508793997,18.0,18.0,0.0,0.0,-12.362715087939971,Spring,CHARGE_PRIORITY
280.0,small_family,21.145462293386768,6.5,6.5,0.0,14.645462293386768,-14.645462293386768,Spring,CHARGE_PRIORITY
281.0,apartment,11.229848601869673,3.6399999999999997,3.6399999999999997,0.0,7.589848601869672,-7.589848601869672,Spring,CHARGE_PRIORITY
281.0,family_house,19.004359172394828,10.08,10.08,0.0,2.042125340596559,-8.92435917239483,Spring,CHARGE_PRIORITY
281.0,luxury_house,24.1873662194116,18.0,18.0,0.0,0.0,-6.187366219411601,Spring,CHARGE_PRIORITY
281.0,small_family,16.84477290280451,6.5,6.5,0.0,10.344772902804511,-10.344772902804511,Spring,CHARGE_PRIORITY
282.0,apartment,9.580279938334789,21.912889764563857,21.912889764563857,0.0,0.5002053078082651,12.332609826229069,Spring,CHARGE_PRIORITY
282.0,family_house,16.212781434105025,26.565550664037865,26.565550664037865,0.0,0.4712579285370645,10.35276922993284,Spring,CHARGE_PRIORITY
282.0,luxury_house,20.63444909795185,35.38105900978508,35.38105900978508,0.0,0.0,14.746609911833232,Spring,CHARGE_PRIORITY
282.0,small_family,14.370419907502184,25.958641525922676,25.958641525922676,0.0,0.75033308167934,11.588221618420494,Spring,CHARGE_PRIORITY
283.0,apartment,0.1610323546856529,22.735327848956466,22.735327848956466,0.0,0.0,22.574295494270814,Spring,CHARGE_PRIORITY
283.0,family_house,0.2725162925449511,32.85882934729312,32.85882934729312,0.0,0.0,32.58631305474817,Spring,CHARGE_PRIORITY
283.0,luxury_house,0.3468389177844832,41.008270139158945,41.008270139158945,0.0,0.0,40.661431221374464,Spring,CHARGE_PRIORITY
283.0,small_family,0.2415485320284794,27.247755581041005,27.247755581041005,0.0,0.0,27.00620704901253,Spring,CHARGE_PRIORITY
284.0,apartment,0.2184769915432354,22.914205940936508,22.914205940936508,0.0,0.0,22.695728949393274,Spring,CHARGE_PRIORITY
284.0,family_house,0.3697302933808599,34.28976896075681,34.28976896075681,0.0,0.0,33.92003866737595,Spring,CHARGE_PRIORITY
284.0,luxury_house,0.4705658279392762,37.46234058887105,37.38731753896789,0.07502304990315878,0.0,36.991774760931776,Spring,CHARGE_PRIORITY
284.0,small_family,0.3277154873148531,24.65610455775413,24.65610455775413,0.0,0.0,24.328389070439275,Spring,CHARGE_PRIORITY
285.0,apartment,0.9446675886815448,19.160508075659315,18.907640010368883,0.2528680652904318,0.0,18.21584048697777,Spring,CHARGE_PRIORITY
285.0,family_house,1.5986682269995371,37.89807893860753,36.77847812564443,1.1196008129631,0.0,36.29941071160799,Spring,CHARGE_PRIORITY
285.0,luxury_house,2.034668652544865,40.68357191506701,24.92392624865987,15.75964566640714,0.0,38.64890326252215,Spring,CHARGE_PRIORITY
285.0,small_family,1.4170013830223172,29.86264962229868,28.63446694791187,1.228182674386808,0.0,28.44564823927636,Spring,CHARGE_PRIORITY
286.0,apartment,2.597569490291833,3.6399999999999997,3.439663467886561,0.20033653211343855,0.0,1.042430509708167,Spring,CHARGE_PRIORITY
286.0,family_house,4.39588682972464,10.08,9.477125444927225,0.6028745550727754,0.0,5.68411317027536,Spring,CHARGE_PRIORITY
286.0,luxury_house,5.594765056013178,18.0,6.115681171210871,11.88431882878913,0.0,12.405234943986823,Spring,CHARGE_PRIORITY
286.0,small_family,3.8963542354377494,6.5,6.269747600914921,0.23025239908507888,0.0,2.6036457645622506,Spring,CHARGE_PRIORITY
287.0,apartment,5.52571315126004,3.6399999999999997,3.6399999999999997,0.0,0.0,-1.8857131512600405,Spring,CHARGE_PRIORITY
287.0,family_house,9.351206871363145,10.08,9.802681030704472,0.27731896929552824,0.0,0.7287931286368545,Spring,CHARGE_PRIORITY
287.0,luxury_house,11.901536018098549,18.0,11.318767214931302,6.681232785068698,0.0,6.0984639819014514,Spring,CHARGE_PRIORITY
287.0,small_family,8.28856972689006,6.5,6.5,0.0,0.0,-1.7885697268900598,Spring,CHARGE_PRIORITY
288.0,apartment,0.0,3.6399999999999997,3.2850987440206207,0.35490125597937905,0.0,3.6399999999999997,Spring,CHARGE_PRIORITY
288.0,family_house,0.0,10.08,8.192214665578529,1.88778533442147,0.0,10.08,Spring,CHARGE_PRIORITY
288.0,luxury_house,0.0,18.0,1.449690249836644,16.550309750163358,0.0,18.0,Spring,CHARGE_PRIORITY
288.0,small_family,0.0,6.5,6.031804462192084,0.46819553780791595,0.0,6.5,Spring,CHARGE_PRIORITY
289.0,apartment,2.8552671993717493,3.6399999999999997,3.4753446891437805,0.16465531085621926,0.0,0.7847328006282501,Spring,CHARGE_PRIORITY
289.0,family_house,4.831990645090653,10.08,8.169597193527196,1.910402806472804,0.0,5.248009354909347,Spring,CHARGE_PRIORITY
289.0,luxury_house,6.149806275569922,18.0,5.534825648012929,12.46517435198707,0.0,11.850193724430078,Spring,CHARGE_PRIORITY
289.0,small_family,4.282900799057624,6.5,6.088971318811346,0.41102868118865354,0.0,2.217099200942376,Spring,CHARGE_PRIORITY
290.0,apartment,3.022159616309004,3.6399999999999997,3.4984528699504773,0.14154713004952246,0.0,0.6178403836909957,Spring,CHARGE_PRIORITY
290.0,family_house,5.114423966061391,10.08,8.254327189818417,1.8256728101815827,0.0,4.965576033938609,Spring,CHARGE_PRIORITY
290.0,luxury_house,6.509266865896316,18.0,5.858340179306684,12.141659820693317,0.0,11.490733134103685,Spring,CHARGE_PRIORITY
290.0,small_family,4.533239424463506,6.5,5.941518957388574,0.5584810426114257,0.0,1.9667605755364939,Spring,CHARGE_PRIORITY
291.0,apartment,3.2104127952962145,3.6399999999999997,3.5245186947333216,0.11548130526667799,0.0,0.4295872047037853,Spring,CHARGE_PRIORITY
291.0,family_house,5.433006268962824,10.08,7.876203326256259,2.2037966737437413,0.0,4.646993731037176,Spring,CHARGE_PRIORITY
291.0,luxury_house,6.91473525140723,18.0,6.223261726266507,11.776738273733493,0.0,11.08526474859277,Spring,CHARGE_PRIORITY
291.0,small_family,4.815619192944322,6.5,6.000167063149974,0.4998329368500256,0.0,1.6843808070556783,Spring,CHARGE_PRIORITY
292.0,apartment,3.3042926940227666,3.6399999999999997,3.5375174499416135,0.10248255005838613,0.0,0.3357073059772329,Spring,CHARGE_PRIORITY
292.0,family_house,5.591879943730836,10.08,7.154133872537379,2.925866127462621,0.0,4.488120056269164,Spring,CHARGE_PRIORITY
292.0,luxury_house,7.116938110202883,18.0,6.405244299182593,11.594755700817407,0.0,10.883061889797117,Spring,CHARGE_PRIORITY
292.0,small_family,4.95643904103415,6.5,5.888621807909001,0.611378192090999,0.0,1.5435609589658499,Spring,CHARGE_PRIORITY
293.0,apartment,3.206478350224968,3.6399999999999997,3.5239739254157643,0.1160260745842352,0.0,0.4335216497750316,Spring,CHARGE_PRIORITY
293.0,family_house,5.426347977303792,10.08,6.615808786382275,3.4641912136177244,0.0,4.653652022696207,Spring,CHARGE_PRIORITY
293.0,luxury_house,6.906261062023009,18.0,6.215634955820708,11.784365044179292,0.0,11.09373893797699,Spring,CHARGE_PRIORITY
293.0,small_family,4.809717525337452,6.5,5.831921776247294,0.6680782237527059,0.0,1.6902824746625482,Spring,CHARGE_PRIORITY
294.0,apartment,11.756745272791363,3.6399999999999997,3.6399999999999997,0.0,0.0,-8.116745272791364,Spring,CHARGE_PRIORITY
294.0,family_house,19.896030461646923,10.08,10.08,0.0,0.0,-9.816030461646921,Spring,CHARGE_PRIORITY
294.0,luxury_house,25.322220587550625,18.0,18.0,0.0,0.0,-7.3222205875506265,Spring,CHARGE_PRIORITY
294.0,small_family,17.635117909187045,6.5,6.5,0.0,0.0,-11.135117909187045,Spring,CHARGE_PRIORITY
295.0,apartment,11.699532410794186,3.6399999999999997,3.6399999999999997,0.0,0.0,-8.059532410794185,Spring,CHARGE_PRIORITY
295.0,family_house,19.79920869519016,10.08,10.08,0.0,0.0,-9.719208695190162,Spring,CHARGE_PRIORITY
295.0,luxury_house,25.19899288478748,18.0,18.0,0.0,0.0,-7.198992884787479,Spring,CHARGE_PRIORITY
295.0,small_family,17.549298616191276,6.5,6.5,0.0,0.0,-11.049298616191276,Spring,CHARGE_PRIORITY
296.0,apartment,11.871908443027042,3.6399999999999997,3.6399999999999997,0.0,0.0,-8.231908443027041,Spring,CHARGE_PRIORITY
296.0,family_house,20.090921980507304,10.08,10.08,0.0,0.0,-10.010921980507302,Spring,CHARGE_PRIORITY
296.0,luxury_house,25.57026433882747,18.0,18.0,0.0,0.0,-7.570264338827473,Spring,CHARGE_PRIORITY
296.0,small_family,17.807862664540565,6.5,6.5,0.0,0.0,-11.307862664540563,Spring,CHARGE_PRIORITY
297.0,apartment,12.500636058793498,3.6399999999999997,3.6399999999999997,0.0,0.0,-8.860636058793498,Spring,CHARGE_PRIORITY
297.0,family_house,21.15492256103515,10.08,10.08,0.0,0.0,-11.074922561035152,Spring,CHARGE_PRIORITY
297.0,luxury_house,26.92444689586292,18.0,18.0,0.0,0.0,-8.924446895862921,Spring,CHARGE_PRIORITY
297.0,small_family,18.750954088190245,6.5,6.5,0.0,0.0,-12.250954088190245,Spring,CHARGE_PRIORITY
298.0,apartment,13.350402647179939,3.6399999999999997,3.6399999999999997,0.0,0.0,-9.710402647179938,Spring,CHARGE_PRIORITY
298.0,family_house,22.592989095227587,10.08,10.08,0.0,0.0,-12.51298909522759,Spring,CHARGE_PRIORITY
298.0,luxury_house,28.754713393926018,18.0,18.0,0.0,0.0,-10.75471339392602,Spring,CHARGE_PRIORITY
298.0,small_family,20.025603970769907,6.5,6.5,0.0,0.0,-13.52560397076991,Spring,CHARGE_PRIORITY
299.0,apartment,14.238131897478178,3.6399999999999997,3.6399999999999997,0.0,0.3684294770454107,-10.598131897478178,Spring,CHARGE_PRIORITY
299.0,family_house,24.095300134193838,10.08,10.08,0.0,0.0,-14.01530013419384,Spring,CHARGE_PRIORITY
299.0,luxury_house,30.66674562533761,18.0,18.0,0.0,0.0,-12.66674562533761,Spring,CHARGE_PRIORITY
299.0,small_family,21.357197846217268,6.5,6.5,0.0,0.0,-14.857197846217266,Spring,CHARGE_PRIORITY
300.0,apartment,15.144319115149127,3.6399999999999997,3.6399999999999997,0.0,0.8849476242422405,-11.504319115149126,Spring,CHARGE_PRIORITY
300.0,family_house,25.62884773332929,10.08,10.08,0.0,0.0,-15.548847733329293,Spring,CHARGE_PRIORITY
300.0,luxury_house,32.61853347878274,18.0,18.0,0.0,0.0,-14.618533478782735,Spring,CHARGE_PRIORITY
300.0,small_family,22.716478672723692,6.5,6.5,0.0,0.0,-16.216478672723692,Spring,CHARGE_PRIORITY
301.0,apartment,16.058656110264494,3.6399999999999997,3.6399999999999997,0.0,0.9552812392511147,-12.418656110264491,Spring,CHARGE_PRIORITY
301.0,family_house,27.176187263524525,10.08,10.08,0.0,0.0,-17.096187263524527,Spring,CHARGE_PRIORITY
301.0,luxury_house,34.58787469903121,18.0,18.0,0.0,0.0,-16.58787469903121,Spring,CHARGE_PRIORITY
301.0,small_family,24.08798416539674,6.5,6.5,0.0,1.6948092146495357,-17.58798416539674,Spring,CHARGE_PRIORITY
302.0,apartment,17.062816458007006,3.6399999999999997,3.6399999999999997,0.0,2.6839268940215053,-13.422816458007008,Spring,CHARGE_PRIORITY
302.0,family_house,28.875535544319547,10.08,10.08,0.0,0.0,-18.79553554431955,Spring,CHARGE_PRIORITY
302.0,luxury_house,36.750681601861245,18.0,18.0,0.0,0.0,-18.750681601861245,Spring,CHARGE_PRIORITY
302.0,small_family,25.59422468701051,6.5,6.5,0.0,5.592496291392882,-19.09422468701051,Spring,CHARGE_PRIORITY
303.0,apartment,17.45225813698923,3.6399999999999997,3.6399999999999997,0.0,5.7982785568931465,-13.812258136989229,Spring,CHARGE_PRIORITY
303.0,family_house,29.534590693366386,10.08,10.08,0.0,0.0,-19.454590693366388,Spring,CHARGE_PRIORITY
303.0,luxury_house,37.5894790642845,18.0,18.0,0.0,0.0,-19.589479064284497,Spring,CHARGE_PRIORITY
303.0,small_family,26.178387205483848,6.5,6.5,0.0,13.934592004580907,-19.678387205483848,Spring,CHARGE_PRIORITY
304.0,apartment,13.619240688570123,3.6399999999999997,3.6399999999999997,0.0,8.595002211467554,-9.979240688570123,Spring,CHARGE_PRIORITY
304.0,family_house,23.047945780657134,10.08,10.08,0.0,0.0,-12.967945780657134,Spring,CHARGE_PRIORITY
304.0,luxury_house,29.333749175381804,18.0,18.0,0.0,0.0,-11.333749175381806,Spring,CHARGE_PRIORITY
304.0,small_family,20.42886103285519,6.5,6.5,0.0,13.928861032855187,-13.928861032855187,Spring,CHARGE_PRIORITY
305.0,apartment,10.582636277747627,3.6399999999999997,3.6399999999999997,0.0,6.942636277747628,-6.942636277747628,Spring,CHARGE_PRIORITY
305.0,family_house,17.909076777726753,10.08,10.08,0.0,0.0,-7.829076777726753,Spring,CHARGE_PRIORITY
305.0,luxury_house,22.793370444379505,18.0,18.0,0.0,0.0,-4.793370444379503,Spring,CHARGE_PRIORITY
305.0,small_family,15.87395441662144,6.5,6.5,0.0,9.37395441662144,-9.37395441662144,Spring,CHARGE_PRIORITY
306.0,apartment,8.819490976588718,23.605156885773216,23.605156885773216,0.0,0.4828235259064191,14.7856659091845,Spring,CHARGE_PRIORITY
306.0,family_house,14.92529242191937,31.674281519351155,31.674281519351155,0.0,0.0,16.748989097431785,Spring,CHARGE_PRIORITY
306.0,luxury_house,18.99582671880647,34.65807505351018,34.65807505351018,0.0,0.0,15.662248334703712,Spring,CHARGE_PRIORITY
306.0,small_family,13.229236464883076,31.340041136098396,31.340041136098396,0.0,0.0,18.11080467121532,Spring,CHARGE_PRIORITY
307.0,apartment,0.0,24.727770631366663,24.727770631366663,0.0,0.0,24.727770631366663,Spring,CHARGE_PRIORITY
307.0,family_house,0.0,25.983019986386626,25.983019986386626,0.0,0.0,25.983019986386626,Spring,CHARGE_PRIORITY
307.0,luxury_house,0.0,37.20210371150107,37.20210371150107,0.0,0.0,37.20210371150107,Spring,CHARGE_PRIORITY
307.0,small_family,0.0,23.154123250808464,23.154123250808464,0.0,0.0,23.154123250808464,Spring,CHARGE_PRIORITY
308.0,apartment,0.0,18.69749129343743,18.587233533050064,0.11025776038736756,0.0,18.69749129343743,Spring,CHARGE_PRIORITY
308.0,family_house,0.0,26.367902940753932,26.367902940753932,0.0,0.0,26.367902940753932,Spring,CHARGE_PRIORITY
308.0,luxury_house,0.0,34.60442092662536,32.115918913005586,2.4885020136197715,0.0,34.60442092662536,Spring,CHARGE_PRIORITY
308.0,small_family,0.0,27.666644574448252,27.666644574448252,0.0,0.0,27.666644574448252,Spring,CHARGE_PRIORITY
309.0,apartment,0.6027641617756561,27.032723139025023,24.37751151512314,2.655211623901881,0.0,26.429958977249367,Spring,CHARGE_PRIORITY
309.0,family_house,1.0200624276203412,27.742078014617793,27.61571227350228,0.12636574111551258,0.0,26.72201558699745,Spring,CHARGE_PRIORITY
309.0,luxury_house,1.2982612715167976,42.04131570178508,18.20817172193239,23.83314397985269,0.0,40.74305443026828,Spring,CHARGE_PRIORITY
309.0,small_family,0.9041462426634841,25.9064963397849,24.75204704843598,1.154449291348922,0.0,25.00235009712142,Spring,CHARGE_PRIORITY
310.0,apartment,2.259039164756756,3.6399999999999997,3.269185057295634,0.370814942704366,0.0,1.3809608352432436,Spring,CHARGE_PRIORITY
310.0,family_house,3.8229893557422026,10.08,9.526724201680665,0.5532757983193348,0.0,6.2570106442577975,Spring,CHARGE_PRIORITY
310.0,luxury_house,4.865622816399167,18.0,4.9594352971127575,13.040564702887243,0.0,13.134377183600833,Spring,CHARGE_PRIORITY
310.0,small_family,3.388558747135134,6.5,6.234592528647817,0.265407471352183,0.0,3.111441252864866,Spring,CHARGE_PRIORITY
311.0,apartment,5.189922675844596,3.6399999999999997,3.6399999999999997,0.0,0.0,-1.5499226758445965,Spring,CHARGE_PRIORITY
311.0,family_house,8.782946066813931,10.08,9.898720955011044,0.1812790449889552,0.0,1.2970539331860689,Spring,CHARGE_PRIORITY
311.0,luxury_house,11.178294994126823,18.0,10.060465494714139,7.939534505285861,0.0,6.821705005873178,Spring,CHARGE_PRIORITY
311.0,small_family,7.784884013766893,6.5,6.5,0.0,0.0,-1.2848840137668933,Spring,CHARGE_PRIORITY
312.0,apartment,0.0,3.6399999999999997,3.0379070172908005,0.6020929827091992,0.0,3.6399999999999997,Spring,CHARGE_PRIORITY
312.0,family_house,0.0,10.08,9.09126606393188,0.9887339360681207,0.0,10.08,Spring,CHARGE_PRIORITY
312.0,luxury_house,0.0,18.0,0.0,18.0,0.0,18.0,Spring,CHARGE_PRIORITY
312.0,small_family,0.0,6.5,5.978216136332724,0.5217838636672756,0.0,6.5,Spring,CHARGE_PRIORITY
313.0,apartment,1.2431377707374147,3.6399999999999997,3.0191360054707275,0.6208639945292723,0.0,2.396862229262585,Spring,CHARGE_PRIORITY
313.0,family_house,2.1037716120171637,10.08,8.6754081408768,1.4045918591232007,0.0,7.976228387982836,Spring,CHARGE_PRIORITY
313.0,luxury_house,2.6775275062036625,18.0,2.4097747555832965,15.590225244416704,0.0,15.322472493796338,Spring,CHARGE_PRIORITY
313.0,small_family,1.864706656106122,6.5,5.188816689274219,1.3111833107257813,0.0,4.635293343893878,Spring,CHARGE_PRIORITY
314.0,apartment,2.9544247048148167,3.6399999999999997,3.338148379794872,0.30185162020512757,0.0,0.685575295185183,Spring,CHARGE_PRIORITY
314.0,family_house,4.999795654301996,10.08,8.404228354264708,1.6757716457352922,0.0,5.080204345698003,Spring,CHARGE_PRIORITY
314.0,luxury_house,6.363376287293451,18.0,5.727038658564105,12.272961341435893,0.0,11.636623712706548,Spring,CHARGE_PRIORITY
314.0,small_family,4.431637057222225,6.5,5.4486463082902885,1.0513536917097115,0.0,2.0683629427777754,Spring,CHARGE_PRIORITY
315.0,apartment,1.767902451099369,3.6399999999999997,3.0095729864582865,0.6304270135417132,0.0,1.8720975489006306,Spring,CHARGE_PRIORITY
315.0,family_house,2.991834917245086,10.08,6.296360054948915,3.7836399450510854,0.0,7.088165082754914,Spring,CHARGE_PRIORITY
315.0,luxury_house,3.8077898946755644,18.0,3.427010905208008,14.572989094791993,0.0,14.192210105324435,Spring,CHARGE_PRIORITY
315.0,small_family,2.6518536766490532,6.5,4.601539219531145,1.8984607804688547,0.0,3.8481463233509468,Spring,CHARGE_PRIORITY
316.0,apartment,1.9588060610464686,3.6399999999999997,2.977279687864326,0.6627203121356733,0.0,1.681193938953531,Spring,CHARGE_PRIORITY
316.0,family_house,3.31490256484787,10.08,5.298542203383369,4.781457796616631,0.0,6.76509743515213,Spring,CHARGE_PRIORITY
316.0,luxury_house,4.218966900715471,18.0,3.7970702106439234,14.202929789356077,0.0,13.781033099284528,Spring,CHARGE_PRIORITY
316.0,small_family,2.9382090915697026,6.5,4.352734275156886,2.1472657248431144,0.0,3.5617909084302974,Spring,CHARGE_PRIORITY
317.0,apartment,2.6111184789891544,3.6399999999999997,3.1438487042654764,0.49615129573452343,0.0,1.0288815210108453,Spring,CHARGE_PRIORITY
317.0,family_house,4.418815887520108,10.08,5.502700724076072,4.577299275923927,0.0,5.6611841124798925,Spring,CHARGE_PRIORITY
317.0,luxury_house,5.6239474932074085,18.0,5.0615527438866685,12.938447256113331,0.0,12.37605250679259,Spring,CHARGE_PRIORITY
317.0,small_family,3.9166777184837316,6.5,4.669236890237144,1.8307631097628563,0.0,2.5833222815162684,Spring,CHARGE_PRIORITY
318.0,apartment,10.716414191140196,3.6399999999999997,3.6399999999999997,0.0,0.0,-7.076414191140196,Spring,CHARGE_PRIORITY
318.0,family_house,18.13547016962187,10.08,10.08,0.0,0.0,-8.055470169621868,Spring,CHARGE_PRIORITY
318.0,luxury_house,23.08150748860965,18.0,18.0,0.0,0.0,-5.081507488609649,Spring,CHARGE_PRIORITY
318.0,small_family,16.074621286710293,6.5,6.5,0.0,0.0,-9.574621286710293,Spring,CHARGE_PRIORITY
319.0,apartment,10.777613200620202,3.6399999999999997,3.6399999999999997,0.0,0.0,-7.137613200620202,Spring,CHARGE_PRIORITY
319.0,family_house,18.239037724126497,10.08,10.08,0.0,0.0,-8.159037724126497,Spring,CHARGE_PRIORITY
319.0,luxury_house,23.21332073979736,18.0,18.0,0.0,0.0,-5.213320739797359,Spring,CHARGE_PRIORITY
319.0,small_family,16.166419800930303,6.5,6.5,0.0,0.0,-9.666419800930303,Spring,CHARGE_PRIORITY
320.0,apartment,11.813918834705925,3.6399999999999997,3.6399999999999997,0.0,0.0,-8.173918834705926,Spring,CHARGE_PRIORITY
320.0,family_house,19.992785720271566,10.08,10.08,0.0,0.0,-9.912785720271568,Spring,CHARGE_PRIORITY
320.0,luxury_house,25.445363643981995,18.0,18.0,0.0,0.0,-7.445363643981995,Spring,CHARGE_PRIORITY
320.0,small_family,17.72087825205889,6.5,6.5,0.0,0.0,-11.220878252058888,Spring,CHARGE_PRIORITY
321.0,apartment,11.744481358573669,3.6399999999999997,3.6399999999999997,0.0,0.0,-8.104481358573668,Spring,CHARGE_PRIORITY
321.0,family_house,19.87527614527852,10.08,10.08,0.0,0.0,-9.79527614527852,Spring,CHARGE_PRIORITY
321.0,luxury_house,25.29580600308175,18.0,18.0,0.0,0.0,-7.295806003081749,Spring,CHARGE_PRIORITY
321.0,small_family,17.616722037860505,6.5,6.5,0.0,0.0,-11.116722037860505,Spring,CHARGE_PRIORITY
322.0,apartment,12.52201433575054,3.6399999999999997,3.6399999999999997,0.0,0.0,-8.88201433575054,Spring,CHARGE_PRIORITY
322.0,family_house,21.191101183577842,10.08,10.08,0.0,0.0,-11.11110118357784,Spring,CHARGE_PRIORITY
322.0,luxury_house,26.970492415462704,18.0,18.0,0.0,0.0,-8.970492415462704,Spring,CHARGE_PRIORITY
322.0,small_family,18.78302150362581,6.5,6.5,0.0,0.0,-12.283021503625813,Spring,CHARGE_PRIORITY
323.0,apartment,15.006371496172907,3.6399999999999997,3.6399999999999997,0.0,0.0,-11.366371496172906,Spring,CHARGE_PRIORITY
323.0,family_house,25.395397916600302,10.08,10.08,0.0,0.0,-15.315397916600306,Spring,CHARGE_PRIORITY
323.0,luxury_house,32.32141553021857,18.0,18.0,0.0,0.0,-14.321415530218571,Spring,CHARGE_PRIORITY
323.0,small_family,22.50955724425936,6.5,6.5,0.0,0.0,-16.00955724425936,Spring,CHARGE_PRIORITY
324.0,apartment,14.416077907157433,3.6399999999999997,3.6399999999999997,0.0,0.0,-10.776077907157433,Spring,CHARGE_PRIORITY
324.0,family_house,24.396439535189497,10.08,10.08,0.0,0.0,-14.316439535189499,Spring,CHARGE_PRIORITY
324.0,luxury_house,31.050013953877546,18.0,18.0,0.0,0.0,-13.050013953877546,Spring,CHARGE_PRIORITY
324.0,small_family,21.624116860736144,6.5,6.5,0.0,0.0,-15.124116860736146,Spring,CHARGE_PRIORITY
325.0,apartment,16.632344114270765,3.6399999999999997,3.6399999999999997,0.0,0.0,-12.992344114270765,Spring,CHARGE_PRIORITY
325.0,family_house,28.147043885688987,10.08,10.08,0.0,0.0,-18.06704388568899,Spring,CHARGE_PRIORITY
325.0,luxury_house,35.8235103999678,18.0,18.0,0.0,0.0,-17.8235103999678,Spring,CHARGE_PRIORITY
325.0,small_family,24.948516171406148,6.5,6.5,0.0,2.52157061475072,-18.448516171406148,Spring,CHARGE_PRIORITY
326.0,apartment,17.43410060480614,3.6399999999999997,3.6399999999999997,0.0,0.7140879864450802,-13.79410060480614,Spring,CHARGE_PRIORITY
326.0,family_house,29.503862561979616,10.08,10.08,0.0,0.0,-19.423862561979618,Spring,CHARGE_PRIORITY
326.0,luxury_house,37.550370533428605,18.0,18.0,0.0,0.0,-19.55037053342861,Spring,CHARGE_PRIORITY
326.0,small_family,26.151150907209207,6.5,6.5,0.0,4.53488097858674,-19.651150907209207,Spring,CHARGE_PRIORITY
327.0,apartment,17.73289539321216,3.6399999999999997,3.6399999999999997,0.0,2.1370569618162674,-14.09289539321216,Spring,CHARGE_PRIORITY
327.0,family_house,30.00951528082058,10.08,10.08,0.0,0.0,-19.92951528082058,Spring,CHARGE_PRIORITY
327.0,luxury_house,38.19392853922619,18.0,18.0,0.0,0.0,-20.193928539226192,Spring,CHARGE_PRIORITY
327.0,small_family,26.59934308981824,6.5,6.5,0.0,6.22432564425358,-20.09934308981824,Spring,CHARGE_PRIORITY
328.0,apartment,13.867699817493078,3.6399999999999997,3.6399999999999997,0.0,4.437652165873829,-10.227699817493077,Spring,CHARGE_PRIORITY
328.0,family_house,23.468415075757513,10.08,10.08,0.0,0.0,-13.388415075757516,Spring,CHARGE_PRIORITY
328.0,luxury_house,29.868891914600475,18.0,18.0,0.0,0.0,-11.868891914600473,Spring,CHARGE_PRIORITY
328.0,small_family,20.801549726239614,6.5,6.5,0.0,14.070654146058516,-14.301549726239614,Spring,CHARGE_PRIORITY
329.0,apartment,10.510409517476173,3.6399999999999997,3.6399999999999997,0.0,6.423341678567945,-6.870409517476172,Spring,CHARGE_PRIORITY
329.0,family_house,17.786846875728905,10.08,10.08,0.0,0.0,-7.706846875728907,Spring,CHARGE_PRIORITY
329.0,luxury_house,22.637805114564063,18.0,18.0,0.0,0.0,-4.637805114564062,Spring,CHARGE_PRIORITY
329.0,small_family,15.765614276214258,6.5,6.5,0.0,9.265614276214258,-9.265614276214258,Spring,CHARGE_PRIORITY
330.0,apartment,8.806182697440633,23.623544675165643,23.623544675165643,0.0,0.11192687261131451,14.817361977725009,Spring,CHARGE_PRIORITY
330.0,family_house,14.902770718745689,30.11268212389538,30.11268212389538,0.0,0.0,15.209911405149692,Spring,CHARGE_PRIORITY
330.0,luxury_house,18.96716273294906,35.40198238729323,35.40198238729323,0.0,0.0,16.43481965434417,Spring,CHARGE_PRIORITY
330.0,small_family,13.209274046160951,28.119337051290948,28.119337051290948,0.0,0.5226412865480594,14.910063005129997,Spring,CHARGE_PRIORITY
331.0,apartment,0.0,23.529081095605445,23.529081095605445,0.0,0.0,23.529081095605445,Spring,CHARGE_PRIORITY
331.0,family_house,0.0,29.85207645862292,29.85207645862292,0.0,0.0,29.85207645862292,Spring,CHARGE_PRIORITY
331.0,luxury_house,0.0,34.24165644749118,34.24165644749118,0.0,0.0,34.24165644749118,Spring,CHARGE_PRIORITY
331.0,small_family,0.0,19.992719948083366,19.992719948083366,0.0,0.0,19.992719948083366,Spring,CHARGE_PRIORITY
332.0,apartment,0.0,26.46386183800396,26.46386183800396,0.0,0.0,26.46386183800396,Spring,CHARGE_PRIORITY
332.0,family_house,0.0,27.695882615881796,27.695882615881796,0.0,0.0,27.695882615881796,Spring,CHARGE_PRIORITY
332.0,luxury_house,0.0,33.822347650028355,30.585437169427262,3.2369104806010975,0.0,33.822347650028355,Spring,CHARGE_PRIORITY
332.0,small_family,0.0,19.298559172397646,19.298559172397646,0.0,0.0,19.298559172397646,Spring,CHARGE_PRIORITY
333.0,apartment,0.0,22.545184505677128,18.591268821462208,3.9539156842149183,0.0,22.545184505677128,Spring,CHARGE_PRIORITY
333.0,family_house,0.0,23.805084851151427,23.805084851151427,0.0,0.0,23.805084851151427,Spring,CHARGE_PRIORITY
333.0,luxury_house,0.0,36.735291464706044,15.856676963433937,20.878614501272107,0.0,36.735291464706044,Spring,CHARGE_PRIORITY
333.0,small_family,0.0,21.054978118623275,21.02500026101095,0.029977857612329295,0.0,21.054978118623275,Spring,CHARGE_PRIORITY
334.0,apartment,5.267279181140559,3.6399999999999997,3.6399999999999997,0.0,0.0,-1.6272791811405594,Spring,CHARGE_PRIORITY
334.0,family_house,8.913857075776331,10.08,10.08,0.0,0.0,1.166142924223669,Spring,CHARGE_PRIORITY
334.0,luxury_house,11.344909005533513,18.0,10.859549929565148,7.140450070434853,0.0,6.655090994466488,Spring,CHARGE_PRIORITY
334.0,small_family,7.900918771710838,6.5,6.5,0.0,0.0,-1.4009187717108387,Spring,CHARGE_PRIORITY
335.0,apartment,8.784325483541428,3.6399999999999997,3.6399999999999997,0.0,0.0,-5.144325483541429,Spring,CHARGE_PRIORITY
335.0,family_house,14.86578158753165,10.08,10.08,0.0,0.0,-4.78578158753165,Spring,CHARGE_PRIORITY
335.0,luxury_house,18.92008565685846,18.0,17.10907066690823,0.890929333091768,0.0,-0.9200856568584621,Spring,CHARGE_PRIORITY
335.0,small_family,13.176488225312141,6.5,6.5,0.0,0.0,-6.676488225312141,Spring,CHARGE_PRIORITY
336.0,apartment,0.0,3.6399999999999997,3.6399999999999997,0.0,0.0,3.6399999999999997,Spring,CHARGE_PRIORITY
336.0,family_house,0.0,10.08,9.830212527078,0.24978747292199843,0.0,10.08,Spring,CHARGE_PRIORITY
336.0,luxury_house,0.0,18.0,0.5617517408229242,17.438248259177076,0.0,18.0,Spring,CHARGE_PRIORITY
336.0,small_family,0.0,6.5,6.459205099793898,0.0407949002061016,0.0,6.5,Spring,CHARGE_PRIORITY
337.0,apartment,0.1854789301822977,3.6399999999999997,2.9682212443760987,0.6717787556239012,0.0,3.454521069817702,Spring,CHARGE_PRIORITY
337.0,family_house,0.3138874203085038,10.08,7.742285825221517,2.3377141747784824,0.0,9.766112579691494,Spring,CHARGE_PRIORITY
337.0,luxury_house,0.3994930803926412,18.0,0.35954377235337703,17.640456227646624,0.0,17.60050691960736,Spring,CHARGE_PRIORITY
337.0,small_family,0.2782183952734465,6.5,6.019261273518931,0.4807387264810691,0.0,6.221781604726554,Spring,CHARGE_PRIORITY
338.0,apartment,0.31273368637356347,3.6399999999999997,2.3482539683600794,1.2917460316399203,0.0,3.3272663136264367,Spring,CHARGE_PRIORITY
338.0,family_house,0.5292416230937228,10.08,5.848504967132116,4.231495032867883,0.0,9.550758376906277,Spring,CHARGE_PRIORITY
338.0,luxury_house,0.673580247573829,18.0,0.606222222816446,17.39377777718355,0.0,17.326419752426172,Spring,CHARGE_PRIORITY
338.0,small_family,0.46910052956034515,6.5,6.0324761905080235,0.4675238094919761,0.0,6.030899470439655,Spring,CHARGE_PRIORITY
339.0,apartment,0.13915472877359436,3.6399999999999997,2.1319946558630454,1.5080053441369543,0.0,3.500845271226405,Spring,CHARGE_PRIORITY
339.0,family_house,0.23549261792454435,10.08,4.627812352604796,5.4521876473952045,0.0,9.844507382075456,Spring,CHARGE_PRIORITY
339.0,luxury_house,0.29971787735851096,18.0,0.26974608962265983,17.73025391037734,0.0,17.70028212264149,Spring,CHARGE_PRIORITY
339.0,small_family,0.20873209316039157,6.5,6.014450683372642,0.4855493166273575,0.0,6.291267906839608,Spring,CHARGE_PRIORITY
340.0,apartment,1.5599715339481137,3.6399999999999997,2.495124096672912,1.1448759033270874,0.0,2.080028466051886,Spring,CHARGE_PRIORITY
340.0,family_house,2.6399518266814233,10.08,4.713322250732087,5.366677749267913,0.0,7.440048173318576,Spring,CHARGE_PRIORITY
340.0,luxury_house,3.3599386885036298,18.0,3.023944819653267,14.976055180346732,0.0,14.640061311496371,Spring,CHARGE_PRIORITY
340.0,small_family,2.3399573009221704,6.5,5.998883971096058,0.5011160289039418,0.0,4.160042699077829,Spring,CHARGE_PRIORITY
341.0,apartment,1.5356059692901807,3.6399999999999997,2.198769669450139,1.4412303305498608,0.0,2.104394030709819,Spring,CHARGE_PRIORITY
341.0,family_house,2.598717794183383,10.08,2.9839421802012907,7.096057819798709,0.0,7.481282205816617,Spring,CHARGE_PRIORITY
341.0,luxury_house,3.307459010778851,18.0,2.9767131097009654,15.023286890299033,0.0,14.69254098922115,Spring,CHARGE_PRIORITY
341.0,small_family,2.3034089539352713,6.5,5.81893354746796,0.6810664525320393,0.0,4.196591046064729,Spring,CHARGE_PRIORITY
342.0,apartment,10.617020321718826,3.6399999999999997,3.6399999999999997,0.0,0.0,-6.977020321718826,Spring,CHARGE_PRIORITY
342.0,family_house,17.96726515983186,10.08,10.08,0.0,0.0,-7.887265159831859,Spring,CHARGE_PRIORITY
342.0,luxury_house,22.867428385240547,18.0,18.0,0.0,0.0,-4.867428385240548,Spring,CHARGE_PRIORITY
342.0,small_family,15.925530482578239,6.5,6.5,0.0,0.0,-9.425530482578239,Spring,CHARGE_PRIORITY
343.0,apartment,10.75400621724201,3.6399999999999997,3.6399999999999997,0.0,0.0,-7.11400621724201,Spring,CHARGE_PRIORITY
343.0,family_house,18.199087444563403,10.08,10.08,0.0,0.0,-8.119087444563405,Spring,CHARGE_PRIORITY
343.0,luxury_house,23.16247492944433,18.0,18.0,0.0,0.0,-5.162474929444331,Spring,CHARGE_PRIORITY
343.0,small_family,16.131009325863015,6.5,6.5,0.0,0.0,-9.631009325863017,Spring,CHARGE_PRIORITY
344.0,apartment,11.01695839462919,3.6399999999999997,3.6399999999999997,0.0,0.0,-7.376958394629191,Spring,CHARGE_PRIORITY
344.0,family_house,18.644083437064786,10.08,10.08,0.0,0.0,-8.564083437064786,Spring,CHARGE_PRIORITY
344.0,luxury_house,23.72883346535518,18.0,18.0,0.0,0.0,-5.728833465355181,Spring,CHARGE_PRIORITY
344.0,small_family,16.525437591943785,6.5,6.5,0.0,0.0,-10.025437591943785,Spring,CHARGE_PRIORITY
345.0,apartment,11.722183494024305,3.6399999999999997,3.6399999999999997,0.0,0.0,-8.082183494024306,Spring,CHARGE_PRIORITY
345.0,family_house,19.837541297579595,10.08,10.08,0.0,0.0,-9.757541297579596,Spring,CHARGE_PRIORITY
345.0,luxury_house,25.247779833283122,18.0,18.0,0.0,0.0,-7.247779833283122,Spring,CHARGE_PRIORITY
345.0,small_family,17.583275241036457,6.5,6.5,0.0,0.0,-11.083275241036459,Spring,CHARGE_PRIORITY
346.0,apartment,12.323611711809166,3.6399999999999997,3.6399999999999997,0.0,0.0,-8.683611711809165,Spring,CHARGE_PRIORITY
346.0,family_house,20.855342896907818,10.08,10.08,0.0,0.0,-10.77534289690782,Spring,CHARGE_PRIORITY
346.0,luxury_house,24.331233379725788,18.0,17.625488745999238,0.37451125400076224,0.0,-6.331233379725788,Spring,CHARGE_PRIORITY
346.0,small_family,18.48541756771375,6.5,6.5,0.0,0.0,-11.985417567713748,Spring,CHARGE_PRIORITY
347.0,apartment,13.398670010333669,3.6399999999999997,3.6399999999999997,0.0,0.0,-9.758670010333669,Spring,CHARGE_PRIORITY
347.0,family_house,22.674672325180055,10.08,10.08,0.0,0.0,-12.594672325180058,Spring,CHARGE_PRIORITY
347.0,luxury_house,26.453784379376735,18.0,16.5,1.5,0.0,-8.453784379376733,Spring,CHARGE_PRIORITY
347.0,small_family,20.0980050155005,6.5,6.5,0.0,0.0,-13.598005015500501,Spring,CHARGE_PRIORITY
348.0,apartment,14.168546381534838,3.6399999999999997,3.6399999999999997,0.0,0.0,-10.528546381534838,Spring,CHARGE_PRIORITY
348.0,family_house,23.977540030289724,10.08,10.08,0.0,0.0,-13.897540030289724,Spring,CHARGE_PRIORITY
348.0,luxury_house,27.97379670200468,18.0,16.5,1.5,0.0,-9.97379670200468,Spring,CHARGE_PRIORITY
348.0,small_family,21.252819572302258,6.5,6.5,0.0,0.0,-14.752819572302256,Spring,CHARGE_PRIORITY
349.0,apartment,14.679800378443208,3.6399999999999997,3.6399999999999997,0.0,0.6303006267637383,-11.039800378443207,Spring,CHARGE_PRIORITY
349.0,family_house,24.84273910198081,10.08,10.08,0.0,0.0,-14.762739101980815,Spring,CHARGE_PRIORITY
349.0,luxury_house,28.983195618977618,18.0,16.5,1.5,0.0,-10.983195618977618,Spring,CHARGE_PRIORITY
349.0,small_family,22.01970056766481,6.5,6.5,0.0,1.3526821891295173,-15.519700567664811,Spring,CHARGE_PRIORITY
350.0,apartment,15.645027778733647,3.6399999999999997,3.6399999999999997,0.0,1.0309197918169073,-12.005027778733647,Spring,CHARGE_PRIORITY
350.0,family_house,26.476200856318478,10.08,10.08,0.0,0.0,-16.39620085631848,Spring,CHARGE_PRIORITY
350.0,luxury_house,30.888900999038228,18.0,16.5,1.5,0.0,-12.888900999038228,Spring,CHARGE_PRIORITY
350.0,small_family,23.46754166810047,6.5,6.5,0.0,4.605996011926473,-16.96754166810047,Spring,CHARGE_PRIORITY
351.0,apartment,15.795911587497953,3.6399999999999997,3.6399999999999997,0.0,1.8701402442304542,-12.155911587497952,Spring,CHARGE_PRIORITY
351.0,family_house,26.731542686534997,10.08,10.08,0.0,0.0,-16.651542686535,Spring,CHARGE_PRIORITY
351.0,luxury_house,31.186799800957495,18.0,16.5,1.5,0.0,-13.186799800957496,Spring,CHARGE_PRIORITY
351.0,small_family,23.69386738124693,6.5,6.5,0.0,8.707129027539434,-17.19386738124693,Spring,CHARGE_PRIORITY
352.0,apartment,12.180125973459537,3.6399999999999997,3.6399999999999997,0.0,2.138027081349355,-8.540125973459537,Spring,CHARGE_PRIORITY
352.0,family_house,20.612520878162297,10.08,10.08,0.0,0.0,-10.532520878162297,Spring,CHARGE_PRIORITY
352.0,luxury_house,24.047941024522675,18.0,16.5,1.5,0.0,-6.047941024522677,Spring,CHARGE_PRIORITY
352.0,small_family,18.27018896018931,6.5,6.5,0.0,9.079315888512708,-11.770188960189307,Spring,CHARGE_PRIORITY
353.0,apartment,12.261702609317892,3.6399999999999997,3.6399999999999997,0.0,2.6528315720978126,-8.621702609317891,Spring,CHARGE_PRIORITY
353.0,family_house,20.750573646537973,10.08,10.08,0.0,0.0,-10.67057364653797,Spring,CHARGE_PRIORITY
353.0,luxury_house,24.209002587627634,18.0,16.5,1.5,0.0,-6.209002587627635,Spring,CHARGE_PRIORITY
353.0,small_family,18.392553913976837,6.5,6.5,0.0,11.499141813342229,-11.892553913976837,Spring,CHARGE_PRIORITY
354.0,apartment,7.395110358117712,28.62132443387514,28.62132443387514,0.0,0.0,21.22621407575743,Spring,CHARGE_PRIORITY
354.0,family_house,12.514802144506897,30.608885691282154,30.608885691282154,0.0,0.0,18.094083546775256,Spring,CHARGE_PRIORITY
354.0,luxury_house,14.600602501924714,34.857984853552516,32.907301598285684,1.950683255266834,0.0,20.2573823516278,Spring,CHARGE_PRIORITY
354.0,small_family,11.092665537176568,25.88963658564238,25.88963658564238,0.0,0.9335858132545899,14.796971048465807,Spring,CHARGE_PRIORITY
355.0,apartment,0.0,24.30872505243496,24.30872505243496,0.0,0.0,24.30872505243496,Spring,CHARGE_PRIORITY
355.0,family_house,0.0,30.752564609398807,30.752564609398807,0.0,0.0,30.752564609398807,Spring,CHARGE_PRIORITY
355.0,luxury_house,0.0,37.57929832751677,33.17928392055747,4.400014406959305,0.0,37.57929832751677,Spring,CHARGE_PRIORITY
355.0,small_family,0.0,23.414757186949455,23.414757186949455,0.0,0.0,23.414757186949455,Spring,CHARGE_PRIORITY
356.0,apartment,0.0,24.79167415865382,23.832744392686198,0.9589297659676213,0.0,24.79167415865382,Spring,CHARGE_PRIORITY
356.0,family_house,0.0,27.12296310475024,27.12296310475024,0.0,0.0,27.12296310475024,Spring,CHARGE_PRIORITY
356.0,luxury_house,0.0,41.62229658467358,21.172135669099184,20.450160915574394,0.0,41.62229658467358,Spring,CHARGE_PRIORITY
356.0,small_family,0.0,28.600533825515186,28.600533825515186,0.0,0.0,28.600533825515186,Spring,CHARGE_PRIORITY
357.0,apartment,0.0,26.684022604523093,20.059221080165052,6.624801524358039,0.0,26.684022604523093,Spring,CHARGE_PRIORITY
357.0,family_house,0.0,26.87677859828362,25.684798708829355,1.191979889454269,0.0,26.87677859828362,Spring,CHARGE_PRIORITY
357.0,luxury_house,0.0,40.60180483475532,2.5293863127892733,38.07241852196605,0.0,40.60180483475532,Spring,CHARGE_PRIORITY
357.0,small_family,0.0,26.660368438398955,24.50951140200144,2.1508570363975146,0.0,26.660368438398955,Spring,CHARGE_PRIORITY
358.0,apartment,0.33003550960346795,3.6399999999999997,1.7778837587264338,1.862116241273566,0.0,3.309964490396532,Spring,CHARGE_PRIORITY
358.0,family_house,0.5585216316366381,10.08,8.694362342884437,1.3856376571155615,0.0,9.521478368363361,Spring,CHARGE_PRIORITY
358.0,luxury_house,0.592371427493404,18.0,0.5331342847440635,17.466865715255935,0.0,17.407628572506596,Spring,CHARGE_PRIORITY
358.0,small_family,0.495053264405202,6.5,5.568545836609951,0.9314541633900489,0.0,6.004946735594798,Spring,CHARGE_PRIORITY
359.0,apartment,3.102671104630579,3.6399999999999997,3.0532027651928986,0.5867972348071009,0.0,0.5373288953694211,Spring,CHARGE_PRIORITY
359.0,family_house,5.2506741770671335,10.08,7.442086190855171,2.6379138091448286,0.0,4.829325822932867,Spring,CHARGE_PRIORITY
359.0,luxury_house,5.568896854465142,18.0,5.012007169018627,12.987992830981373,0.0,12.431103145534859,Spring,CHARGE_PRIORITY
359.0,small_family,4.654006656945868,6.5,6.144400921730966,0.3555990782690338,0.0,1.8459933430541322,Spring,CHARGE_PRIORITY
360.0,apartment,0.0,3.6399999999999997,1.106350775758942,2.5336492242410578,0.0,3.6399999999999997,Spring,CHARGE_PRIORITY
360.0,family_house,0.0,10.08,2.1207349916706506,7.959265008329349,0.0,10.08,Spring,CHARGE_PRIORITY
360.0,luxury_house,0.0,18.0,0.0,18.0,0.0,18.0,Spring,CHARGE_PRIORITY
360.0,small_family,0.0,6.5,5.027500919811468,1.472499080188532,0.0,6.5,Spring,CHARGE_PRIORITY
361.0,apartment,0.8653237338773675,3.6399999999999997,1.4390702772997157,2.200929722700284,0.0,2.7746762661226323,Spring,CHARGE_PRIORITY
361.0,family_house,1.4643940111770832,10.08,2.157060679477151,7.922939320522849,0.0,8.615605988822916,Spring,CHARGE_PRIORITY
361.0,luxury_house,1.5531451633696338,18.0,1.3978306470326705,16.60216935296733,0.0,16.446854836630365,Spring,CHARGE_PRIORITY
361.0,small_family,1.297985600816051,6.5,4.615629920726675,1.8843700792733256,0.0,5.202014399183949,Spring,CHARGE_PRIORITY
362.0,apartment,0.9992730381836296,3.6399999999999997,1.5318044110502052,2.1081955889497945,0.0,2.64072696181637,Spring,CHARGE_PRIORITY
362.0,family_house,1.6910774492338345,10.08,1.5219697043104508,8.558030295689548,0.0,8.388922550766164,Spring,CHARGE_PRIORITY
362.0,luxury_house,1.7935669916116428,18.0,1.6142102924504784,16.385789707549524,0.0,16.206433008388355,Spring,CHARGE_PRIORITY
362.0,small_family,1.4989095572754443,6.5,4.202674942614472,2.297325057385528,0.0,5.001090442724555,Spring,CHARGE_PRIORITY
363.0,apartment,1.2130550333396863,3.6399999999999997,1.6798073307736288,1.9601926692263707,0.0,2.4269449666603133,Spring,CHARGE_PRIORITY
363.0,family_house,2.0528623641133157,10.08,1.847576127701984,8.232423872298014,0.0,8.027137635886685,Spring,CHARGE_PRIORITY
363.0,luxury_house,2.1772782649686677,18.0,1.959550438471801,16.0404495615282,0.0,15.822721735031333,Spring,CHARGE_PRIORITY
363.0,small_family,1.8195825500095297,6.5,4.255826597696267,2.244173402303734,0.0,4.680417449990471,Spring,CHARGE_PRIORITY
364.0,apartment,1.3464460424255331,3.6399999999999997,1.7721549524484457,1.867845047551554,0.0,2.2935539575744666,Spring,CHARGE_PRIORITY
364.0,family_house,2.278600994873979,10.08,2.0507408953865807,8.029259104613418,0.0,7.8013990051260205,Spring,CHARGE_PRIORITY
364.0,luxury_house,2.416698024866341,18.0,2.1750282223797073,15.824971777620293,0.0,15.583301975133658,Spring,CHARGE_PRIORITY
364.0,small_family,2.0196690636382995,6.5,4.0640442425516605,2.43595575744834,0.0,4.4803309363617005,Spring,CHARGE_PRIORITY
365.0,apartment,1.290678753229234,3.6399999999999997,1.6403817754365835,1.999618224563416,0.0,2.3493212467707654,Spring,CHARGE_PRIORITY
365.0,family_house,2.184225582387935,10.08,1.965803024149141,8.11419697585086,0.0,7.895774417612064,Spring,CHARGE_PRIORITY
365.0,luxury_house,2.316602890411446,18.0,2.084942601370301,15.915057398629699,0.0,15.683397109588554,Spring,CHARGE_PRIORITY
365.0,small_family,1.936018129843851,6.5,3.834300474969507,2.665699525030493,0.0,4.563981870156149,Spring,CHARGE_PRIORITY
366.0,apartment,10.221603823729728,3.6399999999999997,3.6399999999999997,0.0,0.0,-6.581603823729729,Spring,CHARGE_PRIORITY
366.0,family_house,17.29809877861954,10.08,10.08,0.0,0.0,-7.21809877861954,Spring,CHARGE_PRIORITY
366.0,luxury_house,18.346468401566177,18.0,15.0,3.0,0.0,-0.3464684015661783,Spring,CHARGE_PRIORITY
366.0,small_family,15.332405735594593,6.5,6.5,0.0,0.0,-8.832405735594593,Spring,CHARGE_PRIORITY
367.0,apartment,10.592066522004863,3.6399999999999997,3.6399999999999997,0.0,0.0,-6.952066522004863,Spring,CHARGE_PRIORITY
367.0,family_house,17.925035652623613,10.08,10.08,0.0,0.0,-7.845035652623615,Spring,CHARGE_PRIORITY
367.0,luxury_house,19.01140144975232,18.0,15.0,3.0,0.0,-1.0114014497523187,Spring,CHARGE_PRIORITY
367.0,small_family,15.888099783007295,6.5,6.5,0.0,0.0,-9.388099783007295,Spring,CHARGE_PRIORITY
368.0,apartment,11.008922418020664,3.6399999999999997,3.6399999999999997,0.0,0.0,-7.368922418020663,Spring,CHARGE_PRIORITY
368.0,family_house,18.63048409203497,10.08,10.08,0.0,0.0,-8.55048409203497,Spring,CHARGE_PRIORITY
368.0,luxury_house,19.75960434003709,18.0,15.0,3.0,0.0,-1.759604340037089,Spring,CHARGE_PRIORITY
368.0,small_family,16.513383627030997,6.5,6.5,0.0,0.0,-10.013383627030995,Spring,CHARGE_PRIORITY
369.0,apartment,11.718323804944394,3.6399999999999997,3.6399999999999997,0.0,0.0,-8.078323804944395,Spring,CHARGE_PRIORITY
369.0,family_house,19.831009516059744,10.08,10.08,0.0,0.0,-9.751009516059746,Spring,CHARGE_PRIORITY
369.0,luxury_house,21.032888880669425,18.0,15.0,3.0,0.0,-3.032888880669427,Spring,CHARGE_PRIORITY
369.0,small_family,17.577485707416592,6.5,6.5,0.0,0.0,-11.07748570741659,Spring,CHARGE_PRIORITY
370.0,apartment,12.645138415224267,3.6399999999999997,3.6399999999999997,0.0,0.0,-9.005138415224268,Spring,CHARGE_PRIORITY
370.0,family_house,21.39946501037953,10.08,10.08,0.0,0.0,-11.319465010379531,Spring,CHARGE_PRIORITY
370.0,luxury_house,22.696402283735864,18.0,15.0,3.0,0.0,-4.696402283735866,Spring,CHARGE_PRIORITY
370.0,small_family,18.9677076228364,6.5,6.5,0.0,0.0,-12.4677076228364,Spring,CHARGE_PRIORITY
371.0,apartment,13.328689924100992,3.6399999999999997,3.6399999999999997,0.0,0.0,-9.688689924100991,Spring,CHARGE_PRIORITY
371.0,family_house,22.556244486940145,10.08,10.08,0.0,0.0,-12.476244486940145,Spring,CHARGE_PRIORITY
371.0,luxury_house,23.923289607360758,18.0,15.0,3.0,0.0,-5.923289607360756,Spring,CHARGE_PRIORITY
371.0,small_family,19.99303488615149,6.5,6.5,0.0,0.0,-13.49303488615149,Spring,CHARGE_PRIORITY
372.0,apartment,13.792276298458491,3.6399999999999997,3.6399999999999997,0.0,0.0,-10.15227629845849,Spring,CHARGE_PRIORITY
372.0,family_house,23.340775274314367,10.08,10.08,0.0,0.0,-13.260775274314367,Spring,CHARGE_PRIORITY
372.0,luxury_house,24.755367715181904,18.0,15.0,3.0,0.0,-6.755367715181906,Spring,CHARGE_PRIORITY
372.0,small_family,20.688414447687734,6.5,6.5,0.0,0.0,-14.188414447687734,Spring,CHARGE_PRIORITY
373.0,apartment,15.092335425003228,3.6399999999999997,3.6399999999999997,0.0,0.0,-11.452335425003229,Spring,CHARGE_PRIORITY
373.0,family_house,25.540875334620846,10.08,10.08,0.0,0.0,-15.460875334620848,Spring,CHARGE_PRIORITY
373.0,luxury_house,27.088807173082717,18.0,15.0,3.0,0.0,-9.088807173082717,Spring,CHARGE_PRIORITY
373.0,small_family,22.63850313750484,6.5,6.5,0.0,0.0,-16.13850313750484,Spring,CHARGE_PRIORITY
374.0,apartment,16.042459566870285,3.6399999999999997,3.6399999999999997,0.0,0.0,-12.402459566870284,Spring,CHARGE_PRIORITY
374.0,family_house,27.148777728549717,10.08,10.08,0.0,0.0,-17.06877772854972,Spring,CHARGE_PRIORITY
374.0,luxury_house,28.79415819694667,18.0,15.0,3.0,0.0,-10.794158196946666,Spring,CHARGE_PRIORITY
374.0,small_family,24.06368935030543,6.5,6.5,0.0,0.16136525698772886,-17.56368935030543,Spring,CHARGE_PRIORITY
375.0,apartment,16.229653586776685,3.6399999999999997,3.6399999999999997,0.0,0.0,-12.589653586776686,Spring,CHARGE_PRIORITY
375.0,family_house,27.465567608391318,10.08,10.08,0.0,0.0,-17.38556760839132,Spring,CHARGE_PRIORITY
375.0,luxury_house,29.130147463445336,18.0,15.0,3.0,0.0,-11.130147463445336,Spring,CHARGE_PRIORITY
375.0,small_family,24.34448038016503,6.5,6.5,0.0,1.638928086530963,-17.84448038016503,Spring,CHARGE_PRIORITY
376.0,apartment,12.369020129134398,3.6399999999999997,3.6399999999999997,0.0,0.0,-8.729020129134398,Spring,CHARGE_PRIORITY
376.0,family_house,20.932187910842828,10.08,10.08,0.0,0.0,-10.852187910842828,Spring,CHARGE_PRIORITY
376.0,luxury_house,22.200805359984813,18.0,15.0,3.0,0.0,-4.200805359984814,Spring,CHARGE_PRIORITY
376.0,small_family,18.553530193701597,6.5,6.5,0.0,4.393833417680228,-12.053530193701597,Spring,CHARGE_PRIORITY
377.0,apartment,9.061611247963022,3.6399999999999997,3.6399999999999997,0.0,0.32743675672495814,-5.421611247963022,Spring,CHARGE_PRIORITY
377.0,family_house,15.335034419629729,10.08,10.08,0.0,0.0,-5.25503441962973,Spring,CHARGE_PRIORITY
377.0,luxury_house,16.264430445061834,18.0,15.0,3.0,0.0,1.7355695549381651,Spring,CHARGE_PRIORITY
377.0,small_family,13.592416871944533,6.5,6.5,0.0,6.276335305141128,-7.092416871944533,Spring,CHARGE_PRIORITY
378.0,apartment,7.383711097704701,22.496127550840917,22.496127550840917,0.0,0.0,15.112416453136214,Spring,CHARGE_PRIORITY
378.0,family_house,12.49551108842334,28.207585235862265,28.207585235862265,0.0,0.0,15.712074147438924,Spring,CHARGE_PRIORITY
378.0,luxury_house,13.252814790752028,38.886338888313624,30.646966406164335,8.239372482149289,0.0,25.633524097561597,Spring,CHARGE_PRIORITY
378.0,small_family,11.075566646557052,28.386860503662895,28.386860503662895,0.0,0.47107540396721304,17.311293857105845,Spring,CHARGE_PRIORITY
379.0,apartment,0.0,25.032594061199124,25.032594061199124,0.0,0.0,25.032594061199124,Spring,CHARGE_PRIORITY
379.0,family_house,0.0,26.063119476176404,26.063119476176404,0.0,0.0,26.063119476176404,Spring,CHARGE_PRIORITY
379.0,luxury_house,0.0,35.725108818076365,30.990019356327995,4.73508946174837,0.0,35.725108818076365,Spring,CHARGE_PRIORITY
379.0,small_family,0.0,25.966564503420052,25.966564503420052,0.0,0.0,25.966564503420052,Spring,CHARGE_PRIORITY
380.0,apartment,0.0,25.69839876832364,25.69839876832364,0.0,0.0,25.69839876832364,Spring,CHARGE_PRIORITY
380.0,family_house,0.0,31.665654215255994,31.26253163520391,0.40312258005208346,0.0,31.665654215255994,Spring,CHARGE_PRIORITY
380.0,luxury_house,0.0,31.331115277468886,14.174712993479138,17.15640228398975,0.0,31.331115277468886,Spring,CHARGE_PRIORITY
380.0,small_family,0.0,26.152054701661413,26.152054701661413,0.0,0.0,26.152054701661413,Spring,CHARGE_PRIORITY
381.0,apartment,0.0,25.661800206676162,16.78040357337801,8.881396633298152,0.0,25.661800206676162,Spring,CHARGE_PRIORITY
381.0,family_house,0.0,26.28490643292793,23.448671733927423,2.836234699000509,0.0,26.28490643292793,Spring,CHARGE_PRIORITY
381.0,luxury_house,0.0,33.04692098880899,1.8192287408477301,31.22769224796126,0.0,33.04692098880899,Spring,CHARGE_PRIORITY
381.0,small_family,0.0,26.036557498977317,26.036557498977317,0.0,0.0,26.036557498977317,Spring,CHARGE_PRIORITY
382.0,apartment,1.8309563973880763,3.6399999999999997,2.720551118915047,0.9194488810849527,0.0,1.8090436026119234,Spring,CHARGE_PRIORITY
382.0,family_house,3.098541595579822,10.08,7.768060145235008,2.311939854764991,0.0,6.981458404420177,Spring,CHARGE_PRIORITY
382.0,luxury_house,3.614965194843125,18.0,3.2534686753588122,14.746531324641188,0.0,14.385034805156874,Spring,CHARGE_PRIORITY
382.0,small_family,2.7464345960821146,6.5,6.209492145776416,0.29050785422358383,0.0,3.7535654039178854,Spring,CHARGE_PRIORITY
383.0,apartment,4.612041609728649,3.6399999999999997,3.6399999999999997,0.0,0.0,-0.9720416097286497,Spring,CHARGE_PRIORITY
383.0,family_house,7.804993493386945,10.08,8.552247072024125,1.527752927975875,0.0,2.275006506613055,Spring,CHARGE_PRIORITY
383.0,luxury_house,9.105825742284768,18.0,8.19524316805629,9.80475683194371,0.0,8.894174257715232,Spring,CHARGE_PRIORITY
383.0,small_family,6.918062414592974,6.5,6.457885565097489,0.04211443490251121,0.0,-0.4180624145929741,Spring,CHARGE_PRIORITY
384.0,apartment,0.0,3.6399999999999997,1.8949801184928174,1.7450198815071822,0.0,3.6399999999999997,Spring,CHARGE_PRIORITY
384.0,family_house,0.0,10.08,4.2752438219125235,5.804756178087476,0.0,10.08,Spring,CHARGE_PRIORITY
384.0,luxury_house,0.0,18.0,0.0,18.0,0.0,18.0,Spring,CHARGE_PRIORITY
384.0,small_family,0.0,6.5,4.900691183603238,1.5993088163967626,0.0,6.5,Spring,CHARGE_PRIORITY
385.0,apartment,2.1891797413056766,3.6399999999999997,2.6124687798000665,1.027531220199933,0.0,1.450820258694323,Spring,CHARGE_PRIORITY
385.0,family_house,3.70476571605576,10.08,4.9289395390705835,5.151060460929415,0.0,6.3752342839442395,Spring,CHARGE_PRIORITY
385.0,luxury_house,4.32222666873172,18.0,3.8900040018585473,14.109995998141454,0.0,13.677773331268279,Spring,CHARGE_PRIORITY
385.0,small_family,3.283769611958515,6.5,5.109280740051534,1.3907192599484661,0.0,3.216230388041485,Spring,CHARGE_PRIORITY
386.0,apartment,2.3392447094412714,3.6399999999999997,2.6955816852290115,0.9444183147709881,0.0,1.3007552905587285,Spring,CHARGE_PRIORITY
386.0,family_house,3.958721815977536,10.08,4.105945498181468,5.974054501818532,0.0,6.121278184022464,Spring,CHARGE_PRIORITY
386.0,luxury_house,4.618508785307125,18.0,4.156657906776412,13.843342093223587,0.0,13.381491214692876,Spring,CHARGE_PRIORITY
386.0,small_family,3.508867064161907,6.5,4.957529395882638,1.542470604117362,0.0,2.991132935838093,Spring,CHARGE_PRIORITY
387.0,apartment,1.853737497331303,3.6399999999999997,2.4266853831373365,1.213314616862663,0.0,1.7862625026686967,Spring,CHARGE_PRIORITY
387.0,family_house,3.1370942262529744,10.08,2.870521216220748,7.209478783779252,0.0,6.942905773747025,Spring,CHARGE_PRIORITY
387.0,luxury_house,3.6599432639618033,18.0,3.293948937565623,14.706051062434376,0.0,14.340056736038196,Spring,CHARGE_PRIORITY
387.0,small_family,2.7806062459969545,6.5,4.5376281930066735,1.962371806993326,0.0,3.719393754003045,Spring,CHARGE_PRIORITY
388.0,apartment,2.5633370541539047,3.6399999999999997,2.775423863522924,0.864576136477076,0.0,1.076662945846095,Spring,CHARGE_PRIORITY
388.0,family_house,4.3379550147219925,10.08,3.904159513249793,6.175840486750206,0.0,5.742044985278007,Spring,CHARGE_PRIORITY
388.0,luxury_house,5.0609475171756575,18.0,4.554852765458092,13.445147234541908,0.0,12.939052482824343,Spring,CHARGE_PRIORITY
388.0,small_family,3.845005581230857,6.5,4.863348858596492,1.636651141403508,0.0,2.654994418769143,Spring,CHARGE_PRIORITY
389.0,apartment,2.166053144303956,3.6399999999999997,2.4696177283740033,1.1703822716259964,0.0,1.4739468556960433,Spring,CHARGE_PRIORITY
389.0,family_house,3.6656283980528483,10.08,3.2990655582475634,6.780934441752437,0.0,6.414371601947152,Spring,CHARGE_PRIORITY
389.0,luxury_house,4.27656646439499,18.0,3.848909817955491,14.15109018204451,0.0,13.72343353560501,Spring,CHARGE_PRIORITY
389.0,small_family,3.249079716455934,6.5,4.574554016436338,1.9254459835636628,0.0,3.250920283544066,Spring,CHARGE_PRIORITY
390.0,apartment,11.015786270015337,3.6399999999999997,3.6399999999999997,0.0,0.0,-7.375786270015338,Spring,CHARGE_PRIORITY
390.0,family_house,18.642099841564416,10.08,10.08,0.0,0.0,-8.562099841564415,Spring,CHARGE_PRIORITY
390.0,luxury_house,21.74911648182515,18.0,16.5,1.5,0.0,-3.74911648182515,Spring,CHARGE_PRIORITY
390.0,small_family,16.523679405023007,6.5,6.5,0.0,0.0,-10.023679405023005,Spring,CHARGE_PRIORITY
391.0,apartment,11.75845539471747,3.6399999999999997,3.6399999999999997,0.0,0.0,-8.11845539471747,Spring,CHARGE_PRIORITY
391.0,family_house,19.898924514137256,10.08,10.08,0.0,0.0,-9.818924514137258,Spring,CHARGE_PRIORITY
391.0,luxury_house,23.215411933160134,18.0,16.5,1.5,0.0,-5.215411933160132,Spring,CHARGE_PRIORITY
391.0,small_family,17.637683092076205,6.5,6.5,0.0,0.0,-11.137683092076207,Spring,CHARGE_PRIORITY
392.0,apartment,12.372097643927148,3.6399999999999997,3.6399999999999997,0.0,0.0,-8.732097643927148,Spring,CHARGE_PRIORITY
392.0,family_house,20.937396012799788,10.08,10.08,0.0,0.0,-10.857396012799787,Spring,CHARGE_PRIORITY
392.0,luxury_house,24.426962014933082,18.0,16.5,1.5,0.0,-6.426962014933084,Spring,CHARGE_PRIORITY
392.0,small_family,18.558146465890722,6.5,6.5,0.0,0.0,-12.058146465890722,Spring,CHARGE_PRIORITY
393.0,apartment,12.800765407922148,3.6399999999999997,3.6399999999999997,0.0,0.0,-9.160765407922149,Spring,CHARGE_PRIORITY
393.0,family_house,21.662833767252867,10.08,10.08,0.0,0.0,-11.582833767252868,Spring,CHARGE_PRIORITY
393.0,luxury_house,25.27330606179501,18.0,16.5,1.5,0.0,-7.2733060617950125,Spring,CHARGE_PRIORITY
393.0,small_family,19.20114811188322,6.5,6.5,0.0,0.0,-12.701148111883223,Spring,CHARGE_PRIORITY
394.0,apartment,13.59771101919864,3.6399999999999997,3.6399999999999997,0.0,0.0,-9.957711019198639,Spring,CHARGE_PRIORITY
394.0,family_house,21.093885042603016,10.08,10.08,0.0,0.0,-11.013885042603016,Spring,CHARGE_PRIORITY
394.0,luxury_house,26.84676278149475,18.0,16.5,1.5,0.0,-8.84676278149475,Spring,CHARGE_PRIORITY
394.0,small_family,20.39656652879796,6.5,6.5,0.0,0.0,-13.896566528797957,Spring,CHARGE_PRIORITY
395.0,apartment,14.43160563260659,3.6399999999999997,3.6399999999999997,0.0,0.0,-10.79160563260659,Spring,CHARGE_PRIORITY
395.0,family_house,22.38749078904356,10.08,10.08,0.0,0.0,-12.307490789043563,Spring,CHARGE_PRIORITY
395.0,luxury_house,28.493170095146347,18.0,16.5,1.5,0.0,-10.493170095146347,Spring,CHARGE_PRIORITY
395.0,small_family,21.64740844890989,6.5,6.5,0.0,0.0,-15.147408448909887,Spring,CHARGE_PRIORITY
396.0,apartment,15.326306378740725,3.6399999999999997,3.6399999999999997,0.0,0.0,-11.686306378740724,Spring,CHARGE_PRIORITY
396.0,family_house,23.775423997790096,10.08,10.08,0.0,0.0,-13.695423997790098,Spring,CHARGE_PRIORITY
396.0,luxury_house,30.259630542641943,18.0,16.5,1.5,0.0,-12.259630542641943,Spring,CHARGE_PRIORITY
396.0,small_family,22.989459568111087,6.5,6.5,0.0,0.495734666035879,-16.489459568111087,Spring,CHARGE_PRIORITY
397.0,apartment,16.16837092479065,3.6399999999999997,3.6399999999999997,0.0,0.0,-12.52837092479065,Spring,CHARGE_PRIORITY
397.0,family_house,25.08170361409832,10.08,9.445594060181573,0.6344059398184256,0.0,-15.001703614098322,Spring,CHARGE_PRIORITY
397.0,luxury_house,31.92216823612513,18.0,16.5,1.5,0.0,-13.922168236125131,Spring,CHARGE_PRIORITY
397.0,small_family,24.252556387185976,6.5,6.5,0.0,1.3655812605527675,-17.752556387185976,Spring,CHARGE_PRIORITY
398.0,apartment,16.344338969410096,3.6399999999999997,3.6399999999999997,0.0,1.1887360689525568,-12.704338969410095,Spring,CHARGE_PRIORITY
398.0,family_house,25.35467968331566,10.08,9.24,0.84,0.0,-15.274679683315663,Spring,CHARGE_PRIORITY
398.0,luxury_house,32.269592324219936,18.0,16.5,1.5,0.0,-14.269592324219932,Spring,CHARGE_PRIORITY
398.0,small_family,24.51650845411514,6.5,6.5,0.0,3.6935638336699497,-18.01650845411514,Spring,CHARGE_PRIORITY
399.0,apartment,16.93993044700809,3.6399999999999997,3.6399999999999997,0.0,2.2437225087595882,-13.299930447008093,Spring,CHARGE_PRIORITY
399.0,family_house,26.278610052409988,10.08,9.24,0.84,0.0,-16.19861005240999,Spring,CHARGE_PRIORITY
399.0,luxury_house,33.44550370306726,18.0,16.5,1.5,0.0,-15.44550370306726,Spring,CHARGE_PRIORITY
399.0,small_family,25.40989567051214,6.5,6.5,0.0,7.952542892243772,-18.90989567051214,Spring,CHARGE_PRIORITY
400.0,apartment,13.361832682398857,3.6399999999999997,3.6399999999999997,0.0,3.199601934913354,-9.721832682398857,Spring,CHARGE_PRIORITY
400.0,family_house,20.72797121243925,10.08,9.24,0.84,0.0,-10.647971212439252,Spring,CHARGE_PRIORITY
400.0,luxury_house,26.381054270377227,18.0,16.5,1.5,0.0,-8.381054270377227,Spring,CHARGE_PRIORITY
400.0,small_family,20.042749023598287,6.5,6.5,0.0,13.542749023598285,-13.542749023598285,Spring,CHARGE_PRIORITY
401.0,apartment,10.321902158418379,3.6399999999999997,3.6399999999999997,0.0,6.68190215841838,-6.68190215841838,Spring,CHARGE_PRIORITY
401.0,family_house,16.012181553443895,10.08,9.24,0.84,0.0,-5.932181553443895,Spring,CHARGE_PRIORITY
401.0,luxury_house,20.379140158928593,18.0,16.5,1.5,0.0,-2.3791401589285925,Spring,CHARGE_PRIORITY
401.0,small_family,15.48285323762757,6.5,6.5,0.0,8.98285323762757,-8.98285323762757,Spring,CHARGE_PRIORITY
402.0,apartment,8.814508124111766,25.10876672001751,25.10876672001751,0.0,0.12907503674747833,16.294258595905745,Spring,CHARGE_PRIORITY
402.0,family_house,13.673788243814407,33.190888861692144,32.073754601540976,1.1171342601511678,0.0,19.517100617877738,Spring,CHARGE_PRIORITY
402.0,luxury_house,17.403003219400155,35.285637832249684,32.210112170743415,3.0755256615062683,0.0,17.88263461284953,Spring,CHARGE_PRIORITY
402.0,small_family,13.221762186167648,29.66621347705771,29.66621347705771,0.0,0.9178163042175955,16.444451290890058,Spring,CHARGE_PRIORITY
403.0,apartment,0.0,21.082360595148458,21.082360595148458,0.0,0.0,21.082360595148458,Spring,CHARGE_PRIORITY
403.0,family_house,0.0,28.249173043188094,24.61157703805423,3.6375960051338683,0.0,28.249173043188094,Spring,CHARGE_PRIORITY
403.0,luxury_house,0.0,38.45026309948998,34.8688268297234,3.581436269766576,0.0,38.45026309948998,Spring,CHARGE_PRIORITY
403.0,small_family,0.0,27.163900730131406,27.163900730131406,0.0,0.0,27.163900730131406,Spring,CHARGE_PRIORITY
404.0,apartment,0.03271694366668676,26.954971327721168,26.781158998320407,0.17381232940076208,0.0,26.922254384054483,Spring,CHARGE_PRIORITY
404.0,family_house,0.05075320748293715,23.071153078861865,21.388599113449732,1.6825539654121318,0.0,23.020399871378928,Spring,CHARGE_PRIORITY
404.0,luxury_house,0.06459499134192001,35.953093424622175,30.219535229987727,5.733558194634448,0.0,35.888498433280255,Spring,CHARGE_PRIORITY
404.0,small_family,0.04907541550003014,30.758721718827253,30.758721718827253,0.0,0.0,30.709646303327222,Spring,CHARGE_PRIORITY
405.0,apartment,0.7992990019705108,23.395040857091065,19.850780341183402,3.544260515907665,0.0,22.595741855120554,Spring,CHARGE_PRIORITY
405.0,family_house,1.2399381953645103,27.15865245880928,25.84939721536375,1.3092552434455287,0.0,25.91871426344477,Spring,CHARGE_PRIORITY
405.0,luxury_house,1.5781031577366493,33.960048132234384,13.940248907221086,20.019799225013294,0.0,32.38194497449773,Spring,CHARGE_PRIORITY
405.0,small_family,1.1989485029557663,27.56585510049113,25.65371494275778,1.9121401577333506,0.0,26.366906597535362,Spring,CHARGE_PRIORITY
406.0,apartment,1.095041245786243,3.6399999999999997,2.8232421911408054,0.8167578088591941,0.0,2.5449587542137566,Spring,CHARGE_PRIORITY
406.0,family_house,1.698717830001736,10.08,8.886869648962191,1.1931303510378082,0.0,8.381282169998263,Spring,CHARGE_PRIORITY
406.0,luxury_house,2.1620045109113004,18.0,2.0438488971184876,15.956151102881512,0.0,15.8379954890887,Spring,CHARGE_PRIORITY
406.0,small_family,1.6425618686793646,6.5,5.175309553796276,1.324690446203724,0.0,4.857438131320635,Spring,CHARGE_PRIORITY
407.0,apartment,4.068024144525467,3.6399999999999997,3.6399999999999997,0.0,0.0,-0.4280241445254668,Spring,CHARGE_PRIORITY
407.0,family_house,6.310652839584377,10.08,8.916326141420539,1.1636738585794602,0.0,3.769347160415623,Spring,CHARGE_PRIORITY
407.0,luxury_house,8.761898157439465,18.0,7.885708341695517,10.114291658304483,0.0,9.238101842560535,Spring,CHARGE_PRIORITY
407.0,small_family,6.1020362167882,6.5,6.18979464464904,0.3102053553509603,0.0,0.39796378321180004,Spring,CHARGE_PRIORITY
408.0,apartment,0.0,3.6399999999999997,2.2754632465655193,1.3645367534344803,0.0,3.6399999999999997,Spring,CHARGE_PRIORITY
408.0,family_house,0.0,10.08,7.154476789861217,2.925523210138782,0.0,10.08,Spring,CHARGE_PRIORITY
408.0,luxury_house,0.0,18.0,0.0,18.0,0.0,18.0,Spring,CHARGE_PRIORITY
408.0,small_family,0.0,6.5,4.145329560691707,2.3546704393082933,0.0,6.5,Spring,CHARGE_PRIORITY
409.0,apartment,2.577692318268015,3.6399999999999997,3.1322781101696973,0.5077218898303025,0.0,1.0623076817319848,Spring,CHARGE_PRIORITY
409.0,family_house,3.9987278270567925,10.08,6.753849404645157,3.326150595354842,0.0,6.0812721729432075,Spring,CHARGE_PRIORITY
409.0,luxury_house,5.55195268550034,18.0,4.996757416950306,13.003242583049696,0.0,12.44804731449966,Spring,CHARGE_PRIORITY
409.0,small_family,3.866538477402022,6.5,5.338417165254546,1.161582834745454,0.0,2.633461522597978,Spring,CHARGE_PRIORITY
410.0,apartment,2.577560190388149,3.6399999999999997,3.1322323735958975,0.5077676264041022,0.0,1.0624398096118508,Spring,CHARGE_PRIORITY
410.0,family_house,3.9985228594482822,10.08,6.079005353824997,4.000994646175002,0.0,6.081477140551717,Spring,CHARGE_PRIORITY
410.0,luxury_house,5.5516681023744745,18.0,4.996501292137027,13.003498707862974,0.0,12.448331897625525,Spring,CHARGE_PRIORITY
410.0,small_family,3.8663402855822233,6.5,5.338348560393847,1.161651439606153,0.0,2.6336597144177767,Spring,CHARGE_PRIORITY
411.0,apartment,3.049493805816733,3.6399999999999997,3.283353089288899,0.3566469107111009,0.0,0.5905061941832667,Spring,CHARGE_PRIORITY
411.0,family_house,4.730625006459291,10.08,6.069357958244867,4.010642041755133,0.0,5.3493749935407084,Spring,CHARGE_PRIORITY
411.0,luxury_house,6.568140504836041,18.0,5.9113264543524355,12.088673545647563,0.0,11.431859495163959,Spring,CHARGE_PRIORITY
411.0,small_family,4.5742407087251,6.5,5.583391014558688,0.9166089854413118,0.0,1.9257592912749006,Spring,CHARGE_PRIORITY
412.0,apartment,3.3563748737465064,3.6399999999999997,3.3541864860177792,0.2858135139822203,0.0,0.2836251262534931,Spring,CHARGE_PRIORITY
412.0,family_house,5.206684099017017,10.08,6.239576730274369,3.84042326972563,0.0,4.873315900982982,Spring,CHARGE_PRIORITY
412.0,luxury_house,7.2291151126847835,18.0,6.506203601416305,11.493796398583694,0.0,10.770884887315216,Spring,CHARGE_PRIORITY
412.0,small_family,5.03456231061976,6.5,5.499351391858838,1.000648608141162,0.0,1.4654376893802399,Spring,CHARGE_PRIORITY
413.0,apartment,3.398767437360266,3.6399999999999997,3.3717957047496485,0.268204295250351,0.0,0.24123256263973353,Spring,CHARGE_PRIORITY
413.0,family_house,5.272446922058874,10.08,5.674377981781812,4.405622018218188,0.0,4.807553077941125,Spring,CHARGE_PRIORITY
413.0,luxury_house,7.320422172775958,18.0,6.588379955498362,11.411620044501639,0.0,10.679577827224042,Spring,CHARGE_PRIORITY
413.0,small_family,5.098151156040399,6.5,5.323591409499298,1.176408590500702,0.0,1.4018488439596009,Spring,CHARGE_PRIORITY
414.0,apartment,12.396150809113204,3.6399999999999997,3.6399999999999997,0.0,0.0,-8.756150809113205,Spring,CHARGE_PRIORITY
414.0,family_house,19.229926255162788,10.08,9.24,0.84,0.0,-9.14992625516279,Spring,CHARGE_PRIORITY
414.0,luxury_house,26.69940174270536,18.0,18.0,0.0,0.0,-8.699401742705358,Spring,CHARGE_PRIORITY
414.0,small_family,18.594226213669806,6.5,6.5,0.0,0.0,-12.094226213669804,Spring,CHARGE_PRIORITY
415.0,apartment,11.81224831788246,3.6399999999999997,3.6399999999999997,0.0,0.0,-8.17224831788246,Spring,CHARGE_PRIORITY
415.0,family_house,18.324128800817665,10.08,9.24,0.84,0.0,-8.244128800817666,Spring,CHARGE_PRIORITY
415.0,luxury_house,25.441765607746838,18.0,18.0,0.0,0.0,-7.44176560774684,Spring,CHARGE_PRIORITY
415.0,small_family,17.718372476823692,6.5,6.5,0.0,0.0,-11.218372476823692,Spring,CHARGE_PRIORITY
416.0,apartment,12.554904809543535,3.6399999999999997,3.6399999999999997,0.0,0.0,-8.914904809543534,Spring,CHARGE_PRIORITY
416.0,family_house,19.476198486599586,10.08,9.24,0.84,0.0,-9.396198486599586,Spring,CHARGE_PRIORITY
416.0,luxury_house,27.04133343593992,18.0,18.0,0.0,0.0,-9.041333435939917,Spring,CHARGE_PRIORITY
416.0,small_family,18.8323572143153,6.5,6.5,0.0,0.0,-12.332357214315302,Spring,CHARGE_PRIORITY
417.0,apartment,13.6779402369988,3.6399999999999997,3.6399999999999997,0.0,0.0,-10.037940236998802,Spring,CHARGE_PRIORITY
417.0,family_house,21.21834318816481,10.08,9.24,0.84,0.0,-11.13834318816481,Spring,CHARGE_PRIORITY
417.0,luxury_house,29.460178971997422,18.0,18.0,0.0,0.0,-11.46017897199742,Spring,CHARGE_PRIORITY
417.0,small_family,20.516910355498204,6.5,6.5,0.0,0.0,-14.016910355498204,Spring,CHARGE_PRIORITY
418.0,apartment,13.816728758527319,3.6399999999999997,3.6399999999999997,0.0,0.0,-10.176728758527318,Spring,CHARGE_PRIORITY
418.0,family_house,21.43364333053597,10.08,9.24,0.84,0.0,-11.353643330535967,Spring,CHARGE_PRIORITY
418.0,luxury_house,29.75910809528961,18.0,18.0,0.0,0.0,-11.759108095289609,Spring,CHARGE_PRIORITY
418.0,small_family,20.725093137790974,6.5,6.5,0.0,0.0,-14.225093137790976,Spring,CHARGE_PRIORITY
419.0,apartment,14.470789883198446,3.6399999999999997,3.6399999999999997,0.0,0.0,-10.830789883198445,Spring,CHARGE_PRIORITY
419.0,family_house,22.44827661367964,10.08,9.24,0.84,0.0,-12.368276613679642,Spring,CHARGE_PRIORITY
419.0,luxury_house,31.167855133042806,18.0,18.0,0.0,0.0,-13.167855133042806,Spring,CHARGE_PRIORITY
419.0,small_family,21.706184824797667,6.5,6.5,0.0,0.0,-15.206184824797669,Spring,CHARGE_PRIORITY
420.0,apartment,14.4585088398397,3.6399999999999997,3.6399999999999997,0.0,0.0,-10.818508839839701,Spring,CHARGE_PRIORITY
420.0,family_house,22.4292252515462,10.08,9.24,0.84,0.0,-12.349225251546201,Spring,CHARGE_PRIORITY
420.0,luxury_house,31.141403655039355,18.0,18.0,0.0,0.0,-13.141403655039355,Spring,CHARGE_PRIORITY
420.0,small_family,21.68776325975955,6.5,6.5,0.0,0.0,-15.18776325975955,Spring,CHARGE_PRIORITY
421.0,apartment,15.00182917628897,3.6399999999999997,3.6399999999999997,0.0,0.0,-11.36182917628897,Spring,CHARGE_PRIORITY
421.0,family_house,23.272068337576474,10.08,9.24,0.84,0.0,-13.192068337576478,Spring,CHARGE_PRIORITY
421.0,luxury_house,32.311632072007015,18.0,18.0,0.0,0.0,-14.311632072007011,Spring,CHARGE_PRIORITY
421.0,small_family,22.502743764433454,6.5,6.5,0.0,1.9416853414960797,-16.002743764433454,Spring,CHARGE_PRIORITY
422.0,apartment,16.411080229484277,3.6399999999999997,3.6399999999999997,0.0,0.9915308020705819,-12.771080229484276,Spring,CHARGE_PRIORITY
422.0,family_house,25.45821420214869,10.08,9.24,0.84,0.0,-15.378214202148689,Spring,CHARGE_PRIORITY
422.0,luxury_house,35.34694203273536,18.0,18.0,0.0,0.0,-17.346942032735363,Spring,CHARGE_PRIORITY
422.0,small_family,24.616620344226416,6.5,6.5,0.0,3.411649610075289,-18.116620344226416,Spring,CHARGE_PRIORITY
423.0,apartment,17.14420352060681,3.6399999999999997,3.6399999999999997,0.0,4.268404809659685,-13.50420352060681,Spring,CHARGE_PRIORITY
423.0,family_house,26.5954952050439,10.08,9.24,0.84,0.0,-16.5154952050439,Spring,CHARGE_PRIORITY
423.0,luxury_house,36.92597681361467,18.0,18.0,0.0,0.0,-18.925976813614668,Spring,CHARGE_PRIORITY
423.0,small_family,25.716305280910216,6.5,6.5,0.0,8.052404575263877,-19.216305280910216,Spring,CHARGE_PRIORITY
424.0,apartment,12.960411360376842,3.6399999999999997,3.6399999999999997,0.0,5.33415016621823,-9.320411360376841,Spring,CHARGE_PRIORITY
424.0,family_house,20.105253520584586,10.08,9.24,0.84,0.0,-10.025253520584586,Spring,CHARGE_PRIORITY
424.0,luxury_house,27.914732160811656,18.0,18.0,0.0,0.0,-9.914732160811656,Spring,CHARGE_PRIORITY
424.0,small_family,19.44061704056526,6.5,6.5,0.0,12.940617040565263,-12.940617040565263,Spring,CHARGE_PRIORITY
425.0,apartment,8.171368230273476,3.6399999999999997,3.6399999999999997,0.0,4.531368230273477,-4.531368230273477,Spring,CHARGE_PRIORITY
425.0,family_house,12.676096870039622,10.08,9.24,0.84,0.0,-2.596096870039623,Spring,CHARGE_PRIORITY
425.0,luxury_house,17.599870034435178,18.0,18.0,0.0,0.0,0.4001299655648207,Spring,CHARGE_PRIORITY
425.0,small_family,12.257052345410216,6.5,6.5,0.0,5.757052345410216,-5.757052345410216,Spring,CHARGE_PRIORITY
426.0,apartment,5.892488554157272,27.288514312383963,27.288514312383963,0.0,0.0,21.396025758226692,Spring,CHARGE_PRIORITY
426.0,family_house,9.140911731449101,31.17313880612408,29.495058353612073,1.6780804525120043,0.0,22.032227074674978,Spring,CHARGE_PRIORITY
426.0,luxury_house,12.691513808954124,37.188929530630446,37.188929530630446,0.0,0.0,24.497415721676315,Spring,CHARGE_PRIORITY
426.0,small_family,8.838732831235907,25.01593162987943,25.01593162987943,0.0,0.03177420866693126,16.17719879864352,Spring,CHARGE_PRIORITY
427.0,apartment,0.0,20.637261346515018,20.637261346515018,0.0,0.0,20.637261346515018,Spring,CHARGE_PRIORITY
427.0,family_house,0.0,33.038880405420294,29.51009691231382,3.5287834931064737,0.0,33.038880405420294,Spring,CHARGE_PRIORITY
427.0,luxury_house,0.0,33.47934260749085,33.47934260749085,0.0,0.0,33.47934260749085,Spring,CHARGE_PRIORITY
427.0,small_family,0.0,21.025430983103185,21.025430983103185,0.0,0.0,21.025430983103185,Spring,CHARGE_PRIORITY
428.0,apartment,0.0,22.20092609669596,22.20092609669596,0.0,0.0,22.20092609669596,Spring,CHARGE_PRIORITY
428.0,family_house,0.0,26.17211738523542,24.03328067219301,2.1388367130424113,0.0,26.17211738523542,Spring,CHARGE_PRIORITY
428.0,luxury_house,0.0,37.349028697342675,28.524858683454237,8.824170013888434,0.0,37.349028697342675,Spring,CHARGE_PRIORITY
428.0,small_family,0.0,29.288709021823585,29.288709021823585,0.0,0.0,29.288709021823585,Spring,CHARGE_PRIORITY
429.0,apartment,0.0,21.45770367409913,19.92408060171676,1.5336230723823698,0.0,21.45770367409913,Spring,CHARGE_PRIORITY
429.0,family_house,0.0,28.193192104480865,23.863305795973037,4.329886308507828,0.0,28.193192104480865,Spring,CHARGE_PRIORITY
429.0,luxury_house,0.0,34.86779104253952,10.409923632163192,24.457867410376327,0.0,34.86779104253952,Spring,CHARGE_PRIORITY
429.0,small_family,0.0,28.284062494974652,27.40138340170986,0.8826790932647919,0.0,28.284062494974652,Spring,CHARGE_PRIORITY
430.0,apartment,1.5757304532896057,3.6399999999999997,3.076795265892463,0.5632047341075369,0.0,2.0642695467103938,Spring,CHARGE_PRIORITY
430.0,family_house,2.4444023698466957,10.08,7.775820460774451,2.304179539225548,0.0,7.6355976301533035,Spring,CHARGE_PRIORITY
430.0,luxury_house,3.3938809763160735,18.0,4.299951805460761,13.70004819453924,0.0,14.606119023683926,Spring,CHARGE_PRIORITY
430.0,small_family,2.3635956799344084,6.5,5.827267094144764,0.6727329058552358,0.0,4.1364043200655916,Spring,CHARGE_PRIORITY
431.0,apartment,3.5460753853707243,3.6399999999999997,3.4531060678127434,0.186893932187256,0.0,0.0939246146292752,Spring,CHARGE_PRIORITY
431.0,family_house,5.500963097818687,10.08,7.680315195649752,2.399684804350248,0.0,4.579036902181313,Spring,CHARGE_PRIORITY
431.0,luxury_house,7.637700830029252,18.0,7.176959574398679,10.823040425601322,0.0,10.362299169970747,Spring,CHARGE_PRIORITY
431.0,small_family,5.319113078056086,6.5,6.236492580038535,0.2635074199614651,0.0,1.1808869219439142,Spring,CHARGE_PRIORITY
432.0,apartment,0.0,3.6399999999999997,1.9599999999999997,1.6799999999999997,0.0,3.6399999999999997,Spring,CHARGE_PRIORITY
432.0,family_house,0.0,10.08,4.564750114789206,5.515249885210793,0.0,10.08,Spring,CHARGE_PRIORITY
432.0,luxury_house,0.0,18.0,0.0,18.0,0.0,18.0,Spring,CHARGE_PRIORITY
432.0,small_family,0.0,6.5,5.362168711274498,1.1378312887255029,0.0,6.5,Spring,CHARGE_PRIORITY
433.0,apartment,0.2985878584169015,3.6399999999999997,2.052884402461465,1.5871155975385343,0.0,3.3414121415830977,Spring,CHARGE_PRIORITY
433.0,family_house,0.4631939854928856,10.08,2.991643508341062,7.0883564916589386,0.0,9.616806014507114,Spring,CHARGE_PRIORITY
433.0,luxury_house,0.6431123104364032,18.0,0.5788010793927628,17.42119892060724,0.0,17.356887689563596,Spring,CHARGE_PRIORITY
433.0,small_family,0.4478817876253522,6.5,5.093021602045265,1.4069783979547346,0.0,6.052118212374648,Spring,CHARGE_PRIORITY
434.0,apartment,0.28550122696912744,3.6399999999999997,1.795118516185023,1.8448814838149765,0.0,3.3544987730308717,Spring,CHARGE_PRIORITY
434.0,family_house,0.4428929290162106,10.08,1.4301540888127038,8.649845911187295,0.0,9.63710707098379,Spring,CHARGE_PRIORITY
434.0,luxury_house,0.614925719625813,18.0,0.5534331476632317,17.44656685233677,0.0,17.385074280374187,Spring,CHARGE_PRIORITY
434.0,small_family,0.42825184045369125,6.5,4.605548283155005,1.8944517168449955,0.0,6.071748159546308,Spring,CHARGE_PRIORITY
435.0,apartment,0.05415703475565303,3.6399999999999997,1.4299946654031308,2.2100053345968687,0.0,3.5858429652443466,Spring,CHARGE_PRIORITY
435.0,family_house,0.09165036650956666,10.08,0.9156115523703925,9.164388447629607,0.0,9.988349633490433,Spring,CHARGE_PRIORITY
435.0,luxury_house,0.11664592101217576,18.0,0.10498132891095818,17.89501867108904,0.0,17.883354078987825,Spring,CHARGE_PRIORITY
435.0,small_family,0.08123555213347954,6.5,3.7179872688128635,2.7820127311871365,0.0,6.41876444786652,Spring,CHARGE_PRIORITY
436.0,apartment,0.09346096691993956,3.6399999999999997,1.451762997063351,2.1882370029366487,0.0,3.5465390330800597,Spring,CHARGE_PRIORITY
436.0,family_house,0.15816471324912848,10.08,0.970485888430531,9.109514111569469,0.0,9.921835286750872,Spring,CHARGE_PRIORITY
436.0,luxury_house,0.20130054413525442,18.0,0.18117048972172894,17.81882951027827,0.0,17.798699455864746,Spring,CHARGE_PRIORITY
436.0,small_family,0.14019145037990935,6.5,3.0526363386356645,3.447363661364336,0.0,6.35980854962009,Spring,CHARGE_PRIORITY
437.0,apartment,1.6237142997765897,3.6399999999999997,2.299287919876265,1.3407120801237347,0.0,2.01628570022341,Spring,CHARGE_PRIORITY
437.0,family_house,2.747824199621921,10.08,2.748552928615937,7.331447071384062,0.0,7.332175800378079,Spring,CHARGE_PRIORITY
437.0,luxury_house,3.4972307995188086,18.0,3.1475077195669274,14.852492280433074,0.0,14.502769200481191,Spring,CHARGE_PRIORITY
437.0,small_family,2.4355714496648844,6.5,3.602305109555148,2.8976948904448516,0.0,4.064428550335116,Spring,CHARGE_PRIORITY
438.0,apartment,10.442223609435496,3.6399999999999997,3.6399999999999997,0.0,0.0,-6.802223609435496,Spring,CHARGE_PRIORITY
438.0,family_house,17.671455339044684,10.08,10.08,0.0,0.0,-7.5914553390446855,Spring,CHARGE_PRIORITY
438.0,luxury_house,22.490943158784145,18.0,18.0,0.0,0.0,-4.4909431587841455,Spring,CHARGE_PRIORITY
438.0,small_family,15.663335414153245,6.5,6.5,0.0,0.0,-9.163335414153245,Spring,CHARGE_PRIORITY
439.0,apartment,10.66928590658042,3.6399999999999997,3.6399999999999997,0.0,0.0,-7.029285906580419,Spring,CHARGE_PRIORITY
439.0,family_house,18.055714611136093,10.08,10.08,0.0,0.0,-7.975714611136093,Spring,CHARGE_PRIORITY
439.0,luxury_house,22.98000041417321,18.0,18.0,0.0,0.0,-4.980000414173211,Spring,CHARGE_PRIORITY
439.0,small_family,16.00392885987063,6.5,6.5,0.0,0.0,-9.50392885987063,Spring,CHARGE_PRIORITY
440.0,apartment,10.957235134632315,3.6399999999999997,3.6399999999999997,0.0,0.0,-7.317235134632314,Spring,CHARGE_PRIORITY
440.0,family_house,18.54301330476238,10.08,10.08,0.0,0.0,-8.46301330476238,Spring,CHARGE_PRIORITY
440.0,luxury_house,23.600198751515755,18.0,18.0,0.0,0.0,-5.600198751515756,Spring,CHARGE_PRIORITY
440.0,small_family,16.435852701948473,6.5,6.5,0.0,0.0,-9.935852701948473,Spring,CHARGE_PRIORITY
441.0,apartment,11.614151755346516,3.6399999999999997,3.6399999999999997,0.0,0.0,-7.974151755346515,Spring,CHARGE_PRIORITY
441.0,family_house,19.654718355201794,10.08,10.08,0.0,0.0,-9.574718355201794,Spring,CHARGE_PRIORITY
441.0,luxury_house,25.015096088438646,18.0,18.0,0.0,0.0,-7.015096088438645,Spring,CHARGE_PRIORITY
441.0,small_family,17.42122763301977,6.5,6.5,0.0,0.0,-10.921227633019774,Spring,CHARGE_PRIORITY
442.0,apartment,12.361796937126945,3.6399999999999997,3.6399999999999997,0.0,0.0,-8.721796937126946,Spring,CHARGE_PRIORITY
442.0,family_house,20.919964047445596,10.08,10.08,0.0,0.0,-10.839964047445598,Spring,CHARGE_PRIORITY
442.0,luxury_house,26.62540878765803,18.0,18.0,0.0,0.0,-8.625408787658033,Spring,CHARGE_PRIORITY
442.0,small_family,18.542695405690417,6.5,6.5,0.0,0.0,-12.042695405690418,Spring,CHARGE_PRIORITY
443.0,apartment,13.249722238499558,3.6399999999999997,3.6399999999999997,0.0,0.0,-9.609722238499558,Spring,CHARGE_PRIORITY
443.0,family_house,22.422606865153096,10.08,10.08,0.0,0.0,-12.342606865153098,Spring,CHARGE_PRIORITY
443.0,luxury_house,28.53786328292212,18.0,18.0,0.0,0.0,-10.537863282922121,Spring,CHARGE_PRIORITY
443.0,small_family,19.874583357749337,6.5,6.5,0.0,0.0,-13.374583357749337,Spring,CHARGE_PRIORITY
444.0,apartment,14.292500694827677,3.6399999999999997,3.6399999999999997,0.0,0.0,-10.652500694827676,Spring,CHARGE_PRIORITY
444.0,family_house,24.187308868169914,10.08,10.08,0.0,0.0,-14.107308868169916,Spring,CHARGE_PRIORITY
444.0,luxury_house,30.783847650398073,18.0,18.0,0.0,0.0,-12.783847650398073,Spring,CHARGE_PRIORITY
444.0,small_family,21.438751042241513,6.5,6.5,0.0,0.0,-14.938751042241515,Spring,CHARGE_PRIORITY
445.0,apartment,15.373578177822841,3.6399999999999997,3.6399999999999997,0.0,0.0,-11.73357817782284,Spring,CHARGE_PRIORITY
445.0,family_house,26.016824608623267,10.08,10.08,0.0,0.0,-15.93682460862327,Spring,CHARGE_PRIORITY
445.0,luxury_house,33.11232222915689,18.0,18.0,0.0,0.0,-15.112322229156886,Spring,CHARGE_PRIORITY
445.0,small_family,23.06036726673426,6.5,6.5,0.0,0.0,-16.56036726673426,Spring,CHARGE_PRIORITY
446.0,apartment,16.437244336239445,3.6399999999999997,3.6399999999999997,0.0,0.0,-12.797244336239444,Spring,CHARGE_PRIORITY
446.0,family_house,27.81687503055906,10.08,10.08,0.0,0.0,-17.736875030559062,Spring,CHARGE_PRIORITY
446.0,luxury_house,35.403295493438804,18.0,18.0,0.0,0.0,-17.403295493438804,Spring,CHARGE_PRIORITY
446.0,small_family,24.65586650435917,6.5,6.5,0.0,0.0,-18.15586650435917,Spring,CHARGE_PRIORITY
447.0,apartment,16.507249288551602,3.6399999999999997,3.6399999999999997,0.0,0.09142550419182155,-12.867249288551601,Spring,CHARGE_PRIORITY
447.0,family_house,27.935344949856553,10.08,10.08,0.0,0.0,-17.855344949856555,Spring,CHARGE_PRIORITY
447.0,luxury_house,35.554075390726524,18.0,18.0,0.0,0.0,-17.554075390726524,Spring,CHARGE_PRIORITY
447.0,small_family,24.7608739328274,6.5,6.5,0.0,0.0,-18.2608739328274,Spring,CHARGE_PRIORITY
448.0,apartment,12.453801473904704,3.6399999999999997,3.6399999999999997,0.0,1.2688077535383695,-8.813801473904704,Spring,CHARGE_PRIORITY
448.0,family_house,21.075664032761807,10.08,10.08,0.0,0.0,-10.995664032761807,Spring,CHARGE_PRIORITY
448.0,luxury_house,26.82357240533321,18.0,18.0,0.0,0.0,-8.82357240533321,Spring,CHARGE_PRIORITY
448.0,small_family,18.680702210857056,6.5,6.5,0.0,3.1117810076268677,-12.180702210857056,Spring,CHARGE_PRIORITY
449.0,apartment,7.292327237418269,3.6399999999999997,3.6399999999999997,0.0,0.9098069566464371,-3.6523272374182696,Spring,CHARGE_PRIORITY
449.0,family_house,12.34086147870784,10.08,10.08,0.0,0.0,-2.2608614787078394,Spring,CHARGE_PRIORITY
449.0,luxury_house,15.706550972900887,18.0,18.0,0.0,0.0,2.293449027099113,Spring,CHARGE_PRIORITY
449.0,small_family,10.938490856127403,6.5,6.5,0.0,4.4384908561274035,-4.4384908561274035,Spring,CHARGE_PRIORITY
450.0,apartment,7.049038323689238,26.29438502107235,26.29438502107235,0.0,0.0,19.245346697383113,Spring,CHARGE_PRIORITY
450.0,family_house,11.929141778551019,28.889887581031438,28.889887581031438,0.0,0.0,16.960745802480417,Spring,CHARGE_PRIORITY
450.0,luxury_house,15.182544081792205,40.717362317899806,40.717362317899806,0.0,0.0,25.5348182361076,Spring,CHARGE_PRIORITY
450.0,small_family,10.573557485533858,30.53100676169114,30.53100676169114,0.0,0.2895662753022158,19.95744927615728,Spring,CHARGE_PRIORITY
451.0,apartment,0.0,24.252042075583212,24.252042075583212,0.0,0.0,24.252042075583212,Spring,CHARGE_PRIORITY
451.0,family_house,0.0,32.290440844161324,32.290440844161324,0.0,0.0,32.290440844161324,Spring,CHARGE_PRIORITY
451.0,luxury_house,0.0,38.797310945412,36.72941550285662,2.0678954425553844,0.0,38.797310945412,Spring,CHARGE_PRIORITY
451.0,small_family,0.0,24.500350008006762,24.500350008006762,0.0,0.0,24.500350008006762,Spring,CHARGE_PRIORITY
452.0,apartment,0.0,31.1577313638925,29.5656001260715,1.5921312378209964,0.0,31.1577313638925,Spring,CHARGE_PRIORITY
452.0,family_house,0.0,27.49530360835405,27.49530360835405,0.0,0.0,27.49530360835405,Spring,CHARGE_PRIORITY
452.0,luxury_house,0.0,34.20571889580816,12.915205157588494,21.290513738219666,0.0,34.20571889580816,Spring,CHARGE_PRIORITY
452.0,small_family,0.0,29.992773737131277,29.992773737131277,0.0,0.0,29.992773737131277,Spring,CHARGE_PRIORITY
453.0,apartment,0.0,29.323501923445974,15.859555440166941,13.463946483279033,0.0,29.323501923445974,Spring,CHARGE_PRIORITY
453.0,family_house,0.0,26.30287552576216,19.947402109153373,6.355473416608791,0.0,26.30287552576216,Spring,CHARGE_PRIORITY
453.0,luxury_house,0.0,36.052434318624655,1.2721638581696704,34.780270460454986,0.0,36.052434318624655,Spring,CHARGE_PRIORITY
453.0,small_family,0.0,26.508964478584875,25.07855784632823,1.430406632256645,0.0,26.508964478584875,Spring,CHARGE_PRIORITY
454.0,apartment,0.5438778697817415,3.6399999999999997,1.7012246663406567,1.938775333659343,0.0,3.096122130218258,Spring,CHARGE_PRIORITY
454.0,family_house,0.9204087027075625,10.08,5.4333143792439484,4.646685620756051,0.0,9.159591297292437,Spring,CHARGE_PRIORITY
454.0,luxury_house,1.1714292579914432,18.0,1.0542863321922986,16.945713667807702,0.0,16.82857074200856,Spring,CHARGE_PRIORITY
454.0,small_family,0.8158168046726122,6.5,5.298995759590601,1.2010042404093988,0.0,5.684183195327388,Spring,CHARGE_PRIORITY
455.0,apartment,3.4074340124845106,3.6399999999999997,3.2775113579901944,0.36248864200980513,0.0,0.23256598751548896,Spring,CHARGE_PRIORITY
455.0,family_house,5.766426790358402,10.08,7.126511803064623,2.9534881969353775,0.0,4.313573209641597,Spring,CHARGE_PRIORITY
455.0,luxury_house,7.33908864227433,18.0,6.605179778046896,11.394820221953104,0.0,10.66091135772567,Spring,CHARGE_PRIORITY
455.0,small_family,5.1111510187267655,6.5,5.915395666724335,0.5846043332756652,0.0,1.3888489812732343,Spring,CHARGE_PRIORITY
456.0,apartment,0.0,3.6399999999999997,1.1199999999999999,2.5199999999999996,0.0,3.6399999999999997,Spring,CHARGE_PRIORITY
456.0,family_house,0.0,10.08,2.558715992034587,7.521284007965413,0.0,10.08,Spring,CHARGE_PRIORITY
456.0,luxury_house,0.0,18.0,0.0,18.0,0.0,18.0,Spring,CHARGE_PRIORITY
456.0,small_family,0.0,6.5,3.9587956508322297,2.5412043491677703,0.0,6.5,Spring,CHARGE_PRIORITY
457.0,apartment,1.070258438471714,3.6399999999999997,1.6153521537389577,2.024647846261042,0.0,2.5697415615282857,Spring,CHARGE_PRIORITY
457.0,family_house,1.8112065881829003,10.08,3.0620485073103754,7.017951492689623,0.0,8.2687934118171,Spring,CHARGE_PRIORITY
457.0,luxury_house,2.3051720213236915,18.0,2.0746548191913226,15.925345180808678,0.0,15.69482797867631,Spring,CHARGE_PRIORITY
457.0,small_family,1.6053876577075707,6.5,4.166853334740067,2.3331466652599326,0.0,4.8946123422924295,Spring,CHARGE_PRIORITY
458.0,apartment,1.9450951984873093,3.6399999999999997,2.186604368183522,1.4533956318164778,0.0,1.6949048015126904,Spring,CHARGE_PRIORITY
458.0,family_house,3.2916995666708315,10.08,3.872337066267572,6.207662933732427,0.0,6.788300433329168,Spring,CHARGE_PRIORITY
458.0,luxury_house,4.189435812126512,18.0,3.7704922309138613,14.229507769086139,0.0,13.810564187873487,Spring,CHARGE_PRIORITY
458.0,small_family,2.9176427977309642,6.5,4.71194393136517,1.7880560686348304,0.0,3.582357202269036,Spring,CHARGE_PRIORITY
459.0,apartment,2.250628408436607,3.6399999999999997,2.334984467895564,1.3050155321044354,0.0,1.3893715915633928,Spring,CHARGE_PRIORITY
459.0,family_house,3.808755768123489,10.08,3.982223508701878,6.097776491298122,0.0,6.27124423187651,Spring,CHARGE_PRIORITY
459.0,luxury_house,4.847507341248076,18.0,4.362756607123268,13.63724339287673,0.0,13.152492658751923,Spring,CHARGE_PRIORITY
459.0,small_family,3.37594261265491,6.5,4.892936095535189,1.6070639044648112,0.0,3.12405738734509,Spring,CHARGE_PRIORITY
460.0,apartment,2.587387092640351,3.6399999999999997,2.5303947859338054,1.109605214066194,0.0,1.0526129073596486,Spring,CHARGE_PRIORITY
460.0,family_house,4.378655079852901,10.08,4.073795789959104,6.006204210040895,0.0,5.701344920147099,Spring,CHARGE_PRIORITY
460.0,luxury_house,5.572833737994602,18.0,5.015550364195142,12.98444963580486,0.0,12.427166262005397,Spring,CHARGE_PRIORITY
460.0,small_family,3.8810806389605266,6.5,4.73827660009354,1.7617233999064594,0.0,2.6189193610394734,Spring,CHARGE_PRIORITY
461.0,apartment,2.7899403090811687,3.6399999999999997,2.684646850761813,0.9553531492381866,0.0,0.8500596909188309,Spring,CHARGE_PRIORITY
461.0,family_house,4.7214374461373625,10.08,4.249293701523626,5.830706298476374,0.0,5.358562553862637,Spring,CHARGE_PRIORITY
461.0,luxury_house,6.009102204174825,18.0,5.408191983757343,12.591808016242659,0.0,11.990897795825175,Spring,CHARGE_PRIORITY
461.0,small_family,4.184910463621753,6.5,4.809321180271554,1.690678819728446,0.0,2.315089536378247,Spring,CHARGE_PRIORITY
462.0,apartment,11.568124074106407,3.6399999999999997,3.6399999999999997,0.0,0.0,-7.9281240741064085,Spring,CHARGE_PRIORITY
462.0,family_house,19.576825356180073,10.08,10.08,0.0,0.0,-9.496825356180075,Spring,CHARGE_PRIORITY
462.0,luxury_house,24.91595954422919,18.0,18.0,0.0,0.0,-6.915959544229187,Spring,CHARGE_PRIORITY
462.0,small_family,17.35218611115961,6.5,6.5,0.0,0.0,-10.852186111159611,Spring,CHARGE_PRIORITY
463.0,apartment,11.655681999255028,3.6399999999999997,3.6399999999999997,0.0,0.0,-8.01568199925503,Spring,CHARGE_PRIORITY
463.0,family_house,19.72500030643159,10.08,10.08,0.0,0.0,-9.64500030643159,Spring,CHARGE_PRIORITY
463.0,luxury_house,25.104545844549293,18.0,18.0,0.0,0.0,-7.104545844549294,Spring,CHARGE_PRIORITY
463.0,small_family,17.483522998882545,6.5,6.5,0.0,0.0,-10.983522998882545,Spring,CHARGE_PRIORITY
464.0,apartment,11.65523745814906,3.6399999999999997,3.6399999999999997,0.0,0.0,-8.01523745814906,Spring,CHARGE_PRIORITY
464.0,family_house,19.72424800609841,10.08,10.08,0.0,0.0,-9.64424800609841,Spring,CHARGE_PRIORITY
464.0,luxury_house,25.103588371397976,18.0,18.0,0.0,0.0,-7.103588371397976,Spring,CHARGE_PRIORITY
464.0,small_family,17.48285618722359,6.5,6.5,0.0,0.0,-10.98285618722359,Spring,CHARGE_PRIORITY
465.0,apartment,12.460940103907541,3.6399999999999997,3.6399999999999997,0.0,0.0,-8.820940103907542,Spring,CHARGE_PRIORITY
465.0,family_house,21.087744791228147,10.08,10.08,0.0,0.0,-11.007744791228147,Spring,CHARGE_PRIORITY
465.0,luxury_house,26.838947916108552,18.0,18.0,0.0,0.0,-8.83894791610855,Spring,CHARGE_PRIORITY
465.0,small_family,18.691410155861313,6.5,6.5,0.0,0.0,-12.191410155861313,Spring,CHARGE_PRIORITY
466.0,apartment,13.298479625782889,3.6399999999999997,3.6399999999999997,0.0,0.0,-9.65847962578289,Spring,CHARGE_PRIORITY
466.0,family_house,22.505119366709508,10.08,10.08,0.0,0.0,-12.425119366709506,Spring,CHARGE_PRIORITY
466.0,luxury_house,28.64287919399392,18.0,18.0,0.0,0.0,-10.64287919399392,Spring,CHARGE_PRIORITY
466.0,small_family,19.947719438674334,6.5,6.5,0.0,0.0,-13.447719438674335,Spring,CHARGE_PRIORITY
467.0,apartment,13.542206764430805,3.6399999999999997,3.6399999999999997,0.0,0.0,-9.902206764430806,Spring,CHARGE_PRIORITY
467.0,family_house,22.91758067826752,10.08,10.08,0.0,0.0,-12.837580678267518,Spring,CHARGE_PRIORITY
467.0,luxury_house,29.167829954158663,18.0,18.0,0.0,0.0,-11.167829954158663,Spring,CHARGE_PRIORITY
467.0,small_family,20.31331014664621,6.5,6.5,0.0,0.0,-13.81331014664621,Spring,CHARGE_PRIORITY
468.0,apartment,14.812374523381054,3.6399999999999997,3.6399999999999997,0.0,0.0,-11.172374523381054,Spring,CHARGE_PRIORITY
468.0,family_house,25.067095347260246,10.08,10.08,0.0,0.0,-14.987095347260247,Spring,CHARGE_PRIORITY
468.0,luxury_house,31.90357589651304,18.0,18.0,0.0,0.0,-13.90357589651304,Spring,CHARGE_PRIORITY
468.0,small_family,22.218561785071582,6.5,6.5,0.0,0.0,-15.718561785071582,Spring,CHARGE_PRIORITY
469.0,apartment,15.935148401688279,3.6399999999999997,3.6399999999999997,0.0,0.0,-12.295148401688278,Spring,CHARGE_PRIORITY
469.0,family_house,26.967174218241702,10.08,10.08,0.0,0.0,-16.887174218241704,Spring,CHARGE_PRIORITY
469.0,luxury_house,34.32185809594399,18.0,18.0,0.0,0.0,-16.321858095943988,Spring,CHARGE_PRIORITY
469.0,small_family,23.90272260253242,6.5,6.5,0.0,0.0,-17.40272260253242,Spring,CHARGE_PRIORITY
470.0,apartment,16.858164462480282,3.6399999999999997,3.6399999999999997,0.0,0.0,-13.218164462480281,Spring,CHARGE_PRIORITY
470.0,family_house,28.529201398043558,10.08,10.08,0.0,0.0,-18.44920139804356,Spring,CHARGE_PRIORITY
470.0,luxury_house,36.30989268841907,18.0,18.0,0.0,0.0,-18.309892688419072,Spring,CHARGE_PRIORITY
470.0,small_family,25.287246693720423,6.5,6.5,0.0,1.4410759910937943,-18.787246693720423,Spring,CHARGE_PRIORITY
471.0,apartment,16.849538315204796,3.6399999999999997,3.6399999999999997,0.0,0.10500088892916143,-13.209538315204796,Spring,CHARGE_PRIORITY
471.0,family_house,28.514603302654272,10.08,10.08,0.0,0.0,-18.434603302654274,Spring,CHARGE_PRIORITY
471.0,luxury_house,36.29131329428726,18.0,18.0,0.0,0.0,-18.291313294287256,Spring,CHARGE_PRIORITY
471.0,small_family,25.274307472807195,6.5,6.5,0.0,3.7377325574150504,-18.774307472807195,Spring,CHARGE_PRIORITY
472.0,apartment,12.872615888176604,3.6399999999999997,3.6399999999999997,0.0,0.7395631527375259,-9.232615888176603,Spring,CHARGE_PRIORITY
472.0,family_house,21.78442688768348,10.08,10.08,0.0,0.0,-11.704426887683482,Spring,CHARGE_PRIORITY
472.0,luxury_house,27.725634220688065,18.0,18.0,0.0,0.0,-9.725634220688065,Spring,CHARGE_PRIORITY
472.0,small_family,19.308923832264906,6.5,6.5,0.0,12.364163564533708,-12.808923832264904,Spring,CHARGE_PRIORITY
473.0,apartment,9.704260367738165,3.6399999999999997,3.6399999999999997,0.0,3.994419155409901,-6.064260367738165,Spring,CHARGE_PRIORITY
473.0,family_house,16.42259446847997,10.08,10.08,0.0,0.0,-6.342594468479973,Spring,CHARGE_PRIORITY
473.0,luxury_house,20.90148386897451,18.0,18.0,0.0,0.0,-2.901483868974511,Spring,CHARGE_PRIORITY
473.0,small_family,14.556390551607247,6.5,6.5,0.0,8.056390551607247,-8.056390551607247,Spring,CHARGE_PRIORITY
474.0,apartment,8.26516574452935,22.496061036899125,22.496061036899125,0.0,0.6388826123352614,14.230895292369777,Spring,CHARGE_PRIORITY
474.0,family_house,13.987203567665052,28.368737162156346,28.368737162156346,0.0,0.0,14.381533594491296,Spring,CHARGE_PRIORITY
474.0,luxury_house,17.80189544975552,40.90505091301877,40.90505091301877,0.0,0.0,23.103155463263246,Spring,CHARGE_PRIORITY
474.0,small_family,12.397748616794024,30.800799879641023,30.800799879641023,0.0,0.31567312043065476,18.403051262846997,Spring,CHARGE_PRIORITY
475.0,apartment,0.0,25.98661305357035,25.98661305357035,0.0,0.0,25.98661305357035,Spring,CHARGE_PRIORITY
475.0,family_house,0.0,29.153539572147267,29.153539572147267,0.0,0.0,29.153539572147267,Spring,CHARGE_PRIORITY
475.0,luxury_house,0.0,39.690526374371515,39.690526374371515,0.0,0.0,39.690526374371515,Spring,CHARGE_PRIORITY
475.0,small_family,0.0,23.36471315565507,23.36471315565507,0.0,0.0,23.36471315565507,Spring,CHARGE_PRIORITY
476.0,apartment,0.0,20.054953465321265,20.054953465321265,0.0,0.0,20.054953465321265,Spring,CHARGE_PRIORITY
476.0,family_house,0.0,27.309179617408432,27.309179617408432,0.0,0.0,27.309179617408432,Spring,CHARGE_PRIORITY
476.0,luxury_house,0.0,37.27673465193077,26.699210216825538,10.577524435105232,0.0,37.27673465193077,Spring,CHARGE_PRIORITY
476.0,small_family,0.0,24.629293693750824,24.629293693750824,0.0,0.0,24.629293693750824,Spring,CHARGE_PRIORITY
477.0,apartment,0.0,21.608204446321004,19.372643156539162,2.2355612897818413,0.0,21.608204446321004,Spring,CHARGE_PRIORITY
477.0,family_house,0.0,25.151916096976752,23.669182174233473,1.482733922743277,0.0,25.151916096976752,Spring,CHARGE_PRIORITY
477.0,luxury_house,0.0,32.91482896224866,5.231676400901273,27.68315256134739,0.0,32.91482896224866,Spring,CHARGE_PRIORITY
477.0,small_family,0.0,29.035282621715304,29.035282621715304,0.0,0.0,29.035282621715304,Spring,CHARGE_PRIORITY
478.0,apartment,1.5154692427766498,3.6399999999999997,3.2898342028459973,0.3501657971540023,0.0,2.12453075722335,Spring,CHARGE_PRIORITY
478.0,family_house,2.564640257006638,10.08,8.61050479067902,1.4694952093209803,0.0,7.515359742993362,Spring,CHARGE_PRIORITY
478.0,luxury_house,3.264087599826631,18.0,2.9376788398439673,15.062321160156033,0.0,14.735912400173369,Spring,CHARGE_PRIORITY
478.0,small_family,2.2732038641649748,6.5,6.464003223729232,0.03599677627076808,0.0,4.226796135835025,Spring,CHARGE_PRIORITY
479.0,apartment,4.2761923237707045,3.6399999999999997,3.6399999999999997,0.0,0.0,-0.6361923237707048,Spring,CHARGE_PRIORITY
479.0,family_house,7.236633163304269,10.08,9.18824246174346,0.8917575382565394,0.0,2.8433668366957305,Spring,CHARGE_PRIORITY
479.0,luxury_house,9.210260389659979,18.0,8.289234350693981,9.710765649306019,0.0,8.789739610340021,Spring,CHARGE_PRIORITY
479.0,small_family,6.414288485656057,6.5,6.444066125930035,0.05593387406996536,0.0,0.0857115143439433,Spring,CHARGE_PRIORITY
480.0,apartment,0.0,3.6399999999999997,3.1120881679067125,0.5279118320932871,0.0,3.6399999999999997,Spring,CHARGE_PRIORITY
480.0,family_house,0.0,10.08,7.197898596342555,2.882101403657445,0.0,10.08,Spring,CHARGE_PRIORITY
480.0,luxury_house,0.0,18.0,0.0,18.0,0.0,18.0,Spring,CHARGE_PRIORITY
480.0,small_family,0.0,6.5,6.0,0.5,0.0,6.5,Spring,CHARGE_PRIORITY
481.0,apartment,1.4837470322109363,3.6399999999999997,2.9754089414923994,0.6645910585075999,0.0,2.1562529677890634,Spring,CHARGE_PRIORITY
481.0,family_house,2.510956516049277,10.08,6.462276988818093,3.6177230111819063,0.0,7.569043483950724,Spring,CHARGE_PRIORITY
481.0,luxury_house,3.1957628386081707,18.0,2.8761865547473535,15.123813445252646,0.0,14.804237161391828,Spring,CHARGE_PRIORITY
481.0,small_family,2.2256205483164044,6.5,5.799594803802381,0.7004051961976185,0.0,4.274379451683596,Spring,CHARGE_PRIORITY
482.0,apartment,2.16913231100379,3.6399999999999997,3.0816456388576654,0.5583543611423342,0.0,1.4708676889962098,Spring,CHARGE_PRIORITY
482.0,family_house,3.6708392955448756,10.08,5.562503577326925,4.517496422673075,0.0,6.4091607044551235,Spring,CHARGE_PRIORITY
482.0,luxury_house,4.671977285238932,18.0,4.204779556715039,13.795220443284961,0.0,13.328022714761067,Spring,CHARGE_PRIORITY
482.0,small_family,3.2536984665056847,6.5,5.675768143043489,0.8242318569565116,0.0,3.2463015334943153,Spring,CHARGE_PRIORITY
483.0,apartment,2.2692920464331436,3.6399999999999997,3.025524169919165,0.6144758300808348,0.0,1.3707079535668558,Spring,CHARGE_PRIORITY
483.0,family_house,3.8403403862714747,10.08,5.664204231762884,4.415795768237116,0.0,6.2396596137285245,Spring,CHARGE_PRIORITY
483.0,luxury_house,4.8877059461636945,18.0,4.398935351547325,13.601064648452674,0.0,13.112294053836305,Spring,CHARGE_PRIORITY
483.0,small_family,3.403938069649716,6.5,5.49105171442513,1.0089482855748697,0.0,3.096061930350284,Spring,CHARGE_PRIORITY
484.0,apartment,2.375896975091182,3.6399999999999997,3.0624258759931013,0.5775741240068983,0.0,1.2641030249088177,Spring,CHARGE_PRIORITY
484.0,family_house,4.020748727077385,10.08,5.521394564444193,4.5586054355558066,0.0,6.059251272922614,Spring,CHARGE_PRIORITY
484.0,luxury_house,5.117316561734854,18.0,4.6055849055613685,13.394415094438633,0.0,12.882683438265145,Spring,CHARGE_PRIORITY
484.0,small_family,3.5638454626367735,6.5,5.304307472274545,1.195692527725455,0.0,2.9361545373632265,Spring,CHARGE_PRIORITY
485.0,apartment,2.530633478676852,3.6399999999999997,3.115988511849679,0.5240114881503206,0.0,1.109366521323148,Spring,CHARGE_PRIORITY
485.0,family_house,4.282610502376211,10.08,5.009782843601081,5.070217156398918,0.0,5.797389497623789,Spring,CHARGE_PRIORITY
485.0,luxury_house,5.45059518484245,18.0,4.905535666358205,13.094464333641795,0.0,12.54940481515755,Spring,CHARGE_PRIORITY
485.0,small_family,3.7959502180152773,6.5,4.9094761281076895,1.5905238718923103,0.0,2.7040497819847227,Spring,CHARGE_PRIORITY
486.0,apartment,11.334663332318968,3.6399999999999997,3.6399999999999997,0.0,0.0,-7.694663332318969,Spring,CHARGE_PRIORITY
486.0,family_house,19.18173794700133,10.08,10.08,0.0,0.0,-9.101737947001329,Spring,CHARGE_PRIORITY
486.0,luxury_house,24.413121023456235,18.0,18.0,0.0,0.0,-6.413121023456236,Spring,CHARGE_PRIORITY
486.0,small_family,17.00199499847845,6.5,6.5,0.0,0.0,-10.501994998478452,Spring,CHARGE_PRIORITY
487.0,apartment,11.333989239659175,3.6399999999999997,3.6399999999999997,0.0,0.0,-7.693989239659175,Spring,CHARGE_PRIORITY
487.0,family_house,19.180597174807836,10.08,10.08,0.0,0.0,-9.100597174807836,Spring,CHARGE_PRIORITY
487.0,luxury_house,24.41166913157361,18.0,18.0,0.0,0.0,-6.411669131573612,Spring,CHARGE_PRIORITY
487.0,small_family,17.000983859488763,6.5,6.5,0.0,0.0,-10.500983859488763,Spring,CHARGE_PRIORITY
488.0,apartment,11.684096556353587,3.6399999999999997,3.6399999999999997,0.0,0.0,-8.044096556353587,Spring,CHARGE_PRIORITY
488.0,family_house,19.773086479982997,10.08,10.08,0.0,0.0,-9.693086479982997,Spring,CHARGE_PRIORITY
488.0,luxury_house,25.16574642906927,18.0,18.0,0.0,0.0,-7.165746429069269,Spring,CHARGE_PRIORITY
488.0,small_family,17.52614483453038,6.5,6.5,0.0,0.0,-11.026144834530381,Spring,CHARGE_PRIORITY
489.0,apartment,12.592041641285181,3.6399999999999997,3.6399999999999997,0.0,0.0,-8.952041641285183,Spring,CHARGE_PRIORITY
489.0,family_house,21.30960893140569,10.08,10.08,0.0,0.0,-11.229608931405693,Spring,CHARGE_PRIORITY
489.0,luxury_house,27.121320458152702,18.0,18.0,0.0,0.0,-9.1213204581527,Spring,CHARGE_PRIORITY
489.0,small_family,18.88806246192777,6.5,6.5,0.0,0.0,-12.388062461927772,Spring,CHARGE_PRIORITY
490.0,apartment,13.274479277760722,3.6399999999999997,3.6399999999999997,0.0,0.0,-9.634479277760724,Spring,CHARGE_PRIORITY
490.0,family_house,22.464503393133533,10.08,10.08,0.0,0.0,-12.384503393133535,Spring,CHARGE_PRIORITY
490.0,luxury_house,28.591186136715407,18.0,18.0,0.0,0.0,-10.591186136715406,Spring,CHARGE_PRIORITY
490.0,small_family,19.91171891664109,6.5,6.5,0.0,0.0,-13.411718916641087,Spring,CHARGE_PRIORITY
491.0,apartment,14.388869494425913,3.6399999999999997,3.6399999999999997,0.0,0.0,-10.748869494425913,Spring,CHARGE_PRIORITY
491.0,family_house,24.35039452902847,10.08,10.08,0.0,0.0,-14.270394529028474,Spring,CHARGE_PRIORITY
491.0,luxury_house,30.991411218763506,18.0,18.0,0.0,0.0,-12.991411218763506,Spring,CHARGE_PRIORITY
491.0,small_family,21.58330424163887,6.5,6.5,0.0,0.0,-15.083304241638873,Spring,CHARGE_PRIORITY
492.0,apartment,15.366879326395631,3.6399999999999997,3.6399999999999997,0.0,0.0,-11.72687932639563,Spring,CHARGE_PRIORITY
492.0,family_house,26.005488090823377,10.08,10.08,0.0,0.0,-15.92548809082338,Spring,CHARGE_PRIORITY
492.0,luxury_house,33.09789393377521,18.0,18.0,0.0,0.0,-15.097893933775207,Spring,CHARGE_PRIORITY
492.0,small_family,23.05031898959345,6.5,6.5,0.0,0.0,-16.55031898959345,Spring,CHARGE_PRIORITY
493.0,apartment,16.29660734319341,3.6399999999999997,3.6399999999999997,0.0,0.26885083802567816,-12.65660734319341,Spring,CHARGE_PRIORITY
493.0,family_house,27.578873965404235,10.08,10.08,0.0,0.0,-17.498873965404236,Spring,CHARGE_PRIORITY
493.0,luxury_house,35.10038504687812,18.0,18.0,0.0,0.0,-17.100385046878117,Spring,CHARGE_PRIORITY
493.0,small_family,24.44491101479012,6.5,6.5,0.0,0.0,-17.94491101479012,Spring,CHARGE_PRIORITY
494.0,apartment,17.271127763554528,3.6399999999999997,3.6399999999999997,0.0,1.5087497032609056,-13.631127763554527,Spring,CHARGE_PRIORITY
494.0,family_house,29.228062369092278,10.08,10.08,0.0,0.0,-19.14806236909228,Spring,CHARGE_PRIORITY
494.0,luxury_house,37.199352106117445,18.0,18.0,0.0,0.0,-19.199352106117445,Spring,CHARGE_PRIORITY
494.0,small_family,25.906691645331794,6.5,6.5,0.0,1.2164114122671028,-19.406691645331794,Spring,CHARGE_PRIORITY
495.0,apartment,17.420551154266636,3.6399999999999997,3.6399999999999997,0.0,3.384524576646095,-13.780551154266636,Spring,CHARGE_PRIORITY
495.0,family_house,29.480932722605083,10.08,10.08,0.0,0.0,-19.400932722605084,Spring,CHARGE_PRIORITY
495.0,luxury_house,37.521187101497375,18.0,18.0,0.0,0.0,-19.52118710149737,Spring,CHARGE_PRIORITY
495.0,small_family,26.130826731399956,6.5,6.5,0.0,6.193863983973091,-19.630826731399956,Spring,CHARGE_PRIORITY
496.0,apartment,13.745411050103227,3.6399999999999997,3.6399999999999997,0.0,5.019948181501693,-10.105411050103227,Spring,CHARGE_PRIORITY
496.0,family_house,23.261464854020847,10.08,10.08,0.0,0.0,-13.181464854020849,Spring,CHARGE_PRIORITY
496.0,luxury_house,29.605500723299258,18.0,18.0,0.0,0.0,-11.605500723299258,Spring,CHARGE_PRIORITY
496.0,small_family,20.61811657515484,6.5,6.5,0.0,14.118116575154842,-14.118116575154842,Spring,CHARGE_PRIORITY
497.0,apartment,10.540484710565378,3.6399999999999997,3.6399999999999997,0.0,6.900484710565378,-6.900484710565378,Spring,CHARGE_PRIORITY
497.0,family_house,17.83774335634141,10.08,10.08,0.0,0.0,-7.757743356341411,Spring,CHARGE_PRIORITY
497.0,luxury_house,22.70258245352543,18.0,18.0,0.0,0.0,-4.702582453525431,Spring,CHARGE_PRIORITY
497.0,small_family,15.810727065848067,6.5,6.5,0.0,9.310727065848067,-9.310727065848067,Spring,CHARGE_PRIORITY
498.0,apartment,8.553987097630111,23.36439462871216,23.36439462871216,0.0,0.3040066800232168,14.810407531082049,Spring,CHARGE_PRIORITY
498.0,family_house,14.475978165220187,29.11664206774237,29.11664206774237,0.0,0.0,14.640663902522181,Spring,CHARGE_PRIORITY
498.0,luxury_house,18.42397221028024,37.78190395015994,37.78190395015994,0.0,0.0,19.357931739879707,Spring,CHARGE_PRIORITY
498.0,small_family,12.830980646445166,23.951246879856498,23.951246879856498,0.0,0.7236048385443927,11.120266233411332,Spring,CHARGE_PRIORITY
499.0,apartment,0.0,24.192654386603856,24.192654386603856,0.0,0.0,24.192654386603856,Spring,CHARGE_PRIORITY
499.0,family_house,0.0,29.29422084196133,29.29422084196133,0.0,0.0,29.29422084196133,Spring,CHARGE_PRIORITY
499.0,luxury_house,0.0,32.03101093605348,32.03101093605348,0.0,0.0,32.03101093605348,Spring,CHARGE_PRIORITY
499.0,small_family,0.0,32.195417013059185,32.195417013059185,0.0,0.0,32.195417013059185,Spring,CHARGE_PRIORITY
500.0,apartment,0.0,20.93135681025707,20.93135681025707,0.0,0.0,20.93135681025707,Spring,CHARGE_PRIORITY
500.0,family_house,0.0,33.394548710364745,33.394548710364745,0.0,0.0,33.394548710364745,Spring,CHARGE_PRIORITY
500.0,luxury_house,0.0,32.6052834677913,32.390584685294264,0.21469878249704077,0.0,32.6052834677913,Spring,CHARGE_PRIORITY
500.0,small_family,0.0,25.13213632774057,25.13213632774057,0.0,0.0,25.13213632774057,Spring,CHARGE_PRIORITY
501.0,apartment,0.0,20.15521583156431,19.137585065950354,1.0176307656139523,0.0,20.15521583156431,Spring,CHARGE_PRIORITY
501.0,family_house,0.0,29.060827297014296,29.060827297014296,0.0,0.0,29.060827297014296,Spring,CHARGE_PRIORITY
501.0,luxury_house,0.0,35.796310441002916,17.2981238931896,18.498186547813315,0.0,35.796310441002916,Spring,CHARGE_PRIORITY
501.0,small_family,0.0,24.31400077339974,21.43653492990856,2.8774658434911795,0.0,24.31400077339974,Spring,CHARGE_PRIORITY
502.0,apartment,1.5235495610491687,3.6399999999999997,3.4654765080726344,0.17452349192736522,0.0,2.1164504389508307,Spring,CHARGE_PRIORITY
502.0,family_house,2.5783146417755165,10.08,9.925875180446358,0.15412481955364266,0.0,7.501685358224483,Spring,CHARGE_PRIORITY
502.0,luxury_house,3.2814913622597484,18.0,4.362513937129891,13.637486062870108,0.0,14.71850863774025,Spring,CHARGE_PRIORITY
502.0,small_family,2.285324341573753,6.5,5.8771820046676915,0.6228179953323083,0.0,4.214675658426247,Spring,CHARGE_PRIORITY
503.0,apartment,4.38333636511027,3.6399999999999997,3.6399999999999997,0.0,0.0,-0.7433363651102702,Spring,CHARGE_PRIORITY
503.0,family_house,7.417953848648149,10.08,9.619245940797818,0.46075405920218204,0.0,2.6620461513518507,Spring,CHARGE_PRIORITY
503.0,luxury_house,9.441032171006736,18.0,8.49692895390606,9.50307104609394,0.0,8.558967828993264,Spring,CHARGE_PRIORITY
503.0,small_family,6.575004547665404,6.5,6.410385245061364,0.08961475493863635,0.0,-0.07500454766540443,Spring,CHARGE_PRIORITY
504.0,apartment,0.0,3.6399999999999997,3.211159002027608,0.42884099797239156,0.0,3.6399999999999997,Spring,CHARGE_PRIORITY
504.0,family_house,0.0,10.08,7.060011917929328,3.019988082070671,0.0,10.08,Spring,CHARGE_PRIORITY
504.0,luxury_house,0.0,18.0,0.0,18.0,0.0,18.0,Spring,CHARGE_PRIORITY
504.0,small_family,0.0,6.5,5.361897601077979,1.1381023989220211,0.0,6.5,Spring,CHARGE_PRIORITY
505.0,apartment,1.6772204324286333,3.6399999999999997,3.128828300301118,0.5111716996988815,0.0,1.9627795675713664,Spring,CHARGE_PRIORITY
505.0,family_house,2.83837303949461,10.08,5.560160098675405,4.519839901324595,0.0,7.24162696050539,Spring,CHARGE_PRIORITY
505.0,luxury_house,3.612474777538595,18.0,3.251227299784736,14.748772700215264,0.0,14.387525222461406,Spring,CHARGE_PRIORITY
505.0,small_family,2.51583064864295,6.5,5.2299234843193165,1.2700765156806837,0.0,3.98416935135705,Spring,CHARGE_PRIORITY
506.0,apartment,2.5146784788442953,3.6399999999999997,3.2163725018338045,0.42362749816619505,0.0,1.1253215211557044,Spring,CHARGE_PRIORITY
506.0,family_house,4.255609733428808,10.08,5.524186752517852,4.555813247482147,0.0,5.824390266571192,Spring,CHARGE_PRIORITY
506.0,luxury_house,5.416230569818483,18.0,4.874607512836634,13.125392487163367,0.0,12.583769430181519,Spring,CHARGE_PRIORITY
506.0,small_family,3.772017718266443,6.5,5.305698440938384,1.194301559061616,0.0,2.727982281733557,Spring,CHARGE_PRIORITY
507.0,apartment,2.7940522918718513,3.6399999999999997,3.293737557749128,0.3462624422508719,0.0,0.8459477081281483,Spring,CHARGE_PRIORITY
507.0,family_house,4.728396186244672,10.08,5.226297139683504,4.8537028603164964,0.0,5.351603813755328,Spring,CHARGE_PRIORITY
507.0,luxury_house,6.017958782493219,18.0,5.416162904243896,12.583837095756103,0.0,11.982041217506781,Spring,CHARGE_PRIORITY
507.0,small_family,4.191078437807778,6.5,5.4507579207796155,1.049242079220385,0.0,2.3089215621922228,Spring,CHARGE_PRIORITY
508.0,apartment,3.0174273662837368,3.6399999999999997,3.3555952706631884,0.28440472933681127,0.0,0.6225726337162627,Spring,CHARGE_PRIORITY
508.0,family_house,5.106415542941709,10.08,4.970746834780199,5.1092531652198,0.0,4.9735844570582906,Spring,CHARGE_PRIORITY
508.0,luxury_house,6.499074327380357,18.0,5.8491668946423205,12.150833105357679,0.0,11.500925672619644,Spring,CHARGE_PRIORITY
508.0,small_family,4.526141049425605,6.5,5.5111118290184065,0.988888170981594,0.0,1.9738589505743946,Spring,CHARGE_PRIORITY
509.0,apartment,3.2264042557946087,3.6399999999999997,3.380803318991683,0.2591966810083165,0.0,0.4135957442053908,Spring,CHARGE_PRIORITY
509.0,family_house,5.460068740575491,10.08,4.914061866517942,5.165938133482058,0.0,4.619931259424508,Spring,CHARGE_PRIORITY
509.0,luxury_house,6.94917839709608,18.0,6.254260557386472,11.745739442613528,0.0,11.05082160290392,Spring,CHARGE_PRIORITY
509.0,small_family,4.839606383691913,6.5,5.510298036302794,0.9897019636972054,0.0,1.6603936163080872,Spring,CHARGE_PRIORITY
510.0,apartment,11.906446049074024,3.6399999999999997,3.6399999999999997,0.0,0.0,-8.266446049074025,Spring,CHARGE_PRIORITY
510.0,family_house,20.149370236894505,10.08,10.08,0.0,0.0,-10.069370236894505,Spring,CHARGE_PRIORITY
510.0,luxury_house,25.644653028774826,18.0,18.0,0.0,0.0,-7.644653028774826,Spring,CHARGE_PRIORITY
510.0,small_family,17.859669073611038,6.5,6.5,0.0,0.0,-11.359669073611038,Spring,CHARGE_PRIORITY
511.0,apartment,11.951219554092338,3.6399999999999997,3.6399999999999997,0.0,0.0,-8.311219554092338,Spring,CHARGE_PRIORITY
511.0,family_house,20.225140783848573,10.08,10.08,0.0,0.0,-10.145140783848575,Spring,CHARGE_PRIORITY
511.0,luxury_house,25.74108827035273,18.0,18.0,0.0,0.0,-7.74108827035273,Spring,CHARGE_PRIORITY
511.0,small_family,17.92682933113851,6.5,6.5,0.0,0.0,-11.42682933113851,Spring,CHARGE_PRIORITY
512.0,apartment,12.067540790769456,3.6399999999999997,3.6399999999999997,0.0,0.0,-8.427540790769458,Spring,CHARGE_PRIORITY
512.0,family_house,20.421992107456003,10.08,10.08,0.0,0.0,-10.341992107456003,Spring,CHARGE_PRIORITY
512.0,luxury_house,25.991626318580366,18.0,18.0,0.0,0.0,-7.9916263185803675,Spring,CHARGE_PRIORITY
512.0,small_family,18.101311186154184,6.5,6.5,0.0,0.0,-11.601311186154183,Spring,CHARGE_PRIORITY
513.0,apartment,12.707703276153094,3.6399999999999997,3.6399999999999997,0.0,0.0,-9.067703276153095,Spring,CHARGE_PRIORITY
513.0,family_house,21.505344005797546,10.08,10.08,0.0,0.0,-11.425344005797546,Spring,CHARGE_PRIORITY
513.0,luxury_house,27.370437825560515,18.0,18.0,0.0,0.0,-9.370437825560515,Spring,CHARGE_PRIORITY
513.0,small_family,19.061554914229642,6.5,6.5,0.0,0.0,-12.561554914229642,Spring,CHARGE_PRIORITY
514.0,apartment,13.632139988811186,3.6399999999999997,3.6399999999999997,0.0,0.0,-9.992139988811186,Spring,CHARGE_PRIORITY
514.0,family_house,23.06977536568047,10.08,10.08,0.0,0.0,-12.98977536568047,Spring,CHARGE_PRIORITY
514.0,luxury_house,29.361532283593327,18.0,18.0,0.0,0.0,-11.361532283593327,Spring,CHARGE_PRIORITY
514.0,small_family,20.448209983216785,6.5,6.5,0.0,0.0,-13.948209983216783,Spring,CHARGE_PRIORITY
515.0,apartment,14.551454651568719,3.6399999999999997,3.6399999999999997,0.0,0.0,-10.911454651568718,Spring,CHARGE_PRIORITY
515.0,family_house,24.625538641116293,10.08,10.08,0.0,0.0,-14.545538641116295,Spring,CHARGE_PRIORITY
515.0,luxury_house,31.34159463414801,18.0,18.0,0.0,0.0,-13.34159463414801,Spring,CHARGE_PRIORITY
515.0,small_family,21.827181977353078,6.5,6.5,0.0,0.0,-15.327181977353078,Spring,CHARGE_PRIORITY
516.0,apartment,15.240768441897295,3.6399999999999997,3.6399999999999997,0.0,0.40386558559934443,-11.600768441897296,Spring,CHARGE_PRIORITY
516.0,family_house,25.792069670903118,10.08,10.08,0.0,0.0,-15.712069670903118,Spring,CHARGE_PRIORITY
516.0,luxury_house,32.82627049024033,18.0,18.0,0.0,0.0,-14.82627049024033,Spring,CHARGE_PRIORITY
516.0,small_family,22.861152662845942,6.5,6.5,0.0,0.6312263609693076,-16.361152662845942,Spring,CHARGE_PRIORITY
517.0,apartment,16.085733531697144,3.6399999999999997,3.6399999999999997,0.0,1.3952657735248013,-12.445733531697146,Spring,CHARGE_PRIORITY
517.0,family_house,27.222010592102862,10.08,10.08,0.0,0.0,-17.142010592102864,Spring,CHARGE_PRIORITY
517.0,luxury_house,34.64619529904001,18.0,18.0,0.0,0.0,-16.64619529904001,Spring,CHARGE_PRIORITY
517.0,small_family,24.128600297545717,6.5,6.5,0.0,2.2131865433003615,-17.628600297545717,Spring,CHARGE_PRIORITY
518.0,apartment,16.92497788160866,3.6399999999999997,3.6399999999999997,0.0,2.0438427510167165,-13.284977881608658,Spring,CHARGE_PRIORITY
518.0,family_house,28.64227026118388,10.08,10.08,0.0,0.0,-18.562270261183883,Spring,CHARGE_PRIORITY
518.0,luxury_house,36.45379851423404,18.0,18.0,0.0,0.0,-18.453798514234037,Spring,CHARGE_PRIORITY
518.0,small_family,25.387466822412986,6.5,6.5,0.0,6.098221638290941,-18.887466822412986,Spring,CHARGE_PRIORITY
519.0,apartment,17.218314473246394,3.6399999999999997,3.6399999999999997,0.0,3.502560640906281,-13.578314473246396,Spring,CHARGE_PRIORITY
519.0,family_house,29.138686031647747,10.08,10.08,0.0,0.0,-19.05868603164775,Spring,CHARGE_PRIORITY
519.0,luxury_house,37.085600403915315,18.0,18.0,0.0,0.0,-19.085600403915315,Spring,CHARGE_PRIORITY
519.0,small_family,25.827471709869595,6.5,6.5,0.0,11.975060674045292,-19.327471709869595,Spring,CHARGE_PRIORITY
520.0,apartment,13.278536903001356,3.6399999999999997,3.6399999999999997,0.0,5.7604329494154,-9.638536903001357,Spring,CHARGE_PRIORITY
520.0,family_house,22.47137014354076,10.08,10.08,0.0,0.0,-12.39137014354076,Spring,CHARGE_PRIORITY
520.0,luxury_house,28.599925637233692,18.0,18.0,0.0,0.0,-10.599925637233692,Spring,CHARGE_PRIORITY
520.0,small_family,19.917805354502036,6.5,6.5,0.0,13.417805354502036,-13.417805354502036,Spring,CHARGE_PRIORITY
521.0,apartment,10.266740073340623,3.6399999999999997,3.6399999999999997,0.0,6.626740073340623,-6.626740073340623,Spring,CHARGE_PRIORITY
521.0,family_house,17.37448320103798,10.08,10.08,0.0,0.0,-7.294483201037979,Spring,CHARGE_PRIORITY
521.0,luxury_house,22.112978619502883,18.0,18.0,0.0,0.0,-4.112978619502882,Spring,CHARGE_PRIORITY
521.0,small_family,15.400110110010935,6.5,6.5,0.0,8.900110110010935,-8.900110110010935,Spring,CHARGE_PRIORITY
522.0,apartment,8.620978185570074,21.885621193567985,21.885621193567985,0.0,0.2608336414823957,13.264643007997911,Spring,CHARGE_PRIORITY
522.0,family_house,14.589347698657049,27.778420432311172,27.778420432311172,0.0,0.0,13.189072733654124,Spring,CHARGE_PRIORITY
522.0,luxury_house,18.568260707381697,35.93960345067305,35.93960345067305,0.0,0.0,17.371342743291347,Spring,CHARGE_PRIORITY
522.0,small_family,12.931467278355111,27.689649482767905,27.689649482767905,0.0,0.7464671786487272,14.758182204412794,Spring,CHARGE_PRIORITY
523.0,apartment,0.0,28.199851207140505,28.199851207140505,0.0,0.0,28.199851207140505,Spring,CHARGE_PRIORITY
523.0,family_house,0.0,26.81182109325227,26.81182109325227,0.0,0.0,26.81182109325227,Spring,CHARGE_PRIORITY
523.0,luxury_house,0.0,34.77034278779942,34.77034278779942,0.0,0.0,34.77034278779942,Spring,CHARGE_PRIORITY
523.0,small_family,0.0,16.687469444587602,16.687469444587602,0.0,0.0,16.687469444587602,Spring,CHARGE_PRIORITY
524.0,apartment,0.0,20.6772474340823,20.539702360434397,0.13754507364790536,0.0,20.6772474340823,Spring,CHARGE_PRIORITY
524.0,family_house,0.0,27.260971835218136,27.260971835218136,0.0,0.0,27.260971835218136,Spring,CHARGE_PRIORITY
524.0,luxury_house,0.0,33.92474177981666,33.543878634649666,0.3808631451669897,0.0,33.92474177981666,Spring,CHARGE_PRIORITY
524.0,small_family,0.0,25.62431548891335,25.62431548891335,0.0,0.0,25.62431548891335,Spring,CHARGE_PRIORITY
525.0,apartment,0.31466226219008764,23.37134840692522,21.072428130946385,2.2989202759788365,0.0,23.056686144735135,Spring,CHARGE_PRIORITY
525.0,family_house,0.5325053667832252,28.25309075176172,26.675660172707644,1.5774305790540795,0.0,27.720585384978495,Spring,CHARGE_PRIORITY
525.0,luxury_house,0.6777341031786502,26.806270557267055,15.197010718687899,11.609259838579158,0.0,26.128536454088405,Spring,CHARGE_PRIORITY
525.0,small_family,0.4719933932851314,24.794151874620876,24.794151874620876,0.0,0.0,24.322158481335745,Spring,CHARGE_PRIORITY
526.0,apartment,1.8688260543843922,3.6399999999999997,3.037521061214139,0.6024789387858606,0.0,1.7711739456156075,Spring,CHARGE_PRIORITY
526.0,family_house,3.162628707419741,10.08,8.874394306112961,1.2056056938870388,0.0,6.917371292580259,Spring,CHARGE_PRIORITY
526.0,luxury_house,4.025163809443306,18.0,6.635452856490955,11.364547143509045,0.0,13.974836190556694,Spring,CHARGE_PRIORITY
526.0,small_family,2.803239081576588,6.5,6.230621303395348,0.2693786966046521,0.0,3.696760918423412,Spring,CHARGE_PRIORITY
527.0,apartment,4.555748274012918,3.6399999999999997,3.6399999999999997,0.0,0.0,-0.9157482740129181,Spring,CHARGE_PRIORITY
527.0,family_house,7.709727848329553,10.08,9.556459177249433,0.5235408227505669,0.0,2.3702721516704464,Spring,CHARGE_PRIORITY
527.0,luxury_house,9.812380897873977,18.0,9.147028310447322,8.852971689552678,0.0,8.187619102126023,Spring,CHARGE_PRIORITY
527.0,small_family,6.833622411019377,6.5,6.4730969361474955,0.026903063852504683,0.0,-0.3336224110193773,Spring,CHARGE_PRIORITY
528.0,apartment,0.0,3.6399999999999997,2.6615918297266536,0.9784081702733458,0.0,3.6399999999999997,Spring,CHARGE_PRIORITY
528.0,family_house,0.0,10.08,8.4,1.68,0.0,10.08,Spring,CHARGE_PRIORITY
528.0,luxury_house,0.0,18.0,0.0,18.0,0.0,18.0,Spring,CHARGE_PRIORITY
528.0,small_family,0.0,6.5,5.807812757629696,0.6921872423703044,0.0,6.5,Spring,CHARGE_PRIORITY
529.0,apartment,1.5858751933215078,3.6399999999999997,2.891742509282623,0.7482574907173768,0.0,2.054124806678492,Spring,CHARGE_PRIORITY
529.0,family_house,2.683788788697936,10.08,8.034860309853181,2.0451396901468186,0.0,7.396211211302063,Spring,CHARGE_PRIORITY
529.0,luxury_house,3.415731185615555,18.0,3.074158067053999,14.925841932946,0.0,14.584268814384446,Spring,CHARGE_PRIORITY
529.0,small_family,2.3788127899822618,6.5,5.609685468160298,0.8903145318397019,0.0,4.121187210017739,Spring,CHARGE_PRIORITY
530.0,apartment,2.014040192810386,3.6399999999999997,2.8375412016954704,0.8024587983045292,0.0,1.6259598071896137,Spring,CHARGE_PRIORITY
530.0,family_house,3.408375710909884,10.08,7.742512713272965,2.337487286727035,0.0,6.671624289090116,Spring,CHARGE_PRIORITY
530.0,luxury_house,4.337932722976216,18.0,3.9041394506785942,14.095860549321404,0.0,13.662067277023784,Spring,CHARGE_PRIORITY
530.0,small_family,3.021060289215579,6.5,5.627450983144774,0.8725490168552259,0.0,3.478939710784421,Spring,CHARGE_PRIORITY
531.0,apartment,1.4317159876367198,3.6399999999999997,2.5547127948644834,1.0852872051355162,0.0,2.2082840123632796,Spring,CHARGE_PRIORITY
531.0,family_house,2.422903979077526,10.08,6.574862852314938,3.505137147685061,0.0,7.657096020922474,Spring,CHARGE_PRIORITY
531.0,luxury_house,3.083695973371397,18.0,2.7753263760342572,15.224673623965742,0.0,14.916304026628602,Spring,CHARGE_PRIORITY
531.0,small_family,2.14757398145508,6.5,5.446034596148363,1.0539654038516373,0.0,4.352426018544921,Spring,CHARGE_PRIORITY
532.0,apartment,1.3908587199925644,3.6399999999999997,2.520450894612171,1.1195491053878286,0.0,2.2491412800074353,Spring,CHARGE_PRIORITY
532.0,family_house,2.3537609107566477,10.08,4.866471273967633,5.213528726032367,0.0,7.726239089243352,Spring,CHARGE_PRIORITY
532.0,luxury_house,2.9956957045993695,18.0,2.6961261341394325,15.303873865860567,0.0,15.004304295400631,Spring,CHARGE_PRIORITY
532.0,small_family,2.0862880799888464,6.5,5.12034274989178,1.3796572501082203,0.0,4.413711920011154,Spring,CHARGE_PRIORITY
533.0,apartment,1.7257007723885138,3.6399999999999997,2.5163011435421256,1.1236988564578738,0.0,1.9142992276114856,Spring,CHARGE_PRIORITY
533.0,family_house,2.9204166917344083,10.08,4.246468223767842,5.833531776232158,0.0,7.15958330826559,Spring,CHARGE_PRIORITY
533.0,luxury_house,3.7168939712983375,18.0,3.3452045741685037,14.654795425831495,0.0,14.283106028701662,Spring,CHARGE_PRIORITY
533.0,small_family,2.588551158582771,6.5,5.216829551607536,1.2831704483924635,0.0,3.9114488414172284,Spring,CHARGE_PRIORITY
534.0,apartment,10.580469696035243,3.6399999999999997,3.6399999999999997,0.0,0.0,-6.940469696035244,Spring,CHARGE_PRIORITY
534.0,family_house,17.905410254828872,10.08,10.08,0.0,0.0,-7.825410254828872,Spring,CHARGE_PRIORITY
534.0,luxury_house,22.788703960691294,18.0,18.0,0.0,0.0,-4.788703960691292,Spring,CHARGE_PRIORITY
534.0,small_family,15.870704544052865,6.5,6.5,0.0,0.0,-9.370704544052865,Spring,CHARGE_PRIORITY
535.0,apartment,10.710270555529045,3.6399999999999997,3.6399999999999997,0.0,0.0,-7.070270555529044,Spring,CHARGE_PRIORITY
535.0,family_house,18.12507324781838,10.08,10.08,0.0,0.0,-8.045073247818383,Spring,CHARGE_PRIORITY
535.0,luxury_house,23.06827504267794,18.0,18.0,0.0,0.0,-5.068275042677941,Spring,CHARGE_PRIORITY
535.0,small_family,16.065405833293568,6.5,6.5,0.0,0.0,-9.565405833293566,Spring,CHARGE_PRIORITY
536.0,apartment,11.015598296476377,3.6399999999999997,3.6399999999999997,0.0,0.0,-7.375598296476377,Spring,CHARGE_PRIORITY
536.0,family_house,18.641781732498487,10.08,10.08,0.0,0.0,-8.561781732498487,Spring,CHARGE_PRIORITY
536.0,luxury_house,23.72590402317989,18.0,18.0,0.0,0.0,-5.725904023179891,Spring,CHARGE_PRIORITY
536.0,small_family,16.523397444714565,6.5,6.5,0.0,0.0,-10.023397444714567,Spring,CHARGE_PRIORITY
537.0,apartment,11.585771913319437,3.6399999999999997,3.6399999999999997,0.0,0.0,-7.945771913319437,Spring,CHARGE_PRIORITY
537.0,family_house,19.606690930232894,10.08,10.08,0.0,0.0,-9.526690930232894,Spring,CHARGE_PRIORITY
537.0,luxury_house,24.95397027484186,18.0,18.0,0.0,0.0,-6.953970274841861,Spring,CHARGE_PRIORITY
537.0,small_family,17.378657869979158,6.5,6.5,0.0,0.0,-10.878657869979156,Spring,CHARGE_PRIORITY
538.0,apartment,12.18150183487886,3.6399999999999997,3.6399999999999997,0.0,0.0,-8.541501834878861,Spring,CHARGE_PRIORITY
538.0,family_house,20.61484925902576,10.08,10.08,0.0,0.0,-10.534849259025762,Spring,CHARGE_PRIORITY
538.0,luxury_house,26.237080875123695,18.0,18.0,0.0,0.0,-8.237080875123697,Spring,CHARGE_PRIORITY
538.0,small_family,18.27225275231829,6.5,6.5,0.0,0.0,-11.772252752318291,Spring,CHARGE_PRIORITY
539.0,apartment,13.023796045280333,3.6399999999999997,3.6399999999999997,0.0,0.0,-9.383796045280334,Spring,CHARGE_PRIORITY
539.0,family_house,22.040270230474412,10.08,10.08,0.0,0.0,-11.960270230474414,Spring,CHARGE_PRIORITY
539.0,luxury_house,28.051253020603795,18.0,18.0,0.0,0.0,-10.051253020603797,Spring,CHARGE_PRIORITY
539.0,small_family,19.535694067920502,6.5,6.5,0.0,0.0,-13.035694067920502,Spring,CHARGE_PRIORITY
540.0,apartment,14.029341116931977,3.6399999999999997,3.6399999999999997,0.0,0.0,-10.389341116931977,Spring,CHARGE_PRIORITY
540.0,family_house,23.741961890192577,10.08,10.08,0.0,0.0,-13.661961890192579,Spring,CHARGE_PRIORITY
540.0,luxury_house,30.217042405699644,18.0,18.0,0.0,0.0,-12.217042405699644,Spring,CHARGE_PRIORITY
540.0,small_family,21.044011675397968,6.5,6.5,0.0,0.0,-14.544011675397966,Spring,CHARGE_PRIORITY
541.0,apartment,14.931106429895403,3.6399999999999997,3.6399999999999997,0.0,0.0,-11.291106429895402,Spring,CHARGE_PRIORITY
541.0,family_house,25.268026265976836,10.08,10.08,0.0,0.0,-15.18802626597684,Spring,CHARGE_PRIORITY
541.0,luxury_house,32.159306156697795,18.0,18.0,0.0,0.0,-14.159306156697792,Spring,CHARGE_PRIORITY
541.0,small_family,22.396659644843105,6.5,6.5,0.0,0.1260993153049188,-15.896659644843105,Spring,CHARGE_PRIORITY
542.0,apartment,15.770573201149363,3.6399999999999997,3.6399999999999997,0.0,0.0,-12.130573201149362,Spring,CHARGE_PRIORITY
542.0,family_house,26.68866234040661,10.08,10.08,0.0,0.0,-16.60866234040661,Spring,CHARGE_PRIORITY
542.0,luxury_house,33.96738843324478,18.0,18.0,0.0,0.0,-15.967388433244778,Spring,CHARGE_PRIORITY
542.0,small_family,23.65585980172404,6.5,6.5,0.0,1.740304606911296,-17.15585980172404,Spring,CHARGE_PRIORITY
543.0,apartment,15.647324869925894,3.6399999999999997,3.6399999999999997,0.0,0.17155606503502258,-12.007324869925894,Spring,CHARGE_PRIORITY
543.0,family_house,26.48008824141305,10.08,10.08,0.0,0.0,-16.40008824141305,Spring,CHARGE_PRIORITY
543.0,luxury_house,33.70193048907116,18.0,18.0,0.0,0.0,-15.701930489071158,Spring,CHARGE_PRIORITY
543.0,small_family,23.47098730488884,6.5,6.5,0.0,6.500782640702196,-16.97098730488884,Spring,CHARGE_PRIORITY
544.0,apartment,11.586046064261959,3.6399999999999997,3.6399999999999997,0.0,1.4772742866441426,-7.946046064261958,Spring,CHARGE_PRIORITY
544.0,family_house,19.607154877981777,10.08,10.08,0.0,0.0,-9.527154877981776,Spring,CHARGE_PRIORITY
544.0,luxury_house,24.954560753794986,18.0,18.0,0.0,0.0,-6.954560753794986,Spring,CHARGE_PRIORITY
544.0,small_family,17.37906909639294,6.5,6.5,0.0,6.417021402914805,-10.87906909639294,Spring,CHARGE_PRIORITY
545.0,apartment,8.144367763049916,3.6399999999999997,3.6399999999999997,0.0,1.732449139634583,-4.504367763049915,Spring,CHARGE_PRIORITY
545.0,family_house,13.782776214392163,10.08,10.08,0.0,0.0,-3.702776214392163,Spring,CHARGE_PRIORITY
545.0,luxury_house,17.541715181953663,18.0,18.0,0.0,0.0,0.45828481804633725,Spring,CHARGE_PRIORITY
545.0,small_family,12.216551644574873,6.5,6.5,0.0,4.273072473970165,-5.716551644574872,Spring,CHARGE_PRIORITY
546.0,apartment,6.582384743595384,22.918199318377887,22.918199318377887,0.0,0.0,16.335814574782503,Spring,CHARGE_PRIORITY
546.0,family_house,11.139420335315265,24.440729641065804,24.440729641065804,0.0,0.0,13.301309305750543,Spring,CHARGE_PRIORITY
546.0,luxury_house,14.177444063128519,39.51070545938896,39.51070545938896,0.0,0.0,25.33326139626044,Spring,CHARGE_PRIORITY
546.0,small_family,9.873577115393074,25.620780200456373,25.620780200456373,0.0,0.1195057944068979,15.7472030850633,Spring,CHARGE_PRIORITY
547.0,apartment,0.0,22.74797965265526,22.74797965265526,0.0,0.0,22.74797965265526,Spring,CHARGE_PRIORITY
547.0,family_house,0.0,28.168956153295117,28.168956153295117,0.0,0.0,28.168956153295117,Spring,CHARGE_PRIORITY
547.0,luxury_house,0.0,42.258582644043535,38.42297885980064,3.835603784242897,0.0,42.258582644043535,Spring,CHARGE_PRIORITY
547.0,small_family,0.0,26.172241400186074,26.172241400186074,0.0,0.0,26.172241400186074,Spring,CHARGE_PRIORITY
548.0,apartment,0.0,23.77017588377653,23.207664518012084,0.5625113657644469,0.0,23.77017588377653,Spring,CHARGE_PRIORITY
548.0,family_house,0.0,25.057300906086414,25.057300906086414,0.0,0.0,25.057300906086414,Spring,CHARGE_PRIORITY
548.0,luxury_house,0.0,33.91778619990559,6.604187258139731,27.313598941765857,0.0,33.91778619990559,Spring,CHARGE_PRIORITY
548.0,small_family,0.0,25.88883941908126,25.88883941908126,0.0,0.0,25.88883941908126,Spring,CHARGE_PRIORITY
549.0,apartment,0.0,25.57546829900616,20.400554471761783,5.174913827244377,0.0,25.57546829900616,Spring,CHARGE_PRIORITY
549.0,family_house,0.0,31.754849644746958,24.22521162994049,7.52963801480647,0.0,31.754849644746958,Spring,CHARGE_PRIORITY
549.0,luxury_house,0.0,36.27923288710787,1.4522456353087416,34.826987251799125,0.0,36.27923288710787,Spring,CHARGE_PRIORITY
549.0,small_family,0.0,23.224646012607266,22.075995905786435,1.1486501068208341,0.0,23.224646012607266,Spring,CHARGE_PRIORITY
550.0,apartment,0.4870205615438032,3.6399999999999997,2.0116365527799065,1.6283634472200932,0.0,3.1529794384561964,Spring,CHARGE_PRIORITY
550.0,family_house,0.82418864261259,10.08,6.117281467814525,3.962718532185474,0.0,9.255811357387408,Spring,CHARGE_PRIORITY
550.0,luxury_house,1.0489673633251146,18.0,0.9440706269926031,17.055929373007395,0.0,16.951032636674885,Spring,CHARGE_PRIORITY
550.0,small_family,0.7305308423157048,6.5,5.5692052876432045,0.9307947123567957,0.0,5.769469157684296,Spring,CHARGE_PRIORITY
551.0,apartment,3.371155956717939,3.6399999999999997,3.3137140405633088,0.32628595943669103,0.0,0.2688440432820608,Spring,CHARGE_PRIORITY
551.0,family_house,5.705033157522665,10.08,7.195142407699399,2.8848575923006003,0.0,4.374966842477335,Spring,CHARGE_PRIORITY
551.0,luxury_house,7.260951291392483,18.0,6.534856162253234,11.465143837746766,0.0,10.739048708607516,Spring,CHARGE_PRIORITY
551.0,small_family,5.056733935076909,6.5,6.050244740362127,0.44975525963787283,0.0,1.4432660649230913,Spring,CHARGE_PRIORITY
552.0,apartment,0.0,3.6399999999999997,1.6799999999999997,1.9599999999999997,0.0,3.6399999999999997,Spring,CHARGE_PRIORITY
552.0,family_house,0.0,10.08,3.3899329671405494,6.69006703285945,0.0,10.08,Spring,CHARGE_PRIORITY
552.0,luxury_house,0.0,18.0,0.0,18.0,0.0,18.0,Spring,CHARGE_PRIORITY
552.0,small_family,0.0,6.5,4.574326951821549,1.9256730481784514,0.0,6.5,Spring,CHARGE_PRIORITY
553.0,apartment,1.1910289543552595,3.6399999999999997,2.155529796697202,1.4844702033027977,0.0,2.44897104564474,Spring,CHARGE_PRIORITY
553.0,family_house,2.015587461216593,10.08,4.339236782514894,5.740763217485105,0.0,8.064412538783406,Spring,CHARGE_PRIORITY
553.0,luxury_house,2.565293132457482,18.0,2.3087638192117335,15.691236180788268,0.0,15.434706867542518,Spring,CHARGE_PRIORITY
553.0,small_family,1.7865434315328892,6.5,4.9947351041168,1.5052648958832,0.0,4.713456568467111,Spring,CHARGE_PRIORITY
554.0,apartment,2.1373281023866415,3.6399999999999997,2.5837509490141395,1.05624905098586,0.0,1.5026718976133582,Spring,CHARGE_PRIORITY
554.0,family_house,3.617016788654316,10.08,4.501733199447044,5.578266800552955,0.0,6.4629832113456835,Spring,CHARGE_PRIORITY
554.0,luxury_house,4.603475912832765,18.0,4.143128321549489,13.856871678450512,0.0,13.396524087167233,Spring,CHARGE_PRIORITY
554.0,small_family,3.2059921535799623,6.5,5.139534445246789,1.360465554753211,0.0,3.2940078464200377,Spring,CHARGE_PRIORITY
555.0,apartment,0.8288628526911936,3.6399999999999997,1.8590625030289687,1.780937496971031,0.0,2.811137147308806,Spring,CHARGE_PRIORITY
555.0,family_house,1.4026909814774045,10.08,1.686943091022285,8.393056908977714,0.0,8.677309018522596,Spring,CHARGE_PRIORITY
555.0,luxury_house,1.7852430673348785,18.0,1.6067187606013906,16.39328123939861,0.0,16.21475693266512,Spring,CHARGE_PRIORITY
555.0,small_family,1.2432942790367905,6.5,4.414018841883849,2.0859811581161507,0.0,5.256705720963209,Spring,CHARGE_PRIORITY
556.0,apartment,0.851630171337448,3.6399999999999997,1.6628278088580613,1.9771721911419384,0.0,2.7883698286625513,Spring,CHARGE_PRIORITY
556.0,family_house,1.4412202899556812,10.08,1.2970982609601127,8.782901739039888,0.0,8.638779710044318,Spring,CHARGE_PRIORITY
556.0,luxury_house,1.8342803690345033,18.0,1.6508523321310529,16.349147667868948,0.0,16.165719630965498,Spring,CHARGE_PRIORITY
556.0,small_family,1.2774452570061718,6.5,3.863494978754931,2.636505021245069,0.0,5.222554742993828,Spring,CHARGE_PRIORITY
557.0,apartment,0.8668058858494883,3.6399999999999997,1.6106176636678116,2.029382336332188,0.0,2.7731941141505114,Spring,CHARGE_PRIORITY
557.0,family_house,1.4669022683606723,10.08,1.320212041524605,8.759787958475394,0.0,8.613097731639327,Spring,CHARGE_PRIORITY
557.0,luxury_house,1.8669665233681283,18.0,1.680269871031315,16.319730128968686,0.0,16.133033476631873,Spring,CHARGE_PRIORITY
557.0,small_family,1.3002088287742324,6.5,3.5816658179809413,2.9183341820190587,0.0,5.199791171225768,Spring,CHARGE_PRIORITY
558.0,apartment,10.921862220699067,3.6399999999999997,3.6399999999999997,0.0,0.0,-7.281862220699068,Spring,CHARGE_PRIORITY
558.0,family_house,18.483151450413807,10.08,10.08,0.0,0.0,-8.403151450413807,Spring,CHARGE_PRIORITY
558.0,luxury_house,23.5240109368903,18.0,18.0,0.0,0.0,-5.524010936890299,Spring,CHARGE_PRIORITY
558.0,small_family,16.3827933310486,6.5,6.5,0.0,0.0,-9.8827933310486,Spring,CHARGE_PRIORITY
559.0,apartment,10.995761565520333,3.6399999999999997,3.6399999999999997,0.0,0.0,-7.355761565520333,Spring,CHARGE_PRIORITY
559.0,family_house,18.608211880111334,10.08,10.08,0.0,0.0,-8.528211880111334,Spring,CHARGE_PRIORITY
559.0,luxury_house,23.683178756505335,18.0,18.0,0.0,0.0,-5.683178756505333,Spring,CHARGE_PRIORITY
559.0,small_family,16.4936423482805,6.5,6.5,0.0,0.0,-9.993642348280499,Spring,CHARGE_PRIORITY
560.0,apartment,11.240445440207989,3.6399999999999997,3.6399999999999997,0.0,0.0,-7.600445440207988,Spring,CHARGE_PRIORITY
560.0,family_house,19.022292283428904,10.08,10.08,0.0,0.0,-8.942292283428905,Spring,CHARGE_PRIORITY
560.0,luxury_house,24.210190178909517,18.0,18.0,0.0,0.0,-6.210190178909517,Spring,CHARGE_PRIORITY
560.0,small_family,16.86066816031198,6.5,6.5,0.0,0.0,-10.360668160311983,Spring,CHARGE_PRIORITY
561.0,apartment,11.80499623826555,3.6399999999999997,3.6399999999999997,0.0,0.0,-8.16499623826555,Spring,CHARGE_PRIORITY
561.0,family_house,19.977685941680164,10.08,10.08,0.0,0.0,-9.897685941680162,Spring,CHARGE_PRIORITY
561.0,luxury_house,25.426145743956575,18.0,18.0,0.0,0.0,-7.426145743956573,Spring,CHARGE_PRIORITY
561.0,small_family,17.707494357398325,6.5,6.5,0.0,0.0,-11.207494357398325,Spring,CHARGE_PRIORITY
562.0,apartment,12.27346386618699,3.6399999999999997,3.6399999999999997,0.0,0.0,-8.63346386618699,Spring,CHARGE_PRIORITY
562.0,family_house,20.77047731200875,10.08,10.08,0.0,0.0,-10.69047731200875,Spring,CHARGE_PRIORITY
562.0,luxury_house,26.43515294255659,18.0,18.0,0.0,0.0,-8.43515294255659,Spring,CHARGE_PRIORITY
562.0,small_family,18.410195799280483,6.5,6.5,0.0,0.0,-11.910195799280485,Spring,CHARGE_PRIORITY
563.0,apartment,13.234567364986628,3.6399999999999997,3.6399999999999997,0.0,0.0,-9.594567364986627,Spring,CHARGE_PRIORITY
563.0,family_house,22.396960156131215,10.08,10.08,0.0,0.0,-12.316960156131218,Spring,CHARGE_PRIORITY
563.0,luxury_house,28.50522201689428,18.0,18.0,0.0,0.0,-10.505222016894278,Spring,CHARGE_PRIORITY
563.0,small_family,19.85185104747994,6.5,6.5,0.0,0.0,-13.351851047479942,Spring,CHARGE_PRIORITY
564.0,apartment,14.067417812872314,3.6399999999999997,3.6399999999999997,0.0,0.0,-10.427417812872314,Spring,CHARGE_PRIORITY
564.0,family_house,23.806399375630072,10.08,10.08,0.0,0.0,-13.72639937563007,Spring,CHARGE_PRIORITY
564.0,luxury_house,30.29905375080191,18.0,18.0,0.0,0.0,-12.299053750801908,Spring,CHARGE_PRIORITY
564.0,small_family,21.10112671930847,6.5,6.5,0.0,0.0,-14.601126719308471,Spring,CHARGE_PRIORITY
565.0,apartment,15.020322885897135,3.6399999999999997,3.6399999999999997,0.0,0.0,-11.380322885897135,Spring,CHARGE_PRIORITY
565.0,family_house,25.419007960749,10.08,10.08,0.0,0.0,-15.339007960749003,Spring,CHARGE_PRIORITY
565.0,luxury_house,32.35146467731691,18.0,18.0,0.0,0.0,-14.351464677316908,Spring,CHARGE_PRIORITY
565.0,small_family,22.530484328845706,6.5,6.5,0.0,0.0,-16.030484328845706,Spring,CHARGE_PRIORITY
566.0,apartment,15.771878153118637,3.6399999999999997,3.6399999999999997,0.0,0.0,-12.131878153118636,Spring,CHARGE_PRIORITY
566.0,family_house,26.690870720662307,10.08,10.08,0.0,0.0,-16.61087072066231,Spring,CHARGE_PRIORITY
566.0,luxury_house,33.970199099024754,18.0,18.0,0.0,0.0,-15.970199099024752,Spring,CHARGE_PRIORITY
566.0,small_family,23.657817229677956,6.5,6.5,0.0,0.378022478254604,-17.157817229677956,Spring,CHARGE_PRIORITY
567.0,apartment,15.202419536340791,3.6399999999999997,3.6399999999999997,0.0,0.1827823786082972,-11.562419536340792,Spring,CHARGE_PRIORITY
567.0,family_house,25.727171523038265,10.08,10.08,0.0,0.0,-15.647171523038265,Spring,CHARGE_PRIORITY
567.0,luxury_house,32.74367284750325,18.0,18.0,0.0,0.0,-14.743672847503245,Spring,CHARGE_PRIORITY
567.0,small_family,22.803629304511187,6.5,6.5,0.0,4.07004716622329,-16.303629304511187,Spring,CHARGE_PRIORITY
568.0,apartment,11.347153529785068,3.6399999999999997,3.6399999999999997,0.0,1.0410361667445684,-7.707153529785067,Spring,CHARGE_PRIORITY
568.0,family_house,19.20287520425165,10.08,10.08,0.0,0.0,-9.12287520425165,Spring,CHARGE_PRIORITY
568.0,luxury_house,24.440022987229373,18.0,18.0,0.0,0.0,-6.440022987229373,Spring,CHARGE_PRIORITY
568.0,small_family,17.020730294677602,6.5,6.5,0.0,4.046434728722154,-10.520730294677602,Spring,CHARGE_PRIORITY
569.0,apartment,8.114762682526239,3.6399999999999997,3.6399999999999997,0.0,0.68842502808096,-4.47476268252624,Spring,CHARGE_PRIORITY
569.0,family_house,13.73267530889056,10.08,10.08,0.0,0.0,-3.652675308890561,Spring,CHARGE_PRIORITY
569.0,luxury_house,17.47795039313344,18.0,18.0,0.0,0.0,0.5220496068665597,Spring,CHARGE_PRIORITY
569.0,small_family,12.17214402378936,6.5,6.5,0.0,3.6661124053064604,-5.672144023789359,Spring,CHARGE_PRIORITY
570.0,apartment,7.003379411467777,20.15285963111479,20.152859631114794,0.0,0.0,13.149480219647014,Spring,CHARGE_PRIORITY
570.0,family_house,11.851872850176237,25.548676971550837,25.548676971550837,0.0,0.0,13.696804121374601,Spring,CHARGE_PRIORITY
570.0,luxury_house,15.08420180931521,37.05954208063727,37.05954208063727,0.0,0.0,21.975340271322064,Spring,CHARGE_PRIORITY
570.0,small_family,10.505069117201666,22.89043119796643,22.89043119796643,0.0,0.46439729057341117,12.385362080764764,Spring,CHARGE_PRIORITY
571.0,apartment,0.0,22.09120958918765,22.09120958918765,0.0,0.0,22.09120958918765,Spring,CHARGE_PRIORITY
571.0,family_house,0.0,29.662327103614622,29.662327103614622,0.0,0.0,29.662327103614622,Spring,CHARGE_PRIORITY
571.0,luxury_house,0.0,37.546717264372894,36.30197305354319,1.244744210829702,0.0,37.546717264372894,Spring,CHARGE_PRIORITY
571.0,small_family,0.0,26.561581439834466,26.561581439834466,0.0,0.0,26.561581439834466,Spring,CHARGE_PRIORITY
572.0,apartment,0.0,28.519056943354933,28.35320033487538,0.16585660847955674,0.0,28.519056943354933,Spring,CHARGE_PRIORITY
572.0,family_house,0.0,30.019443570841883,29.94640773186398,0.07303583897790178,0.0,30.019443570841883,Spring,CHARGE_PRIORITY
572.0,luxury_house,0.0,34.831296083596015,14.716727106602026,20.114568976993993,0.0,34.831296083596015,Spring,CHARGE_PRIORITY
572.0,small_family,0.0,26.32890153601898,26.32890153601898,0.0,0.0,26.32890153601898,Spring,CHARGE_PRIORITY
573.0,apartment,0.0,24.787096495038504,14.47351805470676,10.313578440331744,0.0,24.787096495038504,Spring,CHARGE_PRIORITY
573.0,family_house,0.0,32.141495392999914,25.212188478712843,6.929306914287071,0.0,32.141495392999914,Spring,CHARGE_PRIORITY
573.0,luxury_house,0.0,35.936831743596386,0.257177285251164,35.67965445834522,0.0,35.936831743596386,Spring,CHARGE_PRIORITY
573.0,small_family,0.0,24.608980304364565,23.1020703324785,1.5069099718860617,0.0,24.608980304364565,Spring,CHARGE_PRIORITY
574.0,apartment,1.3136086026387301,3.6399999999999997,2.6947106701441754,0.945289329855824,0.0,2.3263913973612693,Spring,CHARGE_PRIORITY
574.0,family_house,2.2230299429270817,10.08,6.206536435493247,3.873463564506753,0.0,7.8569700570729175,Spring,CHARGE_PRIORITY
574.0,luxury_house,2.8293108364526494,18.0,2.5463797528073844,15.453620247192617,0.0,15.17068916354735,Spring,CHARGE_PRIORITY
574.0,small_family,1.970412903958095,6.5,6.136413201043252,0.3635867989567473,0.0,4.529587096041905,Spring,CHARGE_PRIORITY
575.0,apartment,4.068621009658916,3.6399999999999997,3.6399999999999997,0.0,0.0,-0.42862100965891625,Spring,CHARGE_PRIORITY
575.0,family_house,6.8853586317304725,10.08,7.666521876503529,2.4134781234964704,0.0,3.194641368269527,Spring,CHARGE_PRIORITY
575.0,luxury_house,8.763183713111511,18.0,7.886865341800359,10.113134658199641,0.0,9.236816286888489,Spring,CHARGE_PRIORITY
575.0,small_family,6.102931514488374,6.5,6.4225106433107335,0.07748935668926649,0.0,0.39706848551162655,Spring,CHARGE_PRIORITY
576.0,apartment,0.0,3.6399999999999997,2.1525976640006075,1.4874023359993922,0.0,3.6399999999999997,Spring,CHARGE_PRIORITY
576.0,family_house,0.0,10.08,2.0739814023830183,8.00601859761698,0.0,10.08,Spring,CHARGE_PRIORITY
576.0,luxury_house,0.0,18.0,0.0,18.0,0.0,18.0,Spring,CHARGE_PRIORITY
576.0,small_family,0.0,6.5,5.579799061271253,0.9202009387287469,0.0,6.5,Spring,CHARGE_PRIORITY
577.0,apartment,1.6586016589743555,3.6399999999999997,2.6489576121893474,0.9910423878106522,0.0,1.981398341025644,Spring,CHARGE_PRIORITY
577.0,family_house,2.806864345956602,10.08,2.567774398885676,7.512225601114324,0.0,7.273135654043398,Spring,CHARGE_PRIORITY
577.0,luxury_house,3.5723728039447664,18.0,3.2151355235502894,14.784864476449709,0.0,14.427627196055234,Spring,CHARGE_PRIORITY
577.0,small_family,2.4879024884615335,6.5,5.516718209142011,0.9832817908579892,0.0,4.0120975115384665,Spring,CHARGE_PRIORITY
578.0,apartment,2.870010683252827,3.6399999999999997,3.1521582838127125,0.4878417161872871,0.0,0.7699893167471726,Spring,CHARGE_PRIORITY
578.0,family_house,4.856941156274015,10.08,4.3712470406466135,5.708752959353387,0.0,5.223058843725984,Spring,CHARGE_PRIORITY
578.0,luxury_house,6.181561471621474,18.0,5.563405324459326,12.436594675540675,0.0,11.818438528378525,Spring,CHARGE_PRIORITY
578.0,small_family,4.305016024879241,6.5,5.894118712859535,0.6058812871404655,0.0,2.194983975120759,Spring,CHARGE_PRIORITY
579.0,apartment,3.1685331992819235,3.6399999999999997,3.276159944317106,0.36384005568289346,0.0,0.47146680071807634,Spring,CHARGE_PRIORITY
579.0,family_house,5.362133106477101,10.08,4.82591979582939,5.254080204170609,0.0,4.717866893522899,Spring,CHARGE_PRIORITY
579.0,luxury_house,6.824533044607219,18.0,6.142079740146497,11.857920259853504,0.0,11.175466955392782,Spring,CHARGE_PRIORITY
579.0,small_family,4.752799798922885,6.5,5.98711995823783,0.5128800417621701,0.0,1.7472002010771148,Spring,CHARGE_PRIORITY
580.0,apartment,2.773020469938692,3.6399999999999997,3.1118700413591487,0.5281299586408509,0.0,0.8669795300613078,Spring,CHARGE_PRIORITY
580.0,family_house,4.692803872203941,10.08,4.223523484983547,5.856476515016453,0.0,5.387196127796059,Spring,CHARGE_PRIORITY
580.0,luxury_house,5.972659473714106,18.0,5.3753935263426955,12.624606473657305,0.0,12.027340526285895,Spring,CHARGE_PRIORITY
580.0,small_family,4.159530704908038,6.5,5.749911056982327,0.7500889430176728,0.0,2.3404692950919626,Spring,CHARGE_PRIORITY
581.0,apartment,2.06078309598867,3.6399999999999997,2.8160175937183705,0.8239824062816293,0.0,1.5792169040113295,Spring,CHARGE_PRIORITY
581.0,family_house,3.4874790855192876,10.08,3.1387311769673585,6.941268823032641,0.0,6.592520914480712,Spring,CHARGE_PRIORITY
581.0,luxury_house,4.4386097452063655,18.0,3.994748770685729,14.005251229314272,0.0,13.561390254793633,Spring,CHARGE_PRIORITY
581.0,small_family,3.0911746439830052,6.5,5.356017593718371,1.1439824062816293,0.0,3.4088253560169948,Spring,CHARGE_PRIORITY
582.0,apartment,11.372509273789461,3.6399999999999997,3.6399999999999997,0.0,0.0,-7.7325092737894625,Spring,CHARGE_PRIORITY
582.0,family_house,19.245784924874474,10.08,10.08,0.0,0.0,-9.165784924874474,Spring,CHARGE_PRIORITY
582.0,luxury_house,24.49463535893115,18.0,18.0,0.0,0.0,-6.4946353589311485,Spring,CHARGE_PRIORITY
582.0,small_family,17.058763910684192,6.5,6.5,0.0,0.0,-10.558763910684192,Spring,CHARGE_PRIORITY
583.0,apartment,11.42980865012964,3.6399999999999997,3.6399999999999997,0.0,0.0,-7.789808650129641,Spring,CHARGE_PRIORITY
583.0,family_house,19.34275310021939,10.08,10.08,0.0,0.0,-9.26275310021939,Spring,CHARGE_PRIORITY
583.0,luxury_house,24.618049400279226,18.0,18.0,0.0,0.0,-6.618049400279226,Spring,CHARGE_PRIORITY
583.0,small_family,17.14471297519446,6.5,6.5,0.0,0.0,-10.64471297519446,Spring,CHARGE_PRIORITY
584.0,apartment,11.56907232413847,3.6399999999999997,3.6399999999999997,0.0,0.0,-7.929072324138469,Spring,CHARGE_PRIORITY
584.0,family_house,19.57843008700356,10.08,10.08,0.0,0.0,-9.49843008700356,Spring,CHARGE_PRIORITY
584.0,luxury_house,24.918001928913625,18.0,18.0,0.0,0.0,-6.918001928913624,Spring,CHARGE_PRIORITY
584.0,small_family,17.3536084862077,6.5,6.5,0.0,0.0,-10.853608486207701,Spring,CHARGE_PRIORITY
585.0,apartment,12.344142286962482,3.6399999999999997,3.6399999999999997,0.0,0.0,-8.704142286962481,Spring,CHARGE_PRIORITY
585.0,family_house,20.890086947167276,10.08,10.08,0.0,0.0,-10.810086947167278,Spring,CHARGE_PRIORITY
585.0,luxury_house,26.58738338730381,18.0,18.0,0.0,0.0,-8.58738338730381,Spring,CHARGE_PRIORITY
585.0,small_family,18.51621343044372,6.5,6.5,0.0,0.0,-12.01621343044372,Spring,CHARGE_PRIORITY
586.0,apartment,13.32206024415543,3.6399999999999997,3.6399999999999997,0.0,0.0,-9.68206024415543,Spring,CHARGE_PRIORITY
586.0,family_house,22.54502502857073,10.08,10.08,0.0,0.0,-12.465025028570729,Spring,CHARGE_PRIORITY
586.0,luxury_house,28.693668218180928,18.0,18.0,0.0,0.0,-10.693668218180928,Spring,CHARGE_PRIORITY
586.0,small_family,19.98309036623315,6.5,6.5,0.0,0.0,-13.483090366233148,Spring,CHARGE_PRIORITY
587.0,apartment,14.276839288961376,3.6399999999999997,3.6399999999999997,0.0,0.0,-10.636839288961376,Spring,CHARGE_PRIORITY
587.0,family_house,24.160804950550023,10.08,10.08,0.0,0.0,-14.080804950550023,Spring,CHARGE_PRIORITY
587.0,luxury_house,30.750115391609114,18.0,18.0,0.0,0.0,-12.750115391609116,Spring,CHARGE_PRIORITY
587.0,small_family,21.415258933442065,6.5,6.5,0.0,0.0,-14.915258933442065,Spring,CHARGE_PRIORITY
588.0,apartment,15.785583430686781,3.6399999999999997,3.6399999999999997,0.0,0.0,-12.14558343068678,Spring,CHARGE_PRIORITY
588.0,family_house,26.714064267316097,10.08,10.08,0.0,0.0,-16.6340642673161,Spring,CHARGE_PRIORITY
588.0,luxury_house,33.9997181584023,18.0,18.0,0.0,0.0,-15.999718158402299,Spring,CHARGE_PRIORITY
588.0,small_family,23.678375146030174,6.5,6.5,0.0,0.0,-17.178375146030174,Spring,CHARGE_PRIORITY
589.0,apartment,16.043365796796845,3.6399999999999997,3.6399999999999997,0.0,0.0,-12.403365796796844,Spring,CHARGE_PRIORITY
589.0,family_house,27.150311348425426,10.08,10.08,0.0,0.0,-17.070311348425427,Spring,CHARGE_PRIORITY
589.0,luxury_house,34.55494171617782,18.0,18.0,0.0,0.0,-16.55494171617782,Spring,CHARGE_PRIORITY
589.0,small_family,24.065048695195266,6.5,6.5,0.0,1.889328306769485,-17.565048695195266,Spring,CHARGE_PRIORITY
590.0,apartment,17.71012978989475,3.6399999999999997,3.6399999999999997,0.0,0.06480742576919668,-14.07012978989475,Spring,CHARGE_PRIORITY
590.0,family_house,29.9709888752065,10.08,10.08,0.0,0.0,-19.890988875206503,Spring,CHARGE_PRIORITY
590.0,luxury_house,38.144894932081,18.0,18.0,0.0,0.0,-20.144894932081,Spring,CHARGE_PRIORITY
590.0,small_family,26.565194684842126,6.5,6.5,0.0,3.4367858965351896,-20.065194684842126,Spring,CHARGE_PRIORITY
591.0,apartment,17.48055079956192,3.6399999999999997,3.6399999999999997,0.0,3.185108495575775,-13.840550799561921,Spring,CHARGE_PRIORITY
591.0,family_house,29.582470583874024,10.08,10.08,0.0,0.0,-19.502470583874025,Spring,CHARGE_PRIORITY
591.0,luxury_house,37.65041710674876,18.0,18.0,0.0,0.0,-19.65041710674876,Spring,CHARGE_PRIORITY
591.0,small_family,26.22082619934288,6.5,6.5,0.0,11.93169313430131,-19.72082619934288,Spring,CHARGE_PRIORITY
592.0,apartment,13.631912334640218,3.6399999999999997,3.6399999999999997,0.0,5.3971418256517545,-9.991912334640217,Spring,CHARGE_PRIORITY
592.0,family_house,23.069390104775756,10.08,10.08,0.0,0.0,-12.989390104775756,Spring,CHARGE_PRIORITY
592.0,luxury_house,29.361041951532776,18.0,18.0,0.0,0.0,-11.361041951532778,Spring,CHARGE_PRIORITY
592.0,small_family,20.44786850196033,6.5,6.5,0.0,13.947868501960329,-13.947868501960329,Spring,CHARGE_PRIORITY
593.0,apartment,10.39364051205688,3.6399999999999997,3.6399999999999997,0.0,6.753640512056879,-6.753640512056879,Spring,CHARGE_PRIORITY
593.0,family_house,17.589237789634716,10.08,10.08,0.0,0.0,-7.509237789634717,Spring,CHARGE_PRIORITY
593.0,luxury_house,22.38630264135328,18.0,18.0,0.0,0.0,-4.386302641353279,Spring,CHARGE_PRIORITY
593.0,small_family,15.590460768085318,6.5,6.5,0.0,9.090460768085318,-9.090460768085318,Spring,CHARGE_PRIORITY
594.0,apartment,8.529486872759342,22.47721533169352,22.47721533169352,0.0,0.06467825612867362,13.947728458934181,Spring,CHARGE_PRIORITY
594.0,family_house,14.434516246208116,25.66781508205918,25.66781508205918,0.0,0.0,11.233298835851066,Spring,CHARGE_PRIORITY
594.0,luxury_house,18.371202495173964,35.25991020309291,35.25991020309291,0.0,0.0,16.88870770791894,Spring,CHARGE_PRIORITY
594.0,small_family,12.794230309139012,27.541912096353354,27.541912096353354,0.0,0.4186161356036143,14.74768178721434,Spring,CHARGE_PRIORITY
595.0,apartment,0.0,19.939754993980532,19.939754993980532,0.0,0.0,19.939754993980532,Spring,CHARGE_PRIORITY
595.0,family_house,0.0,28.003911736374015,28.003911736374015,0.0,0.0,28.003911736374015,Spring,CHARGE_PRIORITY
595.0,luxury_house,0.0,34.437845887777314,34.437845887777314,0.0,0.0,34.437845887777314,Spring,CHARGE_PRIORITY
595.0,small_family,0.0,24.49605170952111,24.49605170952111,0.0,0.0,24.49605170952111,Spring,CHARGE_PRIORITY
596.0,apartment,0.0,17.534699812826517,17.534699812826517,0.0,0.0,17.534699812826517,Spring,CHARGE_PRIORITY
596.0,family_house,0.0,24.497729074795803,24.497729074795803,0.0,0.0,24.497729074795803,Spring,CHARGE_PRIORITY
596.0,luxury_house,0.0,35.218649668109634,34.24289466283764,0.9757550052719952,0.0,35.218649668109634,Spring,CHARGE_PRIORITY
596.0,small_family,0.0,26.11844568936604,26.11844568936604,0.0,0.0,26.11844568936604,Spring,CHARGE_PRIORITY
597.0,apartment,0.0,24.776193184726452,24.387061042766092,0.38913214196036083,0.0,24.776193184726452,Spring,CHARGE_PRIORITY
597.0,family_house,0.0,26.482148402062776,26.482148402062776,0.0,0.0,26.482148402062776,Spring,CHARGE_PRIORITY
597.0,luxury_house,0.0,38.57346500047201,16.52573836346073,22.04772663701128,0.0,38.57346500047201,Spring,CHARGE_PRIORITY
597.0,small_family,0.0,28.30921320365301,27.854787846995443,0.45442535665756867,0.0,28.30921320365301,Spring,CHARGE_PRIORITY
598.0,apartment,1.5450092317237434,3.6399999999999997,3.293924355161749,0.3460756448382508,0.0,2.094990768276256,Spring,CHARGE_PRIORITY
598.0,family_house,2.6146310075324886,10.08,9.740794150457676,0.33920584954232424,0.0,7.4653689924675115,Spring,CHARGE_PRIORITY
598.0,luxury_house,3.327712191404985,18.0,3.6058872731148397,14.394112726885162,0.0,14.672287808595014,Spring,CHARGE_PRIORITY
598.0,small_family,2.317513847585615,6.5,6.160443266371312,0.3395567336286882,0.0,4.182486152414384,Spring,CHARGE_PRIORITY
599.0,apartment,4.361801417162046,3.6399999999999997,3.6399999999999997,0.0,0.0,-0.7218014171620462,Spring,CHARGE_PRIORITY
599.0,family_house,7.381510090581924,10.08,9.793613256793645,0.2863867432063557,0.0,2.698489909418076,Spring,CHARGE_PRIORITY
599.0,luxury_house,9.394649206195176,18.0,8.455184285575656,9.544815714424344,0.0,8.605350793804824,Spring,CHARGE_PRIORITY
599.0,small_family,6.5427021257430695,6.5,6.452956301012982,0.04704369898701832,0.0,-0.04270212574306931,Spring,CHARGE_PRIORITY
600.0,apartment,0.0,3.6399999999999997,3.067541059795851,0.5724589402041489,0.0,3.6399999999999997,Spring,CHARGE_PRIORITY
600.0,family_house,0.0,10.08,8.541761481202181,1.5382385187978176,0.0,10.08,Spring,CHARGE_PRIORITY
600.0,luxury_house,0.0,18.0,0.0,18.0,0.0,18.0,Spring,CHARGE_PRIORITY
600.0,small_family,0.0,6.5,6.0,0.5,0.0,6.5,Spring,CHARGE_PRIORITY
601.0,apartment,1.9295603216052077,3.6399999999999997,3.2007548360256965,0.439245163974303,0.0,1.710439678394792,Spring,CHARGE_PRIORITY
601.0,family_house,3.2654097750241977,10.08,8.179912937502165,1.900087062497835,0.0,6.8145902249758015,Spring,CHARGE_PRIORITY
601.0,luxury_house,4.155976077303524,18.0,3.7403784695731717,14.259621530426827,0.0,13.844023922696476,Spring,CHARGE_PRIORITY
601.0,small_family,2.894340482407811,6.5,6.200377418012849,0.2996225819871515,0.0,3.6056595175921884,Spring,CHARGE_PRIORITY
602.0,apartment,3.0620808918854,3.6399999999999997,3.406954176461592,0.23304582353840764,0.0,0.5779191081145993,Spring,CHARGE_PRIORITY
602.0,family_house,5.181983047806062,10.08,7.4541389149708355,2.625861085029164,0.0,4.898016952193937,Spring,CHARGE_PRIORITY
602.0,luxury_house,6.045646889107073,18.0,5.441082200196365,12.558917799803634,0.0,11.954353110892928,Spring,CHARGE_PRIORITY
602.0,small_family,4.593121337828101,6.5,6.2512302572204295,0.24876974277957026,0.0,1.9068786621718998,Spring,CHARGE_PRIORITY
603.0,apartment,3.209813038531579,3.6399999999999997,3.4088713029779756,0.2311286970220242,0.0,0.43018696146842095,Spring,CHARGE_PRIORITY
603.0,family_house,5.431991295976518,10.08,7.0517954303876715,3.028204569612328,0.0,4.648008704023482,Spring,CHARGE_PRIORITY
603.0,luxury_house,6.337323178639271,18.0,5.703590860775344,12.296409139224657,0.0,11.662676821360728,Spring,CHARGE_PRIORITY
603.0,small_family,4.814719557797368,6.5,6.166653477233481,0.3333465227665183,0.0,1.6852804422026322,Spring,CHARGE_PRIORITY
604.0,apartment,3.3207337842809235,3.6399999999999997,3.439587817185486,0.20041218281451345,0.0,0.31926621571907615,Spring,CHARGE_PRIORITY
604.0,family_house,5.61970332724464,10.08,7.150344246803435,2.929655753196564,0.0,4.46029667275536,Spring,CHARGE_PRIORITY
604.0,luxury_house,6.55632054845208,18.0,5.900688493606871,12.099311506393128,0.0,11.44367945154792,Spring,CHARGE_PRIORITY
604.0,small_family,4.981100676421385,6.5,5.954883499404962,0.5451165005950379,0.0,1.5188993235786148,Spring,CHARGE_PRIORITY
605.0,apartment,3.4033816923226414,3.6399999999999997,3.462474930181654,0.17752506981834537,0.0,0.2366183076773581,Spring,CHARGE_PRIORITY
605.0,family_house,5.759569017776777,10.08,7.223773734332808,2.8562262656671913,0.0,4.320430982223222,Spring,CHARGE_PRIORITY
605.0,luxury_house,6.71949718740624,18.0,6.047547468665616,11.952452531334384,0.0,11.28050281259376,Spring,CHARGE_PRIORITY
605.0,small_family,5.105072538483961,6.5,5.892921462106659,0.607078537893341,0.0,1.3949274615160383,Spring,CHARGE_PRIORITY
606.0,apartment,12.20130365847146,3.6399999999999997,3.6399999999999997,0.0,0.0,-8.561303658471461,Spring,CHARGE_PRIORITY
606.0,family_house,20.64836003741324,10.08,10.08,0.0,0.0,-10.568360037413242,Spring,CHARGE_PRIORITY
606.0,luxury_house,24.089753376982117,18.0,16.5,1.5,0.0,-6.089753376982116,Spring,CHARGE_PRIORITY
606.0,small_family,18.30195548770719,6.5,6.5,0.0,0.0,-11.80195548770719,Spring,CHARGE_PRIORITY
607.0,apartment,12.295834798824151,3.6399999999999997,3.6399999999999997,0.0,0.0,-8.655834798824152,Spring,CHARGE_PRIORITY
607.0,family_house,20.80833581339472,10.08,10.08,0.0,0.0,-10.728335813394718,Spring,CHARGE_PRIORITY
607.0,luxury_house,24.27639178229384,18.0,16.5,1.5,0.0,-6.276391782293839,Spring,CHARGE_PRIORITY
607.0,small_family,18.443752198236226,6.5,6.5,0.0,0.0,-11.943752198236226,Spring,CHARGE_PRIORITY
608.0,apartment,11.5549791182089,3.6399999999999997,3.6399999999999997,0.0,0.0,-7.9149791182089,Spring,CHARGE_PRIORITY
608.0,family_house,19.554580046199675,10.08,10.08,0.0,0.0,-9.474580046199677,Spring,CHARGE_PRIORITY
608.0,luxury_house,22.81367672056629,18.0,16.5,1.5,0.0,-4.813676720566287,Spring,CHARGE_PRIORITY
608.0,small_family,17.33246867731335,6.5,6.5,0.0,0.0,-10.83246867731335,Spring,CHARGE_PRIORITY
609.0,apartment,12.0643581088713,3.6399999999999997,3.6399999999999997,0.0,0.0,-8.4243581088713,Spring,CHARGE_PRIORITY
609.0,family_house,20.41660603039758,10.08,10.08,0.0,0.0,-10.336606030397583,Spring,CHARGE_PRIORITY
609.0,luxury_house,23.819373702130513,18.0,16.5,1.5,0.0,-5.819373702130513,Spring,CHARGE_PRIORITY
609.0,small_family,18.096537163306948,6.5,6.5,0.0,0.0,-11.596537163306948,Spring,CHARGE_PRIORITY
610.0,apartment,13.705931082413002,3.6399999999999997,3.6399999999999997,0.0,0.0,-10.065931082413002,Spring,CHARGE_PRIORITY
610.0,family_house,23.194652601006624,10.08,10.08,0.0,0.0,-13.114652601006624,Spring,CHARGE_PRIORITY
610.0,luxury_house,27.060428034507723,18.0,16.5,1.5,0.0,-9.060428034507723,Spring,CHARGE_PRIORITY
610.0,small_family,20.558896623619503,6.5,6.5,0.0,0.0,-14.058896623619505,Spring,CHARGE_PRIORITY
611.0,apartment,14.630960081181817,3.6399999999999997,3.6399999999999997,0.0,0.17683816705111194,-10.990960081181816,Spring,CHARGE_PRIORITY
611.0,family_house,24.760086291230763,10.08,10.08,0.0,0.0,-14.680086291230767,Spring,CHARGE_PRIORITY
611.0,luxury_house,28.886767339769225,18.0,16.5,1.5,0.0,-10.886767339769227,Spring,CHARGE_PRIORITY
611.0,small_family,21.94644012177272,6.5,6.5,0.0,0.0,-15.446440121772723,Spring,CHARGE_PRIORITY
612.0,apartment,16.314213323200057,3.6399999999999997,3.6399999999999997,0.0,1.5760036916074536,-12.674213323200059,Spring,CHARGE_PRIORITY
612.0,family_house,27.608668700800102,10.08,10.08,0.0,0.0,-17.528668700800104,Spring,CHARGE_PRIORITY
612.0,luxury_house,32.210113484266785,18.0,16.5,1.5,0.0,-14.210113484266786,Spring,CHARGE_PRIORITY
612.0,small_family,24.47131998480009,6.5,6.5,0.0,0.0,-17.97131998480009,Spring,CHARGE_PRIORITY
613.0,apartment,16.441958508162983,3.6399999999999997,3.6399999999999997,0.0,1.9695320781789207,-12.801958508162985,Spring,CHARGE_PRIORITY
613.0,family_house,27.824852859968132,10.08,10.08,0.0,0.0,-17.744852859968134,Spring,CHARGE_PRIORITY
613.0,luxury_house,32.46232833662948,18.0,16.5,1.5,0.0,-14.462328336629485,Spring,CHARGE_PRIORITY
613.0,small_family,24.662937762244482,6.5,6.5,0.0,0.9317618146500912,-18.162937762244482,Spring,CHARGE_PRIORITY
614.0,apartment,17.5697044024089,3.6399999999999997,3.6399999999999997,0.0,2.8971481377229233,-13.929704402408898,Spring,CHARGE_PRIORITY
614.0,family_house,29.733345911768907,10.08,10.08,0.0,0.0,-19.65334591176891,Spring,CHARGE_PRIORITY
614.0,luxury_house,34.68890356373039,18.0,16.5,1.5,0.0,-16.688903563730396,Spring,CHARGE_PRIORITY
614.0,small_family,26.354556603613354,6.5,6.5,0.0,3.1537087872912695,-19.854556603613354,Spring,CHARGE_PRIORITY
615.0,apartment,17.80156220339094,3.6399999999999997,3.6399999999999997,0.0,6.622919997117756,-14.161562203390938,Spring,CHARGE_PRIORITY
615.0,family_house,30.125720651892358,10.08,10.08,0.0,0.0,-20.04572065189236,Spring,CHARGE_PRIORITY
615.0,luxury_house,35.14667409387442,18.0,16.5,1.5,0.0,-17.146674093874417,Spring,CHARGE_PRIORITY
615.0,small_family,26.70234330508641,6.5,6.5,0.0,14.341210620757805,-20.20234330508641,Spring,CHARGE_PRIORITY
616.0,apartment,14.637177837575406,3.6399999999999997,3.6399999999999997,0.0,9.075756352202927,-10.997177837575405,Spring,CHARGE_PRIORITY
616.0,family_house,24.770608648204533,10.08,10.08,0.0,0.1698609273322561,-14.690608648204535,Spring,CHARGE_PRIORITY
616.0,luxury_house,28.899043422905287,18.0,16.5,1.5,0.0,-10.899043422905288,Spring,CHARGE_PRIORITY
616.0,small_family,21.955766756363108,6.5,6.5,0.0,15.455766756363108,-15.455766756363108,Spring,CHARGE_PRIORITY
617.0,apartment,9.467024476686937,3.6399999999999997,3.6399999999999997,0.0,5.827024476686937,-5.827024476686937,Spring,CHARGE_PRIORITY
617.0,family_house,16.021118345162506,10.08,10.08,0.0,0.9125239663238498,-5.941118345162508,Spring,CHARGE_PRIORITY
617.0,luxury_house,18.691304736022925,18.0,16.5,1.5,0.0,-0.6913047360229259,Spring,CHARGE_PRIORITY
617.0,small_family,14.200536715030404,6.5,6.5,0.0,7.700536715030404,-7.700536715030404,Spring,CHARGE_PRIORITY
618.0,apartment,7.034037773952142,25.299774501653907,25.299774501653907,0.0,0.016420731339983785,18.265736727701764,Spring,CHARGE_PRIORITY
618.0,family_house,11.903756232842087,28.840356939771414,28.840356939771414,0.0,0.0,16.93660070692933,Spring,CHARGE_PRIORITY
618.0,luxury_house,13.887715604982432,37.126067010684395,33.00640353102601,4.119663479658385,0.0,23.238351405701966,Spring,CHARGE_PRIORITY
618.0,small_family,10.551056660928213,24.606723722162165,24.606723722162165,0.0,0.6706148418188297,14.055667061233951,Spring,CHARGE_PRIORITY
619.0,apartment,0.0,18.761204798734386,18.761204798734386,0.0,0.0,18.761204798734386,Spring,CHARGE_PRIORITY
619.0,family_house,0.0,26.49304946743118,26.49304946743118,0.0,0.0,26.49304946743118,Spring,CHARGE_PRIORITY
619.0,luxury_house,0.0,38.09599719786214,34.03690633907999,4.059090858782145,0.0,38.09599719786214,Spring,CHARGE_PRIORITY
619.0,small_family,0.0,24.021378857520993,24.021378857520993,0.0,0.0,24.021378857520993,Spring,CHARGE_PRIORITY
620.0,apartment,0.0,20.07891742485587,20.07145426227317,0.007463162582700189,0.0,20.07891742485587,Spring,CHARGE_PRIORITY
620.0,family_house,0.0,27.739338056631198,27.739338056631198,0.0,0.0,27.739338056631198,Spring,CHARGE_PRIORITY
620.0,luxury_house,0.0,33.74441913115978,29.78215129177286,3.962267839386919,0.0,33.74441913115978,Spring,CHARGE_PRIORITY
620.0,small_family,0.0,30.406231875690025,30.406231875690025,0.0,0.0,30.406231875690025,Spring,CHARGE_PRIORITY
621.0,apartment,0.0,27.925544894510992,24.109354238419584,3.8161906560914076,0.0,27.925544894510992,Spring,CHARGE_PRIORITY
621.0,family_house,0.0,26.856155582112436,26.856155582112436,0.0,0.0,26.856155582112436,Spring,CHARGE_PRIORITY
621.0,luxury_house,0.0,36.361961236791586,16.122208185499225,20.23975305129236,0.0,36.361961236791586,Spring,CHARGE_PRIORITY
621.0,small_family,0.0,28.48171126654186,25.058219939360093,3.4234913271817686,0.0,28.48171126654186,Spring,CHARGE_PRIORITY
622.0,apartment,1.341065817810913,3.6399999999999997,2.8580096658880714,0.7819903341119281,0.0,2.298934182189087,Spring,CHARGE_PRIORITY
622.0,family_house,2.269495999372314,10.08,10.08,0.0,0.0,7.810504000627686,Spring,CHARGE_PRIORITY
622.0,luxury_house,2.647745332601033,18.0,3.666337090309936,14.333662909690064,0.0,15.352254667398967,Spring,CHARGE_PRIORITY
622.0,small_family,2.0115987267163695,6.5,5.417793581702631,1.0822064182973694,0.0,4.488401273283631,Spring,CHARGE_PRIORITY
623.0,apartment,4.121299350666774,3.6399999999999997,3.6399999999999997,0.0,0.0,-0.4812993506667745,Spring,CHARGE_PRIORITY
623.0,family_house,6.97450659343608,10.08,10.08,0.0,0.0,3.10549340656392,Spring,CHARGE_PRIORITY
623.0,luxury_house,8.13692435900876,18.0,7.331423063556039,10.668576936443962,0.0,9.86307564099124,Spring,CHARGE_PRIORITY
623.0,small_family,6.1819490260001615,6.5,6.283943259246187,0.21605674075381265,0.0,0.3180509739998381,Spring,CHARGE_PRIORITY
624.0,apartment,0.0,3.6399999999999997,2.2666036213846525,1.3733963786153471,0.0,3.6399999999999997,Spring,CHARGE_PRIORITY
624.0,family_house,0.0,10.08,9.226534302663241,0.853465697336759,0.0,10.08,Spring,CHARGE_PRIORITY
624.0,luxury_house,0.0,18.0,0.0,18.0,0.0,18.0,Spring,CHARGE_PRIORITY
624.0,small_family,0.0,6.5,4.5714853258853925,1.928514674114608,0.0,6.5,Spring,CHARGE_PRIORITY
625.0,apartment,1.8223843719161619,3.6399999999999997,2.8708253595094404,0.7691746404905593,0.0,1.8176156280838376,Spring,CHARGE_PRIORITY
625.0,family_house,3.0840350909350436,10.08,8.316356838548364,1.763643161451636,0.0,6.9959649090649565,Spring,CHARGE_PRIORITY
625.0,luxury_house,3.5980409394242177,18.0,3.2382368454817954,14.761763154518205,0.0,14.401959060575782,Spring,CHARGE_PRIORITY
625.0,small_family,2.733576557874243,6.5,4.635485647116993,1.864514352883007,0.0,3.766423442125757,Spring,CHARGE_PRIORITY
626.0,apartment,2.7902329482646246,3.6399999999999997,3.205849866706985,0.4341501332930145,0.0,0.849767051735375,Spring,CHARGE_PRIORITY
626.0,family_house,4.721932681678595,10.08,8.622434853377683,1.4575651466223158,0.0,5.358067318321404,Spring,CHARGE_PRIORITY
626.0,luxury_house,5.508921461958362,18.0,4.958029315762526,13.041970684237475,0.0,12.491078538041638,Spring,CHARGE_PRIORITY
626.0,small_family,4.1853494223969365,6.5,5.2385297600725735,1.2614702399274265,0.0,2.314650577603063,Spring,CHARGE_PRIORITY
627.0,apartment,2.926057740581627,3.6399999999999997,3.2306161928177404,0.4093838071822591,0.0,0.713942259418373,Spring,CHARGE_PRIORITY
627.0,family_house,4.9517900225227525,10.08,8.247855188046522,1.8321448119534778,0.0,5.128209977477248,Spring,CHARGE_PRIORITY
627.0,luxury_house,5.777088359609878,18.0,5.199379523648888,12.800620476351112,0.0,12.222911640390123,Spring,CHARGE_PRIORITY
627.0,small_family,4.3890866108724405,6.5,5.3231590537470135,1.1768409462529865,0.0,2.1109133891275595,Spring,CHARGE_PRIORITY
628.0,apartment,3.121050782134428,3.6399999999999997,3.256436478732762,0.3835635212672374,0.0,0.5189492178655715,Spring,CHARGE_PRIORITY
628.0,family_house,5.281778246689032,10.08,6.965743472526397,3.1142565274736027,0.0,4.798221753310967,Spring,CHARGE_PRIORITY
628.0,luxury_house,6.1620746211372035,18.0,5.545867159023482,12.454132840976518,0.0,11.837925378862797,Spring,CHARGE_PRIORITY
628.0,small_family,4.681576173201642,6.5,5.444654718099144,1.0553452819008566,0.0,1.818423826798358,Spring,CHARGE_PRIORITY
629.0,apartment,3.1789513921642008,3.6399999999999997,3.189176436008973,0.45082356399102635,0.0,0.46104860783579876,Spring,CHARGE_PRIORITY
629.0,family_house,5.379763894431725,10.08,6.203643660514585,3.8763563394854152,0.0,4.700236105568275,Spring,CHARGE_PRIORITY
629.0,luxury_house,6.276391210170345,18.0,5.6487520891533105,12.35124791084669,0.0,11.723608789829655,Spring,CHARGE_PRIORITY
629.0,small_family,4.768427088246301,6.5,5.480731252040771,1.0192687479592286,0.0,1.7315729117536987,Spring,CHARGE_PRIORITY
630.0,apartment,11.700571946945836,3.6399999999999997,3.6399999999999997,0.0,0.0,-8.060571946945837,Spring,CHARGE_PRIORITY
630.0,family_house,19.80096791021603,10.08,10.08,0.0,0.0,-9.720967910216032,Spring,CHARGE_PRIORITY
630.0,luxury_house,23.10112922858537,18.0,16.5,1.5,0.0,-5.10112922858537,Spring,CHARGE_PRIORITY
630.0,small_family,17.550857920418753,6.5,6.5,0.0,0.0,-11.050857920418753,Spring,CHARGE_PRIORITY
631.0,apartment,11.607469777185907,3.6399999999999997,3.6399999999999997,0.0,0.0,-7.967469777185906,Spring,CHARGE_PRIORITY
631.0,family_house,19.643410392160767,10.08,10.08,0.0,0.0,-9.563410392160765,Spring,CHARGE_PRIORITY
631.0,luxury_house,22.91731212418756,18.0,16.5,1.5,0.0,-4.917312124187562,Spring,CHARGE_PRIORITY
631.0,small_family,17.41120466577886,6.5,6.5,0.0,0.0,-10.91120466577886,Spring,CHARGE_PRIORITY
632.0,apartment,11.740652204004398,3.6399999999999997,3.6399999999999997,0.0,0.0,-8.1006522040044,Spring,CHARGE_PRIORITY
632.0,family_house,19.868796037545906,10.08,10.08,0.0,0.0,-9.788796037545907,Spring,CHARGE_PRIORITY
632.0,luxury_house,23.18026204380356,18.0,16.5,1.5,0.0,-5.180262043803558,Spring,CHARGE_PRIORITY
632.0,small_family,17.610978306006597,6.5,6.5,0.0,0.0,-11.110978306006597,Spring,CHARGE_PRIORITY
633.0,apartment,12.56111345186354,3.6399999999999997,3.6399999999999997,0.0,0.0,-8.92111345186354,Spring,CHARGE_PRIORITY
633.0,family_house,21.257268918538294,10.08,10.08,0.0,0.0,-11.177268918538296,Spring,CHARGE_PRIORITY
633.0,luxury_house,24.80014707162801,18.0,16.5,1.5,0.0,-6.800147071628011,Spring,CHARGE_PRIORITY
633.0,small_family,18.841670177795308,6.5,6.5,0.0,0.0,-12.34167017779531,Spring,CHARGE_PRIORITY
634.0,apartment,13.289352783711992,3.6399999999999997,3.6399999999999997,0.0,0.0,-9.649352783711992,Spring,CHARGE_PRIORITY
634.0,family_house,22.48967394166645,10.08,10.08,0.0,0.0,-12.409673941666451,Spring,CHARGE_PRIORITY
634.0,luxury_house,26.23795293194419,18.0,16.5,1.5,0.0,-8.23795293194419,Spring,CHARGE_PRIORITY
634.0,small_family,19.93402917556799,6.5,6.5,0.0,0.0,-13.43402917556799,Spring,CHARGE_PRIORITY
635.0,apartment,14.209189529230658,3.6399999999999997,3.6399999999999997,0.0,0.0,-10.569189529230657,Spring,CHARGE_PRIORITY
635.0,family_house,24.046320741774956,10.08,10.08,0.0,0.0,-13.966320741774958,Spring,CHARGE_PRIORITY
635.0,luxury_house,28.054040865404115,18.0,16.5,1.5,0.0,-10.054040865404115,Spring,CHARGE_PRIORITY
635.0,small_family,21.313784293845988,6.5,6.5,0.0,0.0,-14.813784293845988,Spring,CHARGE_PRIORITY
636.0,apartment,15.091610425049423,3.6399999999999997,3.6399999999999997,0.0,0.0,-11.451610425049422,Spring,CHARGE_PRIORITY
636.0,family_house,25.539648411622103,10.08,10.08,0.0,0.0,-15.459648411622103,Spring,CHARGE_PRIORITY
636.0,luxury_house,29.796256480225786,18.0,16.5,1.5,0.0,-11.796256480225784,Spring,CHARGE_PRIORITY
636.0,small_family,22.637415637574136,6.5,6.5,0.0,0.08726849473434006,-16.137415637574136,Spring,CHARGE_PRIORITY
637.0,apartment,16.061948409707774,3.6399999999999997,3.6399999999999997,0.0,0.8856683249222019,-12.421948409707776,Spring,CHARGE_PRIORITY
637.0,family_house,27.18175884719777,10.08,10.08,0.0,0.0,-17.10175884719777,Spring,CHARGE_PRIORITY
637.0,luxury_house,31.712051988397402,18.0,16.5,1.5,0.0,-13.712051988397402,Spring,CHARGE_PRIORITY
637.0,small_family,24.09292261456166,6.5,6.5,0.0,2.046160790385683,-17.59292261456166,Spring,CHARGE_PRIORITY
638.0,apartment,17.12654351232245,3.6399999999999997,3.6399999999999997,0.0,2.7905887564561103,-13.48654351232245,Spring,CHARGE_PRIORITY
638.0,family_house,28.98338132854569,10.08,10.08,0.0,0.0,-18.90338132854569,Spring,CHARGE_PRIORITY
638.0,luxury_house,33.8139448833033,18.0,16.5,1.5,0.0,-15.813944883303302,Spring,CHARGE_PRIORITY
638.0,small_family,25.68981526848368,6.5,6.5,0.0,4.703562672837928,-19.18981526848368,Spring,CHARGE_PRIORITY
639.0,apartment,16.947202912320797,3.6399999999999997,3.6399999999999997,0.0,4.368336797690631,-13.307202912320797,Spring,CHARGE_PRIORITY
639.0,family_house,28.67988185161981,10.08,10.08,0.0,0.0,-18.599881851619813,Spring,CHARGE_PRIORITY
639.0,luxury_house,33.45986216022312,18.0,16.5,1.5,0.0,-15.459862160223114,Spring,CHARGE_PRIORITY
639.0,small_family,25.4208043684812,6.5,6.5,0.0,9.777374377953636,-18.9208043684812,Spring,CHARGE_PRIORITY
640.0,apartment,12.81841492152627,3.6399999999999997,3.6399999999999997,0.0,3.5301595852024112,-9.17841492152627,Spring,CHARGE_PRIORITY
640.0,family_house,21.692702174890613,10.08,10.08,0.0,0.0,-11.612702174890613,Spring,CHARGE_PRIORITY
640.0,luxury_house,25.308152537372383,18.0,16.5,1.5,0.0,-7.308152537372383,Spring,CHARGE_PRIORITY
640.0,small_family,19.227622382289404,6.5,6.5,0.0,12.727622382289406,-12.727622382289406,Spring,CHARGE_PRIORITY
641.0,apartment,9.6372082626755,3.6399999999999997,3.6399999999999997,0.0,5.617037238347821,-5.997208262675501,Spring,CHARGE_PRIORITY
641.0,family_house,16.309121675297,10.08,10.08,0.0,0.270566335323137,-6.229121675297002,Spring,CHARGE_PRIORITY
641.0,luxury_house,19.027308621179834,18.0,16.5,1.5,0.0,-1.0273086211798357,Spring,CHARGE_PRIORITY
641.0,small_family,14.45581239401325,6.5,6.5,0.0,7.95581239401325,-7.95581239401325,Spring,CHARGE_PRIORITY
642.0,apartment,7.731207775664631,24.90323823009279,24.903238230092793,0.0,0.18465310549928798,17.17203045442816,Spring,CHARGE_PRIORITY
642.0,family_house,13.083582389586297,32.90545580651715,32.90545580651715,0.0,0.0,19.82187341693086,Spring,CHARGE_PRIORITY
642.0,luxury_house,15.264179454517345,37.3230020426526,32.98991033802954,4.333091704623053,0.0,22.05882258813525,Spring,CHARGE_PRIORITY
642.0,small_family,11.596811663496945,19.79386632872513,19.79386632872513,0.0,0.6279890792738181,8.197054665228183,Spring,CHARGE_PRIORITY
643.0,apartment,0.0,16.676703714859084,16.676703714859084,0.0,0.0,16.676703714859084,Spring,CHARGE_PRIORITY
643.0,family_house,0.0,25.128518629983994,25.128518629983994,0.0,0.0,25.128518629983994,Spring,CHARGE_PRIORITY
643.0,luxury_house,0.0,30.59204620856941,26.19661518520332,4.39543102336609,0.0,30.59204620856941,Spring,CHARGE_PRIORITY
643.0,small_family,0.0,28.329877489936703,28.329877489936703,0.0,0.0,28.329877489936703,Spring,CHARGE_PRIORITY
644.0,apartment,0.0,28.803655179607638,28.803655179607638,0.0,0.0,28.803655179607638,Spring,CHARGE_PRIORITY
644.0,family_house,0.0,27.54308730523196,27.54308730523196,0.0,0.0,27.54308730523196,Spring,CHARGE_PRIORITY
644.0,luxury_house,0.0,33.08018422392342,29.89681215662823,3.1833720672951906,0.0,33.08018422392342,Spring,CHARGE_PRIORITY
644.0,small_family,0.0,26.55465782805478,26.55465782805478,0.0,0.0,26.55465782805478,Spring,CHARGE_PRIORITY
645.0,apartment,0.0,18.774794748080513,16.03393464698268,2.740860101097832,0.0,18.774794748080513,Spring,CHARGE_PRIORITY
645.0,family_house,0.0,28.278086424977555,28.278086424977555,0.0,0.0,28.278086424977555,Spring,CHARGE_PRIORITY
645.0,luxury_house,0.0,37.79133265297997,13.204588751380664,24.586743901599302,0.0,37.79133265297997,Spring,CHARGE_PRIORITY
645.0,small_family,0.0,29.00453461366644,28.507604773239034,0.49692984042740607,0.0,29.00453461366644,Spring,CHARGE_PRIORITY
646.0,apartment,0.5921953434575284,3.6399999999999997,3.1619962783248883,0.4780037216751114,0.0,3.0478046565424712,Spring,CHARGE_PRIORITY
646.0,family_house,1.0021767350819712,10.08,9.412851249178825,0.6671487508211754,0.0,9.07782326491803,Spring,CHARGE_PRIORITY
646.0,luxury_house,1.1692061909289664,18.0,3.4182961571795567,14.581703842820442,0.0,16.830793809071032,Spring,CHARGE_PRIORITY
646.0,small_family,0.8882930151862927,6.5,6.061497208743667,0.43850279125633357,0.0,5.611706984813708,Spring,CHARGE_PRIORITY
647.0,apartment,3.2405386786959407,3.6399999999999997,3.496545447810115,0.14345455218988476,0.0,0.399461321304059,Spring,CHARGE_PRIORITY
647.0,family_house,5.483988533177746,10.08,9.23724182254364,0.8427581774563598,0.0,4.5960114668222545,Spring,CHARGE_PRIORITY
647.0,luxury_house,6.397986622040703,18.0,6.109591294946162,11.890408705053838,0.0,11.602013377959297,Spring,CHARGE_PRIORITY
647.0,small_family,4.860808018043911,6.5,6.33651747817227,0.16348252182772932,0.0,1.6391919819560894,Spring,CHARGE_PRIORITY
648.0,apartment,0.0,3.6399999999999997,2.7458566377941445,0.8941433622058549,0.0,3.6399999999999997,Spring,CHARGE_PRIORITY
648.0,family_house,0.0,10.08,7.66655737904596,2.413442620954039,0.0,10.08,Spring,CHARGE_PRIORITY
648.0,luxury_house,0.0,18.0,0.0,18.0,0.0,18.0,Spring,CHARGE_PRIORITY
648.0,small_family,0.0,6.5,5.562001694722359,0.9379983052776408,0.0,6.5,Spring,CHARGE_PRIORITY
649.0,apartment,0.9588316998330642,3.6399999999999997,2.785522624569156,0.8544773754308437,0.0,2.6811683001669353,Spring,CHARGE_PRIORITY
649.0,family_house,1.6226382612559547,10.08,5.27517535700659,4.80482464299341,0.0,8.457361738744044,Spring,CHARGE_PRIORITY
649.0,luxury_house,1.8930779714652806,18.0,1.7037701743187523,16.296229825681248,0.0,16.10692202853472,Spring,CHARGE_PRIORITY
649.0,small_family,1.4382475497495963,6.5,5.434818741452772,1.0651812585472282,0.0,5.061752450250404,Spring,CHARGE_PRIORITY
650.0,apartment,2.564884536591142,3.6399999999999997,3.230275717825239,0.40972428217476065,0.0,1.0751154634088576,Spring,CHARGE_PRIORITY
650.0,family_house,4.340573831154241,10.08,5.472972277725327,4.6070277222746725,0.0,5.739426168845759,Spring,CHARGE_PRIORITY
650.0,luxury_house,5.06400280301328,18.0,4.557602522711953,13.442397477288047,0.0,12.93599719698672,Spring,CHARGE_PRIORITY
650.0,small_family,3.847326804886713,6.5,5.37298455871395,1.1270154412860491,0.0,2.652673195113287,Spring,CHARGE_PRIORITY
651.0,apartment,2.3685474308163967,3.6399999999999997,3.075100937387389,0.5648990626126108,0.0,1.2714525691836027,Spring,CHARGE_PRIORITY
651.0,family_house,4.0083110367662105,10.08,4.686233277574657,5.393766722425342,0.0,6.07168896323379,Spring,CHARGE_PRIORITY
651.0,luxury_house,4.676362876227246,18.0,4.20872658860452,13.79127341139548,0.0,13.323637123772754,Spring,CHARGE_PRIORITY
651.0,small_family,3.552821146224595,6.5,5.091987023437411,1.4080129765625888,0.0,2.947178853775405,Spring,CHARGE_PRIORITY
652.0,apartment,3.405600815553123,3.6399999999999997,3.3880143642837237,0.25198563571627575,0.0,0.23439918444687674,Spring,CHARGE_PRIORITY
652.0,family_house,5.7633244570899,10.08,6.002493342817425,4.077506657182575,0.0,4.316675542910099,Spring,CHARGE_PRIORITY
652.0,luxury_house,6.72387853327155,18.0,6.0514906799443935,11.948509320055607,0.0,11.276121466728451,Spring,CHARGE_PRIORITY
652.0,small_family,5.108401223329684,6.5,5.6219512773831,0.8780487226169006,0.0,1.3915987766703157,Spring,CHARGE_PRIORITY
653.0,apartment,3.4788148844986115,3.6399999999999997,3.4050461827917307,0.23495381720826908,0.0,0.16118511550138792,Spring,CHARGE_PRIORITY
653.0,family_house,5.887225189151497,10.08,5.798314510665455,4.281685489334545,0.0,4.192774810848503,Spring,CHARGE_PRIORITY
653.0,luxury_house,6.868429387343413,18.0,6.181586448609071,11.818413551390929,0.0,11.131570612656587,Spring,CHARGE_PRIORITY
653.0,small_family,5.2182223267479175,6.5,5.667569274187596,0.832430725812404,0.0,1.281777673252083,Spring,CHARGE_PRIORITY
654.0,apartment,12.5077803898449,3.6399999999999997,3.6399999999999997,0.0,0.0,-8.867780389844901,Spring,CHARGE_PRIORITY
654.0,family_house,21.167012967429834,10.08,10.08,0.0,0.0,-11.087012967429834,Spring,CHARGE_PRIORITY
654.0,luxury_house,24.694848462001474,18.0,16.5,1.5,0.0,-6.694848462001474,Spring,CHARGE_PRIORITY
654.0,small_family,18.76167058476735,6.5,6.5,0.0,0.0,-12.261670584767351,Spring,CHARGE_PRIORITY
655.0,apartment,12.668263219377597,3.6399999999999997,3.6399999999999997,0.0,0.0,-9.028263219377596,Spring,CHARGE_PRIORITY
655.0,family_house,21.438599294331315,10.08,10.08,0.0,0.0,-11.358599294331315,Spring,CHARGE_PRIORITY
655.0,luxury_house,25.011699176719866,18.0,16.5,1.5,0.0,-7.011699176719866,Spring,CHARGE_PRIORITY
655.0,small_family,19.002394829066397,6.5,6.5,0.0,0.0,-12.502394829066395,Spring,CHARGE_PRIORITY
656.0,apartment,12.529897799629463,3.6399999999999997,3.6399999999999997,0.0,0.0,-8.889897799629463,Spring,CHARGE_PRIORITY
656.0,family_house,21.204442430142166,10.08,10.08,0.0,0.0,-11.124442430142167,Spring,CHARGE_PRIORITY
656.0,luxury_house,24.738516168499196,18.0,16.5,1.5,0.0,-6.738516168499196,Spring,CHARGE_PRIORITY
656.0,small_family,18.794846699444193,6.5,6.5,0.0,0.0,-12.294846699444193,Spring,CHARGE_PRIORITY
657.0,apartment,12.516981966621387,3.6399999999999997,3.6399999999999997,0.0,0.0,-8.876981966621386,Spring,CHARGE_PRIORITY
657.0,family_house,21.18258486659004,10.08,10.08,0.0,0.0,-11.10258486659004,Spring,CHARGE_PRIORITY
657.0,luxury_house,24.71301567768838,18.0,16.5,1.5,0.0,-6.7130156776883805,Spring,CHARGE_PRIORITY
657.0,small_family,18.77547294993208,6.5,6.5,0.0,0.0,-12.27547294993208,Spring,CHARGE_PRIORITY
658.0,apartment,14.670486844388245,3.6399999999999997,3.6399999999999997,0.0,0.0,-11.030486844388244,Spring,CHARGE_PRIORITY
658.0,family_house,24.826977736657028,10.08,10.08,0.0,0.0,-14.746977736657028,Spring,CHARGE_PRIORITY
658.0,luxury_house,28.964807359433202,18.0,16.5,1.5,0.0,-10.964807359433202,Spring,CHARGE_PRIORITY
658.0,small_family,22.005730266582365,6.5,6.5,0.0,0.0,-15.505730266582365,Spring,CHARGE_PRIORITY
659.0,apartment,15.659714561315171,3.6399999999999997,3.6399999999999997,0.0,0.0,-12.01971456131517,Spring,CHARGE_PRIORITY
659.0,family_house,26.501055411456445,10.08,10.08,0.0,0.0,-16.421055411456447,Spring,CHARGE_PRIORITY
659.0,luxury_house,30.917897980032517,18.0,16.5,1.5,0.0,-12.917897980032517,Spring,CHARGE_PRIORITY
659.0,small_family,23.489571841972758,6.5,6.5,0.0,0.0,-16.989571841972758,Spring,CHARGE_PRIORITY
660.0,apartment,14.947212258957084,3.6399999999999997,3.6399999999999997,0.0,0.14515677936324473,-11.307212258957083,Spring,CHARGE_PRIORITY
660.0,family_house,25.295282284388914,10.08,10.08,0.0,0.0,-15.215282284388916,Spring,CHARGE_PRIORITY
660.0,luxury_house,29.5111626651204,18.0,16.5,1.5,0.0,-11.511162665120398,Spring,CHARGE_PRIORITY
660.0,small_family,22.420818388435627,6.5,6.5,0.0,0.503563259386687,-15.920818388435626,Spring,CHARGE_PRIORITY
661.0,apartment,16.36655694583105,3.6399999999999997,3.6399999999999997,0.0,0.9789659189100808,-12.72655694583105,Spring,CHARGE_PRIORITY
661.0,family_house,27.69725021602178,10.08,10.08,0.0,0.0,-17.61725021602178,Spring,CHARGE_PRIORITY
661.0,luxury_house,32.313458585358745,18.0,16.5,1.5,0.0,-14.313458585358743,Spring,CHARGE_PRIORITY
661.0,small_family,24.549835418746575,6.5,6.5,0.0,2.7768977567302424,-18.049835418746575,Spring,CHARGE_PRIORITY
662.0,apartment,17.878635144928747,3.6399999999999997,3.6399999999999997,0.0,2.731565451175529,-14.238635144928747,Spring,CHARGE_PRIORITY
662.0,family_house,30.256151783725578,10.08,10.08,0.0,0.0,-20.17615178372558,Spring,CHARGE_PRIORITY
662.0,luxury_house,35.29884374767983,18.0,16.5,1.5,0.0,-17.298843747679836,Spring,CHARGE_PRIORITY
662.0,small_family,26.817952717393123,6.5,6.5,0.0,3.3356302130003144,-20.317952717393123,Spring,CHARGE_PRIORITY
663.0,apartment,16.845229976507767,3.6399999999999997,3.6399999999999997,0.0,5.177725373503556,-13.205229976507765,Spring,CHARGE_PRIORITY
663.0,family_house,28.507312267936214,10.08,10.08,0.0,0.0,-18.427312267936216,Spring,CHARGE_PRIORITY
663.0,luxury_house,33.25853097925892,18.0,16.5,1.5,0.0,-15.25853097925892,Spring,CHARGE_PRIORITY
663.0,small_family,25.267844964761643,6.5,6.5,0.0,14.59023321738354,-18.767844964761643,Spring,CHARGE_PRIORITY
664.0,apartment,15.437773742667616,3.6399999999999997,3.6399999999999997,0.0,10.220919155435606,-11.797773742667616,Spring,CHARGE_PRIORITY
664.0,family_house,26.125463256822123,10.08,10.08,0.0,0.0,-16.045463256822124,Spring,CHARGE_PRIORITY
664.0,luxury_house,30.479707132959142,18.0,16.5,1.5,0.0,-12.479707132959142,Spring,CHARGE_PRIORITY
664.0,small_family,23.156660614001424,6.5,6.5,0.0,16.656660614001424,-16.656660614001424,Spring,CHARGE_PRIORITY
665.0,apartment,12.923155811697075,3.6399999999999997,3.6399999999999997,0.0,9.283155811697075,-9.283155811697075,Spring,CHARGE_PRIORITY
665.0,family_house,21.86995598902582,10.08,10.08,0.0,0.0,-11.789955989025819,Spring,CHARGE_PRIORITY
665.0,luxury_house,25.514948653863453,18.0,16.5,1.5,0.0,-7.514948653863454,Spring,CHARGE_PRIORITY
665.0,small_family,19.38473371754561,6.5,6.5,0.0,12.884733717545613,-12.884733717545613,Spring,CHARGE_PRIORITY
666.0,apartment,8.619453662558918,18.840592512867005,18.840592512867005,0.0,0.2143872651342203,10.22113885030809,Spring,CHARGE_PRIORITY
666.0,family_house,14.586767736638167,27.177252496954083,27.177252496954083,0.0,0.013432845709030028,12.590484760315913,Spring,CHARGE_PRIORITY
666.0,luxury_house,17.017895692744528,31.111162950475762,27.272550374618604,3.8386125758571596,0.0,14.093267257731233,Spring,CHARGE_PRIORITY
666.0,small_family,12.929180493838375,20.11231757161957,20.11231757161957,0.0,1.5119883881285345,7.183137077781197,Spring,CHARGE_PRIORITY
667.0,apartment,0.0,24.172028331277684,24.172028331277684,0.0,0.0,24.172028331277684,Spring,CHARGE_PRIORITY
667.0,family_house,0.0,30.485676026907825,30.485676026907825,0.0,0.0,30.485676026907825,Spring,CHARGE_PRIORITY
667.0,luxury_house,0.0,37.17040071947309,34.27450904164393,2.895891677829167,0.0,37.17040071947309,Spring,CHARGE_PRIORITY
667.0,small_family,0.0,19.9105469649426,19.9105469649426,0.0,0.0,19.9105469649426,Spring,CHARGE_PRIORITY
668.0,apartment,0.0,21.474701022830875,21.474701022830875,0.0,0.0,21.474701022830875,Spring,CHARGE_PRIORITY
668.0,family_house,0.0,31.32516118543629,31.32516118543629,0.0,0.0,31.32516118543629,Spring,CHARGE_PRIORITY
668.0,luxury_house,0.0,32.38872361167347,30.522431079559343,1.8662925321141302,0.0,32.38872361167347,Spring,CHARGE_PRIORITY
668.0,small_family,0.0,28.630626916326882,28.630626916326882,0.0,0.0,28.630626916326882,Spring,CHARGE_PRIORITY
669.0,apartment,0.23603014689180493,20.033483209499707,19.760479913285337,0.2730032962143696,0.0,19.797453062607904,Spring,CHARGE_PRIORITY
669.0,family_house,0.399435633201516,31.706858598024123,31.706858598024123,0.0,0.0,31.307422964822607,Spring,CHARGE_PRIORITY
669.0,luxury_house,0.466008238735102,40.62807397915007,28.61464314478383,12.013430834366236,0.0,40.16206574041497,Spring,CHARGE_PRIORITY
669.0,small_family,0.35404522033770736,28.247864942914592,26.146472752756225,2.1013921901583656,0.0,27.893819722576886,Spring,CHARGE_PRIORITY
670.0,apartment,1.8374815382517389,3.6399999999999997,3.3344205206810096,0.30557947931898993,0.0,1.8025184617482608,Spring,CHARGE_PRIORITY
670.0,family_house,3.1095841416567884,10.08,10.08,0.0,0.0,6.970415858343212,Spring,CHARGE_PRIORITY
670.0,luxury_house,3.6278481652662533,18.0,7.739413424863423,10.260586575136577,0.0,14.372151834733748,Spring,CHARGE_PRIORITY
670.0,small_family,2.756222307377608,6.5,5.881630781021515,0.6183692189784846,0.0,3.7437776926223916,Spring,CHARGE_PRIORITY
671.0,apartment,2.7185279005927274,3.6399999999999997,3.456411555466685,0.18358844453331463,0.0,0.9214720994072724,Spring,CHARGE_PRIORITY
671.0,family_house,4.600585677926154,10.08,9.864558727829944,0.2154412721700557,0.0,5.479414322073845,Spring,CHARGE_PRIORITY
671.0,luxury_house,5.3673499575805135,18.0,7.203673243178617,10.796326756821383,0.0,12.632650042419485,Spring,CHARGE_PRIORITY
671.0,small_family,4.077791850889091,6.5,6.007870692905191,0.4921293070948098,0.0,2.4222081491109093,Spring,CHARGE_PRIORITY
672.0,apartment,0.0,3.6399999999999997,2.804908032075597,0.8350919679244024,0.0,3.6399999999999997,Spring,CHARGE_PRIORITY
672.0,family_house,0.0,10.08,9.24,0.8400000000000001,0.0,10.08,Spring,CHARGE_PRIORITY
672.0,luxury_house,0.0,18.0,1.079664469999625,16.920335530000376,0.0,18.0,Spring,CHARGE_PRIORITY
672.0,small_family,0.0,6.5,4.719417227786129,1.7805827722138718,0.0,6.5,Spring,CHARGE_PRIORITY
673.0,apartment,1.2119086263112497,3.6399999999999997,2.6595068321846633,0.9804931678153364,0.0,2.4280913736887495,Spring,CHARGE_PRIORITY
673.0,family_house,2.0509222906805764,10.08,7.379907578387827,2.700092421612173,0.0,8.029077709319424,Spring,CHARGE_PRIORITY
673.0,luxury_house,2.6102647335934615,18.0,2.349238260234115,15.650761739765887,0.0,15.38973526640654,Spring,CHARGE_PRIORITY
673.0,small_family,1.8178629394668746,6.5,5.003408198621596,1.496591801378404,0.0,4.682137060533125,Spring,CHARGE_PRIORITY
674.0,apartment,2.261401579740239,3.6399999999999997,3.0227928545254668,0.6172071454745327,0.0,1.3785984202597608,Spring,CHARGE_PRIORITY
674.0,family_house,3.826987288791173,10.08,7.092032275450206,2.9879677245497933,0.0,6.253012711208827,Spring,CHARGE_PRIORITY
674.0,luxury_house,4.87071109482513,18.0,4.383639985342617,13.616360014657385,0.0,13.129288905174871,Spring,CHARGE_PRIORITY
674.0,small_family,3.3921023696103583,6.5,5.43935142543056,1.0606485745694392,0.0,3.1078976303896417,Spring,CHARGE_PRIORITY
675.0,apartment,2.3914995158026215,3.6399999999999997,3.035879040055602,0.6041209599443976,0.0,1.2485004841973781,Spring,CHARGE_PRIORITY
675.0,family_house,4.0471530267428975,10.08,6.411111597951806,3.668888402048193,0.0,6.032846973257102,Spring,CHARGE_PRIORITY
675.0,luxury_house,5.150922034036416,18.0,4.635829830632773,13.364170169367226,0.0,12.849077965963584,Spring,CHARGE_PRIORITY
675.0,small_family,3.5872492737039323,6.5,5.4933921065641655,1.0066078934358345,0.0,2.9127507262960677,Spring,CHARGE_PRIORITY
676.0,apartment,1.93368658654794,3.6399999999999997,2.763223659027606,0.876776340972394,0.0,1.7063134134520594,Spring,CHARGE_PRIORITY
676.0,family_house,3.272392684927283,10.08,5.331751458008897,4.748248541991102,0.0,6.807607315072717,Spring,CHARGE_PRIORITY
676.0,luxury_house,4.164863417180178,18.0,3.74837707546216,14.251622924537841,0.0,13.835136582819821,Spring,CHARGE_PRIORITY
676.0,small_family,2.90052987982191,6.5,5.303223659027606,1.1967763409723942,0.0,3.5994701201780894,Spring,CHARGE_PRIORITY
677.0,apartment,2.006586220545737,3.6399999999999997,2.7935050454574597,0.8464949545425399,0.0,1.6334137794542625,Spring,CHARGE_PRIORITY
677.0,family_house,3.395761296308171,10.08,4.586918071902519,5.49308192809748,0.0,6.684238703691828,Spring,CHARGE_PRIORITY
677.0,luxury_house,4.3218780134831265,18.0,3.8896902121348136,14.110309787865187,0.0,13.678121986516874,Spring,CHARGE_PRIORITY
677.0,small_family,3.0098793308186056,6.5,5.254947196245529,1.2450528037544712,0.0,3.4901206691813944,Spring,CHARGE_PRIORITY
678.0,apartment,10.818432576936392,3.6399999999999997,3.6399999999999997,0.0,0.0,-7.178432576936391,Spring,CHARGE_PRIORITY
678.0,family_house,18.30811666866159,10.08,10.08,0.0,0.0,-8.228116668661588,Spring,CHARGE_PRIORITY
678.0,luxury_house,23.301239396478383,18.0,18.0,0.0,0.0,-5.301239396478383,Spring,CHARGE_PRIORITY
678.0,small_family,16.22764886540459,6.5,6.5,0.0,0.0,-9.72764886540459,Spring,CHARGE_PRIORITY
679.0,apartment,11.124766179651315,3.6399999999999997,3.6399999999999997,0.0,0.0,-7.484766179651315,Spring,CHARGE_PRIORITY
679.0,family_house,18.82652738094838,10.08,10.08,0.0,0.0,-8.74652738094838,Spring,CHARGE_PRIORITY
679.0,luxury_house,23.961034848479756,18.0,18.0,0.0,0.0,-5.9610348484797555,Spring,CHARGE_PRIORITY
679.0,small_family,16.687149269476972,6.5,6.5,0.0,0.0,-10.187149269476974,Spring,CHARGE_PRIORITY
680.0,apartment,12.21797518258214,3.6399999999999997,3.6399999999999997,0.0,0.0,-8.57797518258214,Spring,CHARGE_PRIORITY
680.0,family_house,20.676573385908238,10.08,10.08,0.0,0.0,-10.596573385908238,Spring,CHARGE_PRIORITY
680.0,luxury_house,26.315638854792304,18.0,18.0,0.0,0.0,-8.315638854792304,Spring,CHARGE_PRIORITY
680.0,small_family,18.32696277387321,6.5,6.5,0.0,0.0,-11.826962773873209,Spring,CHARGE_PRIORITY
681.0,apartment,13.623861033937494,3.6399999999999997,3.6399999999999997,0.0,0.0,-9.983861033937494,Spring,CHARGE_PRIORITY
681.0,family_house,23.055764826663452,10.08,10.08,0.0,0.0,-12.97576482666345,Spring,CHARGE_PRIORITY
681.0,luxury_house,29.34370068848076,18.0,18.0,0.0,0.0,-11.343700688480759,Spring,CHARGE_PRIORITY
681.0,small_family,20.43579155090624,6.5,6.5,0.0,0.0,-13.93579155090624,Spring,CHARGE_PRIORITY
682.0,apartment,14.103697289592247,3.6399999999999997,3.6399999999999997,0.0,0.0,-10.463697289592247,Spring,CHARGE_PRIORITY
682.0,family_house,23.86779541315611,10.08,10.08,0.0,0.0,-13.787795413156108,Spring,CHARGE_PRIORITY
682.0,luxury_house,30.377194162198684,18.0,18.0,0.0,0.0,-12.377194162198684,Spring,CHARGE_PRIORITY
682.0,small_family,21.155545934388368,6.5,6.5,0.0,0.0,-14.655545934388368,Spring,CHARGE_PRIORITY
683.0,apartment,13.985508220574868,3.6399999999999997,3.6399999999999997,0.0,0.0,-10.34550822057487,Spring,CHARGE_PRIORITY
683.0,family_house,23.667783142511315,10.08,10.08,0.0,0.0,-13.587783142511315,Spring,CHARGE_PRIORITY
683.0,luxury_house,30.122633090468945,18.0,18.0,0.0,0.0,-12.122633090468945,Spring,CHARGE_PRIORITY
683.0,small_family,20.978262330862304,6.5,6.5,0.0,0.0,-14.478262330862304,Spring,CHARGE_PRIORITY
684.0,apartment,15.032406210423026,3.6399999999999997,3.6399999999999997,0.0,0.0,-11.392406210423026,Spring,CHARGE_PRIORITY
684.0,family_house,25.43945666379281,10.08,10.08,0.0,0.0,-15.359456663792814,Spring,CHARGE_PRIORITY
684.0,luxury_house,32.37749029937267,18.0,18.0,0.0,0.0,-14.37749029937267,Spring,CHARGE_PRIORITY
684.0,small_family,22.54860931563454,6.5,6.5,0.0,0.0,-16.04860931563454,Spring,CHARGE_PRIORITY
685.0,apartment,17.227673147458876,3.6399999999999997,3.6399999999999997,0.0,1.3961202730406133,-13.587673147458878,Spring,CHARGE_PRIORITY
685.0,family_house,29.15452378800733,10.08,10.08,0.0,0.0,-19.074523788007333,Spring,CHARGE_PRIORITY
685.0,luxury_house,37.105757548372964,18.0,18.0,0.0,0.0,-19.105757548372967,Spring,CHARGE_PRIORITY
685.0,small_family,25.841509721188316,6.5,6.5,0.0,2.3426369908438165,-19.341509721188316,Spring,CHARGE_PRIORITY
686.0,apartment,17.883680883850722,3.6399999999999997,3.6399999999999997,0.0,3.3076785184949076,-14.24368088385072,Spring,CHARGE_PRIORITY
686.0,family_house,30.264690726516605,10.08,10.08,0.0,0.0,-20.184690726516607,Spring,CHARGE_PRIORITY
686.0,luxury_house,38.51869728829386,18.0,18.0,0.0,0.0,-20.518697288293858,Spring,CHARGE_PRIORITY
686.0,small_family,26.825521325776084,6.5,6.5,0.0,8.910791954231644,-20.325521325776084,Spring,CHARGE_PRIORITY
687.0,apartment,17.856325303235643,3.6399999999999997,3.6399999999999997,0.0,6.111405141657137,-14.216325303235642,Spring,CHARGE_PRIORITY
687.0,family_house,30.21839666701416,10.08,10.08,0.0,0.0,-20.138396667014163,Spring,CHARGE_PRIORITY
687.0,luxury_house,38.45977757619984,18.0,18.0,0.0,0.0,-20.459777576199844,Spring,CHARGE_PRIORITY
687.0,small_family,26.784487954853464,6.5,6.5,0.0,15.139199143660635,-20.284487954853464,Spring,CHARGE_PRIORITY
688.0,apartment,14.295703088239268,3.6399999999999997,3.6399999999999997,0.0,7.48091336486841,-10.655703088239267,Spring,CHARGE_PRIORITY
688.0,family_house,24.19272830317415,10.08,10.08,0.0,0.0,-14.11272830317415,Spring,CHARGE_PRIORITY
688.0,luxury_house,30.790745113130733,18.0,18.0,0.0,0.0,-12.790745113130733,Spring,CHARGE_PRIORITY
688.0,small_family,21.4435546323589,6.5,6.5,0.0,14.9435546323589,-14.9435546323589,Spring,CHARGE_PRIORITY
689.0,apartment,10.922857589543584,3.6399999999999997,3.6399999999999997,0.0,7.282857589543584,-7.282857589543584,Spring,CHARGE_PRIORITY
689.0,family_house,18.484835920766066,10.08,10.08,0.0,0.0,-8.404835920766068,Spring,CHARGE_PRIORITY
689.0,luxury_house,23.52615480824772,18.0,18.0,0.0,0.0,-5.526154808247721,Spring,CHARGE_PRIORITY
689.0,small_family,16.384286384315377,6.5,6.5,0.0,9.884286384315377,-9.884286384315377,Spring,CHARGE_PRIORITY
690.0,apartment,7.902972917808491,24.8375176442811,24.8375176442811,0.0,0.18267160531159204,16.934544726472605,Spring,CHARGE_PRIORITY
690.0,family_house,13.374261860906678,37.64415250943848,37.64415250943848,0.0,0.0,24.2698906485318,Spring,CHARGE_PRIORITY
690.0,luxury_house,17.021787822972136,39.154202961493795,39.154202961493795,0.0,0.0,22.132415138521658,Spring,CHARGE_PRIORITY
690.0,small_family,11.854459376712736,27.133187571729707,27.133187571729707,0.0,0.22805601267051823,15.278728195016969,Spring,CHARGE_PRIORITY
691.0,apartment,0.0,18.653819925845415,18.653819925845415,0.0,0.0,18.653819925845415,Spring,CHARGE_PRIORITY
691.0,family_house,0.0,19.46757993324904,19.46757993324904,0.0,0.0,19.46757993324904,Spring,CHARGE_PRIORITY
691.0,luxury_house,0.0,29.51897533492277,29.51897533492277,0.0,0.0,29.51897533492277,Spring,CHARGE_PRIORITY
691.0,small_family,0.0,29.410048699625822,29.410048699625822,0.0,0.0,29.410048699625822,Spring,CHARGE_PRIORITY
692.0,apartment,0.0,23.207890030430377,23.207890030430377,0.0,0.0,23.207890030430377,Spring,CHARGE_PRIORITY
692.0,family_house,0.0,28.087533325420488,28.087533325420488,0.0,0.0,28.087533325420488,Spring,CHARGE_PRIORITY
692.0,luxury_house,0.0,32.609590342809334,32.31564176075536,0.29394858205397245,0.0,32.609590342809334,Spring,CHARGE_PRIORITY
692.0,small_family,0.0,21.76829965437793,21.76829965437793,0.0,0.0,21.76829965437793,Spring,CHARGE_PRIORITY
693.0,apartment,0.0,20.863873479367307,17.453026855230362,3.4108466241369433,0.0,20.863873479367307,Spring,CHARGE_PRIORITY
693.0,family_house,0.0,29.52345308283443,29.52345308283443,0.0,0.0,29.52345308283443,Spring,CHARGE_PRIORITY
693.0,luxury_house,0.0,41.87401431252313,24.57413183676577,17.299882475757357,0.0,41.87401431252313,Spring,CHARGE_PRIORITY
693.0,small_family,0.0,18.965144828566835,17.940675632018877,1.0244691965479604,0.0,18.965144828566835,Spring,CHARGE_PRIORITY
694.0,apartment,0.5443361217542177,3.6399999999999997,2.4801508658689233,1.1598491341310764,0.0,3.095663878245782,Spring,CHARGE_PRIORITY
694.0,family_house,0.9211842060455993,10.08,10.08,0.0,0.0,9.1588157939544,Spring,CHARGE_PRIORITY
694.0,luxury_house,1.1724162622398537,18.0,2.5918890898180185,15.40811091018198,0.0,16.827583737760143,Spring,CHARGE_PRIORITY
694.0,small_family,0.8165041826313267,6.5,6.056527212643707,0.44347278735629275,0.0,5.683495817368673,Spring,CHARGE_PRIORITY
695.0,apartment,4.307725645497277,3.6399999999999997,3.6399999999999997,0.0,0.0,-0.667725645497278,Spring,CHARGE_PRIORITY
695.0,family_house,7.289997246226163,10.08,10.025705638786599,0.054294361213400255,0.0,2.7900027537738374,Spring,CHARGE_PRIORITY
695.0,luxury_house,9.278178313378753,18.0,8.350360482040877,9.649639517959123,0.0,8.721821686621247,Spring,CHARGE_PRIORITY
695.0,small_family,6.461588468245917,6.5,6.447340740109333,0.05265925989066739,0.0,0.03841153175408352,Spring,CHARGE_PRIORITY
696.0,apartment,0.0,3.6399999999999997,2.331135800364442,1.3088641996355577,0.0,3.6399999999999997,Spring,CHARGE_PRIORITY
696.0,family_house,0.0,10.08,8.4,1.68,0.0,10.08,Spring,CHARGE_PRIORITY
696.0,luxury_house,0.0,18.0,0.0,18.0,0.0,18.0,Spring,CHARGE_PRIORITY
696.0,small_family,0.0,6.5,5.828563983943116,0.6714360160568835,0.0,6.5,Spring,CHARGE_PRIORITY
697.0,apartment,0.36544787360229947,3.6399999999999997,2.3396094215173853,1.3003905784826144,0.0,3.2745521263977,Spring,CHARGE_PRIORITY
697.0,family_house,0.6184502476346607,10.08,8.190757305026505,1.8892426949734937,0.0,9.46154975236534,Spring,CHARGE_PRIORITY
697.0,luxury_house,0.7871184969895682,18.0,0.7084066472906113,17.29159335270939,0.0,17.212881503010433,Spring,CHARGE_PRIORITY
697.0,small_family,0.5481718104034492,6.5,5.113851068314562,1.3861489316854374,0.0,5.951828189596551,Spring,CHARGE_PRIORITY
698.0,apartment,1.484268860819928,3.6399999999999997,2.576542449879047,1.0634575501209529,0.0,2.1557311391800718,Spring,CHARGE_PRIORITY
698.0,family_house,2.5118396106183396,10.08,4.778827652648285,5.301172347351714,0.0,7.56816038938166,Spring,CHARGE_PRIORITY
698.0,luxury_house,3.196886777150614,18.0,2.877198099435553,15.122801900564447,0.0,14.803113222849387,Spring,CHARGE_PRIORITY
698.0,small_family,2.2264032912298917,6.5,5.462406837409285,1.0375931625907149,0.0,4.273596708770108,Spring,CHARGE_PRIORITY
699.0,apartment,1.963195559139379,3.6399999999999997,2.7754812322578957,0.864518767742104,0.0,1.6768044408606206,Spring,CHARGE_PRIORITY
699.0,family_house,3.3223309462358723,10.08,4.171748209676903,5.908251790323096,0.0,6.757669053764127,Spring,CHARGE_PRIORITY
699.0,luxury_house,4.228421204300201,18.0,3.8055790838701804,14.194420916129818,0.0,13.7715787956998,Spring,CHARGE_PRIORITY
699.0,small_family,2.9447933387090686,6.5,5.45105577087009,1.0489442291299098,0.0,3.5552066612909314,Spring,CHARGE_PRIORITY
700.0,apartment,2.1550422684326564,3.6399999999999997,2.8551714038104876,0.7848285961895118,0.0,1.4849577315673432,Spring,CHARGE_PRIORITY
700.0,family_house,3.6469946081168034,10.08,4.4152459560876025,5.664754043912397,0.0,6.433005391883196,Spring,CHARGE_PRIORITY
700.0,luxury_house,4.641629501239568,18.0,4.177466551115612,13.822533448884387,0.0,13.358370498760431,Spring,CHARGE_PRIORITY
700.0,small_family,3.2325634026489847,6.5,5.3951714038104885,1.104828596189512,0.0,3.267436597351015,Spring,CHARGE_PRIORITY
701.0,apartment,3.6805811737378464,3.6399999999999997,3.4888567952449514,0.15114320475504828,0.0,-0.0405811737378467,Spring,CHARGE_PRIORITY
701.0,family_house,6.228675832479434,10.08,6.171624462850098,3.9083755371499014,0.0,3.8513241675205663,Spring,CHARGE_PRIORITY
701.0,luxury_house,7.927405604973823,18.0,7.13466504447644,10.86533495552356,0.0,10.072594395026176,Spring,CHARGE_PRIORITY
701.0,small_family,5.52087176060677,6.5,5.98749497321939,0.5125050267806098,0.0,0.9791282393932298,Spring,CHARGE_PRIORITY
702.0,apartment,12.462927303640486,3.6399999999999997,3.6399999999999997,0.0,0.0,-8.822927303640487,Spring,CHARGE_PRIORITY
702.0,family_house,21.09110774462236,10.08,10.08,0.0,0.0,-11.01110774462236,Spring,CHARGE_PRIORITY
702.0,luxury_house,26.843228038610278,18.0,18.0,0.0,0.0,-8.843228038610278,Spring,CHARGE_PRIORITY
702.0,small_family,18.69439095546073,6.5,6.5,0.0,0.0,-12.194390955460728,Spring,CHARGE_PRIORITY
703.0,apartment,12.58792469562894,3.6399999999999997,3.6399999999999997,0.0,0.0,-8.94792469562894,Spring,CHARGE_PRIORITY
703.0,family_house,21.302641792602824,10.08,10.08,0.0,0.0,-11.222641792602824,Spring,CHARGE_PRIORITY
703.0,luxury_house,27.112453190585413,18.0,18.0,0.0,0.0,-9.112453190585414,Spring,CHARGE_PRIORITY
703.0,small_family,18.88188704344341,6.5,6.5,0.0,0.0,-12.381887043443411,Spring,CHARGE_PRIORITY
704.0,apartment,12.886558977566093,3.6399999999999997,3.6399999999999997,0.0,0.0,-9.246558977566094,Spring,CHARGE_PRIORITY
704.0,family_house,21.80802288511185,10.08,10.08,0.0,0.0,-11.72802288511185,Spring,CHARGE_PRIORITY
704.0,luxury_house,27.755665490142356,18.0,18.0,0.0,0.0,-9.755665490142354,Spring,CHARGE_PRIORITY
704.0,small_family,19.32983846634914,6.5,6.5,0.0,0.0,-12.829838466349141,Spring,CHARGE_PRIORITY
705.0,apartment,12.963079454014562,3.6399999999999997,3.6399999999999997,0.0,0.0,-9.323079454014561,Spring,CHARGE_PRIORITY
705.0,family_house,21.937519076024643,10.08,10.08,0.0,0.0,-11.857519076024643,Spring,CHARGE_PRIORITY
705.0,luxury_house,27.920478824031363,18.0,18.0,0.0,0.0,-9.920478824031363,Spring,CHARGE_PRIORITY
705.0,small_family,19.444619181021842,6.5,6.5,0.0,0.0,-12.944619181021842,Spring,CHARGE_PRIORITY
706.0,apartment,13.769651005650482,3.6399999999999997,3.6399999999999997,0.0,0.0,-10.129651005650482,Spring,CHARGE_PRIORITY
706.0,family_house,23.30248631725466,10.08,10.08,0.0,0.0,-13.222486317254665,Spring,CHARGE_PRIORITY
706.0,luxury_house,29.657709858324118,18.0,18.0,0.0,0.0,-11.657709858324118,Spring,CHARGE_PRIORITY
706.0,small_family,20.65447650847572,6.5,6.5,0.0,0.0,-14.154476508475721,Spring,CHARGE_PRIORITY
707.0,apartment,15.235987402395967,3.6399999999999997,3.6399999999999997,0.0,0.3043956716730238,-11.595987402395966,Spring,CHARGE_PRIORITY
707.0,family_house,25.78397868097779,10.08,10.08,0.0,0.0,-15.70397868097779,Spring,CHARGE_PRIORITY
707.0,luxury_house,32.815972866699006,18.0,18.0,0.0,0.0,-14.815972866699006,Spring,CHARGE_PRIORITY
707.0,small_family,22.85398110359395,6.5,6.5,0.0,0.0,-16.35398110359395,Spring,CHARGE_PRIORITY
708.0,apartment,16.166449677187313,3.6399999999999997,3.6399999999999997,0.0,0.9635730520913317,-12.526449677187312,Spring,CHARGE_PRIORITY
708.0,family_house,27.358607146009298,10.08,10.08,0.0,0.0,-17.2786071460093,Spring,CHARGE_PRIORITY
708.0,luxury_house,34.82004545855729,18.0,18.0,0.0,0.0,-16.82004545855729,Spring,CHARGE_PRIORITY
708.0,small_family,24.249674515780967,6.5,6.5,0.0,0.37106929368911823,-17.749674515780967,Spring,CHARGE_PRIORITY
709.0,apartment,16.99541239624515,3.6399999999999997,3.6399999999999997,0.0,2.161683975836631,-13.355412396245152,Spring,CHARGE_PRIORITY
709.0,family_house,28.76146713210718,10.08,10.08,0.0,0.0,-18.681467132107183,Spring,CHARGE_PRIORITY
709.0,luxury_house,36.605503622681866,18.0,18.0,0.0,0.0,-18.605503622681866,Spring,CHARGE_PRIORITY
709.0,small_family,25.49311859436773,6.5,6.5,0.0,3.3036979496690777,-18.99311859436773,Spring,CHARGE_PRIORITY
710.0,apartment,17.86038150896553,3.6399999999999997,3.6399999999999997,0.0,4.7119649278252895,-14.220381508965533,Spring,CHARGE_PRIORITY
710.0,family_house,30.22526101517244,10.08,10.08,0.0,0.0,-20.14526101517244,Spring,CHARGE_PRIORITY
710.0,luxury_house,38.468514019310376,18.0,18.0,0.0,0.0,-20.468514019310376,Spring,CHARGE_PRIORITY
710.0,small_family,26.790572263448297,6.5,6.5,0.0,7.884610162249083,-20.290572263448297,Spring,CHARGE_PRIORITY
711.0,apartment,17.75301713078125,3.6399999999999997,3.6399999999999997,0.0,5.954617174434833,-14.113017130781248,Spring,CHARGE_PRIORITY
711.0,family_house,30.04356745209134,10.08,10.08,0.0,0.0,-19.963567452091343,Spring,CHARGE_PRIORITY
711.0,luxury_house,38.23726766629807,18.0,18.0,0.0,0.0,-20.23726766629807,Spring,CHARGE_PRIORITY
711.0,small_family,26.629525696171875,6.5,6.5,0.0,17.60785847234328,-20.129525696171875,Spring,CHARGE_PRIORITY
712.0,apartment,13.855097197439749,3.6399999999999997,3.6399999999999997,0.0,9.642544154987165,-10.215097197439748,Spring,CHARGE_PRIORITY
712.0,family_house,23.447087564898037,10.08,10.08,0.0,0.2184986371315628,-13.36708756489804,Spring,CHARGE_PRIORITY
712.0,luxury_house,29.841747809870228,18.0,18.0,0.0,0.0,-11.841747809870228,Spring,CHARGE_PRIORITY
712.0,small_family,20.782645796159624,6.5,6.5,0.0,14.282645796159624,-14.282645796159624,Spring,CHARGE_PRIORITY
713.0,apartment,10.939289997902417,3.6399999999999997,3.6399999999999997,0.0,7.299289997902417,-7.299289997902417,Spring,CHARGE_PRIORITY
713.0,family_house,18.512644611834858,10.08,10.08,0.0,0.7027203843195716,-8.43264461183486,Spring,CHARGE_PRIORITY
713.0,luxury_house,23.56154768778982,18.0,18.0,0.0,0.0,-5.561547687789821,Spring,CHARGE_PRIORITY
713.0,small_family,16.408934996853624,6.5,6.5,0.0,9.908934996853626,-9.908934996853626,Spring,CHARGE_PRIORITY
714.0,apartment,9.290945580232243,23.991677741682107,23.991677741682107,0.0,0.4095795868781181,14.700732161449864,Spring,CHARGE_PRIORITY
714.0,family_house,15.72313867423918,28.908392121166763,28.908392121166763,0.0,0.42614404576494636,13.185253446927584,Spring,CHARGE_PRIORITY
714.0,luxury_house,20.01126740357714,35.18429171767991,35.18429171767991,0.0,0.0,15.173024314102776,Spring,CHARGE_PRIORITY
714.0,small_family,13.936418370348365,20.46644875408258,20.46644875408258,0.0,0.612198158011005,6.530030383734215,Spring,CHARGE_PRIORITY
715.0,apartment,0.0,27.57588724042744,27.57588724042744,0.0,0.0,27.57588724042744,Spring,CHARGE_PRIORITY
715.0,family_house,0.0,29.280161163982626,29.280161163982626,0.0,0.0,29.280161163982626,Spring,CHARGE_PRIORITY
715.0,luxury_house,0.0,41.169824943586484,41.169824943586484,0.0,0.0,41.169824943586484,Spring,CHARGE_PRIORITY
715.0,small_family,0.0,29.375041174838856,29.375041174838856,0.0,0.0,29.375041174838856,Spring,CHARGE_PRIORITY
716.0,apartment,0.0,26.326274987342906,26.326274987342906,0.0,0.0,26.326274987342906,Spring,CHARGE_PRIORITY
716.0,family_house,0.0,25.37755871072009,25.37755871072009,0.0,0.0,25.37755871072009,Spring,CHARGE_PRIORITY
716.0,luxury_house,0.0,39.214007250334596,38.73355679298006,0.4804504573545385,0.0,39.214007250334596,Spring,CHARGE_PRIORITY
716.0,small_family,0.0,25.50759551155121,25.50759551155121,0.0,0.0,25.50759551155121,Spring,CHARGE_PRIORITY
717.0,apartment,0.2421179442580095,26.45106821851015,23.47219710551011,2.9788711130000447,0.0,26.208950274252143,Spring,CHARGE_PRIORITY
717.0,family_house,0.4097380595135546,30.466808484880968,30.466808484880968,0.0,0.0,30.057070425367414,Spring,CHARGE_PRIORITY
717.0,luxury_house,0.5214848030172512,36.89093985087225,19.62283202916906,17.268107821703193,0.0,36.369455047855,Spring,CHARGE_PRIORITY
717.0,small_family,0.36317691638701427,31.463411225638566,31.463411225638566,0.0,0.0,31.100234309251555,Spring,CHARGE_PRIORITY
718.0,apartment,1.4202070907142954,3.6399999999999997,2.746566419220165,0.8934335807798348,0.0,2.2197929092857045,Spring,CHARGE_PRIORITY
718.0,family_house,2.4034273842857306,10.08,10.08,0.0,0.0,7.676572615714269,Spring,CHARGE_PRIORITY
718.0,luxury_house,3.0589075800000205,18.0,5.99837640243509,12.00162359756491,0.0,14.94109241999998,Spring,CHARGE_PRIORITY
718.0,small_family,2.130310636071443,6.5,6.5,0.0,0.0,4.369689363928557,Spring,CHARGE_PRIORITY
719.0,apartment,3.8958363203794475,3.6399999999999997,3.5782704715422313,0.061729528457768135,0.0,-0.2558363203794479,Spring,CHARGE_PRIORITY
719.0,family_house,6.592953772949835,10.08,9.94686032693998,0.13313967306001961,0.0,3.4870462270501648,Spring,CHARGE_PRIORITY
719.0,luxury_house,8.391032074663425,18.0,8.351661868891622,9.648338131108378,0.0,9.608967925336575,Spring,CHARGE_PRIORITY
719.0,small_family,5.843754480569172,6.5,6.478846432069004,0.02115356793099671,0.0,0.6562455194308283,Spring,CHARGE_PRIORITY
