time,generation_kw,load_kw,generation_kwh,load_kwh,solar_used_kwh,battery_charge_kwh,battery_discharge_kwh,self_consumed_kwh,net_load_kwh,grid_import,grid_export,curtailed_kwh,unmet_load_kwh,total_soc_kwh
0.0,0.0,38.22,0.0,38.22,0.0,0.0,38.22,38.22,38.22,0.0,0.0,0.0,0.0,265.71258260945484
1.0,1.1499770555132616,38.22,1.1499770555132616,38.22,0.0,1.1499770555132616,38.22,38.22,37.07002294448674,0.0,0.0,0.0,0.0,226.51612924461642
2.0,8.137975744913527,38.22,8.137975744913527,38.22,0.0,8.137975744913527,38.22,38.22,30.08202425508647,0.0,0.0,0.0,0.0,193.9490735232109
3.0,4.848465463638928,38.22,4.848465463638928,38.22,0.0,4.848465463638928,38.22,38.22,33.37153453636107,0.0,0.0,0.0,0.0,158.26131433919474
4.0,6.272354042825788,38.22,6.272354042825788,38.22,0.0,6.272354042825788,38.22,38.22,31.94764595717421,0.0,0.0,0.0,0.0,123.92437446853803
5.0,8.15276691780027,38.22,8.15276691780027,38.22,0.0,8.15276691780027,38.22,38.22,30.06723308219973,0.0,0.0,0.0,0.0,91.37135088580877
6.0,62.40256676210644,38.22,62.40256676210644,38.22,0.0,62.40256676210644,38.22,38.22,-24.18256676210644,0.0,0.0,0.0,0.0,110.28420633795612
7.0,72.81161460137864,38.22,72.81161460137864,38.22,0.0,72.81161460137864,38.22,38.22,-34.59161460137863,0.0,0.0,0.0,0.0,139.0719516238298
8.0,77.21885560627923,38.22,77.21885560627923,38.22,0.0,77.21885560627923,38.22,38.22,-38.998855606279236,0.0,0.0,0.0,0.0,172.040772841536
9.0,83.92073707974066,38.22,83.92073707974066,38.22,0.0,83.92073707974066,38.22,38.22,-45.70073707974067,0.0,0.0,0.0,0.0,211.36755707862926
10.0,90.7363364622646,38.22,90.7363364622646,38.22,0.0,90.7363364622646,38.22,38.22,-52.51633646226461,0.0,0.0,0.0,0.0,257.1601866161264
11.0,96.02809696766947,38.22,96.02809696766947,38.22,0.0,96.02809696766947,38.22,38.22,-57.80809696766947,0.0,0.0,0.0,0.0,307.97302096238445
12.0,98.40419841349059,38.22,98.40419841349059,38.22,0.0,98.40419841349059,38.22,38.22,-60.184198413490584,0.0,0.0,0.0,0.0,361.0400230647667
13.0,101.4866474483476,38.22,101.4866474483476,38.22,9.424507929116173,90.96645488104784,28.795492070883828,38.22,-63.266647448347605,0.0,1.0956846381835892,0.0,0.0,416.9852657301785
14.0,107.33379928629401,38.22,107.33379928629401,38.22,10.14,65.84577863610971,28.08,38.22,-69.11379928629401,0.0,31.348020650184303,0.0,0.0,449.85313727021116
15.0,117.2106982571977,38.22,117.2106982571977,38.22,10.14,71.03678682254406,28.08,38.22,-78.9906982571977,0.0,36.03391143465364,0.0,0.0,487.6456315767575
16.0,95.058646485591,38.22,95.058646485591,38.22,20.22,47.2131346328906,18.0,38.22,-56.838646485591,0.0,27.625511852700395,0.0,0.0,513.4622778905808
17.0,76.82471338564378,38.22,76.82471338564378,38.22,20.22,26.073842118763945,18.0,38.22,-38.60471338564377,0.0,30.530871266879828,0.0,0.0,519.2244304636479
18.0,55.70921131660395,122.4159721414432,55.70921131660395,122.4159721414432,35.71379891533315,18.907368689271642,86.70217322611006,122.4159721414432,66.70676082483926,0.0,1.088043711999158,0.0,0.0,445.7694201889176
19.0,0.0,115.10152319294069,0.0,115.10152319294069,0.0,0.0,115.10152319294069,115.10152319294069,115.10152319294069,0.0,0.0,0.0,0.0,324.4417617074546
20.0,6.6372955258491135,108.87420229269915,6.6372955258491135,108.87420229269915,0.0,6.6372955258491135,108.87420229269915,108.87420229269915,102.23690676685004,0.0,0.0,0.0,0.0,215.9749672241012
21.0,12.471153453920179,110.01581598854212,12.471153453920179,110.01581598854212,0.0,12.471153453920179,98.84445631080293,98.84445631080293,97.54466253462193,11.1713596777392,0.0,0.0,0.0,123.6149368722131
22.0,15.353077942895656,38.22,15.353077942895656,38.22,0.0,15.353077942895656,27.622298210055153,27.622298210055153,22.866922057104343,10.597701789944846,0.0,0.0,0.0,109.0636866395838
23.0,37.35210943779289,38.22,37.35210943779289,38.22,0.0,37.35210943779289,31.958596594846657,31.958596594846657,0.867890562207112,6.261403405153341,0.0,0.0,0.0,110.81169032276726
24.0,0.0,38.22,0.0,38.22,0.0,0.0,19.125405175105534,19.125405175105534,38.22,19.094594824894465,0.0,0.0,0.0,90.6517431471323
25.0,12.976514024803926,38.22,12.976514024803926,38.22,0.0,12.976514024803926,22.814538881812474,22.814538881812474,25.243485975196073,15.405461118187526,0.0,0.0,0.0,78.9137097250492
26.0,7.368836242953087,38.22,7.368836242953087,38.22,0.0,7.368836242953087,19.78102447721243,19.78102447721243,30.851163757046912,18.43897552278757,0.0,0.0,0.0,65.05337099496383
27.0,12.391136424759763,38.22,12.391136424759763,38.22,0.0,12.391136424759763,20.828710259129092,20.828710259129092,25.828863575240234,17.391289740870906,0.0,0.0,0.0,54.85324678414416
28.0,12.786960332777713,38.22,12.786960332777713,38.22,0.0,12.786960332777713,20.099514335151277,20.099514335151277,25.433039667222285,18.120485664848722,0.0,0.0,0.0,45.79727409725716
29.0,12.108443779316744,38.22,12.108443779316744,38.22,0.0,12.108443779316744,18.455844462279305,18.455844462279305,26.111556220683255,19.764155537720697,0.0,0.0,0.0,37.83018426187588
30.0,68.03540744748103,38.22,68.03540744748103,38.22,0.0,68.03540744748103,38.22,38.22,-29.81540744748103,0.0,0.0,0.0,0.0,62.086821592817515
31.0,69.26814385937249,38.22,69.26814385937249,38.22,0.0,69.26814385937249,38.22,38.22,-31.048143859372487,0.0,0.0,0.0,0.0,87.5129353686193
32.0,71.65354913405359,38.22,71.65354913405359,38.22,0.0,71.65354913405359,38.22,38.22,-33.43354913405359,0.0,0.0,0.0,0.0,115.20204328759264
33.0,76.01945153994619,38.22,76.01945153994619,38.22,0.0,76.01945153994619,38.22,38.22,-37.79945153994619,0.0,0.0,0.0,0.0,147.03300989995486
34.0,75.73732229618679,38.22,75.73732229618679,38.22,0.0,75.73732229618679,38.22,38.22,-37.517322296186784,0.0,0.0,0.0,0.0,178.5963252108709
35.0,76.85448612874909,38.22,76.85448612874909,38.22,0.0,76.85448612874909,38.22,38.22,-38.63448612874909,0.0,0.0,0.0,0.0,211.2194751909249
36.0,88.36134400948986,38.22,88.36134400948986,38.22,0.6961533331873624,87.58293957856463,37.52384666681264,38.22,-50.14134400948985,0.0,0.0822510977378505,0.0,0.0,254.75433981726135
37.0,83.63529267447105,38.22,83.63529267447105,38.22,0.78,81.19405282927889,37.44,38.22,-45.41529267447105,0.0,1.6612398451921515,0.0,0.0,292.3165564385279
38.0,93.58309207991107,38.22,93.58309207991107,38.22,1.1490772628344559,90.36233489640603,37.070922737165546,38.22,-55.36309207991108,0.0,2.071679920670588,0.0,0.0,338.9656107230732
39.0,97.756704035932,38.22,97.756704035932,38.22,3.750296590113334,87.76621997502065,34.46970340988666,38.22,-59.53670403593201,0.0,6.2401874707980225,0.0,0.0,385.89370006449786
40.0,95.71787338993546,38.22,95.71787338993546,38.22,6.075354775594425,79.18952450236304,32.14464522440557,38.22,-57.497873389935464,0.0,10.452994111977988,0.0,0.0,427.13604817805964
41.0,88.80574634849756,38.22,88.80574634849756,38.22,10.765021020714226,61.78929781307654,27.454978979285773,38.22,-50.585746348497565,0.0,16.2514275147068,0.0,0.0,456.8144341160652
42.0,71.60206352027295,121.48301437768313,71.60206352027295,121.48301437768313,29.979065328102706,40.069427676357684,91.50394904958043,121.48301437768313,49.880950857410184,0.0,1.5535705158125648,0.0,0.0,398.37399961617746
43.0,24.191369106231694,115.22704481320015,24.191369106231694,115.22704481320015,3.2873331003797146,20.90403600585198,111.93971171282043,115.22704481320015,91.03567570696845,0.0,0.0,0.0,0.0,300.2104928917289
44.0,9.06563022144885,110.34954054710188,9.06563022144885,110.34954054710188,0.0,9.06563022144885,101.81565924246704,101.81565924246704,101.28391032565303,8.533881304634836,0.0,0.0,0.0,201.48777664319618
45.0,41.50422936594525,109.5955179100777,41.50422936594525,109.5955179100777,0.0,41.50422936594525,90.1258858874254,90.1258858874254,68.09128854413245,19.46963202265231,0.0,0.0,0.0,145.8611206595628
46.0,25.304538782362066,38.22,25.304538782362066,38.22,0.0,25.304538782362066,28.372737187790516,28.372737187790516,12.915461217637935,9.847262812209484,0.0,0.0,0.0,139.959622978335
47.0,18.337989631258136,38.22,18.337989631258136,38.22,0.0,18.337989631258136,25.741473083343482,25.741473083343482,19.882010368741863,12.478526916656518,0.0,0.0,0.0,130.2226723709055
48.0,0.0,38.22,0.0,38.22,0.0,0.0,19.759210475394564,19.759210475394564,38.22,18.460789524605435,0.0,0.0,0.0,109.39463574793709
49.0,0.0,38.22,0.0,38.22,0.0,0.0,17.977644353342217,17.977644353342217,38.22,20.24235564665778,0.0,0.0,0.0,90.44453470759498
50.0,0.0,38.22,0.0,38.22,0.0,0.0,16.102899146593078,16.102899146593078,38.22,22.11710085340692,0.0,0.0,0.0,73.47058862918973
51.0,10.963429034951563,38.22,10.963429034951563,38.22,0.0,10.963429034951563,19.642215432206733,19.642215432206733,27.25657096504844,18.577784567793266,0.0,0.0,0.0,63.166697624849704
52.0,12.87961392644452,38.22,12.87961392644452,38.22,0.0,12.87961392644452,20.150996181576254,20.150996181576254,25.34038607355548,18.069003818423745,0.0,0.0,0.0,54.14435722382745
53.0,14.48647882207349,38.22,14.48647882207349,38.22,0.0,14.48647882207349,19.822890680665587,19.822890680665587,23.73352117792651,18.39710931933441,0.0,0.0,0.0,46.99227627674813
54.0,69.44566447151126,38.22,69.44566447151126,38.22,0.0,69.44566447151126,38.22,38.22,-31.225664471511266,0.0,0.0,0.0,0.0,72.58680089234568
55.0,71.88110585717422,38.22,71.88110585717422,38.22,0.0,71.88110585717422,38.22,38.22,-33.66110585717421,0.0,0.0,0.0,0.0,100.49178807390265
56.0,73.91611573771567,38.22,73.91611573771567,38.22,0.0,73.91611573771567,38.22,38.22,-35.69611573771567,0.0,0.0,0.0,0.0,130.3273551404971
57.0,78.59500310321245,38.22,78.59500310321245,38.22,0.0,78.59500310321245,38.22,38.22,-40.37500310321244,0.0,0.0,0.0,0.0,164.6017045041979
58.0,83.99639412397559,38.22,83.99639412397559,38.22,0.0,83.99639412397559,38.22,38.22,-45.7763941239756,0.0,0.0,0.0,0.0,204.0002633155367
59.0,89.9038966977328,38.22,89.9038966977328,38.22,0.27999999999999997,89.38554949240174,37.94,38.22,-51.6838966977328,0.0,0.23834720533107184,0.0,0.0,248.8065697304497
60.0,96.82632206120917,38.22,96.82632206120917,38.22,0.27999999999999997,95.65266967258844,37.94,38.22,-58.60632206120917,0.0,0.893652388620717,0.0,0.0,299.5583883871812
61.0,104.40940520374954,38.22,104.40940520374954,38.22,2.219961930174163,100.40884155662386,36.000038069825834,38.22,-66.18940520374954,0.0,1.7806017169515291,0.0,0.0,356.8672072974101
62.0,111.20058307904533,38.22,111.20058307904533,38.22,5.88229813805491,93.4449662215345,32.337701861945085,38.22,-72.98058307904533,0.0,11.873318719455924,0.0,0.0,411.4299553122695
63.0,113.23629518267789,38.22,113.23629518267789,38.22,9.86,80.17082789944818,28.36,38.22,-75.0162951826779,0.0,23.20546728322971,0.0,0.0,457.59261591723305
64.0,89.85189203991247,38.22,89.85189203991247,38.22,11.82,54.00958754316342,26.4,38.22,-51.63189203991247,0.0,24.022304496749054,0.0,0.0,481.00256614454753
65.0,65.22660622531616,38.22,65.22660622531616,38.22,12.166018066837339,36.28629815667355,26.05398193316266,38.22,-27.00660622531616,0.0,16.774290001805266,0.0,0.0,487.96346281197464
66.0,57.28058096899816,115.9921790587853,57.28058096899816,115.9921790587853,24.499251734403042,31.44566703426661,91.49292732438225,115.9921790587853,58.71159808978714,0.0,1.3356622003285061,0.0,0.0,421.3534285430066
67.0,0.0,113.33355280384487,0.0,113.33355280384487,0.0,0.0,113.33355280384487,113.33355280384487,113.33355280384487,0.0,0.0,0.0,0.0,301.8893744833026
68.0,0.0,113.09065304234446,0.0,113.09065304234446,0.0,0.0,111.08317228962034,111.08317228962034,113.09065304234446,2.0074807527241174,0.0,0.0,0.0,184.79742976593542
69.0,1.5101829165359943,110.54403007221697,1.5101829165359943,110.54403007221697,0.0,1.5101829165359943,86.85462639728469,86.85462639728469,109.03384715568097,23.689403674932283,0.0,0.0,0.0,94.67730016305293
70.0,12.749730983293093,38.22,12.749730983293093,38.22,0.0,12.749730983293093,24.748395405416957,24.748395405416957,25.470269016706908,13.471604594583043,0.0,0.0,0.0,80.68565769635231
71.0,33.02415372336681,38.22,33.02415372336681,38.22,0.0,33.02415372336681,30.114532707902505,30.114532707902505,5.1958462766331905,8.105467292097496,0.0,0.0,0.0,80.27161608975973
72.0,0.0,38.22,0.0,38.22,0.0,0.0,17.481185728238007,17.481185728238007,38.22,20.738814271761992,0.0,0.0,0.0,61.84482838920595
73.0,14.203823449123142,38.22,14.203823449123142,38.22,0.0,14.203823449123142,22.149038505556703,22.149038505556703,24.016176550876857,16.070961494443296,0.0,0.0,0.0,51.97262191040358
74.0,12.953859334767944,38.22,12.953859334767944,38.22,0.0,12.953859334767944,20.73387427713428,20.73387427713428,25.266140665232054,17.48612572286572,0.0,0.0,0.0,42.40630942815316
75.0,12.173148905055843,38.22,12.173148905055843,38.22,0.0,12.173148905055843,19.372916292830038,19.372916292830038,26.046851094944156,18.84708370716996,0.0,0.0,0.0,33.53392567735205
76.0,13.796841564967018,38.22,13.796841564967018,38.22,0.0,13.796841564967018,17.37347578298471,17.37347578298471,24.423158435032978,20.84652421701529,0.0,0.0,0.0,28.30950738654908
77.0,15.186143174268434,38.22,15.186143174268434,38.22,0.0,15.186143174268434,17.05484329773475,17.05484329773475,23.033856825731565,21.165156702265246,0.0,0.0,0.0,24.73896445841502
78.0,71.48102405737593,38.22,71.48102405737593,38.22,0.0,71.48102405737593,38.22,38.22,-33.261024057375934,0.0,0.0,0.0,0.0,52.264400718649384
79.0,63.217104462552406,38.22,63.217104462552406,38.22,0.0,63.217104462552406,38.22,38.22,-24.997104462552407,0.0,0.0,0.0,0.0,71.9499944828423
80.0,70.2240511845009,38.22,70.2240511845009,38.22,0.0,70.2240511845009,38.22,38.22,-32.004051184500895,0.0,0.0,0.0,0.0,98.28296157247755
81.0,77.60846591436547,38.22,77.60846591436547,38.22,0.0,77.60846591436547,38.22,38.22,-39.38846591436547,0.0,0.0,0.0,0.0,131.6213995822135
82.0,82.94373608353295,38.22,82.94373608353295,38.22,0.08340110562061576,82.86033497791234,38.13659889437938,38.22,-44.723736083532955,0.0,0.0,0.0,0.0,170.0301105404637
83.0,80.55065280489295,38.22,80.55065280489295,38.22,0.27999999999999997,79.79272447171984,37.94,38.22,-42.33065280489296,0.0,0.47792833317312394,0.0,0.0,205.73586407713472
84.0,85.4953130360927,38.22,85.4953130360927,38.22,0.304794136909281,84.4342120745035,37.91520586309072,38.22,-47.2753130360927,0.0,0.7563068246799114,0.0,0.0,245.8710546957589
85.0,90.32311260450228,38.22,90.32311260450228,38.22,1.06,87.8609213056654,37.16,38.22,-52.103112604502286,0.0,1.402191298836877,0.0,0.0,290.0531640058219
86.0,103.24212832246218,38.22,103.24212832246218,38.22,1.8399999999999999,97.22227887956319,36.38,38.22,-65.02212832246218,0.0,4.179849442898995,0.0,0.0,343.9384290849641
87.0,105.9831667106793,38.22,105.9831667106793,38.22,3.3770064009941034,95.70340303080746,34.842993599005894,38.22,-67.7631667106793,0.0,6.902757278877728,0.0,0.0,398.00290901637936
88.0,83.31492786143431,38.22,83.31492786143431,38.22,8.024521227167686,66.7714662864223,30.195478772832313,38.22,-45.094927861434314,0.0,8.518940347844334,0.0,0.0,429.5190545481791
89.0,66.62315136593244,38.22,66.62315136593244,38.22,8.674153584186005,45.70914155158504,29.545846415813994,38.22,-28.40315136593245,0.0,12.2398562301614,0.0,0.0,441.73849701589637
90.0,57.5953747476264,115.80533125985218,57.5953747476264,115.80533125985218,20.677834581123697,36.53500596562751,95.12749667872849,115.80533125985218,58.20995651222578,0.0,0.38253420087519485,0.0,0.0,376.1254610980348
91.0,0.2801450766666781,122.0249611806568,0.2801450766666781,122.0249611806568,0.005093546848485056,0.27505152981819303,122.01986763380832,122.0249611806568,121.74481610399013,0.0,0.0,0.0,0.0,247.76616405211163
92.0,2.1557537998167637,121.98771128138222,2.1557537998167637,121.98771128138222,0.0,2.1557537998167637,114.2650854195279,114.2650854195279,119.83195748156545,7.722625861854315,0.0,0.0,0.0,129.36531602357184
93.0,7.435578817494575,110.3741988738777,7.435578817494575,110.3741988738777,0.0,7.435578817494575,66.00841407973212,66.00841407973212,102.93862005638313,44.36578479414558,0.0,0.0,0.0,66.84034771657353
94.0,17.671065926503612,38.22,17.671065926503612,38.22,0.0,17.671065926503612,22.433658195892097,22.433658195892097,20.548934073496387,15.786341804107902,0.0,0.0,0.0,59.95744077022276
95.0,35.52224703487109,38.22,35.52224703487109,38.22,0.0,35.52224703487109,30.293101465745156,30.293101465745156,2.6977529651289025,7.926898534254843,0.0,0.0,0.0,61.72507056731605
96.0,0.0,38.22,0.0,38.22,0.0,0.0,12.404371806761972,12.404371806761972,38.22,25.815628193238027,0.0,0.0,0.0,48.6497146163341
97.0,0.0,38.22,0.0,38.22,0.0,0.0,8.416709273286454,8.416709273286454,38.22,29.803290726713545,0.0,0.0,0.0,39.77772404731884
98.0,0.0,38.22,0.0,38.22,0.0,0.0,6.9066211359639995,6.9066211359639995,38.22,31.313378864036,0.0,0.0,0.0,32.49750613881694
99.0,5.862556918365074,38.22,5.862556918365074,38.22,0.0,5.862556918365074,9.90297909570666,9.90297909570666,32.357443081634926,28.31702090429334,0.0,0.0,0.0,27.620559449984498
100.0,10.671215533575577,38.22,10.671215533575577,38.22,0.0,10.671215533575577,12.863275184174414,12.863275184174414,27.548784466424422,25.356724815825583,0.0,0.0,0.0,24.185080812747163
101.0,11.218105635801843,38.22,11.218105635801843,38.22,0.0,11.218105635801843,13.182960861637042,13.182960861637042,27.001894364198158,25.037039138362957,0.0,0.0,0.0,20.93144938932241
102.0,62.540023207489945,38.22,62.540023207489945,38.22,0.0,62.540023207489945,38.22,38.22,-24.32002320748995,0.0,0.0,0.0,0.0,39.97470747541449
103.0,62.98862902721318,38.22,62.98862902721318,38.22,0.0,62.98862902721318,38.22,38.22,-24.76862902721318,0.0,0.0,0.0,0.0,59.44355041008626
104.0,64.98567727216991,38.22,64.98567727216991,38.22,0.0,64.98567727216991,38.22,38.22,-26.76567727216991,0.0,0.0,0.0,0.0,80.80695966014957
105.0,71.01667471848984,38.22,71.01667471848984,38.22,0.0,71.01667471848984,38.22,38.22,-32.79667471848984,0.0,0.0,0.0,0.0,107.8918754581219
106.0,77.77611448383458,38.22,77.77611448383458,38.22,0.0,77.77611448383458,38.22,38.22,-39.55611448383458,0.0,0.0,0.0,0.0,141.38935886565528
107.0,88.08535334898056,38.22,88.08535334898056,38.22,0.0,88.08535334898056,38.22,38.22,-49.86535334898056,0.0,0.0,0.0,0.0,184.66704500016587
108.0,90.87161960691869,38.22,90.87161960691869,38.22,0.0,90.87161960691869,38.22,38.22,-52.651619606918686,0.0,0.0,0.0,0.0,230.58801539750405
109.0,100.61181334886946,38.22,100.61181334886946,38.22,0.27999999999999997,99.85688542894394,37.94,38.22,-62.39181334886946,0.0,0.4749279199255155,0.0,0.0,285.32830332369076
110.0,106.14411463454864,38.22,106.14411463454864,38.22,2.200211021750519,102.46172219286244,36.01978897824948,38.22,-67.92411463454864,0.0,1.4821814199356913,0.0,0.0,344.5638365209185
111.0,106.47580779876124,38.22,106.47580779876124,38.22,4.28844028255666,93.73332635291482,33.93155971744334,38.22,-68.25580779876124,0.0,8.454041163289757,0.0,0.0,397.7200732796001
112.0,82.95064859098339,38.22,82.95064859098339,38.22,7.62,65.56093252387072,30.599999999999998,38.22,-44.7306485909834,0.0,9.769716067112679,0.0,0.0,427.6614028358955
113.0,64.03465969976868,38.22,64.03465969976868,38.22,7.73265637051567,45.681827535985576,30.48734362948433,38.22,-25.81465969976869,0.0,10.620175793267444,0.0,0.0,438.86250775124404
114.0,52.32511255095743,101.23753179730848,52.32511255095743,101.23753179730848,16.867300010532983,34.38701567980527,84.37023178677549,101.23753179730848,48.91241924635105,0.0,1.0707968606191733,0.0,0.0,382.5508621422937
115.0,0.0,105.38647724425674,0.0,105.38647724425674,0.0,0.0,105.38647724425674,105.38647724425674,105.38647724425674,0.0,0.0,0.0,0.0,271.4637612511749
116.0,0.0,112.96892516503738,0.0,112.96892516503738,0.0,0.0,109.18306634915353,109.18306634915353,112.96892516503738,3.785858815883837,0.0,0.0,0.0,156.37470405630484
117.0,1.3668634129082557,116.79219751146836,1.3668634129082557,116.79219751146836,0.0,1.3668634129082557,76.14135436934035,76.14135436934035,115.42533409856011,40.650843142128025,0.0,0.0,0.0,77.41138990113757
118.0,0.0,38.22,0.0,38.22,0.0,0.0,15.25845741703298,15.25845741703298,38.22,22.96154258296702,0.0,0.0,0.0,61.32756356163293
119.0,19.478547362379004,38.22,19.478547362379004,38.22,0.0,19.478547362379004,23.086533205518617,23.086533205518617,18.741452637621,15.133466794481382,0.0,0.0,0.0,55.471193379092114
120.0,0.0,38.22,0.0,38.22,0.0,0.0,12.360042616868013,12.360042616868013,38.22,25.859957383131984,0.0,0.0,0.0,42.44256449707517
121.0,9.079455903482259,38.22,9.079455903482259,38.22,0.0,9.079455903482259,15.795089249382103,15.795089249382103,29.140544096517743,22.424910750617894,0.0,0.0,0.0,34.406606710199334
122.0,9.182142972329125,38.22,9.182142972329125,38.22,0.0,9.182142972329125,14.105574548532195,14.105574548532195,29.037857027670874,24.114425451467806,0.0,0.0,0.0,28.2489712954722
123.0,9.880080321527984,38.22,9.880080321527984,38.22,0.0,9.880080321527984,13.619944366012824,13.619944366012824,28.339919678472015,24.600055633987175,0.0,0.0,0.0,23.265356546110503
124.0,10.478782631167684,38.22,10.478782631167684,38.22,0.0,10.478782631167684,12.907680011433728,12.907680011433728,27.741217368832313,25.312319988566273,0.0,0.0,0.0,19.600513230614833
125.0,11.34323013919246,38.22,11.34323013919246,38.22,0.0,11.34323013919246,13.110113614986481,13.110113614986481,26.87676986080754,25.109886385013517,0.0,0.0,0.0,16.542373073962903
126.0,65.90399705905375,38.22,65.90399705905375,38.22,0.0,65.90399705905375,38.22,38.22,-27.683997059053752,0.0,0.0,0.0,0.0,38.776976968112216
127.0,67.92647617408106,38.22,67.92647617408106,38.22,0.0,67.92647617408106,38.22,38.22,-29.706476174081054,0.0,0.0,0.0,0.0,62.93027301934393
128.0,68.82173995538353,38.22,68.82173995538353,38.22,0.0,68.82173995538353,38.22,38.22,-30.601739955383536,0.0,0.0,0.0,0.0,87.93289086724684
129.0,72.71725538408937,38.22,72.71725538408937,38.22,0.0,72.71725538408937,38.22,38.22,-34.49725538408937,0.0,0.0,0.0,0.0,116.63111913966108
130.0,77.83308638928338,38.22,77.83308638928338,38.22,0.0,77.83308638928338,38.22,38.22,-39.613086389283374,0.0,0.0,0.0,0.0,150.18265084235185
131.0,82.80889898831803,38.22,82.80889898831803,38.22,0.0,82.80889898831803,38.22,38.22,-44.588898988318036,0.0,0.0,0.0,0.0,188.45465285197608
132.0,87.05143323143703,38.22,87.05143323143703,38.22,0.3447715715814521,86.70666165985558,37.875228428418545,38.22,-48.83143323143703,0.0,0.0,0.0,0.0,230.78781835407713
133.0,92.07475993036122,38.22,92.07475993036122,38.22,0.5599999999999999,90.08178723635287,37.66,38.22,-53.85475993036122,0.0,1.4329726940083503,0.0,0.0,276.54977980309803
134.0,97.04023929242607,38.22,97.04023929242607,38.22,0.8166740219183769,94.43107462099432,37.403325978081625,38.22,-58.820239292426066,0.0,1.792490649513359,0.0,0.0,326.7083957275027
135.0,98.05244801685568,38.22,98.05244801685568,38.22,2.353987588288628,92.52788592178038,35.866012411711374,38.22,-59.832448016855686,0.0,3.170574506786668,0.0,0.0,376.68195910246016
136.0,75.67743554922463,38.22,75.67743554922463,38.22,2.934729325075425,67.86120645330233,35.285270674924575,38.22,-37.45743554922462,0.0,4.8814997708468715,0.0,0.0,403.8668111874963
137.0,58.94560039523409,38.22,58.94560039523409,38.22,7.62,47.36089173963916,30.599999999999998,38.22,-20.72560039523409,0.0,3.9647086555949285,0.0,0.0,416.54206602795307
138.0,48.96733226410159,113.27899728009214,48.96733226410159,113.27899728009214,13.983791835675737,34.68071461319447,99.29520544441641,113.27899728009214,64.31166501599056,0.0,0.3028258152313873,0.0,0.0,344.77674409971115
139.0,0.0,110.25685268200525,0.0,110.25685268200525,0.0,0.0,109.47882251269228,109.47882251269228,110.25685268200525,0.7780301693129705,0.0,0.0,0.0,229.37593253523588
140.0,0.0,120.61461369828652,0.0,120.61461369828652,0.0,0.0,102.84675609215223,102.84675609215223,120.61461369828652,17.767857606134285,0.0,0.0,0.0,120.96593279823614
141.0,2.2192054629263085,115.4417674831361,2.2192054629263085,115.4417674831361,0.0,2.2192054629263085,72.58527372157432,72.58527372157432,113.22256202020979,42.85649376156177,0.0,0.0,0.0,46.55965944020965
142.0,14.686348134325282,38.22,14.686348134325282,38.22,0.0,14.686348134325282,19.922090829263478,19.922090829263478,23.53365186567472,18.29790917073652,0.0,0.0,0.0,39.492625033524284
143.0,36.34107133777455,38.22,36.34107133777455,38.22,0.0,36.34107133777455,30.528295414099574,30.528295414099574,1.878928662225445,7.6917045859004265,0.0,0.0,0.0,41.78914358125729
144.0,0.0,38.22,0.0,38.22,0.0,0.0,11.187223004250473,11.187223004250473,38.22,27.032776995749526,0.0,0.0,0.0,29.99677511936961
145.0,15.36809036953852,38.22,15.36809036953852,38.22,0.0,15.36809036953852,18.190151983942005,18.190151983942005,22.85190963046148,20.029848016057997,0.0,0.0,0.0,25.402122024585974
146.0,15.78850829288411,38.22,15.78850829288411,38.22,0.0,15.78850829288411,17.434683303798916,17.434683303798916,22.43149170711589,20.78531669620108,0.0,0.0,0.0,22.002646301939176
147.0,12.519846208332176,38.22,12.519846208332176,38.22,0.0,12.519846208332176,14.641601929943985,14.641601929943985,25.700153791667827,23.578398070056014,0.0,0.0,0.0,18.446411729898266
148.0,12.576479464150129,38.22,12.576479464150129,38.22,0.0,12.576479464150129,14.306456091641007,14.306456091641007,25.64352053584987,23.913543908358992,0.0,0.0,0.0,15.297178914220707
149.0,15.199752463424645,38.22,15.199752463424645,38.22,0.0,15.199752463424645,15.967081080174646,15.967081080174646,23.020247536575354,22.25291891982535,0.0,0.0,0.0,12.886148944795995
150.0,67.66225591975889,38.22,67.66225591975889,38.22,0.0,67.66225591975889,38.22,38.22,-29.442255919758892,0.0,0.0,0.0,0.0,36.7887836537456
151.0,68.70364083684075,38.22,68.70364083684075,38.22,0.0,68.70364083684075,38.22,38.22,-30.483640836840745,0.0,0.0,0.0,0.0,61.679362840372484
152.0,66.23188606549199,38.22,66.23188606549199,38.22,0.0,66.23188606549199,38.22,38.22,-28.01188606549199,0.0,0.0,0.0,0.0,84.22502955854414
153.0,79.45782848147947,38.22,79.45782848147947,38.22,0.0,79.45782848147947,38.22,38.22,-41.23782848147947,0.0,0.0,0.0,0.0,119.31792694774097
154.0,85.2885066596885,38.22,85.2885066596885,38.22,0.0,85.2885066596885,38.22,38.22,-47.068506659688495,0.0,0.0,0.0,0.0,159.9422913409123
155.0,82.10163439227486,38.22,82.10163439227486,38.22,0.0,82.10163439227486,38.22,38.22,-43.88163439227487,0.0,0.0,0.0,0.0,197.543323240968
156.0,94.91849702809051,38.22,94.91849702809051,38.22,0.0,94.91849702809051,38.22,38.22,-56.698497028090515,0.0,0.0,0.0,0.0,247.30349865702962
157.0,96.9534730899604,38.22,96.9534730899604,38.22,0.0,96.9534730899604,38.22,38.22,-58.733473089960405,0.0,0.0,0.0,0.0,298.99422187491984
158.0,103.27258078030809,38.22,103.27258078030809,38.22,1.28,100.30229333921649,36.94,38.22,-65.05258078030809,0.0,1.6902874410915936,0.0,0.0,355.21115339979116
159.0,113.71647062746355,38.22,113.71647062746355,38.22,5.025971053764162,101.9888981512137,32.98954693661779,38.01551799038196,-75.49647062746355,0.20448200961804158,6.701601422485685,0.0,0.0,417.1922818968417
160.0,89.19573232124003,38.22,89.19573232124003,38.22,8.123184964379657,66.06993721893416,29.59681503562034,37.72,-50.97573232124004,0.5,15.00261013792622,0.0,0.0,448.67394550659793
161.0,69.40708599719315,38.22,69.40708599719315,38.22,9.64,44.52923028475911,28.08,37.72,-31.187085997193144,0.5,15.237855712434033,0.0,0.0,461.319163653618
162.0,56.803163801011436,117.48206341650517,56.803163801011436,117.48206341650517,20.759760231176145,35.063681358649035,94.51290463325576,115.2726648644319,60.67889961549374,2.2093985520732793,0.9797222111862582,0.0,0.0,394.9581435536104
163.0,0.0,115.922712110332,0.0,115.922712110332,0.0,0.0,113.4429926801924,113.4429926801924,115.922712110332,2.4797194301396033,0.0,0.0,0.0,275.37872973520456
164.0,0.0,108.99065387308912,0.0,108.99065387308912,0.0,0.0,105.3011343613636,105.3011343613636,108.99065387308912,3.689519511725523,0.0,0.0,0.0,164.38158814142824
165.0,3.655340745775804,106.14426537715934,3.655340745775804,106.14426537715934,0.0,3.655340745775804,83.96244777995054,83.96244777995054,102.48892463138354,22.18181759720881,0.0,0.0,0.0,79.345157886432
166.0,14.370994358015876,38.22,14.370994358015876,38.22,0.0,14.370994358015876,23.032307402980702,23.032307402980702,23.84900564198412,15.187692597019295,0.0,0.0,0.0,68.70049648940095
167.0,25.07714142522202,38.22,25.07714142522202,38.22,0.0,25.07714142522202,26.19690939528715,26.19690939528715,13.14285857477798,12.023090604712852,0.0,0.0,0.0,64.87679460696917
168.0,0.0,38.22,0.0,38.22,0.0,0.0,13.12815973436018,13.12815973436018,38.22,25.09184026563982,0.0,0.0,0.0,51.03849919127276
169.0,17.696628208479993,38.22,17.696628208479993,38.22,0.0,17.696628208479993,21.242766395122903,21.242766395122903,20.523371791520006,16.977233604877096,0.0,0.0,0.0,45.435152933976404
170.0,19.413340129868207,38.22,19.413340129868207,38.22,0.0,19.413340129868207,21.75328770129764,21.75328770129764,18.806659870131792,16.46671229870236,0.0,0.0,0.0,40.9222858968798
171.0,21.311772329159844,38.22,21.311772329159844,38.22,0.0,21.311772329159844,22.64848490909636,22.64848490909636,16.908227670840155,15.57151509090364,0.0,0.0,0.0,37.266809069176816
172.0,22.639768720794425,38.22,22.639768720794425,38.22,0.0,22.639768720794425,22.896615401270644,22.896615401270644,15.580231279205574,15.323384598729357,0.0,0.0,0.0,34.60962773401913
173.0,23.878107504948293,38.22,23.878107504948293,38.22,0.0,23.878107504948293,23.15639552618127,23.15639552618127,14.341892495051704,15.06360447381873,0.0,0.0,0.0,32.85340542552952
174.0,78.36951578424572,38.22,78.36951578424572,38.22,0.0,78.36951578424572,37.72,37.72,-40.14951578424573,0.5,0.0,0.0,0.0,67.44088501249914
175.0,77.67297725455767,38.22,77.67297725455767,38.22,0.0,77.67297725455767,37.72,37.72,-39.45297725455766,0.5,0.0,0.0,0.0,101.36757012990502
176.0,79.22877571056561,38.22,79.22877571056561,38.22,0.0,79.22877571056561,37.72,37.72,-41.008775710565615,0.5,0.0,0.0,0.0,136.7702152576584
177.0,82.93729177216728,38.22,82.93729177216728,38.22,0.0,82.93729177216728,37.72,37.72,-44.717291772167286,0.5,0.0,0.0,0.0,175.6910676336054
178.0,87.18856768386091,38.22,87.18856768386091,38.22,0.0,87.18856768386091,37.72,37.72,-48.96856768386092,0.5,0.0,0.0,0.0,218.64503446238058
179.0,92.40293280366423,38.22,92.40293280366423,38.22,0.0,92.40293280366423,37.72,37.72,-54.18293280366423,0.5,0.0,0.0,0.0,266.54578239025034
180.0,97.50610550642128,38.22,97.50610550642128,38.22,0.5,96.34333914988399,37.22,37.72,-59.28610550642128,0.5,0.6627663565372921,0.0,0.0,318.71177428300575
181.0,102.62429961999433,38.22,102.62429961999433,38.22,2.9129599508068167,97.25478905467725,34.80704004919318,37.72,-64.40429961999433,0.5,2.4565506145102747,0.0,0.0,374.2859265932207
182.0,107.5917184144671,38.22,107.5917184144671,38.22,7.46,85.63780116236434,30.259999999999998,37.72,-69.3717184144671,0.5,14.493917252102758,0.0,0.0,423.6322375721616
183.0,109.68596430496589,38.22,109.68596430496589,38.22,9.847396012441882,76.0618448246779,27.872603987558115,37.72,-71.4659643049659,0.5,23.776723467846107,0.0,0.0,466.41053506938505
184.0,86.58167973166657,38.22,86.58167973166657,38.22,9.98,52.604581878107844,27.74,37.72,-48.36167973166657,0.5,23.997097853558728,0.0,0.0,487.0750958670531
185.0,68.60316232242448,38.22,68.60316232242448,38.22,11.348774128540942,40.696539394262544,26.371225871459057,37.72,-30.383162322424482,0.5,16.55784879962099,0.0,0.0,497.88551026398824
186.0,57.22985954330444,113.25925478338543,57.22985954330444,113.25925478338543,26.729266899132284,29.588780061219712,85.1467337838108,111.87600068294309,56.029395240080994,1.3832541004423506,0.911812582952445,0.0,0.0,436.2033536908078
187.0,0.0,105.75233877677138,0.0,105.75233877677138,0.0,0.0,102.63389174631693,102.63389174631693,105.75233877677138,3.1184470304544423,0.0,0.0,0.0,328.0177326756351
188.0,0.0,112.93916956662906,0.0,112.93916956662906,0.0,0.0,105.73675758368788,105.73675758368788,112.93916956662906,7.202411982941198,0.0,0.0,0.0,216.56140388712325
189.0,3.395205499570675,114.66068234202422,3.395205499570675,114.66068234202422,0.0,3.395205499570675,92.89566959370646,92.89566959370646,111.26547684245354,21.765012748317766,0.0,0.0,0.0,121.86174507716157
190.0,14.921162382604214,38.22,14.921162382604214,38.22,0.0,14.921162382604214,27.41988222462402,27.41988222462402,23.298837617395783,10.80011777537598,0.0,0.0,0.0,107.1141089492456
191.0,34.95829879049126,38.22,34.95829879049126,38.22,0.0,34.95829879049126,31.78326264938662,31.78326264938662,3.2617012095087383,6.436737350613378,0.0,0.0,0.0,106.77596265890435
192.0,0.0,38.22,0.0,38.22,0.0,0.0,20.32713876405917,20.32713876405917,38.22,17.892861235940828,0.0,0.0,0.0,85.34927705599536
193.0,16.175128721277616,38.22,16.175128721277616,38.22,0.0,16.175128721277616,25.201387168294286,25.201387168294286,22.044871278722383,13.018612831705715,0.0,0.0,0.0,74.12975696850489
194.0,17.570248494022294,38.22,17.570248494022294,38.22,0.0,17.570248494022294,24.658153212286784,24.658153212286784,20.649751505977704,13.561846787713213,0.0,0.0,0.0,64.80638257597315
195.0,18.425070959325744,38.22,18.425070959325744,38.22,0.0,18.425070959325744,24.81690565347471,24.81690565347471,19.794929040674255,13.403094346525291,0.0,0.0,0.0,56.126624212984574
196.0,19.389929424303652,38.22,19.389929424303652,38.22,0.0,19.389929424303652,24.811000949555083,24.811000949555083,18.830070575696347,13.408999050444915,0.0,0.0,0.0,48.368435065134825
197.0,19.425208409568214,38.22,19.425208409568214,38.22,0.0,19.425208409568214,23.783001910285357,23.783001910285357,18.79479159043179,14.436998089714642,0.0,0.0,0.0,41.72732063356348
198.0,72.71028847746287,38.22,72.71028847746287,38.22,0.0,72.71028847746287,37.72,37.72,-34.49028847746287,0.5,0.0,0.0,0.0,70.9459857947168
199.0,72.30513062898576,38.22,72.30513062898576,38.22,0.0,72.30513062898576,37.72,37.72,-34.08513062898576,0.5,0.0,0.0,0.0,99.7802844719458
200.0,71.99369787890329,38.22,71.99369787890329,38.22,0.0,71.99369787890329,37.72,37.72,-33.77369787890329,0.5,0.0,0.0,0.0,128.31913210070564
201.0,74.88087250209468,38.22,74.88087250209468,38.22,0.0,74.88087250209468,37.72,37.72,-36.66087250209467,0.5,0.0,0.0,0.0,159.59699407304242
202.0,79.08347933287774,38.22,79.08347933287774,38.22,0.0,79.08347933287774,37.72,37.72,-40.86347933287774,0.5,0.0,0.0,0.0,194.86179895401608
203.0,83.12071632807948,38.22,83.12071632807948,38.22,0.0,83.12071632807948,37.72,37.72,-44.90071632807948,0.5,0.0,0.0,0.0,233.9566631426093
204.0,86.243125338459,38.22,86.243125338459,38.22,0.31910518186039205,85.9240201565986,37.400894818139605,37.72,-48.02312533845899,0.5,0.0,0.0,0.0,276.0473412486267
205.0,92.1431336077982,38.22,92.1431336077982,38.22,1.200456113834853,89.93731741027035,36.519543886165145,37.72,-53.9231336077982,0.5,1.0053600836929946,0.0,0.0,322.87439288363163
206.0,96.0550239066338,38.22,96.0550239066338,38.22,3.897120341936903,87.28809262213488,33.822879658063094,37.72,-57.835023906633815,0.5,4.869810942562022,0.0,0.0,370.0307028911851
207.0,95.61513104471484,38.22,95.61513104471484,38.22,5.874305744947577,77.7445127636591,31.845694255052422,37.72,-57.395131044714844,0.5,11.996312536108173,0.0,0.0,410.2173144933752
208.0,76.03120969988026,38.22,76.03120969988026,38.22,8.463815644501675,54.997183352338425,29.256184355498323,37.72,-37.811209699880266,0.5,12.570210703040168,0.0,0.0,431.5534977098404
209.0,56.984267110366886,38.22,56.984267110366886,38.22,9.020901763265602,38.0589832986558,28.699098236734397,37.72,-18.76426711036689,0.5,9.904382048445495,0.0,0.0,437.4079137657243
210.0,46.04327755526778,114.44575242442608,46.04327755526778,114.44575242442608,16.329427266257138,29.153254796443782,95.36489821042888,111.69432547668602,68.4024748691583,2.751426947740061,0.5605954925668577,0.0,0.0,364.54169061656467
211.0,0.0,119.1340418840459,0.0,119.1340418840459,0.0,0.0,117.63305372280982,117.63305372280982,119.1340418840459,1.5009881612360734,0.0,0.0,0.0,240.54556465488855
212.0,0.0,127.54252023939605,0.0,127.54252023939605,0.0,0.0,101.12020946216806,101.12020946216806,127.54252023939605,26.42231077722799,0.0,0.0,0.0,133.9555048636348
213.0,0.0,110.89212545286011,0.0,110.89212545286011,0.0,0.0,67.18539109622895,67.18539109622895,110.89212545286011,43.70673435663116,0.0,0.0,0.0,63.135884412541344
214.0,10.511022239228382,38.22,10.511022239228382,38.22,0.0,10.511022239228382,17.57752709960683,17.57752709960683,27.70897776077162,20.64247290039317,0.0,0.0,0.0,54.579175233637834
215.0,30.99588221208285,38.22,30.99588221208285,38.22,0.0,30.99588221208285,28.065454575123887,28.065454575123887,7.224117787917149,10.154545424876114,0.0,0.0,0.0,54.40086432145361
216.0,0.0,38.22,0.0,38.22,0.0,0.0,11.243304314218529,11.243304314218529,38.22,26.976695685781472,0.0,0.0,0.0,42.54938096834427
217.0,11.602835787339572,38.22,11.602835787339572,38.22,0.0,11.602835787339572,16.441701472403743,16.441701472403743,26.617164212660427,21.778298527596256,0.0,0.0,0.0,36.22572240270281
218.0,10.365777883896195,38.22,10.365777883896195,38.22,0.0,10.365777883896195,15.699466730337717,15.699466730337717,27.854222116103806,22.520533269662284,0.0,0.0,0.0,29.51087177982196
219.0,9.767978747235787,38.22,9.767978747235787,38.22,0.0,9.767978747235787,15.211108804311806,15.211108804311806,28.45202125276421,23.008891195688193,0.0,0.0,0.0,22.74367355361501
220.0,10.377605599444559,38.22,10.377605599444559,38.22,0.0,10.377605599444559,14.320551128852568,14.320551128852568,27.842394400555442,23.89944887114743,0.0,0.0,0.0,17.493548354207043
221.0,11.263973076698026,38.22,11.263973076698026,38.22,0.0,11.263973076698026,13.599332366792877,13.599332366792877,26.95602692330197,24.620667633207123,0.0,0.0,0.0,13.844536502856489
222.0,67.4773701263532,38.22,67.4773701263532,38.22,0.0,67.4773701263532,38.22,38.22,-29.25737012635319,0.0,0.0,0.0,0.0,37.57177314755529
223.0,69.35865915181054,38.22,69.35865915181054,38.22,0.0,69.35865915181054,38.22,38.22,-31.138659151810547,0.0,0.0,0.0,0.0,63.08375726951122
224.0,72.04227161091622,38.22,72.04227161091622,38.22,0.0,72.04227161091622,38.22,38.22,-33.82227161091622,0.0,0.0,0.0,0.0,91.14163970986095
225.0,77.61966268088595,38.22,77.61966268088595,38.22,0.0,77.61966268088595,38.22,38.22,-39.399662680885946,0.0,0.0,0.0,0.0,124.49069990498708
226.0,83.81648030350078,38.22,83.81648030350078,38.22,0.0,83.81648030350078,38.22,38.22,-45.59648030350078,0.0,0.0,0.0,0.0,163.71857747975298
227.0,90.12389053443945,38.22,90.12389053443945,38.22,0.0,90.12389053443945,38.22,38.22,-51.903890534439455,0.0,0.0,0.0,0.0,208.93018979456332
228.0,94.95316554534124,38.22,94.95316554534124,38.22,0.0,94.95316554534124,38.22,38.22,-56.73316554534124,0.0,0.0,0.0,0.0,258.7232546539089
229.0,99.22380186095582,38.22,99.22380186095582,38.22,0.10699719008213426,99.11680467087368,38.113002809917866,38.22,-61.00380186095582,0.0,0.0,0.0,0.0,312.57907935205594
230.0,104.91107703451651,38.22,104.91107703451651,38.22,1.56,101.49918181885761,36.66,38.22,-66.69107703451651,0.0,1.851895215658901,0.0,0.0,370.2266249021409
231.0,107.16259671921483,38.22,107.16259671921483,38.22,6.138510766129721,95.20820879206195,32.08148923387028,38.22,-68.94259671921483,0.0,5.815877161023165,0.0,0.0,426.73220351740935
232.0,82.36542683676521,38.22,82.36542683676521,38.22,8.375050158462859,58.67306129491497,29.84494984153714,38.22,-44.14542683676521,0.0,15.317315383387378,0.0,0.0,450.935017429143
233.0,62.86535613899667,38.22,62.86535613899667,38.22,9.86,40.217647421133286,28.36,38.22,-24.645356138996664,0.0,12.787708717863376,0.0,0.0,459.1947630103314
234.0,54.216790182354316,118.93568496757271,54.216790182354316,118.93568496757271,19.821145883036696,33.26183446770204,99.11453908453602,118.93568496757271,64.7188947852184,0.0,1.1338098316155867,0.0,0.0,386.27381225072327
235.0,0.0,110.50405061833959,0.0,110.50405061833959,0.0,0.0,110.27152500031151,110.27152500031151,110.50405061833959,0.23252561802807392,0.0,0.0,0.0,270.03741889699523
236.0,1.1149187623748604,120.19670020191798,1.1149187623748604,120.19670020191798,0.0,1.1149187623748604,106.96906298678324,106.96906298678324,119.08178143954312,13.227637215134745,0.0,0.0,0.0,158.3398309681271
237.0,7.535385573148371,105.8736419580735,7.535385573148371,105.8736419580735,0.0,7.535385573148371,75.45896750893091,75.45896750893091,98.33825638492513,30.41467444914259,0.0,0.0,0.0,85.9477896681225
238.0,17.965530067688025,38.22,17.965530067688025,38.22,0.0,17.965530067688025,25.27773131814644,25.27773131814644,20.254469932311977,12.942268681853562,0.0,0.0,0.0,76.34631963492474
239.0,36.2162213030719,38.22,36.2162213030719,38.22,0.0,36.2162213030719,31.128408536145834,31.128408536145834,2.0037786969281037,7.091591463854164,0.0,0.0,0.0,77.89182026683405
240.0,0.0,38.22,0.0,38.22,0.0,0.0,17.005917715028865,17.005917715028865,38.22,21.214082284971134,0.0,0.0,0.0,59.966009039868226
241.0,16.485833213368938,38.22,16.485833213368938,38.22,0.0,16.485833213368938,21.87019808393119,21.87019808393119,21.73416678663106,16.34980191606881,0.0,0.0,0.0,52.55263072241347
242.0,16.17862738018032,38.22,16.17862738018032,38.22,0.0,16.17862738018032,21.33598734263289,21.33598734263289,22.04137261981968,16.88401265736711,0.0,0.0,0.0,45.41091892629218
243.0,16.598001487734198,38.22,16.598001487734198,38.22,0.0,16.598001487734198,20.76037087112889,20.76037087112889,21.6219985122658,17.459629128871107,0.0,0.0,0.0,39.27381337786278
244.0,17.68002542508813,38.22,17.68002542508813,38.22,0.0,17.68002542508813,20.819420007265464,20.819420007265464,20.53997457491187,17.400579992734535,0.0,0.0,0.0,34.10096261220626
245.0,19.140179836902167,38.22,19.140179836902167,38.22,0.0,19.140179836902167,20.731995429015353,20.731995429015353,19.079820163097832,17.488004570984646,0.0,0.0,0.0,30.40548954652915
246.0,74.84284887363903,38.22,74.84284887363903,38.22,0.0,74.84284887363903,37.94,37.94,-36.622848873639036,0.27999999999999997,0.0,0.0,0.0,61.41537877587311
247.0,75.8079847452252,38.22,75.8079847452252,38.22,0.0,75.8079847452252,37.94,37.94,-37.5879847452252,0.27999999999999997,0.0,0.0,0.0,93.34087628694027
248.0,78.15662051776252,38.22,78.15662051776252,38.22,0.0,78.15662051776252,37.94,37.94,-39.93662051776252,0.27999999999999997,0.0,0.0,0.0,127.49448532861757
249.0,82.59478659628806,38.22,82.59478659628806,38.22,0.0,82.59478659628806,37.94,37.94,-44.37478659628806,0.27999999999999997,0.0,0.0,0.0,165.85850840296638
250.0,87.56694759798125,38.22,87.56694759798125,38.22,0.0,87.56694759798125,37.94,37.94,-49.346947597981256,0.27999999999999997,0.0,0.0,0.0,208.93953757483965
251.0,92.5060755326525,38.22,92.5060755326525,38.22,0.0,92.5060755326525,37.94,37.94,-54.286075532652504,0.27999999999999997,0.0,0.0,0.0,256.7062349252703
252.0,97.89929830349648,38.22,97.89929830349648,38.22,1.2473681137600487,96.44871269494368,36.69263188623995,37.94,-59.67929830349648,0.27999999999999997,0.20321749479275314,0.0,0.0,309.5280877418897
253.0,103.31596241308445,38.22,103.31596241308445,38.22,3.402419155433128,94.70014893504339,34.53758084456687,37.94,-65.09596241308445,0.27999999999999997,5.213394322607929,0.0,0.0,362.96273057911714
254.0,109.04426367000029,38.22,109.04426367000029,38.22,5.540768940619016,90.12454738716565,32.39923105938098,37.94,-70.82426367000029,0.27999999999999997,13.378947342215628,0.0,0.0,414.31059523444526
255.0,111.9403541344964,38.22,111.9403541344964,38.22,8.18,81.37805441456626,29.759999999999998,37.94,-73.7203541344964,0.27999999999999997,22.382299719930135,0.0,0.0,460.14280189651987
256.0,89.28083824243546,38.22,89.28083824243546,38.22,9.86,56.77220196327505,28.08,37.94,-51.060838242435466,0.27999999999999997,22.648636279160414,0.0,0.0,484.40272279345345
257.0,70.36856858807437,38.22,70.36856858807437,38.22,9.86,43.17090097427875,28.08,37.94,-32.14856858807436,0.27999999999999997,17.337667613795613,0.0,0.0,495.7593166103683
258.0,59.719617196804016,114.41189591730127,59.719617196804016,114.41189591730127,22.62505950968114,35.678414281622345,90.95499026855228,113.58004977823342,54.69227872049726,0.8318461390678524,1.4161434055005309,0.0,0.0,433.7318544045786
259.0,0.0,112.21604463116128,0.0,112.21604463116128,0.0,0.0,110.95094323536853,110.95094323536853,112.21604463116128,1.265101395792755,0.0,0.0,0.0,316.77929134863996
260.0,0.0,109.24841297223858,0.0,109.24841297223858,0.0,0.0,108.31699385248753,108.31699385248753,109.24841297223858,0.9314191197510548,0.0,0.0,0.0,202.60315472320096
261.0,3.227818962896562,111.6612629681705,3.227818962896562,111.6612629681705,0.0,3.227818962896562,94.13316589685314,94.13316589685314,108.43344400527394,17.528097071317365,0.0,0.0,0.0,106.44026346358412
262.0,16.263756525486148,38.22,16.263756525486148,38.22,0.0,16.263756525486148,27.002901060557264,27.002901060557264,21.95624347451385,11.217098939442735,0.0,0.0,0.0,93.40586071502712
263.0,25.4589500564526,38.22,25.4589500564526,38.22,0.0,25.4589500564526,28.67489991921799,28.67489991921799,12.7610499435474,9.545100080782012,0.0,0.0,0.0,87.33234294545018
264.0,0.0,38.22,0.0,38.22,0.0,0.0,17.909547523816546,17.909547523816546,38.22,20.310452476183453,0.0,0.0,0.0,68.45402226602053
265.0,6.281390703805474,38.22,6.281390703805474,38.22,0.0,6.281390703805474,19.31865043621683,19.31865043621683,31.938609296194524,18.901349563783167,0.0,0.0,0.0,54.049427148900335
266.0,10.014311115854865,38.22,10.014311115854865,38.22,0.0,10.014311115854865,19.235041245190526,19.235041245190526,28.205688884145133,18.984958754809472,0.0,0.0,0.0,43.274323105299
267.0,11.625938473159815,38.22,11.625938473159815,38.22,0.0,11.625938473159815,18.33354221740907,18.33354221740907,26.594061526840186,19.886457782590927,0.0,0.0,0.0,34.978406430326416
268.0,14.63786166525228,38.22,14.63786166525228,38.22,0.0,14.63786166525228,19.014146143479298,19.014146143479298,23.582138334747718,19.205853856520704,0.0,0.0,0.0,28.8224314524247
269.0,14.476845029503535,38.22,14.476845029503535,38.22,0.0,14.476845029503535,18.35176700300341,18.35176700300341,23.743154970496466,19.86823299699659,0.0,0.0,0.0,23.211911600976002
270.0,69.66644407321662,38.22,69.66644407321662,38.22,0.0,69.66644407321662,38.22,38.22,-31.446444073216625,0.0,0.0,0.0,0.0,49.01588613726166
271.0,78.11941542719896,38.22,78.11941542719896,38.22,0.0,78.11941542719896,38.22,38.22,-39.89941542719897,0.0,0.0,0.0,0.0,82.83905341596981
272.0,81.74831567661289,38.22,81.74831567661289,38.22,0.0,81.74831567661289,38.22,38.22,-43.52831567661289,0.0,0.0,0.0,0.0,120.10489775158828
273.0,85.74134792292269,38.22,85.74134792292269,38.22,0.0,85.74134792292269,38.22,38.22,-47.52134792292269,0.0,0.0,0.0,0.0,161.158865087858
274.0,92.02265239126221,38.22,92.02265239126221,38.22,0.0,92.02265239126221,38.22,38.22,-53.802652391262214,0.0,0.0,0.0,0.0,208.1718010632115
275.0,97.99483071604269,38.22,97.99483071604269,38.22,0.0,97.99483071604269,38.22,38.22,-59.774830716042686,0.0,0.0,0.0,0.0,260.8504428682635
276.0,102.55557003169692,38.22,102.55557003169692,38.22,0.4106192593816433,101.92593145294308,37.80938074061836,38.22,-64.33557003169692,0.0,0.21901931937220148,0.0,0.0,317.69128498895947
277.0,107.59380164012427,38.22,107.59380164012427,38.22,1.3826922724472093,104.22903644288843,36.83730772755279,38.22,-69.37380164012427,0.0,1.982072924788637,0.0,0.0,377.74169927169663
278.0,112.24027053536543,38.22,112.24027053536543,38.22,4.867073384998754,100.25562682151026,33.352926615001245,38.22,-74.02027053536543,0.0,7.117570328856401,0.0,0.0,437.69546639423055
279.0,113.8816578382322,38.22,113.8816578382322,38.22,10.390761229277095,79.34551663806836,27.829238770722906,38.22,-75.6616578382322,0.0,24.145379970886744,0.0,0.0,483.63463944923893
280.0,89.4615712412517,38.22,89.4615712412517,38.22,12.152534724651671,51.68184357930986,26.067465275348326,38.22,-51.241571241251705,0.0,25.627192937290168,0.0,0.0,505.18682023290637
281.0,71.26634689648061,38.22,71.26634689648061,38.22,12.66,39.00448590465031,25.56,38.22,-33.046346896480614,0.0,19.601860991830304,0.0,0.0,515.2471188950602
282.0,60.79793037789385,106.63877187818177,60.79793037789385,106.63877187818177,29.806010464563066,29.048249456689806,76.83276141361871,106.63877187818177,45.84084150028792,0.0,1.943670456640978,0.0,0.0,461.81586632978224
283.0,1.0219360970435667,110.23420909029825,1.0219360970435667,110.23420909029825,0.09278255160386464,0.929153545439702,110.14142653869439,110.23420909029825,109.21227299325469,0.0,0.0,0.0,0.0,346.59808124553535
284.0,1.3864886001782246,111.93903025471003,1.3864886001782246,111.93903025471003,0.0,1.3864886001782246,111.93903025471003,111.93903025471003,110.55254165453181,0.0,0.0,0.0,0.0,229.91932159833456
285.0,5.995005851248265,112.20389099519697,5.995005851248265,112.20389099519697,0.0,5.995005851248265,98.9012138387274,98.9012138387274,106.20888514394869,13.302677156469567,0.0,0.0,0.0,131.35565049254777
286.0,16.4845756114674,38.22,16.4845756114674,38.22,0.0,16.4845756114674,29.357988418958588,29.357988418958588,21.7354243885326,8.862011581041411,0.0,0.0,0.0,116.04825507567948
287.0,35.067025767611796,38.22,35.067025767611796,38.22,0.0,35.067025767611796,32.20696742447431,32.20696742447431,3.152974232388206,6.013032575525694,0.0,0.0,0.0,115.3666322043245
288.0,0.0,38.22,0.0,38.22,0.0,0.0,20.19493391466646,20.19493391466646,38.22,18.025066085333542,0.0,0.0,0.0,94.07930274868234
289.0,18.11996491908995,38.22,18.11996491908995,38.22,0.0,18.11996491908995,25.41307764568191,25.41307764568191,20.10003508091005,12.80692235431809,0.0,0.0,0.0,84.48167492366275
290.0,19.179089872730216,38.22,19.179089872730216,38.22,0.0,19.179089872730216,24.915305229977076,24.915305229977076,19.040910127269782,13.304694770022923,0.0,0.0,0.0,76.41351944938737
291.0,20.37377350861059,38.22,20.37377350861059,38.22,0.0,20.37377350861059,25.430373894666438,25.430373894666438,17.84622649138941,12.78962610533356,0.0,0.0,0.0,68.93581034299264
292.0,20.715373427911963,38.22,20.715373427911963,38.22,0.0,20.715373427911963,25.461590273861468,25.461590273861468,17.50462657208804,12.758409726138531,0.0,0.0,0.0,61.749266421801266
293.0,20.102152734102685,38.22,20.102152734102685,38.22,0.0,20.102152734102685,24.84248858701614,24.84248858701614,18.117847265897314,13.377511412983862,0.0,0.0,0.0,54.63356074826859
294.0,73.70574921019201,38.22,73.70574921019201,38.22,0.0,73.70574921019201,37.94,37.94,-35.485749210192004,0.27999999999999997,0.0,0.0,0.0,84.56470251868149
295.0,73.34706857536355,38.22,73.34706857536355,38.22,0.0,73.34706857536355,37.94,37.94,-35.12706857536355,0.27999999999999997,0.0,0.0,0.0,114.15556996149847
296.0,74.42773370051569,38.22,74.42773370051569,38.22,0.0,74.42773370051569,37.94,37.94,-36.20773370051568,0.27999999999999997,0.0,0.0,0.0,144.77164635933295
297.0,78.36937221474385,38.22,78.36937221474385,38.22,0.0,78.36937221474385,37.94,37.94,-40.149372214743856,0.27999999999999997,0.0,0.0,0.0,179.12708938256836
298.0,83.69675505732039,38.22,83.69675505732039,38.22,0.0,83.69675505732039,37.94,37.94,-45.47675505732039,0.27999999999999997,0.0,0.0,0.0,218.53653153087697
299.0,89.26213458803626,38.22,89.26213458803626,38.22,0.27999999999999997,88.94526642249369,37.66,37.94,-51.04213458803626,0.27999999999999997,0.036868165542570164,0.0,0.0,263.2202946659029
300.0,94.9432313757426,38.22,94.9432313757426,38.22,1.0392569996398082,92.88809348919644,36.900743000360194,37.94,-56.72323137574261,0.27999999999999997,1.0158808869063631,0.0,0.0,312.4448791356403
301.0,100.67542099896585,38.22,100.67542099896585,38.22,3.0200083644765967,93.2190157452039,34.9199916355234,37.94,-62.455420998965856,0.27999999999999997,4.436396889285351,0.0,0.0,364.07129928639563
302.0,106.9707339482747,38.22,106.9707339482747,38.22,4.702113034962776,90.75350751142864,33.23788696503722,37.94,-68.7507339482747,0.27999999999999997,11.515113401883282,0.0,0.0,415.1318269617435
303.0,109.41223370497094,38.22,109.41223370497094,38.22,10.400239583171787,80.71849843960331,27.539760416828212,37.94,-71.19223370497095,0.27999999999999997,18.293495682195847,0.0,0.0,462.67866189760315
304.0,85.38216277834347,38.22,85.38216277834347,38.22,14.6079063816322,48.32506057298262,23.3320936183678,37.94,-47.16216277834347,0.27999999999999997,22.44919582372865,0.0,0.0,483.92965360236394
305.0,66.3449889720332,38.22,66.3449889720332,38.22,15.434230247192446,31.538227050903547,22.505769752807552,37.94,-28.1249889720332,0.27999999999999997,19.37253167393721,0.0,0.0,490.1262785509489
306.0,55.291424199383115,109.09276999955891,55.291424199383115,109.09276999955891,28.472274529494037,25.244001695899097,79.09409876014689,107.56637328964094,53.80134580017579,1.5263967099179776,1.5751479739899799,0.0,0.0,430.70234081568583
307.0,0.0,123.90900223721553,0.0,123.90900223721553,0.0,0.0,122.10588776119673,122.10588776119673,123.90900223721553,1.8031144760188145,0.0,0.0,0.0,301.9914338015992
308.0,0.0,113.87178232761508,0.0,113.87178232761508,0.0,0.0,108.06720017042298,108.06720017042298,113.87178232761508,5.804582157192101,0.0,0.0,0.0,188.0786028363082
309.0,3.7788676295935364,114.95177534223969,3.7788676295935364,114.95177534223969,0.0,3.7788676295935364,87.85514702364293,87.85514702364293,111.17290771264615,27.096628318596764,0.0,0.0,0.0,99.05609518748915
310.0,14.162437840590432,38.22,14.162437840590432,38.22,0.0,14.162437840590432,24.36220380601918,24.36220380601918,24.057562159409567,13.857796193980818,0.0,0.0,0.0,86.8117458104547
311.0,32.536822929333425,38.22,32.536822929333425,38.22,0.0,32.536822929333425,29.819186449725184,29.819186449725184,5.683177070666573,8.400813550274815,0.0,0.0,0.0,86.2467039103531
312.0,0.0,38.22,0.0,38.22,0.0,0.0,17.724537942726883,17.724537942726883,38.22,20.495462057273116,0.0,0.0,0.0,67.56340045265577
313.0,7.793517562699947,38.22,7.793517562699947,38.22,0.0,7.793517562699947,19.260764109050665,19.260764109050665,30.426482437300052,18.959235890949337,0.0,0.0,0.0,54.65435237751127
314.0,18.52197026480058,38.22,18.52197026480058,38.22,0.0,18.52197026480058,23.121717773147065,23.121717773147065,19.69802973519942,15.098282226852932,0.0,0.0,0.0,47.85340568846879
315.0,11.08338844343066,38.22,11.08338844343066,38.22,0.0,11.08338844343066,18.709291595398774,18.709291595398774,27.136611556569342,19.510708404601225,0.0,0.0,0.0,38.64670624065569
316.0,12.280207228868246,38.22,12.280207228868246,38.22,0.0,12.280207228868246,18.400484768850784,18.400484768850784,25.939792771131756,19.819515231149214,0.0,0.0,0.0,30.900919761680388
317.0,16.369704310585853,38.22,16.369704310585853,38.22,0.0,16.369704310585853,20.16232382249212,20.16232382249212,21.850295689414146,18.05767617750788,0.0,0.0,0.0,25.17762943484283
318.0,67.18367358291738,38.22,67.18367358291738,38.22,0.0,67.18367358291738,37.94,37.94,-28.963673582917377,0.27999999999999997,0.0,0.0,0.0,48.921386989037956
319.0,67.56734429619588,38.22,67.56734429619588,38.22,0.0,67.56734429619588,37.94,37.94,-29.347344296195885,0.27999999999999997,0.0,0.0,0.0,73.02912654087153
320.0,74.06418346373331,38.22,74.06418346373331,38.22,0.0,74.06418346373331,37.94,37.94,-35.84418346373331,0.27999999999999997,0.0,0.0,0.0,103.30030890106826
321.0,73.62886390182723,38.22,73.62886390182723,38.22,0.0,73.62886390182723,37.94,37.94,-35.40886390182723,0.27999999999999997,0.0,0.0,0.0,133.15851086357006
322.0,78.50339756643609,38.22,78.50339756643609,38.22,0.0,78.50339756643609,37.94,37.94,-40.283397566436086,0.27999999999999997,0.0,0.0,0.0,167.6411014994712
323.0,94.07840591831477,38.22,94.07840591831477,38.22,0.0,94.07840591831477,37.94,37.94,-55.858405918314766,0.27999999999999997,0.0,0.0,0.0,216.89944242579693
324.0,90.37771918717928,38.22,90.37771918717928,38.22,0.0,90.37771918717928,37.94,37.94,-52.15771918717928,0.27999999999999997,0.0,0.0,0.0,262.64700365897727
325.0,104.27200348562056,38.22,104.27200348562056,38.22,1.0241098171746212,102.93873661274999,36.91589018282538,37.94,-66.05200348562057,0.27999999999999997,0.30915705569594704,0.0,0.0,321.3904988624548
326.0,109.29839994551541,38.22,109.29839994551541,38.22,2.590052218461182,102.14211221397423,35.349947781538816,37.94,-71.07839994551541,0.27999999999999997,4.566235513080007,0.0,0.0,381.0288980282272
327.0,111.17161342667623,38.22,111.17161342667623,38.22,7.486019347007317,92.13235688204693,30.453980652992684,37.94,-72.95161342667623,0.27999999999999997,11.553237197621986,0.0,0.0,436.3320119848682
328.0,86.93981039428353,38.22,86.93981039428353,38.22,9.530163003293985,59.02404213742886,28.409836996706012,37.94,-48.71981039428352,0.27999999999999997,18.385605253560676,0.0,0.0,462.3805373228405
329.0,65.89218274417755,38.22,65.89218274417755,38.22,10.031356364583232,40.619781177605304,27.908643635416766,37.94,-27.67218274417754,0.27999999999999997,15.241045201989,0.0,0.0,471.4975518652083
330.0,55.20799152626244,103.11690904308573,55.20799152626244,103.11690904308573,21.21417477142913,32.83702953889975,81.21772171625376,102.43189648768289,47.90891751682329,0.6850125554028275,1.1567872159335622,0.0,0.0,417.03849768199336
331.0,0.0,107.83738694117173,0.0,107.83738694117173,0.0,0.0,106.17226945165481,106.17226945165481,107.83738694117173,1.6651174895169099,0.0,0.0,0.0,305.1230990765448
332.0,0.0,104.4437706767753,0.0,104.4437706767753,0.0,0.0,101.19293677863303,101.19293677863303,104.4437706767753,3.25083389814227,0.0,0.0,0.0,198.45637796257733
333.0,0.0,114.23853826455601,0.0,114.23853826455601,0.0,0.0,87.16234892800802,87.16234892800802,114.23853826455601,27.076189336547998,0.0,0.0,0.0,106.57919502163031
334.0,33.02178871253504,38.22,33.02178871253504,38.22,0.0,33.02178871253504,30.491978957001805,30.491978957001805,5.1982112874649555,7.728021042998192,0.0,0.0,0.0,105.76504648828158
335.0,55.07096360835588,38.22,55.07096360835588,38.22,0.0,55.07096360835588,36.96807709117262,36.96807709117262,-16.850963608355883,1.2519229088273833,0.0,0.0,0.0,119.04217509614392
336.0,0.0,38.22,0.0,38.22,0.0,0.0,19.62947832875682,19.62947832875682,38.22,18.590521671243177,0.0,0.0,0.0,98.35088816288157
337.0,1.1628102161428664,38.22,1.1628102161428664,38.22,0.0,1.1628102161428664,18.029615762051808,18.029615762051808,37.05718978385713,20.190384237948194,0.0,0.0,0.0,80.44914307848678
338.0,1.9605996491881093,38.22,1.9605996491881093,38.22,0.0,1.9605996491881093,17.352974724440934,17.352974724440934,36.25940035081189,20.867025275559065,0.0,0.0,0.0,64.01748978364654
339.0,0.8723931073113801,38.22,0.8723931073113801,38.22,0.0,0.8723931073113801,15.209562832328324,15.209562832328324,37.34760689268862,23.010437167671675,0.0,0.0,0.0,48.81282763202085
340.0,9.779821539751635,38.22,9.779821539751635,38.22,0.0,9.779821539751635,17.55126327107704,17.55126327107704,28.44017846024836,20.66873672892296,0.0,0.0,0.0,39.59012506807764
341.0,9.62706819208844,38.22,9.62706819208844,38.22,0.0,9.62706819208844,16.22876083613578,16.22876083613578,28.59293180791156,21.991239163864215,0.0,0.0,0.0,31.61654792299607
342.0,66.56055047846803,38.22,66.56055047846803,38.22,0.0,66.56055047846803,37.94,37.94,-28.340550478468025,0.27999999999999997,0.0,0.0,0.0,54.76915899537072
343.0,67.4193466696326,38.22,67.4193466696326,38.22,0.0,67.4193466696326,37.94,37.94,-29.199346669632607,0.27999999999999997,0.0,0.0,0.0,78.7364956707326
344.0,69.06785455094455,38.22,69.06785455094455,38.22,0.0,69.06785455094455,37.94,37.94,-30.847854550944543,0.27999999999999997,0.0,0.0,0.0,104.26774423979975
345.0,73.48907344330622,38.22,73.48907344330622,38.22,0.0,73.48907344330622,37.94,37.94,-35.269073443306226,0.27999999999999997,0.0,0.0,0.0,133.99332932907583
346.0,77.2595657317267,38.22,77.2595657317267,38.22,0.004515529850990907,77.2550502018757,37.93548447014901,37.94,-39.03956573172669,0.27999999999999997,0.0,0.0,0.0,167.2963934564437
347.0,83.99935429555339,38.22,83.99935429555339,38.22,0.27999999999999997,83.27478122740268,37.66,37.94,-45.77935429555339,0.27999999999999997,0.4445730681506997,0.0,0.0,206.60066199504405
348.0,88.82588693039148,38.22,88.82588693039148,38.22,0.5222439006678525,87.49375484652865,37.417756099332145,37.94,-50.605886930391485,0.27999999999999997,0.8098881831949876,0.0,0.0,250.1627478328229
349.0,92.03105621870165,38.22,92.03105621870165,38.22,0.78,89.49441335031025,37.16,37.94,-53.81105621870165,0.27999999999999997,1.7566428683913922,0.0,0.0,295.8945237631388
350.0,98.0822895359071,38.22,98.0822895359071,38.22,1.5590063294001972,93.69444341806978,36.3809936705998,37.94,-59.862289535907095,0.27999999999999997,2.828839788437117,0.0,0.0,346.4319428409122
351.0,99.02821495239101,38.22,99.02821495239101,38.22,2.9,89.563466607884,35.04,37.94,-60.80821495239101,0.27999999999999997,6.564748344507015,0.0,0.0,394.46390465654997
352.0,76.36002052591941,38.22,76.36002052591941,38.22,6.610084968282027,63.30316356125082,31.32991503171797,37.94,-38.14002052591941,0.27999999999999997,6.4467719963865635,0.0,0.0,421.4939285076101
353.0,76.87144328149294,38.22,76.87144328149294,38.22,8.91587115046245,53.828120894149116,29.02412884953755,37.94,-38.65144328149294,0.27999999999999997,14.127451236881369,0.0,0.0,441.96564967641956
354.0,46.361653398968734,107.8766389430024,46.361653398968734,107.8766389430024,16.27326979627063,29.38219735627273,88.69372948797846,104.96699928424908,61.514985544033664,2.909639658753311,0.706186246425375,0.0,0.0,376.3486497827222
355.0,0.0,119.45815269110571,0.0,119.45815269110571,0.0,0.0,116.31229629708771,116.31229629708771,119.45815269110571,3.1458563940179927,0.0,0.0,0.0,253.7447243883336
356.0,0.0,102.28750064732519,0.0,102.28750064732519,0.0,0.0,91.55052638494232,91.55052638494232,102.28750064732519,10.73697426238287,0.0,0.0,0.0,157.24199626708065
357.0,0.0,118.00777663156387,0.0,118.00777663156387,0.0,0.0,73.03060553571302,73.03060553571302,118.00777663156387,44.977171095850856,0.0,0.0,0.0,80.26097880236249
358.0,2.094456118637393,38.22,2.094456118637393,38.22,0.0,2.094456118637393,16.381055408101556,16.381055408101556,36.12554388136261,21.838944591898443,0.0,0.0,0.0,64.98080581827351
359.0,19.69002816400175,38.22,19.69002816400175,38.22,0.0,19.69002816400175,23.584349115041995,23.584349115041995,18.52997183599825,14.635650884958006,0.0,0.0,0.0,58.80031989690312
360.0,0.0,38.22,0.0,38.22,0.0,0.0,12.093660413632522,12.093660413632522,38.22,26.12633958636748,0.0,0.0,0.0,46.05248251167219
361.0,5.491477541914063,38.22,5.491477541914063,38.22,0.0,5.491477541914063,14.172090760273687,14.172090760273687,32.72852245808593,24.047909239726316,0.0,0.0,0.0,36.32346020094149
362.0,6.34154043462688,38.22,6.34154043462688,38.22,0.0,6.34154043462688,12.601422153324002,12.601422153324002,31.87845956537312,25.618577846675997,0.0,0.0,0.0,29.056508441248205
363.0,7.698233865424933,38.22,7.698233865424933,38.22,0.0,7.698233865424933,12.641379837101343,12.641379837101343,30.521766134575067,25.578620162898655,0.0,0.0,0.0,23.034509983007496
364.0,8.54475373077742,38.22,8.54475373077742,38.22,0.0,8.54475373077742,12.450957049115468,12.450957049115468,29.675246269222576,25.76904295088453,0.0,0.0,0.0,18.016314025306233
365.0,8.190845933954755,38.22,8.190845933954755,38.22,0.0,8.190845933954755,11.533972830558804,11.533972830558804,30.029154066045248,26.686027169441193,0.0,0.0,0.0,13.628957888065685
366.0,64.86787041982328,38.22,64.86787041982328,38.22,0.0,64.86787041982328,38.22,38.22,-26.647870419823278,0.0,0.0,0.0,0.0,34.88060574491184
367.0,67.21888369733855,38.22,67.21888369733855,38.22,0.0,67.21888369733855,38.22,38.22,-28.998883697338556,0.0,0.0,0.0,0.0,58.36262063163174
368.0,69.86431534513113,38.22,69.86431534513113,38.22,0.0,69.86431534513113,38.22,38.22,-31.644315345131137,0.0,0.0,0.0,0.0,84.35431233874671
369.0,74.36628568522404,38.22,74.36628568522404,38.22,0.0,74.36628568522404,38.22,38.22,-36.14628568522404,0.0,0.0,0.0,0.0,114.61694811582662
370.0,80.24799378892324,38.22,80.24799378892324,38.22,0.0,80.24799378892324,38.22,38.22,-42.02799378892324,0.0,0.0,0.0,0.0,150.4594621348943
371.0,84.58591682602554,38.22,84.58591682602554,38.22,0.0,84.58591682602554,38.22,38.22,-46.36591682602553,0.0,0.0,0.0,0.0,190.4172912874895
372.0,87.52790727867888,38.22,87.52790727867888,38.22,0.0,87.52790727867888,38.22,38.22,-49.30790727867888,0.0,0.0,0.0,0.0,233.166137645541
373.0,95.77828250482817,38.22,95.77828250482817,38.22,0.0,95.77828250482817,38.22,38.22,-57.55828250482818,0.0,0.0,0.0,0.0,283.74197718329003
374.0,101.80791648206143,38.22,101.80791648206143,38.22,1.3286078831785941,99.42476610460199,36.89139211682141,38.22,-63.58791648206143,0.0,1.0545424942808475,0.0,0.0,339.17765048479276
375.0,102.99587853146744,38.22,102.99587853146744,38.22,2.3647473948772735,96.13853304426246,35.85525260512272,38.22,-64.77587853146744,0.0,4.4925980923276985,0.0,0.0,392.5879163120041
376.0,78.4957046656606,38.22,78.4957046656606,38.22,6.395578810287377,66.97938389578118,31.82442118971262,38.22,-40.2757046656606,0.0,5.120741959592044,0.0,0.0,422.5842537356394
377.0,57.506379073611484,38.22,57.506379073611484,38.22,7.0600000000000005,43.25811392986616,31.16,38.22,-19.286379073611485,0.0,7.188265143745325,0.0,0.0,430.77697996245416
378.0,46.858166581587525,111.70873978829451,46.858166581587525,111.70873978829451,13.334244285825793,33.52392229576173,98.3744955024687,111.70873978829451,64.85057320670698,0.0,0.0,0.0,0.0,358.88474197698935
379.0,0.0,117.92461851743751,0.0,117.92461851743751,0.0,0.0,116.87303772053534,116.87303772053534,117.92461851743751,1.0515807969021749,0.0,0.0,0.0,235.6897432237676
380.0,0.0,117.15553493186412,0.0,117.15553493186412,0.0,0.0,97.86554900620617,97.86554900620617,117.15553493186412,19.289985925657952,0.0,0.0,0.0,132.53039678295445
381.0,0.0,123.80832647429644,0.0,123.80832647429644,0.0,0.0,76.85658299873069,76.85658299873069,123.80832647429644,46.95174347556575,0.0,0.0,0.0,51.516444965033465
382.0,11.619530983424331,38.22,11.619530983424331,38.22,0.0,11.619530983424331,20.143136788161534,20.143136788161534,26.600469016575666,18.076863211838464,0.0,0.0,0.0,41.30696944988223
383.0,29.268725600201044,38.22,29.268725600201044,38.22,0.0,29.268725600201044,28.078591669905542,28.078591669905542,8.951274399798955,10.141408330094457,0.0,0.0,0.0,39.476286193105715
384.0,0.0,38.22,0.0,38.22,0.0,0.0,12.76950284420711,12.76950284420711,38.22,25.45049715579289,0.0,0.0,0.0,26.01604833454147
385.0,13.8928714352091,38.22,13.8928714352091,38.22,0.0,13.8928714352091,17.07613956994558,17.07613956994558,24.3271285647909,21.14386043005442,0.0,0.0,0.0,21.196151865768684
386.0,14.84520680991576,38.22,14.84520680991576,38.22,0.0,14.84520680991576,17.299941210887084,17.299941210887084,23.374793190084244,20.920058789112915,0.0,0.0,0.0,17.043812417970003
387.0,11.764103348448653,38.22,11.764103348448653,38.22,0.0,11.764103348448653,14.296332395357082,14.296332395357082,26.455896651551345,23.92366760464292,0.0,0.0,0.0,13.134563262456966
388.0,16.26733130520747,38.22,16.26733130520747,38.22,0.0,16.26733130520747,16.734235602553344,16.734235602553344,21.952668694792525,21.48576439744665,0.0,0.0,0.0,10.927675640245297
389.0,13.746106492698184,38.22,13.746106492698184,38.22,0.0,13.746106492698184,14.476741038476261,14.476741038476261,24.473893507301817,23.74325896152374,0.0,0.0,0.0,8.708552357086367
390.0,69.90787440586655,38.22,69.90787440586655,38.22,0.0,69.90787440586655,38.22,38.22,-31.68787440586656,0.0,0.0,0.0,0.0,34.741567817599794
391.0,74.62096692801471,38.22,74.62096692801471,38.22,0.0,74.62096692801471,38.22,38.22,-36.40096692801472,0.0,0.0,0.0,0.0,65.24581543604197
392.0,78.5152350479992,38.22,78.5152350479992,38.22,0.0,78.5152350479992,38.22,38.22,-40.2952350479992,0.0,0.0,0.0,0.0,99.44449017804398
393.0,81.23562662719826,38.22,81.23562662719826,38.22,0.0,81.23562662719826,38.22,38.22,-43.01562662719825,0.0,0.0,0.0,0.0,136.2239549753894
394.0,86.29316608337598,38.22,86.29316608337598,38.22,0.0,86.29316608337598,38.22,38.22,-48.07316608337597,0.0,0.0,0.0,0.0,177.80142298404212
395.0,91.58518959154183,38.22,91.58518959154183,38.22,0.0,91.58518959154183,38.22,38.22,-53.365189591541835,0.0,0.0,0.0,0.0,224.39934530778245
396.0,97.26309817277767,38.22,97.26309817277767,38.22,0.0,97.26309817277767,38.22,38.22,-59.043098172777675,0.0,0.0,0.0,0.0,276.3838046703989
397.0,102.60696933040221,38.22,102.60696933040221,38.22,0.0,102.60696933040221,38.22,38.22,-64.38696933040221,0.0,0.0,0.0,0.0,333.4379053471876
398.0,103.72368961356406,38.22,103.72368961356406,38.22,1.7325037468151705,101.16856353317121,36.48749625318483,38.22,-65.50368961356406,0.0,0.8226223335776857,0.0,0.0,390.9536337665615
399.0,107.50340475985905,38.22,107.50340475985905,38.22,7.191796534721432,91.56121698756347,31.02820346527857,38.22,-69.28340475985905,0.0,8.750391237574147,0.0,0.0,445.10963285403875
400.0,84.79624586906966,38.22,84.79624586906966,38.22,10.14,58.22937256260466,28.08,38.22,-46.576245869069666,0.0,16.426873306465005,0.0,0.0,470.7519471609666
401.0,65.50437908227048,38.22,65.50437908227048,38.22,10.14,39.699623686224534,28.08,38.22,-27.28437908227048,0.0,15.664755396045948,0.0,0.0,478.8153981918024
402.0,55.938224633786206,109.17403193142624,55.938224633786206,109.17403193142624,21.08040600564538,33.90195432350679,88.09362592578087,109.17403193142624,53.23580729764004,0.0,0.9558643046340374,0.0,0.0,418.1187809403424
403.0,0.0,95.60204362403788,0.0,95.60204362403788,0.0,0.0,95.60204362403788,95.60204362403788,95.60204362403788,0.0,0.0,0.0,0.0,317.34537866742977
404.0,0.20762675788474289,121.18792051423966,0.20762675788474289,121.18792051423966,0.0,0.20762675788474289,120.3563445254433,120.3563445254433,120.98029375635492,0.831575988796359,0.0,0.0,0.0,190.67562418741733
405.0,5.072474435582087,115.52193735377799,5.072474435582087,115.52193735377799,0.0,5.072474435582087,90.85372896987246,90.85372896987246,110.4494629181959,24.668208383905522,0.0,0.0,0.0,99.71955680943546
406.0,6.949300213643466,38.22,6.949300213643466,38.22,0.0,6.949300213643466,21.12497961082035,21.12497961082035,31.270699786356534,17.09502038917965,0.0,0.0,0.0,84.04455815698797
407.0,25.816307071026998,38.22,25.816307071026998,38.22,0.0,25.816307071026998,27.626931805440577,27.626931805440577,12.403692928973001,10.593068194559422,0.0,0.0,0.0,79.41471440350134
408.0,0.0,38.22,0.0,38.22,0.0,0.0,15.217375930998642,15.217375930998642,38.22,23.002624069001357,0.0,0.0,0.0,63.37419175250767
409.0,16.358432019777787,38.22,16.358432019777787,38.22,0.0,16.358432019777787,21.699216009888893,21.699216009888893,21.861567980222212,16.52078399011111,0.0,0.0,0.0,56.02018098155236
410.0,16.35759351592479,38.22,16.35759351592479,38.22,0.0,16.35759351592479,21.37744983183567,21.37744983183567,21.86240648407521,16.84255016816433,0.0,0.0,0.0,49.00454606821485
411.0,19.35255684460619,38.22,19.35255684460619,38.22,0.0,19.35255684460619,21.442100877999998,21.442100877999998,18.867443155393808,16.777899122,0.0,0.0,0.0,44.762034656740504
412.0,21.300071314160522,38.22,21.300071314160522,38.22,0.0,21.300071314160522,22.442431375347287,22.442431375347287,16.919928685839476,15.777568624652714,0.0,0.0,0.0,41.3126567670619
413.0,21.569101044786304,38.22,21.569101044786304,38.22,0.0,21.569101044786304,22.58067717422594,22.58067717422594,16.650898955213695,15.63932282577406,0.0,0.0,0.0,37.97277902237165
414.0,78.66788013475686,38.22,78.66788013475686,38.22,0.0,78.66788013475686,38.22,38.22,-40.447880134756865,0.0,0.0,0.0,0.0,72.31626560871013
415.0,74.96234509425409,38.22,74.96234509425409,38.22,0.0,74.96234509425409,38.22,38.22,-36.742345094254084,0.0,0.0,0.0,0.0,103.14437299178269
416.0,79.67535744518011,38.22,79.67535744518011,38.22,0.0,79.67535744518011,38.22,38.22,-41.45535744518012,0.0,0.0,0.0,0.0,138.44363647568457
417.0,86.8023130424924,38.22,86.8023130424924,38.22,0.0,86.8023130424924,38.22,38.22,-48.5823130424924,0.0,0.0,0.0,0.0,180.50412370070424
418.0,87.6830863521926,38.22,87.6830863521926,38.22,0.27999999999999997,87.0771964189492,37.94,38.22,-49.4630863521926,0.0,0.3258899332433985,0.0,0.0,223.12053410882925
419.0,91.83385887414398,38.22,91.83385887414398,38.22,0.3111739892225038,90.68954720159851,37.908826010777496,38.22,-53.613858874143986,0.0,0.8331376833229573,0.0,0.0,269.19678164105227
420.0,91.7559214835981,38.22,91.7559214835981,38.22,0.9371107618478539,89.43089809169862,37.282889238152144,38.22,-53.535921483598095,0.0,1.3879126300516251,0.0,0.0,314.7387650755241
421.0,95.20391592644923,38.22,95.20391592644923,38.22,2.861200410022684,88.36912097898885,35.358799589977316,38.22,-56.98391592644923,0.0,3.973594537437693,0.0,0.0,361.3016268671107
422.0,104.14723991788098,38.22,104.14723991788098,38.22,5.18,87.50238918267688,33.04,38.22,-65.927239917881,0.0,11.464850735204116,0.0,0.0,409.48646406024443
423.0,108.79975311154323,38.22,108.79975311154323,38.22,8.463440576531015,81.6146060189615,29.756559423468982,38.22,-70.57975311154323,0.0,18.721706516050705,0.0,0.0,455.5467099646366
424.0,81.2518096823625,38.22,81.2518096823625,38.22,9.86,53.357210948003924,28.36,38.22,-43.03180968236251,0.0,18.03459873435858,0.0,0.0,476.2717400074408
425.0,51.228193135945254,38.22,51.228193135945254,38.22,9.948190980270102,31.340148366935576,28.271809019729897,38.22,-13.008193135945257,0.0,9.93985378873958,0.0,0.0,476.2025119630315
426.0,36.941370551062896,112.18041193994392,36.941370551062896,112.18041193994392,14.070007659689244,22.663417515989508,98.11040428025468,112.18041193994392,75.23904138888103,0.0,0.20794537538414543,0.0,0.0,394.28547107535036
427.0,0.0,99.27044338526542,0.0,99.27044338526542,0.0,0.0,99.27044338526542,99.27044338526542,99.27044338526542,0.0,0.0,0.0,0.0,289.6452359312721
428.0,0.0,115.41414937087484,0.0,115.41414937087484,0.0,0.0,112.25455929449473,112.25455929449473,115.41414937087484,3.1595900763801037,0.0,0.0,0.0,171.31854089492964
429.0,0.0,110.36362331145968,0.0,110.36362331145968,0.0,0.0,83.658473905564,83.658473905564,110.36362331145968,26.70514940589568,0.0,0.0,0.0,83.13476652314819
430.0,9.878617841777142,38.22,9.878617841777142,38.22,0.0,9.878617841777142,21.285493320889326,21.285493320889326,28.341382158222853,16.934506679110672,0.0,0.0,0.0,70.06956627269545
431.0,22.231164915978002,38.22,22.231164915978002,38.22,0.0,22.231164915978002,25.64906361164632,25.64906361164632,15.988835084021998,12.570936388353681,0.0,0.0,0.0,64.1234141702414
432.0,0.0,38.22,0.0,38.22,0.0,0.0,13.33684033568066,13.33684033568066,38.22,24.883159664319336,0.0,0.0,0.0,50.06515008665623
433.0,1.8948844861072593,38.22,1.8948844861072593,38.22,0.0,1.8948844861072593,12.412881914831578,12.412881914831578,36.32511551389274,25.807118085168423,0.0,0.0,0.0,38.77846895783455
434.0,1.8118347096117704,38.22,1.8118347096117704,38.22,0.0,1.8118347096117704,10.522991817612635,10.522991817612635,36.408165290388226,27.697008182387364,0.0,0.0,0.0,29.405118971347747
435.0,0.34368887441087503,38.22,0.34368887441087503,38.22,0.0,0.34368887441087503,7.750061614850322,7.750061614850322,37.876311125589126,30.46993838514968,0.0,0.0,0.0,21.561888629703905
436.0,0.5931176746842317,38.22,0.5931176746842317,38.22,0.0,0.5931176746842317,6.750242395384497,6.750242395384497,37.62688232531577,31.469757604615502,0.0,0.0,0.0,15.009189218906766
437.0,10.304340748582204,38.22,10.304340748582204,38.22,0.0,10.304340748582204,12.742670942068573,12.742670942068573,27.915659251417797,25.477329057931428,0.0,0.0,0.0,11.352790634181297
438.0,66.26795752141757,38.22,66.26795752141757,38.22,0.0,66.26795752141757,38.22,38.22,-28.047957521417572,0.0,0.0,0.0,0.0,33.93267774012591
439.0,67.70892979176035,38.22,67.70892979176035,38.22,0.0,67.70892979176035,38.22,38.22,-29.488929791760352,0.0,0.0,0.0,0.0,57.87959117189866
440.0,69.53629989285892,38.22,69.53629989285892,38.22,0.0,69.53629989285892,38.22,38.22,-31.316299892858922,0.0,0.0,0.0,0.0,83.5601000979405
441.0,73.70519383200673,38.22,73.70519383200673,38.22,0.0,73.70519383200673,38.22,38.22,-35.48519383200673,0.0,0.0,0.0,0.0,113.19556907539588
442.0,78.449865177921,38.22,78.449865177921,38.22,0.0,78.449865177921,38.22,38.22,-40.22986517792099,0.0,0.0,0.0,0.0,147.33222851345897
443.0,84.08477574432412,38.22,84.08477574432412,38.22,0.0,84.08477574432412,38.22,38.22,-45.86477574432411,0.0,0.0,0.0,0.0,186.81463349187706
444.0,90.70240825563718,38.22,90.70240825563718,38.22,0.0,90.70240825563718,38.22,38.22,-52.48240825563718,0.0,0.0,0.0,0.0,232.57507590641393
445.0,97.56309228233725,38.22,97.56309228233725,38.22,0.0,97.56309228233725,38.22,38.22,-59.34309228233725,0.0,0.0,0.0,0.0,284.8441346702831
446.0,104.31328136459648,38.22,104.31328136459648,38.22,1.2401681260050064,102.92153980787519,36.979831873994996,38.22,-66.09328136459648,0.0,0.1515734307162806,0.0,0.0,343.5039150916831
447.0,104.75754356196208,38.22,104.75754356196208,38.22,2.1624205639166547,98.40148148140122,36.057579436083344,38.22,-66.53754356196208,0.0,4.193641516644198,0.0,0.0,398.847731099691
448.0,79.03374012285678,38.22,79.03374012285678,38.22,7.34,66.47937582341,30.88,38.22,-40.81374012285678,0.0,5.214364299446778,0.0,0.0,429.36522655951666
449.0,46.27823054515439,38.22,46.27823054515439,38.22,7.34,33.656894941930474,30.88,38.22,-8.058230545154398,0.0,5.281335603223927,0.0,0.0,428.7445826065004
450.0,44.73428166956632,107.83853876591748,44.73428166956632,107.83853876591748,12.339358684574337,32.11771824145966,95.49918008134314,107.83853876591748,63.104257096351155,0.0,0.2772047435323245,0.0,0.0,358.54915089512264
451.0,0.0,120.1228294882972,0.0,120.1228294882972,0.0,0.0,118.34134139257785,118.34134139257785,120.1228294882972,1.7814880957193506,0.0,0.0,0.0,233.80642417508648
452.0,0.0,117.14872077114973,0.0,117.14872077114973,0.0,0.0,97.35742322799446,97.35742322799446,117.14872077114973,19.791297543155267,0.0,0.0,0.0,131.1826893332715
453.0,0.0,116.23871823493153,0.0,116.23871823493153,0.0,0.0,59.80155202476147,59.80155202476147,116.23871823493153,56.437166210170055,0.0,0.0,0.0,68.14631866283806
454.0,3.4515326351533595,38.22,3.4515326351533595,38.22,0.0,3.4515326351533595,16.31554977809551,16.31554977809551,34.768467364846636,21.90445022190449,0.0,0.0,0.0,54.22263050093879
455.0,21.62410046384401,38.22,21.62410046384401,38.22,0.0,21.62410046384401,24.202890241396748,24.202890241396748,16.59589953615599,14.017109758603253,0.0,0.0,0.0,49.22496707239524
456.0,0.0,38.22,0.0,38.22,0.0,0.0,11.426020620330965,11.426020620330965,38.22,26.793979379669036,0.0,0.0,0.0,37.180883821629955
457.0,6.7920247056858765,38.22,6.7920247056858765,38.22,0.0,6.7920247056858765,14.757628650155208,14.757628650155208,31.427975294314123,23.46237134984479,0.0,0.0,0.0,28.06845775404505
458.0,12.343873375015617,38.22,12.343873375015617,38.22,0.0,12.343873375015617,16.67067965992917,16.67067965992917,25.87612662498438,21.54932034007083,0.0,0.0,0.0,22.206444968700325
459.0,14.282834130463081,38.22,14.282834130463081,38.22,0.0,14.282834130463081,17.31681901592499,17.31681901592499,23.937165869536916,20.903180984075004,0.0,0.0,0.0,17.502801184016953
460.0,16.41995654944838,38.22,16.41995654944838,38.22,0.0,16.41995654944838,17.282073121060225,17.282073121060225,21.800043450551616,20.937926878939773,0.0,0.0,0.0,14.863235133152054
461.0,17.70539042301511,38.22,17.70539042301511,38.22,0.0,17.70539042301511,17.679428134473437,17.679428134473437,20.51460957698489,20.540571865526566,0.0,0.0,0.0,13.024289768197452
462.0,73.41309508567528,38.22,73.41309508567528,38.22,0.0,73.41309508567528,38.22,38.22,-35.19309508567528,0.0,0.0,0.0,0.0,42.38264954362669
463.0,73.96875114911846,38.22,73.96875114911846,38.22,0.0,73.96875114911846,38.22,38.22,-35.74875114911846,0.0,0.0,0.0,0.0,72.26815094590496
464.0,73.96593002286903,38.22,73.96593002286903,38.22,0.0,73.96593002286903,38.22,38.22,-35.74593002286903,0.0,0.0,0.0,0.0,102.15097599282872
465.0,79.07904296710555,38.22,79.07904296710555,38.22,0.0,79.07904296710555,38.22,38.22,-40.85904296710555,0.0,0.0,0.0,0.0,136.88452589099555
466.0,84.39419762516066,38.22,84.39419762516066,38.22,0.0,84.39419762516066,38.22,38.22,-46.17419762516065,0.0,0.0,0.0,0.0,176.66047423981462
467.0,85.9409275435032,38.22,85.9409275435032,38.22,0.0,85.9409275435032,38.22,38.22,-47.720927543503194,0.0,0.0,0.0,0.0,217.90377942876032
468.0,94.00160755222592,38.22,94.00160755222592,38.22,0.0,94.00160755222592,38.22,38.22,-55.78160755222592,0.0,0.0,0.0,0.0,266.79411711291095
469.0,101.12690331840639,38.22,101.12690331840639,38.22,0.07879893460006149,101.04810438380632,38.14120106539994,38.22,-62.906903318406385,0.0,0.0,0.0,0.0,322.4524100211247
470.0,106.98450524266333,38.22,106.98450524266333,38.22,2.4617305616738894,101.4321116411783,35.75826943832611,38.22,-68.76450524266333,0.0,3.0906630398111545,0.0,0.0,380.98683468407216
471.0,106.92976238495352,38.22,106.92976238495352,38.22,6.7061456765129535,91.54665045195681,31.513854323487045,38.22,-68.70976238495352,0.0,8.676966256483757,0.0,0.0,434.6170937893242
472.0,81.69160082881305,38.22,81.69160082881305,38.22,8.446493553549601,59.256060033126,29.773506446450398,38.22,-43.47160082881305,0.0,13.989047242137456,0.0,0.0,459.44829681753293
473.0,61.584729256799896,38.22,61.584729256799896,38.22,10.14,39.205752166843816,28.08,38.22,-23.364729256799897,0.0,12.238977089956082,0.0,0.0,467.04322018654943
474.0,52.45201337874394,107.87079991821739,52.45201337874394,107.87079991821739,19.46146537216378,31.789099017420572,88.40933454605361,107.87079991821739,55.418786539473444,0.0,1.2014489891595932,0.0,0.0,404.00938628933767
475.0,0.0,116.11741033188596,0.0,116.11741033188596,0.0,0.0,116.11741033188596,116.11741033188596,116.11741033188596,0.0,0.0,0.0,0.0,281.61088873962836
476.0,0.0,119.21553005991916,0.0,119.21553005991916,0.0,0.0,110.36978429842179,110.36978429842179,119.21553005991916,8.845745761497376,0.0,0.0,0.0,165.27092099146103
477.0,0.0,116.67369273326274,0.0,116.67369273326274,0.0,0.0,81.2219582414632,81.2219582414632,116.67369273326274,35.45173449179955,0.0,0.0,0.0,79.65545963742503
478.0,9.617400963774895,38.22,9.617400963774895,38.22,0.0,9.617400963774895,22.18057637094977,22.18057637094977,28.602599036225108,16.03942362905023,0.0,0.0,0.0,65.39894691990882
479.0,27.137374362391007,38.22,27.137374362391007,38.22,0.0,27.137374362391007,28.078842491835402,28.078842491835402,11.08262563760899,10.141157508164596,0.0,0.0,0.0,61.546021952014144
480.0,0.0,38.22,0.0,38.22,0.0,0.0,16.16480248204251,16.16480248204251,38.22,22.055197517957488,0.0,0.0,0.0,44.50682402868167
481.0,9.416086935184788,38.22,9.416086935184788,38.22,0.0,9.416086935184788,17.11048080184644,17.11048080184644,28.80391306481521,21.10951919815356,0.0,0.0,0.0,35.40367803894348
482.0,13.765647358293283,38.22,13.765647358293283,38.22,0.0,13.765647358293283,17.98646905855213,17.98646905855213,24.454352641706716,20.233530941447867,0.0,0.0,0.0,29.503514678219773
483.0,14.40127644851803,38.22,14.40127644851803,38.22,0.0,14.40127644851803,17.574559058719128,17.574559058719128,23.81872355148197,20.64544094128087,0.0,0.0,0.0,24.64055328263794
484.0,15.077807726540195,38.22,15.077807726540195,38.22,0.0,15.077807726540195,17.081009882982276,17.081009882982276,23.142192273459802,21.138990117017727,0.0,0.0,0.0,20.939652322000224
485.0,16.05978938391079,38.22,16.05978938391079,38.22,0.0,16.05978938391079,17.17859331460451,17.17859331460451,22.16021061608921,21.04140668539549,0.0,0.0,0.0,18.06747899009477
486.0,71.93151730125498,38.22,71.93151730125498,38.22,0.0,71.93151730125498,38.22,38.22,-33.711517301254986,0.0,0.0,0.0,0.0,46.02029066668179
487.0,71.92723940552939,38.22,71.92723940552939,38.22,0.0,71.92723940552939,38.22,38.22,-33.707239405529386,0.0,0.0,0.0,0.0,73.96904397504314
488.0,74.14907429993623,38.22,74.14907429993623,38.22,0.0,74.14907429993623,38.22,38.22,-35.92907429993623,0.0,0.0,0.0,0.0,104.02561493875407
489.0,79.91103349277135,38.22,79.91103349277135,38.22,0.0,79.91103349277135,38.22,38.22,-41.691033492771346,0.0,0.0,0.0,0.0,139.5484603527563
490.0,84.24188772425074,38.22,84.24188772425074,38.22,0.0,84.24188772425074,38.22,38.22,-46.02188772425075,0.0,0.0,0.0,0.0,179.17991484245445
491.0,91.31397948385677,38.22,91.31397948385677,38.22,0.0,91.31397948385677,38.22,38.22,-53.093979483856764,0.0,0.0,0.0,0.0,225.52054466677149
492.0,97.52058034058767,38.22,97.52058034058767,38.22,0.27999999999999997,97.00151344227959,37.94,38.22,-59.300580340587665,0.0,0.23906689830807842,0.0,0.0,277.5519888794884
493.0,103.42077737026588,38.22,103.42077737026588,38.22,0.5089844041774612,101.93820778584278,37.71101559582254,38.22,-65.20077737026588,0.0,0.973585180245647,0.0,0.0,334.50816331881
494.0,109.60523388409605,38.22,109.60523388409605,38.22,3.2800000000000002,101.56505216143005,34.94,38.22,-71.38523388409605,0.0,4.760181722665999,0.0,0.0,394.0312381545602
495.0,110.55349770976905,38.22,110.55349770976905,38.22,7.62,89.17413837089654,30.599999999999998,38.22,-72.33349770976905,0.0,13.759359338872505,0.0,0.0,446.3740217113577
496.0,87.23049320257817,38.22,87.23049320257817,38.22,10.14,59.17164894729016,28.08,38.22,-49.010493202578175,0.0,17.918844255288015,0.0,0.0,472.91025788658413
497.0,66.8915375862803,38.22,66.8915375862803,38.22,10.14,40.54032580986684,28.08,38.22,-28.671537586280287,0.0,16.211211776413446,0.0,0.0,481.77126898075494
498.0,54.28491811957571,115.61925207493333,54.28491811957571,115.61925207493333,20.913866896304654,32.899950375500424,94.70538517862867,115.61925207493333,61.33433395535763,0.0,0.4711008477706232,0.0,0.0,413.1546611260099
499.0,0.0,103.04159051218618,0.0,103.04159051218618,0.0,0.0,103.04159051218618,103.04159051218618,103.04159051218618,0.0,0.0,0.0,0.0,304.53928787770843
500.0,0.0,104.25284141629712,0.0,104.25284141629712,0.0,0.0,102.15091156175703,102.15091156175703,104.25284141629712,2.101929854540087,0.0,0.0,0.0,196.86277267851509
501.0,0.0,109.84874108058348,0.0,109.84874108058348,0.0,0.0,85.13514523914941,85.13514523914941,109.84874108058348,24.71359584143407,0.0,0.0,0.0,107.12245005019759
502.0,9.668679906658188,38.22,9.668679906658188,38.22,0.0,9.668679906658188,24.96348900445245,24.96348900445245,28.55132009334181,13.25651099554755,0.0,0.0,0.0,89.98113732562781
503.0,27.817326932430557,38.22,27.817326932430557,38.22,0.0,27.817326932430557,28.43327549255467,28.43327549255467,10.402673067569442,9.786724507445328,0.0,0.0,0.0,86.39966681766252
504.0,0.0,38.22,0.0,38.22,0.0,0.0,17.177569184113516,17.177569184113516,38.22,21.042430815886483,0.0,0.0,0.0,68.29291905535621
505.0,10.643898898104787,38.22,10.643898898104787,38.22,0.0,10.643898898104787,20.395097275012382,20.395097275012382,27.576101101895212,17.824902724987616,0.0,0.0,0.0,56.89228800288226
506.0,15.95853650035803,38.22,15.95853650035803,38.22,0.0,15.95853650035803,21.499227720305033,21.499227720305033,22.261463499641973,16.720772279694966,0.0,0.0,0.0,49.369709198503635
507.0,17.73148569841752,38.22,17.73148569841752,38.22,0.0,17.73148569841752,21.040317252243884,21.040317252243884,20.48851430158248,17.179682747756114,0.0,0.0,0.0,44.01283179367182
508.0,19.14905828603141,38.22,19.14905828603141,38.22,0.0,19.14905828603141,21.634431069061012,21.634431069061012,19.07094171396859,16.585568930938987,0.0,0.0,0.0,39.374530876310835
509.0,20.47525777715809,38.22,20.47525777715809,38.22,0.0,20.47525777715809,22.09761663091321,22.09761663091321,17.744742222841907,16.12238336908679,0.0,0.0,0.0,35.50613281447891
510.0,75.56013838835439,38.22,75.56013838835439,38.22,0.0,75.56013838835439,38.22,38.22,-37.34013838835439,0.0,0.0,0.0,0.0,66.90135671135103
511.0,75.84427793943216,38.22,75.84427793943216,38.22,0.0,75.84427793943216,38.22,38.22,-37.624277939432154,0.0,0.0,0.0,0.0,98.5661390546462
512.0,76.58247040296001,38.22,76.58247040296001,38.22,0.0,76.58247040296001,38.22,38.22,-38.362470402960014,0.0,0.0,0.0,0.0,130.931232258837
513.0,80.6450400217408,38.22,80.6450400217408,38.22,0.01337550255200759,80.63166451918879,38.20662449744799,38.22,-42.4250400217408,0.0,0.0,0.0,0.0,167.15182730929638
514.0,86.51165762130177,38.22,86.51165762130177,38.22,0.27999999999999997,85.75928090992517,37.94,38.22,-48.291657621301766,0.0,0.4723767113765958,0.0,0.0,208.51795328576856
515.0,92.3457699041861,38.22,92.3457699041861,38.22,0.27999999999999997,91.22642723868081,37.94,38.22,-54.1257699041861,0.0,0.839342665505286,0.0,0.0,255.0706696723294
516.0,96.72026126588669,38.22,96.72026126588669,38.22,0.78,94.71067429005399,37.44,38.22,-58.500261265886685,0.0,1.2295869758326954,0.0,0.0,305.45587931950445
517.0,102.08253972038574,38.22,102.08253972038574,38.22,3.0161825890138805,95.57863659479541,35.20381741098612,38.22,-63.86253972038574,0.0,3.4877205365764383,0.0,0.0,359.02165372362384
518.0,107.40851347943956,38.22,107.40851347943956,38.22,5.200617007086991,90.37531383529883,33.01938299291301,38.22,-69.18851347943956,0.0,11.832582637053743,0.0,0.0,409.9537187849011
519.0,109.27007261867905,38.22,109.27007261867905,38.22,8.459999999999999,80.52162639473289,29.759999999999998,38.22,-71.05007261867905,0.0,20.28844622394616,0.0,0.0,454.97344648857734
520.0,84.26763803827784,38.22,84.26763803827784,38.22,10.14,54.30581085771841,28.08,38.22,-46.047638038277846,0.0,19.821827180559428,0.0,0.0,476.893543337209
521.0,65.15431200389241,38.22,65.15431200389241,38.22,10.14,39.48746182054086,28.08,38.22,-26.93431200389242,0.0,15.526850183351558,0.0,0.0,484.75571994958744
522.0,54.71005386996393,102.52043196838657,54.71005386996393,102.52043196838657,21.241327737270915,33.15760840603875,81.27910423111565,102.52043196838657,47.81037809842264,0.0,0.31111772665427007,0.0,0.0,430.53609073151097
523.0,0.0,108.27888719428653,0.0,108.27888719428653,0.0,0.0,108.27888719428653,108.27888719428653,108.27888719428653,0.0,0.0,0.0,0.0,316.4001220507162
524.0,0.0,112.58465845607556,0.0,112.58465845607556,0.0,0.0,112.01082925076996,112.01082925076996,112.58465845607556,0.573829205305612,0.0,0.0,0.0,198.3303410385013
525.0,1.9968951254370946,110.22349700744587,1.9968951254370946,110.22349700744587,0.0,1.9968951254370946,91.06765489874073,91.06765489874073,108.22660188200878,19.155842108705137,0.0,0.0,0.0,104.2310252085582
526.0,11.859857652824028,38.22,11.859857652824028,38.22,0.0,11.859857652824028,25.600590752761054,25.600590752761054,26.360142347175973,12.619409247238947,0.0,0.0,0.0,88.49688200619244
527.0,28.911479431235826,38.22,28.911479431235826,38.22,0.0,28.911479431235826,28.814663178418904,28.814663178418904,9.308520568764173,9.405336821581095,0.0,0.0,0.0,85.55139777974
528.0,0.0,38.22,0.0,38.22,0.0,0.0,15.808636102473724,15.808636102473724,38.22,22.411363897526275,0.0,0.0,0.0,68.88763218487867
529.0,10.06420795761726,38.22,10.06420795761726,38.22,0.0,10.06420795761726,18.59328894353142,18.59328894353142,28.155792042382743,19.62671105646858,0.0,0.0,0.0,58.8363307639822
530.0,12.781408915912065,38.22,12.781408915912065,38.22,0.0,12.781408915912065,19.433441856334138,19.433441856334138,25.438591084087935,18.78655814366586,0.0,0.0,0.0,50.477193580573044
531.0,9.085889921540723,38.22,9.085889921540723,38.22,0.0,9.085889921540723,17.173780494982076,17.173780494982076,29.134110078459273,21.046219505017927,0.0,0.0,0.0,40.99407146375846
532.0,8.826603415337429,38.22,8.826603415337429,38.22,0.0,8.826603415337429,16.300905914977044,16.300905914977044,29.39339658466257,21.919094085022955,0.0,0.0,0.0,32.1850591639252
533.0,10.95156259400403,38.22,10.95156259400403,38.22,0.0,10.95156259400403,15.430868043091337,15.430868043091337,27.268437405995968,22.789131956908662,0.0,0.0,0.0,26.309060587853622
534.0,67.14528845560828,38.22,67.14528845560828,38.22,0.0,67.14528845560828,38.22,38.22,-28.925288455608275,0.0,0.0,0.0,0.0,49.721256897928015
535.0,67.96902467931893,38.22,67.96902467931893,38.22,0.0,67.96902467931893,38.22,38.22,-29.749024679318932,0.0,0.0,0.0,0.0,73.91491800543591
536.0,69.90668149686933,38.22,69.90668149686933,38.22,0.0,69.90668149686933,38.22,38.22,-31.68668149686932,0.0,0.0,0.0,0.0,99.94680177310757
537.0,73.52509098837335,38.22,73.52509098837335,38.22,0.0,73.52509098837335,38.22,38.22,-35.305090988373344,0.0,0.0,0.0,0.0,129.41141019087655
538.0,77.30568472134661,38.22,77.30568472134661,38.22,0.0,77.30568472134661,38.22,38.22,-39.08568472134661,0.0,0.0,0.0,0.0,162.4626047398317
539.0,82.65101336427905,38.22,82.65101336427905,38.22,0.2742049769850434,82.376808387294,37.94579502301496,38.22,-44.431013364279046,0.0,0.0,0.0,0.0,200.61372703736214
540.0,89.03235708822217,38.22,89.03235708822217,38.22,0.3059884505103036,87.93362746625507,37.91401154948969,38.22,-50.812357088222164,0.0,0.7927411714567814,0.0,0.0,244.0700135081552
541.0,94.75509849741314,38.22,94.75509849741314,38.22,1.410434985125562,91.42768386520984,36.80956501487444,38.22,-56.53509849741314,0.0,1.9169796470777367,0.0,0.0,292.0052417948379
542.0,100.0824837765248,38.22,100.0824837765248,38.22,1.56,94.18306204902014,36.66,38.22,-61.86248377652479,0.0,4.339421727504652,0.0,0.0,342.7121067127409
543.0,99.30033090529895,38.22,99.30033090529895,38.22,2.62,91.11034470544435,35.6,38.22,-61.08033090529894,0.0,5.569986199854596,0.0,0.0,391.6212741137562
544.0,73.52683079243167,38.22,73.52683079243167,38.22,5.370882684612882,62.75883267599191,32.84911731538712,38.22,-35.30683079243166,0.0,5.397115431826867,0.0,0.0,416.5335205310502
545.0,51.68541080397061,38.22,51.68541080397061,38.22,7.62,39.46191908700709,30.599999999999998,38.22,-13.465410803970613,0.0,4.6034917169635206,0.0,0.0,421.71515194419715
546.0,41.77282625743224,105.64321021937397,41.77282625743224,105.64321021937397,11.922659480862732,29.85016677656951,93.72055073851124,105.64321021937397,63.87038396194173,0.0,0.0,0.0,0.0,351.24337197612726
547.0,0.0,125.2233059629889,0.0,125.2233059629889,0.0,0.0,123.16363373307117,123.16363373307117,125.2233059629889,2.0596722299177284,0.0,0.0,0.0,221.41750280971007
548.0,0.0,110.0441211103122,0.0,110.0441211103122,0.0,0.0,93.6588880359167,93.6588880359167,110.0441211103122,16.385233074395497,0.0,0.0,0.0,122.6923663723131
549.0,0.0,114.96622349496083,0.0,114.96622349496083,0.0,0.0,65.53874203122129,65.53874203122129,114.96622349496083,49.42748146373953,0.0,0.0,0.0,53.60846643868994
550.0,3.0907074097972127,38.22,3.0907074097972127,38.22,0.0,3.0907074097972127,16.12679817646263,16.12679817646263,35.12929259020279,22.09320182353737,0.0,0.0,0.0,39.541431069701545
551.0,21.393874340709996,38.22,21.393874340709996,38.22,0.0,21.393874340709996,24.264531391251943,24.264531391251943,16.826125659290003,13.955468608748056,0.0,0.0,0.0,34.260380486321104
552.0,0.0,38.22,0.0,38.22,0.0,0.0,11.451415787372696,11.451415787372696,38.22,26.768584212627303,0.0,0.0,0.0,22.189528379085047
553.0,7.558452979562223,38.22,7.558452979562223,38.22,0.0,7.558452979562223,12.424181314860363,12.424181314860363,30.661547020437776,25.795818685139636,0.0,0.0,0.0,16.263869473941092
554.0,13.563812957453687,38.22,13.563812957453687,38.22,0.0,13.563812957453687,15.375391806521566,15.375391806521566,24.656187042546314,22.844608193478432,0.0,0.0,0.0,12.924546275858852
555.0,5.260091180540267,38.22,5.260091180540267,38.22,0.0,5.260091180540267,8.584782105649456,8.584782105649456,32.959908819459734,29.635217894350543,0.0,0.0,0.0,8.865552035024034
556.0,5.404576087333804,38.22,5.404576087333804,38.22,0.0,5.404576087333804,7.559536562803808,7.559536562803808,32.81542391266619,30.660463437196192,0.0,0.0,0.0,6.024331904193964
557.0,5.500883506352522,38.22,5.500883506352522,38.22,0.0,5.500883506352522,6.96876076162906,6.96876076162906,32.719116493647476,31.25123923837094,0.0,0.0,0.0,3.8972093860062955
558.0,69.31181793905176,38.22,69.31181793905176,38.22,0.0,69.31181793905176,38.22,38.22,-31.091817939051772,0.0,0.0,0.0,0.0,29.364756031757544
559.0,69.7807945504175,38.22,69.7807945504175,38.22,0.0,69.7807945504175,38.22,38.22,-31.560794550417498,0.0,0.0,0.0,0.0,55.277212955887784
560.0,71.33359606285839,38.22,71.33359606285839,38.22,0.0,71.33359606285839,38.22,38.22,-33.11359606285839,0.0,0.0,0.0,0.0,82.66278674005827
561.0,74.91632228130061,38.22,74.91632228130061,38.22,0.0,74.91632228130061,38.22,38.22,-36.69632228130061,0.0,0.0,0.0,0.0,113.44723304915257
562.0,77.88928992003281,38.22,77.88928992003281,38.22,0.0,77.88928992003281,38.22,38.22,-39.66928992003282,0.0,0.0,0.0,0.0,147.0520841027568
563.0,83.98860058549207,38.22,83.98860058549207,38.22,0.0,83.98860058549207,38.22,38.22,-45.76860058549207,0.0,0.0,0.0,0.0,186.44324931430359
564.0,89.27399765861277,38.22,89.27399765861277,38.22,0.0,89.27399765861277,38.22,38.22,-51.053997658612765,0.0,0.0,0.0,0.0,230.84858245268504
565.0,95.32127985280876,38.22,95.32127985280876,38.22,0.0,95.32127985280876,38.22,38.22,-57.10127985280875,0.0,0.0,0.0,0.0,280.9908712072985
566.0,100.09076520248365,38.22,100.09076520248365,38.22,0.1554384868381713,99.93532671564547,38.06456151316183,38.22,-61.87076520248365,0.0,0.0,0.0,0.0,335.6742757085937
567.0,96.47689321139349,38.22,96.47689321139349,38.22,0.27999999999999997,95.44587800527358,37.94,38.22,-58.25689321139349,0.0,0.7510152061199094,0.0,0.0,386.2299145643675
568.0,72.01078201594369,38.22,72.01078201594369,38.22,4.449163948879953,66.83538772589122,33.77083605112004,38.22,-33.79078201594369,0.0,0.7262303411725135,0.0,0.0,414.0379438154289
569.0,51.4975324083396,38.22,51.4975324083396,38.22,7.0600000000000005,40.977892302158224,31.16,38.22,-13.2775324083396,0.0,3.4596401061813777,0.0,0.0,420.06746186818356
570.0,44.444523188160886,115.00832116896187,44.444523188160886,115.00832116896187,11.724181903062911,32.50434953913675,103.28413926589896,115.00832116896187,70.56379798080098,0.0,0.21599174596122817,0.0,0.0,342.0327533065345
571.0,0.0,115.52768138273345,0.0,115.52768138273345,0.0,0.0,115.30581034471895,115.30581034471895,115.52768138273345,0.22187103801451036,0.0,0.0,0.0,220.4897572596289
572.0,0.0,123.34983367872859,0.0,123.34983367872859,0.0,0.0,99.47774801427788,99.47774801427788,123.34983367872859,23.872085664450708,0.0,0.0,0.0,115.63100384982548
573.0,0.0,102.15536088115775,0.0,102.15536088115775,0.0,0.0,55.425042062833796,55.425042062833796,102.15536088115775,46.73031881832395,0.0,0.0,0.0,57.20787974009478
574.0,8.336362285976556,38.22,8.336362285976556,38.22,0.0,8.336362285976556,17.054280299355252,17.054280299355252,29.883637714023443,21.165719700644747,0.0,0.0,0.0,47.139657540332
575.0,25.820094868989273,38.22,25.820094868989273,38.22,0.0,25.820094868989273,25.868581661507726,25.868581661507726,12.399905131010726,12.351418338492275,0.0,0.0,0.0,44.36687100047946
576.0,0.0,38.22,0.0,38.22,0.0,0.0,10.530743468049785,10.530743468049785,38.22,27.689256531950214,0.0,0.0,0.0,33.26649272915349
577.0,10.525741297337257,38.22,10.525741297337257,38.22,0.0,10.525741297337257,14.84030314203065,14.84030314203065,27.69425870266274,23.379696857969346,0.0,0.0,0.0,27.60903466548118
578.0,18.21352933602756,38.22,18.21352933602756,38.22,0.0,18.21352933602756,19.447160377545558,19.447160377545558,20.006470663972443,18.77283962245444,0.0,0.0,0.0,24.388798806582255
579.0,20.107999149289128,38.22,20.107999149289128,38.22,0.0,20.107999149289128,20.704399435437328,20.704399435437328,18.11200085071087,17.51560056456267,0.0,0.0,0.0,21.640568489431367
580.0,17.598014520764774,38.22,17.598014520764774,38.22,0.0,17.598014520764774,18.63057485885499,18.63057485885499,20.621985479235224,19.58942514114501,0.0,0.0,0.0,18.697160720047393
581.0,13.07804657069733,38.22,13.07804657069733,38.22,0.0,13.07804657069733,15.323297800011598,15.323297800011598,25.14195342930267,22.8967021999884,0.0,0.0,0.0,14.951910968433431
582.0,72.17169346827927,38.22,72.17169346827927,38.22,0.0,72.17169346827927,38.22,38.22,-33.951693468279274,0.0,0.0,0.0,0.0,43.13257376326618
583.0,72.53532412582271,38.22,72.53532412582271,38.22,0.0,72.53532412582271,38.22,38.22,-34.31532412582272,0.0,0.0,0.0,0.0,71.65820688956953
584.0,73.41911282626334,38.22,73.41911282626334,38.22,0.0,73.41911282626334,38.22,38.22,-35.19911282626335,0.0,0.0,0.0,0.0,101.02227559498667
585.0,78.33782605187729,38.22,78.33782605187729,38.22,0.0,78.33782605187729,38.22,38.22,-40.11782605187729,0.0,0.0,0.0,0.0,135.0526453854439
586.0,84.54384385714023,38.22,84.54384385714023,38.22,0.0,84.54384385714023,38.22,38.22,-46.32384385714023,0.0,0.0,0.0,0.0,174.97056061515823
587.0,90.60301856456257,38.22,90.60301856456257,38.22,0.0,90.60301856456257,38.22,38.22,-52.38301856456258,0.0,0.0,0.0,0.0,220.63671368977424
588.0,100.17774100243535,38.22,100.17774100243535,38.22,0.06966599096508075,100.10807501147026,38.15033400903492,38.22,-61.95774100243535,0.0,0.0,0.0,0.0,275.3935894648997
589.0,101.81366755659535,38.22,101.81366755659535,38.22,0.8535058600911284,100.08715300349381,37.36649413990887,38.22,-63.593667556595356,0.0,0.8730086930104095,0.0,0.0,330.95685664959177
590.0,112.39120828202438,38.22,112.39120828202438,38.22,1.7912019029844637,106.90461805213343,36.42879809701554,38.22,-74.17120828202438,0.0,3.6953883269064756,0.0,0.0,393.976157477128
591.0,110.93426468952758,38.22,110.93426468952758,38.22,7.823253126876023,92.01729214484621,30.396746873123977,38.22,-72.71426468952758,0.0,11.093719417805362,0.0,0.0,449.23044114055403
592.0,86.51021289290908,38.22,86.51021289290908,38.22,10.14,57.891711351700295,28.08,38.22,-48.29021289290908,0.0,18.478501541208786,0.0,0.0,474.5524218962974
593.0,65.95964171113019,38.22,65.95964171113019,38.22,10.14,39.975540430988,28.08,38.22,-27.739641711130194,0.0,15.844101280142198,0.0,0.0,482.87763053454273
594.0,54.12943592328043,114.20182563936014,54.12943592328043,114.20182563936014,20.53084688322501,32.80571874138208,93.67097875613513,114.20182563936014,60.072389716079705,0.0,0.7928702986733429,0.0,0.0,415.26198680949034
595.0,0.0,104.50979612536683,0.0,104.50979612536683,0.0,0.0,104.50979612536683,104.50979612536683,104.50979612536683,0.0,0.0,0.0,0.0,305.0989889574905
596.0,0.0,104.57286483174983,0.0,104.57286483174983,0.0,0.0,104.57286483174983,104.57286483174983,104.57286483174983,0.0,0.0,0.0,0.0,194.86951085174053
597.0,0.0,122.84501996899291,0.0,122.84501996899291,0.0,0.0,100.8301981671696,100.8301981671696,122.84501996899291,22.01482180182331,0.0,0.0,0.0,88.58514980694349
598.0,9.804866278246832,38.22,9.804866278246832,38.22,0.0,9.804866278246832,23.172495270371964,23.172495270371964,28.415133721753165,15.047504729628036,0.0,0.0,0.0,73.46090797678339
599.0,27.680662839682213,38.22,27.680662839682213,38.22,0.0,27.680662839682213,28.80372471072427,28.80372471072427,10.539337160317784,9.41627528927573,0.0,0.0,0.0,69.35929876430299
600.0,0.0,38.22,0.0,38.22,0.0,0.0,16.631539669190172,16.631539669190172,38.22,21.588460330809827,0.0,0.0,0.0,51.82811664760823
601.0,12.24528665634074,38.22,12.24528665634074,38.22,0.0,12.24528665634074,19.307525116282502,19.307525116282502,25.97471334365926,18.912474883717493,0.0,0.0,0.0,43.09309712886616
602.0,19.432436429272734,38.22,19.432436429272734,38.22,0.0,19.432436429272734,22.488913147515962,22.488913147515962,18.787563570727265,15.731086852484037,0.0,0.0,0.0,37.82292912712667
603.0,20.369967359911943,38.22,20.369967359911943,38.22,0.0,20.369967359911943,22.58672938162997,22.58672938162997,17.850032640088056,15.63327061837003,0.0,0.0,0.0,33.33907369671018
604.0,21.0738874771674,38.22,21.0738874771674,38.22,0.0,21.0738874771674,22.80106981990709,22.80106981990709,17.1461125228326,15.418930180092909,0.0,0.0,0.0,29.297080864817556
605.0,21.598383816662917,38.22,21.598383816662917,38.22,0.0,21.598383816662917,22.15633923197342,22.15633923197342,16.621616183337082,16.06366076802658,0.0,0.0,0.0,26.43227466177625
606.0,77.43135014029966,38.22,77.43135014029966,38.22,0.0,77.43135014029966,38.22,38.22,-39.21135014029966,0.0,0.0,0.0,0.0,59.602685894834686
607.0,78.03125930023019,38.22,78.03125930023019,38.22,0.0,78.03125930023019,38.22,38.22,-39.81125930023019,0.0,0.0,0.0,0.0,93.34222092826673
608.0,73.32967517324879,38.22,73.32967517324879,38.22,0.0,73.32967517324879,38.22,38.22,-35.10967517324879,0.0,0.0,0.0,0.0,122.62144162605212
609.0,76.56227261399094,38.22,76.56227261399094,38.22,0.0,76.56227261399094,38.22,38.22,-38.342272613990936,0.0,0.0,0.0,0.0,154.96737352519042
610.0,86.97994725377482,38.22,86.97994725377482,38.22,0.0,86.97994725377482,38.22,38.22,-48.75994725377483,0.0,0.0,0.0,0.0,197.1963793596161
611.0,92.85032359211537,38.22,92.85032359211537,38.22,0.0,92.85032359211537,38.22,38.22,-54.630323592115374,0.0,0.0,0.0,0.0,244.99451317949638
612.0,103.53250762800037,38.22,103.53250762800037,38.22,0.5910232717160595,102.92236118530113,37.62897672828394,38.22,-65.31250762800038,0.0,0.01912317098319566,0.0,0.0,302.97081407096465
613.0,104.34319822488048,38.22,104.34319822488048,38.22,1.4961656785695534,100.14999148699053,36.723834321430445,38.22,-66.1231982248805,0.0,2.697041059320407,0.0,0.0,359.2711180044456
614.0,111.50004716913341,38.22,111.50004716913341,38.22,5.067283529143689,98.54584405939782,33.15271647085631,38.22,-73.28004716913341,0.0,7.8869195805918935,0.0,0.0,417.81388279932503
615.0,112.97145244459634,38.22,112.97145244459634,38.22,8.594546925735258,82.02240370147939,29.62545307426474,38.22,-74.75145244459634,0.0,22.35450181738169,0.0,0.0,464.3991977805038
616.0,92.889782430767,38.22,92.889782430767,38.22,10.14,58.5697080221796,28.08,38.22,-54.669782430767,0.0,24.1800744085874,0.0,0.0,490.3643826536648
617.0,60.079193794359405,38.22,60.079193794359405,38.22,10.34962836819618,36.20200423444588,27.870371631803817,38.22,-21.859193794359406,0.0,13.527561191717341,0.0,0.0,495.33066822955635
618.0,44.63908587315782,106.80676342349243,44.63908587315782,106.80676342349243,17.6809997414745,26.76242467643376,89.12576368201793,106.80676342349243,62.16767755033461,0.0,0.1956614552495609,0.0,0.0,426.7729297230601
619.0,0.0,118.34248389952934,0.0,118.34248389952934,0.0,0.0,118.34248389952934,118.34248389952934,118.34248389952934,0.0,0.0,0.0,0.0,302.02899869495417
620.0,0.0,113.36671899663439,0.0,113.36671899663439,0.0,0.0,110.99935942992664,110.99935942992664,113.36671899663439,2.3673595667077456,0.0,0.0,0.0,185.0254004888684
621.0,0.0,98.70602124963855,0.0,98.70602124963855,0.0,0.0,79.0538157011877,79.0538157011877,98.70602124963855,19.652205548450862,0.0,0.0,0.0,101.69536204122369
622.0,8.510609997646178,38.22,8.510609997646178,38.22,0.0,8.510609997646178,22.26235927766521,22.26235927766521,29.70939000235382,15.957640722334789,0.0,0.0,0.0,86.30264846674469
623.0,26.1543997253853,38.22,26.1543997253853,38.22,0.0,26.1543997253853,27.975838214782613,27.975838214782613,12.0656002746147,10.244161785217386,0.0,0.0,0.0,81.62576791972403
624.0,0.0,38.22,0.0,38.22,0.0,0.0,16.552811857168937,16.552811857168937,38.22,21.667188142831062,0.0,0.0,0.0,64.1775722034255
625.0,11.565131591006413,38.22,11.565131591006413,38.22,0.0,11.565131591006413,20.24502450848319,20.24502450848319,26.654868408993586,17.97497549151681,0.0,0.0,0.0,53.80908980599041
626.0,17.707247556294735,38.22,17.707247556294735,38.22,0.0,17.707247556294735,22.501472776807418,22.501472776807418,20.512752443705267,15.718527223192584,0.0,0.0,0.0,46.88902492276465
627.0,18.569212584460324,38.22,18.569212584460324,38.22,0.0,18.569212584460324,22.24232144558889,22.24232144558889,19.65078741553968,15.977678554411112,0.0,0.0,0.0,41.059861353701635
628.0,19.80666842508387,38.22,19.80666842508387,38.22,0.0,19.80666842508387,22.830685289640176,22.830685289640176,18.41333157491613,15.389314710359823,0.0,0.0,0.0,35.784461526015185
629.0,20.174114604118966,38.22,20.174114604118966,38.22,0.0,20.174114604118966,22.93086459504887,22.93086459504887,18.045885395881033,15.289135404951129,0.0,0.0,0.0,30.75205349147678
630.0,74.25362966331012,38.22,74.25362966331012,38.22,0.0,74.25362966331012,38.22,38.22,-36.033629663310116,0.0,0.0,0.0,0.0,60.90781438214213
631.0,73.66278897060288,38.22,73.66278897060288,38.22,0.0,73.66278897060288,38.22,38.22,-35.44278897060287,0.0,0.0,0.0,0.0,90.50305457582752
632.0,74.50798514079715,38.22,74.50798514079715,38.22,0.0,74.50798514079715,38.22,38.22,-36.28798514079715,0.0,0.0,0.0,0.0,120.90011825975247
633.0,79.71475844451861,38.22,79.71475844451861,38.22,0.0,79.71475844451861,38.22,38.22,-41.49475844451861,0.0,0.0,0.0,0.0,156.2367608136533
634.0,84.33627728124918,38.22,84.33627728124918,38.22,0.0,84.33627728124918,38.22,38.22,-46.11627728124918,0.0,0.0,0.0,0.0,195.9577610995862
635.0,90.17370278165609,38.22,90.17370278165609,38.22,0.0,90.17370278165609,38.22,38.22,-51.95370278165609,0.0,0.0,0.0,0.0,241.21662946136934
636.0,95.77368154358288,38.22,95.77368154358288,38.22,0.27999999999999997,95.36003580430288,37.94,38.22,-57.55368154358288,0.0,0.13364573927998918,0.0,0.0,291.6908312548144
637.0,101.93159567699165,38.22,101.93159567699165,38.22,0.9158575872480628,99.539138622927,37.304142412751936,38.22,-63.71159567699165,0.0,1.4765994668165816,0.0,0.0,346.7999308408583
638.0,108.68767998204633,38.22,108.68767998204633,38.22,2.6682886770468923,101.20391019727685,35.5517113229531,38.22,-70.46767998204633,0.0,4.815481107722583,0.0,0.0,405.3355959766423
639.0,107.5495569435743,38.22,107.5495569435743,38.22,9.02,85.39783092139072,29.2,38.22,-69.3295569435743,0.0,13.131726022183585,0.0,0.0,455.5715893025352
640.0,81.3476331558398,38.22,81.3476331558398,38.22,12.128813494466918,51.28728059559969,26.09118650553308,38.22,-43.127633155839796,0.0,17.931539065773183,0.0,0.0,476.7244504014329
641.0,61.159206282363755,38.22,61.159206282363755,38.22,12.66,33.57911243522085,25.56,38.22,-22.939206282363756,0.0,14.920093847142908,0.0,0.0,481.63778786745263
642.0,49.063433960948615,123.12282307896695,49.063433960948615,123.12282307896695,22.352560237165964,26.464518924390465,100.77026284180099,123.12282307896695,74.05938911801834,0.0,0.24635479939218607,0.0,0.0,400.5230512973226
643.0,0.0,117.0097652594146,0.0,117.0097652594146,0.0,0.0,117.0097652594146,117.0097652594146,117.0097652594146,0.0,0.0,0.0,0.0,277.18392906352494
644.0,0.0,111.135037216466,0.0,111.135037216466,0.0,0.0,108.95715320517702,108.95715320517702,111.135037216466,2.177884011288982,0.0,0.0,0.0,162.33300523143333
645.0,0.0,112.5046530126296,0.0,112.5046530126296,0.0,0.0,79.93615044362038,79.93615044362038,112.5046530126296,32.56850256900923,0.0,0.0,0.0,78.07290430219352
646.0,3.758162756557392,38.22,3.758162756557392,38.22,0.0,3.758162756557392,17.33610072420579,17.33610072420579,34.46183724344261,20.88389927579421,0.0,0.0,0.0,63.36435586250006
647.0,20.564956999416545,38.22,20.564956999416545,38.22,0.0,20.564956999416545,24.280524365257264,24.280524365257264,17.655043000583454,13.939475634742735,0.0,0.0,0.0,57.280067167164525
648.0,0.0,38.22,0.0,38.22,0.0,0.0,12.914110987724284,12.914110987724284,38.22,25.305889012275713,0.0,0.0,0.0,43.66739894135935
649.0,6.08489347970983,38.22,6.08489347970983,38.22,0.0,6.08489347970983,15.382330802058537,15.382330802058537,32.135106520290165,22.837669197941462,0.0,0.0,0.0,33.22563540375332
650.0,16.2771518668284,38.22,16.2771518668284,38.22,0.0,16.2771518668284,20.289086382552725,20.289086382552725,21.942848133171598,17.930913617447274,0.0,0.0,0.0,27.280922648720846
651.0,15.031166387873288,38.22,15.031166387873288,38.22,0.0,15.031166387873288,18.46902997634773,18.46902997634773,23.18883361212671,19.75097002365227,0.0,0.0,0.0,22.072672184719654
652.0,21.612466714087123,38.22,21.612466714087123,38.22,0.0,21.612466714087123,22.09163441839335,22.09163441839335,16.607533285912876,16.128365581606648,0.0,0.0,0.0,19.289431053416052
653.0,22.07709445931811,38.22,22.07709445931811,38.22,0.0,22.07709445931811,22.140137055372012,22.140137055372012,16.142905540681888,16.079862944627987,0.0,0.0,0.0,16.895848235365005
654.0,79.37629862786187,38.22,79.37629862786187,38.22,0.0,79.37629862786187,38.22,38.22,-41.15629862786187,0.0,0.0,0.0,0.0,51.911399614142326
655.0,80.39474735374243,38.22,80.39474735374243,38.22,0.0,80.39474735374243,38.22,38.22,-42.17474735374243,0.0,0.0,0.0,0.0,87.89313628908337
656.0,79.51665911303313,38.22,79.51665911303313,38.22,0.0,79.51665911303313,38.22,38.22,-41.29665911303313,0.0,0.0,0.0,0.0,123.04184531584892
657.0,79.43469324971265,38.22,79.43469324971265,38.22,0.0,79.43469324971265,38.22,38.22,-41.21469324971265,0.0,0.0,0.0,0.0,158.11279469707202
658.0,93.10116651246386,38.22,93.10116651246386,38.22,0.0,93.10116651246386,38.22,38.22,-54.88116651246386,0.0,0.0,0.0,0.0,206.14889900592112
659.0,99.37895779296167,38.22,99.37895779296167,38.22,0.0,99.37895779296167,38.22,38.22,-61.158957792961665,0.0,0.0,0.0,0.0,260.14063905122566
660.0,94.85730856645843,38.22,94.85730856645843,38.22,0.5591958780095647,94.0917639375011,37.66080412199044,38.22,-56.63730856645842,0.0,0.20634875094776595,0.0,0.0,309.7059508031954
661.0,103.86468831008168,38.22,103.86468831008168,38.22,1.78,98.8623011573719,36.44,38.22,-65.64468831008168,0.0,3.222387152709773,0.0,0.0,365.08383207252217
662.0,113.46056918897091,38.22,113.46056918897091,38.22,3.8875271730132854,102.86231264717439,34.33247282698672,38.22,-75.24056918897091,0.0,6.710729368783232,0.0,0.0,426.47798613337403
663.0,106.90242100476081,38.22,106.90242100476081,38.22,8.065756013063613,81.43725407806478,30.154243986936386,38.22,-68.68242100476081,0.0,17.399410913632423,0.0,0.0,471.95078487661164
664.0,97.97048721308295,38.22,97.97048721308295,38.22,10.684203513135014,61.13656488431933,27.535796486864985,38.22,-59.75048721308295,0.0,26.149718815628606,0.0,0.0,500.9247448540949
665.0,82.01233495884681,38.22,82.01233495884681,38.22,12.971982344324418,46.21862951604421,25.24801765567558,38.22,-43.79233495884682,0.0,22.821723098478188,0.0,0.0,518.1578393360574
666.0,54.70037901239313,117.60986232693476,54.70037901239313,117.60986232693476,27.533075213908276,26.618330070108307,90.07678711302648,117.60986232693476,62.90948331454164,0.0,0.5489737283765426,0.0,0.0,448.460933966476
667.0,0.0,112.8609585252453,0.0,112.8609585252453,0.0,0.0,112.8609585252453,112.8609585252453,112.8609585252453,0.0,0.0,0.0,0.0,329.49503801661825
668.0,0.0,114.17001767307224,0.0,114.17001767307224,0.0,0.0,113.85822837555706,113.85822837555706,114.17001767307224,0.31178929751516815,0.0,0.0,0.0,209.47792734382705
669.0,1.497883624505685,112.59573146347945,1.497883624505685,112.59573146347945,0.0,1.497883624505685,96.67657198189089,96.67657198189089,111.09784783897376,15.919159481588567,0.0,0.0,0.0,108.99288990748768
670.0,11.660940531212958,38.22,11.660940531212958,38.22,0.0,11.660940531212958,27.717873607068586,27.717873607068586,26.55905946878704,10.502126392931412,0.0,0.0,0.0,90.83822526400846
671.0,17.252196292223076,38.22,17.252196292223076,38.22,0.0,17.252196292223076,27.627393654871856,27.627393654871856,20.96780370777692,10.592606345128143,0.0,0.0,0.0,78.08326581996985
672.0,0.0,38.22,0.0,38.22,0.0,0.0,20.005069336524567,20.005069336524567,38.22,18.214930663475435,0.0,0.0,0.0,56.99607120229949
673.0,7.690958590052162,38.22,7.690958590052162,38.22,0.0,7.690958590052162,19.98581776210387,19.98581776210387,30.529041409947837,18.23418223789613,0.0,0.0,0.0,43.225453486247616
674.0,14.351202332966901,38.22,14.351202332966901,38.22,0.0,14.351202332966901,21.164563173559827,21.164563173559827,23.8687976670331,17.055436826440175,0.0,0.0,0.0,34.53079100948668
675.0,15.176823850285867,38.22,15.176823850285867,38.22,0.0,15.176823850285867,20.460043358780215,20.460043358780215,23.04317614971413,17.759956641219784,0.0,0.0,0.0,27.36201096719187
676.0,12.27147256847731,38.22,12.27147256847731,38.22,0.0,12.27147256847731,16.622506849214282,16.622506849214282,25.948527431522688,21.59749315078572,0.0,0.0,0.0,21.482091346969266
677.0,12.73410486115564,38.22,12.73410486115564,38.22,0.0,12.73410486115564,15.511985223681284,15.511985223681284,25.48589513884436,22.708014776318716,0.0,0.0,0.0,17.211655831801703
678.0,68.65543750748095,38.22,68.65543750748095,38.22,0.0,68.65543750748095,38.22,38.22,-30.435437507480952,0.0,0.0,0.0,0.0,42.05650532495452
679.0,70.59947767855643,38.22,70.59947767855643,38.22,0.0,70.59947767855643,38.22,38.22,-32.37947767855643,0.0,0.0,0.0,0.0,68.7456332591459
680.0,77.5371501971559,38.22,77.5371501971559,38.22,0.0,77.5371501971559,38.22,38.22,-39.31715019715589,0.0,0.0,0.0,0.0,102.01641523907665
681.0,86.45911809998795,38.22,86.45911809998795,38.22,0.0,86.45911809998795,38.22,38.22,-48.23911809998794,0.0,0.0,0.0,0.0,143.75131915416694
682.0,89.50423279933541,38.22,89.50423279933541,38.22,0.0,89.50423279933541,38.22,38.22,-51.284232799335406,0.0,0.0,0.0,0.0,188.37507252517628
683.0,88.75418678441743,38.22,88.75418678441743,38.22,0.0,88.75418678441743,38.22,38.22,-50.53418678441743,0.0,0.0,0.0,0.0,232.28726976906356
684.0,95.39796248922305,38.22,95.39796248922305,38.22,0.0,95.39796248922305,38.22,38.22,-57.17796248922305,0.0,0.0,0.0,0.0,282.50230606009376
685.0,109.32946420502749,38.22,109.32946420502749,38.22,0.6008741144396779,108.72859009058782,37.61912588556032,38.22,-71.10946420502749,0.0,0.0,0.0,0.0,345.9972630386252
686.0,113.49259022443727,38.22,113.49259022443727,38.22,2.3554692936047807,107.38656320443546,35.86453070639522,38.22,-75.27259022443727,0.0,3.750557726397023,0.0,0.0,410.06856723730016
687.0,113.31898750130311,38.22,113.31898750130311,38.22,7.974662937318573,90.67881257324139,30.245337062681426,38.22,-75.09898750130311,0.0,14.665511990743145,0.0,0.0,464.2126576400605
688.0,90.72273113690305,38.22,90.72273113690305,38.22,11.211413283944031,57.39913947372355,27.008586716055966,38.22,-52.50273113690305,0.0,22.112178379235463,0.0,0.0,490.1967124462859
689.0,69.31813470287275,38.22,69.31813470287275,38.22,12.372732244864666,39.05365995963919,25.847267755135334,38.22,-31.098134702872752,0.0,17.891742498368895,0.0,0.0,500.000854911588
690.0,50.153481978400045,115.35264993019803,50.153481978400045,115.35264993019803,22.354302781165476,27.37167061324696,92.99834714903255,115.35264993019803,65.19916795179799,0.0,0.42750858398760555,0.0,0.0,427.93903645479236
691.0,0.0,123.85201888852167,0.0,123.85201888852167,0.0,0.0,123.85201888852167,123.85201888852167,123.85201888852167,0.0,0.0,0.0,0.0,297.387545622151
692.0,0.0,113.49492318635214,0.0,113.49492318635214,0.0,0.0,112.02957764293207,112.02957764293207,113.49492318635214,1.4653455434200744,0.0,0.0,0.0,179.29800206936994
693.0,0.0,119.75498206964376,0.0,119.75498206964376,0.0,0.0,81.42009321407664,81.42009321407664,119.75498206964376,38.334888855567115,0.0,0.0,0.0,93.47368811613607
694.0,3.4544407726709974,38.22,3.4544407726709974,38.22,0.0,3.4544407726709974,18.437970379683435,18.437970379683435,34.765559227329,19.782029620316564,0.0,0.0,0.0,77.31553110443403
695.0,27.33748967334811,38.22,27.33748967334811,38.22,0.0,27.33748967334811,27.825882289302797,27.825882289302797,10.882510326651891,10.394117710697202,0.0,0.0,0.0,73.91909565552204
696.0,0.0,38.22,0.0,38.22,0.0,0.0,14.602379656634334,14.602379656634334,38.22,23.617620343365665,0.0,0.0,0.0,58.52683599769805
697.0,2.3191884286299778,38.22,2.3191884286299778,38.22,0.0,2.3191884286299778,14.492545450287178,14.492545450287178,35.90081157137002,23.72745454971282,0.0,0.0,0.0,45.450527086165316
698.0,9.419398539818774,38.22,9.419398539818774,38.22,0.0,9.419398539818774,17.169424354293017,17.169424354293017,28.800601460181227,21.05057564570698,0.0,0.0,0.0,36.288390800728884
699.0,12.458741048384521,38.22,12.458741048384521,38.22,0.0,12.458741048384521,17.782196152216773,17.782196152216773,25.761258951615478,20.437803847783226,0.0,0.0,0.0,29.363709801105216
700.0,13.676229780438014,38.22,13.676229780438014,38.22,0.0,13.676229780438014,17.326414816436824,17.326414816436824,24.543770219561985,20.893585183563175,0.0,0.0,0.0,24.074475739164946
701.0,23.357534371797872,38.22,23.357534371797872,38.22,0.0,23.357534371797872,22.868023554617288,22.868023554617288,14.862465628202127,15.35197644538271,0.0,0.0,0.0,22.12836514167354
702.0,79.09165404233384,38.22,79.09165404233384,38.22,0.0,79.09165404233384,38.22,38.22,-40.87165404233385,0.0,0.0,0.0,0.0,56.87387895627991
703.0,79.8849067222606,38.22,79.8849067222606,38.22,0.0,79.8849067222606,38.22,38.22,-41.66490672226059,0.0,0.0,0.0,0.0,92.37193833946658
704.0,81.78008581916944,38.22,81.78008581916944,38.22,0.0,81.78008581916944,38.22,38.22,-43.56008581916944,0.0,0.0,0.0,0.0,129.66792247870515
705.0,82.26569653509242,38.22,82.26569653509242,38.22,0.0,82.26569653509242,38.22,38.22,-44.04569653509241,0.0,0.0,0.0,0.0,167.4245973934942
706.0,87.38432368970498,38.22,87.38432368970498,38.22,0.0,87.38432368970498,38.22,38.22,-49.164323689704986,0.0,0.0,0.0,0.0,210.037228398812
707.0,96.68992005366671,38.22,96.68992005366671,38.22,0.0,96.68992005366671,38.22,38.22,-58.46992005366671,0.0,0.0,0.0,0.0,261.47792325301987
708.0,102.59477679753486,38.22,102.59477679753486,38.22,0.5,101.97786693482217,37.72,38.22,-64.37477679753486,0.0,0.11690986271269477,0.0,0.0,318.462251271053
709.0,107.85550174540192,38.22,107.85550174540192,38.22,1.0751096546333874,104.80684163517894,37.14489034536661,38.22,-69.63550174540192,0.0,1.9735504555896055,0.0,0.0,378.7365991422535
710.0,113.34472880689664,38.22,113.34472880689664,38.22,5.91049949855427,99.73474635315698,32.309500501445726,38.22,-75.12472880689664,0.0,7.699482955185397,0.0,0.0,439.29608336049097
711.0,112.66337794534253,38.22,112.66337794534253,38.22,10.490298737275955,77.89273152157743,27.729701262724042,38.22,-74.44337794534253,0.0,24.28034768648914,0.0,0.0,483.96194518579256
712.0,87.92657836836764,38.22,87.92657836836764,38.22,11.82,50.94084974126455,26.4,38.22,-49.70657836836764,0.0,25.165728627103093,0.0,0.0,504.4606351143493
713.0,69.42241729438072,38.22,69.42241729438072,38.22,11.82,38.98875153098554,26.4,38.22,-31.202417294380723,0.0,18.613665763395186,0.0,0.0,513.620569094155
714.0,58.96177002839693,108.8216019442113,58.96177002839693,108.8216019442113,27.62902663901245,29.668435928898138,81.19257530519884,108.8216019442113,49.85983191581437,0.0,1.6643074604863404,0.0,0.0,456.18202971945936
715.0,0.0,115.4474689400375,0.0,115.4474689400375,0.0,0.0,115.4474689400375,115.4474689400375,115.4474689400375,0.0,0.0,0.0,0.0,334.4897124021049
716.0,0.0,107.89598399008659,0.0,107.89598399008659,0.0,0.0,107.24641966106746,107.24641966106746,107.89598399008659,0.6495643290191193,0.0,0.0,0.0,221.44206005969272
717.0,1.5365177231758296,109.22417259636863,1.5365177231758296,109.22417259636863,0.0,1.5365177231758296,88.66020701095238,88.66020701095238,107.6876548731928,20.563965585416256,0.0,0.0,0.0,129.44366476861538
718.0,9.012852691071489,38.22,9.012852691071489,38.22,0.0,9.012852691071489,26.282609959640304,26.282609959640304,29.207147308928512,11.937390040359693,0.0,0.0,0.0,110.28970414232802
719.0,24.72357664856188,38.22,24.72357664856188,38.22,0.0,24.72357664856188,29.301832782282762,29.301832782282762,13.49642335143812,8.918167217717238,0.0,0.0,0.0,102.85770464042295
